composition_id,entry_id,element,atomic_fraction,site_label
comp_entry_Al3Sc_005_A,entry_Al3Sc_005,Al,0.75,A
comp_entry_Al3Sc_005_B,entry_Al3Sc_005,Sc,0.25,B
comp_entry_Al3Ti_006_A,entry_Al3Ti_006,Al,0.75,A
comp_entry_Al3Ti_006_B,entry_Al3Ti_006,Ti,0.25,B
comp_entry_Co3Al_009_B,entry_Co3Al_009,Al,0.25,B
comp_entry_Co3Al_009_A,entry_Co3Al_009,Co,0.75,A
comp_entry_Co3Ga_024_A,entry_Co3Ga_024,Co,0.75,A
comp_entry_Co3Ga_024_B,entry_Co3Ga_024,Ga,0.25,B
comp_entry_Co3Ge_025_A,entry_Co3Ge_025,Co,0.75,A
comp_entry_Co3Ge_025_B,entry_Co3Ge_025,Ge,0.25,B
comp_entry_Co3Hf_029_A,entry_Co3Hf_029,Co,0.75,A
comp_entry_Co3Hf_029_B,entry_Co3Hf_029,Hf,0.25,B
comp_entry_Co3Mn_035_A,entry_Co3Mn_035,Co,0.75,A
comp_entry_Co3Mn_035_B,entry_Co3Mn_035,Mn,0.25,B
comp_entry_Co3Nb_026_A,entry_Co3Nb_026,Co,0.75,A
comp_entry_Co3Nb_026_B,entry_Co3Nb_026,Nb,0.25,B
comp_entry_Co3Sc_027_A,entry_Co3Sc_027,Co,0.75,A
comp_entry_Co3Sc_027_B,entry_Co3Sc_027,Sc,0.25,B
comp_entry_Co3Si_030_A,entry_Co3Si_030,Co,0.75,A
comp_entry_Co3Si_030_B,entry_Co3Si_030,Si,0.25,B
comp_entry_Co3Sn_031_A,entry_Co3Sn_031,Co,0.75,A
comp_entry_Co3Sn_031_B,entry_Co3Sn_031,Sn,0.25,B
comp_entry_Co3Ta_011_A,entry_Co3Ta_011,Co,0.75,A
comp_entry_Co3Ta_011_B,entry_Co3Ta_011,Ta,0.25,B
comp_entry_Co3Ti_004_A,entry_Co3Ti_004,Co,0.75,A
comp_entry_Co3Ti_004_B,entry_Co3Ti_004,Ti,0.25,B
comp_entry_Co3V_033_A,entry_Co3V_033,Co,0.75,A
comp_entry_Co3V_033_B,entry_Co3V_033,V,0.25,B
comp_entry_Co3W_010_A,entry_Co3W_010,Co,0.75,A
comp_entry_Co3W_010_B,entry_Co3W_010,W,0.25,B
comp_entry_Co3Y_028_A,entry_Co3Y_028,Co,0.75,A
comp_entry_Co3Y_028_B,entry_Co3Y_028,Y,0.25,B
comp_entry_Co3Zn_032_A,entry_Co3Zn_032,Co,0.75,A
comp_entry_Co3Zn_032_B,entry_Co3Zn_032,Zn,0.25,B
comp_entry_Co3Zr_034_A,entry_Co3Zr_034,Co,0.75,A
comp_entry_Co3Zr_034_B,entry_Co3Zr_034,Zr,0.25,B
comp_entry_Cu3Al_051_B,entry_Cu3Al_051,Al,0.25,B
comp_entry_Cu3Al_051_A,entry_Cu3Al_051,Cu,0.75,A
comp_entry_Cu3Ga_052_A,entry_Cu3Ga_052,Cu,0.75,A
comp_entry_Cu3Ga_052_B,entry_Cu3Ga_052,Ga,0.25,B
comp_entry_Cu3Ge_053_A,entry_Cu3Ge_053,Cu,0.75,A
comp_entry_Cu3Ge_053_B,entry_Cu3Ge_053,Ge,0.25,B
comp_entry_Cu3Hf_059_A,entry_Cu3Hf_059,Cu,0.75,A
comp_entry_Cu3Hf_059_B,entry_Cu3Hf_059,Hf,0.25,B
comp_entry_Cu3Mn_065_A,entry_Cu3Mn_065,Cu,0.75,A
comp_entry_Cu3Mn_065_B,entry_Cu3Mn_065,Mn,0.25,B
comp_entry_Cu3Nb_055_A,entry_Cu3Nb_055,Cu,0.75,A
comp_entry_Cu3Nb_055_B,entry_Cu3Nb_055,Nb,0.25,B
comp_entry_Cu3Sc_057_A,entry_Cu3Sc_057,Cu,0.75,A
comp_entry_Cu3Sc_057_B,entry_Cu3Sc_057,Sc,0.25,B
comp_entry_Cu3Si_060_A,entry_Cu3Si_060,Cu,0.75,A
comp_entry_Cu3Si_060_B,entry_Cu3Si_060,Si,0.25,B
comp_entry_Cu3Sn_061_A,entry_Cu3Sn_061,Cu,0.75,A
comp_entry_Cu3Sn_061_B,entry_Cu3Sn_061,Sn,0.25,B
comp_entry_Cu3Ta_056_A,entry_Cu3Ta_056,Cu,0.75,A
comp_entry_Cu3Ta_056_B,entry_Cu3Ta_056,Ta,0.25,B
comp_entry_Cu3Ti_054_A,entry_Cu3Ti_054,Cu,0.75,A
comp_entry_Cu3Ti_054_B,entry_Cu3Ti_054,Ti,0.25,B
comp_entry_Cu3V_063_A,entry_Cu3V_063,Cu,0.75,A
comp_entry_Cu3V_063_B,entry_Cu3V_063,V,0.25,B
comp_entry_Cu3Y_058_A,entry_Cu3Y_058,Cu,0.75,A
comp_entry_Cu3Y_058_B,entry_Cu3Y_058,Y,0.25,B
comp_entry_Cu3Zn_062_A,entry_Cu3Zn_062,Cu,0.75,A
comp_entry_Cu3Zn_062_B,entry_Cu3Zn_062,Zn,0.25,B
comp_entry_Cu3Zr_064_A,entry_Cu3Zr_064,Cu,0.75,A
comp_entry_Cu3Zr_064_B,entry_Cu3Zr_064,Zr,0.25,B
comp_entry_Fe3Al_036_B,entry_Fe3Al_036,Al,0.25,B
comp_entry_Fe3Al_036_A,entry_Fe3Al_036,Fe,0.75,A
comp_entry_Fe3Ga_037_A,entry_Fe3Ga_037,Fe,0.75,A
comp_entry_Fe3Ga_037_B,entry_Fe3Ga_037,Ga,0.25,B
comp_entry_Fe3Ge_038_A,entry_Fe3Ge_038,Fe,0.75,A
comp_entry_Fe3Ge_038_B,entry_Fe3Ge_038,Ge,0.25,B
comp_entry_Fe3Hf_044_A,entry_Fe3Hf_044,Fe,0.75,A
comp_entry_Fe3Hf_044_B,entry_Fe3Hf_044,Hf,0.25,B
comp_entry_Fe3Mn_050_A,entry_Fe3Mn_050,Fe,0.75,A
comp_entry_Fe3Mn_050_B,entry_Fe3Mn_050,Mn,0.25,B
comp_entry_Fe3Nb_040_A,entry_Fe3Nb_040,Fe,0.75,A
comp_entry_Fe3Nb_040_B,entry_Fe3Nb_040,Nb,0.25,B
comp_entry_Fe3Sc_042_A,entry_Fe3Sc_042,Fe,0.75,A
comp_entry_Fe3Sc_042_B,entry_Fe3Sc_042,Sc,0.25,B
comp_entry_Fe3Si_045_A,entry_Fe3Si_045,Fe,0.75,A
comp_entry_Fe3Si_045_B,entry_Fe3Si_045,Si,0.25,B
comp_entry_Fe3Sn_046_A,entry_Fe3Sn_046,Fe,0.75,A
comp_entry_Fe3Sn_046_B,entry_Fe3Sn_046,Sn,0.25,B
comp_entry_Fe3Ta_041_A,entry_Fe3Ta_041,Fe,0.75,A
comp_entry_Fe3Ta_041_B,entry_Fe3Ta_041,Ta,0.25,B
comp_entry_Fe3Ti_039_A,entry_Fe3Ti_039,Fe,0.75,A
comp_entry_Fe3Ti_039_B,entry_Fe3Ti_039,Ti,0.25,B
comp_entry_Fe3V_048_A,entry_Fe3V_048,Fe,0.75,A
comp_entry_Fe3V_048_B,entry_Fe3V_048,V,0.25,B
comp_entry_Fe3Y_043_A,entry_Fe3Y_043,Fe,0.75,A
comp_entry_Fe3Y_043_B,entry_Fe3Y_043,Y,0.25,B
comp_entry_Fe3Zn_047_A,entry_Fe3Zn_047,Fe,0.75,A
comp_entry_Fe3Zn_047_B,entry_Fe3Zn_047,Zn,0.25,B
comp_entry_Fe3Zr_049_A,entry_Fe3Zr_049,Fe,0.75,A
comp_entry_Fe3Zr_049_B,entry_Fe3Zr_049,Zr,0.25,B
comp_entry_Ir3Al_095_B,entry_Ir3Al_095,Al,0.25,B
comp_entry_Ir3Al_095_A,entry_Ir3Al_095,Ir,0.75,A
comp_entry_Ir3Ga_096_B,entry_Ir3Ga_096,Ga,0.25,B
comp_entry_Ir3Ga_096_A,entry_Ir3Ga_096,Ir,0.75,A
comp_entry_Ir3Ge_097_B,entry_Ir3Ge_097,Ge,0.25,B
comp_entry_Ir3Ge_097_A,entry_Ir3Ge_097,Ir,0.75,A
comp_entry_Ir3Hf_102_B,entry_Ir3Hf_102,Hf,0.25,B
comp_entry_Ir3Hf_102_A,entry_Ir3Hf_102,Ir,0.75,A
comp_entry_Ir3Mn_108_A,entry_Ir3Mn_108,Ir,0.75,A
comp_entry_Ir3Mn_108_B,entry_Ir3Mn_108,Mn,0.25,B
comp_entry_Ir3Nb_008_A,entry_Ir3Nb_008,Ir,0.75,A
comp_entry_Ir3Nb_008_B,entry_Ir3Nb_008,Nb,0.25,B
comp_entry_Ir3Sc_100_A,entry_Ir3Sc_100,Ir,0.75,A
comp_entry_Ir3Sc_100_B,entry_Ir3Sc_100,Sc,0.25,B
comp_entry_Ir3Si_103_A,entry_Ir3Si_103,Ir,0.75,A
comp_entry_Ir3Si_103_B,entry_Ir3Si_103,Si,0.25,B
comp_entry_Ir3Sn_104_A,entry_Ir3Sn_104,Ir,0.75,A
comp_entry_Ir3Sn_104_B,entry_Ir3Sn_104,Sn,0.25,B
comp_entry_Ir3Ta_099_A,entry_Ir3Ta_099,Ir,0.75,A
comp_entry_Ir3Ta_099_B,entry_Ir3Ta_099,Ta,0.25,B
comp_entry_Ir3Ti_098_A,entry_Ir3Ti_098,Ir,0.75,A
comp_entry_Ir3Ti_098_B,entry_Ir3Ti_098,Ti,0.25,B
comp_entry_Ir3V_106_A,entry_Ir3V_106,Ir,0.75,A
comp_entry_Ir3V_106_B,entry_Ir3V_106,V,0.25,B
comp_entry_Ir3Y_101_A,entry_Ir3Y_101,Ir,0.75,A
comp_entry_Ir3Y_101_B,entry_Ir3Y_101,Y,0.25,B
comp_entry_Ir3Zn_105_A,entry_Ir3Zn_105,Ir,0.75,A
comp_entry_Ir3Zn_105_B,entry_Ir3Zn_105,Zn,0.25,B
comp_entry_Ir3Zr_107_A,entry_Ir3Zr_107,Ir,0.75,A
comp_entry_Ir3Zr_107_B,entry_Ir3Zr_107,Zr,0.25,B
comp_entry_Ni3Al_001_B,entry_Ni3Al_001,Al,0.25,B
comp_entry_Ni3Al_001_A,entry_Ni3Al_001,Ni,0.75,A
comp_entry_Ni3Ga_002_B,entry_Ni3Ga_002,Ga,0.25,B
comp_entry_Ni3Ga_002_A,entry_Ni3Ga_002,Ni,0.75,A
comp_entry_Ni3Ge_003_B,entry_Ni3Ge_003,Ge,0.25,B
comp_entry_Ni3Ge_003_A,entry_Ni3Ge_003,Ni,0.75,A
comp_entry_Ni3Hf_017_B,entry_Ni3Hf_017,Hf,0.25,B
comp_entry_Ni3Hf_017_A,entry_Ni3Hf_017,Ni,0.75,A
comp_entry_Ni3Mn_023_B,entry_Ni3Mn_023,Mn,0.25,B
comp_entry_Ni3Mn_023_A,entry_Ni3Mn_023,Ni,0.75,A
comp_entry_Ni3Nb_013_B,entry_Ni3Nb_013,Nb,0.25,B
comp_entry_Ni3Nb_013_A,entry_Ni3Nb_013,Ni,0.75,A
comp_entry_Ni3Sc_015_A,entry_Ni3Sc_015,Ni,0.75,A
comp_entry_Ni3Sc_015_B,entry_Ni3Sc_015,Sc,0.25,B
comp_entry_Ni3Si_018_A,entry_Ni3Si_018,Ni,0.75,A
comp_entry_Ni3Si_018_B,entry_Ni3Si_018,Si,0.25,B
comp_entry_Ni3Sn_019_A,entry_Ni3Sn_019,Ni,0.75,A
comp_entry_Ni3Sn_019_B,entry_Ni3Sn_019,Sn,0.25,B
comp_entry_Ni3Ta_014_A,entry_Ni3Ta_014,Ni,0.75,A
comp_entry_Ni3Ta_014_B,entry_Ni3Ta_014,Ta,0.25,B
comp_entry_Ni3Ti_012_A,entry_Ni3Ti_012,Ni,0.75,A
comp_entry_Ni3Ti_012_B,entry_Ni3Ti_012,Ti,0.25,B
comp_entry_Ni3V_021_A,entry_Ni3V_021,Ni,0.75,A
comp_entry_Ni3V_021_B,entry_Ni3V_021,V,0.25,B
comp_entry_Ni3Y_016_A,entry_Ni3Y_016,Ni,0.75,A
comp_entry_Ni3Y_016_B,entry_Ni3Y_016,Y,0.25,B
comp_entry_Ni3Zn_020_A,entry_Ni3Zn_020,Ni,0.75,A
comp_entry_Ni3Zn_020_B,entry_Ni3Zn_020,Zn,0.25,B
comp_entry_Ni3Zr_022_A,entry_Ni3Zr_022,Ni,0.75,A
comp_entry_Ni3Zr_022_B,entry_Ni3Zr_022,Zr,0.25,B
comp_entry_Pd3Al_066_B,entry_Pd3Al_066,Al,0.25,B
comp_entry_Pd3Al_066_A,entry_Pd3Al_066,Pd,0.75,A
comp_entry_Pd3Ga_067_B,entry_Pd3Ga_067,Ga,0.25,B
comp_entry_Pd3Ga_067_A,entry_Pd3Ga_067,Pd,0.75,A
comp_entry_Pd3Ge_068_B,entry_Pd3Ge_068,Ge,0.25,B
comp_entry_Pd3Ge_068_A,entry_Pd3Ge_068,Pd,0.75,A
comp_entry_Pd3Hf_074_B,entry_Pd3Hf_074,Hf,0.25,B
comp_entry_Pd3Hf_074_A,entry_Pd3Hf_074,Pd,0.75,A
comp_entry_Pd3Mn_080_B,entry_Pd3Mn_080,Mn,0.25,B
comp_entry_Pd3Mn_080_A,entry_Pd3Mn_080,Pd,0.75,A
comp_entry_Pd3Nb_070_B,entry_Pd3Nb_070,Nb,0.25,B
comp_entry_Pd3Nb_070_A,entry_Pd3Nb_070,Pd,0.75,A
comp_entry_Pd3Sc_072_A,entry_Pd3Sc_072,Pd,0.75,A
comp_entry_Pd3Sc_072_B,entry_Pd3Sc_072,Sc,0.25,B
comp_entry_Pd3Si_075_A,entry_Pd3Si_075,Pd,0.75,A
comp_entry_Pd3Si_075_B,entry_Pd3Si_075,Si,0.25,B
comp_entry_Pd3Sn_076_A,entry_Pd3Sn_076,Pd,0.75,A
comp_entry_Pd3Sn_076_B,entry_Pd3Sn_076,Sn,0.25,B
comp_entry_Pd3Ta_071_A,entry_Pd3Ta_071,Pd,0.75,A
comp_entry_Pd3Ta_071_B,entry_Pd3Ta_071,Ta,0.25,B
comp_entry_Pd3Ti_069_A,entry_Pd3Ti_069,Pd,0.75,A
comp_entry_Pd3Ti_069_B,entry_Pd3Ti_069,Ti,0.25,B
comp_entry_Pd3V_078_A,entry_Pd3V_078,Pd,0.75,A
comp_entry_Pd3V_078_B,entry_Pd3V_078,V,0.25,B
comp_entry_Pd3Y_073_A,entry_Pd3Y_073,Pd,0.75,A
comp_entry_Pd3Y_073_B,entry_Pd3Y_073,Y,0.25,B
comp_entry_Pd3Zn_077_A,entry_Pd3Zn_077,Pd,0.75,A
comp_entry_Pd3Zn_077_B,entry_Pd3Zn_077,Zn,0.25,B
comp_entry_Pd3Zr_079_A,entry_Pd3Zr_079,Pd,0.75,A
comp_entry_Pd3Zr_079_B,entry_Pd3Zr_079,Zr,0.25,B
comp_entry_Pt3Al_007_B,entry_Pt3Al_007,Al,0.25,B
comp_entry_Pt3Al_007_A,entry_Pt3Al_007,Pt,0.75,A
comp_entry_Pt3Ga_081_B,entry_Pt3Ga_081,Ga,0.25,B
comp_entry_Pt3Ga_081_A,entry_Pt3Ga_081,Pt,0.75,A
comp_entry_Pt3Ge_082_B,entry_Pt3Ge_082,Ge,0.25,B
comp_entry_Pt3Ge_082_A,entry_Pt3Ge_082,Pt,0.75,A
comp_entry_Pt3Hf_088_B,entry_Pt3Hf_088,Hf,0.25,B
comp_entry_Pt3Hf_088_A,entry_Pt3Hf_088,Pt,0.75,A
comp_entry_Pt3Mn_094_B,entry_Pt3Mn_094,Mn,0.25,B
comp_entry_Pt3Mn_094_A,entry_Pt3Mn_094,Pt,0.75,A
comp_entry_Pt3Nb_084_B,entry_Pt3Nb_084,Nb,0.25,B
comp_entry_Pt3Nb_084_A,entry_Pt3Nb_084,Pt,0.75,A
comp_entry_Pt3Sc_086_A,entry_Pt3Sc_086,Pt,0.75,A
comp_entry_Pt3Sc_086_B,entry_Pt3Sc_086,Sc,0.25,B
comp_entry_Pt3Si_089_A,entry_Pt3Si_089,Pt,0.75,A
comp_entry_Pt3Si_089_B,entry_Pt3Si_089,Si,0.25,B
comp_entry_Pt3Sn_090_A,entry_Pt3Sn_090,Pt,0.75,A
comp_entry_Pt3Sn_090_B,entry_Pt3Sn_090,Sn,0.25,B
comp_entry_Pt3Ta_085_A,entry_Pt3Ta_085,Pt,0.75,A
comp_entry_Pt3Ta_085_B,entry_Pt3Ta_085,Ta,0.25,B
comp_entry_Pt3Ti_083_A,entry_Pt3Ti_083,Pt,0.75,A
comp_entry_Pt3Ti_083_B,entry_Pt3Ti_083,Ti,0.25,B
comp_entry_Pt3V_092_A,entry_Pt3V_092,Pt,0.75,A
comp_entry_Pt3V_092_B,entry_Pt3V_092,V,0.25,B
comp_entry_Pt3Y_087_A,entry_Pt3Y_087,Pt,0.75,A
comp_entry_Pt3Y_087_B,entry_Pt3Y_087,Y,0.25,B
comp_entry_Pt3Zn_091_A,entry_Pt3Zn_091,Pt,0.75,A
comp_entry_Pt3Zn_091_B,entry_Pt3Zn_091,Zn,0.25,B
comp_entry_Pt3Zr_093_A,entry_Pt3Zr_093,Pt,0.75,A
comp_entry_Pt3Zr_093_B,entry_Pt3Zr_093,Zr,0.25,B
comp_entry_Rh3Al_109_B,entry_Rh3Al_109,Al,0.25,B
comp_entry_Rh3Al_109_A,entry_Rh3Al_109,Rh,0.75,A
comp_entry_Rh3Ga_110_B,entry_Rh3Ga_110,Ga,0.25,B
comp_entry_Rh3Ga_110_A,entry_Rh3Ga_110,Rh,0.75,A
comp_entry_Rh3Ge_111_B,entry_Rh3Ge_111,Ge,0.25,B
comp_entry_Rh3Ge_111_A,entry_Rh3Ge_111,Rh,0.75,A
comp_entry_Rh3Hf_117_B,entry_Rh3Hf_117,Hf,0.25,B
comp_entry_Rh3Hf_117_A,entry_Rh3Hf_117,Rh,0.75,A
comp_entry_Rh3Nb_113_B,entry_Rh3Nb_113,Nb,0.25,B
comp_entry_Rh3Nb_113_A,entry_Rh3Nb_113,Rh,0.75,A
comp_entry_Rh3Sc_115_A,entry_Rh3Sc_115,Rh,0.75,A
comp_entry_Rh3Sc_115_B,entry_Rh3Sc_115,Sc,0.25,B
comp_entry_Rh3Si_118_A,entry_Rh3Si_118,Rh,0.75,A
comp_entry_Rh3Si_118_B,entry_Rh3Si_118,Si,0.25,B
comp_entry_Rh3Sn_119_A,entry_Rh3Sn_119,Rh,0.75,A
comp_entry_Rh3Sn_119_B,entry_Rh3Sn_119,Sn,0.25,B
comp_entry_Rh3Ta_114_A,entry_Rh3Ta_114,Rh,0.75,A
comp_entry_Rh3Ta_114_B,entry_Rh3Ta_114,Ta,0.25,B
comp_entry_Rh3Ti_112_A,entry_Rh3Ti_112,Rh,0.75,A
comp_entry_Rh3Ti_112_B,entry_Rh3Ti_112,Ti,0.25,B
comp_entry_Rh3Y_116_A,entry_Rh3Y_116,Rh,0.75,A
comp_entry_Rh3Y_116_B,entry_Rh3Y_116,Y,0.25,B
comp_entry_Rh3Zn_120_A,entry_Rh3Zn_120,Rh,0.75,A
comp_entry_Rh3Zn_120_B,entry_Rh3Zn_120,Zn,0.25,B
comp_oqmd_100270_N,oqmd_100270,N,0.5,A
comp_oqmd_100270_Sc,oqmd_100270,Sc,0.5,A
comp_oqmd_100272_P,oqmd_100272,P,0.5,A
comp_oqmd_100272_Sc,oqmd_100272,Sc,0.5,A
comp_oqmd_100274_As,oqmd_100274,As,0.5,A
comp_oqmd_100274_Sc,oqmd_100274,Sc,0.5,A
comp_oqmd_100276_Sb,oqmd_100276,Sb,0.5,A
comp_oqmd_100276_Sc,oqmd_100276,Sc,0.5,A
comp_oqmd_100359_Ni,oqmd_100359,Ni,0.5,A
comp_oqmd_100359_Ti,oqmd_100359,Ti,0.5,A
comp_oqmd_10066_Ge,oqmd_10066,Ge,0.5,A
comp_oqmd_10066_Te,oqmd_10066,Te,0.5,B
comp_oqmd_10071_Ge,oqmd_10071,Ge,0.75,A
comp_oqmd_10071_U,oqmd_10071,U,0.25,B
comp_oqmd_10077_H,oqmd_10077,H,0.5,B
comp_oqmd_10077_Ni,oqmd_10077,Ni,0.5,A
comp_oqmd_10081_H,oqmd_10081,H,0.5,B
comp_oqmd_10081_Rb,oqmd_10081,Rb,0.5,A
comp_oqmd_10083_Fe,oqmd_10083,Fe,0.5,A
comp_oqmd_10083_Te,oqmd_10083,Te,0.5,B
comp_oqmd_10087_H,oqmd_10087,H,0.5,A
comp_oqmd_10087_Rh,oqmd_10087,Rh,0.5,B
comp_oqmd_10102_Hg,oqmd_10102,Hg,0.5,A
comp_oqmd_10102_S,oqmd_10102,S,0.5,B
comp_oqmd_10103_Hg,oqmd_10103,Hg,0.5,A
comp_oqmd_10103_Se,oqmd_10103,Se,0.5,B
comp_oqmd_10118_In,oqmd_10118,In,0.25,B
comp_oqmd_10118_Pt,oqmd_10118,Pt,0.75,A
comp_oqmd_10120_Au,oqmd_10120,Au,0.5,B
comp_oqmd_10120_Sn,oqmd_10120,Sn,0.5,A
comp_oqmd_10122_Fe,oqmd_10122,Fe,0.25,B
comp_oqmd_10122_Ir,oqmd_10122,Ir,0.75,A
comp_oqmd_10123_Au,oqmd_10123,Au,0.75,A
comp_oqmd_10123_Cu,oqmd_10123,Cu,0.25,B
comp_oqmd_10127_Co,oqmd_10127,Co,0.5,A
comp_oqmd_10127_Fe,oqmd_10127,Fe,0.5,A
comp_oqmd_10128_Cu,oqmd_10128,Cu,0.5,A
comp_oqmd_10128_Zn,oqmd_10128,Zn,0.5,A
comp_oqmd_10182_Ag,oqmd_10182,Ag,0.5,A
comp_oqmd_10182_Cl,oqmd_10182,Cl,0.5,B
comp_oqmd_10263_Al,oqmd_10263,Al,0.5,A
comp_oqmd_10263_As,oqmd_10263,As,0.5,B
comp_oqmd_10280_C,oqmd_10280,C,0.5,B
comp_oqmd_10280_Cr,oqmd_10280,Cr,0.5,A
comp_oqmd_10307_Ge,oqmd_10307,Ge,0.75,A
comp_oqmd_10307_Np,oqmd_10307,Np,0.25,B
comp_oqmd_10315_N,oqmd_10315,N,0.5,B
comp_oqmd_10315_Tm,oqmd_10315,Tm,0.5,A
comp_oqmd_10320_P,oqmd_10320,P,0.5,B
comp_oqmd_10320_Yb,oqmd_10320,Yb,0.5,A
comp_oqmd_10323_Sb,oqmd_10323,Sb,0.5,A
comp_oqmd_10323_U,oqmd_10323,U,0.5,A
comp_oqmd_10359_Ag,oqmd_10359,Ag,0.5,A
comp_oqmd_10359_Cd,oqmd_10359,Cd,0.5,A
comp_oqmd_10361_Ag,oqmd_10361,Ag,0.5,A
comp_oqmd_10361_Ce,oqmd_10361,Ce,0.5,A
comp_oqmd_10365_Ag,oqmd_10365,Ag,0.5,A
comp_oqmd_10365_Dy,oqmd_10365,Dy,0.5,A
comp_oqmd_10375_Np,oqmd_10375,Np,0.5,A
comp_oqmd_10375_Te,oqmd_10375,Te,0.5,A
comp_oqmd_10381_Al,oqmd_10381,Al,0.5,A
comp_oqmd_10381_Au,oqmd_10381,Au,0.5,A
comp_oqmd_10401_Al,oqmd_10401,Al,0.5,A
comp_oqmd_10401_Ce,oqmd_10401,Ce,0.5,A
comp_oqmd_104098_Mg,oqmd_104098,Mg,0.5,A
comp_oqmd_104098_Sc,oqmd_104098,Sc,0.5,A
comp_oqmd_104099_Mg,oqmd_104099,Mg,0.5,A
comp_oqmd_104099_Y,oqmd_104099,Y,0.5,A
comp_oqmd_104100_La,oqmd_104100,La,0.5,A
comp_oqmd_104100_Mg,oqmd_104100,Mg,0.5,A
comp_oqmd_104101_Mg,oqmd_104101,Mg,0.5,A
comp_oqmd_104101_Pr,oqmd_104101,Pr,0.5,A
comp_oqmd_104105_Dy,oqmd_104105,Dy,0.5,A
comp_oqmd_104105_Mg,oqmd_104105,Mg,0.5,A
comp_oqmd_104106_Ho,oqmd_104106,Ho,0.5,A
comp_oqmd_104106_Mg,oqmd_104106,Mg,0.5,A
comp_oqmd_104107_Mg,oqmd_104107,Mg,0.5,A
comp_oqmd_104107_Tm,oqmd_104107,Tm,0.5,A
comp_oqmd_104109_Lu,oqmd_104109,Lu,0.5,A
comp_oqmd_104109_Mg,oqmd_104109,Mg,0.5,A
comp_oqmd_10411_Al,oqmd_10411,Al,0.5,A
comp_oqmd_10411_Co,oqmd_10411,Co,0.5,A
comp_oqmd_10445_Al,oqmd_10445,Al,0.5,A
comp_oqmd_10445_Dy,oqmd_10445,Dy,0.5,A
comp_oqmd_10447_Al,oqmd_10447,Al,0.75,A
comp_oqmd_10447_Dy,oqmd_10447,Dy,0.25,B
comp_oqmd_10454_Al,oqmd_10454,Al,0.75,A
comp_oqmd_10454_Er,oqmd_10454,Er,0.25,B
comp_oqmd_10477_Al,oqmd_10477,Al,0.75,A
comp_oqmd_10477_Ho,oqmd_10477,Ho,0.25,B
comp_oqmd_10480_Al,oqmd_10480,Al,0.5,A
comp_oqmd_10480_Ir,oqmd_10480,Ir,0.5,A
comp_oqmd_10489_Al,oqmd_10489,Al,0.75,A
comp_oqmd_10489_Li,oqmd_10489,Li,0.25,B
comp_oqmd_10494_Al,oqmd_10494,Al,0.75,A
comp_oqmd_10494_Lu,oqmd_10494,Lu,0.25,B
comp_oqmd_10516_Al,oqmd_10516,Al,0.5,A
comp_oqmd_10516_Ni,oqmd_10516,Ni,0.5,A
comp_oqmd_10537_Al,oqmd_10537,Al,0.75,A
comp_oqmd_10537_Np,oqmd_10537,Np,0.25,B
comp_oqmd_10539_Al,oqmd_10539,Al,0.5,A
comp_oqmd_10539_Sc,oqmd_10539,Sc,0.5,A
comp_oqmd_10542_Al,oqmd_10542,Al,0.5,A
comp_oqmd_10542_Sm,oqmd_10542,Sm,0.5,A
comp_oqmd_10543_Al,oqmd_10543,Al,0.25,B
comp_oqmd_10543_Sm,oqmd_10543,Sm,0.75,A
comp_oqmd_10544_Al,oqmd_10544,Al,0.5,A
comp_oqmd_10544_Os,oqmd_10544,Os,0.5,A
comp_oqmd_10550_Al,oqmd_10550,Al,0.5,A
comp_oqmd_10550_Pd,oqmd_10550,Pd,0.5,A
comp_oqmd_10558_Al,oqmd_10558,Al,0.5,A
comp_oqmd_10558_Pr,oqmd_10558,Pr,0.5,A
comp_oqmd_10559_Al,oqmd_10559,Al,0.25,B
comp_oqmd_10559_Pr,oqmd_10559,Pr,0.75,A
comp_oqmd_10560_Al,oqmd_10560,Al,0.75,A
comp_oqmd_10560_Pr,oqmd_10560,Pr,0.25,B
comp_oqmd_10561_Al,oqmd_10561,Al,0.5,A
comp_oqmd_10561_Pt,oqmd_10561,Pt,0.5,A
comp_oqmd_10570_Al,oqmd_10570,Al,0.75,A
comp_oqmd_10570_Pu,oqmd_10570,Pu,0.25,B
comp_oqmd_10573_Al,oqmd_10573,Al,0.5,A
comp_oqmd_10573_Re,oqmd_10573,Re,0.5,A
comp_oqmd_10576_Al,oqmd_10576,Al,0.5,A
comp_oqmd_10576_Rh,oqmd_10576,Rh,0.5,A
comp_oqmd_105788_Mg,oqmd_105788,Mg,0.5,A
comp_oqmd_105788_Y,oqmd_105788,Y,0.5,A
comp_oqmd_10587_Al,oqmd_10587,Al,0.25,B
comp_oqmd_10587_Tb,oqmd_10587,Tb,0.75,A
comp_oqmd_10601_Al,oqmd_10601,Al,0.75,A
comp_oqmd_10601_Tm,oqmd_10601,Tm,0.25,B
comp_oqmd_10602_Al,oqmd_10602,Al,0.75,A
comp_oqmd_10602_U,oqmd_10602,U,0.25,B
comp_oqmd_10609_Al,oqmd_10609,Al,0.5,A
comp_oqmd_10609_Y,oqmd_10609,Y,0.5,A
comp_oqmd_10611_Al,oqmd_10611,Al,0.25,B
comp_oqmd_10611_Y,oqmd_10611,Y,0.75,A
comp_oqmd_10614_Al,oqmd_10614,Al,0.75,A
comp_oqmd_10614_Y,oqmd_10614,Y,0.25,B
comp_oqmd_10618_Al,oqmd_10618,Al,0.75,A
comp_oqmd_10618_Yb,oqmd_10618,Yb,0.25,B
comp_oqmd_10623_Ag,oqmd_10623,Ag,0.5,A
comp_oqmd_10623_Er,oqmd_10623,Er,0.5,A
comp_oqmd_10632_Ag,oqmd_10632,Ag,0.5,A
comp_oqmd_10632_Gd,oqmd_10632,Gd,0.5,A
comp_oqmd_10638_Ag,oqmd_10638,Ag,0.75,A
comp_oqmd_10638_In,oqmd_10638,In,0.25,B
comp_oqmd_10639_Ag,oqmd_10639,Ag,0.5,A
comp_oqmd_10639_La,oqmd_10639,La,0.5,A
comp_oqmd_10649_Ag,oqmd_10649,Ag,0.5,A
comp_oqmd_10649_Li,oqmd_10649,Li,0.5,A
comp_oqmd_10655_Ag,oqmd_10655,Ag,0.75,A
comp_oqmd_10655_Mg,oqmd_10655,Mg,0.25,B
comp_oqmd_10660_Ag,oqmd_10660,Ag,0.5,A
comp_oqmd_10660_Nd,oqmd_10660,Nd,0.5,A
comp_oqmd_10662_Ag,oqmd_10662,Ag,0.5,A
comp_oqmd_10662_Pr,oqmd_10662,Pr,0.5,A
comp_oqmd_10664_Ag,oqmd_10664,Ag,0.25,B
comp_oqmd_10664_Pt,oqmd_10664,Pt,0.75,A
comp_oqmd_10665_Ag,oqmd_10665,Ag,0.5,A
comp_oqmd_10665_Sc,oqmd_10665,Sc,0.5,A
comp_oqmd_10667_Ag,oqmd_10667,Ag,0.5,A
comp_oqmd_10667_Sm,oqmd_10667,Sm,0.5,A
comp_oqmd_10672_Ag,oqmd_10672,Ag,0.5,A
comp_oqmd_10672_Tb,oqmd_10672,Tb,0.5,A
comp_oqmd_10678_Ag,oqmd_10678,Ag,0.5,A
comp_oqmd_10678_Tm,oqmd_10678,Tm,0.5,A
comp_oqmd_10680_Ag,oqmd_10680,Ag,0.75,A
comp_oqmd_10680_Tm,oqmd_10680,Tm,0.25,B
comp_oqmd_10681_Ag,oqmd_10681,Ag,0.5,A
comp_oqmd_10681_Y,oqmd_10681,Y,0.5,A
comp_oqmd_10683_Ag,oqmd_10683,Ag,0.5,A
comp_oqmd_10683_Yb,oqmd_10683,Yb,0.5,A
comp_oqmd_10705_Au,oqmd_10705,Au,0.5,A
comp_oqmd_10705_Cd,oqmd_10705,Cd,0.5,A
comp_oqmd_10711_Au,oqmd_10711,Au,0.5,A
comp_oqmd_10711_Cs,oqmd_10711,Cs,0.5,A
comp_oqmd_10712_Au,oqmd_10712,Au,0.5,A
comp_oqmd_10712_Rb,oqmd_10712,Rb,0.5,A
comp_oqmd_10715_Au,oqmd_10715,Au,0.5,A
comp_oqmd_10715_Dy,oqmd_10715,Dy,0.5,A
comp_oqmd_10720_Au,oqmd_10720,Au,0.5,A
comp_oqmd_10720_Er,oqmd_10720,Er,0.5,A
comp_oqmd_10729_Au,oqmd_10729,Au,0.5,A
comp_oqmd_10729_Gd,oqmd_10729,Gd,0.5,A
comp_oqmd_10736_Au,oqmd_10736,Au,0.5,A
comp_oqmd_10736_Ho,oqmd_10736,Ho,0.5,A
comp_oqmd_10769_Au,oqmd_10769,Au,0.75,A
comp_oqmd_10769_Li,oqmd_10769,Li,0.25,B
comp_oqmd_107704_Ni,oqmd_107704,Ni,0.5,A
comp_oqmd_107704_Ti,oqmd_107704,Ti,0.5,A
comp_oqmd_10775_Au,oqmd_10775,Au,0.5,A
comp_oqmd_10775_Lu,oqmd_10775,Lu,0.5,A
comp_oqmd_10777_Au,oqmd_10777,Au,0.5,A
comp_oqmd_10777_Mg,oqmd_10777,Mg,0.5,A
comp_oqmd_10789_Au,oqmd_10789,Au,0.5,A
comp_oqmd_10789_Nd,oqmd_10789,Nd,0.5,A
comp_oqmd_10793_Au,oqmd_10793,Au,0.5,A
comp_oqmd_10793_Pr,oqmd_10793,Pr,0.5,A
comp_oqmd_10797_Au,oqmd_10797,Au,0.5,A
comp_oqmd_10797_Sc,oqmd_10797,Sc,0.5,A
comp_oqmd_10799_Au,oqmd_10799,Au,0.5,A
comp_oqmd_10799_Sm,oqmd_10799,Sm,0.5,A
comp_oqmd_10810_Au,oqmd_10810,Au,0.5,A
comp_oqmd_10810_Tb,oqmd_10810,Tb,0.5,A
comp_oqmd_10813_Au,oqmd_10813,Au,0.5,A
comp_oqmd_10813_Ti,oqmd_10813,Ti,0.5,A
comp_oqmd_10814_Au,oqmd_10814,Au,0.25,B
comp_oqmd_10814_Ti,oqmd_10814,Ti,0.75,A
comp_oqmd_10817_Au,oqmd_10817,Au,0.5,A
comp_oqmd_10817_Tm,oqmd_10817,Tm,0.5,A
comp_oqmd_10819_Au,oqmd_10819,Au,0.25,B
comp_oqmd_10819_V,oqmd_10819,V,0.75,A
comp_oqmd_10822_Au,oqmd_10822,Au,0.5,A
comp_oqmd_10822_Y,oqmd_10822,Y,0.5,A
comp_oqmd_10823_Au,oqmd_10823,Au,0.5,A
comp_oqmd_10823_Yb,oqmd_10823,Yb,0.5,A
comp_oqmd_10840_Ba,oqmd_10840,Ba,0.5,A
comp_oqmd_10840_Cd,oqmd_10840,Cd,0.5,A
comp_oqmd_10846_Ba,oqmd_10846,Ba,0.5,A
comp_oqmd_10846_Hg,oqmd_10846,Hg,0.5,A
comp_oqmd_10867_Ba,oqmd_10867,Ba,0.5,A
comp_oqmd_10867_Zn,oqmd_10867,Zn,0.5,A
comp_oqmd_10876_Be,oqmd_10876,Be,0.5,A
comp_oqmd_10876_Co,oqmd_10876,Co,0.5,A
comp_oqmd_10879_Be,oqmd_10879,Be,0.5,A
comp_oqmd_10879_Cu,oqmd_10879,Cu,0.5,A
comp_oqmd_10894_Be,oqmd_10894,Be,0.5,A
comp_oqmd_10894_Ni,oqmd_10894,Ni,0.5,A
comp_oqmd_10896_Be,oqmd_10896,Be,0.5,A
comp_oqmd_10896_Pd,oqmd_10896,Pd,0.5,A
comp_oqmd_10900_Be,oqmd_10900,Be,0.5,A
comp_oqmd_10900_Rh,oqmd_10900,Rh,0.5,A
comp_oqmd_10906_Be,oqmd_10906,Be,0.5,A
comp_oqmd_10906_Ti,oqmd_10906,Ti,0.5,A
comp_oqmd_109112_Cu,oqmd_109112,Cu,0.5,A
comp_oqmd_109112_Zr,oqmd_109112,Zr,0.5,A
comp_oqmd_109147_Pd,oqmd_109147,Pd,0.5,A
comp_oqmd_109147_Ti,oqmd_109147,Ti,0.5,A
comp_oqmd_10917_Bi,oqmd_10917,Bi,0.5,B
comp_oqmd_10917_Ce,oqmd_10917,Ce,0.5,A
comp_oqmd_10925_Bi,oqmd_10925,Bi,0.5,B
comp_oqmd_10925_Dy,oqmd_10925,Dy,0.5,A
comp_oqmd_10928_Bi,oqmd_10928,Bi,0.5,B
comp_oqmd_10928_Er,oqmd_10928,Er,0.5,A
comp_oqmd_10930_Bi,oqmd_10930,Bi,0.5,B
comp_oqmd_10930_Gd,oqmd_10930,Gd,0.5,A
comp_oqmd_10936_Bi,oqmd_10936,Bi,0.5,B
comp_oqmd_10936_La,oqmd_10936,La,0.5,A
comp_oqmd_10940_Bi,oqmd_10940,Bi,0.5,B
comp_oqmd_10940_Lu,oqmd_10940,Lu,0.5,A
comp_oqmd_10946_Bi,oqmd_10946,Bi,0.5,B
comp_oqmd_10946_Ni,oqmd_10946,Ni,0.5,A
comp_oqmd_10957_Bi,oqmd_10957,Bi,0.5,B
comp_oqmd_10957_Pr,oqmd_10957,Pr,0.5,A
comp_oqmd_10958_Bi,oqmd_10958,Bi,0.5,A
comp_oqmd_10958_Pt,oqmd_10958,Pt,0.5,B
comp_oqmd_10963_Bi,oqmd_10963,Bi,0.5,B
comp_oqmd_10963_Sc,oqmd_10963,Sc,0.5,A
comp_oqmd_10964_Bi,oqmd_10964,Bi,0.75,A
comp_oqmd_10964_Sr,oqmd_10964,Sr,0.25,B
comp_oqmd_10965_Bi,oqmd_10965,Bi,0.5,A
comp_oqmd_10965_Th,oqmd_10965,Th,0.5,A
comp_oqmd_10969_Bi,oqmd_10969,Bi,0.5,B
comp_oqmd_10969_Tm,oqmd_10969,Tm,0.5,A
comp_oqmd_10971_Bi,oqmd_10971,Bi,0.5,B
comp_oqmd_10971_Y,oqmd_10971,Y,0.5,A
comp_oqmd_10972_Ca,oqmd_10972,Ca,0.5,A
comp_oqmd_10972_Cd,oqmd_10972,Cd,0.5,A
comp_oqmd_109771_Mo,oqmd_109771,Mo,0.5,A
comp_oqmd_109771_N,oqmd_109771,N,0.5,A
comp_oqmd_10986_Ca,oqmd_10986,Ca,0.5,A
comp_oqmd_10986_Hg,oqmd_10986,Hg,0.5,A
comp_oqmd_10991_Ca,oqmd_10991,Ca,0.5,A
comp_oqmd_10991_In,oqmd_10991,In,0.5,A
comp_oqmd_10999_Ca,oqmd_10999,Ca,0.75,A
comp_oqmd_10999_Pb,oqmd_10999,Pb,0.25,B
comp_oqmd_11000_Ca,oqmd_11000,Ca,0.5,A
comp_oqmd_11000_Pd,oqmd_11000,Pd,0.5,A
comp_oqmd_11003_Ca,oqmd_11003,Ca,0.25,B
comp_oqmd_11003_Sn,oqmd_11003,Sn,0.75,A
comp_oqmd_11005_Ca,oqmd_11005,Ca,0.5,A
comp_oqmd_11005_Tl,oqmd_11005,Tl,0.5,A
comp_oqmd_11006_Ca,oqmd_11006,Ca,0.25,B
comp_oqmd_11006_Tl,oqmd_11006,Tl,0.75,A
comp_oqmd_11012_Cd,oqmd_11012,Cd,0.5,A
comp_oqmd_11012_Ce,oqmd_11012,Ce,0.5,A
comp_oqmd_11019_Cd,oqmd_11019,Cd,0.5,A
comp_oqmd_11019_Dy,oqmd_11019,Dy,0.5,A
comp_oqmd_11022_Cd,oqmd_11022,Cd,0.5,A
comp_oqmd_11022_Er,oqmd_11022,Er,0.5,A
comp_oqmd_11024_Cd,oqmd_11024,Cd,0.5,A
comp_oqmd_11024_Eu,oqmd_11024,Eu,0.5,A
comp_oqmd_11031_Cd,oqmd_11031,Cd,0.5,A
comp_oqmd_11031_Ho,oqmd_11031,Ho,0.5,A
comp_oqmd_110794_Al,oqmd_110794,Al,0.5,A
comp_oqmd_110794_Fe,oqmd_110794,Fe,0.5,A
comp_oqmd_110795_Al,oqmd_110795,Al,0.5,A
comp_oqmd_110795_Fe,oqmd_110795,Fe,0.5,A
comp_oqmd_11110_In,oqmd_11110,In,0.25,B
comp_oqmd_11110_Nd,oqmd_11110,Nd,0.75,A
comp_oqmd_11111_In,oqmd_11111,In,0.75,A
comp_oqmd_11111_Nd,oqmd_11111,Nd,0.25,B
comp_oqmd_11114_In,oqmd_11114,In,0.5,A
comp_oqmd_11114_Ni,oqmd_11114,Ni,0.5,A
comp_oqmd_11117_In,oqmd_11117,In,0.25,B
comp_oqmd_11117_Ni,oqmd_11117,Ni,0.75,A
comp_oqmd_11128_In,oqmd_11128,In,0.5,A
comp_oqmd_11128_Pd,oqmd_11128,Pd,0.5,A
comp_oqmd_11137_In,oqmd_11137,In,0.5,A
comp_oqmd_11137_Pr,oqmd_11137,Pr,0.5,A
comp_oqmd_11138_In,oqmd_11138,In,0.25,B
comp_oqmd_11138_Pr,oqmd_11138,Pr,0.75,A
comp_oqmd_11139_In,oqmd_11139,In,0.75,A
comp_oqmd_11139_Pr,oqmd_11139,Pr,0.25,B
comp_oqmd_11150_In,oqmd_11150,In,0.25,B
comp_oqmd_11150_Pu,oqmd_11150,Pu,0.75,A
comp_oqmd_11151_In,oqmd_11151,In,0.75,A
comp_oqmd_11151_Pu,oqmd_11151,Pu,0.25,B
comp_oqmd_11153_In,oqmd_11153,In,0.5,A
comp_oqmd_11153_Rh,oqmd_11153,Rh,0.5,A
comp_oqmd_11157_In,oqmd_11157,In,0.25,B
comp_oqmd_11157_Sc,oqmd_11157,Sc,0.75,A
comp_oqmd_11158_In,oqmd_11158,In,0.75,A
comp_oqmd_11158_Sc,oqmd_11158,Sc,0.25,B
comp_oqmd_11159_In,oqmd_11159,In,0.5,A
comp_oqmd_11159_Sm,oqmd_11159,Sm,0.5,A
comp_oqmd_11161_In,oqmd_11161,In,0.25,B
comp_oqmd_11161_Sm,oqmd_11161,Sm,0.75,A
comp_oqmd_11162_In,oqmd_11162,In,0.75,A
comp_oqmd_11162_Sm,oqmd_11162,Sm,0.25,B
comp_oqmd_11165_In,oqmd_11165,In,0.75,A
comp_oqmd_11165_Tb,oqmd_11165,Tb,0.25,B
comp_oqmd_11166_In,oqmd_11166,In,0.5,A
comp_oqmd_11166_Te,oqmd_11166,Te,0.5,B
comp_oqmd_11168_In,oqmd_11168,In,0.75,A
comp_oqmd_11168_Th,oqmd_11168,Th,0.25,B
comp_oqmd_11171_In,oqmd_11171,In,0.5,A
comp_oqmd_11171_Tm,oqmd_11171,Tm,0.5,A
comp_oqmd_11173_In,oqmd_11173,In,0.75,A
comp_oqmd_11173_Tm,oqmd_11173,Tm,0.25,B
comp_oqmd_11174_In,oqmd_11174,In,0.75,A
comp_oqmd_11174_U,oqmd_11174,U,0.25,B
comp_oqmd_11175_In,oqmd_11175,In,0.5,A
comp_oqmd_11175_Y,oqmd_11175,Y,0.5,A
comp_oqmd_11176_In,oqmd_11176,In,0.75,A
comp_oqmd_11176_Y,oqmd_11176,Y,0.25,B
comp_oqmd_11177_In,oqmd_11177,In,0.5,A
comp_oqmd_11177_Yb,oqmd_11177,Yb,0.5,A
comp_oqmd_11180_In,oqmd_11180,In,0.75,A
comp_oqmd_11180_Yb,oqmd_11180,Yb,0.25,B
comp_oqmd_11181_In,oqmd_11181,In,0.25,B
comp_oqmd_11181_Zr,oqmd_11181,Zr,0.75,A
comp_oqmd_11301_P,oqmd_11301,P,0.5,B
comp_oqmd_11301_U,oqmd_11301,U,0.5,A
comp_oqmd_11312_Sb,oqmd_11312,Sb,0.5,A
comp_oqmd_11312_Tl,oqmd_11312,Tl,0.5,A
comp_oqmd_11321_I,oqmd_11321,I,0.5,B
comp_oqmd_11321_Tl,oqmd_11321,Tl,0.5,A
comp_oqmd_114593_Mn,oqmd_114593,Mn,0.5,A
comp_oqmd_114593_Te,oqmd_114593,Te,0.5,B
comp_oqmd_11469_Cu,oqmd_11469,Cu,0.5,A
comp_oqmd_11469_O,oqmd_11469,O,0.5,B
comp_oqmd_11505_Br,oqmd_11505,Br,0.5,B
comp_oqmd_11505_Cs,oqmd_11505,Cs,0.5,A
comp_oqmd_11506_Cs,oqmd_11506,Cs,0.5,A
comp_oqmd_11506_I,oqmd_11506,I,0.5,B
comp_oqmd_11507_Cl,oqmd_11507,Cl,0.5,B
comp_oqmd_11507_Tl,oqmd_11507,Tl,0.5,A
comp_oqmd_11508_Br,oqmd_11508,Br,0.5,B
comp_oqmd_11508_Tl,oqmd_11508,Tl,0.5,A
comp_oqmd_11509_Br,oqmd_11509,Br,0.5,A
comp_oqmd_11509_Rb,oqmd_11509,Rb,0.5,A
comp_oqmd_11510_I,oqmd_11510,I,0.5,A
comp_oqmd_11510_Rb,oqmd_11510,Rb,0.5,A
comp_oqmd_11511_I,oqmd_11511,I,0.5,A
comp_oqmd_11511_K,oqmd_11511,K,0.5,A
comp_oqmd_11512_Br,oqmd_11512,Br,0.5,A
comp_oqmd_11512_K,oqmd_11512,K,0.5,A
comp_oqmd_11514_Cs,oqmd_11514,Cs,0.5,A
comp_oqmd_11514_F,oqmd_11514,F,0.5,A
comp_oqmd_11516_O,oqmd_11516,O,0.5,B
comp_oqmd_11516_Sc,oqmd_11516,Sc,0.5,A
comp_oqmd_11517_O,oqmd_11517,O,0.5,B
comp_oqmd_11517_Ta,oqmd_11517,Ta,0.5,A
comp_oqmd_11589_Pb,oqmd_11589,Pb,0.5,A
comp_oqmd_11589_S,oqmd_11589,S,0.5,B
comp_oqmd_11590_S,oqmd_11590,S,0.5,B
comp_oqmd_11590_Se,oqmd_11590,Se,0.5,A
comp_oqmd_11602_As,oqmd_11602,As,0.5,A
comp_oqmd_11602_Np,oqmd_11602,Np,0.5,A
comp_oqmd_116025_O,oqmd_116025,O,0.5,B
comp_oqmd_116025_Zn,oqmd_116025,Zn,0.5,A
comp_oqmd_116062_C,oqmd_116062,C,0.5,A
comp_oqmd_116062_Zr,oqmd_116062,Zr,0.5,A
comp_oqmd_116118_Al,oqmd_116118,Al,0.5,A
comp_oqmd_116118_Y,oqmd_116118,Y,0.5,A
comp_oqmd_116119_Al,oqmd_116119,Al,0.5,A
comp_oqmd_116119_Pr,oqmd_116119,Pr,0.5,A
comp_oqmd_116120_Al,oqmd_116120,Al,0.5,A
comp_oqmd_116120_Nd,oqmd_116120,Nd,0.5,A
comp_oqmd_116121_Al,oqmd_116121,Al,0.5,A
comp_oqmd_116121_Dy,oqmd_116121,Dy,0.5,A
comp_oqmd_116122_Al,oqmd_116122,Al,0.5,A
comp_oqmd_116122_Ce,oqmd_116122,Ce,0.5,A
comp_oqmd_116222_Cu,oqmd_116222,Cu,0.5,A
comp_oqmd_116222_Zr,oqmd_116222,Zr,0.5,A
comp_oqmd_116234_Ru,oqmd_116234,Ru,0.5,A
comp_oqmd_116234_Zr,oqmd_116234,Zr,0.5,A
comp_oqmd_116235_Zn,oqmd_116235,Zn,0.5,A
comp_oqmd_116235_Zr,oqmd_116235,Zr,0.5,A
comp_oqmd_116608_Ni,oqmd_116608,Ni,0.5,A
comp_oqmd_116608_Ti,oqmd_116608,Ti,0.5,A
comp_oqmd_116636_Cl,oqmd_116636,Cl,0.5,A
comp_oqmd_116636_Tl,oqmd_116636,Tl,0.5,A
comp_oqmd_116945_Ir,oqmd_116945,Ir,0.5,A
comp_oqmd_116945_Ti,oqmd_116945,Ti,0.5,A
comp_oqmd_117131_O,oqmd_117131,O,0.5,A
comp_oqmd_117131_Zn,oqmd_117131,Zn,0.5,A
comp_oqmd_117262_Rh,oqmd_117262,Rh,0.5,A
comp_oqmd_117262_Si,oqmd_117262,Si,0.5,A
comp_oqmd_11906_P,oqmd_11906,P,0.5,B
comp_oqmd_11906_Th,oqmd_11906,Th,0.5,A
comp_oqmd_121204_Ni,oqmd_121204,Ni,0.5,A
comp_oqmd_121204_Ti,oqmd_121204,Ti,0.5,A
comp_oqmd_12625_Cs,oqmd_12625,Cs,0.5,A
comp_oqmd_12625_H,oqmd_12625,H,0.5,B
comp_oqmd_13641_O,oqmd_13641,O,0.5,B
comp_oqmd_13641_Zr,oqmd_13641,Zr,0.5,A
comp_oqmd_13677_B,oqmd_13677,B,0.5,B
comp_oqmd_13677_Hf,oqmd_13677,Hf,0.5,A
comp_oqmd_13692_Mn,oqmd_13692,Mn,0.5,A
comp_oqmd_13692_Se,oqmd_13692,Se,0.5,B
comp_oqmd_13700_Mn,oqmd_13700,Mn,0.5,A
comp_oqmd_13700_Te,oqmd_13700,Te,0.5,B
comp_oqmd_13703_Sb,oqmd_13703,Sb,0.5,B
comp_oqmd_13703_U,oqmd_13703,U,0.5,A
comp_oqmd_13749_Sb,oqmd_13749,Sb,0.5,B
comp_oqmd_13749_Ti,oqmd_13749,Ti,0.5,A
comp_oqmd_13762_N,oqmd_13762,N,0.5,B
comp_oqmd_13762_Ta,oqmd_13762,Ta,0.5,A
comp_oqmd_13795_Nd,oqmd_13795,Nd,0.5,A
comp_oqmd_13795_P,oqmd_13795,P,0.5,B
comp_oqmd_13829_C,oqmd_13829,C,0.5,B
comp_oqmd_13829_Ce,oqmd_13829,Ce,0.5,A
comp_oqmd_13920_C,oqmd_13920,C,0.5,B
comp_oqmd_13920_Np,oqmd_13920,Np,0.5,A
comp_oqmd_13939_C,oqmd_13939,C,0.5,B
comp_oqmd_13939_Pu,oqmd_13939,Pu,0.5,A
comp_oqmd_13946_C,oqmd_13946,C,0.5,B
comp_oqmd_13946_Re,oqmd_13946,Re,0.5,A
comp_oqmd_13989_O,oqmd_13989,O,0.5,B
comp_oqmd_13989_Pd,oqmd_13989,Pd,0.5,A
comp_oqmd_13991_O,oqmd_13991,O,0.5,B
comp_oqmd_13991_Pr,oqmd_13991,Pr,0.5,A
comp_oqmd_13998_O,oqmd_13998,O,0.5,B
comp_oqmd_13998_Sm,oqmd_13998,Sm,0.5,A
comp_oqmd_14013_P,oqmd_14013,P,0.5,B
comp_oqmd_14013_Pu,oqmd_14013,Pu,0.5,A
comp_oqmd_14014_P,oqmd_14014,P,0.5,B
comp_oqmd_14014_Sn,oqmd_14014,Sn,0.5,A
comp_oqmd_14025_P,oqmd_14025,P,0.5,B
comp_oqmd_14025_Tm,oqmd_14025,Tm,0.5,A
comp_oqmd_14029_P,oqmd_14029,P,0.5,B
comp_oqmd_14029_Y,oqmd_14029,Y,0.5,A
comp_oqmd_14032_P,oqmd_14032,P,0.5,B
comp_oqmd_14032_Zr,oqmd_14032,Zr,0.5,A
comp_oqmd_14034_Pb,oqmd_14034,Pb,0.5,A
comp_oqmd_14034_S,oqmd_14034,S,0.5,A
comp_oqmd_14035_Pb,oqmd_14035,Pb,0.5,A
comp_oqmd_14035_Se,oqmd_14035,Se,0.5,A
comp_oqmd_14036_Pb,oqmd_14036,Pb,0.5,A
comp_oqmd_14036_Te,oqmd_14036,Te,0.5,A
comp_oqmd_14050_Pr,oqmd_14050,Pr,0.5,A
comp_oqmd_14050_S,oqmd_14050,S,0.5,B
comp_oqmd_14051_Pr,oqmd_14051,Pr,0.5,A
comp_oqmd_14051_Sb,oqmd_14051,Sb,0.5,B
comp_oqmd_14052_Pr,oqmd_14052,Pr,0.5,A
comp_oqmd_14052_Te,oqmd_14052,Te,0.5,A
comp_oqmd_14069_Pu,oqmd_14069,Pu,0.5,A
comp_oqmd_14069_Se,oqmd_14069,Se,0.5,B
comp_oqmd_14102_Cl,oqmd_14102,Cl,0.5,B
comp_oqmd_14102_Cu,oqmd_14102,Cu,0.5,A
comp_oqmd_14105_Br,oqmd_14105,Br,0.5,B
comp_oqmd_14105_Cu,oqmd_14105,Cu,0.5,A
comp_oqmd_15014_Se,oqmd_15014,Se,0.5,B
comp_oqmd_15014_V,oqmd_15014,V,0.5,A
comp_oqmd_16686_Ge,oqmd_16686,Ge,0.25,B
comp_oqmd_16686_Mn,oqmd_16686,Mn,0.75,A
comp_oqmd_17062_Cd,oqmd_17062,Cd,0.75,A
comp_oqmd_17062_Nb,oqmd_17062,Nb,0.25,B
comp_oqmd_17067_Cd,oqmd_17067,Cd,0.5,A
comp_oqmd_17067_Sr,oqmd_17067,Sr,0.5,A
comp_oqmd_17075_Cd,oqmd_17075,Cd,0.25,B
comp_oqmd_17075_V,oqmd_17075,V,0.75,A
comp_oqmd_17084_Ce,oqmd_17084,Ce,0.75,A
comp_oqmd_17084_Ga,oqmd_17084,Ga,0.25,B
comp_oqmd_17090_Ce,oqmd_17090,Ce,0.25,B
comp_oqmd_17090_Pt,oqmd_17090,Pt,0.75,A
comp_oqmd_17121_Co,oqmd_17121,Co,0.75,A
comp_oqmd_17121_Ta,oqmd_17121,Ta,0.25,B
comp_oqmd_17159_Cu,oqmd_17159,Cu,0.75,A
comp_oqmd_17159_Pd,oqmd_17159,Pd,0.25,B
comp_oqmd_17179_Dy,oqmd_17179,Dy,0.25,B
comp_oqmd_17179_Ga,oqmd_17179,Ga,0.75,A
comp_oqmd_17183_Dy,oqmd_17183,Dy,0.25,B
comp_oqmd_17183_Ir,oqmd_17183,Ir,0.75,A
comp_oqmd_17187_Er,oqmd_17187,Er,0.5,A
comp_oqmd_17187_In,oqmd_17187,In,0.5,A
comp_oqmd_17190_Er,oqmd_17190,Er,0.25,B
comp_oqmd_17190_Pb,oqmd_17190,Pb,0.75,A
comp_oqmd_17196_Er,oqmd_17196,Er,0.25,B
comp_oqmd_17196_Sn,oqmd_17196,Sn,0.75,A
comp_oqmd_17206_Dy,oqmd_17206,Dy,0.25,B
comp_oqmd_17206_Sn,oqmd_17206,Sn,0.75,A
comp_oqmd_17207_Dy,oqmd_17207,Dy,0.5,A
comp_oqmd_17207_Tl,oqmd_17207,Tl,0.5,A
comp_oqmd_17212_Eu,oqmd_17212,Eu,0.5,A
comp_oqmd_17212_Hg,oqmd_17212,Hg,0.5,A
comp_oqmd_17221_Eu,oqmd_17221,Eu,0.25,B
comp_oqmd_17221_Tl,oqmd_17221,Tl,0.75,A
comp_oqmd_17227_Fe,oqmd_17227,Fe,0.75,A
comp_oqmd_17227_Pd,oqmd_17227,Pd,0.25,B
comp_oqmd_17231_Fe,oqmd_17231,Fe,0.75,A
comp_oqmd_17231_Sn,oqmd_17231,Sn,0.25,B
comp_oqmd_17248_Ga,oqmd_17248,Ga,0.5,A
comp_oqmd_17248_Ir,oqmd_17248,Ir,0.5,A
comp_oqmd_17263_Ga,oqmd_17263,Ga,0.25,B
comp_oqmd_17263_Nd,oqmd_17263,Nd,0.75,A
comp_oqmd_17264_Ga,oqmd_17264,Ga,0.75,A
comp_oqmd_17264_Nd,oqmd_17264,Nd,0.25,B
comp_oqmd_17283_Ga,oqmd_17283,Ga,0.25,B
comp_oqmd_17283_Pr,oqmd_17283,Pr,0.75,A
comp_oqmd_17286_Ga,oqmd_17286,Ga,0.25,B
comp_oqmd_17286_Pt,oqmd_17286,Pt,0.75,A
comp_oqmd_17297_Ga,oqmd_17297,Ga,0.5,A
comp_oqmd_17297_Ru,oqmd_17297,Ru,0.5,A
comp_oqmd_17300_Ga,oqmd_17300,Ga,0.25,B
comp_oqmd_17300_Sm,oqmd_17300,Sm,0.75,A
comp_oqmd_17303_Ga,oqmd_17303,Ga,0.75,A
comp_oqmd_17303_Tb,oqmd_17303,Tb,0.25,B
comp_oqmd_17320_Gd,oqmd_17320,Gd,0.5,A
comp_oqmd_17320_Hg,oqmd_17320,Hg,0.5,A
comp_oqmd_17333_Gd,oqmd_17333,Gd,0.25,B
comp_oqmd_17333_Pt,oqmd_17333,Pt,0.75,A
comp_oqmd_17342_Ge,oqmd_17342,Ge,0.25,B
comp_oqmd_17342_Ni,oqmd_17342,Ni,0.75,A
comp_oqmd_17351_Te,oqmd_17351,Te,0.5,B
comp_oqmd_17351_Ti,oqmd_17351,Ti,0.5,A
comp_oqmd_17352_Te,oqmd_17352,Te,0.5,A
comp_oqmd_17352_U,oqmd_17352,U,0.5,A
comp_oqmd_17354_Te,oqmd_17354,Te,0.5,B
comp_oqmd_17354_Zr,oqmd_17354,Zr,0.5,A
comp_oqmd_17360_Yb,oqmd_17360,Yb,0.5,A
comp_oqmd_17360_Zn,oqmd_17360,Zn,0.5,A
comp_oqmd_17363_Hf,oqmd_17363,Hf,0.25,B
comp_oqmd_17363_Ir,oqmd_17363,Ir,0.75,A
comp_oqmd_17380_Hf,oqmd_17380,Hf,0.5,A
comp_oqmd_17380_Os,oqmd_17380,Os,0.5,A
comp_oqmd_17383_Hf,oqmd_17383,Hf,0.5,A
comp_oqmd_17383_Pt,oqmd_17383,Pt,0.5,A
comp_oqmd_17386_Hf,oqmd_17386,Hf,0.5,A
comp_oqmd_17386_Rh,oqmd_17386,Rh,0.5,A
comp_oqmd_17387_Hf,oqmd_17387,Hf,0.25,B
comp_oqmd_17387_Rh,oqmd_17387,Rh,0.75,A
comp_oqmd_17389_Hf,oqmd_17389,Hf,0.5,A
comp_oqmd_17389_Ru,oqmd_17389,Ru,0.5,A
comp_oqmd_17392_Hf,oqmd_17392,Hf,0.5,A
comp_oqmd_17392_Tc,oqmd_17392,Tc,0.5,A
comp_oqmd_17397_Hg,oqmd_17397,Hg,0.5,A
comp_oqmd_17397_Ho,oqmd_17397,Ho,0.5,A
comp_oqmd_17402_Hg,oqmd_17402,Hg,0.5,A
comp_oqmd_17402_La,oqmd_17402,La,0.5,A
comp_oqmd_17404_Hg,oqmd_17404,Hg,0.5,A
comp_oqmd_17404_Li,oqmd_17404,Li,0.5,A
comp_oqmd_17406_Hg,oqmd_17406,Hg,0.5,A
comp_oqmd_17406_Lu,oqmd_17406,Lu,0.5,A
comp_oqmd_17407_Hg,oqmd_17407,Hg,0.5,A
comp_oqmd_17407_Mg,oqmd_17407,Mg,0.5,A
comp_oqmd_17413_Hg,oqmd_17413,Hg,0.5,A
comp_oqmd_17413_Mn,oqmd_17413,Mn,0.5,A
comp_oqmd_17419_Hg,oqmd_17419,Hg,0.5,A
comp_oqmd_17419_Nd,oqmd_17419,Nd,0.5,A
comp_oqmd_17424_Hg,oqmd_17424,Hg,0.5,A
comp_oqmd_17424_Pr,oqmd_17424,Pr,0.5,A
comp_oqmd_17427_Hg,oqmd_17427,Hg,0.5,A
comp_oqmd_17427_Sc,oqmd_17427,Sc,0.5,A
comp_oqmd_17429_Hg,oqmd_17429,Hg,0.5,A
comp_oqmd_17429_Sr,oqmd_17429,Sr,0.5,A
comp_oqmd_17432_Hg,oqmd_17432,Hg,0.5,A
comp_oqmd_17432_Tb,oqmd_17432,Tb,0.5,A
comp_oqmd_17437_Hg,oqmd_17437,Hg,0.25,B
comp_oqmd_17437_Ti,oqmd_17437,Ti,0.75,A
comp_oqmd_17439_Hg,oqmd_17439,Hg,0.5,A
comp_oqmd_17439_Tl,oqmd_17439,Tl,0.5,A
comp_oqmd_17440_Hg,oqmd_17440,Hg,0.75,A
comp_oqmd_17440_Tl,oqmd_17440,Tl,0.25,B
comp_oqmd_17441_Hg,oqmd_17441,Hg,0.5,A
comp_oqmd_17441_Tm,oqmd_17441,Tm,0.5,A
comp_oqmd_17443_Hg,oqmd_17443,Hg,0.5,A
comp_oqmd_17443_Y,oqmd_17443,Y,0.5,A
comp_oqmd_17446_Hg,oqmd_17446,Hg,0.5,A
comp_oqmd_17446_Yb,oqmd_17446,Yb,0.5,A
comp_oqmd_17450_Hg,oqmd_17450,Hg,0.75,A
comp_oqmd_17450_Zr,oqmd_17450,Zr,0.25,B
comp_oqmd_17454_Ho,oqmd_17454,Ho,0.5,A
comp_oqmd_17454_In,oqmd_17454,In,0.5,A
comp_oqmd_17455_Ho,oqmd_17455,Ho,0.25,B
comp_oqmd_17455_In,oqmd_17455,In,0.75,A
comp_oqmd_17457_Ho,oqmd_17457,Ho,0.5,A
comp_oqmd_17457_Ir,oqmd_17457,Ir,0.5,A
comp_oqmd_17459_Ho,oqmd_17459,Ho,0.5,A
comp_oqmd_17459_Mg,oqmd_17459,Mg,0.5,A
comp_oqmd_17460_Ho,oqmd_17460,Ho,0.5,A
comp_oqmd_17460_Mg,oqmd_17460,Mg,0.5,A
comp_oqmd_17465_Ho,oqmd_17465,Ho,0.25,B
comp_oqmd_17465_Pb,oqmd_17465,Pb,0.75,A
comp_oqmd_17467_Ho,oqmd_17467,Ho,0.5,A
comp_oqmd_17467_Pd,oqmd_17467,Pd,0.5,A
comp_oqmd_17468_Ho,oqmd_17468,Ho,0.25,B
comp_oqmd_17468_Pd,oqmd_17468,Pd,0.75,A
comp_oqmd_17472_Ho,oqmd_17472,Ho,0.25,B
comp_oqmd_17472_Pt,oqmd_17472,Pt,0.75,A
comp_oqmd_17474_Ho,oqmd_17474,Ho,0.5,A
comp_oqmd_17474_Rh,oqmd_17474,Rh,0.5,A
comp_oqmd_17477_Ho,oqmd_17477,Ho,0.25,B
comp_oqmd_17477_Sn,oqmd_17477,Sn,0.75,A
comp_oqmd_17479_Ho,oqmd_17479,Ho,0.5,A
comp_oqmd_17479_Tl,oqmd_17479,Tl,0.5,A
comp_oqmd_17480_Ho,oqmd_17480,Ho,0.25,B
comp_oqmd_17480_Tl,oqmd_17480,Tl,0.75,A
comp_oqmd_17481_Ho,oqmd_17481,Ho,0.5,A
comp_oqmd_17481_Zn,oqmd_17481,Zn,0.5,A
comp_oqmd_17484_Ag,oqmd_17484,Ag,0.5,A
comp_oqmd_17484_Ga,oqmd_17484,Ga,0.5,A
comp_oqmd_17486_Ag,oqmd_17486,Ag,0.5,A
comp_oqmd_17486_Ho,oqmd_17486,Ho,0.5,A
comp_oqmd_17492_Ir,oqmd_17492,Ir,0.5,A
comp_oqmd_17492_Lu,oqmd_17492,Lu,0.5,A
comp_oqmd_17502_Ir,oqmd_17502,Ir,0.75,A
comp_oqmd_17502_Nb,oqmd_17502,Nb,0.25,B
comp_oqmd_17504_Ir,oqmd_17504,Ir,0.75,A
comp_oqmd_17504_Nd,oqmd_17504,Nd,0.25,B
comp_oqmd_17507_Ir,oqmd_17507,Ir,0.75,A
comp_oqmd_17507_Pa,oqmd_17507,Pa,0.25,B
comp_oqmd_17508_Ir,oqmd_17508,Ir,0.5,A
comp_oqmd_17508_Pb,oqmd_17508,Pb,0.5,B
comp_oqmd_17512_Ir,oqmd_17512,Ir,0.5,A
comp_oqmd_17512_Sc,oqmd_17512,Sc,0.5,A
comp_oqmd_17514_Ir,oqmd_17514,Ir,0.5,B
comp_oqmd_17514_Sn,oqmd_17514,Sn,0.5,A
comp_oqmd_17518_Ir,oqmd_17518,Ir,0.75,A
comp_oqmd_17518_Ta,oqmd_17518,Ta,0.25,B
comp_oqmd_17524_Ir,oqmd_17524,Ir,0.75,A
comp_oqmd_17524_Ti,oqmd_17524,Ti,0.25,B
comp_oqmd_17525_Ir,oqmd_17525,Ir,0.5,A
comp_oqmd_17525_Tm,oqmd_17525,Tm,0.5,A
comp_oqmd_17529_Ir,oqmd_17529,Ir,0.75,A
comp_oqmd_17529_U,oqmd_17529,U,0.25,B
comp_oqmd_17533_Ir,oqmd_17533,Ir,0.75,A
comp_oqmd_17533_V,oqmd_17533,V,0.25,B
comp_oqmd_17536_Ir,oqmd_17536,Ir,0.5,A
comp_oqmd_17536_Y,oqmd_17536,Y,0.5,A
comp_oqmd_17538_Ir,oqmd_17538,Ir,0.5,A
comp_oqmd_17538_Yb,oqmd_17538,Yb,0.5,A
comp_oqmd_17541_Ir,oqmd_17541,Ir,0.5,A
comp_oqmd_17541_Zr,oqmd_17541,Zr,0.5,A
comp_oqmd_17544_Ir,oqmd_17544,Ir,0.75,A
comp_oqmd_17544_Zr,oqmd_17544,Zr,0.25,B
comp_oqmd_17558_La,oqmd_17558,La,0.5,A
comp_oqmd_17558_Mg,oqmd_17558,Mg,0.5,A
comp_oqmd_17568_La,oqmd_17568,La,0.25,B
comp_oqmd_17568_Pb,oqmd_17568,Pb,0.75,A
comp_oqmd_17569_La,oqmd_17569,La,0.25,B
comp_oqmd_17569_Pd,oqmd_17569,Pd,0.75,A
comp_oqmd_17573_La,oqmd_17573,La,0.25,B
comp_oqmd_17573_Pt,oqmd_17573,Pt,0.75,A
comp_oqmd_17578_La,oqmd_17578,La,0.25,B
comp_oqmd_17578_Sn,oqmd_17578,Sn,0.75,A
comp_oqmd_17579_La,oqmd_17579,La,0.75,A
comp_oqmd_17579_Sn,oqmd_17579,Sn,0.25,B
comp_oqmd_17580_La,oqmd_17580,La,0.5,A
comp_oqmd_17580_Tl,oqmd_17580,Tl,0.5,A
comp_oqmd_17581_La,oqmd_17581,La,0.25,B
comp_oqmd_17581_Tl,oqmd_17581,Tl,0.75,A
comp_oqmd_17582_La,oqmd_17582,La,0.75,A
comp_oqmd_17582_Tl,oqmd_17582,Tl,0.25,B
comp_oqmd_17583_La,oqmd_17583,La,0.5,A
comp_oqmd_17583_Zn,oqmd_17583,Zn,0.5,A
comp_oqmd_17590_Li,oqmd_17590,Li,0.5,A
comp_oqmd_17590_Pb,oqmd_17590,Pb,0.5,A
comp_oqmd_17596_Li,oqmd_17596,Li,0.5,A
comp_oqmd_17596_Pd,oqmd_17596,Pd,0.5,A
comp_oqmd_17610_Li,oqmd_17610,Li,0.5,A
comp_oqmd_17610_Tl,oqmd_17610,Tl,0.5,A
comp_oqmd_17612_Lu,oqmd_17612,Lu,0.5,A
comp_oqmd_17612_Mg,oqmd_17612,Mg,0.5,A
comp_oqmd_17620_Lu,oqmd_17620,Lu,0.25,B
comp_oqmd_17620_Pb,oqmd_17620,Pb,0.75,A
comp_oqmd_17621_Lu,oqmd_17621,Lu,0.5,A
comp_oqmd_17621_Pd,oqmd_17621,Pd,0.5,A
comp_oqmd_17622_Lu,oqmd_17622,Lu,0.25,B
comp_oqmd_17622_Pd,oqmd_17622,Pd,0.75,A
comp_oqmd_17624_Lu,oqmd_17624,Lu,0.25,B
comp_oqmd_17624_Pt,oqmd_17624,Pt,0.75,A
comp_oqmd_17625_Lu,oqmd_17625,Lu,0.5,A
comp_oqmd_17625_Rh,oqmd_17625,Rh,0.5,A
comp_oqmd_17627_Lu,oqmd_17627,Lu,0.5,A
comp_oqmd_17627_Ru,oqmd_17627,Ru,0.5,A
comp_oqmd_17628_Lu,oqmd_17628,Lu,0.25,B
comp_oqmd_17628_Tl,oqmd_17628,Tl,0.75,A
comp_oqmd_17629_Lu,oqmd_17629,Lu,0.5,A
comp_oqmd_17629_Zn,oqmd_17629,Zn,0.5,A
comp_oqmd_17630_Mg,oqmd_17630,Mg,0.5,A
comp_oqmd_17630_Nd,oqmd_17630,Nd,0.5,A
comp_oqmd_17638_Mg,oqmd_17638,Mg,0.5,A
comp_oqmd_17638_Pd,oqmd_17638,Pd,0.5,A
comp_oqmd_17640_Mg,oqmd_17640,Mg,0.5,A
comp_oqmd_17640_Pr,oqmd_17640,Pr,0.5,A
comp_oqmd_17646_Mg,oqmd_17646,Mg,0.5,A
comp_oqmd_17646_Rh,oqmd_17646,Rh,0.5,A
comp_oqmd_17650_Mg,oqmd_17650,Mg,0.5,A
comp_oqmd_17650_Sm,oqmd_17650,Sm,0.5,A
comp_oqmd_17655_Mg,oqmd_17655,Mg,0.5,A
comp_oqmd_17655_Sr,oqmd_17655,Sr,0.5,A
comp_oqmd_17657_Mg,oqmd_17657,Mg,0.5,A
comp_oqmd_17657_Tb,oqmd_17657,Tb,0.5,A
comp_oqmd_17660_Mg,oqmd_17660,Mg,0.5,A
comp_oqmd_17660_Tl,oqmd_17660,Tl,0.5,A
comp_oqmd_17661_Mg,oqmd_17661,Mg,0.5,A
comp_oqmd_17661_Tm,oqmd_17661,Tm,0.5,A
comp_oqmd_17663_Mg,oqmd_17663,Mg,0.5,A
comp_oqmd_17663_Y,oqmd_17663,Y,0.5,A
comp_oqmd_17671_Mn,oqmd_17671,Mn,0.5,A
comp_oqmd_17671_Ni,oqmd_17671,Ni,0.5,A
comp_oqmd_17672_Mn,oqmd_17672,Mn,0.25,B
comp_oqmd_17672_Ni,oqmd_17672,Ni,0.75,A
comp_oqmd_17677_Mn,oqmd_17677,Mn,0.5,A
comp_oqmd_17677_Pd,oqmd_17677,Pd,0.5,A
comp_oqmd_17681_Mn,oqmd_17681,Mn,0.25,B
comp_oqmd_17681_Pt,oqmd_17681,Pt,0.75,A
comp_oqmd_17682_Mn,oqmd_17682,Mn,0.75,A
comp_oqmd_17682_Pt,oqmd_17682,Pt,0.25,B
comp_oqmd_17686_Mn,oqmd_17686,Mn,0.5,A
comp_oqmd_17686_Rh,oqmd_17686,Rh,0.5,A
comp_oqmd_17687_Mn,oqmd_17687,Mn,0.75,A
comp_oqmd_17687_Rh,oqmd_17687,Rh,0.25,B
comp_oqmd_17700_Mn,oqmd_17700,Mn,0.5,A
comp_oqmd_17700_V,oqmd_17700,V,0.5,A
comp_oqmd_17703_Mn,oqmd_17703,Mn,0.5,A
comp_oqmd_17703_Zn,oqmd_17703,Zn,0.5,A
comp_oqmd_17704_Mn,oqmd_17704,Mn,0.25,B
comp_oqmd_17704_Zn,oqmd_17704,Zn,0.75,A
comp_oqmd_17720_N,oqmd_17720,N,0.5,B
comp_oqmd_17720_Ta,oqmd_17720,Ta,0.5,A
comp_oqmd_17728_Na,oqmd_17728,Na,0.25,B
comp_oqmd_17728_Pb,oqmd_17728,Pb,0.75,A
comp_oqmd_17747_Nb,oqmd_17747,Nb,0.25,B
comp_oqmd_17747_Rh,oqmd_17747,Rh,0.75,A
comp_oqmd_17750_Nb,oqmd_17750,Nb,0.5,A
comp_oqmd_17750_Ru,oqmd_17750,Ru,0.5,A
comp_oqmd_17752_Nb,oqmd_17752,Nb,0.25,B
comp_oqmd_17752_Ru,oqmd_17752,Ru,0.75,A
comp_oqmd_17759_Nb,oqmd_17759,Nb,0.25,B
comp_oqmd_17759_Zn,oqmd_17759,Zn,0.75,A
comp_oqmd_17764_Nd,oqmd_17764,Nd,0.25,B
comp_oqmd_17764_Pb,oqmd_17764,Pb,0.75,A
comp_oqmd_17765_Nd,oqmd_17765,Nd,0.25,B
comp_oqmd_17765_Pd,oqmd_17765,Pd,0.75,A
comp_oqmd_17769_Nd,oqmd_17769,Nd,0.25,B
comp_oqmd_17769_Pt,oqmd_17769,Pt,0.75,A
comp_oqmd_17775_Nd,oqmd_17775,Nd,0.25,B
comp_oqmd_17775_Sn,oqmd_17775,Sn,0.75,A
comp_oqmd_17776_Nd,oqmd_17776,Nd,0.5,A
comp_oqmd_17776_Tl,oqmd_17776,Tl,0.5,A
comp_oqmd_17777_Nd,oqmd_17777,Nd,0.25,B
comp_oqmd_17777_Tl,oqmd_17777,Tl,0.75,A
comp_oqmd_17779_Nd,oqmd_17779,Nd,0.75,A
comp_oqmd_17779_Tl,oqmd_17779,Tl,0.25,B
comp_oqmd_17780_Nd,oqmd_17780,Nd,0.5,A
comp_oqmd_17780_Zn,oqmd_17780,Zn,0.5,A
comp_oqmd_17795_Ni,oqmd_17795,Ni,0.5,A
comp_oqmd_17795_Sc,oqmd_17795,Sc,0.5,A
comp_oqmd_17803_Ni,oqmd_17803,Ni,0.75,A
comp_oqmd_17803_Si,oqmd_17803,Si,0.25,B
comp_oqmd_17808_Ni,oqmd_17808,Ni,0.75,A
comp_oqmd_17808_Sn,oqmd_17808,Sn,0.25,B
comp_oqmd_17838_Ni,oqmd_17838,Ni,0.5,A
comp_oqmd_17838_Ti,oqmd_17838,Ti,0.5,A
comp_oqmd_17841_Ni,oqmd_17841,Ni,0.5,B
comp_oqmd_17841_Tl,oqmd_17841,Tl,0.5,A
comp_oqmd_17860_Ni,oqmd_17860,Ni,0.5,A
comp_oqmd_17860_Zn,oqmd_17860,Zn,0.5,A
comp_oqmd_17872_Np,oqmd_17872,Np,0.25,B
comp_oqmd_17872_Pd,oqmd_17872,Pd,0.75,A
comp_oqmd_17873_Np,oqmd_17873,Np,0.25,B
comp_oqmd_17873_Rh,oqmd_17873,Rh,0.75,A
comp_oqmd_17875_Np,oqmd_17875,Np,0.25,B
comp_oqmd_17875_Sn,oqmd_17875,Sn,0.75,A
comp_oqmd_17876_Np,oqmd_17876,Np,0.75,A
comp_oqmd_17876_Sn,oqmd_17876,Sn,0.25,B
comp_oqmd_17877_Np,oqmd_17877,Np,0.75,A
comp_oqmd_17877_Tl,oqmd_17877,Tl,0.25,B
comp_oqmd_17890_Al,oqmd_17890,Al,0.25,B
comp_oqmd_17890_Ni,oqmd_17890,Ni,0.75,A
comp_oqmd_17895_O,oqmd_17895,O,0.5,B
comp_oqmd_17895_Pt,oqmd_17895,Pt,0.5,A
comp_oqmd_17898_O,oqmd_17898,O,0.5,B
comp_oqmd_17898_Ti,oqmd_17898,Ti,0.5,A
comp_oqmd_17904_Os,oqmd_17904,Os,0.5,A
comp_oqmd_17904_Ti,oqmd_17904,Ti,0.5,A
comp_oqmd_17906_Os,oqmd_17906,Os,0.5,A
comp_oqmd_17906_Zr,oqmd_17906,Zr,0.5,A
comp_oqmd_17907_P,oqmd_17907,P,0.5,B
comp_oqmd_17907_Sc,oqmd_17907,Sc,0.5,A
comp_oqmd_17908_Pa,oqmd_17908,Pa,0.25,B
comp_oqmd_17908_Rh,oqmd_17908,Rh,0.75,A
comp_oqmd_17912_Pb,oqmd_17912,Pb,0.25,B
comp_oqmd_17912_Pr,oqmd_17912,Pr,0.75,A
comp_oqmd_17913_Pb,oqmd_17913,Pb,0.75,A
comp_oqmd_17913_Pr,oqmd_17913,Pr,0.25,B
comp_oqmd_17914_Pb,oqmd_17914,Pb,0.5,B
comp_oqmd_17914_Pt,oqmd_17914,Pt,0.5,A
comp_oqmd_17915_Pb,oqmd_17915,Pb,0.25,B
comp_oqmd_17915_Pt,oqmd_17915,Pt,0.75,A
comp_oqmd_17917_Pb,oqmd_17917,Pb,0.25,B
comp_oqmd_17917_Pu,oqmd_17917,Pu,0.75,A
comp_oqmd_17918_Pb,oqmd_17918,Pb,0.75,A
comp_oqmd_17918_Pu,oqmd_17918,Pu,0.25,B
comp_oqmd_17926_Pb,oqmd_17926,Pb,0.75,A
comp_oqmd_17926_Tb,oqmd_17926,Tb,0.25,B
comp_oqmd_17928_Pb,oqmd_17928,Pb,0.75,A
comp_oqmd_17928_Th,oqmd_17928,Th,0.25,B
comp_oqmd_17929_Pb,oqmd_17929,Pb,0.75,A
comp_oqmd_17929_Tm,oqmd_17929,Tm,0.25,B
comp_oqmd_17931_Pb,oqmd_17931,Pb,0.75,A
comp_oqmd_17931_U,oqmd_17931,U,0.25,B
comp_oqmd_17934_Pb,oqmd_17934,Pb,0.75,A
comp_oqmd_17934_Y,oqmd_17934,Y,0.25,B
comp_oqmd_17937_Pb,oqmd_17937,Pb,0.75,A
comp_oqmd_17937_Yb,oqmd_17937,Yb,0.25,B
comp_oqmd_17940_Pd,oqmd_17940,Pd,0.75,A
comp_oqmd_17940_Pr,oqmd_17940,Pr,0.25,B
comp_oqmd_17943_Pd,oqmd_17943,Pd,0.75,A
comp_oqmd_17943_Pu,oqmd_17943,Pu,0.25,B
comp_oqmd_17944_Pd,oqmd_17944,Pd,0.5,A
comp_oqmd_17944_Sc,oqmd_17944,Sc,0.5,A
comp_oqmd_17945_Pd,oqmd_17945,Pd,0.75,A
comp_oqmd_17945_Sc,oqmd_17945,Sc,0.25,B
comp_oqmd_17947_Pd,oqmd_17947,Pd,0.75,A
comp_oqmd_17947_Sm,oqmd_17947,Sm,0.25,B
comp_oqmd_17954_Pd,oqmd_17954,Pd,0.75,A
comp_oqmd_17954_Sn,oqmd_17954,Sn,0.25,B
comp_oqmd_17965_Pd,oqmd_17965,Pd,0.75,A
comp_oqmd_17965_Tb,oqmd_17965,Tb,0.25,B
comp_oqmd_1797_N,oqmd_1797,N,0.5,B
comp_oqmd_1797_Nb,oqmd_1797,Nb,0.5,A
comp_oqmd_17970_Pd,oqmd_17970,Pd,0.5,A
comp_oqmd_17970_Ti,oqmd_17970,Ti,0.5,A
comp_oqmd_17972_Pd,oqmd_17972,Pd,0.75,A
comp_oqmd_17972_Ti,oqmd_17972,Ti,0.25,B
comp_oqmd_17980_Pd,oqmd_17980,Pd,0.5,A
comp_oqmd_17980_Tm,oqmd_17980,Tm,0.5,A
comp_oqmd_17981_Pd,oqmd_17981,Pd,0.75,A
comp_oqmd_17981_Tm,oqmd_17981,Tm,0.25,B
comp_oqmd_17986_Pd,oqmd_17986,Pd,0.75,A
comp_oqmd_17986_Y,oqmd_17986,Y,0.25,B
comp_oqmd_17987_Pd,oqmd_17987,Pd,0.5,A
comp_oqmd_17987_Yb,oqmd_17987,Yb,0.5,A
comp_oqmd_17988_Pd,oqmd_17988,Pd,0.75,A
comp_oqmd_17988_Yb,oqmd_17988,Yb,0.25,B
comp_oqmd_17994_Pt,oqmd_17994,Pt,0.75,A
comp_oqmd_17994_Pu,oqmd_17994,Pu,0.25,B
comp_oqmd_17995_Pt,oqmd_17995,Pt,0.5,A
comp_oqmd_17995_Sc,oqmd_17995,Sc,0.5,A
comp_oqmd_17997_Pt,oqmd_17997,Pt,0.75,A
comp_oqmd_17997_Sc,oqmd_17997,Sc,0.25,B
comp_oqmd_18000_Pt,oqmd_18000,Pt,0.75,A
comp_oqmd_18000_Sm,oqmd_18000,Sm,0.25,B
comp_oqmd_18004_Pt,oqmd_18004,Pt,0.75,A
comp_oqmd_18004_Sn,oqmd_18004,Sn,0.25,B
comp_oqmd_18012_Pt,oqmd_18012,Pt,0.75,A
comp_oqmd_18012_Tb,oqmd_18012,Tb,0.25,B
comp_oqmd_18013_Pt,oqmd_18013,Pt,0.5,B
comp_oqmd_18013_Te,oqmd_18013,Te,0.5,A
comp_oqmd_18015_Pt,oqmd_18015,Pt,0.5,A
comp_oqmd_18015_Ti,oqmd_18015,Ti,0.5,A
comp_oqmd_18021_Pt,oqmd_18021,Pt,0.75,A
comp_oqmd_18021_Tm,oqmd_18021,Tm,0.25,B
comp_oqmd_18026_Pt,oqmd_18026,Pt,0.25,B
comp_oqmd_18026_V,oqmd_18026,V,0.75,A
comp_oqmd_18029_Pt,oqmd_18029,Pt,0.75,A
comp_oqmd_18029_V,oqmd_18029,V,0.25,B
comp_oqmd_18031_Pt,oqmd_18031,Pt,0.75,A
comp_oqmd_18031_Y,oqmd_18031,Y,0.25,B
comp_oqmd_18034_Pt,oqmd_18034,Pt,0.75,A
comp_oqmd_18034_Yb,oqmd_18034,Yb,0.25,B
comp_oqmd_18037_Pt,oqmd_18037,Pt,0.75,A
comp_oqmd_18037_Zn,oqmd_18037,Zn,0.25,B
comp_oqmd_18038_Pt,oqmd_18038,Pt,0.5,A
comp_oqmd_18038_Zr,oqmd_18038,Zr,0.5,A
comp_oqmd_18039_Pt,oqmd_18039,Pt,0.75,A
comp_oqmd_18039_Zr,oqmd_18039,Zr,0.25,B
comp_oqmd_18042_Pu,oqmd_18042,Pu,0.25,B
comp_oqmd_18042_Rh,oqmd_18042,Rh,0.75,A
comp_oqmd_18044_Pu,oqmd_18044,Pu,0.5,A
comp_oqmd_18044_Ru,oqmd_18044,Ru,0.5,A
comp_oqmd_18046_Pu,oqmd_18046,Pu,0.25,B
comp_oqmd_18046_Sn,oqmd_18046,Sn,0.75,A
comp_oqmd_18050_Re,oqmd_18050,Re,0.5,A
comp_oqmd_18050_Ti,oqmd_18050,Ti,0.5,A
comp_oqmd_18054_Rh,oqmd_18054,Rh,0.5,A
comp_oqmd_18054_Sc,oqmd_18054,Sc,0.5,A
comp_oqmd_18055_Rh,oqmd_18055,Rh,0.75,A
comp_oqmd_18055_Sc,oqmd_18055,Sc,0.25,B
comp_oqmd_18057_Rh,oqmd_18057,Rh,0.5,A
comp_oqmd_18057_Sm,oqmd_18057,Sm,0.5,A
comp_oqmd_18066_Rh,oqmd_18066,Rh,0.75,A
comp_oqmd_18066_Ta,oqmd_18066,Ta,0.25,B
comp_oqmd_18067_Rh,oqmd_18067,Rh,0.5,A
comp_oqmd_18067_Tb,oqmd_18067,Tb,0.5,A
comp_oqmd_18071_Rh,oqmd_18071,Rh,0.75,A
comp_oqmd_18071_Th,oqmd_18071,Th,0.25,B
comp_oqmd_18073_Rh,oqmd_18073,Rh,0.5,A
comp_oqmd_18073_Ti,oqmd_18073,Ti,0.5,A
comp_oqmd_18074_Rh,oqmd_18074,Rh,0.75,A
comp_oqmd_18074_Ti,oqmd_18074,Ti,0.25,B
comp_oqmd_18076_Rh,oqmd_18076,Rh,0.5,A
comp_oqmd_18076_Tm,oqmd_18076,Tm,0.5,A
comp_oqmd_18078_Rh,oqmd_18078,Rh,0.75,A
comp_oqmd_18078_U,oqmd_18078,U,0.25,B
comp_oqmd_18081_Rh,oqmd_18081,Rh,0.75,A
comp_oqmd_18081_V,oqmd_18081,V,0.25,B
comp_oqmd_18083_Rh,oqmd_18083,Rh,0.5,A
comp_oqmd_18083_Y,oqmd_18083,Y,0.5,A
comp_oqmd_18088_Rh,oqmd_18088,Rh,0.5,A
comp_oqmd_18088_Zr,oqmd_18088,Zr,0.5,A
comp_oqmd_18089_Rh,oqmd_18089,Rh,0.75,A
comp_oqmd_18089_Zr,oqmd_18089,Zr,0.25,B
comp_oqmd_18090_Ru,oqmd_18090,Ru,0.5,A
comp_oqmd_18090_Sc,oqmd_18090,Sc,0.5,A
comp_oqmd_18097_Ru,oqmd_18097,Ru,0.5,A
comp_oqmd_18097_Ti,oqmd_18097,Ti,0.5,A
comp_oqmd_18098_Ru,oqmd_18098,Ru,0.75,A
comp_oqmd_18098_U,oqmd_18098,U,0.25,B
comp_oqmd_18099_Ru,oqmd_18099,Ru,0.5,A
comp_oqmd_18099_V,oqmd_18099,V,0.5,A
comp_oqmd_18101_Ru,oqmd_18101,Ru,0.5,A
comp_oqmd_18101_Zr,oqmd_18101,Zr,0.5,A
comp_oqmd_18102_S,oqmd_18102,S,0.5,B
comp_oqmd_18102_Tm,oqmd_18102,Tm,0.5,A
comp_oqmd_18105_Sb,oqmd_18105,Sb,0.5,B
comp_oqmd_18105_Yb,oqmd_18105,Yb,0.5,A
comp_oqmd_18106_Sc,oqmd_18106,Sc,0.5,A
comp_oqmd_18106_Zn,oqmd_18106,Zn,0.5,A
comp_oqmd_18108_Se,oqmd_18108,Se,0.5,B
comp_oqmd_18108_Y,oqmd_18108,Y,0.5,A
comp_oqmd_18109_Si,oqmd_18109,Si,0.75,A
comp_oqmd_18109_U,oqmd_18109,U,0.25,B
comp_oqmd_18111_Sm,oqmd_18111,Sm,0.5,A
comp_oqmd_18111_Tl,oqmd_18111,Tl,0.5,A
comp_oqmd_18112_Sm,oqmd_18112,Sm,0.25,B
comp_oqmd_18112_Tl,oqmd_18112,Tl,0.75,A
comp_oqmd_18114_Sm,oqmd_18114,Sm,0.5,A
comp_oqmd_18114_Zn,oqmd_18114,Zn,0.5,A
comp_oqmd_18123_Sn,oqmd_18123,Sn,0.75,A
comp_oqmd_18123_Tb,oqmd_18123,Tb,0.25,B
comp_oqmd_18125_Sn,oqmd_18125,Sn,0.75,A
comp_oqmd_18125_Th,oqmd_18125,Th,0.25,B
comp_oqmd_18128_Sn,oqmd_18128,Sn,0.25,B
comp_oqmd_18128_Ti,oqmd_18128,Ti,0.75,A
comp_oqmd_18132_Sn,oqmd_18132,Sn,0.75,A
comp_oqmd_18132_U,oqmd_18132,U,0.25,B
comp_oqmd_18135_Sn,oqmd_18135,Sn,0.75,A
comp_oqmd_18135_Y,oqmd_18135,Y,0.25,B
comp_oqmd_18138_Sn,oqmd_18138,Sn,0.75,A
comp_oqmd_18138_Yb,oqmd_18138,Yb,0.25,B
comp_oqmd_18140_Sr,oqmd_18140,Sr,0.5,A
comp_oqmd_18140_Tl,oqmd_18140,Tl,0.5,A
comp_oqmd_18145_Ta,oqmd_18145,Ta,0.5,A
comp_oqmd_18145_Tc,oqmd_18145,Tc,0.5,A
comp_oqmd_18147_Tb,oqmd_18147,Tb,0.5,A
comp_oqmd_18147_Te,oqmd_18147,Te,0.5,B
comp_oqmd_18148_Tb,oqmd_18148,Tb,0.5,A
comp_oqmd_18148_Tl,oqmd_18148,Tl,0.5,A
comp_oqmd_18149_Tb,oqmd_18149,Tb,0.25,B
comp_oqmd_18149_Tl,oqmd_18149,Tl,0.75,A
comp_oqmd_18152_Tb,oqmd_18152,Tb,0.5,A
comp_oqmd_18152_Zn,oqmd_18152,Zn,0.5,A
comp_oqmd_18156_Tc,oqmd_18156,Tc,0.5,A
comp_oqmd_18156_Ti,oqmd_18156,Ti,0.5,A
comp_oqmd_18157_Tc,oqmd_18157,Tc,0.5,A
comp_oqmd_18157_V,oqmd_18157,V,0.5,A
comp_oqmd_18158_Te,oqmd_18158,Te,0.5,B
comp_oqmd_18158_Tm,oqmd_18158,Tm,0.5,A
comp_oqmd_18159_Te,oqmd_18159,Te,0.5,B
comp_oqmd_18159_Y,oqmd_18159,Y,0.5,A
comp_oqmd_18162_Th,oqmd_18162,Th,0.25,B
comp_oqmd_18162_Tl,oqmd_18162,Tl,0.75,A
comp_oqmd_18167_Ti,oqmd_18167,Ti,0.25,B
comp_oqmd_18167_Zn,oqmd_18167,Zn,0.75,A
comp_oqmd_18169_Tl,oqmd_18169,Tl,0.5,A
comp_oqmd_18169_Tm,oqmd_18169,Tm,0.5,A
comp_oqmd_18170_Tl,oqmd_18170,Tl,0.75,A
comp_oqmd_18170_Tm,oqmd_18170,Tm,0.25,B
comp_oqmd_18171_Tl,oqmd_18171,Tl,0.75,A
comp_oqmd_18171_U,oqmd_18171,U,0.25,B
comp_oqmd_18172_Tl,oqmd_18172,Tl,0.5,A
comp_oqmd_18172_Y,oqmd_18172,Y,0.5,A
comp_oqmd_18173_Tl,oqmd_18173,Tl,0.75,A
comp_oqmd_18173_Y,oqmd_18173,Y,0.25,B
comp_oqmd_18174_Tl,oqmd_18174,Tl,0.5,A
comp_oqmd_18174_Yb,oqmd_18174,Yb,0.5,A
comp_oqmd_18175_Tl,oqmd_18175,Tl,0.75,A
comp_oqmd_18175_Yb,oqmd_18175,Yb,0.25,B
comp_oqmd_18176_Tm,oqmd_18176,Tm,0.5,A
comp_oqmd_18176_Zn,oqmd_18176,Zn,0.5,A
comp_oqmd_18181_Y,oqmd_18181,Y,0.5,A
comp_oqmd_18181_Zn,oqmd_18181,Zn,0.5,B
comp_oqmd_18185_Yb,oqmd_18185,Yb,0.5,A
comp_oqmd_18185_Zn,oqmd_18185,Zn,0.5,B
comp_oqmd_18187_Zn,oqmd_18187,Zn,0.5,B
comp_oqmd_18187_Zr,oqmd_18187,Zr,0.5,A
comp_oqmd_18189_V,oqmd_18189,V,0.25,B
comp_oqmd_18189_Zn,oqmd_18189,Zn,0.75,A
comp_oqmd_18193_Al,oqmd_18193,Al,0.5,A
comp_oqmd_18193_Ru,oqmd_18193,Ru,0.5,A
comp_oqmd_18197_Al,oqmd_18197,Al,0.25,B
comp_oqmd_18197_Zr,oqmd_18197,Zr,0.75,A
comp_oqmd_18199_As,oqmd_18199,As,0.5,B
comp_oqmd_18199_La,oqmd_18199,La,0.5,A
comp_oqmd_18312_Dy,oqmd_18312,Dy,0.5,A
comp_oqmd_18312_N,oqmd_18312,N,0.5,B
comp_oqmd_18313_Dy,oqmd_18313,Dy,0.5,A
comp_oqmd_18313_Pd,oqmd_18313,Pd,0.5,A
comp_oqmd_18314_Dy,oqmd_18314,Dy,0.25,B
comp_oqmd_18314_Pd,oqmd_18314,Pd,0.75,A
comp_oqmd_18319_Er,oqmd_18319,Er,0.5,A
comp_oqmd_18319_N,oqmd_18319,N,0.5,B
comp_oqmd_18320_Er,oqmd_18320,Er,0.25,B
comp_oqmd_18320_Pd,oqmd_18320,Pd,0.75,A
comp_oqmd_18322_Er,oqmd_18322,Er,0.5,A
comp_oqmd_18322_S,oqmd_18322,S,0.5,B
comp_oqmd_18364_Ga,oqmd_18364,Ga,0.75,A
comp_oqmd_18364_Lu,oqmd_18364,Lu,0.25,B
comp_oqmd_18367_Ga,oqmd_18367,Ga,0.75,A
comp_oqmd_18367_Np,oqmd_18367,Np,0.25,B
comp_oqmd_18451_Al,oqmd_18451,Al,0.25,B
comp_oqmd_18451_Np,oqmd_18451,Np,0.75,A
comp_oqmd_18452_In,oqmd_18452,In,0.25,B
comp_oqmd_18452_Np,oqmd_18452,Np,0.75,A
comp_oqmd_18456_Bi,oqmd_18456,Bi,0.5,B
comp_oqmd_18456_Np,oqmd_18456,Np,0.5,A
comp_oqmd_18457_Np,oqmd_18457,Np,0.5,A
comp_oqmd_18457_Se,oqmd_18457,Se,0.5,B
comp_oqmd_18458_Np,oqmd_18458,Np,0.5,A
comp_oqmd_18458_Te,oqmd_18458,Te,0.5,B
comp_oqmd_18459_Bi,oqmd_18459,Bi,0.5,B
comp_oqmd_18459_Pu,oqmd_18459,Pu,0.5,A
comp_oqmd_18460_In,oqmd_18460,In,0.75,A
comp_oqmd_18460_Np,oqmd_18460,Np,0.25,B
comp_oqmd_18489_In,oqmd_18489,In,0.25,B
comp_oqmd_18489_La,oqmd_18489,La,0.75,A
comp_oqmd_18499_Co,oqmd_18499,Co,0.25,B
comp_oqmd_18499_Pt,oqmd_18499,Pt,0.75,A
comp_oqmd_18665_Ce,oqmd_18665,Ce,0.25,B
comp_oqmd_18665_Pd,oqmd_18665,Pd,0.75,A
comp_oqmd_18674_Rh,oqmd_18674,Rh,0.5,A
comp_oqmd_18674_Zn,oqmd_18674,Zn,0.5,A
comp_oqmd_18693_Gd,oqmd_18693,Gd,0.25,B
comp_oqmd_18693_Pd,oqmd_18693,Pd,0.75,A
comp_oqmd_18714_Al,oqmd_18714,Al,0.25,B
comp_oqmd_18714_Pt,oqmd_18714,Pt,0.75,A
comp_oqmd_18716_Al,oqmd_18716,Al,0.75,A
comp_oqmd_18716_Sc,oqmd_18716,Sc,0.25,B
comp_oqmd_18728_As,oqmd_18728,As,0.5,B
comp_oqmd_18728_Cr,oqmd_18728,Cr,0.5,A
comp_oqmd_18741_Au,oqmd_18741,Au,0.5,A
comp_oqmd_18741_Zn,oqmd_18741,Zn,0.5,A
comp_oqmd_18755_Bi,oqmd_18755,Bi,0.5,A
comp_oqmd_18755_Ce,oqmd_18755,Ce,0.5,A
comp_oqmd_18759_Bi,oqmd_18759,Bi,0.5,B
comp_oqmd_18759_Sm,oqmd_18759,Sm,0.5,A
comp_oqmd_18776_C,oqmd_18776,C,0.5,B
comp_oqmd_18776_Pa,oqmd_18776,Pa,0.5,A
comp_oqmd_18782_Ca,oqmd_18782,Ca,0.25,B
comp_oqmd_18782_Pb,oqmd_18782,Pb,0.75,A
comp_oqmd_18785_Cd,oqmd_18785,Cd,0.5,A
comp_oqmd_18785_Gd,oqmd_18785,Gd,0.5,A
comp_oqmd_18788_Cd,oqmd_18788,Cd,0.5,A
comp_oqmd_18788_Tb,oqmd_18788,Tb,0.5,A
comp_oqmd_18793_Ce,oqmd_18793,Ce,0.75,A
comp_oqmd_18793_In,oqmd_18793,In,0.25,B
comp_oqmd_18794_Ce,oqmd_18794,Ce,0.75,A
comp_oqmd_18794_Pb,oqmd_18794,Pb,0.25,B
comp_oqmd_18797_Ce,oqmd_18797,Ce,0.5,A
comp_oqmd_18797_Zn,oqmd_18797,Zn,0.5,A
comp_oqmd_18811_Co,oqmd_18811,Co,0.5,A
comp_oqmd_18811_Ti,oqmd_18811,Ti,0.5,A
comp_oqmd_18815_Cr,oqmd_18815,Cr,0.25,B
comp_oqmd_18815_Rh,oqmd_18815,Rh,0.75,A
comp_oqmd_18818_Cu,oqmd_18818,Cu,0.5,A
comp_oqmd_18818_Er,oqmd_18818,Er,0.5,A
comp_oqmd_18819_Cu,oqmd_18819,Cu,0.5,A
comp_oqmd_18819_Eu,oqmd_18819,Eu,0.5,A
comp_oqmd_18829_Dy,oqmd_18829,Dy,0.5,A
comp_oqmd_18829_Mg,oqmd_18829,Mg,0.5,A
comp_oqmd_18834_Eu,oqmd_18834,Eu,0.25,B
comp_oqmd_18834_Sn,oqmd_18834,Sn,0.75,A
comp_oqmd_18839_Fe,oqmd_18839,Fe,0.5,A
comp_oqmd_18839_Rh,oqmd_18839,Rh,0.5,A
comp_oqmd_18852_Ge,oqmd_18852,Ge,0.25,B
comp_oqmd_18852_Nb,oqmd_18852,Nb,0.75,A
comp_oqmd_18854_H,oqmd_18854,H,0.5,B
comp_oqmd_18854_Mn,oqmd_18854,Mn,0.5,A
comp_oqmd_18855_H,oqmd_18855,H,0.5,B
comp_oqmd_18855_Mo,oqmd_18855,Mo,0.5,A
comp_oqmd_18866_Ir,oqmd_18866,Ir,0.75,A
comp_oqmd_18866_Sc,oqmd_18866,Sc,0.25,B
comp_oqmd_18867_Ir,oqmd_18867,Ir,0.5,A
comp_oqmd_18867_Ti,oqmd_18867,Ti,0.5,A
comp_oqmd_18869_Mg,oqmd_18869,Mg,0.5,A
comp_oqmd_18869_Sc,oqmd_18869,Sc,0.5,A
comp_oqmd_18875_Nb,oqmd_18875,Nb,0.75,A
comp_oqmd_18875_Si,oqmd_18875,Si,0.25,B
comp_oqmd_18876_Ni,oqmd_18876,Ni,0.5,A
comp_oqmd_18876_Pb,oqmd_18876,Pb,0.5,B
comp_oqmd_18884_Pr,oqmd_18884,Pr,0.25,B
comp_oqmd_18884_Pt,oqmd_18884,Pt,0.75,A
comp_oqmd_18890_Pr,oqmd_18890,Pr,0.25,B
comp_oqmd_18890_Sn,oqmd_18890,Sn,0.75,A
comp_oqmd_18891_Pr,oqmd_18891,Pr,0.5,A
comp_oqmd_18891_Tl,oqmd_18891,Tl,0.5,A
comp_oqmd_18892_Pr,oqmd_18892,Pr,0.25,B
comp_oqmd_18892_Tl,oqmd_18892,Tl,0.75,A
comp_oqmd_18894_Pr,oqmd_18894,Pr,0.75,A
comp_oqmd_18894_Tl,oqmd_18894,Tl,0.25,B
comp_oqmd_18895_Pr,oqmd_18895,Pr,0.5,A
comp_oqmd_18895_Zn,oqmd_18895,Zn,0.5,A
comp_oqmd_18903_Rh,oqmd_18903,Rh,0.5,A
comp_oqmd_18903_Yb,oqmd_18903,Yb,0.5,A
comp_oqmd_18904_Ru,oqmd_18904,Ru,0.5,A
comp_oqmd_18904_Yb,oqmd_18904,Yb,0.5,A
comp_oqmd_18905_S,oqmd_18905,S,0.5,B
comp_oqmd_18905_Zr,oqmd_18905,Zr,0.5,A
comp_oqmd_18908_Sm,oqmd_18908,Sm,0.25,B
comp_oqmd_18908_Sn,oqmd_18908,Sn,0.75,A
comp_oqmd_18920_Al,oqmd_18920,Al,0.25,B
comp_oqmd_18920_Ce,oqmd_18920,Ce,0.75,A
comp_oqmd_1897_As,oqmd_1897,As,0.5,B
comp_oqmd_1897_Sc,oqmd_1897,Sc,0.5,A
comp_oqmd_1898_Sb,oqmd_1898,Sb,0.5,B
comp_oqmd_1898_Sc,oqmd_1898,Sc,0.5,A
comp_oqmd_19012_Bi,oqmd_19012,Bi,0.5,A
comp_oqmd_19012_Rh,oqmd_19012,Rh,0.5,B
comp_oqmd_19092_Gd,oqmd_19092,Gd,0.5,A
comp_oqmd_19092_Th,oqmd_19092,Th,0.5,A
comp_oqmd_19093_Dy,oqmd_19093,Dy,0.5,A
comp_oqmd_19093_Th,oqmd_19093,Th,0.5,A
comp_oqmd_19112_Cd,oqmd_19112,Cd,0.75,A
comp_oqmd_19112_In,oqmd_19112,In,0.25,B
comp_oqmd_19121_Cr,oqmd_19121,Cr,0.5,A
comp_oqmd_19121_O,oqmd_19121,O,0.5,B
comp_oqmd_19149_Au,oqmd_19149,Au,0.5,A
comp_oqmd_19149_Mn,oqmd_19149,Mn,0.5,A
comp_oqmd_19154_Ge,oqmd_19154,Ge,0.75,A
comp_oqmd_19154_Pu,oqmd_19154,Pu,0.25,B
comp_oqmd_19192_Ga,oqmd_19192,Ga,0.75,A
comp_oqmd_19192_Ho,oqmd_19192,Ho,0.25,B
comp_oqmd_19193_Ga,oqmd_19193,Ga,0.75,A
comp_oqmd_19193_Tm,oqmd_19193,Tm,0.25,B
comp_oqmd_19332_Al,oqmd_19332,Al,0.5,A
comp_oqmd_19332_Gd,oqmd_19332,Gd,0.5,A
comp_oqmd_19333_Cu,oqmd_19333,Cu,0.5,A
comp_oqmd_19333_Dy,oqmd_19333,Dy,0.5,A
comp_oqmd_19341_Ag,oqmd_19341,Ag,0.5,A
comp_oqmd_19341_Zn,oqmd_19341,Zn,0.5,A
comp_oqmd_19355_Fe,oqmd_19355,Fe,0.5,A
comp_oqmd_19355_Sn,oqmd_19355,Sn,0.5,B
comp_oqmd_19422_Os,oqmd_19422,Os,0.5,A
comp_oqmd_19422_V,oqmd_19422,V,0.5,A
comp_oqmd_19423_Fe,oqmd_19423,Fe,0.5,A
comp_oqmd_19423_Ti,oqmd_19423,Ti,0.5,A
comp_oqmd_19431_N,oqmd_19431,N,0.5,B
comp_oqmd_19431_Nb,oqmd_19431,Nb,0.5,A
comp_oqmd_19455_Ni,oqmd_19455,Ni,0.75,A
comp_oqmd_19455_Pt,oqmd_19455,Pt,0.25,B
comp_oqmd_19476_Al,oqmd_19476,Al,0.5,A
comp_oqmd_19476_Nd,oqmd_19476,Nd,0.5,A
comp_oqmd_1949_C,oqmd_1949,C,0.5,B
comp_oqmd_1949_Ti,oqmd_1949,Ti,0.5,A
comp_oqmd_19509_O,oqmd_19509,O,0.5,B
comp_oqmd_19509_Yb,oqmd_19509,Yb,0.5,A
comp_oqmd_1956_Eu,oqmd_1956,Eu,0.5,A
comp_oqmd_1956_N,oqmd_1956,N,0.5,B
comp_oqmd_19681_Mg,oqmd_19681,Mg,0.25,B
comp_oqmd_19681_Pd,oqmd_19681,Pd,0.75,A
comp_oqmd_19979_Co,oqmd_19979,Co,0.5,A
comp_oqmd_19979_Si,oqmd_19979,Si,0.5,A
comp_oqmd_20081_In,oqmd_20081,In,0.5,A
comp_oqmd_20081_N,oqmd_20081,N,0.5,B
comp_oqmd_20082_Ge,oqmd_20082,Ge,0.25,B
comp_oqmd_20082_Pu,oqmd_20082,Pu,0.75,A
comp_oqmd_20083_Pu,oqmd_20083,Pu,0.75,A
comp_oqmd_20083_Sn,oqmd_20083,Sn,0.25,B
comp_oqmd_2012589_La,oqmd_2012589,La,0.5,A
comp_oqmd_2012589_Se,oqmd_2012589,Se,0.5,B
comp_oqmd_2012590_La,oqmd_2012590,La,0.5,A
comp_oqmd_2012590_S,oqmd_2012590,S,0.5,A
comp_oqmd_2012591_La,oqmd_2012591,La,0.5,A
comp_oqmd_2012591_Se,oqmd_2012591,Se,0.5,A
comp_oqmd_2013280_Fe,oqmd_2013280,Fe,0.5,A
comp_oqmd_2013280_O,oqmd_2013280,O,0.5,B
comp_oqmd_2013669_Fe,oqmd_2013669,Fe,0.5,A
comp_oqmd_2013669_H,oqmd_2013669,H,0.5,B
comp_oqmd_2013938_N,oqmd_2013938,N,0.5,A
comp_oqmd_2013938_Np,oqmd_2013938,Np,0.5,A
comp_oqmd_2013956_Ir,oqmd_2013956,Ir,0.5,A
comp_oqmd_2013956_N,oqmd_2013956,N,0.5,A
comp_oqmd_2013968_C,oqmd_2013968,C,0.5,B
comp_oqmd_2013968_Tc,oqmd_2013968,Tc,0.5,A
comp_oqmd_2013976_Ag,oqmd_2013976,Ag,0.5,A
comp_oqmd_2013976_C,oqmd_2013976,C,0.5,B
comp_oqmd_2013978_C,oqmd_2013978,C,0.5,B
comp_oqmd_2013978_Cd,oqmd_2013978,Cd,0.5,A
comp_oqmd_2013998_Cd,oqmd_2013998,Cd,0.5,A
comp_oqmd_2013998_N,oqmd_2013998,N,0.5,B
comp_oqmd_2014097_N,oqmd_2014097,N,0.5,B
comp_oqmd_2014097_Ti,oqmd_2014097,Ti,0.5,A
comp_oqmd_2014098_N,oqmd_2014098,N,0.5,A
comp_oqmd_2014098_Ti,oqmd_2014098,Ti,0.5,A
comp_oqmd_2014102_Hf,oqmd_2014102,Hf,0.5,A
comp_oqmd_2014102_N,oqmd_2014102,N,0.5,A
comp_oqmd_2014104_N,oqmd_2014104,N,0.5,A
comp_oqmd_2014104_V,oqmd_2014104,V,0.5,A
comp_oqmd_2014106_N,oqmd_2014106,N,0.5,A
comp_oqmd_2014106_Nb,oqmd_2014106,Nb,0.5,A
comp_oqmd_2014108_N,oqmd_2014108,N,0.5,A
comp_oqmd_2014108_Ta,oqmd_2014108,Ta,0.5,A
comp_oqmd_2014212_Ce,oqmd_2014212,Ce,0.5,A
comp_oqmd_2014212_S,oqmd_2014212,S,0.5,B
comp_oqmd_2014220_La,oqmd_2014220,La,0.5,A
comp_oqmd_2014220_Te,oqmd_2014220,Te,0.5,A
comp_oqmd_2014221_Ce,oqmd_2014221,Ce,0.5,A
comp_oqmd_2014221_S,oqmd_2014221,S,0.5,A
comp_oqmd_2014222_Ce,oqmd_2014222,Ce,0.5,A
comp_oqmd_2014222_Se,oqmd_2014222,Se,0.5,A
comp_oqmd_2014223_Ce,oqmd_2014223,Ce,0.5,A
comp_oqmd_2014223_Te,oqmd_2014223,Te,0.5,A
comp_oqmd_2014224_Eu,oqmd_2014224,Eu,0.5,A
comp_oqmd_2014224_S,oqmd_2014224,S,0.5,A
comp_oqmd_2014225_Eu,oqmd_2014225,Eu,0.5,A
comp_oqmd_2014225_Se,oqmd_2014225,Se,0.5,A
comp_oqmd_2014422_N,oqmd_2014422,N,0.5,B
comp_oqmd_2014422_Na,oqmd_2014422,Na,0.5,A
comp_oqmd_2014423_K,oqmd_2014423,K,0.5,A
comp_oqmd_2014423_N,oqmd_2014423,N,0.5,B
comp_oqmd_2014542_P,oqmd_2014542,P,0.5,A
comp_oqmd_2014542_Y,oqmd_2014542,Y,0.5,A
comp_oqmd_2014545_Sb,oqmd_2014545,Sb,0.5,B
comp_oqmd_2014545_Y,oqmd_2014545,Y,0.5,A
comp_oqmd_2014546_Sb,oqmd_2014546,Sb,0.5,A
comp_oqmd_2014546_Y,oqmd_2014546,Y,0.5,A
comp_oqmd_2014611_Hf,oqmd_2014611,Hf,0.5,A
comp_oqmd_2014611_Pd,oqmd_2014611,Pd,0.5,A
comp_oqmd_2014613_Hf,oqmd_2014613,Hf,0.5,A
comp_oqmd_2014613_Ir,oqmd_2014613,Ir,0.5,A
comp_oqmd_2014750_C,oqmd_2014750,C,0.5,B
comp_oqmd_2014750_Os,oqmd_2014750,Os,0.5,A
comp_oqmd_2014751_C,oqmd_2014751,C,0.5,B
comp_oqmd_2014751_Ir,oqmd_2014751,Ir,0.5,A
comp_oqmd_2014753_C,oqmd_2014753,C,0.5,A
comp_oqmd_2014753_Hf,oqmd_2014753,Hf,0.5,A
comp_oqmd_2014754_C,oqmd_2014754,C,0.5,A
comp_oqmd_2014754_Ta,oqmd_2014754,Ta,0.5,A
comp_oqmd_2014755_C,oqmd_2014755,C,0.5,A
comp_oqmd_2014755_W,oqmd_2014755,W,0.5,A
comp_oqmd_2014756_C,oqmd_2014756,C,0.5,A
comp_oqmd_2014756_Re,oqmd_2014756,Re,0.5,A
comp_oqmd_2014757_C,oqmd_2014757,C,0.5,A
comp_oqmd_2014757_Os,oqmd_2014757,Os,0.5,A
comp_oqmd_2014758_C,oqmd_2014758,C,0.5,A
comp_oqmd_2014758_Ir,oqmd_2014758,Ir,0.5,A
comp_oqmd_2014759_C,oqmd_2014759,C,0.5,A
comp_oqmd_2014759_Pt,oqmd_2014759,Pt,0.5,A
comp_oqmd_2014843_Al,oqmd_2014843,Al,0.5,A
comp_oqmd_2014843_N,oqmd_2014843,N,0.5,B
comp_oqmd_2014895_N,oqmd_2014895,N,0.5,B
comp_oqmd_2014895_Tl,oqmd_2014895,Tl,0.5,A
comp_oqmd_2014970_Pb,oqmd_2014970,Pb,0.5,B
comp_oqmd_2014970_Te,oqmd_2014970,Te,0.5,A
comp_oqmd_2014997_Mo,oqmd_2014997,Mo,0.5,A
comp_oqmd_2014997_P,oqmd_2014997,P,0.5,B
comp_oqmd_2015003_Cd,oqmd_2015003,Cd,0.5,A
comp_oqmd_2015003_N,oqmd_2015003,N,0.5,A
comp_oqmd_2015164_Ho,oqmd_2015164,Ho,0.5,A
comp_oqmd_2015164_N,oqmd_2015164,N,0.5,A
comp_oqmd_2015166_Ho,oqmd_2015166,Ho,0.5,A
comp_oqmd_2015166_P,oqmd_2015166,P,0.5,A
comp_oqmd_2015168_As,oqmd_2015168,As,0.5,A
comp_oqmd_2015168_Ho,oqmd_2015168,Ho,0.5,A
comp_oqmd_2015170_Bi,oqmd_2015170,Bi,0.5,A
comp_oqmd_2015170_Ho,oqmd_2015170,Ho,0.5,A
comp_oqmd_2015171_Er,oqmd_2015171,Er,0.5,A
comp_oqmd_2015171_H,oqmd_2015171,H,0.5,B
comp_oqmd_2015237_Bi,oqmd_2015237,Bi,0.5,A
comp_oqmd_2015237_Pr,oqmd_2015237,Pr,0.5,A
comp_oqmd_2015244_Dy,oqmd_2015244,Dy,0.5,A
comp_oqmd_2015244_P,oqmd_2015244,P,0.5,A
comp_oqmd_2015245_As,oqmd_2015245,As,0.5,B
comp_oqmd_2015245_Dy,oqmd_2015245,Dy,0.5,A
comp_oqmd_2015246_As,oqmd_2015246,As,0.5,A
comp_oqmd_2015246_Dy,oqmd_2015246,Dy,0.5,A
comp_oqmd_2015302_N,oqmd_2015302,N,0.5,A
comp_oqmd_2015302_Tc,oqmd_2015302,Tc,0.5,A
comp_oqmd_2015345_Al,oqmd_2015345,Al,0.5,A
comp_oqmd_2015345_Co,oqmd_2015345,Co,0.5,A
comp_oqmd_2015346_Co,oqmd_2015346,Co,0.5,A
comp_oqmd_2015346_W,oqmd_2015346,W,0.5,A
comp_oqmd_2015347_Co,oqmd_2015347,Co,0.5,A
comp_oqmd_2015347_Ti,oqmd_2015347,Ti,0.5,A
comp_oqmd_2015348_Co,oqmd_2015348,Co,0.5,A
comp_oqmd_2015348_V,oqmd_2015348,V,0.5,A
comp_oqmd_2015349_Co,oqmd_2015349,Co,0.5,A
comp_oqmd_2015349_Nb,oqmd_2015349,Nb,0.5,A
comp_oqmd_2015350_Co,oqmd_2015350,Co,0.5,A
comp_oqmd_2015350_Ta,oqmd_2015350,Ta,0.5,A
comp_oqmd_2015351_Co,oqmd_2015351,Co,0.5,A
comp_oqmd_2015351_Cr,oqmd_2015351,Cr,0.5,A
comp_oqmd_2015352_Co,oqmd_2015352,Co,0.5,A
comp_oqmd_2015352_Mo,oqmd_2015352,Mo,0.5,A
comp_oqmd_2015353_Co,oqmd_2015353,Co,0.5,A
comp_oqmd_2015353_Mn,oqmd_2015353,Mn,0.5,A
comp_oqmd_2015355_Co,oqmd_2015355,Co,0.5,A
comp_oqmd_2015355_Ni,oqmd_2015355,Ni,0.5,A
comp_oqmd_2015402_Ti,oqmd_2015402,Ti,0.5,A
comp_oqmd_2015402_Y,oqmd_2015402,Y,0.5,A
comp_oqmd_2015634_C,oqmd_2015634,C,0.5,A
comp_oqmd_2015634_Nb,oqmd_2015634,Nb,0.5,A
comp_oqmd_2015642_Fe,oqmd_2015642,Fe,0.5,A
comp_oqmd_2015642_Ti,oqmd_2015642,Ti,0.5,A
comp_oqmd_2016169_H,oqmd_2016169,H,0.5,B
comp_oqmd_2016169_Ti,oqmd_2016169,Ti,0.5,A
comp_oqmd_2016171_H,oqmd_2016171,H,0.5,B
comp_oqmd_2016171_V,oqmd_2016171,V,0.5,A
comp_oqmd_2016180_Bi,oqmd_2016180,Bi,0.5,A
comp_oqmd_2016180_Pu,oqmd_2016180,Pu,0.5,A
comp_oqmd_2016195_Mn,oqmd_2016195,Mn,0.5,A
comp_oqmd_2016195_Sn,oqmd_2016195,Sn,0.5,B
comp_oqmd_2016196_Mn,oqmd_2016196,Mn,0.5,A
comp_oqmd_2016196_Sn,oqmd_2016196,Sn,0.5,A
comp_oqmd_2016199_Mn,oqmd_2016199,Mn,0.5,A
comp_oqmd_2016199_Sb,oqmd_2016199,Sb,0.5,B
comp_oqmd_2016200_Mn,oqmd_2016200,Mn,0.5,A
comp_oqmd_2016200_Sb,oqmd_2016200,Sb,0.5,A
comp_oqmd_2016341_Rb,oqmd_2016341,Rb,0.5,A
comp_oqmd_2016341_Sb,oqmd_2016341,Sb,0.5,B
comp_oqmd_2016343_Rb,oqmd_2016343,Rb,0.5,A
comp_oqmd_2016343_Te,oqmd_2016343,Te,0.5,B
comp_oqmd_2017405_As,oqmd_2017405,As,0.5,B
comp_oqmd_2017405_La,oqmd_2017405,La,0.5,A
comp_oqmd_2017949_Cd,oqmd_2017949,Cd,0.5,A
comp_oqmd_2017949_O,oqmd_2017949,O,0.5,B
comp_oqmd_2018051_Ru,oqmd_2018051,Ru,0.5,A
comp_oqmd_2018051_V,oqmd_2018051,V,0.5,A
comp_oqmd_2018128_Ba,oqmd_2018128,Ba,0.5,A
comp_oqmd_2018128_Se,oqmd_2018128,Se,0.5,B
comp_oqmd_2018193_Sb,oqmd_2018193,Sb,0.5,B
comp_oqmd_2018193_Yb,oqmd_2018193,Yb,0.5,A
comp_oqmd_2019709_N,oqmd_2019709,N,0.5,A
comp_oqmd_2019709_Nd,oqmd_2019709,Nd,0.5,A
comp_oqmd_2019865_Cr,oqmd_2019865,Cr,0.5,A
comp_oqmd_2019865_N,oqmd_2019865,N,0.5,A
comp_oqmd_2019867_Mn,oqmd_2019867,Mn,0.5,A
comp_oqmd_2019867_N,oqmd_2019867,N,0.5,A
comp_oqmd_2019869_Fe,oqmd_2019869,Fe,0.5,A
comp_oqmd_2019869_N,oqmd_2019869,N,0.5,A
comp_oqmd_2019871_Co,oqmd_2019871,Co,0.5,A
comp_oqmd_2019871_N,oqmd_2019871,N,0.5,A
comp_oqmd_2019873_N,oqmd_2019873,N,0.5,A
comp_oqmd_2019873_Ni,oqmd_2019873,Ni,0.5,A
comp_oqmd_2019875_Cu,oqmd_2019875,Cu,0.5,A
comp_oqmd_2019875_N,oqmd_2019875,N,0.5,A
comp_oqmd_2019877_N,oqmd_2019877,N,0.5,A
comp_oqmd_2019877_Zn,oqmd_2019877,Zn,0.5,A
comp_oqmd_2019925_Dy,oqmd_2019925,Dy,0.5,A
comp_oqmd_2019925_Sb,oqmd_2019925,Sb,0.5,A
comp_oqmd_2019926_Ho,oqmd_2019926,Ho,0.5,A
comp_oqmd_2019926_Sb,oqmd_2019926,Sb,0.5,A
comp_oqmd_2019927_Er,oqmd_2019927,Er,0.5,A
comp_oqmd_2019927_Sb,oqmd_2019927,Sb,0.5,A
comp_oqmd_2019928_Sb,oqmd_2019928,Sb,0.5,A
comp_oqmd_2019928_Tm,oqmd_2019928,Tm,0.5,A
comp_oqmd_2020985_Mg,oqmd_2020985,Mg,0.5,A
comp_oqmd_2020985_O,oqmd_2020985,O,0.5,A
comp_oqmd_2023377_C,oqmd_2023377,C,0.5,A
comp_oqmd_2023377_Th,oqmd_2023377,Th,0.5,A
comp_oqmd_2023734_Sb,oqmd_2023734,Sb,0.5,B
comp_oqmd_2023734_Sm,oqmd_2023734,Sm,0.5,A
comp_oqmd_2023869_Bi,oqmd_2023869,Bi,0.5,A
comp_oqmd_2023869_S,oqmd_2023869,S,0.5,A
comp_oqmd_20241_Mo,oqmd_20241,Mo,0.5,A
comp_oqmd_20241_N,oqmd_20241,N,0.5,B
comp_oqmd_2024177_H,oqmd_2024177,H,0.5,A
comp_oqmd_2024177_Ru,oqmd_2024177,Ru,0.5,B
comp_oqmd_20242_Mo,oqmd_20242,Mo,0.5,A
comp_oqmd_20242_N,oqmd_20242,N,0.5,A
comp_oqmd_2025608_Ag,oqmd_2025608,Ag,0.5,A
comp_oqmd_2025608_In,oqmd_2025608,In,0.5,A
comp_oqmd_2027931_N,oqmd_2027931,N,0.5,B
comp_oqmd_2027931_Pa,oqmd_2027931,Pa,0.5,A
comp_oqmd_20281_P,oqmd_20281,P,0.5,A
comp_oqmd_20281_Y,oqmd_20281,Y,0.5,A
comp_oqmd_20282_As,oqmd_20282,As,0.5,A
comp_oqmd_20282_Y,oqmd_20282,Y,0.5,A
comp_oqmd_2029427_H,oqmd_2029427,H,0.5,B
comp_oqmd_2029427_Sc,oqmd_2029427,Sc,0.5,A
comp_oqmd_2029479_N,oqmd_2029479,N,0.5,A
comp_oqmd_2029479_W,oqmd_2029479,W,0.5,A
comp_oqmd_2029493_Ca,oqmd_2029493,Ca,0.5,A
comp_oqmd_2029493_O,oqmd_2029493,O,0.5,A
comp_oqmd_2029525_Cs,oqmd_2029525,Cs,0.5,A
comp_oqmd_2029525_Xe,oqmd_2029525,Xe,0.5,A
comp_oqmd_2029544_Ar,oqmd_2029544,Ar,0.5,A
comp_oqmd_2029544_Mg,oqmd_2029544,Mg,0.5,A
comp_oqmd_2029546_Mg,oqmd_2029546,Mg,0.5,A
comp_oqmd_2029546_Xe,oqmd_2029546,Xe,0.5,A
comp_oqmd_2029755_Cs,oqmd_2029755,Cs,0.5,A
comp_oqmd_2029755_Se,oqmd_2029755,Se,0.5,A
comp_oqmd_2029756_Cs,oqmd_2029756,Cs,0.5,A
comp_oqmd_2029756_Se,oqmd_2029756,Se,0.5,B
comp_oqmd_2030022_C,oqmd_2030022,C,0.5,B
comp_oqmd_2030022_Yb,oqmd_2030022,Yb,0.5,A
comp_oqmd_2030203_As,oqmd_2030203,As,0.5,B
comp_oqmd_2030203_Ga,oqmd_2030203,Ga,0.5,A
comp_oqmd_2030303_Al,oqmd_2030303,Al,0.5,A
comp_oqmd_2030303_Ca,oqmd_2030303,Ca,0.5,A
comp_oqmd_2030304_Al,oqmd_2030304,Al,0.5,A
comp_oqmd_2030304_Mg,oqmd_2030304,Mg,0.5,A
comp_oqmd_2030306_Ca,oqmd_2030306,Ca,0.5,A
comp_oqmd_2030306_Mg,oqmd_2030306,Mg,0.5,A
comp_oqmd_2030339_Bi,oqmd_2030339,Bi,0.5,A
comp_oqmd_2030339_Na,oqmd_2030339,Na,0.5,A
comp_oqmd_2030393_Mo,oqmd_2030393,Mo,0.5,A
comp_oqmd_2030393_Ni,oqmd_2030393,Ni,0.5,A
comp_oqmd_2030395_Ni,oqmd_2030395,Ni,0.5,A
comp_oqmd_2030395_Zr,oqmd_2030395,Zr,0.5,A
comp_oqmd_2030400_Mo,oqmd_2030400,Mo,0.5,A
comp_oqmd_2030400_Zr,oqmd_2030400,Zr,0.5,A
comp_oqmd_2030425_S,oqmd_2030425,S,0.5,B
comp_oqmd_2030425_Zn,oqmd_2030425,Zn,0.5,A
comp_oqmd_2030450_Nb,oqmd_2030450,Nb,0.5,A
comp_oqmd_2030450_Ti,oqmd_2030450,Ti,0.5,A
comp_oqmd_2030475_N,oqmd_2030475,N,0.5,A
comp_oqmd_2030475_Pm,oqmd_2030475,Pm,0.5,A
comp_oqmd_2030478_Eu,oqmd_2030478,Eu,0.5,A
comp_oqmd_2030478_N,oqmd_2030478,N,0.5,A
comp_oqmd_2030481_N,oqmd_2030481,N,0.5,A
comp_oqmd_2030481_Yb,oqmd_2030481,Yb,0.5,A
comp_oqmd_2030502_Ni,oqmd_2030502,Ni,0.5,A
comp_oqmd_2030502_W,oqmd_2030502,W,0.5,A
comp_oqmd_2030504_Al,oqmd_2030504,Al,0.5,A
comp_oqmd_2030504_W,oqmd_2030504,W,0.5,A
comp_oqmd_2030839_Ag,oqmd_2030839,Ag,0.5,A
comp_oqmd_2030839_Br,oqmd_2030839,Br,0.5,A
comp_oqmd_2030842_Ag,oqmd_2030842,Ag,0.5,A
comp_oqmd_2030842_Cl,oqmd_2030842,Cl,0.5,A
comp_oqmd_2030890_Cu,oqmd_2030890,Cu,0.5,A
comp_oqmd_2030890_Mg,oqmd_2030890,Mg,0.5,A
comp_oqmd_2030938_Os,oqmd_2030938,Os,0.5,A
comp_oqmd_2030938_Y,oqmd_2030938,Y,0.5,A
comp_oqmd_2030940_Nb,oqmd_2030940,Nb,0.5,A
comp_oqmd_2030940_Tc,oqmd_2030940,Tc,0.5,A
comp_oqmd_2031148_Li,oqmd_2031148,Li,0.5,A
comp_oqmd_2031148_Zn,oqmd_2031148,Zn,0.5,A
comp_oqmd_2031194_In,oqmd_2031194,In,0.5,A
comp_oqmd_2031194_Se,oqmd_2031194,Se,0.5,B
comp_oqmd_2031349_Ni,oqmd_2031349,Ni,0.5,A
comp_oqmd_2031349_Ta,oqmd_2031349,Ta,0.5,A
comp_oqmd_2031351_Al,oqmd_2031351,Al,0.5,A
comp_oqmd_2031351_Ta,oqmd_2031351,Ta,0.5,A
comp_oqmd_2031521_Ba,oqmd_2031521,Ba,0.5,A
comp_oqmd_2031521_Cl,oqmd_2031521,Cl,0.5,B
comp_oqmd_2031522_Ba,oqmd_2031522,Ba,0.5,A
comp_oqmd_2031522_Cl,oqmd_2031522,Cl,0.5,A
comp_oqmd_2031531_As,oqmd_2031531,As,0.5,A
comp_oqmd_2031531_Ta,oqmd_2031531,Ta,0.5,A
comp_oqmd_2031534_As,oqmd_2031534,As,0.5,B
comp_oqmd_2031534_Ta,oqmd_2031534,Ta,0.5,A
comp_oqmd_2031815_C,oqmd_2031815,C,0.5,A
comp_oqmd_2031815_Cr,oqmd_2031815,Cr,0.5,A
comp_oqmd_2031821_C,oqmd_2031821,C,0.5,A
comp_oqmd_2031821_Mo,oqmd_2031821,Mo,0.5,A
comp_oqmd_2032446_Ti,oqmd_2032446,Ti,0.5,A
comp_oqmd_2032446_Zn,oqmd_2032446,Zn,0.5,A
comp_oqmd_2032652_H,oqmd_2032652,H,0.5,B
comp_oqmd_2032652_Mo,oqmd_2032652,Mo,0.5,A
comp_oqmd_2032671_As,oqmd_2032671,As,0.5,A
comp_oqmd_2032671_Sn,oqmd_2032671,Sn,0.5,A
comp_oqmd_2032681_Bi,oqmd_2032681,Bi,0.5,B
comp_oqmd_2032681_Ti,oqmd_2032681,Ti,0.5,A
comp_oqmd_2032721_F,oqmd_2032721,F,0.5,A
comp_oqmd_2032721_K,oqmd_2032721,K,0.5,A
comp_oqmd_2032723_Br,oqmd_2032723,Br,0.5,A
comp_oqmd_2032723_Na,oqmd_2032723,Na,0.5,A
comp_oqmd_2032725_F,oqmd_2032725,F,0.5,A
comp_oqmd_2032725_Na,oqmd_2032725,Na,0.5,A
comp_oqmd_2032726_I,oqmd_2032726,I,0.5,A
comp_oqmd_2032726_Na,oqmd_2032726,Na,0.5,A
comp_oqmd_2032781_K,oqmd_2032781,K,0.5,A
comp_oqmd_2032781_Se,oqmd_2032781,Se,0.5,A
comp_oqmd_2032783_K,oqmd_2032783,K,0.5,A
comp_oqmd_2032783_Se,oqmd_2032783,Se,0.5,B
comp_oqmd_2032785_K,oqmd_2032785,K,0.5,A
comp_oqmd_2032785_Te,oqmd_2032785,Te,0.5,A
comp_oqmd_2032787_K,oqmd_2032787,K,0.5,A
comp_oqmd_2032787_Te,oqmd_2032787,Te,0.5,B
comp_oqmd_2032907_Ce,oqmd_2032907,Ce,0.5,A
comp_oqmd_2032907_N,oqmd_2032907,N,0.5,A
comp_oqmd_2033256_Ba,oqmd_2033256,Ba,0.5,A
comp_oqmd_2033256_S,oqmd_2033256,S,0.5,A
comp_oqmd_2033514_Ru,oqmd_2033514,Ru,0.5,A
comp_oqmd_2033514_Sn,oqmd_2033514,Sn,0.5,A
comp_oqmd_2033593_Co,oqmd_2033593,Co,0.5,A
comp_oqmd_2033593_H,oqmd_2033593,H,0.5,B
comp_oqmd_2033964_Ca,oqmd_2033964,Ca,0.5,A
comp_oqmd_2033964_Cu,oqmd_2033964,Cu,0.5,A
comp_oqmd_2033971_Cu,oqmd_2033971,Cu,0.5,A
comp_oqmd_2033971_H,oqmd_2033971,H,0.5,B
comp_oqmd_2033997_H,oqmd_2033997,H,0.5,A
comp_oqmd_2033997_Li,oqmd_2033997,Li,0.5,A
comp_oqmd_2034071_Ge,oqmd_2034071,Ge,0.5,A
comp_oqmd_2034071_Ru,oqmd_2034071,Ru,0.5,A
comp_oqmd_2034282_N,oqmd_2034282,N,0.5,A
comp_oqmd_2034282_Tb,oqmd_2034282,Tb,0.5,A
comp_oqmd_2034284_O,oqmd_2034284,O,0.5,B
comp_oqmd_2034284_Tb,oqmd_2034284,Tb,0.5,A
comp_oqmd_2034286_O,oqmd_2034286,O,0.5,A
comp_oqmd_2034286_Tb,oqmd_2034286,Tb,0.5,A
comp_oqmd_2034290_S,oqmd_2034290,S,0.5,A
comp_oqmd_2034290_Tb,oqmd_2034290,Tb,0.5,A
comp_oqmd_2034294_Se,oqmd_2034294,Se,0.5,A
comp_oqmd_2034294_Tb,oqmd_2034294,Tb,0.5,A
comp_oqmd_2034311_Bi,oqmd_2034311,Bi,0.5,B
comp_oqmd_2034311_Cr,oqmd_2034311,Cr,0.5,A
comp_oqmd_2034318_Bi,oqmd_2034318,Bi,0.5,B
comp_oqmd_2034318_V,oqmd_2034318,V,0.5,A
comp_oqmd_2034328_As,oqmd_2034328,As,0.5,B
comp_oqmd_2034328_Ca,oqmd_2034328,Ca,0.5,A
comp_oqmd_2034333_Ca,oqmd_2034333,Ca,0.5,A
comp_oqmd_2034333_N,oqmd_2034333,N,0.5,B
comp_oqmd_2034376_Mo,oqmd_2034376,Mo,0.5,B
comp_oqmd_2034376_Si,oqmd_2034376,Si,0.5,A
comp_oqmd_2034378_Ge,oqmd_2034378,Ge,0.5,A
comp_oqmd_2034378_Mo,oqmd_2034378,Mo,0.5,B
comp_oqmd_2034380_Mo,oqmd_2034380,Mo,0.5,B
comp_oqmd_2034380_Sn,oqmd_2034380,Sn,0.5,A
comp_oqmd_2034443_Co,oqmd_2034443,Co,0.25,B
comp_oqmd_2034443_O,oqmd_2034443,O,0.5,C
comp_oqmd_2034443_Sc,oqmd_2034443,Sc,0.25,A
comp_oqmd_2034445_Co,oqmd_2034445,Co,0.25,B
comp_oqmd_2034445_O,oqmd_2034445,O,0.5,C
comp_oqmd_2034445_Ti,oqmd_2034445,Ti,0.25,A
comp_oqmd_2034447_Co,oqmd_2034447,Co,0.25,B
comp_oqmd_2034447_O,oqmd_2034447,O,0.5,C
comp_oqmd_2034447_V,oqmd_2034447,V,0.25,A
comp_oqmd_2034449_Co,oqmd_2034449,Co,0.25,B
comp_oqmd_2034449_Cr,oqmd_2034449,Cr,0.25,A
comp_oqmd_2034449_O,oqmd_2034449,O,0.5,C
comp_oqmd_2034451_Co,oqmd_2034451,Co,0.25,B
comp_oqmd_2034451_Mn,oqmd_2034451,Mn,0.25,A
comp_oqmd_2034451_O,oqmd_2034451,O,0.5,C
comp_oqmd_2034453_Co,oqmd_2034453,Co,0.25,B
comp_oqmd_2034453_Fe,oqmd_2034453,Fe,0.25,A
comp_oqmd_2034453_O,oqmd_2034453,O,0.5,C
comp_oqmd_2034455_Co,oqmd_2034455,Co,0.25,A
comp_oqmd_2034455_Ni,oqmd_2034455,Ni,0.25,B
comp_oqmd_2034455_O,oqmd_2034455,O,0.5,C
comp_oqmd_2034457_Co,oqmd_2034457,Co,0.25,A
comp_oqmd_2034457_Cu,oqmd_2034457,Cu,0.25,B
comp_oqmd_2034457_O,oqmd_2034457,O,0.5,C
comp_oqmd_2034459_Co,oqmd_2034459,Co,0.25,B
comp_oqmd_2034459_O,oqmd_2034459,O,0.5,C
comp_oqmd_2034459_Zn,oqmd_2034459,Zn,0.25,A
comp_oqmd_2034874_K,oqmd_2034874,K,0.25,A
comp_oqmd_2034874_O,oqmd_2034874,O,0.5,C
comp_oqmd_2034874_Ti,oqmd_2034874,Ti,0.25,B
comp_oqmd_2034879_K,oqmd_2034879,K,0.25,A
comp_oqmd_2034879_O,oqmd_2034879,O,0.5,C
comp_oqmd_2034879_V,oqmd_2034879,V,0.25,B
comp_oqmd_2034884_Cr,oqmd_2034884,Cr,0.25,B
comp_oqmd_2034884_K,oqmd_2034884,K,0.25,A
comp_oqmd_2034884_O,oqmd_2034884,O,0.5,C
comp_oqmd_2034914_Bi,oqmd_2034914,Bi,0.5,A
comp_oqmd_2034914_Sc,oqmd_2034914,Sc,0.5,A
comp_oqmd_2034916_Bi,oqmd_2034916,Bi,0.5,A
comp_oqmd_2034916_Y,oqmd_2034916,Y,0.5,A
comp_oqmd_2034939_As,oqmd_2034939,As,0.5,A
comp_oqmd_2034939_Tb,oqmd_2034939,Tb,0.5,A
comp_oqmd_2034995_O,oqmd_2034995,O,0.5,A
comp_oqmd_2034995_Ti,oqmd_2034995,Ti,0.5,A
comp_oqmd_2035313_He,oqmd_2035313,He,0.25,A
comp_oqmd_2035313_O,oqmd_2035313,O,0.5,C
comp_oqmd_2035313_Th,oqmd_2035313,Th,0.25,B
comp_oqmd_2035314_C,oqmd_2035314,C,0.5,B
comp_oqmd_2035314_Fe,oqmd_2035314,Fe,0.5,A
comp_oqmd_2035434_Li,oqmd_2035434,Li,0.5,A
comp_oqmd_2035434_S,oqmd_2035434,S,0.5,A
comp_oqmd_2035439_Li,oqmd_2035439,Li,0.5,A
comp_oqmd_2035439_Se,oqmd_2035439,Se,0.5,A
comp_oqmd_2035440_Li,oqmd_2035440,Li,0.5,A
comp_oqmd_2035440_Se,oqmd_2035440,Se,0.5,B
comp_oqmd_2035444_Li,oqmd_2035444,Li,0.5,A
comp_oqmd_2035444_Te,oqmd_2035444,Te,0.5,A
comp_oqmd_2035445_Li,oqmd_2035445,Li,0.5,A
comp_oqmd_2035445_Te,oqmd_2035445,Te,0.5,B
comp_oqmd_2035449_La,oqmd_2035449,La,0.5,A
comp_oqmd_2035449_Mg,oqmd_2035449,Mg,0.5,B
comp_oqmd_2035455_Mg,oqmd_2035455,Mg,0.5,B
comp_oqmd_2035455_Nd,oqmd_2035455,Nd,0.5,A
comp_oqmd_2035461_Mg,oqmd_2035461,Mg,0.5,B
comp_oqmd_2035461_Sm,oqmd_2035461,Sm,0.5,A
comp_oqmd_2035476_In,oqmd_2035476,In,0.5,A
comp_oqmd_2035476_P,oqmd_2035476,P,0.5,A
comp_oqmd_2035481_Ca,oqmd_2035481,Ca,0.5,A
comp_oqmd_2035481_N,oqmd_2035481,N,0.5,A
comp_oqmd_2035485_C,oqmd_2035485,C,0.5,A
comp_oqmd_2035485_Ca,oqmd_2035485,Ca,0.5,A
comp_oqmd_2035486_C,oqmd_2035486,C,0.5,B
comp_oqmd_2035486_Ca,oqmd_2035486,Ca,0.5,A
comp_oqmd_2035553_Ba,oqmd_2035553,Ba,0.5,A
comp_oqmd_2035553_Bi,oqmd_2035553,Bi,0.5,A
comp_oqmd_2035556_Ba,oqmd_2035556,Ba,0.5,A
comp_oqmd_2035556_Bi,oqmd_2035556,Bi,0.5,B
comp_oqmd_2035558_Bi,oqmd_2035558,Bi,0.5,A
comp_oqmd_2035558_Ca,oqmd_2035558,Ca,0.5,A
comp_oqmd_2035564_Bi,oqmd_2035564,Bi,0.5,B
comp_oqmd_2035564_Ca,oqmd_2035564,Ca,0.5,A
comp_oqmd_2035567_Bi,oqmd_2035567,Bi,0.5,A
comp_oqmd_2035567_Sr,oqmd_2035567,Sr,0.5,A
comp_oqmd_2035569_Bi,oqmd_2035569,Bi,0.5,B
comp_oqmd_2035569_Sr,oqmd_2035569,Sr,0.5,A
comp_oqmd_2035871_Ca,oqmd_2035871,Ca,0.5,A
comp_oqmd_2035871_S,oqmd_2035871,S,0.5,A
comp_oqmd_2035873_Ca,oqmd_2035873,Ca,0.5,A
comp_oqmd_2035873_Se,oqmd_2035873,Se,0.5,A
comp_oqmd_2036146_Ag,oqmd_2036146,Ag,0.5,A
comp_oqmd_2036146_Ni,oqmd_2036146,Ni,0.5,A
comp_oqmd_2036165_C,oqmd_2036165,C,0.5,B
comp_oqmd_2036165_Zn,oqmd_2036165,Zn,0.5,A
comp_oqmd_2036459_Nb,oqmd_2036459,Nb,0.5,A
comp_oqmd_2036459_V,oqmd_2036459,V,0.5,A
comp_oqmd_2036463_Ta,oqmd_2036463,Ta,0.5,A
comp_oqmd_2036463_V,oqmd_2036463,V,0.5,A
comp_oqmd_2036467_Mo,oqmd_2036467,Mo,0.5,A
comp_oqmd_2036467_V,oqmd_2036467,V,0.5,A
comp_oqmd_2036471_V,oqmd_2036471,V,0.5,A
comp_oqmd_2036471_W,oqmd_2036471,W,0.5,A
comp_oqmd_2036475_Nb,oqmd_2036475,Nb,0.5,A
comp_oqmd_2036475_Ta,oqmd_2036475,Ta,0.5,A
comp_oqmd_2036479_Mo,oqmd_2036479,Mo,0.5,A
comp_oqmd_2036479_Nb,oqmd_2036479,Nb,0.5,A
comp_oqmd_2036483_Nb,oqmd_2036483,Nb,0.5,A
comp_oqmd_2036483_W,oqmd_2036483,W,0.5,A
comp_oqmd_2036487_Mo,oqmd_2036487,Mo,0.5,A
comp_oqmd_2036487_Ta,oqmd_2036487,Ta,0.5,A
comp_oqmd_2036491_Ta,oqmd_2036491,Ta,0.5,A
comp_oqmd_2036491_W,oqmd_2036491,W,0.5,A
comp_oqmd_2036495_Mo,oqmd_2036495,Mo,0.5,A
comp_oqmd_2036495_W,oqmd_2036495,W,0.5,A
comp_oqmd_2036678_Mn,oqmd_2036678,Mn,0.5,A
comp_oqmd_2036678_Si,oqmd_2036678,Si,0.5,A
comp_oqmd_2036682_P,oqmd_2036682,P,0.5,A
comp_oqmd_2036682_Ta,oqmd_2036682,Ta,0.5,A
comp_oqmd_2036722_Cu,oqmd_2036722,Cu,0.5,A
comp_oqmd_2036722_H,oqmd_2036722,H,0.5,A
comp_oqmd_2036781_Mg,oqmd_2036781,Mg,0.5,A
comp_oqmd_2036781_N,oqmd_2036781,N,0.5,A
comp_oqmd_2036782_Mg,oqmd_2036782,Mg,0.5,A
comp_oqmd_2036782_N,oqmd_2036782,N,0.5,B
comp_oqmd_2036894_Fe,oqmd_2036894,Fe,0.5,A
comp_oqmd_2036894_Si,oqmd_2036894,Si,0.5,A
comp_oqmd_2036995_As,oqmd_2036995,As,0.5,A
comp_oqmd_2036995_Cr,oqmd_2036995,Cr,0.5,A
comp_oqmd_2036997_As,oqmd_2036997,As,0.5,B
comp_oqmd_2036997_Cr,oqmd_2036997,Cr,0.5,A
comp_oqmd_2037001_Cr,oqmd_2037001,Cr,0.5,A
comp_oqmd_2037001_Sb,oqmd_2037001,Sb,0.5,B
comp_oqmd_2037004_Cr,oqmd_2037004,Cr,0.5,A
comp_oqmd_2037004_Se,oqmd_2037004,Se,0.5,B
comp_oqmd_2037259_Mo,oqmd_2037259,Mo,0.5,A
comp_oqmd_2037259_P,oqmd_2037259,P,0.5,A
comp_oqmd_2037377_P,oqmd_2037377,P,0.5,B
comp_oqmd_2037377_V,oqmd_2037377,V,0.5,A
comp_oqmd_2037378_Ba,oqmd_2037378,Ba,0.5,A
comp_oqmd_2037378_C,oqmd_2037378,C,0.5,B
comp_oqmd_2037380_Ba,oqmd_2037380,Ba,0.5,A
comp_oqmd_2037380_C,oqmd_2037380,C,0.5,A
comp_oqmd_2037390_Ba,oqmd_2037390,Ba,0.5,A
comp_oqmd_2037390_N,oqmd_2037390,N,0.5,B
comp_oqmd_2037392_Ba,oqmd_2037392,Ba,0.5,A
comp_oqmd_2037392_N,oqmd_2037392,N,0.5,A
comp_oqmd_2037472_Bi,oqmd_2037472,Bi,0.5,B
comp_oqmd_2037472_Th,oqmd_2037472,Th,0.5,A
comp_oqmd_2037480_O,oqmd_2037480,O,0.5,B
comp_oqmd_2037480_Rh,oqmd_2037480,Rh,0.5,A
comp_oqmd_2037503_S,oqmd_2037503,S,0.5,A
comp_oqmd_2037503_Sc,oqmd_2037503,Sc,0.5,A
comp_oqmd_2037505_Sc,oqmd_2037505,Sc,0.5,A
comp_oqmd_2037505_Se,oqmd_2037505,Se,0.5,A
comp_oqmd_2037610_Al,oqmd_2037610,Al,0.5,A
comp_oqmd_2037610_Mo,oqmd_2037610,Mo,0.5,A
comp_oqmd_2037614_Al,oqmd_2037614,Al,0.5,A
comp_oqmd_2037614_Nb,oqmd_2037614,Nb,0.5,A
comp_oqmd_2037618_Al,oqmd_2037618,Al,0.5,A
comp_oqmd_2037618_V,oqmd_2037618,V,0.5,A
comp_oqmd_2037987_Ga,oqmd_2037987,Ga,0.5,A
comp_oqmd_2037987_P,oqmd_2037987,P,0.5,B
comp_oqmd_20394_N,oqmd_20394,N,0.5,A
comp_oqmd_20394_Y,oqmd_20394,Y,0.5,A
comp_oqmd_20443_Ag,oqmd_20443,Ag,0.5,A
comp_oqmd_20443_I,oqmd_20443,I,0.5,A
comp_oqmd_20463_Ce,oqmd_20463,Ce,0.5,A
comp_oqmd_20463_Mg,oqmd_20463,Mg,0.5,A
comp_oqmd_20464_Mg,oqmd_20464,Mg,0.5,A
comp_oqmd_20464_Pm,oqmd_20464,Pm,0.5,A
comp_oqmd_20465_Eu,oqmd_20465,Eu,0.5,A
comp_oqmd_20465_Mg,oqmd_20465,Mg,0.5,A
comp_oqmd_20466_Gd,oqmd_20466,Gd,0.5,A
comp_oqmd_20466_Mg,oqmd_20466,Mg,0.5,A
comp_oqmd_20467_Er,oqmd_20467,Er,0.5,A
comp_oqmd_20467_Mg,oqmd_20467,Mg,0.5,A
comp_oqmd_20522_La,oqmd_20522,La,0.5,A
comp_oqmd_20522_N,oqmd_20522,N,0.5,A
comp_oqmd_20565_C,oqmd_20565,C,0.5,B
comp_oqmd_20565_W,oqmd_20565,W,0.5,A
comp_oqmd_20574_Hg,oqmd_20574,Hg,0.5,A
comp_oqmd_20574_Te,oqmd_20574,Te,0.5,A
comp_oqmd_20674_Mn,oqmd_20674,Mn,0.75,A
comp_oqmd_20674_Sb,oqmd_20674,Sb,0.25,B
comp_oqmd_20684_O,oqmd_20684,O,0.5,A
comp_oqmd_20684_Zn,oqmd_20684,Zn,0.5,A
comp_oqmd_20721_Cu,oqmd_20721,Cu,0.5,A
comp_oqmd_20721_Y,oqmd_20721,Y,0.5,A
comp_oqmd_20742_N,oqmd_20742,N,0.5,B
comp_oqmd_20742_Pt,oqmd_20742,Pt,0.5,A
comp_oqmd_20744_N,oqmd_20744,N,0.5,B
comp_oqmd_20744_Pt,oqmd_20744,Pt,0.5,A
comp_oqmd_20780_S,oqmd_20780,S,0.5,A
comp_oqmd_20780_Sr,oqmd_20780,Sr,0.5,A
comp_oqmd_20817_Co,oqmd_20817,Co,0.5,A
comp_oqmd_20817_Sb,oqmd_20817,Sb,0.5,B
comp_oqmd_20836_As,oqmd_20836,As,0.5,A
comp_oqmd_20836_Sc,oqmd_20836,Sc,0.5,A
comp_oqmd_20837_Sb,oqmd_20837,Sb,0.5,A
comp_oqmd_20837_Sc,oqmd_20837,Sc,0.5,A
comp_oqmd_20917_Bi,oqmd_20917,Bi,0.5,B
comp_oqmd_20917_U,oqmd_20917,U,0.5,A
comp_oqmd_20918_Bi,oqmd_20918,Bi,0.5,A
comp_oqmd_20918_U,oqmd_20918,U,0.5,A
comp_oqmd_20929_Al,oqmd_20929,Al,0.5,A
comp_oqmd_20929_Fe,oqmd_20929,Fe,0.5,A
comp_oqmd_21306_Er,oqmd_21306,Er,0.5,A
comp_oqmd_21306_N,oqmd_21306,N,0.5,A
comp_oqmd_21307_Er,oqmd_21307,Er,0.5,A
comp_oqmd_21307_P,oqmd_21307,P,0.5,A
comp_oqmd_21308_As,oqmd_21308,As,0.5,A
comp_oqmd_21308_Er,oqmd_21308,Er,0.5,A
comp_oqmd_21315_Al,oqmd_21315,Al,0.75,A
comp_oqmd_21315_V,oqmd_21315,V,0.25,B
comp_oqmd_21316_Al,oqmd_21316,Al,0.75,A
comp_oqmd_21316_Ti,oqmd_21316,Ti,0.25,B
comp_oqmd_21322_N,oqmd_21322,N,0.5,B
comp_oqmd_21322_Ru,oqmd_21322,Ru,0.5,A
comp_oqmd_21323_N,oqmd_21323,N,0.5,B
comp_oqmd_21323_Rh,oqmd_21323,Rh,0.5,A
comp_oqmd_21324_Ag,oqmd_21324,Ag,0.5,A
comp_oqmd_21324_N,oqmd_21324,N,0.5,B
comp_oqmd_21325_N,oqmd_21325,N,0.5,B
comp_oqmd_21325_Os,oqmd_21325,Os,0.5,A
comp_oqmd_21326_Ir,oqmd_21326,Ir,0.5,A
comp_oqmd_21326_N,oqmd_21326,N,0.5,B
comp_oqmd_21327_Au,oqmd_21327,Au,0.5,A
comp_oqmd_21327_N,oqmd_21327,N,0.5,B
comp_oqmd_21386_Mg,oqmd_21386,Mg,0.5,A
comp_oqmd_21386_Te,oqmd_21386,Te,0.5,B
comp_oqmd_21388_Mo,oqmd_21388,Mo,0.5,A
comp_oqmd_21388_N,oqmd_21388,N,0.5,B
comp_oqmd_21407_N,oqmd_21407,N,0.5,A
comp_oqmd_21407_Pr,oqmd_21407,Pr,0.5,A
comp_oqmd_21450_B,oqmd_21450,B,0.5,B
comp_oqmd_21450_Tc,oqmd_21450,Tc,0.5,A
comp_oqmd_21451_B,oqmd_21451,B,0.5,B
comp_oqmd_21451_Tc,oqmd_21451,Tc,0.5,A
comp_oqmd_21452_B,oqmd_21452,B,0.5,A
comp_oqmd_21452_Tc,oqmd_21452,Tc,0.5,A
comp_oqmd_21497_N,oqmd_21497,N,0.5,B
comp_oqmd_21497_Pm,oqmd_21497,Pm,0.5,A
comp_oqmd_21509_N,oqmd_21509,N,0.5,B
comp_oqmd_21509_Pd,oqmd_21509,Pd,0.5,A
comp_oqmd_21510_N,oqmd_21510,N,0.5,A
comp_oqmd_21510_Pd,oqmd_21510,Pd,0.5,A
comp_oqmd_21563_Cr,oqmd_21563,Cr,0.5,A
comp_oqmd_21563_Te,oqmd_21563,Te,0.5,B
comp_oqmd_21570_N,oqmd_21570,N,0.5,B
comp_oqmd_21570_V,oqmd_21570,V,0.5,A
comp_oqmd_22045_Ba,oqmd_22045,Ba,0.5,A
comp_oqmd_22045_O,oqmd_22045,O,0.5,B
comp_oqmd_22221_C,oqmd_22221,C,0.5,B
comp_oqmd_22221_Ni,oqmd_22221,Ni,0.5,A
comp_oqmd_22242_N,oqmd_22242,N,0.5,A
comp_oqmd_22242_Sc,oqmd_22242,Sc,0.5,A
comp_oqmd_22243_P,oqmd_22243,P,0.5,A
comp_oqmd_22243_Sc,oqmd_22243,Sc,0.5,A
comp_oqmd_22245_Au,oqmd_22245,Au,0.75,A
comp_oqmd_22245_Pd,oqmd_22245,Pd,0.25,B
comp_oqmd_22246_Au,oqmd_22246,Au,0.25,B
comp_oqmd_22246_Pd,oqmd_22246,Pd,0.75,A
comp_oqmd_22256_C,oqmd_22256,C,0.5,B
comp_oqmd_22256_Os,oqmd_22256,Os,0.5,A
comp_oqmd_22262_C,oqmd_22262,C,0.5,A
comp_oqmd_22262_Sc,oqmd_22262,Sc,0.5,A
comp_oqmd_22263_C,oqmd_22263,C,0.5,B
comp_oqmd_22263_Y,oqmd_22263,Y,0.5,A
comp_oqmd_22264_C,oqmd_22264,C,0.5,A
comp_oqmd_22264_Y,oqmd_22264,Y,0.5,A
comp_oqmd_22281_C,oqmd_22281,C,0.5,B
comp_oqmd_22281_Pt,oqmd_22281,Pt,0.5,A
comp_oqmd_22284_C,oqmd_22284,C,0.5,A
comp_oqmd_22284_Zr,oqmd_22284,Zr,0.5,A
comp_oqmd_22285_N,oqmd_22285,N,0.5,A
comp_oqmd_22285_Zr,oqmd_22285,Zr,0.5,A
comp_oqmd_22287_Al,oqmd_22287,Al,0.5,A
comp_oqmd_22287_Tb,oqmd_22287,Tb,0.5,A
comp_oqmd_22298_O,oqmd_22298,O,0.5,A
comp_oqmd_22298_Sr,oqmd_22298,Sr,0.5,A
comp_oqmd_22304_N,oqmd_22304,N,0.5,B
comp_oqmd_22304_Re,oqmd_22304,Re,0.5,A
comp_oqmd_22305_N,oqmd_22305,N,0.5,A
comp_oqmd_22305_Re,oqmd_22305,Re,0.5,A
comp_oqmd_22369_C,oqmd_22369,C,0.5,B
comp_oqmd_22369_Rh,oqmd_22369,Rh,0.5,A
comp_oqmd_22370_C,oqmd_22370,C,0.5,B
comp_oqmd_22370_Pd,oqmd_22370,Pd,0.5,A
comp_oqmd_22409_Al,oqmd_22409,Al,0.25,B
comp_oqmd_22409_Cu,oqmd_22409,Cu,0.75,A
comp_oqmd_22410_Cu,oqmd_22410,Cu,0.5,A
comp_oqmd_22410_Pd,oqmd_22410,Pd,0.5,A
comp_oqmd_22431_N,oqmd_22431,N,0.5,B
comp_oqmd_22431_Tc,oqmd_22431,Tc,0.5,A
comp_oqmd_22433_N,oqmd_22433,N,0.5,B
comp_oqmd_22433_Tc,oqmd_22433,Tc,0.5,A
comp_oqmd_22454_Li,oqmd_22454,Li,0.5,A
comp_oqmd_22454_S,oqmd_22454,S,0.5,B
comp_oqmd_22455_Na,oqmd_22455,Na,0.5,A
comp_oqmd_22455_S,oqmd_22455,S,0.5,B
comp_oqmd_22456_K,oqmd_22456,K,0.5,A
comp_oqmd_22456_S,oqmd_22456,S,0.5,B
comp_oqmd_22472_C,oqmd_22472,C,0.5,B
comp_oqmd_22472_Si,oqmd_22472,Si,0.5,A
comp_oqmd_22474_C,oqmd_22474,C,0.5,B
comp_oqmd_22474_Ge,oqmd_22474,Ge,0.5,A
comp_oqmd_22476_C,oqmd_22476,C,0.5,B
comp_oqmd_22476_Sn,oqmd_22476,Sn,0.5,A
comp_oqmd_22530_Ag,oqmd_22530,Ag,0.5,A
comp_oqmd_22530_Mg,oqmd_22530,Mg,0.5,A
comp_oqmd_22533_Co,oqmd_22533,Co,0.5,A
comp_oqmd_22533_N,oqmd_22533,N,0.5,B
comp_oqmd_23395_In,oqmd_23395,In,0.25,B
comp_oqmd_23395_Pd,oqmd_23395,Pd,0.75,A
comp_oqmd_23862_H,oqmd_23862,H,0.5,A
comp_oqmd_23862_Na,oqmd_23862,Na,0.5,A
comp_oqmd_2577_Mg,oqmd_2577,Mg,0.5,A
comp_oqmd_2577_O,oqmd_2577,O,0.5,B
comp_oqmd_2578_Mn,oqmd_2578,Mn,0.5,A
comp_oqmd_2578_O,oqmd_2578,O,0.5,B
comp_oqmd_2579_Co,oqmd_2579,Co,0.5,A
comp_oqmd_2579_O,oqmd_2579,O,0.5,B
comp_oqmd_2580_Ni,oqmd_2580,Ni,0.5,A
comp_oqmd_2580_O,oqmd_2580,O,0.5,B
comp_oqmd_27476_Ga,oqmd_27476,Ga,0.25,B
comp_oqmd_27476_La,oqmd_27476,La,0.75,A
comp_oqmd_27631_Ag,oqmd_27631,Ag,0.75,A
comp_oqmd_27631_Pt,oqmd_27631,Pt,0.25,B
comp_oqmd_27979_Al,oqmd_27979,Al,0.75,A
comp_oqmd_27979_Zr,oqmd_27979,Zr,0.25,B
comp_oqmd_28016_As,oqmd_28016,As,0.5,B
comp_oqmd_28016_Cu,oqmd_28016,Cu,0.5,A
comp_oqmd_28037_As,oqmd_28037,As,0.5,B
comp_oqmd_28037_Gd,oqmd_28037,Gd,0.5,A
comp_oqmd_28054_As,oqmd_28054,As,0.5,B
comp_oqmd_28054_In,oqmd_28054,In,0.5,A
comp_oqmd_28120_As,oqmd_28120,As,0.5,A
comp_oqmd_28120_Th,oqmd_28120,Th,0.5,A
comp_oqmd_28662_Ba,oqmd_28662,Ba,0.5,A
comp_oqmd_28662_Te,oqmd_28662,Te,0.5,A
comp_oqmd_28716_Bi,oqmd_28716,Bi,0.5,B
comp_oqmd_28716_Cu,oqmd_28716,Cu,0.5,A
comp_oqmd_28742_Bi,oqmd_28742,Bi,0.5,B
comp_oqmd_28742_Mn,oqmd_28742,Mn,0.5,A
comp_oqmd_28939_C,oqmd_28939,C,0.5,B
comp_oqmd_28939_Tl,oqmd_28939,Tl,0.5,A
comp_oqmd_29003_Cd,oqmd_29003,Cd,0.5,A
comp_oqmd_29003_La,oqmd_29003,La,0.5,A
comp_oqmd_29007_Cd,oqmd_29007,Cd,0.5,A
comp_oqmd_29007_Lu,oqmd_29007,Lu,0.5,A
comp_oqmd_29013_Cd,oqmd_29013,Cd,0.5,A
comp_oqmd_29013_Nd,oqmd_29013,Nd,0.5,A
comp_oqmd_29020_Cd,oqmd_29020,Cd,0.5,A
comp_oqmd_29020_Pr,oqmd_29020,Pr,0.5,A
comp_oqmd_29026_Cd,oqmd_29026,Cd,0.5,A
comp_oqmd_29026_S,oqmd_29026,S,0.5,B
comp_oqmd_29029_Cd,oqmd_29029,Cd,0.5,A
comp_oqmd_29029_Sc,oqmd_29029,Sc,0.5,A
comp_oqmd_29034_Cd,oqmd_29034,Cd,0.5,A
comp_oqmd_29034_Sm,oqmd_29034,Sm,0.5,A
comp_oqmd_29039_Cd,oqmd_29039,Cd,0.5,A
comp_oqmd_29039_Tm,oqmd_29039,Tm,0.5,A
comp_oqmd_29043_Cd,oqmd_29043,Cd,0.5,A
comp_oqmd_29043_Y,oqmd_29043,Y,0.5,A
comp_oqmd_29044_Cd,oqmd_29044,Cd,0.5,A
comp_oqmd_29044_Yb,oqmd_29044,Yb,0.5,A
comp_oqmd_29100_Ce,oqmd_29100,Ce,0.5,A
comp_oqmd_29100_Hg,oqmd_29100,Hg,0.5,A
comp_oqmd_29103_Ce,oqmd_29103,Ce,0.25,B
comp_oqmd_29103_In,oqmd_29103,In,0.75,A
comp_oqmd_29152_Ce,oqmd_29152,Ce,0.25,B
comp_oqmd_29152_Pb,oqmd_29152,Pb,0.75,A
comp_oqmd_29167_Ce,oqmd_29167,Ce,0.25,B
comp_oqmd_29167_Rh,oqmd_29167,Rh,0.75,A
comp_oqmd_29193_Ce,oqmd_29193,Ce,0.75,A
comp_oqmd_29193_Sn,oqmd_29193,Sn,0.25,B
comp_oqmd_29195_Ce,oqmd_29195,Ce,0.25,B
comp_oqmd_29195_Sn,oqmd_29195,Sn,0.75,A
comp_oqmd_29197_Ce,oqmd_29197,Ce,0.5,A
comp_oqmd_29197_Te,oqmd_29197,Te,0.5,B
comp_oqmd_29199_Ce,oqmd_29199,Ce,0.25,B
comp_oqmd_29199_Tl,oqmd_29199,Tl,0.75,A
comp_oqmd_29201_Ce,oqmd_29201,Ce,0.75,A
comp_oqmd_29201_Tl,oqmd_29201,Tl,0.25,B
comp_oqmd_29359_Co,oqmd_29359,Co,0.5,A
comp_oqmd_29359_Hf,oqmd_29359,Hf,0.5,A
comp_oqmd_29468_Co,oqmd_29468,Co,0.5,A
comp_oqmd_29468_Sc,oqmd_29468,Sc,0.5,A
comp_oqmd_29521_Co,oqmd_29521,Co,0.75,A
comp_oqmd_29521_Ti,oqmd_29521,Ti,0.25,B
comp_oqmd_29537_Co,oqmd_29537,Co,0.5,A
comp_oqmd_29537_Zr,oqmd_29537,Zr,0.5,A
comp_oqmd_29551_Cr,oqmd_29551,Cr,0.5,A
comp_oqmd_29551_H,oqmd_29551,H,0.5,B
comp_oqmd_29555_Cr,oqmd_29555,Cr,0.25,B
comp_oqmd_29555_Ir,oqmd_29555,Ir,0.75,A
comp_oqmd_29575_Cr,oqmd_29575,Cr,0.25,B
comp_oqmd_29575_Pt,oqmd_29575,Pt,0.75,A
comp_oqmd_29642_Cu,oqmd_29642,Cu,0.5,A
comp_oqmd_29642_Gd,oqmd_29642,Gd,0.5,A
comp_oqmd_29686_Cu,oqmd_29686,Cu,0.5,A
comp_oqmd_29686_Ho,oqmd_29686,Ho,0.5,A
comp_oqmd_29766_Cu,oqmd_29766,Cu,0.75,A
comp_oqmd_29766_Pt,oqmd_29766,Pt,0.25,B
comp_oqmd_29784_Cu,oqmd_29784,Cu,0.5,A
comp_oqmd_29784_Sc,oqmd_29784,Sc,0.5,A
comp_oqmd_29804_Cu,oqmd_29804,Cu,0.5,A
comp_oqmd_29804_Sn,oqmd_29804,Sn,0.5,B
comp_oqmd_29816_Cu,oqmd_29816,Cu,0.5,A
comp_oqmd_29816_Tb,oqmd_29816,Tb,0.5,A
comp_oqmd_29826_Cu,oqmd_29826,Cu,0.5,A
comp_oqmd_29826_Tm,oqmd_29826,Tm,0.5,A
comp_oqmd_29834_Cu,oqmd_29834,Cu,0.5,A
comp_oqmd_29834_Zr,oqmd_29834,Zr,0.5,A
comp_oqmd_29867_Dy,oqmd_29867,Dy,0.5,A
comp_oqmd_29867_Hg,oqmd_29867,Hg,0.5,A
comp_oqmd_29868_Dy,oqmd_29868,Dy,0.5,A
comp_oqmd_29868_In,oqmd_29868,In,0.5,A
comp_oqmd_29905_Dy,oqmd_29905,Dy,0.25,B
comp_oqmd_29905_Pb,oqmd_29905,Pb,0.75,A
comp_oqmd_29914_Dy,oqmd_29914,Dy,0.25,B
comp_oqmd_29914_Pt,oqmd_29914,Pt,0.75,A
comp_oqmd_29922_Dy,oqmd_29922,Dy,0.5,A
comp_oqmd_29922_Rh,oqmd_29922,Rh,0.5,A
comp_oqmd_29948_Dy,oqmd_29948,Dy,0.25,B
comp_oqmd_29948_Tl,oqmd_29948,Tl,0.75,A
comp_oqmd_29957_Dy,oqmd_29957,Dy,0.5,A
comp_oqmd_29957_Zn,oqmd_29957,Zn,0.5,A
comp_oqmd_29969_Er,oqmd_29969,Er,0.25,B
comp_oqmd_29969_Ga,oqmd_29969,Ga,0.75,A
comp_oqmd_29989_Er,oqmd_29989,Er,0.5,A
comp_oqmd_29989_Hg,oqmd_29989,Hg,0.5,A
comp_oqmd_30000_Er,oqmd_30000,Er,0.5,A
comp_oqmd_30000_Ir,oqmd_30000,Ir,0.5,A
comp_oqmd_30004_Er,oqmd_30004,Er,0.5,A
comp_oqmd_30004_Mg,oqmd_30004,Mg,0.5,A
comp_oqmd_30025_Er,oqmd_30025,Er,0.5,A
comp_oqmd_30025_Pd,oqmd_30025,Pd,0.5,A
comp_oqmd_30031_Er,oqmd_30031,Er,0.25,B
comp_oqmd_30031_Pt,oqmd_30031,Pt,0.75,A
comp_oqmd_30040_Er,oqmd_30040,Er,0.5,A
comp_oqmd_30040_Rh,oqmd_30040,Rh,0.5,A
comp_oqmd_30058_Er,oqmd_30058,Er,0.5,A
comp_oqmd_30058_Te,oqmd_30058,Te,0.5,B
comp_oqmd_30060_Er,oqmd_30060,Er,0.5,A
comp_oqmd_30060_Te,oqmd_30060,Te,0.5,B
comp_oqmd_30061_Er,oqmd_30061,Er,0.5,A
comp_oqmd_30061_Tl,oqmd_30061,Tl,0.5,A
comp_oqmd_30065_Er,oqmd_30065,Er,0.25,B
comp_oqmd_30065_Tl,oqmd_30065,Tl,0.75,A
comp_oqmd_30067_Er,oqmd_30067,Er,0.5,A
comp_oqmd_30067_Zn,oqmd_30067,Zn,0.5,A
comp_oqmd_30123_Eu,oqmd_30123,Eu,0.25,B
comp_oqmd_30123_Pb,oqmd_30123,Pb,0.75,A
comp_oqmd_30129_Eu,oqmd_30129,Eu,0.25,B
comp_oqmd_30129_Pd,oqmd_30129,Pd,0.75,A
comp_oqmd_30151_Eu,oqmd_30151,Eu,0.5,A
comp_oqmd_30151_Te,oqmd_30151,Te,0.5,A
comp_oqmd_30152_Eu,oqmd_30152,Eu,0.5,A
comp_oqmd_30152_Tl,oqmd_30152,Tl,0.5,A
comp_oqmd_30156_Eu,oqmd_30156,Eu,0.5,A
comp_oqmd_30156_Zn,oqmd_30156,Zn,0.5,A
comp_oqmd_30161_Fe,oqmd_30161,Fe,0.75,A
comp_oqmd_30161_Ga,oqmd_30161,Ga,0.25,B
comp_oqmd_30235_Fe,oqmd_30235,Fe,0.25,B
comp_oqmd_30235_Pd,oqmd_30235,Pd,0.75,A
comp_oqmd_30238_Fe,oqmd_30238,Fe,0.75,A
comp_oqmd_30238_Pt,oqmd_30238,Pt,0.25,B
comp_oqmd_30264_Fe,oqmd_30264,Fe,0.5,A
comp_oqmd_30264_V,oqmd_30264,V,0.5,A
comp_oqmd_30308_Ga,oqmd_30308,Ga,0.25,B
comp_oqmd_30308_Ni,oqmd_30308,Ni,0.75,A
comp_oqmd_30309_Ga,oqmd_30309,Ga,0.5,A
comp_oqmd_30309_Ni,oqmd_30309,Ni,0.5,A
comp_oqmd_30332_Ga,oqmd_30332,Ga,0.25,B
comp_oqmd_30332_Pu,oqmd_30332,Pu,0.75,A
comp_oqmd_30346_Ga,oqmd_30346,Ga,0.75,A
comp_oqmd_30346_Sc,oqmd_30346,Sc,0.25,B
comp_oqmd_30363_Ga,oqmd_30363,Ga,0.75,A
comp_oqmd_30363_U,oqmd_30363,U,0.25,B
comp_oqmd_30376_Gd,oqmd_30376,Gd,0.5,A
comp_oqmd_30376_In,oqmd_30376,In,0.5,A
comp_oqmd_30377_Gd,oqmd_30377,Gd,0.25,B
comp_oqmd_30377_In,oqmd_30377,In,0.75,A
comp_oqmd_30380_Gd,oqmd_30380,Gd,0.25,B
comp_oqmd_30380_Ir,oqmd_30380,Ir,0.75,A
comp_oqmd_30398_Gd,oqmd_30398,Gd,0.25,B
comp_oqmd_30398_Pb,oqmd_30398,Pb,0.75,A
comp_oqmd_30405_Gd,oqmd_30405,Gd,0.5,A
comp_oqmd_30405_Rh,oqmd_30405,Rh,0.5,A
comp_oqmd_30411_Gd,oqmd_30411,Gd,0.5,A
comp_oqmd_30411_S,oqmd_30411,S,0.5,B
comp_oqmd_30413_Gd,oqmd_30413,Gd,0.5,A
comp_oqmd_30413_Sb,oqmd_30413,Sb,0.5,B
comp_oqmd_30414_Gd,oqmd_30414,Gd,0.5,A
comp_oqmd_30414_Sb,oqmd_30414,Sb,0.5,B
comp_oqmd_30415_Gd,oqmd_30415,Gd,0.5,A
comp_oqmd_30415_Sb,oqmd_30415,Sb,0.5,B
comp_oqmd_30421_Gd,oqmd_30421,Gd,0.25,B
comp_oqmd_30421_Sn,oqmd_30421,Sn,0.75,A
comp_oqmd_30423_Gd,oqmd_30423,Gd,0.5,A
comp_oqmd_30423_Te,oqmd_30423,Te,0.5,B
comp_oqmd_30424_Gd,oqmd_30424,Gd,0.25,B
comp_oqmd_30424_Tl,oqmd_30424,Tl,0.75,A
comp_oqmd_30426_Gd,oqmd_30426,Gd,0.5,A
comp_oqmd_30426_Tl,oqmd_30426,Tl,0.5,A
comp_oqmd_30434_Gd,oqmd_30434,Gd,0.5,A
comp_oqmd_30434_Zn,oqmd_30434,Zn,0.5,A
comp_oqmd_30508_H,oqmd_30508,H,0.5,A
comp_oqmd_30508_Pd,oqmd_30508,Pd,0.5,B
comp_oqmd_30778_N,oqmd_30778,N,0.5,B
comp_oqmd_30778_W,oqmd_30778,W,0.5,A
comp_oqmd_30819_Nd,oqmd_30819,Nd,0.5,A
comp_oqmd_30819_Te,oqmd_30819,Te,0.5,B
comp_oqmd_30964_Pr,oqmd_30964,Pr,0.75,A
comp_oqmd_30964_Sn,oqmd_30964,Sn,0.25,B
comp_oqmd_30987_Pt,oqmd_30987,Pt,0.75,A
comp_oqmd_30987_Ti,oqmd_30987,Ti,0.25,B
comp_oqmd_30998_Pu,oqmd_30998,Pu,0.5,A
comp_oqmd_30998_S,oqmd_30998,S,0.5,B
comp_oqmd_31001_Pu,oqmd_31001,Pu,0.5,A
comp_oqmd_31001_Te,oqmd_31001,Te,0.5,A
comp_oqmd_31032_Ru,oqmd_31032,Ru,0.5,A
comp_oqmd_31032_Ta,oqmd_31032,Ta,0.5,A
comp_oqmd_31062_Se,oqmd_31062,Se,0.5,B
comp_oqmd_31062_Ti,oqmd_31062,Ti,0.5,A
comp_oqmd_31121_Y,oqmd_31121,Y,0.5,A
comp_oqmd_31121_Zn,oqmd_31121,Zn,0.5,A
comp_oqmd_31126_Zn,oqmd_31126,Zn,0.5,A
comp_oqmd_31126_Zr,oqmd_31126,Zr,0.5,A
comp_oqmd_31226_Er,oqmd_31226,Er,0.25,B
comp_oqmd_31226_In,oqmd_31226,In,0.75,A
comp_oqmd_31227_Dy,oqmd_31227,Dy,0.25,B
comp_oqmd_31227_In,oqmd_31227,In,0.75,A
comp_oqmd_31231_Ga,oqmd_31231,Ga,0.5,A
comp_oqmd_31231_Rh,oqmd_31231,Rh,0.5,A
comp_oqmd_31240_Co,oqmd_31240,Co,0.5,A
comp_oqmd_31240_Ga,oqmd_31240,Ga,0.5,A
comp_oqmd_31332_Cd,oqmd_31332,Cd,0.5,A
comp_oqmd_31332_Te,oqmd_31332,Te,0.5,B
comp_oqmd_3649_Pt,oqmd_3649,Pt,0.5,B
comp_oqmd_3649_Sb,oqmd_3649,Sb,0.5,A
comp_oqmd_3678_Mn,oqmd_3678,Mn,0.5,A
comp_oqmd_3678_S,oqmd_3678,S,0.5,B
comp_oqmd_3679_Ag,oqmd_3679,Ag,0.5,A
comp_oqmd_3679_F,oqmd_3679,F,0.5,B
comp_oqmd_3682_Br,oqmd_3682,Br,0.5,B
comp_oqmd_3682_Na,oqmd_3682,Na,0.5,A
comp_oqmd_3683_Cl,oqmd_3683,Cl,0.5,B
comp_oqmd_3683_K,oqmd_3683,K,0.5,A
comp_oqmd_3684_Br,oqmd_3684,Br,0.5,B
comp_oqmd_3684_K,oqmd_3684,K,0.5,A
comp_oqmd_3685_Cl,oqmd_3685,Cl,0.5,B
comp_oqmd_3685_Rb,oqmd_3685,Rb,0.5,A
comp_oqmd_3686_Br,oqmd_3686,Br,0.5,B
comp_oqmd_3686_Rb,oqmd_3686,Rb,0.5,A
comp_oqmd_3735_Cl,oqmd_3735,Cl,0.5,B
comp_oqmd_3735_Na,oqmd_3735,Na,0.5,A
comp_oqmd_4108_I,oqmd_4108,I,0.5,B
comp_oqmd_4108_K,oqmd_4108,K,0.5,A
comp_oqmd_4109_I,oqmd_4109,I,0.5,B
comp_oqmd_4109_Rb,oqmd_4109,Rb,0.5,A
comp_oqmd_4110_Cl,oqmd_4110,Cl,0.5,A
comp_oqmd_4110_Cs,oqmd_4110,Cs,0.5,A
comp_oqmd_4111_Br,oqmd_4111,Br,0.5,A
comp_oqmd_4111_Cs,oqmd_4111,Cs,0.5,A
comp_oqmd_4138_S,oqmd_4138,S,0.5,B
comp_oqmd_4138_Sc,oqmd_4138,Sc,0.5,A
comp_oqmd_4149_C,oqmd_4149,C,0.5,B
comp_oqmd_4149_Hf,oqmd_4149,Hf,0.5,A
comp_oqmd_4150_C,oqmd_4150,C,0.5,B
comp_oqmd_4150_V,oqmd_4150,V,0.5,A
comp_oqmd_4151_C,oqmd_4151,C,0.5,B
comp_oqmd_4151_Zr,oqmd_4151,Zr,0.5,A
comp_oqmd_4163_N,oqmd_4163,N,0.5,B
comp_oqmd_4163_V,oqmd_4163,V,0.5,A
comp_oqmd_4466_Sb,oqmd_4466,Sb,0.5,B
comp_oqmd_4466_V,oqmd_4466,V,0.5,A
comp_oqmd_4567_C,oqmd_4567,C,0.5,B
comp_oqmd_4567_U,oqmd_4567,U,0.5,A
comp_oqmd_4568_N,oqmd_4568,N,0.5,B
comp_oqmd_4568_U,oqmd_4568,U,0.5,A
comp_oqmd_4570_O,oqmd_4570,O,0.5,B
comp_oqmd_4570_U,oqmd_4570,U,0.5,A
comp_oqmd_4578_Mn,oqmd_4578,Mn,0.5,A
comp_oqmd_4578_Se,oqmd_4578,Se,0.5,B
comp_oqmd_4612_B,oqmd_4612,B,0.5,A
comp_oqmd_4612_Pt,oqmd_4612,Pt,0.5,B
comp_oqmd_4671_O,oqmd_4671,O,0.5,B
comp_oqmd_4671_Pa,oqmd_4671,Pa,0.5,A
comp_oqmd_4707_Cd,oqmd_4707,Cd,0.5,A
comp_oqmd_4707_O,oqmd_4707,O,0.5,B
comp_oqmd_4949_As,oqmd_4949,As,0.5,B
comp_oqmd_4949_Nd,oqmd_4949,Nd,0.5,A
comp_oqmd_5065_Rh,oqmd_5065,Rh,0.5,B
comp_oqmd_5065_Te,oqmd_5065,Te,0.5,A
comp_oqmd_5081_Se,oqmd_5081,Se,0.5,B
comp_oqmd_5081_Th,oqmd_5081,Th,0.5,A
comp_oqmd_50960_S,oqmd_50960,S,0.5,A
comp_oqmd_50960_Sr,oqmd_50960,Sr,0.5,A
comp_oqmd_51007_S,oqmd_51007,S,0.5,B
comp_oqmd_51007_V,oqmd_51007,V,0.5,A
comp_oqmd_51072_Sb,oqmd_51072,Sb,0.5,A
comp_oqmd_51072_U,oqmd_51072,U,0.5,A
comp_oqmd_51174_Te,oqmd_51174,Te,0.5,B
comp_oqmd_51174_Ti,oqmd_51174,Ti,0.5,A
comp_oqmd_51180_Te,oqmd_51180,Te,0.5,B
comp_oqmd_51180_Zr,oqmd_51180,Zr,0.5,A
comp_oqmd_5151_Cl,oqmd_5151,Cl,0.5,A
comp_oqmd_5151_Rb,oqmd_5151,Rb,0.5,A
comp_oqmd_5166_Cl,oqmd_5166,Cl,0.5,B
comp_oqmd_5166_Li,oqmd_5166,Li,0.5,A
comp_oqmd_5176_N,oqmd_5176,N,0.5,B
comp_oqmd_5176_Sc,oqmd_5176,Sc,0.5,A
comp_oqmd_5177_N,oqmd_5177,N,0.5,B
comp_oqmd_5177_Zr,oqmd_5177,Zr,0.5,A
comp_oqmd_51779_Eu,oqmd_51779,Eu,0.5,A
comp_oqmd_51779_Te,oqmd_51779,Te,0.5,A
comp_oqmd_5178_C,oqmd_5178,C,0.5,B
comp_oqmd_5178_Nb,oqmd_5178,Nb,0.5,A
comp_oqmd_5179_C,oqmd_5179,C,0.5,B
comp_oqmd_5179_Ta,oqmd_5179,Ta,0.5,A
comp_oqmd_5180_Be,oqmd_5180,Be,0.5,A
comp_oqmd_5180_O,oqmd_5180,O,0.5,B
comp_oqmd_5181_Ca,oqmd_5181,Ca,0.5,A
comp_oqmd_5181_O,oqmd_5181,O,0.5,B
comp_oqmd_5182_O,oqmd_5182,O,0.5,B
comp_oqmd_5182_Sr,oqmd_5182,Sr,0.5,A
comp_oqmd_5183_Ba,oqmd_5183,Ba,0.5,A
comp_oqmd_5183_O,oqmd_5183,O,0.5,B
comp_oqmd_51839_Fe,oqmd_51839,Fe,0.5,A
comp_oqmd_51839_Se,oqmd_51839,Se,0.5,B
comp_oqmd_51840_Fe,oqmd_51840,Fe,0.5,A
comp_oqmd_51840_Se,oqmd_51840,Se,0.5,B
comp_oqmd_52046_Br,oqmd_52046,Br,0.5,A
comp_oqmd_52046_Cs,oqmd_52046,Cs,0.5,A
comp_oqmd_52059_Cl,oqmd_52059,Cl,0.5,A
comp_oqmd_52059_Cs,oqmd_52059,Cs,0.5,A
comp_oqmd_52061_Cs,oqmd_52061,Cs,0.5,A
comp_oqmd_52061_I,oqmd_52061,I,0.5,A
comp_oqmd_5216_Si,oqmd_5216,Si,0.25,B
comp_oqmd_5216_U,oqmd_5216,U,0.75,A
comp_oqmd_5236_La,oqmd_5236,La,0.5,A
comp_oqmd_5236_Se,oqmd_5236,Se,0.5,B
comp_oqmd_5237_Ce,oqmd_5237,Ce,0.5,A
comp_oqmd_5237_Se,oqmd_5237,Se,0.5,B
comp_oqmd_5238_Pr,oqmd_5238,Pr,0.5,A
comp_oqmd_5238_Se,oqmd_5238,Se,0.5,B
comp_oqmd_5239_Nd,oqmd_5239,Nd,0.5,A
comp_oqmd_5239_Se,oqmd_5239,Se,0.5,B
comp_oqmd_52394_Pu,oqmd_52394,Pu,0.5,A
comp_oqmd_52394_Te,oqmd_52394,Te,0.5,A
comp_oqmd_5240_Se,oqmd_5240,Se,0.5,B
comp_oqmd_5240_Sm,oqmd_5240,Sm,0.5,A
comp_oqmd_5241_Eu,oqmd_5241,Eu,0.5,A
comp_oqmd_5241_Se,oqmd_5241,Se,0.5,B
comp_oqmd_5242_Gd,oqmd_5242,Gd,0.5,A
comp_oqmd_5242_Se,oqmd_5242,Se,0.5,B
comp_oqmd_52896_Cu,oqmd_52896,Cu,0.75,A
comp_oqmd_52896_N,oqmd_52896,N,0.25,B
comp_oqmd_53881_Cs,oqmd_53881,Cs,0.5,A
comp_oqmd_53881_I,oqmd_53881,I,0.5,A
comp_oqmd_5404_Fe,oqmd_5404,Fe,0.5,A
comp_oqmd_5404_O,oqmd_5404,O,0.5,B
comp_oqmd_5426_Br,oqmd_5426,Br,0.5,B
comp_oqmd_5426_Li,oqmd_5426,Li,0.5,A
comp_oqmd_5427_I,oqmd_5427,I,0.5,B
comp_oqmd_5427_Li,oqmd_5427,Li,0.5,A
comp_oqmd_54404_Fe,oqmd_54404,Fe,0.5,A
comp_oqmd_54404_Se,oqmd_54404,Se,0.5,B
comp_oqmd_54708_Al,oqmd_54708,Al,0.5,A
comp_oqmd_54708_Fe,oqmd_54708,Fe,0.5,A
comp_oqmd_54942_Al,oqmd_54942,Al,0.5,A
comp_oqmd_54942_Ru,oqmd_54942,Ru,0.5,A
comp_oqmd_54987_Ag,oqmd_54987,Ag,0.5,A
comp_oqmd_54987_Er,oqmd_54987,Er,0.5,A
comp_oqmd_55003_Ag,oqmd_55003,Ag,0.5,A
comp_oqmd_55003_Ho,oqmd_55003,Ho,0.5,A
comp_oqmd_55028_Ag,oqmd_55028,Ag,0.5,A
comp_oqmd_55028_Mg,oqmd_55028,Mg,0.5,A
comp_oqmd_55055_Ag,oqmd_55055,Ag,0.5,A
comp_oqmd_55055_Zn,oqmd_55055,Zn,0.5,A
comp_oqmd_55142_Au,oqmd_55142,Au,0.5,A
comp_oqmd_55142_Zn,oqmd_55142,Zn,0.5,A
comp_oqmd_55205_Bi,oqmd_55205,Bi,0.5,B
comp_oqmd_55205_Mn,oqmd_55205,Mn,0.5,A
comp_oqmd_55227_Bi,oqmd_55227,Bi,0.5,A
comp_oqmd_55227_Rh,oqmd_55227,Rh,0.5,B
comp_oqmd_55278_Cd,oqmd_55278,Cd,0.5,A
comp_oqmd_55278_Gd,oqmd_55278,Gd,0.5,A
comp_oqmd_55518_In,oqmd_55518,In,0.5,A
comp_oqmd_55518_Ni,oqmd_55518,Ni,0.5,A
comp_oqmd_55542_In,oqmd_55542,In,0.5,A
comp_oqmd_55542_Pd,oqmd_55542,Pd,0.5,A
comp_oqmd_55558_In,oqmd_55558,In,0.5,A
comp_oqmd_55558_Rh,oqmd_55558,Rh,0.5,A
comp_oqmd_5578_O,oqmd_5578,O,0.5,B
comp_oqmd_5578_V,oqmd_5578,V,0.5,A
comp_oqmd_56154_Cl,oqmd_56154,Cl,0.5,A
comp_oqmd_56154_K,oqmd_56154,K,0.5,A
comp_oqmd_5624_S,oqmd_5624,S,0.5,B
comp_oqmd_5624_Sr,oqmd_5624,Sr,0.5,A
comp_oqmd_5625_Se,oqmd_5625,Se,0.5,B
comp_oqmd_5625_Sr,oqmd_5625,Sr,0.5,A
comp_oqmd_5626_Ca,oqmd_5626,Ca,0.5,A
comp_oqmd_5626_S,oqmd_5626,S,0.5,B
comp_oqmd_5627_Mg,oqmd_5627,Mg,0.5,A
comp_oqmd_5627_S,oqmd_5627,S,0.5,B
comp_oqmd_5632_Al,oqmd_5632,Al,0.5,A
comp_oqmd_5632_O,oqmd_5632,O,0.5,B
comp_oqmd_5677_Cl,oqmd_5677,Cl,0.5,A
comp_oqmd_5677_Tl,oqmd_5677,Tl,0.5,A
comp_oqmd_5686_F,oqmd_5686,F,0.5,B
comp_oqmd_5686_Na,oqmd_5686,Na,0.5,A
comp_oqmd_5695_Ba,oqmd_5695,Ba,0.5,A
comp_oqmd_5695_Te,oqmd_5695,Te,0.5,B
comp_oqmd_56986_Cl,oqmd_56986,Cl,0.5,A
comp_oqmd_56986_Rb,oqmd_56986,Rb,0.5,A
comp_oqmd_56987_Cl,oqmd_56987,Cl,0.5,A
comp_oqmd_56987_Tl,oqmd_56987,Tl,0.5,A
comp_oqmd_57018_I,oqmd_57018,I,0.5,A
comp_oqmd_57018_Rb,oqmd_57018,Rb,0.5,A
comp_oqmd_57019_Br,oqmd_57019,Br,0.5,A
comp_oqmd_57019_Rb,oqmd_57019,Rb,0.5,A
comp_oqmd_57020_Cl,oqmd_57020,Cl,0.5,A
comp_oqmd_57020_Rb,oqmd_57020,Rb,0.5,A
comp_oqmd_57021_F,oqmd_57021,F,0.5,A
comp_oqmd_57021_Rb,oqmd_57021,Rb,0.5,A
comp_oqmd_57108_I,oqmd_57108,I,0.5,A
comp_oqmd_57108_K,oqmd_57108,K,0.5,A
comp_oqmd_5715_Fe,oqmd_5715,Fe,0.5,A
comp_oqmd_5715_S,oqmd_5715,S,0.5,B
comp_oqmd_5716_As,oqmd_5716,As,0.5,B
comp_oqmd_5716_Ni,oqmd_5716,Ni,0.5,A
comp_oqmd_5717_Ni,oqmd_5717,Ni,0.5,A
comp_oqmd_5717_Sb,oqmd_5717,Sb,0.5,B
comp_oqmd_5718_Co,oqmd_5718,Co,0.5,A
comp_oqmd_5718_S,oqmd_5718,S,0.5,B
comp_oqmd_5719_Fe,oqmd_5719,Fe,0.5,A
comp_oqmd_5719_Se,oqmd_5719,Se,0.5,B
comp_oqmd_5720_Ni,oqmd_5720,Ni,0.5,A
comp_oqmd_5720_Se,oqmd_5720,Se,0.5,B
comp_oqmd_5722_Ni,oqmd_5722,Ni,0.5,A
comp_oqmd_5722_S,oqmd_5722,S,0.5,B
comp_oqmd_5734_La,oqmd_5734,La,0.5,A
comp_oqmd_5734_S,oqmd_5734,S,0.5,B
comp_oqmd_5735_La,oqmd_5735,La,0.5,A
comp_oqmd_5735_Te,oqmd_5735,Te,0.5,B
comp_oqmd_5736_Ce,oqmd_5736,Ce,0.5,A
comp_oqmd_5736_S,oqmd_5736,S,0.5,B
comp_oqmd_5737_Pr,oqmd_5737,Pr,0.5,A
comp_oqmd_5737_Te,oqmd_5737,Te,0.5,B
comp_oqmd_5738_Nd,oqmd_5738,Nd,0.5,A
comp_oqmd_5738_S,oqmd_5738,S,0.5,B
comp_oqmd_5771_Eu,oqmd_5771,Eu,0.5,A
comp_oqmd_5771_S,oqmd_5771,S,0.5,B
comp_oqmd_5783_Ba,oqmd_5783,Ba,0.5,A
comp_oqmd_5783_S,oqmd_5783,S,0.5,B
comp_oqmd_5995_Cl,oqmd_5995,Cl,0.5,A
comp_oqmd_5995_K,oqmd_5995,K,0.5,A
comp_oqmd_6095_S,oqmd_6095,S,0.5,B
comp_oqmd_6095_Th,oqmd_6095,Th,0.5,A
comp_oqmd_6096_S,oqmd_6096,S,0.5,B
comp_oqmd_6096_U,oqmd_6096,U,0.5,A
comp_oqmd_6097_Np,oqmd_6097,Np,0.5,A
comp_oqmd_6097_O,oqmd_6097,O,0.5,B
comp_oqmd_6098_O,oqmd_6098,O,0.5,B
comp_oqmd_6098_Pu,oqmd_6098,Pu,0.5,A
comp_oqmd_6099_N,oqmd_6099,N,0.5,B
comp_oqmd_6099_Np,oqmd_6099,Np,0.5,A
comp_oqmd_6100_N,oqmd_6100,N,0.5,B
comp_oqmd_6100_Pu,oqmd_6100,Pu,0.5,A
comp_oqmd_6101_C,oqmd_6101,C,0.5,B
comp_oqmd_6101_Pu,oqmd_6101,Pu,0.5,A
comp_oqmd_6116_Te,oqmd_6116,Te,0.5,B
comp_oqmd_6116_Zn,oqmd_6116,Zn,0.5,A
comp_oqmd_6117_Hg,oqmd_6117,Hg,0.5,A
comp_oqmd_6117_Te,oqmd_6117,Te,0.5,B
comp_oqmd_6293_Te,oqmd_6293,Te,0.5,A
comp_oqmd_6293_Th,oqmd_6293,Th,0.5,A
comp_oqmd_6296_Eu,oqmd_6296,Eu,0.5,A
comp_oqmd_6296_Te,oqmd_6296,Te,0.5,B
comp_oqmd_6297_S,oqmd_6297,S,0.5,B
comp_oqmd_6297_V,oqmd_6297,V,0.5,A
comp_oqmd_6318_H,oqmd_6318,H,0.5,B
comp_oqmd_6318_Na,oqmd_6318,Na,0.5,A
comp_oqmd_6320_Te,oqmd_6320,Te,0.5,B
comp_oqmd_6320_Yb,oqmd_6320,Yb,0.5,A
comp_oqmd_6321_Se,oqmd_6321,Se,0.5,B
comp_oqmd_6321_Yb,oqmd_6321,Yb,0.5,A
comp_oqmd_68794_P,oqmd_68794,P,0.5,B
comp_oqmd_68794_V,oqmd_68794,V,0.5,A
comp_oqmd_6912_Cr,oqmd_6912,Cr,0.5,A
comp_oqmd_6912_N,oqmd_6912,N,0.5,B
comp_oqmd_6913_N,oqmd_6913,N,0.5,B
comp_oqmd_6913_Y,oqmd_6913,Y,0.5,A
comp_oqmd_6924_Nb,oqmd_6924,Nb,0.5,A
comp_oqmd_6924_O,oqmd_6924,O,0.5,B
comp_oqmd_6958_O,oqmd_6958,O,0.5,B
comp_oqmd_6958_Zn,oqmd_6958,Zn,0.5,A
comp_oqmd_6974_Pb,oqmd_6974,Pb,0.5,A
comp_oqmd_6974_Se,oqmd_6974,Se,0.5,B
comp_oqmd_6975_Pb,oqmd_6975,Pb,0.5,B
comp_oqmd_6975_Te,oqmd_6975,Te,0.5,A
comp_oqmd_69843_Ru,oqmd_69843,Ru,0.5,A
comp_oqmd_69843_Si,oqmd_69843,Si,0.5,A
comp_oqmd_71826_Mn,oqmd_71826,Mn,0.5,A
comp_oqmd_71826_Te,oqmd_71826,Te,0.5,B
comp_oqmd_7241_Fe,oqmd_7241,Fe,0.25,B
comp_oqmd_7241_Ni,oqmd_7241,Ni,0.75,A
comp_oqmd_7246_Au,oqmd_7246,Au,0.25,B
comp_oqmd_7246_Cu,oqmd_7246,Cu,0.75,A
comp_oqmd_73625_S,oqmd_73625,S,0.5,B
comp_oqmd_73625_V,oqmd_73625,V,0.5,A
comp_oqmd_74704_Ru,oqmd_74704,Ru,0.5,A
comp_oqmd_74704_Si,oqmd_74704,Si,0.5,A
comp_oqmd_7484_F,oqmd_7484,F,0.5,B
comp_oqmd_7484_Li,oqmd_7484,Li,0.5,A
comp_oqmd_7584_As,oqmd_7584,As,0.5,B
comp_oqmd_7584_Mn,oqmd_7584,Mn,0.5,A
comp_oqmd_7648_Ca,oqmd_7648,Ca,0.5,A
comp_oqmd_7648_Se,oqmd_7648,Se,0.5,B
comp_oqmd_7649_Ca,oqmd_7649,Ca,0.5,A
comp_oqmd_7649_Te,oqmd_7649,Te,0.5,B
comp_oqmd_7759_P,oqmd_7759,P,0.5,B
comp_oqmd_7759_V,oqmd_7759,V,0.5,A
comp_oqmd_7807_Co,oqmd_7807,Co,0.5,A
comp_oqmd_7807_Se,oqmd_7807,Se,0.5,B
comp_oqmd_7812_Pd,oqmd_7812,Pd,0.5,B
comp_oqmd_7812_Te,oqmd_7812,Te,0.5,A
comp_oqmd_7813_Ni,oqmd_7813,Ni,0.5,A
comp_oqmd_7813_Te,oqmd_7813,Te,0.5,B
comp_oqmd_7825_Fe,oqmd_7825,Fe,0.25,B
comp_oqmd_7825_Pt,oqmd_7825,Pt,0.75,A
comp_oqmd_7829_Pt,oqmd_7829,Pt,0.5,B
comp_oqmd_7829_Sn,oqmd_7829,Sn,0.5,A
comp_oqmd_7832_Pd,oqmd_7832,Pd,0.5,B
comp_oqmd_7832_Sb,oqmd_7832,Sb,0.5,A
comp_oqmd_7834_Pb,oqmd_7834,Pb,0.25,B
comp_oqmd_7834_Pd,oqmd_7834,Pd,0.75,A
comp_oqmd_8063_C,oqmd_8063,C,0.5,B
comp_oqmd_8063_Th,oqmd_8063,Th,0.5,A
comp_oqmd_8080_Os,oqmd_8080,Os,0.5,A
comp_oqmd_8080_Si,oqmd_8080,Si,0.5,A
comp_oqmd_8089_H,oqmd_8089,H,0.5,B
comp_oqmd_8089_K,oqmd_8089,K,0.5,A
comp_oqmd_8090_Cl,oqmd_8090,Cl,0.5,A
comp_oqmd_8090_Na,oqmd_8090,Na,0.5,A
comp_oqmd_8091_F,oqmd_8091,F,0.5,A
comp_oqmd_8091_Rb,oqmd_8091,Rb,0.5,A
comp_oqmd_8112_C,oqmd_8112,C,0.5,B
comp_oqmd_8112_Mo,oqmd_8112,Mo,0.5,A
comp_oqmd_8113_C,oqmd_8113,C,0.5,B
comp_oqmd_8113_Sc,oqmd_8113,Sc,0.5,A
comp_oqmd_8116_Mn,oqmd_8116,Mn,0.5,A
comp_oqmd_8116_Te,oqmd_8116,Te,0.5,B
comp_oqmd_8117_Ho,oqmd_8117,Ho,0.5,A
comp_oqmd_8117_P,oqmd_8117,P,0.5,B
comp_oqmd_8118_As,oqmd_8118,As,0.5,B
comp_oqmd_8118_Ho,oqmd_8118,Ho,0.5,A
comp_oqmd_8119_Ho,oqmd_8119,Ho,0.5,A
comp_oqmd_8119_Sb,oqmd_8119,Sb,0.5,B
comp_oqmd_8120_Bi,oqmd_8120,Bi,0.5,B
comp_oqmd_8120_Ho,oqmd_8120,Ho,0.5,A
comp_oqmd_8121_Ho,oqmd_8121,Ho,0.5,A
comp_oqmd_8121_S,oqmd_8121,S,0.5,B
comp_oqmd_8122_Ho,oqmd_8122,Ho,0.5,A
comp_oqmd_8122_Se,oqmd_8122,Se,0.5,B
comp_oqmd_8123_Ho,oqmd_8123,Ho,0.5,A
comp_oqmd_8123_Te,oqmd_8123,Te,0.5,B
comp_oqmd_8149_S,oqmd_8149,S,0.5,B
comp_oqmd_8149_Sm,oqmd_8149,Sm,0.5,A
comp_oqmd_8150_Sc,oqmd_8150,Sc,0.5,A
comp_oqmd_8150_Te,oqmd_8150,Te,0.5,B
comp_oqmd_8154_P,oqmd_8154,P,0.5,B
comp_oqmd_8154_Tb,oqmd_8154,Tb,0.5,A
comp_oqmd_8155_As,oqmd_8155,As,0.5,B
comp_oqmd_8155_Tb,oqmd_8155,Tb,0.5,A
comp_oqmd_8156_Sb,oqmd_8156,Sb,0.5,B
comp_oqmd_8156_Tb,oqmd_8156,Tb,0.5,A
comp_oqmd_8157_Bi,oqmd_8157,Bi,0.5,B
comp_oqmd_8157_Tb,oqmd_8157,Tb,0.5,A
comp_oqmd_8158_S,oqmd_8158,S,0.5,B
comp_oqmd_8158_Tb,oqmd_8158,Tb,0.5,A
comp_oqmd_8159_Se,oqmd_8159,Se,0.5,B
comp_oqmd_8159_Tb,oqmd_8159,Tb,0.5,A
comp_oqmd_8161_Sb,oqmd_8161,Sb,0.5,B
comp_oqmd_8161_Y,oqmd_8161,Y,0.5,A
comp_oqmd_8162_As,oqmd_8162,As,0.5,B
comp_oqmd_8162_Gd,oqmd_8162,Gd,0.5,A
comp_oqmd_8163_Gd,oqmd_8163,Gd,0.5,A
comp_oqmd_8163_Sb,oqmd_8163,Sb,0.5,B
comp_oqmd_8164_As,oqmd_8164,As,0.5,B
comp_oqmd_8164_Dy,oqmd_8164,Dy,0.5,A
comp_oqmd_8165_Dy,oqmd_8165,Dy,0.5,A
comp_oqmd_8165_Sb,oqmd_8165,Sb,0.5,B
comp_oqmd_8166_Dy,oqmd_8166,Dy,0.5,A
comp_oqmd_8166_Te,oqmd_8166,Te,0.5,B
comp_oqmd_8167_As,oqmd_8167,As,0.5,B
comp_oqmd_8167_Er,oqmd_8167,Er,0.5,A
comp_oqmd_8168_Er,oqmd_8168,Er,0.5,A
comp_oqmd_8168_Sb,oqmd_8168,Sb,0.5,B
comp_oqmd_8169_Er,oqmd_8169,Er,0.5,A
comp_oqmd_8169_Te,oqmd_8169,Te,0.5,B
comp_oqmd_8170_As,oqmd_8170,As,0.5,B
comp_oqmd_8170_Tm,oqmd_8170,Tm,0.5,A
comp_oqmd_8171_Sb,oqmd_8171,Sb,0.5,B
comp_oqmd_8171_Tm,oqmd_8171,Tm,0.5,A
comp_oqmd_8172_As,oqmd_8172,As,0.5,B
comp_oqmd_8172_Yb,oqmd_8172,Yb,0.5,A
comp_oqmd_8173_Ba,oqmd_8173,Ba,0.5,A
comp_oqmd_8173_Se,oqmd_8173,Se,0.5,B
comp_oqmd_8177_B,oqmd_8177,B,0.5,B
comp_oqmd_8177_Pu,oqmd_8177,Pu,0.5,A
comp_oqmd_8239_As,oqmd_8239,As,0.5,B
comp_oqmd_8239_Ce,oqmd_8239,Ce,0.5,A
comp_oqmd_8241_As,oqmd_8241,As,0.5,B
comp_oqmd_8241_Co,oqmd_8241,Co,0.5,A
comp_oqmd_8254_As,oqmd_8254,As,0.5,B
comp_oqmd_8254_Lu,oqmd_8254,Lu,0.5,A
comp_oqmd_8260_As,oqmd_8260,As,0.5,B
comp_oqmd_8260_Np,oqmd_8260,Np,0.5,A
comp_oqmd_8265_As,oqmd_8265,As,0.5,B
comp_oqmd_8265_Pa,oqmd_8265,Pa,0.5,A
comp_oqmd_8269_As,oqmd_8269,As,0.5,A
comp_oqmd_8269_Pu,oqmd_8269,Pu,0.5,A
comp_oqmd_8270_As,oqmd_8270,As,0.5,B
comp_oqmd_8270_Pu,oqmd_8270,Pu,0.5,A
comp_oqmd_8272_As,oqmd_8272,As,0.5,B
comp_oqmd_8272_Sm,oqmd_8272,Sm,0.5,A
comp_oqmd_8273_As,oqmd_8273,As,0.5,B
comp_oqmd_8273_Sn,oqmd_8273,Sn,0.5,A
comp_oqmd_8278_As,oqmd_8278,As,0.5,B
comp_oqmd_8278_Te,oqmd_8278,Te,0.5,A
comp_oqmd_8279_As,oqmd_8279,As,0.5,B
comp_oqmd_8279_Th,oqmd_8279,Th,0.5,A
comp_oqmd_8280_As,oqmd_8280,As,0.5,B
comp_oqmd_8280_Ti,oqmd_8280,Ti,0.5,A
comp_oqmd_8281_As,oqmd_8281,As,0.5,A
comp_oqmd_8281_U,oqmd_8281,U,0.5,A
comp_oqmd_8282_As,oqmd_8282,As,0.5,B
comp_oqmd_8282_U,oqmd_8282,U,0.5,A
comp_oqmd_8285_As,oqmd_8285,As,0.5,B
comp_oqmd_8285_Y,oqmd_8285,Y,0.5,A
comp_oqmd_8286_As,oqmd_8286,As,0.5,B
comp_oqmd_8286_Zr,oqmd_8286,Zr,0.5,A
comp_oqmd_8293_N,oqmd_8293,N,0.5,B
comp_oqmd_8293_Sm,oqmd_8293,Sm,0.5,A
comp_oqmd_8294_P,oqmd_8294,P,0.5,B
comp_oqmd_8294_Sm,oqmd_8294,Sm,0.5,A
comp_oqmd_8295_Sb,oqmd_8295,Sb,0.5,B
comp_oqmd_8295_Sm,oqmd_8295,Sm,0.5,A
comp_oqmd_8296_Sm,oqmd_8296,Sm,0.5,A
comp_oqmd_8296_Te,oqmd_8296,Te,0.5,B
comp_oqmd_8297_Bi,oqmd_8297,Bi,0.5,B
comp_oqmd_8297_Nd,oqmd_8297,Nd,0.5,A
comp_oqmd_8353_I,oqmd_8353,I,0.5,B
comp_oqmd_8353_Na,oqmd_8353,Na,0.5,A
comp_oqmd_8354_Cs,oqmd_8354,Cs,0.5,A
comp_oqmd_8354_F,oqmd_8354,F,0.5,B
comp_oqmd_8355_Cs,oqmd_8355,Cs,0.5,A
comp_oqmd_8355_I,oqmd_8355,I,0.5,A
comp_oqmd_8383_Np,oqmd_8383,Np,0.5,A
comp_oqmd_8383_P,oqmd_8383,P,0.5,B
comp_oqmd_8384_Np,oqmd_8384,Np,0.5,A
comp_oqmd_8384_S,oqmd_8384,S,0.5,B
comp_oqmd_8385_Np,oqmd_8385,Np,0.5,A
comp_oqmd_8385_Sb,oqmd_8385,Sb,0.5,B
comp_oqmd_8386_Rh,oqmd_8386,Rh,0.5,A
comp_oqmd_8386_Si,oqmd_8386,Si,0.5,A
comp_oqmd_8389_N,oqmd_8389,N,0.5,B
comp_oqmd_8389_Th,oqmd_8389,Th,0.5,A
comp_oqmd_8426_Ir,oqmd_8426,Ir,0.5,B
comp_oqmd_8426_Sb,oqmd_8426,Sb,0.5,A
comp_oqmd_8431_Ge,oqmd_8431,Ge,0.5,B
comp_oqmd_8431_Th,oqmd_8431,Th,0.5,A
comp_oqmd_8477_B,oqmd_8477,B,0.5,B
comp_oqmd_8477_Zr,oqmd_8477,Zr,0.5,A
comp_oqmd_8480_Ru,oqmd_8480,Ru,0.5,A
comp_oqmd_8480_Si,oqmd_8480,Si,0.5,A
comp_oqmd_8484_In,oqmd_8484,In,0.5,A
comp_oqmd_8484_Sb,oqmd_8484,Sb,0.5,A
comp_oqmd_8485_In,oqmd_8485,In,0.5,A
comp_oqmd_8485_Sb,oqmd_8485,Sb,0.5,B
comp_oqmd_8487_In,oqmd_8487,In,0.5,A
comp_oqmd_8487_Te,oqmd_8487,Te,0.5,A
comp_oqmd_8506_La,oqmd_8506,La,0.5,A
comp_oqmd_8506_N,oqmd_8506,N,0.5,B
comp_oqmd_8507_La,oqmd_8507,La,0.5,A
comp_oqmd_8507_P,oqmd_8507,P,0.5,B
comp_oqmd_8517_Sb,oqmd_8517,Sb,0.5,B
comp_oqmd_8517_Th,oqmd_8517,Th,0.5,A
comp_oqmd_87980_Cd,oqmd_87980,Cd,0.5,A
comp_oqmd_87980_La,oqmd_87980,La,0.5,A
comp_oqmd_87994_Cd,oqmd_87994,Cd,0.5,A
comp_oqmd_87994_Lu,oqmd_87994,Lu,0.5,A
comp_oqmd_88003_Cd,oqmd_88003,Cd,0.5,A
comp_oqmd_88003_Nd,oqmd_88003,Nd,0.5,A
comp_oqmd_88014_Cd,oqmd_88014,Cd,0.5,A
comp_oqmd_88014_Pr,oqmd_88014,Pr,0.5,A
comp_oqmd_88025_Cd,oqmd_88025,Cd,0.5,A
comp_oqmd_88025_Sc,oqmd_88025,Sc,0.5,A
comp_oqmd_88027_Cd,oqmd_88027,Cd,0.5,A
comp_oqmd_88027_Sm,oqmd_88027,Sm,0.5,A
comp_oqmd_88030_Cd,oqmd_88030,Cd,0.5,A
comp_oqmd_88030_Tb,oqmd_88030,Tb,0.5,A
comp_oqmd_88033_Cd,oqmd_88033,Cd,0.5,A
comp_oqmd_88033_Tm,oqmd_88033,Tm,0.5,A
comp_oqmd_88036_Cd,oqmd_88036,Cd,0.5,A
comp_oqmd_88036_Y,oqmd_88036,Y,0.5,A
comp_oqmd_88040_Cd,oqmd_88040,Cd,0.5,A
comp_oqmd_88040_Yb,oqmd_88040,Yb,0.5,A
comp_oqmd_88122_Ce,oqmd_88122,Ce,0.5,A
comp_oqmd_88122_Hg,oqmd_88122,Hg,0.5,A
comp_oqmd_88154_Ce,oqmd_88154,Ce,0.5,A
comp_oqmd_88154_Mg,oqmd_88154,Mg,0.5,A
comp_oqmd_88239_Ce,oqmd_88239,Ce,0.5,A
comp_oqmd_88239_Zn,oqmd_88239,Zn,0.5,A
comp_oqmd_88346_Co,oqmd_88346,Co,0.5,A
comp_oqmd_88346_Ga,oqmd_88346,Ga,0.5,A
comp_oqmd_88389_Co,oqmd_88389,Co,0.5,A
comp_oqmd_88389_Hf,oqmd_88389,Hf,0.5,A
comp_oqmd_88739_Cu,oqmd_88739,Cu,0.5,A
comp_oqmd_88739_Dy,oqmd_88739,Dy,0.5,A
comp_oqmd_88747_Cu,oqmd_88747,Cu,0.5,A
comp_oqmd_88747_Er,oqmd_88747,Er,0.5,A
comp_oqmd_88809_Cu,oqmd_88809,Cu,0.5,A
comp_oqmd_88809_Gd,oqmd_88809,Gd,0.5,A
comp_oqmd_88828_Cu,oqmd_88828,Cu,0.5,A
comp_oqmd_88828_Ho,oqmd_88828,Ho,0.5,A
comp_oqmd_88926_Cu,oqmd_88926,Cu,0.5,A
comp_oqmd_88926_Sc,oqmd_88926,Sc,0.5,A
comp_oqmd_88940_Cu,oqmd_88940,Cu,0.5,A
comp_oqmd_88940_Tb,oqmd_88940,Tb,0.5,A
comp_oqmd_88955_Cu,oqmd_88955,Cu,0.5,A
comp_oqmd_88955_Tm,oqmd_88955,Tm,0.5,A
comp_oqmd_88957_Cu,oqmd_88957,Cu,0.5,A
comp_oqmd_88957_Y,oqmd_88957,Y,0.5,A
comp_oqmd_88965_Dy,oqmd_88965,Dy,0.5,A
comp_oqmd_88965_Mg,oqmd_88965,Mg,0.5,A
comp_oqmd_88966_Cu,oqmd_88966,Cu,0.5,A
comp_oqmd_88966_Zn,oqmd_88966,Zn,0.5,A
comp_oqmd_89004_Dy,oqmd_89004,Dy,0.5,A
comp_oqmd_89004_Hg,oqmd_89004,Hg,0.5,A
comp_oqmd_89009_Dy,oqmd_89009,Dy,0.5,A
comp_oqmd_89009_In,oqmd_89009,In,0.5,A
comp_oqmd_89046_Er,oqmd_89046,Er,0.5,A
comp_oqmd_89046_Hg,oqmd_89046,Hg,0.5,A
comp_oqmd_89055_Er,oqmd_89055,Er,0.5,A
comp_oqmd_89055_Ir,oqmd_89055,Ir,0.5,A
comp_oqmd_89059_Er,oqmd_89059,Er,0.5,A
comp_oqmd_89059_Mg,oqmd_89059,Mg,0.5,A
comp_oqmd_89074_Er,oqmd_89074,Er,0.5,A
comp_oqmd_89074_Pd,oqmd_89074,Pd,0.5,A
comp_oqmd_89086_Er,oqmd_89086,Er,0.5,A
comp_oqmd_89086_Rh,oqmd_89086,Rh,0.5,A
comp_oqmd_89098_Er,oqmd_89098,Er,0.5,A
comp_oqmd_89098_Tl,oqmd_89098,Tl,0.5,A
comp_oqmd_89104_Er,oqmd_89104,Er,0.5,A
comp_oqmd_89104_Zn,oqmd_89104,Zn,0.5,A
comp_oqmd_89126_Dy,oqmd_89126,Dy,0.5,A
comp_oqmd_89126_Pd,oqmd_89126,Pd,0.5,A
comp_oqmd_89140_Dy,oqmd_89140,Dy,0.5,A
comp_oqmd_89140_Rh,oqmd_89140,Rh,0.5,A
comp_oqmd_89155_Dy,oqmd_89155,Dy,0.5,A
comp_oqmd_89155_Zn,oqmd_89155,Zn,0.5,A
comp_oqmd_89198_Eu,oqmd_89198,Eu,0.5,A
comp_oqmd_89198_Tl,oqmd_89198,Tl,0.5,A
comp_oqmd_89397_Fe,oqmd_89397,Fe,0.5,A
comp_oqmd_89397_Ti,oqmd_89397,Ti,0.5,A
comp_oqmd_89398_Fe,oqmd_89398,Fe,0.5,A
comp_oqmd_89398_Ti,oqmd_89398,Ti,0.5,A
comp_oqmd_89417_Fe,oqmd_89417,Fe,0.5,A
comp_oqmd_89417_V,oqmd_89417,V,0.5,A
comp_oqmd_89558_Ga,oqmd_89558,Ga,0.5,A
comp_oqmd_89558_Ni,oqmd_89558,Ni,0.5,A
comp_oqmd_89616_Ga,oqmd_89616,Ga,0.5,A
comp_oqmd_89616_Rh,oqmd_89616,Rh,0.5,A
comp_oqmd_89687_Gd,oqmd_89687,Gd,0.5,A
comp_oqmd_89687_In,oqmd_89687,In,0.5,A
comp_oqmd_89700_Gd,oqmd_89700,Gd,0.5,A
comp_oqmd_89700_Mg,oqmd_89700,Mg,0.5,A
comp_oqmd_89749_Gd,oqmd_89749,Gd,0.5,A
comp_oqmd_89749_Rh,oqmd_89749,Rh,0.5,A
comp_oqmd_89759_Gd,oqmd_89759,Gd,0.5,A
comp_oqmd_89759_Tl,oqmd_89759,Tl,0.5,A
comp_oqmd_89768_Gd,oqmd_89768,Gd,0.5,A
comp_oqmd_89768_Zn,oqmd_89768,Zn,0.5,A
comp_oqmd_89859_Hg,oqmd_89859,Hg,0.5,A
comp_oqmd_89859_Mg,oqmd_89859,Mg,0.5,A
comp_oqmd_89861_Hg,oqmd_89861,Hg,0.5,A
comp_oqmd_89861_Mn,oqmd_89861,Mn,0.5,A
comp_oqmd_89924_Ho,oqmd_89924,Ho,0.5,A
comp_oqmd_89924_Rh,oqmd_89924,Rh,0.5,A
comp_oqmd_89929_Ho,oqmd_89929,Ho,0.5,A
comp_oqmd_89929_Zn,oqmd_89929,Zn,0.5,A
comp_oqmd_90117_Li,oqmd_90117,Li,0.5,A
comp_oqmd_90117_Tl,oqmd_90117,Tl,0.5,A
comp_oqmd_90130_Lu,oqmd_90130,Lu,0.5,A
comp_oqmd_90130_Pd,oqmd_90130,Pd,0.5,A
comp_oqmd_90141_Mg,oqmd_90141,Mg,0.5,A
comp_oqmd_90141_Nd,oqmd_90141,Nd,0.5,A
comp_oqmd_90147_Mg,oqmd_90147,Mg,0.5,A
comp_oqmd_90147_Pd,oqmd_90147,Pd,0.5,A
comp_oqmd_90153_Mg,oqmd_90153,Mg,0.5,A
comp_oqmd_90153_Sm,oqmd_90153,Sm,0.5,A
comp_oqmd_90160_Mg,oqmd_90160,Mg,0.5,A
comp_oqmd_90160_Tb,oqmd_90160,Tb,0.5,A
comp_oqmd_90200_Mn,oqmd_90200,Mn,0.5,A
comp_oqmd_90200_Pd,oqmd_90200,Pd,0.5,A
comp_oqmd_90445_Nd,oqmd_90445,Nd,0.5,A
comp_oqmd_90445_Zn,oqmd_90445,Zn,0.5,A
comp_oqmd_90586_Os,oqmd_90586,Os,0.5,A
comp_oqmd_90586_Ti,oqmd_90586,Ti,0.5,A
comp_oqmd_90674_Pd,oqmd_90674,Pd,0.5,A
comp_oqmd_90674_Yb,oqmd_90674,Yb,0.5,A
comp_oqmd_90771_Rh,oqmd_90771,Rh,0.5,A
comp_oqmd_90771_Sm,oqmd_90771,Sm,0.5,A
comp_oqmd_90791_Rh,oqmd_90791,Rh,0.5,A
comp_oqmd_90791_Y,oqmd_90791,Y,0.5,A
comp_oqmd_90794_Rh,oqmd_90794,Rh,0.5,A
comp_oqmd_90794_Zr,oqmd_90794,Zr,0.5,A
comp_oqmd_90810_Ru,oqmd_90810,Ru,0.5,A
comp_oqmd_90810_V,oqmd_90810,V,0.5,A
comp_oqmd_90870_Tb,oqmd_90870,Tb,0.5,A
comp_oqmd_90870_Zn,oqmd_90870,Zn,0.5,A
comp_oqmd_90872_Te,oqmd_90872,Te,0.5,A
comp_oqmd_90872_Th,oqmd_90872,Th,0.5,A
comp_oqmd_90905_Tl,oqmd_90905,Tl,0.5,A
comp_oqmd_90905_Tm,oqmd_90905,Tm,0.5,A
comp_oqmd_91935_Ba,oqmd_91935,Ba,0.5,A
comp_oqmd_91935_Te,oqmd_91935,Te,0.5,A
comp_oqmd_94296_Ag,oqmd_94296,Ag,0.5,A
comp_oqmd_94296_Dy,oqmd_94296,Dy,0.5,A
comp_oqmd_94348_Fe,oqmd_94348,Fe,0.5,A
comp_oqmd_94348_Rh,oqmd_94348,Rh,0.5,A
comp_oqmd_94482_Ag,oqmd_94482,Ag,0.5,A
comp_oqmd_94482_Mg,oqmd_94482,Mg,0.5,A
comp_oqmd_94573_Ag,oqmd_94573,Ag,0.5,A
comp_oqmd_94573_Gd,oqmd_94573,Gd,0.5,A
comp_oqmd_94574_Ru,oqmd_94574,Ru,0.5,A
comp_oqmd_94574_Ti,oqmd_94574,Ti,0.5,A
comp_oqmd_94593_Ag,oqmd_94593,Ag,0.5,A
comp_oqmd_94593_Ce,oqmd_94593,Ce,0.5,A
comp_oqmd_94594_Ag,oqmd_94594,Ag,0.5,A
comp_oqmd_94594_La,oqmd_94594,La,0.5,A
comp_oqmd_94600_Au,oqmd_94600,Au,0.5,A
comp_oqmd_94600_Cs,oqmd_94600,Cs,0.5,A
comp_oqmd_94913_Al,oqmd_94913,Al,0.5,A
comp_oqmd_94913_Ni,oqmd_94913,Ni,0.5,A
comp_oqmd_94919_Al,oqmd_94919,Al,0.5,A
comp_oqmd_94919_Ni,oqmd_94919,Ni,0.5,A
comp_oqmd_94922_Au,oqmd_94922,Au,0.5,A
comp_oqmd_94922_Cd,oqmd_94922,Cd,0.5,A
comp_oqmd_9510_Cr,oqmd_9510,Cr,0.5,A
comp_oqmd_9510_Se,oqmd_9510,Se,0.5,B
comp_oqmd_98735_Co,oqmd_98735,Co,0.5,A
comp_oqmd_98735_Fe,oqmd_98735,Fe,0.5,A
comp_oqmd_9972_Pd,oqmd_9972,Pd,0.5,A
comp_oqmd_9972_Zr,oqmd_9972,Zr,0.5,A
