material_id,formula,structure_type,element_A,element_B,count_A,count_B,lattice_constant,energy_per_atom,energy_above_hull
mp-1187447,ThPa3,L1$_2$,Th,Pa,1.0,3.0,4.736582,-75.93405369000001,0.07677548249999601
mp-1186796,Pu3Ta,L1$_2$,Pu,Ta,3.0,1.0,4.199416,-75.85687789410416,1.058341397500001
mp-568042,Np3Tl,L1$_2$,Np,Tl,3.0,1.0,4.647348,-75.02390899333335,0.539075800104157
mp-979114,Th3U,L1$_2$,Th,U,3.0,1.0,4.926054,-74.84719079625002,0.24476497249999302
mp-1002230,PuBi,B2,Pu,Bi,1.0,1.0,3.88311615,-73.07098046,0.097358764999995
mp-1184544,GdNp3,L1$_2$,Gd,Np,1.0,3.0,4.609486,-72.44244101000001,0.674968963437493
mp-580329,Pu3Sn,L1$_2$,Pu,Sn,3.0,1.0,4.7515794,-71.618475575,0.0
mp-1005727,TmNp3,L1$_2$,Tm,Np,1.0,3.0,4.616898,-70.37746385416666,0.6709568667708361
mp-614895,Pu3In,L1$_2$,Pu,In,3.0,1.0,4.346444,-70.25080465812499,0.38907912250000704
mp-1006245,ErNp3,L1$_2$,Er,Np,1.0,3.0,4.691813,-70.06570605666667,0.6838113834375
mp-1186385,Pa3Hg,L1$_2$,Pa,Hg,3.0,1.0,4.628743,-69.832105226875,0.151860038750001
mp-1184926,HoNp3,L1$_2$,Ho,Np,1.0,3.0,4.638694,-69.79966866875,0.688825958437504
mp-1187049,Th3Pb,L1$_2$,Th,Pb,3.0,1.0,4.98454339,-69.402885245,0.056559346875005
mp-1018042,UBi,B2,U,Bi,1.0,1.0,3.829861,-69.28478042875001,0.11168422999999401
mp-981435,LaNp3,L1$_2$,La,Np,1.0,3.0,4.5676369999999995,-68.998301465,0.7060522346875041
mp-581934,Pu3Ge,L1$_2$,Pu,Ge,3.0,1.0,4.58766757,-68.8821095375,0.0
mp-1184404,EuU3,L1$_2$,Eu,U,1.0,3.0,4.491149,-68.858468235,0.728279912499999
mp-981662,YbU3,L1$_2$,Yb,U,1.0,3.0,4.486130253248775,-68.5175046525,0.5713675125000031
mp-571075,Np3Sn,L1$_2$,Np,Sn,3.0,1.0,4.592665,-68.28716850583335,0.274282721666665
mp-607223,Np3In,L1$_2$,Np,In,3.0,1.0,4.58106,-67.4724703575,0.44033588593750006
mp-20486,Pu3Ga,L1$_2$,Pu,Ga,3.0,1.0,4.131532,-67.43411455375,0.47477692249999803
mp-1183992,CsNp3,L1$_2$,Cs,Np,1.0,3.0,4.671867,-66.94068761198277,1.6045842864547382
mp-1185105,LaU3,L1$_2$,La,U,1.0,3.0,4.54601,-66.82206661625,0.5706559037499941
mp-1187600,YbPa3,L1$_2$,Yb,Pa,1.0,3.0,4.663464431180695,-66.6435648675,0.130793463749995
mp-1187864,YNp3,L1$_2$,Y,Np,1.0,3.0,4.669545,-66.62629872166666,0.720260166770842
mp-978994,TmPa3,L1$_2$,Tm,Pa,1.0,3.0,4.706554,-66.25895295166667,0.163322755833334
mp-1184331,ErPa3,L1$_2$,Er,Pa,1.0,3.0,4.703785,-65.95051937416667,0.17285305250000202
mp-1184733,GdTh3,L1$_2$,Gd,Th,1.0,3.0,5.196684,-65.8884742325,0.067223705000003
mp-1183793,DyPa3,L1$_2$,Dy,Pa,1.0,3.0,4.702978,-65.44851070375,0.18895373750000002
mp-1100784,U3In,L1$_2$,U,In,3.0,1.0,4.466263,-65.376107315,0.32591329500000604
mp-1183709,CePa3,L1$_2$,Ce,Pa,1.0,3.0,4.64910066,-65.2939903575,0.05818046750000801
mp-978511,SmPa3,L1$_2$,Sm,Pa,1.0,3.0,4.72605,-64.84543397375,0.22981074125000503
mp-974754,NdPa3,L1$_2$,Nd,Pa,1.0,3.0,4.7463619999999995,-64.74013459000001,0.25638129062500004
mp-1184384,EuTh3,L1$_2$,Eu,Th,1.0,3.0,5.104766,-64.59043303875,0.146234252499994
mp-973556,LuTh3,L1$_2$,Lu,Th,1.0,3.0,5.02881203,-64.5870117125,0.039404945833339006
mp-1183064,Ac3Au,L1$_2$,Ac,Au,3.0,1.0,5.244383,-64.46144038958334,0.131701262916664
mp-862862,Pa3Sb,L1$_2$,Pa,Sb,3.0,1.0,4.595117770000235,-64.4533125925,0.0
mp-862863,Pa3Te,L1$_2$,Pa,Te,3.0,1.0,4.57029893,-64.406971205,0.0
mp-972044,YbTh3,L1$_2$,Yb,Th,1.0,3.0,5.033559501010655,-64.2015427175,0.037248591250005
mp-980014,TmTh3,L1$_2$,Tm,Th,1.0,3.0,5.038114055788945,-63.843850582500004,0.042858102500012006
mp-31434,Np3Al,L1$_2$,Np,Al,3.0,1.0,4.306809,-63.720507706875,0.38105517203125305
mp-972422,U3Ge,L1$_2$,U,Ge,3.0,1.0,4.28812556,-63.613471675,0.0
mp-976588,HoTh3,L1$_2$,Ho,Th,1.0,3.0,5.0438091,-63.279501945,0.047280646250008
mp-1184093,DyTh3,L1$_2$,Dy,Th,1.0,3.0,5.04835248,-63.0546545425,0.047242876250003
mp-1187390,TbTh3,L1$_2$,Tb,Th,1.0,3.0,5.05192507,-62.86601428,0.047040870000003
mp-1183732,CeTh3,L1$_2$,Ce,Th,1.0,3.0,4.98917423,-62.7995844175,0.017019385000011
mp-1183930,CsPa3,L1$_2$,Cs,Pa,1.0,3.0,4.756457,-62.782228841982764,1.13689804301724
mp-1185929,MgNp3,L1$_2$,Mg,Np,1.0,3.0,4.586796,-62.62470617875,0.6857783659375011
mp-978507,SmTh3,L1$_2$,Sm,Th,1.0,3.0,5.06620012,-62.4830492825,0.056628410000008005
mp-1186380,Pa3Cd,L1$_2$,Pa,Cd,3.0,1.0,4.625337,-62.47068019500001,0.19758036249999802
mp-1186658,PmTh3,L1$_2$,Pm,Th,1.0,3.0,5.0728964,-62.43087638,0.060723348125009007
mp-974779,NdTh3,L1$_2$,Nd,Th,1.0,3.0,5.080630420012464,-62.3947046025,0.066244255625008
mp-570637,U3Si,L1$_2$,U,Si,3.0,1.0,4.24041411,-62.3881011575,0.032221368749993005
mp-1100774,U3N,L1$_2$,U,N,3.0,1.0,4.031553,-62.07234781499999,0.9572085000000071
mp-972103,U3C,L1$_2$,U,C,3.0,1.0,4.043269,-62.04892596249999,0.522137270000001
mp-19762,UPb3,L1$_2$,U,Pb,1.0,3.0,4.839177,-62.04199507375,0.157364665000002
mp-862864,Pa3Ge,L1$_2$,Pa,Ge,3.0,1.0,4.47460569,-61.434581555,0.0
mp-1187624,U3Cl,L1$_2$,U,Cl,3.0,1.0,4.245442,-61.41624633958334,0.8152360608333351
mp-1187064,Th3In,L1$_2$,Th,In,3.0,1.0,4.95489198,-60.9686243475,0.0
mp-1183059,Ac3Yb,L1$_2$,Ac,Yb,3.0,1.0,5.48551210596988,-60.558120295,0.052333960624999
mp-862861,Pa3Si,L1$_2$,Pa,Si,3.0,1.0,4.440774621050497,-60.1509647375,0.0
mp-983497,Pa3Zn,L1$_2$,Pa,Zn,3.0,1.0,4.508804,-59.831995516078436,0.080064038333333
mp-21844,UTl3,L1$_2$,U,Tl,1.0,3.0,4.763456,-59.657582068749996,0.21240552249999903
mp-1186381,Pa3Al,L1$_2$,Pa,Al,3.0,1.0,4.51652992,-59.4517010425,0.011261787500004
mp-30741,PaIr3,L1$_2$,Pa,Ir,1.0,3.0,4.06933556,-59.40801936,0.0
mp-1183105,Ac3Ce,L1$_2$,Ac,Ce,3.0,1.0,5.412265,-59.060794782500004,0.127471966874999
mp-2061,ThTl3,L1$_2$,Th,Tl,1.0,3.0,4.80347449,-58.4883097775,0.0
mp-1187452,ThPt3,L1$_2$,Th,Pt,1.0,3.0,4.21705778,-58.124491545,0.015857318750001
mp-861939,Ac3Sn,L1$_2$,Ac,Sn,3.0,1.0,5.31714098,-58.0463753275,0.115386579999999
mp-1187180,Pa3H,L1$_2$,Pa,H,3.0,1.0,4.285465999999999,-58.002141171354175,0.64460052677083
mp-1187074,Th3S,L1$_2$,Th,S,3.0,1.0,4.742042,-57.392733930000006,0.735964227499998
mp-1183927,CsAc3,L1$_2$,Cs,Ac,1.0,3.0,5.804523,-57.33851790073276,0.416704908642238
mp-1187484,TlBi3,L1$_2$,Tl,Bi,1.0,3.0,5.035145,-57.08873128416666,0.09362152250000101
mp-1183058,Ac3Zr,L1$_2$,Ac,Zr,3.0,1.0,5.320169,-56.89804255999999,0.26751497562500504
mp-979412,Th3B,L1$_2$,Th,B,3.0,1.0,4.660912,-56.409703930781255,0.736521494374997
mp-1183446,Bi3Au,L1$_2$,Bi,Au,3.0,1.0,4.8264119999999995,-56.347315449374996,0.17562989687500102
mp-981390,HgBi3,L1$_2$,Hg,Bi,1.0,3.0,4.95629,-56.092871145625,0.12578579374999702
mp-30083,TlBi,B2,Tl,Bi,1.0,1.0,3.991709,-55.750542977833334,0.111888890499997
mp-1183075,Ac3Cr,L1$_2$,Ac,Cr,3.0,1.0,5.318617,-54.79576256125,0.450682595624996
mp-865246,EuBi3,L1$_2$,Eu,Bi,1.0,3.0,4.999636723140972,-54.0031392375,0.040842896249998005
mp-977275,LuBi3,L1$_2$,Lu,Bi,1.0,3.0,4.940447,-53.7169600075,0.139923572500002
mp-11447,UTe,B2,U,Te,1.0,1.0,3.752685999999999,-53.55368887958333,0.09633641708333501
mp-1076927,GdPb3,L1$_2$,Gd,Pb,1.0,3.0,4.86990628,-53.44027841,0.0
mp-177,USb,B2,U,Sb,1.0,1.0,3.75347873,-53.40049456,0.0
mp-1183056,Ac3Cl,L1$_2$,Ac,Cl,3.0,1.0,5.460296,-53.24304891958334,0.702535130000001
mp-1183439,BiPt3,L1$_2$,Bi,Pt,1.0,3.0,4.186495,-53.232470875,0.155978428750003
mp-1187914,YbBi3,L1$_2$,Yb,Bi,1.0,3.0,4.908890296736319,-53.2276390725,0.130092330000003
mp-1184777,Ir3Pb,L1$_2$,Ir,Pb,3.0,1.0,4.052025,-52.8944734825,0.44632513250000005
mp-20828,Pt3Pb,L1$_2$,Pt,Pb,3.0,1.0,4.09973384,-52.808339165,0.034657805000001006
mp-1184168,ErBi3,L1$_2$,Er,Bi,1.0,3.0,4.936298,-52.7393953525,0.123354842499999
mp-1185032,KAc3,L1$_2$,K,Ac,1.0,3.0,5.7436,-52.648472121062504,0.334203422374997
mp-20379,DyTh,B2,Dy,Th,1.0,1.0,4.007679,-52.581058787500005,0.14747390000000102
mp-1186902,Re3Ir,L1$_2$,Re,Ir,3.0,1.0,3.88196526,-52.50265132,0.0
mp-1184761,Ir3Os,L1$_2$,Ir,Os,3.0,1.0,3.84807393,-52.494420455,0.021401844999999
mp-1187532,Tl3Au,L1$_2$,Tl,Au,3.0,1.0,4.73532544,-52.4901764975,0.074874852500002
mp-972185,Tl3Hg,L1$_2$,Tl,Hg,3.0,1.0,4.850267390000227,-52.20823689,0.027282111666664003
mp-265,TaIr3,L1$_2$,Ta,Ir,1.0,3.0,3.90530826,-52.17511517,0.0
mp-1186103,NaAc3,L1$_2$,Na,Ac,1.0,3.0,5.579067,-52.16459940788793,0.20455529398707
mp-1187243,TaOs3,L1$_2$,Ta,Os,1.0,3.0,3.91497248,-52.049900465,0.0
mp-1185287,LiAc3,L1$_2$,Li,Ac,1.0,3.0,5.437827,-51.90798518541667,0.16680097729166402
mp-867248,LaBi3,L1$_2$,La,Bi,1.0,3.0,5.0117565944042894,-51.89655375,0.063453869999996
mp-20773,PuAs,B2,Pu,As,1.0,1.0,3.525792,-51.786406835,0.20704904000000102
mp-1184759,IrPt3,L1$_2$,Ir,Pt,1.0,3.0,3.951253,-51.62398874749999,0.08163729000000301
mp-21430,YbPb3,L1$_2$,Yb,Pb,1.0,3.0,4.827551692421106,-51.61984883,0.0
mp-11473,TlHg,B2,Tl,Hg,1.0,1.0,3.84461124,-51.276888655,0.014844768333325
mp-1007693,HfOs3,L1$_2$,Hf,Os,1.0,3.0,3.973561,-51.19063339249999,0.25909898000000403
mp-1018054,HfPt3,L1$_2$,Hf,Pt,1.0,3.0,4.00245006,-51.0801258825,0.007669869374979
mp-20503,GdTl3,L1$_2$,Gd,Tl,1.0,3.0,4.74773385,-51.027932595,0.0
mp-1007690,HgPt3,L1$_2$,Hg,Pt,1.0,3.0,4.07257,-50.893200736874995,0.102995956250005
mp-1187199,Ta3Bi,L1$_2$,Ta,Bi,3.0,1.0,4.278221,-50.72528748075,0.344155489999998
mp-1921,ThTe,B2,Th,Te,1.0,1.0,3.86693004,-50.6779651,0.0
mp-10637,ThSb,B2,Th,Sb,1.0,1.0,3.861407,-50.58537498999999,0.088406870000007
mp-510400,GdIr3,L1$_2$,Gd,Ir,1.0,3.0,4.05641374,-50.50175071,0.0
mp-977310,OsAu3,L1$_2$,Os,Au,1.0,3.0,4.090436,-50.4960151875,0.6890121375
mp-1187214,Ta3Pb,L1$_2$,Ta,Pb,3.0,1.0,4.26586,-50.176557177,0.338600884999998
mp-867238,SmPb3,L1$_2$,Sm,Pb,1.0,3.0,4.8866422734052275,-50.083560365,0.0
mp-20939,PrPb3,L1$_2$,Pr,Pb,1.0,3.0,4.92583102,-50.0464719075,0.0
mp-20601,NdPb3,L1$_2$,Nd,Pb,1.0,3.0,4.9098076200000005,-50.0392381975,0.0
mp-20895,NpAs,B2,Np,As,1.0,1.0,3.501974,-50.034157015000005,0.146774564999994
mp-11452,HfOs,B2,Hf,Os,1.0,1.0,3.24346549,-49.914235895,0.0
mp-1064843,EuTl3,L1$_2$,Eu,Tl,1.0,3.0,4.865602460277516,-49.8548122025,0.0
mp-973055,Hg3Au,L1$_2$,Hg,Au,3.0,1.0,4.5137920000000005,-49.52128729114583,0.15170252374999602
mp-11455,HfPt,B2,Hf,Pt,1.0,1.0,3.329778,-49.40755611,0.17259653499999603
mp-790,LuPt3,L1$_2$,Lu,Pt,1.0,3.0,4.04578667,-49.320240915,0.0
mp-570164,YbTl3,L1$_2$,Yb,Tl,1.0,3.0,4.69050518606075,-49.2344920625,0.0
mp-1185482,Lu3Np,L1$_2$,Lu,Np,3.0,1.0,4.83200081,-48.95091229750001,0.365050722812497
mp-300,YbPt3,L1$_2$,Yb,Pt,1.0,3.0,4.056163507215176,-48.932286105,0.0
mp-817,TmTl3,L1$_2$,Tm,Tl,1.0,3.0,4.69516739,-48.894968215,0.0
mp-1183629,CdBi3,L1$_2$,Cd,Bi,1.0,3.0,4.953346,-48.77730203625,0.12565019499999802
mp-19966,GdTl,B2,Gd,Tl,1.0,1.0,3.81356485,-48.731326895,0.0
mp-2351,TmPt3,L1$_2$,Tm,Pt,1.0,3.0,4.06374824,-48.557938575,0.0
mp-2013,HoTl3,L1$_2$,Ho,Tl,1.0,3.0,4.71117179,-48.3770378625,0.0
mp-21087,UAs,B2,U,As,1.0,1.0,3.506175,-48.340253794999995,0.130024100000007
mp-1913,ErPt3,L1$_2$,Er,Pt,1.0,3.0,4.07338756,-48.241490325,0.0
mp-2415,DyTl3,L1$_2$,Dy,Tl,1.0,3.0,4.71695516,-48.17397771,0.0
mp-23159,SrBi3,L1$_2$,Sr,Bi,1.0,3.0,5.05221907,-48.1194439475,0.051393767812498006
mp-1186019,MoPb3,L1$_2$,Mo,Pb,1.0,3.0,4.776143,-47.9923394275,0.739506015000003
mp-1184703,Hf3Pb,L1$_2$,Hf,Pb,3.0,1.0,4.45124106,-47.9864988725,0.019860790000002
mp-195,HoPt3,L1$_2$,Ho,Pt,1.0,3.0,4.08447716,-47.961447995,0.0
mp-20603,CeTl3,L1$_2$,Ce,Tl,1.0,3.0,4.80610781,-47.9206055825,0.0
mp-635426,GdAu,B2,Gd,Au,1.0,1.0,3.6172008908734203,-47.83441158,0.0
mp-2465,DyPt3,L1$_2$,Dy,Pt,1.0,3.0,4.09425166,-47.7209023225,0.0
mp-20291,YPb3,L1$_2$,Y,Pb,1.0,3.0,4.8624544499999995,-47.65474169,0.015527627499999001
mp-862970,PmTl3,L1$_2$,Pm,Tl,1.0,3.0,4.77538698,-47.648901045,0.0
mp-2026,PrTl3,L1$_2$,Pr,Tl,1.0,3.0,4.81674655,-47.63103788,0.0
mp-1549,TbPt3,L1$_2$,Tb,Pt,1.0,3.0,4.10499822,-47.513297495,0.0
mp-11318,CePt3,L1$_2$,Ce,Pt,1.0,3.0,4.14913182,-47.35819607,0.0
mp-1185989,MnBi3,L1$_2$,Mn,Bi,1.0,3.0,4.851888,-47.152361432112066,0.39517754551724205
mp-1009493,NpN,B2,Np,N,1.0,1.0,2.994717,-47.070860785,0.634177884999999
mp-11487,LaPt3,L1$_2$,La,Pt,1.0,3.0,4.21443376,-46.954128365,0.14129061907894402
mp-11422,GdHg,B2,Gd,Hg,1.0,1.0,3.73411382,-46.91849567,0.0
mp-1996,NdIr3,L1$_2$,Nd,Ir,1.0,3.0,4.13379,-46.86828183833334,0.35847677249999704
mp-976725,Hf3Au,L1$_2$,Hf,Au,3.0,1.0,4.350654,-46.725963542500004,0.14295759000000102
mp-1183974,GaBi3,L1$_2$,Ga,Bi,1.0,3.0,4.91774,-46.62016067437499,0.120689488125002
mp-1001913,HoBi,B2,Ho,Bi,1.0,1.0,3.883022,-46.467209435,0.269877544999999
mp-21162,SrPb3,L1$_2$,Sr,Pb,1.0,3.0,5.00469932,-46.4242844625,0.0
mp-1187486,Tl3Sb,L1$_2$,Tl,Sb,3.0,1.0,4.94354825,-46.315111135,0.017860456071417
mp-542584,EuTl,B2,Eu,Tl,1.0,1.0,4.509432,-46.118304447,0.114671457
mp-866006,CaBi3,L1$_2$,Ca,Bi,1.0,3.0,4.972059056118655,-46.02029883,0.06833353750000201
mp-1186225,NbOs3,L1$_2$,Nb,Os,1.0,3.0,3.92105331,-45.99890788,0.039354171527783005
mp-1100776,ZnBi3,L1$_2$,Zn,Bi,1.0,3.0,4.873164,-45.914678545,0.18967741499999802
mp-1184552,Hf3Ta,L1$_2$,Hf,Ta,3.0,1.0,4.406881999999999,-45.863291970666666,0.14822774999999602
mp-1438,ZrIr3,L1$_2$,Zr,Ir,1.0,3.0,3.9596842,-45.7874618725,0.0
mp-639445,CeBi,B2,Ce,Bi,1.0,1.0,3.947143999999999,-45.66071524,0.17674943
mp-1006115,Ho3Pu,L1$_2$,Ho,Pu,3.0,1.0,4.956637,-45.597527019062504,0.6525679550000021
mp-568705,YbIr,B2,Yb,Ir,1.0,1.0,3.343555712728405,-45.582287875,0.0
mp-1184943,KBi3,L1$_2$,K,Bi,1.0,3.0,5.072353,-45.53230042625,0.142553596249996
mp-1184461,Gd3Au,L1$_2$,Gd,Au,3.0,1.0,4.802448,-45.48252883250001,0.13317960749999702
mp-1017542,ZrOs3,L1$_2$,Zr,Os,1.0,3.0,3.996587,-45.48158320500001,0.284571726249993
mp-1187638,Tl3In,L1$_2$,Tl,In,3.0,1.0,4.9128728299999995,-45.4758496675,0.05327636250000001
mp-10646,ThSe,B2,Th,Se,1.0,1.0,3.657839,-45.43732335499999,0.17823357500000703
mp-30858,ZrPt3,L1$_2$,Zr,Pt,1.0,3.0,4.02496988,-45.425387065,0.016842564374996
mp-19868,ThAs,B2,Th,As,1.0,1.0,3.6524,-45.417824305,0.28249000499999904
mp-1183170,AlBi3,L1$_2$,Al,Bi,1.0,3.0,4.887314,-45.32780088375,0.231929007499999
mp-1184771,Ir3Rh,L1$_2$,Ir,Rh,3.0,1.0,3.840335849999999,-45.3219121125,0.006866324999997
mp-11249,LuAu,B2,Lu,Au,1.0,1.0,3.49664842,-45.31912041,0.0
mp-13100,MoPt3,L1$_2$,Mo,Pt,1.0,3.0,3.979521,-45.28288025249999,0.14886324250000602
mp-866199,AcAg,B2,Ac,Ag,1.0,1.0,3.94785174,-45.26783526,0.0
mp-2393,YTl3,L1$_2$,Y,Tl,1.0,3.0,4.7308400299999995,-45.2637693725,0.0
mp-11576,YbTl,B2,Yb,Tl,1.0,1.0,3.704901071039502,-45.227903395,0.0
mp-20971,SnPt3,L1$_2$,Sn,Pt,1.0,3.0,4.02927876,-45.204039005,0.0
mp-1187490,Tl3Ag,L1$_2$,Tl,Ag,3.0,1.0,4.810103,-45.11600863791666,0.10743908333333901
mp-1011031,PrBi,B2,Pr,Bi,1.0,1.0,4.010419,-44.889884565,0.245404639999996
mp-979269,Tl3Cd,L1$_2$,Tl,Cd,3.0,1.0,4.837151090000911,-44.8392726375,0.071452719999996
mp-2403,YPt3,L1$_2$,Y,Pt,1.0,3.0,4.1003579,-44.7606417825,0.0
mp-20516,InPt3,L1$_2$,In,Pt,1.0,3.0,4.01798329,-44.7003745175,0.0
mp-1184128,CuPb3,L1$_2$,Cu,Pb,1.0,3.0,4.7603539999999995,-44.6708629875,0.254686595000002
mp-974395,Pt3Rh,L1$_2$,Pt,Rh,3.0,1.0,3.9101831755850327,-44.666513225,0.018150764999994
mp-11375,EuHg,B2,Eu,Hg,1.0,1.0,3.87097005,-44.55686829,0.0
mp-2818,YbAu,B2,Yb,Au,1.0,1.0,3.510457994539114,-44.55107555,0.009424421250002
mp-515,TmTl,B2,Tm,Tl,1.0,1.0,3.71618264,-44.537599135,0.0
mp-2522,LuHg,B2,Lu,Hg,1.0,1.0,3.61002979,-44.27194864,0.0
mp-1186917,SbAu3,L1$_2$,Sb,Au,1.0,3.0,4.314705,-44.26395999625,0.12720458843750002
mp-1206636,SrTl3,L1$_2$,Sr,Tl,1.0,3.0,4.94518977,-43.965380115,0.029404816250000004
mp-30353,AgPt3,L1$_2$,Ag,Pt,1.0,3.0,4.006844,-43.92456509833334,0.07138850416666201
mp-1185202,KPb3,L1$_2$,K,Pb,1.0,3.0,5.101371,-43.85154064293586,0.068886191874995
mp-447,TmAu,B2,Tm,Au,1.0,1.0,3.5236878,-43.83160761,0.027464062500001003
mp-1187330,Tb3Np,L1$_2$,Tb,Np,3.0,1.0,4.942461,-43.77477595250001,0.401102542812495
mp-973834,PdAu3,L1$_2$,Pd,Au,1.0,3.0,4.07108259,-43.77047527,0.004613015000003
mp-2545,YbHg,B2,Yb,Hg,1.0,1.0,3.626258438523035,-43.522256765,0.0
mp-1540,HoTl,B2,Ho,Tl,1.0,1.0,3.7474274,-43.45888734,0.0
mp-863750,AgAu3,L1$_2$,Ag,Au,1.0,3.0,4.12163154,-43.34257413,0.0
mp-1082,VIr3,L1$_2$,V,Ir,1.0,3.0,3.81681618,-43.3339806325,0.015957168749999
mp-12083,CrIr3,L1$_2$,Cr,Ir,1.0,3.0,3.81417244,-43.2963142925,0.0
mp-20555,NaPb3,L1$_2$,Na,Pb,1.0,3.0,4.8973938100000005,-43.2741074525,0.0
mp-2442,ErAu,B2,Er,Au,1.0,1.0,3.53853832,-43.21884001,0.032483304999999005
mp-1187495,Tl3Ge,L1$_2$,Tl,Ge,3.0,1.0,4.818523,-43.17601349374999,0.176459336250005
mp-980203,TiOs3,L1$_2$,Ti,Os,1.0,3.0,3.887734,-43.16824605749999,0.21976455250000201
mp-1264,CdAu3,L1$_2$,Cd,Au,1.0,3.0,4.16047153,-43.1078333,0.011046036249993
mp-11374,DyTl,B2,Dy,Tl,1.0,1.0,3.76293356,-43.0305658,0.0
mp-1183703,CrRe3,L1$_2$,Cr,Re,1.0,3.0,3.863547999999999,-42.943196704375,0.133099923750002
mp-1187482,Tl3V,L1$_2$,Tl,V,3.0,1.0,4.655126,-42.8784056375,0.528466729999998
mp-1100771,TiTl3,L1$_2$,Ti,Tl,1.0,3.0,4.600544,-42.8300670825,0.30014214916666704
mp-11475,TmHg,B2,Tm,Hg,1.0,1.0,3.64438249,-42.80952208,0.0
mp-12107,TiPt3,L1$_2$,Ti,Pt,1.0,3.0,3.92452764,-42.7729185075,0.0048638332142800006
mp-2515,CrPt3,L1$_2$,Cr,Pt,1.0,3.0,3.8959526700000002,-42.726792215,0.0
mp-11245,HoAu,B2,Ho,Au,1.0,1.0,3.55615334,-42.691304615,0.037452287500002006
mp-1005719,Sm3Np,L1$_2$,Sm,Np,3.0,1.0,5.035356,-42.686044541250006,0.36970158156249505
mp-7425,TbPt,B2,Tb,Pt,1.0,1.0,3.514847,-42.67894291125,0.078159217500001
mp-985300,AcEr3,L1$_2$,Ac,Er,1.0,3.0,5.140364,-42.52809074125,0.075355486875004
mp-1206752,CeTl,B2,Ce,Tl,1.0,1.0,3.91315008,-42.43434937,0.008205019999998
mp-1186738,Pr3Np,L1$_2$,Pr,Np,3.0,1.0,5.142927,-42.421045619999994,0.387974539062504
mp-1187519,Tl3Cu,L1$_2$,Tl,Cu,3.0,1.0,4.716998,-42.3097831325,0.28639430249999903
mp-1183186,AsPt3,L1$_2$,As,Pt,1.0,3.0,4.013829,-42.2699740884375,0.250463147187502
mp-1183210,AgHg3,L1$_2$,Ag,Hg,1.0,3.0,4.504894,-42.251862691041666,0.11296148708333201
mp-2468,ErHg,B2,Er,Hg,1.0,1.0,3.65980363,-42.210368655,0.0
mp-1187498,Tl3Zn,L1$_2$,Tl,Zn,3.0,1.0,4.8009889999999995,-41.97617554125,0.135953544999999
mp-526,CaTl3,L1$_2$,Ca,Tl,1.0,3.0,4.8251418600000004,-41.92368676,0.0
mp-1206376,MnAu3,L1$_2$,Mn,Au,1.0,3.0,4.081319,-41.8070853175,0.086135026250005
mp-12599,PrTl,B2,Pr,Tl,1.0,1.0,3.9156306,-41.795763155,0.0
mp-1092,HoHg,B2,Ho,Hg,1.0,1.0,3.6761568000000002,-41.69768095,0.0
mp-1187496,Tl3Si,L1$_2$,Tl,Si,3.0,1.0,4.783735,-41.697111076249996,0.380808507499999
mp-1183680,CoW3,L1$_2$,Co,W,1.0,3.0,3.907351,-41.549367191666676,0.285036375833328
mp-1039106,SnBi,B2,Sn,Bi,1.0,1.0,3.921633,-41.50666356,0.11756520249999601
mp-998901,ThC,B2,Th,C,1.0,1.0,3.192985,-41.497754074999996,0.644232260000002
mp-2443,DyHg,B2,Dy,Hg,1.0,1.0,3.69320548,-41.2528405,0.0
mp-20943,TePb,B2,Te,Pb,1.0,1.0,4.002287,-41.127105154999995,0.22790395500000202
mp-1185438,Lu3Hg,L1$_2$,Lu,Hg,3.0,1.0,4.714644,-41.089523631666665,0.08639078000000201
mp-1183062,AcDy3,L1$_2$,Ac,Dy,1.0,3.0,5.1806112,-41.069441195,0.07628107687499801
mp-188,AlPt3,L1$_2$,Al,Pt,1.0,3.0,3.889931739999999,-41.0380479975,0.013889883124996002
mp-1206590,CoAu3,L1$_2$,Co,Au,1.0,3.0,4.024451,-41.01277380375001,0.23450409124999502
mp-1184453,Gd3Er,L1$_2$,Gd,Er,3.0,1.0,5.14561346,-40.956194565,0.07291820166667401
mp-2054,TbHg,B2,Tb,Hg,1.0,1.0,3.71130884,-40.878399395,0.0
mp-976784,NiAu3,L1$_2$,Ni,Au,1.0,3.0,4.028168,-40.8452285325,0.088920869999995
mp-1187526,Tl3B,L1$_2$,Tl,B,3.0,1.0,4.641985,-40.72029083166667,1.000776152708333
mp-702,CeHg,B2,Ce,Hg,1.0,1.0,3.84151864,-40.572162385,0.0
mp-973191,LiTl3,L1$_2$,Li,Tl,1.0,3.0,4.69762631,-40.5679174775,0.041037442499998
mp-1184431,Gd3Dy,L1$_2$,Gd,Dy,3.0,1.0,5.16460216,-40.46935427,0.07980226749999901
mp-1183693,CrHg3,L1$_2$,Cr,Hg,1.0,3.0,4.439138,-40.432683538125,0.36150695125
mp-1185994,MnHg3,L1$_2$,Mn,Hg,1.0,3.0,4.41785,-40.40227396898707,0.294414591767242
mp-1184558,Hf3Sn,L1$_2$,Hf,Sn,3.0,1.0,4.41221291,-40.3136231425,0.021194234166664
mp-1185539,CeGd3,L1$_2$,Ce,Gd,1.0,3.0,5.029572,-40.17925961625001,0.078651548750002
mp-734,LaHg,B2,La,Hg,1.0,1.0,3.89793592,-40.13555846,0.0
mp-11467,NdHg,B2,Nd,Hg,1.0,1.0,3.816707779999999,-39.95080334,0.0
mp-11469,PrHg,B2,Pr,Hg,1.0,1.0,3.84568674,-39.933970425,0.0
mp-985285,CoHg3,L1$_2$,Co,Hg,1.0,3.0,4.288468,-39.860236264375004,0.47417640999999805
mp-1186601,PmGd3,L1$_2$,Pm,Gd,1.0,3.0,5.19581107,-39.843104,0.089803090625011
mp-1186348,NdGd3,L1$_2$,Nd,Gd,1.0,3.0,5.2035737300000005,-39.8089589325,0.09329728812500801
mp-861931,LiPt3,L1$_2$,Li,Pt,1.0,3.0,3.85327292,-39.69389888,0.0
mp-1184578,Ho3Bi,L1$_2$,Ho,Bi,3.0,1.0,4.850483,-39.68834072666667,0.128994580208335
mp-11536,NpRh3,L1$_2$,Np,Rh,1.0,3.0,4.01334177,-39.42137035,0.0
mp-1263,URu3,L1$_2$,U,Ru,1.0,3.0,3.971163879999999,-39.4077992525,0.0
mp-6958,TlSb,B2,Tl,Sb,1.0,1.0,3.900584,-39.34717511238095,0.11024452499999801
mp-971803,ZnHg3,L1$_2$,Zn,Hg,1.0,3.0,4.563231,-39.125410834375,0.128094708749998
mp-1184564,Hf3Ag,L1$_2$,Hf,Ag,3.0,1.0,4.371479,-39.104735915000006,0.18299380749999702
mp-1184068,Dy3Bi,L1$_2$,Dy,Bi,3.0,1.0,4.865561,-39.042123814375,0.11786332583332601
mp-11248,LiAu3,L1$_2$,Li,Au,1.0,3.0,4.02832705,-38.9171240675,0.0
mp-1184545,HPt3,L1$_2$,H,Pt,1.0,3.0,3.817922,-38.9119981915625,0.567567583749998
mp-1187636,Tm3Hg,L1$_2$,Tm,Hg,3.0,1.0,4.743084,-38.87282983583333,0.092455349166669
mp-1150,URh3,L1$_2$,U,Rh,1.0,3.0,3.99671969,-38.7983576,0.0
mp-1185041,KHg3,L1$_2$,K,Hg,1.0,3.0,4.94070216,-38.74201071,0.040811829166656
mp-2375,NpPd3,L1$_2$,Np,Pd,1.0,3.0,4.14004214,-38.7111744975,0.008822396250003
mp-1185237,LiW3,L1$_2$,Li,W,1.0,3.0,3.934214,-38.62781916916667,0.49470321916666604
mp-1184479,Gd3In,L1$_2$,Gd,In,3.0,1.0,4.89018364,-38.573882185,0.0
mp-11541,ZrOs,B2,Zr,Os,1.0,1.0,3.27648544,-38.534614245,0.0
mp-11484,ZrIr,B2,Zr,Ir,1.0,1.0,3.31733,-38.482491705,0.08134236125000101
mp-973777,Hg3F,L1$_2$,Hg,F,3.0,1.0,4.421456,-38.29569702249999,0.16869885625000303
mp-30825,PaRh3,L1$_2$,Pa,Rh,1.0,3.0,4.03072325,-38.2545690025,0.0
mp-2667,CsAu,B2,Cs,Au,1.0,1.0,4.28285436,-38.20726542,0.0
mp-11554,ZrPt,B2,Zr,Pt,1.0,1.0,3.360111,-38.1761369825,0.17415634000000302
mp-1186137,NaHg3,L1$_2$,Na,Hg,1.0,3.0,4.6406287299999995,-38.1108605175,0.018782196249999
mp-973450,Hg3C,L1$_2$,Hg,C,3.0,1.0,4.282168,-37.9897213475,1.522942341875001
mp-1184154,Er3Hg,L1$_2$,Er,Hg,3.0,1.0,4.769467,-37.973705433333336,0.094196477499998
mp-11572,TaTc,B2,Ta,Tc,1.0,1.0,3.17495269,-37.845997535,0.0
mp-976599,LiHg3,L1$_2$,Li,Hg,1.0,3.0,4.42729552,-37.79389561,0.029448351250003002
mp-1184547,Hf3Se,L1$_2$,Hf,Se,3.0,1.0,4.338481,-37.6378733,0.506448290000001
mp-1184469,Gd3Y,L1$_2$,Gd,Y,3.0,1.0,5.17994368,-37.55477101,0.071383205000003
mp-435,ThSn3,L1$_2$,Th,Sn,1.0,3.0,4.7435484,-37.3505039125,0.018821856249999002
mp-12110,TaRu,B2,Ta,Ru,1.0,1.0,3.178842,-37.320900969444445,0.033519810000001
mp-11575,YTl,B2,Y,Tl,1.0,1.0,3.77760313,-37.209161535,0.0
mp-2509,ThRh3,L1$_2$,Th,Rh,1.0,3.0,4.10888851,-37.20409551,0.0
mp-975256,Ho3Hg,L1$_2$,Ho,Hg,3.0,1.0,4.786948,-37.19546909750001,0.09404333499999401
mp-13141,HgTe,B2,Hg,Te,1.0,1.0,3.810819,-37.160653929999995,0.421998095000006
mp-1184654,Hf3Co,L1$_2$,Hf,Co,3.0,1.0,4.24227,-37.0391373759375,0.35017685656249803
mp-1184570,Hf3Ni,L1$_2$,Hf,Ni,3.0,1.0,4.244663,-36.8216807475,0.295653215000001
mp-867189,Pm3Pb,L1$_2$,Pm,Pb,3.0,1.0,4.94401984001122,-36.6537820725,0.0
mp-1184059,Dy3Hg,L1$_2$,Dy,Hg,3.0,1.0,4.8052209999999995,-36.524974645,0.09234721749999801
mp-861987,PaIn3,L1$_2$,Pa,In,1.0,3.0,4.641244907194472,-36.3995507025,0.0
mp-11261,YAu,B2,Y,Au,1.0,1.0,3.5866487,-36.377951335,0.042603579999997004
mp-2802,HfRu,B2,Hf,Ru,1.0,1.0,3.22512961,-36.190313485,0.0
mp-11460,HfTc,B2,Hf,Tc,1.0,1.0,3.24736666,-36.086302275,0.0
mp-1184385,Eu3Te,L1$_2$,Eu,Te,3.0,1.0,5.155859,-35.997113995,0.24414424249999903
mp-1187279,Tb3Hg,L1$_2$,Tb,Hg,3.0,1.0,4.822497,-35.9647347475,0.08768202499999901
mp-21214,PbSe,B2,Pb,Se,1.0,1.0,3.784322,-35.733898795,0.23702112999999503
mp-2757,CdAu,B2,Cd,Au,1.0,1.0,3.36095728,-35.54430999,0.011665960555554002
mp-11457,HfRh,B2,Hf,Rh,1.0,1.0,3.24904685,-35.53889058,0.011648981442313001
mp-2399,YHg,B2,Y,Hg,1.0,1.0,3.70623527,-35.426647265,0.0
mp-758433,AgHg,B2,Ag,Hg,1.0,1.0,3.453205,-35.276482879583334,0.085358954166665
mp-1184460,Gd3Zn,L1$_2$,Gd,Zn,3.0,1.0,4.82099,-34.834855652499996,0.11303004500000201
mp-1002106,HfPd,B2,Hf,Pd,1.0,1.0,3.30558441,-34.65884037,0.103404907499999
mp-2434,SrTl,B2,Sr,Tl,1.0,1.0,4.06285299,-34.656548855,0.0
mp-1742,GdRh,B2,Gd,Rh,1.0,1.0,3.4479528200000003,-34.558245825,0.0
mp-976949,Lu3In,L1$_2$,Lu,In,3.0,1.0,4.71722398,-34.5183749525,0.016917669583335
mp-1184417,Gd3Al,L1$_2$,Gd,Al,3.0,1.0,4.80770796,-34.4505866775,0.0
mp-1183775,Ce3Hf,L1$_2$,Ce,Hf,3.0,1.0,4.72868,-34.29122424875,0.12710116875000202
mp-1184295,Eu3Ag,L1$_2$,Eu,Ag,3.0,1.0,5.103738,-34.26552993,0.13005665500000402
mp-1184319,Eu3Zr,L1$_2$,Eu,Zr,3.0,1.0,5.234367,-34.2478458625,0.33026414999999704
mp-10647,TlSe,B2,Tl,Se,1.0,1.0,3.752653999999999,-33.92235034,0.196235181249996
mp-12778,VOs,B2,V,Os,1.0,1.0,3.01657359,-33.8740765,0.0
mp-291,TiOs,B2,Ti,Os,1.0,1.0,3.08463336,-33.79079237,0.0
mp-978514,SmTm3,L1$_2$,Sm,Tm,1.0,3.0,4.98530758,-33.724246612499996,0.049770684999998004
mp-1185440,Lu3Cd,L1$_2$,Lu,Cd,3.0,1.0,4.760901,-33.69197469166667,0.07151996249999801
mp-1186656,PmTm3,L1$_2$,Pm,Tm,1.0,3.0,4.9950040399999995,-33.675012335,0.056163663749998004
mp-19736,EuTe,B2,Eu,Te,1.0,1.0,4.01249303,-33.674002855,0.28763090500000005
mp-1183398,BaYb3,L1$_2$,Ba,Yb,1.0,3.0,5.194377783861243,-33.6678483125,0.3540821725
mp-973232,NdTm3,L1$_2$,Nd,Tm,1.0,3.0,5.01021699,-33.64574567,0.049542793124999006
mp-21005,GdIn,B2,Gd,In,1.0,1.0,3.79965897,-33.553225555,0.001510005
mp-978797,Sm3Hf,L1$_2$,Sm,Hf,3.0,1.0,4.943366,-33.41264978875,0.17489729874999602
mp-973024,La3Hf,L1$_2$,La,Hf,3.0,1.0,5.045132,-33.398368190000014,0.198070811249998
mp-1186505,Pm3Hf,L1$_2$,Pm,Hf,3.0,1.0,4.972636,-33.25955241249999,0.18376078187500103
mp-1186670,PuAs3,L1$_2$,Pu,As,1.0,3.0,4.31099795,-33.2315835075,0.118909923750003
mp-1186269,Nd3Hf,L1$_2$,Nd,Hf,3.0,1.0,5.000529,-33.1532041175,0.19815646687499802
mp-975638,Pr3Hf,L1$_2$,Pr,Hf,3.0,1.0,5.029516,-33.1279948625,0.212826261249999
mp-2179,TiRe,B2,Ti,Re,1.0,1.0,3.10808087,-33.122902235,0.0
mp-1184575,Ho3Er,L1$_2$,Ho,Er,3.0,1.0,4.98579747,-33.0883434175,0.059782880000000004
mp-1183761,CeEr3,L1$_2$,Ce,Er,1.0,3.0,4.96039,-33.08799852875,0.066235036249999
mp-1187024,Sn3Bi,L1$_2$,Sn,Bi,3.0,1.0,4.892745,-33.08674423749999,0.09846203375000301
mp-11552,TiPt,B2,Ti,Pt,1.0,1.0,3.179305,-33.080745802500005,0.135687357499996
mp-980063,YbDy3,L1$_2$,Yb,Dy,1.0,3.0,4.9917702975509375,-33.07505222,0.047278244166662
mp-12674,MnAu,B2,Mn,Au,1.0,1.0,3.20775807,-33.008115065,0.0
mp-1187304,Tb3Eu,L1$_2$,Tb,Eu,3.0,1.0,5.071621,-32.96418250125,0.08586378999999701
mp-1187291,Tb3Lu,L1$_2$,Tb,Lu,3.0,1.0,5.00818078,-32.8992585025,0.040537155833334004
mp-1183999,CsYb3,L1$_2$,Cs,Yb,1.0,3.0,5.264543723305408,-32.8657138875,0.8084334512499961
mp-1009007,LuSb,B2,Lu,Sb,1.0,1.0,3.741029,-32.77677104,0.34954244
mp-1186551,PmEr3,L1$_2$,Pm,Er,1.0,3.0,5.01180227,-32.772828655,0.056400835625005
mp-1186300,NdEr3,L1$_2$,Nd,Er,1.0,3.0,5.02770393,-32.7413676025,0.057211018125002004
mp-976147,PrEr3,L1$_2$,Pr,Er,1.0,3.0,5.04441968117049,-32.7327210775,0.06234438958333
mp-1187915,Yb3Ag,L1$_2$,Yb,Ag,3.0,1.0,4.66015071270447,-32.7254241725,0.19486017999999902
mp-1184064,Dy3Tm,L1$_2$,Dy,Tm,3.0,1.0,4.99704086,-32.7197319775,0.046882513750006
mp-1420858,BiN,B2,Bi,N,1.0,1.0,3.179564,-32.661599375624995,1.153912832500005
mp-542779,GdAg,B2,Gd,Ag,1.0,1.0,3.65399653,-32.62432549,0.0
mp-1183788,DyHo3,L1$_2$,Dy,Ho,1.0,3.0,4.9994084,-32.6084845425,0.055325344999999006
mp-1187168,SrEu3,L1$_2$,Sr,Eu,1.0,3.0,5.74443281,-32.604485185,0.07259211874999401
mp-1187925,Yb3Cd,L1$_2$,Yb,Cd,3.0,1.0,4.742764582060463,-32.54290357,0.069614907500003
mp-1187338,TbHo3,L1$_2$,Tb,Ho,1.0,3.0,5.00476522,-32.4218209725,0.051742497500001004
mp-1184100,Dy3Er,L1$_2$,Dy,Er,3.0,1.0,5.00359664,-32.4186028775,0.049108332916667004
mp-11388,GaIr,B2,Ga,Ir,1.0,1.0,3.02850068,-32.35740003,0.0
mp-1187699,Tm3In,L1$_2$,Tm,In,3.0,1.0,4.7579436,-32.31418502,0.014337195000003002
mp-1183834,CeHo3,L1$_2$,Ce,Ho,1.0,3.0,5.022379,-32.30270114,0.06846398625000201
mp-1183183,AcY3,L1$_2$,Ac,Y,1.0,3.0,5.2396471,-32.2995014425,0.095069130624992
mp-1184329,Eu3Cr,L1$_2$,Eu,Cr,3.0,1.0,5.205813,-32.21603246375,0.44296517
mp-377,LuRh,B2,Lu,Rh,1.0,1.0,3.32513661,-32.210870755,0.0
mp-1187306,Tb3Tm,L1$_2$,Tb,Tm,3.0,1.0,5.01690989,-32.1595319825,0.040555702500000006
mp-1187737,YbCe3,L1$_2$,Yb,Ce,1.0,3.0,4.948670235907317,-32.15265262,0.11016364625000101
mp-11259,TiAu,B2,Ti,Au,1.0,1.0,3.278944,-32.1288517525,0.10841457
mp-1031,GdCd,B2,Gd,Cd,1.0,1.0,3.75958674,-32.10776625,0.0
mp-1186587,PmHo3,L1$_2$,Pm,Ho,1.0,3.0,5.03332709,-32.0023455575,0.043815494375003004
mp-978094,NdHo3,L1$_2$,Nd,Ho,1.0,3.0,5.0515786570578385,-31.96962803,0.045882151875002004
mp-981546,PrHo3,L1$_2$,Pr,Ho,1.0,3.0,5.058704850759656,-31.95945094,0.052546088333333005
mp-1007819,CoW,B2,Co,W,1.0,1.0,3.005228,-31.94719518333334,0.353817571666663
mp-1187053,Sm3Eu,L1$_2$,Sm,Eu,3.0,1.0,5.128426,-31.8626481825,0.06726573625
mp-1187281,Tb3Er,L1$_2$,Tb,Er,3.0,1.0,5.0229958,-31.858207665,0.042976739166665
mp-11256,ScAu,B2,Sc,Au,1.0,1.0,3.3904722400000002,-31.848781595,0.0
mp-1184332,Eu3Ti,L1$_2$,Eu,Ti,3.0,1.0,5.167305,-31.74378063041667,0.381320659166664
mp-2222,MnHg,B2,Mn,Hg,1.0,1.0,3.331149,-31.692842725474137,0.33272787353448
mp-1186278,Nd3Eu,L1$_2$,Nd,Eu,3.0,1.0,5.26660533,-31.61139531,0.08233210562500301
mp-20849,Pd3Pb,L1$_2$,Pd,Pb,3.0,1.0,4.07925891,-31.594734065,0.0
mp-1186275,Nd3Lu,L1$_2$,Nd,Lu,3.0,1.0,5.12666892,-31.5552117375,0.029125656250005003
mp-977212,NpMn3,L1$_2$,Np,Mn,1.0,3.0,3.7226150000000002,-31.54139613508621,0.22715775436422
mp-571233,TmTe,B2,Tm,Te,1.0,1.0,3.747152,-31.533589969999998,0.14306004500000202
mp-2205,LuPd,B2,Lu,Pd,1.0,1.0,3.40962722,-31.53158071,0.0
mp-1184488,In3Bi,L1$_2$,In,Bi,3.0,1.0,4.8507611,-31.5152750225,0.0800298925
mp-1064000,Cs3Pt,L1$_2$,Cs,Pt,3.0,1.0,5.777653,-31.514408535948277,0.236622374051727
mp-567116,YbRu,B2,Yb,Ru,1.0,1.0,3.319893287895696,-31.48225847,0.0
mp-2912452,Rb3Pu,L1$_2$,Rb,Pu,3.0,1.0,6.646822464219626,-31.457784815,0.579448219374999
mp-567089,YbRh,B2,Yb,Rh,1.0,1.0,3.339806330035307,-31.423108105,0.0
mp-867816,TaRu3,L1$_2$,Ta,Ru,1.0,3.0,3.8775377700113274,-31.4207273,0.056707089166664004
mp-20365,NpGe3,L1$_2$,Np,Ge,1.0,3.0,4.24441972,-31.4182884725,0.0
mp-1184156,Er3In,L1$_2$,Er,In,3.0,1.0,4.77974619,-31.4160641525,0.017236492916666003
mp-1002220,TmSb,B2,Tm,Sb,1.0,1.0,3.756589,-31.359038135,0.34696571000000204
mp-1186552,PmDy3,L1$_2$,Pm,Dy,1.0,3.0,5.05363758,-31.33337831,0.038127224375003
mp-975388,NdDy3,L1$_2$,Nd,Dy,1.0,3.0,5.065442564065929,-31.3012021525,0.039652511875001004
mp-976138,PrDy3,L1$_2$,Pr,Dy,1.0,3.0,5.07739571,-31.29122377,0.046117740833338
mp-10015,SiOs,B2,Si,Os,1.0,1.0,2.937789,-31.24484964,0.027129491249997
mp-980001,YbPr3,L1$_2$,Yb,Pr,1.0,3.0,5.169693730800617,-31.156899315,0.028412657500002002
mp-1524257,EuIn,B2,Eu,In,1.0,1.0,3.9554687,-31.151818875,0.0
mp-1185426,Lu3Si,L1$_2$,Lu,Si,3.0,1.0,4.541419,-31.04817383194445,0.228497500833331
mp-1183737,Ce3Dy,L1$_2$,Ce,Dy,3.0,1.0,4.863452,-31.026856585000004,0.09906579124999801
mp-1187970,Yb3Cr,L1$_2$,Yb,Cr,3.0,1.0,4.694708590161422,-30.98532406,0.180045626249995
mp-1186774,SrYb3,L1$_2$,Sr,Yb,1.0,3.0,5.168657856193621,-30.900686105,0.282763251249999
mp-1020,TaRh3,L1$_2$,Ta,Rh,1.0,3.0,3.86978351,-30.88891147,0.0
mp-11471,ScHg,B2,Sc,Hg,1.0,1.0,3.50559208,-30.864973335,0.0
mp-1008931,ErSb,B2,Er,Sb,1.0,1.0,3.773918,-30.780361575,0.34658668999999803
mp-1019052,ReN,B2,Re,N,3.0,3.0,4.05462137,-30.778266415,0.050731488749999006
mp-2547,YbPd,B2,Yb,Pd,1.0,1.0,3.424384549639122,-30.7475568,0.010346364999996001
mp-972539,Sm3Er,L1$_2$,Sm,Er,3.0,1.0,5.092112570053503,-30.7446031725,0.036448859166668006
mp-569785,TlPd3,L1$_2$,Tl,Pd,1.0,3.0,4.06539534,-30.7165175375,0.035740123749999006
mp-979945,Yb3V,L1$_2$,Yb,V,3.0,1.0,4.737046734859317,-30.682286665,0.23714135624999902
mp-1186120,NpCo3,L1$_2$,Np,Co,1.0,3.0,3.76011831,-30.6717495575,0.06966032499999701
mp-2861,CaTl,B2,Ca,Tl,1.0,1.0,3.8654897200000002,-30.6214504,0.0
mp-1007657,HfRu3,L1$_2$,Hf,Ru,1.0,3.0,3.955772999999999,-30.617290687499995,0.19013370250000203
mp-1885,AlIr,B2,Al,Ir,1.0,1.0,2.99455485,-30.61632865,0.0
mp-1018849,OsN,B2,Os,N,3.0,3.0,4.064843,-30.584154529791665,0.47283523083333606
mp-1187232,Sr3U,L1$_2$,Sr,U,3.0,1.0,5.619066,-30.57224408625,0.7725108724999991
mp-977585,Zr3Tl,L1$_2$,Zr,Tl,3.0,1.0,4.47389973,-30.5156798525,0.0
mp-978949,Sm3Ho,L1$_2$,Sm,Ho,3.0,1.0,5.099058110313513,-30.4855860075,0.035891361250001
mp-979963,Yb3Ti,L1$_2$,Yb,Ti,3.0,1.0,4.749492369884229,-30.475119475,0.15635386708333202
mp-1185604,LaCe3,L1$_2$,La,Ce,1.0,3.0,4.7826167,-30.468820795,0.097845826250001
mp-1185427,Lu3Al,L1$_2$,Lu,Al,3.0,1.0,4.62654991,-30.465055115,0.014231470000002001
mp-1008,NiHg,B2,Ni,Hg,1.0,1.0,3.152354,-30.45623127375,0.21853056750000002
mp-1183767,Ce3Pm,L1$_2$,Ce,Pm,3.0,1.0,4.833881,-30.41340718875,0.10221749687499901
mp-875,AlOs,B2,Al,Os,1.0,1.0,2.99791198,-30.3487953,0.012587037500004
mp-972502,Sm3Dy,L1$_2$,Sm,Dy,3.0,1.0,5.141266451988548,-30.2922527375,0.002891308750001
mp-1009017,HoSb,B2,Ho,Sb,1.0,1.0,3.792089,-30.291358579999997,0.344969725000002
mp-1187735,Y3Bi,L1$_2$,Y,Bi,3.0,1.0,4.892505,-30.272802712430554,0.148718935069446
mp-981545,Ho3Zr,L1$_2$,Ho,Zr,3.0,1.0,4.851889,-30.263905772500003,0.08455013999999701
mp-1186363,NpTi3,L1$_2$,Np,Ti,1.0,3.0,4.178689,-30.228706937500004,0.23066370531249802
mp-1183916,CsHo3,L1$_2$,Cs,Ho,1.0,3.0,5.299436,-30.20776540823276,0.730355778017241
mp-1027,HfRh3,L1$_2$,Hf,Rh,1.0,3.0,3.9142167,-30.1944009725,0.0
mp-1185081,KEu3,L1$_2$,K,Eu,1.0,3.0,5.88504,-30.193696778562497,0.201531241749999
mp-979936,RbYb3,L1$_2$,Rb,Yb,1.0,3.0,5.238182504997417,-30.158586005,0.7211634159374961
mp-10903,AlPt,B2,Al,Pt,1.0,1.0,3.091546,-30.13019098625,0.11073247875000101
mp-1009731,ReC,B2,Re,C,1.0,1.0,2.700655,-30.103940380624998,1.114992944375
mp-2459,YbIn,B2,Yb,In,1.0,1.0,3.688287403053454,-30.084531475,0.0
mp-1018734,IrN,B2,Ir,N,3.0,3.0,4.104122,-30.02492310979167,0.7191289508333331
mp-348,TmPd,B2,Tm,Pd,1.0,1.0,3.43947359,-30.02380967,0.0
mp-1009537,OsC,B2,Os,C,1.0,1.0,2.697561,-29.98671576875,1.47951625125
mp-1187968,Yb3Cu,L1$_2$,Yb,Cu,3.0,1.0,4.563807955571022,-29.9820587875,0.28451448562499504
mp-20786,Dy3In,L1$_2$,Dy,In,3.0,1.0,4.82695394,-29.9820269875,0.010385917500002001
mp-1187909,Yb3P,L1$_2$,Yb,P,3.0,1.0,4.447260554691023,-29.977215895,0.47536624406249905
mp-1684,ZnAu,B2,Zn,Au,1.0,1.0,3.15005251,-29.969662685,0.0
mp-1006246,CeSm3,L1$_2$,Ce,Sm,1.0,3.0,5.075379,-29.9319196475,0.077930782500001
mp-1008630,WC,B2,W,C,1.0,1.0,2.733434,-29.91205678,0.8989987500000001
mp-1187173,Sr3Pa,L1$_2$,Sr,Pa,3.0,1.0,5.641537,-29.85265659,0.7205937575000011
mp-19919,GdSn3,L1$_2$,Gd,Sn,1.0,3.0,4.71034706,-29.830896695,0.038406336249998
mp-580236,EuCd,B2,Eu,Cd,1.0,1.0,3.91685441,-29.691737825,0.0
mp-1183755,CeNd3,L1$_2$,Ce,Nd,1.0,3.0,5.140026,-29.69073030125,0.082933625625003
mp-1183736,CePr3,L1$_2$,Ce,Pr,1.0,3.0,5.213929,-29.677189696250004,0.08593476999999701
mp-980082,YHo3,L1$_2$,Y,Ho,1.0,3.0,5.0221568861409365,-29.6760142425,0.065197077500002
mp-1186640,PmSm3,L1$_2$,Pm,Sm,1.0,3.0,5.14031211,-29.6565630425,0.028283313124997003
mp-10908,AlRe,B2,Al,Re,1.0,1.0,3.062743,-29.648189315,0.305362092500001
mp-983604,Er3As,L1$_2$,Er,As,3.0,1.0,4.599991,-29.639842378333334,0.371840984999998
mp-2027,HfCo,B2,Hf,Co,1.0,1.0,3.16314682,-29.627213075,0.0
mp-1186323,NdSm3,L1$_2$,Nd,Sm,1.0,3.0,5.15155301,-29.626522555,0.027672930624998003
mp-975797,PrSm3,L1$_2$,Pr,Sm,1.0,3.0,5.16512696,-29.619370055,0.031312277083333
mp-1183805,Dy3Zr,L1$_2$,Dy,Zr,3.0,1.0,4.869218,-29.5807275425,0.09307285250000001
mp-1206907,TlN,B2,Tl,N,1.0,1.0,3.159963,-29.542443204791663,1.611584420833335
mp-1017519,IrC,B2,Ir,C,1.0,1.0,2.73007,-29.48632436375,1.66696995625
mp-1185074,LaNd3,L1$_2$,La,Nd,1.0,3.0,5.23800806,-29.47602363,0.023678158125001
mp-1185044,LaPr3,L1$_2$,La,Pr,1.0,3.0,5.27145068,-29.457079465,0.032082862500001
mp-2217,LuCd,B2,Lu,Cd,1.0,1.0,3.64099005,-29.447109125,0.0
mp-1186243,PmNd3,L1$_2$,Pm,Nd,1.0,3.0,5.19951188,-29.4246740775,0.023985774999999
mp-851,ErPd,B2,Er,Pd,1.0,1.0,3.45306267,-29.40327156,0.0
mp-1009831,TaN,B2,Ta,N,1.0,1.0,2.754331,-29.402718186666668,0.8162796533333321
mp-20848,TmIn,B2,Tm,In,1.0,1.0,3.696671,-29.390652835,0.0
mp-1007656,HfPd3,L1$_2$,Hf,Pd,1.0,3.0,3.97857125,-29.389907245,0.014758419999946001
mp-2266,YbAg,B2,Yb,Ag,1.0,1.0,3.546385704928227,-29.31118992,0.0
mp-864655,PaCo3,L1$_2$,Pa,Co,1.0,3.0,3.78351721000028,-29.302208512500002,0.0
mp-20984,Ce3In,L1$_2$,Ce,In,3.0,1.0,4.9004091899999995,-29.1187361225,0.0
mp-10652,SmTe,B2,Sm,Te,1.0,1.0,3.845177999999999,-29.083274924999998,0.106175475
mp-1681,La3Sn,L1$_2$,La,Sn,3.0,1.0,5.03858216,-29.05152556,0.0035693758333330003
mp-1188024,Zr3Ta,L1$_2$,Zr,Ta,3.0,1.0,4.44631563,-29.0252194675,0.185082639416663
mp-971958,Tm3P,L1$_2$,Tm,P,3.0,1.0,4.499666,-29.024324145833333,0.48908141416666506
mp-1060962,TlC,B2,Tl,C,1.0,1.0,3.234577,-29.01067930541667,2.552590579583331
mp-979419,Dy3Y,L1$_2$,Dy,Y,3.0,1.0,5.040027200000226,-29.00683136,0.057982719583336007
mp-7131,PrTe,B2,Pr,Te,1.0,1.0,3.907568,-28.991472134999995,0.092127540000003
mp-1183558,CaYb3,L1$_2$,Ca,Yb,1.0,3.0,5.071639778915228,-28.9831457725,0.17346174124999703
mp-20214,UGa3,L1$_2$,U,Ga,1.0,3.0,4.26868079,-28.954788755,0.0
mp-10871,AlAu,B2,Al,Au,1.0,1.0,3.223942,-28.9293155525,0.15219490000000102
mp-21427,GdPd3,L1$_2$,Gd,Pd,1.0,3.0,4.11953915,-28.9180705475,0.0
mp-1009835,TaC,B2,Ta,C,1.0,1.0,2.797247,-28.896430104999997,1.032564450000002
mp-832,HoPd,B2,Ho,Pd,1.0,1.0,3.47122546,-28.866362185,0.028122391250001003
mp-867164,Pm3Sn,L1$_2$,Pm,Sn,3.0,1.0,4.90953212368229,-28.85888808,0.0
mp-11370,ErIn,B2,Er,In,1.0,1.0,3.71194956,-28.80521434,0.0
mp-11286,CaHg,B2,Ca,Hg,1.0,1.0,3.75465468,-28.79583176,0.0
mp-1002228,PtC,B2,Pt,C,1.0,1.0,2.816051,-28.70838685875,2.009089186250001
mp-1857,YbCd,B2,Yb,Cd,1.0,1.0,3.65342998527692,-28.69565817,0.0
mp-20387,EuSn3,L1$_2$,Eu,Sn,1.0,3.0,4.76442906,-28.6449375925,0.0
mp-1184165,Er3Ga,L1$_2$,Er,Ga,3.0,1.0,4.672864,-28.6054872175,0.10038908328125001
mp-2796,TmAg,B2,Tm,Ag,1.0,1.0,3.56122804,-28.59386282,0.0
mp-1008928,EuSe,B2,Eu,Se,1.0,1.0,3.7760219999999993,-28.480090009999998,0.29342894500000205
mp-1187314,Tb3Y,L1$_2$,Tb,Y,3.0,1.0,5.05923474,-28.44600718,0.05221867250000001
mp-979956,Yb3Mg,L1$_2$,Yb,Mg,3.0,1.0,4.822697056046765,-28.4109225325,0.07489956625000001
mp-2226,DyPd,B2,Dy,Pd,1.0,1.0,3.4846102500000002,-28.399308955,0.0
mp-20909,La3In,L1$_2$,La,In,3.0,1.0,5.0922784,-28.337934925,0.0
mp-21202,Sm3In,L1$_2$,Sm,In,3.0,1.0,4.92785002,-28.315906105,0.0
mp-865802,LuRh3,L1$_2$,Lu,Rh,1.0,3.0,3.9650849336959366,-28.2675707025,0.0
mp-978802,Sm3Pd,L1$_2$,Sm,Pd,3.0,1.0,4.791424,-28.2038307775,0.27815404875000005
mp-861982,PaGa3,L1$_2$,Pa,Ga,1.0,3.0,4.272575200009712,-28.18012843,0.005984425000001001
mp-1001834,HfN,B2,Hf,N,1.0,1.0,2.816176,-28.131210955,0.9913501350000011
mp-1183626,Cd3Ir,L1$_2$,Cd,Ir,3.0,1.0,4.216704,-28.113878984817074,0.143470591341461
mp-21483,Nd3In,L1$_2$,Nd,In,3.0,1.0,4.99280382,-28.080861645,0.0
mp-19764,Pr3In,L1$_2$,Pr,In,3.0,1.0,5.0344244400000004,-28.05680186,0.0
mp-1183932,CsLa3,L1$_2$,Cs,La,1.0,3.0,5.492868,-28.05529799698276,0.5304004067672421
mp-934,LiTl,B2,Li,Tl,1.0,1.0,3.43978152,-28.03860526,0.0
mp-2751,YbSn3,L1$_2$,Yb,Sn,1.0,3.0,4.659319761910695,-28.017679105,0.0
mp-257,DyIn,B2,Dy,In,1.0,1.0,3.74284633,-27.873652035,0.0
mp-1185011,La3Zr,L1$_2$,La,Zr,3.0,1.0,5.07267374,-27.8309672775,0.165065852499999
mp-1158,LuPd3,L1$_2$,Lu,Pd,1.0,3.0,4.04353158,-27.704613355,0.0
mp-1184993,La3Ag,L1$_2$,La,Ag,3.0,1.0,5.019502,-27.663883102499998,0.12241522500000102
mp-1009016,LuAs,B2,Lu,As,1.0,1.0,3.509459,-27.63123605,0.499152415000001
mp-1183738,CeSb3,L1$_2$,Ce,Sb,1.0,3.0,4.77358368,-27.57234572,0.130502804374998
mp-20425,NpSi3,L1$_2$,Np,Si,1.0,3.0,4.01534643,-27.567250105,0.132089682500001
mp-636279,EuPd3,L1$_2$,Eu,Pd,1.0,3.0,4.166150490692144,-27.39558589,0.017754212500001
mp-1001918,HfC,B2,Hf,C,1.0,1.0,2.896252,-27.33314767,1.339074055000001
mp-2391,YbPd3,L1$_2$,Yb,Pd,1.0,3.0,4.04982880693734,-27.318176125,0.0
mp-975802,PrSb3,L1$_2$,Pr,Sb,1.0,3.0,4.84798,-27.27356862,0.071254642500001
mp-1014219,HfZn,B2,Hf,Zn,1.0,1.0,3.27510484,-27.2631909,0.008220216666664
mp-614455,GdCu,B2,Gd,Cu,1.0,1.0,3.4850603700000002,-27.263102815,0.009389447500002
mp-982880,Pm3Y,L1$_2$,Pm,Y,3.0,1.0,5.152141230014097,-27.19141733,0.042442256874998
mp-984713,Dy3Ga,L1$_2$,Dy,Ga,3.0,1.0,4.720686,-27.154459295937503,0.095111769843747
mp-1186734,Pr3Y,L1$_2$,Pr,Y,3.0,1.0,5.21846549,-27.086098915,0.045268601250000005
mp-1206794,LiAu,B2,Li,Au,1.0,1.0,3.08394824,-27.048493715,0.0
mp-10907,PuAl3,L1$_2$,Pu,Al,1.0,3.0,4.26078837,-26.99973379,0.045441950624997
mp-982,TmPd3,L1$_2$,Tm,Pd,1.0,3.0,4.05901324,-26.9543678175,0.0
mp-20582,LaIn,B2,La,In,1.0,1.0,3.95407724,-26.8104547,0.0
mp-20298,SmIn,B2,Sm,In,1.0,1.0,3.81904579,-26.78034338,0.0
mp-2825,ErPd3,L1$_2$,Er,Pd,1.0,3.0,4.06866282,-26.646099805,0.0
mp-1206423,NdIn,B2,Nd,In,1.0,1.0,3.86783884,-26.62682906,0.0
mp-20023,PrIn,B2,Pr,In,1.0,1.0,3.89873027,-26.60955203,0.0
mp-1187224,SrCe3,L1$_2$,Sr,Ce,1.0,3.0,5.067023,-26.54777870541667,0.36910813208333304
mp-20469,YbIn3,L1$_2$,Yb,In,1.0,3.0,4.579952741641019,-26.529291335,0.0
mp-2497,GdZn,B2,Gd,Zn,1.0,1.0,3.58385041,-26.498766095,0.0
mp-1518,CeRh3,L1$_2$,Ce,Rh,1.0,3.0,4.03664664,-26.4695328975,0.0
mp-1979,HoPd3,L1$_2$,Ho,Pd,1.0,3.0,4.0791001,-26.374932475,0.0
mp-19920,Ce3Ga,L1$_2$,Ce,Ga,3.0,1.0,4.69516669,-26.32809635,0.0
mp-2012,LiHg,B2,Li,Hg,1.0,1.0,3.3013319,-26.2532881,0.0
mp-1187305,Tb3Sc,L1$_2$,Tb,Sc,3.0,1.0,4.94020091,-26.2082594525,0.06118799875000001
mp-1183711,Ce3Ti,L1$_2$,Ce,Ti,3.0,1.0,4.632102,-26.196349887916668,0.168560935416667
mp-797,DyPd3,L1$_2$,Dy,Pd,1.0,3.0,4.08903384,-26.1423224125,0.0
mp-862731,Pm3Ge,L1$_2$,Pm,Ge,3.0,1.0,4.76111703,-26.0228363675,0.0
mp-2747,TbPd3,L1$_2$,Tb,Pd,1.0,3.0,4.09957686,-25.94343983,0.0
mp-1186773,SrSm3,L1$_2$,Sr,Sm,1.0,3.0,5.272202,-25.918032560416666,0.168075947083334
mp-862959,PmRh3,L1$_2$,Pm,Rh,1.0,3.0,4.071517220014176,-25.89747377,0.14726968749999902
mp-1184060,Dy3Al,L1$_2$,Dy,Al,3.0,1.0,4.73729622,-25.8941770775,0.033405418125003
mp-1187395,Tc3Mo,L1$_2$,Tc,Mo,3.0,1.0,3.914319,-25.87454897875,0.11694241874999901
mp-2475,SmAg,B2,Sm,Ag,1.0,1.0,3.68571271,-25.84684232,0.0
mp-1187302,Tb3S,L1$_2$,Tb,S,3.0,1.0,4.608296,-25.833739137500004,0.7303217899999971
mp-1948,LaAg,B2,La,Ag,1.0,1.0,3.8079889700000003,-25.82781645,0.0
mp-2092,CePd3,L1$_2$,Ce,Pd,1.0,3.0,4.13870757,-25.75174171,0.0
mp-1187207,SrPr3,L1$_2$,Sr,Pr,1.0,3.0,5.362739,-25.71052768666667,0.128854857083332
mp-1187315,Tb3Zn,L1$_2$,Tb,Zn,3.0,1.0,4.754154,-25.7081114,0.131966537499998
mp-1006330,Ce3Cu,L1$_2$,Ce,Cu,3.0,1.0,4.586055,-25.671073272500003,0.212658964374998
mp-1236,NdAg,B2,Nd,Ag,1.0,1.0,3.733872159999999,-25.666263935,0.0
mp-183,CeCd,B2,Ce,Cd,1.0,1.0,3.850494,-25.639444321250004,0.08205001624999701
mp-1002226,ErAs,B2,Er,As,1.0,1.0,3.547401,-25.607561915,0.490369644999997
mp-674,LaPd3,L1$_2$,La,Pd,1.0,3.0,4.20266203,-25.48138876,0.0
mp-20487,La3Ga,L1$_2$,La,Ga,3.0,1.0,4.93068257,-25.4724805675,0.071833317916667
mp-20366,Sm3Ga,L1$_2$,Sm,Ga,3.0,1.0,4.805937,-25.461154921718748,0.07426452031250001
mp-862954,PmPd3,L1$_2$,Pm,Pd,1.0,3.0,4.15233055,-25.446404765,0.0
mp-12753,GdAl,B2,Gd,Al,1.0,1.0,3.62796413,-25.435769435,0.059707795999997
mp-1002210,EuS,B2,Eu,S,1.0,1.0,3.555929,-25.406545604999998,0.33348016
mp-11517,NbRu3,L1$_2$,Nb,Ru,1.0,3.0,3.88510929,-25.37737399,0.038549347500001004
mp-11226,Tb3Al,L1$_2$,Tb,Al,3.0,1.0,4.76091752,-25.331821465,0.028561403750000002
mp-1186501,Pm3Ga,L1$_2$,Pm,Ga,3.0,1.0,4.80425174,-25.31560426,0.0
mp-1723,UAl3,L1$_2$,U,Al,1.0,3.0,4.27986327,-25.299551655,0.0
mp-11516,NbRu,B2,Nb,Ru,1.0,1.0,3.186487999999999,-25.288474488333332,0.024435130000000003
mp-20920,TbIn3,L1$_2$,Tb,In,1.0,3.0,4.62079616,-25.27876475,0.0
mp-976319,NaHo3,L1$_2$,Na,Ho,1.0,3.0,5.005563,-25.224969702887932,0.32708337586207004
mp-569382,Nd3Ga,L1$_2$,Nd,Ga,3.0,1.0,4.8431115,-25.2177408325,0.065914542968751
mp-11406,Pr3Ga,L1$_2$,Pr,Ga,3.0,1.0,4.88166238,-25.18056708,0.08324435048611101
mp-1186014,Mo3Pd,L1$_2$,Mo,Pd,3.0,1.0,3.969295,-25.17529786625,0.148066666250002
mp-1186532,Pm3Ti,L1$_2$,Pm,Ti,3.0,1.0,4.898838,-25.14985267666667,0.240045923541664
mp-1481,SnTe,B2,Sn,Te,1.0,1.0,3.9047,-25.119163200000003,0.22759072499999802
mp-646,PrCd,B2,Pr,Cd,1.0,1.0,3.87492905,-25.11611969,0.0
mp-1001917,HoAs,B2,Ho,As,1.0,1.0,3.56089,-25.111231545,0.48182539
mp-1625,SnSb,B2,Sn,Sb,1.0,1.0,3.803308,-25.0890788,0.137170954999998
mp-973732,LiHo3,L1$_2$,Li,Ho,1.0,3.0,4.861069,-25.057483390416667,0.200201149166666
mp-1183549,CaTb3,L1$_2$,Ca,Tb,1.0,3.0,5.109847,-25.050483897499998,0.12891514
mp-2413,Ce3Al,L1$_2$,Ce,Al,3.0,1.0,4.73405104,-25.048932745,0.0
mp-1186282,Nd3Ti,L1$_2$,Nd,Ti,3.0,1.0,4.931576,-25.04475268916667,0.25319330104166504
mp-1186733,Pr3Ti,L1$_2$,Pr,Ti,3.0,1.0,4.9699,-25.02041300666667,0.266993522916667
mp-1183784,Ce3Cl,L1$_2$,Ce,Cl,3.0,1.0,4.487672,-25.015674589583334,0.508607490833334
mp-1017544,ZrRu3,L1$_2$,Zr,Ru,1.0,3.0,3.975697,-24.947117122499996,0.178166965000002
mp-30360,TmAg3,L1$_2$,Tm,Ag,1.0,3.0,4.365734,-24.933080690416666,0.126631385833334
mp-1187037,Sn3Sb,L1$_2$,Sn,Sb,3.0,1.0,4.822632,-24.90540464,0.08081212749999901
mp-862920,PmIn3,L1$_2$,Pm,In,1.0,3.0,4.677134120364843,-24.897778725,0.0
mp-975511,InSb3,L1$_2$,In,Sb,1.0,3.0,4.806367,-24.893200659999998,0.15019457000000302
mp-214,ZrRu,B2,Zr,Ru,1.0,1.0,3.26200472,-24.82603288,0.0
mp-1187067,Sn3Te,L1$_2$,Sn,Te,3.0,1.0,4.865622,-24.811175637499996,0.23529321500000203
mp-973342,SbRh3,L1$_2$,Sb,Rh,1.0,3.0,3.92885324,-24.8047940575,0.005245416250001
mp-1010161,DyAs,B2,Dy,As,1.0,1.0,3.576506,-24.67895332,0.47629319500000006
mp-867165,Pm3Si,L1$_2$,Pm,Si,3.0,1.0,4.73925754,-24.650068435,0.0
mp-1184975,La3Zn,L1$_2$,La,Zn,3.0,1.0,4.963663,-24.601530592499998,0.0973784225
mp-229,ZrRh3,L1$_2$,Zr,Rh,1.0,3.0,3.93410666,-24.5328032075,0.0
mp-974335,RuRh3,L1$_2$,Ru,Rh,1.0,3.0,3.799530710000274,-24.4239551925,0.034719832083336004
mp-974060,LiDy3,L1$_2$,Li,Dy,1.0,3.0,4.87993,-24.38830610791667,0.194722914166664
mp-2808,ZrRh,B2,Zr,Rh,1.0,1.0,3.28272273,-24.244361295,0.08393397999999701
mp-10889,La3Al,L1$_2$,La,Al,3.0,1.0,4.97745203,-24.2089676875,0.040546290000001005
mp-2819,InTe,B2,In,Te,1.0,1.0,3.882355999999999,-24.20308494717105,0.21814349000000202
mp-11222,Sm3Al,L1$_2$,Sm,Al,3.0,1.0,4.848246,-24.1910053084375,0.029456104062500002
mp-1185003,La3Cl,L1$_2$,La,Cl,3.0,1.0,4.897745,-24.16411035775,0.58451403375
mp-10148,InSb,B2,In,Sb,1.0,1.0,3.807652,-24.154523955000002,0.22595077499999702
mp-1187103,Sr3Au,L1$_2$,Sr,Au,3.0,1.0,5.362253,-24.133347609444442,0.30319936513889
mp-1094904,Ce3Mg,L1$_2$,Ce,Mg,3.0,1.0,4.814688,-24.087979860833336,0.103013718333333
mp-1094874,ZrSn,B2,Zr,Sn,1.0,1.0,3.580086,-24.058169162083335,0.29196223458333304
mp-1008999,LaSe,B2,La,Se,1.0,1.0,3.713578,-24.04884816,0.24330531500000002
mp-998897,YSb,B2,Y,Sb,1.0,1.0,3.804791,-24.04516667,0.35114656000000005
mp-1186489,Pm3Al,L1$_2$,Pm,Al,3.0,1.0,4.85669985,-24.0449443275,0.032201197499997
mp-1184776,InSn3,L1$_2$,In,Sn,1.0,3.0,4.77199191,-24.0224998475,0.18178558249999802
mp-1186928,SbPd3,L1$_2$,Sb,Pd,1.0,3.0,4.02651189,-23.990543775,0.075649527857144
mp-976358,Nd3Al,L1$_2$,Nd,Al,3.0,1.0,4.88129481,-23.9522899725,0.023285550000000002
mp-2093,Pr3Al,L1$_2$,Pr,Al,3.0,1.0,4.92749911,-23.9237330775,0.032819397916668006
mp-1185051,KCe3,L1$_2$,K,Ce,1.0,3.0,5.1090160000000004,-23.918930203562496,0.7161073505000031
mp-11496,LuZn,B2,Lu,Zn,1.0,1.0,3.45578837,-23.903654125,0.0
mp-718,SnPd3,L1$_2$,Sn,Pd,1.0,3.0,4.00703442,-23.89979332,0.0
mp-2636,GdMg,B2,Gd,Mg,1.0,1.0,3.83063586,-23.861962885,0.0
mp-899,InRh,B2,In,Rh,1.0,1.0,3.20967535,-23.857012905,0.0
mp-1185429,LiTb3,L1$_2$,Li,Tb,1.0,3.0,4.892861,-23.828376129166664,0.18812608666666703
mp-972987,Mn3Tl,L1$_2$,Mn,Tl,3.0,1.0,4.02246,-23.81954669091954,0.48778046071839004
mp-1017543,ZrPd3,L1$_2$,Zr,Pd,1.0,3.0,4.00019122,-23.734184805,0.025105371249999002
mp-1186164,NaCe3,L1$_2$,Na,Ce,1.0,3.0,4.942165,-23.592840702887933,0.42867600961206803
mp-13496,ZrPd,B2,Zr,Pd,1.0,1.0,3.360046,-23.48369734,0.06452598250000101
mp-1185343,LiCe3,L1$_2$,Li,Ce,1.0,3.0,4.73787,-23.462316505416666,0.264831667916666
mp-976799,Ni3Bi,L1$_2$,Ni,Bi,3.0,1.0,3.822007,-23.438415939531247,0.17344036671875002
mp-1185005,KLa3,L1$_2$,K,La,1.0,3.0,5.456387,-23.3719439948125,0.441207142999999
mp-1185213,K3U,L1$_2$,K,U,3.0,1.0,6.127288,-23.3444989981875,1.154708110249998
mp-31337,InPd3,L1$_2$,In,Pd,1.0,3.0,4.00151542,-23.325552585,0.031658931249999
mp-21215,InPd,B2,In,Pd,1.0,1.0,3.27188478,-23.318690175,0.011751512142858
mp-985,TmCu,B2,Tm,Cu,1.0,1.0,3.38448683,-23.284754295,0.0
mp-570698,V3Au,L1$_2$,V,Au,3.0,1.0,3.878429,-23.201031657500003,0.10079660749999701
mp-559,YPd3,L1$_2$,Y,Pd,1.0,3.0,4.09992176,-23.1804173275,0.0
mp-1184963,KPm3,L1$_2$,K,Pm,1.0,3.0,5.340834,-23.178957664812497,0.481067666124999
mp-974827,KPr3,L1$_2$,K,Pr,1.0,3.0,5.41785,-23.1166452398125,0.44088802050000103
mp-20695,Zr3In,L1$_2$,Zr,In,3.0,1.0,4.46693116,-23.011226055,0.0
mp-1183698,Co3Ir,L1$_2$,Co,Ir,3.0,1.0,3.582561,-22.964657366249998,0.050854343749999004
mp-975994,NaLa3,L1$_2$,Na,La,1.0,3.0,5.256287,-22.964211996637935,0.235418299612067
mp-976830,Ni3Pb,L1$_2$,Ni,Pb,3.0,1.0,3.808506,-22.91890244,0.13866895749999802
mp-984700,CeY3,L1$_2$,Ce,Y,1.0,3.0,5.058812,-22.870095113749997,0.075262796250001
mp-1186173,NaPm3,L1$_2$,Na,Pm,1.0,3.0,5.14635,-22.78443039663793,0.262074092737069
mp-976424,LiLa3,L1$_2$,Li,La,1.0,3.0,5.116069,-22.757533931666668,0.14772782541666601
mp-1002224,ErP,B2,Er,P,1.0,1.0,3.436716,-22.75228153,0.5536656949999991
mp-1185451,LiSm3,L1$_2$,Li,Sm,1.0,3.0,4.960113,-22.733115237916664,0.163254605416668
mp-1186169,NaPr3,L1$_2$,Na,Pr,1.0,3.0,5.205635,-22.710777104137936,0.233235314612066
mp-976903,NaNd3,L1$_2$,Na,Nd,1.0,3.0,5.180249,-22.707209419137932,0.24734246023707102
mp-1186760,SrSn3,L1$_2$,Sr,Sn,1.0,3.0,4.8451645,-22.700657495,0.056590986666662006
mp-1955,ErCu,B2,Er,Cu,1.0,1.0,3.39976775,-22.67065421,0.0
mp-1002229,ErN,B2,Er,N,1.0,1.0,2.964162,-22.66995768,0.9567441549999991
mp-11260,Ti3Au,L1$_2$,Ti,Au,3.0,1.0,4.075523,-22.61240855,0.12363305124999902
mp-1185395,LiPm3,L1$_2$,Li,Pm,1.0,3.0,4.9989419999999996,-22.596461894166662,0.155674056041668
mp-978823,SmY3,L1$_2$,Sm,Y,1.0,3.0,5.110425810000114,-22.59494441,0.073487389999996
mp-1185037,LaY3,L1$_2$,La,Y,1.0,3.0,5.17180131,-22.59387876,0.077517011249998
mp-1184361,Ga3Pb,L1$_2$,Ga,Pb,3.0,1.0,4.526369,-22.559719740625,0.093645749374999
mp-998947,TiRu3,L1$_2$,Ti,Ru,1.0,3.0,3.859584,-22.549470735,0.1732398575
mp-20131,YIn3,L1$_2$,Y,In,1.0,3.0,4.62564492,-22.534827565,0.0
mp-974865,NdY3,L1$_2$,Nd,Y,1.0,3.0,5.13171666,-22.517697635,0.072005330624996
mp-1185406,LiPr3,L1$_2$,Li,Pr,1.0,3.0,5.069571,-22.50792427416667,0.141719605416664
mp-2316,TmZn,B2,Tm,Zn,1.0,1.0,3.49373398,-22.42055993,0.0
mp-1184571,HgGe3,L1$_2$,Hg,Ge,1.0,3.0,4.39551,-22.403630360624998,0.342304455
mp-30362,Zr3Ag,L1$_2$,Zr,Ag,3.0,1.0,4.416495,-22.37941027375,0.103781989999998
mp-1001843,HoP,B2,Ho,P,1.0,1.0,3.453185,-22.24597311,0.547366419999999
mp-1188029,Zr3Cd,L1$_2$,Zr,Cd,3.0,1.0,4.45517347,-22.1707983775,0.019827343749998002
mp-1971,HoCu,B2,Ho,Cu,1.0,1.0,3.41849426,-22.14065867,0.0
mp-1001844,HoN,B2,Ho,N,1.0,1.0,2.98033,-22.12651229,0.9381994200000001
mp-2560,Ti3Hg,L1$_2$,Ti,Hg,3.0,1.0,4.139949,-22.102944145000002,0.070988241249999
mp-1187043,Sn3Se,L1$_2$,Sn,Se,3.0,1.0,4.741879,-22.093178409999997,0.27112263687500204
mp-10653,SrTe,B2,Sr,Te,1.0,1.0,4.087916,-22.057587094999995,0.241547895000003
mp-22704,YIn,B2,Y,In,1.0,1.0,3.7594189,-22.049681705,0.0
mp-1185,VRh3,L1$_2$,V,Rh,1.0,3.0,3.77976254,-22.0316925225,0.008832503749999
mp-12585,CrRh3,L1$_2$,Cr,Rh,1.0,3.0,3.79056417,-22.017710365,0.0
mp-1185177,K3Th,L1$_2$,K,Th,3.0,1.0,6.018195,-21.9188526194375,0.963660870249999
mp-999446,Nb3Cr,L1$_2$,Nb,Cr,3.0,1.0,4.136382,-21.918781655000004,0.40010992999999906
mp-1009018,InAg,B2,In,Ag,1.0,1.0,3.46478866,-21.912624355,0.10658124151786101
mp-1187023,Sn3Ge,L1$_2$,Sn,Ge,3.0,1.0,4.685681,-21.8701091275,0.1575231025
mp-985297,Ag3Rh,L1$_2$,Ag,Rh,3.0,1.0,4.076067,-21.829316273750003,0.22164874250000102
mp-1660,ErZn,B2,Er,Zn,1.0,1.0,3.50789832,-21.811399955,0.0
mp-1002223,DyP,B2,Dy,P,1.0,1.0,3.472089,-21.807973525,0.540332114999998
mp-1187250,TaTi3,L1$_2$,Ta,Ti,1.0,3.0,4.133054,-21.756308725666667,0.09496721249999801
mp-30343,InAg3,L1$_2$,In,Ag,1.0,3.0,4.1870447,-21.7122204275,0.001366337548077
mp-2334,DyCu,B2,Dy,Cu,1.0,1.0,3.43607761,-21.68017208,0.0
mp-977997,ZnMo3,L1$_2$,Zn,Mo,1.0,3.0,3.943154,-21.604394540833333,0.187306046666666
mp-973891,LaV,B2,La,V,1.0,1.0,3.739359,-21.367576955000004,0.549601012499998
mp-1183704,CoRh3,L1$_2$,Co,Rh,1.0,3.0,3.766397999999999,-21.345245461250002,0.06548379374999701
mp-21143,CeP,B2,Ce,P,1.0,1.0,3.50334,-21.334318215,0.34403322500000005
mp-1006886,CeS,B2,Ce,S,1.0,1.0,3.512501,-21.306975684999998,0.372125060000001
mp-1837,TbCu,B2,Tb,Cu,1.0,1.0,3.45550647,-21.29018046,0.0
mp-12086,Cu3Pt,L1$_2$,Cu,Pt,3.0,1.0,3.68309189,-21.16740301,0.0
mp-2474,YAg,B2,Y,Ag,1.0,1.0,3.62505055,-21.162151485,0.0
mp-1186967,Sc3Hg,L1$_2$,Sc,Hg,3.0,1.0,4.46465973,-21.140572345,0.021109168750001003
mp-11309,NbCd3,L1$_2$,Nb,Cd,1.0,3.0,4.319767,-21.117388365,0.14487106500000002
mp-865786,CrPd3,L1$_2$,Cr,Pd,1.0,3.0,3.89097501,-21.1158674075,0.0
mp-973884,Ni3Hg,L1$_2$,Ni,Hg,3.0,1.0,3.744911,-21.107020996875,0.22121850374999802
mp-636328,TiPd3,L1$_2$,Ti,Pd,1.0,3.0,3.897710450014267,-21.104244075,0.004809819374997
mp-1183627,CdAg3,L1$_2$,Cd,Ag,1.0,3.0,4.15941889,-21.0820391475,0.007372807499997001
mp-568711,VPd3,L1$_2$,V,Pd,1.0,3.0,3.8798502,-21.0090882,0.0
mp-1004,Nb3Si,L1$_2$,Nb,Si,3.0,1.0,4.083869,-21.00657041,0.219570350416667
mp-1008998,LaS,B2,La,S,1.0,1.0,3.575452,-21.000206095,0.319614650000001
mp-2677,ScPd3,L1$_2$,Sc,Pd,1.0,3.0,3.97964867,-20.93176475,0.0
mp-2303,DyZn,B2,Dy,Zn,1.0,1.0,3.54500656,-20.83574144,0.0
mp-2642,CdAg,B2,Cd,Ag,1.0,1.0,3.3527165,-20.783473355,0.0
mp-1184883,In3Se,L1$_2$,In,Se,3.0,1.0,4.803758,-20.69811823,0.152077868750001
mp-12661,Cd3In,L1$_2$,Cd,In,3.0,1.0,4.49660846,-20.68165489,0.041733472500002006
mp-973466,In3As,L1$_2$,In,As,3.0,1.0,4.6716809999999995,-20.6043797825,0.20070065250000002
mp-1187908,YbAs3,L1$_2$,Yb,As,1.0,3.0,4.305011238189526,-20.599795825,0.445777698749999
mp-1183687,CoPd3,L1$_2$,Co,Pd,1.0,3.0,3.85037277,-20.527257115,0.0016408749999990001
mp-1184209,GaPd3,L1$_2$,Ga,Pd,1.0,3.0,3.88841288,-20.52328779,0.056885341499999006
mp-1187034,Sn3P,L1$_2$,Sn,P,3.0,1.0,4.640921,-20.51632069916667,0.29611769458333004
mp-12586,SmCu,B2,Sm,Cu,1.0,1.0,3.52157544,-20.474329405,0.031348156249999
mp-2540,VTc,B2,V,Tc,1.0,1.0,3.00911852,-20.465614505,0.0
mp-836,TbZn,B2,Tb,Zn,1.0,1.0,3.56256554,-20.453721725,0.0
mp-1058331,CsSe,B2,Cs,Se,1.0,1.0,4.358173,-20.439532391874998,0.359879867500001
mp-978494,SiSn3,L1$_2$,Si,Sn,1.0,3.0,4.649622,-20.431849525,0.32122945875000003
mp-13132,LaN,B2,La,N,1.0,1.0,3.170583,-20.4169250675,0.5952306725000011
mp-1188008,Zr3Ga,L1$_2$,Zr,Ga,3.0,1.0,4.34283198,-20.283497755,0.043778628749997
mp-1009207,MnSb,B2,Mn,Sb,1.0,1.0,3.366446,-20.169230395,0.329182557500001
mp-20539,ScIn3,L1$_2$,Sc,In,1.0,3.0,4.49569418,-20.16830582,0.0
mp-1187582,YbMn3,L1$_2$,Yb,Mn,1.0,3.0,4.079887728763317,-20.16441884,0.09941484200431101
mp-1009237,NdN,B2,Nd,N,1.0,1.0,3.129469,-20.12455655,0.781523499999998
mp-1395,VRu,B2,V,Ru,1.0,1.0,3.00228092,-20.063952405,0.0
mp-1009640,PrN,B2,Pr,N,1.0,1.0,3.160843,-20.052099035,0.7600483099999981
mp-592,TiRu,B2,Ti,Ru,1.0,1.0,3.06957001,-20.02088589,0.0
mp-11573,TiTc,B2,Ti,Tc,1.0,1.0,3.09447244,-19.96990951,0.0
mp-1185416,LiSb3,L1$_2$,Li,Sb,1.0,3.0,4.681021,-19.93895780729167,0.191407538958333
mp-417,MnRh,B2,Mn,Rh,1.0,1.0,3.02748965,-19.9055442,0.0
mp-11843,DyAl,B2,Dy,Al,1.0,1.0,3.5835634,-19.80113393,0.038093063749999004
mp-1184852,In3Ni,L1$_2$,In,Ni,3.0,1.0,4.422626,-19.726950108333337,0.341626631666663
mp-1505,TmMg,B2,Tm,Mg,1.0,1.0,3.74697045,-19.71981316,0.0
mp-2615,LaZn,B2,La,Zn,1.0,1.0,3.75622244,-19.653037825,0.0
mp-1009206,MnSn,B2,Mn,Sn,1.0,1.0,3.43411701,-19.582523745,0.13223548275862002
mp-1183143,AlPd3,L1$_2$,Al,Pd,1.0,3.0,3.87469151,-19.5049891225,0.04402146750000201
mp-1187312,TbAs3,L1$_2$,Tb,As,1.0,3.0,4.377368,-19.485092871250004,0.261980337499998
mp-1184480,In3Cu,L1$_2$,In,Cu,3.0,1.0,4.482767,-19.47161061530357,0.192655721071428
mp-978855,Sn3B,L1$_2$,Sn,B,3.0,1.0,4.528904,-19.46518253541667,0.931043848958331
mp-1183729,CeAs3,L1$_2$,Ce,As,1.0,3.0,4.36275291,-19.447298265,0.17383886874999901
mp-1009839,TbAl,B2,Tb,Al,1.0,1.0,3.601771,-19.423504585,0.041335158125001006
mp-985282,Ag3Ge,L1$_2$,Ag,Ge,3.0,1.0,4.162825,-19.3851713475,0.09973090625000201
mp-1006884,CoMo,B2,Co,Mo,1.0,1.0,2.999743999999999,-19.362013034166665,0.291092250833333
mp-672698,GeTe,B2,Ge,Te,1.0,1.0,3.704259,-19.354453245000002,0.32561569499999904
mp-12983,ScSb,B2,Sc,Sb,1.0,1.0,3.629322,-19.334802625000002,0.321589185
mp-21765,Pd17Se15,B2,Pd,Se,34.0,30.0,10.6994728,-19.28120937515625,0.0
mp-999294,Pd3N,L1$_2$,Pd,N,3.0,1.0,4.086858,-19.1320241340625,0.370503741250001
mp-978502,SmAs3,L1$_2$,Sm,As,1.0,3.0,4.413215,-19.12850285625,0.234789842499999
mp-10879,CeAl,B2,Ce,Al,1.0,1.0,3.673359,-19.077609944,0.10427106999999901
mp-1471,Zr3Al,L1$_2$,Zr,Al,3.0,1.0,4.37674312,-19.0641933675,0.0
mp-1184892,In3S,L1$_2$,In,S,3.0,1.0,4.729252,-19.062221204375003,0.22190931062499702
mp-977224,PrAs3,L1$_2$,Pr,As,1.0,3.0,4.468614,-19.045037483749997,0.216634445
mp-1186534,PmAs3,L1$_2$,Pm,As,1.0,3.0,4.4057918,-18.9855850475,0.0
mp-1187257,TaZn3,L1$_2$,Ta,Zn,1.0,3.0,3.89079388,-18.9217436225,0.016571697812498003
mp-1183967,GaAg3,L1$_2$,Ga,Ag,1.0,3.0,4.08129539,-18.850017875,0.042827169583333005
mp-16732,YAs,B2,Y,As,1.0,1.0,3.586772,-18.844668154999997,0.48401536500000103
mp-1188007,Zr3N,L1$_2$,Zr,N,3.0,1.0,4.123526,-18.843484076249997,1.559094865000002
mp-1185497,LuNi3,L1$_2$,Lu,Ni,1.0,3.0,3.790145,-18.83301272916667,0.081896905833332
mp-976772,NiAg3,L1$_2$,Ni,Ag,1.0,3.0,4.00903,-18.822695988750006,0.189641159999997
mp-1184853,In3Si,L1$_2$,In,Si,3.0,1.0,4.598456,-18.814487803749998,0.31289613000000205
mp-22320,GaRu,B2,Ga,Ru,1.0,1.0,3.00143839,-18.765810315,0.000531018749999
mp-11221,SmAl,B2,Sm,Al,1.0,1.0,3.6711043,-18.646371765,0.055769306874999
mp-495,LuGa3,L1$_2$,Lu,Ga,1.0,3.0,4.17751793,-18.6156986125,0.0
mp-1185991,MnCd3,L1$_2$,Mn,Cd,1.0,3.0,4.297046,-18.57710360086207,0.17247083551724102
mp-1206765,ScSn,B2,Sc,Sn,1.0,1.0,3.615426,-18.569703934107142,0.17333165196428602
mp-12793,NdAl,B2,Nd,Al,1.0,1.0,3.7263835,-18.46392349,0.06650961875
mp-974834,EuNi3,L1$_2$,Eu,Ni,1.0,3.0,3.887924,-18.435091909,0.28101634350000204
mp-10902,PrAl,B2,Pr,Al,1.0,1.0,3.75961349,-18.43215457,0.076994012499998
mp-11546,TiPd,B2,Ti,Pd,1.0,1.0,3.1758,-18.4297401525,0.07338960750000101
mp-2283,ZrCo,B2,Zr,Co,1.0,1.0,3.20778392,-18.32247491,0.0
mp-864794,ZnAg3,L1$_2$,Zn,Ag,1.0,3.0,4.04131259,-18.2542680625,0.008081862777778
mp-975664,NdGe3,L1$_2$,Nd,Ge,1.0,3.0,4.399687,-18.211795638541666,0.09500349937500001
mp-976061,PrGe3,L1$_2$,Pr,Ge,1.0,3.0,4.42499,-18.19519353083333,0.102255405000001
mp-2781,ScPd,B2,Sc,Pd,1.0,1.0,3.299466299999999,-18.088092175,0.0
mp-861936,LiPd3,L1$_2$,Li,Pd,1.0,3.0,3.8508382400001375,-18.0750049275,0.0
mp-983584,Al3Tl,L1$_2$,Al,Tl,3.0,1.0,4.354232,-18.059196275833337,0.284703616666664
mp-1183624,Cd3Ni,L1$_2$,Cd,Ni,3.0,1.0,4.180107,-17.983257292575757,0.09107569833333401
mp-976589,NaIn3,L1$_2$,Na,In,1.0,3.0,4.64798109,-17.9807438175,0.0
mp-1187778,Y3P,L1$_2$,Y,P,3.0,1.0,4.590392,-17.91901673083333,0.49527959666666604
mp-1603,TmGa3,L1$_2$,Tm,Ga,1.0,3.0,4.19988828,-17.89732271,0.010813862499997001
mp-1184483,In3B,L1$_2$,In,B,3.0,1.0,4.443764,-17.869908934166666,0.9006224002083341
mp-571484,Ca3Hg,L1$_2$,Ca,Hg,3.0,1.0,5.100185,-17.849673465625,0.10342174000000101
mp-10684,CaTe,B2,Ca,Te,1.0,1.0,3.92605,-17.833023025000003,0.312249994999998
mp-22865,CsCl,B2,Cs,Cl,1.0,1.0,4.14369834,-17.802043195,0.0
mp-1212609,GaPd,B2,Ga,Pd,1.0,1.0,3.120572,-17.778349877500002,0.08591318124999901
mp-381,SiRu,B2,Si,Ru,1.0,1.0,2.91612407,-17.74599759,0.007685002499997
mp-863027,LiIn3,L1$_2$,Li,In,1.0,3.0,4.4928506,-17.741741085,0.0
mp-1187788,Y3Si,L1$_2$,Y,Si,3.0,1.0,4.668333,-17.708438810555553,0.243005987361112
mp-1019319,TcN,B2,Tc,N,3.0,3.0,4.01776561,-17.69242789,0.028997522812499003
mp-1009471,NbN,B2,Nb,N,1.0,1.0,2.75929,-17.53783229,0.6403716149999991
mp-1636,Mn3Sb,L1$_2$,Mn,Sb,3.0,1.0,3.813382,-17.50821850284483,0.092418744784481
mp-1183994,CsSr3,L1$_2$,Cs,Sr,1.0,3.0,6.340366,-17.462621361982755,0.17373769051724203
mp-1062,CeMg,B2,Ce,Mg,1.0,1.0,3.838721999999999,-17.435518636666664,0.105839761666668
mp-20997,InNi,B2,In,Ni,1.0,1.0,3.147263,-17.401172029999998,0.09218754000000101
mp-1057486,CsS,B2,Cs,S,1.0,1.0,4.230482999999999,-17.146106165,0.5330467050000001
mp-2577,Mn3Rh,L1$_2$,Mn,Rh,3.0,1.0,3.605593,-17.14197206672414,0.15246737103448202
mp-1183632,Cd3P,L1$_2$,Cd,P,3.0,1.0,4.393791,-17.139363584218753,0.266882374999998
mp-21991,Rh17S15,B2,Rh,S,34.0,30.0,9.945864,-17.12997381734375,0.0
mp-8338,TaF3,L1$_2$,Ta,F,1.0,3.0,4.166646,-17.11144070964167,0.4450584235
mp-30338,Y3Al,L1$_2$,Y,Al,3.0,1.0,4.79300839,-17.0998973575,0.07052767812499901
mp-1009836,ZrN,B2,Zr,N,1.0,1.0,2.8537909999999993,-17.029014225,0.8857635100000001
mp-1018029,CuPd,B2,Cu,Pd,1.0,1.0,2.98041717,-17.02697661,0.0
mp-10110,SiRh,B2,Si,Rh,1.0,1.0,2.983008,-17.011847034999995,0.28401919625000305
mp-6938,ZnRh,B2,Zn,Rh,1.0,1.0,2.99022635,-16.94872661,0.0
mp-1009459,NbC,B2,Nb,C,1.0,1.0,2.806433,-16.947427439791667,0.958870606875002
mp-11418,TbGa3,L1$_2$,Tb,Ga,1.0,3.0,4.25508228,-16.943441795000002,0.051655916250002
mp-1186100,NaAg3,L1$_2$,Na,Ag,1.0,3.0,4.244194,-16.887782317916667,0.07910761708333401
mp-8455,CsF,B2,Cs,F,1.0,1.0,3.702137,-16.84174068,0.108771669999999
mp-542569,AlRu,B2,Al,Ru,1.0,1.0,2.98249544,-16.806725945,0.0
mp-1007730,HfAl3,L1$_2$,Hf,Al,1.0,3.0,4.05941982,-16.747374399999998,0.026835965000000003
mp-1185300,LiAg3,L1$_2$,Li,Ag,1.0,3.0,4.04512754,-16.7336293925,0.008752600000001
mp-11237,ScAg,B2,Sc,Ag,1.0,1.0,3.42110253,-16.640555495,0.0
mp-1187102,Sr3Ag,L1$_2$,Sr,Ag,3.0,1.0,5.490875,-16.634114612694443,0.200823643055553
mp-364,AlRh,B2,Al,Rh,1.0,1.0,2.97732247,-16.61165009,0.0
mp-1002183,TcB,B2,Tc,B,1.0,1.0,2.733406,-16.55091074409091,0.5208401765909081
mp-976111,Ge3Sb,L1$_2$,Ge,Sb,3.0,1.0,4.428208,-16.54545950125,0.28510261625
mp-1187139,Sr3Zr,L1$_2$,Sr,Zr,3.0,1.0,5.539239,-16.527796128749998,0.518897649999999
mp-1183622,Cd3C,L1$_2$,Cd,C,3.0,1.0,4.172055999999999,-16.345481949375003,1.220067615624998
mp-11478,GaAg,B2,Ga,Ag,1.0,1.0,3.317227,-16.326017033541667,0.088552712291665
mp-999484,YTi,B2,Y,Ti,1.0,1.0,3.658092,-16.261203656666666,0.36447533000000104
mp-1008279,Co3Mo,L1$_2$,Co,Mo,3.0,1.0,3.56238088,-16.2593778125,0.18429039500000102
mp-1431697,SbN,B2,Sb,N,1.0,1.0,3.05054399,-16.190735438125003,1.226797762499998
mp-570691,Ti3Sn,L1$_2$,Ti,Sn,3.0,1.0,4.15692889,-16.175374855,0.033543316249999004
mp-570276,ZrZn,B2,Zr,Zn,1.0,1.0,3.3232991800000002,-16.1562511,0.0
mp-1009878,ZrC,B2,Zr,C,1.0,1.0,2.934768,-16.142750039999996,1.219416865000003
mp-1211,ScCd,B2,Sc,Cd,1.0,1.0,3.52625559,-16.075965005,0.0
mp-982773,Na3Tl,L1$_2$,Na,Tl,3.0,1.0,4.909227,-16.0486138275,0.022761539062500002
mp-16731,YP,B2,Y,P,1.0,1.0,3.47894,-15.96422039,0.550771304999999
mp-1059879,CsN,B2,Cs,N,1.0,1.0,3.864403,-15.909528190143682,1.353643505689653
mp-712,YCu,B2,Y,Cu,1.0,1.0,3.45811539,-15.80720536,0.018895730000000003
mp-980945,Ti3Nb,L1$_2$,Ti,Nb,3.0,1.0,4.133433,-15.802386037500002,0.084450384999998
mp-13098,YN,B2,Y,N,1.0,1.0,3.008539,-15.78475514,0.9360380049999981
mp-975524,InGe3,L1$_2$,In,Ge,1.0,3.0,4.391734,-15.76563751125,0.282993268749999
mp-829,AlPd,B2,Al,Pd,1.0,1.0,3.05052548,-15.74408449,0.037793284999999004
mp-213,CaPd,B2,Ca,Pd,1.0,1.0,3.50568548,-15.644829405,0.006872011666665001
mp-1185240,LiY3,L1$_2$,Li,Y,1.0,3.0,4.919707,-15.634137316666665,0.19774000666666602
mp-980646,TmSi3,L1$_2$,Tm,Si,1.0,3.0,4.105046,-15.577805384999998,0.243736378749999
mp-971703,V3Ag,L1$_2$,V,Ag,3.0,1.0,3.881514,-15.535567860416668,0.37058322333333205
mp-976847,Ni3Sb,L1$_2$,Ni,Sb,3.0,1.0,3.6911870900001382,-15.495076465,0.044902887500001
mp-20263,CaIn,B2,Ca,In,1.0,1.0,3.84336532,-15.37121027,0.020320988749999002
mp-1186970,Sc3Sn,L1$_2$,Sc,Sn,3.0,1.0,4.5199508,-15.2347699825,0.005275915000000001
mp-11312,V3Cd,L1$_2$,V,Cd,3.0,1.0,3.932877,-15.2282413525,0.3651873675
mp-1912,ZnAg,B2,Zn,Ag,1.0,1.0,3.14233597,-15.157611235,0.011211470555556002
mp-2516,YZn,B2,Y,Zn,1.0,1.0,3.56236652,-14.99925985,0.0
mp-621131,Ti3Ag,L1$_2$,Ti,Ag,3.0,1.0,4.098807,-14.931480901666665,0.144638084166667
mp-1183636,Ca3Eu,L1$_2$,Ca,Eu,3.0,1.0,5.63079353,-14.87762921,0.031311743749999
mp-1009596,PdN,B2,Pd,N,1.0,1.0,2.778339,-14.710316808125002,1.3342853325
mp-1187466,Ti3Cd,L1$_2$,Ti,Cd,3.0,1.0,4.151009,-14.687323706666666,0.10083699416666601
mp-1183480,Ca3Lu,L1$_2$,Ca,Lu,3.0,1.0,5.361775,-14.646801938333333,0.151888382500001
mp-1259,YbAl3,L1$_2$,Yb,Al,1.0,3.0,4.181695796842051,-14.63289476,0.0
mp-980946,Sr3Cr,L1$_2$,Sr,Cr,3.0,1.0,5.535729,-14.631982574999999,0.495598825
mp-1184868,K3Hf,L1$_2$,K,Hf,3.0,1.0,5.7876069999999995,-14.620556876937497,1.180994922750001
mp-316,MnV,B2,Mn,V,1.0,1.0,2.85576869,-14.58459444,0.0
mp-1183978,Ga3Sn,L1$_2$,Ga,Sn,3.0,1.0,4.37524287,-14.5675212625,0.20110664500000103
mp-632319,CsH,B2,Cs,H,1.0,1.0,3.81840854,-14.513282405,0.016097849999999
mp-1183969,Cu3Sb,L1$_2$,Cu,Sb,3.0,1.0,3.897337,-14.495137238749999,0.06653869375
mp-1183984,Cu3Te,L1$_2$,Cu,Te,3.0,1.0,3.946662,-14.351535797499999,0.17996959375000102
mp-768,TmAl3,L1$_2$,Tm,Al,1.0,3.0,4.19201623,-14.2813125,0.0018575050000000002
mp-977573,HfH3,L1$_2$,Hf,H,1.0,3.0,3.084554,-14.1916368915625,0.09424659625000001
mp-726265,AgCl,B2,Ag,Cl,1.0,1.0,3.433973,-14.185867884999999,0.13673007
mp-12982,ScAs,B2,Sc,As,1.0,1.0,3.395698,-14.155204455,0.48348137500000005
mp-1008278,Cr3Ni,L1$_2$,Cr,Ni,3.0,1.0,3.569271,-14.14317079125,0.15726529125000002
mp-1184785,InGa3,L1$_2$,In,Ga,1.0,3.0,4.30108681,-14.0786133975,0.14811616000000002
mp-1010071,CrCo,B2,Cr,Co,1.0,1.0,2.8512049999999993,-14.000225657499998,0.15356110250000102
mp-2134,ErAl3,L1$_2$,Er,Al,1.0,3.0,4.20209431,-13.982790365,0.007975068749999
mp-1187128,Sr3Ni,L1$_2$,Sr,Ni,3.0,1.0,5.248074,-13.978481542499999,0.37619355
mp-580357,Cu3Pd,L1$_2$,Cu,Pd,3.0,1.0,3.666153699999999,-13.970323485,0.004421831071429
mp-11229,YAl,B2,Y,Al,1.0,1.0,3.59888669,-13.96068374,0.030594507500000003
mp-1002109,VCo,B2,V,Co,1.0,1.0,2.89042773,-13.81094857,0.0
mp-1187104,Sr3Cu,L1$_2$,Sr,Cu,3.0,1.0,5.440957,-13.802235652708331,0.29846049479166703
mp-1877,HoAl3,L1$_2$,Ho,Al,1.0,3.0,4.21491698,-13.7246717975,0.015974716250001002
mp-984711,Cr3Cu,L1$_2$,Cr,Cu,3.0,1.0,3.601918,-13.722858989999999,0.2938468025
mp-10627,SrS,B2,Sr,S,1.0,1.0,3.668432,-13.715209645000002,0.29962980499999803
mp-11500,MnNi,B2,Mn,Ni,1.0,1.0,2.92831621,-13.695063285,0.0
mp-1428312,AgN,B2,Ag,N,1.0,1.0,2.874302,-13.590455518958333,1.6518583891666672
mp-1008280,CrCo3,L1$_2$,Cr,Co,1.0,3.0,3.54249965,-13.53878066,0.15522828499999902
mp-1187138,Sr3Zn,L1$_2$,Sr,Zn,3.0,1.0,5.479942,-13.493313996458333,0.18605024729166603
mp-823,TiCo,B2,Ti,Co,1.0,1.0,2.9861109900000002,-13.493100065,0.0
mp-1184871,K3Lu,L1$_2$,K,Lu,3.0,1.0,6.087672,-13.453544605270835,0.580123392749999
mp-1008489,CdN,B2,Cd,N,1.0,1.0,2.986837,-13.443180478125,1.173688702499999
mp-1017529,VCo3,L1$_2$,V,Co,1.0,3.0,3.47753287,-13.435267575,0.087322275
mp-1183498,Ca3Ho,L1$_2$,Ca,Ho,3.0,1.0,5.346147,-13.34689126625,0.15216498750000002
mp-608,TiCo3,L1$_2$,Ti,Co,1.0,3.0,3.58680216,-13.3232120225,0.040453574999999006
mp-1226196,CrNi,B2,Cr,Ni,1.0,1.0,2.8935939999999993,-13.256944137500001,0.27058563750000003
mp-1183684,Co3Se,L1$_2$,Co,Se,3.0,1.0,3.566621999999999,-13.251719918593752,0.404886301093748
mp-975439,Mn3S,L1$_2$,Mn,S,3.0,1.0,3.578445,-13.198916644224138,0.39227303603448305
mp-1186341,NiGe3,L1$_2$,Ni,Ge,1.0,3.0,4.027851,-13.107819941874999,0.42446879812499905
mp-1183623,CdCu3,L1$_2$,Cd,Cu,1.0,3.0,3.825701,-13.0812672825,0.080076639999999
mp-1187105,Sr3Ca,L1$_2$,Sr,Ca,3.0,1.0,5.98872189,-13.0798042625,0.039014964999998
mp-1186043,Na3Hf,L1$_2$,Na,Hf,3.0,1.0,4.865171,-13.078530259913792,0.8824590150862061
mp-2743,LiPd,B2,Li,Pd,1.0,1.0,2.9596782900000003,-13.06872738,0.021507794999999
mp-1183975,GaGe3,L1$_2$,Ga,Ge,1.0,3.0,4.278466,-13.024843428125,0.23983374437499902
mp-1008349,Co3Ni,L1$_2$,Co,Ni,3.0,1.0,3.49575341,-12.9286653,0.015651018749998
mp-11501,MnNi3,L1$_2$,Mn,Ni,1.0,3.0,3.5434492,-12.89325635,0.0
mp-1185006,KSr3,L1$_2$,K,Sr,1.0,3.0,6.152297,-12.759085627312498,0.104726159250001
mp-974631,K3Tm,L1$_2$,K,Tm,3.0,1.0,6.074285,-12.709732793604168,0.5842272310833321
mp-2212,ScCo,B2,Sc,Co,1.0,1.0,3.1422648,-12.60761453,0.0
mp-1121,GaCo,B2,Ga,Co,1.0,1.0,2.84722922,-12.534109495,0.0
mp-1006883,CoNi,B2,Co,Ni,1.0,1.0,2.802193,-12.453872239999999,0.16957769249999902
mp-11365,Ti3Cu,L1$_2$,Ti,Cu,3.0,1.0,3.968061999999999,-12.390747416666667,0.10904424666666601
mp-971753,ZnGe3,L1$_2$,Zn,Ge,1.0,3.0,4.222363,-12.362764195,0.268869641249999
mp-1094786,Sr3Mg,L1$_2$,Sr,Mg,3.0,1.0,5.65022,-12.360999644166666,0.07438252958333301
mp-1002105,VN,B2,V,N,1.0,1.0,2.548104,-12.283322515,0.6783686049999991
mp-1184214,Ga3Se,L1$_2$,Ga,Se,3.0,1.0,4.432465,-12.259437588125,0.245543786249999
mp-1184232,Ga3As,L1$_2$,Ga,As,3.0,1.0,4.3098600000000005,-12.24158500125,0.24051823624999802
mp-1009485,CrN,B2,Cr,N,1.0,1.0,2.521433,-12.17142959,0.6788037599999991
mp-815,GaNi3,L1$_2$,Ga,Ni,1.0,3.0,3.53653239,-12.1259486825,0.0
mp-6907,SrSi,B2,Sr,Si,1.0,1.0,3.803385999999999,-12.1138120675,0.3727478825
mp-998903,TiN,B2,Ti,N,1.0,1.0,2.639304,-12.08565028,0.8902708449999991
mp-1941,GaNi,B2,Ga,Ni,1.0,1.0,2.87758102,-12.067911885000001,0.042973296904762
mp-556853,MnS,B2,Mn,S,1.0,1.0,3.09904,-12.0646416,0.434403084999999
mp-2426,LiAg,B2,Li,Ag,1.0,1.0,3.12274033,-12.05174388,0.0
mp-11364,TiCu,B2,Ti,Cu,1.0,1.0,3.077148,-11.948117137499999,0.08266960000000001
mp-932,ScGa3,L1$_2$,Sc,Ga,1.0,3.0,4.08175681,-11.9457371675,0.0
mp-1187579,TmMg3,L1$_2$,Tm,Mg,1.0,3.0,4.60812822,-11.939458185,0.015500002321431
mp-1187454,Ti3C,L1$_2$,Ti,C,3.0,1.0,3.707030999999999,-11.878833838541667,0.8560120947916651
mp-11555,PuRu,B2,Pu,Ru,1.0,1.0,3.271976,-11.859752755,0.146414755625006
mp-11503,MnZn,B2,Mn,Zn,1.0,1.0,2.9991689999999993,-11.791911957816094,0.08320094235632
mp-1184008,Cu3As,L1$_2$,Cu,As,3.0,1.0,3.70290901,-11.766527555,0.045452191875000006
mp-1018101,AlCo3,L1$_2$,Al,Co,1.0,3.0,3.574948,-11.764123859999998,0.122802135
mp-20262,Pu3Pb,L1$_2$,Pu,Pb,3.0,1.0,4.7941340199999996,-11.7511212725,0.24809496000000802
mp-980941,Ti3N,L1$_2$,Ti,N,3.0,1.0,3.696906,-11.731911040416666,1.344308334166667
mp-556242,YF3,L1$_2$,Y,F,3.0,9.0,5.385343,-11.691483701666668,0.200471525208332
mp-828,SiNi3,L1$_2$,Si,Ni,1.0,3.0,3.46374006,-11.6134307,0.0
mp-1184401,Gd3Ga,L1$_2$,Gd,Ga,3.0,1.0,4.75902099,-11.5926401975,0.039677283749998
mp-1009128,MnN,B2,Mn,N,1.0,1.0,2.530699,-11.5096909828125,0.722964274999998
mp-1186084,Na3Yb,L1$_2$,Na,Yb,3.0,1.0,5.14034660338932,-11.3851909525,0.42028917124999904
mp-1169,ScCu,B2,Sc,Cu,1.0,1.0,3.24086813,-11.379209585,0.0
mp-554201,MoF3,L1$_2$,Mo,F,1.0,3.0,4.1039944,-11.359237805,0.050942731250000005
mp-1795,NbF3,L1$_2$,Nb,F,1.0,3.0,4.195028,-11.335724204749999,0.167110309666666
mp-16728,ScP,B2,Sc,P,1.0,1.0,3.279281,-11.308078685,0.558456684999999
mp-22746,CoSi,B2,Co,Si,1.0,1.0,2.7813339999999993,-11.29580959375,0.20111362124999901
mp-975611,Ge3B,L1$_2$,Ge,B,3.0,1.0,4.015178,-11.232061105416665,1.008510628958333
mp-984518,Ga3Cu,L1$_2$,Ga,Cu,3.0,1.0,4.035333,-11.231635624374999,0.122285098125001
mp-1186813,Pu3Br,L1$_2$,Pu,Br,3.0,1.0,4.780597,-11.190566002499999,0.889433589166676
mp-1184423,Gd3I,L1$_2$,Gd,I,3.0,1.0,5.05846692,-11.130423602499999,0.0
mp-2593,AlNi3,L1$_2$,Al,Ni,1.0,3.0,3.5229346,-11.09573223,0.0
mp-1183131,Al3Sn,L1$_2$,Al,Sn,3.0,1.0,4.271209,-11.07726582625,0.158353866249999
mp-1185543,CsK3,L1$_2$,Cs,K,1.0,3.0,7.03429394,-10.772417835,0.018393367187499
mp-1184212,Ga3P,L1$_2$,Ga,P,3.0,1.0,4.235357,-10.729738416250001,0.35732069124999905
mp-971720,ZnGa3,L1$_2$,Zn,Ga,1.0,3.0,4.07086226,-10.6861042275,0.12362838625000001
mp-1183452,Ca3Ag,L1$_2$,Ca,Ag,3.0,1.0,5.082384,-10.654910582083332,0.134582932916668
mp-1187219,Ta3Pt,L1$_2$,Ta,Pt,3.0,1.0,4.10272004,-10.643932675000002,0.052959845416662
mp-1183973,Ga3Si,L1$_2$,Ga,Si,3.0,1.0,4.132619,-10.552980836874998,0.22254227437500101
mp-284,AlCo,B2,Al,Co,1.0,1.0,2.81940321,-10.53962086,0.0
mp-11504,MnZn3,L1$_2$,Mn,Zn,1.0,3.0,3.80888421,-10.4710020125,0.0
mp-978498,Sc3Al,L1$_2$,Sc,Al,3.0,1.0,4.43330466,-10.46850362,0.052203802499999
mp-1009748,ScC,B2,Sc,C,1.0,1.0,2.879077,-10.415944488357143,0.8398146103571431
mp-1187923,Zn3Cr,L1$_2$,Zn,Cr,3.0,1.0,3.777758,-10.35389023875,0.09739731250000001
mp-1183130,Al3Ag,L1$_2$,Al,Ag,3.0,1.0,4.081513,-10.340943023625002,0.071258186874999
mp-1008985,CoN,B2,Co,N,1.0,1.0,2.521312,-10.309096405625,0.8723944950000001
mp-1002122,HfIr,B2,Hf,Ir,1.0,1.0,3.26211488,-10.30337068,0.042428189999998006
mp-11578,VZn3,L1$_2$,V,Zn,1.0,3.0,3.78548049,-10.279198585,0.0
mp-1183514,Ca3Y,L1$_2$,Ca,Y,3.0,1.0,5.412807,-10.225887856666665,0.131232658333333
mp-1933,Cu3N,L1$_2$,Cu,N,3.0,1.0,3.814706,-10.225204251562499,0.19208041625000002
mp-975606,InN3,L1$_2$,In,N,1.0,3.0,3.52033,-10.158951625624997,2.391109306250001
mp-375,UO3,L1$_2$,U,O,1.0,3.0,4.13541623,-10.14600257,0.0
mp-1061123,TiAl,B2,Ti,Al,1.0,1.0,3.179064,-10.14098878,0.140896305
mp-1044,UIr3,L1$_2$,U,Ir,1.0,3.0,4.03418669,-10.112259965,0.0
mp-1064508,K3Pd,L1$_2$,K,Pd,3.0,1.0,5.445013,-10.0510974319375,0.20271392275000003
mp-1487,AlNi,B2,Al,Ni,1.0,1.0,2.85971129,-10.041808895,0.0
mp-1008555,AlCu3,L1$_2$,Al,Cu,1.0,3.0,3.63737667,-10.011573595,0.008516517500000001
mp-981215,Zn3Co,L1$_2$,Zn,Co,3.0,1.0,3.685855349999999,-9.985740125,0.055600454659092004
mp-20438,PuTe,B2,Pu,Te,1.0,1.0,3.804364,-9.966323055,0.07750081
mp-1183140,Al3Cd,L1$_2$,Al,Cd,3.0,1.0,4.201756,-9.9384954325,0.1368252375
mp-2126,HfIr3,L1$_2$,Hf,Ir,1.0,3.0,3.9430579900000002,-9.935187857500004,0.0
mp-981384,ScOs3,L1$_2$,Sc,Os,1.0,3.0,3.957284,-9.9046095325,0.384095409375
mp-21263,PuSb,B2,Pu,Sb,1.0,1.0,3.79083024,-9.87077619,0.065012969749995
mp-1184848,K3Mo,L1$_2$,K,Mo,3.0,1.0,5.88375,-9.849854386937501,1.181838425249999
mp-2311,NbO,B2,Nb,O,3.0,3.0,4.24984649,-9.812293953333333,0.0
mp-1339,NbIr3,L1$_2$,Nb,Ir,1.0,3.0,3.91340971,-9.764000576249998,0.0022512100000040003
mp-976592,K3Ag,L1$_2$,K,Ag,3.0,1.0,5.7777519999999996,-9.737565706250003,0.11510153218749801
mp-1064282,InC3,L1$_2$,In,C,1.0,3.0,3.535141,-9.717186240625,3.387887746875
mp-983230,Ga3B,L1$_2$,Ga,B,3.0,1.0,3.959949,-9.684572314791666,0.734098197083334
mp-2564,SrMg,B2,Sr,Mg,1.0,1.0,4.19031811,-9.67834467,0.046758607500001007
mp-1009826,TaCo,B2,Ta,Co,1.0,1.0,3.068399,-9.601979595,0.13513613766666402
mp-1009483,NiN,B2,Ni,N,1.0,1.0,2.537711,-9.585061383958333,0.9701725316666661
mp-1187700,UMn3,L1$_2$,U,Mn,1.0,3.0,3.815748,-9.562935055,0.165977453017239
mp-331,ScAl,B2,Sc,Al,1.0,1.0,3.37034897,-9.531470604999999,0.0
mp-1184225,Fe3W,L1$_2$,Fe,W,3.0,1.0,3.63356155,-9.526512780000001,0.082987429374998
mp-982780,K3Cd,L1$_2$,K,Cd,3.0,1.0,5.952904,-9.518242686972657,0.056210382734375
mp-1678,PuRh3,L1$_2$,Pu,Rh,1.0,3.0,4.02138207,-9.503804684999999,0.0
mp-2630414,TaO3,L1$_2$,Ta,O,4.0,12.0,6.859517664309356,-9.459650195,0.146295184374999
mp-863257,LiGa3,L1$_2$,Li,Ga,1.0,3.0,4.071548,-9.424266587000002,0.008717875749999
mp-10694,ScF3,L1$_2$,Sc,F,1.0,3.0,4.03934176637926,-9.4117584,0.00025103375000000005
mp-999440,Nb3Fe,L1$_2$,Nb,Fe,3.0,1.0,4.043299,-9.40601833,0.34156711153846103
mp-1183968,Cu3Cl,L1$_2$,Cu,Cl,3.0,1.0,3.849421,-9.4052264675,0.5192399549999991
mp-13035,MoN,B2,Mo,N,1.0,1.0,2.704546,-9.399516705,0.7386676412500001
mp-976872,NaNi3,L1$_2$,Na,Ni,1.0,3.0,3.70323,-9.36088844913793,0.516444563362069
mp-1089,TiIr3,L1$_2$,Ti,Ir,1.0,3.0,3.8576817,-9.335620634999998,0.0
mp-1185108,K3Zr,L1$_2$,K,Zr,3.0,1.0,5.945283,-9.2194222756875,0.9817236527500001
mp-755300,TiO,B2,Ti,O,3.0,3.0,4.086668,-9.217106176666666,0.112576613333333
mp-12594,TiIr,B2,Ti,Ir,1.0,1.0,3.121636999999999,-9.139234785,0.08534831500000001
mp-19390,WO3,L1$_2$,W,O,1.0,3.0,3.80620475,-9.1336724825,0.007691435312500001
mp-1008285,Cr3Fe,L1$_2$,Cr,Fe,3.0,1.0,3.57268,-9.097880265,0.25941064
mp-20272,GdPt3,L1$_2$,Gd,Pt,1.0,3.0,4.12397917,-9.015091812500003,0.0
mp-1022721,AlCu,B2,Al,Cu,1.0,1.0,2.997509,-8.957870017,0.074061238
mp-190,ReO3,L1$_2$,Re,O,4.0,12.0,6.521440970807694,-8.95748831,0.0
mp-571322,Nb3Ge,L1$_2$,Nb,Ge,3.0,1.0,4.115285,-8.91717354,0.134547662916666
mp-999437,Nb3Ni,L1$_2$,Nb,Ni,3.0,1.0,4.045726,-8.912810865,0.21988438374999902
mp-1335,VFe,B2,V,Fe,1.0,1.0,2.93950639,-8.90397548,0.022709966875002003
mp-2523,PuPt3,L1$_2$,Pu,Pt,1.0,3.0,4.10158149,-8.8359615525,0.0
mp-12593,ScIr3,L1$_2$,Sc,Ir,1.0,3.0,3.9276704000000002,-8.833036270000001,0.0
mp-1830,NpTe,B2,Np,Te,1.0,1.0,3.778627,-8.806698805,0.074264352656255
mp-1187918,Zn3P,L1$_2$,Zn,P,3.0,1.0,3.975518,-8.796237004999998,0.29762580531250105
mp-10596,FeIr3,L1$_2$,Fe,Ir,1.0,3.0,3.81796123,-8.789382775,0.030032292499996
mp-1008554,Al3V,L1$_2$,Al,V,3.0,1.0,3.905351999999999,-8.77677005,0.13859146500000102
mp-1067129,VC3,L1$_2$,V,C,1.0,3.0,3.140295,-8.770627617118055,2.50339239746528
mp-1008923,CuN,B2,Cu,N,1.0,1.0,2.606986,-8.767279683125,1.2204936525
mp-973908,PaFe3,L1$_2$,Pa,Fe,1.0,3.0,3.871023857724161,-8.7414261875,0.031237945000000003
mp-1185312,LiCu3,L1$_2$,Li,Cu,1.0,3.0,3.59246704,-8.7368839975,0.0061642299999990005
mp-1185666,NaCu3,L1$_2$,Na,Cu,1.0,3.0,3.825892,-8.700075734137931,0.326066408362068
mp-998981,TiAl3,L1$_2$,Ti,Al,1.0,3.0,3.95567125,-8.6943452175,0.023057415
mp-1183129,Al3As,L1$_2$,Al,As,3.0,1.0,4.125775,-8.6758293575,0.36364852500000006
mp-1129,ScIr,B2,Sc,Ir,1.0,1.0,3.21838608,-8.643917585,0.0
mp-1009264,NbCo,B2,Nb,Co,1.0,1.0,3.08203,-8.642405925,0.13343272516666702
mp-972087,ZrH3,L1$_2$,Zr,H,1.0,3.0,3.126038,-8.6411176740625,0.11531295874999901
mp-305,TiFe,B2,Ti,Fe,1.0,1.0,2.93868071,-8.603586765,0.0
mp-973004,ScRu3,L1$_2$,Sc,Ru,1.0,3.0,3.938437,-8.58645528,0.245008752499998
mp-636331,V3Pt,L1$_2$,V,Pt,3.0,1.0,3.834831,-8.567275645,0.190552337499999
mp-1188027,Zr3Mn,L1$_2$,Zr,Mn,3.0,1.0,4.37322,-8.5618243,0.20973570875000103
mp-11358,TaCo3,L1$_2$,Ta,Co,1.0,3.0,3.62273736,-8.556960571666666,0.0
mp-2449,NbRh3,L1$_2$,Nb,Rh,1.0,3.0,3.87893151,-8.548006143750001,0.008915387500001001
mp-30746,YIr,B2,Y,Ir,1.0,1.0,3.41633399,-8.472773085,0.0
mp-12981,ScN,B2,Sc,N,1.0,1.0,2.791458,-8.395058670000001,1.032668319999999
mp-1187866,YRu3,L1$_2$,Y,Ru,1.0,3.0,4.054049,-8.366452435,0.44178369124999806
mp-11563,TiRh,B2,Ti,Rh,1.0,1.0,3.115202,-8.35115537,0.020116699999999002
mp-30867,ScRu,B2,Sc,Ru,1.0,1.0,3.1985335,-8.346511335,0.0
mp-1186913,RbNp3,L1$_2$,Rb,Np,1.0,3.0,4.986378,-8.327215165,1.628753114062497
mp-30785,Mn3Pt,L1$_2$,Mn,Pt,3.0,1.0,3.889221,-8.3252732325,0.23712236603448203
mp-971761,ZnSi3,L1$_2$,Zn,Si,1.0,3.0,3.930171,-8.286300715,0.5216733824999991
mp-2417,DyIr3,L1$_2$,Dy,Ir,1.0,3.0,4.057736,-8.21753961,0.184225253749998
mp-1187906,Zn3N,L1$_2$,Zn,N,3.0,1.0,3.6564291,-8.1958695775,0.796096795937499
mp-23289,KCl,B2,K,Cl,1.0,1.0,3.839196,-8.182968344999999,0.07764382
mp-1009133,MnCo,B2,Mn,Co,1.0,1.0,2.8536,-8.161024025,0.0
mp-971857,Zn3C,L1$_2$,Zn,C,3.0,1.0,3.707,-8.129472000625,1.040288750624999
mp-1183379,BaEu3,L1$_2$,Ba,Eu,1.0,3.0,5.929055,-8.11723894,0.078588731249995
mp-1152,TiRh3,L1$_2$,Ti,Rh,1.0,3.0,3.825970309999999,-8.1150613775,0.0
mp-1184275,Eu3Mg,L1$_2$,Eu,Mg,3.0,1.0,5.29913888,-8.102781745000001,0.05312932531249501
mp-20139,Mn3Ge,L1$_2$,Mn,Ge,3.0,1.0,3.651498,-8.06660867,0.035770389999999
mp-21085,PuPd3,L1$_2$,Pu,Pd,1.0,3.0,4.13336366,-8.052654490000002,0.0
mp-1183401,BeCr3,L1$_2$,Be,Cr,1.0,3.0,3.511214,-8.0479993325,0.20930763968750202
mp-973652,LuRu3,L1$_2$,Lu,Ru,1.0,3.0,4.011856,-8.0313908175,0.35643667249999905
mp-1018021,NbCo3,L1$_2$,Nb,Co,1.0,3.0,3.6148721200000002,-7.9987283537500025,0.017165442499997
mp-1187581,TmRu3,L1$_2$,Tm,Ru,1.0,3.0,4.016503,-7.9828129725,0.37711964000000003
mp-1184213,ErRu3,L1$_2$,Er,Ru,1.0,3.0,4.030258,-7.9788057575,0.39086870249999806
mp-1918,FeRh,B2,Fe,Rh,1.0,1.0,2.99209254,-7.961014355,0.0
mp-1649,Fe3Pt,L1$_2$,Fe,Pt,3.0,1.0,3.750854,-7.943218065,0.04307911750000001
mp-1183778,DyRu3,L1$_2$,Dy,Ru,1.0,3.0,4.047296,-7.9373874075,0.41498649937500104
mp-999469,ZnN,B2,Zn,N,1.0,1.0,2.67519972,-7.920737365,1.134708275624999
mp-1187366,TbRu3,L1$_2$,Tb,Ru,1.0,3.0,4.057556,-7.91704382,0.427226846874997
mp-971853,Zn3B,L1$_2$,Zn,B,3.0,1.0,3.700246,-7.899182635416665,0.620357867708333
mp-8039,AlF3,L1$_2$,Al,F,1.0,3.0,3.58945264,-7.883955955,0.009358996249999
mp-1780,ScRh,B2,Sc,Rh,1.0,1.0,3.2169060800000002,-7.879599589999998,0.0
mp-983594,Al3Ga,L1$_2$,Al,Ga,3.0,1.0,4.00279187,-7.8663235575,0.0434441775
mp-2090,FeCo,B2,Fe,Co,1.0,1.0,2.8390261,-7.85709309,0.0
mp-1009019,FeN,B2,Fe,N,1.0,1.0,2.564582,-7.85150594,0.8663889649999991
mp-1188005,Zr3S,L1$_2$,Zr,S,3.0,1.0,4.271621,-7.78378369,0.615779533374999
mp-191,YRh,B2,Y,Rh,1.0,1.0,3.41784978,-7.767392945000001,0.0
mp-999189,Fe3Ni,L1$_2$,Fe,Ni,3.0,1.0,3.584632,-7.7535256625,0.077636092499999
mp-1185494,LuMn3,L1$_2$,Lu,Mn,1.0,3.0,4.047275,-7.7340839,0.30764723387681003
mp-1185899,MgNb3,L1$_2$,Mg,Nb,1.0,3.0,4.201919,-7.71920332,0.26439296374999904
mp-635,ScRh3,L1$_2$,Sc,Rh,1.0,3.0,3.90356547,-7.7131895625,0.0
mp-1529,LuIr,B2,Lu,Ir,1.0,1.0,3.32846077,-7.691750630000001,0.0
mp-1186947,RbEu3,L1$_2$,Rb,Eu,1.0,3.0,6.01431,-7.6907588925,0.270458561874995
mp-20344,Fe3Ge,L1$_2$,Fe,Ge,3.0,1.0,3.66064424,-7.6649592625,0.0
mp-1057125,KS,B2,K,S,1.0,1.0,3.837513,-7.655756154166667,0.46987454249999905
mp-2713,ErIr,B2,Er,Ir,1.0,1.0,3.37193092,-7.624660150000004,0.0
mp-11483,TmIr,B2,Tm,Ir,1.0,1.0,3.35657798,-7.615096440000002,0.0
mp-1184874,K3Cr,L1$_2$,K,Cr,3.0,1.0,5.918217,-7.6048089994375,0.6772245502500011
mp-11476,HoIr,B2,Ho,Ir,1.0,1.0,3.38994333,-7.596864805000003,0.0
mp-30635,Fe3Pd,L1$_2$,Fe,Pd,3.0,1.0,3.7310600000000003,-7.580099075,0.103471063333334
mp-1185187,Li3Mo,L1$_2$,Li,Mo,3.0,1.0,4.015207,-7.559648915,0.7483757549999991
mp-999543,MnCo3,L1$_2$,Mn,Co,1.0,3.0,3.5480583,-7.53757921,0.1096411625
mp-1186092,Na3Zr,L1$_2$,Na,Zr,3.0,1.0,4.87917182,-7.5349909625,0.8255924412499981
mp-1184901,K3Mn,L1$_2$,K,Mn,3.0,1.0,5.735421,-7.524590900299569,0.6599407207672411
mp-1183162,AlFe3,L1$_2$,Al,Fe,1.0,3.0,3.63929352,-7.48780304,0.0
mp-1238821,Si3B,L1$_2$,Si,B,3.0,1.0,3.647779,-7.458023136354166,0.9736054995833331
mp-1021666,AlSi,B2,Al,Si,1.0,1.0,3.151888,-7.4497236025,0.303207859999999
mp-981209,Ti3Ni,L1$_2$,Ti,Ni,3.0,1.0,3.935175,-7.44561432,0.129035317291666
mp-1007852,FeCo3,L1$_2$,Fe,Co,1.0,3.0,3.5347374,-7.4386297725,0.056625132499999
mp-892,ScPt,B2,Sc,Pt,1.0,1.0,3.28943285,-7.429184150000001,0.0
mp-580287,Zr3Cu,L1$_2$,Zr,Cu,3.0,1.0,4.311517,-7.402646435,0.13352230250000002
mp-11495,LuRu,B2,Lu,Ru,1.0,1.0,3.305988,-7.366505535000002,0.0
mp-1902,MnPd,B2,Mn,Pd,1.0,1.0,3.11012508,-7.363546660000001,0.009346633413791001
mp-1429856,CrO3,L1$_2$,Cr,O,1.0,3.0,3.666722,-7.2793661125,0.40224307075000004
mp-998896,YC,B2,Y,C,1.0,1.0,3.110447,-7.27484979,0.8888981075000001
mp-22461,Fe3Sn,L1$_2$,Fe,Sn,3.0,1.0,3.818521,-7.2703595375,0.08591179999999801
mp-639675,EuCu,B2,Eu,Cu,1.0,1.0,3.626901,-7.25809181,0.071704861250001
mp-19870,GaFe3,L1$_2$,Ga,Fe,1.0,3.0,3.638018439999999,-7.244857535,0.0
mp-983585,Al3Zn,L1$_2$,Al,Zn,3.0,1.0,3.96877183,-7.2404259075,0.036298491249999
mp-1187567,TmRh3,L1$_2$,Tm,Rh,1.0,3.0,3.982475619999999,-7.2051085425,0.010743958750000001
mp-571,TiNi,B2,Ti,Ni,1.0,1.0,2.98806613,-7.185175,0.04849437499999901
mp-481,ScPt3,L1$_2$,Sc,Pt,1.0,3.0,3.98423648,-7.176433737499998,0.0
mp-1186922,RbU3,L1$_2$,Rb,U,1.0,3.0,4.566845,-7.12866934,1.585021685625005
mp-1065783,LaRh3,L1$_2$,La,Rh,1.0,3.0,4.150607,-7.1061940275,0.17688199875000002
mp-1064861,GaC3,L1$_2$,Ga,C,1.0,3.0,3.318948,-7.09751444,3.223605939999999
mp-246,TiF3,L1$_2$,Ti,F,2.0,6.0,5.527406044042365,-7.078806645,0.0
mp-1184256,Fe3Se,L1$_2$,Fe,Se,3.0,1.0,3.589608,-7.04252314,0.43793001750000005
mp-2381,ErRh,B2,Er,Rh,1.0,1.0,3.36737698,-6.912765504999999,0.0
mp-11564,TmRh,B2,Tm,Rh,1.0,1.0,3.35282323,-6.900931629999999,0.0
mp-2163,HoRh,B2,Ho,Rh,1.0,1.0,3.38649613,-6.888482155000002,0.0
mp-1184878,K3Cu,L1$_2$,K,Cu,3.0,1.0,5.813225,-6.8864701994375,0.338926752749999
mp-232,DyRh,B2,Dy,Rh,1.0,1.0,3.40276612,-6.869968145000001,0.0
mp-11561,TbRh,B2,Tb,Rh,1.0,1.0,3.42011509,-6.851929039999998,0.0
mp-1094768,MgZr3,L1$_2$,Mg,Zr,1.0,3.0,4.48063888,-6.799126430000001,0.019266546249998
mp-1021489,IrO3,L1$_2$,Ir,O,1.0,3.0,3.790923,-6.788519065,0.11425780124999901
mp-436,SmRh,B2,Sm,Rh,1.0,1.0,3.48117514,-6.769744284999998,0.0
mp-22851,NaCl,B2,Na,Cl,1.0,1.0,3.50219,-6.742322065,0.15438884
mp-1187665,Ti3In,L1$_2$,Ti,In,3.0,1.0,4.15623723,-6.72171636375,0.014760678749999001
mp-1184230,Fe3Ag,L1$_2$,Fe,Ag,3.0,1.0,3.776008,-6.7186275275,0.344622799583334
mp-1188012,Zr3I,L1$_2$,Zr,I,3.0,1.0,4.483789,-6.71119143,0.510094572499999
mp-12067,MnAl,B2,Mn,Al,1.0,1.0,2.947898,-6.6783853650000005,0.047695940000000006
mp-30845,SmPt3,L1$_2$,Sm,Pt,1.0,3.0,4.14650321,-6.6283293125,0.0
mp-1184984,KCa3,L1$_2$,K,Ca,1.0,3.0,5.753388,-6.6114478923124995,0.17183836675000003
mp-1185031,K3Zn,L1$_2$,K,Zn,3.0,1.0,5.848737,-6.599303202528847,0.167733026076922
mp-569120,NdPt3,L1$_2$,Nd,Pt,1.0,3.0,4.17857329,-6.593731339999998,0.017379455000005
mp-11521,ScNi,B2,Sc,Ni,1.0,1.0,3.15251587,-6.56347999,0.0
mp-12598,PrPt3,L1$_2$,Pr,Pt,1.0,3.0,4.19792775,-6.555701919999997,0.051970317500003006
mp-974457,Ru3I,L1$_2$,Ru,I,3.0,1.0,3.9799729999999993,-6.5413938875,0.795411171249999
mp-1185925,Mn3I,L1$_2$,Mn,I,3.0,1.0,3.917176999999999,-6.5403529,0.977054603793102
mp-979039,Th3Au,L1$_2$,Th,Au,3.0,1.0,4.858137,-6.5094801825,0.184807282500002
mp-1008650,CeSe,B2,Ce,Se,1.0,1.0,3.647622,-6.50890519,0.25640338499999804
mp-1065540,AlC3,L1$_2$,Al,C,1.0,3.0,3.207929,-6.498342657343749,2.74934548078125
mp-2658,AlFe,B2,Al,Fe,1.0,1.0,2.845506,-6.434685535,0.0
mp-2210,ZrCu,B2,Zr,Cu,1.0,1.0,3.25266425,-6.431159109999999,0.042234784230771004
mp-1058159,NaS,B2,Na,S,1.0,1.0,3.400517,-6.42812378875,0.375255721249999
mp-922,CoPt3,L1$_2$,Co,Pt,1.0,3.0,3.87389884,-6.384230594999998,0.0
mp-866186,Ti3Zn,L1$_2$,Ti,Zn,3.0,1.0,4.00375191,-6.3436128725,0.010461699166667001
mp-1094857,Ca3Mg,L1$_2$,Ca,Mg,3.0,1.0,5.28881343,-6.3216499125,0.043458146249999004
mp-1186985,ScNi3,L1$_2$,Sc,Ni,1.0,3.0,3.6748866,-6.31645434,0.023939822083333003
mp-1183679,CrH3,L1$_2$,Cr,H,1.0,3.0,2.763687,-6.2363149246875,0.12335497375000001
mp-979009,Th3Be,L1$_2$,Th,Be,3.0,1.0,4.780996,-6.203816615,0.333710156250003
mp-30468,ThBi,B2,Th,Bi,1.0,1.0,3.94359219,-6.185876649999997,0.012411177045458001
mp-1185971,MgTi3,L1$_2$,Mg,Ti,1.0,3.0,4.159066,-6.1666286075,0.16260790875
mp-11276,BeRh,B2,Be,Rh,1.0,1.0,2.7678883,-6.15967629,0.0
mp-1184279,Fe3F,L1$_2$,Fe,F,3.0,1.0,3.846462,-6.143735575,1.658708930625
mp-1186117,NiPt3,L1$_2$,Ni,Pt,1.0,3.0,3.85503762,-6.061809969999999,0.0
mp-1261,EuZn,B2,Eu,Zn,1.0,1.0,3.74119892,-6.031621740000002,0.0
mp-21253,EuMg,B2,Eu,Mg,1.0,1.0,4.04133276,-6.007609495,0.016100730624998002
mp-1008752,CeTe,B2,Ce,Te,1.0,1.0,3.860939,-5.993650725,0.11834282000000002
mp-1009819,SrO,B2,Sr,O,1.0,1.0,3.141704,-5.980439205,0.415378869999999
mp-20120,FeSe,B2,Fe,Se,1.0,1.0,3.044002,-5.9685081150000014,0.52237699
mp-11279,TiBe,B2,Ti,Be,1.0,1.0,2.92926249,-5.95775061,0.005038837916666
mp-20336,USn3,L1$_2$,U,Sn,1.0,3.0,4.67700367,-5.9550013974999985,0.0
mp-978964,Th3Mg,L1$_2$,Th,Mg,3.0,1.0,4.964193,-5.8940800525,0.07393113875000301
mp-2444,GaRh,B2,Ga,Rh,1.0,1.0,3.00618637,-5.8761615,0.0
mp-1184840,K3Al,L1$_2$,K,Al,3.0,1.0,5.771874,-5.8732845569375005,0.32343797775000005
mp-2333,NdPd3,L1$_2$,Nd,Pd,1.0,3.0,4.16979582,-5.867924275,0.0
mp-20735,Ce3Sn,L1$_2$,Ce,Sn,3.0,1.0,4.8708696400000004,-5.865303785000002,0.0
mp-1187766,Y3Ga,L1$_2$,Y,Ga,3.0,1.0,4.757077,-5.844897545,0.13656084515625
mp-1571,PrPd3,L1$_2$,Pr,Pd,1.0,3.0,4.18866769,-5.842111450000001,0.0
mp-1185851,MgC,B2,Mg,C,1.0,1.0,2.803969,-5.82207298625,1.23619640125
mp-1094705,YSn,B2,Y,Sn,1.0,1.0,3.800305,-5.81707234,0.174314738749989
mp-1186098,NaAl3,L1$_2$,Na,Al,1.0,3.0,4.219656,-5.773643416637932,0.166475473362068
mp-11407,GaPt3,L1$_2$,Ga,Pt,1.0,3.0,3.90987758,-5.740109393750004,0.014427044999997002
mp-10890,LiAl3,L1$_2$,Li,Al,1.0,3.0,3.995837,-5.73904017,0.010949575000000001
mp-2773,BeCo,B2,Be,Co,1.0,1.0,2.57175331,-5.72974061,0.0
mp-1009008,LaTe,B2,La,Te,1.0,1.0,3.936092,-5.714930895,0.12929045
mp-20309,EuPb3,L1$_2$,Eu,Pb,1.0,3.0,4.93743785,-5.708792795000001,0.0
mp-20821,NpGa3,L1$_2$,Np,Ga,1.0,3.0,4.24020101,-5.703476890000001,0.0
mp-1039148,CaMg,B2,Ca,Mg,1.0,1.0,3.9675728118296862,-5.676345275,0.015577142499999001
mp-977552,Be3Tc,L1$_2$,Be,Tc,3.0,1.0,3.37065478,-5.6612924475,0.0
mp-1009009,LiF,B2,Li,F,1.0,1.0,2.559533,-5.657770424999999,0.28754206000000004
mp-570018,Ce3Pb,L1$_2$,Ce,Pb,3.0,1.0,4.93413771,-5.6568939275,0.0
mp-1009127,MgO,B2,Mg,O,1.0,1.0,2.66137,-5.579086774999999,0.7484379050000001
mp-1094990,HfMg,B2,Hf,Mg,1.0,1.0,3.487394,-5.561975705,0.23185381750000103
mp-30777,MgPt3,L1$_2$,Mg,Pt,1.0,3.0,3.93036214,-5.531244832499993,0.0
mp-11522,Ni3Sn,L1$_2$,Ni,Sn,3.0,1.0,3.68955423,-5.523359006249999,0.0
mp-984717,BeNi3,L1$_2$,Be,Ni,1.0,3.0,3.418936,-5.43118532,0.0729110325
mp-1184849,K3Mg,L1$_2$,K,Mg,3.0,1.0,6.025418,-5.4045529606875,0.151470887749999
mp-1184844,K3Na,L1$_2$,K,Na,3.0,1.0,6.36932314,-5.3816272825,0.0231158121875
mp-1014214,C3N,L1$_2$,C,N,3.0,1.0,3.318288,-5.375714412187503,4.366899648124998
mp-973292,MnBe3,L1$_2$,Mn,Be,1.0,3.0,3.251743840000326,-5.2739536825,0.010523769750001001
mp-1008924,DySb,B2,Dy,Sb,1.0,1.0,3.803518,-5.246356315,0.34189453500000105
mp-1033,BeNi,B2,Be,Ni,1.0,1.0,2.58699959,-5.228056025,0.0
mp-1094769,Y3Mg,L1$_2$,Y,Mg,3.0,1.0,4.945907,-5.2253394775,0.1012853925
mp-984727,Ce3Br,L1$_2$,Ce,Br,3.0,1.0,4.574962,-5.216552742499999,0.41316679175000104
mp-30856,ZnPt3,L1$_2$,Zn,Pt,1.0,3.0,3.89855079,-5.180805767499997,0.0
mp-1100773,Y3Cd,L1$_2$,Y,Cd,3.0,1.0,4.879126999999999,-5.1768182025,0.1029379675
mp-976010,Li3Cr,L1$_2$,Li,Cr,3.0,1.0,4.177707,-5.169529955,0.3888354525
mp-983590,Be3Fe,L1$_2$,Be,Fe,3.0,1.0,3.239004850000161,-5.1310522125,0.0
mp-1120722,CuO,B2,Cu,O,3.0,3.0,3.941219,-5.130990713333333,0.33538806666666604
mp-1187471,ThBi3,L1$_2$,Th,Bi,1.0,3.0,4.95683732,-5.1065208375,0.055899622500005006
mp-1186068,Na3Sc,L1$_2$,Na,Sc,3.0,1.0,5.035893,-5.095979519913794,0.426777746336206
mp-1186007,Na3Ti,L1$_2$,Na,Ti,3.0,1.0,4.904536,-5.09003843408046,0.8175362467528721
mp-985588,FeCl,B2,Fe,Cl,1.0,1.0,3.10224,-5.086729525,0.9332690824999991
mp-11571,YSn3,L1$_2$,Y,Sn,1.0,3.0,4.70032975,-5.057615600000002,0.023755627499997004
mp-1064161,NaN3,L1$_2$,Na,N,1.0,3.0,3.299653,-5.053990945,2.8505795225
mp-11274,BePd,B2,Be,Pd,1.0,1.0,2.81163727,-5.052358160000001,0.0
mp-973060,MgCr,B2,Mg,Cr,1.0,1.0,3.325887,-5.051292515,0.5904662275
mp-603251,PdO,B2,Pd,O,1.0,1.0,2.815522999999999,-5.034627015,0.8191207975000001
mp-571188,Pr3Sn,L1$_2$,Pr,Sn,3.0,1.0,4.98284356,-5.026782072499998,0.019893789861113002
mp-867883,La3Pb,L1$_2$,La,Pb,3.0,1.0,5.07333124,-5.006014855,0.0
mp-1184378,EuIn3,L1$_2$,Eu,In,1.0,3.0,4.71854899,-5.001845294999999,0.0
mp-1184845,K3Li,L1$_2$,K,Li,3.0,1.0,6.185197,-4.9927795111041675,0.117595044416666
mp-1094743,MgZr,B2,Mg,Zr,1.0,1.0,3.5266200000000003,-4.986195795,0.10288952749999901
mp-866022,CdPt3,L1$_2$,Cd,Pt,1.0,3.0,4.01072757,-4.955322577499999,0.007683415000002001
mp-1172,MgRh,B2,Mg,Rh,1.0,1.0,3.08685098,-4.947163380000001,0.0
mp-1058151,NCl,B2,N,Cl,1.0,1.0,2.905411,-4.923664436874999,2.716930347500001
mp-1187303,Tb3Se,L1$_2$,Tb,Se,3.0,1.0,4.692315,-4.8433722,0.507661449166668
mp-1186094,Na3Zn,L1$_2$,Na,Zn,3.0,1.0,4.861701,-4.830685386903182,0.091905777808356
mp-1063661,MgNi3,L1$_2$,Mg,Ni,1.0,3.0,3.642681999999999,-4.8069923875,0.09358975781250001
mp-10680,BaSe,B2,Ba,Se,1.0,1.0,4.014544,-4.789942905,0.201262084999999
mp-1180619,Li2O2,B2,Li,O,1.0,1.0,2.538121,-4.7895803,0.289031872499999
mp-11258,TbAu,B2,Tb,Au,1.0,1.0,3.58866274,-4.788697639999995,0.040324892500002006
mp-11240,DyAu,B2,Dy,Au,1.0,1.0,3.571132689999999,-4.784549275000003,0.039400229999998
mp-11257,SmAu,B2,Sm,Au,1.0,1.0,3.64936756,-4.779612977500001,0.051700844999999
mp-11254,NdAu,B2,Nd,Au,1.0,1.0,3.69478209,-4.775545467499995,0.05635148500000001
mp-1014230,TiZn,B2,Ti,Zn,1.0,1.0,3.12374757,-4.77054914,0.0
mp-7753,MgPd3,L1$_2$,Mg,Pd,1.0,3.0,3.93603295,-4.769774883749992,0.01137175124999
mp-971758,ZnNi3,L1$_2$,Zn,Ni,1.0,3.0,3.53145767,-4.7635118675,0.014011812500000002
mp-11255,PrAu,B2,Pr,Au,1.0,1.0,3.72334093,-4.7620291512499975,0.060553865000002004
mp-1977,NdSn3,L1$_2$,Nd,Sn,1.0,3.0,4.76251713,-4.699600329999999,0.0
mp-1184682,Ge3Pd,L1$_2$,Ge,Pd,3.0,1.0,4.142023,-4.6959499325,0.29687425
mp-2484,SmSn3,L1$_2$,Sm,Sn,1.0,3.0,4.73345707,-4.647429759999998,0.0
mp-11570,TbSn3,L1$_2$,Tb,Sn,1.0,3.0,4.69795646,-4.607088845,0.019348855833334
mp-570860,DySn3,L1$_2$,Dy,Sn,1.0,3.0,4.6894921499999995,-4.583510560000001,0.032766519499998
mp-11477,HoSn3,L1$_2$,Ho,Sn,1.0,3.0,4.68113687,-4.5604002175,0.027415930000003003
mp-1187266,Tb3Au,L1$_2$,Tb,Au,3.0,1.0,4.742563,-4.540567945,0.22116832520833102
mp-11372,ErSn3,L1$_2$,Er,Sn,1.0,3.0,4.67302716,-4.5382018550000005,0.030884268333331
mp-371,La3Tl,L1$_2$,La,Tl,3.0,1.0,5.09044228,-4.5329620525,0.0
mp-971957,Tm3Pb,L1$_2$,Tm,Pb,3.0,1.0,4.7952213100000005,-4.523694734999999,0.094442631666662
mp-1187913,ZnPd3,L1$_2$,Zn,Pd,1.0,3.0,3.87690151,-4.517648402500001,0.028846963125000003
mp-1018061,FeH3,L1$_2$,Fe,H,1.0,3.0,2.611558,-4.5148846124999995,0.182623069375
mp-1094726,MgTi,B2,Mg,Ti,1.0,1.0,3.355945,-4.486510219999999,0.276470795833333
mp-1185002,La3Br,L1$_2$,La,Br,3.0,1.0,4.9678700000000005,-4.477764782499999,0.449322622749998
mp-21039,PbS,B2,Pb,S,1.0,1.0,3.6536589999999993,-4.45035457,0.258718124999999
mp-2756,CeAg,B2,Ce,Ag,1.0,1.0,3.73311,-4.43524116,0.08731731875000001
mp-1184660,Ho3Ga,L1$_2$,Ho,Ga,3.0,1.0,4.696472,-4.4337416475,0.10403122093750201
mp-863737,Ho3In,L1$_2$,Ho,In,3.0,1.0,4.80631353159134,-4.382043532499999,0.005633348749999
mp-1533,Nd3Tl,L1$_2$,Nd,Tl,3.0,1.0,4.98879862,-4.3779344925,0.001389274166667
mp-2600,BaTe,B2,Ba,Te,1.0,1.0,4.262466,-4.369597765,0.16511731000000102
mp-1183655,CdPd3,L1$_2$,Cd,Pd,1.0,3.0,3.996972689999999,-4.358508632500001,0.0257095975
mp-1186032,Na3Ca,L1$_2$,Na,Ca,3.0,1.0,5.354626,-4.344009657413793,0.08869919508620601
mp-8454,KF,B2,K,F,1.0,1.0,3.258955,-4.343838799999999,0.10302068
mp-1186696,Pr3Br,L1$_2$,Pr,Br,3.0,1.0,5.013213,-4.27432465,0.510776825666666
mp-2064,RbF,B2,Rb,F,1.0,1.0,3.37044718,-4.2689616699999995,0.051583325000001005
mp-1186259,Nd3Br,L1$_2$,Nd,Br,3.0,1.0,4.977028,-4.2423385,0.513192215416667
mp-21156,TbPb3,L1$_2$,Tb,Pb,1.0,3.0,4.85482046,-4.240403090000001,0.0
mp-20176,DyPb3,L1$_2$,Dy,Pb,1.0,3.0,4.8486439,-4.214300250000001,0.0
mp-1183678,CoH3,L1$_2$,Co,H,1.0,3.0,2.611335,-4.20240147,0.15329890937500001
mp-1061395,Na2O2,B2,Na,O,1.0,1.0,2.88653,-4.201054935,0.24188235166666602
mp-1386,HoPb3,L1$_2$,Ho,Pb,1.0,3.0,4.84368278,-4.188698452499999,0.0
mp-11566,ScZn,B2,Sc,Zn,1.0,1.0,3.33401869,-4.177671855,0.0
mp-13161,ZnO,B2,Zn,O,1.0,1.0,2.691856,-4.17754243,0.717208989999999
mp-1187267,Tb3Ag,L1$_2$,Tb,Ag,3.0,1.0,4.800265,-4.173460925,0.16755984166666602
mp-388,ErPb3,L1$_2$,Er,Pb,1.0,3.0,4.83720705,-4.165103692499997,0.0
mp-615,YMg,B2,Y,Mg,1.0,1.0,3.8085766100000003,-4.144158240000001,0.0
mp-506,MgPd,B2,Mg,Pd,1.0,1.0,3.15538393,-4.131929000000001,0.0
mp-1094855,La3Mg,L1$_2$,La,Mg,3.0,1.0,5.13909675,-4.116529827499999,0.043494908750001005
mp-30728,HoIn,B2,Ho,In,1.0,1.0,3.7278911900000002,-4.10241079,0.0
mp-11494,LuPb3,L1$_2$,Lu,Pb,1.0,3.0,4.8259464,-4.091959362499999,0.022627460000002
mp-1207075,TlO,B2,Tl,O,1.0,1.0,3.181277,-4.09183032,0.570393050833331
mp-863720,HgPd3,L1$_2$,Hg,Pd,1.0,3.0,4.01939551,-4.075882872499999,0.022062829999999003
mp-11488,LaTl,B2,La,Tl,1.0,1.0,3.97237799,-4.071675204999998,0.0
mp-1184995,La3Cd,L1$_2$,La,Cd,3.0,1.0,5.07254602,-4.054277567500002,0.040731067499997005
mp-2167,DyAg,B2,Dy,Ag,1.0,1.0,3.6067050800000002,-4.053743095000001,0.0
mp-2525,PrAg,B2,Pr,Ag,1.0,1.0,3.76320642,-4.051000009999999,0.0
mp-915,YCd,B2,Y,Cd,1.0,1.0,3.73687907,-4.050420840000001,0.0
mp-2778,HoAg,B2,Ho,Ag,1.0,1.0,3.59121015,-4.048020690000001,0.0
mp-2621,ErAg,B2,Er,Ag,1.0,1.0,3.57398062,-4.046516180000001,0.0
mp-2268,TbAg,B2,Tb,Ag,1.0,1.0,3.62345741,-4.044177909999998,0.0
mp-1186421,Pb3O,L1$_2$,Pb,O,3.0,1.0,4.671716,-4.0212309325,0.7352307897656261
mp-2323,BeCu,B2,Be,Cu,1.0,1.0,2.67246788,-4.019554075,0.005036342500000001
mp-1183311,BaLa3,L1$_2$,Ba,La,1.0,3.0,5.464193,-4.01648971,0.165259353749998
mp-1174,MgSc,B2,Mg,Sc,1.0,1.0,3.59645124,-4.00647942,0.001373464999999
mp-1186274,Nd3Mg,L1$_2$,Nd,Mg,3.0,1.0,5.05270511,-3.9744771975,0.056144116249999
mp-571405,NdTl,B2,Nd,Tl,1.0,1.0,3.88659539,-3.957130450000001,0.0
mp-2258,Cu3Au,L1$_2$,Cu,Au,3.0,1.0,3.73538756,-3.929439755,0.0
mp-11568,SmTl,B2,Sm,Tl,1.0,1.0,3.869804,-3.91927214,0.0052747900000000006
mp-11290,CaSn3,L1$_2$,Ca,Sn,1.0,3.0,4.74167371,-3.915423269999998,0.0
mp-978303,Mg3Re,L1$_2$,Mg,Re,3.0,1.0,4.154727,-3.8992063100000003,0.43567475312499904
mp-976856,NaMg3,L1$_2$,Na,Mg,1.0,3.0,4.673527,-3.897104633458979,0.12091819779102
mp-1186425,Pb3S,L1$_2$,Pb,S,3.0,1.0,4.840208,-3.88243358,0.32842630250000104
mp-1059707,CaNi,B2,Ca,Ni,1.0,1.0,3.426381,-3.869078955,0.16564980625
mp-1183420,BeGe3,L1$_2$,Be,Ge,1.0,3.0,4.083345,-3.869024405,0.533099702499999
mp-23201,BaBi3,L1$_2$,Ba,Bi,1.0,3.0,5.15316296,-3.85810403,0.017992561250001
mp-30878,TbTl,B2,Tb,Tl,1.0,1.0,3.77847879,-3.84516851,0.0
mp-978304,Mg3Ta,L1$_2$,Mg,Ta,3.0,1.0,4.299131,-3.8110744275,0.37850996941666604
mp-1183309,BaSm3,L1$_2$,Ba,Sm,1.0,3.0,5.345793,-3.8093246725,0.209358663749999
mp-986,CeZn,B2,Ce,Zn,1.0,1.0,3.62688516,-3.789944659999999,0.029317755000001004
mp-1486,ZnNi,B2,Zn,Ni,1.0,1.0,2.889128,-3.765752925,0.009157754999999
mp-217,ErTl,B2,Er,Tl,1.0,1.0,3.775174,-3.763909095,0.00875593
mp-1094670,LiMg3,L1$_2$,Li,Mg,1.0,3.0,4.411069,-3.7314918175000003,0.033975171250000005
mp-1219459,SbTe,B2,Sb,Te,1.0,1.0,3.826634,-3.64975676,0.30859290678571705
mp-1009220,NaH,B2,Na,H,1.0,1.0,2.955124,-3.645122124999999,0.15742719500000002
mp-953,NbZn3,L1$_2$,Nb,Zn,1.0,3.0,3.9099834700000002,-3.633968082500001,0.0
mp-23299,RbCl,B2,Rb,Cl,1.0,1.0,3.935970509999999,-3.629633839999998,0.029774040000001
mp-978287,Mg3Mo,L1$_2$,Mg,Mo,3.0,1.0,4.200631,-3.6061912425,0.32807379625
mp-1183391,BaPb3,L1$_2$,Ba,Pb,1.0,3.0,5.12377908,-3.604932315833338,0.031871516666664004
mp-20549,CaPb3,L1$_2$,Ca,Pb,1.0,3.0,4.91751662,-3.5762183800000003,0.0
mp-1094958,HfMg3,L1$_2$,Hf,Mg,1.0,3.0,4.433376,-3.545398315,0.16675145375
mp-1186906,Rb3Gd,L1$_2$,Rb,Gd,3.0,1.0,5.742953,-3.5314716925000003,0.7229594218750001
mp-10632,TlS,B2,Tl,S,1.0,1.0,3.595635,-3.44802075,0.30862939166666403
mp-1094802,MgSn3,L1$_2$,Mg,Sn,1.0,3.0,4.67027376,-3.4429126474999983,0.034545789375002
mp-23167,TlCl,B2,Tl,Cl,1.0,1.0,3.83746738,-3.434518614999998,0.001307087499998
mp-1209103,RbN,B2,Rb,N,1.0,1.0,3.622975,-3.4194378999999993,1.333437548333333
mp-1104,LaMg,B2,La,Mg,1.0,1.0,3.977516849999999,-3.37834585,0.005696517500002001
mp-570891,KBr,B2,K,Br,1.0,1.0,4.043499,-3.32928734,0.07306301000000001
mp-1053,NdZn,B2,Nd,Zn,1.0,1.0,3.67076564,-3.328680079999998,0.0
mp-460,PrZn,B2,Pr,Zn,1.0,1.0,3.70289857,-3.326621750000001,0.0
mp-22906,CsBr,B2,Cs,Br,1.0,1.0,4.32562222,-3.324175479999997,0.0
mp-1094889,LiMg,B2,Li,Mg,1.0,1.0,3.415326,-3.32369933,0.006518542499999
mp-2165,SmZn,B2,Sm,Zn,1.0,1.0,3.62380683,-3.318883624999998,0.0
mp-978286,Mg3Mn,L1$_2$,Mg,Mn,3.0,1.0,4.297571,-3.310479345,0.20287698926724101
mp-983539,BeAu3,L1$_2$,Be,Au,1.0,3.0,4.011706,-3.3102595925,0.181831340000001
mp-23303,RbBr,B2,Rb,Br,1.0,1.0,4.1260773,-3.3057624150000002,0.031564265
mp-1548,PrMg,B2,Pr,Mg,1.0,1.0,3.91847099,-3.303469955,0.0
mp-978962,Tl3Fe,L1$_2$,Tl,Fe,3.0,1.0,4.561445,-3.2962419075,0.599867482499994
mp-1327,NdMg,B2,Nd,Mg,1.0,1.0,3.8914747800000002,-3.293095194999999,0.0
mp-569593,PmMg,B2,Pm,Mg,1.0,1.0,3.86931238,-3.280581084999999,0.0
mp-2249,HoZn,B2,Ho,Zn,1.0,1.0,3.5280986800000003,-3.271645239999998,0.0
mp-2558,SmMg,B2,Sm,Mg,1.0,1.0,3.85263021,-3.2590482,0.0
mp-776,LaCd,B2,La,Cd,1.0,1.0,3.93228214,-3.254010165,0.0
mp-1185846,MgAu3,L1$_2$,Mg,Au,1.0,3.0,4.10652732,-3.246694702500001,0.016649699499997003
mp-11569,SmTl3,L1$_2$,Sm,Tl,1.0,3.0,4.76240186,-3.227397340000003,0.0
mp-1057750,RbS,B2,Rb,S,1.0,1.0,4.012579,-3.224780625,0.493650270833331
mp-1635,TbMg,B2,Tb,Mg,1.0,1.0,3.79886584,-3.20277169,0.0
mp-2077,DyMg,B2,Dy,Mg,1.0,1.0,3.7828788700000002,-3.183299359999999,0.0
mp-1886,TbTl3,L1$_2$,Tb,Tl,1.0,3.0,4.72212492,-3.1809327275,0.0
mp-1199,HoMg,B2,Ho,Mg,1.0,1.0,3.77276173,-3.164972965,0.0
mp-1059,NdCd,B2,Nd,Cd,1.0,1.0,3.84460747,-3.163966105,0.0
mp-2228,ErMg,B2,Er,Mg,1.0,1.0,3.7605312300000002,-3.150948984999999,0.0
mp-22875,TlBr,B2,Tl,Br,1.0,1.0,3.9999066500000002,-3.150590865000005,0.004640312499994
mp-975312,RbF3,L1$_2$,Rb,F,1.0,3.0,4.152679,-3.1486516975,0.345632017499999
mp-572,SmCd,B2,Sm,Cd,1.0,1.0,3.7992873,-3.140192819999999,0.0
mp-2431,ErTl3,L1$_2$,Er,Tl,1.0,3.0,4.70131701,-3.112318752500002,0.0
mp-2195,LuMg,B2,Lu,Mg,1.0,1.0,3.71550985,-3.106677350000002,0.0
mp-721,TbCd,B2,Tb,Cd,1.0,1.0,3.74148648,-3.098758634999999,0.0
mp-770,DyCd,B2,Dy,Cd,1.0,1.0,3.72296663,-3.082951975,0.0
mp-2314,LiPb,B2,Li,Pb,1.0,1.0,3.52626099,-3.08266373,0.0
mp-170,HoCd,B2,Ho,Cd,1.0,1.0,3.70492455,-3.070865744999999,0.0
mp-1094967,MgSb,B2,Mg,Sb,1.0,1.0,3.655308,-3.06745207,0.169059673541667
mp-867,ErCd,B2,Er,Cd,1.0,1.0,3.6859286,-3.062466664999998,0.0
mp-2060,LuTl3,L1$_2$,Lu,Tl,1.0,3.0,4.6879848200000005,-3.045223447499999,0.0
mp-437,MgAu,B2,Mg,Au,1.0,1.0,3.27353901,-3.044165974999998,0.0
mp-1183295,Ba3Sb,L1$_2$,Ba,Sb,3.0,1.0,5.572417,-3.0140395025,0.170080984583333
mp-2502,TmCd,B2,Tm,Cd,1.0,1.0,3.67288236,-3.012850265000001,0.0
mp-975468,RbAc3,L1$_2$,Rb,Ac,1.0,3.0,5.811894,-2.9514947400000002,0.38452003374999905
mp-22901,KI,B2,K,I,1.0,1.0,4.29119666,-2.9373687200000003,0.060311739999999
mp-23302,RbI,B2,Rb,I,1.0,1.0,4.4433583,-2.918400870000003,0.029722924999997003
mp-1056920,CsI,B2,Cs,I,1.0,1.0,4.665212,-2.91268864,0.032452510000001
mp-1183300,Ba3Se,L1$_2$,Ba,Se,3.0,1.0,5.456997,-2.909504027499999,0.5455859375000001
mp-1094669,MgSn,B2,Mg,Sn,1.0,1.0,3.62314782,-2.889356639999999,0.055988378750000005
mp-1183331,Ba3Th,L1$_2$,Ba,Th,3.0,1.0,5.789461,-2.8690260925,0.423669675000001
mp-984719,BeAg3,L1$_2$,Be,Ag,1.0,3.0,3.990716,-2.8388142325,0.22824224250000102
mp-1185790,Mg3Sc,L1$_2$,Mg,Sc,3.0,1.0,4.51314366,-2.82247212,0.0
mp-1039154,MgBi,B2,Mg,Bi,1.0,1.0,3.7718030000000002,-2.804571,0.10456944499999601
mp-23197,TlI,B2,Tl,I,1.0,1.0,4.23821433,-2.793127290000001,0.020759689999998002
mp-1187154,SrIn3,L1$_2$,Sr,In,1.0,3.0,4.8395793,-2.771468407499998,0.052577543000000004
mp-987,ZnCu,B2,Zn,Cu,1.0,1.0,2.92055392,-2.770230169999999,0.0
mp-1094969,MgGa3,L1$_2$,Mg,Ga,1.0,3.0,4.12839799,-2.759798495,0.0201069496875
mp-1064459,PBr,B2,P,Br,1.0,1.0,3.43741,-2.718184045,1.3330259747023812
mp-1187500,Tl3Cl,L1$_2$,Tl,Cl,3.0,1.0,5.01368,-2.70360509,0.200043819583327
mp-1067833,SnI3,L1$_2$,Sn,I,1.0,3.0,6.015188,-2.6835718175,0.164456953229166
mp-30351,MgAg3,L1$_2$,Mg,Ag,1.0,3.0,4.11836959,-2.675931858750001,0.010391439999999
mp-1060967,AgBr,B2,Ag,Br,1.0,1.0,3.604067,-2.6474185500000003,0.252144595
mp-1186136,NaGa3,L1$_2$,Na,Ga,1.0,3.0,4.275343,-2.62039796,0.135022933999999
mp-1038934,MgAl,B2,Mg,Al,1.0,1.0,3.379817999999999,-2.608004949999999,0.09022261875000001
mp-1056900,IN,B2,I,N,1.0,1.0,3.193346,-2.52115102,2.573936745624999
mp-20566,MgIn3,L1$_2$,Mg,In,1.0,3.0,4.58837626,-2.477198014999999,0.037806169166668006
mp-2696,MgAg,B2,Mg,Ag,1.0,1.0,3.30393762,-2.467122570000001,0.0
mp-1058798,LiBe,B2,Li,Be,1.0,1.0,2.811153,-2.458184435,0.365983430833332
mp-1094724,Mg3Sb,L1$_2$,Mg,Sb,3.0,1.0,4.522794,-2.448995885,0.07368902328125
mp-1094849,MgGa,B2,Mg,Ga,1.0,1.0,3.32945935,-2.440367894999999,0.022138305
mp-975045,Rb3Cr,L1$_2$,Rb,Cr,3.0,1.0,6.182838,-2.43696409,0.7116983318750001
mp-1608,ZrHg3,L1$_2$,Zr,Hg,1.0,3.0,4.41774089,-2.430832905000002,0.021713066249994
mp-1186037,Na3Fe,L1$_2$,Na,Fe,3.0,1.0,4.789879,-2.4228778875,0.7009179989655171
mp-1183319,Ba3Pm,L1$_2$,Ba,Pm,3.0,1.0,5.946563999999999,-2.4106838875,0.21618289812500002
mp-30373,RbAu,B2,Rb,Au,1.0,1.0,4.1045935,-2.401023930000001,0.0
mp-1185492,LuMg3,L1$_2$,Lu,Mg,1.0,3.0,4.58819737,-2.3561466775,0.012427005000001
mp-1059160,BrN,B2,Br,N,1.0,1.0,3.047445,-2.2998297,2.687782439999999
mp-1039073,Mg3Bi,L1$_2$,Mg,Bi,3.0,1.0,4.58295308,-2.2760841025,0.030943198124997004
mp-1065428,Rb3Re,L1$_2$,Rb,Re,3.0,1.0,6.060894,-2.27103696,1.576392146249999
mp-22915,AgI,B2,Ag,I,1.0,1.0,3.855,-2.258497785,0.39273725999999903
mp-1538115,MgIn,B2,Mg,In,1.0,1.0,3.5744101600000002,-2.236859349999999,0.033975274999999
mp-978271,Mg3Al,L1$_2$,Mg,Al,3.0,1.0,4.34780604,-2.1373769575,0.027507425520833004
mp-1059242,ClO,B2,Cl,O,1.0,1.0,3.18521679,-2.109631665,1.5532726509375
mp-1066774,Rb3Os,L1$_2$,Rb,Os,3.0,1.0,5.695714,-2.0961745,1.446067911875
mp-11498,MgTl,B2,Mg,Tl,1.0,1.0,3.63780262,-2.017959740000002,0.0
mp-1067281,Rb3Pt,L1$_2$,Rb,Pt,3.0,1.0,5.49879,-2.01412157,0.23906231437500003
mp-1183314,Ba3Ca,L1$_2$,Ba,Ca,3.0,1.0,6.25493123,-1.900276819999998,0.040354355000001
mp-1183501,Ca3Cd,L1$_2$,Ca,Cd,3.0,1.0,5.1585844,-1.85830677,0.056827950312499
mp-1039147,CaZn,B2,Ca,Zn,1.0,1.0,3.64868372,-1.8540064725,0.02615939
mp-1186880,Rb3Zr,L1$_2$,Rb,Zr,3.0,1.0,6.226079,-1.8353915025,1.036934209374999
mp-1038879,Ca3Zn,L1$_2$,Ca,Zn,3.0,1.0,5.079506,-1.8235146750000002,0.12952229125
mp-1073,CaCd,B2,Ca,Cd,1.0,1.0,3.80926031,-1.818346545,0.0
mp-1185786,Mg3Tl,L1$_2$,Mg,Tl,3.0,1.0,4.47311272,-1.811718324999999,0.017983151250000003
mp-1187912,Zn3Se,L1$_2$,Zn,Se,3.0,1.0,4.146787,-1.805911062499999,0.48865503000000005
mp-1186881,Rb3Ti,L1$_2$,Rb,Ti,3.0,1.0,6.229364,-1.7938680575000001,0.9154055010416661
mp-902,BaZn,B2,Ba,Zn,1.0,1.0,4.07851334,-1.7567380549999991,0.0035235766666670003
mp-527,BaCd,B2,Ba,Cd,1.0,1.0,4.2519734,-1.7487043899999999,0.0
mp-1183304,Ba3Na,L1$_2$,Ba,Na,3.0,1.0,6.23258744,-1.72536866,0.054992631041665005
mp-975530,RbAl,B2,Rb,Al,1.0,1.0,4.315756,-1.7045185150000002,0.658536436249999
mp-2197,BaHg,B2,Ba,Hg,1.0,1.0,4.17876004,-1.6443587449999981,0.0
mp-30496,SrCd,B2,Sr,Cd,1.0,1.0,4.03562997,-1.630530945,0.0
mp-1186912,Rb3Th,L1$_2$,Rb,Th,3.0,1.0,6.265999,-1.547497734999999,1.041367381875
mp-1094791,Mg3Zn,L1$_2$,Mg,Zn,3.0,1.0,4.27551733,-1.5346974125,0.056217993650000006
mp-542,SrHg,B2,Sr,Hg,1.0,1.0,3.96299693,-1.526844400000001,0.0
mp-975383,RbCa3,L1$_2$,Rb,Ca,1.0,3.0,5.83155,-1.5245420425,0.224791385625
mp-1094779,MgZn,B2,Mg,Zn,1.0,1.0,3.262917,-1.508155975,0.043204822299999
mp-1183939,CsBa3,L1$_2$,Cs,Ba,1.0,3.0,6.604370999999999,-1.5066099175,0.15961568008620602
mp-978273,Mg3Cd,L1$_2$,Mg,Cd,3.0,1.0,4.40608282,-1.496131523749999,0.017591733749999002
mp-1187119,Sr3Hg,L1$_2$,Sr,Hg,3.0,1.0,5.513,-1.45843445,0.164795232499999
mp-982665,K3In,L1$_2$,K,In,3.0,1.0,5.77055794,-1.454180647499999,0.141514110880682
mp-1186965,Rb3Ce,L1$_2$,Rb,Ce,3.0,1.0,7.475373,-1.4157573275,0.8038806943750001
mp-1184834,K3Ga,L1$_2$,K,Ga,3.0,1.0,5.723655,-1.415244905,0.24784506766666703
mp-978282,Mg3Hg,L1$_2$,Mg,Hg,3.0,1.0,4.35484442,-1.4148065975000002,0.017491376249999
mp-974627,K3Tl,L1$_2$,K,Tl,3.0,1.0,5.90642,-1.4098563175,0.08472879322321401
mp-975199,RbSr3,L1$_2$,Rb,Sr,1.0,3.0,6.247385,-1.3757527600000001,0.138701825625
mp-1038814,MgCd,B2,Mg,Cd,1.0,1.0,3.4730962,-1.359103358333332,0.030768572500001003
mp-974948,Rb3In,L1$_2$,Rb,In,3.0,1.0,6.189033,-1.3161205825,0.16634191892045402
mp-975051,Rb3Ag,L1$_2$,Rb,Ag,3.0,1.0,6.136148,-1.3072734125,0.138861561458333
mp-978034,Rb3Sm,L1$_2$,Rb,Sm,3.0,1.0,6.4310410000000005,-1.30461439,0.610432698124999
mp-975057,Rb3Dy,L1$_2$,Rb,Dy,3.0,1.0,6.394361,-1.2532782975,0.636716138958334
mp-1186839,Rb3Er,L1$_2$,Rb,Er,3.0,1.0,6.432978,-1.237556695,0.639773561875
mp-1186850,Rb3Lu,L1$_2$,Rb,Lu,3.0,1.0,6.425565,-1.2344104825,0.631411935208333
mp-1186877,Rb3Tm,L1$_2$,Rb,Tm,3.0,1.0,6.414985,-1.2215521225,0.634473801874998
mp-1184864,K3Ba,L1$_2$,K,Ba,3.0,1.0,6.5628969999999995,-1.19760459,0.1306664370625
mp-1408,MgHg,B2,Mg,Hg,1.0,1.0,3.44706066,-1.167299539999998,0.0
mp-974938,Rb3Li,L1$_2$,Rb,Li,3.0,1.0,6.545835,-1.0674822775,0.14514899354166602
mp-974866,Rb3Na,L1$_2$,Rb,Na,3.0,1.0,6.76059785,-1.022431387499999,0.048399361530173005
mp-1185080,KRb3,L1$_2$,K,Rb,1.0,3.0,7.14148508,-0.9955300450000001,0.022712940062499003
mp-1183945,CsRb3,L1$_2$,Cs,Rb,1.0,3.0,7.39196596,-0.9351089375000001,0.027286009461205
mp-975019,Rb3Cd,L1$_2$,Rb,Cd,3.0,1.0,6.312502,-0.9118607200000001,0.06653064298076901
mp-974951,Rb3Hg,L1$_2$,Rb,Hg,3.0,1.0,6.330224,-0.8559600725000001,0.06380580652343701
mp-1185553,Cs3Hg,L1$_2$,Cs,Hg,3.0,1.0,6.783537,-0.7512057125,0.11063055454741201
