directory,composition,structure_type,element_A,element_B,a_DFT,a_calc,error,rel_error_pct
Ag1Ag1,Ag2,B2,Ag,Ag,3.30086,3.3467725528182837,0.04591255281828355,1.3909269953370802
Ag1Al1,Ag1Al1,B2,Ag,Al,3.22831,3.276734158303448,0.04842415830344793,1.4999847692274884
Ag1As1,Ag1As1,B2,Ag,As,3.35764,3.3089650203276926,-0.048674979672307384,-1.4496783357449692
Ag1B1,Ag1B1,B2,Ag,B,2.89237,2.8882478774400613,-0.004122122559938823,-0.14251712470876213
Ag1Ca1,Ag1Ca1,B2,Ag,Ca,3.71172,3.771093591785412,0.059373591785411683,1.5996247503963574
Ag1Cd1,Ag1Cd1,B2,Ag,Cd,3.38371,3.466831903369427,0.0831219033694266,2.456531539919987
Ag1Ce1,Ag1Ce1,B2,Ag,Ce,3.71641,3.707622018997828,-0.008787981002172263,-0.23646424915906109
Ag1Co1,Ag1Co1,B2,Ag,Co,3.06525,3.0366962635712107,-0.02855373642878911,-0.9315304274949551
Ag1Cr1,Ag1Cr1,B2,Ag,Cr,3.27566,3.1567403448286786,-0.11891965517132119,-3.630402885870976
Ag1Cu1,Ag1Cu1,B2,Ag,Cu,3.10804,3.1434935917352855,0.03545359173528562,1.1407057739052784
Ag1Fe1,Ag1Fe1,B2,Ag,Fe,3.12805,3.066266578693564,-0.061783421306436104,-1.9751417434643344
Ag1Ga1,Ag1Ga1,B2,Ag,Ga,3.31019,3.297305669678348,-0.012884330321651927,-0.38923234985459826
Ag1Gd1,Ag1Gd1,B2,Ag,Gd,3.66923,3.807508186707294,0.13827818670729375,3.7685886877435792
Ag1Ge1,Ag1Ge1,B2,Ag,Ge,3.35513,3.3111524229250966,-0.04397757707490335,-1.3107562769521106
Ag1Hf1,Ag1Hf1,B2,Ag,Hf,3.39997,3.4156704748731483,0.015700474873148185,0.4617827472933051
Ag1In1,Ag1In1,B2,Ag,In,3.51289,3.516661513959111,0.003771513959110795,0.10736214225639844
Ag1La1,Ag1La1,B2,Ag,La,3.81028,3.8047942411029307,-0.0054857588970693705,-0.143972592488462
Ag1Mg1,Ag1Mg1,B2,Ag,Mg,3.33067,3.4302009943536684,0.09953099435366841,2.9883174962895875
Ag1Mn1,Ag1Mn1,B2,Ag,Mn,3.21443,3.098048786569557,-0.11638121343044316,-3.6205863381826067
Ag1Mo1,Ag1Mo1,B2,Ag,Mo,3.21521,3.229400079360684,0.01419007936068395,0.441342225256949
Ag1Na1,Ag1Na1,B2,Ag,Na,3.57124,3.6329664489319415,0.06172644893194157,1.7284318312950564
Ag1Nb1,Ag1Nb1,B2,Ag,Nb,3.31648,3.3026308644054034,-0.01384913559459644,-0.41758537951672975
Ag1Ni1,Ag1Ni1,B2,Ag,Ni,3.05305,3.059763591984376,0.006713591984376155,0.21989787210743864
Ag1Pd1,Ag1Pd1,B2,Ag,Pd,3.21478,3.2275037216263955,0.012723721626395346,0.39578825382748883
Ag1Ru1,Ag1Ru1,B2,Ag,Ru,3.14856,3.1357999552608016,-0.012760044739198229,-0.4052660498513044
Ag1Sb1,Ag1Sb1,B2,Ag,Sb,3.57369,3.52868540988843,-0.045004590111569875,-1.2593311146621524
Ag1Sc1,Ag1Sc1,B2,Ag,Sc,3.4373,3.4632895657043408,0.025989565704340745,0.7561040847275695
Ag1Se1,Ag1Se1,B2,Ag,Se,3.42939,3.3498821631819906,-0.07950783681800955,-2.3184250498779533
Ag1Si1,Ag1Si1,B2,Ag,Si,3.26243,3.2083716438262138,-0.054058356173786404,-1.6569966611938463
Ag1Sn1,Ag1Sn1,B2,Ag,Sn,3.56458,3.5285378774556277,-0.03604212254437211,-1.011118351793819
Ag1Sr1,Ag1Sr1,B2,Ag,Sr,3.92758,3.983257002620019,0.05567700262001907,1.4175905422682433
Ag1Ta1,Ag1Ta1,B2,Ag,Ta,3.29114,3.292200345031978,0.0010603450319779384,0.03221816853667539
Ag1Tc1,Ag1Tc1,B2,Ag,Tc,3.16288,3.1597328124329986,-0.003147187567001275,-0.09950385620071818
Ag1Ti1,Ag1Ti1,B2,Ag,Ti,3.27918,3.269945020253714,-0.009234979746286065,-0.281624666724183
Ag1V1,Ag1V1,B2,Ag,V,3.2115,3.1812681370851106,-0.03023186291488944,-0.9413626939090594
Ag1W1,Ag1W1,B2,Ag,W,3.20784,3.209525280022037,0.001685280022036828,0.052536286786025115
Ag1Y1,Ag1Y1,B2,Ag,Y,3.64084,3.664493851496526,0.0236538514965261,0.6496811586481719
Ag1Zn1,Ag1Zn1,B2,Ag,Zn,3.18279,3.251667877470551,0.06887787747055141,2.164072322413713
Ag1Zr1,Ag1Zr1,B2,Ag,Zr,3.44267,3.444361254162171,0.0016912541621709742,0.04912623522356119
Al1Ag1,Al1Ag1,B2,Al,Ag,3.22831,3.276734158303448,0.04842415830344793,1.4999847692274884
Al1Al1,Al2,B2,Al,Al,3.22535,3.2066957637886118,-0.018654236211388397,-0.5783631609403134
Al1As1,Al1As1,B2,Al,As,3.28512,3.238926625812857,-0.0461933741871432,-1.406139629211207
Al1B1,Al1B1,B2,Al,B,2.78359,2.818209482925225,0.03461948292522532,1.2436990693753507
Al1Ca1,Al1Ca1,B2,Al,Ca,3.70784,3.701055197270576,-0.006784802729423944,-0.18298531569387957
Al1Cd1,Al1Cd1,B2,Al,Cd,3.46428,3.3967935088545906,-0.06748649114540939,-1.9480668752355292
Al1Co1,Al1Co1,B2,Al,Co,2.85077,2.966657869056375,0.11588786905637516,4.0651427178051955
Al1Cr1,Al1Cr1,B2,Al,Cr,3.04043,3.0867019503138424,0.046271950313842236,1.5218883616410255
Al1Cu1,Al1Cu1,B2,Al,Cu,3.00082,3.0734551972204494,0.07263519722044931,2.420511634168304
Al1Fe1,Al1Fe1,B2,Al,Fe,2.87008,2.996228184178728,0.12614818417872797,4.3952845975975565
Al1Ga1,Al1Ga1,B2,Al,Ga,3.31478,3.2272672751635123,-0.08751272483648753,-2.640076410394884
Al1Gd1,Al1Gd1,B2,Al,Gd,3.64346,3.737469792192458,0.09400979219245764,2.580233958722139
Al1Ge1,Al1Ge1,B2,Al,Ge,3.31425,3.241114028410261,-0.07313597158973906,-2.2067125771966225
Al1Hf1,Al1Hf1,B2,Al,Hf,3.35028,3.3456320803583126,-0.004647919641687537,-0.13873227436774052
Al1In1,Al1In1,B2,Al,In,3.57543,3.4466231194442747,-0.1288068805557252,-3.60255635142417
Al1La1,Al1La1,B2,Al,La,3.80042,3.734755846588095,-0.0656641534119049,-1.7278130683425752
Al1Mg1,Al1Mg1,B2,Al,Mg,3.4021,3.3601625998388327,-0.041937400161167204,-1.2326915775893479
Al1Mn1,Al1Mn1,B2,Al,Mn,2.91165,3.028010392054721,0.11636039205472093,3.996372917580098
Al1Mo1,Al1Mo1,B2,Al,Mo,3.12322,3.159361684845848,0.03614168484584823,1.1571930522296934
Al1Na1,Al1Na1,B2,Al,Na,3.60733,3.562928054417106,-0.04440194558289434,-1.230881166483087
Al1Nb1,Al1Nb1,B2,Al,Nb,3.23758,3.2325924698905677,-0.004987530109432203,-0.15405117740510516
Al1Ni1,Al1Ni1,B2,Al,Ni,2.89412,2.98972519746954,0.09560519746953977,3.303428934167891
Al1Pd1,Al1Pd1,B2,Al,Pd,3.07806,3.15746532711156,0.07940532711156001,2.579719924613556
Al1Ru1,Al1Ru1,B2,Al,Ru,3.00537,3.0657615607459654,0.0603915607459653,2.0094551002360874
Al1Sb1,Al1Sb1,B2,Al,Sb,3.56472,3.458647015373594,-0.10607298462640591,-2.975632998563868
Al1Sc1,Al1Sc1,B2,Al,Sc,3.38168,3.3932511711895046,0.011571171189504792,0.3421722690942015
Al1Se1,Al1Se1,B2,Al,Se,3.36187,3.2798437686671544,-0.0820262313328457,-2.439898964946464
Al1Si1,Al1Si1,B2,Al,Si,3.15757,3.1383332493113776,-0.019236750688622628,-0.6092264205899671
Al1Sn1,Al1Sn1,B2,Al,Sn,3.56723,3.4584994829407916,-0.10873051705920833,-3.0480377508377186
Al1Sr1,Al1Sr1,B2,Al,Sr,3.94522,3.913218608105183,-0.032001391894816766,-0.8111434063199712
Al1Ta1,Al1Ta1,B2,Al,Ta,3.22147,3.2221619505171417,0.0006919505171416596,0.021479340709106697
Al1Tc1,Al1Tc1,B2,Al,Tc,3.05019,3.0896944179181625,0.03950441791816228,1.2951461357542409
Al1Ti1,Al1Ti1,B2,Al,Ti,3.18403,3.199906625738878,0.015876625738878047,0.49863304487954097
Al1V1,Al1V1,B2,Al,V,3.08694,3.111229742570275,0.024289742570275052,0.7868550269935617
Al1W1,Al1W1,B2,Al,W,3.12535,3.1394868855072007,0.014136885507200603,0.4523296753067849
Al1Y1,Al1Y1,B2,Al,Y,3.61562,3.59445545698169,-0.021164543018310056,-0.5853641427558774
Al1Zn1,Al1Zn1,B2,Al,Zn,3.18396,3.181629482955715,-0.0023305170442848855,-0.07319555032993146
Al1Zr1,Al1Zr1,B2,Al,Zr,3.37937,3.374322859647335,-0.005047140352665291,-0.14935151678168687
As1Ag1,As1Ag1,B2,As,Ag,3.35764,3.3089650203276926,-0.048674979672307384,-1.4496783357449692
As1Al1,As1Al1,B2,As,Al,3.28512,3.238926625812857,-0.0461933741871432,-1.406139629211207
As1As1,As2,B2,As,As,3.36718,3.2711574878371015,-0.09602251216289837,-2.851719010058814
As1B1,As1B1,B2,As,B,2.94255,2.8504403449494697,-0.09210965505053048,-3.130266437291821
As1Ca1,As1Ca1,B2,As,Ca,3.63856,3.7332860592948207,0.0947260592948207,2.6033941805225336
As1Cd1,As1Cd1,B2,As,Cd,3.49866,3.4290243708788357,-0.06963562912116439,-1.990351423721207
As1Ce1,As1Ce1,B2,As,Ce,3.61394,3.669814486507237,0.05587448650723692,1.5460822954237459
As1Co1,As1Co1,B2,As,Co,2.96991,2.9988887310806196,0.028978731080619546,0.9757444192120147
As1Cr1,As1Cr1,B2,As,Cr,2.98432,3.1189328123380875,0.13461281233808764,4.51066951057821
As1Cu1,As1Cu1,B2,As,Cu,3.15299,3.105686059244694,-0.04730394075530597,-1.5002883217297223
As1Fe1,As1Fe1,B2,As,Fe,3.50486,3.028459046202973,-0.47640095379702707,-13.592581552388031
As1Ga1,As1Ga1,B2,As,Ga,3.39545,3.2594981371877565,-0.13595186281224336,-4.0039424174187035
As1Gd1,As1Gd1,B2,As,Gd,3.60762,3.769700654216703,0.16208065421670304,4.492730781421077
As1Ge1,As1Ge1,B2,As,Ge,3.38281,3.273344890434505,-0.10946510956549504,-3.235922489453887
As1Hf1,As1Hf1,B2,As,Hf,3.32569,3.3778629423825572,0.05217294238255743,1.568785496620474
As1In1,As1In1,B2,As,In,3.59406,3.4788539814685198,-0.11520601853148005,-3.2054561841338223
As1La1,As1La1,B2,As,La,3.74596,3.76698670861234,0.021026708612339906,0.5613169551287228
As1Mg1,As1Mg1,B2,As,Mg,3.40016,3.3923934618630773,-0.00776653813692274,-0.2284168432345166
As1Mn1,As1Mn1,B2,As,Mn,2.93309,3.0602412540789654,0.12715125407896544,4.335061456653748
As1Mo1,As1Mo1,B2,As,Mo,3.11802,3.1915925468700928,0.07357254687009274,2.3595918842756856
As1Na1,As1Na1,B2,As,Na,3.46765,3.5951589164413504,0.12750891644135054,3.677098797207058
As1Nb1,As1Nb1,B2,As,Nb,3.22565,3.2648233319148123,0.039173331914812426,1.2144321893203671
As1Ni1,As1Ni1,B2,As,Ni,3.03284,3.0219560594937853,-0.010883940506214884,-0.3588695910834361
As1Pd1,As1Pd1,B2,As,Pd,3.20042,3.189696189135804,-0.010723810864195826,-0.3350751108978142
As1Ru1,As1Ru1,B2,As,Ru,3.08602,3.0979924227702096,0.011972422770209601,0.38795674591252166
As1Sb1,As1Sb1,B2,As,Sb,3.56034,3.4908778773978386,-0.06946212260216145,-1.950996887998378
As1Sc1,As1Sc1,B2,As,Sc,3.39001,3.4254820332137492,0.03547203321374903,1.0463695745366246
As1Se1,As1Se1,B2,As,Se,3.39807,3.3120746306913995,-0.08599536930860063,-2.5307121191912065
As1Si1,As1Si1,B2,As,Si,3.22319,3.170564111335623,-0.05262588866437712,-1.63272685334644
As1Sn1,As1Sn1,B2,As,Sn,3.57909,3.4907303449650366,-0.08835965503496324,-2.4687743262942043
As1Sr1,As1Sr1,B2,As,Sr,3.83736,3.945449470129428,0.10808947012942793,2.8167664782409765
As1Ta1,As1Ta1,B2,As,Ta,3.20882,3.2543928125413863,0.045572812541386565,1.420235866810434
As1Tc1,As1Tc1,B2,As,Tc,3.07304,3.1219252799424075,0.04888527994240732,1.5907791614299627
As1Ti1,As1Ti1,B2,As,Ti,3.18743,3.232137487763123,0.044707487763123055,1.4026186539978307
As1V1,As1V1,B2,As,V,3.06161,3.14346060459452,0.08185060459451998,2.673449740317022
As1W1,As1W1,B2,As,W,3.12483,3.1717177475314458,0.046887747531445534,1.5004895476376485
As1Y1,As1Y1,B2,As,Y,3.57734,3.626686319005935,0.04934631900593489,1.379413726565965
As1Zn1,As1Zn1,B2,As,Zn,3.28653,3.21386034497996,-0.07266965502003986,-2.211136214184561
As1Zr1,As1Zr1,B2,As,Zr,3.35791,3.4065537216715795,0.0486437216715796,1.4486308945617838
B1Ag1,B1Ag1,B2,B,Ag,2.89237,2.8882478774400613,-0.004122122559938823,-0.14251712470876213
B1Al1,B1Al1,B2,B,Al,2.78359,2.818209482925225,0.03461948292522532,1.2436990693753507
B1As1,B1As1,B2,B,As,2.94255,2.8504403449494697,-0.09210965505053048,-3.130266437291821
B1B1,B2,B2,B,B,2.311,2.429723202061838,0.11872320206183806,5.137308613666727
B1Ca1,B1Ca1,B2,B,Ca,3.26282,3.3125689164071885,0.04974891640718848,1.5247214497639612
B1Cd1,B1Cd1,B2,B,Cd,3.10514,3.0083072279912035,-0.09683277200879647,-3.118467186947979
B1Ce1,B1Ce1,B2,B,Ce,3.2361,3.2490973436196056,0.012997343619605584,0.4016360316308391
B1Co1,B1Co1,B2,B,Co,2.47848,2.578171588192988,0.09969158819298807,4.022287377464739
B1Cr1,B1Cr1,B2,B,Cr,2.57136,2.6982156694504558,0.1268556694504559,4.933407591720176
B1Cu1,B1Cu1,B2,B,Cu,2.61603,2.6849689163570623,0.0689389163570624,2.635249456507089
B1Fe1,B1Fe1,B2,B,Fe,2.48528,2.6077419033153406,0.12246190331534068,4.927489188958213
B1Ga1,B1Ga1,B2,B,Ga,2.92704,2.838780994300125,-0.08825900569987466,-3.015298926556339
B1Gd1,B1Gd1,B2,B,Gd,3.24524,3.348983511329071,0.10374351132907123,3.196790108869336
B1Ge1,B1Ge1,B2,B,Ge,2.92283,2.8526277475468738,-0.07020225245312606,-2.4018588988455045
B1Hf1,B1Hf1,B2,B,Hf,2.98713,2.957145799494926,-0.02998420050507411,-1.0037795645008456
B1In1,B1In1,B2,B,In,3.20789,3.058136838580888,-0.14975316141911188,-4.668276076146997
B1La1,B1La1,B2,B,La,3.40442,3.3462695657247084,-0.05815043427529165,-1.7080863781581488
B1Mg1,B1Mg1,B2,B,Mg,2.90749,2.971676318975446,0.06418631897544591,2.2076195954395685
B1Mn1,B1Mn1,B2,B,Mn,2.5219,2.6395241111913337,0.11762411119133365,4.664106871459362
B1Mo1,B1Mo1,B2,B,Mo,2.7803,2.7708754039824615,-0.009424596017538533,-0.33897766491164744
B1Na1,B1Na1,B2,B,Na,3.11534,3.1744417735537187,0.059101773553718484,1.8971211345701746
B1Nb1,B1Nb1,B2,B,Nb,2.88645,2.8441061890271806,-0.04234381097281936,-1.4669857774366215
B1Ni1,B1Ni1,B2,B,Ni,2.51802,2.601238916606153,0.08321891660615321,3.304934694964822
B1Pd1,B1Pd1,B2,B,Pd,2.77503,2.7689790462481727,-0.006050953751827404,-0.21805003015561647
B1Ru1,B1Ru1,B2,B,Ru,2.692,2.6772752798825783,-0.014724720117421874,-0.5469806878685688
B1Sb1,B1Sb1,B2,B,Sb,3.20481,3.070160734510207,-0.13464926548979328,-4.201474205640686
B1Sc1,B1Sc1,B2,B,Sc,2.96689,3.0047648903261175,0.03787489032611768,1.27658559387499
B1Se1,B1Se1,B2,B,Se,3.00978,2.8913574878037673,-0.11842251219623279,-3.934590308801068
B1Si1,B1Si1,B2,B,Si,2.71288,2.749846968447991,0.036966968447990745,1.3626466503491028
B1Sn1,B1Sn1,B2,B,Sn,3.18381,3.070013202077405,-0.1137967979225949,-3.57423332179354
B1Sr1,B1Sr1,B2,B,Sr,3.50299,3.5247323272417965,0.021742327241796477,0.6206791124666778
B1Ta1,B1Ta1,B2,B,Ta,2.87385,2.8336756696537546,-0.0401743303462454,-1.397927182916485
B1Tc1,B1Tc1,B2,B,Tc,2.72257,2.7012081370547754,-0.021361862945224797,-0.7846212565783358
B1Ti1,B1Ti1,B2,B,Ti,2.78966,2.811420344875491,0.021760344875490834,0.7800357346590923
B1V1,B1V1,B2,B,V,2.65573,2.722743461706888,0.06701346170688804,2.5233537184460784
B1W1,B1W1,B2,B,W,2.79606,2.751000604643814,-0.045059395356186194,-1.6115317752904514
B1Y1,B1Y1,B2,B,Y,3.2136,3.205969176118303,-0.007630823881696891,-0.23745406652031648
B1Zn1,B1Zn1,B2,B,Zn,2.80771,2.7931432020923284,-0.014566797907671791,-0.5188141904851922
B1Zr1,B1Zr1,B2,B,Zr,3.02326,2.985836578783948,-0.037423421216052244,-1.2378499108926206
Ca1Ag1,Ca1Ag1,B2,Ca,Ag,3.7117,3.771093591785412,0.059393591785411814,1.6001722064124744
Ca1Al1,Ca1Al1,B2,Ca,Al,3.70784,3.701055197270576,-0.006784802729423944,-0.18298531569387957
Ca1As1,Ca1As1,B2,Ca,As,3.63856,3.7332860592948207,0.0947260592948207,2.6033941805225336
Ca1B1,Ca1B1,B2,Ca,B,3.26282,3.3125689164071885,0.04974891640718848,1.5247214497639612
Ca1Ca1,Ca2,B2,Ca,Ca,4.38383,4.19541463075254,-0.18841536924745927,-4.29796249506617
Ca1Cd1,Ca1Cd1,B2,Ca,Cd,3.82042,3.891152942336555,0.07073294233655503,1.8514441432239133
Ca1Ce1,Ca1Ce1,B2,Ca,Ce,4.15484,4.131943057964956,-0.022896942035044,-0.5510908250388462
Ca1Co1,Ca1Co1,B2,Ca,Co,3.42967,3.461017302538339,0.03134730253833862,0.9140034620922308
Ca1Cr1,Ca1Cr1,B2,Ca,Cr,3.78043,3.5810613837958067,-0.19936861620419322,-5.273702097491376
Ca1Cu1,Ca1Cu1,B2,Ca,Cu,3.56038,3.567814630702413,0.007434630702412903,0.2088156517678704
Ca1Fe1,Ca1Fe1,B2,Ca,Fe,3.55481,3.490587617660692,-0.06422238233930777,-1.8066333317197762
Ca1Ga1,Ca1Ga1,B2,Ca,Ga,3.67416,3.7216267086454757,0.04746670864547564,1.291906412499065
Ca1Gd1,Ca1Gd1,B2,Ca,Gd,4.1679,4.231829225674422,0.06392922567442128,1.533847397356493
Ca1Ge1,Ca1Ge1,B2,Ca,Ge,3.66842,3.7354734618922243,0.0670534618922245,1.8278567310238332
Ca1Hf1,Ca1Hf1,B2,Ca,Hf,3.81963,3.8399915138402765,0.020361513840276402,0.5330755554929771
Ca1In1,Ca1In1,B2,Ca,In,3.87536,3.940982552926239,0.06562255292623886,1.6933279211799384
Ca1La1,Ca1La1,B2,Ca,La,4.29481,4.22911528007006,-0.06569471992994025,-1.5296304127526072
Ca1Mg1,Ca1Mg1,B2,Ca,Mg,3.95972,3.8545220333207966,-0.10519796667920334,-2.6567021577082053
Ca1Mn1,Ca1Mn1,B2,Ca,Mn,3.68895,3.522369825536684,-0.16658017446331597,-4.515652813492077
Ca1Mo1,Ca1Mo1,B2,Ca,Mo,3.61571,3.653721118327812,0.03801111832781201,1.0512767430964323
Ca1Na1,Ca1Na1,B2,Ca,Na,4.26585,4.05728748789907,-0.20856251210093024,-4.889119685430342
Ca1Nb1,Ca1Nb1,B2,Ca,Nb,3.6733,3.7269519033725316,0.053651903372531784,1.46059138574393
Ca1Ni1,Ca1Ni1,B2,Ca,Ni,3.41852,3.4840846309515046,0.06556463095150455,1.9179244512685183
Ca1Pd1,Ca1Pd1,B2,Ca,Pd,3.51984,3.6518247605935232,0.13198476059352338,3.7497375049298656
Ca1Ru1,Ca1Ru1,B2,Ca,Ru,3.41819,3.560120994227929,0.14193099422792876,4.15222659442362
Ca1Sb1,Ca1Sb1,B2,Ca,Sb,3.8782,3.953006448855558,0.07480644885555776,1.9288961078736984
Ca1Sc1,Ca1Sc1,B2,Ca,Sc,3.9732,3.8876106046714685,-0.08558939532853138,-2.1541678075236934
Ca1Se1,Ca1Se1,B2,Ca,Se,3.64701,3.7742032021491188,0.1271932021491189,3.4876022316670063
Ca1Si1,Ca1Si1,B2,Ca,Si,3.61689,3.6326926827933423,0.015802682793342182,0.4369135581491885
Ca1Sn1,Ca1Sn1,B2,Ca,Sn,3.89365,3.952858916422756,0.05920891642275583,1.5206532796413603
Ca1Sr1,Ca1Sr1,B2,Ca,Sr,4.55508,4.407578041587147,-0.14750195841285318,-3.238185902615392
Ca1Ta1,Ca1Ta1,B2,Ca,Ta,3.64308,3.716521383999105,0.07344138399910527,2.015914665588054
Ca1Tc1,Ca1Tc1,B2,Ca,Tc,3.48768,3.5840538514001268,0.09637385140012666,2.7632653053068705
Ca1Ti1,Ca1Ti1,B2,Ca,Ti,3.7694,3.694266059220842,-0.07513394077915825,-1.9932599559388298
Ca1V1,Ca1V1,B2,Ca,V,3.78128,3.605589176052239,-0.17569082394776103,-4.646332034331259
Ca1W1,Ca1W1,B2,Ca,W,3.51715,3.6338463189891645,0.11669631898916455,3.3179227212136118
Ca1Y1,Ca1Y1,B2,Ca,Y,4.14546,4.088814890463654,-0.05664510953634583,-1.3664372478891567
Ca1Zn1,Ca1Zn1,B2,Ca,Zn,3.66633,3.6759889164376793,0.009658916437679466,0.2634491831798956
Ca1Zr1,Ca1Zr1,B2,Ca,Zr,3.85484,3.868682293129299,0.013842293129298966,0.35908865554209685
Cd1Ag1,Cd1Ag1,B2,Cd,Ag,3.3837,3.466831903369427,0.08313190336942666,2.4568343342916528
Cd1Al1,Cd1Al1,B2,Cd,Al,3.46428,3.3967935088545906,-0.06748649114540939,-1.9480668752355292
Cd1As1,Cd1As1,B2,Cd,As,3.49866,3.4290243708788357,-0.06963562912116439,-1.990351423721207
Cd1B1,Cd1B1,B2,Cd,B,3.10514,3.0083072279912035,-0.09683277200879647,-3.118467186947979
Cd1Ca1,Cd1Ca1,B2,Cd,Ca,3.82038,3.891152942336555,0.07077294233655484,1.8525105444106305
Cd1Cd1,Cd2,B2,Cd,Cd,3.584,3.58689125392057,0.0028912539205698806,0.08067114733732926
Cd1Ce1,Cd1Ce1,B2,Cd,Ce,3.83632,3.827681369548971,-0.008638630451029083,-0.22518013228899264
Cd1Co1,Cd1Co1,B2,Cd,Co,3.12489,3.156755614122354,0.03186561412235367,1.0197355466065579
Cd1Cr1,Cd1Cr1,B2,Cd,Cr,3.33526,3.2767996953798213,-0.058460304620178594,-1.7527960225043504
Cd1Cu1,Cd1Cu1,B2,Cd,Cu,3.20058,3.263552942286428,0.0629729422864278,1.96754782840697
Cd1Fe1,Cd1Fe1,B2,Cd,Fe,3.2053,3.186325929244707,-0.018974070755292782,-0.5919592785478047
Cd1Ga1,Cd1Ga1,B2,Cd,Ga,3.49919,3.4173650202294907,-0.08182497977050929,-2.338397736919381
Cd1Gd1,Cd1Gd1,B2,Cd,Gd,3.77071,3.927567537258437,0.15685753725843732,4.159893952556344
Cd1Ge1,Cd1Ge1,B2,Cd,Ge,3.50935,3.4312117734762393,-0.07813822652376068,-2.226572628086702
Cd1Hf1,Cd1Hf1,B2,Cd,Hf,3.47502,3.5357298254242915,0.060709825424291264,1.7470352810715122
Cd1In1,Cd1In1,B2,Cd,In,3.70163,3.636720864510254,-0.0649091354897462,-1.7535284588072333
Cd1La1,Cd1La1,B2,Cd,La,3.93675,3.9248535916540743,-0.011896408345925646,-0.302188565337541
Cd1Mg1,Cd1Mg1,B2,Cd,Mg,3.51993,3.5502603449048116,0.030330344904811568,0.8616746612805246
Cd1Mn1,Cd1Mn1,B2,Cd,Mn,3.30168,3.218108137120699,-0.08357186287930096,-2.5311920864317847
Cd1Mo1,Cd1Mo1,B2,Cd,Mo,3.28426,3.349459429911827,0.06519942991182681,1.9852091464082262
Cd1Na1,Cd1Na1,B2,Cd,Na,3.73489,3.7530257994830847,0.018135799483084636,0.48557787466524144
Cd1Nb1,Cd1Nb1,B2,Cd,Nb,3.38187,3.4226902149565466,0.04082021495654642,1.2070308721667722
Cd1Ni1,Cd1Ni1,B2,Cd,Ni,3.13275,3.1798229425355196,0.04707294253551941,1.5026076940553639
Cd1Pd1,Cd1Pd1,B2,Cd,Pd,3.28228,3.3475630721775382,0.06528307217753815,1.9889550001077954
Cd1Ru1,Cd1Ru1,B2,Cd,Ru,3.23732,3.255859305811944,0.01853930581194385,0.5726744903791979
Cd1Sb1,Cd1Sb1,B2,Cd,Sb,3.71596,3.648744760439573,-0.06721523956042708,-1.808825702118082
Cd1Sc1,Cd1Sc1,B2,Cd,Sc,3.53743,3.583348916255483,0.045918916255482944,1.2980869234298047
Cd1Se1,Cd1Se1,B2,Cd,Se,3.55646,3.4699415137331338,-0.0865184862668662,-2.4327136047324083
Cd1Si1,Cd1Si1,B2,Cd,Si,3.42942,3.3284309943773573,-0.10098900562264257,-2.9447838299958176
Cd1Sn1,Cd1Sn1,B2,Cd,Sn,3.72173,3.648597228006771,-0.0731327719932291,-1.96502089064035
Cd1Sr1,Cd1Sr1,B2,Cd,Sr,4.06942,4.103316353171162,0.03389635317116202,0.8329529311587897
Cd1Ta1,Cd1Ta1,B2,Cd,Ta,3.3584,3.41225969558312,0.05385969558312009,1.6037308117889497
Cd1Tc1,Cd1Tc1,B2,Cd,Tc,3.23971,3.2797921629841413,0.040082162984141245,1.2372145341447613
Cd1Ti1,Cd1Ti1,B2,Cd,Ti,3.34741,3.390004370804857,0.04259437080485684,1.2724575359712984
Cd1V1,Cd1V1,B2,Cd,V,3.33572,3.301327487636254,-0.03439251236374563,-1.031037148314176
Cd1W1,Cd1W1,B2,Cd,W,3.27935,3.3295846305731795,0.05023463057317956,1.531847182312945
Cd1Y1,Cd1Y1,B2,Cd,Y,3.7423,3.784553202047669,0.042253202047668914,1.1290704125182083
Cd1Zn1,Cd1Zn1,B2,Cd,Zn,3.3984,3.371727228021694,-0.026672771978306198,-0.7848626406045843
Cd1Zr1,Cd1Zr1,B2,Cd,Zr,3.51928,3.564420604713314,0.0451406047133136,1.282665906472733
Ce1Ag1,Ce1Ag1,B2,Ce,Ag,3.71631,3.707622018997828,-0.008687981002172052,-0.2337797708525944
Ce1Al1,Ce1Al1,B2,Ce,Al,3.6726,3.637583624482992,-0.03501637551700787,-0.9534492053860444
Ce1As1,Ce1As1,B2,Ce,As,3.61721,3.669814486507237,0.052604486507236814,1.4542834534692985
Ce1B1,Ce1B1,B2,Ce,B,3.23681,3.2490973436196056,0.012287343619605373,0.3796127551387129
Ce1Ca1,Ce1Ca1,B2,Ce,Ca,4.15377,4.131943057964956,-0.02182694203504365,-0.525473053034801
Ce1Cd1,Ce1Cd1,B2,Ce,Cd,3.83942,3.827681369548971,-0.011738630451028964,-0.3057396807598274
Ce1Ce1,Ce2,B2,Ce,Ce,3.76562,4.068471485177373,0.3028514851773725,8.04253974584192
Ce1Cr1,Ce1Cr1,B2,Ce,Cr,3.37759,3.517589811008223,0.13999981100822279,4.144961674099662
Ce1Cu1,Ce1Cu1,B2,Ce,Cu,3.5029,3.50434305791483,0.0014430579148299039,0.041196092233004196
Ce1Fe1,Ce1Fe1,B2,Ce,Fe,3.33761,3.427116044873108,0.08950604487310798,2.681740672909896
Ce1Ga1,Ce1Ga1,B2,Ce,Ga,3.64262,3.6581551358578923,0.015535135857892346,0.4264824729972478
Ce1Gd1,Ce1Gd1,B2,Ce,Gd,4.0,4.168357652886838,0.16835765288683824,4.208941322170956
Ce1Ge1,Ce1Ge1,B2,Ce,Ge,3.63318,3.672001889104641,0.038821889104641016,1.06853745491941
Ce1Hf1,Ce1Hf1,B2,Ce,Hf,4.0,3.776519941052693,-0.22348005894730694,-5.587001473682673
Ce1In1,Ce1In1,B2,Ce,In,3.86846,3.877510980138655,0.009050980138655351,0.23396855954708984
Ce1La1,Ce1La1,B2,Ce,La,4.08764,4.1656437072824755,0.07800370728247508,1.9082822186512285
Ce1Mg1,Ce1Mg1,B2,Ce,Mg,3.84237,3.7910504605332127,-0.051319539466787134,-1.3356220110709571
Ce1Mn1,Ce1Mn1,B2,Ce,Mn,4.0,3.4588982527491012,-0.5411017472508988,-13.52754368127247
Ce1Mo1,Ce1Mo1,B2,Ce,Mo,4.0,3.5902495455402286,-0.40975045445977143,-10.243761361494286
Ce1Na1,Ce1Na1,B2,Ce,Na,4.0975,3.993815915111486,-0.10368408488851433,-2.5304230601223754
Ce1Nb1,Ce1Nb1,B2,Ce,Nb,3.57669,3.6634803305849477,0.08679033058494756,2.426554456353432
Ce1Ni1,Ce1Ni1,B2,Ce,Ni,3.40848,3.4206130581639203,0.012133058163920296,0.3559668287307039
Ce1Pd1,Ce1Pd1,B2,Ce,Pd,3.56399,3.58835318780594,0.024363187805939823,0.6835930461628631
Ce1Ru1,Ce1Ru1,B2,Ce,Ru,3.44611,3.496649421440346,0.050539421440345844,1.4665643708513612
Ce1Sb1,Ce1Sb1,B2,Ce,Sb,3.84898,3.8895348760679744,0.040554876067974366,1.0536525538707493
Ce1Sc1,Ce1Sc1,B2,Ce,Sc,3.81187,3.824139031883885,0.012269031883885173,0.32186385904779474
Ce1Se1,Ce1Se1,B2,Ce,Se,3.64208,3.710731629361535,0.0686516293615349,1.8849566555796387
Ce1Si1,Ce1Si1,B2,Ce,Si,3.56388,3.569221110005758,0.005341110005757876,0.14986784082959798
Ce1Sn1,Ce1Sn1,B2,Ce,Sn,3.85977,3.889387343635172,0.029617343635171878,0.7673344172106595
Ce1Sr1,Ce1Sr1,B2,Ce,Sr,4.3636,4.344106468799564,-0.019493531200436287,-0.44673047943066013
Ce1Ta1,Ce1Ta1,B2,Ce,Ta,3.56299,3.653049811211522,0.09005981121152207,2.527647038344819
Ce1Tc1,Ce1Tc1,B2,Ce,Tc,3.45341,3.520582278612543,0.06717227861254305,1.9451000203434592
Ce1Ti1,Ce1Ti1,B2,Ce,Ti,3.56153,3.6307944864332584,0.06926448643325855,1.9447958162154624
Ce1V1,Ce1V1,B2,Ce,V,3.52036,3.542117603264655,0.0217576032646547,0.6180505193972974
Ce1W1,Ce1W1,B2,Ce,W,3.48643,3.570374746201581,0.08394474620158121,2.40775653610086
Ce1Y1,Ce1Y1,B2,Ce,Y,4.01081,4.025343317676071,0.014533317676070467,0.36235368107864663
Ce1Zn1,Ce1Zn1,B2,Ce,Zn,3.60478,3.6125173436500955,0.007737343650095596,0.21464121666497252
Ce1Zr1,Ce1Zr1,B2,Ce,Zr,3.71274,3.8052107203417154,0.09247072034171522,2.490632803312788
Co1Ag1,Co1Ag1,B2,Co,Ag,3.06525,3.0366962635712107,-0.02855373642878911,-0.9315304274949551
Co1Al1,Co1Al1,B2,Co,Al,2.85077,2.966657869056375,0.11588786905637516,4.0651427178051955
Co1As1,Co1As1,B2,Co,As,2.9692,2.9988887310806196,0.029688731080619757,0.9998899057193776
Co1B1,Co1B1,B2,Co,B,2.47842,2.578171588192988,0.09975158819298802,4.024805650091108
Co1Ca1,Co1Ca1,B2,Co,Ca,3.42971,3.461017302538339,0.0313073025383388,0.9128265228937374
Co1Cd1,Co1Cd1,B2,Co,Cd,3.1246,3.156755614122354,0.03215561412235379,1.0291113781717274
Co1Ce1,Co1Ce1,B2,Co,Ce,3.35353,3.397545729750755,0.04401572975075485,1.3125193378545845
Co1Co1,Co2,B2,Co,Co,2.80098,2.7266199743241377,-0.0743600256758623,-2.6547860275997084
Co1Cr1,Co1Cr1,B2,Co,Cr,2.80954,2.8466640555816056,0.037124055581605475,1.3213570755926405
Co1Cu1,Co1Cu1,B2,Co,Cu,2.8368,2.833417302488212,-0.003382697511788102,-0.11924342610646158
Co1Fe1,Co1Fe1,B2,Co,Fe,2.83839,2.756190289446491,-0.08219971055350905,-2.8959977506089385
Co1Ga1,Co1Ga1,B2,Co,Ga,2.87948,2.9872293804312746,0.10774938043127458,3.741973565757518
Co1Gd1,Co1Gd1,B2,Co,Gd,3.36042,3.497431897460221,0.13701189746022102,4.077225390285173
Co1Ge1,Co1Ge1,B2,Co,Ge,2.92766,3.001076133678023,0.07341613367802324,2.5076728062009677
Co1Hf1,Co1Hf1,B2,Co,Hf,3.14126,3.1055941856260754,-0.035665814373924576,-1.1353983552435831
Co1In1,Co1In1,B2,Co,In,3.12684,3.206585224712038,0.07974522471203782,2.5503455473269443
Co1La1,Co1La1,B2,Co,La,3.48918,3.494717951855858,0.0055379518558580365,0.15871786081136646
Co1Mg1,Co1Mg1,B2,Co,Mg,3.02847,3.1201247051065955,0.09165470510659546,3.02643595962963
Co1Mn1,Co1Mn1,B2,Co,Mn,2.77364,2.7879724973224835,0.01433249732248365,0.5167396389756296
Co1Mo1,Co1Mo1,B2,Co,Mo,3.84973,2.9193237901136113,-0.9304062098863888,-24.168089966994796
Co1Na1,Co1Na1,B2,Co,Na,3.30001,3.3228901596848686,0.022880159684868673,0.6933360712503499
Co1Nb1,Co1Nb1,B2,Co,Nb,3.06713,2.9925545751583305,-0.07457542484166968,-2.4314399729281013
Co1Ni1,Co1Ni1,B2,Co,Ni,2.77274,2.7496873027373034,-0.023052697262696764,-0.8314049374516458
Co1Pd1,Co1Pd1,B2,Co,Pd,2.99862,2.917427432379322,-0.08119256762067772,-2.707664446334572
Co1Ru1,Co1Ru1,B2,Co,Ru,2.90323,2.8257236660137277,-0.07750633398627249,-2.6696587589089558
Co1Sb1,Co1Sb1,B2,Co,Sb,3.17914,3.2186091206413567,0.03946912064135688,1.2415030681680228
Co1Sc1,Co1Sc1,B2,Co,Sc,3.11908,3.1532132764572673,0.03413327645726749,1.0943379604648644
Co1Se1,Co1Se1,B2,Co,Se,3.02794,3.0398058739349176,0.011865873934917559,0.3918794274297892
Co1Si1,Co1Si1,B2,Co,Si,2.78119,2.8982953545791412,0.11710535457914117,4.210620438702181
Co1Sn1,Co1Sn1,B2,Co,Sn,3.14047,3.2184615882085548,0.07799158820855467,2.4834368170546024
Co1Sr1,Co1Sr1,B2,Co,Sr,3.65288,3.673180713372946,0.02030071337294581,0.555745422049063
Co1Ta1,Co1Ta1,B2,Co,Ta,3.05001,2.9821240557849045,-0.06788594421509542,-2.225761365211767
Co1Tc1,Co1Tc1,B2,Co,Tc,2.92099,2.8496565231859257,-0.07133347681407454,-2.4420993161248252
Co1Ti1,Co1Ti1,B2,Co,Ti,2.96208,2.959868731006641,-0.0022112689933586616,-0.07465257499320281
Co1V1,Co1V1,B2,Co,V,2.86949,2.871191847838038,0.001701847838038173,0.059308373196567093
Co1W1,Co1W1,B2,Co,W,2.97934,2.899448990774964,-0.07989100922503622,-2.681500239148141
Co1Y1,Co1Y1,B2,Co,Y,3.33599,3.354417562249453,0.01842756224945319,0.5523866153511608
Co1Zn1,Co1Zn1,B2,Co,Zn,2.87564,2.941591588223478,0.06595158822347802,2.2934577423974494
Co1Zr1,Co1Zr1,B2,Co,Zr,3.18377,3.1342849649150977,-0.04948503508490232,-1.554290513601872
Cr1Ag1,Cr1Ag1,B2,Cr,Ag,3.27566,3.1567403448286786,-0.11891965517132119,-3.630402885870976
Cr1Al1,Cr1Al1,B2,Cr,Al,3.04043,3.0867019503138424,0.046271950313842236,1.5218883616410255
Cr1As1,Cr1As1,B2,Cr,As,2.98432,3.1189328123380875,0.13461281233808764,4.51066951057821
Cr1B1,Cr1B1,B2,Cr,B,2.57136,2.6982156694504558,0.1268556694504559,4.933407591720176
Cr1Ca1,Cr1Ca1,B2,Cr,Ca,3.78042,3.5810613837958067,-0.19935861620419315,-5.273451526660878
Cr1Cd1,Cr1Cd1,B2,Cr,Cd,3.33526,3.2767996953798213,-0.058460304620178594,-1.7527960225043504
Cr1Ce1,Cr1Ce1,B2,Cr,Ce,4.0,3.517589811008223,-0.4824101889917771,-12.060254724794428
Cr1Co1,Cr1Co1,B2,Cr,Co,2.8101,2.8466640555816056,0.0365640555816058,1.3011656375789404
Cr1Cr1,Cr2,B2,Cr,Cr,2.83631,2.966708136839073,0.13039813683907298,4.597457148163387
Cr1Cu1,Cr1Cu1,B2,Cr,Cu,2.88355,2.95346138374568,0.06991138374567996,2.4244900815203465
Cr1Fe1,Cr1Fe1,B2,Cr,Fe,2.80201,2.876234370703959,0.07422437070395871,2.6489688011091577
Cr1Ga1,Cr1Ga1,B2,Cr,Ga,2.97001,3.107273461688743,0.13726346168874315,4.621649815614869
Cr1Gd1,Cr1Gd1,B2,Cr,Gd,4.0,3.6174759787176884,-0.38252402128231155,-9.563100532057788
Cr1Ge1,Cr1Ge1,B2,Cr,Ge,2.97464,3.1211202149354915,0.14648021493549157,4.924300585465521
Cr1Hf1,Cr1Hf1,B2,Cr,Hf,3.20428,3.2256382668835433,0.021358266883543475,0.6665543237027812
Cr1In1,Cr1In1,B2,Cr,In,3.3543,3.3266293059695053,-0.02767069403049449,-0.824931998643368
Cr1La1,Cr1La1,B2,Cr,La,3.72818,3.6147620331133257,-0.11341796688667438,-3.0421805515472533
Cr1Mg1,Cr1Mg1,B2,Cr,Mg,3.32908,3.2401687863640634,-0.08891121363593646,-2.670744278777814
Cr1Mn1,Cr1Mn1,B2,Cr,Mn,2.80738,2.9080165785799514,0.10063657857995123,3.5847152355559713
Cr1Mo1,Cr1Mo1,B2,Cr,Mo,3.0039,3.0393678713710788,0.035467871371078985,1.180727433372582
Cr1Na1,Cr1Na1,B2,Cr,Na,3.67814,3.4429342409423365,-0.2352057590576635,-6.394692944196347
Cr1Nb1,Cr1Nb1,B2,Cr,Nb,3.10195,3.1125986564157984,0.010648656415798374,0.3432891057495567
Cr1Ni1,Cr1Ni1,B2,Cr,Ni,2.83449,2.8697313839947705,0.03524138399477028,1.243305991369533
Cr1Pd1,Cr1Pd1,B2,Cr,Pd,3.12524,3.0374715136367905,-0.08776848636320933,-2.8083758803550873
Cr1Ru1,Cr1Ru1,B2,Cr,Ru,2.94767,2.945767747271196,-0.0019022527288039548,-0.06453411436164683
Cr1Sb1,Cr1Sb1,B2,Cr,Sb,3.23224,3.3386532018988246,0.10641320189882464,3.2922432090075193
Cr1Sc1,Cr1Sc1,B2,Cr,Sc,3.31589,3.2732573577147352,-0.042632642285264755,-1.2857073752526398
Cr1Se1,Cr1Se1,B2,Cr,Se,3.11651,3.1598499551923855,0.04333995519238565,1.390656702285109
Cr1Si1,Cr1Si1,B2,Cr,Si,2.87242,3.0183394358366082,0.14591943583660827,5.080017401236876
Cr1Sn1,Cr1Sn1,B2,Cr,Sn,3.2442,3.3385056694660222,0.09430566946602204,2.9069006061901863
Cr1Sr1,Cr1Sr1,B2,Cr,Sr,4.04606,3.793224794630414,-0.2528352053695859,-6.248923776948091
Cr1Ta1,Cr1Ta1,B2,Cr,Ta,3.0843,3.1021681370423724,0.017868137042372556,0.5793255209406529
Cr1Tc1,Cr1Tc1,B2,Cr,Tc,2.96167,2.969700604443393,0.008030604443393319,0.2711512235797141
Cr1Ti1,Cr1Ti1,B2,Cr,Ti,3.02681,3.0799128122641086,0.053102812264108845,1.7544151190232904
Cr1V1,Cr1V1,B2,Cr,V,2.89587,2.9912359290955055,0.09536592909550556,3.293170242293527
Cr1W1,Cr1W1,B2,Cr,W,3.01636,3.0194930720324313,0.0031330720324311834,0.10386930049566973
Cr1Y1,Cr1Y1,B2,Cr,Y,3.53546,3.4744616435069204,-0.06099835649307961,-1.7253301265770113
Cr1Zn1,Cr1Zn1,B2,Cr,Zn,3.10286,3.0616356694809457,-0.0412243305190545,-1.32859138082461
Cr1Zr1,Cr1Zr1,B2,Cr,Zr,3.23444,3.254329046172566,0.019889046172565816,0.6149146737168046
Cu1Ag1,Cu1Ag1,B2,Cu,Ag,3.10802,3.1434935917352855,0.03547359173528575,1.1413566108096393
Cu1Al1,Cu1Al1,B2,Cu,Al,3.00082,3.0734551972204494,0.07263519722044931,2.420511634168304
Cu1As1,Cu1As1,B2,Cu,As,3.15299,3.105686059244694,-0.04730394075530597,-1.5002883217297223
Cu1B1,Cu1B1,B2,Cu,B,2.61538,2.6849689163570623,0.06958891635706221,2.6607573796948136
Cu1Ca1,Cu1Ca1,B2,Cu,Ca,3.55871,3.567814630702413,0.009104630702412742,0.2558407597812899
Cu1Cd1,Cu1Cd1,B2,Cu,Cd,3.1998,3.263552942286428,0.06375294228642758,1.992403971699093
Cu1Ce1,Cu1Ce1,B2,Cu,Ce,4.0,3.50434305791483,-0.4956569420851702,-12.391423552129254
Cu1Co1,Cu1Co1,B2,Cu,Co,2.8368,2.833417302488212,-0.003382697511788102,-0.11924342610646158
Cu1Cr1,Cu1Cr1,B2,Cu,Cr,2.88354,2.95346138374568,0.06992138374568002,2.4248452855060108
Cu1Cu1,Cu2,B2,Cu,Cu,2.89546,2.9402146306522865,0.044754630652286576,1.5456829192006305
Cu1Fe1,Cu1Fe1,B2,Cu,Fe,2.8209,2.862987617610565,0.0420876176105649,1.4919925417620228
Cu1Ga1,Cu1Ga1,B2,Cu,Ga,3.06802,3.0940267085953495,0.02600670859534926,0.8476707647065292
Cu1Gd1,Cu1Gd1,B2,Cu,Gd,3.50894,3.6042292256242954,0.09528922562429543,2.715612852436788
Cu1Ge1,Cu1Ge1,B2,Cu,Ge,3.13517,3.107873461842098,-0.027296538157902006,-0.8706557589509343
Cu1Hf1,Cu1Hf1,B2,Cu,Hf,3.22945,3.21239151379015,-0.017058486209849733,-0.528216452022782
Cu1In1,Cu1In1,B2,Cu,In,3.30549,3.3133825528761123,0.007892552876112457,0.23877104078706812
Cu1La1,Cu1La1,B2,Cu,La,3.65437,3.6015152800199326,-0.05285471998006752,-1.4463428711396908
Cu1Mg1,Cu1Mg1,B2,Cu,Mg,3.15473,3.2269220332706703,0.07219203327067047,2.288374386101837
Cu1Mn1,Cu1Mn1,B2,Cu,Mn,2.83942,2.894769825486558,0.05534982548655787,1.9493356208858805
Cu1Mo1,Cu1Mo1,B2,Cu,Mo,3.02871,3.0261211182776857,-0.0025888817223140848,-0.08547803263812266
Cu1Na1,Cu1Na1,B2,Cu,Na,3.41766,3.429687487848943,0.012027487848942808,0.3519217198007645
Cu1Nb1,Cu1Nb1,B2,Cu,Nb,3.13902,3.099351903322405,-0.03966809667759508,-1.263709586991962
Cu1Ni1,Cu1Ni1,B2,Cu,Ni,2.83672,2.8564846309013774,0.019764630901377256,0.6967423961962145
Cu1Pd1,Cu1Pd1,B2,Cu,Pd,3.0159,3.0242247605433965,0.008324760543396703,0.2760290640736332
Cu1Ru1,Cu1Ru1,B2,Cu,Ru,2.95638,2.9325209941778025,-0.023859005822197243,-0.8070344753447543
Cu1Sb1,Cu1Sb1,B2,Cu,Sb,3.38531,3.325406448805431,-0.059903551194568916,-1.7695144962963187
Cu1Sc1,Cu1Sc1,B2,Cu,Sc,3.26359,3.2600106046213417,-0.0035793953786584787,-0.10967662539284892
Cu1Se1,Cu1Se1,B2,Cu,Se,3.22025,3.1466032020989916,-0.07364679790100848,-2.286990075336029
Cu1Si1,Cu1Si1,B2,Cu,Si,3.0011,3.005092682743215,0.00399268274321507,0.13304064320466064
Cu1Sn1,Cu1Sn1,B2,Cu,Sn,3.35698,3.325258916372629,-0.031721083627370916,-0.9449291812096263
Cu1Sr1,Cu1Sr1,B2,Cu,Sr,3.79217,3.7799780415370208,-0.012191958462979269,-0.3215034785618595
Cu1Ta1,Cu1Ta1,B2,Cu,Ta,3.11737,3.088921383948979,-0.028448616051021336,-0.912583878430258
Cu1Tc1,Cu1Tc1,B2,Cu,Tc,2.97282,2.9564538513499996,-0.01636614865000041,-0.550526054386085
Cu1Ti1,Cu1Ti1,B2,Cu,Ti,3.07347,3.066666059170715,-0.006803940829284816,-0.22137651674767658
Cu1V1,Cu1V1,B2,Cu,V,2.95725,2.9779891760021124,0.02073917600211228,0.7012993829440284
Cu1W1,Cu1W1,B2,Cu,W,3.02712,3.0062463189390383,-0.02087368106096177,-0.6895557844076802
Cu1Y1,Cu1Y1,B2,Cu,Y,3.47659,3.4612148904135274,-0.01537510958647248,-0.4422468449392215
Cu1Zn1,Cu1Zn1,B2,Cu,Zn,2.96663,3.0483889163875526,0.08175891638755273,2.7559525922529176
Cu1Zr1,Cu1Zr1,B2,Cu,Zr,3.26753,3.241082293079172,-0.026447706920827763,-0.8094097658117222
Fe1Ag1,Fe1Ag1,B2,Fe,Ag,3.12805,3.066266578693564,-0.061783421306436104,-1.9751417434643344
Fe1Al1,Fe1Al1,B2,Fe,Al,2.86993,2.996228184178728,0.12629818417872807,4.400740930222272
Fe1As1,Fe1As1,B2,Fe,As,2.94614,3.028459046202973,0.08231904620297259,2.7941321934114667
Fe1B1,Fe1B1,B2,Fe,B,2.48518,2.6077419033153406,0.12256190331534045,4.931711317302588
Fe1Ca1,Fe1Ca1,B2,Fe,Ca,3.55481,3.490587617660692,-0.06422238233930777,-1.8066333317197762
Fe1Cd1,Fe1Cd1,B2,Fe,Cd,3.2053,3.186325929244707,-0.018974070755292782,-0.5919592785478047
Fe1Ce1,Fe1Ce1,B2,Fe,Ce,4.0,3.427116044873108,-0.5728839551268918,-14.322098878172296
Fe1Co1,Fe1Co1,B2,Fe,Co,2.83839,2.756190289446491,-0.08219971055350905,-2.8959977506089385
Fe1Cr1,Fe1Cr1,B2,Fe,Cr,2.80198,2.876234370703959,0.0742543707039589,2.650067834315695
Fe1Cu1,Fe1Cu1,B2,Fe,Cu,2.82176,2.862987617610565,0.04122761761056504,1.4610603882174615
Fe1Fe1,Fe2,B2,Fe,Fe,2.82657,2.785760604568844,-0.04080939543115569,-1.4437779864342895
Fe1Ga1,Fe1Ga1,B2,Fe,Ga,2.88952,3.016799695553628,0.12727969555362773,4.404873319915685
Fe1Gd1,Fe1Gd1,B2,Fe,Gd,3.70586,3.527002212582574,-0.17885778741742575,-4.826350359091433
Fe1Ge1,Fe1Ge1,B2,Fe,Ge,2.89079,3.0306464488003764,0.1398564488003764,4.838000989361952
Fe1Hf1,Fe1Hf1,B2,Fe,Hf,3.12988,3.1351645007484286,0.005284500748428567,0.16884036283910459
Fe1In1,Fe1In1,B2,Fe,In,3.1346,3.236155539834391,0.10155553983439125,3.2398245337328926
Fe1La1,Fe1La1,B2,Fe,La,3.54757,3.5242882669782114,-0.023281733021788487,-0.6562726886795325
Fe1Mg1,Fe1Mg1,B2,Fe,Mg,3.15309,3.1496950202289486,-0.0033949797710515206,-0.10767151495997643
Fe1Mn1,Fe1Mn1,B2,Fe,Mn,2.76925,2.8175428124448363,0.0482928124448363,1.7438950056815492
Fe1Mo1,Fe1Mo1,B2,Fe,Mo,2.97144,2.948894105235964,-0.02254589476403579,-0.7587531555082987
Fe1Na1,Fe1Na1,B2,Fe,Na,3.39607,3.3524604748072218,-0.043609525192778165,-1.284117382526808
Fe1Nb1,Fe1Nb1,B2,Fe,Nb,3.06125,3.0221248902806837,-0.03912510971931615,-1.278076266862104
Fe1Ni1,Fe1Ni1,B2,Fe,Ni,2.85058,2.7792576178596566,-0.07132238214034325,-2.502030539060235
Fe1Pd1,Fe1Pd1,B2,Fe,Pd,3.04765,2.9469977475016753,-0.10065225249832466,-3.3026184928822095
Fe1Ru1,Fe1Ru1,B2,Fe,Ru,2.90792,2.855293981136081,-0.05262601886391893,-1.8097478219455465
Fe1Sb1,Fe1Sb1,B2,Fe,Sb,3.17639,3.24817943576371,0.07178943576370989,2.260095132011809
Fe1Sc1,Fe1Sc1,B2,Fe,Sc,3.12459,3.1827835915796205,0.05819359157962056,1.8624392825817329
Fe1Se1,Fe1Se1,B2,Fe,Se,3.04653,3.069376189057271,0.02284618905727065,0.7499085535763852
Fe1Si1,Fe1Si1,B2,Fe,Si,2.7621,2.9278656697014944,0.1657656697014942,6.001436215252677
Fe1Sn1,Fe1Sn1,B2,Fe,Sn,3.12805,3.248031903330908,0.11998190333090797,3.83567728555835
Fe1Sr1,Fe1Sr1,B2,Fe,Sr,3.78127,3.702751028495299,-0.078518971504701,-2.0765238003290163
Fe1Ta1,Fe1Ta1,B2,Fe,Ta,3.04458,3.0116943709072572,-0.03288562909274262,-1.0801368035243817
Fe1Tc1,Fe1Tc1,B2,Fe,Tc,2.92379,2.879226838308279,-0.04456316169172103,-1.5241574015822283
Fe1Ti1,Fe1Ti1,B2,Fe,Ti,2.94893,2.9894390461289944,0.04050904612899453,1.373686256675965
Fe1V1,Fe1V1,B2,Fe,V,2.85531,2.9007621629603912,0.04545216296039145,1.5918468733829763
Fe1W1,Fe1W1,B2,Fe,W,2.97989,2.9290193058973166,-0.05087069410268352,-1.7071332868892313
Fe1Y1,Fe1Y1,B2,Fe,Y,3.39268,3.383987877371806,-0.008692122628193744,-0.25620225391707274
Fe1Zn1,Fe1Zn1,B2,Fe,Zn,2.91242,2.9711619033458314,0.0587419033458314,2.016944786323106
Fe1Zr1,Fe1Zr1,B2,Fe,Zr,3.16651,3.163855280037451,-0.00265471996254929,-0.08383740972077429
Ga1Ag1,Ga1Ag1,B2,Ga,Ag,3.31019,3.297305669678348,-0.012884330321651927,-0.38923234985459826
Ga1Al1,Ga1Al1,B2,Ga,Al,3.31478,3.2272672751635123,-0.08751272483648753,-2.640076410394884
Ga1As1,Ga1As1,B2,Ga,As,3.39545,3.2594981371877565,-0.13595186281224336,-4.0039424174187035
Ga1B1,Ga1B1,B2,Ga,B,2.92704,2.838780994300125,-0.08825900569987466,-3.015298926556339
Ga1Ca1,Ga1Ca1,B2,Ga,Ca,3.67416,3.7216267086454757,0.04746670864547564,1.291906412499065
Ga1Cd1,Ga1Cd1,B2,Ga,Cd,3.49919,3.4173650202294907,-0.08182497977050929,-2.338397736919381
Ga1Ce1,Ga1Ce1,B2,Ga,Ce,3.65216,3.6581551358578923,0.005995135857892464,0.16415315478764525
Ga1Co1,Ga1Co1,B2,Ga,Co,2.87923,2.9872293804312746,0.10799938043127444,3.7509813537395216
Ga1Cr1,Ga1Cr1,B2,Ga,Cr,2.97001,3.107273461688743,0.13726346168874315,4.621649815614869
Ga1Cu1,Ga1Cu1,B2,Ga,Cu,3.06802,3.0940267085953495,0.02600670859534926,0.8476707647065292
Ga1Fe1,Ga1Fe1,B2,Ga,Fe,2.88951,3.016799695553628,0.1272896955536278,4.40523464371564
Ga1Ga1,Ga2,B2,Ga,Ga,3.36182,3.247838786538412,-0.11398121346158785,-3.3904615197002776
Ga1Gd1,Ga1Gd1,B2,Ga,Gd,3.61282,3.7580413035673583,0.14522130356735818,4.019610818345729
Ga1Ge1,Ga1Ge1,B2,Ga,Ge,3.3753,3.2616855397851605,-0.11361446021483967,-3.3660551718318277
Ga1Hf1,Ga1Hf1,B2,Ga,Hf,3.32968,3.3662035917332127,0.03652359173321251,1.0969099653183643
Ga1In1,Ga1In1,B2,Ga,In,3.5985,3.4671946308191752,-0.1313053691808248,-3.648891737691394
Ga1La1,Ga1La1,B2,Ga,La,3.77394,3.755327357962995,-0.018612642037004967,-0.49318860493290745
Ga1Mg1,Ga1Mg1,B2,Ga,Mg,3.39898,3.380734111213733,-0.018245888786267095,-0.5368048292801691
Ga1Mn1,Ga1Mn1,B2,Ga,Mn,2.92087,3.048581903429621,0.12771190342962102,4.372392589523705
Ga1Mo1,Ga1Mo1,B2,Ga,Mo,3.1122,3.179933196220748,0.06773319622074814,2.176376718101283
Ga1Na1,Ga1Na1,B2,Ga,Na,3.58728,3.5834995657920055,-0.003780434207994343,-0.10538441961581878
Ga1Nb1,Ga1Nb1,B2,Ga,Nb,3.23006,3.2531639812654674,0.02310398126546742,0.715280250690929
Ga1Ni1,Ga1Ni1,B2,Ga,Ni,2.91678,3.0102967088444403,0.09351670884444019,3.2061625780634873
Ga1Pd1,Ga1Pd1,B2,Ga,Pd,3.10708,3.1780368384864595,0.07095683848645962,2.2837145643646
Ga1Ru1,Ga1Ru1,B2,Ga,Ru,3.02351,3.086333072120865,0.06282307212086513,2.077819227350501
Ga1Sb1,Ga1Sb1,B2,Ga,Sb,3.62616,3.479218526748494,-0.14694147325150597,-4.052261159229211
Ga1Sc1,Ga1Sc1,B2,Ga,Sc,3.3678,3.4138226825644047,0.04602268256440478,1.3665503463508755
Ga1Se1,Ga1Se1,B2,Ga,Se,3.44408,3.3004152800420545,-0.1436647199579455,-4.171352580600494
Ga1Si1,Ga1Si1,B2,Ga,Si,3.24419,3.158904760686278,-0.085285239313722,-2.6288608038900927
Ga1Sn1,Ga1Sn1,B2,Ga,Sn,3.61648,3.479070994315692,-0.13740900568430803,-3.7995234505460567
Ga1Sr1,Ga1Sr1,B2,Ga,Sr,3.89915,3.9337901194800833,0.034640119480083165,0.8884018178342244
Ga1Ta1,Ga1Ta1,B2,Ga,Ta,3.21948,3.242733461892042,0.023253461892041916,0.7222738421124504
Ga1Tc1,Ga1Tc1,B2,Ga,Tc,3.05823,3.1102659292930626,0.052035929293062555,1.7015047688716205
Ga1Ti1,Ga1Ti1,B2,Ga,Ti,3.17057,3.2204781371137776,0.049908137113777506,1.5741061422323905
Ga1V1,Ga1V1,B2,Ga,V,3.06567,3.131801253945175,0.06613125394517505,2.15715500837256
Ga1W1,Ga1W1,B2,Ga,W,3.12593,3.160058396882101,0.03412839688210134,1.091783785372716
Ga1Y1,Ga1Y1,B2,Ga,Y,3.57899,3.6150269683565903,0.036036968356590204,1.00690329832132
Ga1Zn1,Ga1Zn1,B2,Ga,Zn,3.26553,3.2022009943306156,-0.06332900566938449,-1.9393178341458963
Ga1Zr1,Ga1Zr1,B2,Ga,Zr,3.3655,3.394894371022235,0.029394371022235077,0.8734027937077723
Gd1Gd1,Gd2,B2,Gd,Gd,4.10135,4.268243820596304,0.16689382059630375,4.069241118078285
Ge1Ag1,Ge1Ag1,B2,Ge,Ag,3.35513,3.3111524229250966,-0.04397757707490335,-1.3107562769521106
Ge1Al1,Ge1Al1,B2,Ge,Al,3.31425,3.241114028410261,-0.07313597158973906,-2.2067125771966225
Ge1As1,Ge1As1,B2,Ge,As,3.38281,3.273344890434505,-0.10946510956549504,-3.235922489453887
Ge1B1,Ge1B1,B2,Ge,B,2.92283,2.8526277475468738,-0.07020225245312606,-2.4018588988455045
Ge1Ca1,Ge1Ca1,B2,Ge,Ca,3.66842,3.7354734618922243,0.0670534618922245,1.8278567310238332
Ge1Cd1,Ge1Cd1,B2,Ge,Cd,3.50935,3.4312117734762393,-0.07813822652376068,-2.226572628086702
Ge1Ce1,Ge1Ce1,B2,Ge,Ce,3.63343,3.672001889104641,0.03857188910464071,1.0615833827716705
Ge1Co1,Ge1Co1,B2,Ge,Co,2.92749,3.001076133678023,0.07358613367802302,2.513625449720512
Ge1Cr1,Ge1Cr1,B2,Ge,Cr,2.97465,3.1211202149354915,0.1464702149354915,4.923947857243424
Ge1Cu1,Ge1Cu1,B2,Ge,Cu,3.13517,3.107873461842098,-0.027296538157902006,-0.8706557589509343
Ge1Fe1,Ge1Fe1,B2,Ge,Fe,2.89079,3.0306464488003764,0.1398564488003764,4.838000989361952
Ge1Ga1,Ge1Ga1,B2,Ge,Ga,3.3753,3.2616855397851605,-0.11361446021483967,-3.3660551718318277
Ge1Gd1,Ge1Gd1,B2,Ge,Gd,3.61619,3.771888056814107,0.15569805681410687,4.305582859697828
Ge1Ge1,Ge2,B2,Ge,Ge,3.37643,3.275532293031909,-0.10089770696809097,-2.9882955360570476
Ge1Hf1,Ge1Hf1,B2,Ge,Hf,3.34788,3.3800503449799613,0.032170344979961296,0.9609169080122734
Ge1In1,Ge1In1,B2,Ge,In,3.57752,3.481041384065924,-0.09647861593407603,-2.6968015813769326
Ge1La1,Ge1La1,B2,Ge,La,3.77041,3.7691741112097437,-0.0012358887902563787,-0.03277863124319049
Ge1Mg1,Ge1Mg1,B2,Ge,Mg,3.40395,3.3945808644604814,-0.00936913553951868,-0.27524304233372054
Ge1Mn1,Ge1Mn1,B2,Ge,Mn,3.15012,3.0624286566763694,-0.08769134332363038,-2.7837461215328427
Ge1Mo1,Ge1Mo1,B2,Ge,Mo,3.13022,3.1937799494674968,0.06355994946749677,2.030526591341719
Ge1Na1,Ge1Na1,B2,Ge,Na,3.52317,3.597346319038754,0.0741763190387541,2.105385747459081
Ge1Nb1,Ge1Nb1,B2,Ge,Nb,3.23815,3.267010734512216,0.028860734512215824,0.8912723163601385
Ge1Ni1,Ge1Ni1,B2,Ge,Ni,2.97385,3.024143462091189,0.05029346209118879,1.6911902782987975
Ge1Pd1,Ge1Pd1,B2,Ge,Pd,3.17904,3.191883591733208,0.012843591733207926,0.404008497320195
Ge1Ru1,Ge1Ru1,B2,Ge,Ru,3.04561,3.1001798253676136,0.05456982536761368,1.791753552411953
Ge1Sb1,Ge1Sb1,B2,Ge,Sb,3.59186,3.4930652799952426,-0.09879472000475742,-2.7505170024655032
Ge1Sc1,Ge1Sc1,B2,Ge,Sc,3.39693,3.4276694358111532,0.03073943581115346,0.904918141120172
Ge1Se1,Ge1Se1,B2,Ge,Se,3.494,3.314262033288803,-0.17973796671119713,-5.1441890873267635
Ge1Si1,Ge1Si1,B2,Ge,Si,3.25553,3.1727515139330267,-0.08277848606697313,-2.5427038321555364
Ge1Sn1,Ge1Sn1,B2,Ge,Sn,3.61491,3.4929177475624407,-0.1219922524375594,-3.374696809534937
Ge1Sr1,Ge1Sr1,B2,Ge,Sr,3.87808,3.947636872726832,0.06955687272683164,1.7935904552467106
Ge1Ta1,Ge1Ta1,B2,Ge,Ta,3.22314,3.2565802151387904,0.033440215138790474,1.0375042703323614
Ge1Tc1,Ge1Tc1,B2,Ge,Tc,3.06837,3.124112682539811,0.055742682539811295,1.816687118561689
Ge1Ti1,Ge1Ti1,B2,Ge,Ti,3.19837,3.234324890360526,0.035954890360526015,1.1241629442661736
Ge1V1,Ge1V1,B2,Ge,V,3.06182,3.1456480071919235,0.08382800719192351,2.737848965384102
Ge1W1,Ge1W1,B2,Ge,W,3.13443,3.1739051501288498,0.03947515012884972,1.2594044253293173
Ge1Y1,Ge1Y1,B2,Ge,Y,3.59519,3.628873721603339,0.03368372160333877,0.9369107502896583
Ge1Zn1,Ge1Zn1,B2,Ge,Zn,3.30244,3.216047747577364,-0.0863922524226357,-2.616012779115918
Ge1Zr1,Ge1Zr1,B2,Ge,Zr,3.38465,3.4087411242689836,0.02409112426898341,0.7117759375115125
Hf1Ag1,Hf1Ag1,B2,Hf,Ag,3.39997,3.4156704748731483,0.015700474873148185,0.4617827472933051
Hf1Al1,Hf1Al1,B2,Hf,Al,3.35028,3.3456320803583126,-0.004647919641687537,-0.13873227436774052
Hf1As1,Hf1As1,B2,Hf,As,3.32569,3.3778629423825572,0.05217294238255743,1.568785496620474
Hf1B1,Hf1B1,B2,Hf,B,2.98713,2.957145799494926,-0.02998420050507411,-1.0037795645008456
Hf1Ca1,Hf1Ca1,B2,Hf,Ca,3.81963,3.8399915138402765,0.020361513840276402,0.5330755554929771
Hf1Cd1,Hf1Cd1,B2,Hf,Cd,3.47465,3.5357298254242915,0.06107982542429147,1.7578698696067652
Hf1Ce1,Hf1Ce1,B2,Hf,Ce,3.68747,3.776519941052693,0.08904994105269326,2.4149333025812623
Hf1Co1,Hf1Co1,B2,Hf,Co,3.14143,3.1055941856260754,-0.0358358143739248,-1.1407484608577876
Hf1Cr1,Hf1Cr1,B2,Hf,Cr,3.20428,3.2256382668835433,0.021358266883543475,0.6665543237027812
Hf1Cu1,Hf1Cu1,B2,Hf,Cu,3.23599,3.21239151379015,-0.023598486209849945,-0.7292509003380709
Hf1Fe1,Hf1Fe1,B2,Hf,Fe,3.12988,3.1351645007484286,0.005284500748428567,0.16884036283910459
Hf1Ga1,Hf1Ga1,B2,Hf,Ga,3.32968,3.3662035917332127,0.03652359173321251,1.0969099653183643
Hf1Gd1,Hf1Gd1,B2,Hf,Gd,4.08593,3.8764061087621586,-0.20952389123784165,-5.127936387501539
Hf1Ge1,Hf1Ge1,B2,Hf,Ge,3.34788,3.3800503449799613,0.032170344979961296,0.9609169080122734
Hf1Hf1,Hf2,B2,Hf,Hf,3.53375,3.484568396928013,-0.049181603071986935,-1.3917680388252405
Hf1In1,Hf1In1,B2,Hf,In,3.52561,3.5855594360139755,0.05994943601397562,1.7003989668163983
Hf1La1,Hf1La1,B2,Hf,La,3.82726,3.8736921631577954,0.046432163157795525,1.2131959458671615
Hf1Mg1,Hf1Mg1,B2,Hf,Mg,3.48002,3.499098916408533,0.019078916408532987,0.5482415735694907
Hf1Mn1,Hf1Mn1,B2,Hf,Mn,3.15033,3.1669467086244216,0.016616708624421772,0.5274593018643055
Hf1Mo1,Hf1Mo1,B2,Hf,Mo,3.31282,3.298298001415549,-0.014521998584450913,-0.43835761026711123
Hf1Na1,Hf1Na1,B2,Hf,Na,3.60891,3.701864370986806,0.09295437098680637,2.5756910254566163
Hf1Nb1,Hf1Nb1,B2,Hf,Nb,3.41277,3.371528786460268,-0.04124121353973198,-1.208438117415823
Hf1Ni1,Hf1Ni1,B2,Hf,Ni,3.16803,3.1286615140392406,-0.03936848596075926,-1.2426803395409531
Hf1Pd1,Hf1Pd1,B2,Hf,Pd,3.31321,3.29640164368126,-0.016808356318740003,-0.5073133401969692
Hf1Ru1,Hf1Ru1,B2,Hf,Ru,3.23637,3.2046978773156662,-0.031672122684333726,-0.9786310800166151
Hf1Sb1,Hf1Sb1,B2,Hf,Sb,3.53999,3.597583331943295,0.057593331943294857,1.6269348767452692
Hf1Sc1,Hf1Sc1,B2,Hf,Sc,3.57598,3.5321874877592054,-0.0437925122407945,-1.2246296746848278
Hf1Se1,Hf1Se1,B2,Hf,Se,3.32257,3.4187800852368553,0.09621008523685548,2.8956526194137515
Hf1Si1,Hf1Si1,B2,Hf,Si,3.2843,3.2772695658810784,-0.007030434118921569,-0.2140618737302186
Hf1Sn1,Hf1Sn1,B2,Hf,Sn,3.54157,3.5974357995104924,0.05586579951049231,1.5774303348653933
Hf1Sr1,Hf1Sr1,B2,Hf,Sr,3.98383,4.052154924674884,0.06832492467488382,1.7150562316886968
Hf1Ta1,Hf1Ta1,B2,Hf,Ta,3.41227,3.3610982670868426,-0.05117173291315735,-1.499639035397473
Hf1Tc1,Hf1Tc1,B2,Hf,Tc,3.25778,3.2286307344878633,-0.02914926551213659,-0.894758562951967
Hf1Ti1,Hf1Ti1,B2,Hf,Ti,3.39234,3.338842942308579,-0.0534970576914211,-1.5769957519417601
Hf1V1,Hf1V1,B2,Hf,V,3.29528,3.2501660591399752,-0.04511394086002474,-1.3690472694285383
Hf1W1,Hf1W1,B2,Hf,W,3.32776,3.2784232020769015,-0.04933679792309853,-1.4825828161615782
Hf1Y1,Hf1Y1,B2,Hf,Y,3.74332,3.7333917735513906,-0.009928226448609578,-0.2652251597140928
Hf1Zn1,Hf1Zn1,B2,Hf,Zn,3.29397,3.320565799525416,0.02659579952541602,0.807408674803232
Hf1Zr1,Hf1Zr1,B2,Hf,Zr,3.55298,3.5132591762170358,-0.03972082378296404,-1.1179579897146634
In1Ag1,In1Ag1,B2,In,Ag,3.51289,3.516661513959111,0.003771513959110795,0.10736214225639844
In1Al1,In1Al1,B2,In,Al,3.57543,3.4466231194442747,-0.1288068805557252,-3.60255635142417
In1As1,In1As1,B2,In,As,3.59406,3.4788539814685198,-0.11520601853148005,-3.2054561841338223
In1B1,In1B1,B2,In,B,3.20789,3.058136838580888,-0.14975316141911188,-4.668276076146997
In1Ca1,In1Ca1,B2,In,Ca,3.87536,3.940982552926239,0.06562255292623886,1.6933279211799384
In1Cd1,In1Cd1,B2,In,Cd,3.70163,3.636720864510254,-0.0649091354897462,-1.7535284588072333
In1Ce1,In1Ce1,B2,In,Ce,3.86856,3.877510980138655,0.00895098013865514,0.23137757043073234
In1Co1,In1Co1,B2,In,Co,3.12685,3.206585224712038,0.07973522471203776,2.5500175803776246
In1Cr1,In1Cr1,B2,In,Cr,3.3543,3.3266293059695053,-0.02767069403049449,-0.824931998643368
In1Cu1,In1Cu1,B2,In,Cu,3.30542,3.3133825528761123,0.007962552876112472,0.2408938312260612
In1Fe1,In1Fe1,B2,In,Fe,3.13456,3.236155539834391,0.10159553983439107,3.2411419731761737
In1Ga1,In1Ga1,B2,In,Ga,3.5985,3.4671946308191752,-0.1313053691808248,-3.648891737691394
In1Gd1,In1Gd1,B2,In,Gd,3.79866,3.977397147848121,0.17873714784812123,4.705268380116179
In1Ge1,In1Ge1,B2,In,Ge,3.57752,3.481041384065924,-0.09647861593407603,-2.6968015813769326
In1Hf1,In1Hf1,B2,In,Hf,3.52561,3.5855594360139755,0.05994943601397562,1.7003989668163983
In1In1,In2,B2,In,In,3.80986,3.686550475099938,-0.12330952490006197,-3.236589399612111
In1La1,In1La1,B2,In,La,3.96003,3.974683202243758,0.014653202243757768,0.37002755645178864
In1Mg1,In1Mg1,B2,In,Mg,3.63952,3.6000899554944956,-0.03943004450550447,-1.0833858449879232
In1Mn1,In1Mn1,B2,In,Mn,3.16145,3.2679377477103837,0.10648774771038383,3.3683198440710385
In1Mo1,In1Mo1,B2,In,Mo,3.30492,3.399289040501511,0.09436904050151096,2.85541073616036
In1Na1,In1Na1,B2,In,Na,3.78689,3.8028554100727687,0.015965410072768638,0.4215968795705351
In1Nb1,In1Nb1,B2,In,Nb,3.41378,3.4725198255462306,0.058739825546230584,1.7206681609895949
In1Ni1,In1Ni1,B2,In,Ni,3.15592,3.229652553125203,0.0737325531252031,2.3363251643008414
In1Pd1,In1Pd1,B2,In,Pd,3.30147,3.3973926827672227,0.0959226827672226,2.905453715079119
In1Ru1,In1Ru1,B2,In,Ru,3.23099,3.3056889164016283,0.07469891640162851,2.311951333852117
In1Sb1,In1Sb1,B2,In,Sb,3.82671,3.6985743710292573,-0.1281356289707425,-3.3484541282392053
In1Sc1,In1Sc1,B2,In,Sc,3.58136,3.633178526845168,0.051818526845167856,1.446895225421847
In1Se1,In1Se1,B2,In,Se,3.63338,3.519771124322818,-0.11360887567718203,-3.126809628422627
In1Si1,In1Si1,B2,In,Si,3.49807,3.378260604967041,-0.11980939503295884,-3.425014223070403
In1Sn1,In1Sn1,B2,In,Sn,3.8145,3.698426838596455,-0.11607316140354484,-3.0429456391019754
In1Sr1,In1Sr1,B2,In,Sr,4.07799,4.153145963760846,0.07515596376084588,1.8429658670287539
In1Ta1,In1Ta1,B2,In,Ta,3.40281,3.4620893061728046,0.059279306172804525,1.7420692360961827
In1Tc1,In1Tc1,B2,In,Tc,3.26549,3.3296217735738254,0.0641317735738256,1.9639249721734136
In1Ti1,In1Ti1,B2,In,Ti,3.37713,3.439833981394541,0.0627039813945407,1.8567239459108975
In1V1,In1V1,B2,In,V,3.34966,3.3511570982259378,0.0014970982259376875,0.044694035392776804
In1W1,In1W1,B2,In,W,3.31723,3.3794142411628636,0.062184241162863696,1.8745833470354392
In1Y1,In1Y1,B2,In,Y,3.77279,3.834382812637353,0.061592812637353056,1.6325534322703636
In1Zn1,In1Zn1,B2,In,Zn,3.51148,3.421556838611378,-0.08992316138862222,-2.5608336481660787
In1Zr1,In1Zr1,B2,In,Zr,3.55979,3.6142502153029983,0.05446021530299827,1.5298715739692024
La1Ag1,La1Ag1,B2,La,Ag,3.81022,3.8047942411029307,-0.0054257588970694215,-0.14240014742113108
La1Al1,La1Al1,B2,La,Al,3.80202,3.734755846588095,-0.06726415341190517,-1.7691688473996763
La1As1,La1As1,B2,La,As,3.74585,3.76698670861234,0.021136708612340183,0.5642700218198855
La1B1,La1B1,B2,La,B,3.40527,3.3462695657247084,-0.05900043427529145,-1.7326213273922906
La1Ca1,La1Ca1,B2,La,Ca,4.29478,4.22911528007006,-0.0656647199299405,-1.5289425751712657
La1Cd1,La1Cd1,B2,La,Cd,3.93673,3.9248535916540743,-0.011876408345925515,-0.3016820647066351
La1Ce1,La1Ce1,B2,La,Ce,4.08928,4.1656437072824755,0.07636370728247588,1.8674120452127487
La1Co1,La1Co1,B2,La,Co,3.48915,3.494717951855858,0.005567951855858233,0.15957903374341123
La1Cr1,La1Cr1,B2,La,Cr,3.72845,3.6147620331133257,-0.11368796688667437,-3.0492018636879767
La1Cu1,La1Cu1,B2,La,Cu,3.65486,3.6015152800199326,-0.05334471998006762,-1.4595557690326748
La1Fe1,La1Fe1,B2,La,Fe,3.54749,3.5242882669782114,-0.023201733021788407,-0.6540323727984689
La1Ga1,La1Ga1,B2,La,Ga,3.77392,3.755327357962995,-0.018592642037004836,-0.49266126566023755
La1Gd1,La1Gd1,B2,La,Gd,4.13191,4.265529874991941,0.1336198749919406,3.2338525038527117
La1Ge1,La1Ge1,B2,La,Ge,3.77049,3.7691741112097437,-0.0013158887902564587,-0.034899675910994556
La1Hf1,La1Hf1,B2,La,Hf,3.82698,3.8736921631577954,0.04671216315779558,1.220601183120779
La1In1,La1In1,B2,La,In,3.95997,3.974683202243758,0.014713202243757717,0.37154832596604814
La1La1,La2,B2,La,La,4.22241,4.262815929387578,0.040405929387578254,0.9569399794803976
La1Mg1,La1Mg1,B2,La,Mg,3.95728,3.8882226826383155,-0.06905731736168441,-1.7450702846825195
La1Mn1,La1Mn1,B2,La,Mn,3.48966,3.556070474854204,0.06641047485420382,1.9030643344682237
La1Mo1,La1Mo1,B2,La,Mo,3.62885,3.6874217676453314,0.05857176764533145,1.6140586589506716
La1Na1,La1Na1,B2,La,Na,4.17378,4.0909881372165895,-0.08279186278341033,-1.983618273685013
La1Nb1,La1Nb1,B2,La,Nb,3.69859,3.7606525526900514,0.062062552690051564,1.6780057451637398
La1Ni1,La1Ni1,B2,La,Ni,3.55048,3.5177852802690235,-0.032694719730976374,-0.9208535108204068
La1Pd1,La1Pd1,B2,La,Pd,3.68728,3.6855254099110426,-0.0017545900889572863,-0.04758494307341147
La1Ru1,La1Ru1,B2,La,Ru,3.56159,3.5938216435454486,0.03223164354544883,0.9049790555748649
La1Sb1,La1Sb1,B2,La,Sb,3.96609,3.9867070981730772,0.02061709817307733,0.5198343500293068
La1Sc1,La1Sc1,B2,La,Sc,3.95854,3.921311253988988,-0.03722874601101234,-0.9404665864437984
La1Se1,La1Se1,B2,La,Se,3.71349,3.807903851466638,0.09441385146663794,2.542456057957284
La1Si1,La1Si1,B2,La,Si,3.71884,3.6663933321108613,-0.052446667889138876,-1.4102964335421495
La1Sn1,La1Sn1,B2,La,Sn,3.96928,3.986559565740275,0.017279565740274894,0.4353324970844812
La1Sr1,La1Sr1,B2,La,Sr,4.46313,4.441278690904666,-0.02185130909533317,-0.4895960703661595
La1Ta1,La1Ta1,B2,La,Ta,3.69397,3.750222033316625,0.05625203331662476,1.5228069885955966
La1Tc1,La1Tc1,B2,La,Tc,3.55775,3.617754500717646,0.06000450071764618,1.6865856431071937
La1Ti1,La1Ti1,B2,La,Ti,3.71228,3.7279667085383617,0.01568670853836185,0.4225626444762208
La1V1,La1V1,B2,La,V,3.71602,3.639289825369758,-0.07673017463024179,-2.0648482685841785
La1W1,La1W1,B2,La,W,3.63515,3.667546968306684,0.03239696830668404,0.8912140711300507
La1Y1,La1Y1,B2,La,Y,4.13174,4.122515539781173,-0.009224460218827168,-0.2232584871949147
La1Zn1,La1Zn1,B2,La,Zn,3.75625,3.7096895657551983,-0.04656043424480183,-1.2395456704106977
La1Zr1,La1Zr1,B2,La,Zr,3.84287,3.902382942446818,0.05951294244681815,1.5486587484567043
Mg1Ag1,Mg1Ag1,B2,Mg,Ag,3.33222,3.4302009943536684,0.09798099435366847,2.940411928194071
Mg1Al1,Mg1Al1,B2,Mg,Al,3.4021,3.3601625998388327,-0.041937400161167204,-1.2326915775893479
Mg1As1,Mg1As1,B2,Mg,As,3.40016,3.3923934618630773,-0.00776653813692274,-0.2284168432345166
Mg1B1,Mg1B1,B2,Mg,B,2.90749,2.971676318975446,0.06418631897544591,2.2076195954395685
Mg1Ca1,Mg1Ca1,B2,Mg,Ca,3.95973,3.8545220333207966,-0.1052079666792034,-2.6569479908782516
Mg1Cd1,Mg1Cd1,B2,Mg,Cd,3.51993,3.5502603449048116,0.030330344904811568,0.8616746612805246
Mg1Ce1,Mg1Ce1,B2,Mg,Ce,3.84481,3.7910504605332127,-0.05375953946678713,-1.3982365699940213
Mg1Co1,Mg1Co1,B2,Mg,Co,3.0283,3.1201247051065955,0.09182470510659524,3.032219565650538
Mg1Cr1,Mg1Cr1,B2,Mg,Cr,3.32908,3.2401687863640634,-0.08891121363593646,-2.670744278777814
Mg1Cu1,Mg1Cu1,B2,Mg,Cu,3.15473,3.2269220332706703,0.07219203327067047,2.288374386101837
Mg1Fe1,Mg1Fe1,B2,Mg,Fe,3.15309,3.1496950202289486,-0.0033949797710515206,-0.10767151495997643
Mg1Ga1,Mg1Ga1,B2,Mg,Ga,3.39898,3.380734111213733,-0.018245888786267095,-0.5368048292801691
Mg1Gd1,Mg1Gd1,B2,Mg,Gd,3.82415,3.8909366282426787,0.06678662824267878,1.7464437389401246
Mg1Ge1,Mg1Ge1,B2,Mg,Ge,3.40395,3.3945808644604814,-0.00936913553951868,-0.27524304233372054
Mg1Hf1,Mg1Hf1,B2,Mg,Hf,3.48002,3.499098916408533,0.019078916408532987,0.5482415735694907
Mg1In1,Mg1In1,B2,Mg,In,3.63952,3.6000899554944956,-0.03943004450550447,-1.0833858449879232
Mg1La1,Mg1La1,B2,Mg,La,3.95719,3.8882226826383155,-0.06896731736168471,-1.7428356323978558
Mg1Mg1,Mg2,B2,Mg,Mg,3.57894,3.513629435889053,-0.0653105641109466,-1.8248577542777082
Mg1Mn1,Mg1Mn1,B2,Mg,Mn,3.27946,3.1814772281049417,-0.09798277189505811,-2.9877715201605786
Mg1Mo1,Mg1Mo1,B2,Mg,Mo,3.23123,3.3128285208960686,0.08159852089606856,2.5253083468545587
Mg1Na1,Mg1Na1,B2,Mg,Na,3.84989,3.7163948904673263,-0.13349510953267352,-3.4675045139646463
Mg1Nb1,Mg1Nb1,B2,Mg,Nb,3.358,3.386059305940788,0.028059305940788093,0.8355957695291272
Mg1Ni1,Mg1Ni1,B2,Mg,Ni,3.04772,3.1431920335197607,0.09547203351976075,3.132572333408605
Mg1Pd1,Mg1Pd1,B2,Mg,Pd,3.18056,3.3109321631617803,0.13037216316178046,4.0990317164832755
Mg1Ru1,Mg1Ru1,B2,Mg,Ru,3.12885,3.2192283967961863,0.09037839679618642,2.8885500038731937
Mg1Sb1,Mg1Sb1,B2,Mg,Sb,3.64809,3.612113851423815,-0.03597614857618492,-0.9861639536355989
Mg1Sc1,Mg1Sc1,B2,Mg,Sc,3.59574,3.5467180072397255,-0.049021992760274635,-1.3633353012251896
Mg1Se1,Mg1Se1,B2,Mg,Se,3.45079,3.4333106047173754,-0.017479395282624655,-0.50653314987654
Mg1Si1,Mg1Si1,B2,Mg,Si,3.30236,3.2918000853615985,-0.010559914638401668,-0.31976873019300345
Mg1Sn1,Mg1Sn1,B2,Mg,Sn,3.64136,3.6119663189910125,-0.02939368100898765,-0.8072171114360472
Mg1Sr1,Mg1Sr1,B2,Mg,Sr,4.17849,4.066685444155404,-0.11180455584459636,-2.6757167264872326
Mg1Ta1,Mg1Ta1,B2,Mg,Ta,3.33603,3.3756287865673626,0.0395987865673626,1.1870033113420022
Mg1Tc1,Mg1Tc1,B2,Mg,Tc,3.17788,3.2431612539683834,0.06528125396838336,2.054239114390202
Mg1Ti1,Mg1Ti1,B2,Mg,Ti,3.34984,3.353373461789099,0.0035334617890989684,0.10548150923921647
Mg1V1,Mg1V1,B2,Mg,V,3.22981,3.2646965786204953,0.03488657862049527,1.0801433712972364
Mg1W1,Mg1W1,B2,Mg,W,3.22197,3.2929537215574216,0.07098372155742183,2.2031155335841683
Mg1Y1,Mg1Y1,B2,Mg,Y,3.80116,3.7479222930319107,-0.05323770696808916,-1.400564747816171
Mg1Zn1,Mg1Zn1,B2,Mg,Zn,3.31853,3.335096319005936,0.01656631900593597,0.4992065464508674
Mg1Zr1,Mg1Zr1,B2,Mg,Zr,3.52309,3.527789695697556,0.004699695697556017,0.13339698098987016
Mn1Ag1,Mn1Ag1,B2,Mn,Ag,3.21443,3.098048786569557,-0.11638121343044316,-3.6205863381826067
Mn1Al1,Mn1Al1,B2,Mn,Al,2.91165,3.028010392054721,0.11636039205472093,3.996372917580098
Mn1As1,Mn1As1,B2,Mn,As,2.93309,3.0602412540789654,0.12715125407896544,4.335061456653748
Mn1B1,Mn1B1,B2,Mn,B,2.5219,2.6395241111913337,0.11762411119133365,4.664106871459362
Mn1Ca1,Mn1Ca1,B2,Mn,Ca,3.68895,3.522369825536684,-0.16658017446331597,-4.515652813492077
Mn1Cd1,Mn1Cd1,B2,Mn,Cd,3.30168,3.218108137120699,-0.08357186287930096,-2.5311920864317847
Mn1Ce1,Mn1Ce1,B2,Mn,Ce,3.34623,3.4588982527491012,0.11266825274910142,3.367020579849605
Mn1Co1,Mn1Co1,B2,Mn,Co,2.7736,2.7879724973224835,0.014372497322483468,0.5181892602568312
Mn1Cr1,Mn1Cr1,B2,Mn,Cr,2.80735,2.9080165785799514,0.10066657857995143,3.5858221660979726
Mn1Cu1,Mn1Cu1,B2,Mn,Cu,2.83959,2.894769825486558,0.05517982548655809,1.9432321386734737
Mn1Fe1,Mn1Fe1,B2,Mn,Fe,2.76939,2.8175428124448363,0.04815281244483627,1.7387515822919948
Mn1Ga1,Mn1Ga1,B2,Mn,Ga,2.92087,3.048581903429621,0.12771190342962102,4.372392589523705
Mn1Gd1,Mn1Gd1,B2,Mn,Gd,3.37304,3.558784420458567,0.18574442045856676,5.506736370116179
Mn1Ge1,Mn1Ge1,B2,Mn,Ge,2.92053,3.0624286566763694,0.14189865667636958,4.858661156583551
Mn1Hf1,Mn1Hf1,B2,Mn,Hf,3.15035,3.1669467086244216,0.01659670862442164,0.5268211031923958
Mn1In1,Mn1In1,B2,Mn,In,3.16144,3.2679377477103837,0.1064977477103839,3.368646810010119
Mn1La1,Mn1La1,B2,Mn,La,3.48964,3.556070474854204,0.06643047485420395,1.9036483664275956
Mn1Mg1,Mn1Mg1,B2,Mn,Mg,3.27946,3.1814772281049417,-0.09798277189505811,-2.9877715201605786
Mn1Mn1,Mn2,B2,Mn,Mn,2.78832,2.8493250203208293,0.06100502032082922,2.187877299622325
Mn1Mo1,Mn1Mo1,B2,Mn,Mo,2.97935,2.980676313111957,0.001326313111956967,0.04451686146162643
Mn1Na1,Mn1Na1,B2,Mn,Na,3.61003,3.3842426826832144,-0.2257873173167857,-6.254444348572884
Mn1Nb1,Mn1Nb1,B2,Mn,Nb,3.06346,3.0539070981566763,-0.009552901843323802,-0.31183373843052636
Mn1Ni1,Mn1Ni1,B2,Mn,Ni,2.79608,2.811039825735649,0.014959825735648913,0.535028530501592
Mn1Pd1,Mn1Pd1,B2,Mn,Pd,3.11879,2.978779955377668,-0.14001004462233224,-4.48924245051229
Mn1Ru1,Mn1Ru1,B2,Mn,Ru,2.92046,2.887076189012074,-0.033383810987925866,-1.1431011206428394
Mn1Sb1,Mn1Sb1,B2,Mn,Sb,3.16697,3.2799616436397026,0.11299164363970249,3.5678154084093783
Mn1Sc1,Mn1Sc1,B2,Mn,Sc,3.23641,3.214565799455613,-0.021844200544386627,-0.6749515835257779
Mn1Se1,Mn1Se1,B2,Mn,Se,3.154,3.101158396933263,-0.05284160306673691,-1.675383737055704
Mn1Si1,Mn1Si1,B2,Mn,Si,2.79888,2.9596478775774866,0.16076787757748656,5.744007516488258
Mn1Sn1,Mn1Sn1,B2,Mn,Sn,3.33733,3.2798141112069006,-0.057515888793099545,-1.7234102948494616
Mn1Sr1,Mn1Sr1,B2,Mn,Sr,3.92574,3.734533236371292,-0.1912067636287076,-4.87059162422136
Mn1Ta1,Mn1Ta1,B2,Mn,Ta,3.05054,3.0434765787832503,-0.007063421216749521,-0.23154658574381987
Mn1Tc1,Mn1Tc1,B2,Mn,Tc,2.93401,2.911009046184271,-0.023000953815728753,-0.7839425842355259
Mn1Ti1,Mn1Ti1,B2,Mn,Ti,2.96882,3.0212212540049865,0.05240125400498652,1.7650532536491441
Mn1V1,Mn1V1,B2,Mn,V,2.85669,2.932544370836384,0.07585437083638391,2.6553238481033614
Mn1W1,Mn1W1,B2,Mn,W,2.98668,2.9608015137733097,-0.02587848622669009,-0.8664633046288885
Mn1Y1,Mn1Y1,B2,Mn,Y,3.55153,3.415770085247799,-0.13575991475220128,-3.8225754745757823
Mn1Zn1,Mn1Zn1,B2,Mn,Zn,2.90461,3.002944111221824,0.09833411122182412,3.3854497237778607
Mn1Zr1,Mn1Zr1,B2,Mn,Zr,3.18782,3.1956374879134435,0.00781748791344361,0.2452299036157503
Mo1Ag1,Mo1Ag1,B2,Mo,Ag,3.21521,3.229400079360684,0.01419007936068395,0.441342225256949
Mo1Al1,Mo1Al1,B2,Mo,Al,3.12322,3.159361684845848,0.03614168484584823,1.1571930522296934
Mo1As1,Mo1As1,B2,Mo,As,3.11802,3.1915925468700928,0.07357254687009274,2.3595918842756856
Mo1B1,Mo1B1,B2,Mo,B,2.7803,2.7708754039824615,-0.009424596017538533,-0.33897766491164744
Mo1Ca1,Mo1Ca1,B2,Mo,Ca,3.61571,3.653721118327812,0.03801111832781201,1.0512767430964323
Mo1Cd1,Mo1Cd1,B2,Mo,Cd,3.28426,3.349459429911827,0.06519942991182681,1.9852091464082262
Mo1Co1,Mo1Co1,B2,Mo,Co,2.97208,2.9193237901136113,-0.05275620988638874,-1.7750602233583463
Mo1Cr1,Mo1Cr1,B2,Mo,Cr,3.00388,3.0393678713710788,0.03548787137107867,1.181401100279594
Mo1Cu1,Mo1Cu1,B2,Mo,Cu,3.02871,3.0261211182776857,-0.0025888817223140848,-0.08547803263812266
Mo1Fe1,Mo1Fe1,B2,Mo,Fe,2.97141,2.948894105235964,-0.022515894764036037,-0.7577511943500236
Mo1Ga1,Mo1Ga1,B2,Mo,Ga,3.1122,3.179933196220748,0.06773319622074814,2.176376718101283
Mo1Gd1,Mo1Gd1,B2,Mo,Gd,3.97042,3.690135713249694,-0.2802842867503057,-7.0593107719159605
Mo1Ge1,Mo1Ge1,B2,Mo,Ge,3.13022,3.1937799494674968,0.06355994946749677,2.030526591341719
Mo1Hf1,Mo1Hf1,B2,Mo,Hf,3.31282,3.298298001415549,-0.014521998584450913,-0.43835761026711123
Mo1In1,Mo1In1,B2,Mo,In,3.30492,3.399289040501511,0.09436904050151096,2.85541073616036
Mo1La1,Mo1La1,B2,Mo,La,3.62883,3.6874217676453314,0.05859176764533158,1.614618696531157
Mo1Mg1,Mo1Mg1,B2,Mo,Mg,3.23123,3.3128285208960686,0.08159852089606856,2.5253083468545587
Mo1Mn1,Mo1Mn1,B2,Mo,Mn,2.97919,2.980676313111957,0.0014863131119571271,0.049889839585831285
Mo1Mo1,Mo2,B2,Mo,Mo,3.14861,3.1120276059030845,-0.03658239409691566,-1.16185853747894
Mo1Na1,Mo1Na1,B2,Mo,Na,3.33772,3.5155939754743417,0.1778739754743417,5.32920602909596
Mo1Nb1,Mo1Nb1,B2,Mo,Nb,3.23419,3.185258390947804,-0.048931609052195846,-1.512947880371773
Mo1Ni1,Mo1Ni1,B2,Mo,Ni,2.98815,2.942391118526776,-0.045758881473223934,-1.5313448613096374
Mo1Pd1,Mo1Pd1,B2,Mo,Pd,3.1518,3.1101312481687957,-0.04166875183120444,-1.3220620544198376
Mo1Ru1,Mo1Ru1,B2,Mo,Ru,3.09976,3.0184274818032018,-0.0813325181967981,-2.6238327546906244
Mo1Sb1,Mo1Sb1,B2,Mo,Sb,3.31563,3.4113129364308303,0.09568293643083026,2.8858146545552508
Mo1Sc1,Mo1Sc1,B2,Mo,Sc,3.30573,3.345917092246741,0.040187092246740885,1.2156798119247756
Mo1Se1,Mo1Se1,B2,Mo,Se,3.1467,3.232509689724391,0.08580968972439074,2.7269739639746637
Mo1Si1,Mo1Si1,B2,Mo,Si,3.03798,3.090999170368614,0.05301917036861381,1.7452113038470896
Mo1Sn1,Mo1Sn1,B2,Mo,Sn,3.31249,3.411165403998028,0.09867540399802799,2.97888911356798
Mo1Sr1,Mo1Sr1,B2,Mo,Sr,3.81705,3.8658845291624195,0.04883452916241948,1.2793788177367202
Mo1Ta1,Mo1Ta1,B2,Mo,Ta,3.21858,3.174827871574378,-0.04375212842562215,-1.3593612222042686
Mo1Tc1,Mo1Tc1,B2,Mo,Tc,3.11153,3.042360338975399,-0.06916966102460131,-2.2230112203514447
Mo1Ti1,Mo1Ti1,B2,Mo,Ti,3.15456,3.1525725467961143,-0.001987453203885714,-0.06300254881459583
Mo1V1,Mo1V1,B2,Mo,V,3.05766,3.0638956636275108,0.0062356636275109345,0.20393580802021594
Mo1W1,Mo1W1,B2,Mo,W,3.16195,3.092152806564437,-0.06979719343556301,-2.207409776737868
Mo1Y1,Mo1Y1,B2,Mo,Y,3.49395,3.547121378038926,0.05317137803892624,1.5218127917951387
Mo1Zn1,Mo1Zn1,B2,Mo,Zn,3.09024,3.1342954040129514,0.04405540401295127,1.4256305016099484
Mo1Zr1,Mo1Zr1,B2,Mo,Zr,3.33545,3.3269887807045713,-0.008461219295428535,-0.2536754949235796
Na1Ag1,Na1Ag1,B2,Na,Ag,3.57119,3.6329664489319415,0.06177644893194145,1.729856124483476
Na1Al1,Na1Al1,B2,Na,Al,3.60733,3.562928054417106,-0.04440194558289434,-1.230881166483087
Na1As1,Na1As1,B2,Na,As,3.46765,3.5951589164413504,0.12750891644135054,3.677098797207058
Na1B1,Na1B1,B2,Na,B,3.11534,3.1744417735537187,0.059101773553718484,1.8971211345701746
Na1Ca1,Na1Ca1,B2,Na,Ca,4.26586,4.05728748789907,-0.20857251210092986,-4.88934264370912
Na1Cd1,Na1Cd1,B2,Na,Cd,3.73489,3.7530257994830847,0.018135799483084636,0.48557787466524144
Na1Ce1,Na1Ce1,B2,Na,Ce,4.09678,3.993815915111486,-0.10296408488851405,-2.513292998123259
Na1Co1,Na1Co1,B2,Na,Co,3.29636,3.3228901596848686,0.026530159684868604,0.8048319869452548
Na1Cr1,Na1Cr1,B2,Na,Cr,3.67814,3.4429342409423365,-0.2352057590576635,-6.394692944196347
Na1Cu1,Na1Cu1,B2,Na,Cu,3.41765,3.429687487848943,0.012037487848942874,0.35221534823468975
Na1Fe1,Na1Fe1,B2,Na,Fe,3.39607,3.3524604748072218,-0.043609525192778165,-1.284117382526808
Na1Ga1,Na1Ga1,B2,Na,Ga,3.58728,3.5834995657920055,-0.003780434207994343,-0.10538441961581878
Na1Gd1,Na1Gd1,B2,Na,Gd,4.0,4.093702082820951,0.09370208282095138,2.3425520705237846
Na1Ge1,Na1Ge1,B2,Na,Ge,3.52317,3.597346319038754,0.0741763190387541,2.105385747459081
Na1Hf1,Na1Hf1,B2,Na,Hf,3.60891,3.701864370986806,0.09295437098680637,2.5756910254566163
Na1In1,Na1In1,B2,Na,In,3.78689,3.8028554100727687,0.015965410072768638,0.4215968795705351
Na1La1,Na1La1,B2,Na,La,4.17391,4.0909881372165895,-0.08292186278341074,-1.9866710778002097
Na1Mg1,Na1Mg1,B2,Na,Mg,3.84989,3.7163948904673263,-0.13349510953267352,-3.4675045139646463
Na1Mn1,Na1Mn1,B2,Na,Mn,3.61003,3.3842426826832144,-0.2257873173167857,-6.254444348572884
Na1Mo1,Na1Mo1,B2,Na,Mo,3.33772,3.5155939754743417,0.1778739754743417,5.32920602909596
Na1Na1,Na2,B2,Na,Na,4.2002,3.9191603450455994,-0.2810396549544003,-6.691101732165143
Na1Nb1,Na1Nb1,B2,Na,Nb,3.44743,3.5888247605190613,0.14139476051906108,4.101454141753743
Na1Ni1,Na1Ni1,B2,Na,Ni,3.27584,3.3459574880980343,0.0701174880980342,2.1404430038718067
Na1Pd1,Na1Pd1,B2,Na,Pd,3.34236,3.513697617740053,0.17133761774005274,5.1262466562564395
Na1Ru1,Na1Ru1,B2,Na,Ru,3.25857,3.4219938513744586,0.16342385137445836,5.015201495578071
Na1Sb1,Na1Sb1,B2,Na,Sb,3.73752,3.8148793060020876,0.07735930600208762,2.0698031315441154
Na1Sc1,Na1Sc1,B2,Na,Sc,3.8186,3.749483461817998,-0.06911653818200181,-1.809996809878013
Na1Se1,Na1Se1,B2,Na,Se,3.56375,3.6360760592956485,0.07232605929564828,2.029493070379468
Na1Si1,Na1Si1,B2,Na,Si,3.43617,3.494565539939872,0.0583955399398719,1.6994368712802885
Na1Sn1,Na1Sn1,B2,Na,Sn,3.75685,3.8147317735692856,0.05788177356928559,1.5406996172135057
Na1Sr1,Na1Sr1,B2,Na,Sr,4.49005,4.269450898733677,-0.22059910126632332,-4.913065584265728
Na1Ta1,Na1Ta1,B2,Na,Ta,3.41269,3.5783942411456353,0.1657042411456353,4.855531593717428
Na1Tc1,Na1Tc1,B2,Na,Tc,3.25293,3.4459267085466565,0.1929967085466564,5.933011424981674
Na1Ti1,Na1Ti1,B2,Na,Ti,3.59772,3.556138916367372,-0.0415810836326278,-1.1557620835592486
Na1V1,Na1V1,B2,Na,V,3.64845,3.467462033198769,-0.18098796680123108,-4.960681023482056
Na1W1,Na1W1,B2,Na,W,3.30708,3.4957191761356947,0.1886391761356947,5.704100781828522
Na1Y1,Na1Y1,B2,Na,Y,4.00352,3.950687747610184,-0.05283225238981615,-1.3196450221259328
Na1Zn1,Na1Zn1,B2,Na,Zn,3.59206,3.537861773584209,-0.05419822641579097,-1.5088341067741344
Na1Zr1,Na1Zr1,B2,Na,Zr,3.64982,3.7305551502758285,0.08073515027582845,2.2120310118260202
Nb1Ag1,Nb1Ag1,B2,Nb,Ag,3.31643,3.3026308644054034,-0.013799135594596557,-0.4160840299537924
Nb1Al1,Nb1Al1,B2,Nb,Al,3.23758,3.2325924698905677,-0.004987530109432203,-0.15405117740510516
Nb1As1,Nb1As1,B2,Nb,As,3.22565,3.2648233319148123,0.039173331914812426,1.2144321893203671
Nb1B1,Nb1B1,B2,Nb,B,2.88645,2.8441061890271806,-0.04234381097281936,-1.4669857774366215
Nb1Ca1,Nb1Ca1,B2,Nb,Ca,3.66759,3.7269519033725316,0.059361903372531444,1.6185534198896672
Nb1Cd1,Nb1Cd1,B2,Nb,Cd,3.38191,3.4226902149565466,0.0407802149565466,1.2058338322588893
Nb1Ce1,Nb1Ce1,B2,Nb,Ce,3.57804,3.6634803305849477,0.0854403305849476,2.3879087596826083
Nb1Co1,Nb1Co1,B2,Nb,Co,3.06707,2.9925545751583305,-0.07451542484166973,-2.429531273876036
Nb1Cr1,Nb1Cr1,B2,Nb,Cr,3.102,3.1125986564157984,0.01059865641579849,0.341671709084413
Nb1Cu1,Nb1Cu1,B2,Nb,Cu,3.13856,3.099351903322405,-0.03920809667759517,-1.2492383984246016
Nb1Fe1,Nb1Fe1,B2,Nb,Fe,3.06129,3.0221248902806837,-0.039165109719316415,-1.2793662057275337
Nb1Ga1,Nb1Ga1,B2,Nb,Ga,3.23006,3.2531639812654674,0.02310398126546742,0.715280250690929
Nb1Gd1,Nb1Gd1,B2,Nb,Gd,3.59105,3.7633664982944137,0.17231649829441364,4.7984989987444795
Nb1Ge1,Nb1Ge1,B2,Nb,Ge,3.23815,3.267010734512216,0.028860734512215824,0.8912723163601385
Nb1Hf1,Nb1Hf1,B2,Nb,Hf,3.41277,3.371528786460268,-0.04124121353973198,-1.208438117415823
Nb1In1,Nb1In1,B2,Nb,In,3.41378,3.4725198255462306,0.058739825546230584,1.7206681609895949
Nb1La1,Nb1La1,B2,Nb,La,3.69864,3.7606525526900514,0.06201255269005124,1.6766312128255585
Nb1Mg1,Nb1Mg1,B2,Nb,Mg,3.358,3.386059305940788,0.028059305940788093,0.8355957695291272
Nb1Mn1,Nb1Mn1,B2,Nb,Mn,3.0635,3.0539070981566763,-0.00959290184332362,-0.31313536292879457
Nb1Mo1,Nb1Mo1,B2,Nb,Mo,3.23418,3.185258390947804,-0.04892160905219578,-1.5126433609816332
Nb1Na1,Nb1Na1,B2,Nb,Na,3.44742,3.5888247605190613,0.14140476051906115,4.101756110919504
Nb1Nb1,Nb2,B2,Nb,Nb,3.32366,3.258489175992523,-0.06517082400747665,-1.9608150053698827
Nb1Ni1,Nb1Ni1,B2,Nb,Ni,3.08801,3.015621903571496,-0.07238809642850397,-2.3441665159278617
Nb1Pd1,Nb1Pd1,B2,Nb,Pd,3.24141,3.183362033213515,-0.05804796678648527,-1.7908245728397603
Nb1Ru1,Nb1Ru1,B2,Nb,Ru,3.17778,3.0916582668479204,-0.08612173315207938,-2.7101225746300686
Nb1Sb1,Nb1Sb1,B2,Nb,Sb,3.42114,3.4845437214755495,0.06340372147554962,1.853292220591663
Nb1Sc1,Nb1Sc1,B2,Nb,Sc,3.42971,3.41914787729146,-0.010562122708539956,-0.3079596440672814
Nb1Se1,Nb1Se1,B2,Nb,Se,3.24424,3.3057404747691104,0.06150047476911036,1.895682032436267
Nb1Si1,Nb1Si1,B2,Nb,Si,3.16509,3.164229955413334,-0.0008600445866662199,-0.027172831946839424
Nb1Sn1,Nb1Sn1,B2,Nb,Sn,3.42213,3.4843961890427475,0.06226618904274739,1.8195155953382072
Nb1Sr1,Nb1Sr1,B2,Nb,Sr,3.89035,3.9391153142071387,0.04876531420713848,1.25349426676619
Nb1Ta1,Nb1Ta1,B2,Nb,Ta,3.31993,3.248058656619097,-0.07187134338090262,-2.1648451437500977
Nb1Tc1,Nb1Tc1,B2,Nb,Tc,3.18697,3.1155911240201184,-0.07137887597988168,-2.239709692274533
Nb1Ti1,Nb1Ti1,B2,Nb,Ti,3.25931,3.225803331840834,-0.03350666815916625,-1.0280294957879506
Nb1V1,Nb1V1,B2,Nb,V,3.16856,3.137126448672231,-0.03143355132776904,-0.99204532430407
Nb1W1,Nb1W1,B2,Nb,W,3.23933,3.1653835916091566,-0.07394640839084321,-2.282768609275474
Nb1Y1,Nb1Y1,B2,Nb,Y,3.60785,3.6203521630836457,0.012502163083645712,0.34652668718615554
Nb1Zn1,Nb1Zn1,B2,Nb,Zn,3.19375,3.207526189057671,0.013776189057670862,0.4313483853673851
Nb1Zr1,Nb1Zr1,B2,Nb,Zr,3.43502,3.4002195657492904,-0.03480043425070978,-1.0131071798915223
Ni1Ag1,Ni1Ag1,B2,Ni,Ag,3.05296,3.059763591984376,0.006803591984375856,0.22285231330826005
Ni1Al1,Ni1Al1,B2,Ni,Al,2.89412,2.98972519746954,0.09560519746953977,3.303428934167891
Ni1As1,Ni1As1,B2,Ni,As,3.03284,3.0219560594937853,-0.010883940506214884,-0.3588695910834361
Ni1B1,Ni1B1,B2,Ni,B,2.51802,2.601238916606153,0.08321891660615321,3.304934694964822
Ni1Ca1,Ni1Ca1,B2,Ni,Ca,3.41851,3.4840846309515046,0.06557463095150462,1.9182225867850209
Ni1Cd1,Ni1Cd1,B2,Ni,Cd,3.13275,3.1798229425355196,0.04707294253551941,1.5026076940553639
Ni1Ce1,Ni1Ce1,B2,Ni,Ce,3.4093,3.4206130581639203,0.011313058163920253,0.33182935394128565
Ni1Co1,Ni1Co1,B2,Ni,Co,2.77274,2.7496873027373034,-0.023052697262696764,-0.8314049374516458
Ni1Cr1,Ni1Cr1,B2,Ni,Cr,2.83492,2.8697313839947705,0.03481138399477057,1.2279494304873004
Ni1Cu1,Ni1Cu1,B2,Ni,Cu,2.83729,2.8564846309013774,0.01919463090137752,0.6765128309540978
Ni1Fe1,Ni1Fe1,B2,Ni,Fe,2.85058,2.7792576178596566,-0.07132238214034325,-2.502030539060235
Ni1Ga1,Ni1Ga1,B2,Ni,Ga,2.91678,3.0102967088444403,0.09351670884444019,3.2061625780634873
Ni1Gd1,Ni1Gd1,B2,Ni,Gd,4.02382,3.5204992258733863,-0.5033207741266135,-12.508531050758073
Ni1Ge1,Ni1Ge1,B2,Ni,Ge,2.97386,3.024143462091189,0.050283462091188724,1.6908483281388067
Ni1Hf1,Ni1Hf1,B2,Ni,Hf,3.16803,3.1286615140392406,-0.03936848596075926,-1.2426803395409531
Ni1In1,Ni1In1,B2,Ni,In,3.15592,3.229652553125203,0.0737325531252031,2.3363251643008414
Ni1La1,Ni1La1,B2,Ni,La,3.55068,3.5177852802690235,-0.03289471973097635,-0.9264343655574806
Ni1Mg1,Ni1Mg1,B2,Ni,Mg,3.04772,3.1431920335197607,0.09547203351976075,3.132572333408605
Ni1Mn1,Ni1Mn1,B2,Ni,Mn,2.79639,2.811039825735649,0.014649825735648658,0.5238834974967246
Ni1Mo1,Ni1Mo1,B2,Ni,Mo,2.98815,2.942391118526776,-0.045758881473223934,-1.5313448613096374
Ni1Na1,Ni1Na1,B2,Ni,Na,3.27586,3.3459574880980343,0.07009748809803407,2.1398194091943505
Ni1Nb1,Ni1Nb1,B2,Ni,Nb,3.08738,3.015621903571496,-0.07175809642850384,-2.324239206981448
Ni1Ni1,Ni2,B2,Ni,Ni,2.7938,2.7727546311504683,-0.021045368849531787,-0.753288311601825
Ni1Pd1,Ni1Pd1,B2,Ni,Pd,2.98598,2.940494760792488,-0.04548523920751224,-1.5232934985335547
Ni1Ru1,Ni1Ru1,B2,Ni,Ru,2.91273,2.8487909944268934,-0.06393900557310639,-2.1951573119755827
Ni1Sb1,Ni1Sb1,B2,Ni,Sb,3.26863,3.2416764490545225,-0.026953550945477467,-0.824613093114775
Ni1Sc1,Ni1Sc1,B2,Ni,Sc,3.1781,3.1762806048704326,-0.0018193951295675248,-0.057247888032709006
Ni1Se1,Ni1Se1,B2,Ni,Se,3.07723,3.0628732023480834,-0.014356797651916775,-0.4665493853861029
Ni1Si1,Ni1Si1,B2,Ni,Si,2.84307,2.9213626829923065,0.07829268299230652,2.7538077849756255
Ni1Sn1,Ni1Sn1,B2,Ni,Sn,3.20815,3.2415289166217196,0.03337891662171977,1.0404412705677655
Ni1Sr1,Ni1Sr1,B2,Ni,Sr,3.62862,3.696248041786111,0.06762804178611104,1.8637399834127308
Ni1Ta1,Ni1Ta1,B2,Ni,Ta,3.07003,3.0051913841980697,-0.06483861580193029,-2.111986391075341
Ni1Tc1,Ni1Tc1,B2,Ni,Tc,2.93728,2.872723851599091,-0.06455614840090895,-2.1978207185187983
Ni1Ti1,Ni1Ti1,B2,Ni,Ti,3.00314,2.9829360594198064,-0.020203940580193702,-0.6727605299850723
Ni1V1,Ni1V1,B2,Ni,V,2.89794,2.8942591762512033,-0.0036808237487968576,-0.12701518143221935
Ni1W1,Ni1W1,B2,Ni,W,2.99233,2.9225163191881287,-0.06981368081187123,-2.3330876210802693
Ni1Y1,Ni1Y1,B2,Ni,Y,3.39401,3.377484890662618,-0.016525109337382382,-0.4868904139169413
Ni1Zn1,Ni1Zn1,B2,Ni,Zn,2.89625,2.964658916636643,0.06840891663664284,2.361982447531906
Ni1Zr1,Ni1Zr1,B2,Ni,Zr,3.2072,3.1573522933282634,-0.049847706671736436,-1.5542437849755686
Pd1Ag1,Pd1Ag1,B2,Pd,Ag,3.21478,3.2275037216263955,0.012723721626395346,0.39578825382748883
Pd1Al1,Pd1Al1,B2,Pd,Al,3.07806,3.15746532711156,0.07940532711156001,2.579719924613556
Pd1As1,Pd1As1,B2,Pd,As,3.20042,3.189696189135804,-0.010723810864195826,-0.3350751108978142
Pd1B1,Pd1B1,B2,Pd,B,2.77503,2.7689790462481727,-0.006050953751827404,-0.21805003015561647
Pd1Ca1,Pd1Ca1,B2,Pd,Ca,3.51984,3.6518247605935232,0.13198476059352338,3.7497375049298656
Pd1Cd1,Pd1Cd1,B2,Pd,Cd,3.28228,3.3475630721775382,0.06528307217753815,1.9889550001077954
Pd1Ce1,Pd1Ce1,B2,Pd,Ce,3.56464,3.58835318780594,0.023713187805940006,0.6652337348495222
Pd1Co1,Pd1Co1,B2,Pd,Co,2.99793,2.917427432379322,-0.08050256762067809,-2.685271758202429
Pd1Cr1,Pd1Cr1,B2,Pd,Cr,3.12524,3.0374715136367905,-0.08776848636320933,-2.8083758803550873
Pd1Cu1,Pd1Cu1,B2,Pd,Cu,3.0158,3.0242247605433965,0.00842476054339647,0.27935408659050565
Pd1Fe1,Pd1Fe1,B2,Pd,Fe,3.04765,2.9469977475016753,-0.10065225249832466,-3.3026184928822095
Pd1Ga1,Pd1Ga1,B2,Pd,Ga,3.10708,3.1780368384864595,0.07095683848645962,2.2837145643646
Pd1Gd1,Pd1Gd1,B2,Pd,Gd,3.95456,3.688239355515406,-0.266320644484594,-6.734520262294516
Pd1Ge1,Pd1Ge1,B2,Pd,Ge,3.17904,3.191883591733208,0.012843591733207926,0.404008497320195
Pd1Hf1,Pd1Hf1,B2,Pd,Hf,3.31321,3.29640164368126,-0.016808356318740003,-0.5073133401969692
Pd1In1,Pd1In1,B2,Pd,In,3.30147,3.3973926827672227,0.0959226827672226,2.905453715079119
Pd1La1,Pd1La1,B2,Pd,La,3.68728,3.6855254099110426,-0.0017545900889572863,-0.04758494307341147
Pd1Mg1,Pd1Mg1,B2,Pd,Mg,3.18056,3.3109321631617803,0.13037216316178046,4.0990317164832755
Pd1Mn1,Pd1Mn1,B2,Pd,Mn,3.11879,2.978779955377668,-0.14001004462233224,-4.48924245051229
Pd1Mo1,Pd1Mo1,B2,Pd,Mo,3.15178,3.1101312481687957,-0.04164875183120431,-1.3214358816670044
Pd1Na1,Pd1Na1,B2,Pd,Na,3.34236,3.513697617740053,0.17133761774005274,5.1262466562564395
Pd1Nb1,Pd1Nb1,B2,Pd,Nb,3.24141,3.183362033213515,-0.05804796678648527,-1.7908245728397603
Pd1Ni1,Pd1Ni1,B2,Pd,Ni,2.98598,2.940494760792488,-0.04548523920751224,-1.5232934985335547
Pd1Pd1,Pd2,B2,Pd,Pd,3.13859,3.108234890434507,-0.030355109565493255,-0.9671575314231311
Pd1Ru1,Pd1Ru1,B2,Pd,Ru,3.08547,3.0165311240689126,-0.06893887593108738,-2.234307121154553
Pd1Sb1,Pd1Sb1,B2,Pd,Sb,3.41317,3.4094165786965416,-0.0037534213034584596,-0.10996877692756177
Pd1Sc1,Pd1Sc1,B2,Pd,Sc,3.32543,3.344020734512452,0.0185907345124523,0.5590475370839951
Pd1Se1,Pd1Se1,B2,Pd,Se,3.23915,3.230613331990102,-0.00853666800989794,-0.2635465480109887
Pd1Si1,Pd1Si1,B2,Pd,Si,3.05098,3.0891028126343256,0.0381228126343256,1.2495267957943217
Pd1Sn1,Pd1Sn1,B2,Pd,Sn,3.36858,3.4092690462637396,0.04068904626373948,1.2078990632177202
Pd1Sr1,Pd1Sr1,B2,Pd,Sr,3.72521,3.863988171428131,0.13877817142813065,3.7253784733781625
Pd1Ta1,Pd1Ta1,B2,Pd,Ta,3.22136,3.172931513840089,-0.04842848615991091,-1.503355295897103
Pd1Tc1,Pd1Tc1,B2,Pd,Tc,3.10569,3.0404639812411096,-0.06522601875889045,-2.1002102192714163
Pd1Ti1,Pd1Ti1,B2,Pd,Ti,3.16955,3.150676189061825,-0.018873810938174973,-0.5954728885228179
Pd1V1,Pd1V1,B2,Pd,V,3.12314,3.0619993058932224,-0.06114069410677736,-1.9576674150623208
Pd1W1,Pd1W1,B2,Pd,W,3.15317,3.0902564488301487,-0.06291355116985109,-1.99524767677769
Pd1Y1,Pd1Y1,B2,Pd,Y,3.52537,3.545225020304638,0.019855020304637705,0.5632038709309294
Pd1Zn1,Pd1Zn1,B2,Pd,Zn,3.07367,3.132399046278663,0.058729046278663155,1.910714106545698
Pd1Zr1,Pd1Zr1,B2,Pd,Zr,3.35201,3.3250924229702825,-0.02691757702971742,-0.8030279453139287
Ru1Ag1,Ru1Ag1,B2,Ru,Ag,3.14856,3.1357999552608016,-0.012760044739198229,-0.4052660498513044
Ru1Al1,Ru1Al1,B2,Ru,Al,3.00537,3.0657615607459654,0.0603915607459653,2.0094551002360874
Ru1As1,Ru1As1,B2,Ru,As,3.08602,3.0979924227702096,0.011972422770209601,0.38795674591252166
Ru1B1,Ru1B1,B2,Ru,B,2.692,2.6772752798825783,-0.014724720117421874,-0.5469806878685688
Ru1Ca1,Ru1Ca1,B2,Ru,Ca,3.41819,3.560120994227929,0.14193099422792876,4.15222659442362
Ru1Cd1,Ru1Cd1,B2,Ru,Cd,3.23732,3.255859305811944,0.01853930581194385,0.5726744903791979
Ru1Ce1,Ru1Ce1,B2,Ru,Ce,3.44617,3.496649421440346,0.050479421440345895,1.4647977737704727
Ru1Co1,Ru1Co1,B2,Ru,Co,2.90323,2.8257236660137277,-0.07750633398627249,-2.6696587589089558
Ru1Cr1,Ru1Cr1,B2,Ru,Cr,2.95006,2.945767747271196,-0.004292252728804069,-0.14549713323810598
Ru1Cu1,Ru1Cu1,B2,Ru,Cu,2.95634,2.9325209941778025,-0.023819005822197425,-0.8056923703700327
Ru1Fe1,Ru1Fe1,B2,Ru,Fe,2.9081,2.855293981136081,-0.052806018863919224,-1.8158254139788599
Ru1Ga1,Ru1Ga1,B2,Ru,Ga,3.02351,3.086333072120865,0.06282307212086513,2.077819227350501
Ru1Gd1,Ru1Gd1,B2,Ru,Gd,4.0,3.5965355891498114,-0.4034644108501886,-10.086610271254715
Ru1Ge1,Ru1Ge1,B2,Ru,Ge,3.04561,3.1001798253676136,0.05456982536761368,1.791753552411953
Ru1Hf1,Ru1Hf1,B2,Ru,Hf,3.23637,3.2046978773156662,-0.031672122684333726,-0.9786310800166151
Ru1In1,Ru1In1,B2,Ru,In,3.23099,3.3056889164016283,0.07469891640162851,2.311951333852117
Ru1La1,Ru1La1,B2,Ru,La,3.56129,3.5938216435454486,0.032531643545448574,0.9134792040369802
Ru1Mg1,Ru1Mg1,B2,Ru,Mg,3.12885,3.2192283967961863,0.09037839679618642,2.8885500038731937
Ru1Mn1,Ru1Mn1,B2,Ru,Mn,2.92036,2.887076189012074,-0.0332838109879261,-1.139716027747473
Ru1Mo1,Ru1Mo1,B2,Ru,Mo,3.09976,3.0184274818032018,-0.0813325181967981,-2.6238327546906244
Ru1Na1,Ru1Na1,B2,Ru,Na,3.25857,3.4219938513744586,0.16342385137445836,5.015201495578071
Ru1Nb1,Ru1Nb1,B2,Ru,Nb,3.17778,3.0916582668479204,-0.08612173315207938,-2.7101225746300686
Ru1Ni1,Ru1Ni1,B2,Ru,Ni,2.91274,2.8487909944268934,-0.06394900557310645,-2.1954930949245886
Ru1Pd1,Ru1Pd1,B2,Ru,Pd,3.08547,3.0165311240689126,-0.06893887593108738,-2.234307121154553
Ru1Ru1,Ru2,B2,Ru,Ru,3.04603,2.9248273577033186,-0.12120264229668143,-3.9790363948050884
Ru1Sb1,Ru1Sb1,B2,Ru,Sb,3.2744,3.317712812330947,0.04331281233094719,1.322770960510237
Ru1Sc1,Ru1Sc1,B2,Ru,Sc,3.21616,3.252316968146858,0.03615696814685787,1.1242279036757459
Ru1Se1,Ru1Se1,B2,Ru,Se,3.13565,3.1389095656245076,0.0032595656245075766,0.10395183214030829
Ru1Si1,Ru1Si1,B2,Ru,Si,2.93096,2.997399046268731,0.06643904626873143,2.2668015349486663
Ru1Sn1,Ru1Sn1,B2,Ru,Sn,3.22567,3.317565279898145,0.09189527989814517,2.8488741842204925
Ru1Sr1,Ru1Sr1,B2,Ru,Sr,3.60423,3.772284405062537,0.168054405062537,4.662699246788829
Ru1Ta1,Ru1Ta1,B2,Ru,Ta,3.16155,3.081227747474495,-0.08032225252550518,-2.5405972553179668
Ru1Tc1,Ru1Tc1,B2,Ru,Tc,3.05937,2.9487602148755157,-0.11060978512448427,-3.615443216233547
Ru1Ti1,Ru1Ti1,B2,Ru,Ti,3.06965,3.058972422696231,-0.010677577303769059,-0.34784347739218013
Ru1V1,Ru1V1,B2,Ru,V,2.99329,2.9702955395276285,-0.022994460472371525,-0.7682002235791228
Ru1W1,Ru1W1,B2,Ru,W,3.10935,2.9985526824645543,-0.11079731753544575,-3.56335946533667
Ru1Y1,Ru1Y1,B2,Ru,Y,3.40469,3.4535212539390434,0.04883125393904342,1.4342349505841476
Ru1Zn1,Ru1Zn1,B2,Ru,Zn,3.01998,3.0406952799130686,0.020715279913068763,0.6859409636179301
Ru1Zr1,Ru1Zr1,B2,Ru,Zr,3.26521,3.233388656604688,-0.03182134339531206,-0.9745573300128341
Sb1Ag1,Sb1Ag1,B2,Sb,Ag,3.57367,3.52868540988843,-0.044984590111569744,-1.2587785137287368
Sb1Al1,Sb1Al1,B2,Sb,Al,3.56472,3.458647015373594,-0.10607298462640591,-2.975632998563868
Sb1As1,Sb1As1,B2,Sb,As,3.56034,3.4908778773978386,-0.06946212260216145,-1.950996887998378
Sb1B1,Sb1B1,B2,Sb,B,3.20481,3.070160734510207,-0.13464926548979328,-4.201474205640686
Sb1Ca1,Sb1Ca1,B2,Sb,Ca,3.8782,3.953006448855558,0.07480644885555776,1.9288961078736984
Sb1Cd1,Sb1Cd1,B2,Sb,Cd,3.71596,3.648744760439573,-0.06721523956042708,-1.808825702118082
Sb1Ce1,Sb1Ce1,B2,Sb,Ce,3.84892,3.8895348760679744,0.040614876067974315,1.0552278578919363
Sb1Co1,Sb1Co1,B2,Sb,Co,3.17915,3.2186091206413567,0.039459120641356815,1.2411846135399969
Sb1Cr1,Sb1Cr1,B2,Sb,Cr,3.23224,3.3386532018988246,0.10641320189882464,3.2922432090075193
Sb1Cu1,Sb1Cu1,B2,Sb,Cu,3.38532,3.325406448805431,-0.05991355119456898,-1.7698046623234727
Sb1Fe1,Sb1Fe1,B2,Sb,Fe,3.17629,3.24817943576371,0.0718894357637101,2.26331461433654
Sb1Ga1,Sb1Ga1,B2,Sb,Ga,3.62616,3.479218526748494,-0.14694147325150597,-4.052261159229211
Sb1Gd1,Sb1Gd1,B2,Sb,Gd,4.0,3.9894210437774404,-0.010578956222559555,-0.26447390556398886
Sb1Ge1,Sb1Ge1,B2,Sb,Ge,3.59186,3.4930652799952426,-0.09879472000475742,-2.7505170024655032
Sb1Hf1,Sb1Hf1,B2,Sb,Hf,3.53999,3.597583331943295,0.057593331943294857,1.6269348767452692
Sb1In1,Sb1In1,B2,Sb,In,3.82671,3.6985743710292573,-0.1281356289707425,-3.3484541282392053
Sb1La1,Sb1La1,B2,Sb,La,3.9664,3.9867070981730772,0.020307098173077076,0.5119780701159005
Sb1Mg1,Sb1Mg1,B2,Sb,Mg,3.64809,3.612113851423815,-0.03597614857618492,-0.9861639536355989
Sb1Mn1,Sb1Mn1,B2,Sb,Mn,3.16697,3.2799616436397026,0.11299164363970249,3.5678154084093783
Sb1Mo1,Sb1Mo1,B2,Sb,Mo,3.31563,3.4113129364308303,0.09568293643083026,2.8858146545552508
Sb1Na1,Sb1Na1,B2,Sb,Na,3.73752,3.8148793060020876,0.07735930600208762,2.0698031315441154
Sb1Nb1,Sb1Nb1,B2,Sb,Nb,3.42114,3.4845437214755495,0.06340372147554962,1.853292220591663
Sb1Ni1,Sb1Ni1,B2,Sb,Ni,3.26863,3.2416764490545225,-0.026953550945477467,-0.824613093114775
Sb1Pd1,Sb1Pd1,B2,Sb,Pd,3.41317,3.4094165786965416,-0.0037534213034584596,-0.10996877692756177
Sb1Ru1,Sb1Ru1,B2,Sb,Ru,3.2744,3.317712812330947,0.04331281233094719,1.322770960510237
Sb1Sb1,Sb2,B2,Sb,Sb,3.78277,3.710598266958576,-0.07217173304142399,-1.9079069846018655
Sb1Sc1,Sb1Sc1,B2,Sb,Sc,3.62703,3.6452024227744864,0.018172422774486385,0.5010276389907551
Sb1Se1,Sb1Se1,B2,Sb,Se,3.61554,3.5317950202521367,-0.08374497974786355,-2.316250954155217
Sb1Si1,Sb1Si1,B2,Sb,Si,3.46986,3.3902845008963602,-0.07957549910363992,-2.293334575563277
Sb1Sn1,Sb1Sn1,B2,Sb,Sn,3.80346,3.7104507345257742,-0.09300926547422561,-2.445385661324836
Sb1Sr1,Sb1Sr1,B2,Sb,Sr,4.06281,4.165169859690166,0.10235985969016603,2.519435063174651
Sb1Ta1,Sb1Ta1,B2,Sb,Ta,3.40741,3.4741132021021235,0.06670320210212344,1.9575924852636883
Sb1Tc1,Sb1Tc1,B2,Sb,Tc,3.26111,3.3416456695031442,0.08053566950314428,2.4695784411793618
Sb1Ti1,Sb1Ti1,B2,Sb,Ti,3.41637,3.4518578773238597,0.03548787732385961,1.0387597749617168
Sb1V1,Sb1V1,B2,Sb,V,3.28893,3.363180994155257,0.07425099415525693,2.257603359002987
Sb1W1,Sb1W1,B2,Sb,W,3.32234,3.391438137092183,0.06909813709218282,2.079803304062282
Sb1Y1,Sb1Y1,B2,Sb,Y,3.80128,3.8464067085666724,0.045126708566672225,1.1871450818322309
Sb1Zn1,Sb1Zn1,B2,Sb,Zn,3.53497,3.4335807345406972,-0.10138926545930271,-2.86817895086246
Sb1Zr1,Sb1Zr1,B2,Sb,Zr,3.5639,3.626274111232317,0.062374111232317286,1.7501644611890705
Sc1Ag1,Sc1Ag1,B2,Sc,Ag,3.4373,3.4632895657043408,0.025989565704340745,0.7561040847275695
Sc1Al1,Sc1Al1,B2,Sc,Al,3.38168,3.3932511711895046,0.011571171189504792,0.3421722690942015
Sc1As1,Sc1As1,B2,Sc,As,3.39001,3.4254820332137492,0.03547203321374903,1.0463695745366246
Sc1B1,Sc1B1,B2,Sc,B,2.9669,3.0047648903261175,0.03786489032611762,1.276244238973933
Sc1Ca1,Sc1Ca1,B2,Sc,Ca,3.9732,3.8876106046714685,-0.08558939532853138,-2.1541678075236934
Sc1Cd1,Sc1Cd1,B2,Sc,Cd,3.53743,3.583348916255483,0.045918916255482944,1.2980869234298047
Sc1Ce1,Sc1Ce1,B2,Sc,Ce,3.80714,3.824139031883885,0.016999031883885074,0.4465039868217369
Sc1Co1,Sc1Co1,B2,Sc,Co,3.11921,3.1532132764572673,0.03400327645726753,1.0901246295461842
Sc1Cr1,Sc1Cr1,B2,Sc,Cr,3.31589,3.2732573577147352,-0.042632642285264755,-1.2857073752526398
Sc1Cu1,Sc1Cu1,B2,Sc,Cu,3.26359,3.2600106046213417,-0.0035793953786584787,-0.10967662539284892
Sc1Fe1,Sc1Fe1,B2,Sc,Fe,3.12463,3.1827835915796205,0.058153591579620745,1.8611352889660777
Sc1Ga1,Sc1Ga1,B2,Sc,Ga,3.3678,3.4138226825644047,0.04602268256440478,1.3665503463508755
Sc1Gd1,Sc1Gd1,B2,Sc,Gd,3.84748,3.924025199593351,0.07654519959335104,1.9894892135462965
Sc1Ge1,Sc1Ge1,B2,Sc,Ge,3.39693,3.4276694358111532,0.03073943581115346,0.904918141120172
Sc1Hf1,Sc1Hf1,B2,Sc,Hf,3.57598,3.5321874877592054,-0.0437925122407945,-1.2246296746848278
Sc1In1,Sc1In1,B2,Sc,In,3.58137,3.633178526845168,0.05180852684516779,1.446611962605589
Sc1La1,Sc1La1,B2,Sc,La,3.9596,3.921311253988988,-0.038288746011012176,-0.9669852008034189
Sc1Mg1,Sc1Mg1,B2,Sc,Mg,3.59574,3.5467180072397255,-0.049021992760274635,-1.3633353012251896
Sc1Mn1,Sc1Mn1,B2,Sc,Mn,3.23641,3.214565799455613,-0.021844200544386627,-0.6749515835257779
Sc1Mo1,Sc1Mo1,B2,Sc,Mo,3.30619,3.345917092246741,0.03972709224674098,1.201597374825433
Sc1Na1,Sc1Na1,B2,Sc,Na,3.8186,3.749483461817998,-0.06911653818200181,-1.809996809878013
Sc1Nb1,Sc1Nb1,B2,Sc,Nb,3.42971,3.41914787729146,-0.010562122708539956,-0.3079596440672814
Sc1Ni1,Sc1Ni1,B2,Sc,Ni,3.17812,3.1762806048704326,-0.0018393951295672117,-0.05787683062839703
Sc1Pd1,Sc1Pd1,B2,Sc,Pd,3.32543,3.344020734512452,0.0185907345124523,0.5590475370839951
Sc1Ru1,Sc1Ru1,B2,Sc,Ru,3.21616,3.252316968146858,0.03615696814685787,1.1242279036757459
Sc1Sb1,Sc1Sb1,B2,Sc,Sb,3.62703,3.6452024227744864,0.018172422774486385,0.5010276389907551
Sc1Sc1,Sc2,B2,Sc,Sc,3.67707,3.579806578590397,-0.09726342140960309,-2.6451337997264965
Sc1Se1,Sc1Se1,B2,Sc,Se,3.39638,3.466399176068047,0.07001917606804664,2.061582510438957
Sc1Si1,Sc1Si1,B2,Sc,Si,3.32786,3.3248886567122704,-0.002971343287729411,-0.08928690773438219
Sc1Sn1,Sc1Sn1,B2,Sc,Sn,3.61918,3.6450548903416844,0.02587489034168433,0.7149379235540739
Sc1Sr1,Sc1Sr1,B2,Sc,Sr,4.14695,4.099774015506076,-0.047175984493924794,-1.1376067831520704
Sc1Ta1,Sc1Ta1,B2,Sc,Ta,3.42411,3.408717357918034,-0.015392642081966112,-0.4495370207722916
Sc1Tc1,Sc1Tc1,B2,Sc,Tc,3.24172,3.276249825319055,0.03452982531905491,1.0651698887952972
Sc1Ti1,Sc1Ti1,B2,Sc,Ti,3.4617,3.3864620331397703,-0.07523796686022965,-2.173439837658655
Sc1V1,Sc1V1,B2,Sc,V,3.30577,3.2977851499711677,-0.007984850028832202,-0.24154281843056843
Sc1W1,Sc1W1,B2,Sc,W,3.31087,3.3260422929080935,0.015172292908093521,0.4582569810380208
Sc1Y1,Sc1Y1,B2,Sc,Y,3.836,3.781010864382583,-0.05498913561741681,-1.4335019712569554
Sc1Zn1,Sc1Zn1,B2,Sc,Zn,3.351,3.368184890356608,0.017184890356607863,0.5128287184902376
Sc1Zr1,Sc1Zr1,B2,Sc,Zr,3.60025,3.5608782670482273,-0.03937173295177265,-1.093583305375256
Se1Ag1,Se1Ag1,B2,Se,Ag,3.42939,3.3498821631819906,-0.07950783681800955,-2.3184250498779533
Se1Al1,Se1Al1,B2,Se,Al,3.36187,3.2798437686671544,-0.0820262313328457,-2.439898964946464
Se1As1,Se1As1,B2,Se,As,3.39807,3.3120746306913995,-0.08599536930860063,-2.5307121191912065
Se1B1,Se1B1,B2,Se,B,3.00978,2.8913574878037673,-0.11842251219623279,-3.934590308801068
Se1Ca1,Se1Ca1,B2,Se,Ca,3.64701,3.7742032021491188,0.1271932021491189,3.4876022316670063
Se1Cd1,Se1Cd1,B2,Se,Cd,3.55646,3.4699415137331338,-0.0865184862668662,-2.4327136047324083
Se1Ce1,Se1Ce1,B2,Se,Ce,3.64208,3.710731629361535,0.0686516293615349,1.8849566555796387
Se1Co1,Se1Co1,B2,Se,Co,3.02768,3.0398058739349176,0.012125873934917486,0.40050051309641327
Se1Cr1,Se1Cr1,B2,Se,Cr,3.11651,3.1598499551923855,0.04333995519238565,1.390656702285109
Se1Cu1,Se1Cu1,B2,Se,Cu,3.22201,3.1466032020989916,-0.07540679790100846,-2.3403651106299628
Se1Fe1,Se1Fe1,B2,Se,Fe,3.04653,3.069376189057271,0.02284618905727065,0.7499085535763852
Se1Ga1,Se1Ga1,B2,Se,Ga,3.44408,3.3004152800420545,-0.1436647199579455,-4.171352580600494
Se1Gd1,Se1Gd1,B2,Se,Gd,3.59062,3.810617797071001,0.21999779707100098,6.1270141945123955
Se1Ge1,Se1Ge1,B2,Se,Ge,3.49402,3.314262033288803,-0.17975796671119681,-5.1447320482194385
Se1Hf1,Se1Hf1,B2,Se,Hf,3.32257,3.4187800852368553,0.09621008523685548,2.8956526194137515
Se1In1,Se1In1,B2,Se,In,3.63338,3.519771124322818,-0.11360887567718203,-3.126809628422627
Se1La1,Se1La1,B2,Se,La,3.71349,3.807903851466638,0.09441385146663794,2.542456057957284
Se1Mg1,Se1Mg1,B2,Se,Mg,3.45079,3.4333106047173754,-0.017479395282624655,-0.50653314987654
Se1Mn1,Se1Mn1,B2,Se,Mn,3.154,3.101158396933263,-0.05284160306673691,-1.675383737055704
Se1Mo1,Se1Mo1,B2,Se,Mo,3.1467,3.232509689724391,0.08580968972439074,2.7269739639746637
Se1Na1,Se1Na1,B2,Se,Na,3.56375,3.6360760592956485,0.07232605929564828,2.029493070379468
Se1Nb1,Se1Nb1,B2,Se,Nb,3.24424,3.3057404747691104,0.06150047476911036,1.895682032436267
Se1Ni1,Se1Ni1,B2,Se,Ni,3.07723,3.0628732023480834,-0.014356797651916775,-0.4665493853861029
Se1Pd1,Se1Pd1,B2,Se,Pd,3.23915,3.230613331990102,-0.00853666800989794,-0.2635465480109887
Se1Ru1,Se1Ru1,B2,Se,Ru,3.13565,3.1389095656245076,0.0032595656245075766,0.10395183214030829
Se1Sb1,Se1Sb1,B2,Se,Sb,3.61554,3.5317950202521367,-0.08374497974786355,-2.316250954155217
Se1Sc1,Se1Sc1,B2,Se,Sc,3.39638,3.466399176068047,0.07001917606804664,2.061582510438957
Se1Se1,Se2,B2,Se,Se,3.46037,3.3529917735456976,-0.10737822645430262,-3.1030851167448166
Se1Si1,Se1Si1,B2,Se,Si,3.29124,3.211481254189921,-0.07975874581007902,-2.4233646227585655
Se1Sn1,Se1Sn1,B2,Se,Sn,3.67375,3.5316474878193347,-0.14210251218066539,-3.868050688823828
Se1Sr1,Se1Sr1,B2,Se,Sr,3.82359,3.986366612983726,0.16277661298372603,4.257167033696763
Se1Ta1,Se1Ta1,B2,Se,Ta,3.22372,3.295309955395684,0.0715899553956838,2.220724982184675
Se1Tc1,Se1Tc1,B2,Se,Tc,3.10973,3.162842422796705,0.05311242279670525,1.7079432232607092
Se1Ti1,Se1Ti1,B2,Se,Ti,3.19896,3.2730546306174206,0.07409463061742061,2.316209975036281
Se1V1,Se1V1,B2,Se,V,3.10803,3.184377747448818,0.07634774744881812,2.4564675195805097
Se1W1,Se1W1,B2,Se,W,3.14746,3.2126348903857433,0.0651748903857432,2.0707138577056803
Se1Y1,Se1Y1,B2,Se,Y,3.55286,3.667603461860233,0.11474346186023299,3.2296083116203
Se1Zn1,Se1Zn1,B2,Se,Zn,3.35513,3.2547774878342577,-0.10035251216574226,-2.9910171041283724
Se1Zr1,Se1Zr1,B2,Se,Zr,3.36226,3.4474708645258776,0.08521086452587756,2.5343329940539268
Si1Ag1,Si1Ag1,B2,Si,Ag,3.26243,3.2083716438262138,-0.054058356173786404,-1.6569966611938463
Si1Al1,Si1Al1,B2,Si,Al,3.15757,3.1383332493113776,-0.019236750688622628,-0.6092264205899671
Si1As1,Si1As1,B2,Si,As,3.22319,3.170564111335623,-0.05262588866437712,-1.63272685334644
Si1B1,Si1B1,B2,Si,B,2.71288,2.749846968447991,0.036966968447990745,1.3626466503491028
Si1Ca1,Si1Ca1,B2,Si,Ca,3.61689,3.6326926827933423,0.015802682793342182,0.4369135581491885
Si1Cd1,Si1Cd1,B2,Si,Cd,3.42942,3.3284309943773573,-0.10098900562264257,-2.9447838299958176
Si1Ce1,Si1Ce1,B2,Si,Ce,3.56361,3.569221110005758,0.005611110005757869,0.15745578235996277
Si1Co1,Si1Co1,B2,Si,Co,2.78079,2.8982953545791412,0.11750535457914113,4.2256105128089905
Si1Cr1,Si1Cr1,B2,Si,Cr,2.87242,3.0183394358366082,0.14591943583660827,5.080017401236876
Si1Cu1,Si1Cu1,B2,Si,Cu,3.0011,3.005092682743215,0.00399268274321507,0.13304064320466064
Si1Fe1,Si1Fe1,B2,Si,Fe,2.76212,2.9278656697014944,0.1657456697014945,6.000668678460549
Si1Ga1,Si1Ga1,B2,Si,Ga,3.24419,3.158904760686278,-0.085285239313722,-2.6288608038900927
Si1Gd1,Si1Gd1,B2,Si,Gd,4.0,3.669107277715224,-0.33089272228477595,-8.2723180571194
Si1Ge1,Si1Ge1,B2,Si,Ge,3.25553,3.1727515139330267,-0.08277848606697313,-2.5427038321555364
Si1Hf1,Si1Hf1,B2,Si,Hf,3.2843,3.2772695658810784,-0.007030434118921569,-0.2140618737302186
Si1In1,Si1In1,B2,Si,In,3.49806,3.378260604967041,-0.11979939503295922,-3.424738141511558
Si1La1,Si1La1,B2,Si,La,3.71886,3.6663933321108613,-0.05246666788913856,-1.4108266481969896
Si1Mg1,Si1Mg1,B2,Si,Mg,3.30237,3.2918000853615985,-0.01056991463840129,-0.3200705747206185
Si1Mn1,Si1Mn1,B2,Si,Mn,2.79889,2.9596478775774866,0.1607578775774865,5.743629709545087
Si1Mo1,Si1Mo1,B2,Si,Mo,3.03797,3.090999170368614,0.053029170368613876,1.745546215683956
Si1Na1,Si1Na1,B2,Si,Na,3.43619,3.494565539939872,0.05837553993987221,1.698844939886101
Si1Nb1,Si1Nb1,B2,Si,Nb,3.16513,3.164229955413334,-0.0009000445866660378,-0.028436259700740187
Si1Ni1,Si1Ni1,B2,Si,Ni,2.84308,2.9213626829923065,0.07828268299230645,2.753446367752805
Si1Pd1,Si1Pd1,B2,Si,Pd,3.05098,3.0891028126343256,0.0381228126343256,1.2495267957943217
Si1Ru1,Si1Ru1,B2,Si,Ru,2.93096,2.997399046268731,0.06643904626873143,2.2668015349486663
Si1Sb1,Si1Sb1,B2,Si,Sb,3.46986,3.3902845008963602,-0.07957549910363992,-2.293334575563277
Si1Sc1,Si1Sc1,B2,Si,Sc,3.32786,3.3248886567122704,-0.002971343287729411,-0.08928690773438219
Si1Se1,Si1Se1,B2,Si,Se,3.29124,3.211481254189921,-0.07975874581007902,-2.4233646227585655
Si1Si1,Si2,B2,Si,Si,3.09425,3.0699707348341443,-0.02427926516585588,-0.7846575152575221
Si1Sn1,Si1Sn1,B2,Si,Sn,3.4973,3.3901369684635574,-0.10716303153644269,-3.064164685226966
Si1Sr1,Si1Sr1,B2,Si,Sr,3.83199,3.844856093627949,0.012866093627949216,0.33575488526716446
Si1Ta1,Si1Ta1,B2,Si,Ta,3.14936,3.1537994360399075,0.004439436039907374,0.1409631175828541
Si1Tc1,Si1Tc1,B2,Si,Tc,2.96599,3.0213319034409287,0.0553419034409286,1.8658830084028806
Si1Ti1,Si1Ti1,B2,Si,Ti,3.10839,3.1315441112616442,0.02315411126164424,0.7448908039738977
Si1V1,Si1V1,B2,Si,V,2.96959,3.042867228093041,0.07327722809304094,2.4675873805151864
Si1W1,Si1W1,B2,Si,W,3.04997,3.0711243710299665,0.021154371029966423,0.6935927576325807
Si1Y1,Si1Y1,B2,Si,Y,3.53742,3.5260929425044556,-0.011327057495544413,-0.3202067465990584
Si1Zn1,Si1Zn1,B2,Si,Zn,3.17596,3.113266968478481,-0.06269303152151906,-1.973986810964844
Si1Zr1,Si1Zr1,B2,Si,Zr,3.32358,3.305960345170101,-0.017619654829899023,-0.5301408369859917
Sn1Ag1,Sn1Ag1,B2,Sn,Ag,3.56458,3.5285378774556277,-0.03604212254437211,-1.011118351793819
Sn1Al1,Sn1Al1,B2,Sn,Al,3.56723,3.4584994829407916,-0.10873051705920833,-3.0480377508377186
Sn1As1,Sn1As1,B2,Sn,As,3.57909,3.4907303449650366,-0.08835965503496324,-2.4687743262942043
Sn1B1,Sn1B1,B2,Sn,B,3.18381,3.070013202077405,-0.1137967979225949,-3.57423332179354
Sn1Ca1,Sn1Ca1,B2,Sn,Ca,3.89365,3.952858916422756,0.05920891642275583,1.5206532796413603
Sn1Cd1,Sn1Cd1,B2,Sn,Cd,3.72174,3.648597228006771,-0.07314277199322916,-1.965284302321741
Sn1Ce1,Sn1Ce1,B2,Sn,Ce,3.8598,3.889387343635172,0.029587343635172125,0.7665512108184913
Sn1Co1,Sn1Co1,B2,Sn,Co,3.14046,3.2184615882085548,0.07800158820855474,2.4837631496199517
Sn1Cr1,Sn1Cr1,B2,Sn,Cr,3.2442,3.3385056694660222,0.09430566946602204,2.9069006061901863
Sn1Cu1,Sn1Cu1,B2,Sn,Cu,3.35698,3.325258916372629,-0.031721083627370916,-0.9449291812096263
Sn1Fe1,Sn1Fe1,B2,Sn,Fe,3.12805,3.248031903330908,0.11998190333090797,3.83567728555835
Sn1Ga1,Sn1Ga1,B2,Sn,Ga,3.61648,3.479070994315692,-0.13740900568430803,-3.7995234505460567
Sn1Gd1,Sn1Gd1,B2,Sn,Gd,3.82262,3.989273511344638,0.1666535113446379,4.359667226787855
Sn1Ge1,Sn1Ge1,B2,Sn,Ge,3.61491,3.4929177475624407,-0.1219922524375594,-3.374696809534937
Sn1Hf1,Sn1Hf1,B2,Sn,Hf,3.54157,3.5974357995104924,0.05586579951049231,1.5774303348653933
Sn1In1,Sn1In1,B2,Sn,In,3.8145,3.698426838596455,-0.11607316140354484,-3.0429456391019754
Sn1La1,Sn1La1,B2,Sn,La,3.96927,3.986559565740275,0.01728956574027496,0.4355855293359978
Sn1Mg1,Sn1Mg1,B2,Sn,Mg,3.64136,3.6119663189910125,-0.02939368100898765,-0.8072171114360472
Sn1Mn1,Sn1Mn1,B2,Sn,Mn,3.33734,3.2798141112069006,-0.05752588879309961,-1.7237047706586566
Sn1Mo1,Sn1Mo1,B2,Sn,Mo,3.31249,3.411165403998028,0.09867540399802799,2.97888911356798
Sn1Na1,Sn1Na1,B2,Sn,Na,3.75685,3.8147317735692856,0.05788177356928559,1.5406996172135057
Sn1Nb1,Sn1Nb1,B2,Sn,Nb,3.42215,3.4843961890427475,0.0622461890427477,1.818920533662981
Sn1Ni1,Sn1Ni1,B2,Sn,Ni,3.20815,3.2415289166217196,0.03337891662171977,1.0404412705677655
Sn1Pd1,Sn1Pd1,B2,Sn,Pd,3.36858,3.4092690462637396,0.04068904626373948,1.2078990632177202
Sn1Ru1,Sn1Ru1,B2,Sn,Ru,3.22567,3.317565279898145,0.09189527989814517,2.8488741842204925
Sn1Sb1,Sn1Sb1,B2,Sn,Sb,3.80346,3.7104507345257742,-0.09300926547422561,-2.445385661324836
Sn1Sc1,Sn1Sc1,B2,Sn,Sc,3.61918,3.6450548903416844,0.02587489034168433,0.7149379235540739
Sn1Se1,Sn1Se1,B2,Sn,Se,3.67381,3.5316474878193347,-0.14216251218066533,-3.8696206984211305
Sn1Si1,Sn1Si1,B2,Sn,Si,3.4973,3.3901369684635574,-0.10716303153644269,-3.064164685226966
Sn1Sn1,Sn2,B2,Sn,Sn,3.80762,3.7103032020929714,-0.09731679790702863,-2.555843227712551
Sn1Sr1,Sn1Sr1,B2,Sn,Sr,4.08794,4.165022327257363,0.0770823272573633,1.8856031951878773
Sn1Ta1,Sn1Ta1,B2,Sn,Ta,3.40887,3.4739656696693215,0.06509566966932168,1.9095967188341496
Sn1Tc1,Sn1Tc1,B2,Sn,Tc,3.2558,3.3414981370703423,0.08569813707034246,2.6321683478820095
Sn1Ti1,Sn1Ti1,B2,Sn,Ti,3.41923,3.4517103448910578,0.032480344891057555,0.9499315603529904
Sn1V1,Sn1V1,B2,Sn,V,3.28055,3.3630334617224547,0.0824834617224548,2.514318078445834
Sn1W1,Sn1W1,B2,Sn,W,3.32109,3.3912906046593805,0.0702006046593806,2.1137820612925458
Sn1Y1,Sn1Y1,B2,Sn,Y,3.80315,3.84625917613387,0.04310917613387,1.133512381417246
Sn1Zn1,Sn1Zn1,B2,Sn,Zn,3.5337,3.433433202107895,-0.10026679789210524,-2.837445111132955
Sn1Zr1,Sn1Zr1,B2,Sn,Zr,3.5765,3.626126578799515,0.049626578799515375,1.387573851517276
Sr1Ag1,Sr1Ag1,B2,Sr,Ag,3.92758,3.983257002620019,0.05567700262001907,1.4175905422682433
Sr1Al1,Sr1Al1,B2,Sr,Al,3.94522,3.913218608105183,-0.032001391894816766,-0.8111434063199712
Sr1As1,Sr1As1,B2,Sr,As,3.83736,3.945449470129428,0.10808947012942793,2.8167664782409765
Sr1B1,Sr1B1,B2,Sr,B,3.50299,3.5247323272417965,0.021742327241796477,0.6206791124666778
Sr1Ca1,Sr1Ca1,B2,Sr,Ca,4.55476,4.407578041587147,-0.14718195841285286,-3.231387788003163
Sr1Cd1,Sr1Cd1,B2,Sr,Cd,4.06942,4.103316353171162,0.03389635317116202,0.8329529311587897
Sr1Ce1,Sr1Ce1,B2,Sr,Ce,4.36251,4.344106468799564,-0.018403531200436696,-0.4218564817143501
Sr1Co1,Sr1Co1,B2,Sr,Co,3.65289,3.673180713372946,0.020290713372945746,0.5554701448153584
Sr1Cr1,Sr1Cr1,B2,Sr,Cr,4.04606,3.793224794630414,-0.2528352053695859,-6.248923776948091
Sr1Cu1,Sr1Cu1,B2,Sr,Cu,3.7922,3.7799780415370208,-0.012221958462979021,-0.3222920326717742
Sr1Fe1,Sr1Fe1,B2,Sr,Fe,3.78127,3.702751028495299,-0.078518971504701,-2.0765238003290163
Sr1Ga1,Sr1Ga1,B2,Sr,Ga,3.89913,3.9337901194800833,0.034660119480083296,0.8889193096942983
Sr1Ge1,Sr1Ge1,B2,Sr,Ge,3.87806,3.947636872726832,0.06957687272683177,1.7941154269617225
Sr1Hf1,Sr1Hf1,B2,Sr,Hf,3.98383,4.052154924674884,0.06832492467488382,1.7150562316886968
Sr1In1,Sr1In1,B2,Sr,In,4.07792,4.153145963760846,0.0752259637608459,1.8447140640533872
Sr1La1,Sr1La1,B2,Sr,La,4.46242,4.441278690904666,-0.021141309095333405,-0.4737633189017037
Sr1Mg1,Sr1Mg1,B2,Sr,Mg,4.17847,4.066685444155404,-0.11178455584459623,-2.6752508895503913
Sr1Mn1,Sr1Mn1,B2,Sr,Mn,3.92574,3.734533236371292,-0.1912067636287076,-4.87059162422136
Sr1Mo1,Sr1Mo1,B2,Sr,Mo,3.81705,3.8658845291624195,0.04883452916241948,1.2793788177367202
Sr1Na1,Sr1Na1,B2,Sr,Na,4.49019,4.269450898733677,-0.22073910126632335,-4.916030307544299
Sr1Nb1,Sr1Nb1,B2,Sr,Nb,3.89035,3.9391153142071387,0.04876531420713848,1.25349426676619
Sr1Ni1,Sr1Ni1,B2,Sr,Ni,3.62863,3.696248041786111,0.06761804178611142,1.8634592611016119
Sr1Pd1,Sr1Pd1,B2,Sr,Pd,3.72521,3.863988171428131,0.13877817142813065,3.7253784733781625
Sr1Ru1,Sr1Ru1,B2,Sr,Ru,3.60423,3.772284405062537,0.168054405062537,4.662699246788829
Sr1Sb1,Sr1Sb1,B2,Sr,Sb,4.06281,4.165169859690166,0.10235985969016603,2.519435063174651
Sr1Sc1,Sr1Sc1,B2,Sr,Sc,4.14695,4.099774015506076,-0.047175984493924794,-1.1376067831520704
Sr1Se1,Sr1Se1,B2,Sr,Se,3.82361,3.986366612983726,0.1627566129837259,4.256621700009308
Sr1Si1,Sr1Si1,B2,Sr,Si,3.83183,3.844856093627949,0.013026093627948931,0.3399444554677251
Sr1Sn1,Sr1Sn1,B2,Sr,Sn,4.08794,4.165022327257363,0.0770823272573633,1.8856031951878773
Sr1Sr1,Sr2,B2,Sr,Sr,4.71334,4.619741452421755,-0.09359854757824504,-1.9858221044576678
Sr1Ta1,Sr1Ta1,B2,Sr,Ta,3.82855,3.928684794833713,0.10013479483371324,2.6154756979460436
Sr1Tc1,Sr1Tc1,B2,Sr,Tc,3.75461,3.796217262234734,0.04160726223473388,1.10816468913506
Sr1Ti1,Sr1Ti1,B2,Sr,Ti,4.04164,3.9064294700554494,-0.13521052994455074,-3.345437246873812
Sr1V1,Sr1V1,B2,Sr,V,3.9964,3.817752586886846,-0.17864741311315413,-4.470208515492797
Sr1W1,Sr1W1,B2,Sr,W,3.77489,3.846009729823772,0.07111972982377202,1.8840212515800994
Sr1Y1,Sr1Y1,B2,Sr,Y,4.31112,4.300978301298261,-0.010141698701739088,-0.23524510340095123
Sr1Zn1,Sr1Zn1,B2,Sr,Zn,3.91714,3.8881523272722864,-0.02898767272771341,-0.7400213606793071
Sr1Zr1,Sr1Zr1,B2,Sr,Zr,4.02759,4.080845703963907,0.053255703963906775,1.3222722264159654
Ta1Ag1,Ta1Ag1,B2,Ta,Ag,3.29105,3.292200345031978,0.001150345031978084,0.034953739140337704
Ta1Al1,Ta1Al1,B2,Ta,Al,3.22147,3.2221619505171417,0.0006919505171416596,0.021479340709106697
Ta1As1,Ta1As1,B2,Ta,As,3.20882,3.2543928125413863,0.045572812541386565,1.420235866810434
Ta1B1,Ta1B1,B2,Ta,B,2.87385,2.8336756696537546,-0.0401743303462454,-1.397927182916485
Ta1Ca1,Ta1Ca1,B2,Ta,Ca,3.64308,3.716521383999105,0.07344138399910527,2.015914665588054
Ta1Cd1,Ta1Cd1,B2,Ta,Cd,3.3584,3.41225969558312,0.05385969558312009,1.6037308117889497
Ta1Ce1,Ta1Ce1,B2,Ta,Ce,3.56492,3.653049811211522,0.0881298112115223,2.472139941752474
Ta1Co1,Ta1Co1,B2,Ta,Co,3.05094,2.9821240557849045,-0.06881594421509574,-2.2555653082360103
Ta1Cr1,Ta1Cr1,B2,Ta,Cr,3.0843,3.1021681370423724,0.017868137042372556,0.5793255209406529
Ta1Cu1,Ta1Cu1,B2,Ta,Cu,3.11729,3.088921383948979,-0.028368616051021256,-0.9100409667057366
Ta1Fe1,Ta1Fe1,B2,Ta,Fe,3.04457,3.0116943709072572,-0.032875629092743,-1.0798118976651216
Ta1Ga1,Ta1Ga1,B2,Ta,Ga,3.21948,3.242733461892042,0.023253461892041916,0.7222738421124504
Ta1Gd1,Ta1Gd1,B2,Ta,Gd,4.0,3.7529359789209877,-0.24706402107901226,-6.176600526975307
Ta1Ge1,Ta1Ge1,B2,Ta,Ge,3.22314,3.2565802151387904,0.033440215138790474,1.0375042703323614
Ta1Hf1,Ta1Hf1,B2,Ta,Hf,3.41227,3.3610982670868426,-0.05117173291315735,-1.499639035397473
Ta1In1,Ta1In1,B2,Ta,In,3.40281,3.4620893061728046,0.059279306172804525,1.7420692360961827
Ta1La1,Ta1La1,B2,Ta,La,3.69397,3.750222033316625,0.05625203331662476,1.5228069885955966
Ta1Mg1,Ta1Mg1,B2,Ta,Mg,3.33603,3.3756287865673626,0.0395987865673626,1.1870033113420022
Ta1Mn1,Ta1Mn1,B2,Ta,Mn,3.05054,3.0434765787832503,-0.007063421216749521,-0.23154658574381987
Ta1Mo1,Ta1Mo1,B2,Ta,Mo,3.21858,3.174827871574378,-0.04375212842562215,-1.3593612222042686
Ta1Na1,Ta1Na1,B2,Ta,Na,3.41269,3.5783942411456353,0.1657042411456353,4.855531593717428
Ta1Nb1,Ta1Nb1,B2,Ta,Nb,3.31994,3.248058656619097,-0.07188134338090268,-2.1651398332771885
Ta1Ni1,Ta1Ni1,B2,Ta,Ni,3.07003,3.0051913841980697,-0.06483861580193029,-2.111986391075341
Ta1Pd1,Ta1Pd1,B2,Ta,Pd,3.22136,3.172931513840089,-0.04842848615991091,-1.503355295897103
Ta1Ru1,Ta1Ru1,B2,Ta,Ru,3.16155,3.081227747474495,-0.08032225252550518,-2.5405972553179668
Ta1Sb1,Ta1Sb1,B2,Ta,Sb,3.40741,3.4741132021021235,0.06670320210212344,1.9575924852636883
Ta1Sc1,Ta1Sc1,B2,Ta,Sc,3.42389,3.408717357918034,-0.015172642081966004,-0.44314046543452046
Ta1Se1,Ta1Se1,B2,Ta,Se,3.22372,3.295309955395684,0.0715899553956838,2.220724982184675
Ta1Si1,Ta1Si1,B2,Ta,Si,3.14936,3.1537994360399075,0.004439436039907374,0.1409631175828541
Ta1Sn1,Ta1Sn1,B2,Ta,Sn,3.40887,3.4739656696693215,0.06509566966932168,1.9095967188341496
Ta1Sr1,Ta1Sr1,B2,Ta,Sr,3.82855,3.928684794833713,0.10013479483371324,2.6154756979460436
Ta1Ta1,Ta2,B2,Ta,Ta,3.31193,3.2376281372456712,-0.0743018627543286,-2.2434611466525136
Ta1Tc1,Ta1Tc1,B2,Ta,Tc,3.16904,3.105160604646692,-0.06387939535330789,-2.015733324707416
Ta1Ti1,Ta1Ti1,B2,Ta,Ti,3.26008,3.2153728124674075,-0.044707187532592396,-1.3713524678103728
Ta1V1,Ta1V1,B2,Ta,V,3.15785,3.126695929298805,-0.031154070701195025,-0.986559548464779
Ta1W1,Ta1W1,B2,Ta,W,3.22732,3.1549530722357306,-0.07236692776426956,-2.242322662898924
Ta1Y1,Ta1Y1,B2,Ta,Y,3.59472,3.6099216437102197,0.015201643710219592,0.42288811674399096
Ta1Zn1,Ta1Zn1,B2,Ta,Zn,3.17335,3.197095669684245,0.023745669684244852,0.748283980154879
Ta1Zr1,Ta1Zr1,B2,Ta,Zr,3.43336,3.3897890463758644,-0.043570953624135544,-1.269047044997773
Tc1Ag1,Tc1Ag1,B2,Tc,Ag,3.16288,3.1597328124329986,-0.003147187567001275,-0.09950385620071818
Tc1Al1,Tc1Al1,B2,Tc,Al,3.05019,3.0896944179181625,0.03950441791816228,1.2951461357542409
Tc1As1,Tc1As1,B2,Tc,As,3.07304,3.1219252799424075,0.04888527994240732,1.5907791614299627
Tc1B1,Tc1B1,B2,Tc,B,2.72256,2.7012081370547754,-0.02135186294522473,-0.7842568371394838
Tc1Ca1,Tc1Ca1,B2,Tc,Ca,3.48768,3.5840538514001268,0.09637385140012666,2.7632653053068705
Tc1Cd1,Tc1Cd1,B2,Tc,Cd,3.23969,3.2797921629841413,0.040102162984141376,1.2378395150196895
Tc1Ce1,Tc1Ce1,B2,Tc,Ce,3.45239,3.520582278612543,0.06819227861254307,1.9752194454433905
Tc1Co1,Tc1Co1,B2,Tc,Co,2.92094,2.8496565231859257,-0.07128347681407421,-2.4404293417213023
Tc1Cr1,Tc1Cr1,B2,Tc,Cr,2.96166,2.969700604443393,0.00804060444339294,0.2714897875986082
Tc1Cu1,Tc1Cu1,B2,Tc,Cu,2.97282,2.9564538513499996,-0.01636614865000041,-0.550526054386085
Tc1Fe1,Tc1Fe1,B2,Tc,Fe,2.92369,2.879226838308279,-0.044463161691721265,-1.5207891976140173
Tc1Ga1,Tc1Ga1,B2,Tc,Ga,3.05823,3.1102659292930626,0.052035929293062555,1.7015047688716205
Tc1Gd1,Tc1Gd1,B2,Tc,Gd,4.24352,3.6204684463220085,-0.6230515536779917,-14.682422933743489
Tc1Ge1,Tc1Ge1,B2,Tc,Ge,3.06837,3.124112682539811,0.055742682539811295,1.816687118561689
Tc1Hf1,Tc1Hf1,B2,Tc,Hf,3.25778,3.2286307344878633,-0.02914926551213659,-0.894758562951967
Tc1In1,Tc1In1,B2,Tc,In,3.26549,3.3296217735738254,0.0641317735738256,1.9639249721734136
Tc1La1,Tc1La1,B2,Tc,La,3.55772,3.617754500717646,0.06003450071764593,1.6874431016956344
Tc1Mg1,Tc1Mg1,B2,Tc,Mg,3.17788,3.2431612539683834,0.06528125396838336,2.054239114390202
Tc1Mn1,Tc1Mn1,B2,Tc,Mn,2.93394,2.911009046184271,-0.022930953815729183,-0.7815754178929761
Tc1Mo1,Tc1Mo1,B2,Tc,Mo,3.11153,3.042360338975399,-0.06916966102460131,-2.2230112203514447
Tc1Na1,Tc1Na1,B2,Tc,Na,3.25293,3.4459267085466565,0.1929967085466564,5.933011424981674
Tc1Nb1,Tc1Nb1,B2,Tc,Nb,3.18697,3.1155911240201184,-0.07137887597988168,-2.239709692274533
Tc1Ni1,Tc1Ni1,B2,Tc,Ni,2.9364,2.872723851599091,-0.06367614840090896,-2.168510707019104
Tc1Pd1,Tc1Pd1,B2,Tc,Pd,3.10569,3.0404639812411096,-0.06522601875889045,-2.1002102192714163
Tc1Ru1,Tc1Ru1,B2,Tc,Ru,3.05937,2.9487602148755157,-0.11060978512448427,-3.615443216233547
Tc1Sb1,Tc1Sb1,B2,Tc,Sb,3.26111,3.3416456695031442,0.08053566950314428,2.4695784411793618
Tc1Sc1,Tc1Sc1,B2,Tc,Sc,3.24172,3.276249825319055,0.03452982531905491,1.0651698887952972
Tc1Se1,Tc1Se1,B2,Tc,Se,3.10973,3.162842422796705,0.05311242279670525,1.7079432232607092
Tc1Si1,Tc1Si1,B2,Tc,Si,2.96599,3.0213319034409287,0.0553419034409286,1.8658830084028806
Tc1Sn1,Tc1Sn1,B2,Tc,Sn,3.2558,3.3414981370703423,0.08569813707034246,2.6321683478820095
Tc1Sr1,Tc1Sr1,B2,Tc,Sr,3.75461,3.796217262234734,0.04160726223473388,1.10816468913506
Tc1Ta1,Tc1Ta1,B2,Tc,Ta,3.16904,3.105160604646692,-0.06387939535330789,-2.015733324707416
Tc1Tc1,Tc2,B2,Tc,Tc,3.07116,2.972693072047713,-0.09846692795228673,-3.206180334215304
Tc1Ti1,Tc1Ti1,B2,Tc,Ti,3.09786,3.0829052798684287,-0.014954720131571175,-0.4827435756157856
Tc1V1,Tc1V1,B2,Tc,V,3.00388,2.994228396699826,-0.009651603300174116,-0.3213045561132308
Tc1W1,Tc1W1,B2,Tc,W,3.1197,3.0224855396367514,-0.09721446036324854,-3.1161477181539428
Tc1Y1,Tc1Y1,B2,Tc,Y,3.42621,3.4774541111112405,0.051244111111240276,1.495650036373727
Tc1Zn1,Tc1Zn1,B2,Tc,Zn,3.03746,3.0646281370852657,0.027168137085265887,0.8944360447632524
Tc1Zr1,Tc1Zr1,B2,Tc,Zr,3.29234,3.257321513776885,-0.03501848622311465,-1.0636351720391775
Ti1Ag1,Ti1Ag1,B2,Ti,Ag,3.27918,3.269945020253714,-0.009234979746286065,-0.281624666724183
Ti1Al1,Ti1Al1,B2,Ti,Al,3.18403,3.199906625738878,0.015876625738878047,0.49863304487954097
Ti1As1,Ti1As1,B2,Ti,As,3.18743,3.232137487763123,0.044707487763123055,1.4026186539978307
Ti1B1,Ti1B1,B2,Ti,B,2.78966,2.811420344875491,0.021760344875490834,0.7800357346590923
Ti1Ca1,Ti1Ca1,B2,Ti,Ca,3.7694,3.694266059220842,-0.07513394077915825,-1.9932599559388298
Ti1Cd1,Ti1Cd1,B2,Ti,Cd,3.34741,3.390004370804857,0.04259437080485684,1.2724575359712984
Ti1Ce1,Ti1Ce1,B2,Ti,Ce,3.57628,3.6307944864332584,0.05451448643325829,1.5243349635167909
Ti1Co1,Ti1Co1,B2,Ti,Co,2.96207,2.959868731006641,-0.00220126899335904,-0.07431522527688542
Ti1Cr1,Ti1Cr1,B2,Ti,Cr,3.02681,3.0799128122641086,0.053102812264108845,1.7544151190232904
Ti1Cu1,Ti1Cu1,B2,Ti,Cu,3.07341,3.066666059170715,-0.006743940829284867,-0.21942860956673096
Ti1Fe1,Ti1Fe1,B2,Ti,Fe,2.94835,2.9894390461289944,0.04108904612899433,1.3936285084536888
Ti1Ga1,Ti1Ga1,B2,Ti,Ga,3.17057,3.2204781371137776,0.049908137113777506,1.5741061422323905
Ti1Gd1,Ti1Gd1,B2,Ti,Gd,3.63689,3.730680654142724,0.0937906541427238,2.5788696975361862
Ti1Ge1,Ti1Ge1,B2,Ti,Ge,3.19837,3.234324890360526,0.035954890360526015,1.1241629442661736
Ti1Hf1,Ti1Hf1,B2,Ti,Hf,3.39234,3.338842942308579,-0.0534970576914211,-1.5769957519417601
Ti1In1,Ti1In1,B2,Ti,In,3.37713,3.439833981394541,0.0627039813945407,1.8567239459108975
Ti1La1,Ti1La1,B2,Ti,La,3.71249,3.7279667085383617,0.015476708538361805,0.41688216098526343
Ti1Mg1,Ti1Mg1,B2,Ti,Mg,3.34989,3.353373461789099,0.003483461789099085,0.10398734851290894
Ti1Mn1,Ti1Mn1,B2,Ti,Mn,2.96882,3.0212212540049865,0.05240125400498652,1.7650532536491441
Ti1Mo1,Ti1Mo1,B2,Ti,Mo,3.15456,3.1525725467961143,-0.001987453203885714,-0.06300254881459583
Ti1Na1,Ti1Na1,B2,Ti,Na,3.59772,3.556138916367372,-0.0415810836326278,-1.1557620835592486
Ti1Nb1,Ti1Nb1,B2,Ti,Nb,3.25931,3.225803331840834,-0.03350666815916625,-1.0280294957879506
Ti1Ni1,Ti1Ni1,B2,Ti,Ni,3.00264,2.9829360594198064,-0.019703940580193535,-0.6562205452599558
Ti1Pd1,Ti1Pd1,B2,Ti,Pd,3.16955,3.150676189061825,-0.018873810938174973,-0.5954728885228179
Ti1Ru1,Ti1Ru1,B2,Ti,Ru,3.06965,3.058972422696231,-0.010677577303769059,-0.34784347739218013
Ti1Sb1,Ti1Sb1,B2,Ti,Sb,3.41637,3.4518578773238597,0.03548787732385961,1.0387597749617168
Ti1Sc1,Ti1Sc1,B2,Ti,Sc,3.4617,3.3864620331397703,-0.07523796686022965,-2.173439837658655
Ti1Se1,Ti1Se1,B2,Ti,Se,3.19896,3.2730546306174206,0.07409463061742061,2.316209975036281
Ti1Si1,Ti1Si1,B2,Ti,Si,3.10839,3.1315441112616442,0.02315411126164424,0.7448908039738977
Ti1Sn1,Ti1Sn1,B2,Ti,Sn,3.41923,3.4517103448910578,0.032480344891057555,0.9499315603529904
Ti1Sr1,Ti1Sr1,B2,Ti,Sr,4.04164,3.9064294700554494,-0.13521052994455074,-3.345437246873812
Ti1Ta1,Ti1Ta1,B2,Ti,Ta,3.26008,3.2153728124674075,-0.044707187532592396,-1.3713524678103728
Ti1Tc1,Ti1Tc1,B2,Ti,Tc,3.09786,3.0829052798684287,-0.014954720131571175,-0.4827435756157856
Ti1Ti1,Ti2,B2,Ti,Ti,3.23963,3.193117487689144,-0.04651251231085585,-1.4357353250481026
Ti1V1,Ti1V1,B2,Ti,V,3.11018,3.1044406045205415,-0.0057393954794586755,-0.18453579791068925
Ti1W1,Ti1W1,B2,Ti,W,3.17001,3.132697747457467,-0.03731225254253312,-1.177038953900244
Ti1Y1,Ti1Y1,B2,Ti,Y,3.65907,3.587666318931956,-0.07140368106804384,-1.9514160993925735
Ti1Zn1,Ti1Zn1,B2,Ti,Zn,3.13948,3.174840344905981,0.03536034490598139,1.1263121569808183
Ti1Zr1,Ti1Zr1,B2,Ti,Zr,3.41139,3.3675337215976007,-0.04385627840239925,-1.2855838353984521
V1Ag1,V1Ag1,B2,V,Ag,3.2115,3.1812681370851106,-0.03023186291488944,-0.9413626939090594
V1Al1,V1Al1,B2,V,Al,3.08694,3.111229742570275,0.024289742570275052,0.7868550269935617
V1As1,V1As1,B2,V,As,3.06161,3.14346060459452,0.08185060459451998,2.673449740317022
V1B1,V1B1,B2,V,B,2.65573,2.722743461706888,0.06701346170688804,2.5233537184460784
V1Ca1,V1Ca1,B2,V,Ca,3.78128,3.605589176052239,-0.17569082394776103,-4.646332034331259
V1Cd1,V1Cd1,B2,V,Cd,3.33572,3.301327487636254,-0.03439251236374563,-1.031037148314176
V1Ce1,V1Ce1,B2,V,Ce,3.52131,3.542117603264655,0.020807603264654695,0.5909051820105214
V1Co1,V1Co1,B2,V,Co,2.86954,2.871191847838038,0.0016518478380378454,0.057564900229229964
V1Cr1,V1Cr1,B2,V,Cr,2.89638,2.9912359290955055,0.09485592909550533,3.2749821879554935
V1Cu1,V1Cu1,B2,V,Cu,2.95719,2.9779891760021124,0.02079917600211223,0.7033425651416456
V1Fe1,V1Fe1,B2,V,Fe,2.85476,2.9007621629603912,0.04600216296039106,1.611419627583091
V1Ga1,V1Ga1,B2,V,Ga,3.06567,3.131801253945175,0.06613125394517505,2.15715500837256
V1Gd1,V1Gd1,B2,V,Gd,3.48467,3.642003770974121,0.15733377097412093,4.515026414958115
V1Ge1,V1Ge1,B2,V,Ge,3.06182,3.1456480071919235,0.08382800719192351,2.737848965384102
V1Hf1,V1Hf1,B2,V,Hf,3.29528,3.2501660591399752,-0.04511394086002474,-1.3690472694285383
V1In1,V1In1,B2,V,In,3.34966,3.3511570982259378,0.0014970982259376875,0.044694035392776804
V1La1,V1La1,B2,V,La,3.71604,3.639289825369758,-0.07675017463024192,-2.0653753627582567
V1Mg1,V1Mg1,B2,V,Mg,3.29183,3.2646965786204953,-0.027133421379504696,-0.8242655720223917
V1Mn1,V1Mn1,B2,V,Mn,2.85663,2.932544370836384,0.07591437083638386,2.6574799969328846
V1Mo1,V1Mo1,B2,V,Mo,3.05766,3.0638956636275108,0.0062356636275109345,0.20393580802021594
V1Na1,V1Na1,B2,V,Na,3.64845,3.467462033198769,-0.18098796680123108,-4.960681023482056
V1Nb1,V1Nb1,B2,V,Nb,3.16864,3.137126448672231,-0.03151355132776912,-0.9945450201906533
V1Ni1,V1Ni1,B2,V,Ni,2.89946,2.8942591762512033,-0.005200823748796601,-0.1793721502899368
V1Pd1,V1Pd1,B2,V,Pd,3.12314,3.0619993058932224,-0.06114069410677736,-1.9576674150623208
V1Ru1,V1Ru1,B2,V,Ru,2.99342,2.9702955395276285,-0.02312446047237149,-0.772509720399125
V1Sb1,V1Sb1,B2,V,Sb,3.28893,3.363180994155257,0.07425099415525693,2.257603359002987
V1Sc1,V1Sc1,B2,V,Sc,3.30577,3.2977851499711677,-0.007984850028832202,-0.24154281843056843
V1Se1,V1Se1,B2,V,Se,3.10803,3.184377747448818,0.07634774744881812,2.4564675195805097
V1Si1,V1Si1,B2,V,Si,2.9696,3.042867228093041,0.07326722809304131,2.467242325331402
V1Sn1,V1Sn1,B2,V,Sn,3.28055,3.3630334617224547,0.0824834617224548,2.514318078445834
V1Sr1,V1Sr1,B2,V,Sr,3.99636,3.817752586886846,-0.1786074131131543,-4.469252347465051
V1Ta1,V1Ta1,B2,V,Ta,3.15785,3.126695929298805,-0.031154070701195025,-0.986559548464779
V1Tc1,V1Tc1,B2,V,Tc,3.00388,2.994228396699826,-0.009651603300174116,-0.3213045561132308
V1Ti1,V1Ti1,B2,V,Ti,3.11018,3.1044406045205415,-0.0057393954794586755,-0.18453579791068925
V1V1,V2,B2,V,V,2.98214,3.015763721351938,0.03362372135193814,1.1275031136009088
V1W1,V1W1,B2,V,W,3.06454,3.0440208642888633,-0.020519135711136727,-0.6695665813184598
V1Y1,V1Y1,B2,V,Y,3.60813,3.498989435763353,-0.1091405642366472,-3.0248512175738456
V1Zn1,V1Zn1,B2,V,Zn,3.01992,3.086163461737378,0.06624346173737816,2.1935502177997486
V1Zr1,V1Zr1,B2,V,Zr,3.33283,3.278856838428998,-0.05397316157100196,-1.6194393824768127
W1Ag1,W1Ag1,B2,W,Ag,3.20785,3.209525280022037,0.0016752800220367625,0.05222438773748032
W1Al1,W1Al1,B2,W,Al,3.12535,3.1394868855072007,0.014136885507200603,0.4523296753067849
W1As1,W1As1,B2,W,As,3.12483,3.1717177475314458,0.046887747531445534,1.5004895476376485
W1B1,W1B1,B2,W,B,2.79606,2.751000604643814,-0.045059395356186194,-1.6115317752904514
W1Ca1,W1Ca1,B2,W,Ca,3.51715,3.6338463189891645,0.11669631898916455,3.3179227212136118
W1Cd1,W1Cd1,B2,W,Cd,3.27935,3.3295846305731795,0.05023463057317956,1.531847182312945
W1Ce1,W1Ce1,B2,W,Ce,3.48805,3.570374746201581,0.08232474620158126,2.360193982356367
W1Co1,W1Co1,B2,W,Co,2.9346,2.899448990774964,-0.03515100922503622,-1.1978126226755341
W1Cr1,W1Cr1,B2,W,Cr,3.01636,3.0194930720324313,0.0031330720324311834,0.10386930049566973
W1Cu1,W1Cu1,B2,W,Cu,3.02743,3.0062463189390383,-0.02118368106096158,-0.6997248841744179
W1Fe1,W1Fe1,B2,W,Fe,2.9804,2.9290193058973166,-0.05138069410268331,-1.7239529627796037
W1Ga1,W1Ga1,B2,W,Ga,3.12593,3.160058396882101,0.03412839688210134,1.091783785372716
W1Gd1,W1Gd1,B2,W,Gd,3.86858,3.6702609139110467,-0.19831908608895343,-5.126405194902352
W1Ge1,W1Ge1,B2,W,Ge,3.13443,3.1739051501288498,0.03947515012884972,1.2594044253293173
W1Hf1,W1Hf1,B2,W,Hf,3.32775,3.2784232020769015,-0.049326797923098464,-1.4822867680294032
W1In1,W1In1,B2,W,In,3.31723,3.3794142411628636,0.062184241162863696,1.8745833470354392
W1La1,W1La1,B2,W,La,3.63515,3.667546968306684,0.03239696830668404,0.8912140711300507
W1Mg1,W1Mg1,B2,W,Mg,3.22197,3.2929537215574216,0.07098372155742183,2.2031155335841683
W1Mn1,W1Mn1,B2,W,Mn,2.98666,2.9608015137733097,-0.025858486226690403,-0.8657994624995949
W1Mo1,W1Mo1,B2,W,Mo,3.16195,3.092152806564437,-0.06979719343556301,-2.207409776737868
W1Na1,W1Na1,B2,W,Na,3.30708,3.4957191761356947,0.1886391761356947,5.704100781828522
W1Nb1,W1Nb1,B2,W,Nb,3.23929,3.1653835916091566,-0.07390640839084339,-2.28156195928254
W1Ni1,W1Ni1,B2,W,Ni,2.9933,2.9225163191881287,-0.07078368081187136,-2.3647372736401753
W1Pd1,W1Pd1,B2,W,Pd,3.15316,3.0902564488301487,-0.06290355116985147,-1.9949368623809596
W1Ru1,W1Ru1,B2,W,Ru,3.1095,2.9985526824645543,-0.11094731753544584,-3.5680114981651663
W1Sb1,W1Sb1,B2,W,Sb,3.32234,3.391438137092183,0.06909813709218282,2.079803304062282
W1Sc1,W1Sc1,B2,W,Sc,3.31087,3.3260422929080935,0.015172292908093521,0.4582569810380208
W1Se1,W1Se1,B2,W,Se,3.14747,3.2126348903857433,0.06516489038574313,2.070389563228343
W1Si1,W1Si1,B2,W,Si,3.04997,3.0711243710299665,0.021154371029966423,0.6935927576325807
W1Sn1,W1Sn1,B2,W,Sn,3.32108,3.3912906046593805,0.07021060465938067,2.114089532904377
W1Sr1,W1Sr1,B2,W,Sr,3.77489,3.846009729823772,0.07111972982377202,1.8840212515800994
W1Ta1,W1Ta1,B2,W,Ta,3.22732,3.1549530722357306,-0.07236692776426956,-2.242322662898924
W1Tc1,W1Tc1,B2,W,Tc,3.1197,3.0224855396367514,-0.09721446036324854,-3.1161477181539428
W1Ti1,W1Ti1,B2,W,Ti,3.16981,3.132697747457467,-0.03711225254253314,-1.170803693045739
W1V1,W1V1,B2,W,V,3.06454,3.0440208642888633,-0.020519135711136727,-0.6695665813184598
W1W1,W2,B2,W,W,3.17239,3.0722780072257896,-0.10011199277421046,-3.155727788015044
W1Y1,W1Y1,B2,W,Y,3.49558,3.5272465787002787,0.03166657870027878,0.9059034180387455
W1Zn1,W1Zn1,B2,W,Zn,3.09106,3.114420604674304,0.023360604674303787,0.755747370620557
W1Zr1,W1Zr1,B2,W,Zr,3.35345,3.307113981365924,-0.046336018634076215,-1.3817417475756673
Y1Ag1,Y1Ag1,B2,Y,Ag,3.64083,3.664493851496526,0.023663851496526167,0.6499576057252376
Y1Al1,Y1Al1,B2,Y,Al,3.61543,3.59445545698169,-0.020974543018310143,-0.5801396519448625
Y1As1,Y1As1,B2,Y,As,3.57726,3.626686319005935,0.04942631900593497,1.3816809235542
Y1B1,Y1B1,B2,Y,B,3.21356,3.205969176118303,-0.007590823881697073,-0.23621229669578514
Y1Ca1,Y1Ca1,B2,Y,Ca,4.14566,4.088814890463654,-0.05684510953634625,-1.3711956488555803
Y1Cd1,Y1Cd1,B2,Y,Cd,3.74227,3.784553202047669,0.04228320204766911,1.1298811162120614
Y1Ce1,Y1Ce1,B2,Y,Ce,4.00796,4.025343317676071,0.01738331767607093,0.43371983942132486
Y1Co1,Y1Co1,B2,Y,Co,3.33534,3.354417562249453,0.019077562249453006,0.5719825339981233
Y1Cr1,Y1Cr1,B2,Y,Cr,3.53546,3.4744616435069204,-0.06099835649307961,-1.7253301265770113
Y1Cu1,Y1Cu1,B2,Y,Cu,3.47667,3.4612148904135274,-0.01545510958647256,-0.44453772105125194
Y1Fe1,Y1Fe1,B2,Y,Fe,3.39268,3.383987877371806,-0.008692122628193744,-0.25620225391707274
Y1Ga1,Y1Ga1,B2,Y,Ga,3.579,3.6150269683565903,0.03602696835659014,1.0066210773006465
Y1Gd1,Y1Gd1,B2,Y,Gd,4.02621,4.125229485385536,0.0990194853855364,2.459372098959975
Y1Ge1,Y1Ge1,B2,Y,Ge,3.59521,3.628873721603339,0.03366372160333908,0.9363492425571548
Y1Hf1,Y1Hf1,B2,Y,Hf,3.74333,3.7333917735513906,-0.0099382264486092,-0.26549159300967856
Y1In1,Y1In1,B2,Y,In,3.77279,3.834382812637353,0.061592812637353056,1.6325534322703636
Y1La1,Y1La1,B2,Y,La,4.1307,4.122515539781173,-0.00818446021882746,-0.1981373670038362
Y1Mg1,Y1Mg1,B2,Y,Mg,3.80116,3.7479222930319107,-0.05323770696808916,-1.400564747816171
Y1Mn1,Y1Mn1,B2,Y,Mn,3.55143,3.415770085247799,-0.13565991475220107,-3.819867342231188
Y1Mo1,Y1Mo1,B2,Y,Mo,3.49403,3.547121378038926,0.05309137803892616,1.5194883283465273
Y1Na1,Y1Na1,B2,Y,Na,4.00354,3.950687747610184,-0.05285225238981628,-1.3201379876263577
Y1Nb1,Y1Nb1,B2,Y,Nb,3.60787,3.6203521630836457,0.012482163083645581,0.3459704225386608
Y1Ni1,Y1Ni1,B2,Y,Ni,3.39322,3.377484890662618,-0.01573510933738209,-0.4637220497752015
Y1Pd1,Y1Pd1,B2,Y,Pd,3.5253,3.545225020304638,0.01992502030463772,0.5652007007811455
Y1Ru1,Y1Ru1,B2,Y,Ru,3.40469,3.4535212539390434,0.04883125393904342,1.4342349505841476
Y1Sb1,Y1Sb1,B2,Y,Sb,3.80125,3.8464067085666724,0.04515670856667242,1.187943665022622
Y1Sc1,Y1Sc1,B2,Y,Sc,3.8364,3.781010864382583,-0.05538913561741676,-1.4437789494686886
Y1Se1,Y1Se1,B2,Y,Se,3.55285,3.667603461860233,0.11475346186023305,3.229898865987392
Y1Si1,Y1Si1,B2,Y,Si,3.53743,3.5260929425044556,-0.011337057495544478,-0.32048853250932113
Y1Sn1,Y1Sn1,B2,Y,Sn,3.80316,3.84625917613387,0.04309917613386993,1.133246461728403
Y1Sr1,Y1Sr1,B2,Y,Sr,4.31111,4.300978301298261,-0.010131698701739467,-0.2350136902500624
Y1Ta1,Y1Ta1,B2,Y,Ta,3.59474,3.6099216437102197,0.015181643710219905,0.42232939545613607
Y1Tc1,Y1Tc1,B2,Y,Tc,3.42621,3.4774541111112405,0.051244111111240276,1.495650036373727
Y1Ti1,Y1Ti1,B2,Y,Ti,3.65907,3.587666318931956,-0.07140368106804384,-1.9514160993925735
Y1V1,Y1V1,B2,Y,V,3.60813,3.498989435763353,-0.1091405642366472,-3.0248512175738456
Y1W1,Y1W1,B2,Y,W,3.49558,3.5272465787002787,0.03166657870027878,0.9059034180387455
Y1Y1,Y2,B2,Y,Y,4.02645,3.9822151501747682,-0.044234849825231404,-1.0986067087690499
Y1Zn1,Y1Zn1,B2,Y,Zn,3.57496,3.569389176148793,-0.005570823851206885,-0.1558289841342808
Y1Zr1,Y1Zr1,B2,Y,Zr,3.77426,3.7620825528404134,-0.012177447159586574,-0.32264462860498677
Zn1Ag1,Zn1Ag1,B2,Zn,Ag,3.18377,3.251667877470551,0.0678978774705512,2.132625078776143
Zn1Al1,Zn1Al1,B2,Zn,Al,3.18396,3.181629482955715,-0.0023305170442848855,-0.07319555032993146
Zn1As1,Zn1As1,B2,Zn,As,3.28651,3.21386034497996,-0.07264965502003973,-2.2105411217382493
Zn1B1,Zn1B1,B2,Zn,B,2.80771,2.7931432020923284,-0.014566797907671791,-0.5188141904851922
Zn1Ca1,Zn1Ca1,B2,Zn,Ca,3.66635,3.6759889164376793,0.009638916437679335,0.26290224440327126
Zn1Cd1,Zn1Cd1,B2,Zn,Cd,3.3984,3.371727228021694,-0.026672771978306198,-0.7848626406045843
Zn1Ce1,Zn1Ce1,B2,Zn,Ce,3.60414,3.6125173436500955,0.008377343650095348,0.23243668808912385
Zn1Co1,Zn1Co1,B2,Zn,Co,2.87556,2.941591588223478,0.0660315882234781,2.29630361472124
Zn1Cr1,Zn1Cr1,B2,Zn,Cr,3.10286,3.0616356694809457,-0.0412243305190545,-1.32859138082461
Zn1Cu1,Zn1Cu1,B2,Zn,Cu,2.96662,3.0483889163875526,0.08176891638755279,2.7562989660810215
Zn1Fe1,Zn1Fe1,B2,Zn,Fe,2.91157,2.9711619033458314,0.0595919033458312,2.046727481936934
Zn1Ga1,Zn1Ga1,B2,Zn,Ga,3.26674,3.2022009943306156,-0.06453900566938442,-1.9756394959312469
Zn1Gd1,Zn1Gd1,B2,Zn,Gd,3.60054,3.712403511359561,0.11186351135956096,3.106853731928015
Zn1Ge1,Zn1Ge1,B2,Zn,Ge,3.30237,3.216047747577364,-0.08632225242263569,-2.613948540673386
Zn1Hf1,Zn1Hf1,B2,Zn,Hf,3.29397,3.320565799525416,0.02659579952541602,0.807408674803232
Zn1In1,Zn1In1,B2,Zn,In,3.51148,3.421556838611378,-0.08992316138862222,-2.5608336481660787
Zn1La1,Zn1La1,B2,Zn,La,3.75566,3.7096895657551983,-0.04597043424480196,-1.2240307760766937
Zn1Mg1,Zn1Mg1,B2,Zn,Mg,3.31853,3.335096319005936,0.01656631900593597,0.4992065464508674
Zn1Mn1,Zn1Mn1,B2,Zn,Mn,2.90461,3.002944111221824,0.09833411122182412,3.3854497237778607
Zn1Mo1,Zn1Mo1,B2,Zn,Mo,3.0903,3.1342954040129514,0.04399540401295132,1.423661263079679
Zn1Na1,Zn1Na1,B2,Zn,Na,3.59206,3.537861773584209,-0.05419822641579097,-1.5088341067741344
Zn1Nb1,Zn1Nb1,B2,Zn,Nb,3.19361,3.207526189057671,0.013916189057670891,0.43575104842704315
Zn1Ni1,Zn1Ni1,B2,Zn,Ni,2.89625,2.964658916636643,0.06840891663664284,2.361982447531906
Zn1Pd1,Zn1Pd1,B2,Zn,Pd,3.07366,3.132399046278663,0.05873904627866322,1.9110456679874555
Zn1Ru1,Zn1Ru1,B2,Zn,Ru,3.01998,3.0406952799130686,0.020715279913068763,0.6859409636179301
Zn1Sb1,Zn1Sb1,B2,Zn,Sb,3.53497,3.4335807345406972,-0.10138926545930271,-2.86817895086246
Zn1Sc1,Zn1Sc1,B2,Zn,Sc,3.351,3.368184890356608,0.017184890356607863,0.5128287184902376
Zn1Se1,Zn1Se1,B2,Zn,Se,3.35514,3.2547774878342577,-0.10036251216574232,-2.991306239553113
Zn1Si1,Zn1Si1,B2,Zn,Si,3.17596,3.113266968478481,-0.06269303152151906,-1.973986810964844
Zn1Sn1,Zn1Sn1,B2,Zn,Sn,3.53357,3.433433202107895,-0.10013679789210528,-2.833870501846724
Zn1Sr1,Zn1Sr1,B2,Zn,Sr,3.91715,3.8881523272722864,-0.028997672727713475,-0.7402747591415564
Zn1Ta1,Zn1Ta1,B2,Zn,Ta,3.17335,3.197095669684245,0.023745669684244852,0.748283980154879
Zn1Tc1,Zn1Tc1,B2,Zn,Tc,3.03746,3.0646281370852657,0.027168137085265887,0.8944360447632524
Zn1Ti1,Zn1Ti1,B2,Zn,Ti,3.13948,3.174840344905981,0.03536034490598139,1.1263121569808183
Zn1V1,Zn1V1,B2,Zn,V,3.01992,3.086163461737378,0.06624346173737816,2.1935502177997486
Zn1W1,Zn1W1,B2,Zn,W,3.09106,3.114420604674304,0.023360604674303787,0.755747370620557
Zn1Y1,Zn1Y1,B2,Zn,Y,3.57496,3.569389176148793,-0.005570823851206885,-0.1558289841342808
Zn1Zn1,Zn2,B2,Zn,Zn,3.15717,3.1565632021228183,-0.0006067978771815419,-0.019219677026626438
Zn1Zr1,Zn1Zr1,B2,Zn,Zr,3.34055,3.349256578814438,0.00870657881443826,0.260633093785103
Zr1Ag1,Zr1Ag1,B2,Zr,Ag,3.44267,3.444361254162171,0.0016912541621709742,0.04912623522356119
Zr1Al1,Zr1Al1,B2,Zr,Al,3.37938,3.374322859647335,-0.005057140352664913,-0.14964698710014598
Zr1As1,Zr1As1,B2,Zr,As,3.35791,3.4065537216715795,0.0486437216715796,1.4486308945617838
Zr1B1,Zr1B1,B2,Zr,B,3.02326,2.985836578783948,-0.037423421216052244,-1.2378499108926206
Zr1Ca1,Zr1Ca1,B2,Zr,Ca,3.85487,3.868682293129299,0.01381229312929877,0.3583076246228477
Zr1Cd1,Zr1Cd1,B2,Zr,Cd,3.51928,3.564420604713314,0.0451406047133136,1.282665906472733
Zr1Ce1,Zr1Ce1,B2,Zr,Ce,3.71785,3.8052107203417154,0.08736072034171549,2.34976452362832
Zr1Co1,Zr1Co1,B2,Zr,Co,3.18377,3.1342849649150977,-0.04948503508490232,-1.554290513601872
Zr1Cr1,Zr1Cr1,B2,Zr,Cr,3.23449,3.254329046172566,0.019839046172565933,0.6133593293708106
Zr1Cu1,Zr1Cu1,B2,Zr,Cu,3.26754,3.241082293079172,-0.026457706920827828,-0.8097133293189319
Zr1Fe1,Zr1Fe1,B2,Zr,Fe,3.16651,3.163855280037451,-0.00265471996254929,-0.08383740972077429
Zr1Ga1,Zr1Ga1,B2,Zr,Ga,3.3655,3.394894371022235,0.029394371022235077,0.8734027937077723
Zr1Gd1,Zr1Gd1,B2,Zr,Gd,3.78127,3.9050968880511814,0.12382688805118125,3.274743354777131
Zr1Ge1,Zr1Ge1,B2,Zr,Ge,3.38464,3.4087411242689836,0.024101124268983476,0.7120734928672909
Zr1Hf1,Zr1Hf1,B2,Zr,Hf,3.55297,3.5132591762170358,-0.03971082378296442,-1.11767968158933
Zr1In1,Zr1In1,B2,Zr,In,3.55979,3.6142502153029983,0.05446021530299827,1.5298715739692024
Zr1La1,Zr1La1,B2,Zr,La,3.84279,3.902382942446818,0.05959294244681823,1.5507728095164772
Zr1Mg1,Zr1Mg1,B2,Zr,Mg,3.5231,3.527789695697556,0.004689695697555951,0.13311276141908976
Zr1Mn1,Zr1Mn1,B2,Zr,Mn,3.18739,3.1956374879134435,0.008247487913443319,0.2587536483907937
Zr1Mo1,Zr1Mo1,B2,Zr,Mo,3.33545,3.3269887807045713,-0.008461219295428535,-0.2536754949235796
Zr1Na1,Zr1Na1,B2,Zr,Na,3.9896,3.7305551502758285,-0.2590448497241713,-6.493003051036979
Zr1Nb1,Zr1Nb1,B2,Zr,Nb,3.43502,3.4002195657492904,-0.03480043425070978,-1.0131071798915223
Zr1Ni1,Zr1Ni1,B2,Zr,Ni,3.20704,3.1573522933282634,-0.04968770667173672,-1.5493323024264343
Zr1Pd1,Zr1Pd1,B2,Zr,Pd,3.35201,3.3250924229702825,-0.02691757702971742,-0.8030279453139287
Zr1Ru1,Zr1Ru1,B2,Zr,Ru,3.26521,3.233388656604688,-0.03182134339531206,-0.9745573300128341
Zr1Sb1,Zr1Sb1,B2,Zr,Sb,3.5639,3.626274111232317,0.062374111232317286,1.7501644611890705
Zr1Sc1,Zr1Sc1,B2,Zr,Sc,3.60025,3.5608782670482273,-0.03937173295177265,-1.093583305375256
Zr1Se1,Zr1Se1,B2,Zr,Se,3.36226,3.4474708645258776,0.08521086452587756,2.5343329940539268
Zr1Si1,Zr1Si1,B2,Zr,Si,3.32358,3.305960345170101,-0.017619654829899023,-0.5301408369859917
Zr1Sn1,Zr1Sn1,B2,Zr,Sn,3.5765,3.626126578799515,0.049626578799515375,1.387573851517276
Zr1Sr1,Zr1Sr1,B2,Zr,Sr,4.02759,4.080845703963907,0.053255703963906775,1.3222722264159654
Zr1Ta1,Zr1Ta1,B2,Zr,Ta,3.43336,3.3897890463758644,-0.043570953624135544,-1.269047044997773
Zr1Tc1,Zr1Tc1,B2,Zr,Tc,3.29234,3.257321513776885,-0.03501848622311465,-1.0636351720391775
Zr1Ti1,Zr1Ti1,B2,Zr,Ti,3.41139,3.3675337215976007,-0.04385627840239925,-1.2855838353984521
Zr1V1,Zr1V1,B2,Zr,V,3.33283,3.278856838428998,-0.05397316157100196,-1.6194393824768127
Zr1W1,Zr1W1,B2,Zr,W,3.35345,3.307113981365924,-0.046336018634076215,-1.3817417475756673
Zr1Y1,Zr1Y1,B2,Zr,Y,3.77426,3.7620825528404134,-0.012177447159586574,-0.32264462860498677
Zr1Zn1,Zr1Zn1,B2,Zr,Zn,3.34055,3.349256578814438,0.00870657881443826,0.260633093785103
Zr1Zr1,Zr2,B2,Zr,Zr,3.56872,3.541949955506058,-0.026770044493941825,-0.7501301445319842
Ag3Ag1,Ag4,L12,Ag,Ag,4.15195,3.793226484189379,-0.35872351581062123,-8.639880437158954
Ag3Al1,Al1Ag3,L12,Ag,Al,4.0902,3.749165166209964,-0.3410348337900362,-8.33785227592871
Ag3Au1,Au1Ag3,L12,Ag,Au,4.14806,3.7956332659754675,-0.3524267340245326,-8.496182167676759
Ag3Ba1,Ba1Ag3,L12,Ag,Ba,4.63439,4.272849738885974,-0.36154026111402615,-7.801248084732321
Ag3Ca1,Ca1Ag3,L12,Ag,Ca,4.38472,4.104758778567246,-0.27996122143275404,-6.384928146671943
Ag3Cd1,Cd1Ag3,L12,Ag,Cd,4.20607,3.8433865224234363,-0.36268347757656416,-8.622858810637107
Ag3Ce1,Ce1Ag3,L12,Ag,Ce,4.47539,3.9395918530112097,-0.5357981469887902,-11.972099570960077
Ag3Co1,Co1Ag3,L12,Ag,Co,4.01543,3.56602833802069,-0.4494016619793104,-11.191868915142598
Ag3Cr1,Cr1Ag3,L12,Ag,Cr,4.124,3.624579814516037,-0.4994201854839626,-12.110091791560686
Ag3Cu1,Cu1Ag3,L12,Ag,Cu,4.0347,3.63399702861963,-0.4007029713803698,-9.931419222751874
Ag3Dy1,Dy1Ag3,L12,Ag,Dy,4.0,3.969895757576479,-0.030104242423520944,-0.7526060605880236
Ag3Er1,Er1Ag3,L12,Ag,Er,4.11457,3.837781426444325,-0.27678857355567477,-6.727035232252089
Ag3Eu1,Eu1Ag3,L12,Ag,Eu,3.94887,4.039623760380975,0.09075376038097493,2.298221019708801
Ag3Fe1,Fe1Ag3,L12,Ag,Fe,4.06469,3.5855807549742593,-0.47910924502574037,-11.78710418324006
Ag3Ga1,Ga1Ag3,L12,Ag,Ga,4.11863,3.777078205727948,-0.3415517942720516,-8.292849667779132
Ag3Gd1,Gd1Ag3,L12,Ag,Gd,4.42634,4.027082763637133,-0.3992572363628666,-9.020030914093056
Ag3Ge1,Ge1Ag3,L12,Ag,Ge,4.15029,3.7868996585485117,-0.3633903414514883,-8.755781920094458
Ag3Hf1,Hf1Ag3,L12,Ag,Hf,4.231,3.8720204343214006,-0.35897956567859923,-8.48450876101629
Ag3Hg1,Hg1Ag3,L12,Ag,Hg,4.2277,3.899466254768614,-0.3282337452313855,-7.763884505319335
Ag3Ho1,Ho1Ag3,L12,Ag,Ho,4.20557,3.945650673661182,-0.25991932633881776,-6.180359055700364
Ag3In1,In1Ag3,L12,Ag,In,4.23392,3.959767387936535,-0.2741526120634652,-6.475148610825551
Ag3Ir1,Ir1Ag3,L12,Ag,Ir,4.05425,3.673062167413308,-0.38118783258669175,-9.402178765164749
Ag3La1,La1Ag3,L12,Ag,La,4.52764,4.095828541847497,-0.4318114581525032,-9.53723039271018
Ag3Lu1,Lu1Ag3,L12,Ag,Lu,4.33877,3.985254169657086,-0.35351583034291423,-8.147835223874836
Ag3Mg1,Mg1Ag3,L12,Ag,Mg,4.15855,3.8756631436364706,-0.2828868563635294,-6.802535892643576
Ag3Mn1,Mn1Ag3,L12,Ag,Mn,4.11252,3.6140327224460944,-0.49848727755390554,-12.121212238576483
Ag3Mo1,Mo1Ag3,L12,Ag,Mo,4.18174,3.7476644789512292,-0.43407552104877034,-10.380260873434752
Ag3Nb1,Nb1Ag3,L12,Ag,Nb,4.20314,3.8130797989015304,-0.39006020109846995,-9.280209583750956
Ag3Nd1,Nd1Ag3,L12,Ag,Nd,4.48439,3.969331272651503,-0.5150587273484972,-11.485591738196213
Ag3Ni1,Ni1Ag3,L12,Ag,Ni,3.99737,3.582696154475863,-0.414673845524137,-10.373666824040232
Ag3Os1,Os1Ag3,L12,Ag,Os,4.05157,3.685837886961153,-0.3657321130388467,-9.026923218378226
Ag3Pb1,Pb1Ag3,L12,Ag,Pb,4.34798,4.0558449138286035,-0.2921350861713963,-6.718869133974772
Ag3Pd1,Pd1Ag3,L12,Ag,Pd,4.08542,3.699564127830241,-0.3858558721697589,-9.444705126272424
Ag3Pr1,Pr1Ag3,L12,Ag,Pr,4.48369,3.9706497667367078,-0.5130402332632924,-11.442366293461243
Ag3Pt1,Pt1Ag3,L12,Ag,Pt,4.08319,3.7115796541372603,-0.3716103458627398,-9.100980994338734
Ag3Re1,Re1Ag3,L12,Ag,Re,4.07049,3.6949345586033684,-0.375555441396632,-9.2262956399999
Ag3Rh1,Rh1Ag3,L12,Ag,Rh,4.05693,3.653575676559211,-0.4033543234407895,-9.942353539272046
Ag3Ru1,Ru1Ag3,L12,Ag,Ru,4.05683,3.6832214513319426,-0.37360854866805715,-9.209371570118964
Ag3Sc1,Sc1Ag3,L12,Ag,Sc,4.24337,3.902631836481262,-0.34073816351873765,-8.029895189878273
Ag3Si1,Si1Ag3,L12,Ag,Si,4.07934,3.688774758144064,-0.3905652418559362,-9.574226268365377
Ag3Sm1,Sm1Ag3,L12,Ag,Sm,4.35075,4.029588748402204,-0.32116125159779596,-7.381744563530333
Ag3Sn1,Sn1Ag3,L12,Ag,Sn,4.26398,3.9761537161764555,-0.2878262838235446,-6.750179030472577
Ag3Sr1,Sr1Ag3,L12,Ag,Sr,4.517,4.154387338955899,-0.3626126610441016,-8.027732146205482
Ag3Ta1,Ta1Ag3,L12,Ag,Ta,4.17275,3.7846014374767094,-0.38814856252329033,-9.301984603038532
Ag3Tb1,Tb1Ag3,L12,Ag,Tb,4.11928,3.9133799900948207,-0.2059000099051791,-4.998446570885666
Ag3Tc1,Tc1Ag3,L12,Ag,Tc,4.14041,3.6826875205885368,-0.4577224794114634,-11.055003717300059
Ag3Ti1,Ti1Ag3,L12,Ag,Ti,4.16015,3.7374856455230545,-0.4226643544769453,-10.159834488586837
Ag3Tm1,Ag3Tm1,L12,Ag,Tm,5.02328,3.924072087343378,-1.0992079126566217,-21.882274383602383
Ag3V1,V1Ag3,L12,Ag,V,4.12449,3.6810962601146713,-0.4433937398853285,-10.750268272812601
Ag3W1,W1Ag3,L12,Ag,W,4.12824,3.7586968745330616,-0.36954312546693835,-8.951590156263647
Ag3Y1,Y1Ag3,L12,Ag,Y,4.39132,4.051291557620355,-0.34002844237964513,-7.743194355675404
Ag3Zn1,Zn1Ag3,L12,Ag,Zn,4.0845,3.7142725425967282,-0.370227457403272,-9.064205102295801
Ag3Zr1,Zr1Ag3,L12,Ag,Zr,4.2684,3.9004210965716326,-0.36797890342836714,-8.621003266525328
Al3Ag1,Ag1Al3,L12,Al,Ag,4.0845,3.7384740977400575,-0.3460259022599428,-8.471683247886958
Al3Al1,Al4,L12,Al,Al,4.03864,3.694412779760641,-0.3442272202393588,-8.523344993348227
Al3Au1,Au1Al3,L12,Al,Au,4.05097,3.7408808795261446,-0.31008912047385584,-7.654688148118989
Al3Ba1,Ba1Al3,L12,Al,Ba,4.67984,4.218097352436652,-0.4617426475633488,-9.86663320889921
Al3Ca1,Ca1Al3,L12,Al,Ca,4.30065,4.050006392117924,-0.2506436078820764,-5.828040130726202
Al3Cd1,Cd1Al3,L12,Al,Cd,4.19102,3.7886341359741134,-0.4023858640258866,-9.601143970343415
Al3Ce1,Ce1Al3,L12,Al,Ce,4.33217,3.884839466561887,-0.4473305334381128,-10.325784386072403
Al3Co1,Co1Al3,L12,Al,Co,3.79097,3.511275951571367,-0.2796940484286332,-7.377901920316784
Al3Cr1,Cr1Al3,L12,Al,Cr,3.89901,3.569827428066714,-0.32918257193328593,-8.44272192000754
Al3Cu1,Cu1Al3,L12,Al,Cu,3.93393,3.5792446421703072,-0.3546853578296929,-9.016056661651145
Al3Dy1,Dy1Al3,L12,Al,Dy,4.38394,3.9151433711271566,-0.46879662887284335,-10.693500113433197
Al3Er1,Er1Al3,L12,Al,Er,4.26373,3.7830290399950024,-0.4807009600049974,-11.274188562713809
Al3Eu1,Eu1Al3,L12,Al,Eu,4.00428,3.9848713739316524,-0.019408626068347257,-0.4846970258909782
Al3Fe1,Fe1Al3,L12,Al,Fe,3.79447,3.5308283685249378,-0.26364163147506225,-6.94804890999434
Al3Ga1,Ga1Al3,L12,Al,Ga,4.07459,3.722325819278625,-0.35226418072137466,-8.6453896151852
Al3Gd1,Gd1Al3,L12,Al,Gd,4.17048,3.97233037718781,-0.19814962281219062,-4.751242610255668
Al3Ge1,Ge1Al3,L12,Al,Ge,4.10754,3.732147272099189,-0.37539272790081135,-9.13911314073171
Al3Hf1,Hf1Al3,L12,Al,Hf,4.08596,3.8172680478720786,-0.2686919521279214,-6.5759809721074465
Al3Hg1,Hg1Al3,L12,Al,Hg,4.19464,3.844713868319292,-0.34992613168070763,-8.342220826595552
Al3Ho1,Ho1Al3,L12,Al,Ho,4.17957,3.8908982872118596,-0.2886717127881404,-6.9067323382104
Al3In1,In1Al3,L12,Al,In,4.27055,3.9050150014872123,-0.3655349985127878,-8.559436103377498
Al3Ir1,Ir1Al3,L12,Al,Ir,3.87335,3.618309780963985,-0.2550402190360148,-6.58448678885241
Al3La1,La1Al3,L12,Al,La,4.44326,4.041076155398175,-0.40218384460182577,-9.05154874128063
Al3Lu1,Lu1Al3,L12,Al,Lu,4.18444,3.930501783207763,-0.25393821679223727,-6.068630851254583
Al3Mg1,Mg1Al3,L12,Al,Mg,4.14217,3.8209107571871477,-0.32125924281285245,-7.755819843532555
Al3Mn1,Mn1Al3,L12,Al,Mn,3.85479,3.5592803359967724,-0.29550966400322753,-7.666037942487853
Al3Mo1,Mo1Al3,L12,Al,Mo,3.94092,3.6929120925019077,-0.24800790749809254,-6.293147475667929
Al3Nb1,Nb1Al3,L12,Al,Nb,3.99866,3.7583274124522084,-0.24033258754779174,-6.010328148624583
Al3Nd1,Nd1Al3,L12,Al,Nd,4.29326,3.91457888620218,-0.3786811137978199,-8.820362936272666
Al3Ni1,Ni1Al3,L12,Al,Ni,3.84475,3.52794376802654,-0.3168062319734597,-8.239969620221334
Al3Os1,Os1Al3,L12,Al,Os,3.86901,3.6310855005118303,-0.23792449948816952,-6.149493009533951
Al3Pb1,Pb1Al3,L12,Al,Pb,4.4203,4.001092527379281,-0.41920747262071956,-9.483688270495657
Al3Pd1,Pd1Al3,L12,Al,Pd,3.9587,3.6448117413809182,-0.31388825861908165,-7.929074156139178
Al3Pr1,Pr1Al3,L12,Al,Pr,4.45158,3.915897380287385,-0.535682619712615,-12.033539096514383
Al3Pt1,Pt1Al3,L12,Al,Pt,3.93477,3.656827267687938,-0.277942732312062,-7.063760583517258
Al3Rh1,Rh1Al3,L12,Al,Rh,3.87134,3.598823290109888,-0.272516709890112,-7.039338055818193
Al3Ru1,Ru1Al3,L12,Al,Ru,3.86409,3.6284690648826197,-0.23562093511738036,-6.09770826035057
Al3Sc1,Sc1Al3,L12,Al,Sc,4.10401,3.847879450031939,-0.2561305499680606,-6.240982599166684
Al3Si1,Si1Al3,L12,Al,Si,4.0,3.634022371694742,-0.36597762830525804,-9.14944070763145
Al3Sm1,Sm1Al3,L12,Al,Sm,4.23606,3.9748363619528804,-0.2612236380471198,-6.166665204154799
Al3Sn1,Sn1Al3,L12,Al,Sn,4.29885,3.9214013297271335,-0.3774486702728663,-8.780224252366711
Al3Sr1,Sr1Al3,L12,Al,Sr,4.46885,4.099634952506577,-0.36921504749342304,-8.261970025698401
Al3Ta1,Ta1Al3,L12,Al,Ta,4.0,3.7298490510273865,-0.2701509489726135,-6.753773724315337
Al3Tb1,Tb1Al3,L12,Al,Tb,4.32774,3.8586276036454983,-0.4691123963545021,-10.839662187527486
Al3Tc1,Tc1Al3,L12,Al,Tc,3.89098,3.627935134139214,-0.263044865860786,-6.7603756858371415
Al3Ti1,Ti1Al3,L12,Al,Ti,3.97617,3.6827332590737316,-0.2934367409262686,-7.379884183177997
Al3Tm1,Tm1Al3,L12,Al,Tm,4.12799,3.869319700894056,-0.2586702991059435,-6.2662530458151195
Al3V1,V1Al3,L12,Al,V,3.90918,3.626343873665349,-0.28283612633465127,-7.23517787194888
Al3W1,W1Al3,L12,Al,W,3.93688,3.7039444880837387,-0.23293551191626127,-5.916754178848765
Al3Y1,Y1Al3,L12,Al,Y,4.25431,3.9965391711710327,-0.2577708288289675,-6.059051381515863
Al3Zn1,Zn1Al3,L12,Al,Zn,4.01957,3.6595201561474053,-0.36004984385259453,-8.957421909622038
Al3Zr1,Zr1Al3,L12,Al,Zr,4.10082,3.8456687101223097,-0.25515128987769,-6.221957800578664
Au3Ag1,Ag1Au3,L12,Au,Ag,4.14842,3.7962172491617907,-0.35220275083820907,-8.490045627930854
Au3Al1,Al1Au3,L12,Au,Al,4.09706,3.752155931182374,-0.3449040688176259,-8.41833092065105
Au3Au1,Au4,L12,Au,Au,4.15433,3.798624030947878,-0.35570596905212204,-8.562294498802984
Au3Ba1,Ba1Au3,L12,Au,Ba,4.64875,4.275840503858384,-0.3729094961416157,-8.02171543192505
Au3Ca1,Ca1Au3,L12,Au,Ca,4.32768,4.107749543539657,-0.21993045646034304,-5.0819482138315
Au3Cd1,Cd1Au3,L12,Au,Cd,4.20112,3.846377287395846,-0.35474271260415424,-8.44400332778293
Au3Ce1,Ce1Au3,L12,Au,Ce,4.44552,3.94258261798362,-0.50293738201638,-11.313353263878692
Au3Co1,Co1Au3,L12,Au,Co,4.03645,3.5690191029931007,-0.46743089700689966,-11.580247420552704
Au3Cr1,Cr1Au3,L12,Au,Cr,4.10661,3.6275705794884474,-0.47903942051155246,-11.665081916996074
Au3Cu1,Cu1Au3,L12,Au,Cu,4.0371,3.636987793592041,-0.40011220640795875,-9.910881732133433
Au3Dy1,Dy1Au3,L12,Au,Dy,4.04379,3.97288652254889,-0.07090347745111059,-1.753391680851641
Au3Er1,Er1Au3,L12,Au,Er,4.34983,3.8407721914167356,-0.5090578085832642,-11.702935714344335
Au3Eu1,Eu1Au3,L12,Au,Eu,5.17987,4.042614525353385,-1.137255474646615,-21.95528989427563
Au3Fe1,Fe1Au3,L12,Au,Fe,4.0651,3.58857151994667,-0.47652848005333004,-11.722429461841775
Au3Ga1,Ga1Au3,L12,Au,Ga,4.12418,3.7800689707003587,-0.3441110292996412,-8.343744193988654
Au3Gd1,Gd1Au3,L12,Au,Gd,4.40012,4.0300735286095435,-0.37004647139045677,-8.409917715663589
Au3Ge1,Ge1Au3,L12,Au,Ge,4.18297,3.7898904235209225,-0.39307957647907754,-9.397140703353777
Au3Hf1,Hf1Au3,L12,Au,Hf,4.21367,3.875011199293811,-0.3386588007061886,-8.037145782801895
Au3Hg1,Hg1Au3,L12,Au,Hg,4.22722,3.902457019741025,-0.3247629802589751,-7.682660951144609
Au3Ho1,Ho1Au3,L12,Au,Ho,4.35841,3.9486414386335924,-0.4097685613664077,-9.401790133704898
Au3In1,In1Au3,L12,Au,In,4.22702,3.9627581529089455,-0.26426184709105494,-6.251729281883097
Au3Ir1,Ir1Au3,L12,Au,Ir,4.07397,3.6760529323857187,-0.39791706761428136,-9.767304806227866
Au3La1,La1Au3,L12,Au,La,4.50477,4.098819306819908,-0.4059506931800918,-9.011574246411955
Au3Lu1,Lu1Au3,L12,Au,Lu,4.3057,3.988244934629497,-0.31745506537050305,-7.372902556390438
Au3Mg1,Mg1Au3,L12,Au,Mg,4.13649,3.8786539086088805,-0.25783609139111974,-6.233209590525294
Au3Mn1,Mn1Au3,L12,Au,Mn,4.11025,3.617023487418505,-0.4932265125814945,-11.99991515312924
Au3Mo1,Mo1Au3,L12,Au,Mo,4.1538,3.750655243923641,-0.40314475607635947,-9.705444558629676
Au3Nb1,Nb1Au3,L12,Au,Nb,4.18834,3.816070563873941,-0.372269436126059,-8.888233432005496
Au3Nd1,Nd1Au3,L12,Au,Nd,4.43243,3.9723220376239134,-0.46010796237608664,-10.38049021363195
Au3Ni1,Ni1Au3,L12,Au,Ni,4.00835,3.5856869194482734,-0.42266308055172663,-10.544565233867468
Au3Os1,Os1Au3,L12,Au,Os,4.06841,3.688828651933564,-0.37958134806643606,-9.32996792521983
Au3Pb1,Pb1Au3,L12,Au,Pb,4.37002,4.058835678801014,-0.3111843211989864,-7.120890092012997
Au3Pd1,Pd1Au3,L12,Au,Pd,4.09196,3.702554892802652,-0.38940510719734833,-9.516346865495956
Au3Pr1,Pr1Au3,L12,Au,Pr,4.46589,3.9736405317091186,-0.49224946829088134,-11.02242707032375
Au3Pt1,Pt1Au3,L12,Au,Pt,4.09741,3.714570419109671,-0.3828395808903289,-9.343453081100716
Au3Rh1,Rh1Au3,L12,Au,Rh,4.0693,3.6565664415316217,-0.41273355846837845,-10.142618103073708
Au3Ru1,Ru1Au3,L12,Au,Ru,4.06861,3.6862122163043534,-0.38239778369564625,-9.398732827566327
Au3Sc1,Sc1Au3,L12,Au,Sc,4.21179,3.9056226014536723,-0.30616739854632735,-7.26929401860794
Au3Si1,Si1Au3,L12,Au,Si,4.11451,3.6917655231164748,-0.42274447688352534,-10.274479266875652
Au3Sm1,Sm1Au3,L12,Au,Sm,4.4222,4.032579513374614,-0.38962048662538606,-8.810557790814212
Au3Sn1,Sn1Au3,L12,Au,Sn,4.27727,3.9791444811488663,-0.29812551885113336,-6.96999532063988
Au3Sr1,Sr1Au3,L12,Au,Sr,4.48926,4.15737810392831,-0.33188189607168983,-7.392797389139632
Au3Ta1,Ta1Au3,L12,Au,Ta,4.16409,3.78759220244912,-0.37649779755087964,-9.04153842858535
Au3Tb1,Tb1Au3,L12,Au,Tb,4.13975,3.916370755067231,-0.22337924493276917,-5.395959778555931
Au3Tc1,Tc1Au3,L12,Au,Tc,4.13863,3.685678285560947,-0.4529517144390529,-10.944484393121707
Au3Ti1,Ti1Au3,L12,Au,Ti,4.14004,3.740476410495465,-0.3995635895045351,-9.651201184156074
Au3Tm1,Tm1Au3,L12,Au,Tm,4.00439,3.927062852315789,-0.077327147684211,-1.9310593544637513
Au3V1,V1Au3,L12,Au,V,4.10907,3.684087025087082,-0.4249829749129179,-10.34255865470576
Au3W1,W1Au3,L12,Au,W,4.13142,3.7616876395054715,-0.36973236049452884,-8.949280404667856
Au3Y1,Y1Au3,L12,Au,Y,4.35424,4.0542823225927656,-0.29995767740723434,-6.888864128004757
Au3Zn1,Zn1Au3,L12,Au,Zn,4.08726,3.717263307569139,-0.36999669243086064,-9.05243836777843
Au3Zr1,Zr1Au3,L12,Au,Zr,4.24416,3.9034118615440434,-0.34074813845595653,-8.02863554757494
Ba3Ag1,Ag1Ba3,L12,Ba,Ag,5.09286,4.389225854963943,-0.703634145036057,-13.816090468539427
Ba3Al1,Al1Ba3,L12,Ba,Al,5.56949,4.3451645369845275,-1.2243254630154725,-21.982721272782115
Ba3Au1,Au1Ba3,L12,Ba,Au,5.17185,4.391632636750031,-0.7802173632499692,-15.085846713457837
Ba3Ba1,Ba4,L12,Ba,Ba,5.97938,4.8688491096605375,-1.1105308903394624,-18.572676269771488
Ba3Ca1,Ca1Ba3,L12,Ba,Ca,5.93502,4.70075814934181,-1.2342618506581902,-20.796254278135375
Ba3Cd1,Cd1Ba3,L12,Ba,Cd,4.9436,4.439385893198,-0.5042141068020003,-10.199330585039249
Ba3Ce1,Ce1Ba3,L12,Ba,Ce,5.26238,4.535591223785773,-0.7267887762142271,-13.811028018011376
Ba3Co1,Co1Ba3,L12,Ba,Co,4.94747,4.162027708795254,-0.7854422912047463,-15.875635248010525
Ba3Cr1,Cr1Ba3,L12,Ba,Cr,5.26194,4.2205791852906,-1.0413608147094005,-19.7904349861344
Ba3Cu1,Cu1Ba3,L12,Ba,Cu,4.80015,4.229996399394194,-0.5701536006058063,-11.877828830470012
Ba3Dy1,Dy1Ba3,L12,Ba,Dy,6.87627,4.565895128351043,-2.310374871648957,-33.59924598145444
Ba3Er1,Er1Ba3,L12,Ba,Er,5.15359,4.433780797218889,-0.7198092027811116,-13.967141405915322
Ba3Eu1,Eu1Ba3,L12,Ba,Eu,5.06092,4.635623131155539,-0.4252968688444616,-8.403548541460083
Ba3Fe1,Fe1Ba3,L12,Ba,Fe,4.94736,4.181580125748823,-0.7657798742511766,-15.4785557196399
Ba3Ga1,Ga1Ba3,L12,Ba,Ga,5.54481,4.373077576502512,-1.1717324234974882,-21.13205724808403
Ba3Gd1,Gd1Ba3,L12,Ba,Gd,4.3713,4.623082134411697,0.2517821344116973,5.759891437597449
Ba3Ge1,Ge1Ba3,L12,Ba,Ge,5.45196,4.382899029323076,-1.069060970676924,-19.608745674526666
Ba3Hf1,Hf1Ba3,L12,Ba,Hf,5.48565,4.468019805095964,-1.0176301949040356,-18.550767819748536
Ba3Hg1,Hg1Ba3,L12,Ba,Hg,5.1825,4.495465625543178,-0.6870343744568217,-13.256813785949284
Ba3Ho1,Ho1Ba3,L12,Ba,Ho,5.03387,4.5416500444357455,-0.4922199555642548,-9.778161842960879
Ba3In1,In1Ba3,L12,Ba,In,5.64182,4.555766758711099,-1.0860532412889015,-19.250051247450315
Ba3Ir1,Ir1Ba3,L12,Ba,Ir,5.13514,4.269061538187871,-0.8660784618121289,-16.86572248881489
Ba3La1,La1Ba3,L12,Ba,La,5.7092,4.691827912622061,-1.0173720873779395,-17.819871214494842
Ba3Lu1,Lu1Ba3,L12,Ba,Lu,5.33446,4.58125354043165,-0.7532064595683501,-14.11963834330654
Ba3Mg1,Mg1Ba3,L12,Ba,Mg,5.76509,4.471662514411034,-1.2934274855889658,-22.435512465355544
Ba3Mn1,Mn1Ba3,L12,Ba,Mn,4.96054,4.210032093220659,-0.7505079067793412,-15.129560628063501
Ba3Mo1,Mo1Ba3,L12,Ba,Mo,5.22931,4.343663849725793,-0.8856461502742068,-16.936195220291143
Ba3Nb1,Nb1Ba3,L12,Ba,Nb,5.37176,4.409079169676095,-0.9626808303239054,-17.921143728012893
Ba3Nd1,Nd1Ba3,L12,Ba,Nd,5.12289,4.5653306434260665,-0.5575593565739334,-10.883687851465353
Ba3Ni1,Ni1Ba3,L12,Ba,Ni,4.95041,4.1786955252504265,-0.7717144747495732,-15.588900207246938
Ba3Os1,Os1Ba3,L12,Ba,Os,5.07753,4.281837257735717,-0.7956927422642837,-15.670862452103357
Ba3Pb1,Pb1Ba3,L12,Ba,Pb,5.64493,4.651844284603166,-0.993085715396834,-17.59252489219236
Ba3Pd1,Pd1Ba3,L12,Ba,Pd,5.0364,4.295563498604805,-0.7408365013951954,-14.709643820887845
Ba3Pr1,Pr1Ba3,L12,Ba,Pr,5.34162,4.566649137511272,-0.7749708624887282,-14.508161615553487
Ba3Pt1,Pt1Ba3,L12,Ba,Pt,5.10553,4.307579024911824,-0.7979509750881757,-15.629150648182966
Ba3Rh1,Rh1Ba3,L12,Ba,Rh,5.12186,4.249575047333775,-0.8722849526662246,-17.03062857372565
Ba3Ru1,Ru1Ba3,L12,Ba,Ru,5.17248,4.279220822106507,-0.8932591778934933,-17.269456390232406
Ba3Sc1,Sc1Ba3,L12,Ba,Sc,5.3454,4.498631207255825,-0.8467687927441743,-15.841074433048497
Ba3Si1,Si1Ba3,L12,Ba,Si,5.41308,4.284774128918628,-1.1283058710813716,-20.844064212636273
Ba3Sm1,Sm1Ba3,L12,Ba,Sm,5.0607,4.625588119176768,-0.43511188082323216,-8.5978596009096
Ba3Sn1,Sn1Ba3,L12,Ba,Sn,5.59326,4.57215308695102,-1.02110691304898,-18.25602444815689
Ba3Sr1,Sr1Ba3,L12,Ba,Sr,5.83661,4.750386709730463,-1.0862232902695377,-18.610516897129287
Ba3Ta1,Ta1Ba3,L12,Ba,Ta,5.31342,4.380600808251273,-0.9328191917487265,-17.555909221343814
Ba3Tb1,Tb1Ba3,L12,Ba,Tb,4.0,4.509379360869384,0.5093793608693842,12.734484021734605
Ba3Tc1,Tc1Ba3,L12,Ba,Tc,5.14412,4.2786868913631,-0.8654331086368998,-16.823734839717964
Ba3Ti1,Ti1Ba3,L12,Ba,Ti,5.55107,4.333485016297618,-1.2175849837023822,-21.93423941154376
Ba3Tm1,Tm1Ba3,L12,Ba,Tm,4.41554,4.520071458117942,0.1045314581179424,2.3673538937013907
Ba3V1,V1Ba3,L12,Ba,V,5.9248,4.277095630889234,-1.647704369110766,-27.810295184829293
Ba3W1,W1Ba3,L12,Ba,W,5.2153,4.354696245307625,-0.8606037546923755,-16.50151965739987
Ba3Y1,Y1Ba3,L12,Ba,Y,5.67455,4.647290928394919,-1.027259071605081,-18.102916911562694
Ba3Zn1,Zn1Ba3,L12,Ba,Zn,5.01215,4.310271913371293,-0.7018780866287075,-14.003533147026875
Ba3Zr1,Zr1Ba3,L12,Ba,Zr,5.22253,4.496420467346197,-0.726109532653803,-13.903405679887006
Ca3Ag1,Ag1Ca3,L12,Ca,Ag,4.84807,4.180349188534939,-0.6677208114650606,-13.772920181949944
Ca3Al1,Al1Ca3,L12,Ca,Al,5.03111,4.136287870555523,-0.8948221294444769,-17.785779469033216
Ca3Au1,Au1Ca3,L12,Ca,Au,4.85828,4.182755970321027,-0.6755240296789724,-13.9045923594147
Ca3Ba1,Ba1Ca3,L12,Ca,Ba,5.70938,4.659972443231534,-1.0494075567684664,-18.38041182700164
Ca3Ca1,Ca4,L12,Ca,Ca,5.50907,4.491881482912806,-1.0171885170871944,-18.463888044392142
Ca3Cd1,Cd1Ca3,L12,Ca,Cd,4.76117,4.230509226768995,-0.5306607732310047,-11.145596003314411
Ca3Ce1,Ce1Ca3,L12,Ca,Ce,4.97561,4.32671455735677,-0.6488954426432301,-13.04152541383328
Ca3Co1,Co1Ca3,L12,Ca,Co,4.68988,3.9531510423662497,-0.7367289576337499,-15.708908493047796
Ca3Cr1,Cr1Ca3,L12,Ca,Cr,4.91194,4.011702518861596,-0.9002374811384044,-18.327534154293502
Ca3Cu1,Cu1Ca3,L12,Ca,Cu,4.62994,4.02111973296519,-0.60882026703481,-13.14963621633995
Ca3Dy1,Dy1Ca3,L12,Ca,Dy,4.56886,4.357018461922039,-0.21184153807796058,-4.636638856913116
Ca3Er1,Er1Ca3,L12,Ca,Er,6.27281,4.224904130789884,-2.0479058692101155,-32.6473441601151
Ca3Eu1,Eu1Ca3,L12,Ca,Eu,4.0,4.426746464726535,0.4267464647265351,10.668661618163377
Ca3Fe1,Fe1Ca3,L12,Ca,Fe,4.68991,3.972703459319819,-0.7172065406801811,-15.2925437946609
Ca3Ga1,Ga1Ca3,L12,Ca,Ga,4.99717,4.164200910073508,-0.8329690899264914,-16.668816348583128
Ca3Gd1,Gd1Ca3,L12,Ca,Gd,4.19371,4.4142054679826925,0.22049546798269226,5.257766225673502
Ca3Ge1,Ge1Ca3,L12,Ca,Ge,4.86983,4.174022362894071,-0.6958076371059292,-14.288129916361129
Ca3Hf1,Hf1Ca3,L12,Ca,Hf,5.10836,4.2591431386669605,-0.8492168613330398,-16.624060585648618
Ca3Hg1,Hg1Ca3,L12,Ca,Hg,4.92641,4.286588959114174,-0.6398210408858258,-12.98757190095477
Ca3Ho1,Ho1Ca3,L12,Ca,Ho,4.53109,4.332773378006742,-0.19831662199325795,-4.376797238484734
Ca3In1,In1Ca3,L12,Ca,In,5.11827,4.346890092282095,-0.7713799077179049,-15.071106208111429
Ca3Ir1,Ir1Ca3,L12,Ca,Ir,4.70337,4.060184871758867,-0.6431851282411323,-13.674984707584825
Ca3La1,La1Ca3,L12,Ca,La,5.42619,4.482951246193057,-0.9432387538069431,-17.38307640917371
Ca3Lu1,Lu1Ca3,L12,Ca,Lu,5.1476,4.372376874002646,-0.7752231259973534,-15.059894436190719
Ca3Mg1,Mg1Ca3,L12,Ca,Mg,5.24801,4.2627858479820295,-0.9852241520179703,-18.773290295139876
Ca3Mn1,Mn1Ca3,L12,Ca,Mn,4.73249,4.001155426791654,-0.731334573208346,-15.453483751858874
Ca3Mo1,Mo1Ca3,L12,Ca,Mo,4.8505,4.1347871832967895,-0.7157128167032107,-14.755444113044236
Ca3Nb1,Nb1Ca3,L12,Ca,Nb,4.9871,4.20020250324709,-0.7868974967529097,-15.778658874955578
Ca3Nd1,Nd1Ca3,L12,Ca,Nd,4.33467,4.356453976997063,0.021783976997062915,0.5025521434633528
Ca3Ni1,Ni1Ca3,L12,Ca,Ni,4.71037,3.969818858821423,-0.7405511411785772,-15.721719125643574
Ca3Os1,Os1Ca3,L12,Ca,Os,4.68617,4.072960591306713,-0.6132094086932867,-13.085513515158151
Ca3Pb1,Pb1Ca3,L12,Ca,Pb,5.07821,4.442967618174162,-0.6352423818258384,-12.509179057696281
Ca3Pd1,Pd1Ca3,L12,Ca,Pd,4.77195,4.086686832175801,-0.6852631678241989,-14.360233611504707
Ca3Pr1,Pr1Ca3,L12,Ca,Pr,4.99001,4.357772471082268,-0.6322375289177318,-12.670065368961822
Ca3Pt1,Pt1Ca3,L12,Ca,Pt,4.75819,4.098702358482821,-0.6594876415171793,-13.860052698971234
Ca3Re1,Re1Ca3,L12,Ca,Re,4.73696,4.082057262948928,-0.6549027370510716,-13.825380350500566
Ca3Rh1,Rh1Ca3,L12,Ca,Rh,4.75493,4.040698380904771,-0.7142316190952291,-15.020865062056208
Ca3Ru1,Ru1Ca3,L12,Ca,Ru,4.73688,4.070344155677502,-0.6665358443224978,-14.071199699432913
Ca3Sc1,Sc1Ca3,L12,Ca,Sc,5.1234,4.289754540826822,-0.8336454591731783,-16.271332692609953
Ca3Si1,Si1Ca3,L12,Ca,Si,4.8255,4.075897462489624,-0.7496025375103761,-15.534194125176171
Ca3Sm1,Sm1Ca3,L12,Ca,Sm,5.02591,4.416711452747763,-0.6091985472522365,-12.12115909859581
Ca3Sn1,Sn1Ca3,L12,Ca,Sn,5.01629,4.363276420522015,-0.6530135794779843,-13.017859403622683
Ca3Sr1,Sr1Ca3,L12,Ca,Sr,5.54792,4.541510043301459,-1.0064099566985414,-18.1403112643755
Ca3Ta1,Ta1Ca3,L12,Ca,Ta,4.94157,4.17172414182227,-0.7698458581777299,-15.5789730425296
Ca3Tb1,Tb1Ca3,L12,Ca,Tb,4.18672,4.30050269444038,0.11378269444037947,2.7177048964435038
Ca3Tc1,Tc1Ca3,L12,Ca,Tc,4.76907,4.069810224934097,-0.6992597750659035,-14.66239277397697
Ca3Ti1,Ti1Ca3,L12,Ca,Ti,5.09751,4.124608349868614,-0.9729016501313854,-19.085821315336027
Ca3Tm1,Tm1Ca3,L12,Ca,Tm,4.8835,4.311194791688938,-0.5723052083110618,-11.719160608396884
Ca3V1,V1Ca3,L12,Ca,V,5.08671,4.068218964460231,-1.0184910355397694,-20.022588972828594
Ca3W1,W1Ca3,L12,Ca,W,4.82372,4.14581957887862,-0.6779004211213797,-14.053477837050652
Ca3Y1,Y1Ca3,L12,Ca,Y,5.35758,4.438414261965915,-0.919165738034085,-17.156360484287404
Ca3Zn1,Zn1Ca3,L12,Ca,Zn,4.79392,4.101395246942288,-0.6925247530577119,-14.445897158436349
Ca3Zr1,Zr1Ca3,L12,Ca,Zr,5.01768,4.2875438009171924,-0.7301361990828079,-14.551270688501617
Cd3Ag1,Ag1Cd3,L12,Cd,Ag,4.32215,3.855557388566478,-0.46659261143352193,-10.795382192508866
Cd3Al1,Al1Cd3,L12,Cd,Al,4.35605,3.8114960705870615,-0.5445539294129382,-12.501094556144633
Cd3Au1,Au1Cd3,L12,Cd,Au,4.31416,3.857964170352565,-0.4561958296474353,-10.574383649364773
Cd3Ba1,Ba1Cd3,L12,Cd,Ba,4.61119,4.3351806432630715,-0.27600935673692817,-5.985642680889926
Cd3Ca1,Ca1Cd3,L12,Cd,Ca,4.48043,4.167089682944344,-0.31334031705565657,-6.993532251494981
Cd3Cd1,Cd4,L12,Cd,Cd,4.38937,3.9057174268005337,-0.48365257319946675,-11.018724172249474
Cd3Ce1,Ce1Cd3,L12,Cd,Ce,4.50577,4.001922757388307,-0.5038472426116929,-11.182267239821227
Cd3Co1,Co1Cd3,L12,Cd,Co,4.16501,3.6283592423977873,-0.5366507576022124,-12.884741155536538
Cd3Cr1,Cr1Cd3,L12,Cd,Cr,4.29613,3.6869107188931345,-0.6092192811068653,-14.180652845860466
Cd3Cu1,Cu1Cd3,L12,Cd,Cu,4.22532,3.6963279329967276,-0.5289920670032724,-12.519574067840361
Cd3Dy1,Dy1Cd3,L12,Cd,Dy,4.0,4.032226661953577,0.03222666195357693,0.8056665488394232
Cd3Er1,Er1Cd3,L12,Cd,Er,4.46842,3.900112330821423,-0.5683076691785769,-12.718313613728721
Cd3Eu1,Eu1Cd3,L12,Cd,Eu,4.53706,4.101954664758073,-0.4351053352419276,-9.59002823947507
Cd3Fe1,Fe1Cd3,L12,Cd,Fe,4.21448,3.647911659351358,-0.5665683406486419,-13.443374761504193
Cd3Ga1,Ga1Cd3,L12,Cd,Ga,4.37482,3.8394091101050454,-0.5354108898949543,-12.238466723086992
Cd3Gd1,Gd1Cd3,L12,Cd,Gd,4.487,4.08941366801423,-0.39758633198577,-8.860849832533319
Cd3Ge1,Ge1Cd3,L12,Cd,Ge,4.38623,3.849230562925609,-0.5369994370743911,-12.24284720761089
Cd3Hf1,Hf1Cd3,L12,Cd,Hf,4.35405,3.9343513386984994,-0.4196986613015006,-9.639270594079088
Cd3Hg1,Hg1Cd3,L12,Cd,Hg,4.41771,3.9617971591457124,-0.4559128408542872,-10.320117003023901
Cd3Ho1,Ho1Cd3,L12,Cd,Ho,4.0,4.0079815780382795,0.00798157803827948,0.199539450956987
Cd3In1,In1Cd3,L12,Cd,In,4.44172,4.022098292313633,-0.41962170768636753,-9.447279605341343
Cd3Ir1,Ir1Cd3,L12,Cd,Ir,4.2058,3.7353930717904054,-0.4704069282095946,-11.18471939249595
Cd3La1,La1Cd3,L12,Cd,La,4.54908,4.1581594462245945,-0.39092055377540547,-8.593398088743339
Cd3Lu1,Lu1Cd3,L12,Cd,Lu,4.43827,4.047585074034184,-0.3906849259658163,-8.802639901714322
Cd3Mg1,Mg1Cd3,L12,Cd,Mg,4.37566,3.937994048013568,-0.4376659519864319,-10.002284272233947
Cd3Mn1,Mn1Cd3,L12,Cd,Mn,4.26566,3.6763636268231923,-0.5892963731768073,-13.814893197695252
Cd3Mo1,Mo1Cd3,L12,Cd,Mo,4.23958,3.809995383328328,-0.42958461667167214,-10.132716369821352
Cd3Nb1,Nb1Cd3,L12,Cd,Nb,4.29245,3.8754107032786282,-0.4170392967213714,-9.715647164704807
Cd3Nd1,Nd1Cd3,L12,Cd,Nd,4.51817,4.0316621770286005,-0.48650782297139905,-10.767806943328806
Cd3Ni1,Ni1Cd3,L12,Cd,Ni,4.18413,3.6450270588529605,-0.5391029411470392,-12.88446920021699
Cd3Os1,Os1Cd3,L12,Cd,Os,4.19589,3.748168791338251,-0.44772120866174925,-10.670470595314683
Cd3Pb1,Pb1Cd3,L12,Cd,Pb,4.49645,4.1181758182057004,-0.37827418179429984,-8.412729637698625
Cd3Pd1,Pd1Cd3,L12,Cd,Pd,4.2495,3.7618950322073386,-0.4876049677926617,-11.474407996062165
Cd3Pr1,Pr1Cd3,L12,Cd,Pr,4.56793,4.032980671113806,-0.534949328886194,-11.710979128099467
Cd3Pt1,Pt1Cd3,L12,Cd,Pt,4.24464,3.7739105585143577,-0.47072944148564266,-11.0899732718356
Cd3Rh1,Rh1Cd3,L12,Cd,Rh,4.2079,3.7159065809363088,-0.49199341906369165,-11.692136673012467
Cd3Ru1,Ru1Cd3,L12,Cd,Ru,4.19604,3.7455523557090404,-0.45048764429095955,-10.73601882467659
Cd3Sc1,Sc1Cd3,L12,Cd,Sc,4.38153,3.9649627408583594,-0.4165672591416403,-9.507346957378822
Cd3Si1,Si1Cd3,L12,Cd,Si,4.34901,3.7511056625211623,-0.5979043374788375,-13.748056166319175
Cd3Sm1,Sm1Cd3,L12,Cd,Sm,4.21631,4.091919652779301,-0.1243903472206993,-2.9502182529439085
Cd3Sn1,Sn1Cd3,L12,Cd,Sn,4.45976,4.038484620553554,-0.42127537944644633,-9.446144623173586
Cd3Sr1,Sr1Cd3,L12,Cd,Sr,4.54974,4.216718243332997,-0.3330217566670033,-7.319577748772529
Cd3Ta1,Ta1Cd3,L12,Cd,Ta,4.2823,3.846932341853807,-0.4353676581461934,-10.166678143665631
Cd3Tb1,Tb1Cd3,L12,Cd,Tb,4.0,3.9757108944719186,-0.02428910552808139,-0.6072276382020347
Cd3Tc1,Tc1Cd3,L12,Cd,Tc,4.22365,3.745018424965634,-0.47863157503436593,-11.332178921889028
Cd3Ti1,Ti1Cd3,L12,Cd,Ti,4.29281,3.799816549900152,-0.4929934500998483,-11.484166550577553
Cd3Tm1,Tm1Cd3,L12,Cd,Tm,4.19424,3.986402991720476,-0.20783700827952378,-4.955296031689264
Cd3V1,V1Cd3,L12,Cd,V,4.23139,3.7434271644917687,-0.4879628355082315,-11.531974965867752
Cd3W1,W1Cd3,L12,Cd,W,4.23525,3.821027778910159,-0.41422222108984075,-9.780348765476436
Cd3Y1,Y1Cd3,L12,Cd,Y,4.46585,4.113622461997453,-0.3522275380025466,-7.88713319978384
Cd3Zn1,Zn1Cd3,L12,Cd,Zn,4.32842,3.776603446973826,-0.5518165530261743,-12.748683192161902
Cd3Zr1,Zr1Cd3,L12,Cd,Zr,4.37469,3.9627520009487305,-0.4119379990512697,-9.416392911298164
Ce3Ag1,Ag1Ce3,L12,Ce,Ag,4.57244,3.975106046672606,-0.5973339533273943,-13.063789865529
Ce3Al1,Ce3Al1,L12,Ce,Al,4.33999,3.9310447286931898,-0.40894527130681047,-9.422723815188755
Ce3Au1,Au1Ce3,L12,Ce,Au,4.57556,3.977512828458694,-0.5980471715413063,-13.070469440709031
Ce3Ba1,Ba1Ce3,L12,Ce,Ba,4.73077,4.4547293013692,-0.2760406986307995,-5.835005688942804
Ce3Ca1,Ca1Ce3,L12,Ce,Ca,4.69048,4.286638341050473,-0.40384165894952684,-8.609815177754236
Ce3Cd1,Cd1Ce3,L12,Ce,Cd,4.57699,4.025266084906662,-0.551723915093338,-12.054295838385881
Ce3Ce1,Ce4,L12,Ce,Ce,4.56342,4.121471415494436,-0.44194858450556396,-9.684591479757813
Ce3Co1,Co1Ce3,L12,Ce,Co,4.407,3.747907900503916,-0.659092099496084,-14.955572940687182
Ce3Cr1,Cr1Ce3,L12,Ce,Cr,4.44145,3.8064593769992627,-0.6349906230007369,-14.296921568423308
Ce3Cu1,Cu1Ce3,L12,Ce,Cu,4.4236,3.8158765911028563,-0.6077234088971442,-13.738208899926397
Ce3Dy1,Dy1Ce3,L12,Ce,Dy,3.90674,4.1517753200597065,0.2450353200597064,6.27211741911943
Ce3Er1,Er1Ce3,L12,Ce,Er,4.00138,4.019660988927551,0.018280988927551256,0.4568671040378883
Ce3Eu1,Eu1Ce3,L12,Ce,Eu,4.98339,4.2215033228642005,-0.7618866771357995,-15.288522012842654
Ce3Fe1,Fe1Ce3,L12,Ce,Fe,4.40135,3.7674603174574863,-0.6338896825425135,-14.40216484811509
Ce3Ga1,Ce3Ga1,L12,Ce,Ga,4.34453,3.958957768211174,-0.3855722317888257,-8.874889384785597
Ce3Gd1,Gd1Ce3,L12,Ce,Gd,4.20477,4.20896232612036,0.004192326120359802,0.0997040532623616
Ce3Ge1,Ge1Ce3,L12,Ce,Ge,4.53118,3.968779221031738,-0.5624007789682621,-12.411795138755515
Ce3Hf1,Hf1Ce3,L12,Ce,Hf,4.59579,4.053899996804628,-0.5418900031953724,-11.791008797081076
Ce3Hg1,Hg1Ce3,L12,Ce,Hg,4.63105,4.081345817251841,-0.549704182748159,-11.869968640981183
Ce3In1,Ce3In1,L12,Ce,In,4.71975,4.141646950419762,-0.5781030495802382,-12.248594725996888
Ce3Ir1,Ir1Ce3,L12,Ce,Ir,4.48758,3.8549417298965345,-0.6326382701034658,-14.097537427822251
Ce3La1,La1Ce3,L12,Ce,La,4.65456,4.277708104330724,-0.3768518956692759,-8.096402144762898
Ce3Lu1,Lu1Ce3,L12,Ce,Lu,4.64993,4.167133732140312,-0.48279626785968865,-10.382871739137764
Ce3Mg1,Mg1Ce3,L12,Ce,Mg,4.62383,4.057542706119697,-0.5662872938803032,-12.24714779480005
Ce3Mn1,Mn1Ce3,L12,Ce,Mn,4.40623,3.795912284929321,-0.6103177150706789,-13.85124505690077
Ce3Mo1,Mo1Ce3,L12,Ce,Mo,4.49697,3.9295440414344562,-0.5674259585655439,-12.617961840206714
Ce3Nb1,Nb1Ce3,L12,Ce,Nb,4.54889,3.994959361384758,-0.5539306386152423,-12.177270468515227
Ce3Nd1,Nd1Ce3,L12,Ce,Nd,4.58264,4.151210835134729,-0.4314291648652704,-9.414424106307072
Ce3Ni1,Ni1Ce3,L12,Ce,Ni,4.42482,3.7645757169590897,-0.6602442830409108,-14.921381729446864
Ce3Os1,Os1Ce3,L12,Ce,Os,4.47175,3.86771744944438,-0.6040325505556203,-13.507744184169962
Ce3Pb1,Ce3Pb1,L12,Ce,Pb,4.88869,4.237724476311829,-0.6509655236881713,-13.315745602363235
Ce3Pd1,Pd1Ce3,L12,Ce,Pd,4.51535,3.8814436903134673,-0.6339063096865325,-14.038918570798112
Ce3Pr1,Pr1Ce3,L12,Ce,Pr,4.56367,4.1525293292199335,-0.41114067078006666,-9.008992122131238
Ce3Pt1,Pt1Ce3,L12,Ce,Pt,4.52174,3.8934592166204864,-0.6282807833795139,-13.894668498841458
Ce3Re1,Re1Ce3,L12,Ce,Re,4.477,3.876814121086595,-0.6001858789134054,-13.405983446803782
Ce3Rh1,Rh1Ce3,L12,Ce,Rh,4.48098,3.8354552390424375,-0.6455247609575623,-14.405883555774905
Ce3Ru1,Ru1Ce3,L12,Ce,Ru,4.46372,3.8651010138151687,-0.5986189861848317,-13.410764702643347
Ce3Sc1,Sc1Ce3,L12,Ce,Sc,4.60384,4.084511398964488,-0.5193286010355118,-11.280335568471358
Ce3Si1,Si1Ce3,L12,Ce,Si,4.49972,3.8706543206272905,-0.6290656793727094,-13.98010719272998
Ce3Sm1,Sm1Ce3,L12,Ce,Sm,4.60121,4.211468310885429,-0.38974168911457063,-8.470417327497998
Ce3Sn1,Ce3Sn1,L12,Ce,Sn,4.71638,4.1580332786596825,-0.5583467213403175,-11.83845918565335
Ce3Sr1,Sr1Ce3,L12,Ce,Sr,4.72566,4.336266901439125,-0.3893930985608751,-8.239972798738696
Ce3Ta1,Ta1Ce3,L12,Ce,Ta,4.5481,3.9664809999599355,-0.5816190000400643,-12.788175282866787
Ce3Tb1,Tb1Ce3,L12,Ce,Tb,4.26364,4.095259552578047,-0.1683804474219528,-3.949218213121952
Ce3Tc1,Tc1Ce3,L12,Ce,Tc,4.4682,3.8645670830717624,-0.603632916928238,-13.5095321813759
Ce3Ti1,Ti1Ce3,L12,Ce,Ti,4.52615,3.91936520800628,-0.6067847919937202,-13.406201561895212
Ce3Tm1,Tm1Ce3,L12,Ce,Tm,4.21575,4.105951649826605,-0.10979835017339479,-2.6044796340721055
Ce3V1,V1Ce3,L12,Ce,V,4.47767,3.862975822597898,-0.614694177402102,-13.727991955684585
Ce3W1,W1Ce3,L12,Ce,W,4.50589,3.9405764370162877,-0.5653135629837123,-12.546102168133539
Ce3Y1,Y1Ce3,L12,Ce,Y,4.67052,4.233171120103582,-0.437348879896418,-9.364029698971807
Ce3Zn1,Zn1Ce3,L12,Ce,Zn,4.50891,3.8961521050799544,-0.6127578949200458,-13.589934039935281
Ce3Zr1,Zr1Ce3,L12,Ce,Zr,4.60238,4.082300659054859,-0.5200793409451414,-11.300225990577514
Co3Ag1,Ag1Co3,L12,Co,Ag,3.68671,3.5109008237220913,-0.17580917627790882,-4.768728114712272
Co3Al1,Al1Co3,L12,Co,Al,3.57225,3.466839505742675,-0.10541049425732485,-2.9508151517202004
Co3Au1,Au1Co3,L12,Co,Au,3.69598,3.5133076055081793,-0.1826723944918207,-4.9424616608266465
Co3Ba1,Ba1Co3,L12,Co,Ba,4.0947,3.990524078418685,-0.1041759215813145,-2.544164934703751
Co3Ca1,Ca1Co3,L12,Co,Ca,3.86203,3.822433118099958,-0.03959688190004185,-1.0252867507513368
Co3Cd1,Cd1Co3,L12,Co,Cd,3.7415,3.5610608619561472,-0.1804391380438526,-4.822641668952361
Co3Ce1,Ce1Co3,L12,Co,Ce,3.8258,3.6572661925439207,-0.16853380745607938,-4.405191266037937
Co3Co1,Co4,L12,Co,Co,3.51883,3.2837026775534013,-0.23512732244659862,-6.681974475794473
Co3Cr1,Cr1Co3,L12,Co,Cr,3.47198,3.342254154048748,-0.1297258459512518,-3.7363650122193044
Co3Cu1,Cu1Co3,L12,Co,Cu,3.54366,3.3516713681523416,-0.19198863184765846,-5.417806218645651
Co3Dy1,Dy1Co3,L12,Co,Dy,3.76621,3.687570097109191,-0.07863990289080913,-2.0880381840314035
Co3Er1,Er1Co3,L12,Co,Er,3.5318,3.5554557659770367,0.02365576597703667,0.6697934757641052
Co3Eu1,Eu1Co3,L12,Co,Eu,4.02651,3.7572980999136862,-0.2692119000863138,-6.685986129087318
Co3Fe1,Fe1Co3,L12,Co,Fe,3.53687,3.3032550945069716,-0.23361490549302832,-6.60513124579157
Co3Ga1,Ga1Co3,L12,Co,Ga,3.5864,3.4947525452606594,-0.09164745473934044,-2.555416427039383
Co3Gd1,Gd1Co3,L12,Co,Gd,4.0,3.744757103169844,-0.2552428968301559,-6.381072420753897
Co3Ge1,Ge1Co3,L12,Co,Ge,3.56975,3.504573998081223,-0.06517600191877682,-1.8257861732271679
Co3Hf1,Hf1Co3,L12,Co,Hf,3.68953,3.5896947738541116,-0.09983522614588836,-2.70590633890735
Co3Hg1,Hg1Co3,L12,Co,Hg,3.76373,3.617140594301326,-0.14658940569867385,-3.8947906916456243
Co3Ho1,Ho1Co3,L12,Co,Ho,4.15777,3.663325013193894,-0.49444498680610627,-11.892071634700963
Co3In1,In1Co3,L12,Co,In,3.74866,3.677441727469246,-0.07121827253075397,-1.8998328077434061
Co3Ir1,Ir1Co3,L12,Co,Ir,3.62143,3.39073650694602,-0.23069349305398035,-6.370232009288605
Co3La1,La1Co3,L12,Co,La,3.93923,3.813502881380209,-0.1257271186197908,-3.191667372044557
Co3Lu1,Lu1Co3,L12,Co,Lu,3.81259,3.7029285091897974,-0.10966149081020271,-2.876299072551801
Co3Mg1,Mg1Co3,L12,Co,Mg,3.66093,3.5933374831691816,-0.06759251683081846,-1.8463209302231527
Co3Mn1,Mn1Co3,L12,Co,Mn,3.46125,3.331707061978806,-0.12954293802119432,-3.7426634314537903
Co3Mo1,Mo1Co3,L12,Co,Mo,3.58137,3.4653388184839415,-0.11603118151605862,-3.239854623120723
Co3Nb1,Nb1Co3,L12,Co,Nb,3.63846,3.5307541384342422,-0.10770586156575757,-2.9602046350862063
Co3Nd1,Nd1Co3,L12,Co,Nd,4.0,3.687005612184214,-0.3129943878157859,-7.8248596953946485
Co3Ni1,Ni1Co3,L12,Co,Ni,3.51765,3.300370494008574,-0.2172795059914261,-6.176836978989555
Co3Os1,Os1Co3,L12,Co,Os,3.56537,3.403512226493865,-0.16185777350613506,-4.53971883720722
Co3Pb1,Pb1Co3,L12,Co,Pb,3.7956,3.7735192533613144,-0.022080746638685422,-0.5817458804585683
Co3Pd1,Pd1Co3,L12,Co,Pd,3.64718,3.4172384673629526,-0.22994153263704753,-6.304638998816826
Co3Pr1,Pr1Co3,L12,Co,Pr,3.76036,3.688324106269419,-0.07203589373058072,-1.9156648227983681
Co3Pt1,Pt1Co3,L12,Co,Pt,3.65835,3.4292539936699717,-0.22909600633002825,-6.262276882475111
Co3Re1,Re1Co3,L12,Co,Re,3.56892,3.4126088981360803,-0.1563111018639196,-4.379787214729375
Co3Rh1,Rh1Co3,L12,Co,Rh,3.61199,3.3712500160919228,-0.24073998390807727,-6.665023544031884
Co3Ru1,Ru1Co3,L12,Co,Ru,3.57295,3.400895790864654,-0.17205420913534608,-4.8154664670747165
Co3Sc1,Sc1Co3,L12,Co,Sc,3.71255,3.620306176013973,-0.09224382398602682,-2.484648664288072
Co3Si1,Si1Co3,L12,Co,Si,3.47435,3.4064490976767754,-0.06790090232322443,-1.9543483622324875
Co3Sm1,Sm1Co3,L12,Co,Sm,3.76166,3.7472630879349147,-0.01439691206508531,-0.38272762729979076
Co3Sn1,Sn1Co3,L12,Co,Sn,3.72526,3.693828055709167,-0.03143194429083307,-0.8437516922532405
Co3Sr1,Sr1Co3,L12,Co,Sr,4.00809,3.87206167848861,-0.13602832151139,-3.3938439883183755
Co3Ta1,Ta1Co3,L12,Co,Ta,3.62561,3.502275777009421,-0.12333422299057917,-3.4017509602681804
Co3Tb1,Tb1Co3,L12,Co,Tb,3.93883,3.6310543296275326,-0.3077756703724672,-7.813885604924995
Co3Tc1,Tc1Co3,L12,Co,Tc,3.55506,3.4003618601212477,-0.15469813987875236,-4.351491673241868
Co3Ti1,Ti1Co3,L12,Co,Ti,3.56775,3.4551599850557655,-0.1125900149442347,-3.1557708624268708
Co3Tm1,Tm1Co3,L12,Co,Tm,3.78251,3.64174642687609,-0.14076357312390986,-3.7214329406639997
Co3V1,V1Co3,L12,Co,V,3.50251,3.398770599647383,-0.10373940035261686,-2.961858791341548
Co3W1,W1Co3,L12,Co,W,3.58393,3.476371214065773,-0.10755878593422707,-3.001140812857033
Co3Y1,Y1Co3,L12,Co,Y,3.86173,3.768965897153066,-0.09276410284693393,-2.402138493549107
Co3Zn1,Zn1Co3,L12,Co,Zn,3.58469,3.4319468821294397,-0.1527431178705605,-4.260985409353681
Co3Zr1,Zr1Co3,L12,Co,Zr,3.70999,3.618095436104344,-0.09189456389565587,-2.4769490994761676
Cr3Ag1,Ag1Cr3,L12,Cr,Ag,3.72314,3.583659270706118,-0.139480729293882,-3.7463197541290953
Cr3Al1,Al1Cr3,L12,Cr,Al,3.66607,3.5395979527267016,-0.1264720472732983,-3.4497990292956304
Cr3Au1,Au1Cr3,L12,Cr,Au,3.7328,3.5860660524922054,-0.14673394750779467,-3.9309351561239465
Cr3Ba1,Ba1Cr3,L12,Cr,Ba,4.70515,4.063282525402712,-0.6418674745972881,-13.641806841382062
Cr3Ca1,Ca1Cr3,L12,Cr,Ca,3.99779,3.895191565083984,-0.10259843491601606,-2.5663787971858465
Cr3Cd1,Cd1Cr3,L12,Cr,Cd,3.77666,3.6338193089401742,-0.14284069105982589,-3.7821962014008643
Cr3Ce1,Ce1Cr3,L12,Cr,Ce,4.03382,3.7300246395279473,-0.30379536047205313,-7.531207651111183
Cr3Co1,Co1Cr3,L12,Cr,Co,3.5533,3.3564611245374274,-0.19683887546257273,-5.539607560931324
Cr3Cr1,Cr4,L12,Cr,Cr,3.60694,3.4150126010327746,-0.19192739896722522,-5.321058819032898
Cr3Cu1,Cu1Cr3,L12,Cr,Cu,3.58878,3.4244298151363686,-0.1643501848636313,-4.579555861981824
Cr3Dy1,Dy1Cr3,L12,Cr,Dy,4.0,3.7603285440932175,-0.23967145590678252,-5.9917863976695624
Cr3Er1,Er1Cr3,L12,Cr,Er,3.6441,3.6282142129610633,-0.015885787038936616,-0.4359316988813868
Cr3Eu1,Eu1Cr3,L12,Cr,Eu,4.0,3.8300565468977132,-0.16994345310228676,-4.2485863275571685
Cr3Fe1,Fe1Cr3,L12,Cr,Fe,3.55912,3.376013541490998,-0.18310645850900187,-5.144711572214533
Cr3Ga1,Ga1Cr3,L12,Cr,Ga,3.65671,3.5675109922446855,-0.08919900775531442,-2.4393240851835234
Cr3Gd1,Gd1Cr3,L12,Cr,Gd,4.67776,3.817515550153871,-0.860244449846129,-18.390093759537233
Cr3Ge1,Ge1Cr3,L12,Cr,Ge,3.662,3.5773324450652493,-0.08466755493475064,-2.3120577535431632
Cr3Hf1,Hf1Cr3,L12,Cr,Hf,3.85075,3.6624532208381395,-0.1882967791618606,-4.889872860140508
Cr3Hg1,Hg1Cr3,L12,Cr,Hg,3.7908,3.6898990412853525,-0.10090095871464744,-2.6617325818995314
Cr3Ho1,Ho1Cr3,L12,Cr,Ho,4.00793,3.73608346017792,-0.27184653982207996,-6.7827167595761395
Cr3In1,In1Cr3,L12,Cr,In,3.80861,3.7502001744532727,-0.058409825546727134,-1.533625799090144
Cr3Ir1,Ir1Cr3,L12,Cr,Ir,3.67725,3.4634949539300464,-0.21375504606995355,-5.812904917260277
Cr3La1,La1Cr3,L12,Cr,La,4.1911,3.886261328364235,-0.3048386716357645,-7.273476453335986
Cr3Lu1,Lu1Cr3,L12,Cr,Lu,3.92109,3.7756869561738235,-0.14540304382617641,-3.708230207064271
Cr3Mg1,Mg1Cr3,L12,Cr,Mg,3.72827,3.666095930153208,-0.06217406984679208,-1.6676386057552717
Cr3Mn1,Mn1Cr3,L12,Cr,Mn,3.57472,3.404465508962833,-0.17025449103716728,-4.762736411164155
Cr3Mo1,Mo1Cr3,L12,Cr,Mo,3.71994,3.538097265467968,-0.1818427345320317,-4.888324395878206
Cr3Nb1,Nb1Cr3,L12,Cr,Nb,3.79192,3.603512585418269,-0.18840741458173138,-4.968654786539045
Cr3Nd1,Nd1Cr3,L12,Cr,Nd,3.83589,3.7597640591682406,-0.07612594083175939,-1.9845704864258198
Cr3Ni1,Ni1Cr3,L12,Cr,Ni,3.5602,3.3731289409926006,-0.1870710590073994,-5.254509831116212
Cr3Os1,Os1Cr3,L12,Cr,Os,3.67673,3.4762706734778916,-0.2004593265221084,-5.452108980591678
Cr3Pb1,Pb1Cr3,L12,Cr,Pb,3.87083,3.846277700345341,-0.024552299654659215,-0.6342903112422714
Cr3Pd1,Pd1Cr3,L12,Cr,Pd,3.67949,3.4899969143469796,-0.18949308565302037,-5.149982352255893
Cr3Pr1,Pr1Cr3,L12,Cr,Pr,3.96328,3.7610825532534453,-0.20219744674655482,-5.101770421129842
Cr3Pt1,Pt1Cr3,L12,Cr,Pt,3.69275,3.502012440653998,-0.19073755934600234,-5.165190152217245
Cr3Re1,Re1Cr3,L12,Cr,Re,3.69163,3.485367345120107,-0.20626265487989315,-5.587305739738087
Cr3Rh1,Rh1Cr3,L12,Cr,Rh,3.66116,3.4440084630759493,-0.21715153692405087,-5.931222260814901
Cr3Ru1,Ru1Cr3,L12,Cr,Ru,3.65874,3.4736542378486805,-0.18508576215131933,-5.05872956677215
Cr3Sc1,Sc1Cr3,L12,Cr,Sc,3.96702,3.6930646229979995,-0.2739553770020007,-6.905822935150331
Cr3Si1,Si1Cr3,L12,Cr,Si,3.60851,3.4792075446608024,-0.1293024553391975,-3.5832644315575544
Cr3Sm1,Sm1Cr3,L12,Cr,Sm,3.82322,3.8200215349189413,-0.00319846508105881,-0.08365893359677994
Cr3Sn1,Sn1Cr3,L12,Cr,Sn,3.82061,3.766586502693194,-0.05402349730680589,-1.4140018820765765
Cr3Sr1,Sr1Cr3,L12,Cr,Sr,4.5911,3.944820125472637,-0.6462798745273628,-14.076798033747092
Cr3Ta1,Ta1Cr3,L12,Cr,Ta,3.78453,3.575034223993447,-0.20949577600655322,-5.53558238424727
Cr3Tc1,Tc1Cr3,L12,Cr,Tc,3.67662,3.4731203071052748,-0.20349969289472547,-5.534966705689613
Cr3Ti1,Ti1Cr3,L12,Cr,Ti,3.72625,3.5279184320397925,-0.19833156796020734,-5.322551303863331
Cr3Tm1,Tm1Cr3,L12,Cr,Tm,3.97692,3.7145048738601165,-0.26241512613988327,-6.598451217019282
Cr3V1,V1Cr3,L12,Cr,V,3.65431,3.4715290466314097,-0.18278095336859046,-5.001791127971914
Cr3W1,W1Cr3,L12,Cr,W,3.72782,3.549129661049799,-0.1786903389502008,-4.793427229592653
Cr3Y1,Y1Cr3,L12,Cr,Y,4.08683,3.841724344137093,-0.24510565586290678,-5.997451713501829
Cr3Zn1,Zn1Cr3,L12,Cr,Zn,3.63118,3.504705329113466,-0.12647467088653386,-3.4830184922403697
Cr3Zr1,Zr1Cr3,L12,Cr,Zr,3.86698,3.6908538830883706,-0.17612611691162927,-4.554616701188764
Cu3Ag1,Ag1Cu3,L12,Cu,Ag,3.77606,3.5953614841105566,-0.18069851588944363,-4.785371945611129
Cu3Al1,Al1Cu3,L12,Cu,Al,3.68918,3.5513001661311407,-0.13787983386885916,-3.7374113995212803
Cu3Au1,Au1Cu3,L12,Cu,Au,3.77827,3.597768265896644,-0.1805017341033559,-4.777364616699069
Cu3Ba1,Ba1Cu3,L12,Cu,Ba,4.30952,4.074984738807151,-0.23453526119284884,-5.442259490450186
Cu3Ca1,Ca1Cu3,L12,Cu,Ca,4.05743,3.906893778488423,-0.1505362215115773,-3.7101372423326415
Cu3Cd1,Cd1Cu3,L12,Cu,Cd,3.84438,3.645521522344613,-0.19885847765538722,-5.17270607108005
Cu3Ce1,Ce1Cu3,L12,Cu,Ce,4.14111,3.7417268529323864,-0.3993831470676139,-9.64435011549111
Cu3Co1,Co1Cu3,L12,Cu,Co,3.60368,3.368163337941867,-0.23551666205813326,-6.5354488205982015
Cu3Cr1,Cr1Cu3,L12,Cu,Cr,3.72756,3.4267148144372137,-0.3008451855627863,-8.070834153247333
Cu3Cu1,Cu4,L12,Cu,Cu,3.62892,3.4361320285408072,-0.1927879714591927,-5.3125439926808165
Cu3Dy1,Dy1Cu3,L12,Cu,Dy,4.08544,3.7720307574976566,-0.3134092425023436,-7.671370586824028
Cu3Er1,Er1Cu3,L12,Cu,Er,4.4095,3.639916426365502,-0.7695835736344985,-17.452853467161773
Cu3Eu1,Eu1Cu3,L12,Cu,Eu,4.15054,3.841758760302152,-0.30878123969784843,-7.439543762928399
Cu3Fe1,Fe1Cu3,L12,Cu,Fe,3.64532,3.387715754895437,-0.25760424510456303,-7.066711430123091
Cu3Ga1,Ga1Cu3,L12,Cu,Ga,3.70182,3.579213205649125,-0.12260679435087507,-3.312067965240748
Cu3Gd1,Gd1Cu3,L12,Cu,Gd,3.98793,3.82921776355831,-0.1587122364416902,-3.9798150028132437
Cu3Ge1,Ge1Cu3,L12,Cu,Ge,3.72301,3.589034658469688,-0.133975341530312,-3.5985759245962803
Cu3Hf1,Hf1Cu3,L12,Cu,Hf,3.90262,3.6741554342425773,-0.2284645657574229,-5.854133012115525
Cu3Hg1,Hg1Cu3,L12,Cu,Hg,3.86418,3.701601254689791,-0.162578745310209,-4.207328470987609
Cu3Ho1,Ho1Cu3,L12,Cu,Ho,4.06703,3.7477856735823587,-0.3192443264176412,-7.84956900779294
Cu3In1,In1Cu3,L12,Cu,In,3.87151,3.761902387857712,-0.10960761214228798,-2.831133385740654
Cu3Ir1,Ir1Cu3,L12,Cu,Ir,3.70062,3.475197167334485,-0.22542283266551477,-6.091488255090087
Cu3La1,La1Cu3,L12,Cu,La,4.21466,3.8979635417686738,-0.3166964582313265,-7.514163852631683
Cu3Lu1,Lu1Cu3,L12,Cu,Lu,4.01469,3.787389169578263,-0.22730083042173677,-5.661728064227544
Cu3Mg1,Mg1Cu3,L12,Cu,Mg,3.77932,3.6777981435576472,-0.10152185644235256,-2.6862466380817867
Cu3Mn1,Mn1Cu3,L12,Cu,Mn,3.70376,3.4161677223672715,-0.28759227763272843,-7.764873470006924
Cu3Mo1,Mo1Cu3,L12,Cu,Mo,3.7556,3.549799478872407,-0.20580052112759262,-5.479830682915982
Cu3Nb1,Nb1Cu3,L12,Cu,Nb,3.847,3.615214798822708,-0.23178520117729207,-6.0250897108732016
Cu3Nd1,Nd1Cu3,L12,Cu,Nd,4.15099,3.7714662725726797,-0.37952372742732043,-9.142968964688434
Cu3Ni1,Ni1Cu3,L12,Cu,Ni,3.59491,3.3848311543970397,-0.2100788456029603,-5.84378595299911
Cu3Os1,Os1Cu3,L12,Cu,Os,3.69501,3.4879728868823303,-0.2070371131176696,-5.603154338355501
Cu3Pb1,Pb1Cu3,L12,Cu,Pb,3.97881,3.85797991374978,-0.12083008625022007,-3.0368398151763984
Cu3Pd1,Pd1Cu3,L12,Cu,Pd,3.72003,3.5016991277514182,-0.21833087224858172,-5.869062137901623
Cu3Pr1,Pr1Cu3,L12,Cu,Pr,4.14876,3.772784766657885,-0.37597523334211536,-9.062351964011302
Cu3Pt1,Pt1Cu3,L12,Cu,Pt,3.7301,3.5137146540584374,-0.21638534594156278,-5.801060184487353
Cu3Re1,Re1Cu3,L12,Cu,Re,3.71254,3.497069558524546,-0.21547044147545424,-5.803855082381718
Cu3Rh1,Rh1Cu3,L12,Cu,Rh,3.69237,3.455710676480388,-0.23665932351961194,-6.409415186441553
Cu3Ru1,Ru1Cu3,L12,Cu,Ru,3.68917,3.4853564512531197,-0.20381354874688018,-5.524645075908136
Cu3Sc1,Sc1Cu3,L12,Cu,Sc,3.89765,3.7047668364024386,-0.1928831635975614,-4.9487040549449395
Cu3Si1,Si1Cu3,L12,Cu,Si,3.64259,3.490909758065241,-0.15168024193475915,-4.164076712854292
Cu3Sm1,Sm1Cu3,L12,Cu,Sm,4.0,3.8317237483233804,-0.16827625167661964,-4.206906291915491
Cu3Sn1,Sn1Cu3,L12,Cu,Sn,3.88621,3.778288716097633,-0.1079212839023671,-2.77703170704535
Cu3Sr1,Sr1Cu3,L12,Cu,Sr,4.20187,3.956522338877076,-0.2453476611229246,-5.839011228879632
Cu3Ta1,Ta1Cu3,L12,Cu,Ta,3.81642,3.5867364373978865,-0.22968356260211342,-6.0182988927349035
Cu3Tb1,Tb1Cu3,L12,Cu,Tb,4.0,3.7155149900159974,-0.2844850099840026,-7.112125249600066
Cu3Tc1,Tc1Cu3,L12,Cu,Tc,3.70888,3.4848225205097134,-0.22405747949028676,-6.041108892449654
Cu3Ti1,Ti1Cu3,L12,Cu,Ti,3.78223,3.539620645444231,-0.24260935455576904,-6.414452705302666
Cu3Tm1,Tm1Cu3,L12,Cu,Tm,4.01609,3.726207087264555,-0.289882912735445,-7.2180382594873365
Cu3V1,V1Cu3,L12,Cu,V,3.73114,3.4832312600358484,-0.24790873996415153,-6.644316213386567
Cu3W1,W1Cu3,L12,Cu,W,3.75111,3.5608318744542378,-0.1902781255457624,-5.072581863655355
Cu3Y1,Y1Cu3,L12,Cu,Y,4.07868,3.8534265575415323,-0.225253442458468,-5.522704464642188
Cu3Zn1,Zn1Cu3,L12,Cu,Zn,3.67971,3.5164075425179053,-0.1633024574820947,-4.43791650652075
Cu3Zr1,Zr1Cu3,L12,Cu,Zr,3.93777,3.7025560964928097,-0.2352139035071903,-5.97327684215153
Dy3Ag1,Ag1Dy3,L12,Dy,Ag,4.65339,4.012762911463991,-0.640627088536009,-13.766890128186313
Dy3Al1,Al1Dy3,L12,Dy,Al,4.68962,3.9687015934845746,-0.720918406515425,-15.37264013961526
Dy3Au1,Au1Dy3,L12,Dy,Au,4.4803,4.015169693250078,-0.46513030674992173,-10.381677716892211
Dy3Ba1,Ba1Dy3,L12,Dy,Ba,5.02895,4.492386166160585,-0.5365638338394154,-10.669500270223713
Dy3Ca1,Ca1Dy3,L12,Dy,Ca,4.0,4.324295205841858,0.32429520584185756,8.107380146046438
Dy3Cd1,Cd1Dy3,L12,Dy,Cd,4.65365,4.062922949698047,-0.590727050301953,-12.69384354865435
Dy3Ce1,Ce1Dy3,L12,Dy,Ce,4.48176,4.15912828028582,-0.32263171971418014,-7.198772797164063
Dy3Co1,Co1Dy3,L12,Dy,Co,4.04178,3.7855647652953004,-0.25621523470469976,-6.339168255192012
Dy3Cr1,Cr1Dy3,L12,Dy,Cr,4.13929,3.8441162417906476,-0.2951737582093523,-7.131023876301305
Dy3Cu1,Cu1Dy3,L12,Dy,Cu,4.49286,3.8535334558942407,-0.6393265441057596,-14.229834539820061
Dy3Dy1,Dy4,L12,Dy,Dy,4.0,4.18943218485109,0.18943218485109004,4.735804621277251
Dy3Er1,Er1Dy3,L12,Dy,Er,4.42151,4.057317853718936,-0.3641921462810638,-8.236827379810602
Dy3Fe1,Fe1Dy3,L12,Dy,Fe,4.26081,3.80511718224887,-0.45569281775113035,-10.694980948484686
Dy3Ga1,Ga1Dy3,L12,Dy,Ga,4.67046,3.9966146330025585,-0.6738453669974418,-14.427815825367132
Dy3Gd1,Gd1Dy3,L12,Dy,Gd,7.84003,4.246619190911743,-3.5934108090882564,-45.8341461587297
Dy3Ge1,Ge1Dy3,L12,Dy,Ge,4.60238,4.006436085823123,-0.5959439141768774,-12.948602987516836
Dy3Hf1,Hf1Dy3,L12,Dy,Hf,4.39218,4.091556861596012,-0.3006231384039877,-6.844508613125775
Dy3Hg1,Hg1Dy3,L12,Dy,Hg,4.73497,4.1190026820432255,-0.6159673179567742,-13.008895894942823
Dy3Ho1,Ho1Dy3,L12,Dy,Ho,4.18505,4.165187100935793,-0.019862899064207795,-0.4746155736301309
Dy3In1,In1Dy3,L12,Dy,In,4.80043,4.179303815211146,-0.6211261847888547,-12.938969733729158
Dy3Ir1,Ir1Dy3,L12,Dy,Ir,5.62442,3.8925985946879185,-1.7318214053120813,-30.79111100010457
Dy3La1,La1Dy3,L12,Dy,La,4.19368,4.315364969122108,0.12168496912210802,2.9016274279894514
Dy3Lu1,Lu1Dy3,L12,Dy,Lu,4.47173,4.204790596931697,-0.266939403068303,-5.969488387454139
Dy3Mg1,Mg1Dy3,L12,Dy,Mg,4.39789,4.095199570911081,-0.3026904290889192,-6.882628467035764
Dy3Mn1,Mn1Dy3,L12,Dy,Mn,4.11547,3.8335691497207054,-0.2819008502792948,-6.84978508601192
Dy3Mo1,Mo1Dy3,L12,Dy,Mo,4.37771,3.967200906225841,-0.41050909377415934,-9.37725645997929
Dy3Nb1,Nb1Dy3,L12,Dy,Nb,4.65155,4.032616226176142,-0.6189337738238585,-13.30596841534238
Dy3Nd1,Nd1Dy3,L12,Dy,Nd,4.04072,4.188867699926114,0.14814769992611332,3.6663688631262077
Dy3Ni1,Ni1Dy3,L12,Dy,Ni,6.187,3.8022325817504736,-2.3847674182495266,-38.544810380629166
Dy3Os1,Os1Dy3,L12,Dy,Os,4.1529,3.905374314235764,-0.24752568576423561,-5.960309320336045
Dy3Pb1,Pb1Dy3,L12,Dy,Pb,4.81849,4.2753813411032136,-0.5431086588967862,-11.271345564622656
Dy3Pd1,Pd1Dy3,L12,Dy,Pd,4.40405,3.9191005551048517,-0.48494944489514813,-11.011442760530606
Dy3Pr1,Pr1Dy3,L12,Dy,Pr,3.53931,4.190186194011319,0.6508761940113188,18.38991763963368
Dy3Pt1,Pt1Dy3,L12,Dy,Pt,5.80561,3.931116081411871,-1.8744939185881289,-32.287630732827886
Dy3Re1,Re1Dy3,L12,Dy,Re,4.31066,3.91447098587798,-0.39618901412202057,-9.190913088065876
Dy3Rh1,Rh1Dy3,L12,Dy,Rh,4.38095,3.873112103833822,-0.5078378961661785,-11.591958277683572
Dy3Ru1,Ru1Dy3,L12,Dy,Ru,4.55509,3.9027578786065535,-0.6523321213934463,-14.320949122705509
Dy3Sc1,Sc1Dy3,L12,Dy,Sc,4.80084,4.1221682637558725,-0.6786717362441275,-14.136520613978544
Dy3Si1,Si1Dy3,L12,Dy,Si,4.54639,3.9083111854186754,-0.6380788145813243,-14.034845549575033
Dy3Sm1,Sm1Dy3,L12,Dy,Sm,4.0,4.249125175676814,0.2491251756768138,6.228129391920345
Dy3Sn1,Sn1Dy3,L12,Dy,Sn,4.77935,4.195690143451067,-0.583659856548933,-12.212117893624301
Dy3Sr1,Sr1Dy3,L12,Dy,Sr,5.00421,4.37392376623051,-0.6302862337694899,-12.595119584699482
Dy3Ta1,Ta1Dy3,L12,Dy,Ta,4.7022,4.00413786475132,-0.69806213524868,-14.845436928430948
Dy3Tb1,Tb1Dy3,L12,Dy,Tb,4.71151,4.132916417369431,-0.5785935826305684,-12.280427774334946
Dy3Tc1,Tc1Dy3,L12,Dy,Tc,4.11146,3.9022239478631473,-0.2092360521368528,-5.089093707268289
Dy3Ti1,Ti1Dy3,L12,Dy,Ti,4.76927,3.957022072797665,-0.8122479272023346,-17.030864832612426
Dy3Tm1,Tm1Dy3,L12,Dy,Tm,4.42801,4.1436085146179895,-0.28440148538201004,-6.422783267924194
Dy3V1,V1Dy3,L12,Dy,V,5.27677,3.900632687389282,-1.3761373126107181,-26.079160407042913
Dy3W1,W1Dy3,L12,Dy,W,4.06682,3.978233301807672,-0.08858669819232778,-2.178279299116454
Dy3Y1,Y1Dy3,L12,Dy,Y,4.90363,4.270827984894966,-0.6328020151050335,-12.904766776959795
Dy3Zn1,Zn1Dy3,L12,Dy,Zn,4.6043,3.933808969871339,-0.6704910301286611,-14.562279393798427
Dy3Zr1,Zr1Dy3,L12,Dy,Zr,4.82465,4.119957523846243,-0.704692476153757,-14.606084921263863
Er3Ag1,Ag1Er3,L12,Er,Ag,4.60928,3.848592268247625,-0.760687731752375,-16.50339601309478
Er3Al1,Al1Er3,L12,Er,Al,4.13542,3.804530950268209,-0.3308890497317907,-8.001340848856723
Er3Au1,Au1Er3,L12,Er,Au,4.1824,3.8509990500337135,-0.3314009499662869,-7.923702897051618
Er3Ba1,Ba1Er3,L12,Er,Ba,4.76306,4.32821552294422,-0.43484447705578066,-9.129519196814247
Er3Ca1,Ca1Er3,L12,Er,Ca,4.16664,4.160124562625492,-0.006515437374508437,-0.15637149776578818
Er3Cd1,Cd1Er3,L12,Er,Cd,4.16757,3.8987523064816814,-0.2688176935183191,-6.450226235391825
Er3Ce1,Ce1Er3,L12,Er,Ce,4.16661,3.9949576370694557,-0.17165236293054464,-4.119712738426314
Er3Co1,Co1Er3,L12,Er,Co,4.97539,3.621394122078936,-1.3539958779210641,-27.213864198003858
Er3Cr1,Cr1Er3,L12,Er,Cr,4.33704,3.6799455985742817,-0.6570944014257183,-15.150757231331008
Er3Cu1,Cu1Er3,L12,Er,Cu,4.03305,3.689362812677876,-0.3436871873221241,-8.521768570241482
Er3Eu1,Eu1Er3,L12,Er,Eu,4.07609,4.094989544439221,0.01889954443922104,0.46366847736975975
Er3Fe1,Fe1Er3,L12,Er,Fe,4.45472,3.6409465390325053,-0.8137734609674947,-18.267668023298764
Er3Ga1,Ga1Er3,L12,Er,Ga,4.58675,3.832443989786194,-0.7543060102138064,-16.445326434050394
Er3Gd1,Gd1Er3,L12,Er,Gd,4.13086,4.082448547695379,-0.04841145230462107,-1.1719460912405908
Er3Ge1,Ge1Er3,L12,Er,Ge,4.25134,3.8422654426067573,-0.4090745573932426,-9.62224986458958
Er3Hf1,Hf1Er3,L12,Er,Hf,4.48955,3.9273862183796466,-0.5621637816203537,-12.52160643316933
Er3Hg1,Hg1Er3,L12,Er,Hg,4.20244,3.9548320388268596,-0.24760796117314054,-5.89200467283627
Er3Ho1,Ho1Er3,L12,Er,Ho,4.20464,4.001016457719428,-0.20362354228057278,-4.842829404671334
Er3In1,In1Er3,L12,Er,In,4.64428,4.015133171994781,-0.6291468280052195,-13.546703213527596
Er3Ir1,Ir1Er3,L12,Er,Ir,4.49322,3.7284279514715535,-0.7647920485284465,-17.021023865478355
Er3La1,La1Er3,L12,Er,La,4.46387,4.151194325905743,-0.31267567409425734,-7.004587366886969
Er3Lu1,Lu1Er3,L12,Er,Lu,4.39075,4.040619953715332,-0.3501300462846677,-7.974265132031377
Er3Mg1,Mg1Er3,L12,Er,Mg,4.8313,3.9310289276947157,-0.900271072305284,-18.634137236463978
Er3Mn1,Mn1Er3,L12,Er,Mn,4.45506,3.66939850650434,-0.7856614934956596,-17.63526178088869
Er3Mo1,Mo1Er3,L12,Er,Mo,4.0,3.803030263009475,-0.19696973699052478,-4.9242434247631195
Er3Nb1,Nb1Er3,L12,Er,Nb,4.18687,3.8684455829597764,-0.3184244170402235,-7.605309384820249
Er3Nd1,Nd1Er3,L12,Er,Nd,3.9922,4.024697056709749,0.03249705670974867,0.8140137445455806
Er3Ni1,Ni1Er3,L12,Er,Ni,4.28245,3.638061938534109,-0.6443880614658908,-15.047182371443702
Er3Os1,Os1Er3,L12,Er,Os,4.46633,3.7412036710193988,-0.7251263289806014,-16.235395256969397
Er3Pb1,Pb1Er3,L12,Er,Pb,4.18834,4.1112106978868495,-0.07712930211315072,-1.841524377513543
Er3Pd1,Pd1Er3,L12,Er,Pd,4.1536,3.754929911888487,-0.39867008811151283,-9.598182013470552
Er3Pt1,Pt1Er3,L12,Er,Pt,4.41302,3.7669454381955063,-0.6460745618044941,-14.640191111857504
Er3Re1,Re1Er3,L12,Er,Re,4.0,3.7503003426616144,-0.24969965733838562,-6.242491433459641
Er3Rh1,Rh1Er3,L12,Er,Rh,4.12532,3.708941460617457,-0.41637853938254343,-10.093242206242023
Er3Ru1,Ru1Er3,L12,Er,Ru,4.49188,3.738587235390188,-0.753292764609812,-16.770099927197787
Er3Sc1,Sc1Er3,L12,Er,Sc,4.61099,3.957997620539508,-0.6529923794604922,-14.16165247507568
Er3Si1,Si1Er3,L12,Er,Si,4.50437,3.74414054220231,-0.7602294577976898,-16.87759792818285
Er3Sm1,Sm1Er3,L12,Er,Sm,4.11602,4.08495453246045,-0.031065467539550085,-0.75474530103231
Er3Sn1,Sn1Er3,L12,Er,Sn,4.20242,4.031519500234702,-0.1709004997652981,-4.0667163150113055
Er3Sr1,Sr1Er3,L12,Er,Sr,4.52129,4.209753123014145,-0.31153687698585486,-6.890442262846552
Er3Ta1,Ta1Er3,L12,Er,Ta,4.1693,3.8399672215349554,-0.3293327784650444,-7.898994518625295
Er3Tb1,Tb1Er3,L12,Er,Tb,4.17004,3.9687457741530667,-0.20129422584693346,-4.827153356968601
Er3Tc1,Tc1Er3,L12,Er,Tc,4.48782,3.7380533046467828,-0.7497666953532174,-16.706701591267418
Er3Ti1,Ti1Er3,L12,Er,Ti,4.01144,3.7928514295813005,-0.21858857041869983,-5.449129749384256
Er3Tm1,Tm1Er3,L12,Er,Tm,4.41744,3.979437871401624,-0.43800212859837595,-9.91529321503803
Er3V1,V1Er3,L12,Er,V,4.0,3.736462044172917,-0.26353795582708317,-6.588448895677079
Er3W1,W1Er3,L12,Er,W,4.57995,3.814062658591307,-0.7658873414086931,-16.722613596408106
Er3Y1,Y1Er3,L12,Er,Y,4.1906,4.106657341678601,-0.08394265832139869,-2.003117890550248
Er3Zn1,Zn1Er3,L12,Er,Zn,4.13152,3.769638326654974,-0.3618816733450263,-8.7590444520425
Er3Zr1,Zr1Er3,L12,Er,Zr,4.1205,3.9557868806298786,-0.16471311937012123,-3.997406124745085
Eu3Ag1,Ag1Eu3,L12,Eu,Ag,4.81858,4.099409764780424,-0.7191702352195755,-14.924941273561412
Eu3Al1,Al1Eu3,L12,Eu,Al,4.87617,4.055348446801008,-0.820821553198992,-16.83332519577849
Eu3Au1,Au1Eu3,L12,Eu,Au,4.83006,4.1018165465665115,-0.7282434534334881,-15.07731691601115
Eu3Ba1,Ba1Eu3,L12,Eu,Ba,5.10029,4.579033019477018,-0.5212569805229821,-10.220143962852742
Eu3Ca1,Ca1Eu3,L12,Eu,Ca,5.05353,4.410942059158291,-0.6425879408417092,-12.715625332029475
Eu3Cd1,Cd1Eu3,L12,Eu,Cd,4.74847,4.14956980301448,-0.5989001969855199,-12.612487748380422
Eu3Ce1,Ce1Eu3,L12,Eu,Ce,4.12601,4.245775133602254,0.11976513360225383,2.902686459854771
Eu3Co1,Co1Eu3,L12,Eu,Co,4.67645,3.872211618611734,-0.8042383813882661,-17.197626006656034
Eu3Cr1,Cr1Eu3,L12,Eu,Cr,4.85406,3.9307630951070807,-0.9232969048929189,-19.0211267453002
Eu3Cu1,Cu1Eu3,L12,Eu,Cu,4.6198,3.9401803092106746,-0.679619690789325,-14.711019758200033
Eu3Dy1,Dy1Eu3,L12,Eu,Dy,3.95361,4.276079038167524,0.3224690381675246,8.156318862192391
Eu3Er1,Er1Eu3,L12,Eu,Er,4.10173,4.143964707035369,0.04223470703536947,1.0296803308694007
Eu3Eu1,Eu4,L12,Eu,Eu,5.00525,4.345807040972019,-0.6594429590279809,-13.175025403885538
Eu3Fe1,Fe1Eu3,L12,Eu,Fe,4.6742,3.8917640355653043,-0.7824359644346957,-16.73946267670822
Eu3Ga1,Ga1Eu3,L12,Eu,Ga,4.85122,4.0832614863189916,-0.7679585136810081,-15.830214125127457
Eu3Gd1,Gd1Eu3,L12,Eu,Gd,6.56618,4.333266044228178,-2.2329139557718225,-34.00628608676312
Eu3Ge1,Ge1Eu3,L12,Eu,Ge,4.51828,4.093082939139555,-0.4251970608604445,-9.410595643927437
Eu3Hf1,Hf1Eu3,L12,Eu,Hf,4.89385,4.178203714912446,-0.715646285087554,-14.623380060434096
Eu3Hg1,Hg1Eu3,L12,Eu,Hg,4.87312,4.205649535359659,-0.6674704646403411,-13.69698395771787
Eu3Ho1,Ho1Eu3,L12,Eu,Ho,3.59261,4.251833954252227,0.6592239542522269,18.34944383755061
Eu3In1,In1Eu3,L12,Eu,In,4.9374,4.265950668527579,-0.671449331472421,-13.599249229805585
Eu3Ir1,Ir1Eu3,L12,Eu,Ir,4.71856,3.9792454480043524,-0.7393145519956477,-15.66822403435895
Eu3La1,La1Eu3,L12,Eu,La,4.69694,4.402011822438541,-0.2949281775614585,-6.279155738873789
Eu3Lu1,Lu1Eu3,L12,Eu,Lu,4.95126,4.29143745024813,-0.6598225497518708,-13.326356316409777
Eu3Mg1,Mg1Eu3,L12,Eu,Mg,4.93504,4.181846424227515,-0.7531935757724852,-15.26215746523808
Eu3Mn1,Mn1Eu3,L12,Eu,Mn,4.68433,3.920216003037139,-0.7641139969628612,-16.31212995162299
Eu3Mo1,Mo1Eu3,L12,Eu,Mo,4.79575,4.053847759542275,-0.7419022404577253,-15.469994066782574
Eu3Nb1,Nb1Eu3,L12,Eu,Nb,4.84248,4.119263079492575,-0.7232169205074248,-14.934845791979
Eu3Nd1,Nd1Eu3,L12,Eu,Nd,5.2266,4.275514553242547,-0.9510854467574532,-18.19701998923685
Eu3Ni1,Ni1Eu3,L12,Eu,Ni,4.68806,3.8888794350669076,-0.7991805649330925,-17.04714881919371
Eu3Os1,Os1Eu3,L12,Eu,Os,4.69024,3.9920211675521977,-0.6982188324478025,-14.886633358800456
Eu3Pb1,Pb1Eu3,L12,Eu,Pb,4.94869,4.362028194419647,-0.586661805580353,-11.854891003080672
Eu3Pd1,Pd1Eu3,L12,Eu,Pd,5.14363,4.005747408421286,-1.1378825915787143,-22.122170365650607
Eu3Pr1,Pr1Eu3,L12,Eu,Pr,4.25242,4.276833047327751,0.024413047327751514,0.5740977449958262
Eu3Pt1,Pt1Eu3,L12,Eu,Pt,4.76135,4.017762934728305,-0.7435870652716954,-15.617147768420622
Eu3Re1,Re1Eu3,L12,Eu,Re,4.72196,4.001117839194413,-0.7208421608055868,-15.265740514650417
Eu3Rh1,Rh1Eu3,L12,Eu,Rh,4.4857,3.959758957150255,-0.5259410428497446,-11.72483765855373
Eu3Ru1,Ru1Eu3,L12,Eu,Ru,4.72851,3.9894047319229866,-0.7391052680770134,-15.630828063745522
Eu3Sc1,Sc1Eu3,L12,Eu,Sc,4.93277,4.208815117072306,-0.7239548829276936,-14.676437030870964
Eu3Si1,Si1Eu3,L12,Eu,Si,4.77829,3.9949580387351085,-0.7833319612648917,-16.39356257709121
Eu3Sm1,Sm1Eu3,L12,Eu,Sm,5.86691,4.335772028993247,-1.5311379710067525,-26.097860219549172
Eu3Sn1,Sn1Eu3,L12,Eu,Sn,4.91496,4.2823369967675005,-0.6326230032324993,-12.871376435057444
Eu3Sr1,Sr1Eu3,L12,Eu,Sr,5.09008,4.460570619546943,-0.6295093804530572,-12.36737694600197
Eu3Ta1,Ta1Eu3,L12,Eu,Ta,4.81235,4.090784718067753,-0.7215652819322473,-14.994031646331777
Eu3Tc1,Tc1Eu3,L12,Eu,Tc,4.74516,3.9888708011795813,-0.756289198820419,-15.938117973270005
Eu3Ti1,Ti1Eu3,L12,Eu,Ti,4.86378,4.043668926114099,-0.8201110738859017,-16.861598877537666
Eu3Tm1,Tm1Eu3,L12,Eu,Tm,3.9556,4.230255367934423,0.274655367934423,6.943456566245905
Eu3V1,V1Eu3,L12,Eu,V,4.86442,3.9872795407057158,-0.8771404592942842,-18.031758345173408
Eu3W1,W1Eu3,L12,Eu,W,4.76598,4.064880155124105,-0.7010998448758947,-14.710507490083776
Eu3Y1,Y1Eu3,L12,Eu,Y,5.01388,4.3574748382114,-0.6564051617886006,-13.091760508600139
Eu3Zn1,Zn1Eu3,L12,Eu,Zn,4.75735,4.020455823187772,-0.7368941768122275,-15.489593509248373
Eu3Zr1,Zr1Eu3,L12,Eu,Zr,4.87569,4.206604377162677,-0.669085622837323,-13.722890972094678
Fe3Ag1,Ag1Fe3,L12,Fe,Ag,3.76322,3.535197452560118,-0.22802254743988204,-6.059240422826251
Fe3Al1,Al1Fe3,L12,Fe,Al,3.6488,3.4911361345807026,-0.15766386541929744,-4.3209785523815345
Fe3Au1,Au1Fe3,L12,Fe,Au,3.77003,3.5376042343462064,-0.2324257656537938,-6.165090613437925
Fe3Ba1,Ba1Fe3,L12,Fe,Ba,4.18639,4.014820707256712,-0.17156929274328814,-4.09826348580252
Fe3Ca1,Ca1Fe3,L12,Fe,Ca,3.95712,3.846729746937985,-0.11039025306201511,-2.789661497806867
Fe3Cd1,Cd1Fe3,L12,Fe,Cd,3.80992,3.585357490794175,-0.22456250920582477,-5.894152874753926
Fe3Ce1,Ce1Fe3,L12,Fe,Ce,3.90621,3.6815628213819482,-0.22464717861805195,-5.75102666313516
Fe3Co1,Co1Fe3,L12,Fe,Co,3.58864,3.3079993063914284,-0.28064069360857147,-7.820252062301359
Fe3Cr1,Cr1Fe3,L12,Fe,Cr,3.54187,3.3665507828867747,-0.17531921711322518,-4.949905476858981
Fe3Cu1,Cu1Fe3,L12,Fe,Cu,3.5969,3.3759679969903686,-0.22093200300963156,-6.1422892771450845
Fe3Dy1,Dy1Fe3,L12,Fe,Dy,3.79995,3.711866725947218,-0.08808327405278193,-2.3180113962757916
Fe3Er1,Er1Fe3,L12,Fe,Er,3.60203,3.579752394815064,-0.022277605184936267,-0.6184736158481818
Fe3Eu1,Eu1Fe3,L12,Fe,Eu,3.98188,3.7815947287517133,-0.20028527124828654,-5.029917306606089
Fe3Fe1,Fe4,L12,Fe,Fe,3.62428,3.3275517233449983,-0.2967282766550019,-8.187233785883041
Fe3Ga1,Ga1Fe3,L12,Fe,Ga,3.65311,3.5190491740986864,-0.1340608259013134,-3.6697724925149644
Fe3Gd1,Gd1Fe3,L12,Fe,Gd,3.65068,3.769053732007871,0.11837373200787127,3.2425118610196257
Fe3Ge1,Ge1Fe3,L12,Fe,Ge,3.63812,3.5288706269192502,-0.10924937308074956,-3.0029073554679218
Fe3Hf1,Hf1Fe3,L12,Fe,Hf,3.79259,3.6139914026921396,-0.17859859730786054,-4.709145921596074
Fe3Hg1,Hg1Fe3,L12,Fe,Hg,3.82618,3.6414372231393535,-0.18474277686064644,-4.82838697762903
Fe3In1,In1Fe3,L12,Fe,In,3.81178,3.701738356307274,-0.11004164369272607,-2.8868833902461857
Fe3Ir1,Ir1Fe3,L12,Fe,Ir,3.57104,3.415033135784047,-0.1560068642159531,-4.368667509071674
Fe3La1,La1Fe3,L12,Fe,La,4.02499,3.837799510218236,-0.18719048978176378,-4.650706952856126
Fe3Lu1,Lu1Fe3,L12,Fe,Lu,3.90487,3.7272251380278245,-0.17764486197217533,-4.549315648720068
Fe3Mg1,Mg1Fe3,L12,Fe,Mg,3.74429,3.617634112007209,-0.12665588799279082,-3.382640981141707
Fe3Mn1,Mn1Fe3,L12,Fe,Mn,3.54236,3.356003690816833,-0.18635630918316703,-5.260795322416892
Fe3Mo1,Mo1Fe3,L12,Fe,Mo,3.58679,3.489635447321968,-0.09715455267803197,-2.7086769138430733
Fe3Nb1,Nb1Fe3,L12,Fe,Nb,3.71353,3.5550507672722698,-0.15847923272773023,-4.26761686933269
Fe3Nd1,Nd1Fe3,L12,Fe,Nd,3.73279,3.711302241022242,-0.02148775897775801,-0.5756487500705373
Fe3Ni1,Ni1Fe3,L12,Fe,Ni,3.58726,3.324667122846602,-0.2625928771533981,-7.320151791434077
Fe3Os1,Os1Fe3,L12,Fe,Os,3.56283,3.4278088553318926,-0.13502114466810733,-3.7897161713611744
Fe3Pb1,Pb1Fe3,L12,Fe,Pb,3.88365,3.7978158821993415,-0.0858341178006583,-2.2101404040183414
Fe3Pd1,Pd1Fe3,L12,Fe,Pd,3.73202,3.4415350962009796,-0.29048490379902026,-7.783583791057397
Fe3Pr1,Pr1Fe3,L12,Fe,Pr,3.75061,3.7126207351074463,-0.03798926489255372,-1.0128823016137034
Fe3Pt1,Pt1Fe3,L12,Fe,Pt,3.74023,3.453550622507999,-0.2866793774920011,-7.664752635319248
Fe3Re1,Re1Fe3,L12,Fe,Re,3.5707,3.436905526974108,-0.1337944730258922,-3.7470096346904582
Fe3Rh1,Rh1Fe3,L12,Fe,Rh,3.55432,3.3955466449299503,-0.15877335507004986,-4.467052912232153
Fe3Ru1,Ru1Fe3,L12,Fe,Ru,3.54615,3.425192419702681,-0.12095758029731885,-3.4109549877280667
Fe3Sc1,Sc1Fe3,L12,Fe,Sc,3.80409,3.6446028048520005,-0.15948719514799947,-4.192518976890649
Fe3Si1,Si1Fe3,L12,Fe,Si,3.56895,3.4307457265148025,-0.1382042734851976,-3.872407108118567
Fe3Sm1,Sm1Fe3,L12,Fe,Sm,4.0,3.7715597167729427,-0.22844028322705734,-5.711007080676433
Fe3Sn1,Sn1Fe3,L12,Fe,Sn,3.8116,3.718124684547194,-0.09347531545280585,-2.452390477825739
Fe3Sr1,Sr1Fe3,L12,Fe,Sr,4.10759,3.896358307326638,-0.21123169267336195,-5.142472658501991
Fe3Ta1,Ta1Fe3,L12,Fe,Ta,3.66151,3.526572405847448,-0.1349375941525519,-3.6852990747683854
Fe3Tb1,Tb1Fe3,L12,Fe,Tb,4.09417,3.6553509584655597,-0.4388190415344404,-10.718144130176334
Fe3Tc1,Tc1Fe3,L12,Fe,Tc,3.55491,3.4246584889592753,-0.13025151104072474,-3.6639889910215655
Fe3Ti1,Ti1Fe3,L12,Fe,Ti,3.67978,3.479456613893793,-0.20032338610620704,-5.4438957249130935
Fe3Tm1,Tm1Fe3,L12,Fe,Tm,3.88112,3.6660430557141166,-0.21507694428588353,-5.54162057050242
Fe3V1,V1Fe3,L12,Fe,V,3.54138,3.4230672284854102,-0.11831277151458996,-3.340866315238409
Fe3W1,W1Fe3,L12,Fe,W,3.59347,3.5006678429038,-0.09280215709619988,-2.58252210526872
Fe3Y1,Y1Fe3,L12,Fe,Y,3.95822,3.7932625259910933,-0.1649574740089066,-4.167466032936688
Fe3Zn1,Zn1Fe3,L12,Fe,Zn,3.65613,3.4562435109674667,-0.19988648903253337,-5.467160331622053
Fe3Zr1,Zr1Fe3,L12,Fe,Zr,3.81559,3.642392064942372,-0.17319793505762782,-4.5392176585437065
Ga3Ag1,Ag1Ga3,L12,Ga,Ag,4.19298,3.7731599763462724,-0.41982002365372795,-10.012449943804356
Ga3Al1,Al1Ga3,L12,Ga,Al,4.18917,3.7290986583668566,-0.4600713416331432,-10.982398461584115
Ga3Au1,Au1Ga3,L12,Ga,Au,4.17932,3.77556675813236,-0.4037532418676397,-9.66074006938066
Ga3Ba1,Ba1Ga3,L12,Ga,Ba,4.72465,4.252783231042867,-0.471866768957133,-9.987338087628354
Ga3Ca1,Ca1Ga3,L12,Ga,Ca,4.3343,4.0846922707241395,-0.24960772927586028,-5.758893691619415
Ga3Cd1,Cd1Ga3,L12,Ga,Cd,4.30462,3.8233200145803288,-0.4812999854196711,-11.181009831754514
Ga3Ce1,Ce1Ga3,L12,Ga,Ce,4.3391,3.9195253451681027,-0.4195746548318975,-9.669623996494607
Ga3Co1,Co1Ga3,L12,Ga,Co,3.87069,3.545961830177582,-0.32472816982241826,-8.389412994128133
Ga3Cr1,Cr1Ga3,L12,Ga,Cr,3.94656,3.604513306672929,-0.3420466933270707,-8.66695789059512
Ga3Cu1,Cu1Ga3,L12,Ga,Cu,4.01492,3.6139305207765235,-0.4009894792234765,-9.987483666510826
Ga3Dy1,Ga3Dy1,L12,Ga,Dy,4.67904,3.9498292497333725,-0.7292107502666272,-15.584623133519424
Ga3Er1,Ga3Er1,L12,Ga,Er,4.69597,3.8177149186012174,-0.8782550813987826,-18.7023145675714
Ga3Eu1,Eu1Ga3,L12,Ga,Eu,4.13463,4.019557252537868,-0.11507274746213181,-2.7831449842460345
Ga3Fe1,Fe1Ga3,L12,Ga,Fe,3.92229,3.5655142471311527,-0.3567757528688471,-9.09610846900273
Ga3Ga1,Ga4,L12,Ga,Ga,4.24264,3.7570116978848405,-0.4856283021151593,-11.44637070586143
Ga3Gd1,Gd1Ga3,L12,Ga,Gd,4.30144,4.007016255794026,-0.2944237442059743,-6.8447716161558505
Ga3Ge1,Ge1Ga3,L12,Ga,Ge,4.23337,3.7668331507054043,-0.4665368492945956,-11.02046004234441
Ga3Hf1,Hf1Ga3,L12,Ga,Hf,4.10996,3.8519539264782936,-0.25800607352170646,-6.277581132704611
Ga3Hg1,Hg1Ga3,L12,Ga,Hg,4.35952,3.879399746925507,-0.4801202530744928,-11.013144866280985
Ga3Ho1,Ho1Ga3,L12,Ga,Ho,4.23232,3.925584165818075,-0.3067358341819246,-7.2474631923371735
Ga3In1,In1Ga3,L12,Ga,In,4.40644,3.939700880093428,-0.4667391199065718,-10.592204135460186
Ga3Ir1,Ir1Ga3,L12,Ga,Ir,3.95597,3.6529956595702004,-0.30297434042979976,-7.658661224170045
Ga3La1,La1Ga3,L12,Ga,La,4.45958,4.0757620340043905,-0.38381796599560936,-8.606594477408397
Ga3Lu1,Lu1Ga3,L12,Ga,Lu,4.21988,3.9651876618139785,-0.2546923381860213,-6.035535090713986
Ga3Mg1,Mg1Ga3,L12,Ga,Mg,4.22074,3.855596635793363,-0.36514336420663707,-8.65116932591529
Ga3Mn1,Mn1Ga3,L12,Ga,Mn,3.9761,3.5939662146029874,-0.3821337853970128,-9.610768979578301
Ga3Mo1,Mo1Ga3,L12,Ga,Mo,3.98699,3.7275979711081226,-0.2593920288918774,-6.505961361625623
Ga3Nb1,Nb1Ga3,L12,Ga,Nb,4.04111,3.7930132910584238,-0.24809670894157598,-6.1393208534678845
Ga3Nd1,Nd1Ga3,L12,Ga,Nd,4.30462,3.949264764808396,-0.35535523519160384,-8.255205690435018
Ga3Ni1,Ni1Ga3,L12,Ga,Ni,3.91425,3.562629646632756,-0.35162035336724395,-8.983083690802681
Ga3Os1,Os1Ga3,L12,Ga,Os,3.93283,3.665771379118046,-0.26705862088195387,-6.790494907787875
Ga3Pb1,Pb1Ga3,L12,Ga,Pb,4.49755,4.0357784059854955,-0.46177159401450485,-10.267180887694519
Ga3Pd1,Pd1Ga3,L12,Ga,Pd,4.04578,3.6794976199871345,-0.36628238001286517,-9.05344284693842
Ga3Pr1,Pr1Ga3,L12,Ga,Pr,4.30044,3.9505832588936003,-0.34985674110639975,-8.135370824994647
Ga3Pt1,Pt1Ga3,L12,Ga,Pt,4.04966,3.6915131462941537,-0.35814685370584654,-8.84387463900294
Ga3Rh1,Rh1Ga3,L12,Ga,Rh,3.94514,3.633509168716104,-0.311630831283896,-7.8991070350835715
Ga3Ru1,Ru1Ga3,L12,Ga,Ru,3.91583,3.6631549434888355,-0.2526750565111646,-6.452656435830069
Ga3Sc1,Sc1Ga3,L12,Ga,Sc,4.12267,3.8825653286381545,-0.24010467136184577,-5.824008988394554
Ga3Si1,Si1Ga3,L12,Ga,Si,4.15505,3.668708250300957,-0.4863417496990432,-11.70483507296045
Ga3Sm1,Sm1Ga3,L12,Ga,Sm,4.33609,4.009522240559096,-0.32656775944090466,-7.531387942614305
Ga3Sn1,Sn1Ga3,L12,Ga,Sn,4.40601,3.9560872083333485,-0.4499227916666517,-10.211569916242851
Ga3Sr1,Sr1Ga3,L12,Ga,Sr,4.50914,4.134320831112793,-0.3748191688872078,-8.312431392398722
Ga3Ta1,Ta1Ga3,L12,Ga,Ta,4.04279,3.764534929633602,-0.2782550703663982,-6.882748556477042
Ga3Tb1,Tb1Ga3,L12,Ga,Tb,4.15436,3.8933134822517133,-0.26104651774828636,-6.2836758910707395
Ga3Tc1,Tc1Ga3,L12,Ga,Tc,3.93209,3.6626210127454297,-0.26946898725457036,-6.853072723527955
Ga3Ti1,Ti1Ga3,L12,Ga,Ti,3.99254,3.717419137679947,-0.27512086232005295,-6.890873036213863
Ga3Tm1,Tm1Ga3,L12,Ga,Tm,4.06174,3.9040055795002715,-0.15773442049972886,-3.8834199259363924
Ga3V1,V1Ga3,L12,Ga,V,3.95417,3.661029752271564,-0.29314024772843617,-7.413445747867091
Ga3W1,W1Ga3,L12,Ga,W,3.99037,3.7386303666899536,-0.25173963331004634,-6.308678977389223
Ga3Y1,Y1Ga3,L12,Ga,Y,4.27962,4.031225049777247,-0.24839495022275315,-5.804135652762468
Ga3Zn1,Zn1Ga3,L12,Ga,Zn,4.1651,3.694206034753621,-0.4708939652463786,-11.305706111410977
Ga3Zr1,Zr1Ga3,L12,Ga,Zr,4.12551,3.8803545887285247,-0.24515541127147555,-5.94242678533019
Gd3Ag1,Ag1Gd3,L12,Gd,Ag,4.73066,4.083825811969496,-0.6468341880305042,-13.673233502946822
Gd3Al1,Al1Gd3,L12,Gd,Al,4.76144,4.03976449399008,-0.7216755060099205,-15.156664916704198
Gd3Au1,Au1Gd3,L12,Gd,Au,4.24689,4.086232593755583,-0.16065740624441638,-3.7829424883718765
Gd3Ba1,Ba1Gd3,L12,Gd,Ba,5.02729,4.56344906666609,-0.46384093333390997,-9.226460644480625
Gd3Ca1,Ca1Gd3,L12,Gd,Ca,4.97124,4.395358106347363,-0.5758818936526371,-11.584270597529734
Gd3Cd1,Cd1Gd3,L12,Gd,Cd,4.68849,4.133985850203552,-0.5545041497964478,-11.826924015972047
Gd3Ce1,Ce1Gd3,L12,Gd,Ce,6.47343,4.2301911807913255,-2.243238819208674,-34.6530173217085
Gd3Co1,Co1Gd3,L12,Gd,Co,4.39507,3.8566276658008056,-0.538442334199194,-12.25105252474236
Gd3Cr1,Cr1Gd3,L12,Gd,Cr,4.7417,3.9151791422961524,-0.8265208577038474,-17.430897309063152
Gd3Cu1,Cu1Gd3,L12,Gd,Cu,4.55743,3.924596356399746,-0.6328336436002542,-13.885756744486569
Gd3Dy1,Dy1Gd3,L12,Gd,Dy,4.14652,4.260495085356596,0.1139750853565964,2.748692526663236
Gd3Er1,Er1Gd3,L12,Gd,Er,3.83088,4.128380754224441,0.297500754224441,7.765859390647606
Gd3Eu1,Eu1Gd3,L12,Gd,Eu,4.22149,4.330223088161091,0.10873308816109084,2.575704032488312
Gd3Fe1,Fe1Gd3,L12,Gd,Fe,4.57195,3.876180082754376,-0.6957699172456242,-15.218231110262014
Gd3Ga1,Ga1Gd3,L12,Gd,Ga,4.7333,4.067677533508063,-0.6656224664919366,-14.062545507192374
Gd3Gd1,Gd4,L12,Gd,Gd,4.94937,4.317682091417249,-0.6316879085827507,-12.762996271904317
Gd3Ge1,Ge1Gd3,L12,Gd,Ge,4.69085,4.077498986328627,-0.6133510136713731,-13.07547701741418
Gd3Hf1,Hf1Gd3,L12,Gd,Hf,4.80891,4.162619762101517,-0.6462902378984827,-13.439433008695998
Gd3Hg1,Hg1Gd3,L12,Gd,Hg,4.7775,4.190065582548731,-0.5874344174512691,-12.29585384513384
Gd3Ho1,Ho1Gd3,L12,Gd,Ho,4.50878,4.236250001441298,-0.27252999855870197,-6.044428837927377
Gd3In1,In1Gd3,L12,Gd,In,4.83325,4.250366715716652,-0.5828832842833478,-12.059862086243166
Gd3Ir1,Ir1Gd3,L12,Gd,Ir,4.62338,3.963661495193424,-0.6597185048065759,-14.269181957930687
Gd3La1,La1Gd3,L12,Gd,La,4.9595,4.386427869627613,-0.5730721303723874,-11.55503841863872
Gd3Lu1,Lu1Gd3,L12,Gd,Lu,4.87596,4.275853497437202,-0.6001065025627978,-12.307453354063567
Gd3Mg1,Mg1Gd3,L12,Gd,Mg,4.86262,4.166262471416586,-0.6963575285834134,-14.320624037728907
Gd3Mn1,Mn1Gd3,L12,Gd,Mn,4.58326,3.9046320502262106,-0.6786279497737895,-14.806664901702923
Gd3Mo1,Mo1Gd3,L12,Gd,Mo,4.68192,4.038263806731346,-0.6436561932686535,-13.747697382028177
Gd3Nb1,Nb1Gd3,L12,Gd,Nb,4.74712,4.103679126681647,-0.6434408733183528,-13.554341860293247
Gd3Nd1,Nd1Gd3,L12,Gd,Nd,3.98332,4.259930600431619,0.2766106004316189,6.944222418274677
Gd3Ni1,Ni1Gd3,L12,Gd,Ni,4.6019,3.8732954822559784,-0.7286045177440212,-15.832689057650565
Gd3Os1,Os1Gd3,L12,Gd,Os,4.60623,3.9764372147412694,-0.6297927852587306,-13.67263000889514
Gd3Pb1,Pb1Gd3,L12,Gd,Pb,4.84813,4.346444241608719,-0.5016857583912815,-10.348026112981323
Gd3Pd1,Pd1Gd3,L12,Gd,Pd,4.67377,3.990163455610357,-0.6836065443896433,-14.626448121958147
Gd3Pr1,Pr1Gd3,L12,Gd,Pr,4.86627,4.261249094516823,-0.605020905483177,-12.432949784602519
Gd3Pt1,Pt1Gd3,L12,Gd,Pt,4.66028,4.0021789819173765,-0.6581010180826237,-14.121490942231446
Gd3Re1,Re1Gd3,L12,Gd,Re,4.61783,3.9855338863834855,-0.6322961136165142,-13.692494388414348
Gd3Rh1,Rh1Gd3,L12,Gd,Rh,4.19959,3.9441750043393267,-0.25541499566067305,-6.081903130083486
Gd3Ru1,Ru1Gd3,L12,Gd,Ru,4.63263,3.9738207791120583,-0.6588092208879415,-14.221062784809957
Gd3Sc1,Sc1Gd3,L12,Gd,Sc,4.83761,4.193231164261378,-0.644378835738622,-13.320189840409252
Gd3Si1,Si1Gd3,L12,Gd,Si,4.6515,3.97937408592418,-0.6721259140758202,-14.44965955231259
Gd3Sm1,Sm1Gd3,L12,Gd,Sm,4.63577,4.320188076182319,-0.3155819238176809,-6.807540577243499
Gd3Sn1,Sn1Gd3,L12,Gd,Sn,4.80861,4.266753043956572,-0.5418569560434277,-11.268473759432094
Gd3Sr1,Sr1Gd3,L12,Gd,Sr,4.99916,4.444986666736015,-0.5541733332639849,-11.085329000551791
Gd3Ta1,Ta1Gd3,L12,Gd,Ta,4.70304,4.075200765256825,-0.6278392347431749,-13.349646925035188
Gd3Tc1,Tc1Gd3,L12,Gd,Tc,4.63411,3.973286848368652,-0.6608231516313476,-14.259979837149912
Gd3Ti1,Ti1Gd3,L12,Gd,Ti,4.76766,4.02808497330317,-0.73957502669683,-15.512327361783976
Gd3Tm1,Tm1Gd3,L12,Gd,Tm,4.21713,4.214671415123495,-0.0024585848765052987,-0.05829995462566481
Gd3V1,V1Gd3,L12,Gd,V,4.74273,3.9716955878947875,-0.7710344121052124,-16.257185462912975
Gd3W1,W1Gd3,L12,Gd,W,4.66417,4.049296202313177,-0.6148737976868235,-13.182919955465247
Gd3Y1,Y1Gd3,L12,Gd,Y,4.92653,4.341890885400471,-0.5846391145995282,-11.867158316290134
Gd3Zn1,Zn1Gd3,L12,Gd,Zn,4.66656,4.004871870376844,-0.6616881296231556,-14.179355448620731
Gd3Zr1,Zr1Gd3,L12,Gd,Zr,5.11824,4.191020424351748,-0.9272195756482517,-18.115984706622818
Ge3Ag1,Ag1Ge3,L12,Ge,Ag,4.26166,3.785364513227728,-0.4762954867722722,-11.176290149197078
Ge3Al1,Al1Ge3,L12,Ge,Al,4.21213,3.7413031952483116,-0.4708268047516886,-11.177879238097793
Ge3Au1,Au1Ge3,L12,Ge,Au,4.26461,3.787771295013815,-0.4768387049861853,-11.18129688262667
Ge3Ba1,Ba1Ge3,L12,Ge,Ba,4.64599,4.264987767924322,-0.3810022320756783,-8.200668362946935
Ge3Ca1,Ca1Ge3,L12,Ge,Ca,4.34943,4.096896807605594,-0.25253319239440586,-5.806121546832708
Ge3Cd1,Cd1Ge3,L12,Ge,Cd,4.34227,3.8355245514617837,-0.5067454485382163,-11.670058484115827
Ge3Ce1,Ce1Ge3,L12,Ge,Ce,4.33319,3.931729882049557,-0.4014601179504429,-9.264770710502953
Ge3Co1,Co1Ge3,L12,Ge,Co,4.01136,3.5581663670590373,-0.4531936329409625,-11.297755198759587
Ge3Cr1,Cr1Ge3,L12,Ge,Cr,4.13107,3.6167178435543845,-0.5143521564456157,-12.450821613906704
Ge3Cu1,Cu1Ge3,L12,Ge,Cu,4.11761,3.6261350576579776,-0.4914749423420224,-11.935927451653322
Ge3Dy1,Dy1Ge3,L12,Ge,Dy,4.05847,3.962033786614828,-0.09643621338517194,-2.376171645599744
Ge3Er1,Er1Ge3,L12,Ge,Er,4.00838,3.8299194554826728,-0.17846054451732707,-4.452186282670981
Ge3Eu1,Eu1Ge3,L12,Ge,Eu,4.23186,4.031761789419323,-0.200098210580677,-4.728375007223231
Ge3Fe1,Fe1Ge3,L12,Ge,Fe,4.05577,3.577718784012608,-0.47805121598739175,-11.78694097513892
Ge3Ga1,Ga1Ge3,L12,Ge,Ga,4.27019,3.7692162347662954,-0.500973765233705,-11.731884652291933
Ge3Gd1,Gd1Ge3,L12,Ge,Gd,4.21975,4.019220792675481,-0.20052920732451973,-4.752158476794116
Ge3Ge1,Ge4,L12,Ge,Ge,4.27536,3.779037687586859,-0.49632231241314084,-11.608901061270648
Ge3Hf1,Hf1Ge3,L12,Ge,Hf,4.18562,3.864158463359749,-0.3214615366402511,-7.68014145192949
Ge3Hg1,Hg1Ge3,L12,Ge,Hg,4.38064,3.8916042838069624,-0.4890357161930372,-11.163567793588088
Ge3Ho1,Ho1Ge3,L12,Ge,Ho,4.02865,3.93778870269953,-0.09086129730046988,-2.2553782855415556
Ge3In1,In1Ge3,L12,Ge,In,4.40378,3.9519054169748826,-0.4518745830251176,-10.261061702108588
Ge3Ir1,Ir1Ge3,L12,Ge,Ir,4.07979,3.665200196451656,-0.4145898035483442,-10.162037838916811
Ge3La1,La1Ge3,L12,Ge,La,4.45499,4.087966570885845,-0.36702342911415453,-8.238479303301569
Ge3Lu1,Lu1Ge3,L12,Ge,Lu,4.28622,3.9773921986954335,-0.30882780130456666,-7.2051318248845515
Ge3Mg1,Mg1Ge3,L12,Ge,Mg,4.25802,3.867801172674818,-0.3902188273251821,-9.164325844528257
Ge3Mn1,Mn1Ge3,L12,Ge,Mn,4.13308,3.6061707514844428,-0.5269092485155569,-12.748585764503877
Ge3Mo1,Mo1Ge3,L12,Ge,Mo,4.08484,3.739802507989578,-0.3450374920104218,-8.44678107368763
Ge3Nb1,Nb1Ge3,L12,Ge,Nb,4.12607,3.8052178279398787,-0.3208521720601216,-7.7762173705274416
Ge3Nd1,Nd1Ge3,L12,Ge,Nd,4.27151,3.9614693016898506,-0.3100406983101496,-7.258339517176586
Ge3Ni1,Ni1Ge3,L12,Ge,Ni,4.04434,3.5748341835142106,-0.4695058164857895,-11.608960089552053
Ge3Os1,Os1Ge3,L12,Ge,Os,4.03867,3.6779759159995016,-0.3606940840004982,-8.93101154589254
Ge3Pb1,Pb1Ge3,L12,Ge,Pb,4.52538,4.047982942866951,-0.47739705713304925,-10.549325297169503
Ge3Pd1,Pd1Ge3,L12,Ge,Pd,4.14899,3.6917021568685886,-0.4572878431314118,-11.02166655333977
Ge3Pr1,Pr1Ge3,L12,Ge,Pr,4.27923,3.9627877957750552,-0.31644220422494485,-7.394839824569955
Ge3Pt1,Pt1Ge3,L12,Ge,Pt,4.14245,3.7037176831756082,-0.43873231682439195,-10.591131258660742
Ge3Rh1,Rh1Ge3,L12,Ge,Rh,4.07566,3.6457137055975584,-0.4299462944024417,-10.549120741240477
Ge3Ru1,Ru1Ge3,L12,Ge,Ru,4.03565,3.67535948037029,-0.36029051962971037,-8.927694909858644
Ge3Sc1,Sc1Ge3,L12,Ge,Sc,4.20354,3.8947698655196095,-0.3087701344803908,-7.345478679408089
Ge3Si1,Si1Ge3,L12,Ge,Si,4.20622,3.6809127871824123,-0.5253072128175877,-12.488819244299815
Ge3Sm1,Sm1Ge3,L12,Ge,Sm,4.48064,4.021726777440551,-0.458913222559449,-10.24213555562261
Ge3Sn1,Sn1Ge3,L12,Ge,Sn,4.42518,3.968291745214804,-0.45688825478519624,-10.324738310875405
Ge3Sr1,Sr1Ge3,L12,Ge,Sr,4.48277,4.146525367994247,-0.3362446320057533,-7.500822750347513
Ge3Ta1,Ta1Ge3,L12,Ge,Ta,4.12179,3.776739466515057,-0.34505053348494297,-8.371375870312242
Ge3Tb1,Tb1Ge3,L12,Ge,Tb,4.10478,3.9055180191331687,-0.19926198086683122,-4.854388806874698
Ge3Tc1,Tc1Ge3,L12,Ge,Tc,4.02709,3.6748255496268842,-0.35226445037311604,-8.747369698047871
Ge3Ti1,Ti1Ge3,L12,Ge,Ti,4.10151,3.729623674561402,-0.37188632543859823,-9.067058849999103
Ge3Tm1,Tm1Ge3,L12,Ge,Tm,4.20274,3.9162101163817264,-0.2865298836182739,-6.8176923535187495
Ge3V1,V1Ge3,L12,Ge,V,4.10088,3.673234289153019,-0.4276457108469809,-10.42814495539935
Ge3W1,W1Ge3,L12,Ge,W,4.06263,3.750834903571409,-0.3117950964285914,-7.674710629040581
Ge3Y1,Y1Ge3,L12,Ge,Y,4.3328,4.043429586658703,-0.2893704133412971,-6.678600751045447
Ge3Zn1,Zn1Ge3,L12,Ge,Zn,4.21846,3.7064105716350757,-0.5120494283649246,-12.138302327506354
Ge3Zr1,Zr1Ge3,L12,Ge,Zr,4.20237,3.89255912560998,-0.3098108743900201,-7.372289312697837
Hf3Ag1,Ag1Hf3,L12,Hf,Ag,4.35901,3.891139052522277,-0.4678709474777225,-10.733422210036741
Hf3Al1,Al1Hf3,L12,Hf,Al,4.32635,3.8470777345428613,-0.4792722654571384,-11.077981796598483
Hf3Au1,Au1Hf3,L12,Hf,Au,4.33248,3.8935458343083655,-0.4389341656916348,-10.13124505344825
Hf3Ba1,Ba1Hf3,L12,Hf,Ba,4.70488,4.370762307218871,-0.33411769278112935,-7.10151359399452
Hf3Ca1,Ca1Hf3,L12,Hf,Ca,4.59223,4.202671346900144,-0.38955865309985604,-8.48299525720306
Hf3Cd1,Cd1Hf3,L12,Hf,Cd,4.38967,3.9412990907563334,-0.4483709092436663,-10.214228159375677
Hf3Ce1,Ce1Hf3,L12,Hf,Ce,4.53451,4.037504421344107,-0.4970055786558927,-10.960513454725927
Hf3Co1,Co1Hf3,L12,Hf,Co,4.22379,3.663940906353588,-0.5598490936464122,-13.254662131555126
Hf3Cr1,Cr1Hf3,L12,Hf,Cr,4.32672,3.722492382848934,-0.6042276171510661,-13.96502702164841
Hf3Cu1,Cu1Hf3,L12,Hf,Cu,4.25168,3.731909596952528,-0.5197704030474721,-12.225059342365185
Hf3Dy1,Dy1Hf3,L12,Hf,Dy,4.26615,4.067808325909377,-0.19834167409062253,-4.649195975074073
Hf3Er1,Er1Hf3,L12,Hf,Er,4.49413,3.935693994777223,-0.5584360052227773,-12.425897898431447
Hf3Eu1,Eu1Hf3,L12,Hf,Eu,4.39584,4.137536328713873,-0.25830367128612686,-5.876093563144401
Hf3Fe1,Fe1Hf3,L12,Hf,Fe,4.22693,3.6834933233071574,-0.5434366766928429,-12.856533623524468
Hf3Ga1,Ga1Hf3,L12,Hf,Ga,4.30548,3.8749907740608456,-0.4304892259391546,-9.998634901083145
Hf3Gd1,Gd1Hf3,L12,Hf,Gd,4.0,4.124995331970031,0.12499533197003121,3.1248832992507802
Hf3Ge1,Ge1Hf3,L12,Hf,Ge,4.29874,3.8848122268814094,-0.4139277731185902,-9.629048817062447
Hf3Hf1,Hf4,L12,Hf,Hf,4.46382,3.9699330026542987,-0.4938869973457014,-11.064222960282928
Hf3Hg1,Hg1Hf3,L12,Hf,Hg,4.39082,3.997378823101512,-0.39344117689848757,-8.96053987406652
Hf3Ho1,Ho1Hf3,L12,Hf,Ho,4.0,4.04356324199408,0.04356324199407968,1.089081049851992
Hf3In1,In1Hf3,L12,Hf,In,4.42613,4.057679956269433,-0.3684500437305669,-8.324428874221203
Hf3Ir1,Ir1Hf3,L12,Hf,Ir,4.27151,3.770974735746206,-0.5005352642537941,-11.717993502386607
Hf3La1,La1Hf3,L12,Hf,La,4.61782,4.193741110180395,-0.4240788898196053,-9.183530103373567
Hf3Lu1,Lu1Hf3,L12,Hf,Lu,4.54259,4.083166737989984,-0.4594232620100156,-10.113685408764947
Hf3Mg1,Mg1Hf3,L12,Hf,Mg,4.42105,3.9735757119693678,-0.4474742880306324,-10.121448253935883
Hf3Mn1,Mn1Hf3,L12,Hf,Mn,4.23698,3.711945290778992,-0.5250347092210079,-12.39172026351335
Hf3Mo1,Mo1Hf3,L12,Hf,Mo,4.32936,3.8455770472841273,-0.483782952715873,-11.174468113436467
Hf3Nb1,Nb1Hf3,L12,Hf,Nb,4.39915,3.9109923672344284,-0.4881576327655712,-11.096635321950178
Hf3Nd1,Nd1Hf3,L12,Hf,Nd,4.52945,4.067243840984401,-0.462206159015599,-10.20446542109084
Hf3Ni1,Ni1Hf3,L12,Hf,Ni,4.23051,3.680608722808761,-0.5499012771912386,-12.998463003071464
Hf3Os1,Os1Hf3,L12,Hf,Os,4.27198,3.783750455294051,-0.48822954470594926,-11.428647716186621
Hf3Pb1,Pb1Hf3,L12,Hf,Pb,4.46913,4.1537574821615,-0.31537251783850007,-7.0566870473335985
Hf3Pd1,Pd1Hf3,L12,Hf,Pd,4.30084,3.797476696163139,-0.5033633038368608,-11.703837014091684
Hf3Pr1,Pr1Hf3,L12,Hf,Pr,4.47661,4.068562335069605,-0.408047664930395,-9.11510417325599
Hf3Pt1,Pt1Hf3,L12,Hf,Pt,4.28486,3.8094922224701584,-0.4753677775298417,-11.09412623819312
Hf3Rh1,Rh1Hf3,L12,Hf,Rh,4.28016,3.751488244892109,-0.5286717551078914,-12.351682065808086
Hf3Ru1,Ru1Hf3,L12,Hf,Ru,4.2766,3.7811340196648406,-0.49546598033515954,-11.585511395387913
Hf3Sc1,Sc1Hf3,L12,Hf,Sc,4.48244,4.00054440481416,-0.4818955951858408,-10.750742791556402
Hf3Si1,Si1Hf3,L12,Hf,Si,4.26015,3.7866873264769616,-0.4734626735230387,-11.113755936364651
Hf3Sn1,Sn1Hf3,L12,Hf,Sn,4.42637,4.074066284509353,-0.3523037154906472,-7.959201681979752
Hf3Sr1,Sr1Hf3,L12,Hf,Sr,4.66318,4.252299907288797,-0.41088009271120285,-8.811156607962868
Hf3Ta1,Ta1Hf3,L12,Hf,Ta,4.39487,3.8825140058096075,-0.5123559941903926,-11.658046635973136
Hf3Tb1,Tb1Hf3,L12,Hf,Tb,4.0,4.011292558427718,0.011292558427718369,0.2823139606929592
Hf3Tc1,Tc1Hf3,L12,Hf,Tc,4.29066,3.780600088921435,-0.5100599110785651,-11.887679542973926
Hf3Ti1,Ti1Hf3,L12,Hf,Ti,4.3791,3.8353982138559526,-0.5437017861440476,-12.41583398744143
Hf3Tm1,Tm1Hf3,L12,Hf,Tm,5.5698,4.021984655676277,-1.5478153443237233,-27.789424114397704
Hf3V1,V1Hf3,L12,Hf,V,4.31669,3.7790088284475694,-0.537681171552431,-12.455867147106487
Hf3W1,W1Hf3,L12,Hf,W,4.33029,3.856609442865959,-0.47368055713404056,-10.938772163851397
Hf3Y1,Y1Hf3,L12,Hf,Y,4.57695,4.149204125953252,-0.4277458740467477,-9.345653198019372
Hf3Zn1,Zn1Hf3,L12,Hf,Zn,4.29757,3.8121851109296263,-0.485384889070374,-11.294403327237811
Hf3Zr1,Zr1Hf3,L12,Hf,Zr,4.47829,3.9983336649045307,-0.47995633509546964,-10.717401845246057
Hg3Ag1,Ag1Hg3,L12,Hg,Ag,4.50064,3.925244345701355,-0.5753956542986449,-12.784751819711085
Hg3Al1,Al1Hg3,L12,Hg,Al,4.55125,3.881183027721939,-0.6700669722780606,-14.722701945137285
Hg3Au1,Au1Hg3,L12,Hg,Au,4.49518,3.9276511274874433,-0.5675288725125571,-12.625275795686871
Hg3Ba1,Ba1Hg3,L12,Hg,Ba,4.8464,4.4048676003979494,-0.4415323996020506,-9.110523266797015
Hg3Ca1,Ca1Hg3,L12,Hg,Ca,4.66473,4.2367766400792215,-0.4279533599207781,-9.174236449285985
Hg3Cd1,Cd1Hg3,L12,Hg,Cd,4.5512,3.975404383935411,-0.5757956160645885,-12.65151204219961
Hg3Ce1,Ce1Hg3,L12,Hg,Ce,4.65469,4.071609714523185,-0.5830802854768153,-12.526726494714262
Hg3Co1,Co1Hg3,L12,Hg,Co,4.26775,3.6980461995326657,-0.5697038004673347,-13.34904341789783
Hg3Cr1,Cr1Hg3,L12,Hg,Cr,4.42382,3.7565976760280115,-0.6672223239719886,-15.0824925962627
Hg3Cu1,Cu1Hg3,L12,Hg,Cu,4.32573,3.766014890131606,-0.5597151098683941,-12.939205865100089
Hg3Dy1,Dy1Hg3,L12,Hg,Dy,4.0,4.101913619088455,0.10191361908845487,2.5478404772113716
Hg3Er1,Er1Hg3,L12,Hg,Er,4.56791,3.9697992879563,-0.5981107120437001,-13.093749921598722
Hg3Eu1,Eu1Hg3,L12,Hg,Eu,4.70993,4.171641621892951,-0.5382883781070493,-11.42879784003264
Hg3Fe1,Fe1Hg3,L12,Hg,Fe,4.3144,3.717598616486235,-0.5968013835137649,-13.832778219770187
Hg3Ga1,Ga1Hg3,L12,Hg,Ga,4.60213,3.9090960672399238,-0.6930339327600761,-15.058982096552597
Hg3Gd1,Gd1Hg3,L12,Hg,Gd,4.85846,4.159100625149109,-0.6993593748508911,-14.394671868264657
Hg3Ge1,Ge1Hg3,L12,Hg,Ge,4.54567,3.9189175200604875,-0.6267524799395128,-13.787901012161305
Hg3Hf1,Hf1Hg3,L12,Hg,Hf,4.42356,4.004038295833376,-0.41952170416662415,-9.483802732790425
Hg3Hg1,Hg4,L12,Hg,Hg,4.69394,4.03148411628059,-0.6624558837194092,-14.113002801897965
Hg3Ho1,Ho1Hg3,L12,Hg,Ho,3.96743,4.077668535173157,0.11023853517315763,2.778588032382616
Hg3In1,In1Hg3,L12,Hg,In,4.67853,4.0917852494485105,-0.5867447505514898,-12.541220224119323
Hg3Ir1,Ir1Hg3,L12,Hg,Ir,4.27,3.8050800289252833,-0.4649199710747163,-10.88805552868188
Hg3La1,La1Hg3,L12,Hg,La,4.72539,4.2278464033594725,-0.4975435966405275,-10.529154136283513
Hg3Lu1,Lu1Hg3,L12,Hg,Lu,4.56453,4.117272031169062,-0.4472579688309386,-9.798554699628188
Hg3Mg1,Mg1Hg3,L12,Hg,Mg,4.55644,4.007681005148446,-0.5487589948515543,-12.043590936159685
Hg3Mn1,Mn1Hg3,L12,Hg,Mn,4.38048,3.74605058395807,-0.6344294160419306,-14.483102674636811
Hg3Mo1,Mo1Hg3,L12,Hg,Mo,4.29522,3.879682340463205,-0.41553765953679456,-9.67442085706424
Hg3Nb1,Nb1Hg3,L12,Hg,Nb,4.35297,3.945097660413506,-0.4078723395864938,-9.369978189293604
Hg3Nd1,Nd1Hg3,L12,Hg,Nd,4.67966,4.1013491341634785,-0.5783108658365217,-12.357967583895448
Hg3Ni1,Ni1Hg3,L12,Hg,Ni,4.26566,3.714714015987839,-0.5509459840121607,-12.915843832189175
Hg3Os1,Os1Hg3,L12,Hg,Os,4.2515,3.8178557484731286,-0.43364425152687147,-10.199794226199494
Hg3Pb1,Pb1Hg3,L12,Hg,Pb,4.70612,4.1878627753405775,-0.5182572246594228,-11.012409897312919
Hg3Pd1,Pd1Hg3,L12,Hg,Pd,4.35427,3.831581989342217,-0.5226880106577827,-12.004033067719336
Hg3Pr1,Pr1Hg3,L12,Hg,Pr,4.69123,4.102667628248684,-0.5885623717513164,-12.54601398250174
Hg3Pt1,Pt1Hg3,L12,Hg,Pt,4.32901,3.843597515649236,-0.4854124843507641,-11.213013699454704
Hg3Re1,Re1Hg3,L12,Hg,Re,4.26121,3.826952420115344,-0.43425757988465596,-10.190945292174193
Hg3Rh1,Rh1Hg3,L12,Hg,Rh,4.27822,3.7855935380711867,-0.49262646192881343,-11.514752909593556
Hg3Ru1,Ru1Hg3,L12,Hg,Ru,4.25681,3.8152393128439184,-0.4415706871560814,-10.373276870616293
Hg3Sc1,Sc1Hg3,L12,Hg,Sc,4.48211,4.034649697993237,-0.44746030200676223,-9.983251236733642
Hg3Si1,Si1Hg3,L12,Hg,Si,4.49387,3.82079261965604,-0.6730773803439605,-14.977678044624355
Hg3Sm1,Sm1Hg3,L12,Hg,Sm,4.2498,4.1616066099141795,-0.08819339008582006,-2.0752362484309868
Hg3Sn1,Sn1Hg3,L12,Hg,Sn,4.66035,4.108171577688432,-0.5521784223115684,-11.848432463475241
Hg3Sr1,Sr1Hg3,L12,Hg,Sr,4.76195,4.2864052004678745,-0.47554479953212514,-9.98634591988839
Hg3Ta1,Ta1Hg3,L12,Hg,Ta,4.33669,3.916619298988685,-0.4200707010113147,-9.686435991765949
Hg3Tb1,Tb1Hg3,L12,Hg,Tb,3.99196,4.045397851606796,0.05343785160679593,1.338636950440283
Hg3Tc1,Tc1Hg3,L12,Hg,Tc,4.28318,3.8147053821005126,-0.4684746178994872,-10.937542150913275
Hg3Ti1,Ti1Hg3,L12,Hg,Ti,4.35944,3.8695035070350303,-0.4899364929649699,-11.238519006224879
Hg3Tm1,Tm1Hg3,L12,Hg,Tm,4.0735,4.056089948855354,-0.017410051144645777,-0.4273978432464902
Hg3V1,V1Hg3,L12,Hg,V,4.29153,3.8131141216266466,-0.4784158783733532,-11.14790944892272
Hg3W1,W1Hg3,L12,Hg,W,4.28574,3.890714736045037,-0.39502526395496274,-9.217200855743997
Hg3Y1,Y1Hg3,L12,Hg,Y,4.60103,4.183309419132331,-0.4177205808676687,-9.078849319992887
Hg3Zn1,Zn1Hg3,L12,Hg,Zn,4.51199,3.846290404108704,-0.6656995958912959,-14.754013104889326
Hg3Zr1,Zr1Hg3,L12,Hg,Zr,4.45328,4.032438958083609,-0.4208410419163915,-9.450136571614438
Ho3Ag1,Ag1Ho3,L12,Ho,Ag,4.69234,3.9826349837282202,-0.7097050162717795,-15.124756864843118
Ho3Al1,Al1Ho3,L12,Ho,Al,4.71302,3.938573665748805,-0.7744463342511954,-16.43206127390071
Ho3Au1,Au1Ho3,L12,Ho,Au,4.67767,3.985041765514308,-0.6926282344856918,-14.807120521235825
Ho3Ba1,Ba1Ho3,L12,Ho,Ba,3.88953,4.462258238424815,0.5727282384248151,14.724870059488296
Ho3Ca1,Ca1Ho3,L12,Ho,Ca,5.40946,4.294167278106087,-1.1152927218939128,-20.61745020563814
Ho3Cd1,Cd1Ho3,L12,Ho,Cd,4.65439,4.032795021962277,-0.6215949780377237,-13.355025643268476
Ho3Ce1,Ce1Ho3,L12,Ho,Ce,4.04171,4.129000352550051,0.0872903525500508,2.1597381442520813
Ho3Co1,Co1Ho3,L12,Ho,Co,4.52321,3.755436837559531,-0.7677731624404687,-16.974077313245875
Ho3Cr1,Cr1Ho3,L12,Ho,Cr,4.0,3.813988314054877,-0.18601168594512307,-4.650292148628077
Ho3Cu1,Cu1Ho3,L12,Ho,Cu,4.08851,3.8234055281584713,-0.26510447184152897,-6.4841341183347705
Ho3Dy1,Dy1Ho3,L12,Ho,Dy,6.24864,4.159304257115321,-2.0893357428846793,-33.436647700694536
Ho3Er1,Er1Ho3,L12,Ho,Er,4.85356,4.027189925983166,-0.8263700740168343,-17.026060747509753
Ho3Fe1,Fe1Ho3,L12,Ho,Fe,4.12979,3.7749892545131005,-0.3548007454868993,-8.591253925427186
Ho3Ga1,Ga1Ho3,L12,Ho,Ga,4.0,3.966486705266789,-0.03351329473321085,-0.8378323683302713
Ho3Gd1,Gd1Ho3,L12,Ho,Gd,4.45981,4.216491263175974,-0.24331873682402616,-5.455809481211669
Ho3Ge1,Ge1Ho3,L12,Ho,Ge,4.08643,3.9763081580873525,-0.11012184191264751,-2.6948177727906146
Ho3Hf1,Hf1Ho3,L12,Ho,Hf,4.17579,4.061428933860242,-0.11436106613975827,-2.7386689977167977
Ho3Hg1,Hg1Ho3,L12,Ho,Hg,4.74997,4.088874754307455,-0.661095245692545,-13.917882548574937
Ho3Ho1,Ho4,L12,Ho,Ho,4.87665,4.135059173200023,-0.7415908267999765,-15.20697254877788
Ho3In1,In1Ho3,L12,Ho,In,4.81081,4.149175887475376,-0.6616341125246237,-13.753070949063122
Ho3Ir1,Ir1Ho3,L12,Ho,Ir,4.48139,3.8624706669521487,-0.6189193330478515,-13.8108786123915
Ho3La1,La1Ho3,L12,Ho,La,4.0,4.285237041386338,0.2852370413863383,7.130926034658458
Ho3Lu1,Lu1Ho3,L12,Ho,Lu,4.85112,4.174662669195928,-0.6764573308040722,-13.944353691602604
Ho3Mg1,Mg1Ho3,L12,Ho,Mg,4.8367,4.065071643175311,-0.7716283568246896,-15.95361210793908
Ho3Mn1,Mn1Ho3,L12,Ho,Mn,5.01016,3.803441221984935,-1.2067187780150648,-24.085433958497628
Ho3Mo1,Mo1Ho3,L12,Ho,Mo,4.82486,3.9370729784900704,-0.8877870215099297,-18.400264909446694
Ho3Nb1,Nb1Ho3,L12,Ho,Nb,4.81288,4.002488298440372,-0.8103917015596283,-16.837978540076385
Ho3Ni1,Ni1Ho3,L12,Ho,Ni,4.0,3.7721046540147043,-0.2278953459852957,-5.697383649632393
Ho3Os1,Os1Ho3,L12,Ho,Os,4.35937,3.875246386499994,-0.4841236135000062,-11.105357276395585
Ho3Pb1,Pb1Ho3,L12,Ho,Pb,5.22947,4.245253413367443,-0.9842165866325567,-18.820580032633455
Ho3Pd1,Pd1Ho3,L12,Ho,Pd,4.46708,3.8889726273690823,-0.5781073726309178,-12.941504800247989
Ho3Pr1,Pr1Ho3,L12,Ho,Pr,3.97576,4.1600582662755485,0.18429826627554835,4.63554807824286
Ho3Pt1,Pt1Ho3,L12,Ho,Pt,4.6163,3.9009881536761015,-0.7153118463238983,-15.495350092582768
Ho3Re1,Re1Ho3,L12,Ho,Re,4.37435,3.88434305814221,-0.4900069418577897,-11.201822941872273
Ho3Rh1,Rh1Ho3,L12,Ho,Rh,4.09633,3.8429841760980525,-0.2533458239019475,-6.184702499602021
Ho3Ru1,Ru1Ho3,L12,Ho,Ru,4.54668,3.8726299508707833,-0.674050049129217,-14.825104232741626
Ho3Sc1,Sc1Ho3,L12,Ho,Sc,4.14902,4.092040336020103,-0.056979663979896955,-1.3733282553445623
Ho3Si1,Si1Ho3,L12,Ho,Si,4.12172,3.8781832576829056,-0.2435367423170942,-5.908619273436678
Ho3Sm1,Sm1Ho3,L12,Ho,Sm,4.0,4.2189972479410445,0.21899724794104447,5.474931198526112
Ho3Sn1,Sn1Ho3,L12,Ho,Sn,4.77789,4.165562215715297,-0.6123277842847035,-12.815861903156067
Ho3Sr1,Sr1Ho3,L12,Ho,Sr,4.47724,4.34379583849474,-0.13344416150525973,-2.9805005205273725
Ho3Ta1,Ta1Ho3,L12,Ho,Ta,4.16776,3.9740099370155506,-0.19375006298444974,-4.6487816713162395
Ho3Tb1,Tb1Ho3,L12,Ho,Tb,4.67604,4.102788489633661,-0.5732515103663394,-12.259337182024518
Ho3Tc1,Tc1Ho3,L12,Ho,Tc,5.21277,3.872096020127378,-1.340673979872622,-25.719031913409225
Ho3Ti1,Ti1Ho3,L12,Ho,Ti,4.0,3.9268941450618957,-0.07310585493810429,-1.8276463734526072
Ho3Tm1,Tm1Ho3,L12,Ho,Tm,6.08986,4.113480586882219,-1.9763794131177805,-32.453609986400025
Ho3V1,V1Ho3,L12,Ho,V,4.30417,3.870504759653512,-0.433665240346488,-10.07546728745584
Ho3W1,W1Ho3,L12,Ho,W,4.15595,3.948105374071902,-0.20784462592809794,-5.001133938764854
Ho3Y1,Y1Ho3,L12,Ho,Y,5.00892,4.240700057159196,-0.7682199428408039,-15.337037581770199
Ho3Zn1,Zn1Ho3,L12,Ho,Zn,4.03301,3.903681042135569,-0.129328957864431,-3.2067601584035494
Ho3Zr1,Zr1Ho3,L12,Ho,Zr,4.17348,4.089829596110474,-0.08365040388952583,-2.0043322093199403
In3Ag1,Ag1In3,L12,In,Ag,4.56863,4.000176987255212,-0.5684530127447873,-12.442526813175665
In3Al1,Al1In3,L12,In,Al,4.66386,3.956115669275796,-0.7077443307242035,-15.175076668772295
In3Au1,Au1In3,L12,In,Au,4.56631,4.0025837690412995,-0.5637262309587001,-12.345334218629487
In3Ba1,Ba1In3,L12,In,Ba,5.02747,4.479800241951806,-0.547669758048194,-10.893546019134751
In3Ca1,Ca1In3,L12,In,Ca,4.73458,4.311709281633079,-0.42287071836692114,-8.931536025728178
In3Cd1,Cd1In3,L12,In,Cd,4.6003,4.050337025489268,-0.5499629745107315,-11.954937167374553
In3Ce1,Ce1In3,L12,In,Ce,4.67138,4.146542356077042,-0.5248376439229583,-11.235173416056032
In3Co1,Co1In3,L12,In,Co,4.3235,3.772978841086522,-0.5505211589134782,-12.733229071665969
In3Cr1,Cr1In3,L12,In,Cr,4.49685,3.831530317581869,-0.6653196824181311,-14.795238498462949
In3Cu1,Cu1In3,L12,In,Cu,4.405,3.840947531685462,-0.564052468314538,-12.804823344257391
In3Dy1,In3Dy1,L12,In,Dy,4.83991,4.176846260642312,-0.6630637393576881,-13.699918786871827
In3Er1,In3Er1,L12,In,Er,4.84719,4.044731929510157,-0.802458070489843,-16.555118955309013
In3Eu1,Eu1In3,L12,In,Eu,4.1112,4.246574263446807,0.13537426344680714,3.2928162932186984
In3Fe1,Fe1In3,L12,In,Fe,4.29169,3.7925312580400914,-0.4991587419599086,-11.63082007227709
In3Ga1,Ga1In3,L12,In,Ga,4.6801,3.98402870879378,-0.6960712912062204,-14.873000389013487
In3Gd1,In3Gd1,L12,In,Gd,4.8857,4.234033266702965,-0.6516667332970352,-13.338246992181984
In3Ge1,Ge1In3,L12,In,Ge,4.65364,3.993850161614344,-0.6597898383856564,-14.1779303595821
In3Hf1,Hf1In3,L12,In,Hf,4.51215,4.078970937387234,-0.4331790626127665,-9.600280633683864
In3Hg1,Hg1In3,L12,In,Hg,4.74431,4.106416757834447,-0.6378932421655525,-13.445437632986726
In3Ho1,In3Ho1,L12,In,Ho,4.83631,4.152601176727014,-0.683708823272986,-14.13699335387901
In3In1,In4,L12,In,In,4.79989,4.166717891002367,-0.6331721089976332,-13.191387906756887
In3Ir1,Ir1In3,L12,In,Ir,4.34645,3.880012670479141,-0.46643732952085903,-10.731455084514007
In3La1,La1In3,L12,In,La,4.78968,4.30277904491333,-0.48690095508666964,-10.165625993525031
In3Lu1,Lu1In3,L12,In,Lu,4.62514,4.1922046727229185,-0.4329353272770815,-9.360480488743725
In3Mg1,Mg1In3,L12,In,Mg,4.67869,4.082613646702303,-0.5960763532976969,-12.740240394163688
In3Mn1,Mn1In3,L12,In,Mn,4.46447,3.820983225511927,-0.6434867744880735,-14.413508758891277
In3Mo1,Mo1In3,L12,In,Mo,4.39032,3.9546149820170626,-0.43570501798293737,-9.924220056463707
In3Nb1,Nb1In3,L12,In,Nb,4.43972,4.020030301967363,-0.419689698032637,-9.453066815759485
In3Nd1,In3Nd1,L12,In,Nd,4.85225,4.176281775717335,-0.6759682242826646,-13.931026313208605
In3Ni1,Ni1In3,L12,In,Ni,4.36802,3.789646657541695,-0.5783733424583044,-13.241087322363555
In3Os1,Os1In3,L12,In,Os,4.31307,3.8927883900269857,-0.420281609973014,-9.744372569260735
In3Pb1,Pb1In3,L12,In,Pb,4.85281,4.262795416894435,-0.5900145831055648,-12.158204897895544
In3Pd1,Pd1In3,L12,In,Pd,4.44357,3.906514630896073,-0.537055369103927,-12.08612374968611
In3Pr1,Pr1In3,L12,In,Pr,4.70215,4.17760026980254,-0.5245497301974593,-11.155529496027548
In3Pt1,Pt1In3,L12,In,Pt,4.43871,3.9185301572030924,-0.520179842796908,-11.71916711830482
In3Re1,Re1In3,L12,In,Re,4.33091,3.901885061669201,-0.42902493833079935,-9.906115304423304
In3Rh1,Rh1In3,L12,In,Rh,4.35694,3.8605261796250434,-0.4964138203749564,-11.393634531918192
In3Ru1,Ru1In3,L12,In,Ru,4.30763,3.890171954397775,-0.41745804560222455,-9.691130519618087
In3Sc1,Sc1In3,L12,In,Sc,4.54479,4.109582339547094,-0.4352076604529058,-9.575968536563973
In3Si1,Si1In3,L12,In,Si,4.60208,3.8957252612098965,-0.7063547387901035,-15.34859756436445
In3Sm1,Sm1In3,L12,In,Sm,4.61525,4.236539251468035,-0.3787107485319643,-8.205638882659972
In3Sn1,Sn1In3,L12,In,Sn,4.78958,4.183104219242288,-0.6064757807577124,-12.662400059247625
In3Sr1,Sr1In3,L12,In,Sr,4.86131,4.361337842021731,-0.49997215797826833,-10.284720743549956
In3Ta1,Ta1In3,L12,In,Ta,4.44941,3.9915519405425415,-0.45785805945745883,-10.290309489515662
In3Tb1,In3Tb1,L12,In,Tb,4.82341,4.120330493160654,-0.7030795068393463,-14.576399411191382
In3Tc1,Tc1In3,L12,In,Tc,4.32008,3.889638023654369,-0.4304419763456311,-9.96375012373917
In3Ti1,Ti1In3,L12,In,Ti,4.43283,3.9444361485888866,-0.48839385141111347,-11.0176535398631
In3Tm1,In3Tm1,L12,In,Tm,4.81777,4.13102259040921,-0.6867474095907902,-14.254466477037928
In3V1,V1In3,L12,In,V,4.43301,3.8880467631805042,-0.5449632368194961,-12.293300417086721
In3W1,W1In3,L12,In,W,4.39549,3.9656473775988936,-0.42984262240110604,-9.779174162632746
In3Y1,Y1In3,L12,In,Y,4.65652,4.258242060686187,-0.3982779393138136,-8.553124206785617
In3Zn1,Zn1In3,L12,In,Zn,4.56687,3.9212230456625607,-0.645646954337439,-14.137624989050249
In3Zr1,Zr1In3,L12,In,Zr,4.52057,4.107371599637465,-0.4131984003625355,-9.1404048684687
Ir3Ag1,Ag1Ir3,L12,Ir,Ag,3.92571,3.643905415023543,-0.2818045849764572,-7.1784361294251795
Ir3Al1,Al1Ir3,L12,Ir,Al,3.85867,3.5998440970441266,-0.2588259029558735,-6.70764545700652
Ir3Au1,Au1Ir3,L12,Ir,Au,3.9358,3.6463121968096304,-0.2894878031903696,-7.3552467907507895
Ir3Ba1,Ba1Ir3,L12,Ir,Ba,4.25555,4.1235286697201365,-0.13202133027986385,-3.1023329600137193
Ir3Ca1,Ca1Ir3,L12,Ir,Ca,4.01971,3.95543770940141,-0.06427229059858997,-1.5989285445614227
Ir3Cd1,Cd1Ir3,L12,Ir,Cd,3.97294,3.694065453257599,-0.27887454674240075,-7.019349568390179
Ir3Ce1,Ce1Ir3,L12,Ir,Ce,4.07755,3.7902707838453735,-0.28727921615462604,-7.045387945080406
Ir3Co1,Co1Ir3,L12,Ir,Co,3.78789,3.4167072688548523,-0.37118273114514766,-9.799195096614412
Ir3Cr1,Cr1Ir3,L12,Ir,Cr,3.80671,3.4752587453501995,-0.3314512546498003,-8.707026662125571
Ir3Cu1,Cu1Ir3,L12,Ir,Cu,3.83156,3.4846759594537935,-0.3468840405462066,-9.053337036251724
Ir3Dy1,Dy1Ir3,L12,Ir,Dy,4.02883,3.820574688410643,-0.20825531158935728,-5.169126311841335
Ir3Er1,Er1Ir3,L12,Ir,Er,4.0,3.688460357278488,-0.3115396427215118,-7.788491068037795
Ir3Eu1,Eu1Ir3,L12,Ir,Eu,4.07729,3.890302691215138,-0.18698730878486147,-4.586068412716816
Ir3Fe1,Fe1Ir3,L12,Ir,Fe,3.78569,3.436259685808423,-0.3494303141915771,-9.230293927700819
Ir3Ga1,Ga1Ir3,L12,Ir,Ga,3.87673,3.6277571365621104,-0.24897286343788938,-6.422238934305185
Ir3Gd1,Gd1Ir3,L12,Ir,Gd,4.20273,3.877761694471296,-0.3249683055287038,-7.732314603334115
Ir3Ge1,Ge1Ir3,L12,Ir,Ge,3.88469,3.637578589382675,-0.2471114106173249,-6.361161652984534
Ir3Hf1,Hf1Ir3,L12,Ir,Hf,3.9575,3.7226993651555644,-0.23480063484443559,-5.933054575980684
Ir3Hg1,Hg1Ir3,L12,Ir,Hg,3.9906,3.7501451856027774,-0.24045481439722272,-6.025530356267797
Ir3Ho1,Ho1Ir3,L12,Ir,Ho,3.70578,3.796329604495346,0.09054960449534599,2.4434695123657098
Ir3In1,In1Ir3,L12,Ir,In,3.986,3.810446318770699,-0.17555368122930126,-4.404256929987488
Ir3Ir1,Ir4,L12,Ir,Ir,3.86901,3.5237410982474713,-0.34526890175252856,-8.923959921337204
Ir3La1,La1Ir3,L12,Ir,La,4.14822,3.946507472681661,-0.20171252731833933,-4.8626284844665735
Ir3Lu1,Lu1Ir3,L12,Ir,Lu,4.01845,3.8359331004912494,-0.18251689950875027,-4.54197263892173
Ir3Mg1,Mg1Ir3,L12,Ir,Mg,3.89533,3.726342074470633,-0.16898792552936692,-4.338218470049185
Ir3Mn1,Mn1Ir3,L12,Ir,Mn,3.81975,3.4647116532802578,-0.3550383467197422,-9.29480585692106
Ir3Mo1,Mo1Ir3,L12,Ir,Mo,3.88304,3.598343409785393,-0.2846965902146068,-7.3317964845741175
Ir3Nb1,Nb1Ir3,L12,Ir,Nb,3.92678,3.6637587297356937,-0.2630212702643062,-6.698141231856794
Ir3Nd1,Nd1Ir3,L12,Ir,Nd,4.0424,3.8200102034856656,-0.22238979651433421,-5.501429757429602
Ir3Ni1,Ni1Ir3,L12,Ir,Ni,3.80724,3.433375085310026,-0.3738649146899742,-9.819841005294496
Ir3Os1,Os1Ir3,L12,Ir,Os,3.86472,3.5365168177953166,-0.3282031822046836,-8.492288761014603
Ir3Pb1,Pb1Ir3,L12,Ir,Pb,4.04402,3.906523844662766,-0.1374961553372338,-3.399987026207433
Ir3Pd1,Pd1Ir3,L12,Ir,Pd,3.8821,3.5502430586644045,-0.3318569413355954,-8.54838724751025
Ir3Pr1,Pr1Ir3,L12,Ir,Pr,4.04588,3.8213286975708702,-0.22455130242913013,-5.550122653888156
Ir3Pt1,Pt1Ir3,L12,Ir,Pt,3.89261,3.5622585849714237,-0.33035141502857623,-8.48663017945739
Ir3Re1,Re1Ir3,L12,Ir,Re,3.87459,3.5456134894375317,-0.32897651056246824,-8.490614763432216
Ir3Rh1,Rh1Ir3,L12,Ir,Rh,3.85569,3.5042546073933742,-0.3514353926066258,-9.114721168108064
Ir3Ru1,Ru1Ir3,L12,Ir,Ru,3.85239,3.533900382166106,-0.3184896178338943,-8.267325422241628
Ir3Sc1,Sc1Ir3,L12,Ir,Sc,3.9418,3.7533107673154245,-0.18848923268457574,-4.781806095808405
Ir3Si1,Si1Ir3,L12,Ir,Si,3.82977,3.5394536889782273,-0.2903163110217726,-7.580515566777446
Ir3Sm1,Sm1Ir3,L12,Ir,Sm,3.98264,3.880267679236366,-0.10237232076363378,-2.570463832122255
Ir3Sn1,Sn1Ir3,L12,Ir,Sn,3.98211,3.826832647010619,-0.15527735298938117,-3.8993737739384695
Ir3Sr1,Sr1Ir3,L12,Ir,Sr,4.12708,4.0050662697900625,-0.12201373020993778,-2.9564178598412862
Ir3Ta1,Ta1Ir3,L12,Ir,Ta,3.9175,3.6352803683108728,-0.2822196316891272,-7.204074835714798
Ir3Tb1,Tb1Ir3,L12,Ir,Tb,3.93625,3.7640589209289836,-0.17219107907101616,-4.3744954987873275
Ir3Tc1,Tc1Ir3,L12,Ir,Tc,3.86256,3.5333664514226997,-0.32919354857730054,-8.522677928039966
Ir3Ti1,Ti1Ir3,L12,Ir,Ti,3.87127,3.5881645763572174,-0.28310542364278257,-7.31298575513417
Ir3Tm1,Tm1Ir3,L12,Ir,Tm,4.01703,3.774751018177542,-0.24227898182245822,-6.031296301557574
Ir3V1,V1Ir3,L12,Ir,V,3.83022,3.5317751909488346,-0.29844480905116555,-7.79184509117402
Ir3W1,W1Ir3,L12,Ir,W,3.8891,3.609375805367224,-0.279724194632776,-7.192517411040497
Ir3Y1,Y1Ir3,L12,Ir,Y,4.04941,3.901970488454518,-0.14743951154548185,-3.6410121856142466
Ir3Zn1,Zn1Ir3,L12,Ir,Zn,3.86622,3.5649514734308916,-0.30126852656910863,-7.792327559453642
Ir3Zr1,Zr1Ir3,L12,Ir,Zr,3.97379,3.7511000274057955,-0.22268997259420464,-5.603969323849641
La3Ag1,Ag1La3,L12,La,Ag,4.86698,4.169252113041373,-0.697727886958627,-14.335951389950791
La3Al1,Al1La3,L12,La,Al,4.97324,4.125190795061957,-0.848049204938043,-17.052247728604353
La3Au1,Au1La3,L12,La,Au,4.88663,4.171658894827461,-0.7149711051725394,-14.631169234677873
La3Ba1,Ba1La3,L12,La,Ba,5.34886,4.648875367737967,-0.6999846322620336,-13.086613451502444
La3Ca1,Ca1La3,L12,La,Ca,5.25735,4.48078440741924,-0.7765655925807602,-14.771046108415081
La3Cd1,Cd1La3,L12,La,Cd,4.78654,4.219412151275429,-0.5671278487245708,-11.848388370818395
La3Ce1,Ce1La3,L12,La,Ce,4.95905,4.315617481863203,-0.6434325181367972,-12.974914915897143
La3Co1,Co1La3,L12,La,Co,4.70957,3.9420539668726833,-0.767516033127317,-16.296945010421695
La3Cr1,Cr1La3,L12,La,Cr,4.80631,4.00060544336803,-0.8057045566319703,-16.76347461216547
La3Cu1,Cu1La3,L12,La,Cu,4.64747,4.010022657471624,-0.6374473425283762,-13.716007688664503
La3Dy1,Dy1La3,L12,La,Dy,4.06525,4.345921386428473,0.2806713864284731,6.904160541872533
La3Er1,Er1La3,L12,La,Er,4.50593,4.213807055296318,-0.2921229447036824,-6.483077737640895
La3Eu1,Eu1La3,L12,La,Eu,4.62375,4.415649389232969,-0.20810061076703157,-4.50068906768384
La3Fe1,Fe1La3,L12,La,Fe,4.69679,3.9616063838262527,-0.7351836161737473,-15.652895193818486
La3Ga1,Ga1La3,L12,La,Ga,4.93648,4.153103834579941,-0.7833761654200595,-15.869124668185822
La3Gd1,Gd1La3,L12,La,Gd,4.70139,4.403108392489126,-0.29828160751087385,-6.344540816883387
La3Ge1,Ge1La3,L12,La,Ge,4.89161,4.162925287400505,-0.7286847125994953,-14.896623250821209
La3Hf1,Hf1La3,L12,La,Hf,5.01037,4.248046063173394,-0.7623239368266059,-15.21492298625862
La3Hg1,Hg1La3,L12,La,Hg,4.93342,4.2754918836206075,-0.6579281163793924,-13.3361464537662
La3Ho1,Ho1La3,L12,La,Ho,4.1818,4.3216763025131755,0.1398763025131755,3.3448826465439647
La3In1,In1La3,L12,La,In,5.06143,4.335793016788529,-0.7256369832114711,-14.336600194242955
La3Ir1,Ir1La3,L12,La,Ir,4.80228,4.049087796265301,-0.7531922037346988,-15.684054318671523
La3La1,La4,L12,La,La,5.20755,4.4718541706994905,-0.7356958293005098,-14.127484696268105
La3Lu1,Lu1La3,L12,La,Lu,5.06327,4.36127979850908,-0.7019902014909203,-13.864364363166892
La3Mg1,Mg1La3,L12,La,Mg,5.09784,4.251688772488463,-0.8461512275115366,-16.598230378190305
La3Mn1,Mn1La3,L12,La,Mn,4.69233,3.9900583512980874,-0.7022716487019127,-14.966373820722598
La3Mo1,Mo1La3,L12,La,Mo,4.82333,4.123690107803223,-0.6996398921967772,-14.505329143906332
La3Nb1,Nb1La3,L12,La,Nb,4.92531,4.189105427753524,-0.7362045722464758,-14.947375337724445
La3Nd1,Nd1La3,L12,La,Nd,5.45024,4.345356901503496,-1.1048830984965043,-20.27219165571616
La3Ni1,Ni1La3,L12,La,Ni,4.73004,3.9587217833278565,-0.7713182166721433,-16.306801140627634
La3Os1,Os1La3,L12,La,Os,4.76272,4.061863515813147,-0.7008564841868532,-14.715466879994063
La3Pb1,Pb1La3,L12,La,Pb,5.07176,4.4318705426805955,-0.6398894573194047,-12.616714066111264
La3Pd1,Pd1La3,L12,La,Pd,4.81483,4.075589756682234,-0.7392402433177656,-15.353402785098657
La3Pr1,Pr1La3,L12,La,Pr,4.97098,4.346675395588701,-0.6243046044112992,-12.558984433880225
La3Pt1,Pt1La3,L12,La,Pt,4.8282,4.087605282989254,-0.7405947170107456,-15.338940329952067
La3Re1,Re1La3,L12,La,Re,4.76477,4.070960187455362,-0.6938098125446386,-14.561244562584102
La3Rh1,Rh1La3,L12,La,Rh,4.81724,4.029601305411204,-0.7876386945887957,-16.35041423281372
La3Ru1,Ru1La3,L12,La,Ru,4.79132,4.059247080183936,-0.7320729198160638,-15.279148957198933
La3Sc1,Sc1La3,L12,La,Sc,5.03051,4.2786574653332545,-0.7518525346667451,-14.94585110986252
La3Si1,Si1La3,L12,La,Si,4.85879,4.064800386996057,-0.7939896130039426,-16.341303349268905
La3Sm1,Sm1La3,L12,La,Sm,5.09244,4.405614377254197,-0.6868256227458032,-13.487161807420476
La3Sn1,Sn1La3,L12,La,Sn,5.03031,4.352179345028449,-0.6781306549715511,-13.480891932535988
La3Sr1,Sr1La3,L12,La,Sr,5.31016,4.530412967807893,-0.7797470321921072,-14.68405909034958
La3Ta1,Ta1La3,L12,La,Ta,4.89629,4.160627066328703,-0.7356629336712963,-15.02490525829345
La3Tb1,Tb1La3,L12,La,Tb,5.05123,4.289405618946813,-0.7618243810531871,-15.081957880618917
La3Tc1,Tc1La3,L12,La,Tc,4.7729,4.058713149440529,-0.7141868505594706,-14.963373432493258
La3Ti1,Ti1La3,L12,La,Ti,4.96327,4.113511274375047,-0.8497587256249526,-17.120944974280114
La3Tm1,Tm1La3,L12,La,Tm,4.63625,4.3000977161953715,-0.3361522838046289,-7.250521085028392
La3V1,V1La3,L12,La,V,4.87967,4.057121888966664,-0.8225481110333357,-16.85663397388216
La3W1,W1La3,L12,La,W,4.8185,4.134722503385054,-0.6837774966149466,-14.190671300507349
La3Y1,Y1La3,L12,La,Y,5.18718,4.427317186472348,-0.7598628135276515,-14.648861491747954
La3Zn1,Zn1La3,L12,La,Zn,4.78732,4.090298171448722,-0.6970218285512786,-14.559750101336
La3Zr1,Zr1La3,L12,La,Zr,4.96401,4.276446725423626,-0.687563274576374,-13.850964735695012
Lu3Ag1,Ag1Lu3,L12,Lu,Ag,4.6193,4.031847899204895,-0.5874521007951046,-12.717340306866939
Lu3Al1,Al1Lu3,L12,Lu,Al,4.62665,3.9877865812254805,-0.6388634187745192,-13.808336891152761
Lu3Au1,Au1Lu3,L12,Lu,Au,4.59322,4.034254680990984,-0.5589653190090154,-12.169356551809306
Lu3Ba1,Ba1Lu3,L12,Lu,Ba,4.95201,4.51147115390149,-0.4405388460985096,-8.896162287606641
Lu3Ca1,Ca1Lu3,L12,Lu,Ca,4.86724,4.343380193582763,-0.5238598064172368,-10.76297463074015
Lu3Cd1,Cd1Lu3,L12,Lu,Cd,4.61427,4.082007937438952,-0.5322620625610481,-11.53513042281982
Lu3Ce1,Ce1Lu3,L12,Lu,Ce,4.71966,4.1782132680267265,-0.5414467319732736,-11.472155451309494
Lu3Co1,Co1Lu3,L12,Lu,Co,4.47347,3.8046497530362067,-0.6688202469637932,-14.950815518239605
Lu3Cr1,Cr1Lu3,L12,Lu,Cr,4.52953,3.8632012295315525,-0.6663287704684477,-14.710770664250985
Lu3Cu1,Cu1Lu3,L12,Lu,Cu,4.46799,3.872618443635147,-0.5953715563648534,-13.325266089782057
Lu3Dy1,Dy1Lu3,L12,Lu,Dy,4.56534,4.208517172591996,-0.35682282740800364,-7.815909163567306
Lu3Er1,Er1Lu3,L12,Lu,Er,4.12282,4.076402841459841,-0.04641715854015871,-1.1258594491187757
Lu3Eu1,Eu1Lu3,L12,Lu,Eu,5.1445,4.278245175396491,-0.8662548246035087,-16.83846485768313
Lu3Fe1,Fe1Lu3,L12,Lu,Fe,4.46554,3.824202169989776,-0.6413378300102237,-14.36193226374019
Lu3Ga1,Ga1Lu3,L12,Lu,Ga,4.59876,4.015699620743464,-0.5830603792565361,-12.67864335726448
Lu3Gd1,Gd1Lu3,L12,Lu,Gd,4.56778,4.2657041786526495,-0.30207582134735045,-6.613186741641464
Lu3Ge1,Ge1Lu3,L12,Lu,Ge,4.56055,4.025521073564028,-0.535028926435972,-11.731675487298068
Lu3Hf1,Hf1Lu3,L12,Lu,Hf,4.70158,4.1106418493369175,-0.5909381506630824,-12.568926842956675
Lu3Hg1,Hg1Lu3,L12,Lu,Hg,4.67034,4.138087669784132,-0.5322523302158686,-11.396436452503856
Lu3Ho1,Ho1Lu3,L12,Lu,Ho,6.41987,4.184272088676699,-2.2355979113233015,-34.82310251334219
Lu3In1,In1Lu3,L12,Lu,In,4.71173,4.198388802952052,-0.5133411970479482,-10.894962085008016
Lu3Ir1,Ir1Lu3,L12,Lu,Ir,4.50055,3.9116835824288247,-0.5888664175711749,-13.08432119565775
Lu3La1,La1Lu3,L12,Lu,La,4.87584,4.334449956863014,-0.5413900431369862,-11.103523559776084
Lu3Lu1,Lu4,L12,Lu,Lu,4.78539,4.223875584672602,-0.5615144153273972,-11.733932141944486
Lu3Mg1,Mg1Lu3,L12,Lu,Mg,4.7506,4.114284558651987,-0.636315441348013,-13.394422627626257
Lu3Mn1,Mn1Lu3,L12,Lu,Mn,4.48082,3.8526541374616112,-0.6281658625383884,-14.018993455179821
Lu3Mo1,Mo1Lu3,L12,Lu,Mo,4.56523,3.986285893966746,-0.5789441060332536,-12.681597773458373
Lu3Nb1,Nb1Lu3,L12,Lu,Nb,4.63234,4.051701213917048,-0.580638786082952,-12.534459605360402
Lu3Nd1,Nd1Lu3,L12,Lu,Nd,4.5302,4.20795268766702,-0.3222473123329799,-7.113313150257823
Lu3Ni1,Ni1Lu3,L12,Lu,Ni,4.48578,3.8213175694913795,-0.6644624305086206,-14.812639730629245
Lu3Os1,Os1Lu3,L12,Lu,Os,4.48771,3.92445930197667,-0.5632506980233298,-12.55096024527721
Lu3Pb1,Pb1Lu3,L12,Lu,Pb,4.73676,4.294466328844119,-0.44229367115588136,-9.337472685039591
Lu3Pd1,Pd1Lu3,L12,Lu,Pd,4.55632,3.938185542845758,-0.6181344571542424,-13.566528627362484
Lu3Pr1,Pr1Lu3,L12,Lu,Pr,4.21077,4.209271181752224,-0.0014988182477759793,-0.03559487333138545
Lu3Pt1,Pt1Lu3,L12,Lu,Pt,4.52845,3.950201069152777,-0.5782489308472232,-12.769246228780778
Lu3Re1,Re1Lu3,L12,Lu,Re,4.50661,3.933555973618885,-0.573054026381115,-12.715855740370587
Lu3Rh1,Rh1Lu3,L12,Lu,Rh,4.53196,3.8921970915747277,-0.6397629084252721,-14.116693625391047
Lu3Ru1,Ru1Lu3,L12,Lu,Ru,4.50923,3.9218428663474594,-0.5873871336525402,-13.02632896642088
Lu3Sc1,Sc1Lu3,L12,Lu,Sc,4.74749,4.141253251496779,-0.6062367485032212,-12.769626655416255
Lu3Si1,Si1Lu3,L12,Lu,Si,4.51735,3.927396173159581,-0.5899538268404196,-13.059732516639613
Lu3Sm1,Sm1Lu3,L12,Lu,Sm,4.54098,4.26821016341772,-0.27276983658228016,-6.006849547504727
Lu3Sn1,Sn1Lu3,L12,Lu,Sn,4.68786,4.214775131191972,-0.47308486880802736,-10.091702158512144
Lu3Sr1,Sr1Lu3,L12,Lu,Sr,4.9184,4.393008753971416,-0.5253912460285841,-10.682157734803678
Lu3Ta1,Ta1Lu3,L12,Lu,Ta,4.61874,4.023222852492226,-0.5955171475077741,-12.893497956320859
Lu3Tb1,Tb1Lu3,L12,Lu,Tb,4.18308,4.1520014051103376,-0.031078594889662803,-0.7429596108528358
Lu3Tc1,Tc1Lu3,L12,Lu,Tc,4.5247,3.921308935604053,-0.603391064395947,-13.335493279022852
Lu3Ti1,Ti1Lu3,L12,Lu,Ti,4.64336,3.976107060538571,-0.6672529394614295,-14.370045386561229
Lu3Tm1,Tm1Lu3,L12,Lu,Tm,4.20353,4.162693502358895,-0.04083649764110486,-0.971481056186226
Lu3V1,V1Lu3,L12,Lu,V,4.57514,3.919717675130188,-0.6554223248698121,-14.325732652330029
Lu3W1,W1Lu3,L12,Lu,W,4.55721,3.9973182895485775,-0.5598917104514229,-12.285843980229634
Lu3Y1,Y1Lu3,L12,Lu,Y,4.82813,4.289912972635872,-0.5382170273641282,-11.147525591981331
Lu3Zn1,Zn1Lu3,L12,Lu,Zn,4.56618,3.952893957612245,-0.6132860423877551,-13.431052704618631
Lu3Zr1,Zr1Lu3,L12,Lu,Zr,4.71285,4.139042511587149,-0.573807488412851,-12.175381953867639
Mg3Ag1,Ag1Mg3,L12,Mg,Ag,4.32003,3.8956656313285314,-0.42436436867146865,-9.823181058267389
Mg3Al1,Al1Mg3,L12,Mg,Al,4.37545,3.851604313349115,-0.5238456866508847,-11.97238424964026
Mg3Au1,Au1Mg3,L12,Mg,Au,4.26097,3.8980724131146185,-0.3628975868853819,-8.516783429251598
Mg3Ba1,Ba1Mg3,L12,Mg,Ba,5.10325,4.375288886025126,-0.7279611139748745,-14.264657110172429
Mg3Ca1,Ca1Mg3,L12,Mg,Ca,4.7677,4.207197925706398,-0.560502074293602,-11.75623622068507
Mg3Cd1,Cd1Mg3,L12,Mg,Cd,4.4117,3.9458256695625873,-0.46587433043741244,-10.55997303618588
Mg3Ce1,Ce1Mg3,L12,Mg,Ce,4.75994,4.04203100015036,-0.71790899984964,-15.082311958756623
Mg3Co1,Co1Mg3,L12,Mg,Co,4.11539,3.668467485159841,-0.44692251484015877,-10.85978521695778
Mg3Cr1,Cr1Mg3,L12,Mg,Cr,4.17058,3.727018961655188,-0.4435610383448121,-10.635476081140084
Mg3Cu1,Cu1Mg3,L12,Mg,Cu,4.19888,3.736436175758781,-0.46244382424121877,-11.013504178286086
Mg3Dy1,Dy1Mg3,L12,Mg,Dy,4.0,4.072334904715631,0.07233490471563098,1.8083726178907744
Mg3Er1,Er1Mg3,L12,Mg,Er,4.23206,3.9402205735834763,-0.2918394264165234,-6.895918924035184
Mg3Eu1,Eu1Mg3,L12,Mg,Eu,4.78878,4.142062907520127,-0.6467170924798733,-13.504840324255307
Mg3Fe1,Fe1Mg3,L12,Mg,Fe,4.18563,3.6880199021134117,-0.49761009788658805,-11.888535247658968
Mg3Ga1,Ga1Mg3,L12,Mg,Ga,4.35371,3.879517352867099,-0.47419264713290143,-10.891691158412053
Mg3Gd1,Gd1Mg3,L12,Mg,Gd,4.0,4.129521910776284,0.12952191077628417,3.238047769407104
Mg3Ge1,Ge1Mg3,L12,Mg,Ge,4.32831,3.8893388056876628,-0.43897119431233733,-10.141861241739555
Mg3Hf1,Hf1Mg3,L12,Mg,Hf,4.42969,3.9744595814605526,-0.45523041853944735,-10.276800826681944
Mg3Hg1,Hg1Mg3,L12,Mg,Hg,4.40574,4.001905401907766,-0.4038345980922342,-9.166101451566234
Mg3Ho1,Ho1Mg3,L12,Mg,Ho,4.68957,4.0480898208003335,-0.6414801791996663,-13.678869900644756
Mg3In1,In1Mg3,L12,Mg,In,4.51034,4.062206535075686,-0.4481334649243145,-9.935691431783734
Mg3Ir1,Ir1Mg3,L12,Mg,Ir,4.11317,3.775501314552459,-0.33766868544754125,-8.2094512370639
Mg3La1,La1Mg3,L12,Mg,La,4.82214,4.198267688986648,-0.6238723110133524,-12.937664833732581
Mg3Lu1,Lu1Mg3,L12,Mg,Lu,4.60319,4.087693316796237,-0.5154966832037626,-11.198683591243523
Mg3Mg1,Mg4,L12,Mg,Mg,4.51634,3.9781022907756216,-0.538237709224378,-11.917563983765127
Mg3Mn1,Mn1Mg3,L12,Mg,Mn,4.28476,3.7164718695852463,-0.568288130414754,-13.263009606483303
Mg3Mo1,Mo1Mg3,L12,Mg,Mo,4.19634,3.8501036260903816,-0.3462363739096186,-8.250913269888011
Mg3Nb1,Nb1Mg3,L12,Mg,Nb,4.30221,3.9155189460406823,-0.38669105395931735,-8.988195693825206
Mg3Nd1,Nd1Mg3,L12,Mg,Nd,4.76705,4.071770419790654,-0.6952795802093465,-14.585111970911708
Mg3Ni1,Ni1Mg3,L12,Mg,Ni,4.14097,3.685135301615014,-0.45583469838498614,-11.007920810461949
Mg3Os1,Os1Mg3,L12,Mg,Os,4.11403,3.7882770341003043,-0.3257529658996954,-7.918098941906
Mg3Pb1,Pb1Mg3,L12,Mg,Pb,4.59223,4.1582840609677545,-0.4339459390322453,-9.449568924732544
Mg3Pd1,Pd1Mg3,L12,Mg,Pd,4.20099,3.802003274969392,-0.39898672503060784,-9.497445245777968
Mg3Pr1,Pr1Mg3,L12,Mg,Pr,4.73266,4.073088913875859,-0.6595710861241413,-13.936582939068964
Mg3Pt1,Pt1Mg3,L12,Mg,Pt,4.15731,3.814018801276412,-0.34329119872358804,-8.257531882962493
Mg3Rh1,Rh1Mg3,L12,Mg,Rh,4.13847,3.756014823698362,-0.38245517630163794,-9.241463060059345
Mg3Ru1,Ru1Mg3,L12,Mg,Ru,4.13051,3.7856605984710936,-0.34484940152890653,-8.348833474048156
Mg3Sc1,Sc1Mg3,L12,Mg,Sc,4.5135,4.005070983620413,-0.508429016379587,-11.264628700112707
Mg3Si1,Si1Mg3,L12,Mg,Si,4.25825,3.791213905283216,-0.4670360947167844,-10.967794157618375
Mg3Sm1,Sm1Mg3,L12,Mg,Sm,4.32412,4.132027895541355,-0.192092104458645,-4.442339816162479
Mg3Sn1,Sn1Mg3,L12,Mg,Sn,4.49849,4.078592863315607,-0.4198971366843933,-9.33417961770268
Mg3Sr1,Sr1Mg3,L12,Mg,Sr,4.93924,4.256826486095051,-0.6824135139049492,-13.816164306754667
Mg3Ta1,Ta1Mg3,L12,Mg,Ta,4.29101,3.8870405846158604,-0.40396941538413955,-9.414320064137337
Mg3Tb1,Tb1Mg3,L12,Mg,Tb,4.57553,4.015819137233972,-0.5597108627660274,-12.232700097388225
Mg3Tc1,Tc1Mg3,L12,Mg,Tc,4.16253,3.785126667727688,-0.3774033322723125,-9.066681375805398
Mg3Ti1,Ti1Mg3,L12,Mg,Ti,4.3627,3.8399247926622055,-0.5227752073377947,-11.982836485153566
Mg3Tm1,Tm1Mg3,L12,Mg,Tm,4.01905,4.02651123448253,0.007461234482529555,0.18564671956132806
Mg3V1,V1Mg3,L12,Mg,V,4.31843,3.7835354072538223,-0.5348945927461779,-12.386320786632593
Mg3W1,W1Mg3,L12,Mg,W,4.18893,3.8611360216722126,-0.32779397832778745,-7.825243638060017
Mg3Y1,Y1Mg3,L12,Mg,Y,4.66402,4.153730704759506,-0.5102892952404936,-10.940975708519552
Mg3Zn1,Zn1Mg3,L12,Mg,Zn,4.32124,3.8167116897358793,-0.5045283102641211,-11.675544757155842
Mg3Zr1,Zr1Mg3,L12,Mg,Zr,4.45799,4.002860243710784,-0.4551297562892156,-10.209304109906386
Mn3Ag1,Ag1Mn3,L12,Mn,Ag,3.65461,3.5705530249692146,-0.08405697503078535,-2.300025858594634
Mn3Al1,Al1Mn3,L12,Mn,Al,3.63706,3.5264917069897983,-0.11056829301020166,-3.0400458889928035
Mn3Au1,Au1Mn3,L12,Mn,Au,3.6642,3.572959806755302,-0.09124019324469801,-2.4900440272009714
Mn3Ba1,Ba1Mn3,L12,Mn,Ba,4.33333,4.050176279665808,-0.28315372033419184,-6.534321649498004
Mn3Ca1,Ca1Mn3,L12,Mn,Ca,4.14899,3.8820853193470817,-0.2669046806529187,-6.433003710611949
Mn3Cd1,Cd1Mn3,L12,Mn,Cd,4.0004,3.620713063203271,-0.37968693679672905,-9.491224297488477
Mn3Ce1,Ce1Mn3,L12,Mn,Ce,4.04891,3.716918393791044,-0.3319916062089563,-8.199530397291031
Mn3Co1,Co1Mn3,L12,Mn,Co,3.47571,3.343354878800524,-0.1323551211994758,-3.808002428265758
Mn3Cr1,Cr1Mn3,L12,Mn,Cr,3.52013,3.4019063552958713,-0.11822364470412872,-3.358502234409772
Mn3Cu1,Cu1Mn3,L12,Mn,Cu,3.51861,3.4113235693994652,-0.10728643060053455,-3.0491140137876767
Mn3Dy1,Dy1Mn3,L12,Mn,Dy,4.0,3.747222298356314,-0.25277770164368585,-6.319442541092146
Mn3Er1,Er1Mn3,L12,Mn,Er,3.88012,3.61510796722416,-0.26501203277583985,-6.829995793321853
Mn3Eu1,Eu1Mn3,L12,Mn,Eu,4.0,3.8169503011608104,-0.18304969883918965,-4.576242470979741
Mn3Fe1,Fe1Mn3,L12,Mn,Fe,3.48043,3.362907295754095,-0.11752270424590527,-3.376671970012477
Mn3Ga1,Ga1Mn3,L12,Mn,Ga,3.64558,3.554404746507783,-0.09117525349221678,-2.500980735362186
Mn3Gd1,Gd1Mn3,L12,Mn,Gd,4.01606,3.804409304416968,-0.21165069558303262,-5.2701079063318925
Mn3Ge1,Ge1Mn3,L12,Mn,Ge,3.64362,3.564226199328347,-0.07939380067165303,-2.1789813611642552
Mn3Hf1,Hf1Mn3,L12,Mn,Hf,3.91967,3.649346975101236,-0.2703230248987638,-6.8965761122432205
Mn3Hg1,Hg1Mn3,L12,Mn,Hg,4.0,3.676792795548449,-0.3232072044515508,-8.08018011128877
Mn3Ho1,Ho1Mn3,L12,Mn,Ho,3.67566,3.7229772144410176,0.04731721444101744,1.2873120593585217
Mn3In1,In1Mn3,L12,Mn,In,3.98434,3.73709392871637,-0.2472460712836302,-6.205446103586295
Mn3Ir1,Ir1Mn3,L12,Mn,Ir,3.60576,3.450388708193143,-0.15537129180685705,-4.308974857085803
Mn3La1,La1Mn3,L12,Mn,La,4.16293,3.8731550826273327,-0.2897749173726676,-6.960840498703259
Mn3Lu1,Lu1Mn3,L12,Mn,Lu,4.05303,3.762580710436921,-0.2904492895630786,-7.166225997909678
Mn3Mg1,Mg1Mn3,L12,Mn,Mg,3.96893,3.652989684416305,-0.31594031558369506,-7.960339829215811
Mn3Mn1,Mn4,L12,Mn,Mn,3.49345,3.3913592632259295,-0.10209073677407066,-2.922347157511075
Mn3Mo1,Mo1Mn3,L12,Mn,Mo,3.65145,3.5249910197310648,-0.12645898026893532,-3.4632537832624113
Mn3Nb1,Nb1Mn3,L12,Mn,Nb,3.76968,3.5904063396813655,-0.17927366031863468,-4.75567316903914
Mn3Nd1,Nd1Mn3,L12,Mn,Nd,3.74388,3.7466578134313377,0.002777813431337872,0.0741961128919162
Mn3Ni1,Ni1Mn3,L12,Mn,Ni,3.48696,3.3600226952556977,-0.1269373047443021,-3.640343013521867
Mn3Os1,Os1Mn3,L12,Mn,Os,3.60936,3.4631644277409883,-0.1461955722590118,-4.050456930287137
Mn3Pb1,Pb1Mn3,L12,Mn,Pb,4.00565,3.8331714546084377,-0.1724785453915625,-4.305881577061463
Mn3Pd1,Pd1Mn3,L12,Mn,Pd,3.89142,3.4768906686100762,-0.41452933138992387,-10.652392478579127
Mn3Pr1,Pr1Mn3,L12,Mn,Pr,3.76883,3.747976307516542,-0.02085369248345792,-0.5533200617554498
Mn3Pt1,Mn3Pt1,L12,Mn,Pt,3.91957,3.4889061949170954,-0.4306638050829048,-10.98752682265924
Mn3Re1,Re1Mn3,L12,Mn,Re,3.62409,3.472261099383204,-0.15182890061679588,-4.189435157978855
Mn3Rh1,Rh1Mn3,L12,Mn,Rh,3.58789,3.430902217339046,-0.1569877826609538,-4.375490404135964
Mn3Ru1,Ru1Mn3,L12,Mn,Ru,3.58564,3.4605479921117777,-0.1250920078882225,-3.488694009666963
Mn3Sc1,Sc1Mn3,L12,Mn,Sc,3.96945,3.6799583772610966,-0.2894916227389035,-7.292990785597589
Mn3Si1,Si1Mn3,L12,Mn,Si,3.57697,3.466101298923899,-0.11086870107610114,-3.0995144235512497
Mn3Sm1,Sm1Mn3,L12,Mn,Sm,3.89626,3.806915289182038,-0.08934471081796191,-2.293089034560371
Mn3Sn1,Sn1Mn3,L12,Mn,Sn,3.91729,3.7534802569562906,-0.16380974304370932,-4.181710903295628
Mn3Sr1,Sr1Mn3,L12,Mn,Sr,4.27558,3.9317138797357347,-0.343866120264265,-8.042560781560981
Mn3Ta1,Ta1Mn3,L12,Mn,Ta,3.75605,3.5619279782565445,-0.1941220217434556,-5.1682491378830315
Mn3Tb1,Tb1Mn3,L12,Mn,Tb,4.09474,3.6907065308746554,-0.40403346912534444,-9.867133667225378
Mn3Tc1,Tc1Mn3,L12,Mn,Tc,3.60679,3.4600140613683714,-0.14677593863162874,-4.069434001747503
Mn3Ti1,Ti1Mn3,L12,Mn,Ti,3.72177,3.514812186302889,-0.20695781369711064,-5.560736254446423
Mn3Tm1,Tm1Mn3,L12,Mn,Tm,4.0545,3.701398628123213,-0.3531013718767868,-8.708875863282445
Mn3V1,V1Mn3,L12,Mn,V,3.56292,3.4584228008945064,-0.10449719910549371,-2.932908937205823
Mn3W1,W1Mn3,L12,Mn,W,3.66106,3.5360234153128958,-0.1250365846871042,-3.415310994277729
Mn3Y1,Y1Mn3,L12,Mn,Y,4.10274,3.82861809840019,-0.27412190159981,-6.681434884974675
Mn3Zn1,Zn1Mn3,L12,Mn,Zn,3.6125,3.4915990833765633,-0.1209009166234365,-3.346738176427308
Mn3Zr1,Zr1Mn3,L12,Mn,Zr,3.95222,3.6777476373514677,-0.27447236264853236,-6.944764275483966
Mo3Ag1,Ag1Mo3,L12,Mo,Ag,3.98091,3.7366092826937134,-0.24430071730628677,-6.1368058385215125
Mo3Al1,Al1Mo3,L12,Mo,Al,3.95587,3.692547964714297,-0.26332203528570286,-6.656488592539766
Mo3Au1,Au1Mo3,L12,Mo,Au,3.985,3.7390160644798005,-0.24598393552019937,-6.172746186203247
Mo3Ba1,Ba1Mo3,L12,Mo,Ba,4.30292,4.216232537390307,-0.08668746260969318,-2.0146194353995237
Mo3Ca1,Ca1Mo3,L12,Mo,Ca,4.17226,4.04814157707158,-0.12411842292841957,-2.974848713369243
Mo3Cd1,Cd1Mo3,L12,Mo,Cd,4.02935,3.7867693209277697,-0.24258067907223024,-6.020342712155316
Mo3Ce1,Ce1Mo3,L12,Mo,Ce,4.19569,3.8829746515155428,-0.31271534848445715,-7.453251991554599
Mo3Co1,Co1Mo3,L12,Mo,Co,3.85784,3.509411136525023,-0.34842886347497704,-9.031708507221063
Mo3Cr1,Cr1Mo3,L12,Mo,Cr,3.90958,3.56796261302037,-0.34161738697962996,-8.737956173799487
Mo3Cu1,Cu1Mo3,L12,Mo,Cu,3.88559,3.577379827123963,-0.3082101728760369,-7.932133160627779
Mo3Dy1,Dy1Mo3,L12,Mo,Dy,4.19355,3.913278556080813,-0.2802714439191871,-6.683393399844693
Mo3Er1,Er1Mo3,L12,Mo,Er,3.96843,3.781164224948659,-0.18726577505134134,-4.718888201413187
Mo3Eu1,Eu1Mo3,L12,Mo,Eu,5.03777,3.983006558885308,-1.0547634411146922,-20.937109894153412
Mo3Fe1,Fe1Mo3,L12,Mo,Fe,3.86704,3.5289635534785937,-0.3380764465214061,-8.742512270920551
Mo3Ga1,Ga1Mo3,L12,Mo,Ga,3.94541,3.720461004232281,-0.22494899576771887,-5.701536615148208
Mo3Gd1,Gd1Mo3,L12,Mo,Gd,5.04687,3.970465562141466,-1.076404437858534,-21.328158598468637
Mo3Ge1,Ge1Mo3,L12,Mo,Ge,3.9463,3.730282457052845,-0.21601754294715514,-5.473926030640223
Mo3Hf1,Hf1Mo3,L12,Mo,Hf,4.09935,3.815403232825735,-0.28394676717426526,-6.926629030804035
Mo3Hg1,Hg1Mo3,L12,Mo,Hg,4.03422,3.842849053272948,-0.19137094672705235,-4.743691388348982
Mo3Ho1,Ho1Mo3,L12,Mo,Ho,4.15294,3.8890334721655155,-0.26390652783448454,-6.354691563915793
Mo3In1,In1Mo3,L12,Mo,In,4.05877,3.903150186440868,-0.1556198135591318,-3.8341619150415474
Mo3Ir1,Ir1Mo3,L12,Mo,Ir,3.94302,3.616444965917642,-0.32657503408235833,-8.282358042372556
Mo3La1,La1Mo3,L12,Mo,La,4.26532,4.039211340351831,-0.22610865964816895,-5.301094868571853
Mo3Lu1,Lu1Mo3,L12,Mo,Lu,4.15723,3.928636968161419,-0.22859303183858115,-5.498686188605903
Mo3Mg1,Mg1Mo3,L12,Mo,Mg,4.00154,3.8190459421408036,-0.1824940578591967,-4.560595617167308
Mo3Mn1,Mn1Mo3,L12,Mo,Mn,3.88441,3.557415520950428,-0.326994479049572,-8.418124735791846
Mo3Mo1,Mo4,L12,Mo,Mo,3.99116,3.6910472774555636,-0.3001127225444362,-7.519436017208937
Mo3Nb1,Nb1Mo3,L12,Mo,Nb,4.05062,3.7564625974058643,-0.29415740259413603,-7.2620340242761845
Mo3Nd1,Nd1Mo3,L12,Mo,Nd,4.17059,3.912714071155836,-0.25787592884416366,-6.18320019096012
Mo3Ni1,Ni1Mo3,L12,Mo,Ni,3.86185,3.526078952980196,-0.33577104701980387,-8.694564703958047
Mo3Os1,Os1Mo3,L12,Mo,Os,3.94577,3.629220685465487,-0.31654931453451285,-8.022497878348531
Mo3Pb1,Pb1Mo3,L12,Mo,Pb,4.10462,3.9992277123329365,-0.10539228766706321,-2.567650298129016
Mo3Pd1,Pd1Mo3,L12,Mo,Pd,3.94572,3.642946926334574,-0.30277307366542594,-7.673455634597132
Mo3Pr1,Pr1Mo3,L12,Mo,Pr,4.15716,3.914032565241041,-0.24312743475895937,-5.848402148557173
Mo3Pt1,Pt1Mo3,L12,Mo,Pt,3.95288,3.6549624526415934,-0.2979175473584066,-7.536721260407768
Mo3Re1,Re1Mo3,L12,Mo,Re,3.96653,3.638317357107702,-0.32821264289229823,-8.274553397864084
Mo3Rh1,Rh1Mo3,L12,Mo,Rh,3.93203,3.5969584750635444,-0.33507152493645576,-8.52159126294702
Mo3Ru1,Ru1Mo3,L12,Mo,Ru,3.93634,3.626604249836276,-0.3097357501637239,-7.868622887345196
Mo3Sc1,Sc1Mo3,L12,Mo,Sc,4.08339,3.846014634985595,-0.2373753650144046,-5.813193572360333
Mo3Si1,Si1Mo3,L12,Mo,Si,3.9066,3.632157556648398,-0.27444244335160217,-7.025097101100757
Mo3Sm1,Sm1Mo3,L12,Mo,Sm,6.05256,3.9729715469065368,-2.079588453093463,-34.35882425111792
Mo3Sn1,Sn1Mo3,L12,Mo,Sn,4.06525,3.9195365146807895,-0.14571348531921036,-3.584367143944662
Mo3Sr1,Sr1Mo3,L12,Mo,Sr,4.26943,4.097770137460232,-0.17165986253976762,-4.020674013621669
Mo3Ta1,Ta1Mo3,L12,Mo,Ta,4.0467,3.7279842359810424,-0.31871576401895796,-7.87594247211204
Mo3Tb1,Tb1Mo3,L12,Mo,Tb,5.08277,3.8567627885991542,-1.2260072114008458,-24.12084771494374
Mo3Tc1,Tc1Mo3,L12,Mo,Tc,3.95779,3.62607031909287,-0.33171968090713033,-8.381437138077825
Mo3Ti1,Ti1Mo3,L12,Mo,Ti,4.00049,3.6808684440273876,-0.31962155597261255,-7.989560178193485
Mo3Tm1,Tm1Mo3,L12,Mo,Tm,4.05978,3.8674548858477116,-0.19232511415228837,-4.737328479678416
Mo3V1,V1Mo3,L12,Mo,V,3.94733,3.624479058619005,-0.3228509413809948,-8.178970123627739
Mo3W1,W1Mo3,L12,Mo,W,3.99962,3.7020796730373946,-0.2975403269626056,-7.439214899480589
Mo3Y1,Y1Mo3,L12,Mo,Y,4.19424,3.9946743561246887,-0.19956564387531106,-4.758088327690143
Mo3Zn1,Zn1Mo3,L12,Mo,Zn,3.923,3.6576553411010617,-0.2653446588989383,-6.763820007620145
Mo3Zr1,Zr1Mo3,L12,Mo,Zr,4.1135,3.843803895075966,-0.26969610492403406,-6.55636574508409
Nb3Ag1,Ag1Nb3,L12,Nb,Ag,4.16189,3.8178970208248835,-0.3439929791751162,-8.265306847973305
Nb3Al1,Al1Nb3,L12,Nb,Al,4.13496,3.773835702845467,-0.3611242971545332,-8.733441125295847
Nb3Au1,Au1Nb3,L12,Nb,Au,4.15649,3.8203038026109706,-0.3361861973890292,-8.088223414203553
Nb3Ba1,Ba1Nb3,L12,Nb,Ba,4.47675,4.297520275521477,-0.1792297244785228,-4.003567866834708
Nb3Ca1,Ca1Nb3,L12,Nb,Ca,4.35299,4.12942931520275,-0.22356068479725,-5.135795965468563
Nb3Cd1,Cd1Nb3,L12,Nb,Cd,4.20701,3.868057059058939,-0.33895294094106143,-8.056860833253578
Nb3Ce1,Ce1Nb3,L12,Nb,Ce,4.37392,3.964262389646713,-0.4096576103532872,-9.365914565270677
Nb3Co1,Co1Nb3,L12,Nb,Co,4.04166,3.590698874656193,-0.4509611253438073,-11.157819444085035
Nb3Cr1,Cr1Nb3,L12,Nb,Cr,4.09461,3.64925035115154,-0.44535964884846013,-10.876729379561425
Nb3Cu1,Cu1Nb3,L12,Nb,Cu,4.06668,3.6586675652551333,-0.4080124347448666,-10.033059762382743
Nb3Dy1,Dy1Nb3,L12,Nb,Dy,5.02172,3.994566294211983,-1.0271537057880171,-20.454220979823987
Nb3Er1,Er1Nb3,L12,Nb,Er,3.93222,3.862451963079828,-0.06976803692017208,-1.7742658579675625
Nb3Eu1,Eu1Nb3,L12,Nb,Eu,4.32537,4.064294297016478,-0.261075702983522,-6.035916071538897
Nb3Fe1,Fe1Nb3,L12,Nb,Fe,4.04777,3.6102512916097638,-0.4375187083902361,-10.808882628959553
Nb3Ga1,Ga1Nb3,L12,Nb,Ga,4.11778,3.801748742363451,-0.3160312576365487,-7.674797042011685
Nb3Gd1,Gd1Nb3,L12,Nb,Gd,4.47328,4.051753300272636,-0.4215266997273641,-9.42321293832186
Nb3Ge1,Ge1Nb3,L12,Nb,Ge,4.11354,3.811570195184015,-0.30196980481598557,-7.340874400540303
Nb3Hf1,Hf1Nb3,L12,Nb,Hf,4.27801,3.896690970956905,-0.381319029043095,-8.913467454332622
Nb3Hg1,Hg1Nb3,L12,Nb,Hg,4.20505,3.924136791404118,-0.28091320859588187,-6.680377369969011
Nb3Ho1,Ho1Nb3,L12,Nb,Ho,7.0507,3.970321210296685,-3.080378789703315,-43.6889782532701
Nb3In1,In1Nb3,L12,Nb,In,4.22833,3.9844379245720383,-0.24389207542796143,-5.768047324309158
Nb3Ir1,Ir1Nb3,L12,Nb,Ir,4.11208,3.697732704048811,-0.4143472959511887,-10.076343260617223
Nb3La1,La1Nb3,L12,Nb,La,4.43525,4.120499078483,-0.3147509215169997,-7.096576777340616
Nb3Lu1,Lu1Nb3,L12,Nb,Lu,4.3342,4.00992470629259,-0.3242752937074105,-7.481779652702008
Nb3Mg1,Mg1Nb3,L12,Nb,Mg,4.19637,3.9003336802719737,-0.29603631972802624,-7.054580976606596
Nb3Mn1,Mn1Nb3,L12,Nb,Mn,4.06689,3.638703259081598,-0.4281867409184019,-10.528603943514625
Nb3Mo1,Mo1Nb3,L12,Nb,Mo,4.1669,3.7723350155867337,-0.3945649844132664,-9.469029360274217
Nb3Nb1,Nb4,L12,Nb,Nb,4.22692,3.8377503355370344,-0.3891696644629654,-9.206932339929912
Nb3Nd1,Nd1Nb3,L12,Nb,Nd,4.2607,3.994001809287006,-0.2666981907129937,-6.259492353674132
Nb3Ni1,Ni1Nb3,L12,Nb,Ni,4.04495,3.607366691111366,-0.43758330888863384,-10.818015275556776
Nb3Os1,Os1Nb3,L12,Nb,Os,4.11306,3.710508423596657,-0.40255157640334316,-9.787155460979008
Nb3Pb1,Pb1Nb3,L12,Nb,Pb,4.26698,4.080515450464106,-0.1864645495358941,-4.369941962134673
Nb3Pd1,Pd1Nb3,L12,Nb,Pd,4.12275,3.7242346644657442,-0.39851533553425567,-9.666250331314187
Nb3Pr1,Pr1Nb3,L12,Nb,Pr,4.36349,3.995320303372211,-0.36816969662778876,-8.437505222374494
Nb3Pt1,Pt1Nb3,L12,Nb,Pt,4.1221,3.7362501907727634,-0.3858498092272362,-9.360515495190224
Nb3Re1,Re1Nb3,L12,Nb,Re,4.13523,3.7196050952388724,-0.41562490476112757,-10.050829210494399
Nb3Rh1,Rh1Nb3,L12,Nb,Rh,4.10755,3.6782462131947145,-0.42930378680528536,-10.451577870148517
Nb3Ru1,Ru1Nb3,L12,Nb,Ru,4.10569,3.707891987967446,-0.39779801203255394,-9.688944173392388
Nb3Sc1,Sc1Nb3,L12,Nb,Sc,4.26702,3.927302373116765,-0.3397176268832345,-7.961472570628554
Nb3Si1,Si1Nb3,L12,Nb,Si,4.08126,3.713445294779568,-0.36781470522043236,-9.012283099347563
Nb3Sn1,Sn1Nb3,L12,Nb,Sn,4.23092,4.0008242528119595,-0.2300957471880407,-5.438432945743259
Nb3Sr1,Sr1Nb3,L12,Nb,Sr,4.44219,4.179057875591402,-0.2631321244085978,-5.923477483146777
Nb3Ta1,Ta1Nb3,L12,Nb,Ta,4.22492,3.8092719741122125,-0.4156480258877875,-9.83800937977021
Nb3Tb1,Tb1Nb3,L12,Nb,Tb,4.01974,3.938050526730324,-0.0816894732696758,-2.032207885825347
Nb3Tc1,Tc1Nb3,L12,Nb,Tc,4.12949,3.70735805722404,-0.4221319427759598,-10.22237474303025
Nb3Ti1,Ti1Nb3,L12,Nb,Ti,4.18758,3.7621561821585576,-0.425423817841442,-10.159180668582858
Nb3Tm1,Tm1Nb3,L12,Nb,Tm,4.02728,3.9487426239788816,-0.07853737602111854,-1.9501344833515062
Nb3V1,V1Nb3,L12,Nb,V,4.13409,3.7057667967501744,-0.4283232032498252,-10.36076145535838
Nb3W1,W1Nb3,L12,Nb,W,4.17262,3.7833674111685642,-0.389252588831436,-9.328733237904146
Nb3Y1,Y1Nb3,L12,Nb,Y,4.37071,4.075962094255859,-0.2947479057441411,-6.743707675506751
Nb3Zn1,Zn1Nb3,L12,Nb,Zn,4.10493,3.738943079232232,-0.3659869207677686,-8.915789569317104
Nb3Zr1,Zr1Nb3,L12,Nb,Zr,4.29161,3.925091633207136,-0.3665183667928642,-8.540346555089213
Nd3Ag1,Ag1Nd3,L12,Nd,Ag,4.69951,4.012061459528948,-0.6874485404710517,-14.628089747038558
Nd3Al1,Al1Nd3,L12,Nd,Al,4.71219,3.968000141549533,-0.7441898584504667,-15.79286612913458
Nd3Au1,Au1Nd3,L12,Nd,Au,4.69458,4.014468241315036,-0.6801117586849639,-14.487169431236953
Nd3Ba1,Ba1Nd3,L12,Nd,Ba,5.06602,4.491684714225543,-0.574335285774457,-11.337011811529702
Nd3Ca1,Ca1Nd3,L12,Nd,Ca,5.02661,4.323593753906816,-0.7030162460931839,-13.985892004615117
Nd3Cd1,Cd1Nd3,L12,Nd,Cd,4.66297,4.062221497763005,-0.6007485022369945,-12.88338767431475
Nd3Ce1,Ce1Nd3,L12,Nd,Ce,4.74127,4.1584268283507795,-0.5828431716492206,-12.292975756479184
Nd3Co1,Co1Nd3,L12,Nd,Co,4.4895,3.7848633133602596,-0.70463668663974,-15.69521520525092
Nd3Cr1,Cr1Nd3,L12,Nd,Cr,4.52782,3.8434147898556055,-0.6844052101443947,-15.115556937872853
Nd3Cu1,Cu1Nd3,L12,Nd,Cu,4.49281,3.8528320039592,-0.6399779960408005,-14.244492779369713
Nd3Dy1,Dy1Nd3,L12,Nd,Dy,3.99796,4.188730732916048,0.1907707329160484,4.771701890865552
Nd3Er1,Er1Nd3,L12,Nd,Er,4.2058,4.056616401783894,-0.14918359821610583,-3.5470920684793814
Nd3Eu1,Eu1Nd3,L12,Nd,Eu,4.62219,4.258458735720544,-0.3637312642794557,-7.869240863734631
Nd3Fe1,Fe1Nd3,L12,Nd,Fe,4.0,3.804415730313829,-0.19558426968617093,-4.889606742154273
Nd3Ga1,Ga1Nd3,L12,Nd,Ga,4.67906,3.9959131810675177,-0.6831468189324821,-14.600086746750032
Nd3Gd1,Gd1Nd3,L12,Nd,Gd,4.25759,4.245917738976702,-0.011672261023297992,-0.274151832921864
Nd3Ge1,Ge1Nd3,L12,Nd,Ge,4.64529,4.005734633888081,-0.6395553661119191,-13.767824314777313
Nd3Hf1,Hf1Nd3,L12,Nd,Hf,4.75398,4.09085540966097,-0.6631245903390299,-13.948830040072316
Nd3Hg1,Hg1Nd3,L12,Nd,Hg,4.77516,4.118301230108183,-0.6568587698918167,-13.755743679621556
Nd3Ho1,Ho1Nd3,L12,Nd,Ho,4.0,4.164485649000752,0.1644856490007518,4.112141225018795
Nd3In1,In1Nd3,L12,Nd,In,4.83415,4.178602363276105,-0.6555476367238953,-13.560763251531194
Nd3Ir1,Ir1Nd3,L12,Nd,Ir,4.55014,3.891897142752877,-0.6582428572471231,-14.46643086250364
Nd3La1,La1Nd3,L12,Nd,La,4.92625,4.314663517187067,-0.6115864828129327,-12.414848674203153
Nd3Lu1,Lu1Nd3,L12,Nd,Lu,4.86714,4.204089144996655,-0.6630508550033447,-13.623007659597725
Nd3Mg1,Mg1Nd3,L12,Nd,Mg,4.87146,4.094498118976039,-0.7769618810239605,-15.949261228132027
Nd3Mn1,Mn1Nd3,L12,Nd,Mn,4.57339,3.8328676977856637,-0.7405223022143361,-16.191977990382107
Nd3Mo1,Mo1Nd3,L12,Nd,Mo,4.58706,3.966499454290799,-0.6205605457092012,-13.52850291274152
Nd3Nb1,Nb1Nd3,L12,Nd,Nb,4.65138,4.0319147742411,-0.6194652257588995,-13.31788040880125
Nd3Nd1,Nd4,L12,Nd,Nd,4.83934,4.188166247991072,-0.651173752008928,-13.455838027684106
Nd3Ni1,Ni1Nd3,L12,Nd,Ni,4.50401,3.8015311298154324,-0.7024788701845677,-15.596743128558055
Nd3Os1,Os1Nd3,L12,Nd,Os,4.52295,3.9046728623007225,-0.6182771376992773,-13.669776090809698
Nd3Pb1,Pb1Nd3,L12,Nd,Pb,4.86188,4.274679889168172,-0.5872001108318283,-12.07763480036176
Nd3Pd1,Pd1Nd3,L12,Nd,Pd,4.3935,3.918399103169811,-0.4751008968301895,-10.81372247252053
Nd3Pr1,Pr1Nd3,L12,Nd,Pr,4.75361,4.189484742076277,-0.564125257923723,-11.867302069873697
Nd3Pt1,Pt1Nd3,L12,Nd,Pt,4.60757,3.93041462947683,-0.6771553705231699,-14.696583459896864
Nd3Re1,Re1Nd3,L12,Nd,Re,4.53541,3.913769533942938,-0.6216404660570616,-13.706378608704872
Nd3Rh1,Rh1Nd3,L12,Nd,Rh,4.14343,3.87241065189878,-0.2710193481012202,-6.540941879100652
Nd3Ru1,Ru1Nd3,L12,Nd,Ru,4.54055,3.902056426671512,-0.6384935733284878,-14.062031545264073
Nd3Sc1,Sc1Nd3,L12,Nd,Sc,4.81294,4.121466811820831,-0.6914731881791694,-14.36696048941332
Nd3Si1,Si1Nd3,L12,Nd,Si,4.59708,3.9076097334836337,-0.6894702665163663,-14.998004527142584
Nd3Sm1,Sm1Nd3,L12,Nd,Sm,4.0875,4.248423723741772,0.16092372374177177,3.9369718346610827
Nd3Sn1,Sn1Nd3,L12,Nd,Sn,4.81703,4.194988691516024,-0.6220413084839755,-12.913378336526357
Nd3Sr1,Sr1Nd3,L12,Nd,Sr,5.0644,4.373222314295469,-0.6911776857045311,-13.647770430940112
Nd3Ta1,Ta1Nd3,L12,Nd,Ta,4.6405,4.003436412816279,-0.6370635871837216,-13.728339342392449
Nd3Tc1,Tc1Nd3,L12,Nd,Tc,4.54663,3.901522495928106,-0.6451075040718943,-14.188695892823787
Nd3Ti1,Ti1Nd3,L12,Nd,Ti,4.66172,3.9563206208626234,-0.7053993791373765,-15.131740626579385
Nd3Tm1,Tm1Nd3,L12,Nd,Tm,5.00287,4.142907062682948,-0.8599629373170519,-17.18939203531277
Nd3V1,V1Nd3,L12,Nd,V,4.62066,3.89993123545424,-0.7207287645457598,-15.597961428578596
Nd3W1,W1Nd3,L12,Nd,W,4.86926,3.97753184987263,-0.8917281501273697,-18.313422370696365
Nd3Y1,Y1Nd3,L12,Nd,Y,4.93375,4.2701265329599245,-0.6636234670400754,-13.450690996505202
Nd3Zn1,Zn1Nd3,L12,Nd,Zn,4.61439,3.9331075179362975,-0.6812824820637027,-14.764302151827277
Nd3Zr1,Zr1Nd3,L12,Nd,Zr,4.75221,4.1192560719112015,-0.6329539280887984,-13.319148945202302
Ni3Ag1,Ag1Ni3,L12,Ni,Ag,3.68541,3.5316129306147257,-0.15379706938527438,-4.173133230367161
Ni3Al1,Al1Ni3,L12,Ni,Al,3.56359,3.48755161263531,-0.07603838736469015,-2.1337580183099107
Ni3Au1,Au1Ni3,L12,Ni,Au,3.69784,3.5340197124008133,-0.16382028759918654,-4.4301615970184365
Ni3Ba1,Ba1Ni3,L12,Ni,Ba,4.11965,4.01123618531132,-0.10841381468867972,-2.631626829674359
Ni3Ca1,Ca1Ni3,L12,Ni,Ca,3.85622,3.843145224992592,-0.013074775007408057,-0.3390567708120402
Ni3Cd1,Cd1Ni3,L12,Ni,Cd,3.73337,3.581772968848782,-0.1515970311512178,-4.060594882136456
Ni3Ce1,Ce1Ni3,L12,Ni,Ce,3.87906,3.6779782994365555,-0.20108170056344443,-5.1837739185123315
Ni3Co1,Co1Ni3,L12,Ni,Co,3.51937,3.304414784446036,-0.2149552155539638,-6.107775413041646
Ni3Cr1,Cr1Ni3,L12,Ni,Cr,3.54695,3.362966260941383,-0.18398373905861698,-5.187097056869057
Ni3Cu1,Cu1Ni3,L12,Ni,Cu,3.53892,3.3723834750449764,-0.1665365249550237,-4.705857294175163
Ni3Dy1,Dy1Ni3,L12,Ni,Dy,3.96915,3.7082822040018257,-0.2608677959981742,-6.572384414753139
Ni3Er1,Er1Ni3,L12,Ni,Er,3.83791,3.576167872869671,-0.26174212713032885,-6.819913107142399
Ni3Eu1,Eu1Ni3,L12,Ni,Eu,4.0,3.778010206806321,-0.22198979319367895,-5.549744829841973
Ni3Fe1,Fe1Ni3,L12,Ni,Fe,3.54298,3.323967201399606,-0.21901279860039402,-6.181598501837268
Ni3Ga1,Ga1Ni3,L12,Ni,Ga,3.58106,3.515464652153294,-0.06559534784670573,-1.8317299304313732
Ni3Gd1,Gd1Ni3,L12,Ni,Gd,4.0263,3.765469210062479,-0.26083078993752107,-6.478175742928273
Ni3Ge1,Ge1Ni3,L12,Ni,Ge,3.57871,3.525286104973857,-0.053423895026142976,-1.4928254881268104
Ni3Hf1,Hf1Ni3,L12,Ni,Hf,3.72196,3.6104068807467464,-0.11155311925325373,-2.9971606157307904
Ni3Hg1,Hg1Ni3,L12,Ni,Hg,3.75437,3.6378527011939603,-0.11651729880603989,-3.1035113429427543
Ni3Ho1,Ho1Ni3,L12,Ni,Ho,3.83284,3.684037120086528,-0.14880287991347219,-3.882313895531047
Ni3In1,In1Ni3,L12,Ni,In,3.74456,3.698153834361881,-0.046406165638118946,-1.2392955551017728
Ni3Ir1,Ir1Ni3,L12,Ni,Ir,3.61203,3.411448613838654,-0.2005813861613457,-5.553148400244342
Ni3La1,La1Ni3,L12,Ni,La,3.96167,3.834214988272844,-0.127455011727156,-3.2172041519651056
Ni3Lu1,Lu1Ni3,L12,Ni,Lu,3.81249,3.7236406160824322,-0.08884938391756769,-2.330481756478514
Ni3Mg1,Mg1Ni3,L12,Ni,Mg,3.65113,3.6140495900618164,-0.037080409938183845,-1.0155872274661226
Ni3Mn1,Mn1Ni3,L12,Ni,Mn,3.55945,3.3524191688714406,-0.20703083112855936,-5.816371381212248
Ni3Mo1,Mo1Ni3,L12,Ni,Mo,3.63894,3.4860509253765763,-0.1528890746234235,-4.201472808659211
Ni3Nb1,Nb1Ni3,L12,Ni,Nb,3.69073,3.551466245326877,-0.1392637546731228,-3.773339005376248
Ni3Nd1,Nd1Ni3,L12,Ni,Nd,4.0,3.707717719076849,-0.2922822809231511,-7.307057023078778
Ni3Ni1,Ni4,L12,Ni,Ni,3.51631,3.321082600901209,-0.19522739909879094,-5.552053120993056
Ni3Os1,Os1Ni3,L12,Ni,Os,3.60763,3.4242243333864995,-0.18340566661350044,-5.0838269615648075
Ni3Pb1,Pb1Ni3,L12,Ni,Pb,3.80682,3.7942313602539492,-0.012588639746050845,-0.330686498075844
Ni3Pd1,Pd1Ni3,L12,Ni,Pd,3.63894,3.4379505742555874,-0.20098942574441248,-5.523295952788793
Ni3Pr1,Pr1Ni3,L12,Ni,Pr,4.0,3.709036213162054,-0.290963786837946,-7.274094670948649
Ni3Pt1,Pt1Ni3,L12,Ni,Pt,3.65215,3.4499661005626066,-0.20218389943739323,-5.536023970466526
Ni3Re1,Re1Ni3,L12,Ni,Re,3.61618,3.433321005028715,-0.18285899497128488,-5.0566895168737425
Ni3Rh1,Rh1Ni3,L12,Ni,Rh,3.61052,3.391962122984557,-0.21855787701544305,-6.053362867826325
Ni3Ru1,Ru1Ni3,L12,Ni,Ru,3.59336,3.421607897757289,-0.1717521022427113,-4.779707634156091
Ni3Sc1,Sc1Ni3,L12,Ni,Sc,3.70978,3.641018282906608,-0.06876171709339207,-1.8535254676393769
Ni3Si1,Si1Ni3,L12,Ni,Si,3.50407,3.42716120456941,-0.07690879543058982,-2.1948418676165096
Ni3Sm1,Sm1Ni3,L12,Ni,Sm,4.0,3.7679751948275495,-0.2320248051724505,-5.8006201293112625
Ni3Sn1,Sn1Ni3,L12,Ni,Sn,3.73081,3.7145401626018018,-0.016269837398198206,-0.4360939688217359
Ni3Sr1,Sr1Ni3,L12,Ni,Sr,4.00242,3.892773785381245,-0.1096462146187549,-2.739497969197508
Ni3Ta1,Ta1Ni3,L12,Ni,Ta,3.67675,3.5229878839020556,-0.15376211609794455,-4.182011724972994
Ni3Tb1,Tb1Ni3,L12,Ni,Tb,3.90335,3.6517664365201665,-0.25158356347983357,-6.445324233794908
Ni3Tc1,Tc1Ni3,L12,Ni,Tc,3.61477,3.4210739670138826,-0.19369603298611748,-5.358460786885956
Ni3Ti1,Ti1Ni3,L12,Ni,Ti,3.60409,3.4758720919484003,-0.1282179080515995,-3.5575667658576644
Ni3Tm1,Tm1Ni3,L12,Ni,Tm,3.89452,3.6624585337687243,-0.23206146623127566,-5.958666696570454
Ni3V1,V1Ni3,L12,Ni,V,3.55436,3.4194827065400175,-0.13487729345998245,-3.7946998463853534
Ni3W1,W1Ni3,L12,Ni,W,3.6367,3.497083320958407,-0.13961667904159292,-3.8391035565648233
Ni3Y1,Y1Ni3,L12,Ni,Y,3.86162,3.789678004045701,-0.07194199595429884,-1.8630003976128893
Ni3Zn1,Zn1Ni3,L12,Ni,Zn,3.57796,3.4526589890220745,-0.12530101097792556,-3.5020238062450546
Ni3Zr1,Zr1Ni3,L12,Ni,Zr,3.74829,3.638807542996979,-0.10948245700302106,-2.920864100777183
Os3Ag1,Ag1Os3,L12,Os,Ag,3.90725,3.659781043940921,-0.24746895605907904,-6.333583877639748
Os3Al1,Al1Os3,L12,Os,Al,3.85916,3.6157197259615046,-0.24344027403849555,-6.308115601283583
Os3Au1,Au1Os3,L12,Os,Au,3.90943,3.6621878257270084,-0.24724217427299156,-6.32425121495951
Os3Ba1,Ba1Os3,L12,Os,Ba,4.22046,4.139404298637515,-0.08105570136248552,-1.9205418689546998
Os3Ca1,Ca1Os3,L12,Os,Ca,4.01856,3.971313338318787,-0.04724666168121283,-1.175711241868053
Os3Cd1,Cd1Os3,L12,Os,Cd,3.96109,3.7099410821749768,-0.25114891782502324,-6.340399178635761
Os3Ce1,Ce1Os3,L12,Os,Ce,4.07215,3.8061464127627502,-0.2660035872372495,-6.532263969579939
Os3Co1,Co1Os3,L12,Os,Co,3.76912,3.4325828977722304,-0.33653710222776967,-8.928797762548543
Os3Cr1,Cr1Os3,L12,Os,Cr,3.80045,3.4911343742675776,-0.30931562573242255,-8.13892106809516
Os3Cu1,Cu1Os3,L12,Os,Cu,3.81505,3.5005515883711715,-0.3144984116288283,-8.243624896890692
Os3Dy1,Dy1Os3,L12,Os,Dy,3.81708,3.8364503173280204,0.019370317328020636,0.5074642744721263
Os3Er1,Er1Os3,L12,Os,Er,4.01103,3.7043359861958662,-0.30669401380413364,-7.646265767250149
Os3Eu1,Eu1Os3,L12,Os,Eu,4.18933,3.906178320132516,-0.2831516798674838,-6.758877430698555
Os3Fe1,Fe1Os3,L12,Os,Fe,3.76992,3.452135314725801,-0.3177846852741988,-8.429480871588755
Os3Ga1,Ga1Os3,L12,Os,Ga,3.87165,3.6436327654794884,-0.22801723452051137,-5.889407217091199
Os3Gd1,Gd1Os3,L12,Os,Gd,4.008,3.893637323388674,-0.11436267661132593,-2.8533601948933613
Os3Ge1,Ge1Os3,L12,Os,Ge,3.88112,3.6534542183000522,-0.2276657816999479,-5.86598151306705
Os3Hf1,Hf1Os3,L12,Os,Hf,3.96608,3.7385749940729425,-0.22750500592705736,-5.7362687068101845
Os3Hg1,Hg1Os3,L12,Os,Hg,3.97454,3.7660208145201555,-0.20851918547984472,-5.246372799867273
Os3Ho1,Ho1Os3,L12,Os,Ho,7.05268,3.812205233412723,-3.2404747665872766,-45.946714817449205
Os3In1,In1Os3,L12,Os,In,3.98143,3.8263219476880757,-0.15510805231192437,-3.8957875012727685
Os3Ir1,Ir1Os3,L12,Os,Ir,3.8549,3.5396167271648493,-0.3152832728351509,-8.17876657851438
Os3La1,La1Os3,L12,Os,La,4.14129,3.962383101599038,-0.17890689840096163,-4.320076555879005
Os3Lu1,Lu1Os3,L12,Os,Lu,4.01541,3.8518087294086274,-0.16360127059137275,-4.074335387703192
Os3Mg1,Mg1Os3,L12,Os,Mg,3.89143,3.742217703388011,-0.1492122966119891,-3.8343821323263962
Os3Mn1,Mn1Os3,L12,Os,Mn,3.78058,3.480587282197636,-0.29999271780236425,-7.935097731098516
Os3Mo1,Mo1Os3,L12,Os,Mo,3.87938,3.614219038702771,-0.26516096129722877,-6.835137606968866
Os3Nb1,Nb1Os3,L12,Os,Nb,3.92905,3.6796343586530718,-0.2494156413469284,-6.347988479325241
Os3Nd1,Nd1Os3,L12,Os,Nd,4.03894,3.8358858324030436,-0.2030541675969566,-5.027412330882771
Os3Ni1,Ni1Os3,L12,Os,Ni,3.78383,3.4492507142274036,-0.33457928577259644,-8.842344549638764
Os3Os1,Os4,L12,Os,Os,3.85085,3.5523924467126946,-0.2984575532873053,-7.750433106646722
Os3Pb1,Pb1Os3,L12,Os,Pb,4.03057,3.922399473580144,-0.10817052641985603,-2.683752581393104
Os3Pd1,Pd1Os3,L12,Os,Pd,3.86221,3.5661186875817825,-0.2960913124182176,-7.666370094278084
Os3Pr1,Pr1Os3,L12,Os,Pr,4.03442,3.8372043264882483,-0.19721567351175162,-4.888327777270379
Os3Pt1,Pt1Os3,L12,Os,Pt,3.87291,3.5781342138888017,-0.29477578611119837,-7.611222210461858
Os3Re1,Re1Os3,L12,Os,Re,3.8637,3.5614891183549098,-0.30221088164509036,-7.821799871757391
Os3Rh1,Rh1Os3,L12,Os,Rh,3.84034,3.5201302363107523,-0.3202097636892476,-8.338057663885166
Os3Ru1,Ru1Os3,L12,Os,Ru,3.8375,3.5497760110834835,-0.2877239889165164,-7.497693522254499
Os3Sc1,Sc1Os3,L12,Os,Sc,3.94555,3.7691863962328025,-0.1763636037671974,-4.469937113132451
Os3Si1,Si1Os3,L12,Os,Si,3.82771,3.5553293178956054,-0.2723806821043948,-7.11602190616308
Os3Sm1,Sm1Os3,L12,Os,Sm,3.95237,3.896143308153744,-0.05622669184625595,-1.422606988876445
Os3Sn1,Sn1Os3,L12,Os,Sn,3.97909,3.842708275927997,-0.13638172407200289,-3.4274601497328008
Os3Sr1,Sr1Os3,L12,Os,Sr,4.12402,4.020941898707441,-0.10307810129255923,-2.499456871997692
Os3Ta1,Ta1Os3,L12,Os,Ta,3.92259,3.65115599722825,-0.2714340027717501,-6.919764817932797
Os3Tb1,Tb1Os3,L12,Os,Tb,3.92254,3.7799345498463617,-0.14260545015363846,-3.635538456042219
Os3Tc1,Tc1Os3,L12,Os,Tc,3.85127,3.5492420803400773,-0.3020279196599227,-7.842294091557401
Os3Ti1,Ti1Os3,L12,Os,Ti,3.87699,3.604040205274595,-0.27294979472540515,-7.040250161217984
Os3Tm1,Tm1Os3,L12,Os,Tm,3.99909,3.7906266470949195,-0.20846335290508033,-5.21276972774007
Os3V1,V1Os3,L12,Os,V,3.83016,3.5476508198662127,-0.2825091801337871,-7.3759106704103
Os3W1,W1Os3,L12,Os,W,3.88516,3.625251434284602,-0.2599085657153979,-6.689777659488873
Os3Y1,Y1Os3,L12,Os,Y,4.05242,3.917846117371896,-0.13457388262810355,-3.3208276197458195
Os3Zn1,Zn1Os3,L12,Os,Zn,3.85557,3.580827102348269,-0.274742897651731,-7.125869784538498
Os3Zr1,Zr1Os3,L12,Os,Zr,3.9813,3.7669756563231735,-0.2143243436768265,-5.383275404436403
Pb3Ag1,Ag1Pb3,L12,Pb,Ag,4.76489,4.119566830046452,-0.6453231699535484,-13.543296276588723
Pb3Al1,Al1Pb3,L12,Pb,Al,4.87994,4.075505512067036,-0.8044344879329648,-16.484515955789718
Pb3Au1,Au1Pb3,L12,Pb,Au,4.7844,4.12197361183254,-0.6624263881674599,-13.845547783786053
Pb3Ba1,Ba1Pb3,L12,Pb,Ba,5.13965,4.599190084743046,-0.540459915256954,-10.515500379538569
Pb3Ca1,Ca1Pb3,L12,Pb,Ca,4.95366,4.4310991244243185,-0.5225608755756816,-10.548985509213018
Pb3Cd1,Cd1Pb3,L12,Pb,Cd,4.72745,4.169726868280509,-0.5577231317194915,-11.797546916826015
Pb3Ce1,Ce1Pb3,L12,Pb,Ce,4.82403,4.265932198868281,-0.5580978011317184,-11.569119618487415
Pb3Co1,Co1Pb3,L12,Pb,Co,4.6103,3.8923686838777614,-0.7179313161222383,-15.572334037312938
Pb3Cr1,Cr1Pb3,L12,Pb,Cr,4.79072,3.9509201603731086,-0.8397998396268918,-17.52972078574602
Pb3Cu1,Cu1Pb3,L12,Pb,Cu,4.59975,3.9603373744767025,-0.6394126255232977,-13.901029958656396
Pb3Dy1,Pb3Dy1,L12,Pb,Dy,4.84658,4.296236103433552,-0.5503438965664484,-11.355304081774126
Pb3Er1,Pb3Er1,L12,Pb,Er,4.89968,4.164121772301397,-0.7355582276986032,-15.012372801868759
Pb3Eu1,Eu1Pb3,L12,Pb,Eu,4.94248,4.365964106238047,-0.576515893761953,-11.664506356362656
Pb3Fe1,Fe1Pb3,L12,Pb,Fe,4.62605,3.911921100831332,-0.7141288991686681,-15.437120203384486
Pb3Ga1,Ga1Pb3,L12,Pb,Ga,4.87808,4.10341855158502,-0.7746614484149799,-15.88045805757552
Pb3Gd1,Pb3Gd1,L12,Pb,Gd,4.90861,4.353423109494205,-0.5551868905057953,-11.310470591588969
Pb3Ge1,Ge1Pb3,L12,Pb,Ge,4.8792,4.113240004405584,-0.7659599955944163,-15.698475069569115
Pb3Hf1,Hf1Pb3,L12,Pb,Hf,4.78636,4.198360780178473,-0.5879992198215271,-12.284893318127493
Pb3Hg1,Hg1Pb3,L12,Pb,Hg,4.87456,4.2258066006256865,-0.6487533993743133,-13.308963257695329
Pb3Ho1,Pb3Ho1,L12,Pb,Ho,4.86184,4.271991019518254,-0.5898489804817455,-12.132217030625144
Pb3In1,In1Pb3,L12,Pb,In,4.97806,4.2861077337936075,-0.6919522662063926,-13.900038693916757
Pb3Ir1,Ir1Pb3,L12,Pb,Ir,4.6471,3.9994025132703803,-0.6476974867296197,-13.937670519885945
Pb3La1,La1Pb3,L12,Pb,La,4.97455,4.4221688877045695,-0.5523811122954303,-11.104142330370191
Pb3Lu1,Lu1Pb3,L12,Pb,Lu,4.85058,4.311594515514158,-0.5389854844858419,-11.111773942205714
Pb3Mg1,Mg1Pb3,L12,Pb,Mg,4.90034,4.202003489493542,-0.6983365105064578,-14.250776691136899
Pb3Mn1,Mn1Pb3,L12,Pb,Mn,4.65251,3.940373068303167,-0.7121369316968336,-15.30651050071539
Pb3Mo1,Mo1Pb3,L12,Pb,Mo,4.66998,4.074004824808302,-0.5959751751916977,-12.761835707898058
Pb3Nb1,Nb1Pb3,L12,Pb,Nb,4.72848,4.139420144758604,-0.5890598552413966,-12.45770004824799
Pb3Nd1,Nd1Pb3,L12,Pb,Nd,4.91212,4.2956716185085755,-0.6164483814914243,-12.549538315257452
Pb3Ni1,Ni1Pb3,L12,Pb,Ni,4.62751,3.909036500332935,-0.718473499667065,-15.52613607895099
Pb3Os1,Os1Pb3,L12,Pb,Os,4.63022,4.012178232818226,-0.618041767181774,-13.348000034161961
Pb3Pb1,Pb4,L12,Pb,Pb,5.03077,4.3821852596856745,-0.6485847403143259,-12.892355252065308
Pb3Pd1,Pd1Pb3,L12,Pb,Pd,4.68411,4.025904473687313,-0.6582055263126874,-14.051880214441749
Pb3Pr1,Pr1Pb3,L12,Pb,Pr,4.85574,4.29699011259378,-0.5587498874062202,-11.506997644153522
Pb3Pt1,Pt1Pb3,L12,Pb,Pt,4.68655,4.037919999994332,-0.6486300000056682,-13.840244956432091
Pb3Re1,Re1Pb3,L12,Pb,Re,4.64161,4.021274904460442,-0.6203350955395583,-13.364653547789631
Pb3Rh1,Rh1Pb3,L12,Pb,Rh,4.65565,3.9799160224162833,-0.6757339775837163,-14.514277868476292
Pb3Ru1,Ru1Pb3,L12,Pb,Ru,4.63957,4.009561797189014,-0.6300082028109859,-13.57902139230545
Pb3Sc1,Sc1Pb3,L12,Pb,Sc,4.81218,4.2289721823383335,-0.5832078176616662,-12.119409865417882
Pb3Si1,Si1Pb3,L12,Pb,Si,4.84514,4.015115104001136,-0.8300248959988634,-17.131081785023003
Pb3Sm1,Sm1Pb3,L12,Pb,Sm,4.70233,4.355929094259275,-0.34640090574072513,-7.366580094138972
Pb3Sn1,Sn1Pb3,L12,Pb,Sn,4.99105,4.302494062033528,-0.6885559379664725,-13.795813265073932
Pb3Sr1,Sr1Pb3,L12,Pb,Sr,5.03833,4.480727684812972,-0.5576023151870286,-11.067205109372127
Pb3Ta1,Ta1Pb3,L12,Pb,Ta,4.72713,4.110941783333781,-0.6161882166662185,-13.035144298257473
Pb3Tb1,Tb1Pb3,L12,Pb,Tb,4.88286,4.239720335951893,-0.6431396640481069,-13.171372188596578
Pb3Tc1,Tc1Pb3,L12,Pb,Tc,4.64165,4.009027866445609,-0.6326221335543911,-13.62925109722601
Pb3Ti1,Ti1Pb3,L12,Pb,Ti,4.77612,4.063825991380127,-0.7122940086198728,-14.913653941271846
Pb3Tm1,Pb3Tm1,L12,Pb,Tm,4.846,4.2504124332004505,-0.5955875667995496,-12.290292340064994
Pb3V1,V1Pb3,L12,Pb,V,4.76804,4.007436605971743,-0.7606033940282568,-15.952118565034205
Pb3W1,W1Pb3,L12,Pb,W,4.67145,4.0850372203901335,-0.5864127796098666,-12.553121185282226
Pb3Y1,Y1Pb3,L12,Pb,Y,4.90033,4.377631903477427,-0.5226980965225732,-10.666589730131912
Pb3Zn1,Zn1Pb3,L12,Pb,Zn,4.7301,4.0406128884538,-0.6894871115462005,-14.576586362787264
Pb3Zr1,Zr1Pb3,L12,Pb,Zr,4.78186,4.226761442428704,-0.5550985575712959,-11.608423449688948
Pd3Ag1,Ag1Pd3,L12,Pd,Ag,3.97697,3.676837829326049,-0.30013217067395104,-7.546754707074759
Pd3Al1,Al1Pd3,L12,Pd,Al,3.89692,3.632776511346633,-0.26414348865336734,-6.77826305526845
Pd3Au1,Au1Pd3,L12,Pd,Au,3.98415,3.679244611112136,-0.3049053888878639,-7.652959574510596
Pd3Ba1,Ba1Pd3,L12,Pd,Ba,4.37577,4.156461084022643,-0.2193089159773569,-5.011893129148856
Pd3Ca1,Ca1Pd3,L12,Pd,Ca,4.13056,3.988370123703915,-0.14218987629608515,-3.4423873832140233
Pd3Cd1,Cd1Pd3,L12,Pd,Cd,4.02719,3.7269978675601045,-0.3001921324398955,-7.454133836245509
Pd3Ce1,Ce1Pd3,L12,Pd,Ce,4.15885,3.8232031981478785,-0.3356468018521217,-8.070663809758026
Pd3Co1,Co1Pd3,L12,Pd,Co,3.85406,3.449639683157359,-0.404420316842641,-10.493358091016772
Pd3Cr1,Cr1Pd3,L12,Pd,Cr,3.89474,3.508191159652706,-0.3865488403472943,-9.924894610353817
Pd3Cu1,Cu1Pd3,L12,Pd,Cu,3.86602,3.5176083737562993,-0.3484116262437005,-9.012152711152567
Pd3Er1,Er1Pd3,L12,Pd,Er,4.1144,3.721392771580994,-0.3930072284190058,-9.551993690914976
Pd3Eu1,Eu1Pd3,L12,Pd,Eu,4.18752,3.923235105517644,-0.26428489448235615,-6.31125091897725
Pd3Fe1,Fe1Pd3,L12,Pd,Fe,3.8816,3.469192100110929,-0.41240789988907123,-10.624688270019353
Pd3Ga1,Ga1Pd3,L12,Pd,Ga,3.91172,3.660689550864617,-0.25103044913538275,-6.417393093968453
Pd3Gd1,Gd1Pd3,L12,Pd,Gd,4.14708,3.910694108773802,-0.23638589122619802,-5.7000562136780095
Pd3Ge1,Ge1Pd3,L12,Pd,Ge,3.9257,3.670511003685181,-0.25518899631481906,-6.500471159661184
Pd3Hf1,Hf1Pd3,L12,Pd,Hf,3.99634,3.7556317794580694,-0.24070822054193064,-6.023216756880812
Pd3Hg1,Hg1Pd3,L12,Pd,Hg,4.04473,3.7830775999052833,-0.26165240009471713,-6.468970737100303
Pd3Ho1,Ho1Pd3,L12,Pd,Ho,4.0,3.8292620187978508,-0.17073798120214922,-4.268449530053731
Pd3In1,In1Pd3,L12,Pd,In,4.0323,3.843378733073204,-0.18892126692679634,-4.685198693718134
Pd3Ir1,Ir1Pd3,L12,Pd,Ir,3.90772,3.556673512549977,-0.35104648745002276,-8.98340944207934
Pd3La1,La1Pd3,L12,Pd,La,4.22984,3.979439886984166,-0.2504001130158344,-5.919848339791444
Pd3Lu1,Lu1Pd3,L12,Pd,Lu,4.08677,3.868865514793755,-0.2179044852062444,-5.33194883015791
Pd3Mg1,Mg1Pd3,L12,Pd,Mg,3.96087,3.7592744887731393,-0.2015955112268606,-5.089677551317276
Pd3Mn1,Mn1Pd3,L12,Pd,Mn,3.91003,3.4976440675827636,-0.4123859324172363,-10.546873870973785
Pd3Mo1,Mo1Pd3,L12,Pd,Mo,3.93993,3.6312758240878993,-0.30865417591210065,-7.834001515562476
Pd3Nb1,Nb1Pd3,L12,Pd,Nb,3.97645,3.6966911440381995,-0.2797588559618003,-7.0353922710407595
Pd3Nd1,Nd1Pd3,L12,Pd,Nd,4.16899,3.852942617788172,-0.31604738221182815,-7.580910057635738
Pd3Ni1,Ni1Pd3,L12,Pd,Ni,3.84667,3.466307499612532,-0.3803625003874682,-9.888098027318907
Pd3Os1,Os1Pd3,L12,Pd,Os,3.89941,3.5694492320978224,-0.32996076790217765,-8.461812630684582
Pd3Pb1,Pb1Pd3,L12,Pd,Pb,4.10274,3.939456258965272,-0.16328374103472765,-3.979870550771622
Pd3Pd1,Pd4,L12,Pd,Pd,3.93144,3.5831754729669103,-0.3482645270330895,-8.858446956664467
Pd3Pr1,Pr1Pd3,L12,Pd,Pr,4.1629,3.854261111873377,-0.30863888812662266,-7.414035603224259
Pd3Pt1,Pt1Pd3,L12,Pd,Pt,3.93334,3.5951909992739295,-0.33814900072607035,-8.596993921859548
Pd3Re1,Re1Pd3,L12,Pd,Re,3.91823,3.578545903740038,-0.3396840962599619,-8.669325084539752
Pd3Rh1,Rh1Pd3,L12,Pd,Rh,3.90636,3.53718702169588,-0.36917297830411977,-9.45056211675626
Pd3Ru1,Ru1Pd3,L12,Pd,Ru,3.91435,3.5668327964686113,-0.34751720353138893,-8.878030925476487
Pd3Sc1,Sc1Pd3,L12,Pd,Sc,4.0,3.7862431816179307,-0.21375681838206928,-5.3439204595517324
Pd3Si1,Si1Pd3,L12,Pd,Si,3.86582,3.572386103280733,-0.2934338967192667,-7.590469724903557
Pd3Sm1,Sm1Pd3,L12,Pd,Sm,4.17494,3.9132000935388724,-0.2617399064611279,-6.269309414294047
Pd3Sn1,Sn1Pd3,L12,Pd,Sn,4.03215,3.859765061313125,-0.17238493868687454,-4.275261056430802
Pd3Sr1,Sr1Pd3,L12,Pd,Sr,4.25511,4.037998684092568,-0.21711131590743182,-5.102366705148206
Pd3Ta1,Ta1Pd3,L12,Pd,Ta,3.95918,3.6682127826133786,-0.29096721738662135,-7.349178804364069
Pd3Tb1,Tb1Pd3,L12,Pd,Tb,4.03491,3.7969913352314895,-0.23791866476851053,-5.89650487293423
Pd3Tc1,Tc1Pd3,L12,Pd,Tc,3.92972,3.5662988657252055,-0.3634211342747946,-9.248015997953916
Pd3Ti1,Ti1Pd3,L12,Pd,Ti,3.91236,3.6210969906597232,-0.2912630093402768,-7.444688355373145
Pd3Tm1,Tm1Pd3,L12,Pd,Tm,4.0,3.8076834324800473,-0.19231656751995274,-4.8079141879988185
Pd3V1,V1Pd3,L12,Pd,V,3.88829,3.5647076052513404,-0.3235823947486596,-8.321971734326903
Pd3W1,W1Pd3,L12,Pd,W,3.93667,3.64230821966973,-0.29436178033027005,-7.477430933511574
Pd3Y1,Y1Pd3,L12,Pd,Y,4.12509,3.9349029027570244,-0.19018709724297578,-4.610495704165867
Pd3Zn1,Zn1Pd3,L12,Pd,Zn,3.90545,3.5978838877333974,-0.3075661122666027,-7.875305336557956
Pd3Zr1,Zr1Pd3,L12,Pd,Zr,4.02164,3.7840324417083018,-0.23760755829169788,-5.90822545756701
Pr3Ag1,Ag1Pr3,L12,Pr,Ag,4.66139,4.01369987392495,-0.6476901260750498,-13.894785162259538
Pr3Al1,Pr3Al1,L12,Pr,Al,4.29673,3.9696385559455343,-0.3270914440544659,-7.612566860251071
Pr3Au1,Au1Pr3,L12,Pr,Au,4.6577,4.016106655711037,-0.641593344288963,-13.774896285483457
Pr3Ba1,Ba1Pr3,L12,Pr,Ba,4.93401,4.493323128621545,-0.4406868713784551,-8.931616907514478
Pr3Ca1,Ca1Pr3,L12,Pr,Ca,4.90362,4.325232168302818,-0.5783878316971824,-11.795119354623369
Pr3Cd1,Cd1Pr3,L12,Pr,Cd,4.62649,4.063859912159007,-0.5626300878409936,-12.161057039807575
Pr3Ce1,Ce1Pr3,L12,Pr,Ce,4.61647,4.1600652427467795,-0.45640475725322016,-9.886444778222758
Pr3Co1,Co1Pr3,L12,Pr,Co,4.41546,3.78650172775626,-0.6289582722437403,-14.244456347554735
Pr3Cr1,Cr1Pr3,L12,Pr,Cr,4.58577,3.8450532042516072,-0.7407167957483929,-16.152506465618487
Pr3Cu1,Cu1Pr3,L12,Pr,Cu,4.44378,3.8544704183552008,-0.5893095816447995,-13.26144817350993
Pr3Er1,Er1Pr3,L12,Pr,Er,6.32336,4.058254816179896,-2.265105183820104,-35.821227698883256
Pr3Eu1,Eu1Pr3,L12,Pr,Eu,4.03253,4.260097150116546,0.2275671501165455,5.643284739767478
Pr3Fe1,Fe1Pr3,L12,Pr,Fe,4.42767,3.806054144709831,-0.6216158552901692,-14.039344740917212
Pr3Ga1,Pr3Ga1,L12,Pr,Ga,4.29962,3.997551595463518,-0.30206840453648187,-7.025467472392489
Pr3Gd1,Gd1Pr3,L12,Pr,Gd,4.0,4.247556153372703,0.2475561533727033,6.188903834317583
Pr3Ge1,Ge1Pr3,L12,Pr,Ge,4.4529,4.007373048284082,-0.4455269517159177,-10.005321289854201
Pr3Hf1,Hf1Pr3,L12,Pr,Hf,4.68665,4.092493824056972,-0.594156175943028,-12.677630630472256
Pr3Hg1,Hg1Pr3,L12,Pr,Hg,4.726,4.119939644504185,-0.6060603554958153,-12.823960124752757
Pr3Ho1,Ho1Pr3,L12,Pr,Ho,4.92618,4.166124063396753,-0.7600559366032469,-15.428911176677405
Pr3In1,In1Pr3,L12,Pr,In,4.76904,4.180240777672105,-0.5887992223278955,-12.346283996944782
Pr3Ir1,Ir1Pr3,L12,Pr,Ir,4.50759,3.8935355571488786,-0.6140544428511219,-13.622677369750171
Pr3La1,La1Pr3,L12,Pr,La,4.8265,4.316301931583068,-0.5101980684169325,-10.570766982636123
Pr3Lu1,Lu1Pr3,L12,Pr,Lu,4.78154,4.205727559392656,-0.5758124406073435,-12.042405597513426
Pr3Mg1,Mg1Pr3,L12,Pr,Mg,4.78187,4.09613653337204,-0.6857334666279593,-14.340278314298786
Pr3Mn1,Mn1Pr3,L12,Pr,Mn,4.4058,3.8345061121816655,-0.5712938878183347,-12.966859317679754
Pr3Mo1,Mo1Pr3,L12,Pr,Mo,4.52933,3.9681378686868007,-0.5611921313131991,-12.39017981275816
Pr3Nb1,Nb1Pr3,L12,Pr,Nb,4.59672,4.033553188637102,-0.5631668113628985,-12.251492615667225
Pr3Nd1,Nd1Pr3,L12,Pr,Nd,4.72696,4.189804662387073,-0.5371553376129272,-11.363653121941528
Pr3Ni1,Ni1Pr3,L12,Pr,Ni,4.4491,3.8031695442114337,-0.6459304557885659,-14.518227412028633
Pr3Os1,Os1Pr3,L12,Pr,Os,4.49048,3.9063112766967243,-0.5841687233032755,-13.009048549448513
Pr3Pb1,Pr3Pb1,L12,Pr,Pb,4.87622,4.276318303564174,-0.5999016964358264,-12.302597020557448
Pr3Pd1,Pd1Pr3,L12,Pr,Pd,4.37533,3.9200375175658113,-0.45529248243418863,-10.405900410579056
Pr3Pr1,Pr4,L12,Pr,Pr,4.6986,4.191123156472278,-0.5074768435277219,-10.800596848587281
Pr3Pt1,Pt1Pr3,L12,Pr,Pt,4.56361,3.9320530438728305,-0.6315569561271692,-13.838977391301388
Pr3Re1,Re1Pr3,L12,Pr,Re,4.49507,3.9154079483389395,-0.5796620516610607,-12.895506669775122
Pr3Rh1,Rh1Pr3,L12,Pr,Rh,4.4155,3.874049066294781,-0.5414509337052187,-12.26250557593067
Pr3Ru1,Ru1Pr3,L12,Pr,Ru,4.49006,3.9036948410675127,-0.586365158932487,-13.059183149723768
Pr3Sc1,Sc1Pr3,L12,Pr,Sc,4.7263,4.123105226216832,-0.6031947737831684,-12.76251557842643
Pr3Si1,Si1Pr3,L12,Pr,Si,4.40729,3.909248147879635,-0.49804185212036467,-11.300410277525753
Pr3Sm1,Sm1Pr3,L12,Pr,Sm,5.93005,4.250062138137774,-1.6799878618622257,-28.330079204428728
Pr3Sn1,Pr3Sn1,L12,Pr,Sn,4.68674,4.196627105912026,-0.4901128940879742,-10.457437239701246
Pr3Sr1,Sr1Pr3,L12,Pr,Sr,4.94158,4.37486072869147,-0.5667192713085303,-11.468382001475849
Pr3Ta1,Ta1Pr3,L12,Pr,Ta,4.58858,4.00507482721228,-0.5835051727877207,-12.7164650673568
Pr3Tc1,Tc1Pr3,L12,Pr,Tc,4.49551,3.903160910324107,-0.5923490896758934,-13.176460283169058
Pr3Ti1,Ti1Pr3,L12,Pr,Ti,4.59617,3.9579590352586247,-0.6382109647413752,-13.885712772621012
Pr3Tm1,Tm1Pr3,L12,Pr,Tm,3.92667,4.144545477078949,0.2178754770789486,5.548606760408911
Pr3V1,V1Pr3,L12,Pr,V,4.56101,3.901569649850242,-0.6594403501497577,-14.458208821067215
Pr3W1,W1Pr3,L12,Pr,W,4.52708,3.9791702642686317,-0.547909735731368,-12.102939107136788
Pr3Y1,Y1Pr3,L12,Pr,Y,4.83078,4.271764947355925,-0.5590150526440745,-11.571941852952826
Pr3Zn1,Zn1Pr3,L12,Pr,Zn,4.55112,3.9347459323322984,-0.6163740676677016,-13.543349058423019
Pr3Zr1,Zr1Pr3,L12,Pr,Zr,4.68776,4.120894486307203,-0.5668655136927967,-12.092460230318888
Pt3Ag1,Ag1Pt3,L12,Pt,Ag,3.99209,3.691768811192303,-0.3003211888076973,-7.522906267336089
Pt3Al1,Al1Pt3,L12,Pt,Al,3.91298,3.6477074932128866,-0.26527250678711356,-6.779296259810005
Pt3Au1,Au1Pt3,L12,Pt,Au,4.00591,3.69417559297839,-0.31173440702161015,-7.78186247373531
Pt3Ba1,Ba1Pt3,L12,Pt,Ba,4.35224,4.171392065888897,-0.18084793411110311,-4.155284040197762
Pt3Ca1,Ca1Pt3,L12,Pt,Ca,4.09443,4.00330110557017,-0.09112889442983008,-2.225679628906345
Pt3Cd1,Cd1Pt3,L12,Pt,Cd,4.03788,3.7419288494263596,-0.29595115057364074,-7.32936963390791
Pt3Ce1,Ce1Pt3,L12,Pt,Ce,4.16477,3.838134180014132,-0.32663581998586766,-7.84282973575654
Pt3Co1,Co1Pt3,L12,Pt,Co,3.87801,3.4645706650236128,-0.4134393349763874,-10.661120909342353
Pt3Cr1,Cr1Pt3,L12,Pt,Cr,3.90524,3.5231221415189595,-0.3821178584810405,-9.784747121330328
Pt3Cu1,Cu1Pt3,L12,Pt,Cu,3.89214,3.5325393556225535,-0.35960064437744643,-9.239149783344033
Pt3Dy1,Dy1Pt3,L12,Pt,Dy,3.97024,3.868438084579403,-0.10180191542059713,-2.564124975331394
Pt3Er1,Er1Pt3,L12,Pt,Er,4.10879,3.736323753447248,-0.37246624655275173,-9.06510789192808
Pt3Eu1,Eu1Pt3,L12,Pt,Eu,4.0,3.938166087383898,-0.06183391261610183,-1.5458478154025457
Pt3Fe1,Fe1Pt3,L12,Pt,Fe,3.90624,3.484123081977183,-0.4221169180228168,-10.80622076530927
Pt3Ga1,Ga1Pt3,L12,Pt,Ga,3.93439,3.675620532730871,-0.2587694672691292,-6.5771178573839695
Pt3Gd1,Gd1Pt3,L12,Pt,Gd,4.14333,3.925625090640056,-0.2177049093599437,-5.254346367775285
Pt3Ge1,Ge1Pt3,L12,Pt,Ge,3.96263,3.6854419855514347,-0.2771880144485652,-6.995051631077471
Pt3Hf1,Hf1Pt3,L12,Pt,Hf,4.02027,3.7705627613243244,-0.24970723867567557,-6.211205682097858
Pt3Hg1,Hg1Pt3,L12,Pt,Hg,4.06001,3.7980085817715374,-0.2620014182284627,-6.45322100754586
Pt3Ho1,Ho1Pt3,L12,Pt,Ho,4.0,3.844193000664106,-0.15580699933589415,-3.8951749833973537
Pt3In1,In1Pt3,L12,Pt,In,4.0438,3.8583097149394576,-0.18549028506054244,-4.587029157241764
Pt3Ir1,Ir1Pt3,L12,Pt,Ir,3.93912,3.5716044944162313,-0.36751550558376866,-9.329888543222056
Pt3La1,La1Pt3,L12,Pt,La,4.23433,3.9943708688504205,-0.23995913114957945,-5.666991735400393
Pt3Lu1,Lu1Pt3,L12,Pt,Lu,4.08155,3.883796496660009,-0.1977535033399911,-4.845058944273403
Pt3Mg1,Mg1Pt3,L12,Pt,Mg,3.95719,3.774205470639393,-0.18298452936060716,-4.624102693087952
Pt3Mn1,Mn1Pt3,L12,Pt,Mn,3.91793,3.5125750494490178,-0.40535495055098236,-10.346150915176697
Pt3Mo1,Mo1Pt3,L12,Pt,Mo,3.96421,3.646206805954153,-0.318003194045847,-8.02185540235878
Pt3Nb1,Nb1Pt3,L12,Pt,Nb,3.99962,3.7116221259044546,-0.28799787409554556,-7.200630912325309
Pt3Nd1,Nd1Pt3,L12,Pt,Nd,4.1584,3.8678735996544256,-0.29052640034557475,-6.986494814004779
Pt3Ni1,Ni1Pt3,L12,Pt,Ni,3.86979,3.4812384814787865,-0.3885515185212136,-10.040635758560894
Pt3Os1,Os1Pt3,L12,Pt,Os,3.92967,3.5843802139640766,-0.34528978603592364,-8.786737462329498
Pt3Pb1,Pb1Pt3,L12,Pt,Pb,4.12081,3.954387240831526,-0.1664227591684737,-4.038593363160974
Pt3Pd1,Pd1Pt3,L12,Pt,Pd,3.95068,3.5981064548331645,-0.3525735451668357,-8.924376187563551
Pt3Pr1,Pr1Pt3,L12,Pt,Pr,4.15783,3.8691920937396307,-0.288637906260369,-6.942032412589476
Pt3Pt1,Pt4,L12,Pt,Pt,3.96176,3.6101219811401837,-0.35163801885981627,-8.875803149605636
Pt3Re1,Re1Pt3,L12,Pt,Re,3.94598,3.5934768856062917,-0.3525031143937083,-8.933221009577046
Pt3Rh1,Rh1Pt3,L12,Pt,Rh,3.9264,3.5521180035621343,-0.37428199643786586,-9.532446934542223
Pt3Ru1,Ru1Pt3,L12,Pt,Ru,3.91906,3.581763778334866,-0.33729622166513407,-8.606559268424931
Pt3Sc1,Sc1Pt3,L12,Pt,Sc,4.0,3.8011741634841845,-0.19882583651581553,-4.970645912895389
Pt3Si1,Si1Pt3,L12,Pt,Si,3.90555,3.5873170851469873,-0.3182329148530125,-8.148222781759612
Pt3Sm1,Sm1Pt3,L12,Pt,Sm,4.17219,3.928131075405126,-0.24405892459487344,-5.8496598811385265
Pt3Sn1,Sn1Pt3,L12,Pt,Sn,4.053,3.874696043179379,-0.17830395682062106,-4.399308088344956
Pt3Sr1,Sr1Pt3,L12,Pt,Sr,4.21437,4.052929665958822,-0.16144033404117764,-3.8307109731983107
Pt3Ta1,Ta1Pt3,L12,Pt,Ta,3.98764,3.6831437644796323,-0.30449623552036753,-7.63600113150554
Pt3Tb1,Pt3Tb1,L12,Pt,Tb,4.59918,3.811922317097744,-0.7872576829022555,-17.117348807880003
Pt3Tc1,Tc1Pt3,L12,Pt,Tc,3.93687,3.58122984759146,-0.35564015240853974,-9.033576227016379
Pt3Ti1,Ti1Pt3,L12,Pt,Ti,3.93913,3.636027972525977,-0.30310202747402304,-7.694643930868568
Pt3Tm1,Tm1Pt3,L12,Pt,Tm,3.99927,3.8226144143463014,-0.17665558565369865,-4.417195779572238
Pt3V1,V1Pt3,L12,Pt,V,3.91025,3.5796385871175946,-0.33061141288240536,-8.45499425567177
Pt3W1,W1Pt3,L12,Pt,W,3.96555,3.6572392015359845,-0.30831079846401543,-7.774729822194032
Pt3Y1,Y1Pt3,L12,Pt,Y,4.1181,3.949833884623278,-0.16826611537672198,-4.086013340538646
Pt3Zn1,Zn1Pt3,L12,Pt,Zn,3.92617,3.612814869599651,-0.3133551304003488,-7.9811910946380005
Pt3Zr1,Zr1Pt3,L12,Pt,Zr,4.0407,3.7989634235745555,-0.24173657642544466,-5.982542045324935
Re3Ag1,Ag1Re3,L12,Re,Ag,3.92546,3.671084938240901,-0.2543750617590992,-6.480133838049533
Re3Al1,Al1Re3,L12,Re,Al,3.89538,3.6270236202614856,-0.26835637973851423,-6.889093740238803
Re3Au1,Au1Re3,L12,Re,Au,3.93238,3.6734917200269894,-0.2588882799730108,-6.583501085170069
Re3Ba1,Ba1Re3,L12,Re,Ba,4.22892,4.150708192937496,-0.07821180706250352,-1.8494510906449764
Re3Ca1,Ca1Re3,L12,Re,Ca,4.07074,3.9826172326187685,-0.08812276738123126,-2.1647849624695086
Re3Cd1,Cd1Re3,L12,Re,Cd,3.97939,3.721244976474958,-0.25814502352504176,-6.487050113837592
Re3Ce1,Ce1Re3,L12,Re,Ce,4.12005,3.8174503070627317,-0.3025996929372683,-7.344563608142335
Re3Co1,Co1Re3,L12,Re,Co,3.80613,3.443886792072212,-0.3622432079277882,-9.517362988857139
Re3Cr1,Cr1Re3,L12,Re,Cr,3.84738,3.5024382685675586,-0.3449417314324412,-8.965626775427465
Re3Cu1,Cu1Re3,L12,Re,Cu,3.8399,3.511855482671152,-0.328044517328848,-8.543048447325399
Re3Dy1,Dy1Re3,L12,Re,Dy,6.95298,3.847754211628002,-3.1052257883719983,-44.6603584128244
Re3Er1,Er1Re3,L12,Re,Er,4.0,3.715639880495847,-0.2843601195041532,-7.10900298760383
Re3Eu1,Eu1Re3,L12,Re,Eu,3.99518,3.917482214432497,-0.07769778556750317,-1.944788108858754
Re3Fe1,Fe1Re3,L12,Re,Fe,3.81094,3.4634392090257813,-0.3475007909742187,-9.118505958483174
Re3Ga1,Ga1Re3,L12,Re,Ga,3.90316,3.65493665977947,-0.24822334022053028,-6.359548166627303
Re3Gd1,Gd1Re3,L12,Re,Gd,4.0,3.904941217688655,-0.0950587823113449,-2.3764695577836226
Re3Ge1,Ge1Re3,L12,Re,Ge,3.90948,3.6647581126000337,-0.24472188739996614,-6.25970429315321
Re3Hf1,Hf1Re3,L12,Re,Hf,4.01849,3.7498788883729226,-0.2686111116270773,-6.684379247604879
Re3Hg1,Hg1Re3,L12,Re,Hg,3.9868,3.7773247088201365,-0.20947529117986363,-5.2542212094879
Re3Ho1,Ho1Re3,L12,Re,Ho,3.5266,3.823509127712704,0.29690912771270384,8.419132527440135
Re3In1,In1Re3,L12,Re,In,4.01366,3.837625841988057,-0.17603415801194267,-4.385876183133167
Re3Ir1,Ir1Re3,L12,Re,Ir,3.89054,3.55092062146483,-0.3396193785351702,-8.729363495431745
Re3La1,La1Re3,L12,Re,La,4.18831,3.973686995899019,-0.21462300410098134,-5.12433425656127
Re3Lu1,Lu1Re3,L12,Re,Lu,4.06418,3.863112623708608,-0.20106737629139237,-4.947304900161714
Re3Mg1,Mg1Re3,L12,Re,Mg,3.93452,3.753521597687992,-0.18099840231200792,-4.600266419080547
Re3Mn1,Mn1Re3,L12,Re,Mn,3.82565,3.491891176497617,-0.3337588235023832,-8.724238325575605
Re3Mo1,Mo1Re3,L12,Re,Mo,3.92626,3.625522933002751,-0.3007370669972489,-7.659631990679397
Re3Nb1,Nb1Re3,L12,Re,Nb,3.97717,3.6909382529530532,-0.28623174704694687,-7.196869810617773
Re3Nd1,Nd1Re3,L12,Re,Nd,4.0607,3.847189726703025,-0.2135102732969747,-5.2579671804608745
Re3Ni1,Ni1Re3,L12,Re,Ni,3.81338,3.460554608527385,-0.35282539147261494,-9.25230088458572
Re3Os1,Os1Re3,L12,Re,Os,3.8945,3.5636963410126756,-0.3308036589873242,-8.494123995052618
Re3Pb1,Pb1Re3,L12,Re,Pb,4.0657,3.9337033678801254,-0.13199663211987422,-3.2465905531611834
Re3Pd1,Pd1Re3,L12,Re,Pd,3.89135,3.577422581881763,-0.313927418118237,-8.067313865836715
Re3Pr1,Pr1Re3,L12,Re,Pr,4.07703,3.8485082207882293,-0.22852177921177041,-5.605104186424197
Re3Pt1,Pt1Re3,L12,Re,Pt,3.90327,3.5894381081887823,-0.31383189181121773,-8.040230161152515
Re3Re1,Re4,L12,Re,Re,3.91,3.572793012654891,-0.33720698734510934,-8.624219625194613
Re3Rh1,Rh1Re3,L12,Re,Rh,3.87753,3.5314341306107333,-0.34609586938926684,-8.925678702402479
Re3Ru1,Ru1Re3,L12,Re,Ru,3.88146,3.561079905383464,-0.32038009461653605,-8.254113004295704
Re3Sc1,Sc1Re3,L12,Re,Sc,3.99651,3.7804902905327835,-0.21601970946721627,-5.405208781342128
Re3Si1,Si1Re3,L12,Re,Si,3.86222,3.5666332121955864,-0.29558678780441383,-7.653287171740963
Re3Sm1,Sm1Re3,L12,Re,Sm,4.04321,3.9074472024537257,-0.13576279754627452,-3.3577973329674813
Re3Sn1,Sn1Re3,L12,Re,Sn,4.01704,3.854012170227978,-0.1630278297720218,-4.058406930775442
Re3Sr1,Sr1Re3,L12,Re,Sr,4.17107,4.032245793007421,-0.13882420699257914,-3.328263658787293
Re3Ta1,Ta1Re3,L12,Re,Ta,3.97329,3.6624598915282314,-0.3108301084717686,-7.822990732409882
Re3Tb1,Tb1Re3,L12,Re,Tb,4.03198,3.7912384441463427,-0.2407415558536572,-5.970802331699493
Re3Tc1,Tc1Re3,L12,Re,Tc,3.89874,3.5605459746400587,-0.33819402535994136,-8.674444188633798
Re3Ti1,Ti1Re3,L12,Re,Ti,3.92738,3.6153440995745765,-0.3120359004254234,-7.945141555577087
Re3Tm1,Tm1Re3,L12,Re,Tm,4.06276,3.8019305413949005,-0.26082945860509943,-6.420006562167084
Re3V1,V1Re3,L12,Re,V,3.87935,3.5589547141661932,-0.32039528583380683,-8.258994053998912
Re3W1,W1Re3,L12,Re,W,3.93507,3.636555328584583,-0.298514671415417,-7.586006638139016
Re3Y1,Y1Re3,L12,Re,Y,4.10466,3.929150011671877,-0.1755099883281228,-4.275871529630294
Re3Zn1,Zn1Re3,L12,Re,Zn,3.88036,3.5921309966482506,-0.2882290033517494,-7.427893374628884
Re3Zr1,Zr1Re3,L12,Re,Zr,4.03326,3.778279550623155,-0.2549804493768453,-6.321944267834091
Rh3Ag1,Ag1Rh3,L12,Rh,Ag,3.89807,3.619690708639064,-0.278379291360936,-7.1414646571492035
Rh3Al1,Al1Rh3,L12,Rh,Al,3.82007,3.575629390659648,-0.24444060934035194,-6.398851574456802
Rh3Au1,Au1Rh3,L12,Rh,Au,3.90563,3.6220974904251517,-0.2835325095748482,-7.259584486365791
Rh3Ba1,Ba1Rh3,L12,Rh,Ba,4.25258,4.099313963335658,-0.15326603666434213,-3.6040718026313936
Rh3Ca1,Ca1Rh3,L12,Rh,Ca,4.01648,3.9312230030169304,-0.08525699698306921,-2.1226794850981263
Rh3Cd1,Cd1Rh3,L12,Rh,Cd,3.93957,3.6698507468731205,-0.2697192531268793,-6.846413520431907
Rh3Ce1,Ce1Rh3,L12,Rh,Ce,4.0525,3.766056077460894,-0.2864439225391062,-7.068326281039019
Rh3Co1,Co1Rh3,L12,Rh,Co,3.77196,3.3924925624703746,-0.3794674375296254,-10.060219024847171
Rh3Cr1,Cr1Rh3,L12,Rh,Cr,3.76491,3.4510440389657213,-0.31386596103427866,-8.336612589259202
Rh3Cu1,Cu1Rh3,L12,Rh,Cu,3.79032,3.460461253069315,-0.32985874693068507,-8.702662227217889
Rh3Dy1,Dy1Rh3,L12,Rh,Dy,4.0162,3.7963599820261638,-0.21984001797383668,-5.473831432046129
Rh3Er1,Er1Rh3,L12,Rh,Er,4.01017,3.6642456508940096,-0.34592434910599,-8.626176673457486
Rh3Eu1,Eu1Rh3,L12,Rh,Eu,4.1183,3.8660879848306595,-0.2522120151693401,-6.124177820201057
Rh3Fe1,Fe1Rh3,L12,Rh,Fe,3.74288,3.412044979423945,-0.33083502057605507,-8.839049624248041
Rh3Ga1,Ga1Rh3,L12,Rh,Ga,3.83217,3.6035424301776318,-0.22862756982236832,-5.9660080273674785
Rh3Gd1,Gd1Rh3,L12,Rh,Gd,4.05596,3.8535469880868174,-0.2024130119131824,-4.990508089655283
Rh3Ge1,Ge1Rh3,L12,Rh,Ge,3.83965,3.6133638829981956,-0.22628611700180423,-5.893404789546032
Rh3Hf1,Hf1Rh3,L12,Rh,Hf,3.92869,3.698484658771086,-0.23020534122891423,-5.859595468945481
Rh3Hg1,Hg1Rh3,L12,Rh,Hg,3.95973,3.725930479218299,-0.2337995207817012,-5.9044308774007614
Rh3Ho1,Ho1Rh3,L12,Rh,Ho,3.99509,3.7721148981108663,-0.2229751018891335,-5.581228505218493
Rh3In1,In1Rh3,L12,Rh,In,3.95091,3.7862316123862194,-0.1646783876137805,-4.168112855361942
Rh3Ir1,Ir1Rh3,L12,Rh,Ir,3.83111,3.4995263918629926,-0.33158360813700716,-8.655027084500503
Rh3La1,La1Rh3,L12,Rh,La,4.13219,3.9222927662971814,-0.2098972337028182,-5.079563952839009
Rh3Lu1,Lu1Rh3,L12,Rh,Lu,4.0036,3.8117183941067707,-0.1918816058932289,-4.792726693306746
Rh3Mg1,Mg1Rh3,L12,Rh,Mg,3.87062,3.7021273680861544,-0.16849263191384578,-4.353117379485607
Rh3Mn1,Mn1Rh3,L12,Rh,Mn,3.75079,3.440496946895779,-0.31029305310422073,-8.272738625842042
Rh3Mo1,Mo1Rh3,L12,Rh,Mo,3.8468,3.574128703400915,-0.2726712965990852,-7.088262883411802
Rh3Nb1,Nb1Rh3,L12,Rh,Nb,3.89172,3.6395440233512155,-0.25217597664878433,-6.479807813737482
Rh3Nd1,Nd1Rh3,L12,Rh,Nd,4.02351,3.7957954971011874,-0.22771450289881257,-5.659598283558697
Rh3Ni1,Ni1Rh3,L12,Rh,Ni,3.76854,3.4091603789255474,-0.3593796210744524,-9.536309050041991
Rh3Os1,Os1Rh3,L12,Rh,Os,3.82578,3.512302111410838,-0.31347788858916203,-8.193829456716331
Rh3Pb1,Pb1Rh3,L12,Rh,Pb,4.0093,3.8823091382782877,-0.12699086172171192,-3.167407321021424
Rh3Pd1,Pd1Rh3,L12,Rh,Pd,3.84705,3.526028352279926,-0.321021647720074,-8.344618544601033
Rh3Pr1,Pr1Rh3,L12,Rh,Pr,4.02436,3.7971139911863925,-0.22724600881360724,-5.646761443151389
Rh3Pt1,Pt1Rh3,L12,Rh,Pt,3.85603,3.538043878586945,-0.31798612141305505,-8.24646388677098
Rh3Re1,Re1Rh3,L12,Rh,Re,3.83432,3.521398783053053,-0.31292121694694686,-8.161061594935918
Rh3Rh1,Rh4,L12,Rh,Rh,3.81929,3.4800399010088956,-0.3392500989911045,-8.882543587711446
Rh3Ru1,Ru1Rh3,L12,Rh,Ru,3.81419,3.509685675781627,-0.30450432421837315,-7.983459770445971
Rh3Sc1,Sc1Rh3,L12,Rh,Sc,3.91969,3.7290960609309463,-0.19059393906905386,-4.862474814820914
Rh3Si1,Si1Rh3,L12,Rh,Si,3.78407,3.5152389825937487,-0.26883101740625115,-7.104282357521165
Rh3Sm1,Sm1Rh3,L12,Rh,Sm,3.96424,3.856052972851888,-0.10818702714811224,-2.7290735966569186
Rh3Sn1,Sn1Rh3,L12,Rh,Sn,3.95019,3.8026179406261402,-0.14757205937385987,-3.735821805377966
Rh3Sr1,Sr1Rh3,L12,Rh,Sr,4.13253,3.9808515634055834,-0.1516784365944166,-3.670352945881012
Rh3Ta1,Ta1Rh3,L12,Rh,Ta,3.87953,3.611065661926394,-0.2684643380736058,-6.920022221083631
Rh3Tb1,Tb1Rh3,L12,Rh,Tb,4.0,3.739844214544505,-0.260155785455495,-6.5038946363873755
Rh3Tc1,Tc1Rh3,L12,Rh,Tc,3.82347,3.509151745038221,-0.3143182549617789,-8.22075902156363
Rh3Ti1,Ti1Rh3,L12,Rh,Ti,3.83731,3.5639498699727383,-0.27336013002726167,-7.123743717011701
Rh3Tm1,Tm1Rh3,L12,Rh,Tm,4.00037,3.750536311793063,-0.2498336882069374,-6.245264518205501
Rh3V1,V1Rh3,L12,Rh,V,3.79089,3.507560484564356,-0.2833295154356441,-7.4739577100798
Rh3W1,W1Rh3,L12,Rh,W,3.85016,3.5851610989827454,-0.26499890101725443,-6.88280229957338
Rh3Y1,Y1Rh3,L12,Rh,Y,4.03665,3.8777557820700395,-0.1588942179299604,-3.936289198468047
Rh3Zn1,Zn1Rh3,L12,Rh,Zn,3.82107,3.5407367670464125,-0.2803332329535877,-7.336511316295899
Rh3Zr1,Zr1Rh3,L12,Rh,Zr,3.94843,3.7268853210213173,-0.2215446789786828,-5.610956227631813
Ru3Ag1,Ag1Ru3,L12,Ru,Ag,3.88311,3.656529754572835,-0.22658024542716504,-5.8350200078587795
Ru3Al1,Al1Ru3,L12,Ru,Al,3.8203,3.6124684365934185,-0.2078315634065815,-5.440189603083042
Ru3Au1,Au1Ru3,L12,Ru,Au,3.87788,3.6589365363589224,-0.21894346364107786,-5.645957678965771
Ru3Ba1,Ba1Ru3,L12,Ru,Ba,4.1969,4.136153009269429,-0.060746990730571326,-1.4474252598482527
Ru3Ca1,Ca1Ru3,L12,Ru,Ca,4.01412,3.968062048950701,-0.046057951049299106,-1.1473984596698432
Ru3Cd1,Cd1Ru3,L12,Ru,Cd,3.93462,3.7066897928068907,-0.22793020719310908,-5.792940797157263
Ru3Ce1,Ce1Ru3,L12,Ru,Ce,4.03867,3.802895123394664,-0.23577487660533558,-5.837933691173966
Ru3Co1,Co1Ru3,L12,Ru,Co,3.72381,3.4293316084041443,-0.29447839159585554,-7.907986486846953
Ru3Cr1,Cr1Ru3,L12,Ru,Cr,3.75682,3.4878830848994915,-0.2689369151005083,-7.158631904123921
Ru3Cu1,Cu1Ru3,L12,Ru,Cu,3.77689,3.497300299003085,-0.2795897009969148,-7.40264347113405
Ru3Dy1,Dy1Ru3,L12,Ru,Dy,3.888,3.833199027959935,-0.054800972040065066,-1.409490021606612
Ru3Er1,Er1Ru3,L12,Ru,Er,3.92811,3.7010846968277797,-0.22702530317222047,-5.779504728030031
Ru3Eu1,Eu1Ru3,L12,Ru,Eu,3.79283,3.9029270307644297,0.11009703076442978,2.902767346926432
Ru3Fe1,Fe1Ru3,L12,Ru,Fe,3.72489,3.448884025357715,-0.2760059746422847,-7.40977517838875
Ru3Ga1,Ga1Ru3,L12,Ru,Ga,3.82621,3.640381476111403,-0.18582852388859727,-4.856725686478193
Ru3Gd1,Gd1Ru3,L12,Ru,Gd,6.48976,3.890386034020588,-2.5993739659794124,-40.053468325167835
Ru3Ge1,Ge1Ru3,L12,Ru,Ge,3.83075,3.650202928931966,-0.18054707106803392,-4.713099812518016
Ru3Hf1,Hf1Ru3,L12,Ru,Hf,3.93624,3.735323704704856,-0.2009162952951442,-5.104269437207696
Ru3Hg1,Hg1Ru3,L12,Ru,Hg,3.95717,3.7627695251520694,-0.19440047484793066,-4.912613682200428
Ru3Ho1,Ho1Ru3,L12,Ru,Ho,6.03061,3.808953944044637,-2.2216560559553633,-36.83965728102734
Ru3In1,In1Ru3,L12,Ru,In,3.94449,3.8230706583199896,-0.12141934168001045,-3.0782012802671685
Ru3Ir1,Ir1Ru3,L12,Ru,Ir,3.81572,3.536365437796763,-0.27935456220323696,-7.321149408322334
Ru3La1,La1Ru3,L12,Ru,La,4.11214,3.959131812230952,-0.15300818776904812,-3.7208895555367305
Ru3Lu1,Lu1Ru3,L12,Ru,Lu,4.00088,3.848557440040541,-0.15232255995945954,-3.8072264091764696
Ru3Mg1,Mg1Ru3,L12,Ru,Mg,3.86397,3.738966414019925,-0.1250035859800751,-3.235107570195294
Ru3Mn1,Mn1Ru3,L12,Ru,Mn,3.73647,3.4773359928295497,-0.25913400717045043,-6.935262618740426
Ru3Mo1,Mo1Ru3,L12,Ru,Mo,3.83947,3.610967749334685,-0.22850225066531493,-5.951400861715678
Ru3Nb1,Nb1Ru3,L12,Ru,Nb,3.89439,3.676383069284986,-0.21800693071501387,-5.597973770346931
Ru3Nd1,Nd1Ru3,L12,Ru,Nd,3.98909,3.832634543034958,-0.15645545696504204,-3.9220839079850798
Ru3Ni1,Ni1Ru3,L12,Ru,Ni,3.73954,3.445999424859318,-0.2935405751406819,-7.849643943925774
Ru3Os1,Os1Ru3,L12,Ru,Os,3.81131,3.5491411573446086,-0.26216884265539164,-6.878706866022225
Ru3Pb1,Pb1Ru3,L12,Ru,Pb,3.99319,3.9191481842120575,-0.07404181578794233,-1.8542021738996224
Ru3Pd1,Pd1Ru3,L12,Ru,Pd,3.82665,3.562867398213696,-0.26378260178630386,-6.893303588943432
Ru3Pr1,Pr1Ru3,L12,Ru,Pr,4.0028,3.8339530371201627,-0.16884696287983703,-4.218221317073975
Ru3Pt1,Pt1Ru3,L12,Ru,Pt,3.83644,3.574882924520715,-0.26155707547928486,-6.817702752533204
Ru3Re1,Re1Ru3,L12,Ru,Re,3.82465,3.5582378289868237,-0.2664121710131764,-6.965661459563003
Ru3Rh1,Rh1Ru3,L12,Ru,Rh,3.80258,3.5168789469426662,-0.2857010530573336,-7.513347597087599
Ru3Ru1,Ru4,L12,Ru,Ru,3.79892,3.546524721715398,-0.25239527828460195,-6.643869265070124
Ru3Sc1,Sc1Ru3,L12,Ru,Sc,3.9217,3.765935106864717,-0.15576489313528308,-3.9718717172471907
Ru3Si1,Si1Ru3,L12,Ru,Si,3.77902,3.5520780285275193,-0.22694197147248074,-6.005312792006412
Ru3Sm1,Sm1Ru3,L12,Ru,Sm,4.0,3.8928920187856577,-0.10710798121434228,-2.677699530358557
Ru3Sn1,Sn1Ru3,L12,Ru,Sn,3.94437,3.839456986559911,-0.1049130134400893,-2.659816737275897
Ru3Sr1,Sr1Ru3,L12,Ru,Sr,4.12797,4.017690609339354,-0.11027939066064629,-2.6715162818684797
Ru3Ta1,Ta1Ru3,L12,Ru,Ta,3.88457,3.6479047078601643,-0.23666529213983578,-6.0924450361258975
Ru3Tb1,Tb1Ru3,L12,Ru,Tb,3.85352,3.7766832604782756,-0.07683673952172443,-1.993936440494001
Ru3Tc1,Tc1Ru3,L12,Ru,Tc,3.81098,3.5459907909719917,-0.26498920902800815,-6.953308834683157
Ru3Ti1,Ti1Ru3,L12,Ru,Ti,3.84184,3.6007889159065094,-0.24105108409349052,-6.274365514792144
Ru3Tm1,Tm1Ru3,L12,Ru,Tm,3.99806,3.7873753577268334,-0.21068464227316674,-5.2696718476752915
Ru3V1,V1Ru3,L12,Ru,V,3.78839,3.544399530498126,-0.24399046950187397,-6.4404791877782905
Ru3W1,W1Ru3,L12,Ru,W,3.84446,3.622000144916516,-0.2224598550834842,-5.786504608800304
Ru3Y1,Y1Ru3,L12,Ru,Y,4.03723,3.91459482800381,-0.12263517199619,-3.0376067748478537
Ru3Zn1,Zn1Ru3,L12,Ru,Zn,3.81267,3.5775758129801836,-0.23509418701981621,-6.166129956692193
Ru3Zr1,Zr1Ru3,L12,Ru,Zr,3.95286,3.763724366955087,-0.18913563304491277,-4.7847794519642175
Sc3Ag1,Ag1Sc3,L12,Sc,Ag,4.43845,3.9291780263358915,-0.509271973664108,-11.474095093199384
Sc3Al1,Al1Sc3,L12,Sc,Al,4.42379,3.8851167083564757,-0.5386732916435246,-12.17673740488415
Sc3Au1,Au1Sc3,L12,Sc,Au,4.38621,3.931584808121979,-0.4546251918780211,-10.36487518559351
Sc3Ba1,Ba1Sc3,L12,Sc,Ba,4.85347,4.408801281032486,-0.44466871896751403,-9.161872206225938
Sc3Ca1,Ca1Sc3,L12,Sc,Ca,4.75666,4.240710320713759,-0.5159496792862415,-10.84689002968977
Sc3Cd1,Cd1Sc3,L12,Sc,Cd,4.46838,3.979338064569948,-0.4890419354300519,-10.944501932021268
Sc3Ce1,Ce1Sc3,L12,Sc,Ce,4.62135,4.0755433951577205,-0.5458066048422792,-11.810544642632115
Sc3Co1,Co1Sc3,L12,Sc,Co,4.25729,3.701979880167201,-0.5553101198327992,-13.043746604830753
Sc3Cr1,Cr1Sc3,L12,Sc,Cr,4.31267,3.7605313566625482,-0.5521386433374516,-12.802710231421639
Sc3Cu1,Cu1Sc3,L12,Sc,Cu,4.30519,3.7699485707661426,-0.535241429233857,-12.432469397026775
Sc3Er1,Er1Sc3,L12,Sc,Er,4.5508,3.9737329685908365,-0.5770670314091633,-12.68056234967837
Sc3Eu1,Eu1Sc3,L12,Sc,Eu,4.86897,4.175575302527487,-0.6933946974725131,-14.241096114219499
Sc3Fe1,Fe1Sc3,L12,Sc,Fe,4.32309,3.721532297120772,-0.6015577028792278,-13.914993740107837
Sc3Ga1,Ga1Sc3,L12,Sc,Ga,4.38543,3.9130297478744596,-0.4724002521255408,-10.77203950640053
Sc3Ge1,Ge1Sc3,L12,Sc,Ge,4.35977,3.9228512006950234,-0.4369187993049768,-10.021602041047505
Sc3Hf1,Hf1Sc3,L12,Sc,Hf,4.54186,4.007971976467913,-0.5338880235320866,-11.75483223904054
Sc3Hg1,Hg1Sc3,L12,Sc,Hg,4.47594,4.035417796915126,-0.4405222030848739,-9.842004206599595
Sc3Ho1,Ho1Sc3,L12,Sc,Ho,4.0,4.0816022158076946,0.08160221580769456,2.040055395192364
Sc3In1,In1Sc3,L12,Sc,In,4.53203,4.095718930083048,-0.4363110699169521,-9.627276737288856
Sc3Ir1,Ir1Sc3,L12,Sc,Ir,4.27647,3.8090137095598195,-0.4674562904401802,-10.930891376302892
Sc3La1,La1Sc3,L12,Sc,La,4.75552,4.23178008399401,-0.5237399160059901,-11.013304875302598
Sc3Lu1,Lu1Sc3,L12,Sc,Lu,4.65519,4.121205711803598,-0.5339842881964021,-11.470730264423194
Sc3Mg1,Mg1Sc3,L12,Sc,Mg,4.57721,4.011614685782981,-0.5655953142170187,-12.356770045879886
Sc3Mn1,Mn1Sc3,L12,Sc,Mn,4.38749,3.7499842645926065,-0.6375057354073932,-14.530078368438293
Sc3Mo1,Mo1Sc3,L12,Sc,Mo,4.36095,3.8836160210977417,-0.47733397890225815,-10.945642094090925
Sc3Nb1,Nb1Sc3,L12,Sc,Nb,4.44472,3.949031341048043,-0.49568865895195735,-11.152303383609256
Sc3Nd1,Nd1Sc3,L12,Sc,Nd,4.0,4.105282814798015,0.10528281479801471,2.632070369950368
Sc3Ni1,Ni1Sc3,L12,Sc,Ni,4.28099,3.718647696622375,-0.5623423033776249,-13.135800442832732
Sc3Os1,Os1Sc3,L12,Sc,Os,4.27707,3.8217894291076653,-0.45528057089233487,-10.644683647738635
Sc3Pb1,Pb1Sc3,L12,Sc,Pb,4.56658,4.191796455975115,-0.37478354402488545,-8.207094675334396
Sc3Pd1,Pd1Sc3,L12,Sc,Pd,4.35961,3.8355156699767536,-0.5240943300232463,-12.02158748198225
Sc3Pr1,Pr1Sc3,L12,Sc,Pr,4.32387,4.106601308883219,-0.21726869111678138,-5.024866407102465
Sc3Pt1,Pt1Sc3,L12,Sc,Pt,4.3207,3.847531196283773,-0.4731688037162276,-10.951207066360254
Sc3Re1,Re1Sc3,L12,Sc,Re,4.29956,3.830886100749881,-0.4686738992501187,-10.900508406676932
Sc3Rh1,Rh1Sc3,L12,Sc,Rh,4.30825,3.789527218705723,-0.5187227812942772,-12.040220072982699
Sc3Ru1,Ru1Sc3,L12,Sc,Ru,4.29453,3.8191729934784546,-0.47535700652154533,-11.068894768962968
Sc3Sc1,Sc4,L12,Sc,Sc,4.60437,4.038583378627774,-0.5657866213722267,-12.288035526515607
Sc3Si1,Si1Sc3,L12,Sc,Si,4.303,3.824726300290576,-0.4782736997094239,-11.114889605145803
Sc3Sm1,Sm1Sc3,L12,Sc,Sm,5.39485,4.165540290548715,-1.229309709451285,-22.786726404835818
Sc3Sn1,Sn1Sc3,L12,Sc,Sn,4.5171,4.112105258322967,-0.404994741677033,-8.96581305875524
Sc3Sr1,Sr1Sc3,L12,Sc,Sr,4.82217,4.290338881102412,-0.5318311188975882,-11.02887535896885
Sc3Ta1,Ta1Sc3,L12,Sc,Ta,4.43795,3.920552979623221,-0.5173970203767788,-11.658468896152026
Sc3Tb1,Tb1Sc3,L12,Sc,Tb,4.34058,4.049331532241332,-0.29124846775866775,-6.709897473578824
Sc3Tc1,Tc1Sc3,L12,Sc,Tc,4.31445,3.8186390627350484,-0.4958109372649515,-11.491868888617356
Sc3Ti1,Ti1Sc3,L12,Sc,Ti,4.46327,3.873437187669566,-0.5898328123304335,-13.2152617325511
Sc3Tm1,Tm1Sc3,L12,Sc,Tm,4.34017,4.060023629489891,-0.28014637051010904,-6.454732660474338
Sc3V1,V1Sc3,L12,Sc,V,4.37184,3.817047802261183,-0.5547921977388168,-12.690130419658926
Sc3W1,W1Sc3,L12,Sc,W,4.35372,3.8946484166795727,-0.4590715833204273,-10.544352492131495
Sc3Y1,Y1Sc3,L12,Sc,Y,4.70142,4.187243099766866,-0.5141769002331333,-10.936629789151647
Sc3Zn1,Zn1Sc3,L12,Sc,Zn,4.38304,3.8502240847432403,-0.53281591525676,-12.156309667645287
Sc3Zr1,Zr1Sc3,L12,Sc,Zr,4.56259,4.036372638718144,-0.5262173612818559,-11.5333036999129
Si3Ag1,Ag1Si3,L12,Si,Ag,4.02807,3.663430519565633,-0.36463948043436645,-9.052461363242607
Si3Al1,Al1Si3,L12,Si,Al,3.89173,3.619369201586218,-0.2723607984137817,-6.998450519788929
Si3Au1,Au1Si3,L12,Si,Au,4.02279,3.6658373013517216,-0.35695269864827806,-8.873262055644915
Si3Ba1,Ba1Si3,L12,Si,Ba,4.50084,4.143053774262228,-0.3577862257377724,-7.9493211431148945
Si3Ca1,Ca1Si3,L12,Si,Ca,4.14621,3.9749628139435003,-0.1712471860564997,-4.130210145084298
Si3Cd1,Cd1Si3,L12,Si,Cd,4.13303,3.7135905577996895,-0.41943944220031026,-10.148473207315464
Si3Ce1,Ce1Si3,L12,Si,Ce,4.15352,3.809795888387464,-0.34372411161253646,-8.275489503181312
Si3Co1,Co1Si3,L12,Si,Co,3.68907,3.436232373396944,-0.2528376266030561,-6.8536955547890415
Si3Cr1,Cr1Si3,L12,Si,Cr,3.77334,3.4947838498922903,-0.27855615010770984,-7.382217083743045
Si3Cu1,Cu1Si3,L12,Si,Cu,3.83567,3.5042010639958843,-0.33146893600411564,-8.641748012840408
Si3Dy1,Dy1Si3,L12,Si,Dy,4.06485,3.840099792952733,-0.22475020704726667,-5.529114408828534
Si3Er1,Er1Si3,L12,Si,Er,4.0,3.707985461820579,-0.292014538179421,-7.300363454485526
Si3Eu1,Eu1Si3,L12,Si,Eu,4.00147,3.909827795757229,-0.09164220424277136,-2.290213452625444
Si3Fe1,Fe1Si3,L12,Si,Fe,3.65438,3.4557847903505134,-0.19859520964948674,-5.4344433159520005
Si3Ga1,Ga1Si3,L12,Si,Ga,3.97112,3.6472822411042016,-0.32383775889579836,-8.154821785687624
Si3Gd1,Gd1Si3,L12,Si,Gd,4.13284,3.897286799013387,-0.23555320098661303,-5.6995480344415235
Si3Ge1,Ge1Si3,L12,Si,Ge,4.01715,3.657103693924766,-0.36004630607523413,-8.962729947232095
Si3Hf1,Hf1Si3,L12,Si,Hf,3.96866,3.7422244696976548,-0.2264355303023451,-5.705591567489911
Si3Hg1,Hg1Si3,L12,Si,Hg,4.16013,3.769670290144868,-0.39045970985513145,-9.38575741275228
Si3Ho1,Ho1Si3,L12,Si,Ho,3.81372,3.815854709037436,0.0021347090374361777,0.055974456369009204
Si3In1,In1Si3,L12,Si,In,4.17633,3.8299714233127893,-0.3463585766872108,-8.293371852492758
Si3Ir1,Ir1Si3,L12,Si,Ir,3.82808,3.543266202789562,-0.28481379721043787,-7.440121345699094
Si3La1,La1Si3,L12,Si,La,4.29223,3.9660325772237512,-0.32619742277624875,-7.5997190918531565
Si3Lu1,Lu1Si3,L12,Si,Lu,4.06514,3.85545820503334,-0.20968179496666028,-5.158046093533317
Si3Mg1,Mg1Si3,L12,Si,Mg,4.0,3.7458671790127247,-0.2541328209872753,-6.353320524681882
Si3Mn1,Mn1Si3,L12,Si,Mn,3.64339,3.4842367578223485,-0.1591532421776516,-4.368273563292746
Si3Mo1,Mo1Si3,L12,Si,Mo,3.81862,3.617868514327484,-0.20075148567251633,-5.257173682443299
Si3Nb1,Nb1Si3,L12,Si,Nb,3.89855,3.6832838342777845,-0.21526616572221569,-5.5216982140081745
Si3Nd1,Nd1Si3,L12,Si,Nd,4.1237,3.839535308027757,-0.28416469197224314,-6.891012730611905
Si3Ni1,Ni1Si3,L12,Si,Ni,3.74594,3.452900189852117,-0.29303981014788283,-7.822864491900106
Si3Os1,Os1Si3,L12,Si,Os,3.78724,3.5560419223374073,-0.23119807766259282,-6.104658739942354
Si3Pb1,Pb1Si3,L12,Si,Pb,4.32908,3.9260489492048563,-0.403031050795144,-9.309854537110517
Si3Pd1,Pd1Si3,L12,Si,Pd,3.9157,3.5697681632064953,-0.3459318367935049,-8.83448264150739
Si3Pr1,Pr1Si3,L12,Si,Pr,4.08683,3.840853802112962,-0.24597619788703806,-6.018752869266352
Si3Pt1,Pt1Si3,L12,Si,Pt,3.91562,3.5817836895135144,-0.33383631048648565,-8.525758640687444
Si3Rh1,Rh1Si3,L12,Si,Rh,3.82709,3.523779711935465,-0.3033102880645351,-7.925350280880123
Si3Ru1,Ru1Si3,L12,Si,Ru,3.78372,3.5534254867081962,-0.23029451329180395,-6.086457594425696
Si3Sc1,Sc1Si3,L12,Si,Sc,3.96268,3.772835871857516,-0.18984412814248408,-4.790801380441622
Si3Si1,Si4,L12,Si,Si,3.84631,3.558978793520318,-0.2873312064796818,-7.470308073963924
Si3Sm1,Sm1Si3,L12,Si,Sm,4.13285,3.8997927837784574,-0.23305721622154296,-5.639140453235489
Si3Sn1,Sn1Si3,L12,Si,Sn,4.21338,3.8463577515527096,-0.36702224844729026,-8.710874605359361
Si3Sr1,Sr1Si3,L12,Si,Sr,4.30712,4.024591374332153,-0.2825286256678474,-6.559571724675593
Si3Ta1,Ta1Si3,L12,Si,Ta,3.8916,3.6548054728529635,-0.23679452714703642,-6.084760179541485
Si3Tb1,Tb1Si3,L12,Si,Tb,4.0852,3.783584025471075,-0.3016159745289255,-7.383138512898402
Si3Tc1,Tc1Si3,L12,Si,Tc,3.78708,3.552891555964791,-0.2341884440352091,-6.183878978928597
Si3Ti1,Ti1Si3,L12,Si,Ti,3.83345,3.6076896808993077,-0.22576031910069227,-5.889220391571359
Si3Tm1,Tm1Si3,L12,Si,Tm,4.0,3.794276122719632,-0.20572387728036778,-5.143096932009195
Si3V1,V1Si3,L12,Si,V,3.77087,3.5513002954909254,-0.21956970450907454,-5.822786373146636
Si3W1,W1Si3,L12,Si,W,3.8263,3.6289009099093152,-0.19739909009068457,-5.1590071372000255
Si3Y1,Y1Si3,L12,Si,Y,4.13254,3.921495592996609,-0.21104440700339078,-5.106893266692901
Si3Zn1,Zn1Si3,L12,Si,Zn,3.92938,3.5844765779729824,-0.34490342202701774,-8.777553253363578
Si3Zr1,Zr1Si3,L12,Si,Zr,3.98577,3.7706251319478867,-0.2151448680521133,-5.397824461825778
Sm3Ag1,Ag1Sm3,L12,Sm,Ag,4.5157,4.086939850599873,-0.4287601494001265,-9.494876750008338
Sm3Al1,Al1Sm3,L12,Sm,Al,4.80064,4.042878532620457,-0.7577614673795425,-15.784592624723842
Sm3Au1,Au1Sm3,L12,Sm,Au,4.76869,4.08934663238596,-0.6793433676140399,-14.245911720284605
Sm3Ba1,Ba1Sm3,L12,Sm,Ba,5.10113,4.566563105296468,-0.5345668947035325,-10.479381915448782
Sm3Ca1,Ca1Sm3,L12,Sm,Ca,4.41989,4.39847214497774,-0.02141785502225968,-0.48457891536349734
Sm3Cd1,Cd1Sm3,L12,Sm,Cd,4.70882,4.13709988883393,-0.5717201111660701,-12.141473047728944
Sm3Ce1,Ce1Sm3,L12,Sm,Ce,5.17777,4.233305219421703,-0.9444647805782971,-18.240763505877958
Sm3Co1,Co1Sm3,L12,Sm,Co,4.59791,3.8597417044311833,-0.7381682955688165,-16.054431156086494
Sm3Cr1,Cr1Sm3,L12,Sm,Cr,4.77938,3.9182931809265305,-0.8610868190734693,-18.016705494718337
Sm3Cu1,Cu1Sm3,L12,Sm,Cu,4.55897,3.9277103950301235,-0.6312596049698769,-13.846540007279645
Sm3Dy1,Dy1Sm3,L12,Sm,Dy,4.08852,4.263609123986973,0.1750891239869734,4.28245731920043
Sm3Er1,Er1Sm3,L12,Sm,Er,4.0,4.131494792854819,0.13149479285481913,3.2873698213704783
Sm3Eu1,Eu1Sm3,L12,Sm,Eu,5.96928,4.333337126791468,-1.6359428732085322,-27.406033444712463
Sm3Fe1,Fe1Sm3,L12,Sm,Fe,4.63995,3.879294121384754,-0.7606558786152458,-16.39362231522421
Sm3Ga1,Ga1Sm3,L12,Sm,Ga,4.76892,4.070791572138441,-0.6981284278615583,-14.639130617866483
Sm3Gd1,Gd1Sm3,L12,Sm,Gd,4.0,4.3207961300476265,0.3207961300476265,8.019903251190662
Sm3Ge1,Ge1Sm3,L12,Sm,Ge,4.59455,4.080613024959005,-0.5139369750409948,-11.185795671850231
Sm3Hf1,Hf1Sm3,L12,Sm,Hf,5.25127,4.165733800731895,-1.0855361992681045,-20.67187936000443
Sm3Hg1,Hg1Sm3,L12,Sm,Hg,4.83368,4.193179621179108,-0.6405003788208923,-13.250781574719309
Sm3Ho1,Ho1Sm3,L12,Sm,Ho,6.18597,4.239364040071676,-1.9466059599283243,-31.46807954012587
Sm3In1,In1Sm3,L12,Sm,In,5.07458,4.253480754347028,-0.821099245652972,-16.180634567845456
Sm3Ir1,Ir1Sm3,L12,Sm,Ir,4.63267,3.9667755338238018,-0.6658944661761983,-14.373880854371201
Sm3La1,La1Sm3,L12,Sm,La,5.02402,4.389541908257991,-0.6344780917420092,-12.628892634623453
Sm3Lu1,Lu1Sm3,L12,Sm,Lu,5.0848,4.278967536067579,-0.805832463932421,-15.847869413397204
Sm3Mg1,Mg1Sm3,L12,Sm,Mg,4.94494,4.1693765100469635,-0.7755634899530364,-15.683981806716288
Sm3Mn1,Mn1Sm3,L12,Sm,Mn,4.67399,3.9077460888565887,-0.7662439111434112,-16.393785847710653
Sm3Mo1,Mo1Sm3,L12,Sm,Mo,4.93578,4.0413778453617235,-0.8944021546382768,-18.12078647424068
Sm3Nb1,Nb1Sm3,L12,Sm,Nb,4.45184,4.106793165312024,-0.3450468346879756,-7.750656687751032
Sm3Nd1,Nd1Sm3,L12,Sm,Nd,5.72491,4.263044639061996,-1.4618653609380043,-25.53516755613633
Sm3Ni1,Ni1Sm3,L12,Sm,Ni,4.95103,3.8764095208863565,-1.0746204791136438,-21.704988237066704
Sm3Os1,Os1Sm3,L12,Sm,Os,4.61447,3.9795512533716475,-0.6349187466283523,-13.759299478127552
Sm3Pb1,Pb1Sm3,L12,Sm,Pb,4.90696,4.349558280239097,-0.5574017197609029,-11.359410302119906
Sm3Pd1,Pd1Sm3,L12,Sm,Pd,4.46541,3.9932774942407345,-0.4721325057592658,-10.573105398144085
Sm3Pr1,Pr1Sm3,L12,Sm,Pr,5.1632,4.264363133147201,-0.8988368668527986,-17.408523141710543
Sm3Pt1,Pt1Sm3,L12,Sm,Pt,4.68519,4.005293020547754,-0.6798969794522467,-14.51162022142638
Sm3Re1,Re1Sm3,L12,Sm,Re,4.64184,3.9886479250138627,-0.6531920749861375,-14.07183519867418
Sm3Rh1,Rh1Sm3,L12,Sm,Rh,4.42281,3.9472890429697043,-0.47552095703029584,-10.751557426846187
Sm3Ru1,Ru1Sm3,L12,Sm,Ru,4.53504,3.976934817742436,-0.5581051822575644,-12.306510686952361
Sm3Sc1,Sc1Sm3,L12,Sm,Sc,4.89179,4.196345202891755,-0.6954447971082454,-14.216570971121929
Sm3Si1,Si1Sm3,L12,Sm,Si,4.87373,3.9824881245545583,-0.8912418754454419,-18.286648530908398
Sm3Sm1,Sm4,L12,Sm,Sm,4.44111,4.323302114812697,-0.11780788518730301,-2.6526675805666375
Sm3Sn1,Sn1Sm3,L12,Sm,Sn,4.8731,4.269867082586949,-0.6032329174130506,-12.37883313318115
Sm3Sr1,Sr1Sm3,L12,Sm,Sr,4.4879,4.448100705366392,-0.03979929463360765,-0.8868133120971424
Sm3Ta1,Ta1Sm3,L12,Sm,Ta,4.61706,4.078314803887203,-0.5387451961127976,-11.668576889033227
Sm3Tb1,Tb1Sm3,L12,Sm,Tb,3.98988,4.207093356505315,0.2172133565053147,5.444107504619556
Sm3Tc1,Tc1Sm3,L12,Sm,Tc,4.40704,3.97640088699903,-0.43063911300097013,-9.771617979436767
Sm3Ti1,Ti1Sm3,L12,Sm,Ti,4.79969,4.0311990119335475,-0.7684909880664526,-16.01126297878514
Sm3Tm1,Tm1Sm3,L12,Sm,Tm,4.32923,4.217785453753872,-0.11144454624612798,-2.574234823424211
Sm3V1,V1Sm3,L12,Sm,V,4.78725,3.974809626525165,-0.8124403734748351,-16.970920120629486
Sm3W1,W1Sm3,L12,Sm,W,4.95467,4.052410240943555,-0.9022597590564452,-18.210289667252212
Sm3Y1,Y1Sm3,L12,Sm,Y,5.00625,4.345004924030849,-0.661245075969151,-13.208391030594779
Sm3Zn1,Zn1Sm3,L12,Sm,Zn,4.69619,4.007985909007222,-0.6882040909927776,-14.654519748834216
Sm3Zr1,Zr1Sm3,L12,Sm,Zr,4.83916,4.194134462982126,-0.6450255370178732,-13.329287252702397
Sn3Ag1,Ag1Sn3,L12,Sn,Ag,4.6314,4.0205393054386285,-0.6108606945613717,-13.189547319630602
Sn3Al1,Al1Sn3,L12,Sn,Al,4.67104,3.9764779874592135,-0.6945620125407861,-14.869536817085404
Sn3Au1,Au1Sn3,L12,Sn,Au,4.63433,4.0229460872247165,-0.6113839127752838,-13.192498436133892
Sn3Ba1,Ba1Sn3,L12,Sn,Ba,4.98492,4.500162560135223,-0.4847574398647767,-9.724477822407916
Sn3Ca1,Ca1Sn3,L12,Sn,Ca,4.76806,4.332071599816495,-0.43598840018350504,-9.143936950950806
Sn3Cd1,Cd1Sn3,L12,Sn,Cd,4.63488,4.070699343672685,-0.5641806563273146,-12.172497590602447
Sn3Ce1,Ce1Sn3,L12,Sn,Ce,4.76512,4.166904674260459,-0.5982153257395408,-12.55404534911064
Sn3Co1,Co1Sn3,L12,Sn,Co,4.43813,3.7933411592699393,-0.6447888407300608,-14.528390126698875
Sn3Cr1,Cr1Sn3,L12,Sn,Cr,4.59173,3.851892635765285,-0.7398373642347149,-16.11238823351362
Sn3Cu1,Cu1Sn3,L12,Sn,Cu,4.48066,3.8613098498688796,-0.6193501501311207,-13.822743750499273
Sn3Dy1,Dy1Sn3,L12,Sn,Dy,4.69962,4.1972085788257285,-0.5024114211742718,-10.690469041630426
Sn3Er1,Sn3Er1,L12,Sn,Er,4.78863,4.065094247693574,-0.7235357523064261,-15.109452020858283
Sn3Eu1,Eu1Sn3,L12,Sn,Eu,4.56901,4.266936581630224,-0.3020734183697753,-6.611353846233108
Sn3Fe1,Fe1Sn3,L12,Sn,Fe,4.50348,3.8128935762235088,-0.6905864237764909,-15.33450628794823
Sn3Ga1,Ga1Sn3,L12,Sn,Ga,4.71453,4.004391026977197,-0.7101389730228025,-15.062773447677763
Sn3Gd1,Sn3Gd1,L12,Sn,Gd,4.86005,4.254395584886383,-0.6056544151136176,-12.461896793523062
Sn3Ge1,Ge1Sn3,L12,Sn,Ge,4.69213,4.014212479797761,-0.6779175202022385,-14.447969689719564
Sn3Hf1,Hf1Sn3,L12,Sn,Hf,4.59376,4.09933325557065,-0.49442674442935,-10.763007741574441
Sn3Hg1,Hg1Sn3,L12,Sn,Hg,4.74952,4.126779076017864,-0.6227409239821364,-13.111660209497725
Sn3Ho1,Sn3Ho1,L12,Sn,Ho,4.81326,4.172963494910431,-0.6402965050895686,-13.302761643658739
Sn3In1,In1Sn3,L12,Sn,In,4.81719,4.187080209185784,-0.6301097908142159,-13.080442972235181
Sn3Ir1,Ir1Sn3,L12,Sn,Ir,4.46013,3.900374988662557,-0.5597550113374434,-12.550194979461212
Sn3La1,La1Sn3,L12,Sn,La,4.81211,4.323141363096746,-0.48896863690325354,-10.16121071428653
Sn3Lu1,Lu1Sn3,L12,Sn,Lu,4.69175,4.2125669909063355,-0.4791830090936644,-10.213310792213234
Sn3Mg1,Mg1Sn3,L12,Sn,Mg,4.71446,4.10297596488572,-0.6114840351142803,-12.970393960586796
Sn3Mn1,Mn1Sn3,L12,Sn,Mn,4.56292,3.841345543695344,-0.7215744563046562,-15.813874806147297
Sn3Mo1,Mo1Sn3,L12,Sn,Mo,4.45957,3.9749773002004787,-0.4845926997995216,-10.866354823436374
Sn3Nb1,Nb1Sn3,L12,Sn,Nb,4.52351,4.04039262015078,-0.48311737984921965,-10.680143955672026
Sn3Nd1,Nd1Sn3,L12,Sn,Nd,4.70149,4.196644093900752,-0.5048459060992476,-10.737998083570265
Sn3Ni1,Ni1Sn3,L12,Sn,Ni,4.47229,3.8100089757251125,-0.6622810242748876,-14.808543817035288
Sn3Os1,Os1Sn3,L12,Sn,Os,4.42306,3.9131507082104022,-0.5099092917895982,-11.528428097054938
Sn3Pb1,Pb1Sn3,L12,Sn,Pb,4.88478,4.283157735077851,-0.601622264922149,-12.316261222043757
Sn3Pd1,Pd1Sn3,L12,Sn,Pd,4.53777,3.9268769490794906,-0.6108930509205095,-13.462406664958989
Sn3Pr1,Pr1Sn3,L12,Sn,Pr,4.67685,4.197962587985957,-0.4788874120140427,-10.23952899951982
Sn3Pt1,Pt1Sn3,L12,Sn,Pt,4.52691,3.9388924753865098,-0.5880175246134902,-12.989379612439617
Sn3Rh1,Rh1Sn3,L12,Sn,Rh,4.47368,3.8808884978084603,-0.5927915021915395,-13.250646049595401
Sn3Ru1,Ru1Sn3,L12,Sn,Ru,4.43475,3.910534272581192,-0.5242157274188082,-11.820637632759642
Sn3Sc1,Sc1Sn3,L12,Sn,Sc,4.62876,4.129944657730511,-0.49881534226948876,-10.77643563869133
Sn3Si1,Si1Sn3,L12,Sn,Si,4.63886,3.9160875793933134,-0.7227724206066868,-15.58081986968106
Sn3Sm1,Sm1Sn3,L12,Sn,Sm,4.58715,4.256901569651453,-0.3302484303485471,-7.19942514085101
Sn3Sn1,Sn4,L12,Sn,Sn,4.81196,4.203466537425705,-0.6084934625742946,-12.645438918326308
Sn3Sr1,Sr1Sn3,L12,Sn,Sr,4.86613,4.381700160205148,-0.4844298397948519,-9.955135596353815
Sn3Ta1,Ta1Sn3,L12,Sn,Ta,4.52622,4.011914258725959,-0.5143057412740415,-11.362809171318263
Sn3Tb1,Sn3Tb1,L12,Sn,Tb,4.72575,4.14069281134407,-0.5850571886559299,-12.38019761214474
Sn3Tc1,Tc1Sn3,L12,Sn,Tc,4.42827,3.910000341837786,-0.5182696581622142,-11.703659852769006
Sn3Ti1,Ti1Sn3,L12,Sn,Ti,4.53936,3.964798466772304,-0.5745615332276963,-12.657324671929441
Sn3Tm1,Tm1Sn3,L12,Sn,Tm,4.47547,4.151384908592628,-0.32408509140737163,-7.241364402115792
Sn3V1,V1Sn3,L12,Sn,V,4.55325,3.9084090813639203,-0.64484091863608,-14.162212016385656
Sn3W1,W1Sn3,L12,Sn,W,4.46176,3.9860096957823106,-0.4757503042176894,-10.66283942250792
Sn3Y1,Y1Sn3,L12,Sn,Y,4.72321,4.278604378869605,-0.44460562113039526,-9.413208837430375
Sn3Zn1,Zn1Sn3,L12,Sn,Zn,4.60285,3.9415853638459777,-0.6612646361540224,-14.366417244837926
Sn3Zr1,Zr1Sn3,L12,Sn,Zr,4.60153,4.1277339178208825,-0.47379608217911784,-10.296490127829609
Sr3Ag1,Ag1Sr3,L12,Sr,Ag,5.00357,4.242019656917036,-0.7615503430829635,-15.220139681926376
Sr3Al1,Al1Sr3,L12,Sr,Al,5.3026,4.19795833893762,-1.10464166106238,-20.832075982770338
Sr3Au1,Au1Sr3,L12,Sr,Au,5.0505,4.244426438703123,-0.806073561296877,-15.960272473950637
Sr3Ba1,Ba1Sr3,L12,Sr,Ba,5.66655,4.72164291161363,-0.9449070883863699,-16.675174283935903
Sr3Ca1,Ca1Sr3,L12,Sr,Ca,5.58773,4.553551951294903,-1.0341780487050967,-18.508017543888066
Sr3Cd1,Cd1Sr3,L12,Sr,Cd,4.86459,4.292179695151092,-0.5724103048489075,-11.76687665042496
Sr3Ce1,Ce1Sr3,L12,Sr,Ce,5.28399,4.388385025738866,-0.8956049742611345,-16.949407062866026
Sr3Co1,Co1Sr3,L12,Sr,Co,4.85856,4.014821510748345,-0.8437384892516544,-17.36601975177119
Sr3Cr1,Cr1Sr3,L12,Sr,Cr,5.24011,4.073372987243693,-1.1667370127563066,-22.265506120220884
Sr3Cu1,Cu1Sr3,L12,Sr,Cu,4.74461,4.0827902013472865,-0.6618197986527132,-13.948876696982751
Sr3Dy1,Dy1Sr3,L12,Sr,Dy,4.0,4.418688930304136,0.41868893030413634,10.467223257603408
Sr3Er1,Er1Sr3,L12,Sr,Er,4.60689,4.286574599171981,-0.3203154008280187,-6.952963948086858
Sr3Eu1,Eu1Sr3,L12,Sr,Eu,4.22528,4.488416933108631,0.2631369331086315,6.227680369315916
Sr3Fe1,Fe1Sr3,L12,Sr,Fe,4.86072,4.034373927701917,-0.8263460722980831,-17.000487012172748
Sr3Ga1,Ga1Sr3,L12,Sr,Ga,5.28016,4.2258713784556035,-1.054288621544397,-19.966982469175118
Sr3Gd1,Gd1Sr3,L12,Sr,Gd,4.46024,4.4758759363647895,0.01563593636478977,0.3505626684839778
Sr3Ge1,Ge1Sr3,L12,Sr,Ge,5.1868,4.235692831276167,-0.9511071687238326,-18.337070423456325
Sr3Hf1,Hf1Sr3,L12,Sr,Hf,5.30229,4.3208136070490575,-0.9814763929509427,-18.51042460806449
Sr3Hg1,Hg1Sr3,L12,Sr,Hg,5.08162,4.348259427496271,-0.7333605725037291,-14.431629529632856
Sr3Ho1,Ho1Sr3,L12,Sr,Ho,4.0,4.394443846388839,0.3944438463888389,9.861096159720972
Sr3In1,In1Sr3,L12,Sr,In,5.3615,4.408560560664191,-0.9529394393358093,-17.773746886800506
Sr3Ir1,Ir1Sr3,L12,Sr,Ir,4.97007,4.121855340140964,-0.8482146598590354,-17.066452984747407
Sr3La1,La1Sr3,L12,Sr,La,5.51192,4.544621714575153,-0.9672982854248469,-17.54920763408843
Sr3Lu1,Lu1Sr3,L12,Sr,Lu,5.25354,4.4340473423847415,-0.8194926576152586,-15.598865862166436
Sr3Mg1,Mg1Sr3,L12,Sr,Mg,5.45638,4.3244563163641265,-1.1319236836358737,-20.74495697946026
Sr3Mn1,Mn1Sr3,L12,Sr,Mn,4.94866,4.062825895173751,-0.885834104826249,-17.90048426899906
Sr3Mo1,Mo1Sr3,L12,Sr,Mo,5.07973,4.1964576516788865,-0.8832723483211131,-17.388175125865217
Sr3Nb1,Nb1Sr3,L12,Sr,Nb,5.21091,4.261872971629187,-0.9490370283708129,-18.212500856295982
Sr3Nd1,Nd1Sr3,L12,Sr,Nd,4.56541,4.418124445379159,-0.14728555462084092,-3.2261188944879193
Sr3Ni1,Ni1Sr3,L12,Sr,Ni,4.87429,4.031489327203519,-0.8428006727964812,-17.290737169854093
Sr3Os1,Os1Sr3,L12,Sr,Os,4.93105,4.13463105968881,-0.7964189403111899,-16.151102509834413
Sr3Pb1,Pb1Sr3,L12,Sr,Pb,5.34186,4.504638086556259,-0.8372219134437406,-15.672853901894484
Sr3Pd1,Pd1Sr3,L12,Sr,Pd,4.94735,4.1483573005578975,-0.7989926994421026,-16.14991256818504
Sr3Pr1,Pr1Sr3,L12,Sr,Pr,4.55303,4.419442939464363,-0.1335870605356364,-2.934025484910849
Sr3Pt1,Pt1Sr3,L12,Sr,Pt,4.97662,4.160372826864917,-0.8162471731350829,-16.401637519743982
Sr3Rh1,Rh1Sr3,L12,Sr,Rh,4.98571,4.102368849286867,-0.8833411507131332,-17.7174595135524
Sr3Ru1,Ru1Sr3,L12,Sr,Ru,5.01129,4.1320146240595985,-0.8792753759404013,-17.54588890166806
Sr3Sc1,Sc1Sr3,L12,Sr,Sc,5.2563,4.351425009208918,-0.9048749907910825,-17.215056043054666
Sr3Si1,Si1Sr3,L12,Sr,Si,5.14954,4.137567930871721,-1.0119720691282792,-19.651698387201172
Sr3Sm1,Sm1Sr3,L12,Sr,Sm,4.22849,4.478381921129859,0.24989192112985936,5.90972004497727
Sr3Sn1,Sn1Sr3,L12,Sr,Sn,5.30003,4.424946888904112,-0.8750831110958872,-16.510908638175394
Sr3Sr1,Sr4,L12,Sr,Sr,5.59417,4.603180511683555,-0.990989488316445,-17.71468311324906
Sr3Ta1,Ta1Sr3,L12,Sr,Ta,5.16066,4.233394610204365,-0.9272653897956351,-17.967961264559865
Sr3Tb1,Tb1Sr3,L12,Sr,Tb,4.0,4.362173162822477,0.3621731628224767,9.054329070561916
Sr3Tc1,Tc1Sr3,L12,Sr,Tc,5.00246,4.131480693316193,-0.8709793066838074,-17.411019911879503
Sr3Ti1,Ti1Sr3,L12,Sr,Ti,5.32661,4.1862788182507105,-1.1403311817492892,-21.408197366604448
Sr3Tm1,Tm1Sr3,L12,Sr,Tm,5.11988,4.372865260071035,-0.7470147399289653,-14.590473603462684
Sr3V1,V1Sr3,L12,Sr,V,5.33414,4.129889432842328,-1.204250567157672,-22.576283471331312
Sr3W1,W1Sr3,L12,Sr,W,5.06073,4.207490047260717,-0.8532399527392833,-16.860017284843952
Sr3Y1,Y1Sr3,L12,Sr,Y,5.46967,4.500084730348012,-0.9695852696519882,-17.72657709975169
Sr3Zn1,Zn1Sr3,L12,Sr,Zn,4.92721,4.163065715324384,-0.7641442846756155,-15.50866077710541
Sr3Zr1,Zr1Sr3,L12,Sr,Zr,5.1516,4.349214269299289,-0.8023857307007116,-15.575466470624885
Ta3Ag1,Ag1Ta3,L12,Ta,Ag,4.14659,3.782508650215911,-0.3640813497840889,-8.780259195726824
Ta3Al1,Al1Ta3,L12,Ta,Al,4.12486,3.738447332236495,-0.3864126677635049,-9.367897765342457
Ta3Au1,Au1Ta3,L12,Ta,Au,4.14082,3.7849154320019984,-0.3559045679980013,-8.59502629909055
Ta3Ba1,Ba1Ta3,L12,Ta,Ba,4.45528,4.262131904912505,-0.1931480950874951,-4.335262768838212
Ta3Ca1,Ca1Ta3,L12,Ta,Ca,4.34064,4.094040944593778,-0.24659905540622162,-5.681168108993642
Ta3Cd1,Cd1Ta3,L12,Ta,Cd,4.19216,3.832668688449967,-0.3594913115500331,-8.575324213532715
Ta3Ce1,Ce1Ta3,L12,Ta,Ce,4.35018,3.928874019037741,-0.4213059809622588,-9.684794214544198
Ta3Co1,Co1Ta3,L12,Ta,Co,4.03369,3.5553105040472204,-0.4783794959527796,-11.859599918505875
Ta3Cr1,Cr1Ta3,L12,Ta,Cr,4.10959,3.6138619805425676,-0.4957280194574323,-12.062712325497976
Ta3Cu1,Cu1Ta3,L12,Ta,Cu,4.05644,3.623279194646162,-0.4331608053538383,-10.678348634611586
Ta3Dy1,Dy1Ta3,L12,Ta,Dy,3.9036,3.959177923603011,0.05557792360301095,1.4237607235119107
Ta3Er1,Er1Ta3,L12,Ta,Er,4.37491,3.827063592470856,-0.547846407529144,-12.522461205582381
Ta3Eu1,Eu1Ta3,L12,Ta,Eu,4.80893,4.028905926407506,-0.7800240735924939,-16.220324970263526
Ta3Fe1,Fe1Ta3,L12,Ta,Fe,4.06636,3.574862921000791,-0.49149707899920925,-12.08690521742318
Ta3Ga1,Ga1Ta3,L12,Ta,Ga,4.11034,3.766360371754479,-0.343979628245521,-8.368641724176614
Ta3Gd1,Gd1Ta3,L12,Ta,Gd,4.33788,4.0163649296636645,-0.32151507033633564,-7.4118018556607295
Ta3Ge1,Ge1Ta3,L12,Ta,Ge,4.10231,3.7761818245750427,-0.3261281754249574,-7.9498666708502626
Ta3Hf1,Hf1Ta3,L12,Ta,Hf,4.26443,3.861302600347932,-0.4031273996520679,-9.453254002341883
Ta3Hg1,Hg1Ta3,L12,Ta,Hg,4.18915,3.888748420795146,-0.3004015792048538,-7.1709434898452855
Ta3Ho1,Ho1Ta3,L12,Ta,Ho,3.60975,3.9349328396877135,0.32518283968771344,9.00845874888049
Ta3In1,In1Ta3,L12,Ta,In,4.21701,3.9490495539630666,-0.2679604460369336,-6.354275802925143
Ta3Ir1,Ir1Ta3,L12,Ta,Ir,4.10123,3.662344333439839,-0.43888566656016126,-10.70131805726968
Ta3La1,La1Ta3,L12,Ta,La,4.40862,4.085110707874029,-0.323509292125971,-7.338107891493734
Ta3Lu1,Lu1Ta3,L12,Ta,Lu,4.32187,3.974536335683618,-0.3473336643163818,-8.036652289781548
Ta3Mg1,Mg1Ta3,L12,Ta,Mg,4.18414,3.8649453096630015,-0.31919469033699865,-7.628680931732654
Ta3Mn1,Mn1Ta3,L12,Ta,Mn,4.05812,3.603314888472626,-0.4548051115273739,-11.207285923712801
Ta3Mo1,Mo1Ta3,L12,Ta,Mo,4.15905,3.736946644977761,-0.4221033550222386,-10.149032952771393
Ta3Nb1,Nb1Ta3,L12,Ta,Nb,4.21477,3.802361964928062,-0.41240803507193746,-9.784828948482065
Ta3Nd1,Nd1Ta3,L12,Ta,Nd,4.37181,3.9586134386780345,-0.41319656132196547,-9.451384239524716
Ta3Ni1,Ni1Ta3,L12,Ta,Ni,4.03643,3.5719783205023945,-0.4644516794976057,-11.506496569929508
Ta3Os1,Os1Ta3,L12,Ta,Os,4.10472,3.6751200529876846,-0.42959994701231574,-10.46599882604211
Ta3Pb1,Pb1Ta3,L12,Ta,Pb,4.25407,4.045127079855134,-0.2089429201448656,-4.911600423708721
Ta3Pd1,Pd1Ta3,L12,Ta,Pd,4.1099,3.688846293856773,-0.4210537061432267,-10.244864988034422
Ta3Pr1,Pr1Ta3,L12,Ta,Pr,4.32895,3.9599319327632387,-0.3690180672367611,-8.524424334694583
Ta3Pt1,Pt1Ta3,L12,Ta,Pt,4.10656,3.700861820163792,-0.4056981798362078,-9.879270723822563
Ta3Re1,Re1Ta3,L12,Ta,Re,4.12602,3.6842167246299002,-0.44180327537009934,-10.707734702451742
Ta3Rh1,Rh1Ta3,L12,Ta,Rh,4.09629,3.6428578425857427,-0.453432157414257,-11.069337312891838
Ta3Ru1,Ru1Ta3,L12,Ta,Ru,4.09786,3.672503617358474,-0.42535638264152587,-10.379963752825276
Ta3Sc1,Sc1Ta3,L12,Ta,Sc,4.25684,3.891914002507793,-0.36492599749220744,-8.572697059137937
Ta3Si1,Si1Ta3,L12,Ta,Si,4.06872,3.6780569241705954,-0.3906630758294045,-9.60162104616205
Ta3Sn1,Sn1Ta3,L12,Ta,Sn,4.21724,3.965435882202987,-0.2518041177970134,-5.970827313527647
Ta3Sr1,Sr1Ta3,L12,Ta,Sr,4.42101,4.143669504982431,-0.27734049501756886,-6.2732383554339135
Ta3Ta1,Ta4,L12,Ta,Ta,4.20917,3.7738836035032404,-0.43528639649675993,-10.341383134840358
Ta3Tb1,Tb1Ta3,L12,Ta,Tb,4.70835,3.9026621561213517,-0.8056878438786486,-17.111893633197372
Ta3Tc1,Tc1Ta3,L12,Ta,Tc,4.11932,3.671969686615068,-0.4473503133849319,-10.859809710945784
Ta3Ti1,Ti1Ta3,L12,Ta,Ti,4.17424,3.726767811549586,-0.44747218845041425,-10.719848126854572
Ta3Tm1,Tm1Ta3,L12,Ta,Tm,4.01423,3.91335425336991,-0.10087574663009047,-2.5129538324931673
Ta3V1,V1Ta3,L12,Ta,V,4.11959,3.6703784261412022,-0.4492115738587974,-10.90427867479039
Ta3W1,W1Ta3,L12,Ta,W,4.16306,3.747979040559592,-0.4150809594404077,-9.970573555039026
Ta3Y1,Y1Ta3,L12,Ta,Y,4.35834,4.040573723646886,-0.3177662763531144,-7.29099327618117
Ta3Zn1,Zn1Ta3,L12,Ta,Zn,4.09505,3.70355470862326,-0.39149529137673955,-9.560207845490034
Ta3Zr1,Zr1Ta3,L12,Ta,Zr,4.27863,3.889703262598163,-0.3889267374018366,-9.08998294785566
Tb3Ag1,Ag1Tb3,L12,Tb,Ag,4.49014,3.942534119327508,-0.5476058806724922,-12.19574179585697
Tb3Al1,Al1Tb3,L12,Tb,Al,4.68512,3.8984728013480923,-0.7866471986519081,-16.790331915765403
Tb3Au1,Au1Tb3,L12,Tb,Au,4.65353,3.9449409011135965,-0.7085890988864034,-15.226915887216874
Tb3Ba1,Ba1Tb3,L12,Tb,Ba,4.23701,4.422157374024103,0.18514737402410297,4.369764858334132
Tb3Ca1,Ca1Tb3,L12,Tb,Ca,4.0,4.254066413705375,0.25406641370537475,6.351660342634369
Tb3Cd1,Cd1Tb3,L12,Tb,Cd,4.63601,3.9926941575615644,-0.6433158424384353,-13.876498161963314
Tb3Ce1,Ce1Tb3,L12,Tb,Ce,5.68628,4.088899488149338,-1.5973805118506617,-28.091837050772416
Tb3Co1,Co1Tb3,L12,Tb,Co,4.60245,3.715335973158819,-0.8871140268411812,-19.27482160243308
Tb3Cr1,Cr1Tb3,L12,Tb,Cr,4.12664,3.773887449654165,-0.3527525503458353,-8.548178429565828
Tb3Cu1,Cu1Tb3,L12,Tb,Cu,4.19773,3.783304663757759,-0.41442533624224076,-9.872605818912621
Tb3Dy1,Dy1Tb3,L12,Tb,Dy,4.74809,4.119203392714608,-0.6288866072853923,-13.245043949996571
Tb3Er1,Er1Tb3,L12,Tb,Er,4.92212,3.987089061582454,-0.9350309384175457,-18.99650838292333
Tb3Eu1,Eu1Tb3,L12,Tb,Eu,4.19934,4.188931395519104,-0.010408604480896422,-0.24786286609077665
Tb3Fe1,Fe1Tb3,L12,Tb,Fe,4.30536,3.7348883901123884,-0.5704716098876119,-13.250265015878156
Tb3Ga1,Ga1Tb3,L12,Tb,Ga,4.63364,3.926385840866077,-0.7072541591339228,-15.26346801076309
Tb3Gd1,Gd1Tb3,L12,Tb,Gd,4.0,4.176390398775262,0.1763903987752622,4.409759969381555
Tb3Ge1,Ge1Tb3,L12,Tb,Ge,4.58451,3.9362072936866404,-0.6483027063133595,-14.141155899177003
Tb3Hf1,Hf1Tb3,L12,Tb,Hf,4.74127,4.021328069459529,-0.7199419305404708,-15.184579881349741
Tb3Hg1,Hg1Tb3,L12,Tb,Hg,4.73381,4.048773889906743,-0.6850361100932574,-14.471136570611353
Tb3Ho1,Ho1Tb3,L12,Tb,Ho,4.86668,4.094958308799311,-0.771721691200689,-15.857251580146817
Tb3In1,In1Tb3,L12,Tb,In,4.76346,4.109075023074664,-0.6543849769253365,-13.737597815985364
Tb3Ir1,Ir1Tb3,L12,Tb,Ir,4.54123,3.8223698025514365,-0.7188601974485631,-15.829636407945936
Tb3La1,La1Tb3,L12,Tb,La,4.91651,4.245136176985626,-0.671373823014374,-13.655495931349149
Tb3Lu1,Lu1Tb3,L12,Tb,Lu,4.51249,4.134561804795215,-0.3779281952047846,-8.375158619848126
Tb3Mg1,Mg1Tb3,L12,Tb,Mg,4.78161,4.024970778774599,-0.7566392212254005,-15.82394258890626
Tb3Mn1,Mn1Tb3,L12,Tb,Mn,4.12971,3.763340357584223,-0.3663696424157772,-8.871558594084746
Tb3Mo1,Mo1Tb3,L12,Tb,Mo,4.16814,3.8969721140893583,-0.2711678859106419,-6.505728836138946
Tb3Nb1,Nb1Tb3,L12,Tb,Nb,4.25721,3.9623874340396594,-0.2948225659603403,-6.925253063869068
Tb3Nd1,Nd1Tb3,L12,Tb,Nd,4.16495,4.118638907789632,-0.04631109221036844,-1.1119243258711016
Tb3Ni1,Ni1Tb3,L12,Tb,Ni,4.1544,3.732003789613992,-0.4223962103860077,-10.167441998507792
Tb3Os1,Os1Tb3,L12,Tb,Os,4.52763,3.835145522099282,-0.6924844779007184,-15.294634895093424
Tb3Pb1,Pb1Tb3,L12,Tb,Pb,4.78882,4.2051525489667325,-0.5836674510332678,-12.188126741729022
Tb3Pd1,Pd1Tb3,L12,Tb,Pd,4.44629,3.84887176296837,-0.5974182370316301,-13.436330896806778
Tb3Pr1,Pr1Tb3,L12,Tb,Pr,4.14936,4.119957401874836,-0.02940259812516377,-0.7086056193042728
Tb3Pt1,Pt1Tb3,L12,Tb,Pt,4.58645,3.8608872892753894,-0.7255627107246108,-15.819701745895207
Tb3Re1,Re1Tb3,L12,Tb,Re,4.43441,3.8442421937414974,-0.5901678062585023,-13.308823637383604
Tb3Ru1,Ru1Tb3,L12,Tb,Ru,4.1584,3.832529086470071,-0.32587091352992914,-7.836449440408068
Tb3Sc1,Sc1Tb3,L12,Tb,Sc,4.77712,4.051939471619391,-0.7251805283806094,-15.180287042833537
Tb3Si1,Si1Tb3,L12,Tb,Si,4.53985,3.838082393282193,-0.7017676067178074,-15.457946996438368
Tb3Sm1,Sm1Tb3,L12,Tb,Sm,4.04234,4.178896383540333,0.1365563835403325,3.3781518511637443
Tb3Sn1,Sn1Tb3,L12,Tb,Sn,4.09484,4.125461351314585,0.030621351314585432,0.7478033650786218
Tb3Sr1,Sr1Tb3,L12,Tb,Sr,4.0,4.303694974094028,0.3036949740940278,7.592374352350695
Tb3Ta1,Ta1Tb3,L12,Tb,Ta,4.64828,3.9339090726148385,-0.7143709273851613,-15.368500335288783
Tb3Tb1,Tb4,L12,Tb,Tb,4.8784,4.062687625232949,-0.8157123747670507,-16.720899777940527
Tb3Tc1,Tc1Tb3,L12,Tb,Tc,4.53626,3.831995155726666,-0.7042648442733346,-15.525231011303022
Tb3Ti1,Ti1Tb3,L12,Tb,Ti,4.68252,3.8867932806611836,-0.7957267193388167,-16.99355730117152
Tb3Tm1,Tm1Tb3,L12,Tb,Tm,4.04643,4.073379722481508,0.02694972248150762,0.6660123239870113
Tb3V1,V1Tb3,L12,Tb,V,4.64763,3.8304038952528,-0.8172261047472005,-17.58371696428503
Tb3W1,W1Tb3,L12,Tb,W,4.18184,3.90800450967119,-0.27383549032881005,-6.548205821571605
Tb3Y1,Y1Tb3,L12,Tb,Y,4.87622,4.200599192758484,-0.6756208072415157,-13.855420945763639
Tb3Zn1,Zn1Tb3,L12,Tb,Zn,4.5838,3.863580177734857,-0.7202198222651433,-15.712287234721046
Tb3Zr1,Zr1Tb3,L12,Tb,Zr,4.74234,4.049728731709762,-0.6926112682902383,-14.604842088298989
Tc3Ag1,Ag1Tc3,L12,Tc,Ag,3.89461,3.655866270506974,-0.2387437294930259,-6.130106210712392
Tc3Al1,Al1Tc3,L12,Tc,Al,3.85862,3.6118049525275584,-0.24681504747244176,-6.396459031271329
Tc3Au1,Au1Tc3,L12,Tc,Au,3.90126,3.6582730522930618,-0.2429869477069384,-6.228422297076801
Tc3Ba1,Ba1Tc3,L12,Tc,Ba,4.28753,4.135489525203568,-0.1520404747964319,-3.546108710526384
Tc3Ca1,Ca1Tc3,L12,Tc,Ca,4.06009,3.967398564884841,-0.09269143511515887,-2.282989665627089
Tc3Cd1,Cd1Tc3,L12,Tc,Cd,3.95387,3.7060263087410306,-0.24784369125896966,-6.2683824015197676
Tc3Ce1,Ce1Tc3,L12,Tc,Ce,4.08294,3.8022316393288045,-0.2807083606711953,-6.875152725026459
Tc3Co1,Co1Tc3,L12,Tc,Co,3.75757,3.428668124338285,-0.3289018756617148,-8.753047199698603
Tc3Cr1,Cr1Tc3,L12,Tc,Cr,3.80126,3.4872196008336314,-0.3140403991663687,-8.261481697289023
Tc3Cu1,Cu1Tc3,L12,Tc,Cu,3.79658,3.4966368149372253,-0.29994318506277473,-7.900352029004385
Tc3Dy1,Dy1Tc3,L12,Tc,Dy,4.0,3.8325355438940742,-0.16746445610592575,-4.186611402648143
Tc3Er1,Er1Tc3,L12,Tc,Er,4.03349,3.70042121276192,-0.33306878723807953,-8.257583066725827
Tc3Eu1,Eu1Tc3,L12,Tc,Eu,3.96313,3.90226354669857,-0.060866453301430035,-1.5358177324849307
Tc3Fe1,Fe1Tc3,L12,Tc,Fe,3.76416,3.4482205412918545,-0.31593945870814544,-8.393358908976916
Tc3Ga1,Ga1Tc3,L12,Tc,Ga,3.85967,3.639717992045543,-0.2199520079544568,-5.698725744803489
Tc3Gd1,Gd1Tc3,L12,Tc,Gd,5.66223,3.889722549954728,-1.7725074500452722,-31.304052467760446
Tc3Ge1,Ge1Tc3,L12,Tc,Ge,3.8629,3.649539444866106,-0.21336055513389374,-5.523325872631799
Tc3Hf1,Hf1Tc3,L12,Tc,Hf,3.98863,3.7346602206389954,-0.25396977936100473,-6.367343658374046
Tc3Hg1,Hg1Tc3,L12,Tc,Hg,3.96039,3.7621060410862093,-0.19828395891379058,-5.006677597756549
Tc3In1,In1Tc3,L12,Tc,In,3.98063,3.82240717425413,-0.1582228257458702,-3.974818703217084
Tc3Ir1,Ir1Tc3,L12,Tc,Ir,3.85318,3.535701953730903,-0.3174780462690969,-8.239377508164605
Tc3La1,La1Tc3,L12,Tc,La,4.1605,3.958468328165092,-0.202031671834908,-4.855946925487514
Tc3Lu1,Lu1Tc3,L12,Tc,Lu,4.04644,3.847893955974681,-0.1985460440253184,-4.90668449366155
Tc3Mg1,Mg1Tc3,L12,Tc,Mg,3.90319,3.738302929954065,-0.16488707004593506,-4.224418233443288
Tc3Mn1,Mn1Tc3,L12,Tc,Mn,3.77996,3.4766725087636896,-0.3032874912363104,-8.02356350956916
Tc3Mo1,Mo1Tc3,L12,Tc,Mo,3.88729,3.6103042652688244,-0.2769857347311757,-7.125419887149549
Tc3Nb1,Nb1Tc3,L12,Tc,Nb,3.9449,3.6757195852191256,-0.2691804147808745,-6.823504139037098
Tc3Nd1,Nd1Tc3,L12,Tc,Nd,4.02395,3.831971058969098,-0.1919789410309023,-4.770907715824061
Tc3Ni1,Ni1Tc3,L12,Tc,Ni,3.7648,3.445335940793458,-0.3194640592065423,-8.485551933875433
Tc3Os1,Os1Tc3,L12,Tc,Os,3.85581,3.548477673278748,-0.307332326721252,-7.97062943249932
Tc3Pb1,Pb1Tc3,L12,Tc,Pb,4.03899,3.918484700146198,-0.12050529985380187,-2.983550339411632
Tc3Pd1,Pd1Tc3,L12,Tc,Pd,3.85503,3.5622039141478354,-0.29282608585216474,-7.5959483026633965
Tc3Pr1,Pr1Tc3,L12,Tc,Pr,4.03979,3.833289553054302,-0.2065004469456979,-5.111662906876296
Tc3Pt1,Pt1Tc3,L12,Tc,Pt,3.86753,3.5742194404548555,-0.2933105595451444,-7.583924611965373
Tc3Re1,Re1Tc3,L12,Tc,Re,3.87161,3.5575743449209636,-0.3140356550790364,-8.111241965978918
Tc3Rh1,Rh1Tc3,L12,Tc,Rh,3.83858,3.516215462876806,-0.3223645371231938,-8.398015337004669
Tc3Ru1,Ru1Tc3,L12,Tc,Ru,3.84086,3.5458612376495373,-0.29499876235046285,-7.6805393154257855
Tc3Sc1,Sc1Tc3,L12,Tc,Sc,3.97022,3.7652716227988563,-0.20494837720114356,-5.162141574047372
Tc3Si1,Si1Tc3,L12,Tc,Si,3.81668,3.551414544461659,-0.2652654555383407,-6.950162327948392
Tc3Sm1,Sm1Tc3,L12,Tc,Sm,4.0,3.8922285347197985,-0.10777146528020154,-2.6942866320050385
Tc3Sn1,Sn1Tc3,L12,Tc,Sn,3.98501,3.8387935024940507,-0.14621649750594923,-3.6691626245843607
Tc3Sr1,Sr1Tc3,L12,Tc,Sr,4.16428,4.017027125273494,-0.1472528747265054,-3.5360944683475988
Tc3Ta1,Ta1Tc3,L12,Tc,Ta,3.93798,3.6472412237943046,-0.29073877620569544,-7.382941919605875
Tc3Tb1,Tb1Tc3,L12,Tc,Tb,4.0,3.7760197764124155,-0.22398022358758451,-5.599505589689613
Tc3Tc1,Tc4,L12,Tc,Tc,3.85762,3.545327306906131,-0.31229269309386876,-8.09547578802134
Tc3Ti1,Ti1Tc3,L12,Tc,Ti,3.89018,3.600125431840649,-0.29005456815935116,-7.4560706229365
Tc3Tm1,Tm1Tc3,L12,Tc,Tm,4.01427,3.7867118736609733,-0.2275581263390265,-5.668729964327923
Tc3V1,V1Tc3,L12,Tc,V,3.83597,3.5437360464322665,-0.29223395356773363,-7.618254406779344
Tc3W1,W1Tc3,L12,Tc,W,3.89507,3.621336660850656,-0.27373333914934417,-7.02768728544915
Tc3Y1,Y1Tc3,L12,Tc,Y,4.0883,3.91393134393795,-0.17436865606205032,-4.265065089696214
Tc3Zn1,Zn1Tc3,L12,Tc,Zn,3.84039,3.576912328914323,-0.2634776710856772,-6.860700894588237
Tc3Zr1,Zr1Tc3,L12,Tc,Zr,4.00602,3.763060882889228,-0.24295911711077256,-6.064850328025635
Ti3Ag1,Ag1Ti3,L12,Ti,Ag,4.08243,3.723960650128452,-0.35846934987154766,-8.780783745748186
Ti3Al1,Al1Ti3,L12,Ti,Al,4.03771,3.679899332149036,-0.3578106678509636,-8.861722804534343
Ti3Au1,Au1Ti3,L12,Ti,Au,4.05572,3.7263674319145395,-0.32935256808546054,-8.12069294935204
Ti3Ba1,Ba1Ti3,L12,Ti,Ba,4.43312,4.203583904825046,-0.22953609517495366,-5.177755061332733
Ti3Ca1,Ca1Ti3,L12,Ti,Ca,4.33348,4.035492944506319,-0.29798705549368076,-6.876391618137865
Ti3Cd1,Cd1Ti3,L12,Ti,Cd,4.13704,3.7741206883625082,-0.3629193116374916,-8.772439029777125
Ti3Ce1,Ce1Ti3,L12,Ti,Ce,4.26026,3.870326018950282,-0.38993398104971755,-9.152821213956837
Ti3Co1,Co1Ti3,L12,Ti,Co,3.91263,3.496762503959762,-0.4158674960402382,-10.628848013746206
Ti3Cr1,Cr1Ti3,L12,Ti,Cr,3.96082,3.5553139804551086,-0.4055060195448914,-10.237931022992496
Ti3Cu1,Cu1Ti3,L12,Ti,Cu,3.96344,3.564731194558702,-0.3987088054412977,-10.05966547850599
Ti3Dy1,Dy1Ti3,L12,Ti,Dy,3.43706,3.900629923515552,0.46356992351555215,13.487396889072409
Ti3Er1,Er1Ti3,L12,Ti,Er,3.87022,3.768515592383397,-0.10170440761660338,-2.627871480603257
Ti3Eu1,Eu1Ti3,L12,Ti,Eu,4.268,3.9703579263200477,-0.2976420736799521,-6.973806787252861
Ti3Fe1,Fe1Ti3,L12,Ti,Fe,3.91451,3.516314920913332,-0.39819507908666774,-10.172284119510941
Ti3Ga1,Ga1Ti3,L12,Ti,Ga,4.01137,3.70781237166702,-0.3035576283329804,-7.567430287731631
Ti3Ge1,Ge1Ti3,L12,Ti,Ge,4.00195,3.7176338244875837,-0.28431617551241617,-7.104440972836147
Ti3Hf1,Hf1Ti3,L12,Ti,Hf,4.19129,3.802754600260473,-0.38853539973952733,-9.270067204596371
Ti3Hg1,Hg1Ti3,L12,Ti,Hg,4.12352,3.8302004207076865,-0.29331957929231356,-7.113329856343937
Ti3Ho1,Ho1Ti3,L12,Ti,Ho,3.70906,3.8763848396002545,0.16732483960025446,4.511246504512045
Ti3In1,In1Ti3,L12,Ti,In,4.15721,3.8905015538756076,-0.2667084461243925,-6.4155634698365605
Ti3Ir1,Ir1Ti3,L12,Ti,Ir,3.99145,3.60379633335238,-0.38765366664762,-9.712101282682234
Ti3La1,La1Ti3,L12,Ti,La,4.34739,4.02656270778657,-0.32082729221342987,-7.379767911630424
Ti3Lu1,Lu1Ti3,L12,Ti,Lu,4.27486,3.915988335596159,-0.35887166440384144,-8.39493373827076
Ti3Mg1,Mg1Ti3,L12,Ti,Mg,4.14127,3.806397309575542,-0.33487269042445744,-8.086231770071922
Ti3Mn1,Mn1Ti3,L12,Ti,Mn,3.92869,3.544766888385167,-0.38392311161483317,-9.772293350069187
Ti3Mo1,Mo1Ti3,L12,Ti,Mo,4.04276,3.678398644890302,-0.36436135510969825,-9.012688240452023
Ti3Nb1,Nb1Ti3,L12,Ti,Nb,4.11619,3.7438139648406032,-0.3723760351593963,-9.046619207553498
Ti3Nd1,Nd1Ti3,L12,Ti,Nd,4.25804,3.900065438590575,-0.3579745614094252,-8.407026740223793
Ti3Ni1,Ni1Ti3,L12,Ti,Ni,3.92519,3.513430320414935,-0.4117596795850651,-10.490184668387137
Ti3Os1,Os1Ti3,L12,Ti,Os,3.98836,3.6165720529002257,-0.3717879470997745,-9.32182518879375
Ti3Pb1,Pb1Ti3,L12,Ti,Pb,4.20067,3.9865790797676746,-0.21409092023232512,-5.0965898352483086
Ti3Pd1,Pd1Ti3,L12,Ti,Pd,4.02122,3.630298293769314,-0.39092170623068556,-9.721470256058748
Ti3Pr1,Pr1Ti3,L12,Ti,Pr,4.23507,3.9013839326757798,-0.33368606732422057,-7.879115748363557
Ti3Pt1,Pt1Ti3,L12,Ti,Pt,4.01134,3.642313820076333,-0.3690261799236665,-9.199573706633357
Ti3Re1,Re1Ti3,L12,Ti,Re,4.00639,3.6256687245424413,-0.3807212754575584,-9.502851081835729
Ti3Rh1,Rh1Ti3,L12,Ti,Rh,3.99133,3.5843098424982833,-0.4070201575017167,-10.197607251260024
Ti3Ru1,Ru1Ti3,L12,Ti,Ru,3.98585,3.613955617271015,-0.3718943827289851,-9.330365737019333
Ti3Sc1,Sc1Ti3,L12,Ti,Sc,4.20652,3.833366002420334,-0.3731539975796663,-8.870848054440875
Ti3Si1,Si1Ti3,L12,Ti,Si,3.95999,3.6195089240831364,-0.3404810759168635,-8.598028679791199
Ti3Sm1,Sm1Ti3,L12,Ti,Sm,4.06916,3.960322914341275,-0.1088370856587253,-2.674681891563008
Ti3Sn1,Sn1Ti3,L12,Ti,Sn,4.15584,3.906887882115528,-0.24895211788447247,-5.990416327011445
Ti3Sr1,Sr1Ti3,L12,Ti,Sr,4.41545,4.085121504894972,-0.3303284951050278,-7.481196596157308
Ti3Ta1,Ta1Ti3,L12,Ti,Ta,4.11246,3.7153356034157823,-0.3971243965842173,-9.656614206198173
Ti3Tb1,Tb1Ti3,L12,Ti,Tb,4.13601,3.8441141560338927,-0.291895843966107,-7.0574259725219965
Ti3Tc1,Tc1Ti3,L12,Ti,Tc,4.00288,3.6134216865276088,-0.38945831347239146,-9.729452630915526
Ti3Ti1,Ti4,L12,Ti,Ti,4.09102,3.6682198114621265,-0.4228001885378738,-10.334835530940298
Ti3Tm1,Tm1Ti3,L12,Ti,Tm,4.08594,3.854806253282451,-0.23113374671754894,-5.656807165977693
Ti3V1,V1Ti3,L12,Ti,V,4.01356,3.6118304260537433,-0.40172957394625675,-10.009307795230587
Ti3W1,W1Ti3,L12,Ti,W,4.047,3.689431040472133,-0.3575689595278666,-8.835407944844741
Ti3Y1,Y1Ti3,L12,Ti,Y,4.31357,3.982025723559427,-0.33154427644057316,-7.686076183777548
Ti3Zn1,Zn1Ti3,L12,Ti,Zn,4.00383,3.6450067085358007,-0.3588232914641991,-8.962001170484239
Ti3Zr1,Zr1Ti3,L12,Ti,Zr,4.20288,3.831155262510704,-0.37172473748929624,-8.844524171265803
Tm3Ag1,Ag1Tm3,L12,Tm,Ag,4.41773,3.9558205543992018,-0.46190944560079794,-10.455809784681227
Tm3Al1,Al1Tm3,L12,Tm,Al,5.0799,3.9117592364197864,-1.168140763580214,-22.995349585232265
Tm3Ba1,Ba1Tm3,L12,Tm,Ba,4.39542,4.435443809095796,0.04002380909579628,0.9105798557543143
Tm3Ca1,Ca1Tm3,L12,Tm,Ca,5.99184,4.267352848777069,-1.724487151222931,-28.780594128396803
Tm3Cd1,Cd1Tm3,L12,Tm,Cd,4.55831,4.005980592633258,-0.5523294073667415,-12.116977725664588
Tm3Ce1,Ce1Tm3,L12,Tm,Ce,4.16844,4.1021859232210325,-0.06625407677896789,-1.5894213849537926
Tm3Co1,Co1Tm3,L12,Tm,Co,4.52397,3.7286224082305126,-0.7953475917694877,-17.580744164295687
Tm3Cr1,Cr1Tm3,L12,Tm,Cr,4.95685,3.7871738847258585,-1.1696761152741417,-23.5971658467402
Tm3Cu1,Cu1Tm3,L12,Tm,Cu,4.28777,3.796591098829453,-0.4911789011705472,-11.455346279547344
Tm3Dy1,Dy1Tm3,L12,Tm,Dy,4.17048,4.132489827786302,-0.03799017221369816,-0.910930449581299
Tm3Er1,Er1Tm3,L12,Tm,Er,4.95332,4.000375496654147,-0.9529445033458526,-19.23850070954133
Tm3Eu1,Eu1Tm3,L12,Tm,Eu,4.16254,4.202217830590798,0.0396778305907981,0.9532119953393385
Tm3Fe1,Fe1Tm3,L12,Tm,Fe,6.03169,3.748174825184082,-2.283515174815918,-37.85862958500715
Tm3Ga1,Ga1Tm3,L12,Tm,Ga,4.23649,3.9396722759377703,-0.2968177240622296,-7.006217979087161
Tm3Gd1,Gd1Tm3,L12,Tm,Gd,4.44932,4.189676833846955,-0.2596431661530447,-5.835569618571933
Tm3Ge1,Ge1Tm3,L12,Tm,Ge,4.10646,3.949493728758334,-0.15696627124166618,-3.8224229930808082
Tm3Hf1,Hf1Tm3,L12,Tm,Hf,4.42589,4.034614504531223,-0.3912754954687765,-8.840605967811593
Tm3Hg1,Hg1Tm3,L12,Tm,Hg,5.07061,4.062060324978437,-1.0085496750215635,-19.890105431527243
Tm3Ho1,Ho1Tm3,L12,Tm,Ho,4.32819,4.108244743871005,-0.2199452561289954,-5.081691333536545
Tm3In1,In1Tm3,L12,Tm,In,4.48749,4.122361458146358,-0.3651285418536423,-8.136587309467927
Tm3Ir1,Ir1Tm3,L12,Tm,Ir,4.69853,3.8356562376231302,-0.8628737623768696,-18.36476009255809
Tm3La1,La1Tm3,L12,Tm,La,4.46838,4.25842261205732,-0.20995738794267993,-4.698736184986056
Tm3Lu1,Lu1Tm3,L12,Tm,Lu,6.27315,4.147848239866909,-2.125301760133091,-33.879339090139574
Tm3Mg1,Mg1Tm3,L12,Tm,Mg,4.83981,4.038257213846292,-0.8015527861537075,-16.561658126118743
Tm3Mn1,Mn1Tm3,L12,Tm,Mn,4.40353,3.7766267926559167,-0.6269032073440832,-14.236378708537996
Tm3Mo1,Mo1Tm3,L12,Tm,Mo,4.03063,3.910258549161052,-0.1203714508389484,-2.9864177768475
Tm3Nb1,Nb1Tm3,L12,Tm,Nb,4.1989,3.9756738691113536,-0.2232261308886465,-5.316300242650373
Tm3Nd1,Nd1Tm3,L12,Tm,Nd,4.04525,4.131925342861326,0.08667534286132561,2.1426449010895645
Tm3Ni1,Ni1Tm3,L12,Tm,Ni,4.92469,3.745290224685686,-1.1793997753143142,-23.948710991236286
Tm3Os1,Os1Tm3,L12,Tm,Os,4.20139,3.8484319571709755,-0.35295804282902443,-8.400982599307001
Tm3Pb1,Pb1Tm3,L12,Tm,Pb,4.83062,4.218438984038425,-0.6121810159615748,-12.672928443172404
Tm3Pd1,Pd1Tm3,L12,Tm,Pd,4.37688,3.862158198040064,-0.514721801959936,-11.76001631207472
Tm3Pr1,Pr1Tm3,L12,Tm,Pr,4.21752,4.13324383694653,-0.0842761630534703,-1.9982397962184004
Tm3Pt1,Pt1Tm3,L12,Tm,Pt,4.31589,3.874173724347083,-0.4417162756529165,-10.234650921430262
Tm3Re1,Re1Tm3,L12,Tm,Re,4.23475,3.8575286288131916,-0.37722137118680843,-8.907760108313559
Tm3Rh1,Rh1Tm3,L12,Tm,Rh,4.35957,3.816169746769034,-0.5434002532309656,-12.464537861095605
Tm3Ru1,Ru1Tm3,L12,Tm,Ru,4.31225,3.845815521541765,-0.4664344784582348,-10.816499007669659
Tm3Sc1,Sc1Tm3,L12,Tm,Sc,4.39291,4.065225906691084,-0.3276840933089158,-7.459385539628989
Tm3Si1,Si1Tm3,L12,Tm,Si,4.23731,3.8513688283538863,-0.38594117164611363,-9.108164652718674
Tm3Sm1,Sm1Tm3,L12,Tm,Sm,4.1646,4.192182818612025,0.02758281861202505,0.6623161555017301
Tm3Sn1,Sn1Tm3,L12,Tm,Sn,4.62972,4.138747786386278,-0.49097221361372156,-10.604792808500765
Tm3Sr1,Sr1Tm3,L12,Tm,Sr,4.46587,4.316981409165722,-0.14888859083427786,-3.333921292699471
Tm3Ta1,Ta1Tm3,L12,Tm,Ta,4.36776,3.9471955076865317,-0.42056449231346793,-9.628837031189168
Tm3Tb1,Tb1Tm3,L12,Tm,Tb,4.17102,4.075974060304643,-0.0950459396953578,-2.278721744210236
Tm3Tc1,Tc1Tm3,L12,Tm,Tc,4.35876,3.8452815907983595,-0.5134784092016407,-11.780378116749732
Tm3Ti1,Ti1Tm3,L12,Tm,Ti,4.3823,3.9000797157328773,-0.4822202842671226,-11.003817271002045
Tm3V1,V1Tm3,L12,Tm,V,4.68152,3.8436903303244936,-0.8378296696755063,-17.89653082066308
Tm3W1,W1Tm3,L12,Tm,W,4.82229,3.9212909447428834,-0.9009990552571163,-18.68404959587906
Tm3Y1,Y1Tm3,L12,Tm,Y,4.18394,4.2138856278301775,0.029945627830177735,0.7157279461507033
Tm3Zn1,Zn1Tm3,L12,Tm,Zn,4.53298,3.8768666128065514,-0.6561133871934488,-14.47421756093009
Tm3Zr1,Zr1Tm3,L12,Tm,Zr,4.68112,4.0630151667814545,-0.6181048332185455,-13.204208249704033
V3Ag1,Ag1V3,L12,V,Ag,3.85912,3.653888905498345,-0.2052310945016549,-5.318080145257335
V3Al1,Al1V3,L12,V,Al,3.80563,3.6098275875189287,-0.1958024124810711,-5.145072234585893
V3Au1,Au1V3,L12,V,Au,3.85908,3.6562956872844325,-0.20278431271556752,-5.254732027207716
V3Ba1,Ba1V3,L12,V,Ba,4.19711,4.133512160194939,-0.06359783980506162,-1.5152769359168956
V3Ca1,Ca1V3,L12,V,Ca,4.09049,3.965421199876212,-0.12506880012378785,-3.057550565428295
V3Cd1,Cd1V3,L12,V,Cd,3.91377,3.7040489437324013,-0.20972105626759863,-5.358543201761949
V3Ce1,Ce1V3,L12,V,Ce,4.08356,3.8002542743201757,-0.2833057256798246,-6.937714290467743
V3Co1,Co1V3,L12,V,Co,3.69258,3.4266907593296545,-0.2658892406703455,-7.200635887925122
V3Cr1,Cr1V3,L12,V,Cr,3.74827,3.4852422358250017,-0.2630277641749985,-7.017311030822179
V3Cu1,Cu1V3,L12,V,Cu,3.72925,3.4946594499285957,-0.23459055007140428,-6.290555743685842
V3Dy1,Dy1V3,L12,V,Dy,3.85037,3.830558178885445,-0.019811821114554817,-0.5145433066057241
V3Er1,Er1V3,L12,V,Er,4.0,3.6984438477532904,-0.3015561522467096,-7.53890380616774
V3Eu1,Eu1V3,L12,V,Eu,4.04852,3.9002861816899403,-0.14823381831005955,-3.6614322841448126
V3Fe1,Fe1V3,L12,V,Fe,3.6978,3.4462431762832253,-0.2515568237167747,-6.802878027929436
V3Ga1,Ga1V3,L12,V,Ga,3.78751,3.6377406270369126,-0.14976937296308757,-3.954296436526572
V3Gd1,Gd1V3,L12,V,Gd,4.32917,3.887745184946098,-0.4414248150539022,-10.196523006809668
V3Ge1,Ge1V3,L12,V,Ge,3.78248,3.6475620798574773,-0.1349179201425228,-3.566916947149034
V3Hf1,Hf1V3,L12,V,Hf,3.98121,3.7326828556303666,-0.2485271443696333,-6.242502765984042
V3Hg1,Hg1V3,L12,V,Hg,3.91512,3.7601286760775796,-0.15499132392242032,-3.958788591982374
V3Ho1,Ho1V3,L12,V,Ho,3.91883,3.806313094970148,-0.11251690502985179,-2.871186171123825
V3In1,In1V3,L12,V,In,3.93445,3.820429809245501,-0.11402019075449887,-2.8979956729529888
V3Ir1,Ir1V3,L12,V,Ir,3.79843,3.5337245887222735,-0.26470541127772673,-6.9688110950505004
V3La1,La1V3,L12,V,La,4.1436,3.956490963156463,-0.18710903684353708,-4.515615330715732
V3Lu1,Lu1V3,L12,V,Lu,4.05059,3.8459165909660515,-0.20467340903394815,-5.052928314984932
V3Mg1,Mg1V3,L12,V,Mg,3.88415,3.736325564945435,-0.14782443505456477,-3.8058374433161637
V3Mn1,Mn1V3,L12,V,Mn,3.71752,3.47469514375506,-0.24282485624494,-6.531904502058899
V3Mo1,Mo1V3,L12,V,Mo,3.84884,3.608326900260195,-0.24051309973980484,-6.248976308181292
V3Nb1,Nb1V3,L12,V,Nb,3.91918,3.6737422202104963,-0.24543777978950354,-6.262477859896803
V3Nd1,Nd1V3,L12,V,Nd,4.0363,3.8299936939604677,-0.20630630603953204,-5.11127284987568
V3Ni1,Ni1V3,L12,V,Ni,3.69953,3.443358575784828,-0.25617142421517203,-6.924431595774923
V3Os1,Os1V3,L12,V,Os,3.79963,3.5465003082701188,-0.2531296917298813,-6.661956341272211
V3Pb1,Pb1V3,L12,V,Pb,3.98078,3.916507335137568,-0.0642726648624321,-1.6145746527673497
V3Pd1,Pd1V3,L12,V,Pd,3.80984,3.5602265491392067,-0.24961345086079323,-6.551809284925174
V3Pr1,Pr1V3,L12,V,Pr,4.04248,3.8313121880456724,-0.21116781195432788,-5.223719398842489
V3Pt1,Pt1V3,L12,V,Pt,3.81487,3.572242075446226,-0.24262792455377413,-6.360057473879166
V3Re1,Re1V3,L12,V,Re,3.82034,3.555596979912334,-0.2647430200876659,-6.929828760991585
V3Rh1,Rh1V3,L12,V,Rh,3.78829,3.5142380978681764,-0.2740519021318235,-7.23418487317031
V3Ru1,Ru1V3,L12,V,Ru,3.78716,3.543883872640908,-0.243276127359092,-6.423708725247732
V3Sc1,Sc1V3,L12,V,Sc,3.96977,3.7632942577902266,-0.20647574220977338,-5.201201636613038
V3Si1,Si1V3,L12,V,Si,3.73778,3.5494371794530295,-0.18834282054697038,-5.0388952947196035
V3Sm1,Sm1V3,L12,V,Sm,4.0,3.8902511697111684,-0.10974883028883164,-2.743720757220791
V3Sn1,Sn1V3,L12,V,Sn,3.93602,3.836816137485421,-0.09920386251457902,-2.520410529280314
V3Sr1,Sr1V3,L12,V,Sr,4.19532,4.015049760264865,-0.180270239735135,-4.296936580168736
V3Ta1,Ta1V3,L12,V,Ta,3.91255,3.645263858785675,-0.26728614121432503,-6.831507360016486
V3Tb1,Tb1V3,L12,V,Tb,6.08643,3.774042411403786,-2.312387588596214,-37.99251102199835
V3Tc1,Tc1V3,L12,V,Tc,3.80716,3.543349941897502,-0.26381005810249825,-6.929313664319289
V3Ti1,Ti1V3,L12,V,Ti,3.86555,3.5981480668320196,-0.2674019331679802,-6.917564982162442
V3Tm1,Tm1V3,L12,V,Tm,4.0085,3.784734508652344,-0.22376549134765567,-5.582274949423867
V3V1,V4,L12,V,V,3.79441,3.541758681423637,-0.25265131857636325,-6.658513934349826
V3W1,W1V3,L12,V,W,3.85847,3.619359295842026,-0.23911070415797386,-6.197034165303187
V3Y1,Y1V3,L12,V,Y,4.09697,3.9119539789293203,-0.1850160210706795,-4.515923257204214
V3Zn1,Zn1V3,L12,V,Zn,3.77239,3.5749349639056938,-0.19745503609430637,-5.234215870954657
V3Zr1,Zr1V3,L12,V,Zr,3.99652,3.7610835178805977,-0.23543648211940216,-5.89103725539725
W3Ag1,Ag1W3,L12,W,Ag,3.99769,3.7503185863200925,-0.24737141367990745,-6.187858830472284
W3Al1,Al1W3,L12,W,Al,3.97726,3.7062572683406754,-0.2710027316593244,-6.813804771609712
W3Au1,Au1W3,L12,W,Au,4.00176,3.7527253681061796,-0.24903463189382036,-6.223127621192185
W3Ba1,Ba1W3,L12,W,Ba,4.31245,4.229941841016686,-0.08250815898331432,-1.9132548547418364
W3Ca1,Ca1W3,L12,W,Ca,4.17442,4.061850880697958,-0.11256911930204172,-2.6966409537622407
W3Cd1,Cd1W3,L12,W,Cd,4.04373,3.8004786245541475,-0.2432513754458525,-6.015519716841938
W3Ce1,Ce1W3,L12,W,Ce,4.21485,3.896683955141922,-0.3181660448580783,-7.548692002279518
W3Co1,Co1W3,L12,W,Co,3.88469,3.523120440151402,-0.36156955984859795,-9.30755246489676
W3Cr1,Cr1W3,L12,W,Cr,3.93208,3.581671916646749,-0.3504080833532508,-8.911519688135815
W3Cu1,Cu1W3,L12,W,Cu,3.90979,3.5910891307503423,-0.3187008692496578,-8.151355168683171
W3Dy1,Dy1W3,L12,W,Dy,6.80404,3.926987859707191,-2.8770521402928084,-42.28446834958067
W3Er1,Er1W3,L12,W,Er,3.97158,3.794873528575037,-0.17670647142496287,-4.449273876516723
W3Eu1,Eu1W3,L12,W,Eu,4.1683,3.996715862511687,-0.17158413748831336,-4.11640566869739
W3Fe1,Fe1W3,L12,W,Fe,3.89139,3.5426728571049715,-0.3487171428950284,-8.961248882662195
W3Ga1,Ga1W3,L12,W,Ga,3.96957,3.73417030785866,-0.23539969214133993,-5.930105581746636
W3Gd1,Gd1W3,L12,W,Gd,5.79655,3.984174865767845,-1.812375134232155,-31.266445286112514
W3Ge1,Ge1W3,L12,W,Ge,3.97366,3.7439917606792235,-0.22966823932077673,-5.779765740420084
W3Hf1,Hf1W3,L12,W,Hf,4.11423,3.829112536452113,-0.28511746354788725,-6.9300321943082235
W3Hg1,Hg1W3,L12,W,Hg,4.0481,3.8565583568993262,-0.19154164310067356,-4.731643069604841
W3Ho1,Ho1W3,L12,W,Ho,3.96367,3.902742775791894,-0.06092722420810581,-1.5371416946442518
W3In1,In1W3,L12,W,In,4.07608,3.9168594900672473,-0.15922050993275283,-3.9062165102930466
W3Ir1,Ir1W3,L12,W,Ir,3.96542,3.6301542695440197,-0.3352657304559803,-8.454734440638829
W3La1,La1W3,L12,W,La,4.27599,4.052920643978209,-0.22306935602179134,-5.21678853369141
W3Lu1,Lu1W3,L12,W,Lu,4.16424,3.942346271787798,-0.2218937282122022,-5.328552826258866
W3Mg1,Mg1W3,L12,W,Mg,4.01793,3.832755245767182,-0.18517475423281793,-4.608710311847592
W3Mn1,Mn1W3,L12,W,Mn,3.90572,3.571124824576806,-0.33459517542319395,-8.566798834099576
W3Mo1,Mo1W3,L12,W,Mo,4.01123,3.7047565810819414,-0.3064734189180589,-7.640385091806226
W3Nb1,Nb1W3,L12,W,Nb,4.07004,3.7701719010322425,-0.2998680989677571,-7.36769414963384
W3Nd1,Nd1W3,L12,W,Nd,4.15849,3.9264233747822153,-0.23206662521778432,-5.580550277090587
W3Ni1,Ni1W3,L12,W,Ni,3.88776,3.5397882566065753,-0.34797174339342485,-8.950443015860673
W3Os1,Os1W3,L12,W,Os,3.9684,3.642929989091865,-0.325470010908135,-8.201542458122542
W3Pb1,Pb1W3,L12,W,Pb,4.12413,4.012937015959316,-0.11119298404068445,-2.6961561357349173
W3Pd1,Pd1W3,L12,W,Pd,3.96549,3.6566562299609533,-0.30883377003904666,-7.7880355274895825
W3Pr1,Pr1W3,L12,W,Pr,4.17875,3.92774186886742,-0.25100813113258,-6.006775498237033
W3Pt1,Pt1W3,L12,W,Pt,3.9717,3.6686717562679725,-0.3030282437320273,-7.629686122618207
W3Re1,Re1W3,L12,W,Re,3.98435,3.6520266607340806,-0.3323233392659195,-8.340716535091532
W3Rh1,Rh1W3,L12,W,Rh,3.95243,3.610667778689923,-0.34176222131007705,-8.64688865609453
W3Ru1,Ru1W3,L12,W,Ru,3.95666,3.6403135534626543,-0.31634644653734556,-7.995290132014012
W3Sc1,Sc1W3,L12,W,Sc,4.09539,3.859723938611974,-0.23566606138802593,-5.754422933787159
W3Si1,Si1W3,L12,W,Si,3.93269,3.645866860274776,-0.2868231397252239,-7.2933066101122614
W3Sn1,Sn1W3,L12,W,Sn,4.08387,3.9332458183071677,-0.15062418169283243,-3.6882707258760057
W3Sr1,Sr1W3,L12,W,Sr,4.26693,4.111479441086611,-0.15545055891338944,-3.6431476240151452
W3Ta1,Ta1W3,L12,W,Ta,4.06406,3.7416935396074216,-0.322366460392578,-7.932128472330084
W3Tb1,Tb1W3,L12,W,Tb,5.02959,3.870472092225533,-1.1591179077744669,-23.045972092645066
W3Tc1,Tc1W3,L12,W,Tc,3.97396,3.639779622719249,-0.334180377280751,-8.409253673432824
W3Ti1,Ti1W3,L12,W,Ti,4.02084,3.6945777476537667,-0.3262622523462331,-8.114280905140047
W3Tm1,Tm1W3,L12,W,Tm,4.11354,3.8811641894740903,-0.23237581052591016,-5.6490470622848
W3V1,V1W3,L12,W,V,3.96958,3.638188362245383,-0.3313916377546171,-8.348279610301773
W3W1,W4,L12,W,W,4.01637,3.7157889766637733,-0.30058102333622694,-7.483897731937718
W3Y1,Y1W3,L12,W,Y,4.20325,4.008383659751067,-0.19486634024893235,-4.636087319310827
W3Zn1,Zn1W3,L12,W,Zn,3.94575,3.6713646447274404,-0.2743853552725595,-6.953946785086726
W3Zr1,Zr1W3,L12,W,Zr,4.13006,3.8575131987023448,-0.2725468012976555,-6.599100286621877
Y3Ag1,Ag1Y3,L12,Y,Ag,4.72352,4.113908644359135,-0.6096113556408644,-12.905870106210294
Y3Al1,Al1Y3,L12,Y,Al,4.76941,4.06984732637972,-0.6995626736202798,-14.667698386598756
Y3Au1,Au1Y3,L12,Y,Au,4.7046,4.116315426145223,-0.5882845738547768,-12.504454658308397
Y3Ba1,Ba1Y3,L12,Y,Ba,5.23206,4.59353189905573,-0.6385281009442698,-12.204143319156696
Y3Ca1,Ca1Y3,L12,Y,Ca,5.10731,4.425440938737002,-0.6818690612629981,-13.350845381678381
Y3Cd1,Cd1Y3,L12,Y,Cd,4.68361,4.164068682593192,-0.5195413174068078,-11.092753611142
Y3Ce1,Ce1Y3,L12,Y,Ce,4.90322,4.2602740131809655,-0.6429459868190346,-13.112729733094469
Y3Co1,Co1Y3,L12,Y,Co,4.57741,3.886710498190446,-0.6906995018095543,-15.089308185405159
Y3Cr1,Cr1Y3,L12,Y,Cr,4.6623,3.945261974685792,-0.7170380253142081,-15.379491352212602
Y3Cu1,Cu1Y3,L12,Y,Cu,4.54485,3.9546791887893864,-0.5901708112106139,-12.98548491612735
Y3Dy1,Dy1Y3,L12,Y,Dy,5.57154,4.290577917746235,-1.2809620822537644,-22.99116729402938
Y3Er1,Er1Y3,L12,Y,Er,3.99931,4.158463586614081,0.1591535866140812,3.9795261336100776
Y3Eu1,Eu1Y3,L12,Y,Eu,4.2743,4.360305920550731,0.08600592055073086,2.0121638759733957
Y3Fe1,Fe1Y3,L12,Y,Fe,4.57377,3.9062629151440156,-0.6675070848559841,-14.594242492647949
Y3Ga1,Ga1Y3,L12,Y,Ga,4.73152,4.097760365897704,-0.6337596341022955,-13.39441942763204
Y3Gd1,Gd1Y3,L12,Y,Gd,5.16785,4.347764923806889,-0.8200850761931102,-15.868979869638444
Y3Ge1,Ge1Y3,L12,Y,Ge,4.6877,4.107581818718268,-0.5801181812817324,-12.375326520078769
Y3Hf1,Hf1Y3,L12,Y,Hf,4.85636,4.1927025944911565,-0.6636574055088431,-13.665737414624187
Y3Hg1,Hg1Y3,L12,Y,Hg,4.78094,4.220148414938371,-0.5607915850616294,-11.7297348442279
Y3Ho1,Ho1Y3,L12,Y,Ho,7.34823,4.266332833830938,-3.081897166169062,-41.940673688344845
Y3In1,In1Y3,L12,Y,In,4.85992,4.280449548106291,-0.5794704518937088,-11.923456597921547
Y3Ir1,Ir1Y3,L12,Y,Ir,4.60099,3.9937443275830637,-0.6072456724169366,-13.19815240669805
Y3La1,La1Y3,L12,Y,La,5.09305,4.416510702017253,-0.6765392979827469,-13.28357856260486
Y3Lu1,Lu1Y3,L12,Y,Lu,4.94351,4.305936329826842,-0.6375736701731576,-12.897185808730185
Y3Mg1,Mg1Y3,L12,Y,Mg,4.92134,4.196345303806226,-0.7249946961937734,-14.73165227750518
Y3Mn1,Mn1Y3,L12,Y,Mn,4.58538,3.9347148826158507,-0.6506651173841491,-14.189993356802471
Y3Mo1,Mo1Y3,L12,Y,Mo,4.68772,4.0683466391209855,-0.6193733608790142,-13.21267825038642
Y3Nb1,Nb1Y3,L12,Y,Nb,4.77151,4.133761959071287,-0.6377480409287131,-13.365748807583197
Y3Nd1,Nd1Y3,L12,Y,Nd,4.0,4.290013432821259,0.2900134328212589,7.250335820531473
Y3Ni1,Ni1Y3,L12,Y,Ni,4.59519,3.9033783146456194,-0.6918116853543803,-15.05512689038713
Y3Os1,Os1Y3,L12,Y,Os,4.59874,4.006520047130909,-0.5922199528690912,-12.877874219222901
Y3Pb1,Pb1Y3,L12,Y,Pb,4.87979,4.376527073998358,-0.5032629260016419,-10.313208683194192
Y3Pd1,Pd1Y3,L12,Y,Pd,4.6628,4.020246287999997,-0.6425537120000024,-13.780426181693455
Y3Pr1,Pr1Y3,L12,Y,Pr,4.69041,4.291331926906464,-0.39907807309353593,-8.508383554817936
Y3Pt1,Pt1Y3,L12,Y,Pt,4.64343,4.032261814307017,-0.6111681856929838,-13.16199847296037
Y3Rh1,Rh1Y3,L12,Y,Rh,4.64122,3.974257836728967,-0.6669621632710325,-14.37040612750597
Y3Ru1,Ru1Y3,L12,Y,Ru,4.63086,4.003903611501699,-0.6269563884983009,-13.538659957293051
Y3Sc1,Sc1Y3,L12,Y,Sc,4.90382,4.223313996651018,-0.6805060033489818,-13.877059177314457
Y3Si1,Si1Y3,L12,Y,Si,4.64624,4.009456918313821,-0.636783081686179,-13.705341990215295
Y3Sm1,Sm1Y3,L12,Y,Sm,4.22339,4.35027090857196,0.12688090857195977,3.004243239955575
Y3Sn1,Sn1Y3,L12,Y,Sn,4.82664,4.296835876346212,-0.529804123653788,-10.976665416392937
Y3Sr1,Sr1Y3,L12,Y,Sr,5.17804,4.475069499125655,-0.7029705008743452,-13.575995953572109
Y3Ta1,Ta1Y3,L12,Y,Ta,4.75232,4.105283597646466,-0.6470364023535344,-13.615169061711635
Y3Tc1,Tc1Y3,L12,Y,Tc,4.63584,4.003369680758293,-0.6324703192417074,-13.643057552497655
Y3Ti1,Ti1Y3,L12,Y,Ti,4.79581,4.05816780569281,-0.73764219430719,-15.380972021560277
Y3Tm1,Tm1Y3,L12,Y,Tm,4.56871,4.244754247513135,-0.3239557524868655,-7.090748865366055
Y3V1,V1Y3,L12,Y,V,4.71936,4.001778420284427,-0.7175815797155733,-15.20506127346872
Y3W1,W1Y3,L12,Y,W,4.67981,4.079379034702817,-0.6004309652971829,-12.830242366617084
Y3Y1,Y4,L12,Y,Y,5.03408,4.3719737177901115,-0.6621062822098889,-13.152478351752233
Y3Zn1,Zn1Y3,L12,Y,Zn,4.65858,4.034954702766485,-0.6236252972335148,-13.3865962854242
Y3Zr1,Zr1Y3,L12,Y,Zr,4.85061,4.221103256741389,-0.6295067432586103,-12.977888209083197
Zn3Ag1,Ag1Zn3,L12,Zn,Ag,3.95849,3.6951151039579115,-0.2633748960420883,-6.6534182489304845
Zn3Al1,Al1Zn3,L12,Zn,Al,3.96241,3.6510537859784953,-0.31135621402150493,-7.857748542465441
Zn3Au1,Au1Zn3,L12,Zn,Au,3.94925,3.697521885743999,-0.25172811425600106,-6.374073919250517
Zn3Ba1,Ba1Zn3,L12,Zn,Ba,4.54805,4.174738358654506,-0.3733116413454942,-8.208169244961999
Zn3Ca1,Ca1Zn3,L12,Zn,Ca,4.306,4.006647398335779,-0.2993526016642214,-6.951987962476112
Zn3Cd1,Cd1Zn3,L12,Zn,Cd,4.10425,3.745275142191968,-0.3589748578080325,-8.746417927953523
Zn3Ce1,Ce1Zn3,L12,Zn,Ce,4.32564,3.841480472779742,-0.4841595272202581,-11.192783662539142
Zn3Co1,Co1Zn3,L12,Zn,Co,3.72607,3.467916957789221,-0.25815304221077895,-6.928292871867113
Zn3Cr1,Cr1Zn3,L12,Zn,Cr,3.76961,3.5264684342845682,-0.24314156571543188,-6.4500456470412555
Zn3Cu1,Cu1Zn3,L12,Zn,Cu,3.80448,3.5358856483881618,-0.2685943516118381,-7.059949102422356
Zn3Dy1,Dy1Zn3,L12,Zn,Dy,4.25768,3.8717843773450116,-0.3858956226549881,-9.063518692221777
Zn3Er1,Er1Zn3,L12,Zn,Er,4.13316,3.7396700462128565,-0.3934899537871437,-9.520317475905692
Zn3Eu1,Eu1Zn3,L12,Zn,Eu,4.43767,3.9415123801495073,-0.49615761985049245,-11.180588458594093
Zn3Fe1,Fe1Zn3,L12,Zn,Fe,3.77113,3.487469374742792,-0.28366062525720803,-7.5218999413228405
Zn3Ga1,Ga1Zn3,L12,Zn,Ga,4.0,3.6789668254964796,-0.3210331745035204,-8.025829362588011
Zn3Gd1,Gd1Zn3,L12,Zn,Gd,4.36529,3.928971383405665,-0.4363186165943347,-9.995180539994701
Zn3Ge1,Ge1Zn3,L12,Zn,Ge,4.03307,3.6887882783170434,-0.344281721682957,-8.536467794582215
Zn3Hf1,Hf1Zn3,L12,Zn,Hf,4.03495,3.7739090540899327,-0.26104094591006755,-6.469496422757842
Zn3Hg1,Hg1Zn3,L12,Zn,Hg,4.12633,3.801354874537146,-0.3249751254628541,-7.875645560652059
Zn3Ho1,Ho1Zn3,L12,Zn,Ho,4.0,3.847539293429714,-0.15246070657028588,-3.811517664257147
Zn3In1,In1Zn3,L12,Zn,In,4.17973,3.8616560077050672,-0.31807399229493294,-7.609917202664596
Zn3Ir1,Ir1Zn3,L12,Zn,Ir,3.833,3.5749507871818396,-0.2580492128181606,-6.732304012996624
Zn3La1,La1Zn3,L12,Zn,La,4.40829,3.997717161616029,-0.41057283838397085,-9.31365310322077
Zn3Lu1,Lu1Zn3,L12,Zn,Lu,4.19398,3.8871427894256185,-0.3068372105743813,-7.316134330024972
Zn3Mg1,Mg1Zn3,L12,Zn,Mg,4.03698,3.7775517634050018,-0.25942823659499803,-6.426294819270792
Zn3Mn1,Mn1Zn3,L12,Zn,Mn,3.81428,3.5159213422146265,-0.2983586577853736,-7.822148814071689
Zn3Mo1,Mo1Zn3,L12,Zn,Mo,3.86043,3.6495530987197617,-0.21087690128023828,-5.462523638046495
Zn3Nb1,Nb1Zn3,L12,Zn,Nb,3.94269,3.714968418670063,-0.22772158132993692,-5.775792195935692
Zn3Nd1,Nd1Zn3,L12,Zn,Nd,4.35007,3.8712198924200347,-0.47885010757996493,-11.007871311955094
Zn3Ni1,Ni1Zn3,L12,Zn,Ni,3.74371,3.4845847742443947,-0.25912522575560537,-6.921615877180801
Zn3Os1,Os1Zn3,L12,Zn,Os,3.82032,3.5877265067296853,-0.23259349327031487,-6.088324885619918
Zn3Pb1,Pb1Zn3,L12,Zn,Pb,4.30055,3.957733533597134,-0.3428164664028661,-7.971456357974355
Zn3Pd1,Pd1Zn3,L12,Zn,Pd,3.86302,3.6014527475987728,-0.26156725240122736,-6.771056127103338
Zn3Pr1,Pr1Zn3,L12,Zn,Pr,4.34505,3.8725383865052394,-0.47251161349476023,-10.874710613105956
Zn3Pt1,Pt1Zn3,L12,Zn,Pt,3.8703,3.613468273905793,-0.256831726094207,-6.635964294607835
Zn3Re1,Re1Zn3,L12,Zn,Re,3.83532,3.596823178371901,-0.23849682162809893,-6.218433445660308
Zn3Rh1,Rh1Zn3,L12,Zn,Rh,3.82132,3.555464296327743,-0.2658557036722571,-6.957169346515264
Zn3Ru1,Ru1Zn3,L12,Zn,Ru,3.81185,3.5851100711004746,-0.22673992889952554,-5.9482909584460435
Zn3Sc1,Sc1Zn3,L12,Zn,Sc,4.07704,3.8045204562497936,-0.2725195437502066,-6.684249939912451
Zn3Si1,Si1Zn3,L12,Zn,Si,3.94336,3.5906633779125965,-0.3526966220874037,-8.94406349122078
Zn3Sn1,Sn1Zn3,L12,Zn,Sn,4.20355,3.8780423359449876,-0.3255076640550123,-7.743637260292189
Zn3Sr1,Sr1Zn3,L12,Zn,Sr,4.44859,4.056275958724432,-0.39231404127556857,-8.818840155545207
Zn3Ta1,Ta1Zn3,L12,Zn,Ta,3.9237,3.686490057245242,-0.23720994275475826,-6.0455677741610785
Zn3Tb1,Tb1Zn3,L12,Zn,Tb,4.11008,3.8152686098633524,-0.2948113901366476,-7.172886905769415
Zn3Tc1,Tc1Zn3,L12,Zn,Tc,3.83411,3.5845761403570684,-0.2495338596429315,-6.508260317073102
Zn3Ti1,Ti1Zn3,L12,Zn,Ti,3.91777,3.639374265291586,-0.27839573470841383,-7.10597443720315
Zn3Tm1,Tm1Zn3,L12,Zn,Tm,3.9882,3.8259607071119106,-0.16223929288808936,-4.067982871673672
Zn3V1,V1Zn3,L12,Zn,V,3.82084,3.582984879883203,-0.2378551201167971,-6.225204931815965
Zn3W1,W1Zn3,L12,Zn,W,3.85665,3.6605854943015927,-0.1960645056984074,-5.083803448547506
Zn3Y1,Y1Zn3,L12,Zn,Y,4.25598,3.953180177388887,-0.30279982261111327,-7.114690919861307
Zn3Zn1,Zn4,L12,Zn,Zn,3.92688,3.6161611623652603,-0.31071883763473984,-7.912613515939877
Zn3Zr1,Zr1Zn3,L12,Zn,Zr,4.07115,3.802309716340164,-0.2688402836598365,-6.6035465079851265
Zr3Ag1,Ag1Zr3,L12,Zr,Ag,4.40826,3.9264308709755475,-0.48182912902445274,-10.930143163616773
Zr3Al1,Al1Zr3,L12,Zr,Al,4.38255,3.8823695529961326,-0.5001804470038675,-11.41300035376362
Zr3Au1,Au1Zr3,L12,Zr,Au,4.38558,3.928837652761636,-0.45674234723836404,-10.41463950579773
Zr3Ba1,Ba1Zr3,L12,Zr,Ba,4.72036,4.406054125672142,-0.31430587432785817,-6.658514908351442
Zr3Ca1,Ca1Zr3,L12,Zr,Ca,4.63869,4.237963165353414,-0.4007268346465862,-8.63879316459143
Zr3Cd1,Cd1Zr3,L12,Zr,Cd,4.4369,3.976590909209605,-0.46030909079039484,-10.374565367495208
Zr3Ce1,Ce1Zr3,L12,Zr,Ce,4.57745,4.072796239797378,-0.504653760202622,-11.02477930294426
Zr3Co1,Co1Zr3,L12,Zr,Co,4.26776,3.6992327248068584,-0.5685272751931416,-13.321444392213753
Zr3Cr1,Cr1Zr3,L12,Zr,Cr,4.31916,3.7577842013022043,-0.5613757986977959,-12.997337415094506
Zr3Cu1,Cu1Zr3,L12,Zr,Cu,4.29115,3.7672014154057987,-0.5239485845942013,-12.209980648408965
Zr3Dy1,Dy1Zr3,L12,Zr,Dy,4.0,4.103100144362648,0.10310014436264758,2.5775036090661896
Zr3Er1,Er1Zr3,L12,Zr,Er,4.10071,3.9709858132304934,-0.12972418676950692,-3.1634567372359155
Zr3Eu1,Eu1Zr3,L12,Zr,Eu,4.62629,4.172828147167143,-0.45346185283285667,-9.801846681311735
Zr3Fe1,Fe1Zr3,L12,Zr,Fe,4.27204,3.718785141760428,-0.5532548582395718,-12.950601076758922
Zr3Ga1,Ga1Zr3,L12,Zr,Ga,4.3573,3.9102825925141165,-0.4470174074858839,-10.259045911134965
Zr3Gd1,Gd1Zr3,L12,Zr,Gd,6.68618,4.160287150423302,-2.5258928495766986,-37.77781707307758
Zr3Ge1,Ge1Zr3,L12,Zr,Ge,4.34448,3.9201040453346803,-0.42437595466531963,-9.768164536729818
Zr3Hf1,Hf1Zr3,L12,Zr,Hf,4.50876,4.005224821107569,-0.5035351788924309,-11.167930404200511
Zr3Hg1,Hg1Zr3,L12,Zr,Hg,4.44626,4.032670641554783,-0.4135893584452166,-9.301960714065679
Zr3Ho1,Ho1Zr3,L12,Zr,Ho,4.37819,4.07885506044735,-0.2993349395526499,-6.836956357596402
Zr3In1,In1Zr3,L12,Zr,In,4.47705,4.092971774722703,-0.38407822527729696,-8.578823673563997
Zr3Ir1,Ir1Zr3,L12,Zr,Ir,4.31469,3.8062665541994765,-0.5084234458005232,-11.783545186340694
Zr3La1,La1Zr3,L12,Zr,La,4.65909,4.229032928633665,-0.43005707136633475,-9.23049504015451
Zr3Lu1,Lu1Zr3,L12,Zr,Lu,4.58514,4.1184585564432545,-0.46668144355674546,-10.178128553473732
Zr3Mg1,Mg1Zr3,L12,Zr,Mg,4.47518,4.008867530422639,-0.4663124695773613,-10.419971254281645
Zr3Mn1,Mn1Zr3,L12,Zr,Mn,4.36184,3.747237109232263,-0.614602890767737,-14.090450148738537
Zr3Mo1,Mo1Zr3,L12,Zr,Mo,4.37869,3.8808688657373978,-0.497821134262602,-11.369179692159117
Zr3Nb1,Nb1Zr3,L12,Zr,Nb,4.44371,3.946284185687699,-0.4974258143123014,-11.19393061906158
Zr3Nd1,Nd1Zr3,L12,Zr,Nd,4.56463,4.102535659437671,-0.462094340562329,-10.123369047706584
Zr3Ni1,Ni1Zr3,L12,Zr,Ni,4.27829,3.7159005412620316,-0.5623894587379685,-13.145192559129196
Zr3Os1,Os1Zr3,L12,Zr,Os,4.31744,3.8190422737473217,-0.49839772625267864,-11.54382518929455
Zr3Pb1,Pb1Zr3,L12,Zr,Pb,4.5149,4.189049300614772,-0.3258506993852279,-7.217229603872244
Zr3Pd1,Pd1Zr3,L12,Zr,Pd,4.35337,3.8327685146164097,-0.5206014853835903,-11.95858577110584
Zr3Pr1,Pr1Zr3,L12,Zr,Pr,4.58049,4.103854153522875,-0.47663584647712476,-10.405782928837848
Zr3Pt1,Pt1Zr3,L12,Zr,Pt,4.33808,3.844784040923429,-0.49329595907657087,-11.371296958022233
Zr3Rh1,Rh1Zr3,L12,Zr,Rh,4.32591,3.7867800633453794,-0.539129936654621,-12.462809828559099
Zr3Ru1,Ru1Zr3,L12,Zr,Ru,4.32286,3.816425838118111,-0.5064341618818893,-11.715257072444846
Zr3Sc1,Sc1Zr3,L12,Zr,Sc,4.52734,4.03583622326743,-0.4915037767325696,-10.856347805390575
Zr3Si1,Si1Zr3,L12,Zr,Si,4.30845,3.8219791449302325,-0.48647085506976717,-11.291087399639482
Zr3Sm1,Sm1Zr3,L12,Zr,Sm,4.0,4.162793135188372,0.16279313518837224,4.069828379709306
Zr3Sn1,Sn1Zr3,L12,Zr,Sn,4.47464,4.1093581029626245,-0.36528189703737546,-8.163380675034762
Zr3Sr1,Sr1Zr3,L12,Zr,Sr,4.70047,4.287591725742067,-0.4128782742579329,-8.783765756571851
Zr3Ta1,Ta1Zr3,L12,Zr,Ta,4.44081,3.917805824262878,-0.523004175737122,-11.777224779648803
Zr3Tb1,Tb1Zr3,L12,Zr,Tb,4.59058,4.046584376880989,-0.5439956231190113,-11.850259076609301
Zr3Tc1,Tc1Zr3,L12,Zr,Tc,4.34824,3.8158919073747053,-0.5323480926252944,-12.242840611955513
Zr3Ti1,Ti1Zr3,L12,Zr,Ti,4.4263,3.870690032309223,-0.5556099676907773,-12.552469730718146
Zr3Tm1,Tm1Zr3,L12,Zr,Tm,4.25731,4.057276474129547,-0.2000335258704533,-4.698589622800625
Zr3V1,V1Zr3,L12,Zr,V,4.36425,3.81430064690084,-0.5499493530991604,-12.601233959996799
Zr3W1,W1Zr3,L12,Zr,W,4.37766,3.8919012613192296,-0.48575873868077,-11.096310327452796
Zr3Y1,Y1Zr3,L12,Zr,Y,4.61998,4.184495944406524,-0.43548405559347625,-9.42610261502163
Zr3Zn1,Zn1Zr3,L12,Zr,Zn,4.34653,3.8474769293828968,-0.4990530706171028,-11.48164330206171
Zr3Zr1,Zr4,L12,Zr,Zr,4.52278,4.033625483357802,-0.48915451664219844,-10.815350661367532
