t,x,u,dudt,dudx,d2udx2,u_dudx,nu_true
0.0,0.0,-7.348173408847985e-05,-0.15999313548863772,49.01525184575308,0.0,-0.0036017257024094987,0.01
0.0,0.02040816326530612,1.0002377804241376,-73.20995626465479,24.55513294703366,-2397.0916520745036,24.56097167696056,0.01
0.0,0.04081632653061224,1.0021768426346322,-0.3456531195687175,-0.041913378434999315,-13.418887821425335,-0.042004617264138094,0.01
0.0,0.061224489795918366,0.9985270302839335,-0.05371244172107347,0.007289133626784517,18.240734003480153,0.007278396953695902,0.01
0.0,0.08163265306122448,1.0024743582928684,-0.804888525792569,0.012408202925311697,-17.739065212224222,0.012438905265119536,0.01
0.0,0.1020408163265306,0.9990334875461911,0.18836247419899063,-0.07459912722860507,9.212346857140643,-0.07452702624309535,0.01
0.0,0.12244897959183673,0.9994294959570069,0.10232876050793192,0.0050063714378077995,-1.4110079878321804,0.0050035152826618055,0.01
0.0,0.14285714285714285,0.9992378292375302,-0.31296287218638663,-0.01678252755286358,-0.7243041132536151,-0.016769736401042443,0.01
0.0,0.16326530612244897,0.9987444948324002,0.2078449539229865,-0.04516366616401558,-2.057047470639547,-0.045106962947758907,0.01
0.0,0.18367346938775508,0.9973944142920602,0.5882565809263187,0.018413776378534974,8.287636839809235,0.018365797705973862,0.01
0.0,0.2040816326530612,0.9994960775417282,-0.1629544490757222,0.07828190844893074,-2.420559896910449,0.07824246043718694,0.01
0.0,0.22448979591836732,1.0005895942287513,0.04654000253920198,0.003047263369540754,-4.952435320870038,0.0030490600184369205,0.01
0.0,0.24489795918367346,0.9996204556384441,0.15577096141305247,-0.05187926611198546,-0.43036456831979886,-0.051859575629051004,0.01
0.0,0.26530612244897955,0.9984720731629559,0.3226760514329863,-0.009902063378308124,4.544130436220178,-0.009886933749930295,0.01
0.0,0.2857142857142857,0.9992162897862683,0.3637243324901613,0.07296034575441601,3.576385658786789,0.07290316598625088,0.01
0.0,0.3061224489795918,1.0014500464590546,0.024515453561191333,0.013817859147467028,-9.372349346268058,0.013837895685195528,0.01
0.0,0.32653061224489793,0.9997802840371853,0.05959290534320271,-0.042296962330351906,3.873096841441534,-0.04228766901254936,0.01
0.0,0.3469387755102041,0.9997236398333259,-0.07355724175763578,-0.027514995879398988,-2.424464129247881,-0.02750739183055172,0.01
0.0,0.36734693877551017,0.9986572229808833,0.3779876287379775,0.026251860138334974,7.693616018986076,0.026216609743832154,0.01
0.0,0.3877551020408163,1.0007951443287681,-0.2217740850622005,0.006261096006772494,-9.652710903878933,0.006266074481754152,0.01
0.0,0.4081632653061224,0.9989127779199353,0.057926247532393164,-0.03665636711014941,5.4467995184208515,-0.0366165134984523,0.01
0.0,0.42857142857142855,0.9992989660793743,0.13985596628505492,0.05013604612879314,3.05885697899552,0.0501008990598108,0.01
0.0,0.44897959183673464,1.000959147149682,0.13202545497789098,0.013991226441113782,-6.6010493083883635,0.01400464608607533,0.01
0.0,0.4693877551020408,0.9998700365463585,0.2859091148438122,-0.03204742437059177,2.089261528841219,-0.03204325937664025,0.01
0.0,0.4897959183673469,0.9996510890121068,-24.012613033502934,-24.517187293429785,-2401.632968696643,-24.50863297739087,0.01
0.0,0.5102040816326531,-0.0008314856344489357,24.599516587867612,-24.464319025101393,2406.814058992825,0.0203417298259476,0.01
0.0,0.5306122448979591,0.0011074553344989886,-0.26053759748483984,-0.00029274431084424027,-9.339483475350672,-3.2420124868868403e-07,0.01
0.0,0.5510204081632653,-0.0008434343818303333,0.33506329434313253,-0.0038275935881304504,8.993068246176621,3.228324031902554e-06,0.01
0.0,0.5714285714285714,0.0009512270247793784,0.09356509611035818,0.008244163259823774,-7.810036075077108,7.842070889437631e-06,0.01
0.0,0.5918367346938775,-0.0005069379222456895,0.10192714218150803,-0.02149670424735849,4.895431059373245,1.0897494586286001e-05,0.01
0.0,0.6122448979591836,7.38105248871952e-05,0.15360032367377713,-0.00980708575317293,-3.749848446943061,-7.238661470554281e-07,0.01
0.0,0.6326530612244897,-0.0009072271366609111,0.40832888735585765,0.001278874807608131,4.836272581899605,-1.1602299298540982e-06,0.01
0.0,0.6530612244897959,0.0001260094966263026,0.13777391139506617,0.016907030874148472,-3.3047132873786507,2.1304464498968057e-06,0.01
0.0,0.673469387755102,-0.00021714424383852447,-0.008634147960740185,-0.01452189754314227,0.22467830248415724,3.1533464611061542e-06,0.01
0.0,0.6938775510204082,-0.00046672101533868797,0.29482266807944535,-0.0024740969608702886,0.9560061545784972,1.1547130456237433e-06,0.01
0.0,0.7142857142857142,-0.00031812779326180154,0.2895496486446678,0.019808647889842924,1.227702840791398,-6.301681440695771e-06,0.01
0.0,0.7346938775510203,0.0003417952250630639,0.2926344506946065,-0.040477033727718166,-7.135699639312385,-1.3834856852850657e-05,0.01
0.0,0.7551020408163265,-0.001970251618882951,0.4182012438250144,-0.01712417674456594,9.424279623661304,3.373893695301883e-05,0.01
0.0,0.7755102040816326,-0.00035715076451105617,-0.06367266803010807,0.0018416768897486387,-7.565625967498475,-6.577563091560704e-07,0.01
0.0,0.7959183673469387,-0.0018950811335870883,0.1704039626594849,-0.018923280763346297,5.53066011749517,3.586115236018904e-05,0.01
0.0,0.8163265306122448,-0.0011295295711782518,-0.062208448032375505,0.05326888700139874,1.544172323449844,-6.0168783091832675e-05,0.01
0.0,0.836734693877551,0.00027915915218428873,-0.24505357656316668,0.04424417274220625,-2.428594320850708,1.2351165751809514e-05,0.01
0.0,0.8571428571428571,0.0006763550305444521,-0.14546502899182953,0.039911672191952574,2.0040092669258485,2.699446026446824e-05,0.01
0.0,0.8775510204081632,0.0019082069967537815,-0.4999830419065229,0.01578961748232962,-4.367970628468899,3.0129858555847207e-05,0.01
0.0,0.8979591836734693,0.0013208292134966814,-0.3926764508980973,-0.0537420647750042,-2.446134232749817,-7.09840891484565e-05,0.01
0.0,0.9183673469387754,-0.0002853466675321038,-0.09358025730218018,-0.06073534766305881,1.7607925097204635,1.733062905705758e-05,0.01
0.0,0.9387755102040816,-0.0011581645686689842,-0.08138403376757326,-0.011101943907398163,3.103281058334281,1.285787807689905e-05,0.01
0.0,0.9591836734693877,-0.0007384872351810084,0.22465863267107505,-0.001340187611380617,-2.146628941324561,9.897114437523115e-07,0.01
0.0,0.9795918367346939,-0.0012128661038273768,0.08354192258538268,0.004506199100976366,2.719574839135546,-5.465416146671633e-06,0.01
0.0,1.0,-0.0005545607412636057,-0.027643124646234057,0.032256962765624786,0.0,-1.788844518221741e-05,0.01
0.005050505050505051,0.0,-0.0008815278729199835,-0.07558827859551279,30.93723066732307,0.0,-0.02727203114420019,0.01
0.005050505050505051,0.02040816326530612,0.6304905265622447,-25.840578040089802,24.532159868195468,-627.6969383145052,15.467294393007728,0.01
0.005050505050505051,0.04081632653061224,1.0004311198085276,-26.963434059290005,9.01024810470579,-893.4504145074835,9.014132601143476,0.01
0.005050505050505051,0.061224489795918366,0.9982557553257463,0.2012723496099282,-0.049535449466570854,5.591626198591995,-0.04944904752265202,0.01
0.005050505050505051,0.08163265306122448,0.9984092647282594,0.6085109640924116,0.042361917268955995,3.414315741489638,0.04229453067297771,0.01
0.005050505050505051,0.1020408163265306,0.9999848131734588,-0.12112493064062389,0.03765755718736602,-3.875343029485189,0.03765698528857705,0.01
0.005050505050505051,0.12244897959183673,0.9999463078787642,0.1796602353827572,-0.05702631031189798,-5.403675985442418,-0.057023248448331086,0.01
0.005050505050505051,0.14285714285714285,0.9976572086709323,-0.021457400759381958,-0.0037262308929199577,10.627083768502265,-0.0037175011114939207,0.01
0.005050505050505051,0.16326530612244897,0.9997942168219103,-0.00739874893778869,0.06635086212518282,-3.7595286527281915,0.06633720823390571,0.01
0.005050505050505051,0.18367346938775508,1.0003654071250214,0.10664540512517061,-0.02746796793191131,-5.434716692867035,-0.027478004923103493,0.01
0.005050505050505051,0.2040816326530612,0.998673075273669,0.3434319520132307,0.01125132172931276,9.229207079666994,0.011236392072306228,0.01
0.005050505050505051,0.22448979591836732,1.000824644746626,0.2840083104806217,0.042485508606788125,-6.168256765674408,0.042520544058268446,0.01
0.005050505050505051,0.24489795918367346,1.0004071776657828,-0.3279740448439041,-0.01771091662765356,0.2690070926991209,-0.017718128117344883,0.01
0.005050505050505051,0.26530612244897955,1.0001017501903953,0.21295291838374683,0.015829540618606863,3.017957717434401,0.015831151277378677,0.01
0.005050505050505051,0.2857142857142857,1.0010532813645014,-0.38047072486130346,0.03606673642179492,-1.0347125287219714,0.036104724843146384,0.01
0.005050505050505051,0.3061224489795918,1.0015738618810808,-0.4642378419029027,-0.02381456491869705,-4.833655002646243,-0.02385204575463711,0.01
0.005050505050505051,0.32653061224489793,1.0000812583065954,0.22304970176821912,-0.05443222008444921,1.8331247964027972,-0.0544366431544775,0.01
0.005050505050505051,0.3469387755102041,0.9993521386123277,0.28038862122727637,0.011882331005308002,4.665701210393676,0.011874632901854122,0.01
0.005050505050505051,0.36734693877551017,1.000566251408853,-0.1920356197968409,0.007911897204184282,-5.054803722903534,0.00791637732712285,0.01
0.005050505050505051,0.3877551020408163,0.9996750731920904,0.48226448210495504,-0.033342458738362946,1.0118768405341718,-0.03333162487967723,0.01
0.005050505050505051,0.4081632653061224,0.9992053347256544,-0.10019003597383679,0.00809078570807159,3.0485811152164137,0.008084356241627214,0.01
0.005050505050505051,0.42857142857142855,1.0000053093434402,0.23899499352990847,0.05930488745411989,1.97040085589632,0.05930520232413507,0.01
0.005050505050505051,0.44897959183673464,1.001625942376843,-0.28206184834662906,0.0320634594698489,-4.6400607983548765,0.032115592807349116,0.01
0.005050505050505051,0.4693877551020408,1.0013140219748626,-2.9547917839983135,-3.0196415807735226,-294.42703314549556,-3.023609456166868,0.01
0.005050505050505051,0.4897959183673469,0.8783752656105768,-10.109526854523457,-21.508685358636438,-1517.49925708507,-18.892697214826605,0.01
0.005050505050505051,0.5102040816326531,0.12340849713255922,19.609670829698086,-21.525299589836525,1515.8710624274613,-2.656404872709819,0.01
0.005050505050505051,0.5306122448979591,-0.00020839111744464715,3.1112577201375697,-3.0027124700247323,299.3424753140949,0.0006257386069934305,0.01
0.005050505050505051,0.5510204081632653,0.000848804478488518,-0.3970779250892847,0.039988143750669315,-1.1578151641054668,3.3942115502010755e-05,0.01
0.005050505050505051,0.5714285714285714,0.001423778015235733,-0.3997338219778133,-0.020603491931892395,-4.780165132785583,-2.933479884971519e-05,0.01
0.005050505050505051,0.5918367346938775,7.845624125563224e-06,0.2313790241255115,-0.014068102856935437,5.420633262131363,-1.1037304717527759e-07,0.01
0.005050505050505051,0.6122448979591836,0.0008495697353608172,-0.2390220504026371,0.02810626150324913,-1.287545554833275,2.3878229147297285e-05,0.01
0.005050505050505051,0.6326530612244897,0.0011550399711969563,-0.14421615225116033,-0.0006794438834444884,-1.5334535730627001,-7.8478484356367e-07,0.01
0.005050505050505051,0.6530612244897959,0.0008218373319549197,-0.1999573108880446,-0.03468688006149117,-1.7992751723858753,-2.8506972963576204e-05,0.01
0.005050505050505051,0.673469387755102,-0.00026075105172105066,0.35608955144881577,0.004910903157702628,5.679857927866869,-1.280523163271189e-06,0.01
0.005050505050505051,0.6938775510204082,0.001022282358799925,0.15786440559749354,0.03442238292212212,-2.787732910953758,3.5189394809141256e-05,0.01
0.005050505050505051,0.7142857142857142,0.0011442441695900562,0.05748329066975645,0.0195378836174765,1.3290519790984865,2.235610941542656e-05,0.01
0.005050505050505051,0.7346938775510203,0.0018197469962479452,-0.4387482018934567,-0.02455802321297831,-5.650450848483059,-4.468938897560459e-05,0.01
0.005050505050505051,0.7551020408163265,0.00014187587518277832,0.03143720319730566,-0.06121268385949275,2.058294105124643,-8.684603094852262e-06,0.01
0.005050505050505051,0.7755102040816326,-0.0006787298959762485,0.10683356692478022,-0.02882010790093557,1.116178338813961,1.9561068837626257e-05,0.01
0.005050505050505051,0.7959183673469387,-0.0010344550595492857,-0.21028201174224917,-0.018742102026253125,-0.12853376309508108,1.9387862267646464e-05,0.01
0.005050505050505051,0.8163265306122448,-0.0014437136521498453,-0.1193356016086782,0.0018612621985958878,2.1476634571302844,-2.68712964634332e-06,0.01
0.005050505050505051,0.836734693877551,-0.0009584851738923107,0.2729450582275639,0.033942222067930364,0.9962706100644948,-3.253311662107166e-05,0.01
0.005050505050505051,0.8571428571428571,-5.831683305064669e-05,0.2755283923885471,0.008367369662092837,-3.502606145836573,-4.879584996573139e-07,0.01
0.005050505050505051,0.8775510204081632,-0.0006169598815619909,0.0578379322368902,-0.014799674622233815,1.2322358059725613,9.130805502089377e-06,0.01
0.005050505050505051,0.8979591836734693,-0.0006623851849785575,0.1969017477563056,-0.0034548515285072346,-0.12044314278735621,2.2884424687837167e-06,0.01
0.005050505050505051,0.9183673469387754,-0.000757974229664327,0.2745582334746569,-0.022216841502968716,-1.7182318747098693,1.6839793323787162e-05,0.01
0.005050505050505051,0.9387755102040816,-0.0015691950422425866,0.46856274735971726,0.028276100558989485,6.6665401967817735,-4.437071681111913e-05,0.01
0.005050505050505051,0.9591836734693877,0.0003961523237638152,-0.4311283817099066,0.019067317088858882,-7.569000976854573,7.5535619726929506e-06,0.01
0.005050505050505051,0.9795918367346939,-0.0007909372018809996,0.15753985016449015,-0.026712957738791687,3.0825340437448165,2.112827204788529e-05,0.01
0.005050505050505051,1.0,-0.0006941724819011514,0.18822753518845847,0.004741471279012559,0.0,-3.291398885615175e-06,0.01
0.010101010101010102,0.0,-0.0012632868557256036,0.2692609376342821,24.56104633240782,0.0,-0.031027646994598344,0.01
0.010101010101010102,0.02040816326530612,0.4999825566628012,-15.438683193564714,21.205128445836806,-328.8799528839591,10.602194334712578,0.01
0.010101010101010102,0.04081632653061224,0.8642521599131235,-21.00370420094557,12.232598279188839,-550.4280034475419,10.572049484138512,0.01
0.010101010101010102,0.061224489795918366,0.9992722823439782,-9.83101201620477,3.3621446165580213,-318.87645549027826,3.3596979245584535,0.01
0.010101010101010102,0.08163265306122448,1.0014825524256958,-0.38509145343131407,0.002469324510680604,-10.37172313036091,0.0024729854137237437,0.01
0.010101010101010102,0.1020408163265306,0.9993730710995162,-0.042309710831534224,-0.015407305708525556,8.619813368878972,-0.015397646423298291,0.01
0.010101010101010102,0.12244897959183673,1.0008536828049397,0.10426251962960052,-0.044693711917501884,-11.489881177358653,-0.044731866170854784,0.01
0.010101010101010102,0.14285714285714285,0.9975488379600264,0.27644652952877014,-0.026872418346724884,13.236367947294799,-0.0268065496949511,0.01
0.010101010101010102,0.16326530612244897,0.9997568494030326,-0.13527422744862405,0.08220196689372594,-2.5470781937306164,0.08218197943640383,0.01
0.010101010101010102,0.18367346938775508,1.0009040202822193,-0.23588328684494472,0.015942901630209783,-3.9463102020939687,0.01595731433664092,0.01
0.010101010101010102,0.2040816326530612,1.0004075800818166,-0.2646497561405565,0.03319774183642665,5.637284542303222,0.03321127257476047,0.01
0.010101010101010102,0.22448979591836732,1.0022590301530938,-0.6015229171647216,-0.04059250615583715,-12.86872884554481,-0.04068420585123283,0.01
0.010101010101010102,0.24489795918367346,0.9987507430958641,0.02778803405353258,-0.0265031242356002,14.249488273728298,-0.026470015024667705,0.01
0.010101010101010102,0.26530612244897955,1.0011772699802122,-0.34506504172316327,0.009333739303322597,-10.737475646913598,0.009344727634407525,0.01
0.010101010101010102,0.2857142857142857,0.9991317120470201,0.18956350688742127,-0.047727069775290516,5.145516357209779,-0.0476856289355736,0.01
0.010101010101010102,0.3061224489795918,0.9992292263159146,0.3192859376214998,0.05086346766929945,4.516356312360039,0.050824263446938626,0.01
0.010101010101010102,0.32653061224489793,1.0012077719518895,-0.167603122691756,0.03770590287862852,-5.805797661845791,0.03775144301054599,0.01
0.010101010101010102,0.3469387755102041,1.0007682427599403,-0.14610411529073009,-0.039479236562085795,-1.7583460033439473,-0.039509566199742586,0.01
0.010101010101010102,0.36734693877551017,0.9995963745411921,0.03757633122571402,0.03289148605015968,8.850676819344272,0.03287821020901181,0.01
0.010101010101010102,0.3877551020408163,1.0021107523946406,-0.33496013862051116,-0.0219777274067286,-14.227859738119324,-0.022024116947481114,0.01
0.010101010101010102,0.4081632653061224,0.9986993244429583,0.3347686676490413,-0.022010741918638724,14.224624315952132,-0.0219821130846328,0.01
0.010101010101010102,0.42857142857142855,1.0012123547653085,-0.3094334856271177,0.03680054703425417,-8.461117998568627,0.03684516235281711,0.01
0.010101010101010102,0.44897959183673464,1.0002013875872136,-0.2897377972693018,-0.36312732865864333,-30.731813819335333,-0.3632004579952132,0.01
0.010101010101010102,0.4693877551020408,0.9863908311465883,-3.1302009556152695,-4.235666291133787,-348.7770045032291,-4.178022393371043,0.01
0.010101010101010102,0.4897959183673469,0.8273170491735896,-4.2493980909329085,-18.716618015022487,-1070.3562644378642,-15.484577186697653,0.01
0.010101010101010102,0.5102040816326531,0.22244723869669097,15.955454123392864,-19.88939442782039,955.4241759836696,-4.424340869817997,0.01
0.010101010101010102,0.5306122448979591,0.01550503171153298,4.538757029442808,-5.478295017965594,456.86356618210056,-0.08494113797868967,0.01
0.010101010101010102,0.5510204081632653,-0.0011566395876189807,0.4359318114195591,-0.3944527288848201,41.35297814781536,0.0004562396416725199,0.01
0.010101010101010102,0.5714285714285714,-0.0005950796715209,0.2021688364912602,0.05716012047094857,2.9050810890499754,-3.4014825713947144e-05,0.01
0.010101010101010102,0.5918367346938775,0.0011764265540523892,-0.407722547582732,0.005817949686457574,-7.9366138259300945,6.844390501289462e-06,0.01
0.010101010101010102,0.6122448979591836,-0.0003576123373797745,0.08289180689157279,-0.018368899210025928,5.5663026340747095,6.568944981590865e-06,0.01
0.010101010101010102,0.6326530612244897,0.0004266755658880656,0.022629164998889652,0.004154324389825799,-3.359026721289241,1.7725487099115156e-06,0.01
0.010101010101010102,0.6530612244897959,-0.00018804807657055823,0.13077084354286633,0.027219633780172548,5.619427041543222,-5.1185997773164404e-06,0.01
0.010101010101010102,0.673469387755102,0.0015376810263032716,-0.1646992122230763,0.04918682262182225,-3.466642535061551,7.563364388972062e-05,0.01
0.010101010101010102,0.6938775510204082,0.0018195773365650438,-0.34591037150513976,-0.002526371568216034,-1.6012504955622013,-4.596928449268184e-06,0.01
0.010101010101010102,0.7142857142857142,0.001434563819437311,-0.31627375628430265,-0.05428539357206029,-3.471133660814536,-7.787586154239246e-05,0.01
0.010101010101010102,0.7346938775510203,-0.00039615301331496767,0.23414596867734405,-0.027780897672953282,6.068574258927022,1.1005486325735215e-05,0.01
0.010101010101010102,0.7551020408163265,0.0003006496287045241,0.09796255804781151,0.006296171373066879,-2.7290214924170457,1.8929415855726109e-06,0.01
0.010101010101010102,0.7755102040816326,-0.0001391664266591767,0.2667242130376567,-0.05872980873941585,-3.6435245586062623,8.17321762064139e-06,0.01
0.010101010101010102,0.7959183673469387,-0.0020964854218838776,0.5816124457117025,-0.04672768096094874,4.819733080896039,9.796390193306985e-05,0.01
0.010101010101010102,0.8163265306122448,-0.0020464187107795333,0.18793633995814119,0.061654510755466706,5.801721707312676,-0.00012617094441394504,0.01
0.010101010101010102,0.836734693877551,0.0004200252211963958,0.3926678804869236,0.08280165566859714,-3.729301505825893,3.4778783737630314e-05,0.01
0.010101010101010102,0.8571428571428571,0.0013332407042652478,-0.46205832072912784,-0.018249421180187495,-6.173704025355002,-2.4330871146706305e-05,0.01
0.010101010101010102,0.8775510204081632,-0.00032484911268880804,0.3466980683435,-0.02452872913480915,5.55833184580208,7.968135894826866e-06,0.01
0.010101010101010102,0.8979591836734693,0.00033206808651793564,0.09623513639239391,0.023361549382226524,-0.8650845511325842,7.757625001450224e-06,0.01
0.010101010101010102,0.9183673469387754,0.0006286835151571725,-0.15502473732750116,0.011397777134827173,-0.30736512911255226,7.165594594101193e-06,0.01
0.010101010101010102,0.9387755102040816,0.0007972834797761876,-0.11761910902281515,-0.059043707885565094,-6.595900402885891,-4.707457288189207e-05,0.01
0.010101010101010102,0.9591836734693877,-0.0017812637454781373,0.5923320101000021,-0.01941783938226771,10.479235516209036,3.458829330715106e-05,0.01
0.010101010101010102,0.9795918367346939,4.718607030566839e-06,-0.2589026650485868,0.04992451682691511,-3.6836846077091177,2.3557417609713408e-07,0.01
0.010101010101010102,1.0,0.00025647163521227517,-0.11860527101590802,0.01233589838090371,0.0,3.163808029562832e-06,0.01
0.015151515151515152,0.0,9.661686970006358e-05,-0.04634233456269523,20.673726825191903,0.0,0.001997430770884275,0.01
0.015151515151515152,0.02040816326530612,0.4220094092205552,-10.925409013127197,18.57286760798223,-205.88420328654817,7.837924886776166,0.01
0.015151515151515152,0.04081632653061224,0.7581728457669338,-15.669441337755996,12.926476783458124,-347.462097516814,9.800503688654647,0.01
0.015151515151515152,0.061224489795918366,0.9496207065045602,-11.991189451396039,5.913437608043372,-339.8157416738318,5.615522799220783,0.01
0.015151515151515152,0.08163265306122448,0.9995376460952347,-3.44207583898105,1.213697640074541,-120.75877518711373,1.213136482231448,0.01
0.015151515151515152,0.1020408163265306,0.9991593856912762,0.3075330646792467,0.04514406974598157,6.240525294914897,0.04510612099499907,0.01
0.015151515151515152,0.12244897959183673,1.0013802611869074,-0.47190263264986204,-0.005251651872918761,-11.17930601356713,-0.005258900524166101,0.01
0.015151515151515152,0.14285714285714285,0.998945032553606,0.09471730431106694,-0.05651206634377793,6.155785395422931,-0.05645244795345679,0.01
0.015151515151515152,0.16326530612244897,0.9990736462341001,0.3633724741511383,0.018807620928291524,1.2255439572398767,0.018790198417816983,0.01
0.015151515151515152,0.18367346938775508,0.9997126905506791,0.3373735357409659,-6.568651601418507e-05,-3.0751280867815702,-6.566764365744122e-05,0.01
0.015151515151515152,0.2040816326530612,0.9990709651518138,-0.020466161602612273,-0.012045545753646749,1.9011018814938452,-0.01203435502187619,0.01
0.015151515151515152,0.22448979591836732,0.9992210356219589,0.13620224227241273,-0.004407022015659456,-1.1525265551710906,-0.004403589102496015,0.01
0.015151515151515152,0.24489795918367346,0.9988910867021951,-0.04830603635287422,0.005230299745804745,2.0969840877945827,0.005224499796865116,0.01
0.015151515151515152,0.26530612244897955,0.9994345172442366,0.6048732644259494,0.02935141144690984,0.2668848589137169,0.029334813729879297,0.01
0.015151515151515152,0.2857142857142857,1.0000891034959465,0.3406838370051552,0.034477975648670334,0.23551843285881197,0.03448104775683379,0.01
0.015151515151515152,0.3061224489795918,1.0008417815564272,-0.020956195931952856,0.006668606938542655,-2.960836566451325,0.006674220448870583,0.01
0.015151515151515152,0.32653061224489793,1.0003612915342543,-0.16648697498363615,-0.019880240032228214,0.3590495633157796,-0.019887422594650803,0.01
0.015151515151515152,0.3469387755102041,1.0000303431877648,-0.0859275734514373,-0.014090869789469553,0.208308720474836,-0.014091297351377345,0.01
0.015151515151515152,0.36734693877551017,0.999786153991827,0.19752027525517166,0.009522937708848378,2.1058444143605883,0.00952090126663326,0.01
0.015151515151515152,0.3877551020408163,1.0004190345228199,-0.11811170445572493,0.014796071797167966,-1.5890772737052685,0.014802271862053101,0.01
0.015151515151515152,0.4081632653061224,1.0003900752896706,-0.21827082174720333,-0.018852140916930937,-1.7084475722766912,-0.01885949467126002,0.01
0.015151515151515152,0.42857142857142855,0.9996495593833533,-0.18803932893049488,-0.04047424281675294,-0.41051841390613186,-0.04046005899814192,0.01
0.015151515151515152,0.44897959183673464,0.9987380653787827,-0.3323968991186616,-0.7121616873187935,-65.41485114729385,-0.7112629858296614,0.01
0.015151515151515152,0.4693877551020408,0.9705817354111577,-1.988711767471378,-4.725624256763879,-327.9044806583249,-4.586604592030948,0.01
0.015151515151515152,0.4897959183673469,0.8058554426537264,-1.3592826984217818,-16.35500917948865,-811.775241768703,-13.179773161942586,0.01
0.015151515151515152,0.5102040816326531,0.30303034032998827,13.335059373858716,-18.801971193228443,571.9729644222034,-5.697567729558651,0.01
0.015151515151515152,0.5306122448979591,0.038428047011749185,5.993980463162879,-7.3986399505077465,545.5534973644252,-0.2843152838411173,0.01
0.015151515151515152,0.5510204081632653,0.0010450362276313184,1.018603598508234,-0.9310507628611481,88.27024302494151,-0.0009729817769536754,0.01
0.015151515151515152,0.5714285714285714,0.00042597505823293934,-0.32680910761191473,-0.047231454254082435,-1.6559507814490624,-2.0119421476309174e-05,0.01
0.015151515151515152,0.5918367346938775,-0.0008827782317189849,0.3103387097736014,-0.008941076703402735,5.408407781415673,7.892987881893677e-06,0.01
0.015151515151515152,0.6122448979591836,6.103315197160324e-05,0.06397123011481816,0.034881691488205045,-1.1137764986381102,2.128939577626198e-06,0.01
0.015151515151515152,0.6326530612244897,0.0005409642780036699,-0.03163985888960304,0.010078750642132324,-1.3169117042770166,5.452244064300137e-06,0.01
0.015151515151515152,0.6530612244897959,0.000472410729201494,-0.04545939874665225,0.004040112356242417,0.7251251522598057,1.908592424268446e-06,0.01
0.015151515151515152,0.673469387755102,0.0007058668231564216,0.23740091822321027,-0.009796459038158305,-2.0811091489110765,-6.914995419446816e-06,0.01
0.015151515151515152,0.6938775510204082,7.255525825625705e-05,-0.3175771704371185,-0.02128180757579203,0.9555449922229721,-1.5441070448215583e-06,0.01
0.015151515151515152,0.7142857142857142,-0.00016277838401876306,0.15925016326524993,0.017489254581832925,2.844019099224273,-2.846872598523511e-06,0.01
0.015151515151515152,0.7346938775510203,0.0007864023840453559,-0.057139250398751326,0.02347561596915176,-2.257355683267028,1.8461280365074173e-05,0.01
0.015151515151515152,0.7551020408163265,0.0007954100228853903,-0.2406666171140901,0.010327317771186374,0.9688224598664197,8.214452064724052e-06,0.01
0.015151515151515152,0.7755102040816326,0.0012079255583794936,0.0015607405069229458,0.001115758168489864,-1.8715553009306778,1.3477528086896002e-06,0.01
0.015151515151515152,0.7959183673469387,0.0008409511726196704,-0.03265558348580663,-0.056476685458161514,-3.772504174481158,-4.749413486171322e-05,0.01
0.015151515151515152,0.8163265306122448,-0.001097245276647507,0.5093375592791913,0.038275006472602645,13.058169983696049,-4.199707006571601e-05,0.01
0.015151515151515152,0.836734693877551,0.002403196334766717,-0.6781326275878803,0.002373023411839084,-16.576564323650878,5.702841165647297e-06,0.01
0.015151515151515152,0.8571428571428571,-0.0010003871782050954,0.0966542289502568,-0.023937605006015165,13.998122738701161,2.3946873124955675e-05,0.01
0.015151515151515152,0.8775510204081632,0.001426151232480384,0.006879132203943012,0.04455303702416705,-7.286039819743303,6.353936866276002e-05,0.01
0.015151515151515152,0.8979591836734693,0.0008181041289037635,-0.46696334592504773,-0.03872031293564989,-0.8747484763187573,-3.167724788510098e-05,0.01
0.015151515151515152,0.9183673469387754,-0.000154269703668591,0.27606191888486625,-0.015063985555438596,3.193068559579465,2.323916587705447e-06,0.01
0.015151515151515152,0.9387755102040816,0.0002032475756205555,0.1325973720304538,0.03343225328601992,1.5595628468834708,6.795024427915898e-06,0.01
0.015151515151515152,0.9591836734693877,0.0012103120631077322,-0.6682713431830412,-0.0368998955571738,-8.452113433516455,-4.466038872026286e-05,0.01
0.015151515151515152,0.9795918367346939,-0.0013028706103865382,0.3453984719766389,-0.03804499523035662,8.33989366554454,4.9567706157927666e-05,0.01
0.015151515151515152,1.0,-0.0003425448850700887,0.11592994437526892,0.04705596054050603,0.0,-1.6118778595210268e-05,0.01
0.020202020202020204,0.0,-0.00013743532506102347,-0.09780601448943478,17.98143254615321,0.0,-0.0024712840270434337,0.01
0.020202020202020204,0.02040816326530612,0.3668305758209229,-7.902430129105306,16.639706367688106,-131.48916548958042,6.103953068350105,0.01
0.020202020202020204,0.04081632653061224,0.6790342531520045,-12.917798474695338,12.794599911046069,-245.3312672613392,8.68797159497587,0.01
0.020202020202020204,0.061224489795918366,0.8890591436187216,-12.180521283606614,7.426419702588757,-280.75039316747757,6.602526340936762,0.01
0.020202020202020204,0.08163265306122448,0.9821534246862395,-6.496537268069202,2.7355092645384023,-178.95882976145725,2.686689792427328,0.01
0.020202020202020204,0.1020408163265306,1.000712582987636,-1.5336870474163158,0.41266550184251755,-48.67985898273921,0.4129595602587148,0.01
0.020202020202020204,0.12244897959183673,0.9989969145573626,0.1328610939853314,-0.031584915150799586,5.143318117394394,-0.031553232782204885,0.01
0.020202020202020204,0.14285714285714285,0.9994234027773993,0.2080973424448784,0.046842681719982245,2.542586375942227,0.046815672359803336,0.01
0.020202020202020204,0.16326530612244897,1.000908860750015,-0.2496455875115082,0.0488332657264356,-2.3475091433097983,0.04887764836494941,0.01
0.020202020202020204,0.18367346938775508,1.0014165972968456,-0.5667257422953889,-0.0475608712431197,-7.099116279706622,-0.047628245844758325,0.01
0.020202020202020204,0.2040816326530612,0.9989676006992754,0.5661083209860718,-0.03693795327879601,8.140162240210344,-0.03689981856166078,0.01
0.020202020202020204,0.22448979591836732,0.9999089257344458,-0.01846037964368752,-0.007851855002434294,-5.289724609127162,-0.00785113990050671,0.01
0.020202020202020204,0.24489795918367346,0.998647116821625,0.4674601257733026,0.06322242117389387,12.255003674407057,0.06313688862379158,0.01
0.020202020202020204,0.26530612244897955,1.0024894327211353,-0.40215856929507815,0.07748399678666601,-10.857369264355388,0.07767688798363108,0.01
0.020202020202020204,0.2857142857142857,1.0018097289353665,-0.4080007967259182,-0.042960518183494334,-0.9461932027203295,-0.04303826507632934,0.01
0.020202020202020204,0.3061224489795918,1.0007359421830335,-0.14974380690407374,-0.05608737737320175,-0.34023899787126327,-0.056128654440146405,0.01
0.020202020202020204,0.32653061224489793,0.9995204482262562,0.2586512404093211,-0.027919627654588667,3.100678470295079,-0.027906238747624643,0.01
0.020202020202020204,0.3469387755102041,0.9995963655440707,0.09560981646357679,0.030950431376443547,2.6685873147460786,0.03093793871591414,0.01
0.020202020202020204,0.36734693877551017,1.0007837311395804,0.15568030455798754,0.005540557862358243,-5.158754919126173,0.00554490017008562,0.01
0.020202020202020204,0.3877551020408163,0.9998225107629425,-0.059015524526724976,-0.03665282656928753,1.0238032448248853,-0.03664632108706375,0.01
0.020202020202020204,0.4081632653061224,0.9992876974020585,0.21370303400869936,-0.027504801521132275,-0.127296790105936,-0.027485209779552905,0.01
0.020202020202020204,0.42857142857142855,0.9986998658028963,0.4279831883695064,-0.05459590390564551,-2.527631243576628,-0.05452492190395599,0.01
0.020202020202020204,0.44897959183673464,0.9970592931610117,-1.12380684251106,-0.9349721658251149,-83.74924242453139,-0.9322226867828093,0.01
0.020202020202020204,0.4693877551020408,0.9605377365855446,-1.1938619885818567,-4.852688408697851,-300.1869493769963,-4.661190340445542,0.01
0.020202020202020204,0.4897959183673469,0.7989903785202831,-0.05726891741910855,-14.458885982707907,-641.2204128759887,-11.552510784305406,0.01
0.020202020202020204,0.5102040816326531,0.37037912504644643,10.537371862223678,-17.892097721214178,304.76566250237425,-6.626859499228825,0.01
0.020202020202020204,0.5306122448979591,0.06870067561358191,6.58373454614731,-8.922645841902124,574.2406216702075,-0.6129917975993933,0.01
0.020202020202020204,0.5510204081632653,0.006189498846359773,1.234816338712234,-1.7131686642954032,132.28814173525126,-0.01060365547127611,0.01
0.020202020202020204,0.5714285714285714,-0.0012245759903120846,0.5068601862662999,-0.1348702914964991,22.38509879904135,0.0001651589207730049,0.01
0.020202020202020204,0.5918367346938775,0.0006845889893598102,-0.07290900656766382,0.039413055995107145,-5.305330744863939,2.698174417127201e-05,0.01
0.020202020202020204,0.6122448979591836,0.00038412017275351316,-0.19030791685767204,-0.007433838472646016,0.714335087024129,-2.8554873183345e-06,0.01
0.020202020202020204,0.6326530612244897,0.0003811670108844626,-0.30261958772887654,-0.0034619079796152793,-0.32508589870711685,-1.3195651165470252e-06,0.01
0.020202020202020204,0.6530612244897959,0.0002428178062386038,0.3235668072565527,0.03733051154444407,4.322743012064933,9.064512918986782e-06,0.01
0.020202020202020204,0.673469387755102,0.0019048613596372816,-0.2541848032635338,-0.04346759745440287,-12.240957693951936,-8.27997467871599e-05,0.01
0.020202020202020204,0.6938775510204082,-0.0015313698449615132,0.10922380734983779,-0.030951976749883082,13.467488522994874,4.7398923836720817e-05,0.01
0.020202020202020204,0.7142857142857142,0.0006415153698461355,0.01135744026237347,0.049715158829004624,-5.562109236263878,3.1893038503148276e-05,0.01
0.020202020202020204,0.7346938775510203,0.0004978203113243896,-0.4421700446957926,-0.026009036148493855,-1.858861871530974,-1.2947826472690515e-05,0.01
0.020202020202020204,0.7551020408163265,-0.000420077942337287,0.270595724079855,0.017590700484262232,6.13163606154107,-7.389465263700396e-06,0.01
0.020202020202020204,0.7755102040816326,0.0012158080861922357,-0.10715121863615945,0.02685449717805019,-5.223783985549851,3.26499148197e-05,0.01
0.020202020202020204,0.7959183673469387,0.0006760239832974147,0.03727245166112899,0.0063542845414373645,3.214763147161793,4.295648746707674e-06,0.01
0.020202020202020204,0.8163265306122448,0.0014751666389039649,-0.5039025365097095,-0.04159462777235091,-7.913756553913044,-6.13590072474004e-05,0.01
0.020202020202020204,0.836734693877551,-0.0010217159257781326,0.14338093200163318,-0.048691328068256365,7.21827992491431,4.974870533462533e-05,0.01
0.020202020202020204,0.8571428571428571,-0.0005122345067391519,0.26364198136728667,0.06082395112984176,3.5142174364993077,-3.115612660492078e-05,0.01
0.020202020202020204,0.8775510204081632,0.00146089432441949,-0.6555999647732867,-0.025187521483130745,-11.943341752570616,-3.679630718089968e-05,0.01
0.020202020202020204,0.8979591836734693,-0.0015402966080914273,-0.16688394509626756,-0.0054123418564447304,13.881309355985843,8.336611803313077e-06,0.01
0.020202020202020204,0.9183673469387754,0.001239982411911542,-0.35562408248926514,0.05912408308046944,-7.556739712168255,7.331282314017888e-05,0.01
0.020202020202020204,0.9387755102040816,0.0008729312727440596,-0.1710274973463236,-0.08341706449511006,-6.412292750238538,-7.281736427828973e-05,0.01
0.020202020202020204,0.9591836734693877,-0.0021647957307460116,0.4553663299223656,-0.010568446321408461,13.551457331261297,2.287852747720343e-05,0.01
0.020202020202020204,0.9795918367346939,0.0004415661167682041,0.27855056263328093,0.058990012573575716,-6.734728359552846,2.6047990780221365e-05,0.01
0.020202020202020204,1.0,0.00024295988450197655,-0.0259280780590276,-0.00973170538104515,0.0,-2.3644140153859932e-06,0.01
0.025252525252525256,0.0,-0.000631405095209684,0.15090731125052523,16.049985164253325,0.0,-0.010134042410749387,0.01
0.025252525252525256,0.02040816326530612,0.32691931254261325,-6.142028135051789,15.053394169329295,-97.66591750255496,4.921245273270116,0.01
0.025252525252525256,0.04081632653061224,0.6137928467141492,-10.306893779743783,12.265240146978991,-175.57317668777503,7.528316665446905,0.01
0.025252525252525256,0.061224489795918366,0.8275413593580822,-10.769562571157804,8.220969700378355,-220.76532707908717,6.803192441092709,0.01
0.025252525252525256,0.08163265306122448,0.9493426304030617,-7.231091100000035,4.052920571541748,-187.70348754690042,3.8476102762021225,0.01
0.025252525252525256,0.1020408163265306,0.9929666888087657,-3.0862205088522847,1.2329698446219928,-88.65168369123558,1.2242979840153585,0.01
0.025252525252525256,0.12244897959183673,0.9996679301835512,-0.6308489965518016,0.18393891086737854,-14.153347816716636,0.18387783030700902,0.01
0.025252525252525256,0.14285714285714285,1.0004743994564138,-0.2558454305127369,-0.0004876904854347886,-3.9204591158588045,-0.00048792184553597706,0.01
0.025252525252525256,0.16326530612244897,0.9996480244494518,0.0005236157012438181,-0.04704130789041567,-0.641795389828789,-0.04702475050017243,0.01
0.025252525252525256,0.18367346938775508,0.9985543460731315,0.07329735662932224,0.053378375010368746,10.48292431410593,0.05330120835292515,0.01
0.025252525252525256,0.2040816326530612,1.0018267336335485,-0.06527487824756983,0.03090296280689431,-12.685514710046158,0.03095941428842996,0.01
0.025252525252525256,0.22448979591836732,0.9998156914938211,-0.04166196743130501,-0.02005832360199411,7.691308641975358,-0.020054626682334573,0.01
0.025252525252525256,0.24489795918367346,1.0010080265477528,-0.36272166261276156,0.015744614878646035,-4.182620670872623,0.015760485868427855,0.01
0.025252525252525256,0.26530612244897955,1.0004583288358067,-0.18732530171878012,-0.030843238573086077,-0.38298896739685817,-0.030857374918713786,0.01
0.025252525252525256,0.2857142857142857,0.9997491188508921,-0.3450805944816084,-0.011727378392688228,2.256343265076114,-0.011724436214521046,0.01
0.025252525252525256,0.3061224489795918,0.9999796603299826,0.14629860138377238,0.02640239489858293,1.4803745174684595,0.026401857882583025,0.01
0.025252525252525256,0.32653061224489793,1.0008267676222629,-0.19365012661707445,0.002439785337873146,-3.8287102544180183,0.0024418024733957712,0.01
0.025252525252525256,0.3469387755102041,1.0000792434049979,-0.13472783398332933,0.01820907820291995,5.374100955192605,0.01821052115227862,0.01
0.025252525252525256,0.36734693877551017,1.0015699953040147,0.018939153568815037,-0.013592375745027587,-8.490643442091464,-0.013613715711117684,0.01
0.025252525252525256,0.3877551020408163,0.999524452558262,0.13956617515864744,-0.029473246409982282,6.934318116925904,-0.029459230483052302,0.01
0.025252525252525256,0.4081632653061224,1.0003670056546277,-0.345082765724306,0.03275514022612869,-0.835936226587028,0.0327671615478098,0.01
0.025252525252525256,0.42857142857142855,1.0008613970572877,-0.3209671474964031,-0.22009586337399958,-23.943462126225544,-0.22028545330303115,0.01
0.025252525252525256,0.44897959183673464,0.9913835010271175,0.0040688298196220885,-1.1356550286297027,-65.78133606883338,-1.125869658241966,0.01
0.025252525252525256,0.4693877551020408,0.954508130582606,-0.9458492724011581,-4.720717806855665,-285.554816197311,-4.505963528829821,0.01
0.025252525252525256,0.4897959183673469,0.7987011415636209,0.9218042050133172,-13.007293915310251,-526.5296424312385,-10.388940498811838,0.01
0.025252525252525256,0.5102040816326531,0.42359817485565693,9.139905873591676,-17.07035739365167,128.34942155377982,-7.230972236084615,0.01
0.025252525252525256,0.5306122448979591,0.10195186019008348,7.502289475713141,-10.073719631427531,557.321079144186,-1.027034455457399,0.01
0.025252525252525256,0.5510204081632653,0.012425945001472066,1.9918528981621293,-2.4651051381190636,188.32314120004384,-0.030631260869113688,0.01
0.025252525252525256,0.5714285714285714,0.0013353239403257936,0.14190710163444703,-0.29668479129123393,24.18205278908348,-0.0003961703045417462,0.01
0.025252525252525256,0.5918367346938775,0.00031636168346251816,-0.3623281966344339,-0.04685269413891969,0.3014927318433194,-1.482239719254309e-05,0.01
0.025252525252525256,0.6122448979591836,-0.0005770309224872548,-0.026131549869613007,-0.03585762250522032,0.7760242882592185,2.0690956992387032e-05,0.01
0.025252525252525256,0.6326530612244897,-0.0011472147453219848,0.17138476696338678,0.06012360081229638,8.63013559685742,-6.897468139371927e-05,0.01
0.025252525252525256,0.6530612244897959,0.0018769936004636176,-0.36100445007251375,0.04332370457172133,-10.276525428433773,8.131831622949731e-05,0.01
0.025252525252525256,0.673469387755102,0.0006210997269931712,-0.07292426272954133,-0.06998983734184992,-0.8282016790962086,-4.347066886531945e-05,0.01
0.025252525252525256,0.6938775510204082,-0.0009797344543057667,0.10337996109008395,0.0019055230803428278,7.873947000471099,-1.866906615286724e-06,0.01
0.025252525252525256,0.7142857142857142,0.0006988761792520622,-0.06112249565681248,-0.018512868318055715,-9.874949357514158,-1.2938202677119329e-05,0.01
0.025252525252525256,0.7346938775510203,-0.0017353617325937551,0.1825745043908862,0.0060684282632652254,12.283916422483609,-1.0530918185060855e-05,0.01
0.025252525252525256,0.7551020408163265,0.0009465671287730917,-0.10454198813389211,0.059045050173459276,-7.092207475284591,5.589010361095449e-05,0.01
0.025252525252525256,0.7755102040816326,0.0006746403153025415,0.09121889705338981,-0.002016311782852772,1.108194003566011,-1.3602852169320237e-06,0.01
0.025252525252525256,0.7959183673469387,0.0008642686886566521,0.05801306240980051,-0.042738681559077674,-5.0989862416360525,-3.69377042659783e-05,0.01
0.025252525252525256,0.8163265306122448,-0.0010697956667006289,0.3495962161456857,-0.028465043083753173,6.497802812217854,3.045177974344585e-05,0.01
0.025252525252525256,0.836734693877551,-0.000297569804557763,-0.04868690587007058,0.04628261480036186,0.8274676604254202,-1.3772308640565907e-05,0.01
0.025252525252525256,0.8571428571428571,0.0008192906516814878,-0.0307928994891257,-0.03803984670341855,-9.091068887795902,-3.116569079550768e-05,0.01
0.025252525252525256,0.8775510204081632,-0.001850216608778928,0.25204416322055834,-0.07845966894958065,5.129926307672015,0.00014516738260981048,0.01
0.025252525252525256,0.8979591836734693,-0.0023831448156483343,0.5137154659031018,0.03170588600193168,5.666298077576194,-7.555971785104057e-05,0.01
0.025252525252525256,0.9183673469387754,-0.0005560988127817167,-0.10920146076983647,0.05861137080710391,-3.029560566669315,-3.259371372133945e-05,0.01
0.025252525252525256,0.9387755102040816,9.156033621212956e-06,0.11750315660457199,0.016932759262894767,-1.0549433646631814,1.550369131109696e-07,0.01
0.025252525252525256,0.9591836734693877,0.00013503421835684521,-0.03668677309641131,0.0450611621104113,3.8115268437198018,6.08479880383048e-06,0.01
0.025252525252525256,0.9795918367346939,0.0018483871401686128,-0.26632953408709226,-0.0005640934645259806,-8.282801890063656,-1.042663105682982e-06,0.01
0.025252525252525256,1.0,0.00011200999531496846,-0.25597254640194217,-0.08508248009782858,0.0,-9.530088197143677e-06,0.01
0.030303030303030304,0.0,0.00013075304241923127,-0.11854411721280714,14.492642553804773,0.0,0.0018949571066043916,0.01
0.030303030303030304,0.02040816326530612,0.29589896842619007,-5.026475303925668,13.759373327261816,-71.8603842012096,4.071384373727605,0.01
0.030303030303030304,0.04081632653061224,0.5617378276245342,-8.842393586450498,11.692641188975973,-130.67936535080324,6.568198860688513,0.01
0.030303030303030304,0.061224489795918366,0.7731496292007195,-9.725241175539024,8.601561446104222,-172.24644945062823,6.650294042602684,0.01
0.030303030303030304,0.08163265306122448,0.9128219682818494,-8.17833780810211,5.00363713985733,-180.35013256156736,4.567429902572731,0.01
0.030303030303030304,0.1020408163265306,0.977379716541835,-4.10342006989409,2.0496664685335166,-109.13899322816633,2.0033024320205923,0.01
0.030303030303030304,0.12244897959183673,0.9964818241403602,-1.407780095120959,0.5341620897528276,-39.38043589234122,0.5322828135835245,0.01
0.030303030303030304,0.14285714285714285,0.9991822508174606,0.049831754325667436,0.07763669840446225,-5.3590524597986,0.07757321105780694,0.01
0.030303030303030304,0.16326530612244897,0.9996506689731954,0.27456507868841395,-0.006314043824857841,-2.8681202786745037,-0.006311838133445214,0.01
0.030303030303030304,0.18367346938775508,0.9989245347429766,0.3227209237249824,0.04523664217326807,7.920087506491109,0.045187991736266316,0.01
0.030303030303030304,0.2040816326530612,1.001497062531288,-0.5502242585186552,0.016678197961008612,-10.718815039292537,0.016703166266265442,0.01
0.030303030303030304,0.22448979591836732,0.9996052775168953,0.0744505216995257,-0.05686360752596987,3.5117181015686443,-0.05684116218160893,0.01
0.030303030303030304,0.24489795918367346,0.9991760989587994,0.30877104762052276,-0.002279383555915282,1.8375358474967058,-0.002277505569430268,0.01
0.030303030303030304,0.26530612244897955,0.9995122414533886,0.1866950268591809,-0.028660379132615103,-4.422873414013289,-0.028646399787744047,0.01
0.030303030303030304,0.2857142857142857,0.9980062875656315,0.5358361450488429,0.02955436719323368,10.12791855394647,0.029495444283870638,0.01
0.030303030303030304,0.3061224489795918,1.0007185421551532,-0.5506436011862914,0.045140003295962135,-8.600526215879082,0.04517243829121404,0.01
0.030303030303030304,0.32653061224489793,0.9998487366797524,-0.0641023806281309,-0.03233368772522782,1.0081044958024645,-0.032328796824266655,0.01
0.030303030303030304,0.3469387755102041,0.9993987997990215,0.2198328920003285,0.04451431741784063,6.523000008218244,0.0444875554012626,0.01
0.030303030303030304,0.36734693877551017,1.0016656475947663,-0.43166654712312175,0.020348044578095803,-8.891294746513237,0.020381937249605506,0.01
0.030303030303030304,0.3877551020408163,1.0002293322307805,0.0001902925031229685,-0.0745163626861513,-0.405417165383248,-0.07453345168983577,0.01
0.030303030303030304,0.4081632653061224,0.9986241634034948,0.293133310288767,-0.024230043637753832,5.333476432125935,-0.024196707056982094,0.01
0.030303030303030304,0.42857142857142855,0.9992403508578109,-0.1369803821773139,-0.1768927619051802,-20.29442282233372,-0.17675838547033945,0.01
0.030303030303030304,0.44897959183673464,0.9914040506726711,-0.5590423998523502,-1.2129763016608468,-81.24176407372188,-1.2025496188365195,0.01
0.030303030303030304,0.4693877551020408,0.9497311140553274,-1.227774504090846,-4.607159641743315,-251.38820325436026,-4.3755628591836215,0.01
0.030303030303030304,0.4897959183673469,0.8033567183566175,0.941437955915091,-11.759309061386897,-449.522439870711,-9.446919937697013,0.01
0.030303030303030304,0.5102040816326531,0.46975931563137246,7.7393420791457626,-16.2561054283378,8.836395909522148,-7.636456960847404,0.01
0.030303030303030304,0.5306122448979591,0.1398422110775236,7.106234512482583,-10.958200933942802,510.3582445411879,-1.5324190480343454,0.01
0.030303030303030304,0.5510204081632653,0.022485808123503023,2.4148391353120457,-3.3758595227904173,232.71121375174593,-0.07590892948136581,0.01
0.030303030303030304,0.5714285714285714,0.002052026473833102,0.7445859234880867,-0.587984977263536,40.50049170988845,-0.0012065607395609305,0.01
0.030303030303030304,0.5918367346938775,-0.0015135787035800772,0.5975698513302474,-0.06764535556240188,10.492791216822708,0.0001023865695753536,0.01
0.030303030303030304,0.6122448979591836,-0.0007090084470812599,-0.09331480124495756,0.030182617939964563,-0.9056498135907941,-2.1399731074461253e-05,0.01
0.030303030303030304,0.6326530612244897,-0.00028163511419376867,0.09620977468882717,0.01868730760537179,-0.22089059919929777,-5.263002011412966e-06,0.01
0.030303030303030304,0.6530612244897959,5.373880211758857e-05,-0.1732851376432117,0.013093546857192339,-0.3272979541222885,7.036315235760328e-07,0.01
0.030303030303030304,0.673469387755102,0.0002527953697732655,-0.10969968113525042,-0.012528129900013332,-2.1836263680838677,-3.167053230641374e-06,0.01
0.030303030303030304,0.6938775510204082,-0.0004576134386992821,0.3013379910508156,0.003365842743382509,3.74123568713666,-1.5402548719202953e-06,0.01
0.030303030303030304,0.7142857142857142,0.0003901767062378577,0.24909388303384297,-0.008713543515683717,-4.92501554052515,-3.3998217086097155e-06,0.01
0.030303030303030304,0.7346938775510203,-0.0008132682760741277,0.49545471949728537,0.0006958142951417359,5.847132605986045,-5.658836922776539e-07,0.01
0.030303030303030304,0.7551020408163265,0.0004185772897130306,0.08917920979689575,0.04774094724533471,-1.2367095768671326,1.9983276306284976e-05,0.01
0.030303030303030304,0.7755102040816326,0.001135341815572187,-0.3952607114428186,0.018097823259169803,-1.6683165737770294,2.0547215516970398e-05,0.01
0.030303030303030304,0.7959183673469387,0.0011572639533526143,-0.286760330661934,-0.01076775066129358,-1.1605096704283828,-1.2461129699003836e-05,0.01
0.030303030303030304,0.8163265306122448,0.0006958417885806124,-0.05731589956672976,-0.04166781693656551,-1.8676968245482661,-2.8994208263389275e-05,0.01
0.030303030303030304,0.836734693877551,-0.0005434632685480185,-0.12712161847904627,-0.0007857353665718836,5.874140818407642,4.270183105309313e-07,0.01
0.030303030303030304,0.8571428571428571,0.0006637709572919641,-0.3168482834612819,-0.0008281740129114272,-5.8782998057489175,-5.497178573545454e-07,0.01
0.030303030303030304,0.8775510204081632,-0.0005772662894831787,0.45961454251411105,-0.01108363383791612,4.873264742898457,6.398208179604042e-06,0.01
0.030303030303030304,0.8979591836734693,0.0002113777394178368,0.144675484341137,-0.012993698784758593,-5.060451107689019,-2.746578675798565e-06,0.01
0.030303030303030304,0.9183673469387754,-0.001107621341922305,0.239593076035071,0.009585100212083798,7.273173409379575,-1.0616661559368025e-05,0.01
0.030303030303030304,0.9387755102040816,0.0006026063195028897,-0.18516520609027692,0.025905536272990304,-5.673770675410737,1.5610839868215296e-05,0.01
0.030303030303030304,0.9591836734693877,-5.025251445331295e-05,0.08760706815090201,-0.0024332869903249477,2.8965659956058407,1.222787896503628e-07,0.01
0.030303030303030304,0.9795918367346939,0.000503288483163096,-0.5400799474577881,-0.02769793915132147,-5.372501907383501,-1.3940053782212313e-05,0.01
0.030303030303030304,1.0,-0.001180780643078679,0.03838006963024116,-0.08251938718584699,0.0,9.743729506776292e-05,0.01
0.03535353535353536,0.0,-0.0004679546202717139,0.10034852929193767,13.27805352274957,0.0,-0.006213526494185768,0.01
0.03535353535353536,0.02040816326530612,0.27051272951747457,-4.279824836469246,12.679907105058163,-58.61834893375778,3.430076281017303,0.01
0.03535353535353536,0.04081632653061224,0.5170792741576125,-7.056194652651872,11.111228240215734,-95.11217982080036,5.745385833450317,0.01
0.03535353535353536,0.061224489795918366,0.72403224952628,-8.388855905878906,8.68372996413218,-142.78265123538793,6.287300540209385,0.01
0.03535353535353536,0.08163265306122448,0.8715172318772932,-8.330767058189188,5.699266519091172,-149.69476637863085,4.967008980449275,0.01
0.03535353535353536,0.1020408163265306,0.9566553727544911,-5.817399423554257,2.887437498675124,-125.86447762214193,2.7622825966003464,0.01
0.03535353535353536,0.12244897959183673,0.9893718236599514,-1.8926769667978356,1.0480745629517372,-54.39309007875,1.0369354416791667,0.01
0.03535353535353536,0.14285714285714285,0.9994339263443579,-0.8319334655158387,0.2858056719313796,-20.309261241245046,0.2856438848698662,0.01
0.03535353535353536,0.16326530612244897,1.0010373612898036,-0.08949284528021816,0.02745254531798669,-5.009345166867465,0.02748102352580615,0.01
0.03535353535353536,0.18367346938775508,1.0005544383981533,-0.2528896076535847,-0.05682062429932384,-3.249425455629234,-0.056852127835242426,0.01
0.03535353535353536,0.2040816326530612,0.9987181521347291,0.6801800126273446,-0.014042129562343355,7.441717939853055,-0.014024129688540008,0.01
0.03535353535353536,0.22448979591836732,0.9999812902527515,-0.016650967839363817,0.04942621570842338,-1.2218201033179146,0.04942529095642002,0.01
0.03535353535353536,0.24489795918367346,1.0007355486942566,0.06566917521447069,0.011609456728991554,-2.4842222766664044,0.011617996049729592,0.01
0.03535353535353536,0.26530612244897955,1.000455145629445,-0.15718990138344968,-0.0005639403094138684,1.291229366902673,-0.000564196984380966,0.01
0.03535353535353536,0.2857142857142857,1.0007125307224438,-0.30044123691338553,-0.06168197819623134,-7.280797079810786,-0.061725928500717266,0.01
0.03535353535353536,0.3061224489795918,0.9979375138663336,0.4106252191040371,-0.029094814275178574,10.474339144073959,-0.029034806624174417,0.01
0.03535353535353536,0.32653061224489793,0.9995249872826406,-0.006123031401681799,0.06300305006806606,-1.448748438435982,0.0629731228180513,0.01
0.03535353535353536,0.3469387755102041,1.0005090669303363,-0.27588471908524737,-0.0009671072242163349,-4.820326976207694,-0.0009675995465222727,0.01
0.03535353535353536,0.36734693877551017,0.9994855135183869,0.09512045084757091,-0.006829953844538218,4.2457680074161495,-0.006826439925615161,0.01
0.03535353535353536,0.3877551020408163,1.0002302933040286,-0.04959427464133603,0.015168468155218775,-2.089922651439964,0.015171961351867292,0.01
0.03535353535353536,0.4081632653061224,1.0001046346675795,-0.003479740241180362,-0.041203182676494754,-3.4344991300682297,-0.04120749395781732,0.01
0.03535353535353536,0.42857142857142855,0.9985485307458043,-0.09612628874925953,-0.28233874624082345,-20.196786099236252,-0.2819289402313867,0.01
0.03535353535353536,0.44897959183673464,0.9885806042087704,-0.4101847608172217,-1.347948301594592,-84.2329503254328,-1.3325555464325676,0.01
0.03535353535353536,0.4693877551020408,0.9435302327215352,-0.00783126721838956,-4.421494143176131,-216.97454214955783,-4.17181339788788,0.01
0.03535353535353536,0.4897959183673469,0.8081114555077038,1.6535845096638038,-10.649741605380347,-393.39370914645536,-8.606178189504863,0.01
0.03535353535353536,0.5102040816326531,0.5088469018896844,6.708267453497093,-15.493289692802936,-81.2740034209585,-7.883712460262154,0.01
0.03535353535353536,0.5306122448979591,0.17573228437289018,7.616956522252417,-11.617040944669702,461.14638073801524,-2.041489142860205,0.01
0.03535353535353536,0.5510204081632653,0.03468196537255376,2.972354542157656,-4.163033211832666,269.34637708001435,-0.14438217369757178,0.01
0.03535353535353536,0.5714285714285714,0.005812561440944651,0.3848781584327539,-0.8128491058370414,58.97166530755691,-0.004724735369894725,0.01
0.03535353535353536,0.5918367346938775,0.0015044508485928898,-0.0238673364678306,-0.1713249906935109,3.897697976509094,-0.00025775002763402143,0.01
0.03535353535353536,0.6122448979591836,-0.001180295322055793,0.37090845078341156,-0.03185436124041321,9.770423709894484,3.759755355913508e-05,0.01
0.03535353535353536,0.6326530612244897,0.00020427283878010603,-0.04705897040012828,0.008791988202557511,-5.787081464483354,1.7959643886576248e-06,0.01
0.03535353535353536,0.6530612244897959,-0.0008214386607269151,-0.10963614349629161,-0.012385148434170804,3.7117220740839776,1.0173639742669315e-05,0.01
0.03535353535353536,0.673469387755102,-0.0003012434238391104,0.07666639870864057,0.04620048955960116,2.029670449305676,-1.3917593657977326e-05,0.01
0.03535353535353536,0.6938775510204082,0.0010642956070119078,-0.18451540275267314,0.04776201608753801,-1.8766408495678653,5.083290390399877e-05,0.01
0.03535353535353536,0.7142857142857142,0.001648226620550196,-0.38453809363793773,0.01530595066077341,-1.3040535622550655,2.5227675331914598e-05,0.01
0.03535353535353536,0.7346938775510203,0.0016890282870434755,-0.4326265994400365,-0.0190916073932684,-2.066907127041032,-3.224626493235868e-05,0.01
0.03535353535353536,0.7551020408163265,0.0008689773391923021,0.18284628129014574,-0.062473840926546856,-2.184551759220256,-5.428835205747383e-05,0.01
0.03535353535353536,0.7755102040816326,-0.0008609244038359875,0.16262869855978349,-0.028419948161240965,5.521833250220235,2.446742692776605e-05,0.01
0.03535353535353536,0.7959183673469387,-0.000291020544939982,-0.17706054306776353,0.031048652828424485,0.30608964676698047,-9.035795865780406e-06,0.01
0.03535353535353536,0.8163265306122448,0.0004063675483446035,-0.39831589795424904,-0.02191454194423848,-5.496482734487952,-8.905358682975172e-06,0.01
0.03535353535353536,0.836734693877551,-0.0011854916447048178,0.446060317382358,-0.032899590949483644,4.419947931973925,3.90021901848191e-05,0.01
0.03535353535353536,0.8571428571428571,-0.0009364728985730963,0.1455584206947039,0.07177301762513077,5.837967708338289,-6.721348585474414e-05,0.01
0.03535353535353536,0.8775510204081632,0.0017440192787699074,-0.26405062206379426,0.046024105107332694,-8.361361135082502,8.026692659532078e-05,0.01
0.03535353535353536,0.8979591836734693,0.0009420620037670135,-0.032960911218432774,-0.04021857721272062,-0.09042173228272404,-3.7888393437673934e-05,0.01
0.03535353535353536,0.9183673469387754,0.00010244469865886177,-0.16445726909328195,-0.03122852057362147,0.9714472829144414,-3.1991963797267165e-06,0.01
0.03535353535353536,0.9387755102040816,-0.00033257148903386254,0.11867804511515594,0.007099186812575455,2.7846680409328575,-2.3609871291877797e-06,0.01
0.03535353535353536,0.9591836734693877,0.00039220742570275787,0.14662108538595947,-0.04634950498782002,-8.022639837371615,-1.8178620033870026e-05,0.01
0.03535353535353536,0.9795918367346939,-0.0022243880191489653,0.3012518584269005,-0.033789158665241625,9.253553776984297,7.516019971208692e-05,0.01
0.03535353535353536,1.0,-0.0009869419075724105,0.17509957274594867,0.06063485946725119,0.0,-5.9843083867993926e-05,0.01
0.04040404040404041,0.0,3.885613372797135e-05,0.17350239753688185,12.194071225162205,0.0,0.0004738144622133101,0.01
0.04040404040404041,0.02040816326530612,0.2488974525656097,-3.5343824525411027,11.794375246686329,-39.17020589063596,2.935589953503112,0.01
0.04040404040404041,0.04081632653061224,0.48144192742704744,-6.194336381496227,10.60278752708171,-77.60539063061664,5.104626463137676,0.01
0.04040404040404041,0.061224489795918366,0.6816642904056794,-8.017542344443255,8.526017722032865,-125.91805026417012,5.81188182047578,0.01
0.04040404040404041,0.08163265306122448,0.8294426507753276,-6.800171917257521,6.01745179089397,-119.92141098744166,4.991131164351837,0.01
0.04040404040404041,0.1020408163265306,0.9272745675850251,-5.283595988103572,3.6840698584684985,-108.75001839025455,3.416144284964402,0.01
0.04040404040404041,0.12244897959183673,0.9798128490801643,-3.1380580492880803,1.664963027456491,-89.1224510489222,1.6313521675452802,0.01
0.04040404040404041,0.14285714285714285,0.995232242175086,-0.663326476671502,0.508926939492903,-24.16908557150944,0.5065004990948262,0.01
0.04040404040404041,0.16326530612244897,1.0005853772227318,-0.5002217247632279,0.09910191156861915,-15.993767165070654,0.0991599235703806,0.01
0.04040404040404041,0.18367346938775508,0.9992772181574786,-0.003922064106079759,0.03841667377509683,10.0466138613052,0.038388906900842124,0.01
0.04040404040404041,0.2040816326530612,1.0021534047237561,-0.38240175985899366,0.015189419303557718,-12.322884799516034,0.015222128270837111,0.01
0.04040404040404041,0.22448979591836732,0.999897194455583,0.052349664709791625,-0.026611741446199936,8.226371046039784,-0.026609005611632677,0.01
0.04040404040404041,0.24489795918367346,1.0010672111953398,-0.09480447253246192,-0.005780461815604932,-6.18490564224174,-0.00578663078916878,0.01
0.04040404040404041,0.26530612244897955,0.9996612572386195,0.4241151215481442,-0.04586548120402235,2.2565737421765664,-0.04584994460426725,0.01
0.04040404040404041,0.2857142857142857,0.9991951507380328,0.3428832084537747,0.008577973581260723,3.078884826781175,0.008571069605554671,0.01
0.04040404040404041,0.3061224489795918,1.0000113786092832,-0.0036288073908723457,0.007323347517936286,-3.20183818098697,0.007323430847446338,0.01
0.04040404040404041,0.32653061224489793,0.999494062881622,0.03409199154494247,-0.021943886728082788,0.3336492248771004,-0.021932784501265568,0.01
0.04040404040404041,0.3469387755102041,0.999115709763239,0.24373123058514776,0.011560495377332615,2.9497802214536093,0.01155027254413832,0.01
0.04040404040404041,0.36734693877551017,0.9999659198357989,0.03836595288603961,0.021170631452814448,-2.0079868860563894,0.021169909954218295,0.01
0.04040404040404041,0.3877551020408163,0.9999798171694764,-0.6107197876609418,0.0029679394598934876,0.22412307075013477,0.002967879558474364,0.01
0.04040404040404041,0.4081632653061224,1.000087060221917,-0.3334253757193077,-0.04696093189691964,-5.117152463717555,-0.04696502032607201,0.01
0.04040404040404041,0.42857142857142855,0.9980630444389899,-0.3714447230968469,-0.33266335737270736,-22.88168523290938,-0.3320190032327,0.01
0.04040404040404041,0.44897959183673464,0.9865089640026228,0.03381929687061502,-1.3370229075162772,-75.54555068116073,-1.3189850833416572,0.01
0.04040404040404041,0.4693877551020408,0.9434906808668969,0.13171819727482847,-4.166128753646913,-201.7068222396419,-3.930703654357483,0.01
0.04040404040404041,0.4897959183673469,0.8164628924251978,1.7207038912624257,-9.818709187918078,-352.2460603189322,-8.016611703449458,0.01
0.04040404040404041,0.5102040816326531,0.5427270405437101,5.965665588430022,-14.755397701346263,-131.54941399703,-8.008153326497121,0.01
0.04040404040404041,0.5306122448979591,0.2142017617580034,7.2132819082062225,-12.079312996830389,393.8057150395857,-2.587410124747417,0.01
0.04040404040404041,0.5510204081632653,0.04969385699961263,3.329863873851642,-5.057911595234594,294.2916223168024,-0.2513471355302705,0.01
0.04040404040404041,0.5714285714285714,0.007756390523938358,1.1818297406613207,-1.1835937322326193,85.39152825739119,-0.009180415208881923,0.01
0.04040404040404041,0.5918367346938775,0.001383908745220008,-0.1962575075341232,-0.17305356562991944,13.641408069673417,-0.00023949034286675013,0.01
0.04040404040404041,0.6122448979591836,0.000692979681900831,-0.38461580013462615,-0.034724033115874284,-0.08511388329699131,-2.4063049422952482e-05,0.01
0.04040404040404041,0.6326530612244897,-3.339872889730959e-05,-0.15351658017229453,-0.050669337857304764,-1.477525981363195,1.6922914785023074e-06,0.01
0.04040404040404041,0.6530612244897959,-0.0013751565571728324,0.33724699890748,0.002924303804035447,6.729702864174536,-4.021375551284802e-06,0.01
0.04040404040404041,0.673469387755102,8.596061004291271e-05,-0.03736574824234984,0.03693512667181658,-3.3966422231319844,3.1749660207216095e-06,0.01
0.04040404040404041,0.6938775510204082,0.00013239963351355848,-0.09963908778484203,-0.009306216551306283,-1.1350094127340569,-1.232139660790764e-06,0.01
0.04040404040404041,0.7142857142857142,-0.0002938849634797927,0.38144638267872155,-0.015394677212157924,0.5383402679705962,4.524264150278228e-06,0.01
0.04040404040404041,0.7346938775510203,-0.0004959545384112547,-0.2691178061484925,0.05111504505995406,5.979612514696379,-2.535073857858e-05,0.01
0.04040404040404041,0.7551020408163265,0.0017924434063142504,-0.3827577737628207,0.01118148635120867,-9.893101268153426,2.0042181483016768e-05,0.01
0.04040404040404041,0.7755102040816326,-3.9567340402737535e-05,0.08819529150722757,-0.07295387339744691,1.6478360127851794,2.886590742415e-06,0.01
0.04040404040404041,0.7959183673469387,-0.0011852657119488887,0.043224047762311535,-0.038361158356392686,1.7422500612381355,4.546816567047384e-05,0.01
0.04040404040404041,0.8163265306122448,-0.0016053289059697858,0.20964060985976316,0.05518879684883212,7.425645548873898,-8.859617086712444e-05,0.01
0.04040404040404041,0.836734693877551,0.001067338241064667,0.08732571517101705,0.03439798888334135,-9.463144729491994,3.671428895090753e-05,0.01
0.04040404040404041,0.8571428571428571,-0.00020132935971095531,0.05800964313427104,-0.016094245084115347,4.514905800681236,3.2402440578161327e-06,0.01
0.04040404040404041,0.8775510204081632,0.00041043027844771425,0.010802707315759606,0.02393459181505063,-0.5920797845629702,9.823481183183612e-06,0.01
0.04040404040404041,0.8979591836734693,0.0007755927551890702,0.13121279484866286,-0.02789515727445016,-4.487235626208108,-2.1635281886923236e-05,0.01
0.04040404040404041,0.9183673469387754,-0.0007281475694890269,0.46613997410518027,-0.0124651143606269,5.999379831762788,9.076442725093242e-06,0.01
0.04040404040404041,0.9387755102040816,0.0002668125772042988,0.17096942864420295,0.045591205422380585,-0.3098604930280531,1.2164307016595966e-05,0.01
0.04040404040404041,0.9591836734693877,0.0011327179579550784,-0.5726794168540944,-0.02375830081540718,-6.486391118275149,-2.6911453984110494e-05,0.01
0.04040404040404041,0.9795918367346939,-0.0007029139866898717,0.2766201922204418,-0.03026530543130357,5.848704665917301,2.127390649910422e-05,0.01
0.04040404040404041,1.0,-0.00010260063107772018,0.08770289379711052,0.02941535442499543,0.0,-3.01803392737934e-06,0.01
0.045454545454545456,0.0,0.0009151308687627283,-0.5502240307588184,11.276463358223715,0.0,0.010319439709582342,0.01
0.045454545454545456,0.02040816326530612,0.23104703613863442,-2.793535987819271,11.006435599785767,-26.462720326918852,2.5430043237812545,0.01
0.045454545454545456,0.04081632653061224,0.45015740024777356,-5.594337898329875,10.048053096013009,-67.45876504281138,4.523205459252808,0.01
0.045454545454545456,0.061224489795918366,0.6411716523024307,-7.290325808288203,8.451053223920988,-89.04722242220667,5.4185757592772035,0.01
0.045454545454545456,0.08163265306122448,0.7950983481629159,-7.2095690214342465,6.355743132966305,-116.29316649135235,5.053440866369305,0.01
0.045454545454545456,0.1020408163265306,0.9005897393622798,-6.342069994407685,4.137210210818253,-101.12305987915676,3.7259290654477732,0.01
0.045454545454545456,0.12244897959183673,0.9639640710534568,-3.823069645818783,2.2366630427599543,-85.13056259055651,2.1560628122736976,0.01
0.045454545454545456,0.14285714285714285,0.9918821084545228,-2.035857317607094,0.835325878638655,-52.20047949333085,0.828544793750736,0.01
0.045454545454545456,0.16326530612244897,0.9980590048754427,-0.2884211758086275,0.18069488181030022,-11.953358195847931,0.180344153925674,0.01
0.045454545454545456,0.18367346938775508,0.9992574097529024,0.23048353273074504,0.05299540680617632,-0.5611903545562115,0.05295605293394109,0.01
0.045454545454545456,0.2040816326530612,1.0002220827042663,0.011527683400599285,0.02215233524289534,-2.461430658645325,0.022157254893411898,0.01
0.045454545454545456,0.22448979591836732,1.000161586701592,-0.2098188563029366,0.00897479158157799,1.1700313798362245,0.008976241788547133,0.01
0.045454545454545456,0.24489795918367346,1.0005884007280041,-0.0044002589585154794,0.04022081945984779,1.8920793522342165,0.04024448541929889,0.01
0.045454545454545456,0.26530612244897955,1.001803252801994,-0.2625213888259674,0.008292842958416036,-5.021021049374529,0.008307797050717295,0.01
0.045454545454545456,0.2857142857142857,1.000926884114062,-0.06883193055477133,-0.04434993681775901,-0.13797136869062612,-0.04439104406965504,0.01
0.045454545454545456,0.3061224489795918,0.9999930512992283,-0.07015173305350064,-0.030885666695530337,1.4574698406693027,-0.030885452080274337,0.01
0.045454545454545456,0.32653061224489793,0.9996662446571015,0.46899435545671614,0.00866379473864698,2.4183773798803414,0.00866090315086318,0.01
0.045454545454545456,0.3469387755102041,1.0003466755742751,0.30687878845409644,0.01208934412913504,-2.0826735396125113,0.012093535209453617,0.01
0.045454545454545456,0.36734693877551017,1.0001596872746172,-0.1113962194771516,-0.08455689353218149,-7.388657751196243,-0.08457039619205974,0.01
0.045454545454545456,0.3877551020408163,0.9968953737974514,0.33705775830658097,-0.04303654312006111,11.457652091584308,-0.04290293074062346,0.01
0.045454545454545456,0.4081632653061224,0.99840309367788,0.007522438258380503,-0.017353663806917996,-8.940729918896283,-0.017325951631472783,0.01
0.045454545454545456,0.42857142857142855,0.9961870609890058,0.09322906066435598,-0.28722146606738863,-17.506314702629847,-0.2861263081346253,0.01
0.045454545454545456,0.44897959183673464,0.9866797685322723,-0.3033968708057335,-1.2747628491874587,-79.27274084313703,-1.2577827129698218,0.01
0.045454545454545456,0.4693877551020408,0.9441559242874769,0.06516643272731604,-3.9573980841388354,-183.62551218209794,-3.7364008459035922,0.01
0.045454545454545456,0.4897959183673469,0.8251533161184423,1.5815972812849883,-9.09683185921453,-320.03899777531996,-7.506280974802765,0.01
0.045454545454545456,0.5102040816326531,0.5728566647277001,5.21563295556283,-14.075760522482007,-167.89601122489253,-8.063393226414872,0.01
0.045454545454545456,0.5306122448979591,0.25063247846611564,6.954326752144731,-12.405460178684784,331.58544491701997,-3.1092112310964692,0.01
0.045454545454545456,0.5510204081632653,0.06651135131199466,3.715851670816853,-5.80422764626919,315.33534325970834,-0.386047024075802,0.01
0.045454545454545456,0.5714285714285714,0.013725227597985433,0.7299742349134306,-1.6199067314444944,94.72810639311191,-0.022233588576584352,0.01
0.045454545454545456,0.5918367346938775,0.0003927092122193857,0.749717220135251,-0.3668814229506301,28.068373839286824,-0.0001440777145848692,0.01
0.045454545454545456,0.6122448979591836,-0.0012495243591831397,0.12136406721366048,-0.029435383013021742,5.001338074598798,3.678022809665627e-05,0.01
0.045454545454545456,0.6326530612244897,-0.0008087349923937467,0.13994059431593897,0.038652069094875056,1.67123223197509,-3.125928080544635e-05,0.01
0.045454545454545456,0.6530612244897959,0.00032811111407706655,0.260559009331413,0.017296502704457897,-3.7640777382359722,5.675174771996675e-06,0.01
0.045454545454545456,0.673469387755102,-0.00010275529017097537,0.26931004974246564,-0.01712401031788994,0.39086746204588363,1.7595826491055567e-06,0.01
0.045454545454545456,0.6938775510204082,-0.0003708280825715023,0.09281910891361568,0.04251649661822023,5.453902217692914,-1.576631091859237e-05,0.01
0.045454545454545456,0.7142857142857142,0.0016326119187359729,-0.34101914165568736,-0.03636552872685205,-13.184340701510001,-5.937079563059407e-05,0.01
0.045454545454545456,0.7346938775510203,-0.0018551353775450553,0.7958163246562694,-0.04344557025730749,12.490496631525366,8.059741438195036e-05,0.01
0.045454545454545456,0.7551020408163265,-0.0001406766631949452,-0.028848279534455668,0.055394470657093235,-2.804172621914093,-7.79270929149018e-06,0.01
0.045454545454545456,0.7755102040816326,0.0004058634247852806,-0.17661482583879365,-0.020244001542064384,-4.6083976536033555,-8.216299797220752e-06,0.01
0.045454545454545456,0.7959183673469387,-0.0009669624404220628,0.17988593425960733,-0.02333383361075066,4.305594110872099,2.256294069265381e-05,0.01
0.045454545454545456,0.8163265306122448,-0.0005465379470820931,0.2975424461457658,0.06064582135142447,3.9244120754210643,-3.31452427005149e-05,0.01
0.045454545454545456,0.836734693877551,0.0015083772065748542,-0.394808686888678,0.015635571283469853,-8.335416582080617,2.3584339335762265e-05,0.01
0.045454545454545456,0.8571428571428571,9.164863591667622e-05,-0.20150479936025711,-0.025563001106609324,4.297956487852858,-2.3428141813572293e-06,0.01
0.045454545454545456,0.8775510204081632,0.000464989406305086,0.0027892190814762284,0.032992557557488,1.4404882612286805,1.5341189751142724e-05,0.01
0.045454545454545456,0.8979591836734693,0.0014382836382631251,-0.38874678928841866,0.02844708028282665,-1.8859450341454929,4.091497012714713e-05,0.01
0.045454545454545456,0.9183673469387754,0.0016260947239714798,-0.708050106274521,-0.007545732906128252,-1.6413506583720885,-1.2270076467153132e-05,0.01
0.045454545454545456,0.9387755102040816,0.0011302945400538088,-0.3633299382821575,-0.08294957780237817,-5.748226141460405,-9.375745488979666e-05,0.01
0.045454545454545456,0.9591836734693877,-0.0017596023291868127,0.22205804156900577,-0.0106853527971352,12.830120191974217,1.880197167002192e-05,0.01
0.045454545454545456,0.9795918367346939,0.0006941576911911475,-0.053779817246246975,0.05144866735129503,-6.740986217428054,3.571348814343633e-05,0.01
0.045454545454545456,1.0,0.0003403432769884946,-0.04806188096437887,-0.017336906295929995,0.0,-5.900499501599278e-06,0.01
0.05050505050505051,0.0,-0.0018637783774939304,0.43111831263908623,10.721300298143097,0.0,-0.019982127674298335,0.01
0.05050505050505051,0.02040816326530612,0.21693826852338557,-2.4165176981401792,10.382290196980255,-33.22298991395831,2.2523160586402162,0.01
0.05050505050505051,0.04081632653061224,0.4219031684380267,-4.792612985058151,9.491632133379227,-54.06150031894263,4.004549670720883,0.01
0.05050505050505051,0.061224489795918366,0.6043518249878438,-5.8407566868011145,8.251188766769184,-67.50194960884154,4.986620989516153,0.01
0.05050505050505051,0.08163265306122448,0.7586863834081975,-6.952455842259958,6.473077817007076,-106.75292346784515,4.911035998504929,0.01
0.05050505050505051,0.1020408163265306,0.8685590828248673,-5.05091630609532,4.556246749720166,-81.09652112627202,3.95736949806073,0.01
0.05050505050505051,0.12244897959183673,0.9446556384988165,-4.149520877966851,2.769502490141846,-94.00441631240341,2.616226143149008,0.01
0.05050505050505051,0.14285714285714285,0.9816000007898406,-2.1571167102573665,1.272693997402538,-52.682815976048765,1.2492764288555567,0.01
0.05050505050505051,0.16326530612244897,0.9966023322703487,-0.9951145631250401,0.46112594662483086,-26.850853000166545,0.45955919387667876,0.01
0.05050505050505051,0.18367346938775508,1.0004214679990173,-0.43204443685845323,0.09011029090024732,-9.508681260842645,0.09014826950424391,0.01
0.05050505050505051,0.2040816326530612,1.0002803033275016,-0.13102498274211394,-0.03232952602642386,-2.490420797971398,-0.032338588100145615,0.01
0.05050505050505051,0.22448979591836732,0.9991018955081429,-0.046771190086436036,0.007003909825020861,6.345097511412715,0.006997619582146447,0.01
0.05050505050505051,0.24489795918367346,1.0005661771979106,-0.12707845288744113,0.03369954649613943,-3.728925117643094,0.033718626410945474,0.01
0.05050505050505051,0.26530612244897955,1.0004773872018629,-0.33736694598095024,0.00032023712958639816,0.4577527997208962,0.000320390006693624,0.01
0.05050505050505051,0.2857142857142857,1.000579248101159,-0.24460087818801798,-0.020546620825711348,-2.502704879340076,-0.020558522416809877,0.01
0.05050505050505051,0.3061224489795918,0.9996387496171399,0.1992984864425633,0.03566354546245676,8.01130117558055,0.0356506619930043,0.01
0.05050505050505051,0.32653061224489793,1.002034903017994,-0.2676742606100557,0.055316561288829454,-6.085305624596027,0.05542912512634114,0.01
0.05050505050505051,0.3469387755102041,1.0018965684452554,-0.5934257806710326,-0.05972666135510619,-5.188930194509666,-0.05983993705637274,0.01
0.05050505050505051,0.36734693877551017,0.9995970801055407,-0.02025358951811551,-0.08082262706053567,3.1215255553775765,-0.08079006201617052,0.01
0.05050505050505051,0.3877551020408163,0.9985976857080907,0.2712548189414903,-0.028321860723492746,2.0235495456526316,-0.02828214457342673,0.01
0.05050505050505051,0.4081632653061224,0.9984410857902961,0.303243835299736,-0.0475243864949711,-3.905397071257777,-0.04745030005355663,0.01
0.05050505050505051,0.42857142857142855,0.996657914830745,-0.1279152001296735,-0.3256938048152209,-23.355205924126977,-0.3246053083804297,0.01
0.05050505050505051,0.44897959183673464,0.9851474611039606,-0.46112457730139517,-1.278235245068557,-69.99385522070024,-1.2592502063728879,0.01
0.05050505050505051,0.4693877551020408,0.9444850476850896,0.03201829600905559,-3.724153858248822,-169.70616887096602,-3.517407634394749,0.01
0.05050505050505051,0.4897959183673469,0.8331411811754372,1.9706855102630223,-8.4595266581566,-294.3603655199966,-7.047980032161688,0.01
0.05050505050505051,0.5102040816326531,0.5991982453113508,5.240635161404083,-13.41095308795643,-190.87942460038713,-8.035819558256335,0.01
0.05050505050505051,0.5306122448979591,0.285755340850685,7.661752329144007,-12.591039176039716,271.2309879682252,-3.597956691413557,0.01
0.05050505050505051,0.5510204081632653,0.08527827894238281,4.1325725940367946,-6.574412679967003,318.39840864690086,-0.5606545984045647,0.01
0.05050505050505051,0.5714285714285714,0.017411966158154275,1.0567274612963673,-1.9869284185237834,131.1750489745347,-0.03459633038201111,0.01
0.05050505050505051,0.5918367346938775,0.004179159818963078,-0.024111981615489258,-0.44218924673166227,20.209389861093236,-0.0018479795323185135,0.01
0.05050505050505051,0.6122448979591836,-0.000636574524770713,-0.011102432345866508,-0.10488754125834067,12.846177275292282,6.676873673089676e-05,0.01
0.05050505050505051,0.6326530612244897,-0.00010196431403041852,0.27482404063451726,0.05587568567005151,2.9086189636901536,-5.697325960326088e-06,0.01
0.05050505050505051,0.6530612244897959,0.0016440657066599605,-0.6570184345428716,0.03330433936077055,-5.1206109019996875,5.4754522226008366e-05,0.01
0.05050505050505051,0.673469387755102,0.0012573964762051138,-0.5846073266542161,-0.03787970506655678,-1.8554254518783906,-4.762980767037749e-05,0.01
0.05050505050505051,0.6938775510204082,9.795529578009209e-05,0.2766566112878415,-0.033004034640642145,2.3332411536180246,-3.2329199751605065e-06,0.01
0.05050505050505051,0.7142857142857142,-8.970697851497357e-05,-0.14379462621885178,0.05062150049382985,5.862061289560232,-4.541101857195719e-06,0.01
0.05050505050505051,0.7346938775510203,0.0021641389894058003,-0.4805335267894375,-0.004818367621094477,-11.295168364822816,-1.0427617234101031e-05,0.01
0.05050505050505051,0.7551020408163265,-0.00028637504468209505,0.3434342566348048,-0.06493160604557872,5.40407099922336,1.85947915825828e-05,0.01
0.05050505050505051,0.7755102040816326,-0.00048613064510761667,0.11137545892372702,0.0055842218819484694,1.506480137674305,-2.7146613858956785e-06,0.01
0.05050505050505051,0.7959183673469387,-5.844762092909634e-05,0.1490568821916853,0.035337141963096355,1.4093060302781886,-2.065371878176719e-06,0.01
0.05050505050505051,0.8163265306122448,0.0009562016799167243,0.058948320487761066,-0.010465381770459328,-5.897953356166647,-1.0007015629883072e-05,0.01
0.05050505050505051,0.836734693877551,-0.0004856060605396811,0.10046910555029559,-0.046115224246315825,2.404268793532709,2.239383237715741e-05,0.01
0.05050505050505051,0.8571428571428571,-0.0009260523709533092,0.20722270747224197,0.023634719581616837,4.431225701604693,-2.1886988105372877e-05,0.01
0.05050505050505051,0.8775510204081632,0.00047907637136304675,-0.28832956915121555,0.009823725470417499,-5.784703124502228,4.706314751634355e-06,0.01
0.05050505050505051,0.8979591836734693,-0.0005250839844056562,0.2045720223491474,-0.05951031098597101,-1.010032448223847,3.124791120573336e-05,0.01
0.05050505050505051,0.9183673469387754,-0.001949915913778627,0.29067833685698863,-0.004400718513939365,6.410772510482949,8.581031062390598e-06,0.01
0.05050505050505051,0.9387755102040816,-0.000704705148239916,0.3618032561044869,0.032139561703512794,-2.8298250491726367,-2.264891459463991e-05,0.01
0.05050505050505051,0.9591836734693877,-0.0006380970687372884,0.2693691722853279,0.02761756621993454,2.386669491781968,-1.7622688050598184e-05,0.01
0.05050505050505051,0.9795918367346939,0.00042254245257373856,-0.1227822785472105,0.018024737542871167,-3.3267667021341776,7.616216808362725e-06,0.01
0.05050505050505051,1.0,9.760650444112655e-05,-0.15181028134006766,-0.01592186145849799,0.0,-1.5540772411598855e-06,0.01
0.05555555555555556,0.0,0.00031358683785499006,0.2868354855948337,10.016582295475501,0.0,0.0031410683681524403,0.01
0.05555555555555556,0.02040816326530612,0.20473363368429376,-2.225589408550985,9.735919405093478,-27.50496325743827,1.9932701570622153,0.01
0.05555555555555556,0.04081632653061224,0.39769805235187444,-4.339160515084889,9.067925793873203,-37.95841064214872,3.6062964270946973,0.01
0.05555555555555556,0.061224489795918366,0.5748530538423836,-5.5118946389095544,7.983935483933608,-68.27263973193158,4.589589694619804,0.01
0.05555555555555556,0.08163265306122448,0.7235729700634502,-5.960256245103542,6.570810591387338,-70.2135997376028,4.754460935334512,0.01
0.05555555555555556,0.1020408163265306,0.8430494045112545,-5.846702769607201,4.903074560958455,-93.22453124442781,4.133534088890306,0.01
0.05555555555555556,0.12244897959183673,0.9236984623474688,-4.423435360314715,3.1275736522531075,-80.77455780869624,2.8889349734646523,0.01
0.05555555555555556,0.14285714285714285,0.9707054719501569,-2.6429234100219787,1.663011950501651,-62.75248896294653,1.614294800270456,0.01
0.05555555555555556,0.16326530612244897,0.9915765011434545,-1.56842404161456,0.6745818592423731,-34.113659980462714,0.6688995197223987,0.01
0.05555555555555556,0.18367346938775508,0.9982394253886211,-0.4046995960420982,0.19703046625065992,-12.686376532725193,0.19668357941411085,0.01
0.05555555555555556,0.2040816326530612,0.9996185609904202,-0.4316102787429125,0.015343173700416659,-5.118978137198915,0.015337321215436562,0.01
0.05555555555555556,0.22448979591836732,0.9988656773763932,0.08272328973164143,0.007492243064614213,4.3495869348900085,0.00748374444380446,0.01
0.05555555555555556,0.24489795918367346,0.9999243668297922,-0.046337864641727615,-0.002258009157474705,-5.305111652654722,-0.0022578383770837673,0.01
0.05555555555555556,0.26530612244897955,0.9987735137373126,0.13418845830760606,-0.014221679132353672,4.132671995116583,-0.014204236438265492,0.01
0.05555555555555556,0.2857142857142857,0.9993438901305125,0.06788775251970525,0.04585895035800625,1.7552296949386896,0.04582886184807203,0.01
0.05555555555555556,0.3061224489795918,1.0006453076294761,-0.1581318819593691,0.03280850571831573,-3.0341732696283605,0.032829677297367466,0.01
0.05555555555555556,0.32653061224489793,1.0006830128128927,-0.11330380398874283,-0.04277305762169126,-4.372819937692325,-0.04280227216809347,0.01
0.05555555555555556,0.3469387755102041,0.9988994685428765,0.09454183592391073,-0.029111477305850956,5.711654808644676,-0.029079439209312528,0.01
0.05555555555555556,0.36734693877551017,0.9994947892493886,0.13998974362279437,0.026170679457175498,-0.29400344586808286,0.02615745774856293,0.01
0.05555555555555556,0.3877551020408163,0.9999676595411285,0.09827137295326936,0.011706861034271711,-1.1234507595764884,0.011706482429013919,0.01
0.05555555555555556,0.4081632653061224,0.999972620312012,-0.1107642333812857,-0.0969166363295343,-9.521651982076236,-0.09691398278227074,0.01
0.05555555555555556,0.42857142857142855,0.9960118784664537,-0.08632692177307265,-0.42027474475829024,-22.16744264394185,-0.418598637998714,0.01
0.05555555555555556,0.44897959183673464,0.9828185490973879,-0.20161319181743217,-1.2584454942837144,-59.973290809549994,-1.2368235748100653,0.01
0.05555555555555556,0.4693877551020408,0.9446467562507919,0.42971323860032323,-3.423248064585548,-152.17736108002973,-3.2337601800525393,0.01
0.05555555555555556,0.4897959183673469,0.8430941382979777,1.1356830562274671,-7.8150260864284276,-278.2168850605728,-6.588802684113593,0.01
0.05555555555555556,0.5102040816326531,0.6256660996618765,4.577285632852487,-12.706755426024188,-201.17259021981204,-7.950186106757939,0.01
0.05555555555555556,0.5306122448979591,0.32445105968474564,6.904790397272118,-12.728147928062437,199.0761250200636,-4.129661083084057,0.01
0.05555555555555556,0.5510204081632653,0.1061498577001444,4.339078653007293,-7.391701110584514,323.8956630927729,-0.7846280210505455,0.01
0.05555555555555556,0.5714285714285714,0.02274897353843896,2.10791820047324,-2.501265651369647,155.36701191028416,-0.05690122611561439,0.01
0.05555555555555556,0.5918367346938775,0.0040573821340363645,0.35865540404396173,-0.5743197133692114,33.47369001375855,-0.002330234544249124,0.01
0.05555555555555556,0.6122448979591836,-0.0006926474154064024,0.4750577181560339,-0.06789798294962773,16.15563956736065,4.702936240136763e-05,0.01
0.05555555555555556,0.6326530612244897,0.0012860358911944163,-0.28318576652246386,-0.024048264096749643,-11.858367119778597,-3.092693074934211e-05,0.01
0.05555555555555556,0.6530612244897959,-0.0016742092152737347,0.06563354262072729,-0.07303944093505761,7.057231789624417,0.0001222833050919151,0.01
0.05555555555555556,0.673469387755102,-0.0016951657796242612,0.45641658186209705,0.07765079302865774,7.710411138819687,-0.00013163096710286674,0.01
0.05555555555555556,0.6938775510204082,0.0014952109083449484,-0.19563170438775399,0.021540971221309525,-13.209173675939814,3.220829514644661e-05,0.01
0.05555555555555556,0.7142857142857142,-0.0008159424644687705,0.1269485359238034,-0.04307121861169206,6.877179072305658,3.514363626169719e-05,0.01
0.05555555555555556,0.7346938775510203,-0.000262798014581258,0.1483628113673915,0.05547005475221153,2.7798657173568952,-1.4577420257594864e-05,0.01
0.05555555555555556,0.7551020408163265,0.0014481414029684345,-0.1529674097296996,0.008309657338120943,-7.401584663937773,1.2033558835813408e-05,0.01
0.05555555555555556,0.7755102040816326,7.637167268898456e-05,0.38063156934290204,-0.01846752394560925,4.777420898132212,-1.4103956941500543e-06,0.01
0.05555555555555556,0.7959183673469387,0.0006943649153925468,-0.17228289988420523,0.028849945540464203,-0.14030888849701398,2.003238999428401e-05,0.01
0.05555555555555556,0.8163265306122448,0.001253920470258952,-0.04966884139586563,-0.016477505647803006,-4.301781327953173,-2.066148163058768e-05,0.01
0.05555555555555556,0.836734693877551,2.181366446181179e-05,0.25524821017237,-0.027768141008337122,3.1952990626208297,-6.057249106841421e-07,0.01
0.05555555555555556,0.8571428571428571,0.00012052695971457955,0.019013978615026496,-0.024474207338519655,-2.872493562978717,-2.949801801936026e-06,0.01
0.05555555555555556,0.8775510204081632,-0.0009771335738451127,-0.01558951278462228,0.009495736654681048,6.201548074312387,-9.278603093680529e-06,0.01
0.05555555555555556,0.8979591836734693,0.0005081080476607448,-0.0010927469076441065,0.012134606676660324,-5.942938812158418,6.165691307608916e-06,0.01
0.05555555555555556,0.9183673469387754,-0.00048184350540999746,0.35538136754578165,0.015054661420433454,6.229104177048184,-7.253990831582307e-06,0.01
0.05555555555555556,0.9387755102040816,0.0011225840240049673,-0.23753732317448098,0.029502821642878013,-4.813184475248616,3.311939623936284e-05,0.01
0.05555555555555556,0.9591836734693877,0.0007223532963401254,0.009158806150224094,-0.032343775188987615,-1.2477820142742158,-2.3363632623849166e-05,0.01
0.05555555555555556,0.9795918367346939,-0.00019757006534146596,0.033858326011628456,-0.034090901920877284,1.0765635945490284,6.735341720057233e-06,0.01
0.05555555555555556,1.0,-0.0006691120881854779,0.17829717687620264,-0.02310555911935659,0.0,1.54602089110457e-05,0.01
0.06060606060606061,0.0,0.0017622509065157665,-0.32673956493766915,9.394820579247494,0.0,0.016556031082331873,0.01
0.06060606060606061,0.02040816326530612,0.19349328313605646,-2.0713140774002228,9.163510809049773,-22.66835747937661,1.7730777914957816,0.01
0.06060606060606061,0.04081632653061224,0.3757831002554861,-3.4030866086805864,8.661287015369238,-26.54957430131598,3.2547652868380386,0.01
0.06060606060606061,0.061224489795918366,0.5470152021307192,-5.073037386183327,7.7833453557242285,-59.48870834389492,4.257608233014683,0.01
0.06060606060606061,0.08163265306122448,0.6934706657952505,-5.552903639002037,6.529382312588893,-63.39966988336806,4.527935099542752,0.01
0.06060606060606061,0.1020408163265306,0.8135206026445515,-5.448166015434964,5.0932367411469714,-77.34259611794022,4.143453023069256,0.01
0.06060606060606061,0.12244897959183673,0.9013578797196167,-5.330905054477128,3.524000896242188,-76.44251668272854,3.1763859759668875,0.01
0.06060606060606061,0.14285714285714285,0.9573573739197428,-3.3788099909000837,2.0162835530680843,-71.31378294833365,1.9303039274428295,0.01
0.06060606060606061,0.16326530612244897,0.9836551675999466,-1.2296680048515778,0.9515337958206918,-33.031693261910846,0.9359811354050159,0.01
0.06060606060606061,0.18367346938775508,0.9961954880348731,-0.8678542062585833,0.33769681569689913,-27.124330790220835,0.336412044120995,0.01
0.06060606060606061,0.2040816326530612,0.9974387110977793,0.001112220254077867,0.07565560148555112,1.4442917975087242,0.07546182563307534,0.01
0.06060606060606061,0.22448979591836732,0.9992834717689772,0.21958730232281606,0.05516483975895276,-3.452386446715364,0.05512531259390563,0.01
0.06060606060606061,0.24489795918367346,0.9996903372103896,0.0924792701127317,0.004110155641066371,-1.5509725968375028,0.004108882878804825,0.01
0.06060606060606061,0.26530612244897955,0.9994512332237147,0.11881333455993114,-8.770125126728036e-05,1.139582621388805,-8.765312373434622e-05,0.01
0.06060606060606061,0.2857142857142857,0.9996867575674807,0.540247461208647,0.009687999163355276,-0.18156398075579408,0.009684964470931102,0.01
0.06060606060606061,0.3061224489795918,0.9998466617609945,0.175940339515777,0.010388338372573414,0.25019722325917154,0.010386745443061169,0.01
0.06060606060606061,0.32653061224489793,1.0001107713786062,-0.04277992783964279,-0.011507875358356125,-2.39602616889,-0.011509150101574397,0.01
0.06060606060606061,0.3469387755102041,0.9993769525626942,0.4700030225986029,0.0022304010602230973,3.7423772579110306,0.002229011414558361,0.01
0.06060606060606061,0.36734693877551017,1.0002018081565744,-0.12383555117500754,0.02663216257444462,-1.351004629517321,0.02663753716207936,0.01
0.06060606060606061,0.3877551020408163,1.000463979606549,0.22355534790229067,-0.019320777534414968,-3.1523835011509194,-0.01932974198117361,0.01
0.06060606060606061,0.4081632653061224,0.9994132049919044,0.12423847384155494,-0.11975834451536956,-6.690498062982898,-0.11968807091663015,0.01
0.06060606060606061,0.42857142857142855,0.9955758839120442,0.06923123200064141,-0.43151615628195483,-23.861767490142995,-0.429607078712735,0.01
0.06060606060606061,0.44897959183673464,0.9818003006538655,0.33256453793095136,-1.1945920400960972,-50.9196691236435,-1.1728508241250628,0.01
0.06060606060606061,0.4693877551020408,0.9468170251326117,0.1725572356058018,-3.257774538943629,-151.2722157634146,-3.084516397515372,0.01
0.06060606060606061,0.4897959183673469,0.8488299113092276,1.5383222516430377,-7.301816370978034,-245.0438837759571,-6.198000142573551,0.01
0.06060606060606061,0.5102040816326531,0.6487837038682022,4.091100184328267,-11.992901234834319,-214.68243288195922,-7.780798883261345,0.01
0.06060606060606061,0.5306122448979591,0.35932373845884724,6.353096437695604,-12.757623034154392,139.7396965485921,-4.584116802481058,0.01
0.06060606060606061,0.5510204081632653,0.1280643963516964,4.694007368696112,-7.985253478370234,327.9525199182556,-1.022626666422768,0.01
0.06060606060606061,0.5714285714285714,0.033395025055980576,1.7588956359451875,-2.9937927705595544,161.21062944719108,-0.09997778458524982,0.01
0.06060606060606061,0.5918367346938775,0.005868773063551323,0.8591895738903081,-0.776365581130684,56.09723511683828,-0.0045563134100081275,0.01
0.06060606060606061,0.6122448979591836,0.0017066339894220516,-0.12876246538440336,-0.147317723752039,5.549454906268942,-0.00025141743459951803,0.01
0.06060606060606061,0.6326530612244897,-0.00014419525285843158,0.39658840456947897,-0.07470933632207799,1.566167061867238,1.0772731641847643e-05,0.01
0.06060606060606061,0.6530612244897959,-0.001342726676785213,0.5228900647604988,0.018477011264042116,7.566095001572533,-2.4809575931490218e-05,0.01
0.06060606060606061,0.673469387755102,0.0006099684722045118,-0.2519321203585683,0.04532251751498202,-4.935235388980422,2.7645306765075812e-05,0.01
0.06060606060606061,0.6938775510204082,0.0005071719972956858,-0.34073968268899874,-0.01922653951347934,-1.3905721998087928,-9.75116244613574e-06,0.01
0.06060606060606061,0.7142857142857142,-0.00017478824263137955,-0.35089766992680727,-0.0005062406520907192,3.225161488224878,8.848491392750043e-08,0.01
0.06060606060606061,0.7346938775510203,0.0004865091135368809,0.04692739942859461,0.020833990769833624,-1.133818808876292,1.0135926380867315e-05,0.01
0.06060606060606061,0.7551020408163265,0.0006755787275659112,-0.08078733237387424,0.03704998345125231,2.722986091655323,2.5030180676335102e-05,0.01
0.06060606060606061,0.7755102040816326,0.001998753336036975,-0.4062688958971431,-0.020857571969777874,-8.397926522916281,-4.1689141556224824e-05,0.01
0.06060606060606061,0.7959183673469387,-0.0001757507405882878,0.07874748068314734,-0.02439429720246413,8.051327450113028,4.287315799463868e-06,0.01
0.06060606060606061,0.8163265306122448,0.0010030677359363983,-0.07597862058004301,0.03642407110162171,-2.0911273563126156,3.6535810533490086e-05,0.01
0.06060606060606061,0.836734693877551,0.001310946039069741,-0.42705815537647035,-0.019269509239312595,-3.3668435170989466,-2.5261286812094624e-05,0.01
0.06060606060606061,0.8571428571428571,0.0002165571547399659,0.3450741886930248,-0.05798695588622829,-0.42746625429879226,-1.2557490178753517e-05,0.01
0.06060606060606061,0.8775510204081632,-0.0010558684868987606,0.24417187159295192,0.007007783244047565,6.796950689065828,-7.3992974904069905e-06,0.01
0.06060606060606061,0.8979591836734693,0.0005025891238847644,0.056888685560826206,0.05803756914178608,-1.796031671087453,2.9169051027371705e-05,0.01
0.06060606060606061,0.9183673469387754,0.0013130118862353646,-0.2075714549595194,-0.014202369481271118,-5.2834823139721525,-1.8647879941615368e-05,0.01
0.06060606060606061,0.9387755102040816,-7.709942637119946e-05,-0.03682274339283338,-0.013337848832834925,5.368205337518899,1.028340494037345e-06,0.01
0.06060606060606061,0.9591836734693877,0.0007686098930584289,-0.2039738741480488,0.0012380096850511846,-3.93977120276606,9.515464916324903e-07,0.01
0.06060606060606061,0.9795918367346939,-2.6568418818089883e-05,-0.21068636846889516,-0.013162164129026403,2.528554168986457,3.496978891324127e-07,0.01
0.06060606060606061,1.0,0.00023137870411857586,0.14828250057254097,0.012639409023896623,0.0,2.9244900807738346e-06,0.01
0.06565656565656566,0.0,0.00011205108359824547,-0.13953519471554632,8.963082442324943,0.0,0.0010043231000429185,0.01
0.06565656565656566,0.02040816326530612,0.18303210092696443,-1.732175135230977,8.782851705152291,-17.662612242919856,1.6075437997239959,0.01
0.06565656565656566,0.04081632653061224,0.3585957941510387,-3.7454810451909326,8.289861656454157,-30.650412529497437,2.972709524098424,0.01
0.06565656565656566,0.061224489795918366,0.5213938011903994,-4.781500397728574,7.517332642376372,-45.057430850125414,3.9194906412212855,0.01
0.06565656565656566,0.08163265306122448,0.6654256979215029,-4.852707869222722,6.482964881191593,-56.3106097459829,4.313931430667509,0.01
0.06565656565656566,0.1020408163265306,0.7860046126676072,-5.419130160587583,5.120706262969498,-77.19073483978252,4.02489874280993,0.01
0.06565656565656566,0.12244897959183673,0.874434116818217,-4.303427023227592,3.780057576045747,-54.1928364787451,3.305411308031573,0.01
0.06565656565656566,0.14285714285714285,0.940292676996005,-3.701789465937652,2.523759854663165,-68.9243402167479,2.373072909836276,0.01
0.06565656565656566,0.16326530612244897,0.9774447231309993,-2.682589863814337,1.2622328701828978,-54.70530426231835,1.233762858322769,0.01
0.06565656565656566,0.18367346938775508,0.9918123859830621,-1.3582275482770003,0.4899903283993667,-20.9744648324677,0.4859784767184,0.01
0.06565656565656566,0.2040816326530612,0.9974443283717898,-0.21365605096295345,0.2102127578504213,-6.443737081328951,0.20967552306929513,0.01
0.06565656565656566,0.22448979591836732,1.0003924985483854,0.029935374146016432,0.06647035855459427,-7.643018049662097,0.0664964480738376,0.01
0.06565656565656566,0.24489795918367346,1.000157404231161,0.15550404563796016,-0.008359350471007776,0.30970656515309575,-0.00836066626814167,0.01
0.06565656565656566,0.26530612244897955,1.000051300569977,0.1893960526003666,0.055317958758075776,5.930669739297093,0.055320796600890024,0.01
0.06565656565656566,0.2857142857142857,1.0024152800988375,-0.6638575680431146,0.01675674472607358,-9.709668714433308,0.016797216958131765,0.01
0.06565656565656566,0.3061224489795918,1.0007352493343065,-0.4109694854144003,-0.061753939565220024,2.015621653886534,-0.061799344108176155,0.01
0.06565656565656566,0.32653061224489793,0.9998947111369918,0.20266178149730638,0.0248786687604784,6.474373962031912,0.02487604931373145,0.01
0.06565656565656566,0.3469387755102041,1.001750705202081,-0.4686940534501764,-0.0077992088979407246,-9.676805972556986,-0.007812863013530466,0.01
0.06565656565656566,0.36734693877551017,0.999576376079933,0.24929296024863665,-0.0038626254561596744,10.06259114985153,-0.0038609891556221853,0.01
0.06565656565656566,0.3877551020408163,1.001593047020197,-0.5300851647552749,0.01137525081359403,-8.569279275415667,0.011393372123006621,0.01
0.06565656565656566,0.4081632653061224,1.0000406720315083,-0.20864465801718987,-0.1388540053213817,-6.153187825811958,-0.13885965279586118,0.01
0.06565656565656566,0.42857142857142855,0.9959255365989161,-0.1971134847277247,-0.4057384362304891,-20.001486403280833,-0.404085269821655,0.01
0.06565656565656566,0.44897959183673464,0.9834799195323046,0.09657229875704386,-1.1818067517712163,-56.05320851971097,-1.1622832091346902,0.01
0.06565656565656566,0.4693877551020408,0.94768852632254,0.30959466228342514,-3.108577246085315,-132.77029992307072,-2.945962989302372,0.01
0.06565656565656566,0.4897959183673469,0.856599215610455,1.438554486887567,-6.8169461576260115,-230.64985340791702,-5.839390731481147,0.01
0.06565656565656566,0.5102040816326531,0.6694458260112742,3.690894995506677,-11.397133721913674,-218.20852789227365,-7.629763598627448,0.01
0.06565656565656566,0.5306122448979591,0.39141008410377454,5.973068208169583,-12.683020882553322,92.19158614958812,-4.964262270330124,0.01
0.06565656565656566,0.5510204081632653,0.15177150427440403,5.066834545115408,-8.553727820000967,312.4791339805425,-1.2982121383953653,0.01
0.06565656565656566,0.5714285714285714,0.04227833634863304,1.8914985804022266,-3.4683030532501715,185.89249316103556,-0.14663408304430167,0.01
0.06565656565656566,0.5918367346938775,0.010208114345825607,0.016547323219869584,-1.0099394371032848,55.02714122135939,-0.01030957725630908,0.01
0.06565656565656566,0.6122448979591836,0.0010563185076826406,0.3512067276011287,-0.20455877753163657,23.90016341666215,-0.00021607922261560362,0.01
0.06565656565656566,0.6326530612244897,0.0018587764873914624,-0.3148279263106585,0.005924436347366993,-3.272808456519797,1.1012202983533125e-05,0.01
0.06565656565656566,0.6530612244897959,0.0012981322361465995,-0.06276646358474793,-0.061769215305337494,-3.361169405445243,-8.018460958933852e-05,0.01
0.06565656565656566,0.673469387755102,-0.000662415974050884,0.37565248644237376,-0.06154075931589017,3.3835580924110804,4.07655820260664e-05,0.01
0.06565656565656566,0.6938775510204082,-0.0012137354910325907,0.37493025847171096,-0.031472276707529105,-0.43684679679169636,3.819901922352641e-05,0.01
0.06565656565656566,0.7142857142857142,-0.001946998696807174,0.4715624527080116,0.04746266597357109,8.172471179539516,-9.240974879753712e-05,0.01
0.06565656565656566,0.7346938775510203,0.0007235161813580658,-0.16004949965783252,0.054256734557949084,-7.506652458270473,3.9255625400325524e-05,0.01
0.06565656565656566,0.7551020408163265,0.00026756189739482916,-0.1931270236550043,-0.019027335919861707,0.32481355144501545,-5.090990101086986e-06,0.01
0.06565656565656566,0.7755102040816326,-5.310977455465679e-05,0.08414892857935988,-0.0011171531824191447,1.4303843568243557,5.933175366129815e-08,0.01
0.06565656565656566,0.7959183673469387,0.00022196380831649673,0.08461607776562713,0.01647495403626795,0.2936421506069799,3.6568435397292737e-06,0.01
0.06565656565656566,0.8163265306122448,0.000619337328966484,-0.04227512353269217,-0.026162989925957253,-4.47216065890505,-1.6203716298519394e-05,0.01
0.06565656565656566,0.836734693877551,-0.000845913331518493,-0.08219732002277035,0.03283045958488015,10.253518710967114,-2.777172344272921e-05,0.01
0.06565656565656566,0.8571428571428571,0.0019593560875330205,-0.3557094018699052,0.025069284824634566,-11.014113837471184,4.911965583124691e-05,0.01
0.06565656565656566,0.8775510204081632,0.0001773227837727138,-0.02416668528821913,-0.02865153406271439,5.749473586510985,-5.080569779359248e-06,0.01
0.06565656565656566,0.8979591836734693,0.000789905717626311,-0.12319236347212704,0.002140036310798451,-2.731899689906726,1.6904269178276133e-06,0.01
0.06565656565656566,0.9183673469387754,0.00026467120462163015,0.09992274064979191,-0.025797975589173443,-0.00602547629051968,-6.827981275985944e-06,0.01
0.06565656565656566,0.9387755102040816,-0.00026307287785015595,0.35890911294707684,-0.012892693631415583,1.27074310815079,3.3917180168568752e-06,0.01
0.06565656565656566,0.9591836734693877,-0.0002615611884973732,-0.0350433786842927,-0.020275418670320098,-1.9942501619634325,5.303262604690755e-06,0.01
0.06565656565656566,0.9795918367346939,-0.001090640986842813,0.23735129342870043,0.030425114561147593,6.962902418647268,-3.318287696977565e-05,0.01
0.06565656565656566,1.0,0.0009802802221617122,-0.12440141591557985,0.10147513924122176,0.0,9.947407203927555e-05,0.01
0.07070707070707072,0.0,-0.0005926721220358269,0.5404959659497957,8.56894427522769,0.0,-0.005078574387205946,0.01
0.07070707070707072,0.02040816326530612,0.1742837416581211,-1.940787837043717,8.336661435775287,-22.76371826633553,1.4529445479638812,0.01
0.07070707070707072,0.04081632653061224,0.33967922321573096,-2.789929046725576,7.9125461568016755,-18.799579073078366,2.6877275322010106,0.01
0.07070707070707072,0.061224489795918366,0.4972448092826793,-4.177181175108714,7.380327303039105,-33.35786859565354,3.6698294422434308,0.01
0.07070707070707072,0.08163265306122448,0.6409170723193679,-5.433129215293763,6.404066248918635,-62.31571470815253,4.104475391196208,0.01
0.07070707070707072,0.1020408163265306,0.7586352684222154,-5.226931798732856,5.188672832297178,-56.79284012075034,3.9363102068848264,0.01
0.07070707070707072,0.12244897959183673,0.8526996369029262,-4.548035335299913,3.9925568034140464,-60.42653070979657,3.404451736585465,0.01
0.07070707070707072,0.14285714285714285,0.9215967706023805,-3.650638592699057,2.7243179880249064,-63.86087319833914,2.510722659857729,0.01
0.07070707070707072,0.16326530612244897,0.9638962894753713,-2.1182581594010967,1.5522190670651501,-51.004821055717,1.4961781991970207,0.01
0.07070707070707072,0.18367346938775508,0.984952650890754,-1.4961675961605299,0.7954897143329975,-23.15465551203396,0.7835197028886146,0.01
0.07070707070707072,0.2040816326530612,0.9963652574073304,-0.5857553910030984,0.3819803921906431,-17.369258057916785,0.38059199178958314,0.01
0.07070707070707072,0.22448979591836732,1.0005436873066986,-0.23615849960228627,0.11214925939662652,-9.074192955896844,0.11221023352541612,0.01
0.07070707070707072,0.24489795918367346,1.0009427781990294,-0.09728409669982517,0.011371895095313335,-0.8019887456318489,0.011382616270090847,0.01
0.07070707070707072,0.26530612244897955,1.0010078462901808,-0.1463913779739867,-0.046067695460037035,-4.827091128792222,-0.046114124616003616,0.01
0.07070707070707072,0.2857142857142857,0.9990624640986198,0.20288109979997124,-0.05753091023029911,3.7036960813068043,-0.05747697293651912,0.01
0.07070707070707072,0.3061224489795918,0.9986596458726176,0.249810668952799,0.045466889039529064,6.390088247136358,0.04540594730714569,0.01
0.07070707070707072,0.32653061224489793,1.0009182554879883,-0.20279859799955588,0.017735982311607112,-9.107717106472709,0.017752268474699608,0.01
0.07070707070707072,0.3469387755102041,0.9993835635179893,-0.004409421932081381,-0.002029189304973089,7.1707302880478485,-0.002027938438656598,0.01
0.07070707070707072,0.36734693877551017,1.000835431434724,-0.2685316658236836,-0.011459000339871352,-8.094851769467878,-0.011468573548965794,0.01
0.07070707070707072,0.3877551020408163,0.9989158492184027,0.16352135959162936,-0.04528874740616735,4.7795365569708705,-0.04523964757526939,0.01
0.07070707070707072,0.4081632653061224,0.9989869111324315,-0.5330295865579022,-0.09765296410585152,-9.911229793539654,-0.09755403297503082,0.01
0.07070707070707072,0.42857142857142855,0.9949300139487761,-0.06527674081448054,-0.3679716915791319,-16.580005498841558,-0.36610608023558044,0.01
0.07070707070707072,0.44897959183673464,0.983967658414916,-0.043161361471052866,-1.1191080164087255,-57.03135433445836,-1.1011660944190549,0.01
0.07070707070707072,0.4693877551020408,0.9492521357280118,0.16024435528003123,-2.9425238945237098,-121.66340172080987,-2.7931970913073383,0.01
0.07070707070707072,0.4897959183673469,0.8638646423119074,1.176437065101427,-6.398552934575659,-217.02744420428124,-5.527483642141007,0.01
0.07070707070707072,0.5102040816326531,0.6880867098269645,4.329033868112063,-10.836044902866151,-217.846768688187,-7.4561384847504195,0.01
0.07070707070707072,0.5306122448979591,0.4215770952561462,6.016735266937945,-12.512765736263352,53.52812701526127,-5.275095432714537,0.01
0.07070707070707072,0.5510204081632653,0.17736157773458286,4.860783414481158,-9.05877052646713,284.9634035447685,-1.606677832909748,0.01
0.07070707070707072,0.5714285714285714,0.05183135948197762,2.0713063227407384,-4.093212330706943,201.66129963973003,-0.21215675974893503,0.01
0.07070707070707072,0.5918367346938775,0.010291686685319898,0.8827406939568567,-1.2005311057579662,81.82146040526972,-0.012355489996441635,0.01
0.07070707070707072,0.6122448979591836,0.0028300898592034927,0.44332391439095725,-0.245562280630111,11.765484457260104,-0.0006949633202141594,0.01
0.07070707070707072,0.6326530612244897,0.00026873645551944974,0.2952459214846339,-0.0452995191276531,7.860266169980773,-1.217363220710101e-05,0.01
0.07070707070707072,0.6530612244897959,0.0009811298948094887,-0.3551741359043696,0.023669017585820552,-1.1013495720603534,2.3222380734220056e-05,0.01
0.07070707070707072,0.673469387755102,0.0012348188059611049,-0.4743158077370801,-0.007381316435166711,-1.941583161996399,-9.114588346893637e-06,0.01
0.07070707070707072,0.6938775510204082,0.0006798516729659495,0.06764886203333156,-0.01960462936657897,0.7436984947179972,-1.3328240072746097e-05,0.01
0.07070707070707072,0.7142857142857142,0.0004346298522231878,-0.3999811274803707,-0.018734324300034046,-0.6584085981965948,-8.142496602025074e-06,0.01
0.07070707070707072,0.7346938775510203,-8.481462499462374e-05,0.028101608241177887,-0.027990195598080678,-0.2486667890119752,2.3739779431773808e-06,0.01
0.07070707070707072,0.7551020408163265,-0.0007078271109637785,0.3661462440723027,0.011189136261003015,4.088241311202178,-7.919973993805818e-06,0.01
0.07070707070707072,0.7755102040816326,0.00037188481422998905,-0.23016711784502109,0.03325004876104283,-1.926271886198275,1.236518820663849e-05,0.01
0.07070707070707072,0.7959183673469387,0.0006493177364257247,-0.03929919147298226,0.0008315738506857513,-1.2507386550167192,5.399556503980956e-07,0.01
0.07070707070707072,0.8163265306122448,0.00040582660405389726,0.027766422804754935,-0.04680404167250139,-3.417551666255621,-1.899432528794833e-05,0.01
0.07070707070707072,0.836734693877551,-0.0012610513114314746,0.44758920950303305,-0.005953074855835612,7.420946414288867,7.507132854001235e-06,0.01
0.07070707070707072,0.8571428571428571,0.00016284395687693354,-0.1862098860319718,0.03224984316300076,-3.677060448442903,5.251692069323566e-06,0.01
0.07070707070707072,0.8775510204081632,5.526881767059697e-05,0.07039188562711914,0.00011951361781877237,0.528288153015068,6.605376352379139e-09,0.01
0.07070707070707072,0.8979591836734693,0.00016772206372667935,-0.1348765049992615,0.017494535984946283,1.1744640389634282,2.9342196793358453e-06,0.01
0.07070707070707072,0.9183673469387754,0.0007693315109337105,-0.5579301418486969,0.033855994977849274,0.42895894234106463,2.6046483770472897e-05,0.01
0.07070707070707072,0.9387755102040816,0.0015495994097613434,-0.03858298852484421,-0.0295930467813402,-6.646965034741633,-4.585736782540459e-05,0.01
0.07070707070707072,0.9591836734693877,-0.00043854794952915454,0.18309875738236564,-0.035316664014765665,6.086050545865937,1.548805058788556e-05,0.01
0.07070707070707072,0.9795918367346939,0.00010810291936274486,-0.0016006988189965824,0.019368185711821657,-0.7269352726603787,2.0937574182077235e-06,0.01
0.07070707070707072,1.0,0.0003519902427900967,0.41593455204229374,0.011950478847940243,0.0,4.2064519511444015e-06,0.01
0.07575757575757576,0.0,0.002137105483771222,-0.5113105778788735,7.9548891926686895,0.0,0.017000437316444687,0.01
0.07575757575757576,0.02040816326530612,0.16448178288517304,-1.0972916406065483,7.924563391277577,-2.971928536329063,1.3034463151839089,0.01
0.07575757575757576,0.04081632653061224,0.3255886724746927,-2.8893565650384065,7.635820718505755,-25.324853395309532,2.486136730993043,0.01
0.07575757575757576,0.061224489795918366,0.4761479346609181,-4.27873267666902,7.053264655918294,-31.76564073826156,3.3583973985323468,0.01
0.07575757575757576,0.08163265306122448,0.6134770257774802,-4.3549959375534835,6.274172863672214,-44.58535490185433,3.8490609076194056,0.01
0.07575757575757576,0.1020408163265306,0.7322366229740697,-4.340399944469933,5.298192024518639,-51.060767335196,3.8795302359016772,0.01
0.07575757575757576,0.12244897959183673,0.8297297614721185,-4.491857292217077,4.187603184968734,-57.77693894069478,3.4745789918039915,0.01
0.07575757575757576,0.14285714285714285,0.9031592019523853,-3.5861407363718234,3.0249722345376386,-56.16089420155253,2.7320315092731375,0.01
0.07575757575757576,0.16326530612244897,0.9531980159430425,-3.1483795200995344,1.81880764997017,-62.04323508605944,1.7336838433335937,0.01
0.07575757575757576,0.18367346938775508,0.9773962488899433,-1.6423462276264083,0.9851175821398206,-19.658391561314804,0.9628502294989912,0.01
0.07575757575757576,0.2040816326530612,0.9934068968467087,-0.4283377202835467,0.5378906086839611,-24.16985183735943,0.5343442404157212,0.01
0.07575757575757576,0.22448979591836732,0.9993509676117376,-0.36721341114678857,0.1725914144998093,-11.629469192687454,0.1724793970818629,0.01
0.07575757575757576,0.24489795918367346,1.0004514443773131,-0.3882174581852726,0.022479442973562528,-3.081504016884733,0.022489591191698074,0.01
0.07575757575757576,0.26530612244897955,1.0002684958963728,0.33670088796284275,-0.008926042357789488,0.0037664544122351104,-0.008928438963533404,0.01
0.07575757575757576,0.2857142857142857,1.0000871161178115,-0.35626825012384983,-0.00850590947420693,0.03740656817885558,-0.00850665047601878,0.01
0.07575757575757576,0.3061224489795918,0.9999213159178337,0.17058562300918864,-0.004730851344755871,0.33254912850734825,-0.004730479102059944,0.01
0.07575757575757576,0.32653061224489793,0.9998940201445562,-0.0064522404423099635,-0.013720544085764454,-1.213539017126456,-0.013719089984485634,0.01
0.07575757575757576,0.3469387755102041,0.9993612937102515,0.07146821953348037,-0.010162826485231313,1.5621953419784371,-0.010156335424033573,0.01
0.07575757575757576,0.36734693877551017,0.999479210900261,-0.26466259930715874,0.009320313535537306,0.3471523800568879,0.009315459617841849,0.01
0.07575757575757576,0.3877551020408163,0.9997417146708857,0.1825312526366731,-0.0780170254768156,-8.906211603267208,-0.0779968748237138,0.01
0.07575757575757576,0.4081632653061224,0.9962948425134522,0.28369905386310923,-0.1259638401662035,4.207423763707461,-0.12549712430077736,0.01
0.07575757575757576,0.42857142857142855,0.9946003334396121,-0.21332048190957284,-0.30735668392949644,-21.98392245250991,-0.3056970603211706,0.01
0.07575757575757576,0.44897959183673464,0.9837496717408197,0.031006594198502487,-1.0912026282556166,-54.83298009144935,-1.0734702273491825,0.01
0.07575757575757576,0.4693877551020408,0.9500614506536685,0.5575727989469939,-2.791613988205398,-111.80733318362923,-2.6522048352994934,0.01
0.07575757575757576,0.4897959183673469,0.8698062436508035,1.7818441558261155,-5.882717868593918,-191.12084709444576,-5.116824731739137,0.01
0.07575757575757576,0.5102040816326531,0.7099505172416719,3.071572062177211,-10.237119115265168,-235.61047507933648,-7.267848010947112,0.01
0.07575757575757576,0.5306122448979591,0.4519646471093681,5.9119636575168135,-12.446968443909599,19.045240872181953,-5.625589700333043,0.01
0.07575757575757576,0.5510204081632653,0.20191098891883114,5.11907104082067,-9.546967542289511,265.1548474865866,-1.927637657639658,0.01
0.07575757575757576,0.5714285714285714,0.06229250252612276,2.733440773969026,-4.585444889559698,221.07437248093535,-0.2856388373662942,0.01
0.07575757575757576,0.5918367346938775,0.014749973018435336,0.8990071354628564,-1.4019733734578128,90.9058360970494,-0.020679069431067506,0.01
0.07575757575757576,0.6122448979591836,0.005069099527844691,-0.1583393986667982,-0.3182573408602598,15.298335097510826,-0.00161327813628785,0.01
0.07575757575757576,0.6326530612244897,0.001759877473118611,0.13629235987287788,-0.14410357080561023,1.7687343678448353,-0.0002536046280567462,0.01
0.07575757575757576,0.6530612244897959,-0.0008126788723842972,-0.0726563132589726,-0.0715545297168663,5.341071658852069,5.815085452429159e-05,0.01
0.07575757575757576,0.673469387755102,-0.001160715576549401,-0.03575766106599235,0.04493769088540743,6.075165960170756,-5.2159877784854446e-05,0.01
0.07575757575757576,0.6938775510204082,0.00102151259232621,-0.26115666685123995,-0.010406651254006333,-11.498911489833308,-1.0630525299914813e-05,0.01
0.07575757575757576,0.7142857142857142,-0.0015854768522231288,0.38386087979598477,-0.02362779762280054,10.203239145691475,3.746132619996293e-05,0.01
0.07575757575757576,0.7346938775510203,5.7112689354759526e-05,-0.14709039142209068,0.06680839330616428,-1.3404924346529217,3.815607013185556e-06,0.01
0.07575757575757576,0.7551020408163265,0.0011413963439468413,-0.12839380441919596,-0.0207683576234004,-7.242029156444417,-2.3704927461129725e-05,0.01
0.07575757575757576,0.7755102040816326,-0.0007905753769064812,0.16909495175332145,-0.016918704627136377,7.619295150078292,1.337551128736777e-05,0.01
0.07575757575757576,0.7959183673469387,0.00045083697141066277,-0.19486934561620992,0.03274759276947117,-2.7519980052107513,1.4763825545178102e-05,0.01
0.07575757575757576,0.8163265306122448,0.0005460610626637707,0.03561254209950312,0.013442250367460114,0.860074449813667,7.340289520247732e-06,0.01
0.07575757575757576,0.836734693877551,0.0009995002517151571,-0.1702861791870919,-0.03242994135330938,-5.355549238449079,-3.2413734545740506e-05,0.01
0.07575757575757576,0.8571428571428571,-0.0007776100129815099,0.18059466851221037,-0.014423563074170417,7.120174309804696,1.1215907069345286e-05,0.01
0.07575757575757576,0.8775510204081632,0.00041078339154493603,0.0009819886452364977,0.00647137137186626,-5.0724707340931,2.6583318800820276e-06,0.01
0.07575757575757576,0.8979591836734693,-0.0005134724059665606,0.2483128193068105,-0.06025238155625319,-1.4664570528626062,3.093793532290454e-05,0.01
0.07575757575757576,0.9183673469387754,-0.002048497488302133,0.5608153683806423,0.0457711018143302,11.85675842317978,-9.376198710347662e-05,0.01
0.07575757575757576,0.9387755102040816,0.0013547358313530393,-0.6233675968938911,0.06209992307300847,-10.25653393982931,8.412899091127192e-05,0.01
0.07575757575757576,0.9591836734693877,0.0004861932493716821,-0.14699002701257252,-0.03074057261176937,1.1581653627210797,-1.4945858885662285e-05,0.01
0.07575757575757576,0.9795918367346939,0.00010001858189306515,0.06776068678974033,0.0481786754550956,6.575920947831688,4.818762796504887e-06,0.01
0.07575757575757576,1.0,0.002452669798559257,-0.8030604223539655,0.1152799096166434,0.0,0.0002827435526973821,0.01
0.08080808080808081,0.0,-0.00044527117218268463,0.3216892866085067,7.809873677145174,0.0,-0.003477511606821125,0.01
0.08080808080808081,0.02040816326530612,0.1589399059124127,-1.3954310379524895,7.6303102261997555,-17.597218192651006,1.2127607894347097,0.01
0.08080808080808081,0.04081632653061224,0.3109959625502563,-2.236926383369624,7.242157560003075,-20.44174309462373,2.2522817613137716,0.01
0.08080808080808081,0.061224489795918366,0.4545381736676402,-3.0512140480591707,6.871910289117186,-15.84248945219334,3.123545552423191,0.01
0.08080808080808081,0.08163265306122448,0.5914820967999374,-4.441891652461888,6.26654231790897,-43.48357172621189,3.706547589882337,0.01
0.08080808080808081,0.1020408163265306,0.7103154111333124,-4.803921589013125,5.281257159926427,-53.0743737560773,3.7513583508538897,0.01
0.08080808080808081,0.12244897959183673,0.8070436135316282,-4.517858742284605,4.280933238496025,-44.957370544102126,3.4548998300834874,0.01
0.08080808080808081,0.14285714285714285,0.8850473800515175,-3.989888737965606,3.1912106457340013,-61.8354435465762,2.824372621199389,0.01
0.08080808080808081,0.16326530612244897,0.9372971092758732,-2.905532393959922,2.059327677567456,-49.08908733374524,1.930201879235774,0.01
0.08080808080808081,0.18367346938775508,0.9691015709726382,-1.5265354236574435,1.3216884109049303,-23.199560799182308,1.2808503153442976,0.01
0.08080808080808081,0.2040816326530612,0.9912435750270948,-1.8939466093427544,0.6956721945614899,-38.15002840247486,0.6895805931840759,0.01
0.08080808080808081,0.22448979591836732,0.9974963544241275,-1.3382806518815809,0.17755579036550487,-12.62537920873168,0.17711125359648575,0.01
0.08080808080808081,0.24489795918367346,0.9984907501440542,0.1681768439636324,0.10957994968157249,5.963746821706306,0.10941456615830103,0.01
0.08080808080808081,0.26530612244897955,1.0019690054315387,-0.8402717387904987,-0.004972731259280105,-17.189909553910127,-0.00498252259413921,0.01
0.08080808080808081,0.2857142857142857,0.9982877815212264,0.674976936290773,-0.029060576097260097,14.829300759787822,-0.029010818041862563,0.01
0.08080808080808081,0.3061224489795918,1.0007828594683852,-0.18041834388763564,0.038554462984525584,-8.20302692977309,0.038584645710921524,0.01
0.08080808080808081,0.32653061224489793,0.9998614330716152,0.12248327928648738,-0.02598507128351624,1.8781525715047245,-0.025981470612004624,0.01
0.08080808080808081,0.3469387755102041,0.999722244313956,0.19668807363137694,-0.0421130981629525,-3.458699205689745,-0.04210140101048081,0.01
0.08080808080808081,0.36734693877551017,0.9981425311057804,0.3698565717095594,0.023062961571033384,9.845953059620097,0.023020122837306606,0.01
0.08080808080808081,0.3877551020408163,1.0006635896842022,-0.2698196469436429,-0.010164194655242043,-13.102214369795089,-0.010170939509963485,0.01
0.08080808080808081,0.4081632653061224,0.9977276660178114,-0.055924715499197745,-0.17494549418834002,-3.0463529844482475,-0.17454795959686506,0.01
0.08080808080808081,0.42857142857142855,0.9935229572683516,0.19334685639112845,-0.3386241852516321,-12.994158739754386,-0.33643090193378766,0.01
0.08080808080808081,0.44897959183673464,0.9839062707014182,0.006449688563969324,-0.9958143182506375,-51.41047429414868,-0.97978795218106,0.01
0.08080808080808081,0.4693877551020408,0.9528774748907746,0.5153424099436155,-2.57496994648885,-103.34677727319641,-2.453630860529928,0.01
0.08080808080808081,0.4897959183673469,0.8788054565590162,1.1309566911717137,-5.571642202184118,-190.3271037849402,-4.896389569273897,0.01
0.08080808080808081,0.5102040816326531,0.7254635074546881,2.9466327814358846,-9.72606897490445,-216.80671994165274,-7.055908112280406,0.01
0.08080808080808081,0.5306122448979591,0.4818230494200591,5.278620900493471,-12.193616297562302,-25.012917678817175,-5.8751653879495995,0.01
0.08080808080808081,0.5510204081632653,0.22776488306439008,5.455615227951747,-9.94026961626386,245.8408924460646,-2.264044346776848,0.01
0.08080808080808081,0.5714285714285714,0.07609775896030976,2.89428649510101,-5.107624514212558,227.75832755496305,-0.3886787791423165,0.01
0.08080808080808081,0.5918367346938775,0.01929041309653057,1.1507339930405305,-1.759794657445579,100.32899840820097,-0.033947165907192725,0.01
0.08080808080808081,0.6122448979591836,0.004269405595184094,0.41025801687875707,-0.4126336641024541,31.69277893942529,-0.0017617004742803317,0.01
0.08080808080808081,0.6326530612244897,0.0024482227250018328,-0.45726203688600386,-0.1335013708435308,-4.337814200050798,-0.0003268410899180292,0.01
0.08080808080808081,0.6530612244897959,-0.0011796299494498154,0.5261365291968993,-0.09284354745930226,8.322280891705194,0.00010952102919615826,0.01
0.08080808080808081,0.673469387755102,-0.0013413098243574431,0.4102962586547851,0.021613152183333945,2.894475673273156,-2.8989933358838344e-05,0.01
0.08080808080808081,0.6938775510204082,-0.00029746047257904224,0.12460428346060572,0.04151584496376357,-0.9440117807910515,-1.2349322862439363e-05,0.01
0.08080808080808081,0.7142857142857142,0.00035321445987780453,0.3961521503717148,-0.009513536269193688,-4.05686758003876,-3.360318574851152e-06,0.01
0.08080808080808081,0.7346938775510203,-0.0006857680754032743,0.20958368857985804,0.0034233439967100835,5.32468184609733,-2.3476200240672273e-06,0.01
0.08080808080808081,0.7551020408163265,0.0004929427862741345,-0.33807365449955773,0.01835558635537535,-3.861322094948134,9.04825388171421e-06,0.01
0.08080808080808081,0.7755102040816326,6.343953093857663e-05,0.07546804954407911,-0.025144213512625475,-0.40165829211594806,-1.5951371110603806e-06,0.01
0.08080808080808081,0.7959183673469387,-0.0005333516428126197,0.4229549633393675,0.01623082995877143,4.456412552312846,-8.656739822723027e-06,0.01
0.08080808080808081,0.8163265306122448,0.0007259223863986349,-0.03520257102029928,0.016484106819547945,-4.431591419956747,1.1966182160096257e-05,0.01
0.08080808080808081,0.836734693877551,0.00013946904369954133,-0.04602917058458677,-0.014490233792141054,1.3961060400112244,-2.0209390499726912e-06,0.01
0.08080808080808081,0.8571428571428571,0.000134484272433694,-0.05584709860040418,0.006768710218213657,0.6872704730035374,9.102850690109738e-07,0.01
0.08080808080808081,0.8775510204081632,0.00041574293015724157,-0.22905639503650854,0.014850637505541532,0.10475840115459456,6.174047551256865e-06,0.01
0.08080808080808081,0.8979591836734693,0.000740632742047634,-0.29922625943772346,0.009019930582723788,-0.6761676795907335,6.680455920562033e-06,0.01
0.08080808080808081,0.9183673469387754,0.0007839033621051513,-0.16976426591778704,-0.06208834362464551,-6.292443192731459,-4.867126131489955e-05,0.01
0.08080808080808081,0.9387755102040816,-0.0017935853650807544,0.5118507206962534,-0.025482057670091346,9.879859216277769,4.570424570921962e-05,0.01
0.08080808080808081,0.9591836734693877,-0.0002561806244291893,0.25673872343320353,0.05477782612686181,-2.0143906041763593,-1.4033017702053017e-05,0.01
0.08080808080808081,0.9795918367346939,0.00044224427275033957,0.13471317791026335,-0.03300175225128891,-6.588008076882413,-1.4594835923858145e-05,0.01
0.08080808080808081,1.0,-0.0016031909204001652,0.5851667636618916,-0.10022632446437474,0.0,0.00016068193336636654,0.01
0.08585858585858587,0.0,0.0011794221945269452,-0.46270293030181253,7.384929758440686,0.0,0.008709950062127457,0.01
0.08585858585858587,0.02040816326530612,0.15189227440760214,-1.5787608609416128,7.313713842793371,-6.979159733436805,1.110896629948249,0.01
0.08585858585858587,0.04081632653061224,0.29969835455344,-2.7528731209781516,7.03727531885351,-20.1118156126695,2.109059833599932,0.01
0.08585858585858587,0.061224489795918366,0.4391280017077454,-2.978327552202626,6.599073677537588,-22.831945236290927,2.8978380371392634,0.01
0.08585858585858587,0.08163265306122448,0.5690483005753824,-3.793417413286402,6.049666889861637,-31.009919955952277,3.4425526627229233,0.01
0.08585858585858587,0.1020408163265306,0.6860531808857714,-4.953629210686148,5.271857191741293,-45.21543045984145,3.616774395569644,0.01
0.08585858585858587,0.12244897959183673,0.7842261451362514,-4.32725771838303,4.3816595256205915,-42.02394081998729,3.4362119590769726,0.01
0.08585858585858587,0.14285714285714285,0.864896426829469,-3.9834570537143694,3.3907156736832675,-55.08855666987048,2.932617870563334,0.01
0.08585858585858587,0.16326530612244897,0.9226227032457726,-3.1351519942111414,2.364136547267204,-45.51619771890381,2.181206052081795,0.01
0.08585858585858587,0.18367346938775508,0.9613917961056814,-2.6295416707537114,1.4468593792035191,-44.37696475133727,1.3909987372848225,0.01
0.08585858585858587,0.2040816326530612,0.9816781881112223,-1.0935032857796978,0.7189663456145639,-26.95655254038037,0.7057935794758519,0.01
0.08585858585858587,0.22448979591836732,0.9907373612328064,-0.2436713538387207,0.43271753079988107,-1.0958313114585458,0.4287094246238498,0.01
0.08585858585858587,0.24489795918367346,0.9993401281438705,-0.5956231819959679,0.171202264685267,-24.5326647677739,0.17108929312909557,0.01
0.08585858585858587,0.26530612244897955,0.9977252087709806,0.3630770760750743,0.05773738117513883,13.41310618378107,0.05760604068685508,0.01
0.08585858585858587,0.2857142857142857,1.0016967559469374,-0.5653947395636165,0.05258795003971035,-13.91775043505306,0.05267717895667747,0.01
0.08585858585858587,0.3061224489795918,0.9998716557113769,0.0902586703509569,-0.029809651139742103,5.8427855194667195,-0.029805825241272472,0.01
0.08585858585858587,0.32653061224489793,1.000480035492254,0.15923952782198336,0.020677086439795933,-0.8950852366719912,0.02068701217516344,0.01
0.08585858585858587,0.3469387755102041,1.0007156184232053,0.0002507382643632816,-0.011503776625754194,-2.2586393437519217,-0.011512008940244022,0.01
0.08585858585858587,0.36734693877551017,1.000010493589162,0.2657067175658656,-0.03466147860112817,-0.010815449834995274,-0.03466184232444436,0.01
0.08585858585858587,0.3877551020408163,0.9993008641945879,0.11554979618783444,-0.0628492529209721,-2.751586433509977,-0.06280531275791164,0.01
0.08585858585858587,0.4081632653061224,0.9974452179597346,-0.13457241150439248,-0.11763448746257284,-2.6173665515668953,-0.11733395698668764,0.01
0.08585858585858587,0.42857142857142855,0.9944994565430543,0.3309587051653044,-0.33090614030442206,-18.28325542693407,-0.3290859766995074,0.01
0.08585858585858587,0.44897959183673464,0.9839388448860847,0.15308532254620943,-0.9559714340989408,-42.97314336492878,-0.9406174286114057,0.01
0.08585858585858587,0.4693877551020408,0.9554802143349342,0.2813676238584373,-2.4358264032368813,-102.05264361058941,-2.327383933847467,0.01
0.08585858585858587,0.4897959183673469,0.8845173590396814,0.840071810247076,-5.270800716822701,-175.77483912082042,-4.662114730068476,0.01
0.08585858585858587,0.5102040816326531,0.7403454911993138,3.4562687985722973,-9.212847898498474,-210.5457846834052,-6.8206904027584185,0.01
0.08585858585858587,0.5306122448979591,0.5084827509377029,5.445274416794719,-11.88316139887726,-51.14493835371576,-6.042382597937831,0.01
0.08585858585858587,0.5510204081632653,0.25531849532677264,5.288796314525493,-10.235300893698787,212.6352678612062,-2.6132616233959456,0.01
0.08585858585858587,0.5714285714285714,0.09071536752142598,3.2675320099122596,-5.640299212471774,237.6748968990409,-0.5116618159901865,0.01
0.08585858585858587,0.5918367346938775,0.025102200940169614,1.423160386811932,-2.067161817629646,112.49256779548782,-0.05189031132198562,0.01
0.08585858585858587,0.6122448979591836,0.006341415781440443,0.4439689333841202,-0.6116028698256869,30.152209089300168,-0.003878428090686876,0.01
0.08585858585858587,0.6326530612244897,0.0001388184983048431,0.14156455588383293,-0.11916286805668994,18.10691108406154,-1.6542010397327854e-05,0.01
0.08585858585858587,0.6530612244897959,0.001477625248514323,-0.4924527565993578,0.014505837594987305,-5.007377930197168,2.1434191881201525e-05,0.01
0.08585858585858587,0.673469387755102,0.0007308935021818759,-0.12469919822083154,-0.028071393374944825,0.8348092951438187,-2.0517199014938532e-05,0.01
0.08585858585858587,0.6938775510204082,0.0003318540903533099,0.028183551648847165,0.03976569015095942,5.813224890394798,1.319640693231821e-05,0.01
0.08585858585858587,0.7142857142857142,0.0023539828960985865,-0.27726857743408717,0.0010015921420269275,-9.61210649527018,2.3577307711981335e-06,0.01
0.08585858585858587,0.7346938775510203,0.0003727354022727763,0.024586184022098247,-0.08742782882827062,0.9460232401810211,-3.2587446948140876e-05,0.01
0.08585858585858587,0.7551020408163265,-0.0012144999132185814,0.2883133023908531,0.0017604694039784628,7.79442998657939,-2.138089938355811e-06,0.01
0.08585858585858587,0.7755102040816326,0.00044459129631271356,-0.11248414502495425,0.0690234689977466,-1.2026560263901132,3.068723355770855e-05,0.01
0.08585858585858587,0.7959183673469387,0.0016027845356690344,-0.1935488243143962,0.0025367380202498593,-5.313043609404568,4.065844469900157e-06,0.01
0.08585858585858587,0.8163265306122448,0.0005481316236698507,-0.06891052293527203,-0.04154675823669893,0.992860976223586,-2.2773092050500526e-05,0.01
0.08585858585858587,0.836734693877551,-9.300151480847269e-05,0.011971501877129651,-0.017044733416952014,1.4083374561116118,1.585186027283132e-06,0.01
0.08585858585858587,0.8571428571428571,-0.00014757178110370089,0.3320812927187323,-0.01587859785790798,-1.2940561713252963,2.34323296732089e-06,0.01
0.08585858585858587,0.8775510204081632,-0.0007411075498251248,0.3567240751295798,-0.015264460678874239,1.3542416148706027,1.1312607053122449e-05,0.01
0.08585858585858587,0.8979591836734693,-0.0007706109924863229,0.09796569482587285,0.01635658292317165,1.7446206581298949,-1.2604562600110147e-05,0.01
0.08585858585858587,0.9183673469387754,-7.34919203079147e-05,-0.08734246127047386,0.03827219179597284,0.4031090114046219,-2.812696869478863e-06,0.01
0.08585858585858587,0.9387755102040816,0.0007915192849003235,-0.3449768060618877,0.027292302123339315,-1.4791381993227075,2.1602383459949114e-05,0.01
0.08585858585858587,0.9591836734693877,0.0010404795949304246,-0.12556695070093615,0.008111817044756973,-0.40054933837836226,8.44018011287845e-06,0.01
0.08585858585858587,0.9795918367346939,0.00112261385815571,-0.20025808224453231,0.007637070908321491,0.35402421700768505,8.573481637399523e-06,0.01
0.08585858585858587,1.0,0.001352196774861914,0.04335813433680328,0.011249562918603991,0.0,1.5211622697142497e-05,0.01
0.09090909090909091,0.0,-0.0011574612918458455,0.08172620873059784,7.108733603888411,0.0,-0.008228083980544653,0.01
0.09090909090909091,0.02040816326530612,0.14391873470587682,-1.2683361375589837,7.03033419798746,-7.683141778293214,1.0117968023338106,0.01
0.09090909090909091,0.04081632653061224,0.28579495495254026,-1.8408966209637039,6.864096612106566,-8.608141638034311,1.9617241820468803,0.01
0.09090909090909091,0.061224489795918366,0.4240859433632877,-3.4905736346347735,6.470319459549951,-29.982019312514073,2.743971531865079,0.01
0.09090909090909091,0.08163265306122448,0.5498896267709056,-3.6914381804578973,5.8052482503018075,-35.19495919380402,3.1922457936709137,0.01
0.09090909090909091,0.1020408163265306,0.6610348515388716,-3.4022818850140895,5.205801194393477,-23.550852285212272,3.441216019676773,0.01
0.09090909090909091,0.12244897959183673,0.762371308174721,-3.610487702994364,4.501706080397403,-45.45046888640311,3.431971553530664,0.01
0.09090909090909091,0.14285714285714285,0.8447779568612146,-4.0782992201328,3.538223705209587,-48.97080388200281,2.989013392604871,0.01
0.09090909090909091,0.16326530612244897,0.9067886022649082,-3.39244850124767,2.531666481017386,-49.671804088832914,2.295686309722674,0.01
0.09090909090909091,0.18367346938775508,0.9481112826170263,-1.8624888509188209,1.6994876284791272,-31.88172345991647,1.6113033952291134,0.01
0.09090909090909091,0.2040816326530612,0.9761554442436481,-1.324515288542094,1.0141876727075805,-35.277672205695126,0.9900048181982998,0.01
0.09090909090909091,0.22448979591836732,0.9895066978295806,-0.7362334111844399,0.4943239072781709,-15.668976806387015,0.4891368171490386,0.01
0.09090909090909091,0.24489795918367346,0.996331930255002,-0.23456478514189258,0.246279721922075,-8.639353358510384,0.24537635072528613,0.01
0.09090909090909091,0.26530612244897955,0.9995589313774204,-0.21965283257453502,0.061477769253889376,-9.47123800297181,0.061450653338885296,0.01
0.09090909090909091,0.2857142857142857,0.9988412269592424,-0.21826263995516546,0.01883011700819076,5.291768082893346,0.01880829717624736,0.01
0.09090909090909091,0.3061224489795918,1.0003275075818363,-0.3348106990131185,0.05985469002665789,-1.2713599270835665,0.05987429289145008,0.01
0.09090909090909091,0.32653061224489793,1.001284275531759,-0.14148633129794952,0.009539741307868943,-3.659505047357751,0.00955199296420995,0.01
0.09090909090909091,0.3469387755102041,1.0007168847780759,-0.1803272109500693,0.0016701938223524506,2.8882893937771343,0.0016713911588801314,0.01
0.09090909090909091,0.36734693877551017,1.0013524467081816,-0.1707305179819447,-0.020394675979284516,-5.0506466343378245,-0.020422258691677127,0.01
0.09090909090909091,0.3877551020408163,0.9998844490238193,-0.3465094439199478,-0.1123787411140091,-3.9637917488657184,-0.11236575564077142,0.01
0.09090909090909091,0.4081632653061224,0.996765559315773,0.4225479893152157,-0.09098035478606771,6.0608336090037085,-0.09068608422508224,0.01
0.09090909090909091,0.42857142857142855,0.9961709651550003,-0.025163930930875763,-0.29531212775775667,-26.085347360229232,-0.2941813673304212,0.01
0.09090909090909091,0.44897959183673464,0.9847120030807626,0.48679519054899617,-0.9621077042606492,-39.26061913705397,-0.9473990046419378,0.01
0.09090909090909091,0.4693877551020408,0.9569012629402799,0.4839463059272792,-2.3508204994557134,-96.83323479206236,-2.2495031048750715,0.01
0.09090909090909091,0.4897959183673469,0.8887601459601212,1.8929212231941226,-4.877946783587905,-150.82514105289272,-4.335324695367291,0.01
0.09090909090909091,0.5102040816326531,0.7578013942224062,3.020161105217421,-8.643012222435761,-218.15127195419723,-6.549686712443117,0.01
0.09090909090909091,0.5306122448979591,0.5359841368811106,5.074947921653051,-11.656409256751738,-77.16163740876851,-6.247650454613068,0.01
0.09090909090909091,0.5510204081632653,0.28202958782437615,5.718293089714818,-10.504769019802929,190.0223806297518,-2.9626556768452956,0.01
0.09090909090909091,0.5714285714285714,0.10721805444017476,3.264302529820532,-6.118622849991887,239.81994401173023,-0.6560268378293274,0.01
0.09090909090909091,0.5918367346938775,0.032289879661442,1.3016790996869645,-2.4165420973010567,122.9839697519712,-0.07802985351865978,0.01
0.09090909090909091,0.6122448979591836,0.008583683121764283,0.2698528116614454,-0.7701841721374972,38.35910691405768,-0.006611016879026632,0.01
0.09090909090909091,0.6326530612244897,0.0008537910027686459,0.5890100285698291,-0.23503322868595872,14.0856855441931,-0.00020066925600373717,0.01
0.09090909090909091,0.6530612244897959,-0.001009509885825868,0.5609101229996962,-0.018440940059377752,7.140358741211838,1.861631129386411e-05,0.01
0.09090909090909091,0.673469387755102,0.00010109957177363574,0.02253911509311952,0.03635077608000984,-1.7707705595518533,3.675047895328316e-06,0.01
0.09090909090909091,0.6938775510204082,0.00047419526029698244,-0.47979999612741175,0.0208871558543697,0.25533577743911967,9.904590307226481e-06,0.01
0.09090909090909091,0.7142857142857142,0.0009536365454213785,-0.1616347239011767,0.0005564633195251673,-2.2477436458538835,5.306637576856933e-07,0.01
0.09090909090909091,0.7346938775510203,0.0004969080488490301,0.2929470870626543,-0.01744421238528558,0.4836774267824309,-8.668169540080341e-06,0.01
0.09090909090909091,0.7551020408163265,0.00024162787663421222,-0.2236620638515972,-0.015200253129621472,-0.2637694197273488,-3.6728048880129754e-06,0.01
0.09090909090909091,0.7755102040816326,-0.0001235104462375605,-0.19935696250068877,0.00939911493573341,2.674507490132127,-1.1608888799505533e-06,0.01
0.09090909090909091,0.7959183673469387,0.0006252652209498616,-0.2725177523949989,0.007928423581851954,-2.8186352428125097,4.957367522690755e-06,0.01
0.09090909090909091,0.8163265306122448,0.00020009867955231512,0.11309214181483182,-0.016116212824111124,0.46226087502812774,-3.2248329054887235e-06,0.01
0.09090909090909091,0.836734693877551,-3.25393841158987e-05,0.08816944663633748,0.032572940742255606,4.309276174475813,-1.0599034305966616e-06,0.01
0.09090909090909091,0.8571428571428571,0.001529606464950503,-0.6401801971997974,0.026780180145551773,-4.876966712952789,4.0963136683175094e-05,0.01
0.09090909090909091,0.8775510204081632,0.0010605291932535613,0.023019675578246933,-0.044233309913091705,-2.0823553127942733,-4.6910716477065905e-05,0.01
0.09090909090909091,0.8979591836734693,-0.0002758347559920155,-0.278737293590068,-0.03859104405562288,2.6352973668262183,1.0644751220559857e-05,0.01
0.09090909090909091,0.9183673469387754,-0.0005146154620779848,-0.07263175358294245,-0.016536349980542996,-0.4739373474683893,8.509861386320409e-06,0.01
0.09090909090909091,0.9387755102040816,-0.0009507878164223419,0.27695570481718923,0.02256250418876191,4.305625056060271,-2.1452154090652876e-05,0.01
0.09090909090909091,0.9591836734693877,0.0004063030762388278,-0.28618514992213584,0.02601893186054085,-3.9668951442259344,1.0571572055386194e-05,0.01
0.09090909090909091,0.9795918367346939,0.00011120940237524377,-0.08910035417357044,0.0285394172892539,4.213902716239813,3.173851540875626e-06,0.01
0.09090909090909091,1.0,0.0015711772513104154,-0.12077893690653604,0.07153842459782342,0.0,0.00011239954532268561,0.01
0.09595959595959597,0.0,-0.0007447026618933311,0.19418154152866607,6.774627265665232,0.0,-0.005045082958076037,0.01
0.09595959595959597,0.02040816326530612,0.1375129966373971,-0.9031987812042943,6.792433898353568,1.7450500034570522,0.9340479398240363,0.01
0.09595959595959597,0.04081632653061224,0.2764974972709054,-2.1044870710337142,6.589122780397694,-21.669539563132826,1.8218759579906718,0.01
0.09595959595959597,0.061224489795918366,0.406456783592405,-2.58395571228077,6.241338306986275,-12.413338831186197,2.536834293569708,0.01
0.09595959595959597,0.08163265306122448,0.5312459995968758,-4.094220276310188,5.8161732395225485,-29.25283778025905,3.0898187664587557,0.01
0.09595959595959597,0.1020408163265306,0.6438516096953661,-4.015553527324584,5.215817793877602,-29.58199589294572,3.358212682465828,0.01
0.09595959595959597,0.12244897959183673,0.7441365217959616,-4.6238485212855505,4.418057470748876,-48.5985157736695,3.2876379193777314,0.01
0.09595959595959597,0.14285714285714285,0.8241804860524631,-3.7537481378374706,3.5652033034055166,-34.981192625979666,2.9383709914766056,0.01
0.09595959595959597,0.16326530612244897,0.8896550239757786,-2.870527510078687,2.8058450368039645,-39.43591750097246,2.4962341334901503,0.01
0.09595959595959597,0.18367346938775508,0.9387047732689514,-2.44964131584991,1.955368253283605,-43.91080728402276,1.835513512855892,0.01
0.09595959595959597,0.2040816326530612,0.9694659730893951,-1.6874905691412658,1.1535475629777436,-34.667620365951656,1.1183251106471186,0.01
0.09595959595959597,0.22448979591836732,0.985788347268043,-0.9293957295227936,0.6291915200726402,-16.71927183874849,0.6202496686874757,0.01
0.09595959595959597,0.24489795918367346,0.9951472596229722,-0.43743443911661023,0.31020004604299756,-14.541892616156499,0.3086947257546088,0.01
0.09595959595959597,0.26530612244897955,0.9984495736371449,-0.39353504794145094,0.06349495388558035,-9.635206415270392,0.06339650963516788,0.01
0.09595959595959597,0.2857142857142857,0.9977388903938122,0.2612007846982589,0.004580785049881186,3.8616178693718726,0.0045704273928010184,0.01
0.09595959595959597,0.3061224489795918,0.9986365444555074,0.4110883959320328,0.06935478882515178,2.486234500604647,0.06926022665379102,0.01
0.09595959595959597,0.32653061224489793,1.0005696981009613,-0.14764286550312677,0.028655122406579584,-6.47480180962499,0.028671447175397425,0.01
0.09595959595959597,0.3469387755102041,0.999806141288429,-0.29361522330978573,-0.0019484050350105921,3.4756561203488863,-0.0019480273197208867,0.01
0.09595959595959597,0.36734693877551017,1.0004901713648384,-0.08904776271642943,-0.04095762904878969,-7.298560073699239,-0.040977705305721084,0.01
0.09595959595959597,0.3877551020408163,0.998134401327254,0.5220083076769848,-0.03896801672622913,7.493542081310173,-0.03889531804594513,0.01
0.09595959595959597,0.4081632653061224,0.9988996400698903,0.3055143265938003,-0.0512179049465108,-8.694031126897778,-0.051161546816203496,0.01
0.09595959595959597,0.42857142857142855,0.9960438745947433,-0.41634012342615095,-0.2873623478071121,-14.448124273441424,-0.2862255063224382,0.01
0.09595959595959597,0.44897959183673464,0.9871705646491918,-0.5246420778279155,-0.8991117406090088,-45.503316221144715,-0.8875766446597129,0.01
0.09595959595959597,0.4693877551020408,0.9593454362025389,0.6886001161410874,-2.176830157032453,-79.71308858835282,-2.08833207653714,0.01
0.09595959595959597,0.4897959183673469,0.8983203541580713,0.9269520342854495,-4.564122225089882,-154.24153408127503,-4.100043893663467,0.01
0.09595959595959597,0.5102040816326531,0.7730547331376457,2.761459817279816,-8.249276595606247,-206.9035942293285,-6.377142317195014,0.01
0.09595959595959597,0.5306122448979591,0.5616151869904694,5.104907613482834,-11.322549490993222,-94.27714951859514,-6.358915749593002,0.01
0.09595959595959597,0.5510204081632653,0.31090985595424897,5.295035112732225,-10.728813525357962,152.4632741508504,-3.335693867729042,0.01
0.09595959595959597,0.5714285714285714,0.12370443085340978,3.256630109510894,-6.665123065929677,245.77839087312154,-0.8245052554387643,0.01
0.09595959595959597,0.5918367346938775,0.03886401652854788,1.5829240247340828,-2.787067441214681,134.2710603489481,-0.10831663510154502,0.01
0.09595959595959597,0.6122448979591836,0.009946576109953401,1.029209518242736,-0.8583679713413852,54.74148769863496,-0.008537822357293388,0.01
0.09595959595959597,0.6326530612244897,0.0038285891268586923,0.10701220099371163,-0.19901856137390242,9.874754478178358,-0.0007619603001191821,0.01
0.09595959595959597,0.6530612244897959,0.0018233695232635072,-0.15762278910282318,-0.08853456319159689,0.9526773436875852,-0.00016143122427900487,0.01
0.09595959595959597,0.673469387755102,0.0002149334863853505,-0.12645013943551794,-0.0924239608826879,-1.333838317414504,-1.9865004138059365e-05,0.01
0.09595959595959597,0.6938775510204082,-0.0019490370433768145,0.11662796096779814,-0.0019020312939144334,10.204987417114305,3.707129449501164e-06,0.01
0.09595959595959597,0.7142857142857142,0.00013729955602149609,-0.31466249937247914,0.09617415795667983,-0.5935208705560654,1.3204669188193376e-05,0.01
0.09595959595959597,0.7346938775510203,0.0019764387915897088,-0.05602160958674869,-0.02511931253066589,-11.293239237203819,-4.964678370367352e-05,0.01
0.09595959595959597,0.7551020408163265,-0.0008879785064546627,-0.2651117357946953,-0.07611666330286343,6.295498861528458,6.75899609959891e-05,0.01
0.09595959595959597,0.7755102040816326,-0.001130363792200635,0.3526810652573118,0.0033538403432417825,1.4926104957898543,-3.791059688822261e-06,0.01
0.09595959595959597,0.7959183673469387,-0.0007510870638733655,0.12239568684731772,0.0465900551764492,2.7445385578644736,-3.4993187748177324e-05,0.01
0.09595959595959597,0.8163265306122448,0.0007712711129605567,0.09882382526309305,0.02851427392471586,-4.515965120534341,2.1992235785177782e-05,0.01
0.09595959595959597,0.836734693877551,0.00041276085142115935,-0.058348876415543156,-0.060635000196423275,-4.220663743337295,-2.5027754306997834e-05,0.01
0.09595959595959597,0.8571428571428571,-0.0017036268542403932,0.18331456355443027,0.018718718575232485,11.997328182959562,-3.1889711641734533e-05,0.01
0.09595959595959597,0.8775510204081632,0.0011767901810224852,-0.21350925436301635,0.0004906857355869409,-13.783675401244826,5.774341556065076e-07,0.01
0.09595959595959597,0.8979591836734693,-0.001683598865032763,0.3342384337990875,-0.05042670069425491,8.793771531120324,8.48983360561944e-05,0.01
0.09595959595959597,0.9183673469387754,-0.0008814425003756739,0.4783145283060349,0.05222364224661763,1.2659620770851856,-4.603213780058332e-05,0.01
0.09595959595959597,0.9387755102040816,0.00044797836952305834,-0.13006397559918248,-0.003862032226946369,-6.762358175494458,-1.7301069000729403e-06,0.01
0.09595959595959597,0.9591836734693877,-0.0010390764688224645,0.018760767080535205,-0.019275883519628913,5.2518007488115686,2.002911698100915e-05,0.01
0.09595959595959597,0.9795918367346939,-0.00033879238638016254,0.027659885826757484,0.049006347687648825,1.4398579095016513,-1.6602977480874506e-05,0.01
0.09595959595959597,1.0,0.0009611826204693242,-0.16180498056904047,0.06369877533562486,0.0,6.122615579778266e-05,0.01
0.10101010101010102,0.0,0.00023601219431205317,-0.07559901286996681,6.503053347413136,0.0,0.0015347998902513168,0.01
0.10101010101010102,0.02040816326530612,0.1329513866313148,-0.641952747440454,6.508002681142567,0.48503470548432814,0.8652479806582187,0.01
0.10101010101010102,0.04081632653061224,0.26586877468992703,-1.541098555249071,6.3811503318554035,-12.916564935626475,1.6965486198426174,0.01
0.10101010101010102,0.061224489795918366,0.3934065022172496,-2.5952777190539695,5.995133945727318,-24.91304090492586,2.3585246759124825,0.01
0.10101010101010102,0.08163265306122448,0.510568119413491,-2.4355520178450965,5.639031085640864,-9.985039383546578,2.8791094967098725,0.01
0.10101010101010102,0.1020408163265306,0.62357103632504,-3.5407316951823726,5.150282985787216,-37.91227440211096,3.2115672988145554,0.01
0.10101010101010102,0.12244897959183673,0.7207837514864386,-3.83033211310512,4.450452582074301,-30.67110516175474,3.207813907920022,0.01
0.10101010101010102,0.14285714285714285,0.805222162123991,-3.5030486610698706,3.7821546406508104,-34.82209309774735,3.045474737232132,0.01
0.10101010101010102,0.16326530612244897,0.8751574102885125,-3.5100848678987373,2.967211790029698,-45.04230626312168,2.596777385939932,0.01
0.10101010101010102,0.18367346938775508,0.9263328474313256,-2.76978515101793,2.101754137389498,-39.77254369561791,1.9469238946885834,0.01
0.10101010101010102,0.2040816326530612,0.9609432934472675,-2.418795804146344,1.341658759265695,-34.716803360514795,1.2892579868111516,0.01
0.10101010101010102,0.22448979591836732,0.9810944294421703,-1.0231771348379408,0.7838701826261962,-19.946477150156095,0.7690506695803778,0.01
0.10101010101010102,0.24489795918367346,0.992937994778949,-1.0131070270920446,0.37650603947099204,-19.97520887905392,0.37384715185449063,0.01
0.10101010101010102,0.26530612244897955,0.9964620228899659,-0.12564718824021082,0.14994224168085457,-2.228043304379552,0.1494117494619605,0.01
0.10101010101010102,0.2857142857142857,0.9990580862761267,-0.2616796101641061,0.10414277684230723,-2.2603042497980903,0.10404468333155718,0.01
0.10101010101010102,0.3061224489795918,1.0007127484753662,-0.21338447479626252,0.018765549280030824,-6.106664051304998,0.018778924396669575,0.01
0.10101010101010102,0.32653061224489793,0.9998240270630667,0.04361154441469405,-0.05854305270162525,-1.4695789428975645,-0.058532750708704305,0.01
0.10101010101010102,0.3469387755102041,0.9983232361201978,0.03511081411835293,0.005301999097686805,7.72639401922988,0.005293108897109059,0.01
0.10101010101010102,0.36734693877551017,1.000040435189503,0.1826912785518022,0.05996548463391677,-2.3693724366793427,0.05996790934965158,0.01
0.10101010101010102,0.3877551020408163,1.0007708069215822,-0.2701758803051362,0.009854059981349805,-2.5415471792722206,0.009861655558989116,0.01
0.10101010101010102,0.4081632653061224,1.000442641719354,-0.8334004639131739,-0.1673266754617978,-14.822164894156248,-0.167400741229118,0.01
0.10101010101010102,0.42857142857142855,0.9939411466986516,0.31524381186116757,-0.3900837210815164,-7.0080255765761725,-0.3877202610402394,0.01
0.10101010101010102,0.44897959183673464,0.9845208571854145,0.5138396592876846,-0.7623893372282141,-29.477924805800207,-0.7505882037969414,0.01
0.10101010101010102,0.4693877551020408,0.9628232145668878,0.24194219530970026,-1.9972137138669102,-91.53486410479204,-1.9229637281624108,0.01
0.10101010101010102,0.4897959183673469,0.9030019300888059,1.5217131414706584,-4.307632009544939,-134.8861288716548,-3.8898000187314015,0.01
0.10101010101010102,0.5102040816326531,0.7870014998915842,2.1652118962279046,-7.732307344644955,-200.73205396814683,-6.0853374778582925,0.01
0.10101010101010102,0.5306122448979591,0.5873975486747262,3.972595800112586,-11.00905153776805,-120.38887695791652,-6.466689886518677,0.01
0.10101010101010102,0.5510204081632653,0.33765245753370465,5.5286781419411435,-10.957514529637319,125.43950375472805,-3.6998317093933166,0.01
0.10101010101010102,0.5714285714285714,0.14015205766912137,4.417902339691739,-7.124449942979952,250.20082573769372,-0.9985063192692947,0.01
0.10101010101010102,0.5918367346938775,0.04685858231003315,1.864293380236535,-3.0626826153867515,147.85237236644002,-0.1435129654226077,0.01
0.10101010101010102,0.6122448979591836,0.01514460397986621,-0.08428266753221837,-1.0409934242789565,50.27316836212393,-0.015765433156349637,0.01
0.10101010101010102,0.6326530612244897,0.0043690547884430945,0.21204962445479508,-0.34587407415150956,17.848527950365874,-0.0015111427798699748,0.01
0.10101010101010102,0.6530612244897959,0.0010272948308250062,-0.2506837956592769,-0.11742258006289044,4.539718470318798,-0.00012062760952074278,0.01
0.10101010101010102,0.673469387755102,-0.00042370358147080075,0.13683955788312233,-0.05848889332344434,1.2357828301469207,2.4781953577406974e-05,0.01
0.10101010101010102,0.6938775510204082,-0.001360006937478844,0.43345811155400904,-0.025190934417427317,2.027417142642748,3.4259845569275736e-05,0.01
0.10101010101010102,0.7142857142857142,-0.0014519049862637523,-0.020823031406607,0.07481095351937479,7.77276787516386,-0.00010861839644192606,0.01
0.10101010101010102,0.7346938775510203,0.0016935013694344123,-0.6081801212915857,-0.018988031178869408,-16.96506837559179,-3.215625680427866e-05,0.01
0.10101010101010102,0.7551020408163265,-0.002226926667033932,0.5106267015045843,-0.025544867678219573,16.322498398655476,5.6886547038480334e-05,0.01
0.10101010101010102,0.7755102040816326,0.0006508537090989195,-0.5844259779588231,0.051302991124703004,-8.791408235969062,3.3390742061381896e-05,0.01
0.10101010101010102,0.7959183673469387,-0.0001329270292909527,0.018071500512957372,0.015178426995346375,5.2512009512921125,-2.0176232098009948e-06,0.01
0.10101010101010102,0.8163265306122448,0.0012703813415620368,-0.2984923558475006,0.00614941634926085,-6.136043994608494,7.812103791597522e-06,0.01
0.10101010101010102,0.836734693877551,0.00011806955639316358,-0.5065427136613825,-0.050180338135121454,0.6157280551390275,-5.924770263272739e-06,0.01
0.10101010101010102,0.8571428571428571,-0.0007777957251776141,0.2805268008651778,-0.0004804191000861729,4.254864010294431,3.736679223407016e-07,0.01
0.10101010101010102,0.8775510204081632,9.846061353250346e-05,-0.16193270392156064,0.019165609073940996,-2.3295532492397677,1.887057628144346e-06,0.01
0.10101010101010102,0.8979591836734693,4.474032942426499e-06,0.3164542276051207,0.035177757262269134,3.8987437716959255,1.573864448320751e-07,0.01
0.10101010101010102,0.9183673469387754,0.0015342874405638966,-0.5441303454561154,-0.005227918512259222,-7.858499997599705,-8.021129713650816e-06,0.01
0.10101010101010102,0.9387755102040816,-0.00020891039612937846,0.35380830259035073,-0.060726007732121855,2.4196872540531666,1.2686294330673276e-05,0.01
0.10101010101010102,0.9591836734693877,-0.0009443251199308725,0.1229901512505256,0.00024045286893436792,3.5550258848503433,-2.2706568429416935e-07,0.01
0.10101010101010102,0.9795918367346939,-0.0001990959933157308,0.07352522390998423,0.026663616286564964,-0.9655558699225444,-5.308619169963149e-06,0.01
0.10101010101010102,1.0,0.00014398574890851377,-0.04476744468284146,0.016811005368987986,0.0,2.420545197958781e-06,0.01
0.10606060606060606,0.0,-0.00014580100200091057,-0.008818604523485013,6.362895099968924,0.0,-0.0009277164812021531,0.01
0.10606060606060606,0.02040816326530612,0.1297092010381812,-0.621961858640957,6.326665616555254,-3.550489374539663,0.8206267423591141,0.01
0.10606060606060606,0.04081632653061224,0.25808544865331556,-1.7719356159680295,6.139451029812317,-14.796540126268251,1.5845029735141722,0.01
0.10606060606060606,0.061224489795918366,0.3802990389897043,-2.2680650340449393,5.884456623335385,-10.19291170847098,2.2378531988310475,0.01
0.10606060606060606,0.08163265306122448,0.4982673516465966,-3.32146229937342,5.522043093645178,-25.323614201169335,2.751453787948962,0.01
0.10606060606060606,0.1020408163265306,0.6056885530160381,-3.4969114783939643,4.977696559858577,-28.0223461099176,3.0149338266936523,0.01
0.10606060606060606,0.12244897959183673,0.7014386398040895,-3.30349579044766,4.455115381749838,-23.190609344738828,3.1249900735448835,0.01
0.10606060606060606,0.14285714285714285,0.7875299971690927,-3.8514853170974,3.8217811937192767,-38.876141082256154,3.009767332670634,0.01
0.10606060606060606,0.16326530612244897,0.8574297089354885,-3.2880283390567167,3.0579438910209733,-35.97991458217759,2.6219719404191686,0.01
0.10606060606060606,0.18367346938775508,0.9123440335372957,-3.0823359002724415,2.2367873801265366,-44.493423485477216,2.0407196205499645,0.01
0.10606060606060606,0.2040816326530612,0.9487271530222859,-1.9489129650625492,1.5577794481364513,-22.049353849551164,1.477907660867123,0.01
0.10606060606060606,0.22448979591836732,0.97592686815511,-1.9906829955237206,0.9578064201909959,-36.74800288910347,0.9347490199558559,0.01
0.10606060606060606,0.24489795918367346,0.9878212926219184,-0.8526283156407001,0.48756403791364045,-9.335750574077371,0.48162613816781435,0.01
0.10606060606060606,0.26530612244897955,0.9958274411311769,-0.5183131724209642,0.24292189680577628,-14.63917925449332,0.24190829089082802,0.01
0.10606060606060606,0.2857142857142857,0.9977364720833787,-0.21835719250955152,0.093286395425018,-0.025099880820993355,0.0930752390647325,0.01
0.10606060606060606,0.3061224489795918,0.9996350491077083,-0.23182630766936071,0.05654147497286217,-3.5759023234902787,0.05652084011111933,0.01
0.10606060606060606,0.32653061224489793,1.0000442873883935,-0.08432233729082171,-0.027794898265220806,-4.689062253841854,-0.027796129228675633,0.01
0.10606060606060606,0.3469387755102041,0.9985005634642299,0.2648305826765174,0.022511360139904738,9.619075577544157,0.022477605784041087,0.01
0.10606060606060606,0.36734693877551017,1.000963118414512,-0.455909926138708,0.022190110828990087,-9.650558010013526,0.02221148253334955,0.01
0.10606060606060606,0.3877551020408163,0.9994062822735764,-0.2103579094779777,-0.11587446370749828,-3.8797702945623347,-0.11580566698435531,0.01
0.10606060606060606,0.4081632653061224,0.9962335484672672,-0.20414357360255228,-0.0948883802189976,5.936406476435135,-0.09453098773388323,0.01
0.10606060606060606,0.42857142857142855,0.9955332871625969,-0.46853309253686043,-0.2233797664430263,-18.52856232638968,-0.22238199317263913,0.01
0.10606060606060606,0.44897959183673464,0.9871160069797967,-0.2967888597909967,-0.7714594867509966,-35.18325026379115,-0.7615200081083272,0.01
0.10606060606060606,0.4693877551020408,0.9640451448462297,0.30088420943677585,-1.8725020961220473,-72.71892545457209,-1.8051765544808478,0.01
0.10606060606060606,0.4897959183673469,0.9106873499952234,0.566004228865175,-4.0696516677646555,-142.6017325664041,-3.7061802927202354,0.01
0.10606060606060606,0.5102040816326531,0.7979369135088968,2.4331093204884753,-7.42904156112613,-186.61847698302068,-5.927906493614301,0.01
0.10606060606060606,0.5306122448979591,0.6074611638268099,4.878080640578353,-10.592865057869188,-123.43622569779912,-6.434754136313566,0.01
0.10606060606060606,0.5510204081632653,0.3655750744121953,4.9864575179360795,-10.902413467921717,93.10048151265163,-3.9856506148080015,0.01
0.10606060606060606,0.5714285714285714,0.16246469574837258,3.7719117036592373,-7.577871289756533,232.70465194753652,-1.2311365535106227,0.01
0.10606060606060606,0.5918367346938775,0.0562742054425409,1.5253820460855037,-3.6197711642604236,155.1891603510823,-0.20369974615257655,0.01
0.10606060606060606,0.6122448979591836,0.014718933941824703,0.8703171545809233,-1.2454377273933637,77.49551646188958,-0.018331515638159202,0.01
0.10606060606060606,0.6326530612244897,0.0054400124877097365,-0.03381323242071647,-0.366464112732888,8.643897774837056,-0.0019935693495643793,0.01
0.10606060606060606,0.6530612244897959,-0.00023878494523194797,0.7022407723679934,-0.1267288761790823,14.850155407435912,3.026094775772848e-05,0.01
0.10606060606060606,0.673469387755102,0.0002674052967267868,0.31457320181767945,0.026165029538805704,0.13344735291711465,6.996667487689481e-06,0.01
0.10606060606060606,0.6938775510204082,0.0008291754441070604,0.008245525948652875,-0.044699689152772615,-7.078189784691791,-3.706388460469778e-05,0.01
0.10606060606060606,0.7142857142857142,-0.0015570718115496462,0.279644103687493,-0.05407862579737812,6.159053993520452,8.420430383643898e-05,0.01
0.10606060606060606,0.7346938775510203,-0.0013781154047655157,0.22925516708597574,0.046772163044990135,3.724323313031639,-6.445743840650527e-05,0.01
0.10606060606060606,0.7551020408163265,0.0003519960678377063,-0.02185101465423698,-0.02260559236684239,-10.523343343391227,-7.95707962427059e-06,0.01
0.10606060606060606,0.7755102040816326,-0.0023007926442284703,0.21680364072383992,-0.009644495866685199,11.793530800406632,2.218998514736119e-05,0.01
0.10606060606060606,0.7959183673469387,-4.1656824680056864e-05,-0.2434329585186856,0.05055910245861609,-5.893578164527106,-2.1061316670996024e-06,0.01
0.10606060606060606,0.8163265306122448,-0.00023715580918291592,0.23402708251039325,-0.058764968737968076,-4.820180812738144,1.3936453712661576e-05,0.01
0.10606060606060606,0.836734693877551,-0.0024402269772501825,0.8047794302229773,0.021465971660134222,12.682812971752169,-5.238184313794741e-05,0.01
0.10606060606060606,0.8571428571428571,0.0006390062993939911,-0.20150251973784145,0.042160718468730166,-10.654727784509769,2.6940964688495156e-05,0.01
0.10606060606060606,0.8775510204081632,-0.0007193813254652777,0.19912488206297432,0.023611174503883427,8.836872475954786,-1.698543801039563e-05,0.01
0.10606060606060606,0.8979591836734693,0.0016027277077157636,-0.6803897154479709,-0.012114375149834867,-12.33797634201918,-1.9416044714303646e-05,0.01
0.10606060606060606,0.9183673469387754,-0.0012138456172952723,-0.018660593890619127,-0.0006058233751979294,13.465814415933599,7.353760488390359e-07,0.01
0.10606060606060606,0.9387755102040816,0.0015780002230138073,-0.5433817477082973,0.02182173049673021,-11.267914136484642,3.443469559038747e-05,0.01
0.10606060606060606,0.9591836734693877,-0.0003231627398777128,0.05131109413149736,-0.03444103918999988,5.754162707185093,1.1130060588876042e-05,0.01
0.10606060606060606,0.9795918367346939,0.00017224352138115926,-0.2804139404182945,0.005905731941274593,-1.8001791363201938,1.0172240658983256e-06,0.01
0.10606060606060606,1.0,-8.21124565603825e-05,-0.06023580405067633,-0.012463442919135547,0.0,1.0234039152903245e-06,0.01
0.11111111111111112,0.0,-0.00019033940868517832,-0.06756791818779168,6.2111576279903575,0.0,-0.0011822280701621194,0.01
0.11111111111111112,0.02040816326530612,0.12656797952989354,-1.1905371464308159,6.108502147967419,-10.060237042248003,0.7731407748222511,0.01
0.11111111111111112,0.04081632653061224,0.24913627887569925,-1.9341222550632908,5.935766545987076,-6.867851951825615,1.4788147895420822,0.01
0.11111111111111112,0.061224489795918366,0.3688441650803864,-2.748863443547038,5.692722260994819,-16.950487977415545,2.099727389391164,0.01
0.11111111111111112,0.08163265306122448,0.481492289528549,-3.067585712708926,5.36998886189492,-14.677385134374598,2.5856082318565923,0.01
0.11111111111111112,0.1020408163265306,0.5880273839332403,-3.621915852894883,4.9799196884882795,-23.549393859476176,2.9283291466194,0.01
0.11111111111111112,0.12244897959183673,0.6847543176301114,-3.619189858733706,4.411241346152695,-32.18108368941106,3.020616557886523,0.01
0.11111111111111112,0.14285714285714285,0.7680780511231462,-2.837317247154393,3.823695095532803,-25.39844887133844,2.9368962770659675,0.01
0.11111111111111112,0.16326530612244897,0.8408235052028789,-3.3593164868271463,3.153116419870526,-40.31826134356464,2.6512144004682883,0.01
0.11111111111111112,0.18367346938775508,0.8967766805056167,-2.7078485678826567,2.402485999635916,-33.24351983942718,2.1544934197147145,0.01
0.11111111111111112,0.2040816326530612,0.9388841582492428,-2.2399375107068344,1.6928577116028334,-36.30005238781492,1.5893972875939655,0.01
0.11111111111111112,0.22448979591836732,0.9658729136322629,-1.4695385609784208,1.093457803579053,-22.44113859851556,1.0561412746768346,0.01
0.11111111111111112,0.24489795918367346,0.9835150890075715,-0.9831531538194894,0.6697512129945371,-19.082107278767,0.6587104238612511,0.01
0.11111111111111112,0.26530612244897955,0.9932096978361216,-0.6922844744204689,0.321404939819479,-15.055827492388696,0.31922250316114154,0.01
0.11111111111111112,0.2857142857142857,0.9966336579797951,-0.32707484606173026,0.1287355276796356,-3.825774897315962,0.12830215986331436,0.01
0.11111111111111112,0.3061224489795918,0.9984642091699842,0.3328150770561255,0.07312659594689691,-1.6239004124924292,0.0730142887914114,0.01
0.11111111111111112,0.32653061224489793,0.9996184169980358,-0.21853715924565306,0.033660120994748965,-2.2438141328180703,0.03364727686473331,0.01
0.11111111111111112,0.3469387755102041,0.9998380916595658,-0.08490043235026222,-0.02346791221753575,-3.354733121985833,-0.023464112566815153,0.01
0.11111111111111112,0.36734693877551017,0.9986605430299731,0.15254876023463182,-0.036608465220429764,2.0669589277022187,-0.036559429756528275,0.01
0.11111111111111112,0.3877551020408163,0.9983438685893442,0.047164530505567896,-0.08472155644923657,-6.78204186812502,-0.08458124641844134,0.01
0.11111111111111112,0.4081632653061224,0.9952025203177594,0.6509653361857233,-0.12683429933486945,2.6549930653332634,-0.1262258143607992,0.01
0.11111111111111112,0.42857142857142855,0.9931669584124108,0.6446081517749853,-0.23484345084513178,-13.23988991333897,-0.23323875577893402,0.01
0.11111111111111112,0.44897959183673464,0.9856170733444887,0.17785497771932476,-0.676253810496683,-30.018325332513058,-0.6665273015397991,0.01
0.11111111111111112,0.4693877551020408,0.9655647620656074,0.035946400087103925,-1.7657423452529755,-76.75155107360362,-1.7049385874633567,0.01
0.11111111111111112,0.4897959183673469,0.9135459572117142,1.2640064118458816,-3.8058157323062383,-123.17564085761619,-3.4767875761411036,0.01
0.11111111111111112,0.5102040816326531,0.8102253444204548,2.5427676651984674,-6.8954765505858635,-179.6111193337871,-5.586889863141601,0.01
0.11111111111111112,0.5306122448979591,0.6320979347388218,3.9397841419726034,-10.276920457679966,-151.7703835614348,-6.496020196774654,0.01
0.11111111111111112,0.5510204081632653,0.39075920329066033,5.315827917583629,-11.03928790708595,77.05837351964851,-4.313703347469127,0.01
0.11111111111111112,0.5714285714285714,0.18151475485776267,3.8273588484819703,-8.006135678950164,220.19054483765854,-1.4532317551226264,0.01
0.11111111111111112,0.5918367346938775,0.06397815517024547,2.1131694524604896,-3.978806853414053,174.48768006488046,-0.25455672226016035,0.01
0.11111111111111112,0.6122448979591836,0.01911447512657684,0.5019222053835372,-1.4383684562994363,74.475282852352,-0.027493658080788304,0.01
0.11111111111111112,0.6326530612244897,0.005269238586595007,0.17707845879776532,-0.387261442855195,28.533204465183672,-0.0020405729377930507,0.01
0.11111111111111112,0.6530612244897959,0.0033078856222831707,-0.44743616877294373,-0.0836204537606949,1.2236124660773378,-0.0002766068967237973,0.01
0.11111111111111112,0.673469387755102,0.0018561588412605216,-0.02635131034456144,-0.05970811963934504,1.119796277814948,-0.00011082775416361128,0.01
0.11111111111111112,0.6938775510204082,0.0008708195145548022,-0.023199735064603117,-0.0490217240224169,-0.07252950735599101,-4.268907391584057e-05,0.01
0.11111111111111112,0.7142857142857142,-0.00014472785353200472,-0.04728603810988344,-0.026731473232406343,2.256974084777026,3.8687887426744095e-06,0.01
0.11111111111111112,0.7346938775510203,-0.00022026102554341588,0.09734435877166543,0.009465948906745769,1.290373284859882,-2.084979613941399e-06,0.01
0.11111111111111112,0.7551020408163265,0.00024163740796782256,-0.10037316585302664,-0.02414631153791475,-4.584374808436614,-5.834652132005248e-06,0.01
0.11111111111111112,0.7755102040816326,-0.0012058247617848343,0.18079596750232002,-0.03706246366809425,3.318591899679023,4.4690836423738824e-05,0.01
0.11111111111111112,0.7959183673469387,-0.001271116211138065,0.4291524067842043,0.052690285912002734,5.4771775591704825,-6.697547659224627e-05,0.01
0.11111111111111112,0.8163265306122448,0.0009447991529907874,-0.4989408781226264,0.07093807936390435,-3.688893800884124,6.702223729781009e-05,0.01
0.11111111111111112,0.836734693877551,0.001624315599633541,-0.17561349946685628,-0.03242531750694533,-6.440719092459147,-5.266894904960186e-05,0.01
0.11111111111111112,0.8571428571428571,-0.00037868319423147085,0.2421542016835763,-0.03278138471268434,6.405824506296724,1.2413759474330013e-05,0.01
0.11111111111111112,0.8775510204081632,0.0002862998970749967,0.10910712937446362,-0.035645069409743706,-6.68646560660854,-1.0205179703240737e-05,0.01
0.11111111111111112,0.8979591836734693,-0.0018335839864659078,0.3063689768234137,-0.03906257798247649,6.351549766480729,7.162451745874464e-05,0.01
0.11111111111111112,0.9183673469387754,-0.0013080910409852679,0.04036001617759034,0.0163471827340041,-0.9213932162656318,-2.1383603279699818e-05,0.01
0.11111111111111112,0.9387755102040816,-0.00116635203813921,0.059071635248242695,0.030479843408557753,2.3063939623718905,-3.55502274817353e-05,0.01
0.11111111111111112,0.9591836734693877,-6.401579981964532e-05,0.017721415784531118,-0.0019020933384591102,-5.479823763579543,1.2176402639307926e-07,0.01
0.11111111111111112,0.9795918367346939,-0.0012439885009334593,0.11599964979713938,-0.00789678828833781,4.8923436584914315,9.823513824998251e-06,0.01
0.11111111111111112,1.0,-0.0003863336891395559,0.4073801993660668,0.04202508577790127,0.0,-1.623570642498288e-05,0.01
0.11616161616161617,0.0,-0.0005315915207447323,-0.010589051324108116,5.933251101809003,0.0,-0.003154065976171006,0.01
0.11616161616161617,0.02040816326530612,0.12055516565903084,-0.6916130035343364,5.87753961638434,-5.459725571617049,0.7085677621207306,0.01
0.11616161616161617,0.04081632653061224,0.23936798465820788,-1.16367089611878,5.742943342556028,-7.730709263557456,1.3746767739139085,0.01
0.11616161616161617,0.061224489795918366,0.3549610163756034,-1.9270905515476033,5.5524704695184655,-10.935632294123707,1.9709105612557982,0.01
0.11616161616161617,0.08163265306122448,0.46599943239365543,-2.9408671754851614,5.261959649627131,-17.534428055227075,2.452070210004561,0.01
0.11616161616161617,0.1020408163265306,0.5697348796256904,-2.835174426162387,4.911665640116526,-16.794384876812185,2.7983472322334286,0.01
0.11616161616161617,0.12244897959183673,0.6664755809698402,-3.6851231545384935,4.508325517065029,-22.73294718223457,3.0046888681870705,0.01
0.11616161616161617,0.14285714285714285,0.7537481660365078,-3.636354896278408,3.855851144076796,-41.209541370612236,2.9063407283576557,0.01
0.11616161616161617,0.16326530612244897,0.8238572603199135,-3.56940333073546,3.169136534224857,-26.088490394877777,2.6109161426662366,0.01
0.11616161616161617,0.18367346938775508,0.8831006776375224,-2.6916617154573577,2.5409950143578737,-35.46937855208662,2.2439544190530043,0.01
0.11616161616161617,0.2040816326530612,0.9275713425386022,-2.4975878628488473,1.8460829397298728,-32.6320047614575,1.7123736308428474,0.01
0.11616161616161617,0.22448979591836732,0.9584510017081295,-1.6543640981995802,1.2489689992545072,-25.88516140512832,1.1970755884378825,0.01
0.11616161616161617,0.24489795918367346,0.9785496690387862,-1.2012651992575805,0.7659265923918595,-21.452994467411177,0.7494972134930593,0.01
0.11616161616161617,0.26530612244897955,0.9897133116016748,-0.5681064503513957,0.4025863465874846,-14.154349621417566,0.398445066286719,0.01
0.11616161616161617,0.2857142857142857,0.9949817648178672,-0.3117831126185291,0.25557865399870916,-0.2524042522824244,0.25429610020541066,0.01
0.11616161616161617,0.3061224489795918,1.0001450933975404,-0.3873653027792993,0.08655676426504788,-16.311740941616385,0.0865693230800552,0.01
0.11616161616161617,0.32653061224489793,0.9985146939715426,0.2167657360006596,-0.018026899108566696,6.062541931002154,-0.018000123646646347,0.01
0.11616161616161617,0.3469387755102041,0.9994093015971908,0.37588865598663984,0.022449284889873248,-2.095875899155039,0.02243602413314459,0.01
0.11616161616161617,0.36734693877551017,0.9994309913139864,0.12840922920738618,-0.02026709355392553,-2.0903291883372423,-0.020255561401653095,0.01
0.11616161616161617,0.3877551020408163,0.9985820732888673,0.25678337708656995,-0.023048798313874245,1.8177221218622683,-0.023016116807085492,0.01
0.11616161616161617,0.4081632653061224,0.9984902240358691,-0.07407066127123141,-0.052908194682845584,-4.74394296602146,-0.052828315162207866,0.01
0.11616161616161617,0.42857142857142855,0.996422555138547,-0.27742774828243455,-0.29338488408971136,-18.82277259585166,-0.29233531584369665,0.01
0.11616161616161617,0.44897959183673464,0.9865153308077176,0.17089542415215783,-0.751568017144931,-26.079174443560134,-0.741433371058232,0.01
0.11616161616161617,0.4693877551020408,0.9657463095407948,0.4574579513896639,-1.6313448193130733,-60.13895216891782,-1.5754652388400952,0.01
0.11616161616161617,0.4897959183673469,0.9199298279786126,0.7012471871286118,-3.4956282525323576,-122.56082428657207,-3.21573269702927,0.01
0.11616161616161617,0.5102040816326531,0.8230676053558006,2.2706450129562272,-6.564382841555031,-178.17712543765,-5.402930866037405,0.01
0.11616161616161617,0.5306122448979591,0.6519958344457542,3.899624478987336,-9.933789264834326,-152.02470404372082,-6.476789220933931,0.01
0.11616161616161617,0.5510204081632653,0.4176068190360322,5.104699963239568,-11.053199117644134,42.32253846835977,-4.615891323691245,0.01
0.11616161616161617,0.5714285714285714,0.20084485005211605,4.372459693476004,-8.402424226402271,217.4534008733429,-1.6875836338260313,0.01
0.11616161616161617,0.5918367346938775,0.07465072816247016,2.608453896873049,-4.390287650161081,175.73598359829367,-0.32773816992722477,0.01
0.11616161616161617,0.6122448979591836,0.02164943575982703,1.4273198754219594,-1.6779352711718443,90.07454954265162,-0.03632635186238279,0.01
0.11616161616161617,0.6326530612244897,0.006163574237088771,0.2923965248912098,-0.504732554808901,24.89931666091683,-0.0031109565714401385,0.01
0.11616161616161617,0.6530612244897959,0.001048106992116788,0.48350405627220777,-0.10879231913436664,13.902826435187535,-0.00011402599037333072,0.01
0.11616161616161617,0.673469387755102,0.001723071415277888,-0.11758319555561661,-0.007214217488565505,-3.9481724738990223,-1.2430611938145057e-05,0.01
0.11616161616161617,0.6938775510204082,0.000753649135440645,0.060175258511951976,-0.05161213225600473,-0.4028231733100214,-3.8897438852986195e-05,0.01
0.11616161616161617,0.7142857142857142,-0.00038354622782434534,0.15094648203440314,-0.01181566364155493,4.3028770975261015,4.531853218959661e-06,0.01
0.11616161616161617,0.7346938775510203,0.0002713771500710561,-0.005291353526516329,0.0028970871405487562,-2.8610275208799405,7.862032517096267e-07,0.01
0.11616161616161617,0.7551020408163265,-0.0002652977731080696,0.04222075459675725,-0.013820228639424666,1.2227305744425447,3.6664758818837303e-06,0.01
0.11616161616161617,0.7755102040816326,-0.00029271381480342005,0.40665246768383095,0.028459640016815654,2.920696553869007,-8.33052979725418e-06,0.01
0.11616161616161617,0.7959183673469387,0.0008963201867619571,-0.1860499707425668,-0.03141856619815478,-8.78876076293611,-2.8161095122523004e-05,0.01
0.11616161616161617,0.8163265306122448,-0.001575104271870962,0.1352310451497313,-0.003894065601504675,11.486161821407821,6.133559363875781e-06,0.01
0.11616161616161617,0.836734693877551,0.0007373787336393173,-0.22494050427689477,0.05927584135796359,-5.2955109393799304,4.370874483594026e-05,0.01
0.11616161616161617,0.8571428571428571,0.0008443178243724499,-0.3316312298768919,0.0024491981489941405,-0.2735000950990771,2.067901652615764e-06,0.01
0.11616161616161617,0.8775510204081632,0.0008373460050268332,0.02078958930287527,-0.027699301778804232,-2.6810528978251633,-2.319389968651438e-05,0.01
0.11616161616161617,0.8979591836734693,-0.00028626592170119205,0.38607186654138337,-0.047569165221483536,0.7338062804425916,1.3617430926684275e-05,0.01
0.11616161616161617,0.9183673469387754,-0.0011042525754418823,0.13310165175362113,-0.014252740844741811,2.5312033084780974,1.5738625784911853e-05,0.01
0.11616161616161617,0.9387755102040816,-0.000868010445976368,0.30099163352102865,0.02767860245083073,1.578068334488012,-2.4025316057348175e-05,0.01
0.11616161616161617,0.9591836734693877,2.5486300102229023e-05,0.2329747332610955,0.00514202967390437,-3.7866524666267956,1.3105131140369362e-07,0.01
0.11616161616161617,0.9795918367346939,-0.0006581316837761897,0.05869233262260128,0.040318566245741115,7.233953050666797,-2.653492589075145e-05,0.01
0.11616161616161617,1.0,0.0016711420652345192,-0.36267975725164037,0.11413441370152476,0.0,0.0001907348198274971,0.01
0.12121212121212122,0.0,-0.0005850715779371975,0.38526720672692205,5.764714871211522,0.0,-0.0033727708260577536,0.01
0.12121212121212122,0.02040816326530612,0.1170621706916857,-0.4793872044704075,5.7348602972052,-2.9257482526195293,0.6713351950044065,0.01
0.12121212121212122,0.04081632653061224,0.23349085892023425,-1.4982511707144375,5.590068595453377,-11.26383851905925,1.3052299177754365,0.01
0.12121212121212122,0.061224489795918366,0.34522823581223167,-2.1257346025733286,5.332564869293837,-13.97152664457559,1.8409519621805952,0.01
0.12121212121212122,0.08163265306122448,0.4511465678710031,-2.0087247028600075,5.149595735849039,-3.9594484330146544,2.323222442151447,0.01
0.12121212121212122,0.1020408163265306,0.5554158168672945,-2.7824452975592977,4.819573359880129,-28.382744411938514,2.676867274629673,0.01
0.12121212121212122,0.12244897959183673,0.6478638478661104,-2.935191525537898,4.409189549803198,-11.834868975600749,2.856554507706543,0.01
0.12121212121212122,0.14285714285714285,0.735382737267425,-3.446099345917138,3.8701700111635353,-40.989045811086214,2.846056216499741,0.01
0.12121212121212122,0.16326530612244897,0.8058299707707445,-3.079030520668931,3.28603038740726,-16.256637317028762,2.64798177103617,0.01
0.12121212121212122,0.18367346938775508,0.869506426549354,-3.081039791299182,2.6736186454852575,-43.75971339132747,2.32472859439161,0.01
0.12121212121212122,0.2040816326530612,0.914957262423204,-2.356388118745487,1.9744354226733856,-24.760242444236003,1.8065240291606426,0.01
0.12121212121212122,0.22448979591836732,0.9500956274747983,-1.7547556190522762,1.4093725611635277,-30.61591798373008,1.3390387078444252,0.01
0.12121212121212122,0.24489795918367346,0.9724826730829398,-1.3073530113413576,0.9003372609387308,-19.269541438300028,0.8755623861938692,0.01
0.12121212121212122,0.26530612244897955,0.9868440871049505,-0.6471253014774359,0.5126485239746399,-18.723954784180883,0.5059041646474538,0.01
0.12121212121212122,0.2857142857142857,0.9934071026329251,-0.29561104271094774,0.27794308892555947,-4.277177850629002,0.27611063866638547,0.01
0.12121212121212122,0.3061224489795918,0.9981887029794632,-0.5809939710628678,0.151958010685099,-8.069359816936124,0.15168276959309837,0.01
0.12121212121212122,0.32653061224489793,0.9996094704159904,-0.04259382851189474,0.07641614124378437,0.6662566116872893,0.07638629847993282,0.01
0.12121212121212122,0.3469387755102041,1.0013077291526788,-0.8174829851099189,0.011516282786665168,-7.026442740484973,0.011531342965395784,0.01
0.12121212121212122,0.36734693877551017,1.0000795227746297,0.15595720985282524,-0.03500486796327762,2.4673699669905793,-0.03500765164750361,0.01
0.12121212121212122,0.3877551020408163,0.9998789590317287,-0.4131471629611749,-0.048103128196329455,-3.7509994698296585,-0.048097305747115696,0.01
0.12121212121212122,0.4081632653061224,0.9981161297870245,-0.3436776647694543,-0.11901007635729312,-3.197881449944781,-0.11878587681939967,0.01
0.12121212121212122,0.42857142857142855,0.9950214048946964,0.17654519111710762,-0.263073424024696,-10.920326621460708,-0.2617636879635112,0.01
0.12121212121212122,0.44897959183673464,0.9873784390105063,0.04777496979019857,-0.6606351906703531,-28.04072650981396,-0.6522969433195015,0.01
0.12121212121212122,0.4693877551020408,0.968056703234682,0.3077865560328725,-1.5657204850053807,-60.65763233501929,-1.5157062109013162,0.01
0.12121212121212122,0.4897959183673469,0.9234714804388581,0.9639764628233066,-3.271269247439525,-106.48614638352743,-3.020923854847087,0.01
0.12121212121212122,0.5102040816326531,0.8345355094616401,1.8877856354451474,-6.168624035239179,-177.45462282083895,-5.147935801925646,0.01
0.12121212121212122,0.5306122448979591,0.6716909075719528,3.6879031266595144,-9.583110748258862,-157.16507505509006,-6.436888355860531,0.01
0.12121212121212122,0.5510204081632653,0.4433881319816866,4.824927623099797,-10.994691729992757,18.83013884516827,-4.874915827875987,0.01
0.12121212121212122,0.5714285714285714,0.22292797981714638,4.525256653686803,-8.711303158856714,204.94194112616418,-1.941993214778653,0.01
0.12121212121212122,0.5918367346938775,0.08782473774263708,2.2522764156204125,-4.754711516536456,182.8040398212211,-0.41758129198171046,0.01
0.12121212121212122,0.6122448979591836,0.028858121999331875,0.8176328432643333,-1.9645181278059605,90.63491227436747,-0.05669230380212346,0.01
0.12121212121212122,0.6326530612244897,0.007640324362801952,0.07350967445163095,-0.6215178455622793,40.979115385513325,-0.004748597937365664,0.01
0.12121212121212122,0.6530612244897959,0.003490046670259252,-0.008234446958524705,-0.15952213302803964,4.296464442842166,-0.0005567396892071631,0.01
0.12121212121212122,0.673469387755102,0.0011292168922697233,-0.01934723047316077,-0.05959581115081938,5.496315101125417,-6.729659666002159e-05,0.01
0.12121212121212122,0.6938775510204082,0.0010575645824707056,-0.42497904959175514,-0.01838497518047197,-1.4576531760313696,-1.9443298600470122e-05,0.01
0.12121212121212122,0.7142857142857142,0.0003788097420463777,-0.15218872718035997,-0.019916330282678533,1.3075803760151266,-7.544499936891916e-06,0.01
0.12121212121212122,0.7346938775510203,0.0002446531423613777,0.2201884391299988,-0.010556348830271067,-0.3903021936791944,-2.5826439131886702e-06,0.01
0.12121212121212122,0.7551020408163265,-5.206163878101278e-05,-0.10229335129148856,0.03715261792448194,5.06578093564499,-1.9342261741533595e-06,0.01
0.12121212121212122,0.7755102040816326,0.00176108652703411,0.02010225063915618,0.00021401996220232484,-8.685763535948393,3.7690767195086375e-07,0.01
0.12121212121212122,0.7959183673469387,-4.33261301196934e-05,-0.04564744501454318,-0.0650035401985863,2.294442640191107,2.8163518408846705e-06,0.01
0.12121212121212122,0.8163265306122448,-0.0008921191953571675,-0.012241503088966337,-0.008706278084287686,3.222689047010158,7.767037799110473e-06,0.01
0.12121212121212122,0.836734693877551,-0.0003986844192742928,0.5218968046093191,0.0015075295491137463,-2.2217358989368177,-6.010285428272504e-07,0.01
0.12121212121212122,0.8571428571428571,-0.0008305873770259942,0.1529947519818898,0.03285519457679398,5.293807071649481,-2.728910988521798e-05,0.01
0.12121212121212122,0.8775510204081632,0.0009423439307989306,-0.30572286573396223,0.06110739449517429,-2.5250914796482093,5.7584182329463474e-05,0.01
0.12121212121212122,0.8979591836734693,0.0016635919901239766,-0.3664502715521821,-0.03367196557480034,-6.763285807209305,-5.601641222196812e-05,0.01
0.12121212121212122,0.9183673469387754,-0.0004320220110296543,-0.038521716719893864,-0.02478034543564429,7.634664580846597,1.070565466911656e-05,0.01
0.12121212121212122,0.9387755102040816,0.0006521493192813525,-0.27951536218727757,0.040036635263624276,-1.2826004723182762,2.6109864433488366e-05,0.01
0.12121212121212122,0.9591836734693877,0.001202126367077459,-0.40382517540198387,-0.024839449477668717,-5.0752558323284385,-2.9860157160793977e-05,0.01
0.12121212121212122,0.9795918367346939,-0.00036170576143981954,0.15013199766804783,-0.03338615606517824,4.237678586752505,1.2075965001103943e-05,0.01
0.12121212121212122,1.0,-0.00016057388048083647,0.02071547877464479,0.00985546216699017,0.0,-1.5825298040856852e-06,0.01
0.12626262626262627,0.0,0.001360722395431096,0.16070738178870964,5.550734739147536,0.0,0.007553009070655436,0.01
0.12626262626262627,0.02040816326530612,0.11464102319436041,-0.7878394089938157,5.501798679794528,-4.795733816594922,0.630731830061026,0.01
0.12626262626262627,0.04081632653061224,0.22592393381561587,-1.4694100523604186,5.386353892152762,-6.517855372298045,1.2169062602382055,0.01
0.12626262626262627,0.061224489795918366,0.3344922024659017,-1.6251513185531397,5.269400215063704,-4.94360498242972,1.7625732836109544,0.01
0.12626262626262627,0.08163265306122448,0.4410014936141344,-2.62837186675056,5.0683360791462295,-14.760680337482743,2.235143781041893,0.01
0.12626262626262627,0.1020408163265306,0.5413630628392172,-3.099470643865306,4.704934788387158,-20.852646156906303,2.5470779075000562,0.01
0.12626262626262627,0.12244897959183673,0.6330396482421816,-3.164940491619138,4.327070740789223,-16.178030507691332,2.739207339668246,0.01
0.12626262626262627,0.14285714285714285,0.7179781951163283,-3.169608566332592,3.8523717516649985,-30.342470426482674,2.7659189171775638,0.01
0.12626262626262627,0.16326530612244897,0.7902793115754468,-3.0236647350197603,3.3312018979534215,-20.732175237251873,2.632579942633452,0.01
0.12626262626262627,0.18367346938775508,0.8539456195225904,-2.9701008062318643,2.7630365184505323,-34.948031954031244,2.3594829315117813,0.01
0.12626262626262627,0.2040816326530612,0.9030563123285298,-2.252639865099095,2.1385463429766642,-26.25200524240783,1.9312277742321697,0.01
0.12626262626262627,0.22448979591836732,0.9412332253583726,-2.2666673739064787,1.5391774103120186,-32.486150158727476,1.4487249183067286,0.01
0.12626262626262627,0.24489795918367346,0.9658798800963673,-1.2618726076208766,1.0373925275073348,-16.688768356131536,1.001996570081652,0.01
0.12626262626262627,0.26530612244897955,0.9835757775015291,-1.0199829963276474,0.6378388180728473,-22.467495168448252,0.6273628114066572,0.01
0.12626262626262627,0.2857142857142857,0.9919141175687284,-0.43203517476773484,0.28612600607281663,-12.000360407554751,0.28381242482718255,0.01
0.12626262626262627,0.3061224489795918,0.9952543899942972,-0.1697780357372067,0.1832656962804364,1.920050047901484,0.18239598875846585,0.01
0.12626262626262627,0.32653061224489793,0.9993943500699707,-0.08610078737407444,0.04715361172786137,-15.259034334053839,0.04712505314621777,0.01
0.12626262626262627,0.3469387755102041,0.9971790272076793,0.38574267528662926,0.036084466826744155,14.17425813374435,0.03598267352760051,0.01
0.12626262626262627,0.36734693877551017,1.0008671854506541,-0.5083400578742643,0.015026584777349807,-16.23793057458473,0.015039615613041745,0.01
0.12626262626262627,0.3877551020408163,0.9977923571985915,0.266656035788851,-0.10992663540969234,3.9925149962548656,-0.10968395666434708,0.01
0.12626262626262627,0.4081632653061224,0.9963803840053606,0.37106388052342537,-0.046043093150636934,2.2680721451325656,-0.04587643483422622,0.01
0.12626262626262627,0.42857142857142855,0.9959130472740757,0.07613062168891149,-0.2146361030817087,-18.790187118377332,-0.21375889547513713,0.01
0.12626262626262627,0.44897959183673464,0.9876197267367194,-0.02588993128491612,-0.6443957288499681,-23.32625620691183,-0.6364179336371146,0.01
0.12626262626262627,0.4693877551020408,0.9696111807904035,0.16780118454981838,-1.452352118443203,-55.85346997322522,-1.408216852487158,0.01
0.12626262626262627,0.4897959183673469,0.9283400484329152,0.7098470908685582,-3.075764310845582,-103.2409248822082,-2.8553551892986198,0.01
0.12626262626262627,0.5102040816326531,0.8440697803477267,1.6161858907503617,-5.831572503602881,-166.82827800800737,-4.922254122197926,0.01
0.12626262626262627,0.5306122448979591,0.6903166809389201,3.433608907007955,-9.219676512412706,-165.2059148553556,-6.364496489379257,0.01
0.12626262626262627,0.5510204081632653,0.46775645331047344,5.58532693707932,-10.891079803668674,1.4083923122705,-5.094372861685386,0.01
0.12626262626262627,0.5714285714285714,0.24578281140142316,4.398562290074134,-9.029636262812495,181.01307469163496,-2.219329386606295,0.01
0.12626262626262627,0.5918367346938775,0.09919987115486138,2.3729459874578978,-5.213483149644287,192.9699303988497,-0.5171768567127542,0.01
0.12626262626262627,0.6122448979591836,0.032987580803697195,1.1628941246609548,-2.2341130023445217,99.0083440365273,-0.07369798318943045,0.01
0.12626262626262627,0.6326530612244897,0.008011585344880896,0.459423556488249,-0.7237084951100572,49.011297672450276,-0.005798052373389542,0.01
0.12626262626262627,0.6530612244897959,0.003448458554307107,-0.2911015906939213,-0.17101200257681434,5.152958595807534,-0.0005897278031752045,0.01
0.12626262626262627,0.673469387755102,0.0010315036070517396,-0.3520819155971819,-0.11116269379988074,0.7122736643319619,-0.00011466471962416504,0.01
0.12626262626262627,0.6938775510204082,-0.0010887942538512902,0.3368758287858273,-0.034822433106362786,6.769071883632797,3.7914465071328734e-05,0.01
0.12626262626262627,0.7142857142857142,-0.00038982019320796577,0.12375056045439156,0.059915000392488,2.51519659925458,-2.3356077029055018e-05,0.01
0.12626262626262627,0.7346938775510203,0.0013567159662502607,-0.136297628852952,-0.004382426056143034,-8.816344391220422,-5.945707401280415e-06,0.01
0.12626262626262627,0.7551020408163265,-0.0005686947261117631,0.29718299552103206,0.012394478439503937,10.460481031793826,-7.048674521451844e-06,0.01
0.12626262626262627,0.7755102040816326,0.0018626130454136866,-0.21900783217080677,0.00722323563788496,-10.967262826352487,1.345409292922158e-05,0.01
0.12626262626262627,0.7959183673469387,-0.00027386878170829534,0.06448030576997348,-0.06900567134171258,3.4968299423519262,1.8898499141317855e-05,0.01
0.12626262626262627,0.8163265306122448,-0.0009539449685337652,0.10536260761240704,0.061520156843917505,9.294701219839824,-5.868684408466318e-05,0.01
0.12626262626262627,0.836734693877551,0.002237158028247521,-0.27773166293450563,0.02195342979778029,-13.172240470361272,4.911329171967253e-05,0.01
0.12626262626262627,0.8571428571428571,-5.7886609440692235e-05,-0.014551945478030662,-0.06955228988487469,4.204679941461081,4.026146240271551e-06,0.01
0.12626262626262627,0.8775510204081632,-0.0006017109466453234,0.33157253539931825,-0.003167368517880077,2.301042352504392,1.9058403092682162e-06,0.01
0.12626262626262627,0.8979591836734693,-0.00018716695710926682,-0.23633844460906192,-0.0006091971361908526,-2.050341557098848,1.1402157426052148e-07,0.01
0.12626262626262627,0.9183673469387754,-0.0006265761358776031,0.3839915024748423,-0.014023248064734383,0.7357645661015815,8.786632584854347e-06,0.01
0.12626262626262627,0.9387755102040816,-0.0007595444291392416,-0.08275074968444844,-0.005165055330876771,0.13233832181646465,3.923089002763394e-06,0.01
0.12626262626262627,0.9591836734693877,-0.0008373947208113489,0.23753010089647417,0.028323986464025605,3.1495877740839684,-2.3718356737307147e-05,0.01
0.12626262626262627,0.9795918367346939,0.0003965366510250686,-0.10452028319244264,0.01914538952738441,-4.049090273874805,7.5918486457594346e-06,0.01
0.12626262626262627,1.0,-5.5950250305862766e-05,0.19659730891253124,-0.02217185816521564,0.0,1.2405210140899022e-06,0.01
0.13131313131313133,0.0,0.0021723758388084175,-0.24077881173874308,5.31599336163065,0.0,0.01154833553807236,0.01
0.13131313131313133,0.02040816326530612,0.11066203628025023,-0.5832184312007384,5.300092229609408,-1.5583109380816393,0.5865189986017086,0.01
0.13131313131313133,0.04081632653061224,0.2185026709249067,-1.2180272546404032,5.282747115464867,-0.14151024808344817,1.1542943545499198,0.01
0.13131313131313133,0.061224489795918366,0.32628436752371415,-1.8703810899700322,5.125993323889166,-15.220361326335185,1.6725314896159578,0.01
0.13131313131313133,0.08163265306122448,0.4277268882265053,-2.460244461017126,4.885907677781845,-8.308031992182244,2.0898340871796193,0.01
0.13131313131313133,0.1020408163265306,0.5257091706984833,-2.378341443398818,4.638541195916046,-15.933883230666114,2.4385236453557755,0.01
0.13131313131313133,0.12244897959183673,0.6170551003047112,-2.890330838377669,4.318392058463726,-15.440732239661306,2.6646858447904025,0.01
0.13131313131313133,0.14285714285714285,0.7019700710439415,-3.426580258027861,3.8698528427593657,-28.51611089936594,2.716520874961391,0.01
0.13131313131313133,0.16326530612244897,0.7750082775601955,-2.9608949268957,3.3558884642285114,-21.852398196657788,2.6008413383458686,0.01
0.13131313131313133,0.18367346938775508,0.8389451104002073,-2.8950050048892315,2.8584411109407157,-26.89744242554619,2.3980751933906497,0.01
0.13131313131313133,0.2040816326530612,0.8916793433128778,-2.6102290454500987,2.225587348491674,-35.12222629445989,1.984510265388505,0.01
0.13131313131313133,0.22448979591836732,0.9297854103386429,-2.128777568567048,1.6617723487373537,-20.131643681463537,1.5450916851601708,0.01
0.13131313131313133,0.24489795918367346,0.9595067861184841,-1.6097949674475316,1.1916539782683517,-25.939956624498645,1.143400078853572,0.01
0.13131313131313133,0.26530612244897955,0.9784243482271471,-1.3126496827952696,0.7405207226430592,-18.271102426780036,0.7245435054007312,0.01
0.13131313131313133,0.2857142857142857,0.9897321217365681,-0.6407137853681257,0.39132813503476516,-15.949771158832792,0.38731002538317233,0.01
0.13131313131313133,0.3061224489795918,0.9943969251673416,-0.26774465025154526,0.2260707088619752,-0.24545660610062509,0.22480401776274941,0.01
0.13131313131313133,0.32653061224489793,0.9989594976084855,-0.561155200477182,0.11589228556666938,-10.552028876839346,0.11577169936637917,0.01
0.13131313131313133,0.3469387755102041,0.9991272225374097,-0.2930149967139477,-0.01616231159373388,-2.3893216448801744,-0.016148205492431508,0.01
0.13131313131313133,0.36734693877551017,0.9982998114209861,0.33309959598809596,0.00029111675868531695,4.001757623417256,0.0002906218052970406,0.01
0.13131313131313133,0.3877551020408163,0.9991391048540907,-0.2200648089208683,-0.0011115016180590076,-4.1392142243381995,-0.0011105447317113503,0.01
0.13131313131313133,0.4081632653061224,0.9982544440080041,-0.2463507279443999,-0.06961820752158904,-2.574442954207478,-0.06949668504229771,0.01
0.13131313131313133,0.42857142857142855,0.9962975453634136,-0.17588092578715206,-0.26375412524991254,-16.450876983167696,-0.2627775875659622,0.01
0.13131313131313133,0.44897959183673464,0.9874889695080077,0.1851597268448155,-0.6330526541525326,-19.74037884928881,-0.6251325130933937,0.01
0.13131313131313133,0.4693877551020408,0.9704586615204531,0.13504475424225526,-1.3613139515605763,-51.62922829669947,-1.3210989153405959,0.01
0.13131313131313133,0.4897959183673469,0.9319251347504331,1.2291486493832664,-2.896544991138949,-98.82341358198109,-2.6993630811778573,0.01
0.13131313131313133,0.5102040816326531,0.8522323353515164,2.227521687802974,-5.494541369787652,-155.78023152559183,-4.6826258232596505,0.01
0.13131313131313133,0.5306122448979591,0.7076581400652229,3.349947420512362,-8.728545423346748,-161.15216572319972,-6.176826219760374,0.01
0.13131313131313133,0.5510204081632653,0.49596517521491446,4.653184191985331,-10.771679006269071,-39.07492540318797,-5.342377665703055,0.01
0.13131313131313133,0.5714285714285714,0.26799777246240364,4.721703645073555,-9.427127844962621,170.8409392112201,-2.5264492631682822,0.01
0.13131313131313133,0.5918367346938775,0.11118444684909319,2.9949159477433205,-5.61385623071814,202.85967898473916,-0.6241734997027316,0.01
0.13131313131313133,0.6122448979591836,0.0388607834535,0.4962115683029674,-2.4708872425402615,105.15128185669293,-0.09602061407037282,0.01
0.13131313131313133,0.6326530612244897,0.01033190633724579,0.47548141652567366,-0.9036221063534636,48.44070148961328,-0.009336138967108741,0.01
0.13131313131313133,0.6530612244897959,0.0019782485002974035,0.2705561138503925,-0.2714255584661732,13.514560203341182,-0.0005369472039780924,0.01
0.13131313131313133,0.673469387755102,-0.0007466878858633203,0.3014463163209332,-0.03345841714708355,9.806219645929609,2.4982994763888882e-05,0.01
0.13131313131313133,0.6938775510204082,0.0006125988208246054,0.1408991821076016,0.0240558278192107,-4.169823639232772,1.4736571756008216e-05,0.01
0.13131313131313133,0.7142857142857142,0.0002351826373697694,-0.21234125676797952,0.001365759422032978,1.946196936309355,3.212029028863277e-07,0.01
0.13131313131313133,0.7346938775510203,0.0006683441033565637,-0.32032480421481,0.017077647979880664,-0.4064318576402815,1.1413745326552374e-05,0.01
0.13131313131313133,0.7551020408163265,0.0009322294936914291,-0.2995226363938532,0.0021601350996683726,-1.0554844046205232,2.0137416502689317e-06,0.01
0.13131313131313133,0.7755102040816326,0.0007565128829348646,0.134321310924622,-0.021570784053533906,-1.2701456723933005,-1.631857603150434e-05,0.01
0.13131313131313133,0.7959183673469387,5.178932824106569e-05,0.2684705728169039,-0.028868925004900764,0.5549278591593481,-1.4951022330455147e-06,0.01
0.13131313131313133,0.8163265306122448,-0.00042181058665292156,0.17040839959539236,0.01917574657492892,4.153449955663962,-8.08853291227852e-06,0.01
0.13131313131313133,0.836734693877551,0.0008344728619116339,-0.28450291200590405,0.007115517925478653,-5.335352363310088,5.937706607257704e-06,0.01
0.13131313131313133,0.8571428571428571,-0.00013138128357216024,0.10706467745107037,0.005841411424108575,5.210489926175821,-7.674521307724651e-07,0.01
0.13131313131313133,0.8775510204081632,0.0010728978179976982,-0.02613742007654927,-0.03061064745076021,-8.782791695912962,-3.284209685741743e-05,0.01
0.13131313131313133,0.8979591836734693,-0.0013807954652358422,-0.05113496516552907,0.005876988183760359,12.358579988095977,-8.114918633380933e-06,0.01
0.13131313131313133,0.9183673469387754,0.0013127748867226108,-0.7613869939277673,0.004981289943614255,-12.446358415630298,6.539312341460684e-06,0.01
0.13131313131313133,0.9387755102040816,-0.0011774775083536278,0.2574683301188335,-0.023287804516078894,9.675987158580368,2.7420866036618936e-05,0.01
0.13131313131313133,0.9591836734693877,0.0003622522534132682,-0.2498571930153056,0.025630281560258643,-4.882014723099288,9.28462725082023e-06,0.01
0.13131313131313133,0.9795918367346939,-0.0001313435671185811,-0.06324122341716806,0.014080473347553092,3.750133518254144,-1.8493795961857318e-06,0.01
0.13131313131313133,1.0,0.000936965451272578,-0.35096718847384245,0.0523471419011668,0.0,4.904746343425643e-05,0.01
0.13636363636363638,0.0,0.0009563212340672906,-0.11744924762064955,5.231248203278944,0.0,0.005002753737472016,0.01
0.13636363636363638,0.02040816326530612,0.10771648864792327,-0.7062556280997629,5.179170073795818,-5.10365668934621,0.5578820144596912,0.01
0.13636363636363638,0.04081632653061224,0.21235101812369253,-0.9770863391798257,5.123476988495939,-0.3542656700420526,1.0879755548404226,0.01
0.13636363636363638,0.061224489795918366,0.31683799838245136,-1.7306852191733315,4.972284629160733,-14.46258554480808,1.5754087092911162,0.01
0.13636363636363638,0.08163265306122448,0.4153014111506612,-2.0733033869437247,4.823053997685859,-0.16201633972956317,2.003021131294775,0.01
0.13636363636363638,0.1020408163265306,0.5136973452267721,-2.9556334011927468,4.5853234371012315,-23.135578597564,2.3554684766450005,0.01
0.13636363636363638,0.12244897959183673,0.6024574698078543,-2.7828286335308654,4.18868574049195,-15.734915670145586,2.5235050130370187,0.01
0.13636363636363638,0.14285714285714285,0.6846641101448109,-2.5442352256176135,3.861121427765973,-16.366386977000136,2.6435712665024518,0.01
0.13636363636363638,0.16326530612244897,0.760054262777894,-2.75116470547389,3.421664189995665,-26.70042232449005,2.6006504534006747,0.01
0.13636363636363638,0.18367346938775508,0.8243238730017768,-3.205986985092698,2.9018315861700956,-24.24317285041574,2.3920490519106226,0.01
0.13636363636363638,0.2040816326530612,0.8784963683358571,-2.529473709770779,2.320398319147702,-32.73728731777886,2.038461496463883,0.01
0.13636363636363638,0.22448979591836732,0.9190340084771932,-1.8418958875963145,1.785563434146762,-19.67653141231326,1.6409935202742016,0.01
0.13636363636363638,0.24489795918367346,0.9513765085051127,-1.599214972919667,1.292639499487587,-28.63001418428591,1.2297868537782968,0.01
0.13636363636363638,0.26530612244897955,0.9717948043746457,-1.098231121719258,0.8604322830518747,-13.726293026413913,0.8361636221860264,0.01
0.13636363636363638,0.2857142857142857,0.9864961935276382,-0.9970577079082587,0.5206219395666907,-19.575120635134123,0.5135915616495165,0.01
0.13636363636363638,0.3061224489795918,0.9930446794590004,-0.5617058708932343,0.23591507921464247,-8.326151679366605,0.23427421421824932,0.01
0.13636363636363638,0.32653061224489793,0.9961253804343583,-0.25044026587183454,0.11276539926197816,-3.7425169559944984,0.11232847623967031,0.01
0.13636363636363638,0.3469387755102041,0.9976473488166322,-0.1311009098541196,0.09449042837292933,1.9515698088677123,0.09426812535480082,0.01
0.13636363636363638,0.36734693877551017,0.9999821326128452,-0.07052776157579643,0.00931778140984918,-10.298489211249567,0.009317614925441305,0.01
0.13636363636363638,0.3877551020408163,0.9980276664251975,0.30369155451560137,-0.07281116291273654,2.249852667636165,-0.07266755501150333,0.01
0.13636363636363638,0.4081632653061224,0.9970102484123253,0.3789110104819124,-0.06415100986110395,-1.401157668576171,-0.06395921427752078,0.01
0.13636363636363638,0.42857142857142855,0.9954092578594381,0.09098678514297796,-0.2103601548340753,-12.927338538775288,-0.20939444560658338,0.01
0.13636363636363638,0.44897959183673464,0.9884241196435876,0.11353855900287678,-0.5945795270781867,-24.726159941147642,-0.5876967456103573,0.01
0.13636363636363638,0.4693877551020408,0.9711407057337978,0.7684834970066287,-1.2321335040747579,-37.7541298045158,-1.1965750007054177,0.01
0.13636363636363638,0.4897959183673469,0.9381329562119648,0.4250144000375908,-2.637627390774113,-99.98427109202073,-2.4744451814925696,0.01
0.13636363636363638,0.5102040816326531,0.8634824448858749,1.1438727191893754,-5.232119299622688,-154.27593597513945,-4.517843164772771,0.01
0.13636363636363638,0.5306122448979591,0.7245770664314469,3.4916982797086575,-8.428400315506003,-158.95960358142517,-6.107025575319222,0.01
0.13636363636363638,0.5510204081632653,0.5194661054774666,4.961614644964757,-10.601941493633975,-54.047431875116246,-5.507349258197997,0.01
0.13636363636363638,0.5714285714285714,0.29184476056883574,4.599721557153136,-9.632317602457213,149.07057321043877,-2.8111414244121073,0.01
0.13636363636363638,0.5918367346938775,0.12631028496900895,3.509381021980007,-6.136707523045814,193.4992145718786,-0.7751292760073778,0.01
0.13636363636363638,0.6122448979591836,0.04136690248533317,2.0129644583369637,-2.7826354547363845,135.19984812244547,-0.11510900950831073,0.01
0.13636363636363638,0.6326530612244897,0.012733327632830001,0.5289606005487277,-0.9315441196569387,46.20710271534021,-0.011861656480027995,0.01
0.13636363636363638,0.6530612244897959,0.0033446935197438306,0.2376760058562957,-0.29296020470362855,16.374120950084205,-0.0009798620982150524,0.01
0.13636363636363638,0.673469387755102,0.0007757682571716959,0.0006448017572841302,-0.04950182536778243,7.484800224828715,-3.8401944792382215e-05,0.01
0.13636363636363638,0.6938775510204082,0.0013242108516710782,-0.21873242639605714,-0.039518897133710325,-6.506473257889647,-5.233135243053228e-05,0.01
0.13636363636363638,0.7142857142857142,-0.0008372479523675011,0.35225769416787805,-0.055704885350184634,4.920246412675166,4.663880119630849e-05,0.01
0.13636363636363638,0.7346938775510203,-0.000949457938132376,0.013197890023986506,0.006290053026174078,1.1552575482079896,-5.9721407769745526e-06,0.01
0.13636363636363638,0.7551020408163265,-0.0005805110941563143,0.21353215070834197,0.05841685136692133,3.9531686891852433,-3.3911630304178284e-05,0.01
0.13636363636363638,0.7755102040816326,0.0014349033421501272,-0.056418988335443385,0.04871120395486786,-4.904322135566483,6.989586935499639e-05,0.01
0.13636363636363638,0.7959183673469387,0.0014077013121648228,-0.0792294081103123,-0.024403603426951904,-2.260928987851855,-3.435298456567016e-05,0.01
0.13636363636363638,0.8163265306122448,0.0004388378961520904,-0.04762449672781826,-0.04924774018344884,-0.1737964142848451,-2.161177469234945e-05,0.01
0.13636363636363638,0.836734693877551,-0.0006024105320575787,0.372120256967651,-0.0007224678954096737,4.9292730985126845,4.3522226926826066e-07,0.01
0.13636363636363638,0.8571428571428571,0.00040934941062516493,-0.2600867547011364,0.037810878859811575,-1.1530051165010013,1.5477860976483377e-05,0.01
0.13636363636363638,0.8775510204081632,0.000940890645893914,-0.3604491617410898,-0.05018585575432934,-7.47067487568481,-4.721940223542973e-05,0.01
0.13636363636363638,0.8979591836734693,-0.0016390528650617466,0.034980948173011166,-0.0851008631261126,4.049004153250049,0.0001394848135260824,0.01
0.13636363636363638,0.9183673469387754,-0.002532613971498437,0.23690071065743698,0.04316705122880054,8.521251453531443,-0.000109325477050449,0.01
0.13636363636363638,0.9387755102040816,0.00012286759325664268,0.2612640591639144,0.04000754963723078,-8.830882609505277,4.915631336022214e-06,0.01
0.13636363636363638,0.9591836734693877,-0.000899652761815548,0.00349328322701685,-0.014053476326771858,3.532902065033018,1.2643248790489724e-05,0.01
0.13636363636363638,0.9795918367346939,-0.00045074368538710664,-0.10508927596036614,0.0015693880509159517,-2.0018613560196123,-7.073917538723442e-07,0.01
0.13636363636363638,1.0,-0.0008355961066761214,0.07942845202440177,-0.018857768643161722,0.0,1.5757478058824977e-05,0.01
0.14141414141414144,0.0,0.00036314321578118173,-0.05578883390119435,5.085533492958355,0.0,0.0018467769865958027,0.01
0.14141414141414144,0.02040816326530612,0.1041495410312578,-0.27855109222348046,5.072800837719052,-1.2478002134516613,0.5283298789914194,0.01
0.14141414141414144,0.04081632653061224,0.20741623863288533,-1.2776848591542114,4.996716761317644,-6.208439273886382,1.0364001961463982,0.01
0.14141414141414144,0.061224489795918366,0.308097163942182,-1.8573115080467977,4.836641610624291,-9.478925494062153,1.4901555632380914,0.01
0.14141414141414144,0.08163265306122448,0.4048301819236727,-1.8885763063725003,4.671482126678407,-6.70670393263455,1.8911569591964048,0.01
0.14141414141414144,0.1020408163265306,0.49876990380660674,-1.9493097793385952,4.497528646488176,-10.340737126008044,2.2432319303763655,0.01
0.14141414141414144,0.12244897959183673,0.5884027797395166,-2.733857420183919,4.239591070297964,-14.937145340632753,2.4945871707221543,0.01
0.14141414141414144,0.14285714285714285,0.6718144372881563,-3.1813464978739407,3.8650394390659524,-21.76891452010437,2.596589295852624,0.01
0.14141414141414144,0.16326530612244897,0.7461594915381269,-3.4616584133560155,3.3397807652121316,-29.706435517570036,2.4920091176195003,0.01
0.14141414141414144,0.18367346938775508,0.8081320195417127,-2.35126363037056,2.929263047759622,-10.524300792775913,2.367231262554896,0.01
0.14141414141414144,0.2040816326530612,0.86572124858954,-2.679849254531539,2.4891873690904363,-32.60311571680431,2.1549423971422845,0.01
0.14141414141414144,0.22448979591836732,0.9097315039943835,-2.5396659562322283,1.9006712071409653,-25.071468154243856,1.7291004758711708,0.01
0.14141414141414144,0.24489795918367346,0.9432996652075386,-1.7583308131402813,1.3846586245582329,-25.497764938863927,1.306148016972512,0.01
0.14141414141414144,0.26530612244897955,0.9662481825477808,-1.3963832854149192,0.9349416416012661,-18.57449939091883,0.903385661985462,0.01
0.14141414141414144,0.2857142857142857,0.9814605485382025,-0.6971081079682472,0.5870101650476885,-15.522785311331775,0.5761273185852052,0.01
0.14141414141414144,0.3061224489795918,0.9902077811211558,-0.5929464742472919,0.32829956067874544,-9.83085391682465,0.3250847795227508,0.01
0.14141414141414144,0.32653061224489793,0.9948605306067227,0.06057463952639818,0.16604732625924234,-6.069865056286657,0.16519393110809744,0.01
0.14141414141414144,0.3469387755102041,0.9969852230092882,0.11123590585018416,0.11675232915703505,1.23895534027034,0.11640034692148041,0.01
0.14141414141414144,0.36734693877551017,0.9996259317968058,-0.3420645336114669,0.0631178590717591,-6.4951334086273835,0.06309424868762666,0.01
0.14141414141414144,0.3877551020408163,0.9995614621550742,0.2752142964118407,-0.01719878960256549,-1.3758981614561612,-0.01719124728243785,0.01
0.14141414141414144,0.4081632653061224,0.9989239403844562,-0.18783850061603655,-0.09047053940468615,-5.8047333191513975,-0.0903731877108363,0.01
0.14141414141414144,0.42857142857142855,0.995868787077332,-0.06428592449957038,-0.24319664504233982,-9.162425033338664,-0.2421919479195914,0.01
0.14141414141414144,0.44897959183673464,0.9889975467092587,0.022611841330074652,-0.5107478632364724,-17.057594349686333,-0.5051283837278672,0.01
0.14141414141414144,0.4693877551020408,0.9750219355166596,0.10947230948839824,-1.1935923015224825,-49.86116060234268,-1.1637786760482354,0.01
0.14141414141414144,0.4897959183673469,0.940279493585892,0.7421116444310408,-2.5911777142919044,-87.10220984906039,-2.436431268985441,0.01
0.14141414141414144,0.5102040816326531,0.8692595798312758,1.7197114424457118,-4.8526558902694505,-134.5226513967389,-4.218217620241388,0.01
0.14141414141414144,0.5306122448979591,0.7422119062279553,3.0918940447435337,-7.956002956003494,-169.6053610451974,-5.9050401199306,0.01
0.14141414141414144,0.5510204081632653,0.544524765300521,4.2969289499333305,-10.464837603243117,-76.26043438428593,-5.698363239814024,0.01
0.14141414141414144,0.5714285714285714,0.3150756775241546,5.087999677688458,-9.812013177018459,140.23722815430244,-3.0915266996250237,0.01
0.14141414141414144,0.5918367346938775,0.14403443154466555,2.954994178460527,-6.456786052949835,188.57503000442273,-0.9299995087421543,0.01
0.14141414141414144,0.6122448979591836,0.051533389648651166,1.477795470769094,-3.151424850317528,135.35036785354342,-0.16240360475985535,0.01
0.14141414141414144,0.6326530612244897,0.015404845817419535,0.32783983928207544,-1.1512136503931831,60.670329739042366,-0.017734268787215703,0.01
0.14141414141414144,0.6530612244897959,0.00454507738770492,-0.14242625661409933,-0.3583326141500445,17.032011812785225,-0.0016286494618505593,0.01
0.14141414141414144,0.673469387755102,0.0007790248317034339,0.004898204764630862,-0.10597660612628064,7.698876973543634,-8.255840775202688e-05,0.01
0.14141414141414144,0.6938775510204082,0.0002195016274485672,-0.05212798666781794,0.003988758745378318,3.0777287838789458,8.75539036110246e-07,0.01
0.14141414141414144,0.7142857142857142,0.0009418313111066305,-0.14674021701830708,-0.027006437106290335,-6.115257977342474,-2.5435508068136183e-05,0.01
0.14141414141414144,0.7346938775510203,-0.000882801927910222,0.3103139978482154,-0.01087548139179882,7.696091637362644,9.600895939631742e-06,0.01
0.14141414141414144,0.7551020408163265,0.0004979341114413726,0.14126400183088086,0.04980264167093127,-1.7496355772150936,2.479843412784824e-05,0.01
0.14141414141414144,0.7755102040816326,0.0011499589566175848,-0.5286954151874937,0.012485657535387907,-1.9074288680681566,1.4357993712079163e-05,0.01
0.14141414141414144,0.7959183673469387,0.0010075527863551647,-0.23431274313934,-0.023315396132068997,-1.6010743913426202,-2.3491492337840546e-05,0.01
0.14141414141414144,0.8163265306122448,0.000198310134900483,-0.34185260664155703,0.006601082010541582,4.532889249318457,1.3090614639996526e-06,0.01
0.14141414141414144,0.836734693877551,0.0012769847051527802,-0.31189989703759785,-0.027011989715340457,-7.826970278454898,-3.449389772223396e-05,0.01
0.14141414141414144,0.8571428571428571,-0.0009042200575623926,-0.0887550319198835,-0.05283533709152254,5.296282235589053,4.777477154622493e-05,0.01
0.14141414141414144,0.8775510204081632,-0.0008795596659297722,0.3128929208378647,-0.013674953125962591,-1.4585646069641776,1.202793720307695e-05,0.01
0.14141414141414144,0.8979591836734693,-0.0014623814096424983,0.2987662842370634,-0.011186358713163565,1.702446859418482,1.6358723023722777e-05,0.01
0.14141414141414144,0.9183673469387754,-0.0013361457358548156,0.1273572016556425,0.07116672910393755,6.36815574665743,-9.508912162696097e-05,0.01
0.14141414141414144,0.9387755102040816,0.0014423830435794426,-0.4627443818763158,0.011126327556193942,-12.252115098336304,1.604842620436484e-05,0.01
0.14141414141414144,0.9591836734693877,-0.0008820099172346548,0.20227747749935174,-0.059385075874978294,5.341997562081424,5.23782258574633e-05,0.01
0.14141414141414144,0.9795918367346939,-0.000981497604378855,0.15104951616811896,0.010965406412208532,1.5523497020628851,-1.0762520124623207e-05,0.01
0.14141414141414144,1.0,-0.00043444230857308207,0.36500816519247886,0.026805709494482872,0.0,-1.1645534315722524e-05,0.01
0.14646464646464646,0.0,8.138142840141227e-05,-0.32198749776751867,5.030405459333142,0.0,0.0004093815817187935,0.01
0.14646464646464646,0.02040816326530612,0.10274271733315941,-0.6917560332110786,4.9216066325741075,-10.662285022385381,0.5056592390755641,0.01
0.14646464646464646,0.04081632653061224,0.20096328479877315,-0.9644483208218773,4.801365093703142,-1.1213857869692812,0.9648981007487526,0.01
0.14646464646464646,0.061224489795918366,0.2987168027904305,-1.472375274953895,4.761051507306877,-2.8293456798647414,1.4222060841832702,0.01
0.14646464646464646,0.08163265306122448,0.3952919177500742,-1.8367094645982303,4.6600985022003805,-7.0640488205718315,1.842099273839037,0.01
0.14646464646464646,0.1020408163265306,0.4889249049210583,-2.6143110603644595,4.392935781395349,-19.117897818321328,2.147815709243036,0.01
0.14646464646464646,0.12244897959183673,0.574595419031517,-2.54238968588855,4.087142082398388,-10.849884683380823,2.3484531174770487,0.01
0.14646464646464646,0.14285714285714285,0.6557470307332374,-2.9612172918726025,3.774983255567385,-19.7416803460575,2.4754340609060024,0.01
0.14646464646464646,0.16326530612244897,0.728676368238349,-2.598556108072523,3.4424930392213886,-12.842360855850126,2.508463325505638,0.01
0.14646464646464646,0.18367346938775508,0.7962569507014573,-2.947944344818019,3.0260020598363884,-27.97375512387991,2.4094751729816513,0.01
0.14646464646464646,0.2040816326530612,0.8521866563949363,-2.698494573143236,2.4658749600823007,-26.91870065202069,2.1013857373205327,0.01
0.14646464646464646,0.22448979591836732,0.8969049082558369,-2.136641611768929,2.0146974789292775,-17.29669250097557,1.8069920575023295,0.01
0.14646464646464646,0.24489795918367346,0.934419206555315,-1.9016875447193953,1.5261254196846172,-30.583369305001153,1.426040903765597,0.01
0.14646464646464646,0.26530612244897955,0.9591957417123519,-1.2742488743806448,1.0662545520897249,-14.483975719298298,1.0227468259458752,0.01
0.14646464646464646,0.2857142857142857,0.9779398005181609,-1.089276473973471,0.686425326025501,-22.739288434995643,0.6712826464039919,0.01
0.14646464646464646,0.3061224489795918,0.9872131019582907,-0.5679727432673032,0.4220532339798506,-3.169176585478104,0.4166564823087766,0.01
0.14646464646464646,0.32653061224489793,0.9951664631295833,-0.12859828779912408,0.2531810046046371,-13.380301893292819,0.25195724488399146,0.01
0.14646464646464646,0.3469387755102041,0.997547020513582,-0.16358967515151243,0.06693081530916789,-4.872216657663168,0.06676663539220527,0.01
0.14646464646464646,0.36734693877551017,0.9978983331422024,0.2078008984943773,0.08340811446953983,6.486991975379619,0.08323281839968781,0.01
0.14646464646464646,0.3877551020408163,1.0009514333490734,-0.38786782069121356,0.001884734682222611,-14.476283194536709,0.0018865278816534328,0.01
0.14646464646464646,0.4081632653061224,0.9979752610884156,-0.09305346492778875,-0.13247940512352235,1.3085974935734321,-0.1322111689169852,0.01
0.14646464646464646,0.42857142857142855,0.9955441106909705,0.051327796670237895,-0.21715607242779575,-9.606910889392758,-0.2161884490062739,0.01
0.14646464646464646,0.44897959183673464,0.9891117479280974,0.30244747255756566,-0.4892474756975571,-17.058046631044125,-0.4839204258566201,0.01
0.14646464646464646,0.4693877551020408,0.9755748259686212,0.4477006678933119,-1.1045632854822116,-43.24290272785202,-1.077584135005637,0.01
0.14646464646464646,0.4897959183673469,0.9440275321941296,1.0443908355619351,-2.3919309528906205,-82.91912867817207,-2.2580486746360853,0.01
0.14646464646464646,0.5102040816326531,0.8779449911567592,1.398346559626326,-4.56189998720048,-129.7378366841942,-4.005097243920745,0.01
0.14646464646464646,0.5306122448979591,0.757827532716559,2.931668753750897,-7.6371048300769955,-171.63223791770432,-5.787608310474965,0.01
0.14646464646464646,0.5510204081632653,0.5662264266638206,4.595335155812346,-10.217844734520135,-81.28027271772338,-5.78561371223307,0.01
0.14646464646464646,0.5714285714285714,0.34077264559328824,4.876307465868184,-9.978060661367367,104.77911188669465,-3.400250129464473,0.01
0.14646464646464646,0.5918367346938775,0.15895864456719347,2.9229799578342357,-6.9035032401696546,196.527515390681,-1.0973715178225967,0.01
0.14646464646464646,0.6122448979591836,0.058997003137383965,1.5969861760710844,-3.4765020286502146,139.31860333822422,-0.20510320109139843,0.01
0.14646464646464646,0.6326530612244897,0.01706060258147042,1.1771903105546684,-1.3516956318118105,68.91242355193943,-0.023060741985450866,0.01
0.14646464646464646,0.6530612244897959,0.003825752859350883,0.7681497068013261,-0.39829256387568795,24.521077105800618,-0.0015237689151056074,0.01
0.14646464646464646,0.673469387755102,0.00080376323960561,0.09709798360254161,-0.09480333535009937,5.220867289707065,-7.619943594641291e-05,0.01
0.14646464646464646,0.6938775510204082,-4.377103248990726e-05,0.19238658619916646,-0.01477458132372259,2.6219506048778602,6.466986791454386e-07,0.01
0.14646464646464646,0.7142857142857142,0.00020071910394346348,0.27058887061172465,0.017841182189885514,0.574394219455734,3.5810661024459e-06,0.01
0.14646464646464646,0.7346938775510203,0.0006844404854646034,0.08380940710751444,0.02476140427388353,0.10378754477607179,1.6947707562002152e-05,0.01
0.14646464646464646,0.7551020408163265,0.0012113886661427912,-0.5114424783214562,-0.05401417963904286,-7.82379476824286,-6.543216502573725e-05,0.01
0.14646464646464646,0.7755102040816326,-0.0015202199079657173,0.2807134988123306,-0.03398722252405862,9.786436565511316,5.166805229753475e-05,0.01
0.14646464646464646,0.7959183673469387,-0.00017584490626776464,0.10087942123154715,-0.00019595770087984884,-6.474892612839796,3.445816354366368e-08,0.01
0.14646464646464646,0.8163265306122448,-0.0015282181814710173,0.16120716997592638,-0.0029993486485862843,6.2001602999645655,4.583659137340085e-06,0.01
0.14646464646464646,0.836734693877551,-0.00029826730008761297,-0.007420497831402957,0.004305639480018142,-5.484271463361331,-1.284231462855645e-06,0.01
0.14646464646464646,0.8571428571428571,-0.0013524777945315013,0.4783313089983514,0.024474885322360463,7.460857555910879,-3.310173892219749e-05,0.01
0.14646464646464646,0.8775510204081632,0.0007007076110291405,-0.15869269949623582,0.034275916802548524,-6.500356470852448,2.4017395778547353e-05,0.01
0.14646464646464646,0.8979591836734693,4.653921781741784e-05,0.32930646340354774,-0.03414406133924662,-0.2048013870434758,-1.589037907838474e-06,0.01
0.14646464646464646,0.9183673469387754,-0.000692927545674803,0.28233730118311534,-0.023060600793930082,1.2909805204844966,1.5979325509924385e-05,0.01
0.14646464646464646,0.9387755102040816,-0.0008947097941797283,0.1841216909539409,0.02039676572877413,2.9678413987405166,-1.8249186067123637e-05,0.01
0.14646464646464646,0.9591836734693877,0.00013959350447924297,0.41418895545966805,0.016564169085065413,-3.3434358698239706,2.3122504113710166e-06,0.01
0.14646464646464646,0.9795918367346939,-0.0002186212600954258,0.2087469994547674,0.03110127433383285,4.76807218420318,-6.799399785436062e-06,0.01
0.14646464646464646,1.0,0.0014090332732071143,0.10597400807764502,0.07975507213182448,0.0,0.00011237755034077416,0.01
0.15151515151515152,0.0,-0.0015448180552729246,0.28972217011317214,4.93889708440014,0.0,-0.007629697389116142,0.01
0.15151515151515152,0.02040816326530612,0.09924899999370952,-0.4617669538474808,4.84211021760021,-9.485112946393162,0.480574596956144,0.01
0.15151515151515152,0.04081632653061224,0.19609233368351114,-0.5905426450216036,4.704773318841026,-3.9739031320068947,0.9225699795434547,0.01
0.15151515151515152,0.061224489795918366,0.2912805640280371,-1.3764472694710854,4.653120204162833,-1.0881021064560228,1.355363477558805,0.01
0.15151515151515152,0.08163265306122448,0.38601560732281043,-2.2158397224044113,4.518798367136952,-12.075437922080257,1.7443266960596948,0.01
0.15151515151515152,0.1020408163265306,0.47572131370709636,-2.481605124899689,4.305616764114475,-8.816359174122457,2.0482736633438354,0.01
0.15151515151515152,0.12244897959183673,0.5617550670825849,-2.382250745692359,4.044216816378441,-16.800835704008954,2.2718592889811893,0.01
0.15151515151515152,0.14285714285714285,0.6407913878449919,-2.5567232373556905,3.7680333699941153,-10.265142041654965,2.414523332604771,0.01
0.15151515151515152,0.16326530612244897,0.715552347490508,-3.1981709184586675,3.444135398831678,-21.476859132263908,2.4644591697091642,0.01
0.15151515151515152,0.18367346938775508,0.7813683428993461,-2.6270702732861757,3.013635936633194,-20.712088163187534,2.3547597179089976,0.01
0.15151515151515152,0.2040816326530612,0.8385578959245159,-2.267605741206715,2.5662634295757485,-23.13041752844211,2.1519604618930717,0.01
0.15151515151515152,0.22448979591836732,0.8861137890044787,-1.9517046544370777,2.1132922880019245,-21.260754345792655,1.8726174365953292,0.01
0.15151515151515152,0.24489795918367346,0.9248147240062271,-2.036002139240334,1.632835632139228,-25.823997928751606,1.5100704344843736,0.01
0.15151515151515152,0.26530612244897955,0.9527601413366921,-1.5333703865831567,1.1667801643789932,-19.849437911751412,1.1116616343225785,0.01
0.15151515151515152,0.2857142857142857,0.9724384041849615,-1.0993280807182781,0.773818079622859,-18.66084639434976,0.7524904184779245,0.01
0.15151515151515152,0.3061224489795918,0.98434455274987,-0.23762117549136216,0.540925029743848,-4.162672493793312,0.5324566064744182,0.01
0.15151515151515152,0.32653061224489793,0.9945169768275676,-0.8589407772829555,0.30321830343714656,-19.132586684263437,0.301555750453095,0.01
0.15151515151515152,0.3469387755102041,0.9967208100330188,0.025862473119376835,0.1085559671485153,0.055677727977569216,0.10819999151018594,0.01
0.15151515151515152,0.36734693877551017,0.9989478326295478,-0.5171388274057789,0.05565652575376873,-5.239822984662733,0.055597965773417884,0.01
0.15151515151515152,0.3877551020408163,0.9989925049617441,0.06913802442256567,-0.03534219412506562,-3.678051563462768,-0.03530658703984354,0.01
0.15151515151515152,0.4081632653061224,0.9975052940938308,-0.2233454751740744,-0.07813449287425184,-0.515593713957216,-0.07793957029340291,0.01
0.15151515151515152,0.42857142857142855,0.9958033419872848,0.027127313197265576,-0.16821782511268873,-8.312572845409601,-0.16751187242904805,0.01
0.15151515151515152,0.44897959183673464,0.9906392604157619,0.04200706577637336,-0.4402013375916717,-18.34181137753073,-0.43608072750584276,0.01
0.15151515151515152,0.4693877551020408,0.9778359404529309,0.2925348694230967,-1.0127571622821758,-37.7686594421387,-0.9903103522306329,0.01
0.15151515151515152,0.4897959183673469,0.9493022333838363,0.3573962434175681,-2.2743005268933536,-85.86259028975672,-2.158998569565896,0.01
0.15151515151515152,0.5102040816326531,0.8850073475185083,1.6268877578529124,-4.32837317409124,-115.43652913563616,-3.830642061872755,0.01
0.15151515151515152,0.5306122448979591,0.7726339405637858,1.910383753743629,-7.2415178573166035,-170.05164982044957,-5.59504247776155,0.01
0.15151515151515152,0.5510204081632653,0.5894351900770143,3.9216676686838357,-9.977220247414714,-98.04718440916503,-5.880924712975127,0.01
0.15151515151515152,0.5714285714285714,0.365400461077471,4.500206381646635,-10.184993501521223,77.68540550672716,-3.721601321526901,0.01
0.15151515151515152,0.5918367346938775,0.17372116960676032,3.6882668610090086,-7.3092778442102055,204.13472890975262,-1.2697762960769765,0.01
0.15151515151515152,0.6122448979591836,0.06706258988521772,2.2266833537328115,-3.6925214547024847,150.3073972620041,-0.24763005195908028,0.01
0.15151515151515152,0.6326530612244897,0.023006008190332383,0.7261454249341386,-1.454253679777008,69.04284468069265,-0.033456572067770855,0.01
0.15151515151515152,0.6530612244897959,0.0077052968330949545,0.17645578050924995,-0.5319403518066329,21.343861460404117,-0.004098758308171064,0.01
0.15151515151515152,0.673469387755102,0.001294157096184103,-0.04284073354213115,-0.1660467517882454,14.513711341397865,-0.00021489058212507817,0.01
0.15151515151515152,0.6938775510204082,0.0009278783927584083,-0.30705075047980257,0.00669272540216117,2.414757423261981,6.210035289330678e-06,0.01
0.15151515151515152,0.7142857142857142,0.0015673295615784364,-0.18333251359277986,0.004406127201272004,-2.6388440469491194,6.905853414628474e-06,0.01
0.15151515151515152,0.7346938775510203,0.001107720319340939,-0.0575440402086348,-0.07200510102340402,-4.849456319069131,-7.976151349982168e-05,0.01
0.15151515151515152,0.7551020408163265,-0.0013716541536625433,-0.028312754408833078,-0.02964978445334591,9.000277342934826,4.066925000063102e-05,0.01
0.15151515151515152,0.7755102040816326,-0.00010247496446909807,-0.2791869760372608,0.04177988120850999,-2.000170108072946,-4.2813918423652e-06,0.01
0.15151515151515152,0.7959183673469387,0.0003336471201541908,0.031188318534439218,-0.014983356976091483,-3.562627234017999,-4.999153905315128e-06,0.01
0.15151515151515152,0.8163265306122448,-0.0007140405553299749,0.29836460008299864,-0.01640009620940587,3.423786789153189,1.1710333804829184e-05,0.01
0.15151515151515152,0.836734693877551,-0.0003357445618623754,0.2826487124541392,0.04354574759137883,2.450905903323712,-1.4620247946037073e-05,0.01
0.15151515151515152,0.8571428571428571,0.0010633368973793648,-0.4433445560080855,0.005756860368883665,-6.154216851128239,6.121482043294982e-06,0.01
0.15151515151515152,0.8775510204081632,-0.00010077066925487888,-0.13656966522938604,0.01583597378702988,7.141969966106568,-1.5958016768217196e-06,0.01
0.15151515151515152,0.8979591836734693,0.0017097031744009925,-0.05980071953879854,0.020427832684208457,-6.691967794183067,3.4925530386323547e-05,0.01
0.15151515151515152,0.9183673469387754,0.0007330184198964867,0.08438467773153487,-0.041025383243502654,0.6695526332673771,-3.0072361600800117e-05,0.01
0.15151515151515152,0.9387755102040816,3.519773589068035e-05,-0.02548641765965105,0.03671174315188293,6.948685753480411,1.2921702395464684e-06,0.01
0.15151515151515152,0.9591836734693877,0.002231456915891708,-0.48242726986662315,0.01961124008643031,-8.624535053894768,4.3761637320077616e-05,0.01
0.15151515151515152,0.9795918367346939,0.0008356565149286521,-0.04194940901788667,-0.007036433801821521,6.013063012846088,-5.880041748356338e-06,0.01
0.15151515151515152,1.0,0.0019442555362255236,-0.36910819794488997,0.054321352043546704,0.0,0.00010561458944592134,0.01
0.15656565656565657,0.0,-8.157477187306533e-05,0.29189027023929986,4.752922503217959,0.0,-0.0003877185689303636,0.01
0.15656565656565657,0.02040816326530612,0.09691684366114649,-0.9702039704519225,4.733188561182018,-1.9339263195221537,0.45872569580280453,0.01
0.15656565656565657,0.04081632653061224,0.19310979507229092,-1.5870840866318694,4.591593178776488,-11.942421156219712,0.8866816178088566,0.01
0.15656565656565657,0.061224489795918366,0.2843288101418195,-1.1621577812239787,4.452010212264455,-1.7367095619596038,1.265834766392382,0.01
0.15656565656565657,0.08163265306122448,0.37482449761369724,-1.8622385712075211,4.382049036540989,-5.119485658940085,1.6424993286400622,0.01
0.15656565656565657,0.1020408163265306,0.46318795449043126,-2.1221311452609544,4.2850255011318765,-4.388820811152955,1.984772196808609,0.01
0.15656565656565657,0.12244897959183673,0.5497234976598963,-2.4882275957101867,4.034921898423026,-20.1213322543143,2.2180913787856147,0.01
0.15656565656565657,0.14285714285714285,0.6278786442219834,-2.174028839333105,3.667073550636668,-15.927805828748852,2.3024771692360457,0.01
0.15656565656565657,0.16326530612244897,0.6993999691144541,-2.2355574078948806,3.435430841355431,-6.773179680812383,2.4027402243388316,0.01
0.15656565656565657,0.18367346938775508,0.7681003112160826,-2.6891686860732458,3.128781627757804,-23.27844325175505,2.4032181420079306,0.01
0.15656565656565657,0.2040816326530612,0.8271053416759971,-2.8561997780220003,2.649831397564652,-23.658679307173852,2.191689703466497,0.01
0.15656565656565657,0.22448979591836732,0.87625669479015,-2.609720925876332,2.1419503094573606,-26.113667327340718,1.876898298569846,0.01
0.15656565656565657,0.24489795918367346,0.9145318849191547,-2.0704531994127433,1.6845992157878193,-18.70673985227434,1.5406196961477643,0.01
0.15656565656565657,0.26530612244897955,0.945015846454959,-1.6149453733614378,1.2826817524284395,-20.681171556944882,1.2121545820034918,0.01
0.15656565656565657,0.2857142857142857,0.9668862421611318,-1.394327478217309,0.9341506840256316,-13.474873146530308,0.9032174444897938,0.01
0.15656565656565657,0.3061224489795918,0.9831444458029439,-0.9966587370874419,0.5706699233507441,-22.146241399608673,0.5610509655290757,0.01
0.15656565656565657,0.32653061224489793,0.9901788920938153,-0.310967759109132,0.33582107813898043,-0.8689454311441622,0.3325229430934062,0.01
0.15656565656565657,0.3469387755102041,0.9968514285841268,-0.13996594893033398,0.1508496427646306,-17.258255235542126,0.1503746818913272,0.01
0.15656565656565657,0.36734693877551017,0.9963360203699226,-0.40035311310084193,0.0610113288190623,8.454100468876431,0.060787784553065306,0.01
0.15656565656565657,0.3877551020408163,0.9993416869032722,-0.1798782581195155,0.001011023701584679,-14.334130370389506,0.0010103581314408235,0.01
0.15656565656565657,0.4081632653061224,0.9963772866434567,0.4870709419389682,-0.08333278795010968,6.068436828523191,-0.08303089714616482,0.01
0.15656565656565657,0.42857142857142855,0.9959403486195942,-0.28861040952499617,-0.1353837985809414,-11.169435870344968,-0.1348341875561477,0.01
0.15656565656565657,0.44897959183673464,0.9908514173136224,0.29100310974332877,-0.407360503614233,-15.484281222917607,-0.4036337323637537,0.01
0.15656565656565657,0.4693877551020408,0.9793133892884011,0.14695628299386465,-0.9737317337356645,-40.02009932898269,-0.9535885244223444,0.01
0.15656565656565657,0.4897959183673469,0.9511072649162483,0.5944889935093649,-2.1091912048401693,-71.25492883925932,-2.0060670780209398,0.01
0.15656565656565657,0.5102040816326531,0.8932239523561493,1.237571934016443,-4.13621057811655,-127.39296974182606,-3.6945623603625783,0.01
0.15656565656565657,0.5306122448979591,0.7822823433604708,2.8358814024035683,-6.957567817845101,-149.10003975157164,-5.442782456633263,0.01
0.15656565656565657,0.5510204081632653,0.6092415924441044,4.531388261606988,-9.656762396992372,-115.4210290048609,-5.883301300597979,0.01
0.15656565656565657,0.5714285714285714,0.3881287761362924,4.835707354881343,-10.213873904491088,60.82410126998664,-3.96429837816054,0.01
0.15656565656565657,0.5918367346938775,0.19234878001589673,4.069706776559288,-7.590597612815703,196.2569753142011,-1.4600421904166785,0.01
0.15656565656565657,0.6122448979591836,0.07830846540912081,1.7978251615322616,-4.0590465818935675,149.83502571616842,-0.31785770885222253,0.01
0.15656565656565657,0.6326530612244897,0.026673409326363386,1.2387780411563682,-1.7079434552516406,80.57308069474041,-0.04555667488821042,0.01
0.15656565656565657,0.6530612244897959,0.008596487643747732,0.28961348698455897,-0.6270926794968784,25.350295329226295,-0.005390794470779572,0.01
0.15656565656565657,0.673469387755102,0.0010777897550622285,0.26322164029016404,-0.22587458011769884,13.969078409933303,-0.00024344530837983833,0.01
0.15656565656565657,0.6938775510204082,-0.0006228829733012007,0.5366679187922462,-0.010691358492994858,7.118877309287693,6.659465166745681e-06,0.01
0.15656565656565657,0.7142857142857142,0.0006414077757563159,-0.08845581124061556,0.035279432260078125,-2.61373981548654,2.262850217588233e-05,0.01
0.15656565656565657,0.7346938775510203,0.0008170938536407633,-0.2905903268746781,-0.052823363144582317,-6.020334134170183,-4.3161645354072234e-05,0.01
0.15656565656565657,0.7551020408163265,-0.001514647862798064,0.028854131984317945,-0.05707529924022135,5.603644396797557,8.644898001276123e-05,0.01
0.15656565656565657,0.7755102040816326,-0.0015125101969805164,0.6612422677951715,0.04914238770906641,4.805688924232646,-7.432836251393295e-05,0.01
0.15656565656565657,0.7959183673469387,0.0004911638804291364,-0.037229465943488776,0.05648135825091033,-4.086469811131942,2.7741603090425335e-05,0.01
0.15656565656565657,0.8163265306122448,0.0007928513642811294,0.11579284448748962,0.014714952533183272,-0.006637949205309868,1.1666770191266417e-05,0.01
0.15656565656565657,0.836734693877551,0.0010917741879060046,-0.23182205707291803,-0.04823139546029574,-6.162104154155634,-5.265779261023774e-05,0.01
0.15656565656565657,0.8571428571428571,-0.0011757770218533904,0.11368433271491266,-0.046116120708118206,6.369401079869033,5.4222275065622694e-05,0.01
0.15656565656565657,0.8775510204081632,-0.0007905164532416772,0.5969938218934114,0.0632946808248962,4.352857470366381,-5.0035486594760935e-05,0.01
0.15656565656565657,0.8979591836734693,0.0014076793383464544,-0.44493195694924054,0.047768142798059784,-5.87445819699635,6.724222764801175e-05,0.01
0.15656565656565657,0.9183673469387754,0.0011592036609648446,-0.32506252137612457,-0.03677942164734551,-2.4112031186533702,-4.2634840221772575e-05,0.01
0.15656565656565657,0.9387755102040816,-9.352154521866839e-05,0.27875066856236325,-0.03342407864687906,2.740026732699082,3.125871482566429e-06,0.01
0.15656565656565657,0.9591836734693877,-0.0002050444470710354,0.13225776891425695,0.017574152771901153,2.25779994634138,-3.603482437856376e-06,0.01
0.15656565656565657,0.9795918367346939,0.0006237908128181133,-0.0758866294326712,0.006985370552130322,-3.2955006038789207,4.3574099745490865e-06,0.01
0.15656565656565657,1.0,8.007271832203894e-05,-0.0730397491083781,-0.026642186630307648,0.0,-2.133312305531816e-06,0.01
0.16161616161616163,0.0,0.0013926185121638029,-0.06558966093454606,4.4405860497135645,0.0,0.006184042337687443,0.01
0.16161616161616163,0.02040816326530612,0.092016823608359,-0.34717518678359705,4.500689208942909,5.890109604475688,0.41413912505534445,0.01
0.16161616161616163,0.04081632653061224,0.18509421887718047,-0.45310582237494734,4.567841318352674,0.6907971176812917,0.8454810207753983,0.01
0.16161616161616163,0.061224489795918366,0.27845932639826404,-1.4753474182398811,4.417963318971003,-15.378841057085019,1.2302230898529043,0.01
0.16161616161616163,0.08163265306122448,0.36541925230456834,-1.2569269537672678,4.2632644536172215,0.21835225241442352,1.5578789090174492,0.01
0.16161616161616163,0.1020408163265306,0.45247012042345675,-1.65891320668863,4.207567263251496,-5.676676908255544,1.9037984662931988,0.01
0.16161616161616163,0.12244897959183673,0.5371566916209559,-2.6395096674096084,4.028500214055513,-11.871893912950771,2.163935847176372,0.01
0.16161616161616163,0.14285714285714285,0.6168987005889879,-2.845668251543236,3.698338296098663,-20.483974046820546,2.281500089201757,0.01
0.16161616161616163,0.16326530612244897,0.688109275135187,-2.7719958748053144,3.3716887896123326,-11.527677588839818,2.3200903290015784,0.01
0.16161616161616163,0.18367346938775508,0.7545186511854096,-2.7385787332572744,3.0519849708481352,-19.80329665005154,2.3027795836424767,0.01
0.16161616161616163,0.2040816326530612,0.8126800902718456,-2.5511516225387676,2.659662054760735,-18.644349126513703,2.1614543987555566,0.01
0.16161616161616163,0.22448979591836732,0.8630762860736029,-2.524039467894471,2.239176527517597,-22.56323254331382,1.9325801612330744,0.01
0.16161616161616163,0.24489795918367346,0.9040750505786863,-1.8998550250811552,1.8076901301141572,-19.722434402223286,1.6342875458135488,0.01
0.16161616161616163,0.26530612244897955,0.9368595566905072,-1.62773731263168,1.3663437734854504,-23.52950854738999,1.280072221914414,0.01
0.16161616161616163,0.2857142857142857,0.9598441841903373,-0.8477595736749369,1.0106558486150907,-11.32790808990527,0.9700721385111448,0.01
0.16161616161616163,0.3061224489795918,0.9781108158176538,-0.8997729401661717,0.7047220098060488,-18.653608113380837,0.6892962199360511,0.01
0.16161616161616163,0.32653061224489793,0.9886083478558904,-0.9444442191476873,0.4418259938452893,-7.1102014507736,0.43679286581517823,0.01
0.16161616161616163,0.3469387755102041,0.9961445298521554,-0.7892344711743652,0.13978933381111092,-22.489391232575883,0.1392503802076151,0.01
0.16161616161616163,0.36734693877551017,0.9943140349502214,0.15866933207836031,0.05607268450019893,14.285159600106507,0.055753857175883534,0.01
0.16161616161616163,0.3877551020408163,0.9984332108521635,0.034342753800232995,0.11081854566358142,-8.920065206095023,0.11064491636885669,0.01
0.16161616161616163,0.4081632653061224,0.9988372408956737,-0.08109005998033236,-0.09678701880583836,-11.425280111908117,-0.09667447881854127,0.01
0.16161616161616163,0.42857142857142855,0.9944827202886599,0.4047170606344665,-0.15964471721120993,5.2652256681817,-0.1587639126519179,0.01
0.16161616161616163,0.44897959183673464,0.9923211299890937,-0.128500508760786,-0.35346462499447495,-24.259576630941403,-0.35075041608568863,0.01
0.16161616161616163,0.4693877551020408,0.980055592737865,0.36709973104634147,-0.9361791875120893,-32.84645049578454,-0.9175076485260135,0.01
0.16161616161616163,0.4897959183673469,0.954109734580437,0.09716020191875872,-1.9742412884257592,-68.88363539375513,-1.883642831697641,0.01
0.16161616161616163,0.5102040816326531,0.8994743156592626,1.5428854916051342,-3.8588665679250957,-115.8096419971799,-3.470951365404833,0.01
0.16161616161616163,0.5306122448979591,0.7966049767059433,2.6278198760483957,-6.549999635895765,-147.92139866394578,-5.217762307376683,0.01
0.16161616161616163,0.5510204081632653,0.6321273917451498,3.5893636450943514,-9.409309185700929,-132.29093721696046,-5.947882073680807,0.01
0.16161616161616163,0.5714285714285714,0.412551540554885,5.051400928204366,-10.27100115895406,47.84512383815339,-4.2373173511675075,0.01
0.16161616161616163,0.5918367346938775,0.21290285464498404,3.706038926069969,-7.966497177144252,177.99626637920795,-1.6960899905352183,0.01
0.16161616161616163,0.6122448979591836,0.08738839046736456,2.3914292689054846,-4.409338268849989,170.60530663362988,-0.38532497434095614,0.01
0.16161616161616163,0.6326530612244897,0.03292986407967838,0.7516949967482331,-1.89456560690022,75.84241423744751,-0.06238778792525762,0.01
0.16161616161616163,0.6530612244897959,0.010059182022457626,0.2907814642712267,-0.7478054664727471,36.54007952444484,-0.007522311304638197,0.01
0.16161616161616163,0.673469387755102,0.0024071919787499257,0.045929887250819666,-0.19530471355563658,17.604994261432,-0.00047013593988318023,0.01
0.16161616161616163,0.6938775510204082,0.002087561061003073,-0.2716176635203768,-0.05420700274806608,-3.7774186022900893,-0.00011316042817054933,0.01
0.16161616161616163,0.7142857142857142,0.0001946612543390656,0.04019169155865579,-0.06708333046133425,2.5155384863898096,-1.3058525252845371e-05,0.01
0.16161616161616163,0.7346938775510203,-0.0006505340598677122,-0.11126240128414963,-0.038307738856648614,0.30446949086938263,2.4920488882767733e-05,0.01
0.16161616161616163,0.7551020408163265,-0.0013689199234833268,0.49255322309684807,0.06070196626185601,9.39848161074407,-8.309613101046741e-05,0.01
0.16161616161616163,0.7755102040816326,0.0018270972161264104,-0.5714018387041383,0.04096537685436305,-11.332667372678381,7.484772600817602e-05,0.01
0.16161616161616163,0.7959183673469387,0.0003031362746539405,0.1067315846051303,-0.011011120895747285,6.238970593167568,-3.337870168100992e-06,0.01
0.16161616161616163,0.8163265306122448,0.0013776637101775417,-0.197094309809702,-0.009363423641922877,-6.077496262292776,-1.2899648954495579e-05,0.01
0.16161616161616163,0.836734693877551,-7.904428215923808e-05,-0.37340715778857225,-0.04849229716952874,2.2428666565874003,3.833038820017852e-06,0.01
0.16161616161616163,0.8571428571428571,-0.0006016137253134275,-0.31478148563062297,0.05643937946700844,8.040437653793244,-3.3954705335525115e-05,0.01
0.16161616161616163,0.8775510204081632,0.00222460385935131,-0.184420344476628,-0.005827031785062157,-14.142545956496164,-1.2962837397612028e-05,0.01
0.16161616161616163,0.8979591836734693,-0.0008394517573567808,0.11920529814282915,-0.06632468755599898,8.213775690944354,5.5676375525022747e-05,0.01
0.16161616161616163,0.9183673469387754,-0.0004825262449751786,0.44166580940517475,0.0527671658528277,3.457225943120661,-2.546154239694742e-05,0.01
0.16161616161616163,0.9387755102040816,0.0013143101141872067,-0.19546467206296783,0.023163533030466133,-6.358381959712095,3.044406574225108e-05,0.01
0.16161616161616163,0.9591836734693877,0.00046292408279894915,0.21707554324058373,-0.02630773511132281,1.5101976818167777,-1.2178484146926823e-05,0.01
0.16161616161616163,0.9795918367346939,0.00024052500760260217,-0.18089396500687982,-0.018417605162791693,-0.7369649468607278,-4.429894621802197e-06,0.01
0.16161616161616163,1.0,-0.0002888149034374464,0.07655836725956035,-0.025937655640962384,0.0,7.491181509338288e-06,0.01
0.16666666666666669,0.0,0.0010613575983529642,-0.3452836577775712,4.370900742811527,0.0,0.004639088715029629,0.01
0.16666666666666669,0.02040816326530612,0.09026341357409841,-0.27220384976217443,4.4527389768454855,8.020146935327908,0.40191941980451185,0.01
0.16666666666666669,0.04081632653061224,0.18280580563286256,-0.752644404782331,4.428244249308841,-10.420630233919086,0.8095087575339934,0.01
0.16666666666666669,0.061224489795918366,0.27100807681119393,-1.4860426008303231,4.318500603217913,-0.3342470829918272,1.1703485431860676,0.01
0.16666666666666669,0.08163265306122448,0.35907113637645083,-1.4240883407015232,4.240550505046543,-7.304862537802425,1.5226592887087946,0.01
0.16666666666666669,0.1020408163265306,0.4440917708947263,-1.9023809812619803,4.0364901092907015,-12.693056246270082,1.792572040833955,0.01
0.16666666666666669,0.12244897959183673,0.5238258347148468,-1.689435991600786,3.881654261535625,-2.4808568337273877,2.033310783623341,0.01
0.16666666666666669,0.14285714285714285,0.6025266387125069,-2.134355580064932,3.6819448007390934,-17.09067032433272,2.218469824714317,0.01
0.16666666666666669,0.16326530612244897,0.6741092959695036,-2.1976210662598707,3.3849397653598383,-12.015823142834291,2.2818193621258973,0.01
0.16666666666666669,0.18367346938775508,0.740687445461888,-2.421855459699373,3.079311658628592,-17.935731316827848,2.280807486210621,0.01
0.16666666666666669,0.2040816326530612,0.7997954861176094,-2.264625037836154,2.6862085800202737,-20.58837038678733,2.148417497070608,0.01
0.16666666666666669,0.22448979591836732,0.8503286119933278,-2.043292049580574,2.3197662580110894,-15.322977170112734,1.9725636223235254,0.01
0.16666666666666669,0.24489795918367346,0.8944798231792865,-2.0200031527980387,1.9185962048815228,-23.991688036584808,1.7161455940948747,0.01
0.16666666666666669,0.26530612244897955,0.9286386611721654,-2.2132436239740296,1.4965273015634926,-17.371064488582157,1.389733109731515,0.01
0.16666666666666669,0.2857142857142857,0.9555625701818781,-1.8405136071735348,1.1007322482383481,-21.416850737282015,1.051818536208713,0.01
0.16666666666666669,0.3061224489795918,0.9735665080390368,-1.4206493904548518,0.6927585056945216,-18.56457603201298,0.6744464793033565,0.01
0.16666666666666669,0.32653061224489793,0.9838384275571647,-0.27967326600453246,0.4555037336952856,-4.686391623912159,0.4481420771051872,0.01
0.16666666666666669,0.3469387755102041,0.9921584971694566,-0.20979546583975825,0.27628570757392995,-12.87697493598069,0.2741192124159503,0.01
0.16666666666666669,0.36734693877551017,0.9951153952132434,-0.06915526123533877,0.15797996738846992,1.2830123978056056,0.15720829768355254,0.01
0.16666666666666669,0.3877551020408163,0.9986066591036799,-0.39545745791639914,0.08115134816136943,-8.812217082061455,0.08103827666918467,0.01
0.16666666666666669,0.4081632653061224,0.9984276951381973,0.11930705334311574,-0.050957874778370056,-4.1344867660330165,-0.05087775346410889,0.01
0.16666666666666669,0.42857142857142855,0.9965267458474198,-0.08890234266069628,-0.16551116163101354,-7.091735345525781,-0.16493629930158024,0.01
0.16666666666666669,0.44897959183673464,0.9916721375206049,0.10500064057829682,-0.35811929456472275,-11.783861681977454,-0.35513692632836974,0.01
0.16666666666666669,0.4693877551020408,0.9819096317835536,-0.1761764377896364,-0.908256523816893,-42.129586784735245,-0.8918258288660559,0.01
0.16666666666666669,0.4897959183673469,0.9546004426709358,0.6468312686738709,-1.8287526463364137,-48.07903322217778,-1.7457280857283857,0.01
0.16666666666666669,0.5102040816326531,0.9072666666269653,1.2525931996990103,-3.5457293860252164,-120.18468726732493,-3.2169220808203742,0.01
0.16666666666666669,0.5306122448979591,0.8098767942617433,2.2580363445456233,-6.2967738037720995,-149.41766567186966,-5.0996109823902716,0.01
0.16666666666666669,0.5510204081632653,0.650255490962798,3.9647552642886814,-9.10942163126749,-126.22182142267833,-5.923451435226974,0.01
0.16666666666666669,0.5714285714285714,0.4380636664549071,4.51291396525561,-10.256564066106067,13.801862808497662,-4.493028060028074,0.01
0.16666666666666669,0.5918367346938775,0.23162022295846874,4.2332011537500245,-8.29563508448174,178.36917739068647,-1.921436847849756,0.01
0.16666666666666669,0.6122448979591836,0.09946631606789731,2.184764300362871,-4.774901027781214,166.6627601659651,-0.4749418148222139,0.01
0.16666666666666669,0.6326530612244897,0.03672630345719471,0.5833837075110625,-2.154494249392843,90.13710411609533,-0.07912660959998248,0.01
0.16666666666666669,0.6530612244897959,0.01152777527635271,0.4979458525996241,-0.8351349875974271,39.16010353985543,-0.009627248462442747,0.01
0.16666666666666669,0.673469387755102,0.002639161106279318,0.3815080300340517,-0.26489450462075925,16.723463791858034,-0.0006990992738622349,0.01
0.16666666666666669,0.6938775510204082,0.0007157546795870287,0.28327853047524365,-0.054917032013005546,3.854328523701831,-3.930712265233938e-05,0.01
0.16666666666666669,0.7142857142857142,0.0003976495955443979,0.1996325111500512,-0.04724139144725563,-3.102115748258339,-1.8785520201955778e-05,0.01
0.16666666666666669,0.7346938775510203,-0.0012124653794846295,0.06979326401450701,0.01766628903570347,9.463068435588331,-2.1419763839759357e-05,0.01
0.16666666666666669,0.7551020408163265,0.0011187226174098456,-0.3263625528306787,0.0037655207225139615,-10.825343730280903,4.212573198601832e-06,0.01
0.16666666666666669,0.7755102040816326,-0.0010587706561167127,0.01467306654331601,-0.006775179423652543,9.792355115956585,7.173361163689054e-06,0.01
0.16666666666666669,0.7959183673469387,0.0008421846817505582,-0.25798249799374506,0.035304709699776414,-5.668525981860548,2.9733085702802044e-05,0.01
0.16666666666666669,0.8163265306122448,0.00038223790305783457,-0.4707046796610644,-0.06877453065528508,-4.531239572935479,-2.628823238146293e-05,0.01
0.16666666666666669,0.836734693877551,-0.001964939018465159,0.4228052238515753,-0.06305459922817806,5.091792852791965,0.00012389844231713016,0.01
0.16666666666666669,0.8571428571428571,-0.002191419208296372,0.7507801015119479,0.07982411141722377,8.910320790457417,-0.0001749280910448939,0.01
0.16666666666666669,0.8775510204081632,0.0012931879781562191,-0.30449145836363817,0.0478733530757943,-12.041495107917504,6.190924467164524e-05,0.01
0.16666666666666669,0.8979591836734693,-0.00023740479703946175,-0.029847375866716826,0.011145568858668544,8.442172254639178,-2.646011512781551e-06,0.01
0.16666666666666669,0.9183673469387754,0.0017481091560610576,-0.5635785769082691,0.013830730145544727,-8.179026448525313,2.417762600243642e-05,0.01
0.16666666666666669,0.9387755102040816,0.00032711480073787405,0.15306380490213195,-0.004626676671718113,6.370200580433553,-1.5134544175476408e-06,0.01
0.16666666666666669,0.9591836734693877,0.0015592652102766448,-0.04848327003544023,-0.02450479408670586,-8.318256087102354,-3.82094729043933e-05,0.01
0.16666666666666669,0.9795918367346939,-0.0006730808762705283,-0.2850120532168061,-0.0358048314836759,7.210852422199289,2.4099547349751173e-05,0.01
0.16666666666666669,1.0,9.784351706538368e-05,-0.057272823948222806,0.03777529527345969,0.0,3.6960677477386607e-06,0.01
0.17171717171717174,0.0,-0.0006824992591095168,0.38421268291670185,4.38898614984564,0.0,-0.00299547979551158,0.01
0.17171717171717174,0.02040816326530612,0.08888864665610763,-0.32857570089047317,4.402333227847421,1.3080136441745556,0.3913174427525712,0.01
0.17171717171717174,0.04081632653061224,0.17900457126527503,-1.0428707564781825,4.278047030111014,-13.488061022342487,0.7657899744777051,0.01
0.17171717171717174,0.061224489795918366,0.2635028111504347,-0.8656190845635177,4.235417893975387,9.310405681050993,1.1160445214593684,0.01
0.17171717171717174,0.08163265306122448,0.3518787710193724,-1.9961656131739043,4.189033887265858,-13.856038338584781,1.4740320960096145,0.01
0.17171717171717174,0.1020408163265306,0.4344837861408779,-2.3312615735030646,4.003656687841045,-4.310927205046923,1.7395239161414242,0.01
0.17171717171717174,0.12244897959183673,0.515293329706762,-2.4376583287378075,3.8529503339059668,-10.45829548059073,1.985399606753186,0.01
0.17171717171717174,0.14285714285714285,0.5917470650758153,-2.752215129280045,3.619063314228247,-12.462632447825825,2.1415700945181184,0.01
0.17171717171717174,0.16326530612244897,0.6630101996752619,-2.968781214409817,3.3493652853040614,-13.967774386744374,2.220663346594836,0.01
0.17171717171717174,0.18367346938775508,0.7284558522310831,-2.762722648498476,3.071020763155769,-13.309988783788278,2.2371030472439872,0.01
0.17171717171717174,0.2040816326530612,0.7883579859265177,-2.75374182885245,2.733051022181438,-19.811045831696127,2.1546225992813692,0.01
0.17171717171717174,0.22448979591836732,0.8400089551772643,-2.469258751186415,2.3500351276243916,-17.724511834894454,1.974050552185634,0.01
0.17171717171717174,0.24489795918367346,0.8842777870540439,-2.158461881381994,1.8975668434035446,-26.617380018748555,1.677976209072014,0.01
0.17171717171717174,0.26530612244897955,0.9174606630712865,-1.8474654170679947,1.5187368665523833,-10.507957712665272,1.3933813326179576,0.01
0.17171717171717174,0.2857142857142857,0.9462670469133249,-1.1844796965755044,1.1988057771333978,-20.845289050395298,1.1343904025506537,0.01
0.17171717171717174,0.3061224489795918,0.9663915111175476,-0.9999625259263701,0.8858927903341205,-9.82018365593389,0.8561192723391315,0.01
0.17171717171717174,0.32653061224489793,0.9824259363147175,-1.2181506879229054,0.6053316183067492,-17.674811202748497,0.5946934818959113,0.01
0.17171717171717174,0.3469387755102041,0.9910989241096598,-1.1825347235068209,0.3023346526085019,-12.01889143567974,0.299643548921354,0.01
0.17171717171717174,0.36734693877551017,0.9947661262171054,-0.5932356864700963,0.13500664008605728,-4.379253791519837,0.13430003237199417,0.01
0.17171717171717174,0.3877551020408163,0.9966093992152132,-0.2708646885991628,0.10447118001577417,1.3867787046320894,0.10411695995082508,0.01
0.17171717171717174,0.4081632653061224,0.9990302560136676,-0.4012801547104314,-0.01302554991087146,-12.901458237443363,-0.01301291846217672,0.01
0.17171717171717174,0.42857142857142855,0.9960777441168103,0.2618137131167326,-0.16728139957413507,-2.2156150295564747,-0.1666252791205072,0.01
0.17171717171717174,0.44897959183673464,0.9922024437861519,0.09418945500293806,-0.3689183618912835,-17.54480727752407,-0.3660417002261155,0.01
0.17171717171717174,0.4693877551020408,0.9810198517947171,0.36785014900354923,-0.8412118248858751,-28.739952095945906,-0.8252454997775047,0.01
0.17171717171717174,0.4897959183673469,0.9578672672601978,0.6138821392853158,-1.651960443717869,-50.7134125495895,-1.5823588358459788,0.01
0.17171717171717174,0.5102040816326531,0.9135928949082734,0.7692424054052164,-3.3463631013845196,-115.33804790174204,-3.0572135532081113,0.01
0.17171717171717174,0.5306122448979591,0.8212810182240949,2.637571703860008,-5.96117799274964,-140.91381145203954,-4.895802331700491,0.01
0.17171717171717174,0.5510204081632653,0.6702795074491045,3.5167812367124918,-8.830408996381657,-140.2708269038982,-5.918842192668838,0.01
0.17171717171717174,0.5714285714285714,0.4608561612289253,4.96354681747541,-10.223347276753527,3.762875427454831,-4.711492580874818,0.01
0.17171717171717174,0.5918367346938775,0.25300002676528704,4.483685560736552,-8.583714209683114,156.92116514544583,-2.1716799247954026,0.01
0.17171717171717174,0.6122448979591836,0.11050047920104313,2.2531783383413737,-5.2265198531996715,172.08388178993158,-0.5775329483323293,0.01
0.17171717171717174,0.6326530612244897,0.03967268581836169,1.372904858891198,-2.3632167340908206,108.51982388273589,-0.09375515501227992,0.01
0.17171717171717174,0.6530612244897959,0.014042653319785155,0.27310266689099394,-0.8601145537498854,38.784189790675754,-0.012078290493611357,0.01
0.17171717171717174,0.673469387755102,0.004565969338774529,0.4038466250241185,-0.29145687528766484,16.944262698621877,-0.0013307831561385093,0.01
0.17171717171717174,0.6938775510204082,0.002146454328451896,-0.007992473907532294,-0.0774218310668339,4.031171635019564,-0.00016618242441007709,0.01
0.17171717171717174,0.7142857142857142,0.0014058946013527376,-0.13630648249268726,-0.07365749765073062,-3.6622669602414435,-0.00010355467829631414,0.01
0.17171717171717174,0.7346938775510203,-0.0008599741470881294,0.2731998535052429,-0.04741895878009394,6.23364376956384,4.077907863271845e-05,0.01
0.17171717171717174,0.7551020408163265,-0.0005295731039572188,0.11654469477440062,-0.003054907752456643,-1.8859667688553843,1.6177969807714353e-06,0.01
0.17171717171717174,0.7755102040816326,-0.0009846642594332985,0.10288577949674996,0.001685988977887229,2.3505746484290837,-1.6601330883240322e-06,0.01
0.17171717171717174,0.7959183673469387,-0.00046075722730876047,-0.06405811886994946,-0.024754657886119143,-4.941758041101709,1.1405887530585197e-05,0.01
0.17171717171717174,0.8163265306122448,-0.001995058458866733,0.5324080036955913,0.015464354118504584,8.883221217554834,-3.085229049503317e-05,0.01
0.17171717171717174,0.836734693877551,0.00017044089997714088,0.20392989319469576,0.08808871965434115,-1.7660333950428504,1.5013920655719963e-05,0.01
0.17171717171717174,0.8571428571428571,0.0016003994862084157,-0.41873914747132107,-0.01016966996799206,-7.863288787945805,-1.627553459168365e-05,0.01
0.17171717171717174,0.8775510204081632,-0.000244647670144984,-0.04140387147727264,-0.04871944084227282,4.085411242266291,1.1919097692828422e-05,0.01
0.17171717171717174,0.8979591836734693,-0.00038814911959863765,-0.04242507636580886,-0.02091319075922771,-1.360398734127871,8.1174365811926e-06,0.01
0.17171717171717174,0.9183673469387754,-0.0010982472929706047,-0.18379810544553327,0.0364636792810841,6.9833319980784285,-4.0046137062198934e-05,0.01
0.17171717171717174,0.9387755102040816,0.0011001643204456113,-0.23382328667394112,0.05910986382517234,-4.764005912757781,6.503056316685335e-05,0.01
0.17171717171717174,0.9591836734693877,0.0013144002100976538,-0.27980216059777474,-0.07871115026808963,-8.742453468381893,-0.000103457952449405,0.01
0.17171717171717174,0.9795918367346939,-0.002112535690496822,0.5044394750337878,-0.03689242780116668,12.840688270140342,7.793657043904181e-05,0.01
0.17171717171717174,1.0,-0.00019141316954180226,-0.2139509136712061,0.09413500352679598,0.0,-1.8018679389892752e-05,0.01
0.1767676767676768,0.0,0.0012579688364293814,-0.30071035860265116,4.212589024560026,0.0,0.005299305713580959,0.01
0.1767676767676768,0.02040816326530612,0.08722917341928706,-0.23663059327790423,4.225749670952601,1.2897433464722168,0.3686086508740196,0.01
0.1767676767676768,0.04081632653061224,0.17373754724265794,-0.8139422181196654,4.211594692232279,-2.6769312610636944,0.731712131808633,0.01
0.1767676767676768,0.061224489795918366,0.2591309975920331,-1.096064836619617,4.117459692010512,-6.548298760669458,1.0669614375356695,0.01
0.1767676767676768,0.08163265306122448,0.3417971265083931,-1.434033203706695,4.007679134846571,-4.210195841396776,1.3698132122582007,0.01
0.1767676767676768,0.1020408163265306,0.4227097377898523,-1.5039202499625388,3.9490275386929863,-1.5376605816545208,1.669292395405818,0.01
0.1767676767676768,0.12244897959183673,0.502981924006066,-1.805364764076509,3.800862646448714,-12.982498858284137,1.911765206793562,0.01
0.1767676767676768,0.14285714285714285,0.57784698866531,-2.232772616423103,3.553343563223377,-11.274371297798906,2.0532888777018914,0.01
0.1767676767676768,0.16326530612244897,0.6480163551580406,-2.124190239013788,3.3480651124714775,-8.842916875887237,2.169600951015562,0.01
0.1767676767676768,0.18367346938775508,0.7145027075416969,-2.2795872296399606,3.097629171974736,-15.69980529279344,2.2132644303360935,0.01
0.1767676767676768,0.2040816326530612,0.7744501989121114,-2.2539977842575505,2.769363474121567,-16.470233096817125,2.1447340933933834,0.01
0.1767676767676768,0.22448979591836732,0.8275379513833935,-2.393315222840004,2.4236935049629076,-17.405423880731504,2.005698357878241,0.01
0.1767676767676768,0.24489795918367346,0.8733764644208015,-2.3679917973648483,1.9745059175747632,-26.61495968330665,1.7244869972693972,0.01
0.1767676767676768,0.26530612244897955,0.9081300296517512,-1.0165756968811779,1.6392548641673277,-6.239643550622049,1.4886565684030526,0.01
0.1767676767676768,0.2857142857142857,0.9402848262235496,-1.9797495693317368,1.303673559118094,-26.647324344202868,1.2258244659875934,0.01
0.1767676767676768,0.3061224489795918,0.9613411953300407,-1.107906009683249,0.8817264302936593,-14.70349428059173,0.8476399404525962,0.01
0.1767676767676768,0.32653061224489793,0.9762736601130867,-0.722064672971292,0.5827406140606833,-14.597115710239912,0.568914312185571,0.01
0.1767676767676768,0.3469387755102041,0.985126526516191,-0.15583984543708929,0.37965999369735964,-5.304785085365814,0.3740131308482389,0.01
0.1767676767676768,0.36734693877551017,0.9917699863864483,0.03371999990735319,0.24781429592059076,-7.616093296757537,0.24577478089153157,0.01
0.1767676767676768,0.3877551020408163,0.9952413957374396,-0.07106356253361001,0.12822325339007612,-4.103828871232898,0.12761308966993476,0.01
0.1767676767676768,0.4081632653061224,0.9970035885656351,0.09354153618993254,0.052886676564075204,-3.279155657715194,0.05272820632169305,0.01
0.1767676767676768,0.42857142857142855,0.9974000355971978,-0.2136283406331427,-0.10597329130152118,-12.289121193113253,-0.10569776451648943,0.01
0.1767676767676768,0.44897959183673464,0.9926781481043485,-0.16593213119040803,-0.3557976917941774,-12.19367005516706,-0.3531925937900458,0.01
0.1767676767676768,0.4693877551020408,0.9828776808300885,0.04924586230752825,-0.7769064169822475,-29.074985013264083,-0.7636039773455251,0.01
0.1767676767676768,0.4897959183673469,0.9609676821050731,0.6462107960330623,-1.602293220072208,-51.81292168955206,-1.5397520017454636,0.01
0.1767676767676768,0.5102040816326531,0.9174779575618351,0.6690442316846951,-3.0959570694043177,-94.56613554499445,-2.840472368736198,0.01
0.1767676767676768,0.5306122448979591,0.8346020874355091,1.861847498038387,-5.621204753522225,-152.90813749856045,-4.6914692211920554,0.01
0.1767676767676768,0.5510204081632653,0.6880410288466423,3.6367282573249935,-8.542598944444396,-133.38849321181246,-5.877658566759763,0.01
0.1767676767676768,0.5714285714285714,0.48592457949900314,4.822281101360526,-10.10370507504348,-19.599907586897793,-4.909638639972448,0.01
0.1767676767676768,0.5918367346938775,0.27564490333466357,4.0889489146598335,-8.919088087151719,135.69237240029022,-2.458501173616285,0.01
0.1767676767676768,0.6122448979591836,0.12188016777852481,2.8357169708798113,-5.61143968751892,188.45717076372424,-0.6839232105938788,0.01
0.1767676767676768,0.6326530612244897,0.04660654874205461,1.3550387988299835,-2.6082260974773575,105.85776106034893,-0.12156041674237734,0.01
0.1767676767676768,0.6530612244897959,0.015421959718224519,0.3224499277926251,-0.9800232746071758,53.7061155809289,-0.01511387946391435,0.01
0.1767676767676768,0.673469387755102,0.006605598758088259,0.35462107475539467,-0.32623884978041184,10.364758052093967,-0.0021550029409496303,0.01
0.1767676767676768,0.6938775510204082,0.002106088298615874,0.16984134950763918,-0.14425895800704472,7.469271341696011,-0.0003038221034291556,0.01
0.1767676767676768,0.7142857142857142,0.0007174780231068422,0.020614602916856968,-0.038863497541574095,2.8594837839201115,-2.7883705387146203e-05,0.01
0.1767676767676768,0.7346938775510203,0.0005198230928373399,-0.030092810808277134,-0.016131818158661337,-0.6317792043946611,-8.385691608324897e-06,0.01
0.1767676767676768,0.7551020408163265,5.903646561046115e-05,0.19764655017176996,-0.024129123980780272,-0.15195676617299433,-1.424498198101888e-06,0.01
0.1767676767676768,0.7755102040816326,-0.0004650391104598138,0.16648342849324108,-0.02066132887204498,0.49180068682905254,9.608325999573467e-06,0.01
0.1767676767676768,0.7959183673469387,-0.0007842830801872931,0.34881846764084434,0.028393294098080914,4.315552364243286,-2.226838015190659e-05,0.01
0.1767676767676768,0.8163265306122448,0.0006938708527271622,0.14739566121566305,0.04862448692448342,-2.33289546725584,3.3739114205712057e-05,0.01
0.1767676767676768,0.836734693877551,0.0012003898555059075,-0.17085104327319323,-0.029603730868837403,-5.3334698764896,-3.5536018220079505e-05,0.01
0.1767676767676768,0.8571428571428571,-0.0005144446929396705,0.22822641529511692,-0.04052662569760432,4.263026183270443,2.084870751288501e-05,0.01
0.1767676767676768,0.8775510204081632,-0.0004537581321514115,-0.02690070130600504,-0.002155325983257409,-0.5026388112644457,9.779966923402864e-07,0.01
0.1767676767676768,0.8979591836734693,-0.0006024171820522178,0.2963786073461188,-0.03853267930580541,-3.0623418143452596,2.32127480843251e-05,0.01
0.1767676767676768,0.9183673469387754,-0.0020265205527965303,0.2719484415549849,0.01278056739952228,8.091039991467373,-2.5900082511533202e-05,0.01
0.1767676767676768,0.9387755102040816,-8.076136982681858e-05,-0.18854081919937868,0.04723057417249599,-4.714939327715951,-3.814405867877934e-06,0.01
0.1767676767676768,0.9591836734693877,-9.874201514363309e-05,-0.09570030282774776,0.012639544993725323,1.3250184681964254,-1.2480541431790576e-06,0.01
0.1767676767676768,0.9795918367346939,0.0004351384258354395,-0.1239600321494551,-0.028744167449141766,-5.3806222875974,-1.2507691775769828e-05,0.01
0.1767676767676768,1.0,-0.001271973339598399,0.3646222115687351,-0.08364847650625809,0.0,0.00010639863201398331,0.01
0.18181818181818182,0.0,-0.00026077034843249316,0.29684580439638597,4.22844714830201,0.0,-0.001102653636191097,0.01
0.18181818181818182,0.02040816326530612,0.086034069412833,-0.6531002776608582,4.162243708537616,-6.487937096910543,0.3580947641334527,0.01
0.18181818181818182,0.04081632653061224,0.1696267279592253,-0.9836891211498273,4.1052505560612085,0.9026081542225942,0.696360219277453,0.01
0.18181818181818182,0.061224489795918366,0.25359531659900475,-1.1577062813577643,4.040731261975753,-7.225498974597189,1.0247105236722371,0.01
0.18181818181818182,0.08163265306122448,0.3345545345704805,-1.1605717481406754,3.957212177134947,-0.9593713398018612,1.32390327811802,0.01
0.18181818181818182,0.1020408163265306,0.4151141809718597,-1.114920956125209,3.9030799466270243,-4.345587249974525,1.620223835311767,0.01
0.18181818181818182,0.12244897959183673,0.49386392014709374,-2.201083569873238,3.710676368780614,-14.509963378973685,1.832569177883177,0.01
0.18181818181818182,0.14285714285714285,0.5665703592894358,-2.1680106612218717,3.5138929362740674,-4.774813006667901,1.9908675834094087,0.01
0.18181818181818182,0.16326530612244897,0.6372881216276679,-2.086123017930563,3.3422723951794926,-12.044000020600404,2.129990496691945,0.01
0.18181818181818182,0.18367346938775508,0.7029896407253334,-2.225557248944796,3.0815671272349774,-13.505116237962092,2.1663097676459144,0.01
0.18181818181818182,0.2040816326530612,0.7630663717188915,-2.5715273872811406,2.755291070922572,-18.469937280653674,2.102469960518346,0.01
0.18181818181818182,0.22448979591836732,0.8154505007629894,-2.5458686972053055,2.409588185159227,-15.408945524154134,1.9648998922206744,0.01
0.18181818181818182,0.24489795918367346,0.8614169098886558,-2.0965656459188944,2.1448600508373454,-10.53441163939026,1.8476187171359313,0.01
0.18181818181818182,0.26530612244897955,0.9029958089604321,-2.4110492017114824,1.6872949378380915,-34.30696943453663,1.5236202573479494,0.01
0.18181818181818182,0.2857142857142857,0.9302860910249044,-1.4881743536250733,1.2923725860693527,-4.3954210387997685,1.202276241242205,0.01
0.18181818181818182,0.3061224489795918,0.9557457104326506,-1.217537311678941,1.0373490563584618,-20.596884872867548,0.9914419108359577,0.01
0.18181818181818182,0.32653061224489793,0.9726268688354539,-0.6314026215677906,0.7005467808487182,-12.409738127087323,0.6813706219296457,0.01
0.18181818181818182,0.3469387755102041,0.9843394565897411,-0.7344653121014061,0.4731788042303233,-9.872323581515383,0.46576856702585995,0.01
0.18181818181818182,0.36734693877551017,0.9919402894162834,-0.5402548468950295,0.2583042905222839,-11.185378761872482,0.25622243269814204,0.01
0.18181818181818182,0.3877551020408163,0.9948824888559568,0.15175825914935936,0.1356254131826175,-0.8371512174148249,0.13493134861924,0.01
0.18181818181818182,0.4081632653061224,0.9974760205665943,-0.469721853478928,0.03524608533458756,-9.000022911692112,0.035157124940095,0.01
0.18181818181818182,0.42857142857142855,0.9963211045838991,0.12120404846466214,-0.13807988145716937,-7.985921833900072,-0.13757190001422084,0.01
0.18181818181818182,0.44897959183673464,0.9918401070377303,0.21283901852730833,-0.3232703282989933,-10.162741956598946,-0.32063247702219577,0.01
0.18181818181818182,0.4693877551020408,0.9831263973063892,0.31890378230425465,-0.6764139840682322,-24.445336308786736,-0.6650004432446625,0.01
0.18181818181818182,0.4897959183673469,0.964231372994129,0.23323136416734822,-1.5256009975987708,-58.77499101720605,-1.4710323445558755,0.01
0.18181818181818182,0.5102040816326531,0.92085696883297,1.3626075875093224,-2.9455373764794164,-80.37877411309726,-2.712418620089054,0.01
0.18181818181818182,0.5306122448979591,0.8440053576276222,1.8091372629891154,-5.253991326107138,-145.84971295041942,-4.43439682816348,0.01
0.18181818181818182,0.5510204081632653,0.7064083432775766,3.527012598574332,-8.176282665245445,-140.53483828513484,-5.775794291725203,0.01
0.18181818181818182,0.5714285714285714,0.5102795345563795,3.6491517412871137,-10.047748478555079,-42.868811419209145,-5.127160416976656,0.01
0.18181818181818182,0.5918367346938775,0.2962961604794102,4.130425282333093,-9.164900315418272,129.38793140661613,-2.7155247746349698,0.01
0.18181818181818182,0.6122448979591836,0.13620197066175618,2.975702624228634,-5.9497265452857455,185.6990980663717,-0.8103644803664811,0.01
0.18181818181818182,0.6326530612244897,0.05345017903917574,1.4182558175793745,-2.919211160889661,111.29140960444458,-0.15603235920271244,0.01
0.18181818181818182,0.6530612244897959,0.01705049470707616,1.25580655456712,-1.103812336424486,66.61767519314257,-0.01882054639981107,0.01
0.18181818181818182,0.673469387755102,0.008396614287155909,-0.2713939493277616,-0.34512223446719037,7.733954798672399,-0.002897858284742382,0.01
0.18181818181818182,0.6938775510204082,0.0029638728920887993,-0.11101237136307178,-0.18558804164363146,7.90039609803638,-0.0005500593657234065,0.01
0.18181818181818182,0.7142857142857142,0.0008215921792525845,-0.06706804024446109,-0.06360282545945263,4.054155088013148,-5.2255583975853447e-05,0.01
0.18181818181818182,0.7346938775510203,0.00036783919986624325,0.03757550471230515,0.00577365006227487,2.7447395131161483,2.1237748192148738e-06,0.01
0.18181818181818182,0.7551020408163265,0.0010572513654678853,-0.3322397562593624,0.00019470360955910795,-3.291476265482293,2.0585065706789288e-07,0.01
0.18181818181818182,0.7755102040816326,0.00037578628597069664,-0.11866093083788117,-0.0019557128215787023,3.080735455230788,-7.349300576463322e-07,0.01
0.18181818181818182,0.7959183673469387,0.000977426352342224,0.29911064223355543,0.02603142390464323,-0.3379960560610377,2.5443799713389606e-05,0.01
0.18181818181818182,0.8163265306122448,0.0014382933841194,0.024030691879424235,-0.01567805356740508,-3.749532736199697,-2.2549640721868282e-05,0.01
0.18181818181818182,0.836734693877551,0.0003375057985705881,0.1703051067808165,-0.019601945641834272,3.3649913129056364,-6.615770317384535e-06,0.01
0.18181818181818182,0.8571428571428571,0.0006382139701669807,-0.2013465833024293,-0.022714588433987597,-3.670030306536662,-1.4496767665164206e-05,0.01
0.18181818181818182,0.8775510204081632,-0.0005896202599595178,0.02911932195599555,0.006277647275578688,6.51126940607416,-3.7014280185608646e-06,0.01
0.18181818181818182,0.8979591836734693,0.0008944444712110088,-0.4145122964117759,-0.0015538712245212977,-7.278758219083957,-1.3898515257469548e-06,0.01
0.18181818181818182,0.9183673469387754,-0.0006530435752461014,0.06318321554431154,-0.047222088915450905,2.8032728853728552,3.083808177593535e-05,0.01
0.18181818181818182,0.9387755102040816,-0.0010329877294196403,0.2329593877958093,0.0017386840847336026,1.9948828686452278,-1.7960393248670297e-06,0.01
0.18181818181818182,0.9591836734693877,-0.000582076877910036,0.0951014079987989,0.020630601977175464,-0.14347491518592478,-1.2008596388278908e-05,0.01
0.18181818181818182,0.9795918367346939,-0.000190922342596152,0.19226895584640055,0.028214931554463446,0.8867392137601469,-5.38686082856825e-06,0.01
0.18181818181818182,1.0,0.0005695529814558188,0.28157152773814115,0.03726329087854657,0.0,2.122341841873162e-05,0.01
0.18686868686868688,0.0,0.0012384508858926887,-0.5869571500303893,3.9933594815302667,0.0,0.004945579587589127,0.01
0.18686868686868688,0.02040816326530612,0.08273558316202058,-0.4734058009072561,4.003793679871544,1.0225514374451605,0.3312562049645845,0.01
0.18686868686868688,0.04081632653061224,0.1646586010847312,-0.49478795152080074,4.042811934391642,2.801237505524403,0.6656837575655838,0.01
0.18686868686868688,0.061224489795918366,0.24774831517800594,-1.0414195869594292,4.0188442702521385,-5.150068591195739,0.9956618969177501,0.01
0.18686868686868688,0.08163265306122448,0.32869306109502255,-1.060252110946647,3.9625063209137226,-0.3710504439690092,1.3024483322295073,0.01
0.18686868686868688,0.1020408163265306,0.4094832670520354,-2.089193492108083,3.7743297464631467,-18.070253852187424,1.54552487551341,0.01
0.18686868686868688,0.12244897959183673,0.48274733646086526,-1.7918373655098858,3.5803698143620877,-0.9378194937163614,1.7284139914281804,0.01
0.18686868686868688,0.14285714285714285,0.5556208104953859,-2.116460227048682,3.528117853054853,-4.1828727143926425,1.9602957010375783,0.01
0.18686868686868688,0.16326530612244897,0.6267521467896348,-2.319491459015444,3.3351517315471106,-14.727807193366091,2.0903135076163193,0.01
0.18686868686868688,0.18367346938775508,0.6917494525993496,-2.5867428035577995,3.021504465370891,-16.009624891903457,2.0901240599468043,0.01
0.18686868686868688,0.2040816326530612,0.750078859661916,-2.423203653537354,2.7156565735368017,-13.96346850783729,2.0369565859118706,0.01
0.18686868686868688,0.22448979591836732,0.8025925780498313,-1.9320242916237853,2.468358703661121,-10.271722739979419,1.981086375523119,0.01
0.18686868686868688,0.24489795918367346,0.8508281945052271,-2.057478145940989,2.1615422611383486,-19.796288627252274,1.8391010993910872,0.01
0.18686868686868688,0.26530612244897955,0.8908187927901721,-1.7584377491399725,1.7625756785512157,-19.302436466286768,1.5701355381683124,0.01
0.18686868686868688,0.2857142857142857,0.9227700589358889,-1.8038878280228827,1.4400546128663088,-12.304627970834133,1.3288392799855424,0.01
0.18686868686868688,0.3061224489795918,0.9495965320908377,-1.0090063463678167,1.143363740375651,-16.771077533250335,1.085734242779127,0.01
0.18686868686868688,0.32653061224489793,0.9694379667063237,-1.2860420339276561,0.7603208414025041,-20.767126566118048,0.7370838905336847,0.01
0.18686868686868688,0.3469387755102041,0.9806300358215522,-0.4907941186306523,0.4844571904903367,-6.267511223274364,0.4750732720645474,0.01
0.18686868686868688,0.36734693877551017,0.9892117295834802,-0.7669603980724354,0.36796326777300997,-5.148893203023658,0.3639935805369285,0.01
0.18686868686868688,0.3877551020408163,0.9956489447102465,-0.9250145303867364,0.14435298054976137,-16.764914944854706,0.14372489275014863,0.01
0.18686868686868688,0.4081632653061224,0.9951036879732664,0.3093191772133672,0.031465387547844725,5.701930830666872,0.03131132319236838,0.01
0.18686868686868688,0.42857142857142855,0.9969332462428115,-0.35007691641154864,-0.05362159173922599,-14.040454800799802,-0.05345714752129329,0.01
0.18686868686868688,0.44897959183673464,0.992915051575747,-0.025999269593271365,-0.29880748244510436,-9.987762488376283,-0.2966904468431999,0.01
0.18686868686868688,0.4693877551020408,0.984737022469542,0.2774112302863516,-0.6738906887743888,-26.770391731893604,-0.6636051103336404,0.01
0.18686868686868688,0.4897959183673469,0.9654093091767924,0.3321235188083202,-1.396455829782992,-44.040992086949515,-1.3481514579267027,0.01
0.18686868686868688,0.5102040816326531,0.9277388253355423,0.7857767876983291,-2.7505389193019756,-88.65915068591062,-2.5517817460329066,0.01
0.18686868686868688,0.5306122448979591,0.8531424145114056,1.757377860647175,-4.9861735343339415,-130.43304158722182,-4.253916128254528,0.01
0.18686868686868688,0.5510204081632653,0.7242215382198712,2.905506377035671,-7.948604106062107,-159.88515444213846,-5.756550292393084,0.01
0.18686868686868688,0.5714285714285714,0.5287095938558094,4.734569658210613,-9.973083777786949,-38.51385338689611,-5.272865073643699,0.01
0.18686868686868688,0.5918367346938775,0.31715689422856724,4.653112028353757,-9.248231140508842,109.54941184015047,-2.933140265631705,0.01
0.18686868686868688,0.6122448979591836,0.15123077179422403,3.282659111749469,-6.285323271985069,180.81555927517945,-0.9505342893984995,0.01
0.18686868686868688,0.6326530612244897,0.06061308720876854,1.0812582098912087,-3.132026583650808,128.20751618157817,-0.18984180045500781,0.01
0.18686868686868688,0.6530612244897959,0.023392952053374747,0.13565146579181656,-1.3128851611175407,50.06834322668203,-0.03071225962560981,0.01
0.18686868686868688,0.673469387755102,0.007025937775399537,0.1745754618891742,-0.5142488187363303,28.1980183266766,-0.0036130802015141724,0.01
0.18686868686868688,0.6938775510204082,0.002403204349851063,0.3613326536927028,-0.16030529026716245,6.488447463301854,-0.00038524637087418206,0.01
0.18686868686868688,0.7142857142857142,0.00048286470327045777,0.24087839718772974,-0.045216951904671135,4.790209696222296,-2.183367006424359e-05,0.01
0.18686868686868688,0.7346938775510203,0.0005576144761910167,-0.08784744232885108,-0.027038001666841716,-3.008672572915012,-1.5076781136707781e-05,0.01
0.18686868686868688,0.7551020408163265,-0.0006207272014985917,0.39783577482568083,-0.019137582607509404,3.7829136407295794,1.1879218095407435e-05,0.01
0.18686868686868688,0.7755102040816326,-0.0002235113445236527,-0.11571781008099795,0.07616592739597933,5.556830339612317,-1.7023948839166254e-05,0.01
0.18686868686868688,0.7959183673469387,0.002488086161602605,-0.4984954400707784,0.04368771055400678,-8.739695590125628,0.00010869878806152436,0.01
0.18686868686868688,0.8163265306122448,0.0015596605148235627,-0.14839346567368877,-0.03161611224716318,1.35992095561097,-4.9310401904130074e-05,0.01
0.18686868686868688,0.836734693877551,0.0011976326004939039,-0.44991779680763594,-0.04748953777292222,-2.9155166571353552,-5.687501861923831e-05,0.01
0.18686868686868688,0.8571428571428571,-0.0003786879657038744,0.41080208347765773,-0.04018454665726089,3.631405786470164,1.5217404226370553e-05,0.01
0.18686868686868688,0.8775510204081632,-0.00044255297735347964,0.20451673205076423,-0.02009891823542632,-1.6630142011303755,8.894836106672063e-06,0.01
0.18686868686868688,0.8979591836734693,-0.001199051975313112,0.12636234038228558,0.002661105507366288,3.8934965279240514,-3.1908038151241483e-06,0.01
0.18686868686868688,0.9183673469387754,-0.0003339364260324067,-0.04498861451236953,0.032894356857709896,-0.9306378955903774,-1.098462396569823e-05,0.01
0.18686868686868688,0.9387755102040816,0.0001435748352056592,-0.11655859085297958,0.005688157393495928,-1.735569651902592,8.166762603950298e-07,0.01
0.18686868686868688,0.9591836734693877,-0.00010176673650196067,0.1179100691062762,0.015595674791516302,2.706506356908589,-1.58712092707851e-06,0.01
0.18686868686868688,0.9795918367346939,0.0007801329899614266,-0.16774463667623427,0.05128825445150327,0.7913664497701345,4.0011659295153695e-05,0.01
0.18686868686868688,1.0,0.0019916314043757237,-0.8125647380588594,0.05936342230630056,0.0,0.00011823005613644655,0.01
0.19191919191919193,0.0,-0.001725979164765843,0.8629274782698022,4.021460572979931,0.0,-0.00694095716089067,0.01
0.19191919191919193,0.02040816326530612,0.0803446447736001,0.014305399099641373,4.0151984544346,-0.6136876174425342,0.3225996935170561,0.01
0.19191919191919193,0.04081632653061224,0.16215967203664636,-0.6042249516035397,3.9725274002589233,-3.56807569177371,0.6441837403825784,0.01
0.19191919191919193,0.061224489795918366,0.24248862029437246,-1.0251167278908995,3.9488752202221726,1.250162048172128,0.9575573038663109,0.01
0.19191919191919193,0.08163265306122448,0.3233382524538779,-1.8461995113931773,3.832857529620076,-12.619895727177594,1.2393094555320427,0.01
0.19191919191919193,0.1020408163265306,0.39893178476866126,-1.5204640200022776,3.6838053083985036,-1.9872219525365087,1.4695870264196838,0.01
0.19191919191919193,0.12244897959183673,0.4736976527966739,-1.6122580908565103,3.576995900190145,-8.480100051882633,1.6944145619833972,0.01
0.19191919191919193,0.14285714285714285,0.5449316174294835,-1.6391481754311767,3.4628273212827003,-2.7084206810469107,1.8870040930655876,0.01
0.19191919191919193,0.16326530612244897,0.6150375434612739,-2.227476660806868,3.276960200615427,-15.506557144345894,2.0154535518068757,0.01
0.19191919191919193,0.18367346938775508,0.6786850950056234,-2.198147983334827,3.00867139079621,-10.785746217937366,2.041940428703227,0.01
0.19191919191919193,0.2040816326530612,0.7378404573713233,-2.2562251961894453,2.796669722740758,-9.990417251496941,2.0634960673435727,0.01
0.19191919191919193,0.22448979591836732,0.7928348796072869,-2.3307344488374495,2.513612617479863,-17.74917906407076,1.9928797569590047,0.01
0.19191919191919193,0.24489795918367346,0.8404368907378483,-1.9597575912952672,2.1830214040214466,-14.64875985485405,1.8346917212099567,0.01
0.19191919191919193,0.26530612244897955,0.8819377940571419,-1.91512008228377,1.793954278495628,-23.479818446676205,1.5821560790158058,0.01
0.19191919191919193,0.2857142857142857,0.9136595143499148,-1.5242276000567172,1.5327872864416512,-2.1145467746135185,1.4004456877320026,0.01
0.19191919191919193,0.3061224489795918,0.9445005404425154,-1.6544196349898428,1.207440618937939,-29.769426640750282,1.1404283171391287,0.01
0.19191919191919193,0.32653061224489793,0.9629428049188102,-1.187225938527232,0.8244430615012946,-7.764333988040871,0.7938915141379078,0.01
0.19191919191919193,0.3469387755102041,0.9781512776466499,-1.1406213221521901,0.5486869888663615,-19.259761130182586,0.5366988791877246,0.01
0.19191919191919193,0.36734693877551017,0.985338192219478,-0.47414649186440866,0.314233974399151,-3.7166342876040375,0.3096267362684012,0.01
0.19191919191919193,0.3877551020408163,0.9909771541527377,-0.0037996465207630332,0.2775289886028026,0.11954567956189346,0.2750248873204929,0.01
0.19191919191919193,0.4081632653061224,0.9966659060400006,-0.3537368609708686,0.10260665796396647,-17.26193408216784,0.10226455772539308,0.01
0.19191919191919193,0.42857142857142855,0.9951651810084098,-0.11780674727073846,-0.09511301571277471,-2.114593938152795,-0.09465316149805916,0.01
0.19191919191919193,0.44897959183673464,0.9927837421333567,-0.16895262259985297,-0.2211637471213743,-10.238377739889966,-0.21956777249139336,0.01
0.19191919191919193,0.4693877551020408,0.98613808928917,0.033930825609525206,-0.6295775154620707,-29.786171557498026,-0.6208503681571893,0.01
0.19191919191919193,0.4897959183673469,0.9670867006859253,0.8407380072291358,-1.3335520108102978,-39.20332898662824,-1.2896604143276122,0.01
0.19191919191919193,0.5102040816326531,0.9317073949703824,1.0657432840982588,-2.5741816901350467,-82.37837958719714,-2.3983841166961803,0.01
0.19191919191919193,0.5306122448979591,0.8620180602722499,1.5923432869652079,-4.723883761915937,-128.2924234473299,-4.0720731173983555,0.01
0.19191919191919193,0.5510204081632653,0.7388958128513645,2.8639833099711445,-7.580214211919157,-151.62796065298565,-5.600988541703471,0.01
0.19191919191919193,0.5714285714285714,0.5526215618265701,4.649525152304441,-9.756839644164256,-61.68133170703423,-5.391839962649447,0.01
0.19191919191919193,0.5918367346938775,0.3406574600283337,4.109273853242925,-9.427886738429539,93.91871646903641,-3.211679949748218,0.01
0.19191919191919193,0.6122448979591836,0.16780985821720115,3.0598134217167945,-6.727295082855434,170.739265777226,-1.128906434039245,0.01
0.19191919191919193,0.6326530612244897,0.06607398725872414,2.163592889149811,-3.5214290448930425,143.4356059430885,-0.23267485784476402,0.01
0.19191919191919193,0.6530612244897959,0.02407806046646473,0.8658409099683658,-1.4250757031682975,62.007021545936546,-0.03431305895017601,0.01
0.19191919191919193,0.673469387755102,0.007907632027365063,0.17827974187217757,-0.48632362124354384,29.990682482689312,-0.0038456682430096033,0.01
0.19191919191919193,0.6938775510204082,0.004228116742238451,-0.166353046907462,-0.15210113918224014,2.7631207593184577,-0.0006431013730899704,0.01
0.19191919191919193,0.7142857142857142,0.0016994222648246487,-0.13461862699981578,-0.10079731732147956,2.264653783036081,-0.00017129720529071758,0.01
0.19191919191919193,0.7346938775510203,0.00011394052503520312,-0.03887255191524253,-0.007616507969216458,6.8670655334857065,-8.678289169473319e-07,0.01
0.19191919191919193,0.7551020408163265,0.0013885443885300994,0.0854208595445107,-0.022586188718254848,-8.334094246891468,-3.1361925603014604e-05,0.01
0.19191919191919193,0.7755102040816326,-0.0008079447287711171,-0.14681162463666375,-0.03474374313413812,7.142653914134908,2.8071024123004585e-05,0.01
0.19191919191919193,0.7959183673469387,-2.9567576128599174e-05,0.46216705341481784,0.03964451074582029,0.147394966101017,-1.1721920895581093e-06,0.01
0.19191919191919193,0.8163265306122448,0.0008101985669766497,0.1591269351656839,-0.025605242247430913,-6.541870759439635,-2.0745330575958496e-05,0.01
0.19191919191919193,0.836734693877551,-0.001074679504595167,-0.17175815263679436,0.02170385088469391,11.178161886387867,-2.3324683716570226e-05,0.01
0.19191919191919193,0.8571428571428571,0.0016960700316580337,-0.46890109048290485,0.04079346322673308,-9.30737987686803,6.918857046640601e-05,0.01
0.19191919191919193,0.8775510204081632,0.0005903598107816935,-0.07430599134037054,-0.05529474503258097,-0.10926453254474837,-3.2643795214656486e-05,0.01
0.19191919191919193,0.8979591836734693,-0.0005608583370187403,0.1030956491488073,-0.02821203080978916,2.763370526378346,1.5822952683899812e-05,0.01
0.19191919191919193,0.9183673469387754,-0.0005611516508423538,0.18015238123409225,0.00283595880082102,0.2793324554614523,-1.5914029628016177e-06,0.01
0.19191919191919193,0.9387755102040816,-0.000445104916577066,0.30321412578980883,0.025844812689742497,1.9755352256528529,-1.1503653196217731e-05,0.01
0.19191919191919193,0.9591836734693877,0.0004937386630246869,0.1618306437649812,0.009262047909345901,-3.6006461741317195,4.573031151631041e-06,0.01
0.19191919191919193,0.9795918367346939,-6.706214476702929e-05,0.11585712433221546,-0.0638462545158999,-3.5639674635423693,4.281666763177876e-06,0.01
0.19191919191919193,1.0,-0.0021122309090528596,0.07246212620491432,-0.1002132694500057,0.0,0.00021167356522954468,0.01
0.196969696969697,0.0,0.002632240422455381,-0.543948228003013,3.8114480382358003,0.0,0.010032647594332537,0.01
0.196969696969697,0.02040816326530612,0.08041689426400232,-0.36765055714458617,3.8336568658896653,2.176465110078773,0.30829077882871575,0.01
0.196969696969697,0.04081632653061224,0.1591080308669315,-0.1980360193223454,3.8439120360605985,-1.1714584333273104,0.6115972748832993,0.01
0.196969696969697,0.061224489795918366,0.23731126308280226,-0.5378834853649362,3.795196549945172,-3.6026592059845335,0.9006428869149822,0.01
0.196969696969697,0.08163265306122448,0.3140140124973467,-1.1882162564301444,3.771564556606294,1.2867238587745287,1.1843241198127186,0.01
0.196969696969697,0.1020408163265306,0.39125267355652854,-1.3774423170920032,3.712752605384101,-7.050295078549451,1.4526243831104966,0.01
0.196969696969697,0.12244897959183673,0.4655549351660855,-1.7683627918587592,3.5623102344931348,-7.693057268765271,1.658451110260934,0.01
0.196969696969697,0.14285714285714285,0.5366530912909422,-2.0360291126687184,3.3867017911625803,-9.516570177629037,1.8174839855079696,0.01
0.196969696969697,0.16326530612244897,0.6037876613359867,-2.0682903960001093,3.207791032465733,-8.016684174662025,1.9368246455470353,0.01
0.196969696969697,0.18367346938775508,0.6675833375140333,-2.246937504458688,3.005114122529174,-11.845652999120746,2.006164115528582,0.01
0.196969696969697,0.2040816326530612,0.7264453806228918,-1.9319347404293934,2.7802638217063427,-10.189676481516738,2.01970981019152,0.01
0.196969696969697,0.22448979591836732,0.7810634935020473,-2.337877146240953,2.550296740307678,-12.347097495552383,1.9919436814515985,0.01
0.196969696969697,0.24489795918367346,0.830539125125246,-2.481991042911978,2.234448434226321,-18.606036500420593,1.8557968476998044,0.01
0.196969696969697,0.26530612244897955,0.8722654704092441,-2.1514391054163644,1.8478456157953476,-19.281039705814845,1.6118119253053882,0.01
0.196969696969697,0.2857142857142857,0.9059613951577091,-1.594492562087636,1.5650456751219604,-8.433354480177096,1.41787096331903,0.01
0.196969696969697,0.3061224489795918,0.9361448857203445,-1.5001926690006262,1.249140319480729,-22.525370372663595,1.1693763216289617,0.01
0.196969696969697,0.32653061224489793,0.9569467143201879,-1.2900308271839074,0.8880191153625194,-12.864507630920944,0.8497869746996828,0.01
0.196969696969697,0.3469387755102041,0.9723905638984065,-0.6025359100845322,0.6369215668625189,-11.74305212207911,0.6193365215605013,0.01
0.196969696969697,0.36734693877551017,0.9829435129676376,-0.052099670138805225,0.4549013029495044,-6.094933741396311,0.44714228477474144,0.01
0.196969696969697,0.3877551020408163,0.9909579640187944,-0.22457232067386942,0.2924281601022558,-9.827434257634053,0.28978401415669347,0.01
0.196969696969697,0.4081632653061224,0.9948793562371174,-0.4490794472815473,0.08849971872975233,-10.157552996871294,0.08804654319702196,0.01
0.196969696969697,0.42857142857142855,0.9945701974363353,0.43429995473286137,-0.07224829934868437,-5.595752774815506,-0.07185600534766047,0.01
0.196969696969697,0.44897959183673464,0.9919304460596201,0.042025570962628704,-0.20238813835588712,-7.157951447890364,-0.20075495635653123,0.01
0.196969696969697,0.4693877551020408,0.9863094570952787,-0.461501684245271,-0.5046410486397969,-22.46283375993253,-0.4977322387119102,0.01
0.196969696969697,0.4897959183673469,0.9713328522375876,0.04153412545009582,-1.205878247007399,-46.25841168009223,-1.171309157116959,0.01
0.196969696969697,0.5102040816326531,0.9370899368092624,0.44108395795671024,-2.481180026733361,-78.72116273305178,-2.3250888344639695,0.01
0.196969696969697,0.5306122448979591,0.8700601980852055,1.8135501874264965,-4.501374263764999,-119.25787249604855,-3.9164665835870216,0.01
0.196969696969697,0.5510204081632653,0.753360375022936,2.6154131237984393,-7.201926556864555,-145.39625222770792,-5.425646091767123,0.01
0.196969696969697,0.5714285714285714,0.5761040120907339,3.982307271323229,-9.602750662799819,-89.88451015394797,-5.53218318394593,0.01
0.196969696969697,0.5918367346938775,0.36141136837804544,4.801427816309624,-9.62459349297195,87.74391279707906,-3.4784375043774247,0.01
0.196969696969697,0.6122448979591836,0.18326346135718496,3.033825495861998,-6.968048535483118,172.5974930368265,-1.2769886935174997,0.01
0.196969696969697,0.6326530612244897,0.07700122407261208,1.2991346039057496,-3.7929054415487826,138.56653016873838,-0.2920583617909275,0.01
0.196969696969697,0.6530612244897959,0.02845099435519385,1.098017784389621,-1.6707331380587116,69.4063555732886,-0.04753401907994371,0.01
0.196969696969697,0.673469387755102,0.008808034764093232,0.08226159560438766,-0.6140445906549469,34.14912207228039,-0.00540852610119217,0.01
0.196969696969697,0.6938775510204082,0.0033879498386654105,0.13884241329205735,-0.19081836159316864,7.327048375773878,-0.0006464830373739737,0.01
0.196969696969697,0.7142857142857142,0.0010195302092700234,-0.13533750187932994,-0.08502321566840192,3.040875924853262,-8.668373686321614e-05,0.01
0.196969696969697,0.7346938775510203,-8.238549473874908e-05,0.3715349275106931,0.019610600214298692,7.213238031651398,-1.6156290007788165e-06,0.01
0.196969696969697,0.7551020408163265,0.0018199628710781333,-0.3050573029578664,-0.03594228610045091,-12.65742089049686,-6.541362620448832e-05,0.01
0.196969696969697,0.7755102040816326,-0.0015494175804714391,0.5945661441209386,0.01187384146092515,17.343401391511716,-1.8397538707288105e-05,0.01
0.196969696969697,0.7959183673469387,0.002304609461319976,-0.4056896653952318,0.07750054466075726,-10.911984477928169,0.00017860848848263254,0.01
0.196969696969697,0.8163265306122448,0.001613869956702326,-0.3955359085664271,-0.10404548239018092,-6.879526173063775,-0.00016791587816011392,0.01
0.196969696969697,0.836734693877551,-0.0019421449219527143,0.2794606142325969,-0.05600668764253047,11.587328058333522,0.00010877310400033239,0.01
0.196969696969697,0.8571428571428571,-0.0006721172940132031,0.13099478358944408,0.052851937730583505,-0.9191827717683497,-3.5522701370834095e-05,0.01
0.196969696969697,0.8775510204081632,0.00021507702623436745,0.06663860250102618,0.015482629315787465,-2.7430094528816626,3.329957871528607e-06,0.01
0.196969696969697,0.8979591836734693,-4.017324030759232e-05,-0.022935184362547854,0.0032739799380610396,1.546561813864473,-1.3152638281396236e-07,0.01
0.196969696969697,0.9183673469387754,0.0003487088604409405,-0.2681826419668301,0.027598093536702527,0.8372013188023931,9.623699747526023e-06,0.01
0.196969696969697,0.9387755102040816,0.0010862795571088373,-0.5517794152072015,0.02357772901300906,-1.2311970421243525,2.5612005029883666e-05,0.01
0.196969696969697,0.9591836734693877,0.0013110651466862082,-0.5694291402133522,-0.01392101540232601,-2.4436799105784845,-1.8251358100471512e-05,0.01
0.196969696969697,0.9795918367346939,0.0005180748468098165,0.24246447134900329,-0.07490448017358493,-3.5326996370048906,-3.880612709129895e-05,0.01
0.196969696969697,1.0,-0.0017462605746846054,0.3166951281177585,-0.11095243565322668,0.0,0.00019375186404646034,0.01
0.20202020202020204,0.0,-0.00011497285028710915,-0.04710917285521925,3.8550772598118757,0.0,-0.00044322922063758975,0.01
0.20202020202020204,0.02040816326530612,0.0785600732683226,-0.14919829472659824,3.8764591341355055,2.0954236837157283,0.30453491359934365,0.01
0.20202020202020204,0.04081632653061224,0.1581078489511621,-1.3509835553048415,3.8228478605989897,-7.349328490294284,0.6044222521068582,0.01
0.20202020202020204,0.061224489795918366,0.2345946798233834,-1.039216167837705,3.6726742478788026,-7.367685556284051,0.8615898392767131,0.01
0.20202020202020204,0.08163265306122448,0.308012920293154,-1.085416551149779,3.667679751670369,6.878224927857567,1.1296927510120605,0.01
0.20202020202020204,0.1020408163265306,0.384295894177276,-1.3428710526364362,3.6409667967073283,-9.496094514235601,1.399208590810415,0.01
0.20202020202020204,0.12244897959183673,0.4566238099546776,-1.6850626910056112,3.4808184340303594,-6.198445028107348,1.5894245751074174,0.01
0.20202020202020204,0.14285714285714285,0.5263701159744335,-1.9618913355800274,3.3495895371147872,-6.6619868696187154,1.7631238331178596,0.01
0.20202020202020204,0.16326530612244897,0.5933417502450771,-1.8240538580690473,3.181693781966469,-9.791797134916466,1.8878317573358634,0.01
0.20202020202020204,0.18367346938775508,0.6562351682995955,-2.0675488583509565,3.021986413243732,-5.859524999911731,1.9831337624940915,0.01
0.20202020202020204,0.2040816326530612,0.716688134459107,-2.433861984990707,2.769011189263588,-18.932046950142453,1.9845174635297138,0.01
0.20202020202020204,0.22448979591836732,0.769256033167497,-1.7826515004228216,2.4822342180307926,-9.172096230671453,1.9094736479549914,0.01
0.20202020202020204,0.24489795918367346,0.8180038168277107,-2.011136092079227,2.2575177877626973,-12.850113935601916,1.8466581669463362,0.01
0.20202020202020204,0.26530612244897955,0.8613996163414847,-1.6518712616471989,1.9576623470084604,-16.535719258313282,1.6863295946392582,0.01
0.20202020202020204,0.2857142857142857,0.8979084024198928,-1.6320678609038022,1.6456291988198675,-14.043529264168846,1.4776242848878753,0.01
0.20202020202020204,0.3061224489795918,0.9285681550688262,-1.3338299475243751,1.2868136149612408,-21.120397953976564,1.1948941443620062,0.01
0.20202020202020204,0.32653061224489793,0.9504314071121883,-1.3341353584677085,0.9990928052283997,-7.076241399841864,0.9495691807088914,0.01
0.20202020202020204,0.3469387755102041,0.9693474532414139,-1.3658598405500257,0.7900999171029482,-13.40506163645239,0.7658813424499952,0.01
0.20202020202020204,0.36734693877551017,0.9826803833204719,-1.1688880615732127,0.5016695248715308,-14.861116802226512,0.4929808010009549,0.01
0.20202020202020204,0.3877551020408163,0.9898237603790274,-0.6686191658221229,0.24330692505176502,-10.458417980110545,0.24083097548099625,0.01
0.20202020202020204,0.4081632653061224,0.992611278220544,0.060307269654671584,0.17002684371694882,3.2769700092985583,0.16877056267368523,0.01
0.20202020202020204,0.42857142857142855,0.9967636315511478,-0.6874524858725589,-0.011480254161905014,-21.064665601426505,-0.011443099829550621,0.01
0.20202020202020204,0.44897959183673464,0.9921426964180172,-0.047636542020103916,-0.3132322805526762,-8.507032984869346,-0.31077111943269703,0.01
0.20202020202020204,0.4693877551020408,0.9839786405081814,0.8525548840659932,-0.5047018588168527,-10.256985685019949,-0.4966158489005588,0.01
0.20202020202020204,0.4897959183673469,0.9715426205479416,-0.18259253597583644,-1.094194670068265,-47.51330981761846,-1.0630567571477125,0.01
0.20202020202020204,0.5102040816326531,0.9393176335666196,1.0618207642604047,-2.261915413003958,-66.92332299007944,-2.124657033070741,0.01
0.20202020202020204,0.5306122448979591,0.8792195424661474,1.2618421003971794,-4.232328483143169,-126.17715788356331,-3.721145912515581,0.01
0.20202020202020204,0.5510204081632653,0.7665695322138372,3.1346722635374795,-6.933570251028848,-138.54453536923324,-5.315063703902961,0.01
0.20202020202020204,0.5714285714285714,0.5962166750772149,3.9441920006170017,-9.332258945797172,-96.52695671806255,-5.564048399622784,0.01
0.20202020202020204,0.5918367346938775,0.38566100381395263,4.809290896061378,-9.741956136905285,56.37663198946746,-3.7570925828703885,0.01
0.20202020202020204,0.6122448979591836,0.19858581234638698,3.7379202551774164,-7.401413099644203,172.99658566211846,-1.469815632904034,0.01
0.20202020202020204,0.6326530612244897,0.08356250995092394,2.2732290757093883,-4.03243720382693,157.16305212797437,-0.3369605739712638,0.01
0.20202020202020204,0.6530612244897959,0.033996538720798,0.43581339673812497,-1.8213058082778197,59.527824635838485,-0.06191809343353119,0.01
0.20202020202020204,0.673469387755102,0.009223497368155796,0.826572671934978,-0.7327304320281303,47.152562236631105,-0.006758337211379119,0.01
0.20202020202020204,0.6938775510204082,0.004089174148221256,-0.15072581688895725,-0.21774350244342663,3.316156862669856,-0.000890391101134812,0.01
0.20202020202020204,0.7142857142857142,0.00033600747250573076,0.20673447935502073,-0.05623045507064142,12.512121779863094,-1.8893853086133276e-05,0.01
0.20202020202020204,0.7346938775510203,0.0017940535330930344,-0.569122708715859,-0.0013900822423889006,-7.137765242694346,-2.493881958247695e-06,0.01
0.20202020202020204,0.7551020408163265,0.0002792694217959797,0.04460900812916656,-0.008344989095647806,6.456184371074973,-2.3305002796353186e-06,0.01
0.20202020202020204,0.7755102040816326,0.001453441733270675,-0.3932233744824746,-0.000578142780061991,-5.6950334321475635,-8.40296844331227e-07,0.01
0.20202020202020204,0.7959183673469387,0.00025567175730365356,-0.057025423352209205,-0.04501208307076024,1.340507283659135,-1.1508318378599305e-05,0.01
0.20202020202020204,0.8163265306122448,-0.00038378614716851804,-0.12520042160499922,-0.019266786173606144,1.1825318122619664,7.394325633887977e-06,0.01
0.20202020202020204,0.836734693877551,-0.00053072767835374,-0.27606513196075866,0.009144837396958653,1.601807297653384,-4.853418320610325e-06,0.01
0.20202020202020204,0.8571428571428571,-1.0527477904899598e-05,-0.11018204032994848,0.026517900925414402,0.10075292813527952,-2.791666160766167e-07,0.01
0.20202020202020204,0.8775510204081632,0.0005516356247243987,-0.3328915213884149,-0.003564260658070126,-3.0488047633167636,-1.9661731547951104e-06,0.01
0.20202020202020204,0.8979591836734693,-0.00015600750476490473,-0.22381063981609653,-0.038155921523870685,-0.3411780015316916,5.952610108944587e-06,0.01
0.20202020202020204,0.9183673469387754,-0.001005748927270323,0.30923349327919986,-0.037839702704176345,0.3721674458617368,3.8057240402953294e-05,0.01
0.20202020202020204,0.9387755102040816,-0.0017004851661598574,0.10862411907182398,-0.013697721527595953,1.993746709443142,2.329277226786546e-05,0.01
0.20202020202020204,0.9591836734693877,-0.001564839601866076,0.18336159241667888,0.08435663722710339,7.6155804485173935,-0.00013200460661322148,0.01
0.20202020202020204,0.9795918367346939,0.0017426428839259949,-0.2586120127357373,0.03474220959465858,-12.477794356496986,6.05432643219972e-05,0.01
0.20202020202020204,1.0,-0.00014679023065552175,0.4185886532243173,-0.09258222261449432,0.0,1.3590165812182483e-05,0.01
0.2070707070707071,0.0,-0.0003528979657175094,-0.11157764405820993,3.829812780156838,0.0,-0.0013515331391962672,0.01
0.2070707070707071,0.02040816326530612,0.07780654652727917,-0.5818373174894418,3.715121142367749,-11.239780503330644,0.2890607460181148,0.01
0.2070707070707071,0.04081632653061224,0.15128469968194572,-0.027625980839939387,3.7127193864008983,11.004408418579242,0.5616776373749977,0.01
0.2070707070707071,0.061224489795918366,0.22934611331915256,-1.4933809507140976,3.7055348115242523,-11.70849675649054,0.8498500067919058,0.01
0.2070707070707071,0.08163265306122448,0.3025310185196703,-0.9962096103813641,3.630106293702849,4.316502009993048,1.0982197543685883,0.01
0.2070707070707071,0.1020408163265306,0.37751371714375864,-1.2729841914385933,3.5667681581898134,-10.523639290270573,1.3465039055882342,0.01
0.2070707070707071,0.12244897959183673,0.44811339232333613,-1.8598884397356683,3.4042224899287534,-5.40583619931333,1.5254776881853678,0.01
0.2070707070707071,0.14285714285714285,0.5164615738755445,-2.0977396942355,3.332391135129665,-1.6336365709973175,1.721051970417979,0.01
0.2070707070707071,0.16326530612244897,0.5841293570225061,-2.4118348938166427,3.1686199975831975,-14.415934908556501,1.850883961836928,0.01
0.2070707070707071,0.18367346938775508,0.645793002348328,-2.1021987449129704,2.946530357134739,-7.348849855392429,1.9028486858445346,0.01
0.2070707070707071,0.2040816326530612,0.7043959022116791,-2.144146289734715,2.8042636401183314,-6.593288412215506,1.9753118168205595,0.01
0.2070707070707071,0.22448979591836732,0.7602527427613212,-2.5647145822992794,2.5345412098304454,-19.839509755997323,1.9268919064151933,0.01
0.2070707070707071,0.24489795918367346,0.8078465638374116,-2.3170928702750855,2.273700191045539,-5.722910084923494,1.836800886532605,0.01
0.2070707070707071,0.26530612244897955,0.8530568321917513,-1.9139067188670988,2.0045672544013793,-20.65211770620421,1.710009791954957,0.01
0.2070707070707071,0.2857142857142857,0.8896656354456312,-1.8253616634727072,1.6849827957694088,-10.667159239728901,1.4990712897131473,0.01
0.2070707070707071,0.3061224489795918,0.9218316401823394,-2.0358101115894174,1.3236790003636867,-24.740612710031854,1.2202091839801767,0.01
0.2070707070707071,0.32653061224489793,0.9436933497461898,-0.9530308477088115,0.9951295103843167,-7.457237307946412,0.9390971010858616,0.01
0.2070707070707071,0.3469387755102041,0.962449171218434,-0.4818123177375468,0.8105471836378733,-10.631830713205053,0.7801104651257069,0.01
0.2070707070707071,0.36734693877551017,0.9767769082620213,-0.4881218444323871,0.587944254825236,-11.183256310433393,0.5742903714586121,0.01
0.2070707070707071,0.3877551020408163,0.9864468959051783,-0.3707785743552427,0.39540432714814466,-7.6856566019215675,0.39004537114276294,0.01
0.2070707070707071,0.4081632653061224,0.992915860390517,-0.49765200249705693,0.16769645815515244,-14.62971455939167,0.16650847303356553,0.01
0.2070707070707071,0.42857142857142855,0.9932916492992662,-0.03061872791973363,-0.0248369379297434,-4.238558256928126,-0.024670323039778324,0.01
0.2070707070707071,0.44897959183673464,0.9919021078219561,0.036188977007802325,-0.1226758130602796,-5.349651505864422,-0.12168239755326359,0.01
0.2070707070707071,0.4693877551020408,0.9882844732559894,-0.050578952916323854,-0.5214009590790519,-33.72541280397554,-0.5152924721986085,0.01
0.2070707070707071,0.4897959183673469,0.9706204360228111,0.9204516765876075,-1.0683006596401685,-19.870757851014172,-1.036914452063397,0.01
0.2070707070707071,0.5102040816326531,0.9446803646992479,0.22805723028583522,-2.0831848645638624,-79.58789423150783,-1.9679438375921428,0.01
0.2070707070707071,0.5306122448979591,0.8855924823671433,1.1060270766385087,-3.975839282475046,-105.89223872378822,-3.520973379659878,0.01
0.2070707070707071,0.5510204081632653,0.7824012103125113,2.386880053889862,-6.601663318930941,-151.43851684888946,-5.165149370807279,0.01
0.2070707070707071,0.5714285714285714,0.6161368366964927,4.111807234299076,-9.125046034196993,-95.85298924718381,-5.622276998220011,0.01
0.2070707070707071,0.5918367346938775,0.4099503517738586,4.1648575334403635,-9.767479660962204,32.89449382419302,-4.004181722955464,0.01
0.2070707070707071,0.6122448979591836,0.21746419747354565,4.144028094080885,-7.715218728930181,168.227077514945,-1.6777838492196708,0.01
0.2070707070707071,0.6326530612244897,0.09504346487874914,1.9686826213460267,-4.441031234290378,152.64329695975584,-0.4220909961417055,0.01
0.2070707070707071,0.6530612244897959,0.03619761648210166,1.1116424074378874,-2.000311272381219,86.54725930734176,-0.07240650028248015,0.01
0.2070707070707071,0.673469387755102,0.013398106822372857,0.2907883173665139,-0.8053072539163298,30.5631345022174,-0.01078959261280273,0.01
0.2070707070707071,0.6938775510204082,0.0033279326487820776,0.18401119807359836,-0.29444065253539103,19.50179243311461,-0.0009798786607012272,0.01
0.2070707070707071,0.7142857142857142,0.0013801210046017953,0.008655050605358594,-0.10800178764518231,-1.23078367387415,-0.00014905553566365876,0.01
0.2070707070707071,0.7346938775510203,-0.0010803035816335264,0.32688682919644996,-0.021451062267810257,9.712754760856612,2.3173659397759214e-05,0.01
0.2070707070707071,0.7551020408163265,0.0005045674426503563,-0.1478422680811825,0.013420332564543712,-6.295358067285922,6.771462881609118e-06,0.01
0.2070707070707071,0.7755102040816326,-0.0005325349055297014,0.196497782532693,-0.013154120412858489,3.691061675500506,7.005028271387913e-06,0.01
0.2070707070707071,0.7959183673469387,-3.233543134386773e-05,-0.09794117101367268,-0.011847626780365559,-3.563025299516199,3.830981223442792e-07,0.01
0.2070707070707071,0.8163265306122448,-0.0010161115088099283,0.10069481279988399,-0.04637018446102767,0.17981464681131146,4.711727809648952e-05,0.01
0.2070707070707071,0.836734693877551,-0.001924996021589895,0.32196238013378375,0.011003172453719984,5.442774330833959,-2.1181063198278492e-05,0.01
0.2070707070707071,0.8571428571428571,-0.0005670024290662556,-0.12355635482668369,0.01948635273865896,-4.61142266290994,-1.104880933646151e-05,0.01
0.2070707070707071,0.8775510204081632,-0.001129634685318101,-0.21806029431363047,-0.01762436513994198,0.9745723108070474,1.9909094168789667e-05,0.01
0.2070707070707071,0.8979591836734693,-0.001286364271512867,-0.04960784621314682,0.041298941402172565,4.799911730320179,-5.312548267105829e-05,0.01
0.2070707070707071,0.9183673469387754,0.0005560363923215954,-0.3298077097455757,0.0032949012996320074,-8.524307660369153,1.8320850317031176e-06,0.01
0.2070707070707071,0.9387755102040816,-0.0011518785041809484,0.3984730682923364,-0.029272779967655364,5.332674896174991,3.371868600236089e-05,0.01
0.2070707070707071,0.9591836734693877,-0.0006387709532969907,0.20341129984508405,0.03891580273576372,1.3498062087600802,-2.485828441184143e-05,0.01
0.2070707070707071,0.9795918367346939,0.00043652160748287687,-0.13000712466693576,0.06384858833095729,1.0936067795688897,2.787128841374193e-05,0.01
0.2070707070707071,1.0,0.0019672938765380003,-0.5028007094638487,0.07500784118370105,0.0,0.0001475624666530299,0.01
0.21212121212121213,0.0,-0.0009164214205569535,0.27625707820305434,3.713435386226886,0.0,-0.003403071731792502,0.01
0.21212121212121213,0.02040816326530612,0.07486797421672643,-0.06930516680383614,3.7255091006952625,1.1832240179008888,0.2789213192950326,0.01
0.21212121212121213,0.04081632653061224,0.15114517452618845,-0.5264399179791425,3.599927371178656,-13.490233510528387,0.5441116507984007,0.01
0.21212121212121213,0.061224489795918366,0.22180378528524297,-0.5454119225575276,3.585684816959783,12.094463197078896,0.7953184652415035,0.01
0.21212121212121213,0.08163265306122448,0.29749965685107754,-0.8739121179760072,3.6573776098758284,-5.068569491306451,1.0880685839128732,0.01
0.21212121212121213,0.1020408163265306,0.37108450405568494,-1.3623147401274722,3.4598988080929423,-14.284353083416383,1.283914833284025,0.01
0.21212121212121213,0.12244897959183673,0.4387200163650752,-1.4982779837457068,3.3021694100372168,-1.1731279260447334,1.4487278176117784,0.01
0.21212121212121213,0.14285714285714285,0.5058669289551632,-1.3386881101136114,3.2640947304580292,-2.5581906727156456,1.6511975771155343,0.01
0.21212121212121213,0.16326530612244897,0.5719483727103009,-1.6237217275647309,3.1680682463630054,-6.852404768596694,1.8119714781424974,0.01
0.21212121212121213,0.18367346938775508,0.6351758369699797,-2.187093504205615,2.9796534419832605,-11.612246060618316,1.8926038688921984,0.01
0.21212121212121213,0.2040816326530612,0.6935668805463523,-1.7718851622021667,2.7470331450882073,-11.184543035096876,1.905251209196263,0.01
0.21212121212121213,0.22448979591836732,0.7472996388103147,-1.860217621950297,2.513141254157521,-11.736862276110408,1.8780695515112167,0.01
0.21212121212121213,0.24489795918367346,0.796144074593598,-1.433933329433808,2.354229446874269,-3.8364948376483126,1.8743058243627129,0.01
0.21212121212121213,0.26530612244897955,0.8433906366419175,-1.9323583789331884,2.0654127825158146,-24.467538269480173,1.741949801574367,0.01
0.21212121212121213,0.2857142857142857,0.8804466371452639,-1.747877559802014,1.6698987901042734,-14.292832986850897,1.4702567741202526,0.01
0.21212121212121213,0.3061224489795918,0.9115497709318878,-1.407907690550645,1.431618924536492,-9.058593838791676,1.304991902722995,0.01
0.21212121212121213,0.32653061224489793,0.9388800626365493,-1.4460859671478388,1.18741711618922,-14.873183379240997,1.1148422564234457,0.01
0.21212121212121213,0.3469387755102041,0.960015775674305,-1.452732405657048,0.8680738027301581,-16.422461339747066,0.8333645450705364,0.01
0.21212121212121213,0.36734693877551017,0.9743116464214537,-1.0302499604413744,0.6016832786275919,-9.683810022304426,0.5862270258239073,0.01
0.21212121212121213,0.3877551020408163,0.9845742768427781,-0.6599860497528297,0.39422509041792037,-10.647092422243384,0.38814388331150274,0.01
0.21212121212121213,0.4081632653061224,0.9904024664385117,-0.30060032140379045,0.20978694420399072,-7.427845906721722,0.20777350696623084,0.01
0.21212121212121213,0.42857142857142855,0.9931370092592675,-0.26797088678465064,0.041219142867575054,-9.091798624247014,0.04093625627173396,0.01
0.21212121212121213,0.44897959183673464,0.9920848804331066,0.17419595080008474,-0.12514563888056474,-7.21194998707069,-0.1241550961855498,0.01
0.21212121212121213,0.4693877551020408,0.9880290239988363,-0.19678024588321194,-0.4119846149391265,-20.8982696666681,-0.4070527570008416,0.01
0.21212121212121213,0.4897959183673469,0.9752691818641627,0.23404670941982017,-1.0338229501025278,-40.041887179345224,-1.0082556627388874,0.01
0.21212121212121213,0.5102040816326531,0.9458321688926107,1.1177556652764145,-2.060222251931301,-60.54524439987514,-1.948624480945001,0.01
0.21212121212121213,0.5306122448979591,0.8911784777037014,1.9573955871016886,-3.7087122159179824,-101.00677207081989,-3.3051245068229087,0.01
0.21212121212121213,0.5510204081632653,0.7944561600796318,2.394597038344947,-6.2297359761901125,-146.05355643584892,-4.949252121953934,0.01
0.21212121212121213,0.5714285714285714,0.6369035399000234,3.587111979425384,-8.905043770313219,-116.12660738821533,-5.671653900277139,0.01
0.21212121212121213,0.5918367346938775,0.43098498578113315,4.949755456754534,-9.763492736393243,31.998608712373123,-4.207918778168638,0.01
0.21212121212121213,0.6122448979591836,0.23839363229213598,3.0076916910180316,-7.986967644820642,142.10085026174153,-1.9040422278485594,0.01
0.21212121212121213,0.6326530612244897,0.10498630640069877,2.412033684698147,-4.816250675314385,168.6294127498718,-0.5056403691011284,0.01
0.21212121212121213,0.6530612244897959,0.0418119720752223,0.3779443213625617,-2.2079295069645424,86.98606174841285,-0.09231788688926079,0.01
0.21212121212121213,0.673469387755102,0.014866734687860301,0.25874523621439255,-0.920089903559891,39.22221938524305,-0.013678732485203871,0.01
0.21212121212121213,0.6938775510204082,0.004257282134002271,0.4233855841802326,-0.3293510820083623,18.67018512680676,-0.0014021404772485177,0.01
0.21212121212121213,0.7142857142857142,0.0014238333813965357,0.1867626758912332,-0.09032273227897088,4.754593146673599,-0.00012860452131774114,0.01
0.21212121212121213,0.7346938775510203,0.0005706400001667261,0.06233101435666484,-0.04081562947902368,0.09710292772122522,-2.3291030812715102e-05,0.01
0.21212121212121213,0.7551020408163265,-0.0002421106789717777,0.19492055770513825,-0.0027136656337494462,3.63688952911565,6.570074290894579e-07,0.01
0.21212121212121213,0.7755102040816326,0.0004598781375647079,0.08782035603936653,-0.006979489715111058,-4.054940289089088,-3.209714731337307e-06,0.01
0.21212121212121213,0.7959183673469387,-0.0005269878102008005,0.5379223772676851,-0.023702034651344458,2.416130885338215,1.249068333821551e-05,0.01
0.21212121212121213,0.8163265306122448,-0.0005075518482044536,-0.07157025042057909,0.0055875781809555805,0.4542511722271893,-2.8359856327308836e-06,0.01
0.21212121212121213,0.836734693877551,-0.00029892339465159313,-0.2077302262025164,-0.01674507808593107,-2.6428514863820816,5.005495585152517e-06,0.01
0.21212121212121213,0.8571428571428571,-0.0011910244231404157,0.40672217259061577,-0.04733463475609685,-0.35492506729416545,5.637670605494252e-05,0.01
0.21212121212121213,0.8775510204081632,-0.0022309493030637094,0.17950963601980852,-0.008474170892307367,4.163250525945536,1.8905445646235893e-05,0.01
0.21212121212121213,0.8979591836734693,-0.0015369089493570429,0.09134214905774524,0.027471609694684384,-0.640564028420343,-4.222136279300413e-05,0.01
0.21212121212121213,0.9183673469387754,-0.0011096591114439387,-0.02963101093213566,0.058739256882381206,3.704793452814632,-6.51805515989804e-05,0.01
0.21212121212121213,0.9387755102040816,0.0008606117397197407,0.1837493203685338,0.036706339905936386,-5.864019316506225,3.1589907045192053e-05,0.01
0.21212121212121213,0.9591836734693877,0.00038855884390040355,-0.1669344222760021,-0.02647694841323714,-0.32794293877278213,-1.0287852465458048e-05,0.01
0.21212121212121213,0.9795918367346939,-0.00022008003224912199,-0.051681817676812555,-0.02353623100272381,0.6161332450030889,5.179854478102241e-06,0.01
0.21212121212121213,1.0,-0.0005721036460066905,0.09537117543032053,-0.01724915707412086,0.0,9.868305652646642e-06,0.01
0.21717171717171718,0.0,0.00047881634814534146,0.09786851710429852,3.6279174569069994,0.0,0.0017371061880889437,0.01
0.21717171717171718,0.02040816326530612,0.07451794812175756,-0.3382578451152294,3.626185482480799,-0.16973349376762822,0.2702159016633746,0.01
0.21717171717171718,0.04081632653061224,0.14848638706164732,-0.6336043780397289,3.541015171603072,-8.17695697224956,0.5257925493618193,0.01
0.21717171717171718,0.061224489795918366,0.2190491796157605,-0.7553823501188606,3.5426895194854238,8.34104306471997,0.7760232328766349,0.01
0.21717171717171718,0.08163265306122448,0.29308595928554215,-0.8215818633552137,3.5562962006310626,-7.007588312447351,1.0423004834654839,0.01
0.21717171717171718,0.1020408163265306,0.36420412658029366,-1.4188668035975198,3.3826414156113382,-10.010580619485639,1.2319719623070555,0.01
0.21717171717171718,0.12244897959183673,0.43115295584110697,-1.3408100326197627,3.3050929071853967,2.410826793743355,1.4250005762624611,0.01
0.21717171717171718,0.14285714285714285,0.4991058778939833,-1.6118208642455087,3.2485726510460795,-7.949811895396446,1.6213817049027381,0.01
0.21717171717171718,0.16326530612244897,0.5637477579246204,-1.9417048550951803,3.0630887910334392,-10.227606385842275,1.7268094382691375,0.01
0.21717171717171718,0.18367346938775508,0.6241299101810625,-1.9114176307730253,2.961320087697315,0.2542734589021011,1.848248440351901,0.01
0.21717171717171718,0.2040816326530612,0.6846179655857353,-2.2596100866558855,2.7874799082965676,-17.290611040175364,1.908358823929108,0.01
0.21717171717171718,0.22448979591836732,0.7379046003156162,-2.1805513466828117,2.5549585263940098,-5.496484386275299,1.8853156502417476,0.01
0.21717171717171718,0.24489795918367346,0.7889019870712051,-2.4602854775646446,2.3453029390657796,-15.049763171891259,1.850214148912931,0.01
0.21717171717171718,0.26530612244897955,0.8336312508897297,-2.243264693224441,2.026566147950052,-16.18644235745006,1.689408872926383,0.01
0.21717171717171718,0.2857142857142857,0.8716189727018194,-1.5641903508234516,1.734792940939487,-12.407331929585304,1.5120784410320438,0.01
0.21717171717171718,0.3061224489795918,0.9044391260301169,-1.8619650976801736,1.468961823627539,-13.644117566985614,1.3285865479332981,0.01
0.21717171717171718,0.32653061224489793,0.9315765981560047,-1.3479448444979742,1.1818706236634275,-14.490820029497305,1.1010030150528916,0.01
0.21717171717171718,0.3469387755102041,0.9526787433225017,-1.0245790727344193,0.9195282581054529,-11.218731795184214,0.8760150253814318,0.01
0.21717171717171718,0.36734693877551017,0.969108363792962,-1.1334989781955647,0.6997756307470533,-10.31702568593896,0.6781584165354647,0.01
0.21717171717171718,0.3877551020408163,0.9812410139652386,-0.29940566672111535,0.48451002050085373,-10.779004118188597,0.47542110379257624,0.01
0.21717171717171718,0.4081632653061224,0.9888842829970784,-0.7264542883848061,0.25829387093490175,-11.390178539274697,0.2554227493620002,0.01
0.21717171717171718,0.42857142857142855,0.9917836209421733,0.01939769300904093,0.09996918665037781,-4.125640520608654,0.09914780191875568,0.01
0.21717171717171718,0.44897959183673464,0.9929646579624,-0.06714190286360089,-0.11633669594074027,-17.07233597332092,-0.11551822749327288,0.01
0.21717171717171718,0.4693877551020408,0.9870351843731635,0.5877231290313834,-0.404578839251331,-11.175394071116973,-0.39933354919391795,0.01
0.21717171717171718,0.4897959183673469,0.9764512359521416,0.32098150147011073,-0.8711657287721699,-34.55012110192525,-0.8506508525787334,0.01
0.21717171717171718,0.5102040816326531,0.9514773995253198,0.29099358129569985,-1.8469795877736963,-61.07963708022436,-1.7573593351512637,0.01
0.21717171717171718,0.5306122448979591,0.9010643140021948,1.0595716846951464,-3.55071921773526,-105.88684665600888,-3.1994263761430317,0.01
0.21717171717171718,0.5510204081632653,0.8065500845157174,2.3402857748622443,-6.0280791498672315,-136.89442669292433,-4.86194774779285,0.01
0.21717171717171718,0.5714285714285714,0.6550202670688384,3.8332423650832554,-8.588875178136274,-114.06358407744207,-5.625887313003739,0.01
0.21717171717171718,0.5918367346938775,0.45598375071423686,3.9894831540367113,-9.83518868117092,-8.075139219953256,-4.484686223822524,0.01
0.21717171717171718,0.6122448979591836,0.2535839943679846,4.359360980522496,-8.300978672171055,158.42772010194005,-2.1049953288525853,0.01
0.21717171717171718,0.6326530612244897,0.11716829470725507,2.5602007845045365,-5.14164870842832,151.18661634484806,-0.6024382111503067,0.01
0.21717171717171718,0.6530612244897959,0.043720781779073625,1.8916054073804862,-2.4743717644789465,110.20652416219056,-0.10818146795508538,0.01
0.21717171717171718,0.673469387755102,0.016173528810155213,0.8053139103795816,-0.9144671210395224,42.66413089487303,-0.014790160328072411,0.01
0.21717171717171718,0.6938775510204082,0.0063955931652155676,0.10462541030364587,-0.3382580149776421,13.804361499191256,-0.0021633606486703926,0.01
0.21717171717171718,0.7142857142857142,0.0023670792192310467,-0.12405769122757887,-0.13499867652481637,6.115053669185666,-0.000319552561825587,0.01
0.21717171717171718,0.7346938775510203,0.0008854431029781647,0.661573338464016,-0.03980619460811118,3.2138095586514446,-3.5246120471558654e-05,0.01
0.21717171717171718,0.7551020408163265,0.0007423365821652842,-0.09955823450680769,0.0004403185643626321,0.7303487322509903,3.26864578132881e-07,0.01
0.21717171717171718,0.7755102040816326,0.0009034152892786803,0.14461948542854206,0.03546265462469904,2.7018402016619785,3.2037504386362414e-05,0.01
0.21717171717171718,0.7959183673469387,0.0021897918729693266,-0.3170608459170405,-0.04342460969310541,-10.432792104806815,-9.509085739282727e-05,0.01
0.21717171717171718,0.8163265306122448,-0.0008690177594194995,0.3080809554350938,-0.0866775166928825,6.194007218828661,7.532430134849501e-05,0.01
0.21717171717171718,0.836734693877551,-0.0013480659512299588,0.13762952117537275,0.04243757021595922,6.459271298237829,-5.720864346106523e-05,0.01
0.21717171717171718,0.8571428571428571,0.0008631279636808766,-0.29355783618449377,0.0005814088017160854,-10.56117511683366,5.018301950913434e-07,0.01
0.21717171717171718,0.8775510204081632,-0.001324334979731343,0.6529418831321127,-0.047498466733495906,5.849347314382881,6.290388097877417e-05,0.01
0.21717171717171718,0.8979591836734693,-0.0010755849642169154,0.24344172757857094,0.0015930952991155289,-1.0383742351869603,-1.7135093502933123e-06,0.01
0.21717171717171718,0.9183673469387754,-0.0012593106818082603,0.034265772813912694,0.07017347757487777,7.759251698211659,-8.837020988967599e-05,0.01
0.21717171717171718,0.9387755102040816,0.0017886386102678913,-0.7135726619504517,0.019716776381064022,-12.70400841520541,3.5266187505189134e-05,0.01
0.21717171717171718,0.9591836734693877,-0.0004545442989076879,0.2541130771023157,-0.05560857913096939,5.322123575026132,2.5276562614339167e-05,0.01
0.21717171717171718,0.9795918367346939,-0.000481099313445145,-0.06863045649787562,0.008920774774068644,1.0017531076675963,-4.291778619203193e-06,0.01
0.21717171717171718,1.0,-9.04310428232535e-05,-0.4126475869909538,0.019142745260472688,0.0,-1.7310984164044388e-06,0.01
0.22222222222222224,0.0,0.000973101788066041,-0.2700465549771346,3.519987195549641,0.0,0.0034253058339589245,0.01
0.22222222222222224,0.02040816326530612,0.07280957516663014,-0.44456136382380834,3.5356749474756035,1.5373996887443078,0.25743099085299603,0.01
0.22222222222222224,0.04081632653061224,0.14528636495033556,-0.3805946973410434,3.4894012808324213,-6.072219019776186,0.5069624279451875,0.01
0.22222222222222224,0.061224489795918366,0.21523411724142283,-1.0720044917975284,3.5194296791307296,9.015002053010432,0.7575013401809666,0.01
0.22222222222222224,0.08163265306122448,0.2889365559352633,-1.6832801509610098,3.4741983768420366,-13.44766967730237,1.00382291364062,0.01
0.22222222222222224,0.1020408163265306,0.35703813262273043,-1.5714811151139203,3.3183934855760784,-1.8212096667615347,1.1847930133975166,0.01
0.22222222222222224,0.12244897959183673,0.424381187999593,-1.436861985516269,3.2812172784688522,-1.8220586297466026,1.3924868867214029,0.01
0.22222222222222224,0.14285714285714285,0.49096536847860195,-1.644867889403185,3.1742195038205856,-8.663723285783542,1.5584318483252388,0.01
0.22222222222222224,0.16326530612244897,0.553941167747372,-1.6296801952494853,3.0260174739631154,-5.860075640248558,1.676235653151081,0.01
0.22222222222222224,0.18367346938775508,0.6144762857832189,-1.8903966132040924,2.921983329246622,-4.3352705419678035,1.7954894632759486,0.01
0.22222222222222224,0.2040816326530612,0.6732057934309076,-2.215029147243575,2.75417800910571,-12.109650831841542,1.8541285918699668,0.01
0.22222222222222224,0.22448979591836732,0.7268917147263091,-1.7573662191432702,2.5301274805492393,-9.847300966692622,1.8391287028125929,0.01
0.22222222222222224,0.24489795918367346,0.7764763028410806,-1.927541069287692,2.3375429542664365,-9.02598260902202,1.8150467108610198,0.01
0.22222222222222224,0.26530612244897955,0.82230163122698,-2.259124963180778,2.137446605551866,-10.583459565005887,1.7576258304058707,0.01
0.22222222222222224,0.2857142857142857,0.8637190214350343,-2.0428378673635903,1.7819739514992574,-24.25286053214977,1.53912479761166,0.01
0.22222222222222224,0.3061224489795918,0.895035261900419,-1.537749169762789,1.4957194746627622,-3.800078197826773,1.3387216717343426,0.01
0.22222222222222224,0.32653061224489793,0.9247687959110654,-1.241929134098796,1.2854865711945942,-16.802746342053695,1.188777868603469,0.01
0.22222222222222224,0.3469387755102041,0.9475041015410147,-1.0135223473259727,0.9460632264105491,-16.46074144678273,0.8963987873411209,0.01
0.22222222222222224,0.36734693877551017,0.9633836214788429,-0.5853378826341951,0.7895066835113257,1.1182002426588358,0.7605978079428917,0.01
0.22222222222222224,0.3877551020408163,0.9797288641333137,-1.1978095776597006,0.5348766614117809,-26.07194240841423,0.5240341039363832,0.01
0.22222222222222224,0.4081632653061224,0.9852153219446299,-0.4826188134871762,0.2977417614065625,2.8327222079028243,0.29333974532052765,0.01
0.22222222222222224,0.42857142857142855,0.9918815890886836,-0.8059179280655818,0.18155076970729464,-14.21943939443108,0.18007686595754505,0.01
0.22222222222222224,0.44897959183673464,0.9926255574428868,-0.36724293519594403,-0.04601359905918779,-8.0818687446842,-0.04567427441607977,0.01
0.22222222222222224,0.4693877551020408,0.9900034830046351,-0.25131595100055804,-0.3565534685130687,-22.351038461796396,-0.3529891757053215,0.01
0.22222222222222224,0.4897959183673469,0.978072354646435,-0.35810223638941946,-0.9078822637192621,-31.679183468410827,-0.8879745434176344,0.01
0.22222222222222224,0.5102040816326531,0.9529470640773183,0.5383904242508684,-1.7555883782332247,-51.39601575395753,-1.672982790765612,0.01
0.22222222222222224,0.5306122448979591,0.9064156861471198,0.6950824713239846,-3.297145183682834,-99.67655118010418,-2.988584113994547,0.01
0.22222222222222224,0.5510204081632653,0.8183697096412843,2.0535178324249563,-5.684872424263652,-134.320718396816,-4.652327395192389,0.01
0.22222222222222224,0.5714285714285714,0.6743800769935013,3.4176747006773947,-8.384807825662666,-130.2729509402874,-5.654547347046101,0.01
0.22222222222222224,0.5918367346938775,0.4761326555326041,4.529747029948498,-9.770088145422124,-5.484520396139381,-4.651858013467451,0.01
0.22222222222222224,0.6122448979591836,0.27560096901708814,4.188643527211714,-8.477834318906096,132.12539539471024,-2.3364993534568455,0.01
0.22222222222222224,0.6326530612244897,0.13009860169970222,2.6958077648394836,-5.44700230207468,164.89614225476862,-0.7086473829549749,0.01
0.22222222222222224,0.6530612244897959,0.053274344442611435,0.9929194714462596,-2.6915168574893578,105.14143131459295,-0.14338879613898317,0.01
0.22222222222222224,0.673469387755102,0.020240770781769262,0.36458697122828726,-1.1355833327990306,47.340054105059146,-0.022985081942782776,0.01
0.22222222222222224,0.6938775510204082,0.006924004328365294,0.2673670852262462,-0.453256016186609,19.528022922958183,-0.0031383466179336905,0.01
0.22222222222222224,0.7142857142857142,0.0017405252231321635,0.2199799711992285,-0.06608340258578067,18.414893209922994,-0.0001150198290309485,0.01
0.22222222222222224,0.7346938775510203,0.004226722590170165,-0.9922810273413678,-0.03677469617549051,-15.542639981714556,-0.0001554364390715901,0.01
0.22222222222222224,0.7551020408163265,0.00023951721596928577,-0.4365355137803794,-0.0635261935536632,12.920993238653633,-1.5215617021099396e-05,0.01
0.22222222222222224,0.7755102040816326,0.0016338167308369736,-0.1606923107202368,0.008549452707776295,-5.857579905032562,1.3968238873464378e-05,0.01
0.22222222222222224,0.7959183673469387,0.00058847446934791,-0.20420547593119087,-0.023198316687244203,2.7462985043205523,-1.3651617102290797e-05,0.01
0.22222222222222224,0.8163265306122448,0.0006869466619698633,-0.2892908584790776,-0.03041532480518489,-3.45356529987874,-2.0893705847650942e-05,0.01
0.22222222222222224,0.836734693877551,-0.0006529673594351469,0.14619319470833705,-0.032007633797575624,3.2975190186244485,2.089994012257012e-05,0.01
0.22222222222222224,0.8571428571428571,-0.0006194873705842436,0.6200595224460096,0.06434480712464603,6.145020191753274,-3.9860795376397273e-05,0.01
0.22222222222222224,0.8775510204081632,0.0019733512987136705,-0.42996628040164037,0.018948448984661102,-10.593863289471798,3.7391946412490716e-05,0.01
0.22222222222222224,0.8979591836734693,0.0001539187104223319,-0.07962742052136178,-0.07496026178571226,1.3908096339752078,-1.1537786826977236e-05,0.01
0.22222222222222224,0.9183673469387754,-0.0010862512231521355,0.024471044938930334,-0.04824496961431949,1.2272889988212836,5.2406157254492156e-05,0.01
0.22222222222222224,0.9387755102040816,-0.001815263722815198,0.486692205787304,0.04692010443695228,8.098888258203349,-8.517236345509988e-05,0.01
0.22222222222222224,0.9591836734693877,0.0008288550803969368,-0.5359706707028506,0.024194875584122092,-10.325960685780707,2.0054045547471402e-05,0.01
0.22222222222222224,0.9795918367346939,-0.0008277177806061331,0.09856058892795609,-0.07358243871221976,0.7437838847392061,6.0905492862465345e-05,0.01
0.22222222222222224,1.0,-0.0021745097649997877,0.06206762944794215,-0.06599280723528908,0.0,0.00014350200375288474,0.01
0.2272727272727273,0.0,-0.0003907697017174671,0.09917601127429895,3.4767991872997066,0.0,-0.0013586277813526382,0.01
0.2272727272727273,0.02040816326530612,0.07056431575337858,-0.10216856117193567,3.5219960106679484,4.429288690087653,0.24852723857891285,0.01
0.2272727272727273,0.04081632653061224,0.14336416950921918,-0.5869609929121898,3.4117631160073905,-15.232112366822344,0.48912458568858536,0.01
0.2272727272727273,0.061224489795918366,0.2098199531414353,-0.5840540915744166,3.358238802293916,9.986729622901853,0.7046255081350593,0.01
0.2272727272727273,0.08163265306122448,0.2804351410314198,-0.33297560504553375,3.4123944512296545,-4.679476027199432,0.9569553191854225,0.01
0.2272727272727273,0.1020408163265306,0.34910135931407427,-1.1426924548630097,3.3488846222093924,-1.5444872167862862,1.169100173799299,0.01
0.2272727272727273,0.12244897959183673,0.4171243092848644,-1.8244073072621758,3.2721365917512415,-5.976819768112495,1.3648877157199668,0.01
0.2272727272727273,0.14285714285714285,0.4826579548957576,-1.8035000575950422,3.1503606849394554,-5.95721909944254,1.5205466453768757,0.01
0.2272727272727273,0.16326530612244897,0.5457104596905564,-1.9397434709426409,2.995636394502902,-9.205761363339693,1.6347501139099396,0.01
0.2272727272727273,0.18367346938775508,0.604928828140774,-1.7311509062883543,2.849553787206949,-5.110334151663694,1.7237772332192043,0.01
0.2272727272727273,0.2040816326530612,0.662018777535738,-1.8324771791588736,2.770638840694044,-2.6233306066009847,1.8342149383093054,0.01
0.2272727272727273,0.22448979591836732,0.718016127760939,-2.0781076975944166,2.5657005002963054,-17.460626752377415,1.8422143382170573,0.01
0.2272727272727273,0.24489795918367346,0.7667412469355872,-2.297744870737822,2.275456645029472,-10.983271063772236,1.7446864653577654,0.01
0.2272727272727273,0.26530612244897955,0.8108919091907134,-1.616025158899205,2.123180082557626,-3.9398320584686766,1.72166955070085,0.01
0.2272727272727273,0.2857142857142857,0.8534016584685515,-1.6100626249163044,1.8712350976545138,-20.75077646203636,1.596915135722924,0.01
0.2272727272727273,0.3061224489795918,0.8872688519521221,-1.5383510622013368,1.5948218179202747,-6.337724951919074,1.4150357234543185,0.01
0.2272727272727273,0.32653061224489793,0.9184964265469301,-1.656668509252878,1.3503530214456143,-17.62021710259763,1.2402944247746468,0.01
0.2272727272727273,0.3469387755102041,0.9423853018070452,-1.382479288208604,1.0273081034857143,-14.038184857472581,0.9681200571522081,0.01
0.2272727272727273,0.36734693877551017,0.960427369546347,-1.1330199179006253,0.7667034656164957,-11.501069653710848,0.7363629927041191,0.01
0.2272727272727273,0.3877551020408163,0.9736793208118001,-0.8506233728421245,0.5475868492607807,-9.972358749149226,0.5331739914737105,0.01
0.2272727272727273,0.4081632653061224,0.9827778531896442,-0.4794117632707126,0.3462334049169459,-9.760278796546588,0.3402705223868169,0.01
0.2272727272727273,0.42857142857142855,0.9878112965226958,0.08308963477846375,0.19582707787969458,-4.979541253104045,0.19344019969459203,0.01
0.2272727272727273,0.44897959183673464,0.9907707951439174,-0.1515800882492917,0.02261139305239346,-11.995595859971466,0.02240270787383152,0.01
0.2272727272727273,0.4693877551020408,0.9887342105248343,-0.19527602151774467,-0.355422422448625,-25.051718059128344,-0.35141830826256537,0.01
0.2272727272727273,0.4897959183673469,0.9762637574929531,0.71108527746375,-0.8101660708219895,-19.513159481461393,-0.7909357724939775,0.01
0.2272727272727273,0.5102040816326531,0.9556662076341409,0.7131661140654316,-1.6252700684404044,-60.36703228514355,-1.553215682687722,0.01
0.2272727272727273,0.5306122448979591,0.9099262036790591,1.623548239857193,-3.1096672973178583,-85.10389614484721,-2.8295677585533587,0.01
0.2272727272727273,0.5510204081632653,0.8287410118252487,2.0463809423680663,-5.34798601204568,-134.25133789847928,-4.432095338850013,0.01
0.2272727272727273,0.5714285714285714,0.6916410603302559,3.513718717094787,-8.0784057279893,-133.3297942639954,-5.587357103484531,0.01
0.2272727272727273,0.5918367346938775,0.49901016578486923,4.75293046249515,-9.674690487593383,-23.106112177204857,-4.827768904131271,0.01
0.2272727272727273,0.6122448979591836,0.2967557343060362,4.075181279791681,-8.704761147164536,118.15918753923185,-2.5831877861854657,0.01
0.2272727272727273,0.6326530612244897,0.14371379243121477,2.5237564315307197,-5.842432803924446,162.34899009829692,-0.8396381752765179,0.01
0.2272727272727273,0.6530612244897959,0.058289089247895574,1.3097483167502737,-2.9799759960927634,118.171777069208,-0.1737000867928376,0.01
0.2272727272727273,0.673469387755102,0.022082119121306067,0.46874144740838913,-1.2253612795787796,53.78046514916243,-0.027058573742294638,0.01
0.2272727272727273,0.6938775510204082,0.008274343142639265,0.10826633551076699,-0.471149306594245,20.13230820332198,-0.0038984510341773357,0.01
0.2272727272727273,0.7142857142857142,0.0028515351786838226,-0.49587740902268607,-0.22194895186813698,4.2893265598366135,-0.0006328952441239952,0.01
0.2272727272727273,0.7346938775510203,-0.0007847977499377538,0.25416644488241824,-0.11801019810478545,5.89667130897184,9.26141379423442e-05,0.01
0.2272727272727273,0.7551020408163265,-0.0019652076011033377,0.17589904762570754,0.03937241027066869,9.526824311822667,-7.737495993767723e-05,0.01
0.2272727272727273,0.7755102040816326,0.0008222394039670908,-0.4096132931625952,0.03729736143153953,-9.730179098057327,3.066736023301422e-05,0.01
0.2272727272727273,0.7959183673469387,-0.00044286631818335714,0.304044469628406,-0.0391107632533634,2.2421828789368385,1.7320839723357987e-05,0.01
0.2272727272727273,0.8163265306122448,-0.0007741182798436601,0.3320430963357198,0.012942086460817306,2.858996393052872,-1.0018705708635817e-05,0.01
0.2272727272727273,0.836734693877551,8.538210878877774e-05,0.25603842512307773,0.0805129941451751,3.7629525600141926,6.8743692250135655e-06,0.01
0.2272727272727273,0.8571428571428571,0.002512126379143078,-0.4916224668848112,-0.006947653179366344,-12.334095997819254,-1.7453382825023466e-05,0.01
0.2272727272727273,0.8775510204081632,-0.00019819557200168522,-0.24201484059961242,-0.06762897577645305,6.387326383304757,1.3403763537902226e-05,0.01
0.2272727272727273,0.8979591836734693,-0.00024823997907949525,0.2465759146936716,-0.018729380619833542,-1.5951660579560438,4.649381053239382e-06,0.01
0.2272727272727273,0.9183673469387754,-0.0009626600870969318,0.20640235708344648,0.02182993364104573,5.569978855522213,-2.1014805820209326e-05,0.01
0.2272727272727273,0.9387755102040816,0.0006427777205550243,-0.2048839390597042,-0.022427481589429726,-9.90720554810881,-1.4415885493843411e-05,0.01
0.2272727272727273,0.9591836734693877,-0.00187806749891039,0.38101416062006777,-0.023831511350494192,9.769610631524491,4.47571869172772e-05,0.01
0.2272727272727273,0.9795918367346939,-0.0003299370284447386,-0.023640048458591488,0.0004172499428025975,-7.393232024781405,-1.376662062470262e-07,0.01
0.2272727272727273,1.0,-0.0018610368890000799,0.1734501786981716,-0.07502389316721172,0.0,0.00013962223274058207,0.01
0.23232323232323235,0.0,0.00011011924411232571,-0.009570489791649744,3.4269714900781643,0.0,0.00037737551008189794,0.01
0.23232323232323235,0.02040816326530612,0.07004831291917689,-0.43320115426339456,3.4370952197458826,0.9921255074364361,0.24076272148576663,0.01
0.23232323232323235,0.04081632653061224,0.1403997200500667,-0.8807734184309229,3.3521358660333456,-9.31814217126505,0.47063893716086963,0.01
0.23232323232323235,0.061224489795918366,0.20687018500217058,-0.6338057473108207,3.3896662871562038,12.996123441305157,0.7012208919196246,0.01
0.23232323232323235,0.08163265306122448,0.27875344605644237,-1.3321078598588094,3.343270007287379,-17.54295886844998,0.9319480356285041,0.01
0.23232323232323235,0.1020408163265306,0.3433301852996146,-1.2191761418971492,3.164338780268444,0.007698620594331575,1.0864130197803215,0.01
0.23232323232323235,0.12244897959183673,0.40791013096535844,-1.151382755468889,3.19036999444349,2.543360368560161,1.3013842422613937,0.01
0.23232323232323235,0.14285714285714285,0.47354936874628767,-1.523803125684264,3.1360892909486906,-7.862869311050482,1.4850931040607454,0.01
0.23232323232323235,0.16326530612244897,0.5359137754938764,-1.6804482057260661,3.0045886884777193,-5.024189731104709,1.610200467848289,0.01
0.23232323232323235,0.18367346938775508,0.5961856417453782,-2.1698645641272507,2.8628266364428194,-8.868491368315508,1.706776135453425,0.01
0.23232323232323235,0.2040816326530612,0.6527638422874609,-1.857013316601057,2.727707318537486,-4.373201786407155,1.7805487098841561,0.01
0.23232323232323235,0.22448979591836732,0.707520634338745,-2.2018427647882604,2.508129498055476,-17.145424620829825,1.7745533734679284,0.01
0.23232323232323235,0.24489795918367346,0.7551364748611538,-1.230581542338671,2.332633524817516,-0.05318075649023747,1.7614566570736467,0.01
0.23232323232323235,0.26530612244897955,0.8027301659639497,-1.5094191644818475,2.2082720776214,-12.134241068729157,1.7726466113625825,0.01
0.23232323232323235,0.2857142857142857,0.8452700290497823,-2.381897605514195,1.8808462863873308,-19.95348647220963,1.5898229951327942,0.01
0.23232323232323235,0.3061224489795918,0.8794994021430245,-1.5044432284657143,1.5890549281917592,-8.642066630956386,1.3975728593170789,0.01
0.23232323232323235,0.32653061224489793,0.9101294138739358,-1.4662834606832813,1.3696401853992606,-12.860578162708478,1.2465498191556177,0.01
0.23232323232323235,0.3469387755102041,0.935403083179729,-1.3534482624370001,1.0921030049409173,-14.338065522209165,1.0215565179715809,0.01
0.23232323232323235,0.36734693877551017,0.9547050467286671,-0.8592666632405649,0.8325139197906308,-11.101664822518918,0.79480524069598,0.01
0.23232323232323235,0.3877551020408163,0.9693832431711833,-0.8446389324888443,0.6284626057680174,-8.895363951697204,0.6092211189912135,0.01
0.23232323232323235,0.4081632653061224,0.9803565816579739,-0.6981665074779279,0.46176860030434197,-7.4406485837429885,0.45269788651135195,0.01
0.23232323232323235,0.42857142857142855,0.9882309411427891,-0.5244657232940293,0.2363921083747694,-14.646247625355125,0.23360999573792657,0.01
0.23232323232323235,0.44897959183673464,0.9900052391426584,-0.35618730718053987,-0.011832842196379813,-9.6797975306175,-0.011714575768364335,0.01
0.23232323232323235,0.4693877551020408,0.9877479679919164,0.10994171515270666,-0.2486784756811021,-13.531074550885286,-0.2456316590373358,0.01
0.23232323232323235,0.4897959183673469,0.9798550972781236,-0.019226065571734896,-0.6977578267725562,-30.478701856076945,-0.6837015632287952,0.01
0.23232323232323235,0.5102040816326531,0.9592680566950774,0.23674237088187697,-1.512364297841216,-49.35273230865119,-1.4507627610051586,0.01
0.23232323232323235,0.5306122448979591,0.9181259422641964,0.7998354143544307,-2.9446987958359667,-91.01604849483414,-2.7036043566111414,0.01
0.23232323232323235,0.5510204081632653,0.8390762691099359,1.9798934944019226,-5.1141012812763815,-121.58539507832651,-4.291121022943729,0.01
0.23232323232323235,0.5714285714285714,0.7093871144569972,3.0918316212020236,-7.743504398478624,-136.0961104074933,-5.493142241021817,0.01
0.23232323232323235,0.5918367346938775,0.5230148650904003,4.292075339430836,-9.605216584633414,-46.351683835676084,-5.023671056176121,0.01
0.23232323232323235,0.6122448979591836,0.3173374579413477,4.453143048500383,-8.980593287359628,107.56476696850704,-2.8498786446158357,0.01
0.23232323232323235,0.6326530612244897,0.15646003703490527,3.0509003354935453,-6.184620216017953,166.44059402297734,-0.9676459080449927,0.01
0.23232323232323235,0.6530612244897959,0.06490397973653332,1.7455067655813932,-3.2342581532190113,122.69488813131905,-0.2099162256392444,0.01
0.23232323232323235,0.673469387755102,0.024449500168823184,0.5818539160206602,-1.374029504530133,59.60751944019108,-0.03359433460297752,0.01
0.23232323232323235,0.6938775510204082,0.008821142816936068,0.40060641548909315,-0.590508710546575,17.177518370197586,-0.0052089616703761,0.01
0.23232323232323235,0.7142857142857142,0.0003471038199833877,0.3721506957588542,-0.20389565550649327,20.71056102373044,-7.077296090432068e-05,0.01
0.23232323232323235,0.7346938775510203,0.0004988711636098132,-0.13119075116247703,-0.034886343620514494,-4.147648458904516,-1.740379083605785e-05,0.01
0.23232323232323235,0.7551020408163265,-0.0010768285726906733,0.13690530428273864,-0.04276195125510319,3.3758389107148243,4.604729093550091e-05,0.01
0.23232323232323235,0.7755102040816326,-0.0012465146019046025,0.3560475074472822,0.05315373940662091,6.023898774134138,-6.625691231618505e-05,0.01
0.23232323232323235,0.7959183673469387,0.0010927118112530369,-0.16336134933144034,0.05265985059870084,-6.072299877310304,5.7542040728020714e-05,0.01
0.23232323232323235,0.8163265306122448,0.0009028670551852278,-0.3979172894726269,0.007001944590208509,1.5978250884780532,6.3218250927316935e-06,0.01
0.23232323232323235,0.836734693877551,0.0013785054679962413,-0.7026444034940982,-0.02140521948564821,-4.381727167912012,-2.9507212104625747e-05,0.01
0.23232323232323235,0.8571428571428571,2.9184627199586633e-05,-0.04435470097828492,-0.06857545626121438,-0.24095603609347302,-2.0013491260251005e-06,0.01
0.23232323232323235,0.8775510204081632,-0.0014204927467472025,0.46304501880982885,0.02371375325724813,9.2852985689028,-3.368521450007382e-05,0.01
0.23232323232323235,0.8979591836734693,0.000997092923413796,-0.15166371442715731,0.036756585760140924,-8.007100983619306,3.664973155028882e-05,0.01
0.23232323232323235,0.9183673469387754,7.977605978916151e-05,0.04225905762221154,-0.03403252301025583,1.0697683241204234,-2.714980590442184e-06,0.01
0.23232323232323235,0.9387755102040816,-0.0003919896484333808,0.09735125975486005,-0.0008214755962619389,2.184914322450979,3.220099301753193e-07,0.01
0.23232323232323235,0.9591836734693877,4.624644361520482e-05,0.04948723255612217,-0.001404868321568628,-2.2420868095310342,-6.497016362021098e-08,0.01
0.23232323232323235,0.9795918367346939,-0.0004493312125790391,-0.2057980151913104,-0.02526617206268456,-0.09632095709832718,1.1352879730156694e-05,0.01
0.23232323232323235,1.0,-0.0009850258854739607,0.4850699041856086,-0.02624903897185116,0.0,2.5855982856088192e-05,0.01
0.2373737373737374,0.0,6.178343708379165e-05,-0.004872208988207017,3.322133598365459,0.0,0.00020525283215856269,0.01
0.2373737373737374,0.02040816326530612,0.067860428301685,0.16269361593376308,3.32929485736375,0.7018033818325151,0.22592737496330134,0.01
0.2373737373737374,0.04081632653061224,0.13595136945193073,-0.19675323182168872,3.327313580530003,-0.895968511539789,0.4523528378690609,0.01
0.2373737373737374,0.061224489795918366,0.20366914587433815,-0.4596604418748684,3.333819348696693,1.533533791875421,0.6789961392483977,0.01
0.2373737373737374,0.08163265306122448,0.272025628582408,-1.254468453460874,3.270837811997657,-7.705724388380946,0.8897517117997705,0.01
0.2373737373737374,0.1020408163265306,0.3371727300375078,-0.6913332674224552,3.186701230054066,-0.5396606420909897,1.0744687535512136,0.01
0.2373737373737374,0.12244897959183673,0.4020950665437984,-1.1183576111929263,3.152676251500135,-2.794787256194227,1.2676755671379996,0.01
0.2373737373737374,0.14285714285714285,0.4658533933640439,-1.6277578528469339,3.0706241215986863,-5.246321474147711,1.4304606667922346,0.01
0.2373737373737374,0.16326530612244897,0.5274266633437448,-1.542287102585959,2.9246467428117944,-9.059461646967723,1.542536673020376,0.01
0.2373737373737374,0.18367346938775508,0.5852267298053416,-1.4843913634842076,2.8409789333294997,0.8600163177028497,1.6626168105982908,0.01
0.2373737373737374,0.2040816326530612,0.6433849871531121,-1.9154636254099546,2.723750419970846,-12.348410626850926,1.7524201289612265,0.01
0.2373737373737374,0.22448979591836732,0.6964002163347639,-1.7307493772501497,2.585642520628347,-1.1861635087139641,1.8006420107299452,0.01
0.2373737373737374,0.24489795918367346,0.748921416566514,-2.4908155065285977,2.4183122026332087,-15.212207654809594,1.8111258004961492,0.01
0.2373737373737374,0.26530612244897955,0.7951068368504051,-2.0935040154535094,2.0658112516224083,-19.33288554424885,1.6425406498074693,0.01
0.2373737373737374,0.2857142857142857,0.833240243163347,-1.2850636219801672,1.8814619956418523,1.266658458154356,1.567709850751213,0.01
0.2373737373737374,0.3061224489795918,0.8719012040194603,-1.769930476062094,1.702350617829928,-18.819573483722955,1.4842815533491862,0.01
0.2373737373737374,0.32653061224489793,0.9027239418502828,-1.5190600882692653,1.3883239059432178,-11.955044281174644,1.2532732289380428,0.01
0.2373737373737374,0.3469387755102041,0.9285674858946936,-1.5271517246537742,1.1672136692709505,-9.713758912707547,1.083836662376847,0.01
0.2373737373737374,0.36734693877551017,0.95036531610624,-0.7960285438470568,0.8954726500114886,-16.916860974719725,0.8510261480926608,0.01
0.2373737373737374,0.3877551020408163,0.9651173899767952,-0.3460555384698016,0.6483967159507679,-7.296580563230896,0.6257789461679305,0.01
0.2373737373737374,0.4081632653061224,0.9768304881858632,-0.6504068013716682,0.5013859923511751,-7.110470349529199,0.48976912367795183,0.01
0.2373737373737374,0.42857142857142855,0.9855821243584758,-0.5375844698175047,0.27870771649237547,-14.71200068463317,0.2746893432956552,0.01
0.2373737373737374,0.44897959183673464,0.9882063133488173,-0.30351214243918,0.06666706811647388,-6.067982856205191,0.06588081760515513,0.01
0.2373737373737374,0.4693877551020408,0.9883032291795564,-0.21133445792601788,-0.2069837765931439,-20.749799925337356,-0.20456273479478398,0.01
0.2373737373737374,0.4897959183673469,0.9797579959368522,0.1519967365596906,-0.6820678466444516,-25.808438939690816,-0.6682614265213321,0.01
0.2373737373737374,0.5102040816326531,0.9604637252348849,0.4361057175672249,-1.4110157813857054,-45.62845866495206,-1.3552294737549264,0.01
0.2373737373737374,0.5306122448979591,0.9221655150639663,0.837467380397254,-2.7290058537842437,-83.53456843010471,-2.516595088767526,0.01
0.2373737373737374,0.5510204081632653,0.8490757312028749,1.7703769507612896,-4.830495690025037,-122.4114355214931,-4.101456660080344,0.01
0.2373737373737374,0.5714285714285714,0.7250024256751892,2.9081045622918986,-7.457401089371511,-135.02529361446133,-5.406633879027145,0.01
0.2373737373737374,0.5918367346938775,0.5446920132693439,4.561186010562123,-9.436771483780838,-58.95300503765296,-5.140134058263318,0.01
0.2373737373737374,0.6122448979591836,0.33982807939842036,4.131715081847727,-9.134173022695304,88.60765422403523,-3.104048475195409,0.01
0.2373737373737374,0.6326530612244897,0.17186862458790297,2.7066110196395115,-6.519656018702373,167.61501216727197,-1.1205243127206204,0.01
0.2373737373737374,0.6530612244897959,0.07371967047179288,1.488278235062284,-3.5397714728002523,124.41367333113598,-0.2609507865202876,0.01
0.2373737373737374,0.673469387755102,0.02738815631034167,0.8077791795969211,-1.5404439417890288,71.52042470796395,-0.042189919465036786,0.01
0.2373737373737374,0.6938775510204082,0.010844407541628458,0.013113772780742583,-0.6164568362860409,19.030311631328843,-0.006685109164508761,0.01
0.2373737373737374,0.7142857142857142,0.0022266527884624494,0.48652791206191537,-0.26969884026893504,14.951971978347544,-0.000600525674729913,0.01
0.2373737373737374,0.7346938775510203,-0.00016370838771582845,0.13137407287445102,-0.06399499054558941,5.20700529454033,1.0476516724108127e-05,0.01
0.2373737373737374,0.7551020408163265,-0.000385387641969771,0.5519086933130343,0.017527631249639755,2.782211641392129,-6.754932476614336e-06,0.01
0.2373737373737374,0.7755102040816326,0.0005517051326776309,-0.14480181873371686,0.01599953226749269,-2.9319653416425413,8.827024072417093e-06,0.01
0.2373737373737374,0.7959183673469387,0.00026765449139727756,0.32187944662580936,-0.04063377326260105,-2.6180986003066464,-1.087581191615378e-05,0.01
0.2373737373737374,0.8163265306122448,-0.0011068162249795546,-0.035295532374855505,-0.05972752423294866,0.7469110052125799,6.61073928988871e-05,0.01
0.2373737373737374,0.836734693877551,-0.0021702036405598104,0.498218188514344,0.02234368666642946,7.296067662926477,-4.849035014701291e-05,0.01
0.2373737373737374,0.8571428571428571,-0.0001948290141048827,0.28086855467572747,0.07566389144810995,-2.070687594321789,-1.4741521374174126e-05,0.01
0.2373737373737374,0.8775510204081632,0.0009181184593630442,-0.384068054931044,0.010435617754736138,-4.321683227628845,9.581133295479974e-06,0.01
0.2373737373737374,0.8979591836734693,0.00023111456772108207,-0.08198054701882658,-0.015310363982771325,1.7985770173531128,-3.538448153530619e-06,0.01
0.2373737373737374,0.9183673469387754,0.0002932056437397249,-0.1572343020274635,-0.0032200640836930724,-0.6137276272434439,-9.441409625423946e-07,0.01
0.2373737373737374,0.9387755102040816,9.968338063156892e-05,-0.03854548679706252,7.2919786974476e-05,0.9364400465688638,7.268890880549612e-09,0.01
0.2373737373737374,0.9591836734693877,0.0002961819615754178,0.14271978554843737,-0.0389157634537968,-4.757331004164449,-1.152614715595049e-05,0.01
0.2373737373737374,0.9795918367346939,-0.0014887151276866675,0.305682588679563,0.028631683770256957,11.376980832121717,-4.262442075992237e-05,0.01
0.2373737373737374,1.0,0.0014648221154634567,-0.4335119828514646,0.1447233249143561,0.0,0.0002119939269579523,0.01
0.24242424242424243,0.0,3.7176320981736e-05,-0.050012948735379564,3.3636019085734215,0.0,0.00012504634420790534,0.01
0.24242424242424243,0.02040816326530612,0.0686821132306434,-0.5111378261005108,3.305552003528294,-5.688890694422486,0.22703229699611044,0.01
0.24242424242424243,0.04081632653061224,0.1349576662609121,-0.7008923704785257,3.250305123881965,0.27469648908220834,0.43865359415499483,0.01
0.24242424242424243,0.061224489795918366,0.20134762849113175,-0.44943861042431865,3.2029404450090158,-4.916435018631223,0.6449044628008955,0.01
0.24242424242424243,0.08163265306122448,0.26568992932250457,-0.39593787725710944,3.2421712249980814,8.76105145755968,0.8614122436211983,0.01
0.24242424242424243,0.1020408163265306,0.33368114787880854,-1.6745170939698661,3.2035432282134835,-12.54659514245031,1.0689619816696592,0.01
0.24242424242424243,0.12244897959183673,0.39644679578019776,-1.3407539358971066,3.036805532596601,-3.7936990280041836,1.2039318228054994,0.01
0.24242424242424243,0.14285714285714285,0.4576323941072412,-1.1708932837517303,3.018168199683892,1.9672404025587178,1.3812115390396815,0.01
0.24242424242424243,0.16326530612244897,0.5196373345428056,-1.8222993423897413,2.942386535687485,-9.393843474206587,1.5289738965992843,0.01
0.24242424242424243,0.18367346938775508,0.5777298037271386,-1.4242386275470444,2.7948030504548136,-5.06933807859525,1.6146410177952675,0.01
0.24242424242424243,0.2040816326530612,0.6337109284389204,-1.5609318376721844,2.6932667263482926,-4.881221683843801,1.7067525576878282,0.01
0.24242424242424243,0.22448979591836732,0.6876590578638035,-1.8723363297165305,2.5144499898838686,-12.642818489669752,1.7290843110891914,0.01
0.24242424242424243,0.24489795918367346,0.736341540270915,-1.5202769529993496,2.3734258963908736,-1.1775426726437277,1.747652080267333,0.01
0.24242424242424243,0.26530612244897955,0.7845335842471045,-2.1052011947741303,2.2150078231953203,-14.347428500520525,1.7377480266668013,0.01
0.24242424242424243,0.2857142857142857,0.8267500228503158,-1.9213555430595923,1.9215001356170527,-14.416324882149697,1.5886002810282833,0.01
0.24242424242424243,0.3061224489795918,0.8629621612110658,-1.4761948717977496,1.673396509627489,-9.897830464827557,1.4440778685111921,0.01
0.24242424242424243,0.32653061224489793,0.8950519212024582,-1.4222630405160757,1.418364711041722,-15.095285796577611,1.2695100595836628,0.01
0.24242424242424243,0.3469387755102041,0.9208545983964422,-1.0106062111986414,1.256679693707032,-0.7498459022220161,1.1572192746615528,0.01
0.24242424242424243,0.36734693877551017,0.9463449699251942,-1.66367510802061,1.0416183902211216,-20.326161839397198,0.9857303241673365,0.01
0.24242424242424243,0.3877551020408163,0.9633696347319982,-1.319735313660586,0.6664155679237327,-16.443714745746917,0.6420045222504035,0.01
0.24242424242424243,0.4081632653061224,0.9735456053506527,-0.6356394882879108,0.4776867053914846,-2.0517137824133997,0.46504979276831176,0.01
0.24242424242424243,0.42857142857142855,0.9828670512785894,-0.3897598055594937,0.32163155055220355,-13.241691391836142,0.31612105368940485,0.01
0.24242424242424243,0.44897959183673464,0.9866734237405386,-0.02568504994885545,0.10703638776971343,-7.788634560847895,0.10560995918556305,0.01
0.24242424242424243,0.4693877551020408,0.9872358834324553,-0.5056476539234602,-0.15062030419176847,-17.461721251377334,-0.14869776907162569,0.01
0.24242424242424243,0.4897959183673469,0.9805256562225072,-0.10699724558956579,-0.6019552996768535,-26.769108306160998,-0.5902326152322627,0.01
0.24242424242424243,0.5102040816326531,0.9626662793640123,0.41285946350923103,-1.3261974441431785,-44.20662185153888,-1.276685559255376,0.01
0.24242424242424243,0.5306122448979591,0.9263951482982958,1.150146627230875,-2.563906635535483,-77.08887890490698,-2.3751906678498784,0.01
0.24242424242424243,0.5510204081632653,0.8580170289339926,1.9023700917405377,-4.574280483174437,-119.92775816371056,-3.9248105496840786,0.01
0.24242424242424243,0.5714285714285714,0.7396898224544413,3.0549902468419443,-7.112073705709286,-128.77597764470468,-5.260728536659002,0.01
0.24242424242424243,0.5918367346938775,0.5677283062519809,3.893699435205933,-9.285365131613577,-84.20658209391583,-5.271564619102178,0.01
0.24242424242424243,0.6122448979591836,0.3606953272865402,4.283984871305337,-9.36365326147108,76.53434536788025,-3.377425977743991,0.01
0.24242424242424243,0.6326530612244897,0.18553837721234495,3.7020723817825716,-6.8467479517642085,170.12237498339323,-1.270334504152278,0.01
0.24242424242424243,0.6530612244897959,0.08123622721453169,1.8270105404134602,-3.7747279378560274,130.93558637960862,-0.30664465643271294,0.01
0.24242424242424243,0.673469387755102,0.031467849136588746,0.6731627061407922,-1.7229769181824517,70.13601354840179,-0.05421837772719,0.01
0.24242424242424243,0.6938775510204082,0.010910638717288774,0.5156070653256445,-0.656207624440625,34.40737723829723,-0.007159644313801974,0.01
0.24242424242424243,0.7142857142857142,0.00468386446554283,-0.043612326203521935,-0.25506562131794586,4.904539067725332,-0.0011946928000727303,0.01
0.24242424242424243,0.7346938775510203,0.000499797030842005,0.330501526889841,-0.05590494438067823,14.6132072721269,-2.794112521085041e-05,0.01
0.24242424242424243,0.7551020408163265,0.0024020300010253516,-0.28224279819333625,-0.01664564826753254,-10.765796253038621,-3.998334652512883e-05,0.01
0.24242424242424243,0.7755102040816326,-0.00017961718415932302,0.1837751125722574,-0.012463682600370998,11.175628888420453,2.2386915729341873e-06,0.01
0.24242424242424243,0.7959183673469387,0.0018933082622346986,-0.4726585044778089,-0.02708375298082275,-12.608395785704724,-5.1277893290915356e-05,0.01
0.24242424242424243,0.8163265306122448,-0.0012850764894990268,0.6322560760655983,-0.03790783142350876,11.547636098321494,4.871446293024353e-05,0.01
0.24242424242424243,0.836734693877551,0.0003460498367853618,0.1314753984033334,0.061465000468143016,-1.8090985729396192,2.1269953380013078e-05,0.01
0.24242424242424243,0.8571428571428571,0.0012236990398129329,-0.09619246789571399,-0.03350789120043557,-7.498244810581084,-4.1003574288129225e-05,0.01
0.24242424242424243,0.8775510204081632,-0.0010216191918038448,-0.12384143220213231,-0.034462377151913234,7.404705187336272,3.5207425893576885e-05,0.01
0.24242424242424243,0.8979591836734693,-0.0001829285990406684,-0.0700742993057056,0.012757448876510103,-2.7771622365507835,-2.3337022503129424e-06,0.01
0.24242424242424243,0.9183673469387754,-0.0005009069927626161,-0.133774860924736,0.0021544761962726845,1.7380709138875163,-1.0791921924535902e-06,0.01
0.24242424242424243,0.9387755102040816,-9.499079511117107e-05,0.12373208395357084,0.037188450825406665,1.695258599767614,-3.5325605128580653e-06,0.01
0.24242424242424243,0.9591836734693877,0.0010169889592947985,0.0262850450272274,0.00367811457235132,-4.979271552567038,3.7406019111026016e-06,0.01
0.24242424242424243,0.9795918367346939,5.513633029092361e-05,0.4956217684894114,-0.04266972191558951,0.43718357674883623,-2.3526518809598047e-06,0.01
0.24242424242424243,1.0,-0.000724632343382324,0.20574824866124322,-0.03820866500998914,0.0,2.7687234463698637e-05,0.01
0.2474747474747475,0.0,-0.00021541432919694865,0.30977341940472736,3.2494851459931615,0.0,-0.0006999856629595657,0.01
0.2474747474747475,0.02040816326530612,0.0661006090584186,-0.2763118349239209,3.225013893262097,-2.3981827676443737,0.21317538256648638,0.01
0.2474747474747475,0.04081632653061224,0.13141780580394985,-0.3180527389849971,3.257939622791392,5.6249042615153675,0.4281512766689928,0.01
0.2474747474747475,0.061224489795918366,0.19907773651929175,-0.8457700343746588,3.2406747131096454,-7.316865410326587,0.6451461866811734,0.01
0.2474747474747475,0.08163265306122448,0.2636902430737313,-1.4954527970861704,3.090583230821991,-7.392099853863549,0.8149566433750486,0.01
0.2474747474747475,0.1020408163265306,0.3252239908385567,-0.6867521364158378,3.0866341704524736,7.005091937650832,1.0038474831732114,0.01
0.2474747474747475,0.12244897959183673,0.3896753112554649,-1.2330419348235317,3.0991226202246023,-5.7812238599822,1.207651571654874,0.01
0.2474747474747475,0.14285714285714285,0.45171879166405066,-1.3656731290080715,2.9585830357491973,-7.991655418607514,1.3364475539463863,0.01
0.2474747474747475,0.16326530612244897,0.5104338025105342,-1.198440929464365,2.911038248197661,3.332266238556951,1.4858923222811362,0.01
0.2474747474747475,0.18367346938775508,0.5705366793455878,-2.389728952003067,2.8271439790688544,-11.55390461317998,1.6129893378498164,0.01
0.2474747474747475,0.2040816326530612,0.6258274343092629,-2.055507127542597,2.637820293504088,-6.999816572167106,1.6508203064525704,0.01
0.2474747474747475,0.22448979591836732,0.6782028137743261,-2.0043853223448442,2.519480518542881,-4.597481374031233,1.70871877692538,0.01
0.2474747474747475,0.24489795918367346,0.7286633738416254,-1.9927841124902437,2.3446118095529385,-12.53965210698312,1.7084327514977626,0.01
0.2474747474747475,0.26530612244897955,0.7739012549805685,-1.9127413694934172,2.165379411798977,-5.025122872905105,1.6757898443003134,0.01
0.2474747474747475,0.2857142857142857,0.8170462069762775,-1.9387711143476893,1.9993317260863523,-11.247550326932123,1.633546403286188,0.01
0.2474747474747475,0.3061224489795918,0.8555066315555216,-1.9086740959009243,1.7351529051442371,-14.641974125395162,1.4844348171137238,0.01
0.2474747474747475,0.32653061224489793,0.8878687745331851,-1.521229152280561,1.475975429146157,-10.757418522416694,1.3104724955170906,0.01
0.2474747474747475,0.3469387755102041,0.9157505266227117,-1.4839366024196101,1.2268079984855111,-13.660989682326603,1.1234500706780617,0.01
0.2474747474747475,0.36734693877551017,0.9379425703897366,-1.09517652840615,1.003367566936689,-8.236172609457977,0.9411011547782943,0.01
0.2474747474747475,0.3877551020408163,0.9567043048650256,-0.9313780540756648,0.7936219956179303,-12.318893379780368,0.7592615796432464,0.01
0.2474747474747475,0.4081632653061224,0.9703353049047542,-0.76251890744848,0.5927594324039935,-7.365637815185442,0.5751754045768981,0.01
0.2474747474747475,0.42857142857142855,0.9808985674121273,-0.8884003370812376,0.3971057108517332,-11.808426896936076,0.38952042288563954,0.01
0.2474747474747475,0.44897959183673464,0.9865437012660494,-0.6283926448794435,0.09269672976508121,-18.02365324955582,0.091449374877702,0.01
0.2474747474747475,0.4693877551020408,0.9846821074025388,-0.015569048699917374,-0.1606816617331695,-6.807429117272754,-0.15822035729635922,0.01
0.2474747474747475,0.4897959183673469,0.979985266093267,0.15651852930462473,-0.4883016412066467,-25.299328871128015,-0.47852841379167466,0.01
0.2474747474747475,0.5102040816326531,0.9647514281696145,0.45769716498875107,-1.1706417629103463,-41.57000305583456,-1.1293783126427517,0.01
0.2474747474747475,0.5306122448979591,0.9322039696479467,0.8546554615877454,-2.3795985022442356,-76.9077573988866,-2.218271169960385,0.01
0.2474747474747475,0.5510204081632653,0.8676249586902579,1.198536898902841,-4.338580136303371,-115.07244273890866,-3.7642604115345857,0.01
0.2474747474747475,0.5714285714285714,0.7551190661253602,2.974990975240769,-6.86567184250271,-132.5825444686266,-5.184399710033827,0.01
0.2474747474747475,0.5918367346938775,0.5873934549146371,3.4931635887998675,-9.133292564445126,-89.64428628173032,-5.364836274175588,0.01
0.2474747474747475,0.6122448979591836,0.382331614515355,4.562237101861962,-9.387364689798721,64.74521799707816,-3.58908629789518,0.01
0.2474747474747475,0.6326530612244897,0.2042357124738731,3.20126281663726,-7.15076750280891,154.44130632792312,-1.460442095671196,0.01
0.2474747474747475,0.6530612244897959,0.09046355317621584,1.7839667313138994,-4.149517266407662,139.68121683939935,-0.37538007588529526,0.01
0.2474747474747475,0.673469387755102,0.034867660783764465,0.9520943433052657,-1.8852465400998832,82.21731433876295,-0.06573413685396834,0.01
0.2474747474747475,0.6938775510204082,0.013514714804792029,0.4122918221493148,-0.7448994845034316,29.536697109689353,-0.010067104091300478,0.01
0.2474747474747475,0.7142857142857142,0.004463600191787669,0.13740242793141852,-0.2779700945082346,16.222383109839942,-0.0012407473671581925,0.01
0.2474747474747475,0.7346938775510203,0.002168996661598778,-0.07389563687067313,-0.08543245227840779,2.6463058286830936,-0.0001853027037840634,0.01
0.2474747474747475,0.7551020408163265,0.000976561323281229,-0.32959861335250973,-0.03480118943309212,2.315557930157842,-3.3985495604541165e-05,0.01
0.2474747474747475,0.7755102040816326,0.0007485399500439972,-0.2195080403998259,-0.03602522201435878,-2.4355131231219747,-2.696631788695203e-05,0.01
0.2474747474747475,0.7959183673469387,-0.0004938559017946395,0.10971124298498802,0.02841010361305026,8.750175034608061,-1.4030497339902081e-05,0.01
0.2474747474747475,0.8163265306122448,0.001908136015882783,-0.47466426749032553,0.03684611110471341,-7.923446300425071,7.030739164412222e-05,0.01
0.2474747474747475,0.836734693877551,0.0010100670004385608,-0.2136406378201296,-0.02867130926444362,1.502739104247681,-2.8959943347382884e-05,0.01
0.2474747474747475,0.8571428571428571,0.0007378784948850844,0.06175179134881802,-0.06510012529050581,-5.072763074801777,-4.8035982466188845e-05,0.01
0.2474747474747475,0.8775510204081632,-0.001647080970602493,0.10367941475484023,-0.03123058356375563,8.391978164023296,5.143929988867289e-05,0.01
0.2474747474747475,0.8979591836734693,-0.0005368392015947371,0.6231275349804868,0.011528312494167728,-4.201606350346807,-6.188850075103636e-06,0.01
0.2474747474747475,0.9183673469387754,-0.001176537603493606,0.23727327825214742,0.026135569074314472,5.633117495201187,-3.074947980463555e-05,0.01
0.2474747474747475,0.9387755102040816,0.0005299187198058534,0.0356251647240714,0.05699384322855365,-2.6090066280857473,3.0202104440490656e-05,0.01
0.2474747474747475,0.9591836734693877,0.0011497417119575631,0.1615483471594304,0.04969476745683665,1.8936972024574816,5.713614701115637e-05,0.01
0.2474747474747475,0.9795918367346939,0.002558276575186941,-0.46481336577532656,-0.020463416415420876,-8.76919922193872,-5.2351078863867145e-05,0.01
0.2474747474747475,1.0,0.000314500225613854,-0.068313667062167,-0.10994504112908127,0.0,-3.457774024022052e-05,0.01
0.25252525252525254,0.0,0.0013490978900188462,-0.20817271978197138,3.1044438456795067,0.0,0.004188198641888215,0.01
0.25252525252525254,0.02040816326530612,0.06470509474062101,0.08069685037783203,3.1473283332593276,4.2026797828225,0.2036481779833856,0.01
0.25252525252525254,0.04081632653061224,0.12981147883937916,-0.3061730081271118,3.1874763607381444,-0.26817308989844235,0.41377102015298095,0.01
0.25252525252525254,0.061224489795918366,0.1948061706891167,-0.9400836519781683,3.094986322081975,-8.795850698406191,0.6029224337399828,0.01
0.25252525252525254,0.08163265306122448,0.2561374511692557,-0.7168821306776304,3.110259687892653,10.292640547852658,0.7966539889313089,0.01
0.25252525252525254,0.1020408163265306,0.32175554570514336,-1.268148242901061,3.1191042013890122,-9.425878225209482,1.003589074429127,0.01
0.25252525252525254,0.12244897959183673,0.38344782673615413,-1.314991542900488,3.0151147196260686,-0.7650909875590023,1.1561391866008046,0.01
0.25252525252525254,0.14285714285714285,0.44482145262865636,-1.3069411342341353,2.962864473281013,-4.355433154256404,1.317945678946699,0.01
0.25252525252525254,0.16326530612244897,0.5043810705435424,-1.7411757497479345,2.784324270099795,-13.141506757502967,1.404360456093302,0.01
0.25252525252525254,0.18367346938775508,0.5584673412041582,-0.9580001311726417,2.721092858599578,6.944828430481699,1.5196414939117289,0.01
0.25252525252525254,0.2040816326530612,0.6154460851802599,-1.7862912364027697,2.685501702224424,-10.432761755246828,1.6527815093789457,0.01
0.25252525252525254,0.22448979591836732,0.6680796555806653,-1.7865476332159824,2.5272416996983487,-5.076718492308545,1.6883987643035678,0.01
0.25252525252525254,0.24489795918367346,0.7185988076169272,-2.0150022347946086,2.3559515915976856,-11.70971210155643,1.6929840045252986,0.01
0.25252525252525254,0.26530612244897955,0.764240945033632,-1.8955373740181958,2.1720628383368186,-6.311385718008578,1.6599793562429634,0.01
0.25252525252525254,0.2857142857142857,0.8072544336714912,-1.6651865899846374,1.9998349998389586,-10.566942454781667,1.6143756702314251,0.01
0.25252525252525254,0.3061224489795918,0.8458668633944059,-1.9348372927130848,1.7868184509555738,-10.308679335790062,1.5114105185650422,0.01
0.25252525252525254,0.32653061224489793,0.8801857990166166,-1.7291684527879065,1.5285313311173299,-15.003458408357853,1.3453915710014397,0.01
0.25252525252525254,0.3469387755102041,0.9082558973175622,-1.8789572651755881,1.2795266312376479,-9.39900217985097,1.1621376085964674,0.01
0.25252525252525254,0.36734693877551017,0.9324113758018268,-1.2451977979798339,1.0717397105449045,-10.964116048037893,0.999302298010626,0.01
0.25252525252525254,0.3877551020408163,0.9520003752989868,-1.2377187261701714,0.8347841759889552,-12.257526338445139,0.7947148488351408,0.01
0.25252525252525254,0.4081632653061224,0.96648419931158,-0.9268214416800858,0.598077382234112,-10.93973944952949,0.5780323398949015,0.01
0.25252525252525254,0.42857142857142855,0.9764116970228282,-0.3704128659075118,0.4137021423312352,-7.129034060952446,0.40394361085562097,0.01
0.25252525252525254,0.44897959183673464,0.9833700010393855,-0.6380801157109304,0.2006985811051941,-13.745314939199586,0.19736096391001792,0.01
0.25252525252525254,0.4693877551020408,0.9846034758434483,0.10205754814809163,-0.0635588144225146,-12.151909822515869,-0.06258022960089657,0.01
0.25252525252525254,0.4897959183673469,0.9807757637160176,0.11693039197887399,-0.42974092284618015,-23.733936803003356,-0.4214794818044885,0.01
0.25252525252525254,0.5102040816326531,0.967063030012992,0.12537953571110672,-1.0842561324005662,-40.408553733326485,-1.0485440207094594,0.01
0.25252525252525254,0.5306122448979591,0.9365204113731374,0.3491417025616547,-2.2879289392094115,-77.55138133394036,-2.142692151340904,0.01
0.25252525252525254,0.5510204081632653,0.8736781753513834,1.7283217360822893,-4.07621538840186,-97.70069068691966,-3.5613004228781677,0.01
0.25252525252525254,0.5714285714285714,0.7701442730710206,2.0960806648879515,-6.581740762187168,-147.8407959440406,-5.068889954836542,0.01
0.25252525252525254,0.5918367346938775,0.6050356952621112,4.1683584549702895,-8.936890897262202,-82.96391729331266,-5.40713799750667,0.01
0.25252525252525254,0.6122448979591836,0.4053732160399104,4.160526758136015,-9.423483724738032,35.27782020068119,-3.82002790379681,0.01
0.25252525252525254,0.6326530612244897,0.2204037064972936,3.5923862406859413,-7.494543381992888,153.75833338834286,-1.6518251398959947,0.01
0.25252525252525254,0.6530612244897959,0.09947348616264967,2.5872871971680853,-4.427823466390661,146.78021834067542,-0.4404510363146669,0.01
0.25252525252525254,0.673469387755102,0.039676218073185,0.8947763947898417,-2.0549739909813596,85.75903024943615,-0.08153359620089973,0.01
0.25252525252525254,0.6938775510204082,0.015596996734839073,0.3202583246112623,-0.8457073225168622,32.74910326008465,-0.013190494347924995,0.01
0.25252525252525254,0.7142857142857142,0.005157551848006954,0.25253730862400475,-0.338129653831415,16.993508271089173,-0.0017439212209841664,0.01
0.25252525252525254,0.7346938775510203,0.001795786374373156,0.34928277614272984,-0.14321793465949992,2.107840207758509,-0.0002571888156273949,0.01
0.25252525252525254,0.7551020408163265,-0.0006880781380950831,0.35708174347389227,-0.05281888582937619,6.751266577593619,3.6343520617733935e-05,0.01
0.25252525252525254,0.7755102040816326,-0.0003600865166217903,0.12285361696091275,0.018333825865786156,0.22169916853229132,-6.601763492361416e-06,0.01
0.25252525252525254,0.7959183673469387,6.0241284998229357e-05,-0.058368428426960065,-0.00316225781986511,-2.3283153697261154,-1.9049847456437354e-07,0.01
0.25252525252525254,0.8163265306122448,-0.0004891582643713866,0.1663097474259826,-0.003164601419152158,2.328085696995985,1.5479909376196964e-06,0.01
0.25252525252525254,0.836734693877551,-6.892611986512401e-05,-0.08687131523756826,0.03770340508686456,1.676978940593654,-2.598749418340553e-06,0.01
0.25252525252525254,0.8571428571428571,0.001049756228970024,-0.2044694708647899,-0.02583577535067369,-7.903818623472404,-2.712126610463991e-05,0.01
0.25252525252525254,0.8775510204081632,-0.0011234475627497644,0.23454431788983526,0.03823257663309228,14.18251711788147,-4.295229503609111e-05,0.01
0.25252525252525254,0.8979591836734693,0.002610269560932974,-0.41801003420811744,0.02805886631075372,-15.17954072947065,7.324120464524812e-05,0.01
0.25252525252525254,0.9183673469387754,2.1812286668754616e-05,-0.2678896190208644,-0.04656043128569653,7.866849565018523,-1.0155894746244636e-06,0.01
0.25252525252525254,0.9387755102040816,0.0007098437941698504,-0.31098399136782806,0.047623839128697255,1.3632089355920691,3.3805486660049044e-05,0.01
0.25252525252525254,0.9591836734693877,0.0019656424551870097,-0.8879289579095776,-0.012228182024149476,-7.228707008571049,-2.4036233736422834e-05,0.01
0.25252525252525254,0.9795918367346939,0.00021073432379640244,0.44100561243124126,-0.0489059383771842,3.634286885973646,-1.030615985354444e-05,0.01
0.25252525252525254,1.0,-3.0518294902141005e-05,-0.20776349693736765,-0.01182137831622863,0.0,3.607683096044404e-07,0.01
0.2575757575757576,0.0,0.00029772051738262694,0.07443268230479934,3.175931769607943,0.0,0.0009455400496195987,0.01
0.2575757575757576,0.02040816326530612,0.0651126545910141,-0.21407098055716198,3.1352020349539944,-3.991513996086886,0.20414132717500397,0.01
0.2575757575757576,0.04081632653061224,0.12826515051550486,-0.325063773150229,3.061167662214296,-3.2638545324035793,0.3926411309471128,0.01
0.2575757575757576,0.061224489795918366,0.19005827345690374,-0.30372007938843965,3.044166253887593,1.597716516386633,0.5785689823296464,0.01
0.2575757575757576,0.08163265306122448,0.2525168343476515,-0.4434273062003599,3.069665836995629,0.9012426282008945,0.7751422996632702,0.01
0.2575757575757576,0.1020408163265306,0.31535075659958245,-0.7323060993313592,3.0450957135129517,-3.3091147295032526,0.9602732371744547,0.01
0.2575757575757576,0.12244897959183673,0.3768064553073638,-1.2412425943068743,3.0103145891328347,-0.09943545974821302,1.1343059696911866,0.01
0.2575757575757576,0.14285714285714285,0.43822073982949405,-1.1507130646508557,2.910129558797365,-9.71869751312784,1.2752791282558604,0.01
0.2575757575757576,0.16326530612244897,0.49558725362562356,-1.240348713742051,2.8275013134079097,1.6211294649612282,1.4012736105346695,0.01
0.2575757575757576,0.18367346938775508,0.5536289567032863,-1.9909292855420104,2.7155103867660255,-12.596240275865858,1.5033851823422122,0.01
0.2575757575757576,0.2040816326530612,0.6064244122691348,-1.398995906652983,2.5829794103049197,-0.39179541732251466,1.5663817707974372,0.01
0.2575757575757576,0.22448979591836732,0.6590566877361401,-1.697456992476265,2.49894160141249,-7.843909854135601,1.6469441746729614,0.01
0.2575757575757576,0.24489795918367346,0.708422028653318,-1.6507671179149304,2.342465487306503,-7.490749328251139,1.659454152568056,0.01
0.2575757575757576,0.26530612244897955,0.7546675239527321,-1.3369296516559477,2.2153481075178503,-4.966753891036825,1.6718512709938669,0.01
0.2575757575757576,0.2857142857142857,0.7988444003887405,-1.8295840743535499,1.994972131111561,-16.630091796779524,1.5936723158700628,0.01
0.2575757575757576,0.3061224489795918,0.8360949578756529,-1.7135793191025084,1.7789015032854723,-4.544829730177156,1.4873305774544026,0.01
0.2575757575757576,0.32653061224489793,0.8714526250126373,-1.4157631898069567,1.5354457789691918,-19.313831252818343,1.338068254647276,0.01
0.2575757575757576,0.3469387755102041,0.8987662141601097,-1.0038530017938851,1.3394118890295559,0.10251003873403178,1.203818152704135,0.01
0.2575757575757576,0.36734693877551017,0.9261224980342518,-1.2917785515690243,1.1510848833006253,-18.558556600169243,1.0660456075718403,0.01
0.2575757575757576,0.3877551020408163,0.9457492706213597,-1.1217321809744596,0.8741792301775604,-8.57819740589112,0.8267543693327695,0.01
0.2575757575757576,0.4081632653061224,0.9618032829394584,-0.5254727619738429,0.7053955316100472,-7.962605053725171,0.6784517380733679,0.01
0.2575757575757576,0.42857142857142855,0.9745409249727902,-0.5534421372786587,0.44943023569610546,-17.121993945841126,0.4379881576060217,0.01
0.2575757575757576,0.44897959183673464,0.9801473741923606,0.0907556734543573,0.259160829309044,-1.5244078800908973,0.25401580634077403,0.01
0.2575757575757576,0.4693877551020408,0.9851189180058124,-0.5966373307128245,0.029864202943143018,-20.946661503767405,0.02941979129045505,0.01
0.2575757575757576,0.4897959183673469,0.9813663212512644,-0.34481332756459254,-0.426855121354797,-23.81183227743072,-0.41890124015121916,0.01
0.2575757575757576,0.5102040816326531,0.9676962599913309,0.20429230719526423,-1.0555229146769394,-37.79761146813924,-1.021425576868023,0.01
0.2575757575757576,0.5306122448979591,0.9382837533052669,1.3737588898738677,-2.089585081082674,-63.54048083962278,-1.9606237327289417,0.01
0.2575757575757576,0.5510204081632653,0.8824070730083646,1.613687134696905,-3.8600537491241114,-109.9654486284381,-3.4061387304195714,0.01
0.2575757575757576,0.5714285714285714,0.7807305390553032,2.7646756791530738,-6.279817026769209,-127.1713525807815,-4.902844932478196,0.01
0.2575757575757576,0.5918367346938775,0.6260880106912541,3.531592892843997,-8.681441759461304,-108.18787122304404,-5.435346601113109,0.01
0.2575757575757576,0.6122448979591836,0.42638597744463774,4.455312903722004,-9.494753013879278,28.48336829008258,-4.048429544418336,0.01
0.2575757575757576,0.6326530612244897,0.2385470713492428,3.6518852850452275,-7.689211913526799,148.4596595444603,-1.8342389829555252,0.01
0.2575757575757576,0.6530612244897959,0.11254059321905414,1.864847143746275,-4.761618624089926,138.44448282035327,-0.5358753846379767,0.01
0.2575757575757576,0.673469387755102,0.044195290774143796,1.2318542086717612,-2.3354901898583407,99.31610373434215,-0.10321766804094966,0.01
0.2575757575757576,0.6938775510204082,0.01721446302075454,0.14486972424518665,-0.9251763003505137,38.89465743742488,-0.015926413210062412,0.01
0.2575757575757576,0.7142857142857142,0.006432992800653443,0.059840640925488096,-0.3345382444247435,18.98787204330061,-0.002152082117927617,0.01
0.2575757575757576,0.7346938775510203,0.003559840799336438,-0.1697845267664046,-0.13028188085231687,1.0292515867972045,-0.00046378275487236626,0.01
0.2575757575757576,0.7551020408163265,0.0011153650107629588,0.048134899658733375,-0.08083663532409599,3.8163824749684427,-9.01623546283017e-05,0.01
0.2575757575757576,0.7755102040816326,0.0002603862963121125,0.06895910278477642,-0.03307288732396578,0.8644648290443177,-8.611726638635263e-06,0.01
0.2575757575757576,0.7959183673469387,-0.000234548757562175,0.28619201774644343,0.002214889636671311,2.5937373130981176,-5.194996124185932e-07,0.01
0.2575757575757576,0.8163265306122448,0.00035078995495175787,0.1572369961064721,-0.006691473777030445,-3.4665609276408897,-2.347301784805379e-06,0.01
0.2575757575757576,0.836734693877551,-0.0005076701362164788,-0.1054395981995236,-0.008175841620832042,3.3210928789483334,4.1506306293321595e-06,0.01
0.2575757575757576,0.8571428571428571,1.70821336933072e-05,-0.0811393816351048,0.013935350970646451,-1.1541960049834408,2.3804552834374095e-07,0.01
0.2575757575757576,0.8775510204081632,6.111969932011092e-05,-0.018752067432934682,0.011809628138589625,0.945875167441872,7.218009209129191e-07,0.01
0.2575757575757576,0.8979591836734693,0.0004991077720030878,-0.07429327591576577,-0.03411098951910559,-5.446095697896003,-1.7025059979701473e-05,0.01
0.2575757575757576,0.9183673469387754,-0.0013311655871739948,0.23572431637258517,-0.033317309823135466,5.523876308101076,4.435085629377203e-05,0.01
0.2575757575757576,0.9387755102040816,-0.0008607824248595842,0.4842540118538642,-0.029098200279249597,-5.110403572800261,2.5047219395422297e-05,0.01
0.2575757575757576,0.9591836734693877,-0.0025188472312249986,0.35232858554614965,0.08082103662775558,15.882488789686771,-0.00020357584433455635,0.01
0.2575757575757576,0.9795918367346939,0.0024380353966814597,-0.6025887420908124,0.03525594947038725,-20.34786733110887,8.595525275241709e-05,0.01
0.2575757575757576,1.0,-0.001079828885494907,0.24825111860177507,-0.17237534982664196,0.0,0.0001861358818900975,0.01
0.26262626262626265,0.0,0.0006736431552856539,-0.3319660877787878,3.104534398495639,0.0,0.002091348347895452,0.01
0.26262626262626265,0.02040816326530612,0.06403148802254359,-0.22446555712589558,3.0857693927386003,-1.8389705641898386,0.19758640591147328,0.01
0.26262626262626265,0.04081632653061224,0.1266234142874734,-0.7544972445605029,3.0500747181669916,-1.6591075438277703,0.3862108746462076,0.01
0.26262626262626265,0.061224489795918366,0.18852433366201263,-0.8072414541257249,3.0295202611616925,-0.3552292426915338,0.5711382885510745,0.01
0.26262626262626265,0.08163265306122448,0.2502773024981547,-0.5840015232429377,3.016633728467338,-0.90765096135521,0.7549949521857563,0.01
0.26262626262626265,0.1020408163265306,0.31165224094639377,-0.9461614007696846,2.946376145035125,-5.977592215001651,0.9182447282711936,0.01
0.26262626262626265,0.12244897959183673,0.3705375533159149,-1.1227470001514066,2.9585420100907758,7.16984699045539,1.0962509178013848,0.01
0.26262626262626265,0.14285714285714285,0.43240905768479276,-1.5650690309170152,2.9102401652308907,-11.90342778672411,1.258414207483925,0.01
0.26262626262626265,0.16326530612244897,0.4893228661824819,-1.4977636213876306,2.723535164863297,-6.393662249300099,1.3326880330196866,0.01
0.26262626262626265,0.18367346938775508,0.5435737582914579,-1.6134548023279836,2.69587979976442,3.6834364696101956,1.4654095146599688,0.01
0.26262626262626265,0.2040816326530612,0.599358776376948,-2.0422593634412163,2.61929290111356,-11.188952537394515,1.5698961881842495,0.01
0.26262626262626265,0.22448979591836732,0.6504836726226236,-1.8658722754167443,2.467788092948259,-3.658518662804969,1.605255861955364,0.01
0.26262626262626265,0.24489795918367346,0.700084820987081,-1.8509203163790182,2.387076193620128,-4.251247471351881,1.67115580969307,0.01
0.26262626262626265,0.26530612244897955,0.7479153539948737,-2.3613735188801273,2.193221766948425,-14.746486342475011,1.6403442342164938,0.01
0.26262626262626265,0.2857142857142857,0.7896040767808943,-2.025925901520325,1.9483664904426683,-9.249330755089153,1.5384381239168141,0.01
0.26262626262626265,0.3061224489795918,0.8274405168700847,-1.6601697791730998,1.8301066127369447,-2.340137260071757,1.5143043615704175,0.01
0.26262626262626265,0.32653061224489793,0.8643023058721981,-1.7347028694370452,1.6232654495452588,-17.930296732713465,1.4029920710846375,0.01
0.26262626262626265,0.3469387755102041,0.893696249504585,-1.2409241312603299,1.354753422548896,-8.383881912930084,1.2107380527354485,0.01
0.26262626262626265,0.36734693877551017,0.9195983639354184,-0.8141886415858709,1.1364988232505036,-13.005068818312377,1.0451224584756913,0.01
0.26262626262626265,0.3877551020408163,0.9400839565760342,-0.4625035106601649,0.9689998960618126,-3.4098260461793464,0.9109412562115546,0.01
0.26262626262626265,0.4081632653061224,0.9591493801012067,-1.3259183732000324,0.775714249138063,-15.53216735234812,0.7440258411964461,0.01
0.26262626262626265,0.42857142857142855,0.971745762663302,-0.9801180089111262,0.5256807239182817,-8.971118119190447,0.5108280159813674,0.01
0.26262626262626265,0.44897959183673464,0.9806057361795039,-0.6700480013200715,0.25381596951542246,-17.671627812289763,0.24889339564078536,0.01
0.26262626262626265,0.4693877551020408,0.9821055981537274,-0.05815230223469214,-0.024031961324353316,-9.557469410008267,-0.02360192375126126,0.01
0.26262626262626265,0.4897959183673469,0.979624839798918,0.07457765931242721,-0.3277501914116243,-20.2069171385443,-0.3210722287556772,0.01
0.26262626262626265,0.5102040816326531,0.9687280393205999,0.3111324211341271,-0.8428713019130893,-30.27495169059928,-0.8165130637018685,0.01
0.26262626262626265,0.5306122448979591,0.9452219295167511,-0.24039380933442198,-1.915190266568582,-74.81230684563903,-1.810279839157656,0.01
0.26262626262626265,0.5510204081632653,0.8905570080320864,1.0116191373892018,-3.6879453585314823,-98.91769216672522,-3.284325584279617,0.01
0.26262626262626265,0.5714285714285714,0.7946935475358743,2.6082833059401507,-6.042500405180301,-131.82870240485906,-4.801936082979691,0.01
0.26262626262626265,0.5918367346938775,0.6439243384328904,3.817801296369077,-8.472246749350502,-106.28643932382072,-5.4554858831157285,0.01
0.26262626262626265,0.6122448979591836,0.44888755776646605,4.408398232441095,-9.479868349187711,7.539522539774169,-4.255394951214492,0.01
0.26262626262626265,0.6326530612244897,0.2569909364252288,4.0503705972295725,-8.009749343422786,136.53214002518834,-2.0584329842975833,0.01
0.26262626262626265,0.6530612244897959,0.12195901313696463,2.243712884727975,-5.0610669138432085,152.43873807361018,-0.6172427262324609,0.01
0.26262626262626265,0.673469387755102,0.05041677667652643,1.0382806288231183,-2.5483156786349905,93.8108829767952,-0.1284778624710312,0.01
0.26262626262626265,0.6938775510204082,0.01794612829472013,0.7202040067533342,-1.070198181208007,51.04463177104917,-0.019205913860735033,0.01
0.26262626262626265,0.7142857142857142,0.00673521825987308,0.42986733294187174,-0.37347273508021817,17.234461949474152,-0.002515420384877027,0.01
0.26262626262626265,0.7346938775510203,0.0027023431894051017,0.2661130777316846,-0.13173031853431433,6.456294872024431,-0.00035598052912936895,0.01
0.26262626262626265,0.7551020408163265,0.0013584705645949455,-0.16386488462684629,-0.051295125606904385,1.4263540348617407,-6.968291824418005e-05,0.01
0.26262626262626265,0.7755102040816326,0.0006086645932049228,-0.1953915924626086,-0.0036163247323046854,3.246168450849031,-2.2011288220851325e-06,0.01
0.26262626262626265,0.7959183673469387,0.0012108654734804686,-0.23094001181524224,0.013138164315365982,-1.6042285241773053,1.5908549554389826e-05,0.01
0.26262626262626265,0.8163265306122448,0.0011449161979137383,-0.2843757201470642,-0.0551509414067082,-5.088103836585963,-6.314320614673171e-05,0.01
0.26262626262626265,0.836734693877551,-0.001040193359446396,0.24677205380625752,-0.037671908563602925,6.80104905521028,3.9186069125531587e-05,0.01
0.26262626262626265,0.8571428571428571,-0.00039271272304964634,-0.17482692710028105,0.02466183836348195,-0.6923418563559616,-9.68501769913323e-06,0.01
0.26262626262626265,0.8775510204081632,-3.3587711957336987e-05,-0.10229636999479387,0.01265674728062905,-0.4841570697636228,-4.2511118197857676e-07,0.01
0.26262626262626265,0.8979591836734693,0.00012388920677194748,0.10104891852584585,-0.002622750108826613,-1.0132336744030324,-3.2493043054356805e-07,0.01
0.26262626262626265,0.9183673469387754,-0.00014063873680740283,0.12476820737603385,0.035795864673611684,4.778257923081986,-5.034285190625482e-06,0.01
0.26262626262626265,0.9387755102040816,0.0015849449077356896,-0.2979364678034902,-0.014669894245146916,-9.723902297120329,-2.32509741808667e-05,0.01
0.26262626262626265,0.9591836734693877,-0.0007394099304868688,0.08578188391999708,-0.053662031410853406,5.902672854881093,3.9678238915283284e-05,0.01
0.26262626262626265,0.9795918367346939,-0.0006053420886256738,0.06850905680968712,0.022377677045452002,1.5492185738368383,-1.3546149761284712e-05,0.01
0.26262626262626265,1.0,0.00017396464279688636,-0.022742149977082012,0.03818602983970545,0.0,6.643019040895602e-06,0.01
0.2676767676767677,0.0,-0.0010029532476375168,0.08344139640048409,3.1311380651723653,0.0,-0.0031403850912660744,0.01
0.2676767676767677,0.02040816326530612,0.06289782359261482,-0.29339370789362296,3.033486497076216,-9.569853673422601,0.19079969856367893,0.01
0.2676767676767677,0.04081632653061224,0.12281282214322843,-0.06645849986360464,2.9779635591947904,4.128605761042911,0.3657321089444053,0.01
0.2676767676767677,0.061224489795918366,0.1844473566209736,-0.7281546990347868,3.0506169539509873,2.991426925064376,0.562678233219386,0.01
0.2676767676767677,0.08163265306122448,0.24732779985551362,-1.2475494893305732,2.9994441391098783,-8.006362779493047,0.7418459197155614,0.01
0.2676767676767677,0.1020408163265306,0.30687364801321354,-0.8770114956167704,2.8797131946095824,-3.727269781535969,0.8837080932616277,0.01
0.2676767676767677,0.12244897959183673,0.36486711392121085,-0.7538627970062352,2.881960005350323,3.9474572341285614,1.0515324295885298,0.01
0.2676767676767677,0.14285714285714285,0.42450466863975733,-1.2854851764275927,2.863836593411257,-5.723551604157043,1.2157120041244571,0.01
0.2676767676767677,0.16326530612244897,0.4817584034482009,-1.354395634773091,2.7175480365826465,-8.612726965046768,1.3092016033978489,0.01
0.2676767676767677,0.18367346938775508,0.5354249966635388,-1.1415977244832438,2.6285053266315273,-0.11345861016295508,1.4073674557417795,0.01
0.2676767676767677,0.2040816326530612,0.5890443351474469,-1.2818757713476143,2.588059425908132,-3.850239660729725,1.5244817438561389,0.01
0.2676767676767677,0.22448979591836732,0.641060075272034,-1.4638198594229093,2.4914638841251473,-5.616123434002831,1.597178025094821,0.01
0.2676767676767677,0.24489795918367346,0.6907367385811264,-2.0137704538825285,2.325764171070366,-10.622448445365736,1.6064907582339814,0.01
0.2676767676767677,0.26530612244897955,0.7359892251116408,-1.4388239321280145,2.171567035453667,-4.488870845070727,1.5982499397015275,0.01
0.2676767676767677,0.2857142857142857,0.7793721277833169,-1.2719925041136382,2.0351315996488406,-8.881801863802272,1.5861248451373824,0.01
0.2676767676767677,0.3061224489795918,0.8190558210156751,-1.93767641119863,1.8661417858987646,-7.679199883705196,1.5284742925809707,0.01
0.2676767676767677,0.32653061224489793,0.8555411802689807,-1.3241022469013541,1.6751418049688087,-11.038798247430497,1.4331527969409255,0.01
0.2676767676767677,0.3469387755102041,0.8874289559123612,-1.5854689398589619,1.4686554355910868,-9.196865951586238,1.3033273598016122,0.01
0.2676767676767677,0.36734693877551017,0.9154863000890251,-1.793214369063316,1.2328185465065846,-13.91514917869498,1.1286284898224428,0.01
0.2676767676767677,0.3877551020408163,0.9377480802595687,-1.519206902586061,0.9056798030085451,-18.144447684112897,0.8492994966011275,0.01
0.2676767676767677,0.4081632653061224,0.9524528226608024,-0.9347078522906319,0.7116659905161006,-0.8689059401466709,0.6778282814587558,0.01
0.2676767676767677,0.42857142857142855,0.9667956717092054,-0.541212911456896,0.6068364012468628,-9.404393808238636,0.5866868061610576,0.01
0.2676767676767677,0.44897959183673464,0.977221655364756,-0.7644464847991116,0.36789758473548634,-14.01161020987626,0.3595174867599076,0.01
0.2676767676767677,0.4693877551020408,0.9818118996575926,-0.40019457082954263,0.06810606233976901,-15.367958984904039,0.06686734244400705,0.01
0.2676767676767677,0.4897959183673469,0.9800014946439303,-0.6037457032542093,-0.28205586958063406,-18.94791034329547,-0.27641517376211483,0.01
0.2676767676767677,0.5102040816326531,0.9702994151849137,0.08146455565250132,-0.881845044245654,-39.831428773876496,-0.8556537307152724,0.01
0.2676767676767677,0.5306122448979591,0.9440078193685975,0.591664606782029,-1.8285138799612621,-52.94211712625312,-1.7261314005074444,0.01
0.2676767676767677,0.5510204081632653,0.8956661955946581,1.3454800869703962,-3.3354575336616485,-94.73836093638478,-2.98745655974227,0.01
0.2676767676767677,0.5714285714285714,0.807866695545673,2.069884563041098,-5.695270794599458,-136.52333863552056,-4.601019597070843,0.01
0.2676767676767677,0.5918367346938775,0.6632061631620272,3.543892277890775,-8.24950525591983,-113.79163857387583,-5.471122728763568,0.01
0.2676767676767677,0.6122448979591836,0.47115219530404734,4.2708929463120375,-9.451090834687296,-3.963748145335701,-4.45290219478088,0.01
0.2676767676767677,0.6326530612244897,0.2774473535829539,3.25669368889943,-8.27760182331658,118.96567125966573,-2.296598719892619,0.01
0.2676767676767677,0.6530612244897959,0.13329089639316652,2.3186143321916326,-5.433775015994512,159.72935585789693,-0.7242727426807013,0.01
0.2676767676767677,0.673469387755102,0.05566061823623915,1.0054865666709865,-2.7368306660611457,104.57119043557302,-0.15233368688086155,0.01
0.2676767676767677,0.6938775510204082,0.021583522268221817,0.6884371659658601,-1.1454816445872524,51.381013668868526,-0.02472352858378831,0.01
0.2676767676767677,0.7142857142857142,0.00890626539594314,0.03566913905736556,-0.4296607540753213,18.76943360130073,-0.003826672706015869,0.01
0.2676767676767677,0.7346938775510203,0.004046348632494418,-0.124916875440043,-0.20519718383953447,3.227996281806385,-0.000830299344220806,0.01
0.2676767676767677,0.7551020408163265,0.0005308701371866309,0.2684144131512462,-0.10840050146427906,6.258078590968647,-5.7546589083441404e-05,0.01
0.2676767676767677,0.7755102040816326,-0.0003781616313537066,0.20179407108018896,-0.011916024813697116,3.1974001207883838,4.506183382798949e-06,0.01
0.2676767676767677,0.7959183673469387,4.4501777443891504e-05,-0.0072160541164063615,0.002127502051380311,-1.821134488010796,9.467762280194922e-08,0.01
0.2676767676767677,0.8163265306122448,-0.0002913248129300204,0.45294589828319703,0.003959894995952148,2.000708996578836,-1.1536156689182836e-06,0.01
0.2676767676767677,0.836734693877551,0.00020613014462561184,-0.11721417804574047,-0.024116628615894906,-4.752208310539848,-4.971164144476586e-06,0.01
0.2676767676767677,0.8571428571428571,-0.0012756770013338942,0.11800774189558615,-0.018530971652304724,5.299602692971686,2.3639534349215488e-05,0.01
0.2676767676767677,0.8775510204081632,-0.0005502360452643768,-0.034544543461475834,0.04679289989598314,1.1021367187605253,-2.5747140185217634e-05,0.01
0.2676767676767677,0.8979591836734693,0.0006342372801348054,-0.3743065388077854,0.025473624363826317,-3.191425720911895,1.6156322231688915e-05,0.01
0.2676767676767677,0.9183673469387754,0.0004895037246877177,-0.26023139319406285,-0.013573539190371827,-0.6351963073995239,-6.644297990881717e-06,0.01
0.2676767676767677,0.9387755102040816,8.021527236452674e-05,0.12567242153040456,-0.01949395952127268,0.05499511497124042,-1.5637132724619472e-06,0.01
0.2676767676767677,0.9591836734693877,-0.0003061680925070855,-0.14185157797393486,-0.008319024577404688,1.0401485095278227,2.5470198863835563e-06,0.01
0.2676767676767677,0.9795918367346939,-0.0002593367512030115,0.08855729498969467,0.008949198103641708,0.6521373132147242,-2.320855962070592e-06,0.01
0.2676767676767677,1.0,5.910529947829032e-05,0.012513795680599253,0.01560366048338379,0.0,9.222590258279632e-07,0.01
0.27272727272727276,0.0,-0.000581532053695678,0.31061990664939243,3.0378808928975607,0.0,-0.0017666251145295783,0.01
0.27272727272727276,0.02040816326530612,0.06141603718911168,-0.14077873319939396,3.014938277588993,-2.2483763002396437,0.1851655613792819,0.01
0.27272727272727276,0.04081632653061224,0.1224771731540183,-0.4074856136724969,2.9241673759475253,-6.647172060624175,0.3581437540352564,0.01
0.27272727272727276,0.061224489795918366,0.18076980763594944,-0.2516534734303138,2.9044718567694683,4.717011181174605,0.5250408188322456,0.01
0.27272727272727276,0.08163265306122448,0.24102704485889456,-0.5440295260142792,2.981024990037865,2.785195879128286,0.7185076439993422,0.01
0.27272727272727276,0.1020408163265306,0.30244429702525005,-1.1872906960733574,2.940800689366887,-6.727177344884178,0.8894283971869389,0.01
0.27272727272727276,0.12244897959183673,0.361059726057543,-1.2447493899292712,2.8314165448459536,-3.992468818167271,1.022310482036875,0.01
0.27272727272727276,0.14285714285714285,0.4180123192638604,-1.430371175256775,2.789528237222934,-0.11258532888866926,1.1660571680935867,0.01
0.27272727272727276,0.16326530612244897,0.47491802145439743,-1.7023634985997242,2.735352292000003,-5.19665730295856,1.2990680984973926,0.01
0.27272727272727276,0.18367346938775508,0.5296593515903911,-1.340133284936633,2.6374787440755885,-4.394950393634051,1.3969652814205153,0.01
0.27272727272727276,0.2040816326530612,0.5825702150901357,-1.8025646883509336,2.5481885051706485,-4.355493019050079,1.4844987255474762,0.01
0.27272727272727276,0.22448979591836732,0.633667045678989,-1.8513752070526652,2.400901158255928,-10.078666978592539,1.5213719439192968,0.01
0.27272727272727276,0.24489795918367346,0.6805661807332348,-1.4991755322990938,2.3288571014679667,3.0183494133723165,1.5849413830195256,0.01
0.27272727272727276,0.26530612244897955,0.7287224375756407,-1.90963040690745,2.2633526908543633,-9.437781653505425,1.6493558899727772,0.01
0.27272727272727276,0.2857142857142857,0.7729479232170864,-2.1689808805308908,1.9734049040062647,-18.977101457608253,1.525339222218056,0.01
0.27272727272727276,0.3061224489795918,0.8092695765146719,-1.1310891162315075,1.8596938631800826,7.833419456642409,1.5049936651026796,0.01
0.27272727272727276,0.32653061224489793,0.8488537951836204,-2.0421743352058535,1.7187230324830605,-21.64856086495058,1.4589445689927467,0.01
0.27272727272727276,0.3469387755102041,0.8794215370241846,-1.5996347623785652,1.4106087336063997,-8.546640424962188,1.2405197006478785,0.01
0.27272727272727276,0.36734693877551017,0.9064296618614326,-1.490235018043735,1.2410176369772214,-8.073287044697286,1.124895197049337,0.01
0.27272727272727276,0.3877551020408163,0.9300753181252956,-0.9322118774999594,1.0119091447304176,-14.37934519548948,0.941151719699039,0.01
0.27272727272727276,0.4081632653061224,0.9477320759320619,-0.5206811084777374,0.8326803985093559,-3.1850719341745775,0.7891579226672084,0.01
0.27272727272727276,0.42857142857142855,0.9640622731664938,-0.6887729018757195,0.6279040957091974,-16.88300574024096,0.6053386498399606,0.01
0.27272727272727276,0.44897959183673464,0.9733608145324373,-0.6050292870230594,0.38534682385351743,-6.887606901615677,0.37508149834354737,0.01
0.27272727272727276,0.4693877551020408,0.9797907149564333,-0.3565859873146819,0.08799075500567867,-22.253287845472524,0.08621252475657026,0.01
0.27272727272727276,0.4897959183673469,0.9769522739204242,0.11920275548269953,-0.22245663423310844,-8.170556299928615,-0.21732951466271935,0.01
0.27272727272727276,0.5102040816326531,0.9707108523346738,0.03742855229775732,-0.7339281119431902,-41.9536485156594,-0.712431983096752,0.01
0.27272727272727276,0.5306122448979591,0.9469960244533552,0.5107037799455689,-1.6721079177527347,-49.98797245367598,-1.5834795505688175,0.01
0.27272727272727276,0.5510204081632653,0.9024615495692561,1.0384364119821217,-3.152546478467976,-95.09500649641768,-2.845051980047311,0.01
0.27272727272727276,0.5714285714285714,0.8183206579852745,2.1283834980186134,-5.423245043702744,-127.43345289658964,-4.437953452578209,0.01
0.27272727272727276,0.5918367346938775,0.6811046090099604,3.392375156598052,-7.977158258999941,-122.8500422025358,-5.433279257006731,0.01
0.27272727272727276,0.6122448979591836,0.4927223616995627,4.337000192275865,-9.486628033830165,-25.07799573082623,-4.674273769394078,0.01
0.27272727272727276,0.6326530612244897,0.2938953015066884,4.1163236459652595,-8.51917165183148,119.88872116669737,-2.5037445212022456,0.01
0.27272727272727276,0.6530612244897959,0.14500106978807376,2.968083387148943,-5.712333473037931,155.18142035507043,-0.8282944645767227,0.01
0.27272727272727276,0.673469387755102,0.06073883321942595,1.742516765749264,-2.9385445073365566,116.64989828366426,-0.17848376473897531,0.01
0.27272727272727276,0.6938775510204082,0.025060477651887778,0.5468328165544705,-1.2654843060848975,47.31000143899839,-0.03171364117145529,0.01
0.27272727272727276,0.7142857142857142,0.009086412562899531,0.5306550014635364,-0.5303030470775669,24.737761943720013,-0.004818552269109506,0.01
0.27272727272727276,0.7346938775510203,0.0034154553221911704,0.02351523483930932,-0.17639789487337248,9.944942972291049,-0.0006024791288685786,0.01
0.27272727272727276,0.7551020408163265,0.0018864984864353492,-0.16778512877344284,-0.06797414697061399,0.6805843221792836,-0.00012823312537679727,0.01
0.27272727272727276,0.7755102040816326,0.000641000343798763,-0.13304909432447382,-0.0460218149554016,1.4707442153115304,-2.9499999208655477e-05,0.01
0.27272727272727276,0.7959183673469387,8.057059684263412e-06,0.2823378490467161,0.033204369558823235,6.293421867082504,2.67529587313778e-07,0.01
0.27272727272727276,0.8163265306122448,0.001996280733954813,-0.44263297919088834,-0.00965098397510182,-10.493246513407161,-1.9266073373202403e-05,0.01
0.27272727272727276,0.836734693877551,-0.0003858606535851986,-0.10743837035887926,-0.06556099645173566,5.014065290697045,2.529740894056361e-05,0.01
0.27272727272727276,0.8571428571428571,-0.0006796783048915398,0.08465283512866131,-0.008301648181019453,0.5973508398331442,5.642450163481237e-06,0.01
0.27272727272727276,0.8775510204081632,-0.0007247034364839518,0.39488693219472093,-0.014124776251656273,-1.1680173907555527,1.0236273889142213e-05,0.01
0.27272727272727276,0.8979591836734693,-0.0012561997845509795,0.31087234700902094,-0.0024522737091453137,2.3119226399216264,3.0805457050883744e-06,0.01
0.27272727272727276,0.9183673469387754,-0.0008247962409388625,0.19682355564424475,0.048292544285818355,2.661069523584813,-3.983150899231653e-05,0.01
0.27272727272727276,0.9387755102040816,0.0007149244720130347,-0.12385357286934297,-0.004845952082418454,-7.868642167672021,-3.464489733923479e-06,0.01
0.27272727272727276,0.9591836734693877,-0.0010225902034865545,0.2035648964019727,-0.01291155286148243,7.078213291323751,1.3203227467950724e-05,0.01
0.27272727272727276,0.9795918367346939,0.00018792231440150703,0.09357517158014905,0.028049964035642146,-3.0639846354055424,5.271214160456908e-06,0.01
0.27272727272727276,1.0,0.00012230628776414515,-0.15169431427239366,-0.003215185305230733,0.0,-3.9323737915660084e-07,0.01
0.2777777777777778,0.0,0.0009872553536244858,0.17745622223464874,2.926171128490538,0.0,0.0028888781122236866,0.01
0.2777777777777778,0.02040816326530612,0.060705033486084435,-0.09489276278726409,2.926081786438052,-0.008755521143603479,0.1776278928287437,0.01
0.2777777777777778,0.04081632653061224,0.12041916500415721,-0.09841118408287396,2.9104480267775377,-1.5233529255867904,0.35047372117254805,0.01
0.2777777777777778,0.061224489795918366,0.1794988304974125,-0.7375496529306883,2.8875762716564704,-0.7180790762778341,0.5183165637344151,0.01
0.2777777777777778,0.08163265306122448,0.23827942099013558,-0.5925382430701144,2.8652516973370847,-1.4697292070219452,0.6827305154324838,0.01
0.2777777777777778,0.1020408163265306,0.2964478793683139,-0.9204475487162858,2.854095453680436,0.3764173286703556,0.846090544758311,0.01
0.2777777777777778,0.12244897959183673,0.35477311297709213,-1.3185406611053803,2.801338404744975,-5.546608124345491,0.9938395463536561,0.01
0.2777777777777778,0.14285714285714285,0.4107882224191292,-1.11578363537673,2.732904269230883,-1.1599371560355614,1.1226448867990038,0.01
0.2777777777777778,0.16326530612244897,0.4663202260069241,-1.1577050592944287,2.7465180915598184,2.494091744271256,1.2807569371882803,0.01
0.2777777777777778,0.18367346938775508,0.5228910016664687,-1.620077222885953,2.625080112010414,-14.395013740112931,1.3726307692238513,0.01
0.2777777777777778,0.2040816326530612,0.5734663530277573,-1.4123720985814865,2.484928772383564,0.660182456681631,1.4250230406325444,0.01
0.2777777777777778,0.22448979591836732,0.6243166658453897,-1.330713600064481,2.438441735646181,-5.215912056945152,1.5223598142568688,0.01
0.2777777777777778,0.24489795918367346,0.6729945871357647,-2.160040303793878,2.3216487560313896,-6.229799945304392,1.5624570460396068,0.01
0.2777777777777778,0.26530612244897955,0.7190778395609566,-1.4493386048725327,2.180472736148914,-7.6054500031782455,1.5679296243315286,0.01
0.2777777777777778,0.2857142857142857,0.7619934743255162,-1.4484180196418368,2.069739558660611,-3.246401390675415,1.5771280372527594,0.01
0.2777777777777778,0.3061224489795918,0.8035570052205734,-1.6832824062835905,1.875384572071312,-15.800387295075902,1.50697841037049,0.01
0.2777777777777778,0.32653061224489793,0.8385397833896514,-1.4247096479713466,1.6607464247527428,-5.234151142143887,1.392601947277303,0.01
0.2777777777777778,0.3469387755102041,0.8713425735778282,-1.3312182864920203,1.4789042551744396,-12.586381476529823,1.2886322397788974,0.01
0.2777777777777778,0.36734693877551017,0.8989032223763632,-1.0448922651135355,1.3236027919243216,-2.6331619219817393,1.1897908148071237,0.01
0.2777777777777778,0.3877551020408163,0.9253671773298413,-1.515692364087677,1.1318791991969175,-16.155750165303875,1.0474038596392128,0.01
0.2777777777777778,0.4081632653061224,0.9451023733639925,-0.9430081392413755,0.8628028980184159,-10.213727350189279,0.8154370666625357,0.01
0.2777777777777778,0.42857142857142855,0.9605836221469195,-1.1868359578420271,0.6174670736164681,-13.829183441201605,0.5931287581309655,0.01
0.2777777777777778,0.44897959183673464,0.9703051110626238,-0.5167170880522729,0.4264507602512216,-4.890415268592561,0.41378735228830194,0.01
0.2777777777777778,0.4693877551020408,0.9779897756265612,-0.6080704878734624,0.17760532592179532,-19.496437295691216,0.17369619284833887,0.01
0.2777777777777778,0.4897959183673469,0.9775543080390237,-0.04010402379334943,-0.17370230988712476,-14.931711013582957,-0.1698034413464883,0.01
0.2777777777777778,0.5102040816326531,0.9708998854270867,0.2931379683863027,-0.6854848033606634,-35.222973346823835,-0.6655371170448772,0.01
0.2777777777777778,0.5306122448979591,0.9495753364732823,0.7479693273174483,-1.5482458341049221,-49.327607666113515,-1.470176058863539,0.01
0.2777777777777778,0.5510204081632653,0.9077061779126001,0.9452290859367821,-2.9523790386054025,-88.27744637493358,-2.6798926928817868,0.01
0.2777777777777778,0.5714285714285714,0.8290700695914291,1.804581935780797,-5.131974845505319,-125.32294270125824,-4.254766742304558,0.01
0.2777777777777778,0.5918367346938775,0.6982378168715667,3.1088065234821527,-7.703869829660029,-126.72276574590337,-5.379133251324547,0.01
0.2777777777777778,0.6122448979591836,0.5146264030746933,4.339384977977969,-9.397048549034727,-39.20874875281711,-4.835969294308008,0.01
0.2777777777777778,0.6326530612244897,0.3146848148701493,4.3590069332357855,-8.68855782216284,108.64083998626194,-2.7341572097559013,0.01
0.2777777777777778,0.6530612244897959,0.15999138992518963,2.828764691897127,-6.006062102155567,154.24374057445104,-0.9609182237008754,0.01
0.2777777777777778,0.673469387755102,0.06953942294543233,1.1437337669459473,-3.2381436941020345,117.01226341479523,-0.22517864390224604,0.01
0.2777777777777778,0.6938775510204082,0.027822259553678032,0.6428671843520768,-1.4154368981303536,61.613002590429524,-0.03938065276163563,0.01
0.2777777777777778,0.7142857142857142,0.011766488327866887,0.19077954886822995,-0.5950569902695945,18.784228379924876,-0.007001731130422783,0.01
0.2777777777777778,0.7346938775510203,0.0035342191345109145,0.37618655295009507,-0.26282104230168557,13.774894520930198,-0.0009288671566547196,0.01
0.2777777777777778,0.7551020408163265,0.0010390988461654357,-0.0871658183773385,-0.08734700588229423,3.421561048170156,-9.076217302829746e-05,0.01
0.2777777777777778,0.7755102040816326,-3.0964779052114943e-05,0.06471655845639795,0.009675220178911006,6.0866171058279575,-2.995910551205433e-07,0.01
0.2777777777777778,0.7959183673469387,0.001434005792243436,-0.14838402834868694,-0.005102727305960385,-7.5348559593453555,-7.317340512985935e-06,0.01
0.2777777777777778,0.8163265306122448,-0.00023923936296886534,-0.17208414338224193,-0.057880869709632576,2.3625980037854797,1.3847382397416391e-05,0.01
0.2777777777777778,0.836734693877551,-0.0009284786857007505,0.139111790662173,-0.00031603457886207934,3.2787558390300293,2.934313704178536e-07,0.01
0.2777777777777778,0.8571428571428571,-0.0002521387335346645,0.08910027752924993,0.05385476551879473,2.0299825705403376,-1.3578872372715222e-05,0.01
0.2777777777777778,0.8775510204081632,0.0012696750089439318,-0.44583896207845103,0.013867032036570049,-5.948780451798355,1.7606624025057865e-05,0.01
0.2777777777777778,0.8979591836734693,0.0003138625740804395,-0.36523962173329066,-0.02696011575705777,1.947719968022829,-8.461771329016768e-06,0.01
0.2777777777777778,0.9183673469387754,0.00016926212090075752,0.04762643562865383,-0.005499299335494362,0.1554400412903853,-9.308230689939023e-07,0.01
0.2777777777777778,0.9387755102040816,8.940137671332267e-05,-0.22204862674680095,-0.004011796281588484,-0.009664742007609197,-3.5866011066739916e-07,0.01
0.2777777777777778,0.9591836734693877,5.515333897145957e-06,-0.12616068318239987,0.013992508951712296,1.7740866548710856,7.717335892749707e-08,0.01
0.2777777777777778,0.9795918367346939,0.0006605241910689265,0.03376646046062198,-0.01590887768921632,-4.704422545682092,-1.0508198566484104e-05,0.01
0.2777777777777778,1.0,-0.0006438266126014794,0.1970592658132508,-0.0639131893798499,0.0,4.114901221898561e-05,0.01
0.2828282828282829,0.0,0.001883498900264126,-0.5304075656595508,2.8587716321972363,0.0,0.005384493225349775,0.01
0.2828282828282829,0.02040816326530612,0.06022577710837098,-0.23627538534123715,2.891946678080581,3.2511544965677786,0.17416973604337496,0.01
0.2828282828282829,0.04081632653061224,0.11992213882192047,-0.7589310034340794,2.8309273509769626,-9.231048552722363,0.3394908627786309,0.01
0.2828282828282829,0.061224489795918366,0.1757738322502878,-0.3322752007630242,2.8264342870848167,8.790728291292071,0.4968131862445084,0.01
0.2828282828282829,0.08163265306122448,0.23528680360089257,-0.9387853605256958,2.842620392050483,-7.204490004656774,0.6688310658962742,0.01
0.2828282828282829,0.1020408163265306,0.2917991543747973,-0.5827076339113795,2.764261821145769,-0.47464994400519084,0.8066092618808726,0.01
0.2828282828282829,0.12244897959183673,0.34811381670888314,-0.27715404566559265,2.777168030385476,1.7394584494964547,0.9667705626993796,0.01
0.2828282828282829,0.14285714285714285,0.40515295153338815,-1.2038583319568663,2.7528056442024402,-4.126972295433963,1.1153073317463886,0.01
0.2828282828282829,0.16326530612244897,0.4604732307579623,-1.0341149255246531,2.6841181274488286,-2.6044043464199365,1.2359645458823743,0.01
0.2828282828282829,0.18367346938775508,0.514708793470075,-1.2701313080078576,2.5935682813915606,-6.269480567192352,1.3349324008973062,0.01
0.2828282828282829,0.2040816326530612,0.5663331606106791,-1.2523124979912685,2.5207338671266246,-0.8682920307713694,1.4275751780282009,0.01
0.2828282828282829,0.22448979591836732,0.6175958900874883,-1.6775361471274775,2.345927235506264,-16.262757868024003,1.4488350190929717,0.01
0.2828282828282829,0.24489795918367346,0.6620852926721592,-1.0749924873249201,2.306970409476858,12.44498891714224,1.5274111787444964,0.01
0.2828282828282829,0.26530612244897955,0.7117579476171559,-1.7904693116390147,2.2685270086828786,-16.21244219495223,1.6146421278142118,0.01
0.2828282828282829,0.2857142857142857,0.7546782318020726,-1.7586678321226867,2.0407919670718693,-6.105591882926687,1.5401412731856718,0.01
0.2828282828282829,0.3061224489795918,0.7950555789262118,-2.063629059307712,1.8783181837174079,-9.816838885810506,1.4933673509630745,0.01
0.2828282828282829,0.32653061224489793,0.8313442801170688,-1.805603594781029,1.7043099143229117,-7.235971514850126,1.4168682988191643,0.01
0.2828282828282829,0.3469387755102041,0.8646192488985756,-1.50870234443963,1.5259018606290677,-10.248017747146589,1.3193241206300435,0.01
0.2828282828282829,0.36734693877551017,0.8936259887141736,-1.6078822692412067,1.3007764540400106,-11.814272098581018,1.1624076448376213,0.01
0.2828282828282829,0.3877551020408163,0.9177121653900046,-1.5044089980790951,1.1444860733578666,-3.502185208269104,1.0503087926399512,0.01
0.2828282828282829,0.4081632653061224,0.9403397059940866,-1.541278069180335,0.9034947260639635,-20.114966826533394,0.8495919650741952,0.01
0.2828282828282829,0.42857142857142855,0.9545895011477173,-1.0646374879917309,0.670215208738352,-2.7464258713765313,0.6397804017711567,0.01
0.2828282828282829,0.44897959183673464,0.9676954287997336,-0.7584134585750927,0.49806567951500863,-14.124227992511129,0.48197588130870694,0.01
0.2828282828282829,0.4693877551020408,0.9749187125564932,-0.6479004126781376,0.23658017478211665,-11.501351471312288,0.23064643941497132,0.01
0.2828282828282829,0.4897959183673469,0.9773517624643098,-0.11695552510005024,-0.06218914231962858,-17.778041604658746,-0.06078066785223279,0.01
0.2828282828282829,0.5102040816326531,0.9723803802169165,-0.17329313847325142,-0.587970676581802,-33.748548753034264,-0.5717311500510103,0.01
0.2828282828282829,0.5306122448979591,0.9533529593385219,0.3065027098464268,-1.4675577917817566,-52.4509885365613,-1.3991005637954441,0.01
0.2828282828282829,0.5510204081632653,0.9124800621850081,0.8737490213779032,-2.8216365693763517,-80.24873166770902,-2.5746871122880264,0.01
0.2828282828282829,0.5714285714285714,0.8381841197721402,1.8452698279708093,-4.8642594555060175,-119.92831117299826,-4.077145030056622,0.01
0.2828282828282829,0.5918367346938775,0.7139388599194564,3.3915643714933834,-7.390219958277045,-127.61581809856247,-5.276165211566326,0.01
0.2828282828282829,0.6122448979591836,0.5365424888220568,4.00779845595009,-9.242352033686425,-53.893125291556544,-4.958914562723712,0.01
0.2828282828282829,0.6326530612244897,0.3367000014016432,4.240638681882442,-8.875478009076884,89.84677970329155,-2.98837345809644,0.01
0.2828282828282829,0.6530612244897959,0.17427808028830644,2.685928991777849,-6.403911559600521,152.36673234539208,-1.1160614129432733,0.01
0.2828282828282829,0.673469387755102,0.07531585611182601,1.3737194904762493,-3.5086209109447304,131.37175122287553,-0.2642547876796572,0.01
0.2828282828282829,0.6938775510204082,0.031069063515052158,0.5976307480784294,-1.533352950367243,62.20450891371826,-0.047639840205952494,0.01
0.2828282828282829,0.7142857142857142,0.012730021402958957,0.02506575808283456,-0.6280553512259003,26.51465580213333,-0.007995158063348615,0.01
0.2828282828282829,0.7346938775510203,0.005434151220117455,-0.1607208075710917,-0.29721327208712206,5.907867953466933,-0.0016151018651473356,0.01
0.2828282828282829,0.7551020408163265,0.0005988674402192816,0.24685721593754462,-0.12588748499893856,10.882059181175054,-7.538991589695755e-05,0.01
0.2828282828282829,0.7755102040816326,0.0002958865262832283,-0.3736419774393376,0.0021002396521532444,1.6607378346319464,6.214326150379192e-07,0.01
0.2828282828282829,0.7959183673469387,0.0006845915076541079,-0.18023838013561005,-0.03440382425064058,-5.238136097105741,-2.355256591281299e-05,0.01
0.2828282828282829,0.8163265306122448,-0.0011083511982327135,0.28308565524075485,-0.022306892104753437,6.423635447402682,2.472387059315133e-05,0.01
0.2828282828282829,0.836734693877551,-0.00022589388437664447,0.055332461068080985,0.03200223972584273,-1.101340528004257,-7.229110240423176e-06,0.01
0.2828282828282829,0.8571428571428571,0.00019786266812821398,0.04636841064956323,-0.018525504391029977,-3.8503783954492685,-3.665505727230135e-06,0.01
0.2828282828282829,0.8775510204081632,-0.0009820369207452148,-0.044812857373231624,-0.04235179388227968,1.5154020253067975,4.159102525218996e-05,0.01
0.2828282828282829,0.8979591836734693,-0.0015307819801280993,0.2747801142234359,0.034099996585488034,5.97687344053444,-5.2199660295494794e-05,0.01
0.2828282828282829,0.9183673469387754,0.0004097996745808274,0.3289269686717247,0.012218778326975325,-8.121232829868687,5.007251382169755e-06,0.01
0.2828282828282829,0.9387755102040816,-0.0010320563341291065,0.29090183831677535,-0.025515757952653213,4.423248274465089,2.633369961514087e-05,0.01
0.2828282828282829,0.9591836734693877,-0.0006316598336907322,-0.3742624325681094,0.04564639600515605,2.55064281340022,-2.8832994909198173e-05,0.01
0.2828282828282829,0.9795918367346939,0.000831061870162977,0.18174685035343713,0.024085509939033387,-4.663609647880241,2.0016548933762055e-05,0.01
0.2828282828282829,1.0,0.00035142220463716105,0.02356577786333794,-0.023502343610764982,0.0,-8.259245405835127e-06,0.01
0.2878787878787879,0.0,-0.0007953271889255252,0.06817405734279368,2.931561919245708,0.0,-0.0023315509003948064,0.01
0.2878787878787879,0.02040816326530612,0.059032467081395035,-0.33641717538214433,2.8636697880529245,-6.6534288568927575,0.16904949249521975,0.01
0.2878787878787879,0.04081632653061224,0.11608915395609179,-0.40613867052452135,2.819048585937398,2.2805510495711636,0.32726096530258947,0.01
0.2878787878787879,0.061224489795918366,0.17409567467067658,-0.3008768527370994,2.8041795812830763,-3.7377135056946904,0.4881955361012125,0.01
0.2878787878787879,0.08163265306122448,0.23054546339621734,-0.20666354914820326,2.811632540474045,4.4681035064096335,0.6482091269434725,0.01
0.2878787878787879,0.1020408163265306,0.28885618652676004,-0.993910097158037,2.8461303424289635,-1.087318914827613,0.8221223570721321,0.01
0.2878787878787879,0.12244897959183673,0.34671404880148116,-1.4604289778986514,2.7003084743141907,-13.203224160420127,0.9362348841424235,0.01
0.2878787878787879,0.14285714285714285,0.3990728589477474,-0.7058967312362464,2.659141292906748,9.168840382490748,1.0611911181063054,0.01
0.2878787878787879,0.16326530612244897,0.4552504281037974,-1.447324879132716,2.675917683442519,-7.524754109985177,1.2182126709577286,0.01
0.2878787878787879,0.18367346938775508,0.5082939888841768,-1.5431650930817937,2.5665690868186712,-3.191408359151928,1.3045716388858815,0.01
0.2878787878787879,0.2040816326530612,0.5600083500147636,-1.5885498647817045,2.4703226622860655,-6.240741245043433,1.3834013181108975,0.01
0.2878787878787879,0.22448979591836732,0.6091234853040162,-1.5525475009294325,2.367868347937201,-3.799781561145321,1.4423242208365707,0.01
0.2878787878787879,0.24489795918367346,0.6566560376856697,-1.4391051722528712,2.2929963562923494,-3.5376736200500982,1.5057099017506124,0.01
0.2878787878787879,0.26530612244897955,0.7027151733159488,-1.3289679788044462,2.1839308170286094,-7.150749227796448,1.534681322598301,0.01
0.2878787878787879,0.2857142857142857,0.7457960710337762,-1.8905191914133173,2.0069918972845806,-10.189264907118346,1.4968066715914643,0.01
0.2878787878787879,0.3061224489795918,0.7846332099398092,-1.019771399478611,1.872510475711704,-2.9899144070235817,1.4692339052035934,0.01
0.2878787878787879,0.32653061224489793,0.8222250700424172,-1.7287110386158333,1.7729750886373967,-6.764553526258543,1.4577845664383444,0.01
0.2878787878787879,0.3469387755102041,0.8569995400882744,-1.5897076228054114,1.5503673781832377,-15.05100209824904,1.3286641300708983,0.01
0.2878787878787879,0.36734693877551017,0.8855053711927534,-1.0083503932792264,1.301307701443208,-9.356846222273868,1.1523149592024566,0.01
0.2878787878787879,0.3877551020408163,0.9101141401471808,-0.9521217861006778,1.1527275021532775,-5.2040133081393405,1.0491135994462377,0.01
0.2878787878787879,0.4081632653061224,0.9325554733214586,-0.7116748756528873,0.9579108977666929,-13.888013921745939,0.8933050506666017,0.01
0.2878787878787879,0.42857142857142855,0.9492125441376581,-0.48293335383088126,0.7670848196465765,-4.812941734025475,0.7281265332261034,0.01
0.2878787878787879,0.44897959183673464,0.9638650577968291,-0.4599366591743634,0.5496316307533068,-16.49747077751496,0.5297707235430015,0.01
0.2878787878787879,0.4693877551020408,0.971646488250038,-0.37347503281735345,0.3159524948333214,-6.40308454264361,0.30699413205863496,0.01
0.2878787878787879,0.4897959183673469,0.9767610779941075,-0.7471591308497348,-0.0034624846528623636,-24.899583447002403,-0.003382020242067895,0.01
0.2878787878787879,0.5102040816326531,0.9715051623458395,-0.44870849375598637,-0.5355730667020612,-27.24725359381909,-0.520311999114445,0.01
0.2878787878787879,0.5306122448979591,0.9549009528225948,0.5391849243852627,-1.3379995447294672,-51.39054125286671,-1.2776570401383662,0.01
0.2878787878787879,0.5510204081632653,0.916892936030351,1.0210854083425884,-2.631233567386213,-75.34639296749441,-2.4125594709823592,0.01
0.2878787878787879,0.5714285714285714,0.8475036643578514,1.7267519508377724,-4.5527115965270815,-112.95845388831073,-3.8584397608211853,0.01
0.2878787878787879,0.5918367346938775,0.7310679729067967,2.5886459080044517,-7.122634345219002,-138.89397548349757,-5.207129852515585,0.01
0.2878787878787879,0.6122448979591836,0.5567838951652391,4.338044580557897,-9.13728980841101,-58.54225990931933,-5.087495810780723,0.01
0.2878787878787879,0.6326530612244897,0.35811736848185755,4.13614393452832,-9.039042664997188,68.17047996387377,-3.23703817278403,0.01
0.2878787878787879,0.6530612244897959,0.1878433782265784,2.9374185038705085,-6.758656611062399,155.30735332173546,-1.2695688900953588,0.01
0.2878787878787879,0.673469387755102,0.08225383333645353,2.1592378176540556,-3.7670214512004665,137.87289234473397,-0.30985195462188847,0.01
0.2878787878787879,0.6938775510204082,0.03408740062655938,0.7325612630881944,-1.700231821294711,64.67249138603009,-0.05795648325049752,0.01
0.2878787878787879,0.7142857142857142,0.012856616140751051,0.7053821643413288,-0.7218917810916239,31.20483255387246,-0.009281085524658096,0.01
0.2878787878787879,0.7346938775510203,0.004622429969758406,0.7633681296945531,-0.26976937957479685,13.103162794776596,-0.0012469900650696722,0.01
0.2878787878787879,0.7551020408163265,0.0018456210560654667,0.24202572123976204,-0.15223379137152454,-1.5846751508559098,-0.0002809658907999631,0.01
0.2878787878787879,0.7755102040816326,-0.0015911941678548405,0.4114132014866133,-0.05074744774073712,11.53033682667308,8.074904287857921e-05,0.01
0.2878787878787879,0.7959183673469387,-0.00022570334151564,-0.2242872226378672,0.046857928277956734,-1.9650099768410814,-1.0575990988835034e-05,0.01
0.2878787878787879,0.8163265306122448,0.00032137433328625057,0.03154046270919317,0.0068420251148952095,-1.9565485331389487,2.1988512596272297e-06,0.01
0.2878787878787879,0.836734693877551,5.3562989704572636e-05,0.04358999468843859,0.00271146956178113,1.5517540889337686,1.4523441622194475e-07,0.01
0.2878787878787879,0.8571428571428571,0.00043204656029772527,-0.03651852101581628,-0.03091722308705098,-4.847365968519316,-1.3357679888717795e-05,0.01
0.2878787878787879,0.8775510204081632,-0.0012083644832362836,0.4247469119293353,-0.014088729551169165,6.496558335035734,1.7024320403554286e-05,0.01
0.2878787878787879,0.8979591836734693,-0.00014300362546428147,0.0035712489331928806,0.08034558112135384,2.758004110871523,-1.1489709390388128e-05,0.01
0.2878787878787879,0.9183673469387754,0.0020710469911046896,-0.6414409157192487,0.014213638126403694,-9.238934524376639,2.943711247433927e-05,0.01
0.2878787878787879,0.9387755102040816,0.0004371448694909713,0.13732943723608518,-0.11252656770202665,-3.1816056468095346,-4.9190411752369385e-05,0.01
0.2878787878787879,0.9591836734693877,-0.002521874139590275,0.399061863798483,0.032139844464237934,17.358914039103464,-8.10526426048153e-05,0.01
0.2878787878787879,0.9795918367346939,0.0017489752557863969,-0.5171495164948939,0.07331172789645996,-13.324069462745705,0.00012822039804985378,0.01
0.2878787878787879,1.0,0.00047044128475502944,-0.011897805031889096,-0.06264816458053701,0.0,-2.947228303281236e-05,0.01
0.29292929292929293,0.0,-0.0004510137680023247,-0.17107465926113108,2.8314358060966067,0.0,-0.0012770165317643302,0.01
0.29292929292929293,0.02040816326530612,0.05733339043805087,-0.17716690947551414,2.804979576776413,-2.592710473378973,0.1608189892460808,0.01
0.29292929292929293,0.04081632653061224,0.11403794854940229,-0.4614612900608529,2.823446252123275,4.402444657371404,0.32198001843163676,0.01
0.29292929292929293,0.061224489795918366,0.1725760946063478,-0.83664418814629,2.8288621089281256,-3.8716906904960062,0.4881939749386927,0.01
0.29292929292929293,0.08163265306122448,0.22950170809748904,-1.1241721013071548,2.7258784268967067,-6.220710148583049,0.6255937550388906,0.01
0.29292929292929293,0.1020408163265306,0.2838364385613154,-0.6139055490182579,2.6909927009926706,2.801909009987517,0.7638017844442544,0.01
0.29292929292929293,0.12244897959183673,0.3393381448727001,-0.9515235051282751,2.7359464918146146,1.6035624905629586,0.9284110070033432,0.01
0.29292929292929293,0.14285714285714285,0.39550772394150374,-1.25246885428121,2.6607627596732404,-8.97156824041763,1.0523522230266775,0.01
0.29292929292929293,0.16326530612244897,0.447940706492016,-1.0674518068133017,2.572316295234358,0.3038147254071861,1.1522451786082035,0.01
0.29292929292929293,0.18367346938775508,0.5005002257878041,-1.31877242490383,2.549094277988367,-2.579572415514301,1.2758222616875772,0.01
0.29292929292929293,0.2040816326530612,0.5519853708997045,-1.4399715706330245,2.4691617077796657,-5.25381946493843,1.3629411410801064,0.01
0.29292929292929293,0.22448979591836732,0.6012823363094231,-1.713833346703035,2.386360241709708,-2.860724209917448,1.4348762614111328,0.01
0.29292929292929293,0.24489795918367346,0.6493878297449986,-1.8670811337415398,2.3206614991815524,-3.577752557841792,1.5070093345262832,0.01
0.29292929292929293,0.26530612244897955,0.6960032138270374,-1.7976590107679757,2.1280740318294633,-15.295819242662954,1.4811463654151678,0.01
0.29292929292929293,0.2857142857142857,0.7362479943094665,-1.4206616679838653,2.045251069978939,7.179168981311604,1.5058119981312843,0.01
0.29292929292929293,0.3061224489795918,0.7794828493363819,-2.2030219390790213,1.8925321915881603,-22.145619063607935,1.4751963851599665,0.01
0.29292929292929293,0.32653061224489793,0.8134942062110241,-1.2076350980452437,1.702452677165141,3.5178266501520357,1.384935389222289,0.01
0.29292929292929293,0.3469387755102041,0.8489707137104693,-1.2146360097194098,1.6395029125809493,-9.686903579402836,1.3918899578242416,0.01
0.29292929292929293,0.36734693877551017,0.8804126924388179,-1.8968173933165031,1.3802008984091978,-15.724693809428798,1.2151463890749172,0.01
0.29292929292929293,0.3877551020408163,0.9053054442577835,-1.2294359560792765,1.1894373515565364,-2.9701337821320175,1.0768041099676915,0.01
0.29292929292929293,0.4081632653061224,0.9289611557676561,-1.2724699600278893,1.0159670421637133,-14.029956538364665,0.9437939177102501,0.01
0.29292929292929293,0.42857142857142855,0.9467734867950779,-0.9348433670868904,0.7982342454229595,-7.3078575422292,0.7557470198183334,0.01
0.29292929292929293,0.44897959183673464,0.9615421453767565,-0.9867654874551438,0.5631757159292231,-15.727878348156972,0.5415171861186759,0.01
0.29292929292929293,0.4693877551020408,0.9697602507105564,-0.19502676517123982,0.2804123405098537,-11.98293244294123,0.2719327416351696,0.01
0.29292929292929293,0.4897959183673469,0.97298754703022,-0.07586416595799395,-0.012771675526582095,-16.749101128629484,-0.012426681242075006,0.01
0.29292929292929293,0.5102040816326531,0.9692389578319204,0.06663340320726885,-0.3764042315845994,-18.886889365056216,-0.36482564514458193,0.01
0.29292929292929293,0.5306122448979591,0.9576241090063587,0.0617826386203053,-1.156131107348583,-57.52634445981419,-1.1071390215692216,0.01
0.29292929292929293,0.5510204081632653,0.9220499330421823,0.5297564317743084,-2.4842871423958774,-72.63294697482068,-2.290636793303673,0.01
0.29292929292929293,0.5714285714285714,0.856224633806527,1.5740398157549027,-4.3587457771244775,-111.06399922858213,-3.732065506874152,0.01
0.29292929292929293,0.5918367346938775,0.7441419421391424,2.8185863359656738,-6.799519853157674,-128.13186022267118,-5.059807909142409,0.01
0.29292929292929293,0.6122448979591836,0.5786932112286628,3.5931786798191516,-8.945806466745179,-82.20422790890423,-5.176877471270905,0.01
0.29292929292929293,0.6326530612244897,0.37900698431280866,4.416019259753216,-9.212352457314568,56.082720833104105,-3.4915459232734865,0.01
0.29292929292929293,0.6530612244897959,0.2026788252158234,3.573145516827551,-7.003273782089771,160.40698933892583,-1.419415302818731,0.01
0.29292929292929293,0.673469387755102,0.09315907483975684,2.0165426549547303,-4.039844695640703,130.0090611330828,-0.3763481943421869,0.01
0.29292929292929293,0.6938775510204082,0.03778720498559066,0.5027838365751096,-1.8801281016288616,81.6431650800776,-0.07104478597541923,0.01
0.29292929292929293,0.7142857142857142,0.016419152324293116,0.14661141897021213,-0.7180798203246754,32.237566487732636,-0.011790261950911879,0.01
0.29292929292929293,0.7346938775510203,0.008477824564175342,-0.6464063986551334,-0.3271038889484756,6.078074787134948,-0.0027731293847646694,0.01
0.29292929292929293,0.7551020408163265,0.0030679731835390124,-0.2316669125941592,-0.19578376986190096,6.7912968833493625,-0.0006006593557084857,0.01
0.29292929292929293,0.7755102040816326,0.00048665028409775214,0.00663668272009308,-0.10844778675589833,1.7676294610388978,-5.277614623453037e-05,0.01
0.29292929292929293,0.7959183673469387,-0.0013584670922119392,0.40508947076586643,-0.0001465267727846535,8.845894017306245,1.9905179895596775e-07,0.01
0.29292929292929293,0.8163265306122448,0.0004806695994942969,0.01642521075447425,0.03998844847092801,-4.9126664434224026,1.9221231510919296e-05,0.01
0.29292929292929293,0.836734693877551,0.00027371447803002007,-0.14196556421053566,-0.005709970343586202,0.43422139960000966,-1.5629015521615917e-06,0.01
0.29292929292929293,0.8571428571428571,0.0002476095854703703,0.19159007342106585,0.016246132834171093,1.7174767118202054,4.0226982165656765e-06,0.01
0.29292929292929293,0.8775510204081632,0.0009368219406492483,0.04704822700321075,-0.009128126703943284,-4.204154146555415,-8.551429373280374e-06,0.01
0.29292929292929293,0.8979591836734693,-0.00012496701469058005,-0.1144694478123378,-0.05158170058263761,0.043703906443370244,6.446011134475576e-06,0.01
0.29292929292929293,0.9183673469387754,-0.0011685535933359601,0.2967308737691664,0.03076452506287269,8.02622620681664,-3.5949996309494084e-05,0.01
0.29292929292929293,0.9387755102040816,0.0011307278858348358,-0.11451288092757982,0.016222513601935114,-9.451343329988521,1.8343248508042957e-05,0.01
0.29292929292929293,0.9591836734693877,-0.0005064101810120779,0.27019401108665214,-0.04884366243681758,3.0748580781907586,2.473492793592162e-05,0.01
0.29292929292929293,0.9795918367346939,-0.0008628909891373099,0.35798848649689524,0.022460657763408866,3.9129653014314334,-1.9381099194142473e-05,0.01
0.29292929292929293,1.0,0.00041035136035154915,-0.2754584208119674,0.0623888751249541,0.0,2.560135977832784e-05,0.01
0.297979797979798,0.0,-0.001315027198614098,0.3924222870162546,2.8299281280132496,0.0,-0.003721432458460502,0.01
0.297979797979798,0.02040816326530612,0.056438608066962416,-0.2784661360708048,2.7690478977128112,-5.966262569442938,0.1562812090176596,0.01
0.297979797979798,0.04081632653061224,0.11170733597333737,-0.01312341583668977,2.741844265621083,3.3003066244535426,0.3062841185663028,0.01
0.297979797979798,0.061224489795918366,0.16835061890863925,0.04966210053989361,2.7468600135971437,-2.8087633227995483,0.4624355833444724,0.01
0.297979797979798,0.08163265306122448,0.22382407122220038,-0.36110839361796465,2.753439521132246,3.453555061239568,0.6162860434839251,0.01
0.297979797979798,0.1020408163265306,0.2807359054854656,-0.517627567974332,2.7123557848632895,-7.479761215597299,0.7614556572623363,0.01
0.297979797979798,0.12244897959183673,0.33453247060437546,-0.9272412379776147,2.65693234545632,2.0482641537142485,0.8888301417541806,0.01
0.297979797979798,0.14285714285714285,0.3891821236673562,-0.8077672826546872,2.646418096080901,-3.078660592505287,1.0299386147444867,0.01
0.297979797979798,0.16326530612244897,0.4425495357505347,-1.3438544006070134,2.5641120655361047,-4.987330400884768,1.1347466042153478,0.01
0.297979797979798,0.18367346938775508,0.4938397589953605,-1.2939988055529588,2.502999660748048,-1.001685268344791,1.236080749229285,0.01
0.297979797979798,0.2040816326530612,0.5447127872096387,-1.4270238325877291,2.4202779068499662,-7.105046613667215,1.3183563244621554,0.01
0.297979797979798,0.22448979591836732,0.5926266123361754,-1.2272408511494832,2.3335108260725432,-1.3981273025202476,1.3829006157051615,0.01
0.297979797979798,0.24489795918367346,0.6399581270493343,-1.483714632000129,2.310289131658365,-0.8775987500691791,1.4784883056385203,0.01
0.297979797979798,0.26530612244897955,0.6869241279140679,-1.7024119226253545,2.183312804107559,-11.566081349909814,1.4997702439252032,0.01
0.297979797979798,0.2857142857142857,0.7290729353802551,-1.6541584978582422,1.9950925258192391,-6.879505922345562,1.45456796415424,0.01
0.297979797979798,0.3061224489795918,0.7683564759066899,-1.300913253399801,1.9188915398886464,-0.5881906988525311,1.4743927412360018,0.01
0.297979797979798,0.32653061224489793,0.8073950390491794,-1.536272473810177,1.8247529563030727,-8.637390492533688,1.473296484409425,0.01
0.297979797979798,0.3469387755102041,0.8428361884088561,-1.3450355622493635,1.5542253053377884,-17.874319302064198,1.3099573322794922,0.01
0.297979797979798,0.36734693877551017,0.8708328066139871,-1.3643666169048652,1.378369591915174,0.6404593866479907,1.200329460278867,0.01
0.297979797979798,0.3877551020408163,0.8990961717523326,-1.2962590129366758,1.2666924632513397,-11.584817995703741,1.1388783444968118,0.01
0.297979797979798,0.4081632653061224,0.9225345398079193,-1.0620005314684922,1.0524191554481246,-9.413966169011346,0.9708930212563748,0.01
0.297979797979798,0.42857142857142855,0.9420520556481744,-1.4652255715115425,0.8335865665241325,-12.03162754553988,0.7852819385547627,0.01
0.297979797979798,0.44897959183673464,0.9565584812987002,-0.6386617061504882,0.6547186792975738,-5.497425402662879,0.626276705546778,0.01
0.297979797979798,0.4693877551020408,0.9687752670480754,-1.3396204654577872,0.39312487776581423,-20.138767147449567,0.3808496584408187,0.01
0.297979797979798,0.4897959183673469,0.9726043946768967,-0.38833589952598174,0.01960546652025358,-16.46613515461538,0.019068362897289397,0.01
0.297979797979798,0.5102040816326531,0.969575490171351,-0.029058314337946586,-0.35937217748273914,-20.67367395767791,-0.3484384551367726,0.01
0.297979797979798,0.5306122448979591,0.9579361425347441,0.1777876308558368,-1.0988254800763988,-51.79274969650075,-1.0526046417032737,0.01
0.297979797979798,0.5510204081632653,0.924725470576396,0.8663225078368181,-2.2971644108817477,-65.64446552242349,-2.1242464408439736,0.01
0.297979797979798,0.5714285714285714,0.8641743298456932,1.5874789948695132,-4.075531975848273,-108.63555584429601,-3.5219701139933752,0.01
0.297979797979798,0.5918367346938775,0.7583772266642216,2.8305622300229185,-6.5496769129073,-133.83064798748865,-4.967125812757319,0.01
0.297979797979798,0.6122448979591836,0.5968405782984565,3.7533509295783225,-8.748144312034093,-81.61915712693697,-5.22124751023278,0.01
0.297979797979798,0.6326530612244897,0.40131011188731985,4.1092871901673425,-9.2148313082908,35.88383149378,-3.6980049833529587,0.01
0.297979797979798,0.6530612244897959,0.22072501469475042,3.5846816515067794,-7.300178715511805,151.7521225985616,-1.6113320542556475,0.01
0.297979797979798,0.673469387755102,0.10334363370316457,1.7994254983643376,-4.41976318637901,130.5285992564524,-0.45675438778788385,0.01
0.297979797979798,0.6938775510204082,0.04032651729152556,1.0668040205150293,-2.111508481839067,95.68036178846201,-0.08514978330408603,0.01
0.297979797979798,0.7142857142857142,0.017159614036263884,0.2877963626707792,-0.8602776019567004,26.940264440009937,-0.014762031613619633,0.01
0.297979797979798,0.7346938775510203,0.00521314578308881,0.27270850887201936,-0.37391105623800636,20.72365704042209,-0.0019492528460774456,0.01
0.297979797979798,0.7551020408163265,0.0018979382714472992,0.2742223363369166,-0.1149779340351684,4.651788935456033,-0.0002182210213772891,0.01
0.297979797979798,0.7755102040816326,0.0005201688836941818,0.11913663604377132,-0.02965722416842038,3.7096406314852723,-1.542676518915534e-05,0.01
0.297979797979798,0.7959183673469387,0.0006874393257974876,0.010212017337510709,0.00106467997894433,-0.69889402504353,7.319028869155734e-07,0.01
0.297979797979798,0.8163265306122448,0.000563625209365379,0.2058460225265414,-0.027702704846859143,-2.1203096878852103,-1.5613942819298284e-05,0.01
0.297979797979798,0.836734693877551,-0.0004432833210130894,0.2077724506210563,0.015964469733845587,6.399692796794274,-7.0767831618320235e-06,0.01
0.297979797979798,0.8571428571428571,0.0012152362189100968,-0.08031110007412602,0.039634202959104366,-4.080058940718914,4.816491894353736e-05,0.01
0.297979797979798,0.8775510204081632,0.0011744392487462723,-0.2117434562603098,-0.04699912806868263,-4.410007500004213,-5.5197620660713464e-05,0.01
0.297979797979798,0.8979591836734693,-0.0007030955389953164,0.10282437948081284,-0.020686625604021878,6.988632741540966,1.4544674179054075e-05,0.01
0.297979797979798,0.9183673469387754,0.0003300871832759916,-0.20226802744887734,0.03075915076325941,-1.9469466575473995,1.0153201435405866e-05,0.01
0.297979797979798,0.9387755102040816,0.0005523800023622105,-0.38562594596369126,0.012938911906371475,0.20056324957238178,7.147196189405909e-06,0.01
0.297979797979798,0.9591836734693877,0.0008582060365972763,-0.2683014964900161,0.009622415855604855,-0.5255798625475108,8.258015373929432e-06,0.01
0.297979797979798,0.9795918367346939,0.0009451316699379188,-0.5552897791866719,-0.045056941133137504,-4.832997122349242,-4.258474201545675e-05,0.01
0.297979797979798,1.0,-0.000980852785163438,0.0333038190078308,-0.09437323829996648,0.0,9.256625363141495e-05,0.01
0.30303030303030304,0.0,0.0006669035438922386,-0.5130405313334123,2.6639001849260477,0.0,0.001776564473902371,0.01
0.30303030303030304,0.02040816326530612,0.05503221344034219,0.039751219620569905,2.718866737511311,5.386722153355751,0.1496252546145693,0.01
0.30303030303030304,0.04081632653061224,0.1116410560953743,-0.5832771716064094,2.782445991868366,0.8440447736356963,0.3106352090605256,0.01
0.30303030303030304,0.061224489795918366,0.16860143759823468,-0.7168142112289672,2.7038012663464306,-8.551227874785381,0.4558647804859356,0.01
0.30303030303030304,0.08163265306122448,0.22200029145645309,-0.5964557880260305,2.6832445874019504,6.536673338226336,0.5956810804521832,0.01
0.30303030303030304,0.1020408163265306,0.2781216248391306,-1.0620893251127703,2.6423039935157573,-10.548851539073281,0.734881879995526,0.01
0.30303030303030304,0.12244897959183673,0.32984943404893297,-1.0919669588641931,2.6210312191448617,8.464119650725518,0.8645456642595174,0.01
0.30303030303030304,0.14285714285714285,0.385102490926676,-1.1280756323797756,2.594867477472718,-11.028166334595614,0.999289929199364,0.01
0.30303030303030304,0.16326530612244897,0.4357623923131255,-1.2053573636368,2.5039470538643487,2.117964820975442,1.0911259584173312,0.01
0.30303030303030304,0.18367346938775508,0.48730441149256776,-1.2262399418716785,2.492708493659525,-3.2193437210481752,1.21470784552528,0.01
0.30303030303030304,0.2040816326530612,0.5375055961359633,-1.3227590235608029,2.4285383608039317,-3.0693292987999756,1.3053529593629725,0.01
0.30303030303030304,0.22448979591836732,0.5864284262192588,-1.4512700854266667,2.3264960554381804,-6.930816627043634,1.3643234203959256,0.01
0.30303030303030304,0.24489795918367346,0.6324646188069094,-1.3216817490748423,2.251492711197967,-0.4195111084972841,1.4239894793343573,0.01
0.30303030303030304,0.26530612244897955,0.6783260879008085,-1.9429272952159318,2.162222527776631,-8.328966866793637,1.4666919484377194,0.01
0.30303030303030304,0.2857142857142857,0.7207185995324862,-1.2964401665979135,2.0447729167082596,-3.1810950179067654,1.4737058728919339,0.01
0.30303030303030304,0.3061224489795918,0.7617862069501252,-1.7035992949472671,1.9334784469046948,-7.725763022842591,1.4728972122873465,0.01
0.30303030303030304,0.32653061224489793,0.7996360871612492,-1.1818664309424614,1.8192933776827986,-3.46437376090325,1.4547726379286459,0.01
0.30303030303030304,0.3469387755102041,0.8360430795086068,-2.0932523455765812,1.5754964846013244,-20.42772176108123,1.3171829327410756,0.01
0.30303030303030304,0.36734693877551017,0.8639420661245686,-0.9870148898068546,1.3844050740270974,1.7007635248069948,1.1960457800083069,0.01
0.30303030303030304,0.3877551020408163,0.8925494090607332,-1.1113114334760381,1.304106448570487,-9.570028819554825,1.1639794400238797,0.01
0.30303030303030304,0.4081632653061224,0.9171709007600987,-1.2133116324261692,1.0315116772406285,-17.144258770771312,0.9460724941593475,0.01
0.30303030303030304,0.42857142857142855,0.9346519264991262,-0.9957661356100226,0.8859694009700472,2.8811156962543483,0.8280730074359314,0.01
0.30303030303030304,0.44897959183673464,0.953332917126223,-1.0097501818795478,0.6702607252486698,-24.020565916949334,0.6389816124364522,0.01
0.30303030303030304,0.4693877551020408,0.9620095071215209,-0.33441362227960075,0.42409953565622033,-0.10323066311072007,0.4079877852671064,0.01
0.30303030303030304,0.4897959183673469,0.9706431022550484,-0.35977482330126714,0.18177098521942583,-23.64496727969514,0.17643475299334002,0.01
0.30303030303030304,0.5102040816326531,0.9694287310080281,-0.19901613382426128,-0.28932153862236254,-22.522100056800124,-0.2804766120399671,0.01
0.30303030303030304,0.5306122448979591,0.9588340598622989,0.09794131331314836,-0.9880334086456829,-45.95166320548528,-0.9473600844913259,0.01
0.30303030303030304,0.5510204081632653,0.929100836777592,0.49755925471473267,-2.1227329037184393,-65.24888731164488,-1.9722329171001296,0.01
0.30303030303030304,0.5714285714285714,0.8721919005268524,1.5185365547487117,-3.8324821112343366,-102.30653502491305,-3.3426598563326397,0.01
0.30303030303030304,0.5918367346938775,0.7726729955027212,2.4122839506454787,-6.281677607854947,-137.71462364390683,-4.8536826540436495,0.01
0.30303030303030304,0.6122448979591836,0.6157968961246096,4.143604885883035,-8.589918243733393,-88.49295867218099,-5.289644992455182,0.01
0.30303030303030304,0.6326530612244897,0.4220640875952357,4.0414175268629995,-9.23570200178955,25.206150382677666,-3.8980581386867983,0.01
0.30303030303030304,0.6530612244897959,0.2388294674801382,3.4738608523899908,-7.585994934952075,136.46514216739504,-1.8117591306216296,0.01
0.30303030303030304,0.673469387755102,0.11243164127066123,2.281476500507093,-4.731318751830009,143.2931237785676,-0.5319499326429042,0.01
0.30303030303030304,0.6938775510204082,0.04571441638503581,1.2712547001197463,-2.298553501154684,95.11787078761427,-0.10507703183506711,0.01
0.30303030303030304,0.7142857142857142,0.018613131019449638,0.2768357784074177,-0.9585368950640427,36.20375660926864,-0.017841372814803476,0.01
0.30303030303030304,0.7346938775510203,0.006590461484462645,0.28096214705808553,-0.37559067060760043,20.924973387462703,-0.0024753158485628867,0.01
0.30303030303030304,0.7551020408163265,0.0032828995660781914,0.07279977597847198,-0.13398051425886576,2.752821934713304,-0.00043984457212336333,0.01
0.30303030303030304,0.7755102040816326,0.001121869065733431,0.04134164218403705,-0.062325167680973154,4.2694020299201725,-6.992067763793278e-05,0.01
0.30303030303030304,0.7959183673469387,0.0007390151709364306,-0.3841931317513623,0.011793871740701234,2.9942638334039176,8.71585014045666e-06,0.01
0.30303030303030304,0.8163265306122448,0.0016032515857620528,-0.08738869029413808,-0.0032570956779355647,-4.469258640430324,-5.221943810628922e-06,0.01
0.30303030303030304,0.836734693877551,0.0006060724902043667,-0.1994346857958123,-0.01944386109300468,2.8829556297535506,-1.1784389311825146e-05,0.01
0.30303030303030304,0.8571428571428571,0.0008096246023741068,-0.008843737698798261,-0.01227559359944852,-2.180465415385047,-9.938622586859637e-06,0.01
0.30303030303030304,0.8775510204081632,0.00010502785349218224,-0.17169050019924267,-0.024338424790419984,0.9983079586698433,-2.5562125131187262e-06,0.01
0.30303030303030304,0.8979591836734693,-0.0001837804911124232,-0.2945874900895127,-0.01951416092785978,-0.525530100138943,3.5863220789689304e-06,0.01
0.30303030303030304,0.9183673469387754,-0.0006914685109102577,-0.0916432863165778,-0.02968040970840903,-0.4707622803548838,2.0523068704279946e-05,0.01
0.30303030303030304,0.9387755102040816,-0.0013952257853331999,0.27052457696584586,0.004768103868452788,3.8467166108873423,-6.6525814644123095e-06,0.01
0.30303030303030304,0.9591836734693877,-0.0004968520264836133,-0.13706790683693548,-0.011371341285622552,-5.428382235986726,5.6498739615983405e-06,0.01
0.30303030303030304,0.9795918367346939,-0.001859362164338202,0.08649936032245584,-0.007737091488201894,5.784538716133951,1.4386055175185753e-05,0.01
0.30303030303030304,1.0,-0.0008126516790632823,-0.03777271159607861,0.05128881377847106,0.0,-4.1679940634238515e-05,0.01
0.3080808080808081,0.0,-0.001924210250720955,0.16665605097780797,2.800702183899508,0.0,-0.0053891398514759985,0.01
0.3080808080808081,0.02040816326530612,0.055232977175799614,-0.32501885984390155,2.710175840103793,-8.871581691980055,0.14969108031885636,0.01
0.3080808080808081,0.04081632653061224,0.10869521179433182,-0.044265097255928025,2.6888305723945596,6.779745456475172,0.29226300854550114,0.01
0.3080808080808081,0.061224489795918366,0.16498116380414898,-0.4692651162331333,2.7021705789611743,-5.472424812946933,0.4458072469143456,0.01
0.3080808080808081,0.08163265306122448,0.21898788848662465,-0.8320615868055857,2.640521151593096,-0.5692190691247435,0.5782421514916426,0.01
0.3080808080808081,0.1020408163265306,0.27275753733856106,-0.8093306357451417,2.5809907425787117,-5.2647610142849155,0.7039846788393934,0.01
0.3080808080808081,0.12244897959183673,0.3243344494082047,-0.6938006958296766,2.612866246781015,8.388560426110633,0.8474425355270029,0.01
0.3080808080808081,0.14285714285714285,0.37940513924799024,-0.7000865712478878,2.5808368465791376,-11.527441645894616,0.9791827631527017,0.01
0.3080808080808081,0.16326530612244897,0.4296747288604144,-1.0197843122018306,2.491800460013078,2.8018757624207575,1.0706636870303752,0.01
0.3080808080808081,0.18367346938775508,0.4811112804730138,-1.3101715846916548,2.478181520588121,-4.136531826066583,1.1922810846147112,0.01
0.3080808080808081,0.2040816326530612,0.5308249950068683,-1.5809022553584269,2.4006937218286932,-3.4572724523573046,1.2743482329027362,0.01
0.3080808080808081,0.22448979591836732,0.5790987793231646,-1.2439576040997058,2.3266293545538677,-3.8010355405756058,1.347348219159587,0.01
0.3080808080808081,0.24489795918367346,0.6257894584580466,-1.7394650700193348,2.1906563392795984,-9.524319956302772,1.3708896442254666,0.01
0.3080808080808081,0.26530612244897955,0.6685133237835563,-1.417824742070446,2.1653458549013016,7.043892487229691,1.4475625546010153,0.01
0.3080808080808081,0.2857142857142857,0.7141709219234058,-1.9015432323620172,2.074386734923322,-15.957886245071723,1.4814666869058724,0.01
0.3080808080808081,0.3061224489795918,0.7531821701069572,-1.3130175836302982,1.9476555000539806,3.5382252278762896,1.466939396151408,0.01
0.3080808080808081,0.32653061224489793,0.793667064782752,-1.8596584710081214,1.7710787325291713,-20.842748445307603,1.405646859145584,0.01
0.3080808080808081,0.3469387755102041,0.8254710979652907,-1.7342146850865607,1.599606902570124,4.038509109320974,1.3204292661774182,0.01
0.3080808080808081,0.36734693877551017,0.8589571424386754,-1.4812869457464657,1.5059078636557,-13.221014922934538,1.2935103153416303,0.01
0.3080808080808081,0.3877551020408163,0.8869367250532785,-1.250733466501662,1.2761050839534505,-9.299657487885913,1.1318244639855124,0.01
0.3080808080808081,0.4081632653061224,0.9110430642326938,-1.2057160571128964,1.0458089489462719,-13.269363742817612,0.9527769894499843,0.01
0.3080808080808081,0.42857142857142855,0.9296228046021059,-0.6587046387473768,0.9111575602548564,0.07352765105890503,0.8470328465985318,0.01
0.3080808080808081,0.44897959183673464,0.948233168732892,-0.9961539205377395,0.7520947483627877,-15.661683216481643,0.7131611864274132,0.01
0.3080808080808081,0.4693877551020408,0.9603205494332401,-0.4824371485491496,0.5045257795207045,-8.600075730042509,0.48450647379255674,0.01
0.3080808080808081,0.4897959183673469,0.9688260576929207,-1.18320715791801,0.19852471485152592,-21.388028607537,0.19233591684421508,0.01
0.3080808080808081,0.5102040816326531,0.9684235990190166,-0.32178828116779323,-0.2326849459604778,-20.87051815203937,-0.2253375928045913,0.01
0.3080808080808081,0.5306122448979591,0.95932871295984,-0.32820476157036976,-0.9018409994577771,-44.70677509069597,-0.865161965304245,0.01
0.3080808080808081,0.5510204081632653,0.9316137623064543,0.6553084080800046,-1.9469521793993925,-57.71412054358235,-1.8138074448810189,0.01
0.3080808080808081,0.5714285714285714,0.8798612770659873,1.164187945739791,-3.5955591059297745,-103.8493582563951,-3.1635932267096107,0.01
0.3080808080808081,0.5918367346938775,0.7848562477787084,2.1715594553507778,-5.956858546679236,-127.5579869370521,-4.675277647495196,0.01
0.3080808080808081,0.6122448979591836,0.6367241935280593,3.3759374516264256,-8.388333533544863,-110.72656177577937,-5.341054904190729,0.01
0.3080808080808081,0.6326530612244897,0.44247528722585694,4.680751803027189,-9.318574369570255,19.562959845290916,-4.123238870711107,0.01
0.3080808080808081,0.6530612244897959,0.2563742192598856,3.7592897877430844,-7.803765415486014,128.88831765496494,-2.0006842656825237,0.01
0.3080808080808081,0.673469387755102,0.12395424985908089,1.9580402519252416,-5.0038634524897105,145.50207471867276,-0.6202501406506328,0.01
0.3080808080808081,0.6938775510204082,0.05213489466846887,1.4432699660457837,-2.5466024793942905,95.30950064467848,-0.132766852025683,0.01
0.3080808080808081,0.7142857142857142,0.020011291516456798,0.5845129702409713,-1.0810730948115714,48.312379044428006,-0.021633668850872496,0.01
0.3080808080808081,0.7346938775510203,0.008009462227180249,0.024918527025669813,-0.4008375496960306,18.350704376895,-0.003210493213525843,0.01
0.3080808080808081,0.7551020408163265,0.0036505752023331004,-0.28150591109826106,-0.16363052622560406,4.895583923206809,-0.0005973455413839062,0.01
0.3080808080808081,0.7755102040816326,0.0013306652383800828,-0.367865612281473,-0.11887226990006881,-0.5092748033043525,-0.0001581791973633566,0.01
0.3080808080808081,0.7959183673469387,-0.0012013541813431774,0.6204383872826573,-0.004134881520487105,11.753538864503362,4.967457203995819e-06,0.01
0.3080808080808081,0.8163265306122448,0.0011618945640744867,-0.14201170314417585,0.0196044292004027,-9.427086413856161,2.2778279719731035e-05,0.01
0.3080808080808081,0.836734693877551,-0.0004011733976532713,0.42723887084474893,-0.009724914938530812,6.552810688240677,3.9013771677794595e-06,0.01
0.3080808080808081,0.8571428571428571,0.0007649592604609842,-0.36927627855129735,-0.008842600937246722,-6.466343916114836,-6.764229473507858e-06,0.01
0.3080808080808081,0.8775510204081632,-0.0007620958848878314,0.13313101199661032,-0.059695606273109394,1.4827493932002922,4.549377588662088e-05,0.01
0.3080808080808081,0.8979591836734693,-0.0016715960976251135,0.15462804918266096,-0.009609328907024981,3.425705788675982,1.6062916701779155e-05,0.01
0.3080808080808081,0.9183673469387754,-0.0011543133912970142,0.5317837859817692,0.04024507333631969,1.460025631171797,-4.645542708584422e-05,0.01
0.3080808080808081,0.9387755102040816,-2.8940043081452882e-05,-0.03333411837166681,-0.0008526193777530892,-5.4875995171509295,2.467484152425595e-08,0.01
0.3080808080808081,0.9591836734693877,-0.0011891141822257117,0.18426976776877949,-0.03414213829452688,2.225226663307098,4.059890085753349e-05,0.01
0.3080808080808081,0.9795918367346939,-0.0014224967081641825,0.21356198533736645,0.00454943519564151,1.566547538729405,-6.471556589806322e-06,0.01
0.3080808080808081,1.0,-0.001003422949750548,0.14538411028713047,0.02053461416226809,0.0,-2.0604903114692426e-05,0.01
0.31313131313131315,0.0,-0.0010825130235603087,0.2865253329531164,2.6790250595042364,0.0,-0.0029000795173577667,0.01
0.31313131313131315,0.02040816326530612,0.053591467782648596,-0.20931539229215784,2.6840770111556798,0.49509126184140867,0.14384362666949735,0.01
0.31313131313131315,0.04081632653061224,0.10847165069707966,-0.24747693824011194,2.6709819194575086,-1.7784102482621753,0.28972581778561024,0.01
0.31313131313131315,0.061224489795918366,0.1626111379645877,-0.4322374707488624,2.6046907103047774,-4.71812824870546,0.4235517204484501,0.01
0.31313131313131315,0.08163265306122448,0.2147855572401318,-0.8183809965556711,2.5984423373100447,4.105787695221642,0.5581078853754885,0.01
0.31313131313131315,0.1020408163265306,0.26867000887520176,-0.6857712679081266,2.5980987821186603,-4.1394561039773095,0.6980312228504714,0.01
0.31313131313131315,0.12244897959183673,0.320830405489873,-0.49035913682339277,2.6263838204183014,6.911389857342164,0.8426237860768455,0.01
0.31313131313131315,0.14285714285714285,0.375869348484112,-1.7602825131893975,2.540500490007836,-15.327956237567808,0.9548962640028126,0.01
0.31313131313131315,0.16326530612244897,0.42452430304121325,-1.1210277939742188,2.416310142693016,3.157302200715449,1.025782379258167,0.01
0.31313131313131315,0.18367346938775508,0.4744942522675004,-0.9903362226709405,2.4087502599450064,-3.8981707100203806,1.142938153491753,0.01
0.31313131313131315,0.2040816326530612,0.5228406401818257,-1.6482755792226724,2.4088868658918385,3.911558092809918,1.2594639510884806,0.01
0.31313131313131315,0.22448979591836732,0.5728161651610448,-1.923403925894496,2.307009208295321,-13.895568537268636,1.3214921676869438,0.01
0.31313131313131315,0.24489795918367346,0.6170042813367368,-0.9771706323520034,2.1691424762478655,0.38462879661799687,1.3383701946743038,0.01
0.31313131313131315,0.26530612244897955,0.6613525927629985,-0.8336484361855857,2.1452907287528387,-2.7221000511306377,1.4187935856911125,0.01
0.31313131313131315,0.2857142857142857,0.7045671682246077,-1.196841636937055,2.0873552974575826,-2.955572215804448,1.4706820110083227,0.01
0.31313131313131315,0.3061224489795918,0.7465507681694304,-1.7053328117101714,1.9528382104235282,-10.227102313532859,1.457892866102301,0.01
0.31313131313131315,0.32653061224489793,0.7842748502827109,-1.8965565505863198,1.7189609093691793,-12.692873189793355,1.3481378098373458,0.01
0.31313131313131315,0.3469387755102041,0.816712437939601,-1.4129562473881105,1.6464256014030059,5.584413009108353,1.3446562668080226,0.01
0.31313131313131315,0.36734693877551017,0.8514758952379357,-1.3464609131608467,1.5657325598947405,-13.492331076918347,1.333183533139559,0.01
0.31313131313131315,0.3877551020408163,0.8806198893638761,-1.4844503556989967,1.3102035019914426,-11.54951659760484,1.1537912629678673,0.01
0.31313131313131315,0.4081632653061224,0.90495358919677,-1.2147502758996636,1.119065041269403,-7.182052553155056,1.0127019256413778,0.01
0.31313131313131315,0.42857142857142855,0.9262960134973212,-1.2231358071023324,0.9370882286694592,-10.651675081639446,0.8680210905117861,0.01
0.31313131313131315,0.44897959183673464,0.9432020883261357,-0.8311732979558079,0.7739056246751946,-5.340220109798482,0.7299494013609862,0.01
0.31313131313131315,0.4693877551020408,0.9578839981779413,-0.8460139952049496,0.48138030317819636,-23.32726139690735,0.4611064894524403,0.01
0.31313131313131315,0.4897959183673469,0.9628502639660621,-0.002529270879992218,0.2184029837951786,-2.4445159026283916,0.2102893705981633,0.01
0.31313131313131315,0.5102040816326531,0.9667984056797854,-0.6095931635888197,-0.1268891948972597,-31.394117609230566,-0.12267627132466223,0.01
0.31313131313131315,0.5306122448979591,0.957671113153929,0.629855774108453,-0.7809376212427718,-32.70262817262962,-0.7478814010393466,0.01
0.31313131313131315,0.5510204081632653,0.9349234007311008,0.45344613649149385,-1.762287425212024,-63.46965261635711,-1.647603752644881,0.01
0.31313131313131315,0.5714285714285714,0.8857410141656832,1.42013874745153,-3.4079421834139465,-97.80451368743131,-3.0185541657550816,0.01
0.31313131313131315,0.5918367346938775,0.7958237197754295,2.101021105627009,-5.683182471455889,-125.16903454067912,-4.522811414596545,0.01
0.31313131313131315,0.6122448979591836,0.6537743826776877,3.615205241143022,-8.077852662241469,-109.50864415630765,-5.281093137618233,0.01
0.31313131313131315,0.6326530612244897,0.4661154478472064,3.9562546902829427,-9.271139358283094,-7.433452055771673,-4.321421274039985,0.01
0.31313131313131315,0.6530612244897959,0.27536053131919414,4.018212013364502,-8.14066659226378,118.21978312566443,-2.241618278138168,0.01
0.31313131313131315,0.673469387755102,0.1338433420405215,2.802344355392743,-5.2904416627502355,161.10225996666298,-0.7080903930129051,0.01
0.31313131313131315,0.6938775510204082,0.059424136921225355,0.4969875932295821,-2.716559137986536,91.13822746017964,-0.16142918217031785,0.01
0.31313131313131315,0.7142857142857142,0.022963377224744532,0.5127997647756501,-1.2565761769125452,51.94010272507151,-0.028855232762070096,0.01
0.31313131313131315,0.7346938775510203,0.00813531337377454,0.39932539128846073,-0.5079964516799256,21.4207103477252,-0.004132710327181711,0.01
0.31313131313131315,0.7551020408163265,0.002228828176584307,0.3163543566216924,-0.2122326040691647,7.564146718129366,-0.0004730300079392155,0.01
0.31313131313131315,0.7755102040816326,-0.0005272418943546295,0.3553883929566092,-0.007268051161015766,12.522379466869232,3.832021062400317e-06,0.01
0.31313131313131315,0.7959183673469387,0.0019321730271550921,-0.5048494657092495,0.023811688044481485,-9.4765650247305,4.600830137057851e-05,0.01
0.31313131313131315,0.8163265306122448,0.0004446637401140025,-0.13679889831212633,-0.0043015715709546504,6.721465582417758,-1.9127529031087604e-06,0.01
0.31313131313131315,0.836734693877551,0.0017565986773202084,-0.03562594491519703,-0.03784603664294736,-10.008823159473044,-6.648029790881348e-05,0.01
0.31313131313131315,0.8571428571428571,-0.001100072449394053,0.25477776428193377,-0.045234734986637624,9.284730721791398,4.976148571444131e-05,0.01
0.31313131313131315,0.8775510204081632,-8.971703642010254e-05,0.0595960640993331,0.005130939330334943,-4.348894638728086,-4.603326707689966e-07,0.01
0.31313131313131315,0.8979591836734693,-0.000890646354278341,-0.016220557151935072,0.03971891837901742,7.738516585498969,-3.537550985015086e-05,0.01
0.31313131313131315,0.9183673469387754,0.0015314633055806084,-0.31712987153316885,0.016987128361162968,-9.966232007248706,2.601516375230874e-05,0.01
0.31313131313131315,0.9387755102040816,-0.00019729417627168931,-0.5402674624599625,-0.04385309132835031,4.003890477676404,8.651959530594036e-06,0.01
0.31313131313131315,0.9591836734693877,-0.000258458789454098,-0.11463033702839139,-0.003591862835580839,-0.05829008538499568,9.283485203693875e-07,0.01
0.31313131313131315,0.9795918367346939,-0.0003439008226219276,-0.29932921652510197,-0.00026217393718879834,0.3845995974274157,9.016183266925732e-08,0.01
0.31313131313131315,1.0,-0.0002691597664822122,0.3317192148331385,0.003662311750846055,0.0,-9.85746975642786e-07,0.01
0.31818181818181823,0.0,0.000364584617617047,0.1568578507969569,2.5563170012364664,0.0,0.0009319938564037535,0.01
0.31818181818181823,0.02040816326530612,0.052534319336728606,0.040008806546127346,2.6180009725484368,6.045029188573055,0.13753489911572564,0.01
0.31818181818181823,0.04081632653061224,0.10722176717061445,-0.15347194315068982,2.643398126921199,-3.556108060042338,0.28342981850398313,0.01
0.31818181818181823,0.061224489795918366,0.16042812043555305,-0.4499131555301994,2.5340485414728016,-7.1601513139006014,0.40653264460093613,0.01
0.31818181818181823,0.08163265306122448,0.21065231988379002,-0.017630195810027782,2.5670707310958933,10.396325896963573,0.5407594048111268,0.01
0.31818181818181823,0.1020408163265306,0.2652065176231405,-0.774480168993419,2.6386873455703816,-3.3778976784637145,0.6997970820149693,0.01
0.31818181818181823,0.12244897959183673,0.3183538441927852,-1.4339528954869587,2.493426620875922,-10.857653341593315,0.7937919499684761,0.01
0.31818181818181823,0.14285714285714285,0.36697903276093324,-0.5105535175037057,2.4624632066735166,7.823238749757563,0.9036723657944332,0.01
0.31818181818181823,0.16326530612244897,0.4188625465059899,-1.0821745407892698,2.5115812746006028,-3.0096680929031034,1.0520073284359683,0.01
0.31818181818181823,0.18367346938775508,0.46949255417320274,-0.9427231134864734,2.343510003689516,-13.461316456383413,1.1002604973626426,0.01
0.31818181818181823,0.2040816326530612,0.5145160160443375,-0.49372298946963283,2.2934315187757925,8.553624934838508,1.180007248111035,0.01
0.31818181818181823,0.22448979591836732,0.5631020039191534,-1.1343446617362742,2.3900499719232573,0.914983473613049,1.3458419286569026,0.01
0.31818181818181823,0.24489795918367346,0.6120690761228378,-1.8768398327535765,2.3039859585603315,-9.349256783179763,1.410198557056013,0.01
0.31818181818181823,0.26530612244897955,0.6571422471256976,-1.2794009522358865,2.1181092155592336,-8.866664030927842,1.3918990495702432,0.01
0.31818181818181823,0.2857142857142857,0.6985225134926024,-1.4299871818180216,1.9794953621022675,-4.7174936078548315,1.382722075782625,0.01
0.31818181818181823,0.3061224489795918,0.7379379761910962,-1.8939543419169793,1.866257324643695,-6.379834063085278,1.377182153199378,0.01
0.31818181818181823,0.32653061224489793,0.7746962818454063,-0.89984104329256,1.7551388175807474,-4.509779629083591,1.3596995161023477,0.01
0.31818181818181823,0.3469387755102041,0.8095762952760247,-1.1714034184695536,1.7144929908824205,0.526488612647544,1.3880128838353012,0.01
0.31818181818181823,0.36734693877551017,0.8446755875957092,-1.7477502075352618,1.5568860666946562,-15.971967183048442,1.3150636532048812,0.01
0.31818181818181823,0.3877551020408163,0.8731226653451943,-1.4494542843545561,1.3265010303394174,-6.605766379764952,1.1581981151930987,0.01
0.31818181818181823,0.4081632653061224,0.8988184867932364,-1.0690186804657311,1.1513994172321216,-10.554191704750043,1.0348990818911898,0.01
0.31818181818181823,0.42857142857142855,0.9201185599260973,-0.7860131282559796,0.9845510365463503,-5.796949602455541,0.9059036819207742,0.01
0.31818181818181823,0.44897959183673464,0.939004243386965,-0.6559851216507003,0.8205696872584566,-10.27322262775805,0.7705184183304055,0.01
0.31818181818181823,0.4693877551020408,0.9536112002223608,-1.0096952760489197,0.583914538851719,-12.918981916102236,0.5568274442216741,0.01
0.31818181818181823,0.4897959183673469,0.9628374898707086,-0.7830077419549747,0.2476570765961644,-20.03424938494212,0.23845351797856876,0.01
0.31818181818181823,0.5102040816326531,0.9637196523283267,0.2961956016645422,-0.04863953023959856,-9.002818084962652,-0.046874871171919054,0.01
0.31818181818181823,0.5306122448979591,0.9608522029221536,-0.49708881516539466,-0.6493999300712178,-49.87170109853604,-0.623977353386422,0.01
0.31818181818181823,0.5510204081632653,0.9372135327335831,0.4777863282036256,-1.6644998855811888,-49.60809454144111,-1.5599918180001908,0.01
0.31818181818181823,0.5714285714285714,0.892913432082105,1.0855187063326799,-3.204075583697683,-101.27032387397536,-2.860962126089972,0.01
0.31818181818181823,0.5918367346938775,0.8064349374806165,2.0095591630871263,-5.411570708347599,-115.06419834171638,-4.364079685858231,0.01
0.31818181818181823,0.6122448979591836,0.6720329950066929,3.1525863930006004,-7.848290930806769,-123.7343834592824,-5.274310459913939,0.01
0.31818181818181823,0.6326530612244897,0.4860965321415647,4.596742674881175,-9.221272358690031,-10.817796473277356,-4.48242851549209,0.01
0.31818181818181823,0.6530612244897959,0.2956545313866916,3.550500881936554,-8.283448426631507,102.72454181501277,-2.449039062841566,0.01
0.31818181818181823,0.673469387755102,0.14799659636068688,2.1977230668439525,-5.726148724837637,147.89082896078637,-0.8474505215310577,0.01
0.31818181818181823,0.6938775510204082,0.06193417527086971,1.513260174379251,-2.9998613726841055,119.28533155025974,-0.1857939400441292,0.01
0.31818181818181823,0.7142857142857142,0.025553275026641755,0.11373621579408241,-1.2686606412941484,50.3723401259561,-0.032418434282465075,0.01
0.31818181818181823,0.7346938775510203,0.010152108279271817,0.10239471626804547,-0.5323040905676627,21.790601845239504,-0.005404008764942224,0.01
0.31818181818181823,0.7551020408163265,0.0038265774524514407,0.03584250305249043,-0.21766925285265137,9.043612250831618,-0.0008329282550579072,0.01
0.31818181818181823,0.7755102040816326,0.0012676489791635989,0.021140830959984105,-0.10888165543933942,1.6175722956729561,-0.00013802371936732133,0.01
0.31818181818181823,0.7959183673469387,-0.000617571749154249,-0.01842382688463667,-0.03709027476402368,5.417983010507986,2.2905905862629803e-05,0.01
0.31818181818181823,0.8163265306122448,-0.00024623978671491846,-0.20060294628730105,0.05375891458790539,3.485237545981063,-1.323758366215134e-05,0.01
0.31818181818181823,0.836734693877551,0.001576669662596991,-0.2459296970383712,0.010606631203287357,-7.714161317673631,1.6723153640577795e-05,0.01
0.31818181818181823,0.8571428571428571,0.00018668393586823896,0.09291859968489553,-0.033452213669183134,3.3963945201715218,-6.2449909112684104e-06,0.01
0.31818181818181823,0.8775510204081632,0.00021127318630380205,-0.29291916205953594,-0.028401681251128633,-2.90144234320218,-6.000513694310901e-06,0.01
0.31818181818181823,0.8979591836734693,-0.0009725683600961949,0.5246693285779223,-0.006896159514903282,5.008983473352265,6.706986550371256e-06,0.01
0.31818181818181823,0.9183673469387754,-7.020271226367884e-05,0.23797966128368472,-0.04785705941685054,-9.023151663743096,3.3596953720269402e-06,0.01
0.31818181818181823,0.9387755102040816,-0.0029259177240492777,0.5463835716961812,-0.01879633074568845,11.87110307351698,5.4996517275902206e-05,0.01
0.31818181818181823,0.9591836734693877,-0.0008373998855570849,-0.1227795433468256,0.026221202949288265,-7.459384771409262,-2.195763234890309e-05,0.01
0.31818181818181823,0.9795918367346939,-0.001855664542445675,0.22080015098833455,0.05496794737901061,10.276565725522051,-0.00010200207092224967,0.01
0.31818181818181823,1.0,0.0014061898033821236,-0.11300078005877603,0.15983086294556215,0.0,0.00022475252973981518,0.01
0.32323232323232326,0.0,0.0011567959852784456,-0.19871030735989786,2.527399813517827,0.0,0.0029236859574709143,0.01
0.32323232323232326,0.02040816326530612,0.0527363840162545,-0.20612515346160623,2.5796015788528943,5.11577300283661,0.13603885947132266,0.01
0.32323232323232326,0.04081632653061224,0.10644665634662107,-0.6407770739809276,2.5827764699976132,-4.804633670654179,0.27492791932197497,0.01
0.32323232323232326,0.061224489795918366,0.1581558317712591,-0.34151933350643526,2.550857242532631,1.6765493790859398,0.4034329489224887,0.01
0.32323232323232326,0.08163265306122448,0.21056327849081008,-0.6715487012588188,2.5269096612481716,-4.02341234496297,0.5320743827225173,0.01
0.32323232323232326,0.1020408163265306,0.26129500161812325,-0.08086613288617406,2.463435294347731,-2.197075611280211,0.6436833292227323,0.01
0.32323232323232326,0.12244897959183673,0.31111165785194195,-0.3829519096896821,2.5260842115905584,8.336669501077294,0.7858942469415543,0.01
0.32323232323232326,0.14285714285714285,0.36440047964222766,-0.8617083058648575,2.505991336421463,-10.305771267648653,0.9131844449712482,0.01
0.32323232323232326,0.16326530612244897,0.41339701852220573,-1.2820929806791275,2.4581057437845533,5.61298318923151,1.0161735856928433,0.01
0.32323232323232326,0.18367346938775508,0.46473132632731146,-1.458904173532066,2.4163234532214912,-9.707647664411592,1.122941203251413,0.01
0.32323232323232326,0.2040816326530612,0.5120224655924707,-1.4492515011151879,2.2697207716438728,-4.659415130195033,1.1621480257035408,0.01
0.32323232323232326,0.22448979591836732,0.5573729904760409,-1.1749706353458416,2.2189067261633753,-0.3203613268937053,1.2367586775490822,0.01
0.32323232323232326,0.24489795918367346,0.6025900870685268,-0.8721934141744335,2.286037074129824,6.899135427605683,1.3775432795417708,0.01
0.32323232323232326,0.26530612244897955,0.6506806261548093,-2.1710243806955023,2.1734015890335825,-17.937412967037346,1.4141903068382289,0.01
0.32323232323232326,0.2857142857142857,0.691300356008673,-2.000615682167925,1.9034521396417283,-8.51763307336438,1.315857141779797,0.01
0.32323232323232326,0.3061224489795918,0.7283725502218186,-1.046669121337104,1.9318562155218455,11.301232509615879,1.4071110383615177,0.01
0.32323232323232326,0.32653061224489793,0.7701516301116055,-1.7871990867112029,1.844545371239646,-19.857695249271437,1.42057962447503,0.01
0.32323232323232326,0.3469387755102041,0.8036601163948653,-1.251657321330818,1.609574937731177,-3.169407234558539,1.2935511818032959,0.01
0.32323232323232326,0.36734693877551017,0.8358485663455311,-1.2480056397379151,1.5224807827846432,-5.365819950201773,1.2725633795791658,0.01
0.32323232323232326,0.3877551020408163,0.8658021891615855,-1.3750647848826394,1.4104854869717585,-5.609719039460935,1.2212014224007934,0.01
0.32323232323232326,0.4081632653061224,0.89341940254846,-1.3195616834651827,1.2334918835170465,-11.735654099100833,1.1020255816201743,0.01
0.32323232323232326,0.42857142857142855,0.9161487966520772,-1.3391238651238166,1.0356587243795234,-7.65199549637644,0.9488174940825257,0.01
0.32323232323232326,0.44897959183673464,0.9356911872170119,-1.4427443785947558,0.7928918457386231,-16.13915861043179,0.7419019124738602,0.01
0.32323232323232326,0.4693877551020408,0.9485117291312046,-0.36541792052342287,0.5681970934100284,-5.880927117770486,0.5389416075576706,0.01
0.32323232323232326,0.4897959183673469,0.9588829053153805,-0.7371642657620446,0.4092445841920221,-9.696418785594146,0.39241763587463097,0.01
0.32323232323232326,0.5102040816326531,0.9652155897104708,-0.8860190635560047,-0.01326067313684748,-31.709096432635075,-0.01279940844174004,0.01
0.32323232323232326,0.5306122448979591,0.9583416533506112,-0.1634666141577212,-0.62693037047421,-28.43053390642646,-0.6008134877759655,0.01
0.32323232323232326,0.5510204081632653,0.9396265949972378,0.22329335124299507,-1.4686721872140027,-54.06016413407323,-1.3800034464390392,0.01
0.32323232323232326,0.5714285714285714,0.898395849790856,0.7268237742541505,-3.0145380359469467,-97.43468904175532,-2.708248460531415,0.01
0.32323232323232326,0.5918367346938775,0.8165842261830767,1.9421705404393987,-5.155797181461922,-112.40870721871221,-4.210142651780971,0.01
0.32323232323232326,0.6122448979591836,0.6879551485066959,3.3995188588192806,-7.528159637680738,-120.08281349073185,-5.179036181522767,0.01
0.32323232323232326,0.6326530612244897,0.5093124042369241,4.06322494354384,-9.172035464857048,-41.017017572546514,-4.6714314343526775,0.01
0.32323232323232326,0.6530612244897959,0.3135863540227348,4.2892465703390235,-8.580296812474497,99.00740550603655,-2.690663993856771,0.01
0.32323232323232326,0.673469387755102,0.1590962078093937,3.050310582415113,-5.978231539661647,155.99499122962274,-0.9511139673666811,0.01
0.32323232323232326,0.6938775510204082,0.06957690342430027,1.4442539636331642,-3.257728432536236,110.61431326866762,-0.22666265653317078,0.01
0.32323232323232326,0.7142857142857142,0.0261277003589351,1.423472108911229,-1.4432374277776057,67.20580519767822,-0.03770847505977352,0.01
0.32323232323232326,0.7346938775510203,0.010669253310928613,0.13534484549659334,-0.5419424540129608,21.12110223125701,-0.005782121321810559,0.01
0.32323232323232326,0.7551020408163265,0.004007600195140786,-0.10404360351840293,-0.22772339522662866,9.672365529803537,-0.0009126243231483594,0.01
0.32323232323232326,0.7755102040816326,0.0013744208526988721,0.25371199428763835,-0.11559642858812534,1.3160772007697905,-0.0001588781419490355,0.01
0.32323232323232326,0.7959183673469387,-0.0007106213798847372,0.111168120979069,-0.06452826740320795,3.688602595352114,4.585516642363894e-05,0.01
0.32323232323232326,0.8163265306122448,-0.0012593859800851257,0.10716504087216208,0.02560793570524631,5.144745309276405,-3.225027520610851e-05,0.01
0.32323232323232326,0.836734693877551,0.0003346004856355203,0.21272144546639948,0.04692621643722077,-3.055553797542907,1.5701534808931605e-05,0.01
0.32323232323232326,0.8571428571428571,0.0006559697928626609,-0.3030681649211256,-0.039266566664226246,-5.3913389463989025,-2.5757681601160357e-05,0.01
0.32323232323232326,0.8775510204081632,-0.0012681165210675915,0.38335053685828624,0.025022020051291352,11.691620444519627,-3.173083701752711e-05,0.01
0.32323232323232326,0.8979591836734693,0.0016772767337316955,-0.41175009929227796,0.058795866605848776,-8.381783482172999,9.861693909758251e-05,0.01
0.32323232323232326,0.9183673469387754,0.0011317147689670522,-0.1979662845143443,-0.045170196000702316,-1.806890653269009,-5.1119777931131286e-05,0.01
0.32323232323232326,0.9387755102040816,-0.00016640473568472537,0.045345640804620044,-0.0634357272782516,0.01686858806917929,1.055600543070578e-05,0.01
0.32323232323232326,0.9591836734693877,-0.0014574985893289314,0.5344444875834526,-0.014065634461531164,4.821400507969424,2.0500642385698075e-05,0.01
0.32323232323232326,0.9795918367346939,-0.0007405122647268136,0.5091171471020394,0.05617794586667331,2.062470364194615,-4.1600457921430594e-05,0.01
0.32323232323232326,1.0,0.0008354787929842648,0.010986685345003473,0.07722356182784285,0.0,6.451864822587189e-05,0.01
0.3282828282828283,0.0,0.00015320857436987035,0.023707832701305824,2.5255648263512422,0.0,0.00038693818652396297,0.01
0.3282828282828283,0.02040816326530612,0.05169534788766053,-0.06956418504298598,2.5249013981346358,-0.06501596522747781,0.13052565615861048,0.01
0.3282828282828283,0.04081632653061224,0.10321040849823254,-0.023386968436340246,2.5660231497395407,4.094947622508181,0.26484029750053933,0.01
0.3282828282828283,0.061224489795918366,0.15643098665253974,-0.6028742985816253,2.5470496421876394,-5.954351362594512,0.3984374885804107,0.01
0.3282828282828283,0.08163265306122448,0.2071716183834423,-0.499450029348113,2.5591622037491635,7.141382395623867,0.530185775456451,0.01
0.3282828282828283,0.1020408163265306,0.2608865868055668,-1.0882478331846768,2.4991455034055283,-13.023019029300128,0.6519935403139483,0.01
0.3282828282828283,0.12244897959183673,0.30917755729795365,-0.892281664354918,2.4294648518027917,6.194315172231975,0.7511360084216221,0.01
0.3282828282828283,0.14285714285714285,0.36004841749139505,-1.2298403196612009,2.3947339816778195,-9.597940444479288,0.8622201804159664,0.01
0.3282828282828283,0.16326530612244897,0.4069218014480687,-1.087294246935509,2.3842102955126006,8.566619200287857,0.9701871484810197,0.01
0.3282828282828283,0.18367346938775508,0.45736312343068486,-1.3311044235153822,2.395639696904908,-7.446537863841742,1.0956772543909679,0.01
0.3282828282828283,0.2040816326530612,0.5047030135666364,-1.0919842557817825,2.304853961974996,-1.4504641592895933,1.163266740439782,0.01
0.3282828282828283,0.22448979591836732,0.5514387953480316,-1.333725861700715,2.290310378335337,0.02519296260300919,1.262965996002333,0.01
0.3282828282828283,0.24489795918367346,0.5981850698252216,-1.6100585620984802,2.162787999578982,-12.522386080725822,1.2937474905453046,0.01
0.3282828282828283,0.26530612244897955,0.639715856555337,-1.7495029141063425,2.033773581125297,-0.12102692773532267,1.3010372084891846,0.01
0.3282828282828283,0.2857142857142857,0.6811962364017643,-1.253833791893238,2.04257690658254,0.9837528225451581,1.3913957013251843,0.01
0.3282828282828283,0.3061224489795918,0.7230863425382978,-1.4930167352931378,1.9582638245556319,-9.246434861182173,1.4159938266229908,0.01
0.3282828282828283,0.32653061224489793,0.7611253720979125,-1.2467253191446368,1.8191806697252724,-4.3837143121930655,1.3846245641579777,0.01
0.3282828282828283,0.3469387755102041,0.7973386147719824,-1.4228003463116916,1.6762933187960536,-9.619246078870383,1.3365733927603745,0.01
0.3282828282828283,0.36734693877551017,0.8295455075589759,-1.5159789017449143,1.5072106673451502,-6.950853763318153,1.2502998380411354,0.01
0.3282828282828283,0.3877551020408163,0.858857417520764,-1.1726596691705506,1.4016313300459096,-3.3959212920074138,1.2038014644394235,0.01
0.3282828282828283,0.4081632653061224,0.8867549496016661,-1.504681662489725,1.2379391185377089,-12.645915435796256,1.097748640668837,0.01
0.3282828282828283,0.42857142857142855,0.9093855448080175,-1.2044329681442671,1.0204164211942983,-8.671308903857978,0.9279519431188245,0.01
0.3282828282828283,0.44897959183673464,0.9284045994463314,-0.3857145938451451,0.9133756621159446,-1.8186854858206971,0.8479821657307812,0.01
0.3282828282828283,0.4693877551020408,0.946666184078056,-0.860698714903216,0.655503723533268,-23.45276449528161,0.6205432086061958,0.01
0.3282828282828283,0.4897959183673469,0.9551598534680974,-0.2733256969757232,0.3448267659884955,-6.9935773441061,0.32936468327344925,0.01
0.3282828282828283,0.5102040816326531,0.9607407459551375,-0.3443336485975516,0.05772716759197034,-21.14218329875337,0.05546084205418682,0.01
0.3282828282828283,0.5306122448979591,0.9575160643902186,0.09289553649193193,-0.4896669656127176,-32.50244175530605,-0.4688639857753899,0.01
0.3282828282828283,0.5510204081632653,0.9407543391954347,0.5422914444958924,-1.3585099926882913,-52.644174898100175,-1.2780241704618684,0.01
0.3282828282828283,0.5714285714285714,0.9020666769335537,0.7977345875134813,-2.801848686778705,-88.80301712276038,-2.527454334153108,0.01
0.3282828282828283,0.5918367346938775,0.826393168306508,1.7087168968153257,-4.825084910897044,-109.47413284083689,-3.987417206864133,0.01
0.3282828282828283,0.6122448979591836,0.7051244356724499,2.940175727173814,-7.265705936286501,-129.70672764732998,-5.123226798085988,0.01
0.3282828282828283,0.6326530612244897,0.5298337423356304,4.187493632644822,-9.061942894492232,-46.32449425683139,-4.801323116620594,0.01
0.3282828282828283,0.6530612244897959,0.33524921548909353,3.70064946283418,-8.705632175341435,81.24294473360955,-2.9185563571198267,0.01
0.3282828282828283,0.673469387755102,0.17450181681149024,2.853951047971291,-6.330263453117675,151.5431900443189,-1.1046424734644122,0.01
0.3282828282828283,0.6938775510204082,0.0768711153618415,1.8145640611608147,-3.4590291527425245,129.83777139244586,-0.2658994290404435,0.01
0.3282828282828283,0.7142857142857142,0.03331695343424434,0.5311799593909986,-1.605198404516727,51.837641933682384,-0.053480320496007094,0.01
0.3282828282828283,0.7346938775510203,0.011352813136668983,0.7016628840733616,-0.7309532366115767,33.838384521022334,-0.00829837550689462,0.01
0.3282828282828283,0.7551020408163265,0.0034821274500983473,0.20093682967851442,-0.21307695509844377,16.913491067264708,-0.000741961114331664,0.01
0.3282828282828283,0.7755102040816326,0.002655794561222298,-0.1876140365193665,-0.08896669500131693,-4.750685577746272,-0.00023627726471442054,0.01
0.3282828282828283,0.7959183673469387,-0.00014916622342479272,0.004182284999406224,-0.08266160254805224,5.3685846381662135,1.2330319074334176e-05,0.01
0.3282828282828283,0.8163265306122448,-0.0007181483999226909,0.3556661643919517,0.03817387737160791,6.4732923939604845,-2.7414508953265243e-05,0.01
0.3282828282828283,0.836734693877551,0.0014089512203143057,-0.08687199102209406,-0.0038349630675042204,-10.590158756993475,-5.403275893820364e-06,0.01
0.3282828282828283,0.8571428571428571,-0.0008746775047187816,0.08018029155286886,-0.01815337101219985,9.186954778413302,1.5878345259185228e-05,0.01
0.3282828282828283,0.8775510204081632,0.0006679973014490058,-0.09376115936349463,0.011574002919507345,-6.273672133105996,7.73140271719382e-06,0.01
0.3282828282828283,0.8979591836734693,-0.00040226922228991035,0.05567069675574835,-0.01313475018015855,3.852214329338738,5.28370573994464e-06,0.01
0.3282828282828283,0.9183673469387754,0.0001318850491976364,-0.21509005110720958,0.011389630425429008,-1.4488250299911571,1.5021219690006011e-06,0.01
0.3282828282828283,0.9387755102040816,6.26136522173961e-05,-0.2253893721228743,0.027190858158091975,2.997345347792128,1.7025189362033185e-06,0.01
0.3282828282828283,0.9591836734693877,0.0012417159944258802,-0.10053598853655701,0.0433202337419374,-1.4166665405752759,5.3791427119631364e-05,0.01
0.3282828282828283,0.9795918367346939,0.0018307864580107594,-0.5064498939787487,-0.008593347844649955,-3.6708644549102862,-1.5732584862961085e-05,0.01
0.3282828282828283,1.0,0.0008909671028075147,-0.10270025467562693,-0.04605114840495899,0.0,-4.103005827532521e-05,0.01
0.33333333333333337,0.0,0.0002729451031643442,0.08817167430355316,2.502482357313514,0.0,0.0006830403051838884,0.01
0.33333333333333337,0.02040816326530612,0.05134401361976666,-0.17489461344023896,2.5190740111251793,1.6259820735432347,0.12933937033641144,0.01
0.33333333333333337,0.04081632653061224,0.1030922924960288,-0.6216043618952699,2.500032756902689,-3.4920249873473046,0.2577341082242653,0.01
0.33333333333333337,0.061224489795918366,0.15338616696273355,-0.271192513676501,2.4881428492970414,2.3268140419938357,0.3816466945094076,0.01
0.33333333333333337,0.08163265306122448,0.20464914348774477,-0.32641427690000974,2.4991033572957555,-1.2526842581198352,0.5114393615579238,0.01
0.33333333333333337,0.1020408163265306,0.2553903856278664,-0.6113637779057266,2.4505375485688274,-3.506764997119113,0.6258437295245592,0.01
0.33333333333333337,0.12244897959183673,0.3046710842456561,-0.7271036240781756,2.411944569385242,-0.2753469628722484,0.7348497670950238,0.01
0.33333333333333337,0.14285714285714285,0.3538371027456314,-0.6446300485204411,2.3706036368635544,-3.7760644242531707,0.838807522626057,0.01
0.33333333333333337,0.16326530612244897,0.40143041636253585,-0.7470506877005704,2.3716801412478157,3.881561853910775,0.9520645465798685,0.01
0.33333333333333337,0.18367346938775508,0.4506403738169708,-0.4433137216521879,2.395059367527465,-1.5903976785051315,1.0793104486964147,0.01
0.33333333333333337,0.2040816326530612,0.4991879415677385,-1.4679441591491174,2.3045295920985285,-7.281520313530659,1.1503933833616045,0.01
0.33333333333333337,0.22448979591836732,0.544702806147523,-1.445874417001588,2.2262052242708976,-0.39426773357717515,1.2126202327206337,0.01
0.33333333333333337,0.24489795918367346,0.5900534609257343,-1.448757187920685,2.1113408390540434,-10.862442017674525,1.245803969277682,0.01
0.33333333333333337,0.26530612244897955,0.6308799832517696,-0.6460374654069223,2.0778518986506933,7.580525858146203,1.3108751710204072,0.01
0.33333333333333337,0.2857142857142857,0.6748637425033136,-1.6043750857152856,2.0743138327488206,-7.927256316529713,1.3998791962952617,0.01
0.33333333333333337,0.3061224489795918,0.7155458539762113,-1.2163700025838742,1.9591434083048276,-3.359445278981609,1.401856943157343,0.01
0.33333333333333337,0.32653061224489793,0.75482877957698,-1.6512910676903345,1.8278690612911583,-9.50544072835797,1.3797281727609252,0.01
0.33333333333333337,0.3469387755102041,0.7901527544370749,-1.397856660155238,1.642976587615716,-8.614021691835376,1.2982024761801843,0.01
0.33333333333333337,0.36734693877551017,0.8218890484592541,-1.3757504814342203,1.5381624177994833,-1.6577669501554475,1.264198845941003,0.01
0.33333333333333337,0.3877551020408163,0.8529348939390946,-1.4876456438331462,1.4030292207618296,-11.585286359534617,1.1966925796039416,0.01
0.33333333333333337,0.4081632653061224,0.8791555472658594,-0.919544047388689,1.2340075739677288,-4.978835026287249,1.084884604021814,0.01
0.33333333333333337,0.42857142857142855,0.9033025500194101,-0.9682940469879052,1.1588744675669864,-2.3842094009855175,1.046814261705645,0.01
0.33333333333333337,0.44897959183673464,0.926456545942063,-1.4887803298085733,0.9559084358755696,-17.50646170477333,0.8856076277381602,0.01
0.33333333333333337,0.4693877551020408,0.9423192208714741,-1.3746692401900098,0.6694104304691308,-10.570342825057672,0.6307983152829095,0.01
0.33333333333333337,0.4897959183673469,0.9537794206550887,-0.9564871128591287,0.4087204231828833,-14.97727788899459,0.3898291284332731,0.01
0.33333333333333337,0.5102040816326531,0.9590016871238367,-0.37586155067085997,0.10304242122811959,-14.979166302572256,0.09881785580309173,0.01
0.33333333333333337,0.5306122448979591,0.9579852337664405,-0.32861342102261365,-0.37995830510368034,-32.354904877944136,-0.3639944457362497,0.01
0.33333333333333337,0.5510204081632653,0.9434931848747069,0.21271378781285996,-1.271295059607342,-54.996097063414716,-1.1994582247044114,0.01
0.33333333333333337,0.5714285714285714,0.9060956394967531,0.9240336854621897,-2.65751826464827,-80.85377703059625,-2.4079657114807755,0.01
0.33333333333333337,0.5918367346938775,0.8350230516237571,2.231724401720752,-4.559984870888568,-105.58795038095303,-3.8076924822475364,0.01
0.33333333333333337,0.6122448979591836,0.7199738080319136,2.845941819528123,-6.95898861291366,-129.51441633750593,-5.010289531690172,0.01
0.33333333333333337,0.6326530612244897,0.5509827000762608,3.4673054395681686,-8.967843871645368,-67.35339901820143,-4.9411268302615134,0.01
0.33333333333333337,0.6530612244897959,0.35393936429128636,3.8772067230346035,-8.870641232535888,76.87925765093046,-3.139669118699825,0.01
0.33333333333333337,0.673469387755102,0.18891571099316343,2.982617969099408,-6.563642707365137,149.20659781580298,-1.239975228766977,0.01
0.33333333333333337,0.6938775510204082,0.08603558031719916,1.468019027224775,-3.7464427470365504,126.87899829639846,-0.3223273758664514,0.01
0.33333333333333337,0.7142857142857142,0.035999680501875644,0.9415056714050538,-1.7429058733987601,69.46761532010503,-0.06274405458719788,0.01
0.33333333333333337,0.7346938775510203,0.014896565076433436,0.06064672895418237,-0.7718166541770104,25.699128163626465,-0.011497417016022957,0.01
0.33333333333333337,0.7551020408163265,0.004496959923222158,0.38877275021505076,-0.323113745777847,18.273756859491556,-0.0014530295654051706,0.01
0.33333333333333337,0.7755102040816326,0.0017082489222355985,-0.0032141414494592808,-0.11331258563080256,2.286756834918808,-0.00019356610227954743,0.01
0.33333333333333337,0.7959183673469387,-0.00012804357191264007,-0.09137754976636323,-0.015437537283772958,7.304997903090094,1.976677415348845e-06,0.01
0.33333333333333337,0.8163265306122448,0.0010781453596326207,-0.21005095918504538,0.026907060389149542,-3.155227331143688,2.900972229991628e-05,0.01
0.33333333333333337,0.836734693877551,0.0009702037909097902,-0.14382108531090385,-0.037922861474360435,-3.1981050114802905,-3.679290396457133e-05,0.01
0.33333333333333337,0.8571428571428571,-0.0004697265372800499,0.020549533879951145,-0.019005818609999413,5.0519752121876715,8.927537363847754e-06,0.01
0.33333333333333337,0.8775510204081632,0.0001944560925424672,0.15626140844373398,0.008541250027944453,-2.3523624856691714,1.660898105862317e-06,0.01
0.33333333333333337,0.8979591836734693,-0.00012110408715986817,-0.04237855498642207,-0.028147668602991966,-1.2431515401625983,3.408797711843824e-06,0.01
0.33333333333333337,0.9183673469387754,-0.0009544283402327149,0.3719591897453304,-0.023388004360057127,1.709598635970212,2.2322174182724824e-05,0.01
0.33333333333333337,0.9387755102040816,-0.0010757165100193427,0.20637766794708964,0.0413654770115313,4.6362425384454555,-4.44975265661298e-05,0.01
0.33333333333333337,0.9591836734693877,0.0007339584765644811,0.26407683565062406,0.00854254290623576,-7.8528900807644195,6.269871777447513e-06,0.01
0.33333333333333337,0.9795918367346939,-0.0007270412893566586,0.37359465523889224,-0.008861148452767193,6.147328327582129,6.44242079628062e-06,0.01
0.33333333333333337,1.0,0.00037227894788010587,-0.13571088595079145,0.05386669162460146,0.0,2.0053435283788742e-05,0.01
0.3383838383838384,0.0,0.0007182565895459259,-0.22382982435785703,2.4373800941849995,0.0,0.0017506643138764453,0.01
0.3383838383838384,0.02040816326530612,0.05046070749128061,0.04683004961881684,2.431248188464214,-0.60092676063699,0.12268250367679857,0.01
0.3383838383838384,0.04081632653061224,0.09995287652686077,-0.47686643554752284,2.4881171076310302,6.174080838984989,0.24869446204341433,0.01
0.3383838383838384,0.061224489795918366,0.15201650780275122,-0.9149593909038503,2.524668895167667,-2.592005660394594,0.3837913488016189,0.01
0.3383838383838384,0.08163265306122448,0.2030005865337043,-0.7286707975288759,2.457011458439109,-4.038423139004087,0.4987747671831714,0.01
0.3383838383838384,0.1020408163265306,0.2523026897798577,-0.7327917022122695,2.4009573010644587,-1.4548842837116591,0.6057679851051505,0.01
0.3383838383838384,0.12244897959183673,0.30099884372000874,-0.8075153014476611,2.407828288425341,2.1282410450781115,0.7247535306923553,0.01
0.3383838383838384,0.14285714285714285,0.3505813954298716,-1.0687317876811802,2.368135439597147,-6.018140230241107,0.8302242269809001,0.01
0.3383838383838384,0.16326530612244897,0.39765743309132084,-1.016689177288248,2.396590494824948,8.80673564256561,0.9530220243431472,0.01
0.3383838383838384,0.18367346938775508,0.44840141562680824,-1.6551422586666684,2.3058579026260033,-17.698529678062176,1.0339499477717629,0.01
0.3383838383838384,0.2040816326530612,0.4917740821780965,-0.9520500734903538,2.1804753646436783,5.4110409557943235,1.0723012711595952,0.01
0.3383838383838384,0.22448979591836732,0.5374004101020604,-0.8212064336087458,2.2285793697006784,-0.6968484602083365,1.1976394672221358,0.01
0.3383838383838384,0.24489795918367346,0.5827365054311854,-0.8025047934207558,2.210310562862474,-1.0934946099356482,1.2880286533201146,0.01
0.3383838383838384,0.26530612244897955,0.6276171677699165,-1.4681473318525966,2.0585961486710582,-13.774517980823125,1.2920102844109875,0.01
0.3383838383838384,0.2857142857142857,0.6667608380300041,-0.995423036683483,2.0037423824415717,8.398848890333424,1.3360169501129793,0.01
0.3383838383838384,0.3061224489795918,0.7094025711348786,-1.7435879865027486,1.953338147908925,-13.33846387453278,1.385703104422433,0.01
0.3383838383838384,0.32653061224489793,0.7464889256997561,-1.3867964030335656,1.8054123789149037,-1.1582614868813084,1.3477203471812276,0.01
0.3383838383838384,0.3469387755102041,0.7830928723150787,-1.6094011409145745,1.677071256117104,-11.41916854730307,1.3133025470298,0.01
0.3383838383838384,0.36734693877551017,0.8149408137045359,-1.13542493600384,1.527052164768631,-3.28270240484729,1.2444571337258212,0.01
0.3383838383838384,0.3877551020408163,0.8454215321015535,-1.2868278936772708,1.459479006792716,-3.339467076792377,1.2338749779927514,0.01
0.3383838383838384,0.4081632653061224,0.874511385410361,-1.7512425276183883,1.2982707766076702,-12.458939481342101,1.135352575488959,0.01
0.3383838383838384,0.42857142857142855,0.8984121760447237,-1.3829138882253964,1.0884386649443238,-8.104607461665854,0.9778665494638439,0.01
0.3383838383838384,0.44897959183673464,0.9189374533672722,-1.196057250017834,0.9056246367167233,-9.811167304639007,0.8322123973711267,0.01
0.3383838383838384,0.4693877551020408,0.9353764469311205,-0.7459149901605752,0.7352749951926733,-6.883097564717899,0.6877589125206195,0.01
0.3383838383838384,0.4897959183673469,0.9489486776608507,-0.5642978939340042,0.5323102635526771,-13.007446136001725,0.5051351207036118,0.01
0.3383838383838384,0.5102040816326531,0.9571033964638829,-0.4637741117298852,0.1807338628947591,-21.447041128474247,0.17298099403261166,0.01
0.3383838383838384,0.5306122448979591,0.9563255700239021,-0.13364547594984777,-0.30712953847311897,-26.36357220557781,-0.29371583095148346,0.01
0.3383838383838384,0.5510204081632653,0.9445674969343678,-0.2572971382527198,-1.116295796431192,-52.93472107431336,-1.0544167262733675,0.01
0.3383838383838384,0.5714285714285714,0.9107624762920167,0.6603993965032592,-2.407691193735425,-73.62202786150146,-2.192834793752957,0.01
0.3383838383838384,0.5918367346938775,0.8462943869859831,1.2441532739601322,-4.322173005814753,-113.99718972227278,-3.657830754403361,0.01
0.3383838383838384,0.6122448979591836,0.7343472515648839,2.7636073430948733,-6.806101060250722,-129.42775961245215,-4.99804160746796,0.01
0.3383838383838384,0.6326530612244897,0.5684943437104435,4.3515408139823375,-8.840237860857949,-69.91764684705619,-5.025625220952654,0.01
0.3383838383838384,0.6530612244897959,0.37352121642782476,4.409671320727033,-8.930615187215102,61.0606688640552,-3.335774248177391,0.01
0.3383838383838384,0.673469387755102,0.2039794381098271,2.9850683084514786,-6.86174926568504,141.688191445891,-1.3996557596649533,0.01
0.3383838383838384,0.6938775510204082,0.0934498178284354,2.0747932069368664,-3.9990046222563067,138.860783610125,-0.373706253444923,0.01
0.3383838383838384,0.7142857142857142,0.04075475965038602,0.5550401260963396,-1.9170504254574952,65.1707276761586,-0.07812892932719047,0.01
0.3383838383838384,0.7346938775510203,0.015202861687313145,0.5581234854757997,-0.8402103742232483,40.35959734479762,-0.012773602107561661,0.01
0.3383838383838384,0.7551020408163265,0.00646045866168201,-0.017391058915398366,-0.3310157221661764,9.541478556795425,-0.0021385133894214004,0.01
0.3383838383838384,0.7755102040816326,0.0016920158846120668,-0.07950691996646439,-0.17272512274971488,5.97100018601781,-0.00029225365136408666,0.01
0.3383838383838384,0.7959183673469387,-0.0005895463485104342,0.2870306410564011,-0.041030981902570235,6.93502561700237,2.418966555645799e-05,0.01
0.3383838383838384,0.8163265306122448,1.7281929405118715e-05,0.011143094367311064,0.02041783503136548,-0.9130415574766688,3.5285958361741806e-07,0.01
0.3383838383838384,0.836734693877551,0.00024383467317795252,-0.15348000109534785,-0.009388962079954292,-2.008024559432669,-2.2893545002458443e-06,0.01
0.3383838383838384,0.8571428571428571,-0.00036594101263383197,0.22859470871209106,0.01812560107176133,4.704451748300801,-6.632900810797211e-06,0.01
0.3383838383838384,0.8775510204081632,0.0009836551250865782,-0.2680837010014891,0.000754693577307362,-6.4068006827572885,7.423582051883103e-07,0.01
0.3383838383838384,0.8979591836734693,-0.0003351371931518988,-0.061022823246539536,-0.0014577916237540232,6.189977133053274,4.885601929852723e-07,0.01
0.3383838383838384,0.9183673469387754,0.0009241534261578426,-0.20106594290399601,0.007392437366564278,-5.32265469200208,6.831746319967637e-06,0.01
0.3383838383838384,0.9387755102040816,-3.340505574111202e-05,0.025792194487578447,0.02801639784324694,7.3438028187169815,-9.358893316188346e-07,0.01
0.3383838383838384,0.9591836734693877,0.00206767986873935,-0.22510375074795763,0.029233533757999218,-7.224523499071259,6.044558924352719e-05,0.01
0.3383838383838384,0.9795918367346939,0.00115980040376906,-0.2043003794127457,-0.05832983117617468,-1.3566862644777846,-6.765096174990849e-05,0.01
0.3383838383838384,1.0,-0.0003131295670228813,0.40860441890803906,-0.07217356856880512,0.0,2.259967827644618e-05,0.01
0.3434343434343435,0.0,-0.00041219706882708953,0.02303774808549634,2.504361578148924,0.0,-0.0010322905017961707,0.01
0.3434343434343435,0.02040816326530612,0.050697222893395844,-0.3049402596401604,2.3999381027361997,-10.23350059044697,0.12167019692477064,0.01
0.3434343434343435,0.04081632653061224,0.09754446018571167,0.24666854032749788,2.3691078081724175,7.2121317231963,0.23109334226993303,0.01
0.3434343434343435,0.061224489795918366,0.1473955007779843,-0.18058744496887283,2.4935112847204794,4.979408978513771,0.36753234450693006,0.01
0.3434343434343435,0.08163265306122448,0.19932043099062918,-0.4279998392442484,2.4795524098176127,-6.347378718994703,0.49422545498869974,0.01
0.3434343434343435,0.1020408163265306,0.24860172158686644,-0.426409435125519,2.391201289215922,-2.3110310999709878,0.5944567571598127,0.01
0.3434343434343435,0.12244897959183673,0.2969204836116872,-0.6080718769641069,2.3662599445163086,-0.1332206805910989,0.7025910470767465,0.01
0.3434343434343435,0.14285714285714285,0.3451837601385525,-0.7750705494579417,2.3422528135461653,-2.2194781544829816,0.8085076333749693,0.01
0.3434343434343435,0.16326530612244897,0.3925226392666327,-0.9747366533814344,2.3240296032131074,0.43360354184329863,0.9122342335869941,0.01
0.3434343434343435,0.18367346938775508,0.4400421112901079,-0.5273552600328169,2.313856175570692,-1.4305994507999575,1.0181941567197819,0.01
0.3434343434343435,0.2040816326530612,0.48696574847359975,-1.1483382667390092,2.2836643935018555,-1.5281951919460357,1.1120663406441402,0.01
0.3434343434343435,0.22448979591836732,0.5332529028616122,-1.5210757391250997,2.24708370991131,-2.056711799927411,1.198263911283247,0.01
0.3434343434343435,0.24489795918367346,0.5786834509189593,-1.6282442556535048,2.1302597951504825,-9.392031846633701,1.2327460896115967,0.01
0.3434343434343435,0.26530612244897955,0.6202022822555094,-1.628869300831758,2.0347249519037005,0.02961720844906158,1.2619410589329068,0.01
0.3434343434343435,0.2857142857142857,0.6617334489558451,-1.21586440173536,1.9696600792146588,-6.405974731975161,1.3033899574893593,0.01
0.3434343434343435,0.3061224489795918,0.7005965712030465,-1.3683051561232473,1.9049106354060108,0.060529238727655935,1.3345738596136678,0.01
0.3434343434343435,0.32653061224489793,0.7394849034622129,-1.4308099266838137,1.8220163067780868,-8.184173444264195,1.3473535527243712,0.01
0.3434343434343435,0.3469387755102041,0.7749645837246011,-1.2353809370250313,1.708175301279873,-2.9722450945607606,1.3237753612850018,0.01
0.3434343434343435,0.36734693877551017,0.8092063443307791,-1.4274451635080578,1.5669665312197114,-10.866214371335078,1.2679992584169844,0.01
0.3434343434343435,0.3877551020408163,0.8389224013254056,-1.632317008210182,1.383279355305057,-7.135128868301046,1.1604640384563774,0.01
0.3434343434343435,0.4081632653061224,0.8656667261799651,-1.0327682500082358,1.2863813479893416,-2.3608758486390826,1.1135775301329038,0.01
0.3434343434343435,0.42857142857142855,0.8914277624678277,-0.881055808305463,1.1571358331322712,-10.30518460735381,1.0315030066004462,0.01
0.3434343434343435,0.44897959183673464,0.9128967601853639,-0.7245268365274783,0.9844452074368654,-6.618496710795975,0.8986968404491229,0.01
0.3434343434343435,0.4693877551020408,0.9316091995060671,-1.1295998055082535,0.8134472387485007,-10.139304220663764,0.7578149309309113,0.01
0.3434343434343435,0.4897959183673469,0.9460986882975476,-0.6339282040204413,0.5672216348736463,-13.990804959071966,0.5366476447279472,0.01
0.3434343434343435,0.5102040816326531,0.9547611029702976,-0.3339100118160074,0.23402166208976835,-18.662792373748083,0.2234347802157695,0.01
0.3434343434343435,0.5306122448979591,0.9556505928726402,-0.22332016686856312,-0.28158062003781315,-31.866231274754913,-0.26909268648058177,0.01
0.3434343434343435,0.5510204081632653,0.943268016438142,0.26021534539880364,-1.0180427692842167,-40.30705935139264,-0.960287183631916,0.01
0.3434343434343435,0.5714285714285714,0.9140978267794069,0.6237837568897451,-2.221905662931309,-77.67150422602245,-2.031039137794367,0.01
0.3434343434343435,0.5918367346938775,0.8525779893797212,1.7343087866859515,-4.061927578079932,-102.65064345854266,-3.463110047525429,0.01
0.3434343434343435,0.6122448979591836,0.7483048644087974,2.3762182642936147,-6.421601086864135,-128.59736040230928,-4.8053153305932526,0.01
0.3434343434343435,0.6326530612244897,0.5904718225689402,3.4082921651659963,-8.63655822726205,-88.46843935668643,-5.099644277174198,0.01
0.3434343434343435,0.6530612244897959,0.3957922837042239,3.9249275218336273,-9.099698906333819,43.08065280765314,-3.601590611158691,0.01
0.3434343434343435,0.673469387755102,0.21905554067776387,3.4659241878928864,-7.150660951482308,147.92506676779507,-1.5663919009303304,0.01
0.3434343434343435,0.6938775510204082,0.10392857139882361,1.3460526365474115,-4.299689927648736,131.4700935678951,-0.4468606316384444,0.01
0.3434343434343435,0.7142857142857142,0.04355799261046854,0.5790080020934478,-2.1047191536180816,83.63704228710907,-0.091677341340408,0.01
0.3434343434343435,0.7346938775510203,0.018021667169514154,0.5145313855317075,-0.9110415057019735,33.343367208669584,-0.016418486793373998,0.01
0.3434343434343435,0.7551020408163265,0.00637262503079616,0.2067937593546997,-0.40991443395069904,15.767085822955309,-0.002612230982278864,0.01
0.3434343434343435,0.7755102040816326,0.0012904657837713375,0.4614165691412096,-0.13505678108653768,11.168964157732507,-0.0001742861548584728,0.01
0.3434343434343435,0.7959183673469387,0.0008601033537946219,-0.003773008486094474,-0.02981418719965357,-0.8551899568178617,-2.5643282401082724e-05,0.01
0.3434343434343435,0.8163265306122448,7.356018378547763e-05,-0.2932726155812029,-0.034089794931855995,0.43618039906202405,-2.507651580396571e-06,0.01
0.3434343434343435,0.836734693877551,-0.0005313168475056225,0.301625226712435,0.017517929594021014,4.621376604473923,-9.307571126720696e-06,0.01
0.3434343434343435,0.8571428571428571,0.0007885777182353149,-0.19557845516577538,0.003944840224789304,-5.951539362658631,3.110813103267236e-06,0.01
0.3434343434343435,0.8775510204081632,-0.0003703029607795285,0.022393266521044213,-0.0350818192155535,2.126926737505036,1.2990901525051616e-05,0.01
0.3434343434343435,0.8979591836734693,-0.0006433332701546238,0.002005016564864684,0.0068348097569963856,1.9809029018048534,-4.397060511853214e-06,0.01
0.3434343434343435,0.9183673469387754,-9.133113396334954e-05,0.17240487002216603,0.018134699661947563,-0.873513691119638,-1.6562626842104425e-06,0.01
0.3434343434343435,0.9387755102040816,9.685855278201145e-05,-0.30659826281859626,0.025042022630231482,1.550431342011462,2.425534070698601e-06,0.01
0.3434343434343435,0.9591836734693877,0.0009307922386991599,-0.07221996389429956,0.000762482947100517,-3.929826230958297,7.097132093016234e-07,0.01
0.3434343434343435,0.9795918367346939,0.0001279803057248897,-0.02423389519166017,0.020083553452976445,5.823291140534137,2.5702993109540895e-06,0.01
0.3434343434343435,1.0,0.0017505291143308514,-0.23448128542184754,0.07950489162169214,0.0,0.00013917562751549108,0.01
0.3484848484848485,0.0,-0.0002958448057690272,0.15341756991511335,2.423195303509746,0.0,-0.0007168897439072598,0.01
0.3484848484848485,0.02040816326530612,0.04915712057198089,0.21370861862404278,2.427609589655033,0.432600042238131,0.11933429730036953,0.01
0.3484848484848485,0.04081632653061224,0.0987902608944364,-0.21011340200860162,2.3844948988766927,-4.657839738515491,0.23556487316148123,0.01
0.3484848484848485,0.061224489795918366,0.1464834429751112,-0.06877478612030546,2.410029591288622,7.160239594884526,0.3530294322038574,0.01
0.3484848484848485,0.08163265306122448,0.19715881564091076,-0.5852486291207715,2.449135042348735,-3.3279053909934597,0.4828685642941284,0.01
0.3484848484848485,0.1020408163265306,0.246448138581182,-0.8353649547240385,2.3689196481849293,-4.533203237059467,0.5838158377435644,0.01
0.3484848484848485,0.12244897959183673,0.2938494135260099,-0.583288448168451,2.3231175339044685,0.04459603757431433,0.6826467248898185,0.01
0.3484848484848485,0.14285714285714285,0.34126926241401745,-0.5145643228565904,2.2968826770702835,-2.615612007324438,0.7838554570553095,0.01
0.3484848484848485,0.16326530612244897,0.3875997268758174,-0.399124712806237,2.3546812425611656,8.279871425430862,0.9126738064963181,0.01
0.3484848484848485,0.18367346938775508,0.43737870088590175,-1.7276969969300846,2.292375167857255,-14.385866746414097,1.0026360728605073,0.01
0.3484848484848485,0.2040816326530612,0.48116606025774616,-1.139549492046457,2.1607040311899315,1.4820953530164112,1.0396574460706896,0.01
0.3484848484848485,0.22448979591836732,0.5255707021589602,-0.9706289469386217,2.1877014032021935,1.1636471041852317,1.1497917625951193,0.01
0.3484848484848485,0.24489795918367346,0.5704599950823255,-1.4544894732113094,2.116921702919103,-8.100057731928072,1.2076191442368995,0.01
0.3484848484848485,0.26530612244897955,0.611975669625046,-1.3614027966736144,2.0857517520097337,5.045402542809863,1.2764293251077696,0.01
0.3484848484848485,0.2857142857142857,0.6555927196541513,-1.1398950675919537,2.001901602171015,-13.262717227004307,1.3124321158472987,0.01
0.3484848484848485,0.3061224489795918,0.693685939101414,-1.2862023453991158,1.878313840652288,1.151116598169062,1.302959900480066,0.01
0.3484848484848485,0.32653061224489793,0.7322585907011835,-1.3377142850763741,1.8384640005553914,-5.0564009276649164,1.3462310581015506,0.01
0.3484848484848485,0.3469387755102041,0.7687252860628585,-1.5128345677312278,1.7085916482384893,-7.671089599391491,1.3134376035567437,0.01
0.3484848484848485,0.36734693877551017,0.8019970253231626,-1.5803117802160895,1.5178507042296296,-11.02152291347676,1.2173117496768304,0.01
0.3484848484848485,0.3877551020408163,0.8306783760314148,-1.2338529735418824,1.4321156400562978,2.6194866244902393,1.1896274941711555,0.01
0.3484848484848485,0.4081632653061224,0.8604507249172972,-1.4147261036752805,1.3793404358563397,-7.791456636086137,1.1868544779403283,0.01
0.3484848484848485,0.42857142857142855,0.8869779856582042,-0.8856255872544375,1.1952768161134761,-10.246778098714497,1.060184222660283,0.01
0.3484848484848485,0.44897959183673464,0.9092375337382554,-1.408809466146825,0.9536910259648029,-13.428629335855483,0.867131676396544,0.01
0.3484848484848485,0.4693877551020408,0.9259041499832982,-0.80683267132881,0.824657675599119,0.7833610000184512,0.7635539641528047,0.01
0.3484848484848485,0.4897959183673469,0.9428970307014848,-1.0344120410969495,0.6656782002547575,-16.363349583765864,0.6276659984229193,0.01
0.3484848484848485,0.5102040816326531,0.9530746887692066,-0.7083758752835759,0.2848292222423997,-20.959850261445215,0.2714635223410503,0.01
0.3484848484848485,0.5306122448979591,0.9545227132419909,-0.6619836249218848,-0.20806510866527342,-27.343794167506758,-0.19860287205416646,0.01
0.3484848484848485,0.5510204081632653,0.9445822353542975,0.01891179288032019,-0.9132243544757391,-41.76181192191889,-0.8626155021306791,0.01
0.3484848484848485,0.5714285714285714,0.9172482497940015,0.3597824896673791,-2.03950521186295,-68.61371210202779,-1.8707325860270352,0.01
0.3484848484848485,0.5918367346938775,0.8613371246660139,1.5441320203031765,-3.845085934487029,-108.33319871513203,-3.3119152629047908,0.01
0.3484848484848485,0.6122448979591836,0.7603059667537146,2.480946579694781,-6.214466779930999,-123.866124138377,-4.724896172974282,0.01
0.3484848484848485,0.6326530612244897,0.6076854193627078,3.7246012794481134,-8.444925011051291,-94.71878251141173,-5.131857796827323,0.01
0.3484848484848485,0.6530612244897959,0.41561514997611093,4.1916693397564995,-9.09256767119842,31.249801816993035,-3.779008876333069,0.01
0.3484848484848485,0.673469387755102,0.2365602082933845,3.8533341885917287,-7.469764156984896,127.78494257593262,-1.7670489648788046,0.01
0.3484848484848485,0.6938775510204082,0.11072681703795195,2.6503554629506882,-4.656909354679474,147.8748280499987,-0.515644750077921,0.01
0.3484848484848485,0.7142857142857142,0.04648227544932434,1.5832590147228034,-2.2076094094255807,92.15656658488294,-0.10261470865344006,0.01
0.3484848484848485,0.7346938775510203,0.020620310530785405,0.3446415064413825,-0.9570983185661114,30.393520319345058,-0.01973566453732579,0.01
0.3484848484848485,0.7551020408163265,0.007417037956829997,-0.1530045885693187,-0.4164867218374021,22.586416160068474,-0.003089097824383708,0.01
0.3484848484848485,0.7755102040816326,0.0036208524966057296,0.32204508069169,-0.16111175993552485,2.4403301063154976,-0.0005833619181950881,0.01
0.3484848484848485,0.7959183673469387,0.0008410477553800034,-0.15792891357014438,-0.12319744490520462,1.2752727666558854,-0.00010361493450607398,0.01
0.3484848484848485,0.8163265306122448,-0.0014076146423822138,0.3564884953226605,0.0036993806356388223,11.160616136346773,-5.207302350470427e-06,0.01
0.3484848484848485,0.836734693877551,0.0009920428833652614,-0.18996021303872596,0.029606348433303713,-8.621733292175614,2.9370767265691206e-05,0.01
0.3484848484848485,0.8571428571428571,-0.00019919225734940936,-0.015388743403186213,-0.03060658919283229,2.7208654048142855,6.096595591086301e-06,0.01
0.3484848484848485,0.8775510204081632,-0.00025720565511768903,-0.10053410425460126,-0.010633359329691467,-0.7634888782264849,2.7349601524950843e-06,0.01
0.3484848484848485,0.8979591836734693,-0.0006332069238674284,-0.20392386473197105,0.025396851604357423,4.294449549763276,-1.6081462280312728e-05,0.01
0.3484848484848485,0.9183673469387754,0.0007794005328152668,-0.3288543978207221,-0.020051059655702915,-8.74834485324919,-1.5627806579165553e-05,0.01
0.3484848484848485,0.9387755102040816,-0.001451617522059384,0.25620738719931824,-0.005227211869533203,10.201081936293821,7.587912341331189e-06,0.01
0.3484848484848485,0.9591836734693877,0.0005660449463037075,-0.2259847971926354,0.03570150823427191,-6.190067366120921,2.0208658311429814e-05,0.01
0.3484848484848485,0.9795918367346939,5.586895665999935e-06,-0.04809496507163337,5.7636680020688e-06,2.6918843986264753,3.220101178102068e-11,0.01
0.3484848484848485,1.0,0.000566280198058894,-0.18863657133885464,0.02747397181725181,0.0,1.555796620213783e-05,0.01
0.3535353535353536,0.0,0.0004789914059234646,0.03825764175503214,2.438115815563976,0.0,0.0011678365223012235,0.01
0.3535353535353536,0.02040816326530612,0.05023645702967808,-0.4170831178409919,2.382627221916998,-5.437882177403885,0.11969475005157452,0.01
0.3535353535353536,0.04081632653061224,0.09772908209641316,-0.6083280228127192,2.3495411442492355,2.19544656596319,0.22961849937523407,0.01
0.3535353535353536,0.061224489795918366,0.1461360955704632,-0.29021683059054193,2.3636113434893886,-0.8165670404281936,0.3454089331835962,0.01
0.3535353535353536,0.08163265306122448,0.19420301448373514,-0.22786923516884908,2.3542791881528182,-0.09798418255570693,0.45720811527559796,0.01
0.3535353535353536,0.1020408163265306,0.24222912365833332,-0.2698929693683732,2.3691621958280193,1.556518934725432,0.5738800824998738,0.01
0.3535353535353536,0.12244897959183673,0.2909035122726339,-1.1622353846779685,2.3628125615850366,-2.178783090537747,0.6873504730069863,0.01
0.3535353535353536,0.14285714285714285,0.33867045270262053,-0.8535569833696197,2.319670614021669,-2.0491277706723126,0.7856038969716843,0.01
0.3535353535353536,0.16326530612244897,0.3855839454980081,-0.9005289592020603,2.204571391476314,-9.23059603877246,0.850047335257471,0.01
0.3535353535353536,0.18367346938775508,0.42865295847716395,-0.6369486026269519,2.2007569502239956,8.856780796045243,0.9433609776026963,0.01
0.3535353535353536,0.2040816326530612,0.47541075979286507,-0.7892522336635747,2.25438164343635,-3.601560861234485,1.071757289969163,0.01
0.3535353535353536,0.22448979591836732,0.5206685357602803,-1.4849832143650041,2.1487315570479564,-6.752147604828084,1.1187769135500665,0.01
0.3535353535353536,0.24489795918367346,0.5631140886519653,-1.607686446281497,2.068568373027652,-1.1038444291617617,1.1648399941917449,0.01
0.3535353535353536,0.26530612244897955,0.6050998979246742,-1.1876521810598355,2.124678837553543,6.602669952699067,1.2856429477263642,0.01
0.3535353535353536,0.2857142857142857,0.6498356738582324,-2.0600820516850407,2.0112067085155867,-17.722938598418775,1.3069538666964238,0.01
0.3535353535353536,0.3061224489795918,0.6871899676600043,-1.5445273590137767,1.8538362102059833,2.3006297640776405,1.2739376453383946,0.01
0.3535353535353536,0.32653061224489793,0.7255024579482725,-1.809190693786338,1.8104211245597512,-6.555308157408381,1.313464975789575,0.01
0.3535353535353536,0.3469387755102041,0.7610847074379533,-1.2465725217655115,1.6785732713146357,-6.3657814606129515,1.2775364471116677,0.01
0.3535353535353536,0.36734693877551017,0.7940156526958086,-1.2895924485529995,1.552371154015685,-6.002026034684208,1.2326069950819099,0.01
0.3535353535353536,0.3877551020408163,0.8244467953569609,-1.3142456475705178,1.452604776799984,-3.775078932454516,1.1975953531529602,0.01
0.3535353535353536,0.4081632653061224,0.8533056435856039,-1.214985774222548,1.4224291780989782,0.8178702597559546,1.2137668452726902,0.01
0.3535353535353536,0.42857142857142855,0.8825051291569191,-1.505566463496447,1.1960089253026032,-23.007055033800693,1.0554840110970019,0.01
0.3535353535353536,0.44897959183673464,0.9021223344142816,-1.094225086873147,0.9634406544505497,0.2153644902994511,0.8691413322625531,0.01
0.3535353535353536,0.4693877551020408,0.9218292375018395,-0.9348048079195493,0.8709846297088257,-9.276054914988404,0.8028990970803089,0.01
0.3535353535353536,0.4897959183673469,0.9376727274636214,-0.4092268927042703,0.6778609856239911,-9.650062205325394,0.6356117592312264,0.01
0.3535353535353536,0.5102040816326531,0.949497032833431,-1.2123094135926837,0.33091253636507184,-24.350885822048696,0.31420047140602053,0.01
0.3535353535353536,0.5306122448979591,0.9511793616009713,-0.5245940929617909,-0.11807244265509433,-19.649642121927595,-0.11230807062733991,0.01
0.3535353535353536,0.5510204081632653,0.9446777494597537,-0.3006486918745952,-0.7867936988826231,-45.88504098837023,-0.7432665007495515,0.01
0.3535353535353536,0.5714285714285714,0.9190653330751499,0.6147708265909304,-1.8507784665505258,-58.385466243084245,-1.7009863278085742,0.01
0.3535353535353536,0.5918367346938775,0.8691357712332016,1.0386975735137642,-3.5826186607210126,-111.33487278562347,-3.1137820327202173,0.01
0.3535353535353536,0.6122448979591836,0.7728359999844964,2.5521339125966116,-5.944661240289327,-120.1453000120714,-4.594248214208078,0.01
0.3535353535353536,0.6326530612244897,0.6264965369356781,3.296406665024149,-8.233244669528503,-104.13587605336774,-5.158099273203739,0.01
0.3535353535353536,0.6530612244897959,0.4367851971465983,4.020136273716847,-9.076638599107419,21.483270954634136,-3.9645413799395577,0.01
0.3535353535353536,0.673469387755102,0.2560214920741508,3.5625655628533366,-7.660482288205817,117.3000475137229,-1.9612481054340583,0.01
0.3535353535353536,0.6938775510204082,0.12411245068921806,2.35814229009616,-4.937802494880428,149.5225722321653,-0.6128427686589449,0.01
0.3535353535353536,0.7142857142857142,0.05447853309943951,0.8787008861522602,-2.4929123989936515,90.0766571647388,-0.13581021064257878,0.01
0.3535353535353536,0.7346938775510203,0.022360924199681276,0.5994330641983185,-1.171939016953268,39.37873427521878,-0.026205639524741014,0.01
0.3535353535353536,0.7551020408163265,0.006644287509510205,0.42227901951170793,-0.4192827442155206,34.381580453080474,-0.0027858351003443456,0.01
0.3535353535353536,0.7755102040816326,0.005247342803129417,-0.7035029939268891,-0.1617210829785563,-9.140537651857972,-0.0008486059608818227,0.01
0.3535353535353536,0.7959183673469387,4.342697977321357e-05,0.14374037070419907,-0.11893550723622089,13.333524074606844,-5.165009867064261e-06,0.01
0.3535353535353536,0.8163265306122448,0.00039283230369182936,0.10314367263368548,-0.0002640882379987973,-1.7037250127810755,-1.0374239091098366e-07,0.01
0.3535353535353536,0.836734693877551,3.264786801816062e-05,0.27178431333918124,-0.016408764439338946,0.12154674504974061,-5.357111757566252e-07,0.01
0.3535353535353536,0.8571428571428571,-0.0002769131836281276,0.16826779353808133,-0.01954123734833201,-0.4285290901310607,5.4112262461594875e-06,0.01
0.3535353535353536,0.8775510204081632,-0.000764953656403554,0.27123112858837134,-0.033962200100172424,-0.9847252595493001,2.5979509146136042e-05,0.01
0.3535353535353536,0.8979591836734693,-0.001663125432614757,0.26319082072242794,-0.002854901892460574,4.033240483905062,4.748059944971181e-06,0.01
0.3535353535353536,0.9183673469387754,-0.0008814802642590876,0.2521402339347833,0.036884373032764706,-0.13879154123298362,-3.25128468879522e-05,0.01
0.3535353535353536,0.9387755102040816,-0.00015764081903252414,0.37953759525124303,0.007501602349598742,-2.740719985717282,-1.1825587384470531e-06,0.01
0.3535353535353536,0.9591836734693877,-0.0005752924132550574,-0.07783990780604562,-0.0019520656578407949,1.8142605209882072,1.123008563131552e-06,0.01
0.3535353535353536,0.9795918367346939,-0.0002373169683321484,0.3581146548607851,0.004627135048899187,-1.1694988517276887,-1.0980976618681823e-06,0.01
0.3535353535353536,1.0,-0.0003864297581979477,-0.17259635200001838,-0.007306526703424167,0.0,2.8234593472710486e-06,0.01
0.3585858585858586,0.0,0.0006722118188276674,-0.0170418485713363,2.3254304760679907,0.0,0.0015631818498749524,0.01
0.3585858585858586,0.02040816326530612,0.048129976636541755,-0.05494995240220007,2.3026204098871497,-2.2353864857223873,0.11082506653069271,0.01
0.3585858585858586,0.04081632653061224,0.09465671834483377,0.2440520223187258,2.3652392454494175,8.372032370824632,0.22388578507465268,0.01
0.3585858585858586,0.061224489795918366,0.1446703540018241,-0.5585112043953943,2.4106883146877465,-3.918023585468414,0.34875513187393703,0.01
0.3585858585858586,0.08163265306122448,0.19305215976066015,-1.0994347238161595,2.3567940093646524,-1.3636183361948073,0.45498417361883164,0.01
0.3585858585858586,0.1020408163265306,0.24086602785344255,-0.785727522747409,2.253546182378659,-8.754668708432556,0.5428027175338371,0.01
0.3585858585858586,0.12244897959183673,0.28503363659244213,-0.3541969201170116,2.2905915093475087,12.385110751379852,0.6528956278570913,0.01
0.3585858585858586,0.14285714285714285,0.3343595588472184,-0.6509462730324783,2.3520534798002535,-6.361837647010876,0.7864315638910777,0.01
0.3585858585858586,0.16326530612244897,0.38103581944143206,-1.2585433871667675,2.231373943638917,-5.464756896800107,0.8502333990947145,0.01
0.3585858585858586,0.18367346938775508,0.4254360463426844,-1.0865864685106552,2.214526040000222,3.813662340208033,0.9421392029806158,0.01
0.3585858585858586,0.2040816326530612,0.4714246374006248,-1.0781008886987251,2.14944806774149,-10.191303621563783,1.0133027759465056,0.01
0.3585858585858586,0.22448979591836732,0.5131686205362146,-0.771767023454286,2.0474606570017992,0.19653736907410385,1.050692560955785,0.01
0.3585858585858586,0.24489795918367346,0.5549944601353921,-0.9381816596011955,2.1053593342194534,5.477532998255963,1.168462767086134,0.01
0.3585858585858586,0.26530612244897955,0.5991016545859882,-1.1792610841411586,2.068700593450579,-9.070089593605621,1.2393619483792577,0.01
0.3585858585858586,0.2857142857142857,0.6394312190517423,-1.3220366558355883,1.967047911243508,-0.891873262687347,1.2577918438196196,0.01
0.3585858585858586,0.3061224489795918,0.679389324432662,-1.3813312282358334,1.8848808479257722,-7.160498942450765,1.2805679259083533,0.01
0.3585858585858586,0.32653061224489793,0.7163651312119779,-1.0822049555285909,1.8472892736131983,3.476524659818514,1.323333622878398,0.01
0.3585858585858586,0.3469387755102041,0.7547888866209558,-1.4960733821002645,1.742866993578357,-13.709908103232973,1.3154966376114205,0.01
0.3585858585858586,0.36734693877551017,0.7875025595212986,-1.6462154219144725,1.5439974591559746,-5.779306270160488,1.2159019509797115,0.01
0.3585858585858586,0.3877551020408163,0.8178091910763017,-1.1940043217938572,1.4618364107449133,-2.272476474123517,1.1955032525571818,0.01
0.3585858585858586,0.4081632653061224,0.8471693517966011,-1.2620372393042465,1.398755642795012,-3.909438784966812,1.1849829112284886,0.01
0.3585858585858586,0.42857142857142855,0.8749012581291593,-1.531245630524308,1.2109515356059382,-14.49536371956243,1.0594630220350727,0.01
0.3585858585858586,0.44897959183673464,0.8965959450866394,-1.0215979140032128,1.0340652027416306,-2.8394969011397238,0.9271386677333397,0.01
0.3585858585858586,0.4693877551020408,0.9171080010982054,-0.8624781504136146,0.9557445072701262,-4.835931255067708,0.8765209346230947,0.01
0.3585858585858586,0.4897959183673469,0.935605924975216,-1.1688354608478413,0.643523294517972,-25.761747594643406,0.6020842072105855,0.01
0.3585858585858586,0.5102040816326531,0.9433742580173063,-0.5012928098531328,0.3166373019897726,-6.273079673120137,0.29870747982520346,0.01
0.3585858585858586,0.5306122448979591,0.9485298964850026,-0.40410072695531735,-0.005265939210179316,-25.273437964475157,-0.004994900773927703,0.01
0.3585858585858586,0.5510204081632653,0.9431593217230133,0.3274650018646194,-0.6458116760086752,-37.50004424177745,-0.6091033023051445,0.01
0.3585858585858586,0.5714285714285714,0.9221702362397506,0.4762150634162085,-1.6850512771464106,-64.34543666972063,-1.5539041343221989,0.01
0.3585858585858586,0.5918367346938775,0.8743817185741802,0.5978939703979245,-3.3428944404829357,-98.12319333725887,-2.922965785881542,0.01
0.3585858585858586,0.6122448979591836,0.7857255651996308,2.190720087285798,-5.66529824664284,-129.4723796664118,-4.451369666867923,0.01
0.3585858585858586,0.6326530612244897,0.6431450554459011,3.624315401474086,-8.05159791272322,-104.38498760946545,-5.178345386006477,0.01
0.3585858585858586,0.6530612244897959,0.4570889157007238,4.515315800666396,-9.043704796093202,7.158513039207437,-4.133777219163677,0.01
0.3585858585858586,0.673469387755102,0.27401424744209696,3.782488336855652,-7.866133058906357,108.24351720510332,-2.1554325304156254,0.01
0.3585858585858586,0.6938775510204082,0.13602226023515826,2.1341184570186664,-5.269896861441924,146.18763014641112,-0.7168232822994972,0.01
0.3585858585858586,0.7142857142857142,0.05891641636283476,1.2287874489843758,-2.71053045977394,104.63027721705136,-0.1596947411321874,0.01
0.3585858585858586,0.7346938775510203,0.025388363917854602,0.6149033423746585,-1.2284154600476798,40.61699275612212,-0.031187458742009275,0.01
0.3585858585858586,0.7551020408163265,0.008777009830276407,0.5570455938918849,-0.5805046301956599,22.878268569375827,-0.0050950948457482775,0.01
0.3585858585858586,0.7755102040816326,0.0016942973792562395,0.21796441138084205,-0.19618672386635413,14.784886250896145,-0.0003323986520916313,0.01
0.3585858585858586,0.7959183673469387,0.0007693884479762392,-0.02297970233208072,-0.01912316718200838,2.567342304169741,-1.471314391855558e-05,0.01
0.3585858585858586,0.8163265306122448,0.0009137599432558975,-0.09798533847189149,0.015579732946632837,0.8335419084370987,1.4236135893257258e-05,0.01
0.3585858585858586,0.836734693877551,0.0014052959151857427,-0.07067397688547421,-0.008350476751673804,-3.17870245887115,-1.1734890868980705e-05,0.01
0.3585858585858586,0.8571428571428571,0.0005729241574732933,-0.3537802004343983,-0.019609686976588783,2.075299856829482,-1.1234863389377141e-05,0.01
0.3585858585858586,0.8775510204081632,0.0006049005283862006,0.13710233162514732,-0.02221667400918004,-2.330784586023425,-1.3438877847136976e-05,0.01
0.3585858585858586,0.8979591836734693,-0.0003338788633095655,0.2923521685034836,-0.0052171590591924355,3.996737051122211,1.7418991363883725e-06,0.01
0.3585858585858586,0.9183673469387754,0.00039195526066406036,-0.10382921166520616,0.051280817355774666,1.5400646375445655,2.009978613374873e-05,0.01
0.3585858585858586,0.9387755102040816,0.0017592157226404205,-0.4379613154035858,-0.03332927377489777,-9.831853568350466,-5.86333824489872e-05,0.01
0.3585858585858586,0.9591836734693877,-0.0009684232607603383,0.043389219617784684,-0.004602884039488365,12.647039762420587,4.45753997042304e-06,0.01
0.3585858585858586,0.9795918367346939,0.00157134290470212,-0.47714925002846575,-0.007097778500355024,-12.89153941958552,-1.115304388568012e-05,0.01
0.3585858585858586,1.0,-0.0012581285056727882,0.49188491356475134,-0.1386440991083705,0.0,0.00017443209323156412,0.01
0.36363636363636365,0.0,0.0005861418765481911,-0.18315119192322793,2.316049177645201,0.0,0.0013575334111628529,0.01
0.36363636363636365,0.02040816326530612,0.04785245162440943,-0.3604767776246666,2.334927479770011,1.8500736082313864,0.11173200427219868,0.01
0.36363636363636365,0.04081632653061224,0.09588930431614047,-0.22334685455489073,2.302929898611876,-4.98583656172863,0.22082634586673267,0.01
0.36363636363636365,0.061224489795918366,0.1418495903432615,-0.30205438274553686,2.244448793070046,-0.7453117813707123,0.3183741418434137,0.01
0.36363636363636365,0.08163265306122448,0.187499459135326,0.32988171947178824,2.328678858861499,8.999858228933112,0.4366260265363992,0.01
0.36363636363636365,0.1020408163265306,0.23689770703148594,-0.48850056488297866,2.3457599510182,-7.325911197576424,0.5557051536425023,0.01
0.36363636363636365,0.12244897959183673,0.28324476325851783,-0.8876445046523518,2.3072689872162755,3.5537967449878316,0.6535218580577942,0.01
0.36363636363636365,0.14285714285714285,0.33107195140766044,-1.1659365934181398,2.2401520230188443,-10.131259236336094,0.7416515017106671,0.01
0.36363636363636365,0.16326530612244897,0.37467953970826656,-0.6489721079754192,2.1774689699560112,3.9883200361784534,0.8158530713921516,0.01
0.36363636363636365,0.18367346938775508,0.4199482358956609,-0.969730744983136,2.236853520871268,1.8313659535167113,0.9393626900468868,0.01
0.36363636363636365,0.2040816326530612,0.4659796834172979,-0.9997903664208226,2.1884029990742224,-6.5795170896271475,1.0197513366980715,0.01
0.36363636363636365,0.22448979591836732,0.5092708072864455,-1.5856814412879072,2.0647738949456858,-5.53613511496947,1.0515290683429677,0.01
0.36363636363636365,0.24489795918367346,0.5502561689252851,-1.1255135893572907,2.0549370893364816,4.57212816526747,1.1307418101607687,0.01
0.36363636363636365,0.26530612244897955,0.5931457905246692,-1.2468378373125257,2.021203384320566,-7.878031256827211,1.1988682792039589,0.01
0.36363636363636365,0.2857142857142857,0.6327542662444918,-0.9193267970497484,1.9420442823025004,0.12043925905678224,1.2288368048626295,0.01
0.36363636363636365,0.3061224489795918,0.6724129040880366,-1.2929401267876575,1.914556992660729,-2.8141936439503676,1.2873728274770586,0.01
0.36363636363636365,0.32653061224489793,0.7108994496183991,-1.328205968758002,1.833091380837044,-5.169436314770775,1.3031436537372858,0.01
0.36363636363636365,0.3469387755102041,0.7472329604487322,-1.4025007399483418,1.6730778197073766,-10.511892675936629,1.2501788922810533,0.01
0.36363636363636365,0.36734693877551017,0.7791883402187002,-0.919472692620375,1.581374691365606,1.5249860984431052,1.2321887210290259,0.01
0.36363636363636365,0.3877551020408163,0.811778866218757,-0.7992622548269693,1.5093736101083,-8.581092061659087,1.2252775979142279,0.01
0.36363636363636365,0.4081632653061224,0.8407954263455696,-1.368948257952409,1.357026288936951,-6.348945413133094,1.1409814971688899,0.01
0.36363636363636365,0.42857142857142855,0.8671676943386325,-0.8416919289560633,1.2407028662618742,-5.050750009024456,1.0758974438956421,0.01
0.36363636363636365,0.44897959183673464,0.8914363596623808,-0.6682009426183363,1.116816734371489,-7.090090916233288,0.9955710440981482,0.01
0.36363636363636365,0.4693877551020408,0.9127520508435912,-1.235973351461462,0.9375257199080382,-10.480428501184894,0.8557285235646762,0.01
0.36363636363636365,0.4897959183673469,0.9297027155769946,-0.7157550739774948,0.6882154199913649,-13.951980890649095,0.6398357448679338,0.01
0.36363636363636365,0.5102040816326531,0.9408424761493612,-0.4894260974243762,0.4112635695673829,-13.189300450901149,0.38693423514180164,0.01
0.36363636363636365,0.5306122448979591,0.946488983722602,-0.8097360845728344,0.09728237587610823,-17.58085653084377,0.09207669707709785,0.01
0.36363636363636365,0.5510204081632653,0.9448131853687942,-0.5465816873988463,-0.5368837120485621,-44.56742008577393,-0.5072548101532245,0.01
0.36363636363636365,0.5714285714285714,0.9245753628226607,-0.2132653083219522,-1.6515891067975925,-64.67370859963106,-1.5270185976513382,0.01
0.36363636363636365,0.5918367346938775,0.8774013850913415,1.2651273683649369,-3.1307460915697796,-80.28367590804329,-2.7469209571126285,0.01
0.36363636363636365,0.6122448979591836,0.7967898080647106,1.9468619602013495,-5.290816806938972,-131.40325419813757,-4.215668908106449,0.01
0.36363636363636365,0.6326530612244897,0.6614496786856692,3.5862681967166403,-7.763958544148349,-110.96463604838135,-5.135467884355782,0.01
0.36363636363636365,0.6530612244897959,0.4798935409566147,4.165875060780297,-9.024132892472755,-12.532450087410252,-4.330623087831808,0.01
0.36363636363636365,0.673469387755102,0.2931177238908629,3.1818172230582844,-8.160776164559737,97.14140942288596,-2.392068134538556,0.01
0.36363636363636365,0.6938775510204082,0.14680063628070708,2.4835123130724326,-5.585885102617915,155.1979146474125,-0.8200114872552328,0.01
0.36363636363636365,0.7142857142857142,0.06512241357992757,1.0683761649554293,-2.8985141482021124,108.16443888533624,-0.18875823712648943,0.01
0.36363636363636365,0.7346938775510203,0.02849393635409025,0.35887506455742896,-1.3115350330262963,47.35951440189381,-0.03737079575721094,0.01
0.36363636363636365,0.7551020408163265,0.011590371415588958,0.25131631723376385,-0.6296208110509555,19.46807935168959,-0.0072975390510649305,0.01
0.36363636363636365,0.7755102040816326,0.0027951277397655428,0.40579675375482277,-0.2679575307223499,15.974922120513753,-0.0007489755272011179,0.01
0.36363636363636365,0.7959183673469387,0.0006533293452889628,-0.2277921941991088,-0.05821795946176581,4.579555863023488,-3.8035501339214837e-05,0.01
0.36363636363636365,0.8163265306122448,0.00041888449642816275,-0.07097918914239724,0.009678168671086673,2.074264693996056,4.054034810134962e-06,0.01
0.36363636363636365,0.836734693877551,0.001048356637986378,-0.03954782947120087,-0.040001861186428435,-6.942907620032536,-4.19362167066019e-05,0.01
0.36363636363636365,0.8571428571428571,-0.0012138445315893244,0.2921490103428669,0.0061000077633618635,11.460890777111986,-7.404461066209223e-06,0.01
0.36363636363636365,0.8775510204081632,0.0012973365466950255,-0.43828522054108526,0.05773404840990132,-6.400754793751121,7.49004909908248e-05,0.01
0.36363636363636365,0.8979591836734693,0.0011426472402433822,-0.09613569057731329,-0.03502939547643315,-2.6900627071096577,-4.002624206854035e-05,0.01
0.36363636363636365,0.9183673469387754,-0.00013243469724102128,0.027943952340235563,-0.03908625514787787,2.292490459308074,5.176376366794515e-06,0.01
0.36363636363636365,0.9387755102040816,-0.0004527101127312249,-0.01746674833892373,-0.015112851722204454,0.056903076407921326,6.841740806849465e-06,0.01
0.36363636363636365,0.9591836734693877,-0.0007492857879432439,0.197015589360691,-0.009451896152162917,0.4978705694561494,7.082171455931106e-06,0.01
0.36363636363636365,0.9795918367346939,-0.000838501792411344,0.05689631512776979,0.04839790080116359,5.171409531969849,-4.058172657072209e-05,0.01
0.36363636363636365,1.0,0.0012261387345532289,-0.24789125732680822,0.10116738582126408,0.0,0.000124045250428943,0.01
0.36868686868686873,0.0,-0.00033886414326609135,0.041292799191872,2.2721655731029258,0.0,-0.0007699554402882304,0.01
0.36868686868686873,0.02040816326530612,0.046031861838426266,0.002473453092891445,2.3299537740403355,5.663243691866167,0.10725211021654457,0.01
0.36868686868686873,0.04081632653061224,0.09476128989919658,-0.2546391879885342,2.3101589323216674,-7.603138180295667,0.21891364029895197,0.01
0.36868686868686873,0.061224489795918366,0.14032406315767798,0.008299169597178413,2.312903843896579,7.8721395146370625,0.32455606506857976,0.01
0.36868686868686873,0.08163265306122448,0.18916552842558756,-0.7252202854242965,2.305608497940452,-8.587083418337565,0.4361416498554308,0.01
0.36868686868686873,0.1020408163265306,0.23443053246136988,-0.930104039242608,2.1951064535886977,-2.2421169281343496,0.5145999747241877,0.01
0.36868686868686873,0.12244897959183673,0.27876171020471807,-0.39165408856772616,2.223444832170258,5.019278029127268,0.6198112839616234,0.01
0.36868686868686873,0.14285714285714285,0.32518338275403347,-0.7652347435805374,2.2696847185672526,-0.48776916222180394,0.7380637545688357,0.01
0.36868686868686873,0.16326530612244897,0.3714019027992998,-0.9437618477101904,2.2017469663532716,-6.1701305547483205,0.817733012786191,0.01
0.36868686868686873,0.18367346938775508,0.4150506058704935,-0.9257977353835904,2.1934441909121145,5.356458561514909,0.9103903403811876,0.01
0.36868686868686873,0.2040816326530612,0.46093023712224324,-1.184474404058236,2.1121868775617636,-13.319675269849295,0.9735707983210342,0.01
0.36868686868686873,0.22448979591836732,0.5012623151587288,-0.9065673340010582,2.0492172335217287,7.1486501539258915,1.027195374738267,0.01
0.36868686868686873,0.24489795918367346,0.544571756857824,-0.8897494415385764,2.096864707000102,-2.4791977530453084,1.141893297384212,0.01
0.36868686868686873,0.26530612244897955,0.5868486297301615,-1.6727445968984749,2.0467163965000346,-2.4353366759613144,1.2011127127322991,0.01
0.36868686868686873,0.2857142857142857,0.6281112016129274,-1.3744171300166341,1.9363397060795673,-8.38157898524447,1.2162366595164598,0.01
0.36868686868686873,0.3061224489795918,0.6658829034476949,-1.2570823835044578,1.863963357777637,1.2886968516552992,1.2411813325970875,0.01
0.36868686868686873,0.32653061224489793,0.7041913386650759,-1.4277066222555483,1.8195346382994844,-5.642711360514253,1.2813005326915885,0.01
0.36868686868686873,0.3469387755102041,0.740149623378286,-1.694391894396137,1.7236534018557192,-3.753649810974736,1.275761416218212,0.01
0.36868686868686873,0.36734693877551017,0.7745445387408195,-1.2692040810653111,1.6560178372518364,-2.8746355202057923,1.2826595719007932,0.01
0.36868686868686873,0.3877551020408163,0.8077421881640753,-1.5551992919823239,1.4537566840949927,-16.946957489164888,1.1742606050690398,0.01
0.36868686868686873,0.4081632653061224,0.8338815462549009,-0.9675818995911641,1.3517761524916845,6.952865392040684,1.1272211882302665,0.01
0.36868686868686873,0.42857142857142855,0.8629167250004706,-1.245854380420155,1.3274114987148276,-9.340601462172659,1.1454455831989654,0.01
0.36868686868686873,0.44897959183673464,0.8880616074269346,-1.2457749437018477,1.0680293866372352,-16.078845521431404,0.9484758938762662,0.01
0.36868686868686873,0.4693877551020408,0.9065097611897455,-0.5702585993977887,0.9316414965832939,2.7128322961451543,0.8445421105821788,0.01
0.36868686868686873,0.4897959183673469,0.9260877909609466,-1.1654133544802265,0.7805912165767619,-17.51575973678529,0.7228959954030912,0.01
0.36868686868686873,0.5102040816326531,0.9383706271724704,-0.6719444724001017,0.3996346061351313,-19.817988086494516,0.37500537599884637,0.01
0.36868686868686873,0.5306122448979591,0.9423994075378908,-0.3219991921257537,0.09021009327825714,-10.505614173479154,0.08501393845936739,0.01
0.36868686868686873,0.5510204081632653,0.9420526717960728,-0.2436865361139917,-0.4630779846841853,-43.71661746684021,-0.43624385272167765,0.01
0.36868686868686873,0.5714285714285714,0.9234982653058832,0.451329061389168,-1.4274129862611649,-50.78821268770379,-1.3182134166872763,0.01
0.36868686868686873,0.5918367346938775,0.8837909172548007,1.0298636318822771,-2.863457616424219,-89.94416106827558,-2.530697833339806,0.01
0.36868686868686873,0.6122448979591836,0.8066224442273436,1.9098626906803282,-5.003604936764139,-119.79027632503664,-4.0360200440406935,0.01
0.36868686868686873,0.6326530612244897,0.6795621443256522,2.9410954932750215,-7.4893836907938836,-123.81604156987832,-5.0895016405934586,0.01
0.36868686868686873,0.6530612244897959,0.5009333139908586,3.7015300352467,-9.074178593758763,-31.49385892067991,-4.545558354716486,0.01
0.36868686868686873,0.673469387755102,0.3091875078457027,4.082926076607641,-8.3689473126347,100.60652447083808,-2.587573962885514,0.01
0.36868686868686873,0.6938775510204082,0.15934362776087088,3.0864560490328325,-5.847396748696299,146.50543079512516,-0.9317454108943898,0.01
0.36868686868686873,0.7142857142857142,0.07051825279687418,1.7436257834082156,-3.1614111814779586,116.72115479227222,-0.22293719289032737,0.01
0.36868686868686873,0.7346938775510203,0.030306436680137872,0.6209968736927403,-1.4126358727696335,54.6588254611437,-0.0428119596301842,0.01
0.36868686868686873,0.7551020408163265,0.012859645745052412,-0.04230765277106384,-0.6238148444583486,22.645635313362227,-0.008022037910239335,0.01
0.36868686868686873,0.7755102040816326,0.00484460629408283,-0.1765587797900578,-0.32724115966227607,6.418585796652882,-0.0015853545817828267,0.01
0.36868686868686873,0.7959183673469387,-0.0004971362819792635,0.9023949538490741,-0.1172129624970279,14.164177525541442,5.82708163755473e-05,0.01
0.36868686868686873,0.8163265306122448,6.040374318373222e-05,0.10799118356396116,0.032971031983378314,0.553853933538369,1.991573748426605e-06,0.01
0.36868686868686873,0.836734693877551,0.0008486201255055655,-0.12077970928993266,0.0049306685478593005,-3.3018095502192324,4.184264561910704e-06,0.01
0.36868686868686873,0.8571428571428571,0.0002616555206473771,-0.1644148006407873,-0.043238709818517775,-1.4187895296857216,-1.1313647129685125e-05,0.01
0.36868686868686873,0.8775510204081632,-0.0009162251732094458,-0.21392582045399028,0.00968871925563659,6.605677578952851,-8.877048478173327e-06,0.01
0.36868686868686873,0.8979591836734693,0.0006571134494488706,-0.08487579490893626,0.02266057793564949,-5.334435428311587,1.4890570533799603e-05,0.01
0.36868686868686873,0.9183673469387754,8.696375184410862e-06,-0.1800075932935047,-0.0293519668406024,0.2372060402389006,-2.552557160462652e-07,0.01
0.36868686868686873,0.9387755102040816,-0.0005409260134328599,-0.11721488474942264,0.0058076286161852335,3.2084343145262877,-3.141497394851675e-06,0.01
0.36868686868686873,0.9591836734693877,0.00024574244115115507,0.3067300873988287,-0.0002504059757286165,-3.802121704533845,-6.15353757543871e-08,0.01
0.36868686868686873,0.9795918367346939,-0.0005511466655034157,0.2669861709594984,-0.006653703965723948,3.1745985015143026,3.6671667539556075e-06,0.01
0.36868686868686873,1.0,-2.5837312551863185e-05,0.19321251291442193,0.025740158294626073,0.0,-6.650565149926875e-07,0.01
0.37373737373737376,0.0,-0.00013031465239805092,0.04313663275547348,2.262558765229946,0.0,-0.0002948445590211037,0.01
0.37373737373737376,0.02040816326530612,0.0460443540257641,-0.3274770753785488,2.29333592714175,3.016161867356819,0.10559517132931868,0.01
0.37373737373737376,0.04081632653061224,0.09347523339420398,-0.13799254152451856,2.3108797911820464,-1.2968631914077917,0.21601002782669115,0.01
0.37373737373737376,0.061224489795918366,0.14036597815564353,-0.7015178905714535,2.254675374769427,-4.211169617028887,0.31647971440295275,0.01
0.37373737373737376,0.08163265306122448,0.18550279971132344,-0.4367399239217232,2.189492949371892,-2.176708071929505,0.40615707205668894,0.01
0.37373737373737376,0.1020408163265306,0.22973303731367994,-0.4750130987590482,2.2363810587552932,6.77174279150281,0.5137706132186368,0.01
0.37373737373737376,0.12244897959183673,0.2767836592523558,-0.4782872750663601,2.243845325825413,-6.040244618631075,0.6210597200782525,0.01
0.37373737373737376,0.14285714285714285,0.321318560816758,-1.0254561084942098,2.2013683544309375,1.877501421972455,0.7073405114733037,0.01
0.37373737373737376,0.16326530612244897,0.3666354288209655,-0.5639381894410427,2.1818793234281464,-3.7874264602459795,0.7999542613806765,0.01
0.37373737373737376,0.18367346938775508,0.41037485973219257,-0.583277478923062,2.1636590513639975,2.0018397979594016,0.8879112797117893,0.01
0.37373737373737376,0.2040816326530612,0.45494804316235316,-1.1360236150336755,2.1145663969247535,-6.8129199330053165,0.9620178444177844,0.01
0.37373737373737376,0.22448979591836732,0.4966836922597335,-0.8873615937111539,2.0856857263587574,3.9826142175376833,1.035926087461292,0.01
0.37373737373737376,0.24489795918367346,0.5400780728096494,-1.0110273127093787,2.0020599446718865,-12.177940822851046,1.0812686765677857,0.01
0.37373737373737376,0.26530612244897955,0.5784004246953207,-0.5905970674532128,1.986744889592396,10.677065425060993,1.1491340879015,0.01
0.37373737373737376,0.2857142857142857,0.6211697009562778,-1.2378985406249554,1.9877726567268068,-10.57634424588873,1.2347441467480564,0.01
0.37373737373737376,0.3061224489795918,0.6595340025209047,-1.503367646880949,1.8573694559601956,-2.203169429239171,1.2249983114495029,0.01
0.37373737373737376,0.32653061224489793,0.6969806991587347,-1.2655792908266297,1.7654231079113727,-6.807572679545486,1.2304658320630548,0.01
0.37373737373737376,0.3469387755102041,0.7315920885581035,-1.1419708998411089,1.7432660900332992,4.636184927494288,1.2753596797199804,0.01
0.37373737373737376,0.36734693877551017,0.7681344171192775,-1.3850256658965485,1.673241164318192,-11.498627647574791,1.2852741264535357,0.01
0.37373737373737376,0.3877551020408163,0.7998876462853767,-1.8148546743640606,1.4910786206915412,-6.353301627836991,1.1926953683314028,0.01
0.37373737373737376,0.4081632653061224,0.8289947689842384,-1.2164099976570635,1.3900536794274074,-3.547142616048113,1.1523472288526142,0.01
0.37373737373737376,0.42857142857142855,0.8566245311599647,-1.4966470165638444,1.2929886220445663,-5.965233007470323,1.1076057721540955,0.01
0.37373737373737376,0.44897959183673464,0.8817698147819758,-1.5110151788187165,1.1516258342889927,-7.888320192575898,1.0154688985991434,0.01
0.37373737373737376,0.4693877551020408,0.903629667253393,-1.2104374556237465,0.9415852285829389,-12.69565916661737,0.8508443467951111,0.01
0.37373737373737376,0.4897959183673469,0.9202018649282182,-1.1001195257237626,0.7680088737052636,-4.31482361139482,0.7067231978650039,0.01
0.37373737373737376,0.5102040816326531,0.9349769682209548,-1.00645540296522,0.5039964595577807,-21.558392975058503,0.47122508175142885,0.01
0.37373737373737376,0.5306122448979591,0.9407731489918011,-0.2931418870820226,0.14320160559648792,-13.799502713148193,0.13472022543768988,0.01
0.37373737373737376,0.5510204081632653,0.940821931714689,-0.2770053364291447,-0.36738837755733894,-36.238315635926845,-0.34564704306302113,0.01
0.37373737373737376,0.5714285714285714,0.9257777050098689,0.23695934239974534,-1.2698272331505154,-52.20069221220445,-1.1755777416651159,0.01
0.37373737373737376,0.5918367346938775,0.8889922487289537,0.6114172920079961,-2.682982495628091,-86.28852351059797,-2.3851506420888366,0.01
0.37373737373737376,0.6122448979591836,0.8162682153923958,1.9409747768657346,-4.767114125632209,-117.95637622980564,-3.8912437399016846,0.01
0.37373737373737376,0.6326530612244897,0.6944161619684553,2.93020888326842,-7.267687478966226,-127.09981239692813,-5.0467996455299255,0.01
0.37373737373737376,0.6530612244897959,0.5196279101284682,4.127873536714861,-8.932891476124171,-36.090179324550654,-4.641779729142811,0.01
0.37373737373737376,0.673469387755102,0.32980834661644837,3.8299288470295574,-8.445054952342982,83.8981586551071,-2.785249610917288,0.01
0.37373737373737376,0.6938775510204082,0.17493178962467307,2.5236735876756313,-6.136855623359864,142.3053755852384,-1.0735311368625795,0.01
0.37373737373737376,0.7142857142857142,0.0793244436221682,1.4698231973424163,-3.4664806248912527,119.39137426468557,-0.27497664689652457,0.01
0.37373737373737376,0.7346938775510203,0.033442784527070904,0.4945998409240687,-1.633622585832221,60.22871356309957,-0.054632888136543364,0.01
0.37373737373737376,0.7551020408163265,0.01264597073105714,0.08696702148082984,-0.7225022864297049,29.061075778347025,-0.00913674276731191,0.01
0.37373737373737376,0.7755102040816326,0.003952895285042134,0.30423926499623544,-0.2103461401562489,21.130226556451674,-0.0008314762656504481,0.01
0.37373737373737376,0.7959183673469387,0.004060413989985758,-0.6882742495805629,-0.08200349733453564,-8.552647559923777,-0.00033296814780490834,0.01
0.37373737373737376,0.8163265306122448,0.0006058137611835361,-0.011516099881537989,-0.09363391370806447,7.412866755317953,-5.672471343781719e-05,0.01
0.37373737373737376,0.836734693877551,0.00023862159373822875,0.23525859523014125,-0.02877613252798079,-1.056804199669752,-6.866606605449262e-06,0.01
0.37373737373737376,0.8571428571428571,-0.0005687222603667003,-0.04055956886581425,-0.05476436498780774,-1.4900425813932887,3.1145713443413004e-05,0.01
0.37373737373737376,0.8775510204081632,-0.0019966586098457604,0.41425623550965657,0.019530666934577758,8.770955709787069,-3.8996074290954584e-05,0.01
0.37373737373737376,0.8979591836734693,0.0002284478185956571,-0.01878773165568499,0.026857530286315635,-8.052923101316757,6.135544206775601e-06,0.01
0.37373737373737376,0.9183673469387754,-0.0009004328838736937,0.11717855116476081,-0.03335352088652117,2.1522400863787485,3.003260699919173e-05,0.01
0.37373737373737376,0.9387755102040816,-0.0011329203808541864,0.08855518999102185,0.06603527092407498,7.587861511059675,-7.481270428511241e-05,0.01
0.37373737373737376,0.9591836734693877,0.0017948842967007949,-0.3607699835606295,0.0472896236448197,-9.42493494442669,8.487940287697749e-05,0.01
0.37373737373737376,0.9795918367346939,0.000797268339342536,-0.16389896285277725,-0.020700070505461146,2.7619449176991675,-1.6503510836162417e-05,0.01
0.37373737373737376,1.0,0.0009499834597431971,-0.23621083499544038,0.007483040899632395,0.0,7.108765083232629e-06,0.01
0.37878787878787884,0.0,8.754712919524948e-05,-0.025477775239816827,2.1708412313987986,0.0,0.0001900509177476451,0.01
0.37878787878787884,0.02040816326530612,0.04439042940264012,0.0728180045979145,2.2709234788091246,9.808060246211943,0.10080726836487434,0.01
0.37878787878787884,0.04081632653061224,0.09277830136630237,-0.19980199265288964,2.2645969630394895,-10.428058791636166,0.21010545951009088,0.01
0.37878787878787884,0.061224489795918366,0.13682295850629275,-0.15439158376721362,2.217709158260682,5.8330539233130025,0.30343352813972674,0.01
0.37878787878787884,0.08163265306122448,0.18329704251979959,-0.3311839157603038,2.21752005744969,-5.851585802790212,0.40646486825886424,0.01
0.37878787878787884,0.1020408163265306,0.22733398125934132,-0.20821565186908783,2.2312400986389114,7.196149839333928,0.5072366947690692,0.01
0.37878787878787884,0.12244897959183673,0.27436806695404087,-0.9293135090328162,2.1757349534086887,-12.635654071895779,0.5969521933710821,0.01
0.37878787878787884,0.14285714285714285,0.31613948956173676,-0.39256689816014984,2.19077013522801,14.109101890189232,0.69258895229808,0.01
0.37878787878787884,0.16326530612244897,0.36378725614702084,-1.2705628694927498,2.236593345774071,-9.618427256675186,0.8136441563758344,0.01
0.37878787878787884,0.18367346938775508,0.4074290138790458,-1.1184142394262508,2.0928707032477374,-4.466391710905524,0.8526962468005708,0.01
0.37878787878787884,0.2040816326530612,0.44921055015713257,-0.9890610173174299,2.076939827165621,2.9051658548581094,0.9329832824043285,0.01
0.37878787878787884,0.22448979591836732,0.49220206804907113,-1.2577060444834067,2.1011524405352486,-0.5323297446346016,1.0341915765178022,0.01
0.37878787878787884,0.24489795918367346,0.5349718742606121,-1.1224214269717998,2.03878080776946,-5.5800902664127,1.0906903899389926,0.01
0.37878787878787884,0.26530612244897955,0.5754176112233348,-1.299710889610163,1.9586724396735493,-2.2705298069865267,1.127054616405935,0.01
0.37878787878787884,0.2857142857142857,0.6149176881248386,-1.119106427011762,1.8748288224036778,-5.946144685460887,1.152865405102283,0.01
0.37878787878787884,0.3061224489795918,0.6519412366275665,-1.069921877269019,1.8539443126271602,3.899462727362154,1.2086627478127947,0.01
0.37878787878787884,0.32653061224489793,0.6905888845586002,-0.7858452861992405,1.8101413922673124,-8.192148922627233,1.250063524979235,0.01
0.37878787878787884,0.3469387755102041,0.7258245587609262,-1.5365434940623655,1.7284861092796981,0.18993118984102192,1.254577667592327,0.01
0.37878787878787884,0.36734693877551017,0.7611393379985879,-1.4966779906455618,1.5899802932282308,-13.763501162884818,1.2101965478185361,0.01
0.37878787878787884,0.3877551020408163,0.7907217135865683,-1.0901894334816955,1.5119426806504674,6.115815130264006,1.1955259072886073,0.01
0.37878787878787884,0.4081632653061224,0.8228512841475866,-1.669993805190208,1.4294278593067271,-14.202267621950549,1.176206549626876,0.01
0.37878787878787884,0.42857142857142855,0.8490657078439857,-1.0301724021971574,1.2565349506382002,-2.741237427565103,1.0668807372943312,0.01
0.37878787878787884,0.44897959183673464,0.8741384249899621,-0.9807701335092579,1.1870406536982472,-4.069203672550284,1.0376378474228407,0.01
0.37878787878787884,0.4693877551020408,0.8975163467704448,-0.7796069600611207,0.9924283775770115,-15.002799387330816,0.890720691874239,0.01
0.37878787878787884,0.4897959183673469,0.9146457057073911,-1.1764546279930042,0.7932490771907883,-4.516772050519065,0.7255418620089054,0.01
0.37878787878787884,0.5102040816326531,0.9298938601251708,-0.5328230070577262,0.603849753228097,-14.044361697824684,0.5615161779649069,0.01
0.37878787878787884,0.5306122448979591,0.9392926344105788,-0.6274319081848918,0.23346184110221443,-22.253653690511815,0.21928898776324293,0.01
0.37878787878787884,0.5510204081632653,0.9394229148640367,-0.2975554765296027,-0.30179504360631204,-30.201521010923788,-0.28351317955616073,0.01
0.37878787878787884,0.5714285714285714,0.9269744693654232,0.1874627245054243,-1.159896150338849,-53.89238744886483,-1.0751941184793516,0.01
0.37878787878787884,0.5918367346938775,0.8920802148502062,0.8442199446264792,-2.4721321009593193,-74.70673571194129,-2.2053401357618814,0.01
0.37878787878787884,0.6122448979591836,0.8260711183058591,0.8497452155229447,-4.4801929438853385,-122.08322689480858,-3.7009579953813807,0.01
0.37878787878787884,0.6326530612244897,0.7092151967324373,2.657806361951571,-6.997086369792976,-124.57232884413996,-4.962439986306581,0.01
0.37878787878787884,0.6530612244897959,0.5404757562734928,3.899015122761498,-8.821562490709283,-54.226331005658054,-4.767840658679976,0.01
0.37878787878787884,0.673469387755102,0.34915142160144613,3.914507523368859,-8.643554440986724,71.67111987846896,-3.017909320760008,0.01
0.37878787878787884,0.6938775510204082,0.18767761582505504,2.336471708735913,-6.42888889819489,145.36610331513094,-1.206558540817382,0.01
0.37878787878787884,0.7142857142857142,0.08674779310369556,1.8359565478803843,-3.7175528814337446,120.34482632746136,-0.32248950821066175,0.01
0.37878787878787884,0.7346938775510203,0.03594076352163691,0.8063379376243204,-1.8047335772898419,67.11146547864118,-0.06486350272093203,0.01
0.37878787878787884,0.7551020408163265,0.013085198112273452,0.5762235543855205,-0.7460570041581489,36.638838688264734,-0.009762303702458596,0.01
0.37878787878787884,0.7755102040816326,0.005489457229467565,0.18339725264684575,-0.3062724590502091,6.460046732313377,-0.0016812695645199791,0.01
0.37878787878787884,0.7959183673469387,0.0005842814163465506,0.1497666031950951,-0.12107423692799751,11.68937903566336,-7.074142663536823e-05,0.01
0.37878787878787884,0.8163265306122448,0.0005476516405697079,-0.48734235341258614,0.020641615069017637,2.198774460044128,1.1304414356555913e-05,0.01
0.37878787878787884,0.836734693877551,0.0014267963171227806,-0.3791140814885782,-0.03236989510431801,-7.393902457031022,-4.6185247120491665e-05,0.01
0.37878787878787884,0.8571428571428571,-0.0007735685677698026,0.17079872735136706,-0.03261566707443337,7.369816803959717,2.523045486562613e-05,0.01
0.37878787878787884,0.8775510204081632,9.554459979896975e-05,0.19569967140221833,0.022224656892396784,-1.9954650552103605,2.1234459484534655e-06,0.01
0.37878787878787884,0.8979591836734693,0.00013356028498108643,0.2688972525377963,-0.009902082170502275,-1.1529553729537474,-1.3225249165984188e-06,0.01
0.37878787878787884,0.9183673469387754,-0.0003086220194052047,0.1972961962211012,-0.02007118967266098,0.15638283774219455,6.194411088641521e-06,0.01
0.37878787878787884,0.9387755102040816,-0.0006856719465560962,-0.058924642354349445,0.0068951744555292,2.486320846820443,-4.727827690766578e-06,0.01
0.37878787878787884,0.9591836734693877,-2.718632734278842e-05,0.26474050776730856,0.01605160978283446,-1.5889901847445276,-4.3638431793484256e-07,0.01
0.37878787878787884,0.9795918367346939,-3.0504200317955164e-05,-0.12047847293108993,-0.00528744858704128,-0.5022375355032949,1.6128939086999622e-07,0.01
0.37878787878787884,1.0,-0.00024300055538528965,0.2504281358185572,-0.01041232139829939,0.0,2.5301998826368876e-06,0.01
0.38383838383838387,0.0,-4.112850332907794e-05,0.17987604877675706,2.1951669546919748,0.0,-9.028393140393076e-05,0.01
0.38383838383838387,0.02040816326530612,0.044758197102629585,0.13886000362395742,2.2493530579676078,5.310238121012075,0.10067698752191678,0.01
0.38383838383838387,0.04081632653061224,0.09176920039330798,-0.5089153233178518,2.236482645287239,-6.571538563688241,0.20524022405152015,0.01
0.38383838383838387,0.061224489795918366,0.13604320303272097,-0.4410180899561074,2.201452304138805,3.1385651311416995,0.29949262277880684,0.01
0.38383838383838387,0.08163265306122448,0.18162439648060613,-0.4681454422517705,2.2108600086189028,-2.2166100920921337,0.40154611476851587,0.01
0.38383838383838387,0.1020408163265306,0.2262823870579823,-0.4691175197385155,2.1572291136127673,-3.039217618509113,0.48814295325927226,0.01
0.38383838383838387,0.12244897959183673,0.26967456438316806,-0.6150621334336004,2.152923814347421,2.617298290505154,0.5805887917842893,0.01
0.38383838383838387,0.14285714285714285,0.3141568284599178,-0.8161485519086081,2.148544835575139,-3.0464382101887746,0.6749800313482213,0.01
0.38383838383838387,0.16326530612244897,0.3573702719576635,-0.36265317770893063,2.146778902031549,2.8733767229169187,0.767194960051989,0.01
0.38383838383838387,0.18367346938775508,0.40178045711426674,-0.8251090167342289,2.127703003138118,-4.742814814473125,0.8548694852042312,0.01
0.38383838383838387,0.2040816326530612,0.4442152924939132,-0.6277769755217731,2.0597042250247104,-1.9210654406408267,0.9149521147703006,0.01
0.38383838383838387,0.22448979591836732,0.48585001731935695,-0.8824728287628747,2.0846507736840767,4.365827209258727,1.0128276144992194,0.01
0.38383838383838387,0.24489795918367346,0.5293030791748959,-1.3305914429862682,2.03358323854923,-9.370445652473704,1.0763818699225642,0.01
0.38383838383838387,0.26530612244897955,0.5688534148111623,-1.1969124241000022,1.959082629062544,2.069385922778477,1.1144308434394576,0.01
0.38383838383838387,0.2857142857142857,0.609265635463163,-1.6755808506609713,1.903262311304476,-7.539777063069143,1.15959232155001,0.01
0.38383838383838387,0.3061224489795918,0.6465375907827735,-1.0459061676084513,1.8951811709600226,6.747825309312721,1.2253058683693685,0.01
0.38383838383838387,0.32653061224489793,0.6866199689717354,-2.016393238992067,1.7524028588762166,-20.740099893525727,1.2032347965875683,0.01
0.38383838383838387,0.3469387755102041,0.7180642380838436,-1.5657482143860828,1.6405295372648754,9.7765143756143,1.1780055922301431,0.01
0.38383838383838387,0.36734693877551017,0.7535803582478527,-1.5556874258322526,1.6452109724414956,-9.317733728305534,1.2397986740057605,0.01
0.38383838383838387,0.3877551020408163,0.7852157063467617,-1.0244703295534154,1.490497036931559,-5.844231951668231,1.1703616836619697,0.01
0.38383838383838387,0.4081632653061224,0.8144169720001613,-0.9592362758094611,1.4368542091373897,0.587234827839623,1.1701984542113595,0.01
0.38383838383838387,0.42857142857142855,0.843862816923798,-0.913187299428135,1.341817677689631,-9.900814909719994,1.1323100452933208,0.01
0.38383838383838387,0.44897959183673464,0.8691850404772891,-1.265591958893595,1.2180449634575043,-2.22891108502841,1.058706460865969,0.01
0.38383838383838387,0.4693877551020408,0.8935789378812472,-1.2361371595025514,0.9682148921484672,-22.254435903257228,0.8651764349668336,0.01
0.38383838383838387,0.4897959183673469,0.9087040156670224,-0.7492536852327732,0.8237854754159558,8.100353063471111,0.7485771695586462,0.01
0.38383838383838387,0.5102040816326531,0.9272028348370005,-0.6974202886915132,0.6717843826993029,-22.996460149703104,0.622880384038018,0.01
0.38383838383838387,0.5306122448979591,0.9361237863894429,-0.543083066858278,0.2625732274554418,-17.10623306419528,0.24580104389008461,0.01
0.38383838383838387,0.5510204081632653,0.9379201094270185,-0.6633866718315305,-0.20096212188453053,-28.320231171122018,-0.1884864153486247,0.01
0.38383838383838387,0.5714285714285714,0.9279212508023192,-0.1124855644296605,-1.0186158583271114,-51.80983500025093,-0.9451953013459713,0.01
0.38383838383838387,0.5918367346938775,0.8963439519442793,0.6034990079601206,-2.3901830048485655,-82.6037453588516,-2.1424260804360156,0.01
0.38383838383838387,0.6122448979591836,0.8303627608085002,1.8872061438307792,-4.2557845235597584,-100.22520347484534,-3.5338449863891688,0.01
0.38383838383838387,0.6326530612244897,0.7226384611867381,2.79406673357828,-6.619777719654873,-131.44612974247582,-4.783705984729652,0.01
0.38383838383838387,0.6530612244897959,0.5601677518429953,3.8102033608835844,-8.666061589422801,-69.08968949478137,-4.854448237879905,0.01
0.38383838383838387,0.673469387755102,0.3689216616184606,4.152233567964181,-8.836899459388881,52.34757823810538,-3.260123632113022,0.01
0.38383838383838387,0.6938775510204082,0.19947797799038794,3.572974005972438,-6.686083337081089,158.43240174805814,-1.3337263847561611,0.01
0.38383838383838387,0.7142857142857142,0.09602030092127326,1.5708372177312548,-3.906887615737957,113.92877894356901,-0.3751405245287544,0.01
0.38383838383838387,0.7346938775510203,0.040013177348022365,1.1457080850744437,-1.9606096295152162,76.8064637062596,-0.07845022081603277,0.01
0.38383838383838387,0.7551020408163265,0.015995418083917495,0.32890811187814195,-0.8231380485114222,34.66575123211221,-0.01316643722672016,0.01
0.38383838383838387,0.7755102040816326,0.0064157059802092105,0.06295126237655237,-0.35904112220255974,10.815747546156336,-0.0023035022748559885,0.01
0.38383838383838387,0.7959183673469387,0.0013406784021803644,0.31168063906717847,-0.20406979424343227,4.371442593838157,-0.0002735919656795605,0.01
0.38383838383838387,0.8163265306122448,-0.001913673376665576,0.7416850472355963,-0.044800691874164175,11.23692943835012,8.57338912957858e-05,0.01
0.38383838383838387,0.836734693877551,-0.00048792126615286694,0.04870753866853713,0.04906675377809036,-2.0379197644291747,-2.3940712629416816e-05,0.01
0.38383838383838387,0.8571428571428571,8.905126733811192e-05,0.1011649494976566,0.038510277096397524,1.003385049623277,3.4293889809760644e-06,0.01
0.38383838383838387,0.8775510204081632,0.0010839267785980524,-0.08611754042421804,0.034363110766475156,-1.4098073499556698,3.7247095955713465e-05,0.01
0.38383838383838387,0.8979591836734693,0.0014916272169901588,-0.5401879602198053,-0.009704532382307177,-2.9088216786249985,-1.447554462961173e-05,0.01
0.38383838383838387,0.9183673469387754,0.0006878234160549023,0.08968835430558456,-0.060635010000224476,-2.0823651279308963,-4.170617971087756e-05,0.01
0.38383838383838387,0.9387755102040816,-0.0009832711503659419,0.07648341468011356,0.015240556439782137,9.518170639051545,-1.4985599462761645e-05,0.01
0.38383838383838387,0.9591836734693877,0.0013098869442092751,-0.3739910226600388,0.008435100443793335,-10.185105326658448,1.1049027944418752e-05,0.01
0.38383838383838387,0.9795918367346939,-0.0006389813363335609,0.1256391427174743,-0.007058423903932231,8.666739940581342,4.510201138543367e-06,0.01
0.38383838383838387,1.0,0.0010217880093548984,-0.07199991868907418,0.0813776979387345,0.0,8.315075598270375e-05,0.01
0.3888888888888889,0.0,0.0008673363894828265,-0.2322272565714458,2.185016519275373,0.0,0.0018951443387886348,0.01
0.3888888888888889,0.02040816326530612,0.04545951025224553,-0.16479621990662316,2.164123822531659,-2.0474842808839484,0.09838000909750673,0.01
0.3888888888888889,0.04081632653061224,0.08919892098261176,-0.11730942056306994,2.1647300528998064,2.1068948569624304,0.1930915849372948,0.01
0.3888888888888889,0.061224489795918366,0.13381583894203355,0.033882348105732985,2.206497062149507,1.9862720495081867,0.2952642554946686,0.01
0.3888888888888889,0.08163265306122448,0.17926002556014264,-0.7430158199419997,2.2073830589741097,-1.8994443606971216,0.39569554357272474,0.01
0.3888888888888889,0.1020408163265306,0.2239131066552625,-0.42341934112434854,2.139050028087743,-4.7971926661668105,0.47896133708015304,0.01
0.3888888888888889,0.12244897959183673,0.26656818997188725,-0.3901209918169643,2.1099831058213234,1.9486342840577033,0.5624543773900512,0.01
0.3888888888888889,0.14285714285714285,0.310034866076541,-0.16937382924858366,2.179777256864303,4.891192518154256,0.675806949908614,0.01
0.3888888888888889,0.16326530612244897,0.35553869025206286,-1.1395381315188355,2.14567015764656,-8.233688241493018,0.7628687575625953,0.01
0.3888888888888889,0.18367346938775508,0.39761323985803326,-0.43999739438284374,2.0948972806814785,3.2579462989149963,0.8329588949415464,0.01
0.3888888888888889,0.2040816326530612,0.4410447017084497,-1.1680649329830173,2.0526061775767213,-7.4024744031811895,0.9052910793142462,0.01
0.3888888888888889,0.22448979591836732,0.4813930838407566,-0.4895754671986456,1.9976863572553891,2.020332011690631,0.9616723960657791,0.01
0.3888888888888889,0.24489795918367346,0.522582920371935,-1.1373633778656402,1.9946753088231712,-2.3154147580479787,1.0423832480786042,0.01
0.3888888888888889,0.26530612244897955,0.562808402568233,-1.5819446641296122,1.916394545789664,-5.356100019235729,1.0785629530063552,0.01
0.3888888888888889,0.2857142857142857,0.6008031059143703,-0.6539010843367675,1.9219474289006526,5.900282564112619,1.1547119846876504,0.01
0.3888888888888889,0.3061224489795918,0.6412552364009126,-1.7303711161468738,1.853009941090771,-12.65615636948103,1.1882523278274035,0.01
0.3888888888888889,0.32653061224489793,0.6764361647344017,-1.1186197410785659,1.6880789692496914,-3.5070788709447718,1.1418776637280632,0.01
0.3888888888888889,0.3469387755102041,0.7101564188192674,-1.032452949415669,1.697536064650812,4.433874220254597,1.205516132488973,0.01
0.3888888888888889,0.36734693877551017,0.7457233510466797,-0.9133821967465391,1.7121872763728105,-2.998055471498753,1.2768180333562198,0.01
0.3888888888888889,0.3877551020408163,0.7800416137732596,-1.269580637969749,1.5643003357980156,-11.494864704831134,1.220219358361936,0.01
0.3888888888888889,0.4081632653061224,0.8095723443445579,-1.1961427431938005,1.450624079026629,0.3545915412352288,1.1743851364202533,0.01
0.3888888888888889,0.42857142857142855,0.8392507598559792,-1.196459849736313,1.3039100300352808,-14.732568342387335,1.094307483490942,0.01
0.3888888888888889,0.44897959183673464,0.8627931618970184,-0.8442710613351111,1.1780839959230436,2.401616999388082,1.0164428158227168,0.01
0.3888888888888889,0.4693877551020408,0.8873358209140626,-1.6716822413314305,1.0321052340913466,-16.70753565889439,0.9158239451621457,0.01
0.3888888888888889,0.4897959183673469,0.9049199061456448,-0.3361094079525066,0.8904448861981298,2.8248215653591306,0.8057813028462809,0.01
0.3888888888888889,0.5102040816326531,0.9236805101466393,-0.8851730729468624,0.6972953935587732,-21.753471844016072,0.6440781648452693,0.01
0.3888888888888889,0.5306122448979591,0.9333809426174314,-0.6571862083827685,0.26678445782448007,-20.436599857944664,0.2490115287198936,0.01
0.3888888888888889,0.5510204081632653,0.9345696716904957,0.008544724165744588,-0.14768111779614096,-20.181026552876208,-0.13801829377362487,0.01
0.3888888888888889,0.5714285714285714,0.9273531418910583,-0.29995099087177124,-0.8618547514842051,-49.80798954855409,-0.7992437116426149,0.01
0.3888888888888889,0.5918367346938775,0.8993919267319567,0.31880324070711286,-2.1427464045840163,-75.71939245522742,-1.9271688173167911,0.01
0.3888888888888889,0.6122448979591836,0.8398941049692618,1.0385460421874595,-3.984729426197916,-104.79494366293476,-3.3467507549611786,0.01
0.3888888888888889,0.6326530612244897,0.7367499093361234,2.250299109798719,-6.38183109431248,-130.12101981229253,-4.701813480133173,0.01
0.3888888888888889,0.6530612244897959,0.5794112031605891,3.477336601796818,-8.498005592238687,-77.26408098447567,-4.923839644664433,0.01
0.3888888888888889,0.673469387755102,0.3898925382243403,3.7742947009844405,-8.866253596738996,41.17577654344539,-3.456886119373254,0.01
0.3888888888888889,0.6938775510204082,0.217523301252875,3.310495976314206,-7.005498542034155,141.17821881762922,-1.523859169785472,0.01
0.3888888888888889,0.7142857142857142,0.10395382222294626,1.8526991054780921,-4.207231126152102,133.05198793881183,-0.4373577565388616,0.01
0.3888888888888889,0.7346938775510203,0.04579958181809531,0.39616142367309976,-2.114282675441485,72.05696023082874,-0.09683326238046376,0.01
0.3888888888888889,0.7551020408163265,0.01765657016411013,0.7610881585240036,-0.9571155341482827,41.34541961590515,-0.0168993775838489,0.01
0.3888888888888889,0.7755102040816326,0.006733641648777657,0.40753202368498864,-0.36117280444432037,17.056967895083154,-0.0024320082384121037,0.01
0.3888888888888889,0.7959183673469387,0.002914823043933791,-0.057334984489767184,-0.12008505823814654,6.569631233121886,-0.0003500266949846809,0.01
0.3888888888888889,0.8163265306122448,0.0018322107002818801,-0.3885787671581215,-0.07734029268106676,-2.380644208528066,-0.0001417037118131829,0.01
0.3888888888888889,0.836734693877551,-0.0002419235961097501,0.34526053991114913,-0.03018952094200825,7.001419838955802,7.303557471121246e-06,0.01
0.3888888888888889,0.8571428571428571,0.0005999853557101149,-0.0027460858486787545,0.021827375895526302,-1.9037639488774147,1.3096105890895737e-05,0.01
0.3888888888888889,0.8775510204081632,0.0006489897057484663,-0.2380709872873678,-0.044996213920786565,-4.644947853121247,-2.9202079632246316e-05,0.01
0.3888888888888889,0.8979591836734693,-0.0012365948043219896,0.3995656063826202,0.012049227319107793,10.235401094630895,-1.4900011898903273e-05,0.01
0.3888888888888889,0.9183673469387754,0.0011407949024467435,-0.2380294306510418,0.01567028638890692,-9.88053730579058,1.78765828323456e-05,0.01
0.3888888888888889,0.9387755102040816,-0.0005969912782441562,0.26119449674355794,-0.042133911922125816,4.215725871309371,2.5153577935816582e-05,0.01
0.3888888888888889,0.9591836734693877,-0.0005789566045787998,0.16479051626007546,0.014517501135284945,1.3361126083168837,-8.405003164253444e-06,0.01
0.3888888888888889,0.9795918367346939,-4.440211497831965e-06,-0.1303273738090735,0.030309162193485117,0.21147017538673354,-1.3457909046116652e-07,0.01
0.3888888888888889,1.0,0.0006581520563797762,-0.3616662964299785,0.032467021126002804,0.0,2.1368236718604384e-05,0.01
0.393939393939394,0.0,-0.0003055285426961928,-0.09061014291261417,2.2017039980459603,0.0,-0.0006726834139713636,0.01
0.393939393939394,0.02040816326530612,0.04462720611130299,-0.30955637804619446,2.1783434537549176,-2.28933334052217,0.09721338229192832,0.01
0.393939393939394,0.04081632653061224,0.08860644916158615,-0.3802150288602315,2.1893140171235577,3.3644485506489183,0.19398734115700647,0.01
0.393939393939394,0.061224489795918366,0.13398696191226453,-0.48028093616530115,2.1290737955596897,-9.26799026390799,0.2852681295540566,0.01
0.393939393939394,0.08163265306122448,0.17550742040892042,-0.05834228906909627,2.1507977489431145,11.396937695483624,0.3774809647383189,0.01
0.393939393939394,0.1020408163265306,0.22177462513443247,-0.9007165083798944,2.1827163073254368,-8.268918974016058,0.4840710908319114,0.01
0.393939393939394,0.12244897959183673,0.26459788193240763,-0.5503951496239239,2.1414180302705974,4.221687822641807,0.5666146751414685,0.01
0.393939393939394,0.14285714285714285,0.30917944269649766,-0.7535952084578758,2.0870463481638186,-9.550112669106134,0.6452718268070501,0.01
0.393939393939394,0.16326530612244897,0.3497834471635839,-0.506640789957779,2.112183908425402,12.013593574741284,0.7388069685324887,0.01
0.393939393939394,0.18367346938775508,0.39539103079549365,-1.2917130796490308,2.091367449187173,-14.053606580087699,0.8269079315062586,0.01
0.393939393939394,0.2040816326530612,0.43514538386510115,-0.9090702447563314,2.0464715170515335,9.653805230795044,0.8905126338563855,0.01
0.393939393939394,0.22448979591836732,0.47892048047106645,-1.5805464150169422,2.0014852870552664,-14.062455770429224,0.9585522953322785,0.01
0.393939393939394,0.24489795918367346,0.5168386608877651,-0.8244568850967781,1.8595084132433295,0.1487221368593795,0.9610658382102153,0.01
0.393939393939394,0.26530612244897955,0.5548187830524268,-0.6472684533232431,1.976216900291974,11.288709593907798,1.096442255667632,0.01
0.393939393939394,0.2857142857142857,0.5975005751853967,-1.435708712891567,1.9035815295348804,-18.40697592810297,1.1373910588093883,0.01
0.393939393939394,0.3061224489795918,0.6325159883395648,-0.9982852826395289,1.7955068749787808,7.815659781605202,1.135686805597687,0.01
0.393939393939394,0.32653061224489793,0.6707865700824898,-1.2041742644107536,1.7744375302846132,-9.880455561633623,1.1902688647652597,0.01
0.393939393939394,0.3469387755102041,0.7049420099838347,-1.2971226641985623,1.722931619378765,4.83287629286048,1.2145668788295698,0.01
0.393939393939394,0.36734693877551017,0.74111030964897,-1.3120743243461275,1.6828457189507147,-8.761294534809396,1.2471743118630076,0.01
0.393939393939394,0.3877551020408163,0.77362959034917,-1.3151896135301606,1.5293122883840868,-6.2849816607201285,1.1831212391785328,0.01
0.393939393939394,0.4081632653061224,0.8035312193789327,-1.298251710283155,1.459671853328241,-0.5397809747527746,1.172891904197948,0.01
0.393939393939394,0.42857142857142855,0.8332080333421594,-1.4113711633128494,1.347449707841028,-10.457989282994111,1.1227059210976902,0.01
0.393939393939394,0.44897959183673464,0.8585291666377501,-1.3854435418268771,1.11928122524587,-11.90252201133136,0.9609355775436166,0.01
0.393939393939394,0.4693877551020408,0.8788929813113786,-0.6243918526291719,1.0949838225149517,9.521376543701372,0.9623735962578954,0.01
0.393939393939394,0.4897959183673469,0.9032223838832584,-1.5652075270583585,0.9877654651144021,-20.028775568955243,0.8921718781181858,0.01
0.393939393939394,0.5102040816326531,0.9192099390711501,-1.2817430886371997,0.6575661935055337,-12.330753048713857,0.6044413806674698,0.01
0.393939393939394,0.5306122448979591,0.930061820352872,-0.7807516223409044,0.37737075090154515,-15.128400326477031,0.35097812753142127,0.01
0.393939393939394,0.5510204081632653,0.9346128268630499,-0.47373296817667837,-0.10347777017483069,-31.994754739007803,-0.0967116513005835,0.01
0.393939393939394,0.5714285714285714,0.9258382378967565,-0.027033572990132978,-0.8234641774677227,-38.56391317569562,-0.7623946230378184,0.01
0.393939393939394,0.5918367346938775,0.9010020441092653,0.42212327753102213,-1.9771242969580003,-74.4947785343516,-1.7813930330172523,0.01
0.393939393939394,0.6122448979591836,0.8451392870005116,1.747580712528346,-3.7457311999719343,-98.82869796101394,-3.1656645956398513,0.01
0.393939393939394,0.6326530612244897,0.7481150563553088,2.4540677125134116,-6.080061555370918,-129.93567686808646,-4.548585593140061,0.01
0.393939393939394,0.6530612244897959,0.59697350923027,4.1985905458590915,-8.309430380198028,-88.54246796497051,-4.960509813771434,0.01
0.393939393939394,0.673469387755102,0.40895463267375665,4.510184162996281,-8.886898017568917,31.950639502623527,-3.6343381143840325,0.01
0.393939393939394,0.6938775510204082,0.23424297790092655,3.219851665612416,-7.243271734407414,129.12473624720354,-1.6966855408132018,0.01
0.393939393939394,0.7142857142857142,0.11331088841222955,1.8650249685189793,-4.567843229887997,133.0672571956993,-0.5175863745063971,0.01
0.393939393939394,0.7346938775510203,0.047800397089171574,1.365321391640759,-2.249355747160552,94.14451611159036,-0.10752009790908461,0.01
0.393939393939394,0.7551020408163265,0.0215004497526152,-0.13561448148782626,-0.9557085659649933,32.63290764557437,-0.02054816400067427,0.01
0.393939393939394,0.7755102040816326,0.008791884192641236,-0.019301348390154727,-0.4624423347667314,15.707183011855305,-0.004065739453043732,0.01
0.393939393939394,0.7959183673469387,0.002625252415197593,0.20298250260090897,-0.21859371670105665,8.189981558580826,-0.0005738636827164674,0.01
0.393939393939394,0.8163265306122448,-0.00013030832576923904,0.3963523972084717,-0.027524179813276605,10.534833056421624,3.5866297896395608e-06,0.01
0.393939393939394,0.836734693877551,0.0015018165044516094,-0.131557212585918,0.017552401745271298,-6.117328063683929,2.6360486633813668e-05,0.01
0.393939393939394,0.8571428571428571,0.0005861162352622424,0.1651671306424955,-0.05035253529822959,-0.5373557665791596,-2.95124384249075e-05,0.01
0.393939393939394,0.8775510204081632,-0.0005533890179251086,0.28442469983398927,0.004784778299752958,5.940812499181451,-2.64784376428966e-06,0.01
0.393939393939394,0.8979591836734693,0.0007814133087215468,-0.015318988127819243,0.012054369428148137,-5.228392568598723,9.419444699401097e-06,0.01
0.393939393939394,0.9183673469387754,-6.137393922518472e-05,0.40435722164028,-0.0014513913189568462,3.9048280153824346,8.907760260161817e-08,0.01
0.393939393939394,0.9387755102040816,0.0007221728467233082,0.015758107049891314,0.007709970397684151,-3.007014567151617,5.567931270248e-06,0.01
0.393939393939394,0.9591836734693877,0.00025331873006804594,0.29052866143423384,-0.03392838688764168,-1.0735444468103152,-8.594695879634733e-06,0.01
0.393939393939394,0.9795918367346939,-0.0006626592711396174,0.14171991514355395,-0.03483322119493066,0.9848706846959954,2.3082556968477822e-05,0.01
0.393939393939394,1.0,-0.001168445400337287,0.3414571480311222,-0.02478352033068581,0.0,2.895819033455547e-05,0.01
0.398989898989899,0.0,-0.0007631555271033351,0.46088981911729865,2.1475203337957307,0.0,-0.0016388920123030111,0.01
0.398989898989899,0.02040816326530612,0.043063790060564634,-0.0008101400994133811,2.142508505746248,-0.49115914884932466,0.09226453649443045,0.01
0.398989898989899,0.04081632653061224,0.08668617123804963,-0.19047043023713994,2.168189008669426,3.007848435320791,0.18795200368197493,0.01
0.398989898989899,0.061224489795918366,0.13156130061850038,-0.38242820834516034,2.168901483059098,-2.938025945132936,0.2853435000246493,0.01
0.398989898989899,0.08163265306122448,0.17521276238331893,-0.2633133006100826,2.098774155411511,-3.934452164330594,0.3677320173883679,0.01
0.398989898989899,0.1020408163265306,0.21722555185978654,-0.3035091998205887,2.1218309786204204,6.194020838803701,0.4609159052840117,0.01
0.398989898989899,0.12244897959183673,0.2618181084494585,-0.5839354947579382,2.1596224335437766,-2.490458256314781,0.565428260515448,0.01
0.398989898989899,0.14285714285714285,0.30537340629014476,-0.9862632020347776,2.092460397718468,-4.09142125456547,0.6389817591785196,0.01
0.398989898989899,0.16326530612244897,0.34722465529511026,-0.8148526043067247,2.045598616283062,-0.5010333261043173,0.7102822744110407,0.01
0.398989898989899,0.18367346938775508,0.3888672273629228,-0.8701655690042848,2.041571885335837,0.10641369327627817,0.7939003985126418,0.01
0.398989898989899,0.2040816326530612,0.43055412000269544,-1.1778229548607284,2.010732038685302,-3.128718665028686,0.8657289634773759,0.01
0.398989898989899,0.22448979591836732,0.4709379228194657,-0.5527831723133313,2.0119551219626355,3.2485808262073506,0.9475059659430684,0.01
0.398989898989899,0.24489795918367346,0.5126747372256601,-1.186679187933894,1.9749897771902771,-6.871184613898484,1.0125273650443904,0.01
0.398989898989899,0.26530612244897955,0.5515497504598852,-1.044226302309141,1.9005822044284775,-0.42075751675788153,1.0482656405810253,0.01
0.398989898989899,0.2857142857142857,0.5902495210798837,-1.0971546735238213,1.8601476289376633,-3.5418308813419053,1.097951247118337,0.01
0.398989898989899,0.3061224489795918,0.627474143477749,-1.4548236094479208,1.8241563395635279,0.014684522676643334,1.1446109367371304,0.01
0.398989898989899,0.32653061224489793,0.664704881878395,-1.1899819825706697,1.737460177515945,-8.510908403339775,1.1548982620641515,0.01
0.398989898989899,0.3469387755102041,0.6983908854171753,-0.713977134328489,1.7095803493362565,5.778685241730298,1.193955333864752,0.01
0.398989898989899,0.36734693877551017,0.7344836716472218,-1.3329708552580837,1.6806101620889764,-8.617763591963735,1.234380722458744,0.01
0.398989898989899,0.3877551020408163,0.7669872185636641,-1.138533040515714,1.5310226623464245,-6.041811382806368,1.1742748133510201,0.01
0.398989898989899,0.4081632653061224,0.7969743925593208,-1.4366074928554768,1.4477706009561406,-2.1168906334414506,1.153836095262263,0.01
0.398989898989899,0.42857142857142855,0.8260798961537107,-1.3409851284327883,1.336660819594456,-8.771867940003625,1.104188631043322,0.01
0.398989898989899,0.44897959183673464,0.8515319770325639,-1.1166436173424508,1.216659978335517,-2.988214503372411,1.036024876728439,0.01
0.398989898989899,0.4693877551020408,0.8757394871061808,-1.1032894638762902,1.0727402990898443,-11.115914062703524,0.9394410393230712,0.01
0.398989898989899,0.4897959183673469,0.8953172953627616,-0.9986115808339769,0.9064265495477521,-5.182833392421499,0.8115393667860937,0.01
0.398989898989899,0.5102040816326531,0.912736489128538,-0.6723645285294896,0.7546327069680471,-9.692963180389606,0.6887808075395802,0.01
0.398989898989899,0.5306122448979591,0.9261186303410492,-0.9673484030629537,0.47735180116054904,-17.4805655887452,0.44208439628164053,0.01
0.398989898989899,0.5510204081632653,0.9322202361146829,-0.9560085323000803,-0.010214678209709949,-30.300949389540186,-0.009522329732491314,0.01
0.398989898989899,0.5714285714285714,0.9257017046998366,-0.10605221011067177,-0.7126132783776284,-38.53411342691583,-0.6596673265859099,0.01
0.398989898989899,0.5918367346938775,0.9031339798543715,0.7182228413813331,-1.7575381858711177,-63.86852750744614,-1.5872924565518145,0.01
0.398989898989899,0.6122448979591836,0.8539654522153012,0.43787394073758906,-3.4943037320069417,-106.33449601386461,-2.9840146666809226,0.01
0.398989898989899,0.6326530612244897,0.7605093377316392,2.555323669743365,-5.776780035590093,-117.34818173728428,-4.393295159087977,0.01
0.398989898989899,0.6530612244897959,0.6181785119871341,2.871109416373247,-8.055011930517068,-105.9185439655592,-4.979435289245654,0.01
0.398989898989899,0.673469387755102,0.43173334056767726,3.5485298728059482,-9.008004596185298,12.525262730072951,-3.8890559161600695,0.01
0.398989898989899,0.6938775510204082,0.25050485499997915,3.336137806666757,-7.570576786249303,128.34266264365468,-1.8964662401055898,0.01
0.398989898989899,0.7142857142857142,0.12273020643505268,2.1484945387811036,-4.797317935505703,143.43670472921815,-0.5887758205591956,0.01
0.398989898989899,0.7346938775510203,0.05469595967321581,1.2791589991851389,-2.4969096184997777,82.00331033736248,-0.1365708678011285,0.01
0.398989898989899,0.7551020408163265,0.02081552812893931,0.6320852861023093,-1.127038147433465,52.244093827136204,-0.023459894260288938,0.01
0.398989898989899,0.7755102040816326,0.008694402635115202,0.38824826294177434,-0.420545233200196,16.992211767724168,-0.0036563895837209213,0.01
0.398989898989899,0.7959183673469387,0.0036504165697476385,-0.07038493353342674,-0.16716181383658013,7.839363329910188,-0.0006102102550581222,0.01
0.398989898989899,0.8163265306122448,0.0018714714581119312,0.15895777264115066,-0.06891924558134359,1.7884083591029967,-0.00012898040102009135,0.01
0.398989898989899,0.836734693877551,0.0008373861378560639,-0.0755906305773032,-0.011053855986377275,3.8823998212037027,-9.256345772849598e-06,0.01
0.398989898989899,0.8571428571428571,0.0014202936627495935,0.03804688507570312,0.0011199740668599478,-2.689364475986455,1.5906920696050733e-06,0.01
0.398989898989899,0.8775510204081632,0.0008830993650748373,0.05885759552245524,-0.017548100032937507,0.8598932142063042,-1.5496715997356845e-05,0.01
0.398989898989899,0.8979591836734693,0.0007040446818133688,0.07586369546752356,0.02689450470215887,3.4954820498331407,1.8934933005559593e-05,0.01
0.398989898989899,0.9183673469387754,0.00198083425087724,-0.2421747084596417,0.002394006821719461,-5.896530842116203,4.742130709295671e-06,0.01
0.398989898989899,0.9387755102040816,0.0008017592459651835,-0.13014816425550949,-0.006374876698518538,5.037180257132879,-5.1111163349252414e-06,0.01
0.398989898989899,0.9591836734693877,0.001720635201958116,-0.7295967332368041,-0.018342203562920798,-6.2099782898443,-3.15602411318431e-05,0.01
0.398989898989899,0.9795918367346939,5.309787605004903e-05,0.17490921798091422,-0.028531464015012654,5.211430765539299,-1.5149601397955762e-06,0.01
0.398989898989899,1.0,0.0005560856503249465,0.06356070484068893,0.024646400939469976,0.0,1.3705509894594532e-05,0.01
0.4040404040404041,0.0,0.0015645708320749412,-0.359785429333353,2.033261252979474,0.0,0.0031811812503998328,0.01
0.4040404040404041,0.02040816326530612,0.04305969844390093,0.24056136732707376,2.0619108991342086,2.8076653231640307,0.08878526153491165,0.01
0.4040404040404041,0.04081632653061224,0.08572419936816508,0.30694410064994954,2.1209685911339675,2.979988492812329,0.18181833435998446,0.01
0.4040404040404041,0.061224489795918366,0.12962984502079755,-0.30240642182248845,2.159888097583658,0.8341231392573617,0.27998595935203485,0.01
0.4040404040404041,0.08163265306122448,0.17388289722872255,-0.3762654512529584,2.1085393862642987,-5.866296848554568,0.36663893740450876,0.01
0.4040404040404041,0.1020408163265306,0.2156926771132179,-0.47187589817372866,2.08215803035465,3.2809239694089993,0.4491062397399793,0.01
0.4040404040404041,0.12244897959183673,0.2588689392840144,-0.5396328633430397,2.0751402464011117,-3.9686667968557696,0.537189354451424,0.01
0.4040404040404041,0.14285714285714285,0.3003922790071408,-0.7707015112875221,2.0638873210318756,2.865880110670626,0.6199758159787075,0.01
0.4040404040404041,0.16326530612244897,0.34310923810164196,-0.7006304474681381,2.0599642324913803,-3.25034278763915,0.7067927583267511,0.01
0.4040404040404041,0.18367346938775508,0.38447245176189104,-0.5581233592241631,1.9966588874137507,-2.9535810299685665,0.7676603377761343,0.01
0.4040404040404041,0.2040816326530612,0.42460551922057055,-0.9525339995212992,2.050004102922314,8.181412149807787,0.8704430565256291,0.01
0.4040404040404041,0.22448979591836732,0.46814608861586304,-0.8510742951613784,2.0108592749409557,-12.017605291980894,0.9413759043205387,0.01
0.4040404040404041,0.24489795918367346,0.5066814079936708,-0.9284491266790277,1.9141798949433209,2.5430260522126464,0.9698793643230587,0.01
0.4040404040404041,0.26530612244897955,0.5462758802462027,-1.0934426070364378,1.9116597327266935,-2.7900019494421238,1.0442936032264951,0.01
0.4040404040404041,0.2857142857142857,0.5847083358600664,-0.8284353152548537,1.8093413964886729,-7.2371950018839035,1.0579369969436205,0.01
0.4040404040404041,0.3061224489795918,0.6201265494906383,-1.154884784277492,1.8126701321309633,7.563411094828381,1.1240848744031136,0.01
0.4040404040404041,0.32653061224489793,0.6586948718654119,-1.2045537858480366,1.829130574689814,-5.9502877240610115,1.2048389295204143,0.01
0.4040404040404041,0.3469387755102041,0.6947849402943042,-1.3575989106403903,1.691887281756248,-7.499554983428456,1.1754978040397073,0.01
0.4040404040404041,0.36734693877551017,0.7277514956105648,-1.0142705120621847,1.6280767292526785,1.246120838078629,1.1848352746823934,0.01
0.4040404040404041,0.3877551020408163,0.7612370516923727,-1.218349259334555,1.5181989369871511,-12.014144480100317,1.1557092826745932,0.01
0.4040404040404041,0.4081632653061224,0.7897187991610608,-1.0419634561924258,1.422719711289634,2.657180361743634,1.1235485019424207,0.01
0.4040404040404041,0.42857142857142855,0.8193072439899087,-1.176396252180786,1.37625230924127,-7.210985762483293,1.1275734865192124,0.01
0.4040404040404041,0.44897959183673464,0.8458923628035616,-1.4918535668113573,1.2460718156164978,-5.546702612744379,1.0540426323347634,0.01
0.4040404040404041,0.4693877551020408,0.8701673180967046,-1.1863004501410064,1.0873452733042765,-10.00849853385331,0.9461723203163106,0.01
0.4040404040404041,0.4897959183673469,0.8902738025302668,-0.8371775124261899,0.9597480693255128,-2.496027456065538,0.8544385631495064,0.01
0.4040404040404041,0.5102040816326531,0.9093407086814194,-0.8412099284438862,0.7585011304801181,-17.22617255078315,0.6897359555264484,0.01
0.4040404040404041,0.5306122448979591,0.9212330323457818,-0.7559776099246528,0.4422544370576224,-13.766003404621433,0.40741939611897016,0.01
0.4040404040404041,0.5510204081632653,0.9273919101939754,-0.41271586954456824,0.09635985071620375,-20.1316660568376,0.0893633460217065,0.01
0.4040404040404041,0.5714285714285714,0.9251660874770554,-0.23297809742123296,-0.5054482851695746,-38.845531259968695,-0.4676236124123223,0.01
0.4040404040404041,0.5918367346938775,0.906761367942156,0.12560316576025343,-1.6902341924580753,-77.26348765430438,-1.5326390684958897,0.01
0.4040404040404041,0.6122448979591836,0.8561769367644809,1.2132771701558818,-3.26698570021467,-77.2581601058419,-2.797117809263159,0.01
0.4040404040404041,0.6326530612244897,0.7734150128313532,1.6620262597317517,-5.475697868150327,-139.19563235185257,-4.234986936956099,0.01
0.4040404040404041,0.6530612244897959,0.6326790645950798,3.2033386329778066,-7.932115203370436,-101.53326649971821,-5.018483227128819,0.01
0.4040404040404041,0.673469387755102,0.44965520861215175,4.177004881063358,-8.95046320445706,1.7351623932288072,-4.024622399375527,0.01
0.4040404040404041,0.6938775510204082,0.26735403584173045,3.4367832379447343,-7.743813481621064,116.51651044469888,-2.0703397871169935,0.01
0.4040404040404041,0.7142857142857142,0.13358118895414917,2.5264381252585904,-5.051843090976912,147.296587838428,-0.6748312065024998,0.01
0.4040404040404041,0.7346938775510203,0.06115635865899934,0.9033741165627711,-2.6845461169373053,84.69851561745355,-0.16417706516404182,0.01
0.4040404040404041,0.7551020408163265,0.024007878058748953,0.628292901543675,-1.237277102170649,57.13384782967877,-0.02970439779379521,0.01
0.4040404040404041,0.7755102040816326,0.010655252447952446,-0.267030697821854,-0.5074670533066381,14.387536958994298,-0.00540718956200077,0.01
0.4040404040404041,0.7959183673469387,0.0032949371074576044,0.31591727345686405,-0.19553361692933408,16.181939805981497,-0.0006442709701758633,0.01
0.4040404040404041,0.8163265306122448,0.002674288491653096,-0.546573220410945,-0.06956338486202526,-3.836857063385228,-0.00018603255957694938,0.01
0.4040404040404041,0.836734693877551,0.00045561527635453255,0.10951663657356257,-0.026015051669980634,8.104593716205603,-1.1852854955995671e-05,0.01
0.4040404040404041,0.8571428571428571,0.0016124496479804173,-0.32803411223494167,0.017756244468092687,-3.8150066946744166,2.8631050142030286e-05,0.01
0.4040404040404041,0.8775510204081632,0.001180359948521581,-0.41258877203556077,-0.01286874723192942,0.8137575080722496,-1.5189753820217447e-05,0.01
0.4040404040404041,0.8979591836734693,0.0010871946589220737,-0.3793043026085015,-0.010354442002696567,-0.56735559560743,-1.1257294041450088e-05,0.01
0.4040404040404041,0.9183673469387754,0.0007577296626972312,0.19174022581312034,-0.023097359659160897,-0.6814503347260746,-1.7501554543732624e-05,0.01
0.4040404040404041,0.9387755102040816,0.00014444528507877186,0.10637393644696101,-0.06668719794619773,-3.5903538174035354,-9.63265131844302e-06,0.01
0.4040404040404041,0.9591836734693877,-0.0019641967840863493,0.0645458795459336,0.019404795754212445,12.027369200043735,-3.811483741627653e-05,0.01
0.4040404040404041,0.9795918367346939,0.0009364777648425451,-0.03701091121032138,0.06961175433295998,-7.107087259326476,6.518986010449872e-05,0.01
0.4040404040404041,1.0,0.0008770993111365067,0.28028957443857966,-0.0029095442315958796,0.0,-2.5519592412539427e-06,0.01
0.4090909090909091,0.0,-0.00025252729587128635,0.14750903464632711,2.1818319248802864,0.0,-0.0005509721160356624,0.01
0.4090909090909091,0.02040816326530612,0.04427465484454272,-0.1759622810143458,2.144410260167496,-3.667323141853447,0.09494302411401194,0.01
0.4090909090909091,0.04081632653061224,0.08727442209872038,-0.5601549945755032,2.0537831828806126,-5.2141304322611495,0.17924274040197602,0.01
0.4090909090909091,0.061224489795918366,0.1281025398600779,0.02179891644772852,2.0753495419189045,7.327633618013753,0.2658575474172609,0.01
0.4090909090909091,0.08163265306122448,0.17198256666683892,-0.4053787162109747,2.0875696783319486,-6.130060249535431,0.35902559137539586,0.01
0.4090909090909091,0.1020408163265306,0.21330946550627988,-0.18702042446868886,2.0619433758283523,3.6186826041830074,0.4398320394021602,0.01
0.4090909090909091,0.12244897959183673,0.25614352078228186,-0.6808890763443262,2.0381643498289503,-5.94902715212439,0.5220625924981177,0.01
0.4090909090909091,0.14285714285714285,0.2964998471319513,-0.3768253017705991,2.043965902794174,6.5175793427163,0.6060355777213935,0.01
0.4090909090909091,0.16326530612244897,0.3395707004881665,-0.5280387897912708,2.0862680947416448,-2.3719645318641844,0.7084355183375328,0.01
0.4090909090909091,0.18367346938775508,0.38165364691732456,-0.9233565024757207,1.9654890034475767,-9.464386414954468,0.7501360461416655,0.01
0.4090909090909091,0.2040816326530612,0.41979474144521045,-0.2833165624103686,2.0137551234755375,14.194466177694627,0.8453638113933811,0.01
0.4090909090909091,0.22448979591836732,0.4638477335897955,-1.2004618832160479,2.013839473853257,-14.186199840678094,0.9341148757604995,0.01
0.4090909090909091,0.24489795918367346,0.5019922709902414,-1.3830006874845697,1.8841898765547402,1.480539305423426,0.9458487551085366,0.01
0.4090909090909091,0.26530612244897955,0.5407534428369277,-1.215523990209854,1.9240351790897856,2.4243003430110317,1.0404286472321664,0.01
0.4090909090909091,0.2857142857142857,0.580524319116355,-1.3081871330333588,1.8017387028401586,-14.4093550154745,1.0459531336918677,0.01
0.4090909090909091,0.3061224489795918,0.6142937980548934,-1.1012895101214668,1.7661302203656453,10.919723732972205,1.0849228409279381,0.01
0.4090909090909091,0.32653061224489793,0.6526112668863814,-1.3675427415892276,1.8040472610742029,-7.203853743533558,1.177341568572542,0.01
0.4090909090909091,0.3469387755102041,0.6879283801395547,-1.3609997746208717,1.715432434320659,-1.480399278313738,1.180094655781064,0.01
0.4090909090909091,0.36734693877551017,0.7226289172668164,-1.6888944108061432,1.6453071153991077,-5.391881975998309,1.1889464993722463,0.01
0.4090909090909091,0.3877551020408163,0.7550837726048244,-1.4536740700647819,1.5147722848094192,-7.400531421791157,1.1437799714511259,0.01
0.4090909090909091,0.4081632653061224,0.7844563574631193,-1.1845335032712034,1.4279108662152264,-1.1118876004397267,1.120133756893204,0.01
0.4090909090909091,0.42857142857142855,0.8133658487768745,-1.4765566194566875,1.3205840884828668,-9.406136617331523,1.074117998010102,0.01
0.4090909090909091,0.44897959183673464,0.8383577488297669,-1.26932836520128,1.244846296171925,1.983832970859235,1.0436265384977683,0.01
0.4090909090909091,0.4693877551020408,0.864175901681851,-1.080692206392794,1.1683531689226432,-9.48015944128886,1.0096626532365731,0.01
0.4090909090909091,0.4897959183673469,0.886045633275589,-0.8942564992170136,1.0024486641819748,-6.778482023296665,0.8882152614813861,0.01
0.4090909090909091,0.5102040816326531,0.9050921736892785,-0.9831277537086608,0.7685485931633891,-16.143724936524723,0.6956073167720888,0.01
0.4090909090909091,0.5306122448979591,0.9174149636087886,-0.5491090340991729,0.49527516656789156,-10.637070869834039,0.45437284891321894,0.01
0.4090909090909091,0.5510204081632653,0.925307486610417,-0.4552100059058803,0.16107443685930367,-22.114600641607577,0.14904338232747058,0.01
0.4090909090909091,0.5714285714285714,0.9239894304193724,-0.33333075964059783,-0.43883810150811947,-36.6768281183999,-0.40548176745880604,0.01
0.4090909090909091,0.5918367346938775,0.9073957273651876,0.07125499075583175,-1.5112783638942404,-68.42231759543996,-1.3713275302570849,0.01
0.4090909090909091,0.6122448979591836,0.8623045992400157,1.3741757027762866,-3.0768727416171866,-85.00593142140876,-2.6532015163727363,0.01
0.4090909090909091,0.6326530612244897,0.7818090848502004,1.904446213136917,-5.229452889164786,-125.94692303825602,-4.088433777545157,0.01
0.4090909090909091,0.6530612244897959,0.6488575425394122,3.0426286889554377,-7.620918353761222,-108.4166924921947,-4.944890354915009,0.01
0.4090909090909091,0.673469387755102,0.4707511928599465,4.154978899570122,-8.921577382125294,-19.047892287484597,-4.1998431948278006,0.01
0.4090909090909091,0.6938775510204082,0.28471152694246143,4.008833705917386,-7.948050277162563,114.45354857383214,-2.262901530626407,0.01
0.4090909090909091,0.7142857142857142,0.1463409774655562,2.4585547237405647,-5.365320482259024,138.65397132671467,-0.785166243789755,0.01
0.4090909090909091,0.7346938775510203,0.06571885419719516,1.3671523559576662,-2.9194176218919288,101.04450898926069,-0.19186078103383788,0.01
0.4090909090909091,0.7551020408163265,0.027181074531191757,0.5529928950876608,-1.382099920112181,49.612625785154606,-0.03756696093812337,0.01
0.4090909090909091,0.7755102040816326,0.009306612559963285,0.1874536250740254,-0.5461195931456627,32.31344625756419,-0.005082523464811464,0.01
0.4090909090909091,0.7959183673469387,0.004890478892593282,0.10184006246285779,-0.23012347452242868,-1.3458266324872548,-0.0011254139948421653,0.01
0.4090909090909091,0.8163265306122448,-8.618231850319189e-05,0.50853301841498,-0.0951028576076863,14.57784709013201,8.196184764909326e-06,0.01
0.4090909090909091,0.836734693877551,0.0010087296024836364,-0.1524937868213505,0.0010264036346258427,-5.1571794883854185,1.0353637303438859e-06,0.01
0.4090909090909091,0.8571428571428571,-4.428829260009627e-05,0.10189795521178716,-0.046847707607278646,0.4655165866787772,2.0748049821549127e-06,0.01
0.4090909090909091,0.8775510204081632,-0.000903421728425696,0.15740875799325751,-0.01921278593976889,2.242705736737179,1.735724828157892e-05,0.01
0.4090909090909091,0.8979591836734693,-0.0008284836370804591,-0.1616383226215988,0.06442364106443824,5.9536641096751195,-5.337393246303181e-05,0.01
0.4090909090909091,0.9183673469387754,0.0017261146415513745,-0.30828943915414453,0.03699919012295442,-8.641260301940534,6.386484379677462e-05,0.01
0.4090909090909091,0.9387755102040816,0.0006816873883462518,0.05349328256824804,-0.08242589230754155,-3.0623977762480727,-5.61886912592374e-05,0.01
0.4090909090909091,0.9591836734693877,-0.001638207493450321,0.13124438474265487,0.001662731271366894,11.303082886981102,-2.723898828347425e-06,0.01
0.4090909090909091,0.9795918367346939,0.000749553970851023,0.15533845710853691,0.09630731253937325,-2.0279139227164755,7.218752853587773e-05,0.01
0.4090909090909091,1.0,0.0022927032224424647,-0.4143049583891679,0.07561431332798066,0.0,0.00017336117982983545,0.01
0.4141414141414142,0.0,0.0004924678286051132,0.0621641440650693,2.1017809427218372,0.0,0.001035059497065831,0.01
0.4141414141414142,0.02040816326530612,0.043385956455581375,-0.26346181587738304,2.0568457717031787,-4.403646759828513,0.08923822108696078,0.01
0.4141414141414142,0.04081632653061224,0.08444535646955117,0.14513966378212306,2.0782536340817277,6.501617272926321,0.17549886896417166,0.01
0.4141414141414142,0.061224489795918366,0.1282126353976927,-0.5098293318973529,2.094501152120576,-4.909360505119211,0.2685415125568827,0.01
0.4141414141414142,0.08163265306122448,0.16993519941324814,-0.7096088440630463,2.0617309215013817,1.6978779044381815,0.35036065528179716,0.01
0.4141414141414142,0.1020408163265306,0.21236491790795317,-0.6664712417463009,2.0278524474280135,-5.017968363628276,0.43064471852749203,0.01
0.4141414141414142,0.12244897959183673,0.2527046870633711,-0.43008321687648693,2.0146783927890675,3.726911009011594,0.5091186727830967,0.01
0.4141414141414142,0.14285714285714285,0.2945966890422008,-0.6449106105888758,2.062879195827254,0.9967676887306852,0.6077173809847469,0.01
0.4141414141414142,0.16326530612244897,0.3369038379134631,-0.9380907209795025,2.018641759300859,-5.332036468317375,0.6800881560808447,0.01
0.4141414141414142,0.18367346938775508,0.37699023023815426,-0.5060578584146299,1.99577028915885,3.0906323944004574,0.7523859008124626,0.01
0.4141414141414142,0.2040816326530612,0.41836384971586515,-0.9223573777388681,1.9794668314142343,-4.688371253372782,0.8281373639753244,0.01
0.4141414141414142,0.22448979591836732,0.457784794785674,-1.2466326423830467,1.877767448275894,-5.278168294184584,0.8596133859641989,0.01
0.4141414141414142,0.24489795918367346,0.4950074190332486,-0.8829961548228505,1.8823261309923753,5.72491920039976,0.9317653998813763,0.01
0.4141414141414142,0.26530612244897955,0.5346144327853628,-0.9965615142880008,1.9332924118375365,-0.7302236775739591,1.0335660261627706,0.01
0.4141414141414142,0.2857142857142857,0.5739173133939643,-1.233190216001638,1.8158737773965499,-10.77680249764274,1.0421613997859775,0.01
0.4141414141414142,0.3061224489795918,0.6087317298219567,-0.8102335195751574,1.7587857132463585,5.1821722109239845,1.0706286696105995,0.01
0.4141414141414142,0.32653061224489793,0.6457044853632035,-1.1953057430152523,1.771911395012408,-3.8958553978511494,1.1441311354256827,0.01
0.4141414141414142,0.3469387755102041,0.6810546439040958,-1.4053562625702882,1.6756692227256367,-5.5358774862524225,1.1412223057844615,0.01
0.4141414141414142,0.36734693877551017,0.7140991475152703,-0.9792222911924279,1.6338398414679167,1.4365981229958604,1.1667236379687236,0.01
0.4141414141414142,0.3877551020408163,0.747741984372174,-1.0048959358396903,1.577180578923591,-6.989205852339773,1.17932413579758,0.01
0.4141414141414142,0.4081632653061224,0.7784738650223556,-1.2479778760346667,1.4250794396490565,-7.916705796564628,1.1093870993474937,0.01
0.4141414141414142,0.42857142857142855,0.8059084921129518,-0.8723534732054566,1.3100917949612159,-3.3520833828437335,1.0558141030067438,0.01
0.4141414141414142,0.44897959183673464,0.8319469995105685,-0.6201333965647653,1.2938295190005382,1.758380338697319,1.0763975862106998,0.01
0.4141414141414142,0.4693877551020408,0.8587178602354227,-1.3849115724867846,1.2147635765823126,-9.506842695683437,1.0431391791746925,0.01
0.4141414141414142,0.4897959183673469,0.8815291863098466,-1.2122072690352474,1.0145210333272336,-10.11692654331431,0.894329901003181,0.01
0.4141414141414142,0.5102040816326531,0.9001268820038812,-1.0346738218824802,0.8112562340491826,-9.803023785934695,0.7302335444609016,0.01
0.4141414141414142,0.5306122448979591,0.9146416856587928,-0.987803186360248,0.5605983222303568,-14.761451572310229,0.5127465944222646,0.01
0.4141414141414142,0.5510204081632653,0.9230084461765489,-0.7800964174932593,0.18777427385039,-21.775305168926526,0.17331724073857824,0.01
0.4141414141414142,0.5714285714285714,0.9223059417343189,-0.41755245199597385,-0.373694705456544,-33.24865480315301,-0.34466084723722673,0.01
0.4141414141414142,0.5918367346938775,0.9077556010558736,-0.5248734212764214,-1.2999959985951814,-57.528871924433474,-1.1800786490749995,0.01
0.4141414141414142,0.6122448979591836,0.8692448805671686,0.743035161914943,-2.850038474201345,-94.37529068497057,-2.4773813531189837,0.01
0.4141414141414142,0.6326530612244897,0.7914275000680636,1.657204393675001,-5.023002898450699,-118.57522289146615,-3.975342626755474,0.01
0.4141414141414142,0.6530612244897959,0.6642243540997932,3.102218424980906,-7.34244334963186,-108.72994132428767,-4.877029691423544,0.01
0.4141414141414142,0.673469387755102,0.4917359347769673,3.8238038063989683,-8.802021710834548,-34.30873807357563,-4.328270373904387,0.01
0.4141414141414142,0.6938775510204082,0.3049581618208321,3.6826133498593414,-8.157961349424301,97.42665349177997,-2.48783689732583,0.01
0.4141414141414142,0.7142857142857142,0.15875792051475096,2.436222399663914,-5.69219519475404,144.21842966590566,-0.9036810722832093,0.01
0.4141414141414142,0.7346938775510203,0.07262366407576923,1.5274688705607595,-3.1552068380636262,104.40642928975494,-0.2291426814971028,0.01
0.4141414141414142,0.7551020408163265,0.029973967940725398,0.9695705852187803,-1.5280727428730356,55.05271203892301,-0.04580240340597269,0.01
0.4141414141414142,0.7755102040816326,0.01025334804013513,0.944983726446612,-0.6019440598088328,35.707898901368864,-0.0061719419459118794,0.01
0.4141414141414142,0.7959183673469387,0.005404822642405695,-0.006956810173037485,-0.19039395362922976,4.624011504232238,-0.0010290455515524009,0.01
0.4141414141414142,0.8163265306122448,0.0024821662593502427,-0.009195887946334356,-0.12657346017063129,1.6303968547104157,-0.0003141763721647528,0.01
0.4141414141414142,0.836734693877551,0.00023855896197176515,-0.33835537636955665,-0.04928955115566822,5.943426228755964,-1.1758464159750428e-05,0.01
0.4141414141414142,0.8571428571428571,0.00047034784483317225,0.1442424847915212,-0.008501180597390277,-1.9461659140447245,-3.998511972520097e-06,0.01
0.4141414141414142,0.8775510204081632,-0.00010842800118702164,0.28395227821712243,-0.051822072843394934,-2.2992815260637327,5.618963775777548e-06,0.01
0.4141414141414142,0.8979591836734693,-0.0016448388018360086,0.2974112518553471,0.006799369195188984,8.044182845844958,-1.1183866280255315e-05,0.01
0.4141414141414142,0.9183673469387754,0.0001690972720859981,-0.24795035293986473,0.06361900995705164,-2.4758580511824175,1.0757801036549384e-05,0.01
0.4141414141414142,0.9387755102040816,0.0009518554821252823,-0.19706980841980237,-0.028039131269806263,-6.5066397890496575,-2.668920081319552e-05,0.01
0.4141414141414142,0.9591836734693877,-0.0009753570654571145,-0.0204174253445778,0.01426478569680668,10.652423651777726,-1.3913259516611983e-05,0.01
0.4141414141414142,0.9795918367346939,0.0015340916330153509,-0.014957038323089514,0.028802469576092136,-9.227730631607752,4.418562758686215e-05,0.01
0.4141414141414142,1.0,0.000200253937648687,0.06076380811127567,-0.06535804707296654,0.0,-1.3088206283389791e-05,0.01
0.4191919191919192,0.0,0.0008064281521660693,0.12487728913721993,2.0211967405138562,0.0,0.0016299499526166714,0.01
0.4191919191919192,0.02040816326530612,0.04205534122387742,-0.1703925510114551,2.0671129445974605,4.499788000193218,0.08693314023334023,0.01
0.4191919191919192,0.04081632653061224,0.08517838507451139,-0.33426092888394954,2.0477687646752165,-6.395517632573157,0.1744256363810621,0.01
0.4191919191919192,0.061224489795918366,0.1256377397820495,-0.25812759368037536,1.9887368165538755,0.6103867166817609,0.24986039865317733,0.01
0.4191919191919192,0.08163265306122448,0.16635131636242467,0.16520888997040992,2.0423484629594664,4.64355463106614,0.33974735528408195,0.01
0.4191919191919192,0.1020408163265306,0.2089989015354971,-0.05883993287892008,2.0624402144283702,-2.67456298711354,0.4310477392981645,0.01
0.4191919191919192,0.12244897959183673,0.25053254960439897,-0.32310383824497924,2.0173462486646074,-1.7446456577352196,0.5054108991128139,0.01
0.4191919191919192,0.14285714285714285,0.2913395647462974,-0.4953215007714266,2.0000196814306688,0.0466420688092224,0.5826848634720394,0.01
0.4191919191919192,0.16326530612244897,0.3321660059893242,-0.42819402936759293,2.035823034191107,3.462086501713711,0.6762312061683274,0.01
0.4191919191919192,0.18367346938775508,0.3744343824683834,-0.9822055749582277,1.9977170917315548,-7.196468862749825,0.7480139655890395,0.01
0.4191919191919192,0.2040816326530612,0.4137054791212244,-1.2034563680011796,1.8878300525898595,-3.572460973136302,0.7810056364061341,0.01
0.4191919191919192,0.22448979591836732,0.451488670329194,-0.7064873830948184,1.8826379026266133,3.063630276738165,0.8499896833682322,0.01
0.4191919191919192,0.24489795918367346,0.49054784249373923,-0.6978854571086595,1.9132692756303986,-0.06175572236719447,0.9385501152700513,0.01
0.4191919191919192,0.26530612244897955,0.5295812938243123,-1.0334595563528328,1.8899603184088483,-2.2225220853447514,1.000887630699567,0.01
0.4191919191919192,0.2857142857142857,0.5676890799798147,-1.067122951833752,1.8389295141160684,-2.7784967353476766,1.0439402040162784,0.01
0.4191919191919192,0.3061224489795918,0.6046396413392539,-0.9402031131619905,1.7634734384391184,-4.616198680993426,1.0662659473291294,0.01
0.4191919191919192,0.32653061224489793,0.6396675876712072,-1.0036798669377993,1.6982724697428082,-1.7734962512449592,1.0863298539288053,0.01
0.4191919191919192,0.3469387755102041,0.6739568850022256,-1.1695442467161428,1.7024068215622994,2.1786627295550787,1.147348798466667,0.01
0.4191919191919192,0.36734693877551017,0.7091535803880358,-1.2531647337956857,1.6833917505835716,-4.042139685470402,1.193783287122023,0.01
0.4191919191919192,0.3877551020408163,0.7426667523729836,-1.7250842008672962,1.5439254686779604,-9.62555594127948,1.1466221137289976,0.01
0.4191919191919192,0.4081632653061224,0.772170946456524,-1.1900126969417282,1.4414798958841004,-0.41411019251881054,1.1130688955028774,0.01
0.4191919191919192,0.42857142857142855,0.801502666490702,-1.513161416806447,1.38777962196633,-4.848516651422688,1.112309067507472,0.01
0.4191919191919192,0.44897959183673464,0.8288150126592313,-1.1377779887322614,1.2304069259076467,-10.574007562328285,1.019779731872152,0.01
0.4191919191919192,0.4693877551020408,0.8517233573440753,-0.5694063734798092,1.1415019105442983,1.8613160567201532,0.9722438396634661,0.01
0.4191919191919192,0.4897959183673469,0.8754069273753251,-0.9701534732777101,1.0578585327706955,-10.058367078533236,0.9260566877705643,0.01
0.4191919191919192,0.5102040816326531,0.8949012566408384,-0.9576589531364949,0.8390234058953314,-11.387475355252446,0.7508431002868083,0.01
0.4191919191919192,0.5306122448979591,0.9096527806771754,-0.6995507561779787,0.5920990616623564,-12.811110379579114,0.5386045578775088,0.01
0.4191919191919192,0.5510204081632653,0.9190685652801183,-0.4976998818714142,0.258335602092434,-19.89770865827328,0.23742813117586883,0.01
0.4191919191919192,0.5714285714285714,0.9201970909666625,-0.021078253089336082,-0.3421140821872887,-38.94636040113956,-0.3148123832074728,0.01
0.4191919191919192,0.5918367346938775,0.9051047251908412,0.5165199191527416,-1.1563879352577195,-40.85247719976266,-1.0466521843554424,0.01
0.4191919191919192,0.6122448979591836,0.8729975834051229,-0.03584093626802809,-2.580033896088669,-98.6648269616704,-2.2523633563887118,0.01
0.4191919191919192,0.6326530612244897,0.7997972192280384,1.9494117290037571,-4.7310837573137485,-112.13805943838747,-3.7839076330344756,0.01
0.4191919191919192,0.6530612244897959,0.6798921239229291,2.5861438887239627,-7.07435402836046,-117.50242712419026,-4.809797585724723,0.01
0.4191919191919192,0.673469387755102,0.5110480752133257,3.895663652604548,-8.73020516709959,-44.770984472244514,-4.461554546863677,0.01
0.4191919191919192,0.6938775510204082,0.323557219143354,3.831367415818937,-8.329657028540506,84.0247020510347,-2.6951206645724595,0.01
0.4191919191919192,0.7142857142857142,0.1710620740484071,2.728972627002347,-5.958867112647047,148.31270970652466,-1.0193361672682468,0.01
0.4191919191919192,0.7346938775510203,0.08033815332102559,1.3381286181266598,-3.3366864817702213,108.66099211940434,-0.2680632301566495,0.01
0.4191919191919192,0.7551020408163265,0.034870789078193985,0.2521237855053628,-1.6001479248467558,61.51978645909532,-0.055798420781241025,0.01
0.4191919191919192,0.7755102040816326,0.015025993123198828,0.2474353593530912,-0.7227769950972143,24.46256465635976,-0.010860442157937054,0.01
0.4191919191919192,0.7959183673469387,0.005369687237491364,0.13528371553549356,-0.30846163318795294,16.14034081074786,-0.0016563424949850934,0.01
0.4191919191919192,0.8163265306122448,0.0024357223808334025,-0.08196853399601119,-0.1675798484121198,-2.3339259027162065,-0.0004081779873540691,0.01
0.4191919191919192,0.836734693877551,-0.0014703065752482182,0.5136657835696345,-0.030303489882549734,15.787009038614073,4.455542042728073e-05,0.01
0.4191919191919192,0.8571428571428571,0.0011988452427701482,-0.15448229947705083,0.06850153423783012,-6.104116674816845,8.212273844347906e-05,0.01
0.4191919191919192,0.8775510204081632,0.0013256744140509706,-0.17142303490104252,-0.03286937186832557,-3.830232123586415,-4.357408529176596e-05,0.01
0.4191919191919192,0.8979591836734693,-0.00014276177226354831,0.09091623181503651,-0.0590168654681756,1.2677777508011117,8.425352307676154e-06,0.01
0.4191919191919192,0.9183673469387754,-0.0010831772377112986,-0.05860195588023339,0.0024332221957326186,4.754330840261895,-2.6356108967114784e-06,0.01
0.4191919191919192,0.9387755102040816,-4.344658060099245e-05,0.00498394995974024,0.00011519562961056087,-4.981497443741857,-5.004856206757306e-09,0.01
0.4191919191919192,0.9591836734693877,-0.0010784753752782145,0.2048044182470216,0.036798941592612065,8.576504548116004,-3.9686752343933394e-05,0.01
0.4191919191919192,0.9795918367346939,0.0014585510354239897,-0.32121161996550035,0.038847622200680075,-8.37573384852534,5.666123958456189e-05,0.01
0.4191919191919192,1.0,0.0005071418574026046,-0.4767159333645581,-0.046619049723047874,0.0,-2.3642471466890876e-05,0.01
0.42424242424242425,0.0,0.0014371215316469781,-0.33790917540013987,1.948124911386154,0.0,0.0027996922564909035,0.01
0.42424242424242425,0.02040816326530612,0.041194772784425626,-0.07816244331671178,2.0103003873170633,6.093196641229125,0.08281386768396926,0.01
0.42424242424242425,0.04081632653061224,0.0834901985649965,-0.5201845759211879,2.0369126609106276,-3.4851938290598192,0.17006224251898366,0.01
0.42424242424242425,0.061224489795918366,0.12433406506649206,-0.10221094517381783,2.050539900199996,4.820663279417892,0.25495196137290443,0.01
0.42424242424242425,0.08163265306122448,0.16718570469560856,-0.7346789579512555,2.067007794725303,-3.206809615937786,0.3455741547724656,0.01
0.42424242424242425,0.1020408163265306,0.20870173015732074,-0.8421762016494875,2.002017679876466,-3.16222163924822,0.4178245535957636,0.01
0.42424242424242425,0.12244897959183673,0.24890071203750513,-0.6366224606143976,1.9633371657688177,-0.6284687433013421,0.48867601852955594,0.01
0.42424242424242425,0.14285714285714285,0.2888379410050276,-0.7294164125110784,1.987016097175598,2.949004021165814,0.5739256382520455,0.01
0.42424242424242425,0.16326530612244897,0.3300034098814071,-0.8848036569333492,1.9755772775366796,-4.07000834577982,0.6519472380713311,0.01
0.42424242424242425,0.18367346938775508,0.36947374825142265,-0.7496898096106219,1.90178816599154,-3.161324585643831,0.7026608020690931,0.01
0.42424242424242425,0.2040816326530612,0.407627416656572,-0.4916946239549486,1.9219466975426551,5.1368606776530985,0.7834381672709424,0.01
0.42424242424242425,0.22448979591836732,0.4479205522327555,-0.7322495942643568,1.9451959193784656,-2.858436937743683,0.8712932304089048,0.01
0.42424242424242425,0.24489795918367346,0.4870231684679379,-0.8948553074232078,1.8728105976262504,-4.235324593973395,0.9121021511962688,0.01
0.42424242424242425,0.26530612244897955,0.5243618011154596,-0.8057079415139109,1.844271840526198,1.438526398168245,0.9670657040448408,0.01
0.42424242424242425,0.2857142857142857,0.5622995701220684,-1.3466202318580656,1.8504688214805918,-0.8312222646376467,1.0405178228428273,0.01
0.42424242424242425,0.3061224489795918,0.5998911407677286,-1.2872812155749067,1.7713237191459408,-6.924997764158153,1.062601406547394,0.01
0.42424242424242425,0.32653061224489793,0.6345984974341476,-1.045624600768114,1.6698944001868652,-3.0150754938312514,1.059712477232282,0.01
0.42424242424242425,0.3469387755102041,0.6680500958773966,-0.8457713959898389,1.671536219350086,3.175973771826897,1.116669931599366,0.01
0.42424242424242425,0.36734693877551017,0.7028244655708858,-0.8172153212926684,1.6146506956507267,-8.750755094364113,1.1348160122543811,0.01
0.42424242424242425,0.3877551020408163,0.7339542059039569,-1.1309015344340765,1.5517397358644351,2.585481035307527,1.1389059056059974,0.01
0.42424242424242425,0.4081632653061224,0.7661607813204546,-1.1322718079563983,1.4677026646189024,-10.82111401736972,1.1244962202705315,0.01
0.42424242424242425,0.42857142857142855,0.7938604371128917,-0.810976676894802,1.3942430075781076,3.6220676273718087,1.1068343634375493,0.01
0.42424242424242425,0.44897959183673464,0.8230686591807855,-1.6871885804686453,1.3471846964202863,-8.233782120838296,1.1088255017515187,0.01
0.42424242424242425,0.4693877551020408,0.8488475675790258,-1.544582201057369,1.1622433278606443,-9.890471998006609,0.9865674217894601,0.01
0.42424242424242425,0.4897959183673469,0.870507162358771,-1.2955455287013828,1.0098171782172167,-5.047290667049305,0.8790530863110106,0.01
0.42424242424242425,0.5102040816326531,0.8900645952613612,-1.0092547498412094,0.8725070754354497,-8.409099405563861,0.7765876569601274,0.01
0.42424242424242425,0.5306122448979591,0.9061196960500139,-0.34845882046722915,0.6490131891673789,-13.493301448707072,0.5880836337007955,0.01
0.42424242424242425,0.5510204081632653,0.9165549295130909,-0.9376562836821581,0.34228800777764484,-16.565766327486873,0.3137257608418156,0.01
0.42424242424242425,0.5714285714285714,0.920090635142979,-0.48399322887628754,-0.21661718761611795,-38.20694282110189,-0.1993074457365998,0.01
0.42424242424242425,0.5918367346938775,0.9077134116512086,-0.025090297489621435,-1.1582146309035677,-54.0696066210682,-1.0513269540418226,0.01
0.42424242424242425,0.6122448979591836,0.8728165685754864,1.3256846195530436,-2.402731626687912,-67.89305896579755,-2.09714397361354,0.01
0.42424242424242425,0.6326530612244897,0.8096427330108856,1.240561444780309,-4.406646241089993,-128.49057324560638,-3.5678091060482475,0.01
0.42424242424242425,0.6530612244897959,0.6929534566942622,2.706920381380421,-6.833529926702786,-109.34402794444746,-4.735318184132384,0.01
0.42424242424242425,0.673469387755102,0.530723144165874,3.712657961408764,-8.57612447814087,-61.430238096484615,-4.551547747796837,0.01
0.42424242424242425,0.6938775510204082,0.342907559627288,3.941344686849601,-8.474020312011486,71.43644637716402,-2.9058056254239286,0.01
0.42424242424242425,0.7142857142857142,0.18484476408377248,3.0903861562128547,-6.267373933573617,144.8148987097473,-1.1584912561762004,0.01
0.42424242424242425,0.7346938775510203,0.08709637866509963,1.4312254811796026,-3.6431652525615155,112.35755202943866,-0.3173065003766311,0.01
0.42424242424242425,0.7551020408163265,0.03614414153024127,0.9500585439487644,-1.735107444240455,74.63211318602528,-0.06271396903480222,0.01
0.42424242424242425,0.7755102040816326,0.016275666655285147,-0.10504866459924433,-0.737234478502577,23.15943745628679,-0.011998982618890926,0.01
0.42424242424242425,0.7959183673469387,0.006052938326054463,0.034489016489545304,-0.34922120584983685,14.865863263681742,-0.0021138144211594323,0.01
0.42424242424242425,0.8163265306122448,0.002021739885904053,-0.08711236900506467,-0.1207598450442589,7.523350095264899,-0.0002441449953415711,0.01
0.42424242424242425,0.836734693877551,0.0011239650589418555,0.10687391817256212,-0.03927615278298141,0.4620517463402949,-4.414502337773302e-05,0.01
0.42424242424242425,0.8571428571428571,0.0004186316090476692,-0.17348576645147734,-0.016269556936571845,1.7925946466078424,-6.810950798849739e-06,0.01
0.42424242424242425,0.8775510204081632,0.00045990151051035174,-0.452847132003057,-0.002504402087233946,-0.44360947137272827,-1.1517783028441693e-06,0.01
0.42424242424242425,0.8979591836734693,0.00031641111569118163,0.016544045222025086,-0.04505668144792396,-3.7265139059748944,-1.4256434846279787e-05,0.01
0.42424242424242425,0.9183673469387754,-0.0013791467118538915,0.17017387129751566,-0.008199812680301519,7.338487045201894,1.1308744695855685e-05,0.01
0.42424242424242425,0.9387755102040816,-1.8275116157859922e-05,0.19526440308998536,0.03270840858980121,-3.329481360731826,-5.977499663173604e-07,0.01
0.42424242424242425,0.9591836734693877,-4.4109626555882996e-05,-0.5007828373325279,-0.0035636415547030645,-0.22517955342959353,1.5719089815697847e-07,0.01
0.42424242424242425,0.9795918367346939,-0.00016372987349267887,0.14770962074840258,-0.04548191625630834,-3.8828113673277245,7.446748394849979e-06,0.01
0.42424242424242425,1.0,-0.0019005143717113254,0.33810639874917237,-0.08510244041271368,0.0,0.00016173841107206905,0.01
0.42929292929292934,0.0,-0.0002694904653234255,-0.12357223434313151,2.012405668315891,0.0,-0.0005423241399739485,0.01
0.42929292929292934,0.02040816326530612,0.04080001296969476,0.06499699344087438,1.987746107959661,-2.4166369149105655,0.08110006698521445,0.01
0.42929292929292934,0.04081632653061224,0.08086300373711171,0.18100133319994163,2.033936962448511,6.9433406548178755,0.16447025219552358,0.01
0.42929292929292934,0.061224489795918366,0.1238178481716748,-0.0906933294354267,2.0239989286861744,-7.917267963526877,0.2506071920516972,0.01
0.42929292929292934,0.08163265306122448,0.16347520490797596,-0.3090854228497847,1.9754464372321014,3.159123801027736,0.3229365111112488,0.01
0.42929292929292934,0.1020408163265306,0.20444831499747484,-0.23919071481003587,2.0141509333348147,0.633916817038174,0.41178976447089416,0.01
0.42929292929292934,0.12244897959183673,0.24568544708490717,-0.3759816676740219,1.9772897659399844,-4.246311221731552,0.4857913201613765,0.01
0.42929292929292934,0.14285714285714285,0.2851540197297191,-0.44791782588388157,1.9563068077320913,2.1899813173580274,0.5578487500494206,0.01
0.42929292929292934,0.16326530612244897,0.32553470454335987,-0.46793322389640674,1.9730687006228471,-0.5473158140639597,0.6423023365010095,0.01
0.42929292929292934,0.18367346938775508,0.36568743608167203,-0.5664040080797736,1.950430445324726,-1.671233205151893,0.7132479088064329,0.01
0.42929292929292934,0.2040816326530612,0.40514411047498133,-0.6074012354318442,1.9241047039870163,-0.9086894459436752,0.779539688757547,0.01
0.42929292929292934,0.22448979591836732,0.4442223219586931,-1.0518876419568999,1.8953098752119384,-1.9132037740139474,0.8419389535978882,0.01
0.42929292929292934,0.24489795918367346,0.48250369721832576,-0.8723421550123299,1.8637210546585026,-1.1825006402227713,0.8992522994563649,0.01
0.42929292929292934,0.26530612244897955,0.5202925690876116,-0.9005204694383983,1.7883716352299655,-6.201742463773866,0.9304764725772117,0.01
0.42929292929292934,0.2857142857142857,0.555498457839957,-1.0050424655437726,1.7908802092861755,6.447582721282458,0.9948311944345699,0.01
0.42929292929292934,0.3061224489795918,0.5933897204870473,-1.0808188469704565,1.8085681280434347,-4.71416668307106,1.073185735981476,0.01
0.42929292929292934,0.32653061224489793,0.629317565107036,-1.3500063897180337,1.7245256657415833,-3.5219946225103973,1.0852742929290833,0.01
0.42929292929292934,0.3469387755102041,0.6637785231703772,-1.4008877533190234,1.6997989837296235,1.0987797853383505,1.1282900591065574,0.01
0.42929292929292934,0.36734693877551017,0.6986971154633471,-1.494205712389378,1.579369441146263,-12.900874958507684,1.1035008727798525,0.01
0.42929292929292934,0.3877551020408163,0.7282425819926737,-0.9685679871463045,1.5127554736257411,6.372706141496548,1.1016529520367597,0.01
0.42929292929292934,0.4081632653061224,0.7604422368358263,-1.1671395452812576,1.5072893262841158,-6.908388580975846,1.1462064668382588,0.01
0.42929292929292934,0.42857142857142855,0.7897645953103927,-1.2205076891153486,1.3255790635046223,-10.89921717141451,1.0468954126406573,0.01
0.42929292929292934,0.44897959183673464,0.8145475047339742,-0.8147812015359587,1.2564102755011806,4.120675947077223,1.0234058548316116,0.01
0.42929292929292934,0.4693877551020408,0.8410466473716653,-0.7699353530531566,1.2107042105288157,-8.599870314368985,1.0182587172240194,0.01
0.42929292929292934,0.4897959183673469,0.8639640031229054,-0.9210319057957158,1.0760571911202264,-4.5955375876727755,0.9296746784294201,0.01
0.42929292929292934,0.5102040816326531,0.8849673490500419,-0.9440094209396755,0.9896970974139182,-3.8677515955454247,0.8758496166609163,0.01
0.42929292929292934,0.5306122448979591,0.9043598030173511,-1.4512872778542163,0.6578725953335242,-28.651049608333192,0.5949535307263394,0.01
0.42929292929292934,0.5510204081632653,0.9118192917167164,-0.5925637281383531,0.32551733603005933,-3.9197658034063663,0.29681298678044105,0.01
0.42929292929292934,0.5714285714285714,0.917646224896129,-0.4040939492595607,-0.10369866912259697,-38.14340270155396,-0.09515869224710388,0.01
0.42929292929292934,0.5918367346938775,0.9075866929770185,-0.07585949455041319,-0.9342898466282211,-43.25453269399722,-0.8479490321833131,0.01
0.42929292929292934,0.6122448979591836,0.8795119454419159,0.7305171083651419,-2.2461232040332995,-85.30513633170045,-1.9754921888815566,0.01
0.42929292929292934,0.6326530612244897,0.8159081948532104,1.400855172546991,-4.2357357554093324,-109.6768937031508,-3.455971514071228,0.01
0.42929292929292934,0.6530612244897959,0.7066247717517391,2.5296621476172754,-6.527639196109871,-114.9296434855021,-4.612591557028844,0.01
0.42929292929292934,0.673469387755102,0.5494739419507667,3.546491082039258,-8.42338005650453,-70.85296083317452,-4.628427844197017,0.01
0.42929292929292934,0.6938775510204082,0.3628133408740032,3.7420390324356454,-8.551018590937243,58.3443844587686,-3.1024236228536526,0.01
0.42929292929292934,0.7142857142857142,0.2004527749737364,3.1806453576601443,-6.577969491850964,135.0144272516866,-1.3185722383341045,0.01
0.42929292929292934,0.7346938775510203,0.09432479018620873,1.924121058438584,-3.908003770240658,126.64221346612345,-0.3686216356748627,0.01
0.42929292929292934,0.7551020408163265,0.04094241700472998,0.6098753215231142,-1.9252019723797567,67.67236272424485,-0.07882242197150065,0.01
0.42929292929292934,0.7755102040816326,0.015745117844177852,0.4473246376516965,-0.850524647304349,37.64601513314514,-0.013391610801184778,0.01
0.42929292929292934,0.7959183673469387,0.006227125278021863,0.14237789370957654,-0.3470018157384358,11.699222360314351,-0.0021608237783042983,0.01
0.42929292929292934,0.8163265306122448,0.0015817784262825143,0.415018338187956,-0.11180312741176439,11.350249095699448,-0.00017684777493084413,0.01
0.42929292929292934,0.836734693877551,0.001663732322439644,0.07365071106367288,-0.0499637701437749,-5.289992083436478,-8.312633933914316e-05,0.01
0.42929292929292934,0.8571428571428571,-0.0004575591306062568,-0.03576576449304766,-0.08552796971082775,1.8047005258652968,3.913410346340461e-05,0.01
0.42929292929292934,0.8775510204081632,-0.001827205216777815,0.513943046472601,0.021009387741052973,8.635960504419016,-3.8388462881759864e-05,0.01
0.42929292929292934,0.8979591836734693,0.0003999668996408033,0.3047892287425033,0.03203430128371256,-7.555518977238376,1.2812660166605918e-05,0.01
0.42929292929292934,0.9183673469387754,-0.0005196827154017922,0.13018951589941008,0.013914575035683467,5.779785804931524,-7.2311641382059735e-06,0.01
0.42929292929292934,0.9387755102040816,0.0009679087378319651,-0.23089775122439257,-0.050314012427552686,-12.074187376328668,-4.869937226401433e-05,0.01
0.42929292929292934,0.9591836734693877,-0.002573315875710065,0.46677855363992143,-0.009447945430302952,16.07906194205914,2.4312547968640946e-05,0.01
0.42929292929292934,0.9795918367346939,0.000582278312105314,-0.11608638187532383,0.05832003467299298,-9.43779989193614,3.3958491351313744e-05,0.01
0.42929292929292934,1.0,-0.00019290629722055572,0.007119756075322539,-0.03798404585696762,0.0,7.327361639723414e-06,0.01
0.43434343434343436,0.0,-0.000893592658975605,0.3483529421594365,2.059071790343246,0.0,-0.0018399714361544805,0.01
0.43434343434343436,0.02040816326530612,0.04112828061333554,0.12263778363779905,2.0254332413172635,-3.2965778045463114,0.08330258671247417,0.01
0.43434343434343436,0.04081632653061224,0.08177715188458616,-0.14976046188606254,2.0146722507794737,2.2420007318429254,0.16475415864965406,0.01
0.43434343434343436,0.061224489795918366,0.12335980105331405,-0.12525157130753453,1.9633568805891122,-7.2709070104983615,0.24219931418612814,0.01
0.43434343434343436,0.08163265306122448,0.16191416741883563,-0.2005285057402683,1.9570717607589805,6.6549652671454655,0.316877644722205,0.01
0.43434343434343436,0.1020408163265306,0.20324028108429285,-0.4518730275548969,2.0058733676873715,-1.872407788163177,0.4076742670682785,0.01
0.43434343434343436,0.12244897959183673,0.2437865497734222,-0.5239481734910462,1.9514624213879177,-3.4598649491832814,0.4757402907226486,0.01
0.43434343434343436,0.14285714285714285,0.2828918084878813,-0.3838838558774152,1.944928963654069,2.819586091266109,0.5502044719085604,0.01
0.43434343434343436,0.16326530612244897,0.32317140543277195,-0.8513261364766953,1.9584075316137595,-1.4986864312164392,0.6329013144017445,0.01
0.43434343434343436,0.18367346938775508,0.36282680977823883,-0.6560769328713494,1.9331730398569573,-0.9742937609501636,0.7014070068006,0.01
0.43434343434343436,0.2040816326530612,0.4020764274677498,-0.9443558233236078,1.864032234138584,-5.80150519945043,0.74948342138717,0.01
0.43434343434343436,0.22448979591836732,0.43890975811042593,-0.755131324524488,1.8625267816274844,5.653970853362675,0.8174811791983093,0.01
0.43434343434343436,0.24489795918367346,0.4780979287586675,-1.0981568533215151,1.882450831055994,-3.701414009368743,0.899995843317903,0.01
0.43434343434343436,0.26530612244897955,0.5157444859086298,-1.1852438212648935,1.771951647310671,-7.127505997672924,0.9138742913971916,0.01
0.43434343434343436,0.2857142857142857,0.5504224857917561,-0.46939315425829203,1.7685705615612493,6.796159594229609,0.9734610047926648,0.01
0.43434343434343436,0.3061224489795918,0.587931039441742,-1.1110138266519556,1.7658831980319731,-7.059521220098663,1.0382175441516455,0.01
0.43434343434343436,0.32653061224489793,0.6224993510175509,-0.8340549875630109,1.684921179855018,-0.874756561242937,1.048862340975475,0.01
0.43434343434343436,0.3469387755102041,0.6567033324970488,-0.9462723494178643,1.6819561382475632,0.5841824837123655,1.1045462011010416,0.01
0.43434343434343436,0.36734693877551017,0.6911506219664311,-1.2433582528880949,1.6328635536272307,-5.395255776504952,1.1285546606757773,0.01
0.43434343434343436,0.3877551020408163,0.7233508244818337,-1.212453109242287,1.553225782182049,-2.4092458251228557,1.1235271501478263,0.01
0.43434343434343436,0.4081632653061224,0.7545475926677392,-1.361322147005101,1.4761149692222897,-5.1476138449335735,1.1137989965274926,0.01
0.43434343434343436,0.42857142857142855,0.7836004150623354,-1.0859655887188377,1.3691789595741164,-5.332115100587401,1.072889201016894,0.01
0.43434343434343436,0.44897959183673464,0.8104324481605603,-1.2942011747764295,1.3121629130442296,-0.2554574593415006,1.0634194020039274,0.01
0.43434343434343436,0.4693877551020408,0.837158084982508,-1.4405030134519843,1.197557027425967,-10.975919331248239,1.0025445477372674,0.01
0.43434343434343436,0.4897959183673469,0.8593123268310079,-0.5872792296447948,1.0545177231241671,-3.041932490328143,0.9061600783423646,0.01
0.43434343434343436,0.5102040816326531,0.8801996247018617,-0.6281591727668825,0.9240846902652654,-9.74050472984424,0.8133789975642227,0.01
0.43434343434343436,0.5306122448979591,0.8970300692908146,-1.0277638621787413,0.7013595623720718,-12.086557803688743,0.629140616832395,0.01
0.43434343434343436,0.5510204081632653,0.9088265456150075,-0.3563564615535226,0.45509428830566073,-12.047439054819538,0.41360176996995396,0.01
0.43434343434343436,0.5714285714285714,0.9156053463645151,-0.8267075268681848,-0.03976304425944277,-36.44857953656061,-0.03640725591167464,0.01
0.43434343434343436,0.5918367346938775,0.9072035642166629,-0.3855852293316517,-0.7938960541443564,-37.456455432160936,-0.7202253299373049,0.01
0.43434343434343436,0.6122448979591836,0.8832014257871944,0.033384271708469804,-2.063398409367206,-86.95477537967838,-1.8223964171201454,0.01
0.43434343434343436,0.6326530612244897,0.8229832209771851,1.196156075028101,-4.0131142732796485,-104.11737928374103,-3.302725710773201,0.01
0.43434343434343436,0.6530612244897959,0.7194008432043516,2.572012510362829,-6.262143843672697,-116.28751861477771,-4.5049915614050775,0.01
0.43434343434343436,0.673469387755102,0.5673855130721771,3.4212226561224206,-8.273363724797207,-80.81202973542429,-4.694186721826801,0.01
0.43434343434343436,0.6938775510204082,0.38171252790650645,3.7956857584527777,-8.596287380064961,49.165511519184435,-3.2813105864553958,0.01
0.43434343434343436,0.7142857142857142,0.2165166404164644,2.8162366971243773,-6.802913887623328,126.5850907400959,-1.472944059990712,0.01
0.43434343434343436,0.7346938775510203,0.10404257330963593,1.806277027014152,-4.226104102994987,125.94226815348165,-0.4396947459500091,0.01
0.43434343434343436,0.7551020408163265,0.04402259539626086,1.0340965509808586,-2.1079368830326795,81.63811940282447,-0.0927968525226029,0.01
0.43434343434343436,0.7755102040816326,0.018004333185853087,0.3987854303101239,-0.9083715512509736,35.91928311178274,-0.01635462406527275,0.01
0.43434343434343436,0.7959183673469387,0.006946205549282351,-0.023833349494741977,-0.3509993123892522,18.70319629666597,-0.002438113371512513,0.01
0.43434343434343436,0.8163265306122448,0.0036778306393529994,-0.09626834647351783,-0.12030724849673731,3.9046259648004917,-0.00044246968465755555,0.01
0.43434343434343436,0.836734693877551,0.002035705610640012,-0.3076132003758871,-0.10574261113208092,-2.477291503064165,-0.00021526082676530213,0.01
0.43434343434343436,0.8571428571428571,-0.0006381943048135682,0.08423929655657152,-0.031047352450632087,9.79742685384615,1.9814243513532977e-05,0.01
0.43434343434343436,0.8775510204081632,0.0007684667351040087,-0.1027293359567506,0.06314876821716912,-0.5662070284016294,4.852772773768775e-05,0.01
0.43434343434343436,0.8979591836734693,0.0019393064387443555,-0.039339521613156805,-0.015450352751859055,-7.136506826563134,-2.9962968572551836e-05,0.01
0.43434343434343436,0.9183673469387754,0.00013784009217098612,0.01425917452884852,-0.052369925010725384,3.5183887451942337,-7.218675290466018e-06,0.01
0.43434343434343436,0.9387755102040816,-0.00019824152087708838,0.09451030194305572,-0.008665368868752035,0.7646577567191546,1.7178359035023784e-06,0.01
0.43434343434343436,0.9591836734693877,-0.0002158484330841989,-0.16200217613415313,0.004758511888142423,0.5508825574565024,-1.0271173348680748e-06,0.01
0.43434343434343436,0.9795918367346939,-4.016545850867014e-06,0.21006879233473438,0.0014430622470703808,-0.8757966222815626,-5.796125681013368e-09,0.01
0.43434343434343436,1.0,-0.00015694793320377521,-0.10538942637427433,-0.007493637980292502,0.0,1.1761109931842206e-06,0.01
0.43939393939393945,0.0,0.0008657656347589229,-0.08455319786849674,2.0032129884868812,0.0,0.0017343129645346637,0.01
0.43939393939393945,0.02040816326530612,0.04174766335898099,-0.7278693494324567,1.9637979968772903,-3.862669177739949,0.08198397767867431,0.01
0.43939393939393945,0.04081632653061224,0.08102078591546463,-0.3356337387458137,1.9839990730210866,5.842374639832004,0.16074516415172174,0.01
0.43939393939393945,0.061224489795918366,0.12272721735984166,-0.858458490142621,1.957074976172809,-8.480936130963208,0.24018636599026727,0.01
0.43939393939393945,0.08163265306122448,0.16090139718782417,-0.08182220066203803,1.9166564795566554,4.519923462580165,0.3083927054897622,0.01
0.43939393939393945,0.1020408163265306,0.20095809407643983,-0.06694908238384889,1.965854267384876,0.30145974458545505,0.39505432680570063,0.01
0.43939393939393945,0.12244897959183673,0.24114034687700278,-0.6036634657077017,1.9598752229338687,-0.8874061007841791,0.47260499109391624,0.01
0.43939393939393945,0.14285714285714285,0.2809530011349651,-0.5238703493993722,1.9044200742947335,-4.5471984658510625,0.5350525352947785,0.01
0.43939393939393945,0.16326530612244897,0.31887177848086945,-0.7541480671523495,1.9247270751170353,6.53728454643663,0.6137411455328511,0.01
0.43939393939393945,0.18367346938775508,0.3595132899152522,-1.018875526435921,1.92166179072691,-6.837682416668892,0.6908629524886664,0.01
0.43939393939393945,0.2040816326530612,0.39730695361258006,-0.579656890687509,1.8517755038582713,-0.011173696457705497,0.7357232842123302,0.01
0.43939393939393945,0.22448979591836732,0.43509596354212043,-0.8574929695815896,1.8434958460974404,-0.8002327641037359,0.8020976014436624,0.01
0.43939393939393945,0.24489795918367346,0.4725516820247205,-0.6375774086856771,1.8292298402977114,-0.5978358042696958,0.8644056378424944,0.01
0.43939393939393945,0.26530612244897955,0.5097584060032515,-0.9592943802818167,1.8497532161341506,2.6091266362407195,0.9429272509559325,0.01
0.43939393939393945,0.2857142857142857,0.5480518132955021,-1.0100502882900682,1.7777555861471936,-9.664894374962495,0.9743021725841777,0.01
0.43939393939393945,0.3061224489795918,0.5823198584990553,-0.8740565405895225,1.7207609004765914,4.079415179243471,1.0020332440762356,0.01
0.43939393939393945,0.32653061224489793,0.618286952090465,-0.9807474264871493,1.7053058575935798,-5.59400938177859,1.054368361073551,0.01
0.43939393939393945,0.3469387755102041,0.6519241792171606,-1.2155039380182908,1.6313100271341059,-1.6575820032498585,1.063490450488126,0.01
0.43939393939393945,0.36734693877551017,0.6848710348306326,-1.4783425696723633,1.5999270454671382,-1.417950200112991,1.0957436912825955,0.01
0.43939393939393945,0.3877551020408163,0.717227323930105,-1.3810357881447999,1.5386292397281771,-4.589234762305187,1.1035469321308524,0.01
0.43939393939393945,0.4081632653061224,0.7476722282889255,-1.095812284849644,1.4917662028224135,-0.0033428544596578744,1.1153521609503432,0.01
0.43939393939393945,0.42857142857142855,0.7781157403718362,-1.3445947725498208,1.3774843324003914,-11.196280446898493,1.071842241156335,0.01
0.43939393939393945,0.44897959183673464,0.8038960785909823,-1.1370926341874155,1.2682933832161383,0.4955674268416822,1.0195760772703435,0.01
0.43939393939393945,0.4693877551020408,0.829882817237801,-0.864697689317408,1.2850296923538713,1.1445908686561572,1.0664240613248555,0.01
0.43939393939393945,0.4897959183673469,0.8563462701156301,-1.187894300636811,1.1550350165422734,-13.884069098192766,0.989109928268921,0.01
0.43939393939393945,0.5102040816326531,0.8770271036272815,-0.9918543592630374,0.8695802786638427,-14.090495213893435,0.7626454731679543,0.01
0.43939393939393945,0.5306122448979591,0.8918393427141543,-0.5752198896459335,0.7349917160323107,0.9008160760032955,0.6554945289266043,0.01
0.43939393939393945,0.5510204081632653,0.9070267655061514,-0.7801022889811332,0.4799724712102498,-25.89270206856527,0.4353478780938272,0.01
0.43939393939393945,0.5714285714285714,0.9114300558247768,-0.41636384411254407,-0.04337973522188804,-25.39581416178424,-0.03953759449494945,0.01
0.43939393939393945,0.5918367346938775,0.9052561640685233,0.05032287339259777,-0.6874705538154269,-37.72508606038257,-0.6223369564570166,0.01
0.43939393939393945,0.6122448979591836,0.8833700332200655,-0.1792535023720376,-1.8676778944338026,-77.93523332021826,-1.6498506836503701,0.01
0.43939393939393945,0.6326530612244897,0.8290244132753068,1.0094203941527227,-3.698991082133024,-101.53345907430544,-3.0665539115759226,0.01
0.43939393939393945,0.6530612244897959,0.7323908053779012,2.7476791742411235,-5.986819948537288,-122.67376983331256,-4.38469188376171,0.01
0.43939393939393945,0.673469387755102,0.5846644153758257,3.050212141588209,-8.121949610765874,-86.56893706508905,-4.748614920890345,0.01
0.43939393939393945,0.6938775510204082,0.4008826579997023,4.217539148525806,-8.671146753779366,32.74761704976687,-3.4761123585605627,0.01
0.43939393939393945,0.7142857142857142,0.23074005807870873,3.4658016495143538,-7.0490780993417435,126.21511108512028,-1.6265046900434676,0.01
0.43939393939393945,0.7346938775510203,0.11316518455718215,1.785031128116886,-4.4466214443107255,128.82564110791958,-0.503202736401347,0.01
0.43939393939393945,0.7551020408163265,0.04924530524969954,0.736910201508443,-2.282096196766259,83.29783315143813,-0.11238252381893281,0.01
0.43939393939393945,0.7755102040816326,0.020018401015702198,0.6812215125185823,-1.0392770187340656,38.49844629571684,-0.020804664127421973,0.01
0.43939393939393945,0.7959183673469387,0.006825835097288705,0.8378026724475222,-0.4122559665872281,22.949616814673252,-0.002813991245797781,0.01
0.43939393939393945,0.8163265306122448,0.0031916268692847275,-0.02372130590630206,-0.15542142196435374,2.220168558368432,-0.0004960471864038709,0.01
0.43939393939393945,0.836734693877551,0.0004821035885395721,0.03802113620710897,-0.0834070694440143,4.837237988624837,-4.021084748852859e-05,0.01
0.43939393939393945,0.8571428571428571,-0.00021274331210361101,0.2930677822480947,-0.0056955611462439805,2.778489824556656,1.2116925425405837e-06,0.01
0.43939393939393945,0.8775510204081632,0.00024963170501940966,-0.14189950741028481,0.04785744980727851,2.4697052488885487,1.1946736793271753e-05,0.01
0.43939393939393945,0.8979591836734693,0.0017406219861526545,-0.2363176984172021,-0.0009745017069238074,-7.255236497280376,-1.6962390966148696e-06,0.01
0.43939393939393945,0.9183673469387754,0.00020985612514496854,0.17520663919814847,-0.03580769936866878,3.8415831264293687,-7.514465039864767e-06,0.01
0.43939393939393945,0.9387755102040816,0.0002790832364110719,0.00837634508752061,-0.030475485491194165,-3.3190261664368568,-8.505197122081132e-06,0.01
0.43939393939393945,0.9591836734693877,-0.0010340412418425482,0.19919986649047777,0.01905741600226428,8.173250512795786,-1.9706154109291406e-05,0.01
0.43939393939393945,0.9795918367346939,0.0010569369507892057,-0.12819766745347727,0.008448175222408922,-9.21295610922161,8.929188559305806e-06,0.01
0.43939393939393945,1.0,-0.000689217763376878,-0.10052958893429305,-0.0855615809941381,0.0,5.897056148376946e-05,0.01
0.4444444444444445,0.0,0.00043872928188772725,-0.4207549944049905,1.844008486332164,0.0,0.0008090205190033852,0.01
0.4444444444444445,0.02040816326530612,0.03807155553356454,0.15944921224324984,1.9327299501525717,8.694703454399942,0.07358203562861705,0.01
0.4444444444444445,0.04081632653061224,0.07932566602280901,-0.21297278127204022,1.9678403157109903,-5.253887629674889,0.15610024367030906,0.01
0.4444444444444445,0.061224489795918366,0.11839156841972741,-0.007357377560788219,1.9884809493195388,7.276669723312625,0.2354193783626887,0.01
0.4444444444444445,0.08163265306122448,0.1604881537501371,-0.4651859249546303,2.01459577496115,-4.717416810434725,0.3233187564763416,0.01
0.4444444444444445,0.1020408163265306,0.20061996739773352,-0.18131040061589968,1.9012829997403369,-6.3872351612049645,0.3814353334217714,0.01
0.4444444444444445,0.12244897959183673,0.23809154149464065,-0.19156262598289406,1.9033369853486144,6.588525750816175,0.45316843682541386,0.01
0.4444444444444445,0.14285714285714285,0.2783071912895137,-0.6312131211548061,1.8857995049240575,-8.30719883242277,0.5248315635505699,0.01
0.4444444444444445,0.16326530612244897,0.3150629498588879,-0.6903918509165914,1.863476434524129,6.11953793322978,0.5871123824536948,0.01
0.4444444444444445,0.18367346938775508,0.3543674539231516,-0.39878257786519483,1.943252870643014,1.6985528064209698,0.6886255720986204,0.01
0.4444444444444445,0.2040816326530612,0.39437939355860274,-1.099243666615659,1.8717445576104488,-8.706367483612379,0.738177483527024,0.01
0.4444444444444445,0.22448979591836732,0.43076519096847604,-0.39646115225637363,1.8363289133148388,5.235634342642598,0.7910265750250006,0.01
0.4444444444444445,0.24489795918367346,0.46933159410206554,-1.1486433656894421,1.8166332010949056,-7.165814140196048,0.8526033561686103,0.01
0.4444444444444445,0.26530612244897955,0.5049134848907171,-0.5389518496069792,1.803664400223506,5.894871654798901,0.9106944778901755,0.01
0.4444444444444445,0.2857142857142857,0.542950549213229,-1.4089456314667603,1.7883026925737653,-7.4003190044734986,0.9709599290924221,0.01
0.4444444444444445,0.3061224489795918,0.577905431526381,-1.0203632795508029,1.7243867596390736,1.1365575768737142,0.9965324744475966,0.01
0.4444444444444445,0.32653061224489793,0.6133336822597218,-1.3730294795208422,1.6630560533662828,-7.14696679160722,1.0200082930154628,0.01
0.4444444444444445,0.3469387755102041,0.6457852704392905,-0.857717060271283,1.569738910931895,-1.998113166962778,1.013714267115231,0.01
0.4444444444444445,0.36734693877551017,0.6774046582161257,-0.8601434249975649,1.5794445690625953,2.949267663771396,1.0699231084771634,0.01
0.4444444444444445,0.3877551020408163,0.7102523957071515,-1.0618103099487004,1.58596253254715,-2.3105072422850363,1.1264336882433945,0.01
0.4444444444444445,0.4081632653061224,0.7421378228098869,-1.116724605713852,1.4962753183884587,-6.478839745266702,1.110442507112981,0.01
0.4444444444444445,0.42857142857142855,0.7713248576821906,-0.8286284262048306,1.3723764103863743,-5.663253238937579,1.0585480394276658,0.01
0.4444444444444445,0.44897959183673464,0.7981531864991267,-1.025766446782655,1.3276745879595429,1.2824746411081058,1.059687703013824,0.01
0.4444444444444445,0.4693877551020408,0.8255156571907434,-0.9411349263598224,1.278743627565941,-6.077708759681087,1.055622886088573,0.01
0.4444444444444445,0.4897959183673469,0.8503468039507978,-0.9710646974071498,1.139300984150011,-7.587670295080055,0.9688009506099604,0.01
0.4444444444444445,0.5102040816326531,0.8720177381764581,-1.0828775087830511,0.9453910012359462,-11.4155080304983,0.824397722590147,0.01
0.4444444444444445,0.5306122448979591,0.8889341917563466,-0.6936847424832201,0.7611933610924453,-6.635860703564795,0.6766508052130097,0.01
0.4444444444444445,0.5510204081632653,0.9030868549557416,-0.8030861870993141,0.49962890108685604,-18.997456376982957,0.4512082929275221,0.01
0.4444444444444445,0.5714285714285714,0.9093272081272387,-0.7314813355041431,0.059374893455669604,-24.14743637087332,0.053991206098896294,0.01
0.4444444444444445,0.5918367346938775,0.9055103199947485,-0.3261816455074449,-0.6581311428424854,-46.168155186345885,-0.5959445417538085,0.01
0.4444444444444445,0.6122448979591836,0.8824647125010148,0.7802382542692176,-1.7490016860569184,-60.73715804866856,-1.5434322700500085,0.01
0.4444444444444445,0.6326530612244897,0.834122496074058,1.627873914234821,-3.3368201196228093,-94.86904844078876,-2.7833167271299146,0.01
0.4444444444444445,0.6530612244897959,0.7462679729245736,1.8052496515871033,-5.734297737364716,-140.08375809791812,-4.279322748609135,0.01
0.4444444444444445,0.673469387755102,0.6000695272020288,3.377684974431514,-7.940072997786205,-76.08221742338768,-4.764595849731163,0.01
0.4444444444444445,0.6938775510204082,0.42218336077003465,3.464619629441775,-8.619722799515777,9.47653685388968,-3.6391035404056624,0.01
0.4444444444444445,0.7142857142857142,0.2482441068136297,3.095858062411881,-7.350070253382242,114.94941266719691,-1.8246116250683038,0.01
0.4444444444444445,0.7346938775510203,0.12218049328504521,1.9425479234268246,-4.784287305301356,136.49731624472994,-0.5845465829790993,0.01
0.4444444444444445,0.7551020408163265,0.05296707394418663,1.6467387467733374,-2.418678699706453,95.33232710357055,-0.12811033353458087,0.01
0.4444444444444445,0.7755102040816326,0.023458913705189988,0.33199890018244527,-1.0267928493501897,41.072486231343305,-0.024087444846012242,0.01
0.4444444444444445,0.7959183673469387,0.011057161725811544,-0.3963796756663055,-0.49948373957414555,10.603806526709027,-0.005522872487884463,0.01
0.4444444444444445,0.8163265306122448,0.0030718222940003736,0.39922751319874383,-0.2543842888223847,13.415939646963544,-0.0007814233296480313,0.01
0.4444444444444445,0.836734693877551,0.0006741295289795164,-0.04390707447735874,-0.04420841964713187,7.1812955322112355,-2.9802201113649806e-05,0.01
0.4444444444444445,0.8571428571428571,0.0012673970022807058,-0.04861720082720915,-0.027958469068598266,-5.588800375514943,-3.5434479885899274e-05,0.01
0.4444444444444445,0.8775510204081632,-0.00046703247382041274,-0.0955024047027708,-0.01764731926494257,6.599293056273201,8.241871172604756e-06,0.01
0.4444444444444445,0.8979591836734693,0.0005470982567728458,0.2204365819732815,0.03826338007038233,-1.1200445214113592,2.0933828534743022e-05,0.01
0.4444444444444445,0.9183673469387754,0.0010947381412972335,0.12302708226610257,-0.005529901056215709,-3.1716970289952497,-6.053793603839194e-06,0.01
0.4444444444444445,0.9387755102040816,0.0003213880095803679,-0.21232509957786358,-0.027506626558557457,1.0179779297657587,-8.840299959925266e-06,0.01
0.4444444444444445,0.9591836734693877,-2.7981310072458366e-05,0.33149187818405407,0.002158106369666056,1.8891658972001457,-6.038664349897337e-08,0.01
0.4444444444444445,0.9795918367346939,0.0004094739838524518,-0.2448716927639134,-0.028639560423585453,-4.9073372429387945,-1.1727154902428547e-05,0.01
0.4444444444444445,1.0,-0.0011969429600147217,-0.006261697073803892,-0.07871443024949151,0.0,9.421668313869872e-05,0.01
0.44949494949494956,0.0,-0.0016862959423799015,0.3284758437178219,1.9875943758562233,0.0,-0.0033516723311034623,0.01
0.44949494949494956,0.02040816326530612,0.038876854585298125,-0.15799977437275115,1.958440375514982,-2.857092033441659,0.0761380016928726,0.01
0.44949494949494956,0.04081632653061224,0.07825004591537446,0.226385558664716,1.9472001063665512,1.7555456568954542,0.15236849772960467,0.01
0.44949494949494956,0.061224489795918366,0.11835440994719817,0.051502596763478396,1.9572727572982083,-0.7684258655930896,0.23165186229575505,0.01
0.44949494949494956,0.08163265306122448,0.1581387298867299,-0.1308414346803149,1.9930712847346337,4.2766815543627885,0.31518176154164795,0.01
0.44949494949494956,0.1020408163265306,0.19970425830371383,-0.6768923053899418,1.9351404281484557,-9.953905499808227,0.38645578391691854,0.01
0.44949494949494956,0.12244897959183673,0.23712405348462604,-0.788816149745522,1.8476672042718305,1.3815295598989654,0.438126336967543,0.01
0.44949494949494956,0.14285714285714285,0.2751192462331763,-0.6070360172125302,1.824075686687312,-3.6934982831817895,0.5018383279936768,0.01
0.44949494949494956,0.16326530612244897,0.3115761223290061,-0.48644854403528853,1.8922367795271364,10.373285381484578,0.5895757982933916,0.01
0.44949494949494956,0.18367346938775508,0.35235340049959,-0.9493608292797872,1.8926626207206547,-10.33155294451978,0.6668861104093885,0.01
0.44949494949494956,0.2040816326530612,0.38882765786862467,-0.4644519314021223,1.8720318047186109,8.30973297631949,0.727897742084312,0.01
0.44949494949494956,0.22448979591836732,0.4287628619166762,-1.388204964014534,1.8302163242880323,-12.407650058516204,0.7847287891283562,0.01
0.44949494949494956,0.24489795918367346,0.4635303649824219,-0.599916992742842,1.7990017764227346,9.348624367717042,0.8338919500292555,0.01
0.44949494949494956,0.26530612244897955,0.502191505852298,-0.7633592005614055,1.7714552814783329,-12.04818087226842,0.8896097953556104,0.01
0.44949494949494956,0.2857142857142857,0.5358346621856191,-0.6004322372254376,1.728734106545363,7.86150572883736,0.9263156559894927,0.01
0.44949494949494956,0.3061224489795918,0.5727520816296597,-1.2710119701365412,1.728830929955614,-7.852017034632749,0.9901915139178183,0.01
0.44949494949494956,0.32653061224489793,0.6063991899389095,-0.5061142792402005,1.6831814693882436,3.3783698990304436,1.0206798795572143,0.01
0.44949494949494956,0.3469387755102041,0.641453366094486,-1.3131419725836138,1.633202084345129,-8.276349633255682,1.0476229745157135,0.01
0.44949494949494956,0.36734693877551017,0.6730604995040168,-0.9064604376450492,1.5541906063499855,0.5332247897316315,1.046064305834372,0.01
0.44949494949494956,0.3877551020408163,0.7048897173740772,-0.9068593797818908,1.5542138510948822,-0.5309468047317679,1.0955493622371477,0.01
0.44949494949494956,0.4081632653061224,0.7364977995487059,-1.0539422023826863,1.5251286322860589,-2.3194046385329172,1.1232538817074098,0.01
0.44949494949494956,0.42857142857142855,0.7671398656306511,-1.3732366486921361,1.3836313340925073,-11.547330584435139,1.0614387557180844,0.01
0.44949494949494956,0.44897959183673464,0.7929725478790123,-0.9545184329512814,1.3137533291019807,4.699286095363547,1.0417703246625323,0.01
0.44949494949494956,0.4693877551020408,0.8207624504919564,-1.4792677027019767,1.2855122783725061,-7.466909066852067,1.0551002077345162,0.01
0.44949494949494956,0.4897959183673469,0.8454424367921758,-1.587766400431175,1.1217621292542075,-8.580605546741195,0.9483853080578568,0.01
0.44949494949494956,0.5102040816326531,0.866548659849271,-1.040846283595756,0.9797132683856244,-5.340182818379952,0.8489692197561121,0.01
0.44949494949494956,0.5306122448979591,0.8854307334609768,-0.8269688672192627,0.7958140044320996,-12.681945049065481,0.704638177642831,0.01
0.44949494949494956,0.5510204081632653,0.8990308641118057,-1.102734005792012,0.4949520499302267,-16.80252649211807,0.44497716914268126,0.01
0.44949494949494956,0.5714285714285714,0.9056328579479248,-0.6546010217096806,0.11838580895567365,-20.10096512338813,0.10721407850500375,0.01
0.44949494949494956,0.5918367346938775,0.9038629379467311,-0.23615532167683148,-0.47107493097658976,-37.666187389973686,-0.425787171105554,0.01
0.44949494949494956,0.6122448979591836,0.8864053097447987,0.0741510588194163,-1.5072119829574966,-63.87524370415519,-1.336000704604512,0.01
0.44949494949494956,0.6326530612244897,0.8423440814994864,0.24833668046483545,-3.2099879012678185,-102.99679629025637,-2.7039143103179044,0.01
0.44949494949494956,0.6530612244897959,0.7553853954073367,1.7967417450098626,-5.517780712239367,-123.16689918495548,-4.168050965085911,0.01
0.44949494949494956,0.673469387755102,0.6171285422244102,3.162439085211899,-7.734746914667824,-94.0957886530331,-4.773333087923708,0.01
0.44949494949494956,0.6938775510204082,0.4396814397066093,4.175235760697935,-8.6545953214576,3.9506447876350017,-3.8052649310165627,0.01
0.44949494949494956,0.7142857142857142,0.2638797535934877,3.023602009030082,-7.538407408924496,105.4357706406093,-1.9892330895543182,0.01
0.44949494949494956,0.7346938775510203,0.1319913413831605,2.6654131811932693,-4.963597523650569,146.89559811623553,-0.6551518952327723,0.01
0.44949494949494956,0.7551020408163265,0.06128393630162773,1.0220989291589673,-2.6179638061180053,82.97650620195586,-0.16043912713410272,0.01
0.44949494949494956,0.7755102040816326,0.02513567582732355,0.3183697336785464,-1.2796029571773173,48.182856994231585,-0.03216368511929363,0.01
0.44949494949494956,0.7959183673469387,0.009055244171941314,0.6490768909041424,-0.4911650475595026,29.084058148314252,-0.004447619434374464,0.01
0.44949494949494956,0.8163265306122448,0.005088122865711201,-0.34373358885242683,-0.21077025483688372,-1.605368461497597,-0.0010724249530473249,0.01
0.44949494949494956,0.836734693877551,0.0004523766275787147,0.5852809904281592,-0.09962354840286847,12.497745692031094,-4.506736485391448e-05,0.01
0.44949494949494956,0.8571428571428571,0.0010218555839614676,-0.11458122244919376,-0.034342739727803294,-6.100226441874703,-3.5093320359391126e-05,0.01
0.44949494949494956,0.8775510204081632,-0.000949367851107134,0.4055027442492996,0.015644689212895926,10.99899447806323,-1.4852564979285965e-05,0.01
0.44949494949494956,0.8979591836734693,0.0016604143273449747,-0.17369553866373416,0.06530364487208637,-6.132416823462564,0.0001084311075734604,0.01
0.44949494949494956,0.9183673469387754,0.001716087041631085,-0.07266405895303857,-0.05907869498552407,-6.057052482583261,-0.00010138418290113322,0.01
0.44949494949494956,0.9387755102040816,-0.0007509609781866201,0.2747627639205067,-0.0017117401949725405,11.679014052057312,1.2854500912179347e-06,0.01
0.44949494949494956,0.9591836734693877,0.0016462200948975118,-0.48240902375489697,-0.0018691235952744492,-11.694437625286902,-3.076988822387882e-06,0.01
0.44949494949494956,0.9795918367346939,-0.0008272517371774139,0.20810701772672663,-0.07043230079640121,4.975246259576476,5.8265243187225056e-05,0.01
0.44949494949494956,1.0,-0.001228567692710701,0.11539926820577427,-0.019664481821131063,0.0,2.4159147059338513e-05,0.01
0.4545454545454546,0.0,-2.7327034714134095e-05,-0.24952273555672927,1.8672039451166371,0.0,-5.102514702657048e-05,0.01
0.4545454545454546,0.02040816326530612,0.03807887592684989,0.0945558913745586,1.9458079917584108,7.703196570893822,0.07409418109564148,0.01
0.4545454545454546,0.04081632653061224,0.07939340732277202,-0.38138508561298345,1.973123379562701,-5.0262885660733865,0.156652988171706,0.01
0.4545454545454546,0.061224489795918366,0.11861452407226625,-0.7665482745175568,1.9130704273135957,-0.858900754338929,0.22691793825252918,0.01
0.4545454545454546,0.08163265306122448,0.15747791456006163,-0.7046883623287495,1.9029416124984782,-0.13372309754260064,0.2996712766658213,0.01
0.4545454545454546,0.1020408163265306,0.19628561029669392,-0.43942480906767956,1.8537243649206903,-4.689567165080617,0.36385941829030904,0.01
0.4545454545454546,0.12244897959183673,0.23314013353641633,-0.4661515682060013,1.8563110379099448,4.94306111802756,0.43278060326344814,0.01
0.4545454545454546,0.14285714285714285,0.27205340776240594,-0.5504739795714755,1.861489860121154,-4.435536541329045,0.5064246599611243,0.01
0.4545454545454546,0.16326530612244897,0.30911931150054506,-0.5638367333051112,1.849878406316794,3.297614068501757,0.5718331393203728,0.01
0.4545454545454546,0.18367346938775508,0.3475586488365608,-0.5432593740224211,1.895384423799001,1.1619756447545386,0.6587572493614441,0.01
0.4545454545454546,0.2040816326530612,0.3864819410433614,-1.0584477695214098,1.8177303840064831,-8.77207154442129,0.7025199671043203,0.01
0.4545454545454546,0.22448979591836732,0.4217517257347846,-0.271452247877372,1.8134542333645594,8.353008781512756,0.7648274524625537,0.01
0.4545454545454546,0.24489795918367346,0.46050048118069037,-1.0664215496330118,1.876318550183349,-2.1923057332713634,0.8640455952076875,0.01
0.4545454545454546,0.26530612244897955,0.4983361563545131,-1.3753909507010673,1.771391526479224,-8.090542589732912,0.8827484447046102,0.01
0.4545454545454546,0.2857142857142857,0.532802176139026,-1.2790845560498236,1.6659184860676315,-2.2458153706031414,0.8876049946470658,0.01
0.4545454545454546,0.3061224489795918,0.5663328292552328,-0.4709423993931258,1.7405015863729791,9.554959200527223,0.9857031877338301,0.01
0.4545454545454546,0.32653061224489793,0.6038430572154742,-1.3242232575686388,1.6779684135298936,-15.683210139149612,1.01322957673689,0.01
0.4545454545454546,0.3469387755102041,0.6348213359299223,-1.092427285688379,1.5836643021182664,6.441407220810127,1.0053438879352459,0.01
0.4545454545454546,0.36734693877551017,0.6684824164856075,-0.898528838997351,1.6044629473784815,-4.403139985309028,1.0725552682251873,0.01
0.4545454545454546,0.3877551020408163,0.7003096194963909,-1.1946189393741193,1.5359648448520937,-2.3096740622769865,1.0756509560582028,0.01
0.4545454545454546,0.4081632653061224,0.7311748591326317,-1.2322688015160672,1.467420333860296,-4.407688014919179,1.0729408558986613,0.01
0.4545454545454546,0.42857142857142855,0.7602043270008928,-1.302325082098029,1.3959337702090195,-2.597995222905934,1.0611948923195667,0.01
0.4545454545454546,0.44897959183673464,0.7881517477125917,-1.2783739745869211,1.3006333249441975,-6.741448413046619,1.0250964281880084,0.01
0.4545454545454546,0.4693877551020408,0.8132914014884111,-0.8957837085908135,1.2071558379520142,-2.419345312187344,0.9817694632629108,0.01
0.4545454545454546,0.4897959183673469,0.8374234145677759,-0.5996975870656576,1.1760112442446238,-0.6328248711369181,0.9848193517254316,0.01
0.4545454545454546,0.5102040816326531,0.8612918604371712,-0.8649866517156394,1.073852357091139,-9.378746069904606,0.9249002944738686,0.01
0.4545454545454546,0.5306122448979591,0.8812541230204755,-1.1962879848223746,0.7881561802209467,-18.619479263374227,0.6945658834037782,0.01
0.4545454545454546,0.5510204081632653,0.8934615004461894,-0.5186147632978304,0.5162803944503517,-8.024347742144085,0.46127665587656175,0.01
0.4545454545454546,0.5714285714285714,0.9023267921817143,-0.1460718450294669,0.2256139794648753,-20.46096092643261,0.2035775383618921,0.01
0.4545454545454546,0.5918367346938775,0.9026702343018986,0.017948534285793682,-0.3809010624262722,-38.97751317889985,-0.3438280512661652,0.01
0.4545454545454546,0.6122448979591836,0.8867798100418665,0.05846167152569314,-1.4472622150157246,-65.52587977486651,-1.283402912112415,0.01
0.4545454545454546,0.6326530612244897,0.8435983071583997,1.081968143053909,-2.996839053734152,-86.33265041953939,-2.528128352556311,0.01
0.4545454545454546,0.6530612244897959,0.7644598486649623,1.7432297400709869,-5.1571973338742,-125.38246103418538,-3.9424702933888183,0.01
0.4545454545454546,0.673469387755102,0.6331004567961874,3.429222066069055,-7.440438311716521,-98.37515479436223,-4.7105448939115835,0.01
0.4545454545454546,0.6938775510204082,0.4607684890030635,3.7963462797612904,-8.671774656641714,-22.295807008306863,-3.9956805055158626,0.01
0.4545454545454546,0.7142857142857142,0.27915047081081135,3.994612207362622,-7.725228889721791,115.05729216645945,-2.1565012816871194,0.01
0.4545454545454546,0.7346938775510203,0.14545302411645983,2.0795032035237493,-5.211258258281086,131.31182971472958,-0.7579932731188592,0.01
0.4545454545454546,0.7551020408163265,0.0664460521054609,0.7146766469409668,-2.9083807983609886,94.37016135744004,-0.1932504220704162,0.01
0.4545454545454546,0.7755102040816326,0.026743603775194996,0.5759432781331199,-1.3257597245371315,60.72670387729799,-0.03545559277413271,0.01
0.4545454545454546,0.7959183673469387,0.012333410287618802,-0.11701117899530941,-0.5730919738322745,13.034735691777989,-0.00706817844581474,0.01
0.4545454545454546,0.8163265306122448,0.0033520946391837926,0.33020520543123966,-0.21866419201699275,21.69918692611963,-0.0007329830658416169,0.01
0.4545454545454546,0.836734693877551,0.003408341225700731,-0.5630107186329532,-0.07126883639842801,-7.254442075500285,-0.00024290851320448302,0.01
0.4545454545454546,0.8571428571428571,0.0004431625412887718,-0.26290887048917083,-0.05658802776508643,8.69316132156776,-2.5077694190895282e-05,0.01
0.4545454545454546,0.8775510204081632,0.0010986258067176115,0.008920359775010427,0.008330038974228047,-2.33119078111494,9.151595788050433e-06,0.01
0.4545454545454546,0.8979591836734693,0.0007831641320735901,-0.4569350576553547,0.006136540435433406,2.1162279243130655,4.805918364050693e-06,0.01
0.4545454545454546,0.9183673469387754,0.0013490968448985668,-0.26046515337803666,-0.003587642393029621,-3.069197841502442,-4.840077033060606e-06,0.01
0.4545454545454546,0.9387755102040816,0.000636729748684626,-0.11916540895730451,-0.052412506041667146,-1.715638796064036,-3.337260179984216e-05,0.01
0.4545454545454546,0.9591836734693877,-0.0007901891159858063,0.31243274663255455,-0.010116930573797745,5.860605191915238,7.994288426599016e-06,0.01
0.4545454545454546,0.9795918367346939,0.00022379380689696295,-0.17751123719145318,0.003538927249237404,-4.522331125257793,7.919900014382358e-07,0.01
0.4545454545454546,1.0,-0.000645743105812851,-0.048743714546562115,-0.04260730872278089,0.0,2.751337586497551e-05,0.01
0.4595959595959596,0.0,-0.0012875428708592315,0.13465925781252178,1.9523547164279156,0.0,-0.0025137403965251595,0.01
0.4595959595959596,0.02040816326530612,0.0385564309337921,-0.13519684499281753,1.9294916908676119,-2.2405765049097703,0.07439431311626282,0.01
0.4595959595959596,0.04081632653061224,0.07746722002169634,-0.19129718326749123,1.8665726115608987,-3.925493267148095,0.1445981911862605,0.01
0.4595959595959596,0.061224489795918366,0.1147430681403594,0.25335332364734214,1.8730657289320993,4.561818769525754,0.21492130856622782,0.01
0.4595959595959596,0.08163265306122448,0.15391888242708815,-0.17004253221385993,1.9434190110011145,2.3328028732377177,0.2991288822608485,0.01
0.4595959595959596,0.1020408163265306,0.19406629307918039,-0.6114835646731658,1.8832402813651716,-8.23031837756011,0.3654734603819315,0.01
0.4595959595959596,0.12244897959183673,0.23078583268689107,-0.6111680463137084,1.8425701051960912,4.244641112990222,0.4252390760116524,0.01
0.4595959595959596,0.14285714285714285,0.2692732361484086,-0.5089337421754093,1.8494025543386885,-3.5750610970156904,0.49799461074791174,0.01
0.4595959595959596,0.16326530612244897,0.3062716512313273,-0.1899245173382896,1.850771122659985,3.709180792502759,0.566838727788331,0.01
0.4595959595959596,0.18367346938775508,0.34481491462432634,-0.5038880567590236,1.8341825531560751,-5.3348606038859225,0.6324535004719409,0.01
0.4595959595959596,0.2040816326530612,0.38113624523769773,-0.658667135620296,1.8513630839587747,7.018552622550464,0.7056215743917319,0.01
0.4595959595959596,0.22448979591836732,0.42038075478590897,-1.2432962073136615,1.8124675787547904,-10.830312132540916,0.7619264887819277,0.01
0.4595959595959596,0.24489795918367346,0.4551145137583014,-0.19529360843506913,1.7397200743289019,3.7010566988038374,0.7917718557037542,0.01
0.4595959595959596,0.26530612244897955,0.49138973741157843,-0.797851777042678,1.7450771645741132,-3.1760618547731214,0.8575130096630154,0.01
0.4595959595959596,0.2857142857142857,0.5263421531286734,-0.7091305715562536,1.7778325744870485,6.386092026240773,0.9357482251578056,0.01
0.4595959595959596,0.3061224489795918,0.5639543322886008,-1.5034300218590595,1.7349162419931259,-10.591892610645196,0.9784135308298819,0.01
0.4595959595959596,0.32653061224489793,0.5971550609651275,-1.042298399707739,1.6010675058822488,-2.525283528220763,0.9560855640843989,0.01
0.4595959595959596,0.3469387755102041,0.6293040264062436,-0.9792703586197583,1.6363386114869358,5.981851877480095,1.0297544767727307,0.01
0.4595959595959596,0.36734693877551017,0.6639443920462269,-1.079006252542706,1.5918180205335288,-10.34486979091397,1.056878647891362,0.01
0.4595959595959596,0.3877551020408163,0.694276190509653,-1.3731759360703462,1.4946687383788182,0.8242401397523251,1.037712917755515,0.01
0.4595959595959596,0.4081632653061224,0.724951279326995,-1.0397241070233603,1.4540930586242569,-4.800656755699348,1.0541466231101582,0.01
0.4595959595959596,0.42857142857142855,0.7536269275963573,-0.8976010206742241,1.3902288371775249,-1.4580369460803773,1.0477138872179546,0.01
0.4595959595959596,0.44897959183673464,0.7816953134975062,-0.7195669034106887,1.350937686817565,-2.3924957891956873,1.0560216586124525,0.01
0.4595959595959596,0.4693877551020408,0.808767241344013,-1.1501600985891518,1.2911334717614635,-3.4683172863022667,1.044226456163437,0.01
0.4595959595959596,0.4897959183673469,0.8343946388755251,-1.5045135601288457,1.1798219911811982,-7.440207810563718,0.9844371442690388,0.01
0.4595959595959596,0.5102040816326531,0.8569232409840619,-1.4836955173936435,1.0000318280757874,-10.179228173766548,0.8569505152019199,0.01
0.4595959595959596,0.5306122448979591,0.8752122645112715,-0.8163138687281558,0.831015328030221,-6.384388830698962,0.727314807088907,0.01
0.4595959595959596,0.5510204081632653,0.8908422339648873,-0.9039068793168065,0.6462313814449286,-11.724437934659692,0.5756902075046154,0.01
0.4595959595959596,0.5714285714285714,0.9015890555906564,-0.9075095392508751,0.29200691275173785,-22.989559997273012,0.2632702366937825,0.01
0.4595959595959596,0.5918367346938775,0.9027608834649582,-0.7462520707006696,-0.35559262224646704,-40.47519443255107,-0.32101510981284176,0.01
0.4595959595959596,0.6122448979591836,0.8870750710091679,0.31686156533694554,-1.31560322302169,-53.60584444342081,-1.167038822481856,0.01
0.4595959595959596,0.6326530612244897,0.849062792729379,0.6382587520066161,-2.7883702775757695,-90.725326902879,-2.3675014550420768,0.01
0.4595959595959596,0.6530612244897959,0.7732640392713814,1.790554923077587,-4.866754297945558,-112.95630709336035,-3.7632860865707385,0.01
0.4595959595959596,0.673469387755102,0.6504197601601726,2.746304825289006,-7.186391063118479,-114.36809589358586,-4.6741707516907285,0.01
0.4595959595959596,0.6938775510204082,0.47994195506246395,3.9420561401859633,-8.601814765421047,-24.343426932065615,-4.128371795601347,0.01
0.4595959595959596,0.7142857142857142,0.2993252799389054,3.5132665624038406,-7.937666543094617,89.42995272005575,-2.3759442600734797,0.01
0.4595959595959596,0.7346938775510203,0.15595556554839796,2.5073556178084964,-5.617108870555483,137.98469918877944,-0.8760193906544033,0.01
0.4595959595959596,0.7551020408163265,0.07005553012031426,2.0772762401141436,-3.0944273547855867,109.23808935667046,-0.21678174875830605,0.01
0.4595959595959596,0.7755102040816326,0.029652408210210753,0.9740824564812725,-1.4286705918878324,54.006073407309515,-0.04236352358858142,0.01
0.4595959595959596,0.7959183673469387,0.01174244473713744,0.8663127427316825,-0.603498957575689,26.86074675528053,-0.007086553158252582,0.01
0.4595959595959596,0.8163265306122448,0.005019797696917326,-0.12625471169435346,-0.2738510037398325,5.444752720633407,-0.0013746766378717093,0.01
0.4595959595959596,0.836734693877551,0.0005648527477565232,0.25693858850311874,-0.1446592144794889,7.216042626880264,-8.171115478703953e-05,0.01
0.4595959595959596,0.8571428571428571,-0.000884660036939364,0.4865511032649792,0.014181221835898967,8.35032013202775,-1.2545560233191695e-05,0.01
0.4595959595959596,0.8775510204081632,0.0011436781288136238,-0.6660949665200929,-0.015678251861991673,-11.276548554421034,-1.793087375259135e-05,0.01
0.4595959595959596,0.8979591836734693,-0.0015245886843675955,0.4305149014633521,-0.027196515485019397,10.147758719364317,4.146349976268866e-05,0.01
0.4595959595959596,0.9183673469387754,3.361627228221997e-05,-0.33304470022576377,0.03820708686506245,-3.7382056890562945,1.2843798351663695e-06,0.01
0.4595959595959596,0.9387755102040816,3.488424890025963e-05,-0.005925886949043496,0.01847637552529996,1.80459597775957,6.445344825992291e-07,0.01
0.4595959595959596,0.9591836734693877,0.0007877540488250754,0.10076661718410795,-0.01733649012802321,-5.314256811785241,-1.3656890290766233e-05,0.01
0.4595959595959596,0.9795918367346939,-0.0006727275930598713,-0.024557088617421678,-0.041152099512825016,2.980327092074663,2.7684152854623074e-05,0.01
0.4595959595959596,1.0,-0.0008919234823106395,0.02741007975559941,-0.010740598573287644,0.0,9.579792081587402e-06,0.01
0.4646464646464647,0.0,-0.0006074456091798285,0.22884051837939845,1.8855721455316448,0.0,-0.0011453825205949863,0.01
0.4646464646464647,0.02040816326530612,0.03787361858534353,-0.18161053030600868,1.88915869689559,0.35148203366663533,0.07154927593340818,0.01
0.4646464646464647,0.04081632653061224,0.07650107263145649,-0.5975612027323121,1.9146507889936457,2.146742991942849,0.14647283907267836,0.01
0.4646464646464647,0.061224489795918366,0.11602263038100254,-0.6238378116267568,1.8756957236331802,-5.964339397268497,0.21762315165031954,0.01
0.4646464646464647,0.08163265306122448,0.15306008175934138,-0.3182118674477353,1.8364063657291323,2.113982322671824,0.28108050848187593,0.01
0.4646464646464647,0.1020408163265306,0.19097799224749773,-0.1542918686631803,1.8286565687619076,-2.873462425459854,0.3492331600123474,0.01
0.4646464646464647,0.12244897959183673,0.22769912538227638,-0.38974764250244365,1.8552593509091975,5.480535075894256,0.42244093155931406,0.01
0.4646464646464647,0.14285714285714285,0.26670286371317925,-0.22921103181046384,1.90152612231797,-0.9463914778345364,0.5071424622476198,0.01
0.4646464646464647,0.16326530612244897,0.30531243649729556,-0.7123755978652039,1.8513954625221136,-3.9664131821593975,0.565254059582664,0.01
0.4646464646464647,0.18367346938775508,0.3422700254487757,-0.8828992584573943,1.7761815726110795,-3.404548029121947,0.6079337120592406,0.01
0.4646464646464647,0.2040816326530612,0.37780964354264573,-0.37274581033949633,1.759870661289135,1.8060787195713959,0.6648961072228083,0.01
0.4646464646464647,0.22448979591836732,0.41410148101159755,-0.3404584100212715,1.869804202068114,8.96740827676854,0.7742886892781145,0.01
0.4646464646464647,0.24489795918367346,0.45412818240256875,-1.0307389624831256,1.7948381982765742,-16.314076648339448,0.8150866086900419,0.01
0.4646464646464647,0.26530612244897955,0.48736018298206996,-0.9847560457164498,1.6814963282283102,5.206573383609577,0.819494358209028,0.01
0.4646464646464647,0.2857142857142857,0.522760685595561,-0.7619516549051965,1.6905261755072436,-4.321648350274089,0.8837406225254083,0.01
0.4646464646464647,0.3061224489795918,0.5563612513701207,-0.736142528964746,1.6936909299238763,4.631794283104091,0.9423040052066712,0.01
0.4646464646464647,0.32653061224489793,0.5918909276332702,-0.9154012135947384,1.665925646030546,-7.352792104650457,0.9860462759970748,0.01
0.4646464646464647,0.3469387755102041,0.6243582165142246,-0.7413578350209286,1.631796478181599,4.008133655453636,1.018825538831656,0.01
0.4646464646464647,0.36734693877551017,0.6584948655182334,-1.3012805024951732,1.5430771788792894,-12.702624987079968,1.0161083993903728,0.01
0.4646464646464647,0.3877551020408163,0.6873409585092977,-0.9929009676885411,1.4995294079001513,8.43494343112444,1.0306879805389697,0.01
0.4646464646464647,0.4081632653061224,0.7197001474733417,-1.2938248162152635,1.5129394496707467,-7.120759337606105,1.0888627450462727,0.01
0.4646464646464647,0.42857142857142855,0.7490935891081036,-1.3077805249522698,1.4298442487356584,-1.0225703540325355,1.0710871601509744,0.01
0.4646464646464647,0.44897959183673464,0.7780611372176542,-1.4064240409649555,1.3196866898028392,-9.77287042138376,1.0267969266389987,0.01
0.4646464646464647,0.4693877551020408,0.8029583519571991,-0.7684983584129282,1.1940062339352269,-2.543814253642247,0.9587372778272517,0.01
0.4646464646464647,0.4897959183673469,0.826796085541541,-0.710429048076174,1.1385511944099354,-2.890779619836312,0.9413496707267807,0.01
0.4646464646464647,0.5102040816326531,0.8494298292800536,-0.21757932046940073,1.08518785049658,-2.3388280836725293,0.9217909305840982,0.01
0.4646464646464647,0.5306122448979591,0.8710894671944627,-0.9916637035098564,0.9027568514286176,-15.539409824987784,0.7863819847171052,0.01
0.4646464646464647,0.5510204081632653,0.8862770477057115,-1.0030463997170687,0.6349470686782286,-10.705948884550342,0.5627390134775361,0.01
0.4646464646464647,0.5714285714285714,0.8970056740792883,-0.6277913974964027,0.3115147047269669,-20.990422782673306,0.2794304576992234,0.01
0.4646464646464647,0.5918367346938775,0.8989919336129346,-0.09891017900533904,-0.20409215728484273,-29.539049694484046,-0.18347720311273594,0.01
0.4646464646464647,0.6122448979591836,0.8886753819452131,-0.35095713762238606,-1.14428748990892,-62.60009290267553,-1.0169001221499385,0.01
0.4646464646464647,0.6326530612244897,0.8522863217799175,0.4977773284612034,-2.6060193317947307,-80.64962760213393,-2.2210746307826894,0.01
0.4646464646464647,0.6530612244897959,0.7823072459535915,1.3841674366212817,-4.605910213120212,-115.3396787677633,-3.6032369339355923,0.01
0.4646464646464647,0.673469387755102,0.6642899865505211,2.805468471080093,-6.920169952920725,-111.457775732687,-4.596999604953028,0.01
0.4646464646464647,0.6938775510204082,0.4998513295078476,3.283196550334001,-8.506912934313402,-44.043036443795536,-4.252191740224059,0.01
0.4646464646464647,0.7142857142857142,0.3170690504560965,3.474759101665501,-8.115192617833243,82.43162745885097,-2.5730764176047103,0.01
0.4646464646464647,0.7346938775510203,0.16861897775955198,2.6808774941542075,-5.794794541747895,144.9673839975131,-0.9771123319561615,0.01
0.4646464646464647,0.7551020408163265,0.08054682426230489,1.010185001523682,-3.284150548990218,101.07572729273922,-0.2645278971204672,0.01
0.4646464646464647,0.7755102040816326,0.034572016576277786,0.5679491842063769,-1.5785120347457633,66.07684710321737,-0.05457234423108451,0.01
0.4646464646464647,0.7959183673469387,0.016117761619620686,-0.0031080208373802857,-0.73965178899136,16.131456980714134,-0.01192153121648872,0.01
0.4646464646464647,0.8163265306122448,0.004382147637854935,0.21813901946521755,-0.34925336120750833,22.127588942103326,-0.001530479791828379,0.01
0.4646464646464647,0.836734693877551,0.0018625223866611633,0.06252961101881296,-0.06883223232543006,5.353681688340346,-0.00012820157362997567,0.01
0.4646464646464647,0.8571428571428571,0.001572668767429218,-0.3384239189773189,-0.10003252613414493,-8.4113104815944,-0.00015731802957821673,0.01
0.4646464646464647,0.8775510204081632,-0.0022204378637120984,0.5393254254566601,-0.022612024307142504,15.998519660640639,5.020859494675754e-05,0.01
0.4646464646464647,0.8979591836734693,0.0006497289997907485,0.32942619576399673,0.014014249788773867,-12.409144799240835,9.105464498077753e-06,0.01
0.4646464646464647,0.9183673469387754,-0.0016484276682519406,0.3297191411900364,-0.0157969500849562,9.487647211615286,2.604012959403664e-05,0.01
0.4646464646464647,0.9387755102040816,4.955526935393486e-06,0.05929223416520769,0.07215504863914772,-0.8683513366531015,3.575662870559236e-07,0.01
0.4646464646464647,0.9591836734693877,0.0012966763578357216,0.32775656809058634,-0.019641866092039703,-8.12774630700327,-2.5469143385323e-05,0.01
0.4646464646464647,0.9795918367346939,-0.0007967532931478596,0.4786627533310722,-0.050229044800696024,5.130202793554949,4.0020156856625934e-05,0.01
0.4646464646464647,1.0,-0.0007534887360702385,0.07171502069688031,0.002119963296803435,0.0,-1.597368465023716e-06,0.01
0.4696969696969697,0.0,0.0005483145846555173,-0.05863827684917424,1.783995875907478,0.0,0.0009781909577253646,0.01
0.4696969696969697,0.02040816326530612,0.03695639368480813,0.23114588462357236,1.7869019182731813,0.2847921518388985,0.06603745076784254,0.01
0.4696969696969697,0.04081632653061224,0.07348308675907107,0.15910739203151777,1.8599307466079977,6.872033024973117,0.13667345241885934,0.01
0.4696969696969697,0.061224489795918366,0.11287193436268558,0.30458284746512215,1.9102616767365748,-1.9396018723725752,0.21561493059216438,0.01
0.4696969696969697,0.08163265306122448,0.15145295111566595,-0.023479620917967178,1.894506747560484,0.39561881311569125,0.2869286378265773,0.01
0.4696969696969697,0.1020408163265306,0.19019874038556248,-0.8700132669177314,1.8198049198283703,-7.716397930862825,0.3461246034988055,0.01
0.4696969696969697,0.12244897959183673,0.22573070294539535,-0.18196527629113898,1.8459890504187506,10.28244272872009,0.41669640598052743,0.01
0.4696969696969697,0.14285714285714285,0.26554523223938903,-0.4463828593147596,1.8616049864271234,-8.752080999899562,0.4943403284587951,0.01
0.4696969696969697,0.16326530612244897,0.3017145799424208,-0.7093265820497118,1.7705097981137812,-0.1752474548079728,0.5341886200218398,0.01
0.4696969696969697,0.18367346938775508,0.3378109382848495,-0.5035611042403367,1.8182064705624927,4.849521354781702,0.6142100338163002,0.01
0.4696969696969697,0.2040816326530612,0.3759270889449715,-0.8969927908779027,1.8269908672824937,-3.9886504762216113,0.6868153582665567,0.01
0.4696969696969697,0.22448979591836732,0.4123819940922982,-1.0957841614145793,1.7883858574846851,0.20535951603636837,0.7374981261159991,0.01
0.4696969696969697,0.24489795918367346,0.4489224300667954,-1.5898062002501065,1.7151145009304536,-7.3859524583510625,0.7699533696004982,0.01
0.4696969696969697,0.26530612244897955,0.48238666759966364,-1.0024585869546099,1.7147553637619428,7.350757015837007,0.8271751256737726,0.01
0.4696969696969697,0.2857142857142857,0.5189124449142216,-1.0695024672685616,1.7212889591457121,-6.710464668227614,0.8931982621941572,0.01
0.4696969696969697,0.3061224489795918,0.5526433598096927,-0.8960884002979662,1.6747034845304734,2.145088155934224,0.9255137603759205,0.01
0.4696969696969697,0.32653061224489793,0.5872676891807715,-1.13517583833525,1.6652803177559174,-3.0685584998407136,0.9779653240467386,0.01
0.4696969696969697,0.3469387755102041,0.6206139850242199,-1.0113878844544144,1.5840487883934138,-4.892131377684642,0.9830828310376238,0.01
0.4696969696969697,0.36734693877551017,0.6519227417682578,-0.9917465884382591,1.5119518922613273,-2.17336444325984,0.98567582302471,0.01
0.4696969696969697,0.3877551020408163,0.6823263071573353,-0.8997822195388939,1.5004519549398372,1.0463705857538126,1.0237978414811035,0.01
0.4696969696969697,0.4081632653061224,0.7131656787045777,-0.8608337179279494,1.4739770802113459,-3.6409083091459666,1.0511898648039162,0.01
0.4696969696969697,0.42857142857142855,0.74248863696188,-1.3052448915082022,1.4159115163802674,-2.049516946299736,1.0512982118558134,0.01
0.4696969696969697,0.44897959183673464,0.770957985495609,-1.0406209061639966,1.3864160487938182,-0.8410388771722612,1.068868524036864,0.01
0.4696969696969697,0.4693877551020408,0.7990770471167298,-1.181932680874098,1.2801268264896468,-9.575304908636546,1.0229199644462572,0.01
0.4696969696969697,0.4897959183673469,0.8232080600462068,-1.303973524585445,1.2067204693069882,2.3814819047359923,0.993382016556254,0.01
0.4696969696969697,0.5102040816326531,0.8483309438231375,-1.4248332353516722,1.0503886128292808,-17.702003839551306,0.8910771633025398,0.01
0.4696969696969697,0.5306122448979591,0.8660810646514836,-1.2512297428919368,0.8055652178853455,-6.290688864954357,0.6976847815523444,0.01
0.4696969696969697,0.5510204081632653,0.8812111567980495,-0.47100133583476683,0.6799716722000954,-6.017478612200161,0.5991986238493502,0.01
0.4696969696969697,0.5714285714285714,0.8938350104555691,-0.548336746779708,0.4233901461786709,-19.127510937899444,0.3784409357363972,0.01
0.4696969696969697,0.5918367346938775,0.8984923872543218,-0.7358840478071721,-0.16983741300750227,-39.00878986234553,-0.15259762265820892,0.01
0.4696969696969697,0.6122448979591836,0.8869028711491405,-0.07450544482580868,-1.0704549447931104,-49.25172825264407,-0.9493895639728043,0.01
0.4696969696969697,0.6326530612244897,0.8548003486913377,0.7265872312016072,-2.3913195738706405,-80.1930053969539,-2.0441008055770444,0.01
0.4696969696969697,0.6530612244897959,0.7892979905829919,1.4171590018916933,-4.320362571735552,-108.85320839380745,-3.410053496460838,0.01
0.4696969696969697,0.673469387755102,0.6784590192327438,2.622648714842894,-6.685189077739101,-122.89978919454039,-4.535626825068321,0.01
0.4696969696969697,0.6938775510204082,0.5164331302671102,3.938406784780091,-8.424096669417732,-47.51315478996548,-4.350482612660137,0.01
0.4696969696969697,0.7142857142857142,0.3346183388483465,3.7690566958961966,-8.189721995996905,70.48187278520686,-2.740431169930249,0.01
0.4696969696969697,0.7346938775510203,0.18215876308356313,2.554913971820664,-6.099754468280595,134.33494493099164,-1.1111237290554303,0.01
0.4696969696969697,0.7551020408163265,0.0856487687144447,1.7405830945223193,-3.5455987489585103,115.97231556257275,-0.30367616720377194,0.01
0.4696969696969697,0.7755102040816326,0.037440446799542317,0.8467938914718722,-1.703894252159127,64.51472512376682,-0.06379456210000974,0.01
0.4696969696969697,0.7959183673469387,0.016102064544684422,0.22275767195524301,-0.7829363800830691,25.739146339686858,-0.012606892126479153,0.01
0.4696969696969697,0.8163265306122448,0.005483859857376236,0.30637837528109385,-0.3411315330232824,17.557728672172242,-0.0018707175200315942,0.01
0.4696969696969697,0.836734693877551,0.0021783285029177944,-0.25867515243563527,-0.13769986864786515,2.3785744366186528,-0.00029995554872368105,0.01
0.4696969696969697,0.8571428571428571,-0.00013654294457744309,0.05438629283923697,-0.04103506424663353,7.094576394702046,5.6030485031598985e-06,0.01
0.4696969696969697,0.8775510204081632,0.0005034279214225485,0.023109383294196404,0.060025994941151614,2.809407405700899,3.0218761864544367e-05,0.01
0.4696969696969697,0.8979591836734693,0.0023134976652654797,-0.3627484648484776,-0.01192188134522754,-9.860299281766057,-2.758124465775599e-05,0.01
0.4696969696969697,0.9183673469387754,1.6820519576526475e-05,-0.3514993469619444,-0.04922261705046293,6.204827182652988,-8.279499937051775e-07,0.01
0.4696969696969697,0.9387755102040816,0.00030441125504250305,0.029300211564932725,0.07191220499805415,5.666385378101689,2.1890884576331423e-05,0.01
0.4696969696969697,0.9591836734693877,0.0029520125603134306,-0.547319472716753,0.03224994057242334,-9.55328729181351,9.520222963915542e-05,0.01
0.4696969696969697,0.9795918367346939,0.001620735360039374,-0.0723686008152399,-0.08191095344284653,-1.6344803216829398,-0.00013275597861936027,0.01
0.4696969696969697,1.0,-0.00039129166184357023,0.32855673285506554,-0.09858932407226427,0.0,3.8577180456270586e-05,0.01
0.4747474747474748,0.0,0.0002521616712758494,-0.2085968298477607,1.8557101380901277,0.0,0.00046793896982434387,0.01
0.4747474747474748,0.02040816326530612,0.03812379714250294,-0.034513039970103285,1.8138451954831658,-4.102764375482253,0.0691506662805038,0.01
0.4747474747474748,0.04081632653061224,0.07428665944609894,-0.09268403304115218,1.8690176435252601,9.509664283607497,0.13884307718331135,0.01
0.4747474747474748,0.061224489795918366,0.11441023157210539,-0.5913889057211553,1.8876688392756535,-7.681847100068948,0.21596862903297492,0.01
0.4747474747474748,0.08163265306122448,0.15133436717163581,-0.5761460907116335,1.7491653091646258,-5.891498850811768,0.26470882514100735,0.01
0.4747474747474748,0.1020408163265306,0.18580473398698807,-0.22065102680099888,1.8001943210574476,10.892342016308305,0.33448462694896564,0.01
0.4747474747474748,0.12244897959183673,0.2248116863984704,-0.44681001497364525,1.8984079644908356,-1.2674049598362842,0.42678429596947226,0.01
0.4747474747474748,0.14285714285714285,0.26329077335396095,-0.8998595480262633,1.7963506834418455,-8.73420858296475,0.47296256065831976,0.01
0.4747474747474748,0.16326530612244897,0.29813212245732124,-0.43483935523400835,1.763434712251778,5.50844340633814,0.5257365335785381,0.01
0.4747474747474748,0.18367346938775508,0.33526770038464576,-1.105758239296108,1.7949851467428428,-2.4165008262137846,0.6018005423730688,0.01
0.4747474747474748,0.2040816326530612,0.37139682232437604,-0.25077467699961176,1.7537107415210345,-1.6283908855234495,0.6513225966770374,0.01
0.4747474747474748,0.22448979591836732,0.4068477306508104,-0.5003430240458392,1.7026589457189325,-3.3746851030825264,0.6927229281380491,0.01
0.4747474747474748,0.24489795918367346,0.440893105823108,0.07877013570877867,1.726662362416662,5.727019939459997,0.7612735316737469,0.01
0.4747474747474748,0.26530612244897955,0.47732374544332723,-0.6738930244735518,1.779136381226831,-0.5845660960634292,0.8492240411416783,0.01
0.4747474747474748,0.2857142857142857,0.5135109173017541,-1.0318476711215991,1.7344509266865593,-3.7946084488831824,0.8906594863776925,0.01
0.4747474747474748,0.3061224489795918,0.5481176608182888,-1.1552735039553463,1.6665772340702014,-2.8570134275199037,0.9134804151115726,0.01
0.4747474747474748,0.32653061224489793,0.5815344778760481,-1.0544244752644703,1.6510134623931245,1.3317638031663783,0.960121251819112,0.01
0.4747474747474748,0.3469387755102041,0.6155059654057633,-1.5050775682919408,1.601796347092789,-6.1550411025992755,0.9859152070007722,0.01
0.4747474747474748,0.36734693877551017,0.6469139206145292,-1.0020258458677376,1.525761684132187,-1.2963558675397018,0.9870364730053801,0.01
0.4747474747474748,0.3877551020408163,0.6777819525131995,-1.1012691751454897,1.5166507697252039,0.4034862556553376,1.0279585199849957,0.01
0.4747474747474748,0.4081632653061224,0.7088180336645376,-1.0324049803988002,1.4238061940333253,-9.502254673459426,1.0092195067740906,0.01
0.4747474747474748,0.42857142857142855,0.735896491045172,-0.7644687926640069,1.3936651218763119,6.548429602072107,1.02559327288082,0.01
0.4747474747474748,0.44897959183673464,0.7657023243533666,-1.280550050558821,1.4016743778874323,-5.763522512982318,1.073265329134966,0.01
0.4747474747474748,0.4693877551020408,0.7931076901426182,-1.6575588290962375,1.2475402651193161,-9.341620538293064,0.9894337780286904,0.01
0.4747474747474748,0.4897959183673469,0.8166223351745632,-1.3671774824560763,1.176664592616581,2.3958046330250418,0.9608905873397785,0.01
0.4747474747474748,0.5102040816326531,0.8411348163718664,-0.9578467404364529,1.056914989857013,-14.131265703462732,0.8890079959140516,0.01
0.4747474747474748,0.5306122448979591,0.8597617225156657,-0.7746154652504348,0.923589872118498,1.0654041650882693,0.7940672193506233,0.01
0.4747474747474748,0.5510204081632653,0.8788323621726214,-0.7632818802033093,0.7669458055574166,-16.41652268807425,0.6740167939564085,0.01
0.4747474747474748,0.5714285714285714,0.8910656329465807,-0.9038852696189134,0.39061425505077224,-20.463969261576906,0.3480629384147735,0.01
0.4747474747474748,0.5918367346938775,0.8947758011542856,-0.35115244301884146,-0.11120677210916625,-28.71449140009707,-0.0995051286077613,0.01
0.4747474747474748,0.6122448979591836,0.8865265810237576,-0.2683348542626991,-0.889492589562226,-47.557518710302794,-0.7885588242705687,0.01
0.4747474747474748,0.6326530612244897,0.8584699811721539,0.7756978241167861,-2.206744932736404,-81.53321092076666,-1.894424280857967,0.01
0.4747474747474748,0.6530612244897959,0.7964553592794146,1.3612622508117318,-4.08574890330519,-102.60917819497443,-3.2541166107074093,0.01
0.4747474747474748,0.673469387755102,0.6917047198127584,2.326443682754624,-6.373216498543314,-121.56264613836171,-4.408383932430953,0.01
0.4747474747474748,0.6938775510204082,0.5363240736245855,3.333751475605235,-8.282243156610633,-65.5219663522354,-4.4419663885027605,0.01
0.4747474747474748,0.7142857142857142,0.35365397872661014,3.447538976889291,-8.360911763257036,57.812442900887845,-2.9568697108579682,0.01
0.4747474747474748,0.7346938775510203,0.1950623690018493,2.93513352172574,-6.350752464410191,139.1831683861029,-1.2387928206521845,0.01
0.4747474747474748,0.7551020408163265,0.09443959242415338,1.6988385410798463,-3.7569570417289415,115.00878303665964,-0.35480549177593423,0.01
0.4747474747474748,0.7755102040816326,0.04171718362515783,0.6324966905984576,-1.8917059837393964,67.7858206463158,-0.07891664588846624,0.01
0.4747474747474748,0.7959183673469387,0.017227103291933124,0.3708038336674824,-0.849805976783443,34.32038003536764,-0.014639695340150496,0.01
0.4747474747474748,0.8163265306122448,0.007031225389098932,0.14553969326653243,-0.40070276634437596,9.691734587660953,-0.0028174314642027535,0.01
0.4747474747474748,0.836734693877551,0.0008718883391014545,0.5014466302557664,-0.16888070713183229,13.026827215168327,-0.0001472451192474524,0.01
0.4747474747474748,0.8571428571428571,0.0001381353020853699,0.1657154406897221,-0.006167785835618997,2.919039071860577,-8.519889596010958e-07,0.01
0.4747474747474748,0.8775510204081632,0.0006201419784639445,0.2357547984676543,0.008410835530298037,-1.490334178000708,5.215912186293864e-06,0.01
0.4747474747474748,0.8979591836734693,0.0004814347114852897,-0.05089509519307141,-0.058274981806214675,-5.044875920977537,-2.805559905268547e-05,0.01
0.4747474747474748,0.9183673469387754,-0.001758428707504001,0.12449767171142587,-0.0007115434538540725,10.686092879508877,1.2511984358935494e-06,0.01
0.4747474747474748,0.9387755102040816,0.0004523921215320623,-0.39723174615930934,0.04768193691223188,-5.943531803632452,2.157093259848253e-05,0.01
0.4747474747474748,0.9591836734693877,0.00018777279911770842,-0.006926490229052249,0.01966970873750299,3.198333442509021,3.6934362674709834e-06,0.01
0.4747474747474748,0.9795918367346939,0.001255237376124021,-0.017182871406498573,0.026467667953666382,-2.532133439325008,3.3223206074282025e-05,0.01
0.4747474747474748,1.0,0.0012680857768183772,-0.380793392289553,0.0006295716340234514,0.0,7.983508345934434e-07,0.01
0.47979797979797983,0.0,-0.0008013576713896088,0.2989360646982319,1.8987914800295478,0.0,-0.0015216111188909073,0.01
0.47979797979797983,0.02040816326530612,0.03794948885982565,-0.303340435854426,1.8281879405425696,-6.91914686972389,0.06937879788328785,0.01
0.47979797979797983,0.04081632653061224,0.07381855826912342,0.3178657989740652,1.8001112863994986,4.167634763702955,0.13288161988598812,0.01
0.47979797979797983,0.061224489795918366,0.11142341891694804,-0.10966884135463863,1.8278465139578415,-1.4495824629853624,0.20366490784060767,0.01
0.47979797979797983,0.08163265306122448,0.14842453843066797,-0.5310088805042958,1.7950394406471706,-1.765510721460396,0.2664279004429007,0.01
0.47979797979797983,0.1020408163265306,0.1846903348617305,-0.04013863554239977,1.8161980273987643,3.8390522231165978,0.33543422185549215,0.01
0.47979797979797983,0.12244897959183673,0.22255507016122977,-0.3523782071319418,1.8143644858543762,-4.018739294466649,0.40379601544736426,0.01
0.47979797979797983,0.14285714285714285,0.2587460281619091,-0.48175071556553334,1.7978319014399318,2.398546021851114,0.4651818638003552,0.01
0.47979797979797983,0.16326530612244897,0.2959359640975535,-0.6398520361572839,1.737957348938085,-8.266252167032095,0.5143240836184204,0.01
0.47979797979797983,0.18367346938775508,0.3296830628124432,0.23160717629508162,1.817760826625382,16.086992980387176,0.5992849567823345,0.01
0.47979797979797983,0.2040816326530612,0.37013028355165073,-1.1853987397449026,1.8286232302767496,-15.022477422553148,0.6768288347314688,0.01
0.47979797979797983,0.22448979591836732,0.40432074568088194,-0.5662272275941975,1.7434359553722436,6.674124481911564,0.7049073255229663,0.01
0.47979797979797983,0.24489795918367346,0.44129093479133413,-1.1944922113623098,1.7051877411516165,-10.422449475533002,0.7524838922875203,0.01
0.47979797979797983,0.26530612244897955,0.47392024531972343,-0.6961807005452302,1.641711450583678,4.201772999875028,0.7780402934048157,0.01
0.47979797979797983,0.2857142857142857,0.5082995654274026,-0.6506561029475433,1.6748861703870443,-0.9506504591451294,0.8513439125481013,0.01
0.47979797979797983,0.3061224489795918,0.5422829461518477,-0.83826043534999,1.6637836396181795,-0.13739755620363805,0.9022414938513904,0.01
0.47979797979797983,0.32653061224489793,0.5762091017383487,-0.9763974845159645,1.6077296261494551,-5.355895763731355,0.9263884437217087,0.01
0.47979797979797983,0.3469387755102041,0.607904563545703,-0.8672718884284897,1.6082800158817785,5.4098339574990595,0.9776807611138888,0.01
0.47979797979797983,0.36734693877551017,0.6418531840192376,-0.9871288595151674,1.575727874193238,-8.599943842976044,1.0113859531987945,0.01
0.47979797979797983,0.3877551020408163,0.6722199869821617,-1.1189130862598078,1.5128917354019158,2.442002241426471,1.0169960626772958,0.01
0.47979797979797983,0.4081632653061224,0.7036038670968668,-1.0192191321291173,1.465480988835327,-7.088255404952167,1.0311180909014765,0.01
0.47979797979797983,0.42857142857142855,0.7320355375468689,-1.0005730267955963,1.3629603025888346,-2.9587718472040914,0.9977353777606607,0.01
0.47979797979797983,0.44897959183673464,0.7592348998555948,-1.0935305353243725,1.2911657622682926,-4.077093104209031,0.9802981082127399,0.01
0.47979797979797983,0.4693877551020408,0.7847361809047584,-0.7864451094308046,1.2368212142027364,-1.2486726062154627,0.9705783560954414,0.01
0.47979797979797983,0.4897959183673469,0.809717398394482,-0.4777261182731282,1.2632451288396354,3.8382162406315516,1.0228715592585318,0.01
0.47979797979797983,0.5102040816326531,0.8362972065716823,-1.1799062909205145,1.1302370576425596,-16.873007217944988,0.94521409407027,0.01
0.47979797979797983,0.5306122448979591,0.8558495231962191,-1.0526839477348489,0.9476648169453263,-1.0190723703838591,0.8110584817324898,0.01
0.47979797979797983,0.5510204081632653,0.8749774031816956,-0.9232221078998036,0.750950299461317,-18.25895034304906,0.6570645429411798,0.01
0.47979797979797983,0.5714285714285714,0.8865005558272933,-0.7170768461121405,0.44161006924784024,-12.056392217871663,0.39148757184713984,0.01
0.47979797979797983,0.5918367346938775,0.8930023039673217,-0.6830083512459807,-0.03256543283529123,-34.41280698627523,-0.029081006551608137,0.01
0.47979797979797983,0.6122448979591836,0.8851713544870773,0.03520092467052893,-0.7500590969116054,-35.90157209320357,-0.6639308267585997,0.01
0.47979797979797983,0.6326530612244897,0.8623876469505215,-0.27034652053744646,-2.005102866704467,-87.09271734649685,-1.7291759431110103,0.01
0.47979797979797983,0.6530612244897959,0.8033304211522011,1.3884288151444752,-3.8938636834232354,-98.00584269194252,-3.1280591527136488,0.01
0.47979797979797983,0.673469387755102,0.7034544353822262,2.0826563200059454,-6.129145862142098,-121.051810822506,-4.311574841828477,0.01
0.47979797979797983,0.6938775510204082,0.5531612022892584,3.475362233284773,-8.14352176920508,-76.3570280696662,-4.50468029272223,0.01
0.47979797979797983,0.7142857142857142,0.3710657917412025,4.153458100848614,-8.410235701994651,50.21906265628846,-3.1207507694907735,0.01
0.47979797979797983,0.7346938775510203,0.20988627567723184,2.875476608321578,-6.567132063790653,130.40509388770334,-1.3783508907495534,0.01
0.47979797979797983,0.7551020408163265,0.10301958505586978,1.408417184804313,-4.04187927588358,117.06967932718982,-0.4163927258474458,0.01
0.47979797979797983,0.7755102040816326,0.044911611355453074,0.6042272263013393,-2.056033510666684,77.54320566406602,-0.09233977796484989,0.01
0.47979797979797983,0.7959183673469387,0.01909984992661738,0.4559219861374229,-0.9100607567563328,34.762124219148404,-0.0173820238781498,0.01
0.47979797979797983,0.8163265306122448,0.00776627434499051,0.22431515143664038,-0.3845373697968358,16.739167702882327,-0.0029864227097432944,0.01
0.47979797979797983,0.836734693877551,0.0034044470777669414,-0.26304754645195605,-0.1663842131324982,4.639841650222754,-0.0005664462481854855,0.01
0.47979797979797983,0.8571428571428571,0.0009750819722354816,0.16680274649229784,-0.03904379532455206,7.83951929495597,-3.80709009486227e-05,0.01
0.47979797979797983,0.8775510204081632,0.001810822778805633,-0.1809605321534298,-0.018391983303683992,-5.815641716910901,-3.330462231372385e-05,0.01
0.47979797979797983,0.8979591836734693,0.00022438877616674725,0.08625250783954722,-0.07204164648059648,0.5579747255734757,-1.61653368868185e-05,0.01
0.47979797979797983,0.9183673469387754,-0.0011296525877493248,0.08845649862193083,-0.04356633107341383,2.2326061843304235,4.9214818635825754e-05,0.01
0.47979797979797983,0.9387755102040816,-0.00155382881866647,-0.31368493043159384,0.03141985626808181,5.116040175136149,-4.882107814770384e-05,0.01
0.47979797979797983,0.9591836734693877,0.00015279052523360615,0.039477633831952866,0.06669595839125989,-1.6589821670646976,1.019051051355934e-05,0.01
0.47979797979797983,0.9795918367346939,0.0011684551973033211,-0.13289915068792052,-0.01979364063462791,-6.816998537472308,-2.312798227308519e-05,0.01
0.47979797979797983,1.0,-0.0006551131741389615,0.30894361879489723,-0.08935485020067185,0.0,5.8537539539673564e-05,0.01
0.48484848484848486,0.0,0.0007084204331469162,-0.312261128368675,1.7497432551453043,0.0,0.0012395538747059316,0.01
0.48484848484848486,0.02040816326530612,0.03641746645652047,0.24447218579616004,1.8305302561474073,7.91712609820611,0.06666327420089403,0.01
0.48484848484848486,0.04081632653061224,0.07542394109222476,-0.3805710228127886,1.824075700870432,-8.549672515349702,0.13757897821021006,0.01
0.48484848484848486,0.061224489795918366,0.1108695358798034,-0.036338610685115375,1.722808990487034,-1.374465102223287,0.1910070331848501,0.01
0.48484848484848486,0.08163265306122448,0.145742675397818,-0.018752315813319542,1.803642925709796,9.29619075405395,0.2628677454552935,0.01
0.48484848484848486,0.1020408163265306,0.18448761448020323,-0.3402014046643553,1.838301317790798,-5.899668330115744,0.3391438248150383,0.01
0.48484848484848486,0.12244897959183673,0.220775382246422,-0.26650344001335247,1.7597205668616147,-1.8012452609442384,0.38850298079576334,0.01
0.48484848484848486,0.14285714285714285,0.25631294373986097,-0.21337015480499574,1.7622606448181093,2.0501729006807112,0.45169021351023514,0.01
0.48484848484848486,0.16326530612244897,0.2927043881573652,-0.019625170723050367,1.8262263810117472,4.2184692462958004,0.5345444754908828,0.01
0.48484848484848486,0.18367346938775508,0.3308527960260547,-0.7438840102324572,1.7502563102723685,-11.663536178754912,0.5790771940158591,0.01
0.48484848484848486,0.2040816326530612,0.3641434212297068,-0.256053025076609,1.729901296462167,9.668744825355168,0.6299321764834387,0.01
0.48484848484848486,0.22448979591836732,0.401461012208184,-1.0645525592799865,1.7423107530761501,-8.452618077184807,0.6994698385111545,0.01
0.48484848484848486,0.24489795918367346,0.43525814584505984,-0.8350309756476924,1.689107639700605,3.238712966381374,0.7351978593888108,0.01
0.48484848484848486,0.26530612244897955,0.4704041811755556,-0.8076621734644187,1.709004302382475,-1.2888400235581121,0.8039227694877298,0.01
0.48484848484848486,0.2857142857142857,0.5050134234933241,-0.9844232046995879,1.657305597141001,-3.7776330901063484,0.8369615733868248,0.01
0.48484848484848486,0.3061224489795918,0.538049307589474,-1.0593310513449565,1.6234772565453193,0.4624557117295427,0.8735108137714679,0.01
0.48484848484848486,0.32653061224489793,0.5712778013115004,-0.7434538188197487,1.6041398251372165,-2.3575239897236164,0.9164094723006038,0.01
0.48484848484848486,0.3469387755102041,0.6035244024930339,-0.709660778786526,1.6069521437227863,2.633131211109462,0.9698348323751944,0.01
0.48484848484848486,0.36734693877551017,0.636867684728757,-1.3648929015357143,1.5445904532494636,-8.744576877495076,0.9836997458151273,0.01
0.48484848484848486,0.3877551020408163,0.6665689107889303,-1.1849892915556741,1.5089209693461492,5.248967454970256,1.0057998070036396,0.01
0.48484848484848486,0.4081632653061224,0.6984562957224774,-1.0289967475150932,1.4801240770013533,-8.071062904760268,1.033801980032016,0.01
0.48484848484848486,0.42857142857142855,0.7269821384216386,-1.0449953641793441,1.3537652047187145,-4.312106578938311,0.9841631234472185,0.01
0.48484848484848486,0.44897959183673464,0.7537120183640575,-0.5890639798610948,1.3176613884068653,0.7739325803770697,0.9931372245765249,0.01
0.48484848484848486,0.4693877551020408,0.7807642359076331,-0.7068850867450857,1.3130192355045318,-1.2288635648057415,1.0251584601407204,0.01
0.48484848484848486,0.4897959183673469,0.8073046402213854,-1.184908080922462,1.2145592755744945,-8.420212508337922,0.9805193389952137,0.01
0.48484848484848486,0.5102040816326531,0.8303380838902655,-0.9525195573672406,1.0590932858152253,-6.815454488070454,0.8794054896048595,0.01
0.48484848484848486,0.5306122448979591,0.8505329376015986,-0.6668941378307484,0.9794262436322325,-0.991915645862848,0.8330342801606218,0.01
0.48484848484848486,0.5510204081632653,0.8703146652630097,-0.7843630034975152,0.7924774408237228,-17.329067029371103,0.689704738638985,0.01
0.48484848484848486,0.5714285714285714,0.8828789555944037,-0.695505980311408,0.4713334886317729,-14.143040285439994,0.4161304181798864,0.01
0.48484848484848486,0.5918367346938775,0.8895527668398168,-0.8123408784599487,0.06051944284236233,-26.116736201922244,0.05383523782802756,0.01
0.48484848484848486,0.6122448979591836,0.8853491369349082,-0.39309032114844505,-0.6989974057380747,-48.31591495896059,-0.6188567498899443,0.01
0.48484848484848486,0.6326530612244897,0.8610222604831607,0.325496542377292,-1.8376580014690542,-63.27282342267542,-1.5822644464198525,0.01
0.48484848484848486,0.6530612244897959,0.810342687895355,0.7206137305197496,-3.602709291537816,-109.70220300406325,-2.919429131010324,0.01
0.48484848484848486,0.673469387755102,0.7139729016448825,2.163841328946382,-5.870914201816657,-112.58187820326319,-4.191673647979187,0.01
0.48484848484848486,0.6938775510204082,0.5707135368007976,2.9972169446216523,-7.887286195312932,-85.02257715937179,-4.50138100028715,0.01
0.48484848484848486,0.7142857142857142,0.39204285285659957,3.4216981448400343,-8.4844639737704,26.49915487053991,-3.3262734612359885,0.01
0.48484848484848486,0.7346938775510203,0.2244088848101691,3.2753055212924194,-6.906796217543609,128.1122852396854,-1.5499464367900553,0.01
0.48484848484848486,0.7551020408163265,0.11013280316094207,1.6758720321338623,-4.322917709517397,125.10780854688333,-0.47609504518323004,0.01
0.48484848484848486,0.7755102040816326,0.047963264013540646,1.2559741042209311,-2.173892765047183,85.49663601119772,-0.10426699262708392,0.01
0.48484848484848486,0.7959183673469387,0.021402486220240727,-0.004169382963505941,-0.9570700791512072,33.751987206607915,-0.020483679180838415,0.01
0.48484848484848486,0.8163265306122448,0.008899179150226068,-0.06191359117082187,-0.47350077155663267,13.637804937660398,-0.004213768193852742,0.01
0.48484848484848486,0.836734693877551,0.0020759241158883755,0.07001554689879105,-0.17350064707763152,15.762207261281715,-0.0003601741773906933,0.01
0.48484848484848486,0.8571428571428571,0.0018175200858329456,-0.34251381183058716,-0.02888656375731018,-1.5900270958902223,-5.250190983960525e-05,0.01
0.48484848484848486,0.8775510204081632,0.000896880697222654,-0.08307666435675494,-0.028359058288494048,1.6417226318342037,-2.5434691970362426e-05,0.01
0.48484848484848486,0.8979591836734693,0.000660007502629107,-0.326946629909964,-0.03870469065233214,-2.6555946034903375,-2.5545386217477877e-05,0.01
0.48484848484848486,0.9183673469387754,-0.00068290259470927,0.5560496995955416,-0.09305353934433785,-2.6705925683262235,6.354650346512947e-05,0.01
0.48484848484848486,0.9387755102040816,-0.0031380961440785602,0.7037877327749181,0.02535934017033201,14.275054760763872,-7.958004760489542e-05,0.01
0.48484848484848486,0.9591836734693877,0.0003521725142838732,-0.36528847737755044,0.08906591598580534,-8.031810330847486,3.1366567569717276e-05,0.01
0.48484848484848486,0.9795918367346939,0.0004972473655461468,-0.47863956874354036,0.013549372656241473,0.6311890845502267,6.7373898581190695e-06,0.01
0.48484848484848486,1.0,0.0009052081329059741,-0.26526807297425997,0.01999007760063154,0.0,1.809518082151321e-05,0.01
0.48989898989898994,0.0,-0.0008686559727554827,0.2768911926983464,1.8875206914790261,0.0,-0.0016396061223528148,0.01
0.48989898989898994,0.02040816326530612,0.037652174465591985,-0.3918933544859963,1.8220777692086156,-6.413406382500231,0.06860519005611944,0.01
0.48989898989898994,0.04081632653061224,0.0735018652194329,0.025306080340917633,1.7893289103967387,3.204018218936308,0.13151901240521582,0.01
0.48989898989898994,0.061224489795918366,0.11068600754300989,-0.6878298806811032,1.7675794870602008,-5.335461705917034,0.19564631643761493,0.01
0.48989898989898994,0.08163265306122448,0.14564796673209415,-0.2132598858048199,1.7660437416063042,5.184958651435166,0.25722068012489807,0.01
0.48989898989898994,0.1020408163265306,0.182769425567757,-0.3477930615326781,1.807645244341804,-1.1080113833561727,0.33038228293863925,0.01
0.48989898989898994,0.12244897959183673,0.21942940527665758,-0.5114388852999004,1.7754143326270404,-2.05061796469067,0.3895781111280054,0.01
0.48989898989898994,0.14285714285714285,0.2552353166953913,-0.7463743876052026,1.7928087134929194,3.755267289546805,0.4575880997626223,0.01
0.48989898989898994,0.16326530612244897,0.2926052711335114,-0.958799864319916,1.7605819898098642,-6.913486210486207,0.5151555704810924,0.01
0.48989898989898994,0.18367346938775508,0.32709580607538574,-0.7112931135646815,1.7210013484962967,3.034583361756596,0.5629323233432221,0.01
0.48989898989898994,0.2040816326530612,0.36285022413336027,-0.8874855469249879,1.6902226123628514,-6.050899502834237,0.6132976537311343,0.01
0.48989898989898994,0.22448979591836732,0.3960844841310123,-0.50342016753321,1.6706695420206374,4.1346986092972555,0.6617262837046388,0.01
0.48989898989898994,0.24489795918367346,0.431040817685223,-0.9776267372695988,1.720894581379804,0.7873552479010795,0.7417758075080203,0.01
0.48989898989898994,0.26530612244897955,0.46632507928937167,-0.7550920690666296,1.6905189003028211,-3.7641719934453914,0.7883313602238945,0.01
0.48989898989898994,0.2857142857142857,0.5000415891261545,-0.500106565018124,1.6261647511406314,-2.54253462444922,0.8131500063412989,0.01
0.48989898989898994,0.3061224489795918,0.5326991507644995,-0.8697962984599362,1.6532941755051984,5.2012182121767845,0.8807084032555126,0.01
0.48989898989898994,0.32653061224489793,0.567522984044734,-0.8028420789855893,1.6474071063376283,-5.778150990598648,0.9349413969252313,0.01
0.48989898989898994,0.3469387755102041,0.5999402571456272,-1.429180986086097,1.5300569036897502,-5.722168868893414,0.9179427322470708,0.01
0.48989898989898994,0.36734693877551017,0.6299742862361524,-0.7581274309048479,1.4857745514169176,1.3824983461558276,0.9359997625367121,0.01
0.48989898989898994,0.3877551020408163,0.660584116387134,-0.7555356179837477,1.5504838772931453,4.959015589714487,1.02422502205419,0.01
0.48989898989898994,0.4081632653061224,0.6932593424521991,-1.3281944748189773,1.497446557914081,-10.1566728888628,1.0381188160968247,0.01
0.48989898989898994,0.42857142857142855,0.7217043840570965,-1.1283102748023826,1.4082013300092346,1.410640554187868,1.0163050735026988,0.01
0.48989898989898994,0.44897959183673464,0.7507369477586985,-1.230238094881477,1.359498266170195,-6.183540810413734,1.0206255788278549,0.01
0.48989898989898994,0.4693877551020408,0.7771941092069004,-0.9702119483201582,1.2392910512822919,-5.596766248600782,0.9631697046494239,0.01
0.48989898989898994,0.4897959183673469,0.8013202559743022,-1.2457087630093475,1.1841651112803389,0.19442412840938378,0.9488954900869992,0.01
0.48989898989898994,0.5102040816326531,0.8255273790550774,-1.184912583070738,1.1231909706927354,-6.169889905994537,0.9272248982143022,0.01
0.48989898989898994,0.5306122448979591,0.8471647853903322,-1.3173845588046569,1.0002334939847994,-5.879942811383177,0.8473625932718548,0.01
0.48989898989898994,0.5510204081632653,0.8663532359524162,-0.9962278819787093,0.7889370865773786,-14.82710511454408,0.6834981979191835,0.01
0.48989898989898994,0.5714285714285714,0.8793662991281844,-0.7663740805475304,0.46787157986116873,-16.63731454364449,0.41143049964977274,0.01
0.48989898989898994,0.5918367346938775,0.8854500351304231,-0.38153214215069226,0.09793956228424412,-19.616023178894128,0.08672058886524221,0.01
0.48989898989898994,0.6122448979591836,0.8833638322826434,0.0251600466965276,-0.5582043915435675,-44.68608429623142,-0.49309757051092695,0.01
0.48989898989898994,0.6326530612244897,0.8626661824143591,0.30404474730199493,-1.6998511869949593,-67.195301658005,-1.4664041341574585,0.01
0.48989898989898994,0.6530612244897959,0.8139821511808083,1.3790836924695058,-3.375237335623964,-96.99254090763748,-2.747382947196974,0.01
0.48989898989898994,0.673469387755102,0.7249013932052177,2.397525006675993,-5.5892132990616235,-119.97710350925318,-4.051628507410902,0.01
0.48989898989898994,0.6938775510204082,0.5858509961170686,3.2238276413850833,-7.731642296376596,-89.98093822761417,-4.529590340953089,0.01
0.48989898989898994,0.7142857142857142,0.4093241566184179,4.0367127471458195,-8.450054023626794,19.576588957094668,-3.4588112366011066,0.01
0.48989898989898994,0.7346938775510203,0.24095083188740354,3.1187814618710834,-7.122820155732,110.4923300965952,-1.7162494419079906,0.01
0.48989898989898994,0.7551020408163265,0.1185968033232343,2.501470315511644,-4.572784475771193,139.41116653956388,-0.5423176211125752,0.01
0.48989898989898994,0.7755102040816326,0.054306567570212017,1.042744302823975,-2.3817766775213522,75.30759768892052,-0.1293461160749684,0.01
0.48989898989898994,0.7959183673469387,0.02138142873052605,0.7722033149583578,-1.1201420414597827,48.33259664511332,-0.0239502372275383,0.01
0.48989898989898994,0.8163265306122448,0.008586484245322927,0.013703804649092753,-0.4643213231645808,15.937833747816493,-0.003986887726120169,0.01
0.48989898989898994,0.836734693877551,0.002429537989114593,0.10794384594327981,-0.20822138145219846,9.159960539996977,-0.0005058817563840368,0.01
0.48989898989898994,0.8571428571428571,8.76523493148285e-05,0.1042504365035617,-0.047829791917718655,6.558415234382043,-4.192393628827436e-06,0.01
0.48989898989898994,0.8775510204081632,0.0004773015843097503,0.22547033161646263,-0.02643281608114421,-4.4615116023977475,-1.2616424993298377e-05,0.01
0.48989898989898994,0.8979591836734693,-0.0009912381029767718,0.4807984520149308,0.04037912710944194,11.00908203507519,-4.002532935582117e-05,0.01
0.48989898989898994,0.9183673469387754,0.002125429221429829,-0.6800428664379322,0.03448682371515516,-11.586527767715296,7.329930287848999e-05,0.01
0.48989898989898994,0.9387755102040816,0.00041638735478466307,-0.08874530232822299,-0.0886446261722981,-0.4803543212551237,-3.691050140775852e-05,0.01
0.48989898989898994,0.9591836734693877,-0.0014927187856027455,0.1388654522281616,-0.05724453293945849,3.557563458073404,8.544998969178484e-05,0.01
0.48989898989898994,0.9795918367346939,-0.0019201241937646632,0.4797161636445133,0.025925634817254687,4.593112982084489,-4.978043865131824e-05,0.01
0.48989898989898994,1.0,-0.00043452960938826843,0.08804950275905815,0.07279413463444334,0.0,-3.163120688846169e-05,0.01
0.494949494949495,0.0,0.0005297843944078829,-0.049673498526535576,1.7220134045495676,0.0,0.0009122958286915494,0.01
0.494949494949495,0.02040816326530612,0.035672915099501094,-0.1698610577231642,1.790947288134085,6.75552059128274,0.06388831055728894,0.01
0.494949494949495,0.04081632653061224,0.07362967370600319,-0.4270261880739564,1.752710501852395,-10.502725646888406,0.12905150235247695,0.01
0.494949494949495,0.061224489795918366,0.10721211925674169,0.08035188372564728,1.738059960946208,9.0669726380821,0.18634109180833267,0.01
0.494949494949495,0.08163265306122448,0.14457089660176678,-0.30029716715372934,1.8081190045817406,-2.201186361799905,0.2614013856550763,0.01
0.494949494949495,0.1020408163265306,0.1810128949539556,-0.09930665669954762,1.770749358040645,-1.461038999227452,0.3205284675367956,0.01
0.494949494949495,0.12244897959183673,0.21684638060342576,-0.21987856596087216,1.7260949261180665,-2.9150953291852644,0.37429743730664033,0.01
0.494949494949495,0.14285714285714285,0.2514657490812236,-0.41660878064838924,1.7374534408364022,4.028229771582176,0.43691003099367526,0.01
0.494949494949495,0.16326530612244897,0.28776284757634013,-0.5944709165100375,1.7649228545269995,-1.3362272299036542,0.507879226371252,0.01
0.494949494949495,0.18367346938775508,0.32350341661293786,-0.49185848206383703,1.7298255948406187,-2.1033042193616573,0.5596044900754478,0.01
0.494949494949495,0.2040816326530612,0.3583679738963654,-0.2975365206324887,1.7159442647758365,0.7429338730130117,0.6149394694868049,0.01
0.494949494949495,0.22448979591836732,0.39354195803235975,-0.7219863708569485,1.6595157078618346,-6.272932450585217,0.6530890610574038,0.01
0.494949494949495,0.24489795918367346,0.4261033089111341,-0.05288746485594508,1.6897533612405677,9.236222481701075,0.7200094984683169,0.01
0.494949494949495,0.26530612244897955,0.46251148298095435,-0.8297246209879762,1.7496059923238372,-3.370664635540678,0.8092128621420621,0.01
0.494949494949495,0.2857142857142857,0.4975157983937397,-1.367998683007637,1.6119715510389343,-10.117510610379796,0.8019813132031304,0.01
0.494949494949495,0.3061224489795918,0.528306240166217,-0.6768100828941349,1.6158344780698302,10.496077459407584,0.8536554378400135,0.01
0.494949494949495,0.32653061224489793,0.5634682260700593,-1.3635008428048794,1.578190314181866,-14.185205520428072,0.8892600967330057,0.01
0.494949494949495,0.3469387755102041,0.5927221713573135,-0.9288465450879174,1.535589776810852,10.0103528580687,0.9101781068254207,0.01
0.494949494949495,0.36734693877551017,0.626145359817441,-1.1138965485838104,1.5691296600962488,-6.723444296099818,0.9825032556211846,0.01
0.494949494949495,0.3877551020408163,0.6567682799326706,-1.3981241277098084,1.479945278424983,-2.0166251076842436,0.9719811149056533,0.01
0.494949494949495,0.4081632653061224,0.686551289549073,-0.7770128288152204,1.4513204008834923,-0.7886128913818329,0.9964058927754392,0.01
0.494949494949495,0.42857142857142855,0.7160058473156703,-0.9363960428598458,1.4203221952035214,-2.2492112652553176,1.0169589968379502,0.01
0.494949494949495,0.44897959183673464,0.7445236240471759,-1.3254748529396423,1.3790609378813794,-1.7943919523145808,1.0267434472533419,0.01
0.494949494949495,0.4693877551020408,0.772294048861849,-1.2631186332150823,1.2373767514381868,-12.090658319118306,0.9556187013357191,0.01
0.494949494949495,0.4897959183673469,0.7950287975752651,-0.9985169064623626,1.157598618596555,4.272401300638397,0.9203242378176071,0.01
0.494949494949495,0.5102040816326531,0.8195429720698717,-1.3310595786796762,1.1143219959604875,-8.513510318973026,0.9132347604122896,0.01
0.494949494949495,0.5306122448979591,0.840511328022632,-1.1966396017086298,1.0235808433623486,-0.37912263564459037,0.8603312939930132,0.01
0.494949494949495,0.5510204081632653,0.8613217820030288,-0.8776403914348107,0.8571176760586897,-15.934267760113979,0.7382541241291654,0.01
0.494949494949495,0.5714285714285714,0.875495722963803,-0.8967947929359238,0.5439324163550395,-14.75788769084374,0.4762105041002036,0.01
0.494949494949495,0.5918367346938775,0.883523105119561,-0.3712323937634873,0.1958819164129281,-19.351061303483185,0.17306619902592052,0.01
0.494949494949495,0.6122448979591836,0.8834909032255551,-0.5228887719706521,-0.4733729077476542,-46.23591146425389,-0.4182206578284824,0.01
0.494949494949495,0.6326530612244897,0.8642017619461874,0.31705927125500444,-1.5323202308260806,-57.540926197431915,-1.3242338433456873,0.01
0.494949494949495,0.6530612244897959,0.8209472203346947,0.6290310330666704,-3.116195586357989,-97.67885864469515,-2.5582321046398353,0.01
0.494949494949495,0.673469387755102,0.737010105360147,1.6115115733542664,-5.360949527604898,-122.30702759750191,-3.9510739761705165,0.01
0.494949494949495,0.6938775510204082,0.6021329539018417,2.7556129852378675,-7.5288135103083595,-90.14364270743725,-4.533346718338067,0.01
0.494949494949495,0.7142857142857142,0.429711594735316,3.376008448759892,-8.463052162001002,-1.4117451584413576,-3.6366716408616147,0.01
0.494949494949495,0.7346938775510203,0.256702253412005,3.2577225421656286,-7.312787022272593,114.1377288518257,-1.8772089073394405,0.01
0.494949494949495,0.7551020408163265,0.13123049178541432,2.1111629968332153,-4.82966786161288,129.20794889282612,-0.6337996886396686,0.01
0.494949494949495,0.7755102040816326,0.05957295293800987,0.7860159046939628,-2.595751634660522,89.71584134850512,-0.15463658997039345,0.01
0.494949494949495,0.7959183673469387,0.02528144547273998,0.2425583886540214,-1.2474728101733414,42.41548345123858,-0.03153791582912304,0.01
0.494949494949495,0.8163265306122448,0.008655695379914305,0.5010842000037081,-0.5465150453406888,26.278377502361387,-0.004730467753009057,0.01
0.494949494949495,0.836734693877551,0.002974708928222067,0.4855291090203571,-0.1970173790257616,7.97239379650149,-0.000586069356402844,0.01
0.494949494949495,0.8571428571428571,0.000614169705393423,0.19615232335800262,-0.03328737323593593,8.07314677090143,-2.0444096213635684e-05,0.01
0.494949494949495,0.8775510204081632,0.0016160406328777433,-0.32002853398375586,0.020160246444252485,-2.835280042242963,3.257977742274106e-05,0.01
0.494949494949495,0.8979591836734693,0.0014370369071996468,-0.012724055141991326,-0.07166669790233926,-6.1637605037230285,-0.00010298768990278903,0.01
0.494949494949495,0.9183673469387754,-0.0013091307100748792,0.50204890703931,-0.03598702467579065,9.660368479924793,4.7111719167300015e-05,0.01
0.494949494949495,0.9387755102040816,-3.182124283262479e-05,0.08252435446511948,0.012684938511132731,-4.890516087606299,-4.036505086796686e-07,0.01
0.494949494949495,0.9591836734693877,-0.0007913781177837474,0.1281695195871039,0.01309539593090535,4.930740914744017,-1.036340978343282e-05,0.01
0.494949494949495,0.9795918367346939,0.0005026847135308588,-0.2076767180626697,0.019637802685976733,-4.28958505274702,9.871623217575744e-06,0.01
0.494949494949495,1.0,1.016484899081313e-05,0.356856568009939,-0.024133473362462243,0.0,-2.453131123532399e-07,0.01
0.5,0.0,0.0002789081392233598,-0.049673498526535576,1.6922700186877757,0.0,0.00047198788197568784,0.01
0.5,0.02040816326530612,0.034815030969586123,-0.1698610577231642,1.7442546573567528,5.094494589559776,0.06072627991472018,0.01
0.5,0.04081632653061224,0.07147297578643776,-0.4270261880739564,1.7836711941023742,-1.2316739884889043,0.1274842880670455,0.01
0.5,0.061224489795918366,0.10761793685131567,0.08035188372564728,1.7537410771711857,-1.7014774707675568,0.18873399649656697,0.01
0.5,0.08163265306122448,0.1430542442424045,-0.30029716715372934,1.7858885286200372,4.851927712755013,0.25547893376291925,0.01
0.5,0.1020408163265306,0.18051134618274575,-0.09930665669954762,1.7807001445518824,-5.360389351434173,0.32143658024087024,0.01
0.5,0.12244897959183673,0.21573588279554257,-0.21987856596087216,1.686832794619346,-3.8386109419543977,0.36391036207567673,0.01
0.5,0.14285714285714285,0.24936166433047416,-0.41660878064838924,1.6911023671573389,4.257029050677688,0.4216961008275586,0.01
0.5,0.16326530612244897,0.2847604692101278,-0.5944709165100375,1.7556116540993303,2.06488106963748,0.4999287983720939,0.01
0.5,0.18367346938775508,0.3210192828651407,-0.49185848206383703,1.7665674771588002,-0.991210409809433,0.5671022246503988,0.01
0.5,0.2040816326530612,0.3568652641962013,-0.2975365206324887,1.6874688441928505,-6.760455620853635,0.60219901490574,0.01
0.5,0.22448979591836732,0.3898955622199509,-0.7219863708569485,1.6897879395109523,6.987726962027602,0.6588408187081152,0.01
0.5,0.24489795918367346,0.42583620050277077,-0.05288746485594508,1.6764221131182941,-8.297577948508101,0.7138812230891206,0.01
0.5,0.26530612244897955,0.4583209545921262,-0.8297246209879762,1.5868775840171883,-0.4777859034002664,0.7272992491276047,0.01
0.5,0.2857142857142857,0.4906067141361254,-1.367998683007637,1.6308927943889298,4.791276519830934,0.8001269549634363,0.01
0.5,0.3061224489795918,0.5248880074243274,-0.6768100828941349,1.6163910290040098,-6.212449527553106,0.8484242664324729,0.01
0.5,0.32653061224489793,0.5565818581771054,-1.3635008428048794,1.5470039842639485,-0.5874808569728995,0.8610343521690139,0.01
0.5,0.3469387755102041,0.5880310271902028,-0.9288465450879174,1.5664751566513377,2.495655750937059,0.92113599543362,0.01
0.5,0.36734693877551017,0.6205196196730783,-1.1138965485838104,1.5110624844687925,-7.9260976248265,0.937643918164832,0.01
0.5,0.3877551020408163,0.6497070469644393,-1.3981241277098084,1.5216303851640256,8.961751892959334,0.9886139841162814,0.01
0.5,0.4081632653061224,0.6826269823328345,-0.7770128288152204,1.5084534214836138,-10.253094333639671,1.0297110070969986,0.01
0.5,0.42857142857142855,0.7112765743719337,-0.9363960428598458,1.3524569447436812,-5.034560386873732,0.9619709426428171,0.01
0.5,0.44897959183673464,0.7378293066080868,-1.3254748529396423,1.3386331426101508,3.679827777787747,0.9876827634146517,0.01
0.5,0.4693877551020408,0.7659146618254092,-1.2631186332150823,1.2778336690578502,-9.638176185913201,0.9787115425055652,0.01
0.5,0.4897959183673469,0.7899857828961623,-0.9985169064623626,1.1491917844355322,-2.968728507073979,0.9078451715251417,0.01
0.5,0.5102040816326531,0.8128204489452269,-1.3310595786796762,1.0898068139729442,-2.850998598259625,0.8858172637970558,0.01
0.5,0.5306122448979591,0.8344676936705682,-1.1966396017086298,1.0796857427941626,1.85913362273903,0.9009628716784391,0.01
0.5,0.5510204081632653,0.85688925477356,-0.8776403914348107,0.8942196852250094,-20.03480726451606,0.7662472396763057,0.01
0.5,0.5714285714285714,0.8709664563328134,-0.8967947929359238,0.6065940120264911,-8.152508708938724,0.528323037087417,0.01
0.5,0.5918367346938775,0.8816481940399474,-0.3712323937634873,0.24214806547176224,-27.563194053424716,0.21348940461344612,0.01
0.5,0.6122448979591836,0.880850050841865,-0.5228887719706521,-0.38820550475294185,-34.21145582859629,-0.34195083859872066,0.01
0.5,0.6326530612244897,0.8658030713969702,0.31705927125500444,-1.3897846993946947,-63.943305246295516,-1.2032798613164417,0.01
0.5,0.6530612244897959,0.8241241447441223,0.6290310330666704,-2.956023458067929,-89.54809310368147,-2.436130304223795,0.01
0.5,0.673469387755102,0.7451490527003201,1.6115115733542664,-5.097811861805937,-120.34717046264329,-3.798629679669149,0.01
0.5,0.6938775510204082,0.6160501912010229,2.7556129852378675,-7.310479300977866,-96.49423857620594,-4.5036221711385345,0.01
0.5,0.7142857142857142,0.44676214245632556,3.376008448759892,-8.400922444098324,-10.369189449598968,-3.753214109734798,0.01
0.5,0.7346938775510203,0.27315539756435664,3.2577225421656286,-7.469295676677661,101.6686126568242,-2.040278430088617,0.01
0.5,0.7551020408163265,0.14189293116335985,2.1111629968332153,-5.13551034958286,127.04234939846637,-0.7286926165220828,0.01
0.5,0.7755102040816326,0.06354273023444403,0.7860159046939628,-2.826967861430169,99.19481444049727,-0.17963325620030038,0.01
0.5,0.7959183673469387,0.02650648783967948,0.2425583886540214,-1.2827295110062265,52.14054390104918,-0.03400065418508455,0.01
0.5,0.8163265306122448,0.011186423662761315,0.5010842000037081,-0.5164504865074807,22.954800499827932,-0.005777233942911876,0.01
0.5,0.836734693877551,0.005426876145496598,0.4855291090203571,-0.23474884861071005,4.651960014055592,-0.0012739529267082545,0.01
0.5,0.8571428571428571,0.001604838005181315,0.19615232335800262,-0.13296496037533376,5.322861033011282,-0.00021338722176776322,0.01
0.5,0.8775510204081632,-2.6509431294303304e-07,-0.32002853398375586,-0.0056855680671104025,7.150519413194609,1.5072117604414806e-09,0.01
0.5,0.8979591836734693,0.0013727740024421149,-0.012724055141991326,0.030055005658595677,-3.6479431880754127,4.12587304113708e-05,0.01
0.5,0.9183673469387754,0.0012264698305276967,0.50204890703931,-0.024201236618345123,-1.6691685550647866,-2.968208657386243e-05,0.01
0.5,0.9387755102040816,0.0003849684261831302,0.08252435446511948,-0.033577914986741265,0.7502540749619651,-1.2926437086956726e-05,0.01
0.5,0.9591836734693877,-0.00014405731178827308,0.1281695195871039,-0.02281332263945241,0.30467597507234245,3.286425932398065e-06,0.01
0.5,0.9795918367346939,-0.0005461875999169682,-0.2076767180626697,0.04793493746556996,6.628653515219852,-2.6181468446489612e-05,0.01
0.5,1.0,0.0018124707480309092,0.356856568009939,0.11557425904944602,0.0,0.0002094749637524675,0.01
