t,x,u,dudt,dudx,d2udx2,alpha_true
0.0,0.0,-0.0005584910695015371,-0.0727856112680315,0.08783895412066434,0.0,0.01
0.0,0.02040816326530612,0.0012341406472467147,-0.1418733327838957,0.001029205847611692,-8.507355330759161,0.01
0.0,0.04081632653061224,-0.0005164826675582027,0.039954841772802466,0.016799598709768115,10.052853831250491,0.01
0.0,0.061224489795918366,0.0019198385537678622,-0.15034310745151486,0.026662569892403724,-9.086282655352202,0.01
0.0,0.08163265306122448,0.0005717854913154187,0.0836507056503694,-0.07096526937274297,-0.48124559263217775,0.01
0.0,0.1020408163265306,-0.0009767030532828714,0.12976490237469304,-0.03901228443093597,3.6126381169292654,0.01
0.0,0.12244897959183673,-0.001020552648722784,0.27207016797434597,0.008600150089460286,1.0533804660695683,0.01
0.0,0.14285714285714285,-0.0006256765190191863,0.345348623248057,0.07955190544997494,5.899891559260868,0.01
0.0,0.16326530612244897,0.0022264639002557846,0.12720273172605293,0.15682359709582008,1.6727342220319568,0.01
0.0,0.18367346938775508,0.00577528662774898,0.20443739300675368,0.2964405830658674,12.009730403032682,0.01
0.0,0.2040816326530612,0.01432607953559731,-0.17301237754161963,0.3997692951710745,-1.8835166167223825,0.01
0.0,0.22448979591836732,0.022092400716364265,0.28223522225636644,0.5293217434053439,14.579656543680777,0.01
0.0,0.24489795918367346,0.03593104865418277,0.5275644780690566,1.0396305006954702,35.43060167075162,0.01
0.0,0.26530612244897955,0.06452629870393448,0.10837688459098031,1.6030935624573315,19.788778381910795,0.01
0.0,0.2857142857142857,0.10136343895856365,0.15576390966885065,2.096275970656484,28.543097621606147,0.01
0.0,0.3061224489795918,0.15008858322052565,0.4869433601180766,2.9455796895305832,54.688666828055574,0.01
0.0,0.32653061224489793,0.22159118138838335,0.3921906846044075,3.943051464256797,43.06356709511343,0.01
0.0,0.3469387755102041,0.3110294593126398,0.25949076644778407,4.753514671544992,36.36182721912966,0.01
0.0,0.36734693877551017,0.41561218839021974,-0.02949882682637067,5.414805908170698,28.44471397018953,0.01
0.0,0.3877551020408163,0.5320419453604234,0.13911155050641533,5.88317553695276,17.455509650452626,0.01
0.0,0.4081632653061224,0.6557418021433936,-0.20167229701667308,5.968493816967124,-9.094318209044992,0.01
0.0,0.42857142857142855,0.7756539378896937,-0.41061205351924174,5.437512350891687,-42.9418654663478,0.01
0.0,0.44897959183673464,0.8776810817716257,-0.7063740326369206,4.3720032266219535,-61.47802871208614,0.01
0.0,0.4693877551020408,0.9541030491803857,-0.8881796032947735,2.909134013497091,-81.88315417415042,0.01
0.0,0.4897959183673469,0.9964212455878335,-1.0954411396509358,0.9698278374516733,-108.1688510783005,0.01
0.0,0.5102040816326531,0.9936878588722907,-0.7099910168049611,-1.048969980572035,-89.67333508802267,0.01
0.0,0.5306122448979591,0.9536061443399954,-0.765564371186478,-2.8183605702978514,-83.72694270510709,0.01
0.0,0.5510204081632653,0.8786527335540111,-0.6869847969163252,-4.383098866109639,-69.61741028444804,0.01
0.0,0.5714285714285714,0.7747041498049081,-0.2925030614323544,-5.449920683470318,-34.93112781689858,0.01
0.0,0.5918367346938775,0.6562069913715491,-0.18318374421668568,-5.897697556680651,-8.951005757714018,0.01
0.0,0.6122448979591836,0.5339818005526367,-0.04680766308952477,-5.979677486687624,0.9169726170305625,0.01
0.0,0.6326530612244897,0.4121385225271563,0.43213104334255004,-5.4478890205216945,51.198297067230676,0.01
0.0,0.6530612244897959,0.31161898338848587,0.32681305128696925,-4.655124790622893,26.49259746285196,0.01
0.0,0.673469387755102,0.22213342903234437,0.6792442565877164,-3.870072000894397,50.44257593054062,0.01
0.0,0.6938775510204082,0.1536568609030003,0.34414856051974285,-2.917663461479924,42.89346093207774,0.01
0.0,0.7142857142857142,0.1030451244821434,0.1687513008618501,-2.2207176436621547,25.407229214063662,0.01
0.0,0.7346938775510203,0.06301532442699398,0.29914402886922464,-1.5311518838009346,42.170215252335936,0.01
0.0,0.7551020408163265,0.0405491292249624,0.2006325643875306,-0.9941449663860767,10.45646265432014,0.01
0.0,0.7755102040816326,0.022437978860215344,0.28140967143488105,-0.6846771796314428,19.871380447633967,0.01
0.0,0.7959183673469387,0.012603121893066779,0.1490434769602417,-0.3743358368834572,10.542071141668613,0.01
0.0,0.8163265306122448,0.0071589651098701535,-0.05498971347715275,-0.21736692587985512,4.840882136684394,0.01
0.0,0.836734693877551,0.0037310024693992237,-0.09537251653263557,-0.08233366537294168,8.392377392993122,0.01
0.0,0.8571428571428571,0.0037984073395460035,-0.09707335089526013,-0.12154372179774034,-12.234962922623392,0.01
0.0,0.8775510204081632,-0.001229965767243238,0.26684204468585904,-0.06740281195443633,17.540772087267182,0.01
0.0,0.8979591836734693,0.001047272157732276,-0.017597524046754232,0.05348397716238114,-5.69386675381907,0.01
0.0,0.9183673469387754,0.0009530537087723181,0.04817260124690471,-0.03762648917763292,-3.234958947502309,0.01
0.0,0.9387755102040816,-0.000488502910742537,0.035910395834792184,-0.026117879771744103,4.3628026692794135,0.01
0.0,0.9591836734693877,-0.00011298220027846148,0.15622005533832864,0.008114280092478367,-1.0080510025856109,0.01
0.0,0.9795918367346939,-0.0001573078049270935,-0.05665940008600985,0.005128708611420876,0.7154649974419768,0.01
0.0,1.0,9.635284508565587e-05,0.2932520253590273,0.01242937185062472,0.0,0.01
0.010101010101010102,0.0,-0.001293699264128118,0.07420513393806255,0.053644021249176006,0.0,0.01
0.010101010101010102,0.02040816326530612,-0.00019892332026738322,0.0012826365240664985,0.02892962099408071,-2.4220112249993395,0.01
0.010101010101010102,0.04081632653061224,-0.00011289840722686456,-0.005335693483963735,0.014703543362731044,1.0278556171270719,0.01
0.010101010101010102,0.061224489795918366,0.0004012213067828634,-0.035731373450289185,0.03747619277119554,1.2038640249024497,0.01
0.010101010101010102,0.08163265306122448,0.0014167421140464228,-0.11015317356613966,-0.001645610375348079,-5.037800733263725,0.01
0.010101010101010102,0.1020408163265306,0.0003340535363604928,-0.060813040576081154,0.007616774427017831,5.9455144438955845,0.01
0.010101010101010102,0.12244897959183673,0.0017276308661695996,0.18149570683205174,0.061951676972262476,-0.6206939944616084,0.01
0.010101010101010102,0.14285714285714285,0.002862693412779369,-0.01745467747204359,0.04370087324711453,-1.1678847706028903,0.01
0.010101010101010102,0.16326530612244897,0.003511339978296723,-0.02270149016503025,0.12195162597549755,8.836458537984427,0.01
0.010101010101010102,0.18367346938775508,0.00784031079953437,-0.1062319061884358,0.22214492471174638,0.9824847381679619,0.01
0.010101010101010102,0.2040816326530612,0.012578479762449636,0.2628933313974525,0.4190222933187059,18.311497385314077,0.01
0.010101010101010102,0.22448979591836732,0.024943261547236653,0.12473719517024641,0.7026968238342486,9.488606605209105,0.01
0.010101010101010102,0.24489795918367346,0.041259982776092434,0.0409174391554257,0.9966049524853494,19.31439000259878,0.01
0.010101010101010102,0.26530612244897955,0.06562101470990397,0.39391211232457923,1.511082310681523,31.10439110062623,0.01
0.010101010101010102,0.2857142857142857,0.10293681178350153,0.47886484733798285,2.1899616135899573,35.425780584400336,0.01
0.010101010101010102,0.3061224489795918,0.15500720301969814,0.6704918828639315,3.004089345954029,44.35873718727869,0.01
0.010101010101010102,0.32653061224489793,0.22555270345509454,0.46072942791573124,3.886762691075765,42.14325063465147,0.01
0.010101010101010102,0.3469387755102041,0.31365057816564773,0.6366165675450507,4.649157166190911,32.57140792663276,0.01
0.010101010101010102,0.36734693877551017,0.4153142204424786,0.5655739456459401,5.3850150921044,39.542668812889175,0.01
0.010101010101010102,0.3877551020408163,0.5334471125372559,0.2711004468416601,5.840566950895564,5.101413348645001,0.01
0.010101010101010102,0.4081632653061224,0.6537047082341343,-0.05230489062457921,5.832451106879966,-5.896766062173597,0.01
0.010101010101010102,0.42857142857142855,0.7715063413894994,-0.5470183540691999,5.312611416319,-45.04752361280113,0.01
0.010101010101010102,0.44897959183673464,0.870545990532869,-0.6077185470880367,4.25381731783912,-58.71429803822713,0.01
0.010101010101010102,0.4693877551020408,0.945131538035994,-0.7102241555492941,2.8128497294380668,-82.50052562507608,0.01
0.010101010101010102,0.4897959183673469,0.9853561835711574,-0.8655147412568197,1.013925012896122,-93.79409659603455,0.01
0.010101010101010102,0.5102040816326531,0.9865162324399174,-1.0779326054767386,-0.9673338105985076,-100.36926810643943,0.01
0.010101010101010102,0.5306122448979591,0.9458731708936673,-0.9813848329558947,-2.812667111840563,-80.47339541528198,0.01
0.010101010101010102,0.5510204081632653,0.8717134931811189,-0.7753066556808406,-4.2660281379381635,-61.95598514228261,0.01
0.010101010101010102,0.5714285714285714,0.7717495734268035,-0.32684891745765815,-5.325242645175963,-41.84703656702175,0.01
0.010101010101010102,0.5918367346938775,0.6543566505208755,-0.12044413534266495,-5.8368941500200515,-8.294810907698938,0.01
0.010101010101010102,0.6122448979591836,0.5335089958749647,-0.03327930744114693,-5.827402615018925,9.224981337809469,0.01
0.010101010101010102,0.6326530612244897,0.41650348256091946,0.5089369239274202,-5.355427328580038,37.02859673320164,0.01
0.010101010101010102,0.6530612244897959,0.3149201253206775,0.40208459092321874,-4.593970510577372,37.594171431059536,0.01
0.010101010101010102,0.673469387755102,0.22899448212919,0.2065798845506311,-3.86578190012467,33.76831239330528,0.01
0.010101010101010102,0.6938775510204082,0.1571331089890583,0.3657125387738768,-3.0439975767858205,46.76655129390202,0.01
0.010101010101010102,0.7142857142857142,0.10474968307670754,0.4394630816712772,-2.2318551287675863,32.82340861188498,0.01
0.010101010101010102,0.7346938775510203,0.06603698128425887,0.35143655583557465,-1.523262076160741,36.6187105435859,0.01
0.010101010101010102,0.7551020408163265,0.042575720784432405,-0.03462379115701374,-0.9985337720137677,14.804663262817481,0.01
0.010101010101010102,0.7755102040816326,0.025280500793901012,0.26483395012802585,-0.6974441760149638,14.702117145065309,0.01
0.010101010101010102,0.7959183673469387,0.014108611559331847,0.06138746631204666,-0.45758618971522314,8.803965512309267,0.01
0.010101010101010102,0.8163265306122448,0.006603513458585782,0.15789673868271206,-0.27785371214829446,8.809817289249748,0.01
0.010101010101010102,0.836734693877551,0.002767643716544319,0.13251795719775733,-0.09274830291580664,9.330512815534059,0.01
0.010101010101010102,0.8571428571428571,0.002817868441614083,0.0967020078684304,-0.03190476472851689,-3.3678460731796624,0.01
0.010101010101010102,0.8775510204081632,0.0014654084215028132,-0.18323101966342614,-0.04773455177475557,1.8165269426482715,0.01
0.010101010101010102,0.8979591836734693,0.0008695193895832433,-0.22133431673168383,-0.0006311881331176811,2.7996026942322425,0.01
0.010101010101010102,0.9183673469387754,0.0014396456405592344,-0.16978550735783274,-0.024384630217048196,-5.127440018457433,0.01
0.010101010101010102,0.9387755102040816,-0.00012577163968403003,0.016348332389383616,0.0006211366448204084,7.578005170920557,0.01
0.010101010101010102,0.9591836734693877,0.001464998156674353,-0.05246578382557953,-0.01479440677681103,-9.088728426240438,0.01
0.010101010101010102,0.9795918367346939,-0.0007296249775130516,0.050346581641972005,0.039040660788260455,14.364565047617447,0.01
0.010101010101010102,1.0,0.0030584945153788613,-0.2754721824168842,0.18561785515170376,0.0,0.01
0.020202020202020204,0.0,-0.0005441524566729407,0.013998417386296026,0.017551067983662808,0.0,0.01
0.020202020202020204,0.02040816326530612,-0.00018596739578186303,0.2177346075976231,0.009245274813882284,-0.8139677306384913,0.01
0.020202020202020204,0.04081632653061224,-0.00016679430100427603,-0.225161186449885,0.005543510591299585,0.4511948368253865,0.01
0.020202020202020204,0.061224489795918366,4.0298342638528145e-05,0.050383640174308846,0.011536513356919683,0.13611943420538317,0.01
0.020202020202020204,0.08163265306122448,0.0003040837951965273,-0.1323934018369642,-0.007852689613549122,-2.0362613253113264,0.01
0.020202020202020204,0.1020408163265306,-0.00028021960077164007,0.17323406750617995,0.07979250745485308,10.625490638014744,0.01
0.020202020202020204,0.12244897959183673,0.0035609208341701223,-0.21504468994630793,0.07268177693235257,-11.322342229219792,0.01
0.020202020202020204,0.14285714285714285,0.0026863835393243834,0.017346397995260943,-0.006832776514789604,3.5299159913998577,0.01
0.020202020202020204,0.16326530612244897,0.003282031996831771,0.08817777244164728,0.09998150371740049,6.937883471354772,0.01
0.020202020202020204,0.18367346938775508,0.006767261242075423,0.11349907622198595,0.29282243105801736,11.960527408025687,0.01
0.020202020202020204,0.2040816326530612,0.0152339679583835,0.10212295838442752,0.4761813133519152,6.0086430567763,0.01
0.020202020202020204,0.22448979591836732,0.02620323321562298,0.09474933667003885,0.6477633959561713,10.806401038440795,0.01
0.020202020202020204,0.24489795918367346,0.041673290242308855,0.3480360163373342,1.063218947134654,29.908242977050524,0.01
0.020202020202020204,0.26530612244897955,0.06959992493540477,0.14215411290045396,1.6194632349287215,24.60369722676809,0.01
0.020202020202020204,0.2857142857142857,0.10777383044348116,0.36134389367872266,2.258408122460807,38.012901751376305,0.01
0.020202020202020204,0.3061224489795918,0.161779848301152,0.22354595627997234,2.9996012876121587,34.624028433456154,0.01
0.020202020202020204,0.32653061224489793,0.23020653606030395,0.437459525777651,3.878379405971598,51.4962271657689,0.01
0.020202020202020204,0.3469387755102041,0.32008104854489067,0.20628431057678995,4.6751035367403055,26.58273764956447,0.01
0.020202020202020204,0.36734693877551017,0.4210270885803164,0.3058281684644584,5.294559082435378,34.123905828552694,0.01
0.020202020202020204,0.3877551020408163,0.5361855008891918,-0.22697920150125703,5.687657541919527,4.399743200893845,0.01
0.020202020202020204,0.4081632653061224,0.6531763760056032,-0.21910229601655737,5.629987363220208,-10.051420713427069,0.01
0.020202020202020204,0.42857142857142855,0.7659809034696085,-0.25849914983196787,5.17516056194168,-34.52160581186874,0.01
0.020202020202020204,0.44897959183673464,0.8644074193501615,-0.4896687071435975,4.21342800333142,-59.728184931936745,0.01
0.020202020202020204,0.4693877551020408,0.9379575566668092,-0.8550124994671909,2.749051681386196,-83.78069461869518,0.01
0.020202020202020204,0.4897959183673469,0.9766136104271491,-0.9633936758977345,0.9229264571059967,-95.17957736076441,0.01
0.020202020202020204,0.5102040816326531,0.9756280243037887,-0.9872167117722455,-0.996008732281612,-92.87607119922127,0.01
0.020202020202020204,0.5306122448979591,0.9359601927830017,-0.7082932234411038,-2.7377748313355172,-77.81700650806145,0.01
0.020202020202020204,0.5510204081632653,0.8638821128207064,-0.48921260652264115,-4.104047027537084,-56.07766871969214,0.01
0.020202020202020204,0.5714285714285714,0.7684480692100595,-0.49939912516219703,-5.163180708324596,-47.717431997484,0.01
0.020202020202020204,0.5918367346938775,0.6531400430931719,0.12176665217814163,-5.764243084914955,-11.186680908371201,0.01
0.020202020202020204,0.6122448979591836,0.533172841254347,0.08542496545770405,-5.671646696310671,20.261126991591137,0.01
0.020202020202020204,0.6326530612244897,0.42164425957028734,0.3913857952994668,-5.247685757772694,21.287044985130755,0.01
0.020202020202020204,0.6530612244897959,0.3189815858350534,0.3536916958433891,-4.668796242544356,35.44412750724652,0.01
0.020202020202020204,0.673469387755102,0.23108114762970142,0.5002009550507417,-3.874783064545467,42.36916393664463,0.01
0.020202020202020204,0.6938775510204082,0.16082717503727928,0.3746524088980866,-2.9863648663872766,44.69581948285803,0.01
0.020202020202020204,0.7142857142857142,0.10918870410369014,0.4111157760354537,-2.235388074040196,28.89990616715585,0.01
0.020202020202020204,0.7346938775510203,0.06958684548461821,0.17172985078497957,-1.640586605295015,29.390637769871912,0.01
0.020202020202020204,0.7551020408163265,0.042225985520220145,0.36032042541131276,-1.0199657299918985,31.430208009833486,0.01
0.020202020202020204,0.7755102040816326,0.027955591199234606,0.07205109348745622,-0.673683814318075,2.505419726201217,0.01
0.020202020202020204,0.7959183673469387,0.014728686976625247,0.032322856106212355,-0.4840504491133059,16.078650063866178,0.01
0.020202020202020204,0.8163265306122448,0.00819843001093641,0.011450605422978148,-0.2602507118785984,5.853724185135162,0.01
0.020202020202020204,0.836734693877551,0.00410620894076409,0.1528682028989996,-0.10789245347085615,9.077385138823578,0.01
0.020202020202020204,0.8571428571428571,0.0037946563998810566,-0.1622732368074868,-0.11004466304264818,-9.288301676859195,0.01
0.020202020202020204,0.8775510204081632,-0.0003854099589358348,0.16992282619619895,-0.12644051089296568,7.68150858752808,0.01
0.020202020202020204,0.8979591836734693,-0.001366180779423664,0.19291271469840754,0.0026962366293776545,4.973892669661568,0.01
0.020202020202020204,0.9183673469387754,-0.0002753594842673591,0.0432795392944095,0.034435823353316984,-1.863413170715513,0.01
0.020202020202020204,0.9387755102040816,3.936303091580448e-05,-0.10082030252345117,0.029654805599771968,1.394873430868101,0.01
0.020202020202020204,0.9591836734693877,0.0009350407442947618,-0.011315431543751635,-0.0063806986284431965,-4.926352845233188,0.01
0.020202020202020204,0.9795918367346939,-0.00022107364779616267,0.06311870822893142,-0.016147791388375562,3.9691777547598153,0.01
0.020202020202020204,1.0,0.00027594721823861643,-0.18342262781456775,0.024354022435704177,0.0,0.01
0.030303030303030304,0.0,-0.0004027543012558091,0.12792326624787229,0.11839019243169338,0.0,0.01
0.030303030303030304,0.02040816326530612,0.0020133720749011988,-0.1705311055345967,-0.049940687751637285,-16.49642625796641,0.01
0.030303030303030304,0.04081632653061224,-0.0024411497196899835,0.1653088627970334,-0.03587162781143981,17.875194132105758,0.01
0.030303030303030304,0.061224489795918366,0.0005492240009648802,-0.09237247100620663,0.034494197427794034,-10.979343258660842,0.01
0.030303030303030304,0.08163265306122448,-0.0010332232940657373,0.126142459683833,0.0225496888675705,9.808781419758935,0.01
0.030303030303030304,0.1020408163265306,0.0014696194649473494,-0.04616066016792723,0.05933840080153063,-6.203487650230842,0.01
0.030303030303030304,0.12244897959183673,0.0013887522488538803,-0.03076517139138731,0.034103515285711004,3.730468869680518,0.01
0.030303030303030304,0.14285714285714285,0.0028615996806906556,-0.191755546401224,0.06820712579334075,-0.3883150399328031,0.01
0.030303030303030304,0.16326530612244897,0.0041727165669494205,0.18612501077641458,0.1237768634805799,5.834149333282242,0.01
0.030303030303030304,0.18367346938775508,0.007913716557449019,0.0722062097459271,0.2962735124276953,11.070522263535072,0.01
0.030303030303030304,0.2040816326530612,0.016265512992569637,0.16074559424091694,0.4715412262910798,6.105713695076609,0.01
0.030303030303030304,0.22448979591836732,0.02716029722239105,0.30918581912699694,0.7086206678738097,17.12807158003093,0.01
0.030303030303030304,0.24489795918367346,0.045188805558847585,0.11731404578872191,1.074950432161373,18.77224532015026,0.01
0.030303030303030304,0.26530612244897955,0.07103582506571239,0.31292220241834967,1.6227565985132064,34.912758982329436,0.01
0.030303030303030304,0.2857142857142857,0.11142376876346825,0.33416164046016245,2.2785505483476576,29.355048101446783,0.01
0.030303030303030304,0.3061224489795918,0.16403788826357596,0.5641331554469784,3.0184379844447218,43.15392063606551,0.01
0.030303030303030304,0.32653061224489793,0.2346253191489671,0.41309695043268524,3.874107584560204,40.70170017525179,0.01
0.030303030303030304,0.3469387755102041,0.3221647284497067,0.3099985484789007,4.642528099829465,34.60351032113578,0.01
0.030303030303030304,0.36734693877551017,0.4241162619991493,0.2766280075870471,5.187337304193842,18.78779170657314,0.01
0.030303030303030304,0.3877551020408163,0.5338927816821084,0.23356840342073956,5.557750507780286,17.51270224489836,0.01
0.030303030303030304,0.4081632653061224,0.6509632215003854,0.06058471189121938,5.622186971966649,-11.19792875463479,0.01
0.030303030303030304,0.42857142857142855,0.7633698009460532,-0.33613605094047944,5.108202207672867,-39.172578146155836,0.01
0.030303030303030304,0.44897959183673464,0.8594612707931555,-0.773113502314648,4.065806012765127,-62.98224895480266,0.01
0.030303030303030304,0.4693877551020408,0.9293210667732013,-0.7462170621106546,2.6318167143712836,-77.54870228779403,0.01
0.030303030303030304,0.4897959183673469,0.9668823611756568,-0.9148854420777317,0.8902092530507054,-93.12882892162264,0.01
0.030303030303030304,0.5102040816326531,0.9656561383262913,-0.9111114042568643,-0.9328778122292135,-85.53370347580943,0.01
0.030303030303030304,0.5306122448979591,0.9288057157785461,-0.9085421119985787,-2.6145313911474837,-79.26834725818108,0.01
0.030303030303030304,0.5510204081632653,0.8589405713406797,-0.5038349571893044,-4.052351013316547,-61.63797571438712,0.01
0.030303030303030304,0.5714285714285714,0.7634036336023605,-0.1992610586697093,-5.011978770565311,-32.405544495991805,0.01
0.030303030303030304,0.5918367346938775,0.6543700092767895,-0.30711275057470055,-5.619513890771646,-27.13289728422902,0.01
0.030303030303030304,0.6122448979591836,0.5340357196933138,0.2947941811266507,-5.604922766952363,28.562827418518715,0.01
0.030303030303030304,0.6326530612244897,0.4255976514419991,0.09486651366261671,-5.181296516414621,12.952545134179962,0.01
0.030303030303030304,0.6530612244897959,0.3225542292274109,0.15507359196223086,-4.641867238363484,39.911524114831266,0.01
0.030303030303030304,0.673469387755102,0.23613368252920386,0.3312873215878877,-3.869595817375365,35.77107514200451,0.01
0.030303030303030304,0.6938775510204082,0.16461154280392662,0.5595664613513799,-3.0084111985678277,48.625017501134195,0.01
0.030303030303030304,0.7142857142857142,0.11334138871010886,0.10423996084890993,-2.2856062828661674,22.20986423762851,0.01
0.030303030303030304,0.7346938775510203,0.07132149044204225,0.3568336552011849,-1.6531571718636155,39.77014864062157,0.01
0.030303030303030304,0.7551020408163265,0.04586558577690007,0.04456183033125733,-1.0446337052826997,19.865151084308174,0.01
0.030303030303030304,0.7755102040816326,0.028683380022340225,0.10157821815887204,-0.7548549299541857,8.533168897886194,0.01
0.030303030303030304,0.7959183673469387,0.015055180472647594,0.2682219993052501,-0.499047539593909,16.535955357420935,0.01
0.030303030303030304,0.8163265306122448,0.008314092691976593,-0.0748804762609017,-0.23041878262179746,9.789662825845998,0.01
0.030303030303030304,0.836734693877551,0.005650332202370147,0.01881148060231122,-0.15088471745718335,-1.9953244397138128,0.01
0.030303030303030304,0.8571428571428571,0.0021555327957650285,-0.07299202212507326,-0.10582407444889681,6.411267454525893,0.01
0.030303030303030304,0.8775510204081632,0.0013309822248641547,-0.2261439723787134,-0.038540957237466554,0.18247803219427372,0.01
0.030303030303030304,0.8979591836734693,0.0005824325003582305,-0.1352774688110058,-0.028644778816014686,0.7873474531080094,0.01
0.030303030303030304,0.9183673469387754,0.0001618075793125349,0.1455938364930572,-0.03825568090865816,-1.72921585818707,0.01
0.030303030303030304,0.9387755102040816,-0.00097902386326047,0.11293037532891981,0.016143928978206833,7.06037762709984,0.01
0.030303030303030304,0.9591836734693877,0.0008207434559740382,-0.11907910452959648,0.0341900666587626,-5.291856134405375,0.01
0.030303030303030304,0.9795918367346939,0.0004164890615869831,-0.1267855305132978,-0.058739976324082586,-3.8152880779134555,0.01
0.030303030303030304,1.0,-0.001576806598070149,0.049406567579667465,-0.09767148732319948,0.0,0.01
0.04040404040404041,0.0,0.0008893999032681534,0.014078838720794766,-0.02932964814750844,0.0,0.01
0.04040404040404041,0.02040816326530612,0.000290835655359818,-0.11270556136855274,-0.04068869668644084,-1.113186756815375,0.01
0.04040404040404041,0.04081632653061224,-0.0007713632267906561,-0.08284812024848896,-0.0165293394685554,3.480803764168148,0.01
0.04040404040404041,0.061224489795918366,-0.00038383126172407585,0.007400676480158038,0.024801501707860604,0.5696186711206208,0.01
0.04040404040404041,0.08163265306122448,0.00024094296536691955,-0.13732459921082438,0.033985945085124494,0.3304567798512405,0.01
0.04040404040404041,0.1020408163265306,0.0010033501703218218,0.02918335077492613,0.02050772442432964,-1.6513224046091368,0.01
0.04040404040404041,0.12244897959183673,0.00107799294187017,-0.11467960238941746,-0.001927542418488706,-0.5473337459870613,0.01
0.04040404040404041,0.14285714285714285,0.0009246749695671808,0.26824602657416974,0.1218819688550695,12.680665850795767,0.01
0.04040404040404041,0.16326530612244897,0.006052767180852598,-0.25755231046540566,0.18910073242608702,-6.093227020836051,0.01
0.04040404040404041,0.18367346938775508,0.008643072211448282,0.2818181633985529,0.28999274772951666,15.980644520572154,0.01
0.04040404040404041,0.2040816326530612,0.01788920586369001,-0.09411404177174387,0.5301876952793243,7.558460339309009,0.01
0.04040404040404041,0.22448979591836732,0.030283386304481928,-0.12498688283715888,0.6978724563881655,8.874646249357431,0.01
0.04040404040404041,0.24489795918367346,0.046373795920349827,0.3871679053129764,1.0758750926728693,28.169612106543543,0.01
0.04040404040404041,0.26530612244897955,0.07419665539317047,0.33925232218270623,1.6764209022450278,30.68387723152798,0.01
0.04040404040404041,0.2857142857142857,0.11479913886912646,0.35787421167320277,2.340718915511308,34.417328068567514,0.01
0.04040404040404041,0.3061224489795918,0.1697362029650606,0.12261562315567072,3.0379724803470127,33.913521285331534,0.01
0.04040404040404041,0.32653061224489793,0.2387980156179841,0.2753855237950399,3.811215686876185,41.86431295452735,0.01
0.04040404040404041,0.3469387755102041,0.3252960269191906,0.37879603558486635,4.6087554826605945,36.294587032344836,0.01
0.04040404040404041,0.36734693877551017,0.4269104842980084,0.21442053671464453,5.168422773346115,18.552807454836135,0.01
0.04040404040404041,0.3877551020408163,0.5362520584843381,0.14235387268841726,5.504285247734348,14.361715035210747,0.01
0.04040404040404041,0.4081632653061224,0.6515751882871654,-0.0628360074499884,5.481199505988367,-16.62411772631692,0.01
0.04040404040404041,0.42857142857142855,0.7599744873001898,-0.21024349451756771,4.901882952642121,-40.14890450161513,0.01
0.04040404040404041,0.44897959183673464,0.8516520434970479,-0.7164109987036797,3.964321318081599,-51.732135685316116,0.01
0.04040404040404041,0.4693877551020408,0.9217835206912754,-0.9191542591115807,2.5967317393794094,-82.29164302749848,0.01
0.04040404040404041,0.4897959183673469,0.9576410940839626,-0.8551391986982146,0.8494020673680576,-88.94666482961401,0.01
0.04040404040404041,0.5102040816326531,0.9564529928287472,-0.8903355685659646,-0.9313079982197262,-85.56292159798882,0.01
0.04040404040404041,0.5306122448979591,0.9196285227280554,-0.4844205188148651,-2.513740755257027,-69.51548859166668,0.01
0.04040404040404041,0.5510204081632653,0.8538513293488685,-0.7745704636059899,-3.876821863755362,-64.06646004117015,0.01
0.04040404040404041,0.5714285714285714,0.7613908956359998,-0.4623743578155079,-4.963294992160687,-42.40790654255172,0.01
0.04040404040404041,0.5918367346938775,0.6512678602810854,-0.16646697933277008,-5.497247695064466,-9.91945834201863,0.01
0.04040404040404041,0.6122448979591836,0.5370134386945931,-0.04470891645273522,-5.505443050045149,9.116313553911874,0.01
0.04040404040404041,0.6326530612244897,0.42655589905475283,0.24219122283686365,-5.215873833935109,19.26146962487221,0.01
0.04040404040404041,0.6530612244897959,0.3241206291462213,0.5976344974066824,-4.583359058624402,42.72497835557694,0.01
0.04040404040404041,0.673469387755102,0.2394800191108997,0.39761574889519574,-3.7694940466679494,37.03379281615538,0.01
0.04040404040404041,0.6938775510204082,0.17026372928222339,0.20302434139295644,-3.064599686831514,32.04585444781528,0.01
0.04040404040404041,0.7142857142857142,0.1143943176075726,0.3311668566440479,-2.3357775328730335,39.378716640115776,0.01
0.04040404040404041,0.7346938775510203,0.07492587079760978,0.12705371696343254,-1.6679260021432365,26.070733371404312,0.01
0.04040404040404041,0.7551020408163265,0.0463157052751956,0.4760565803441302,-1.1078029801063023,28.82132278821525,0.01
0.04040404040404041,0.7755102040816326,0.0297094226300056,0.013627880982182991,-0.6995046861171875,11.191910022718018,0.01
0.04040404040404041,0.7959183673469387,0.01776449359694305,-0.037656209143524064,-0.5427166104351662,4.173321394120084,0.01
0.04040404040404041,0.8163265306122448,0.007557724244896777,0.40797659758038973,-0.29214158775535304,20.383030828501603,0.01
0.04040404040404041,0.836734693877551,0.005840347157949048,-0.05659179081238545,-0.15041737274680156,-6.494057757663554,0.01
0.04040404040404041,0.8571428571428571,0.0014182396429865106,0.2821776591675708,-0.16644436331793827,4.923412681692157,0.01
0.04040404040404041,0.8775510204081632,-0.0009533003244157788,0.24984912188921896,-0.05395503242741956,6.100541745578679,0.01
0.04040404040404041,0.8979591836734693,-0.0007840065785408182,0.3049433280987196,0.0633509415613427,5.395443705320025,0.01
0.04040404040404041,0.9183673469387754,0.001632452392373719,-0.1645382061356269,0.023169492641121416,-9.33322569950171,0.01
0.04040404040404041,0.9387755102040816,0.00016168699864781106,-0.04828598238118142,-0.049355940264773135,2.225733274724044,0.01
0.04040404040404041,0.9591836734693877,-0.0003820757816986535,0.01468263307850199,-0.02513356660522055,0.1480593439121089,0.01
0.04040404040404041,0.9795918367346939,-0.0008641728627897625,0.16292681567210135,-0.017044027165729392,0.6447155211580253,0.01
0.04040404040404041,1.0,-0.0010777503598916897,0.060397541549476165,-0.010465297357994438,0.0,0.01
0.05050505050505051,0.0,0.0010316103953973935,-0.00494577973499122,-0.0920815229392057,0.0,0.01
0.05050505050505051,0.02040816326530612,-0.0008476043584639472,0.004244519419763248,-0.06467567138085954,2.685773452717924,0.01
0.05050505050505051,0.04081632653061224,-0.0016082129262703427,0.24341044331822653,0.013193921413196261,4.9454466410995455,0.01
0.05050505050505051,0.061224489795918366,-0.0003090769538436916,0.03898647100085753,0.01131994883334325,-5.129095953925141,0.01
0.05050505050505051,0.08163265306122448,-0.0011461741983787815,0.1735854453987957,0.0393766069055469,7.878648445001099,0.01
0.05050505050505051,0.1020408163265306,0.0012981314912806716,-0.16924434578324188,0.02611178929427378,-9.178600570905866,0.01
0.05050505050505051,0.12244897959183673,-8.038688024515801e-05,0.22902196326349883,0.05723443290556653,12.228619644812557,0.01
0.05050505050505051,0.14285714285714285,0.0036342307935486933,0.060278394995461546,0.086524581502931,-9.35818508227084,0.01
0.05050505050505051,0.16326530612244897,0.003451228691303046,0.2702254594891845,0.19245949355939393,19.739806463804207,0.01
0.05050505050505051,0.18367346938775508,0.011489720326585181,0.011750534838714197,0.3304395920021905,-6.217756816410148,0.01
0.05050505050505051,0.2040816326530612,0.01693855897710674,0.3016017236047504,0.4295137191906886,15.927021280882963,0.01
0.05050505050505051,0.22448979591836732,0.02902089253845002,0.30666578488384616,0.8169775847071116,22.044437539726488,0.01
0.05050505050505051,0.24489795918367346,0.050284582842703124,0.08927604296550372,1.190762572703038,14.586491283874313,0.01
0.05050505050505051,0.26530612244897955,0.07762344652632912,0.31517155935989144,1.669171452808922,32.297578966502336,0.01
0.05050505050505051,0.2857142857142857,0.11841402989612851,0.3020695969649168,2.2871068031258295,28.26008536455462,0.01
0.05050505050505051,0.3061224489795918,0.17097474461309767,0.6078863949153824,3.017558613144841,43.324192017308505,0.01
0.05050505050505051,0.32653061224489793,0.24157968757550977,0.4611679870612457,3.874613869750077,40.66722313000461,0.01
0.05050505050505051,0.3469387755102041,0.3291222495008559,0.16560526283094426,4.593668187878073,29.800100046539015,0.01
0.05050505050505051,0.36734693877551017,0.429076348305227,0.2660493303117315,5.109909308790933,20.791529802921296,0.01
0.05050505050505051,0.3877551020408163,0.5376899763902817,0.052233685825241453,5.435671254481485,11.133140874752764,0.01
0.05050505050505051,0.4081632653061224,0.650940481141206,-0.1819363586789032,5.3939405615788045,-15.222748779215367,0.01
0.05050505050505051,0.42857142857142855,0.7578508156383962,-0.6394926383321585,4.740139646725804,-48.84974087637874,0.01
0.05050505050505051,0.44897959183673464,0.8444155687626673,-0.5496532440877642,3.7888838056315652,-44.37333155085667,0.01
0.05050505050505051,0.4693877551020408,0.9124991342356029,-0.8357690072882408,2.5624000131181357,-75.82208011545947,0.01
0.05050505050505051,0.4897959183673469,0.9490033244001422,-0.8409704398177379,0.8565339655333868,-91.35279254784592,0.01
0.05050505050505051,0.5102040816326531,0.9474597042573738,-0.7456860153514758,-0.8395644865314225,-74.8648557545054,0.01
0.05050505050505051,0.5306122448979591,0.9147353861743699,-1.052717706978899,-2.48509181514067,-86.39682244920084,0.01
0.05050505050505051,0.5510204081632653,0.8460273852720404,-0.4410332472525394,-3.8713659956292585,-49.45804723868088,0.01
0.05050505050505051,0.5714285714285714,0.7567204475772573,-0.4494226644118677,-4.812804735951658,-42.802949312914286,0.01
0.05050505050505051,0.5918367346938775,0.6495863756413605,-0.09296639049714094,-5.393886045434285,-14.143019016383176,0.01
0.05050505050505051,0.6122448979591836,0.5365618334778988,0.27578877094897425,-5.404310464659734,13.121425932289283,0.01
0.05050505050505051,0.6326530612244897,0.429002275043004,0.14439734402244186,-5.056910059798182,20.923813744142993,0.01
0.05050505050505051,0.6530612244897959,0.3301573412412383,0.12244155996260585,-4.544895413286734,29.253621613978815,0.01
0.05050505050505051,0.673469387755102,0.24349633980681076,0.4247877705785479,-3.867150095378417,37.165419541036286,0.01
0.05050505050505051,0.6938775510204082,0.17231448020538456,0.3873078707157562,-3.0810441096613435,39.87296705923694,0.01
0.05050505050505051,0.7142857142857142,0.11773943737165389,0.5027347867294683,-2.354578343969229,31.320677978590307,0.01
0.05050505050505051,0.7346938775510203,0.07620924167602829,0.5561237632047596,-1.6320694543588725,39.485193203224625,0.01
0.05050505050505051,0.7551020408163265,0.05112435760190399,-0.04298527111114704,-1.1358730102228742,9.142058322103216,0.01
0.05050505050505051,0.7755102040816326,0.029847077993461993,0.07646520444880273,-0.8266356289701929,21.163205040659562,0.01
0.05050505050505051,0.7959183673469387,0.017384127848018564,0.3877013605835893,-0.4451252613780342,16.224810983372002,0.01
0.05050505050505051,0.8163265306122448,0.011678699978032028,-0.20132406779135328,-0.296827666047142,-1.6916466409445645,0.01
0.05050505050505051,0.836734693877551,0.005268712907318892,-0.05153642585578322,-0.18154943326310524,12.98891345378017,0.01
0.05050505050505051,0.8571428571428571,0.004268519028517529,0.014068415802415602,-0.09060797583117756,-4.076650625451257,0.01
0.05050505050505051,0.8775510204081632,0.001570428179515726,0.16588714392428233,-0.048321104257589786,8.220764039662859,0.01
0.05050505050505051,0.8979591836734693,0.0022962290588199865,0.030537314810450203,-0.03919945779834139,-7.326842686656516,0.01
0.05050505050505051,0.9183673469387754,-2.9549689804330597e-05,0.10227353836030754,-0.06424584177057129,4.8722970573779865,0.01
0.05050505050505051,0.9387755102040816,-0.00032605019712169823,0.05108475829605078,-0.005003308338044257,0.9334712190096625,0.01
0.05050505050505051,0.9591836734693877,-0.00023376635666327985,0.1814929948931163,0.027136267256450436,2.216207189250818,0.01
0.05050505050505051,0.9795918367346939,0.000781552548039544,0.04227147368742435,-0.005730741736043859,-5.437174070515259,0.01
0.05050505050505051,1.0,-0.0004676741826242537,0.08557714748136327,-0.06121210980252609,0.0,0.01
0.06060606060606061,0.0,0.0009816530243368761,-0.10279047715246774,-0.0875327890141252,0.0,0.01
0.06060606060606061,0.02040816326530612,-0.0008047304249309851,0.06791062713253009,-0.0032137777969824116,8.263263099279994,0.01
0.06060606060606061,0.04081632653061224,0.0008504784203784104,-0.06471001321336149,0.021791677107507474,-5.812728518639986,0.01
0.06060606060606061,0.061224489795918366,8.472578353870772e-05,-0.0612147812465068,-0.005959974894192664,3.093066622473372,0.01
0.06060606060606061,0.08163265306122448,0.0006072141389827914,-0.13050617274861126,-0.012155261894558515,-3.7002047485092247,0.01
0.06060606060606061,0.1020408163265306,-0.00041140735501470093,0.2393351840163383,0.03983092755372051,8.79485131444057,0.01
0.06060606060606061,0.12244897959183673,0.002232966284032608,-0.07252225670272731,0.1140355152194881,-1.5228017231953455,0.01
0.06060606060606061,0.14285714285714285,0.004243103470270527,-0.030654334491251156,0.09672140632645927,-0.17398094832147817,0.01
0.06060606060606061,0.16326530612244897,0.006180778787153395,0.05969445239969864,0.18045007362161306,8.379390343246548,0.01
0.06060606060606061,0.18367346938775508,0.011608412597683304,0.04491908983387208,0.3382044250408911,7.080536095842707,0.01
0.06060606060606061,0.2040816326530612,0.01998504103372038,-0.03160310513368701,0.5024977962220597,9.020214279911809,0.01
0.06060606060606061,0.22448979591836732,0.03211852672919594,0.17538581428978822,0.76443234050851,16.649371060160334,0.01
0.06060606060606061,0.24489795918367346,0.05118636105447589,0.2822150718062056,1.1928675370935744,25.337278205175984,0.01
0.06060606060606061,0.26530612244897955,0.08080699763097449,0.2892647437240462,1.7218324838491808,26.50128657687345,0.01
0.06060606060606061,0.2857142857142857,0.12146523794627918,0.3778216389361003,2.359546333137037,35.99467065333646,0.01
0.06060606060606061,0.3061224489795918,0.17711501122840456,0.3986635057622835,3.056931447057569,32.34907051087567,0.01
0.06060606060606061,0.32653061224489793,0.2462379500710779,0.3289808066765757,3.765160458274635,37.05737258839682,0.01
0.06060606060606061,0.3469387755102041,0.3307950299334917,0.6691656597092155,4.545381247571375,39.4042647626837,0.01
0.06060606060606061,0.36734693877551017,0.4317637152780728,0.0600886063854587,5.081852706400633,13.169938202583591,0.01
0.06060606060606061,0.3877551020408163,0.5382175893784155,-0.03779904819209834,5.324806109226227,10.639495274324593,0.01
0.06060606060606061,0.4081632653061224,0.6491027401444494,-0.15788468989555604,5.222755764186317,-20.640429088235717,0.01
0.06060606060606061,0.42857142857142855,0.7513912940390814,-0.3012578794276525,4.649139003367045,-35.574013472052904,0.01
0.06060606060606061,0.44897959183673464,0.8388635157920838,-0.37885096584487193,3.7403103607888983,-53.49119350060551,0.01
0.06060606060606061,0.4693877551020408,0.9040570230508732,-0.49435940346316426,2.490306363669809,-69.0091982170653,0.01
0.06060606060606061,0.4897959183673469,0.9405086734928924,-0.8121339934179089,0.8788272312147074,-88.91575676353463,0.01
0.06060606060606061,0.5102040816326531,0.9399275222841266,-0.7844748072588152,-0.8919665880005987,-84.62203751956538,0.01
0.06060606060606061,0.5306122448979591,0.9041018739826638,-0.7161446440716295,-2.4096979482879024,-64.11563578859041,0.01
0.06060606060606061,0.5510204081632653,0.8415725039866612,-0.5605789265718031,-3.722065707317215,-64.49640459628226,0.01
0.06060606060606061,0.5714285714285714,0.7521808247044102,-0.3706558942823273,-4.726666978471786,-33.95451997686574,0.01
0.06060606060606061,0.5918367346938775,0.6486473211918944,-0.3268149109808716,-5.214414528602561,-13.84473993595021,0.01
0.06060606060606061,0.6122448979591836,0.5393475786389995,0.031384588712315864,-5.345568934399838,0.9916081678170243,0.01
0.06060606060606061,0.6326530612244897,0.4304608340735337,0.14697197078316826,-5.09485962211299,23.577904436293885,0.01
0.06060606060606061,0.6530612244897959,0.331394124675204,0.40406079945709117,-4.475505863280425,37.1187639292975,0.01
0.06060606060606061,0.673469387755102,0.24778712536821024,0.28443813231325416,-3.801602372010213,28.923778215183287,0.01
0.06060606060606061,0.6938775510204082,0.17622668091968513,0.388332998515993,-3.0617541915229847,43.58134347256511,0.01
0.06060606060606061,0.7142857142857142,0.12281756653053741,0.285227508311553,-2.3128006736057887,29.816101283320126,0.01
0.06060606060606061,0.7346938775510203,0.08182665342557131,0.15639391503508548,-1.7671213878648837,23.660468719288613,0.01
0.06060606060606061,0.7551020408163265,0.05069016294421563,0.525345751263298,-1.254576390925106,26.568940980809597,0.01
0.06060606060606061,0.7755102040816326,0.03061945379597515,0.34803089704118007,-0.7200515635507885,25.814492101873533,0.01
0.06060606060606061,0.7959183673469387,0.02130030320744876,-0.11772617123277727,-0.5138710913768607,-5.608805828828607,0.01
0.06060606060606061,0.8163265306122448,0.009645123535695126,0.10164035911892531,-0.4055279263275927,16.22643600365686,0.01
0.06060606060606061,0.836734693877551,0.0047481429491796675,0.07843851640871347,-0.12824523277777858,10.947267964224933,0.01
0.06060606060606061,0.8571428571428571,0.004410624238642939,-0.08355723202406556,-0.0368011328047977,-1.9857461668728043,0.01
0.06060606060606061,0.8775510204081632,0.0032460558959226185,-0.02004112618221013,-0.04424546763438931,1.2562013535728271,0.01
0.06060606060606061,0.8979591836734693,0.0026046867841780694,-0.1813938129941808,-0.05494221877124425,-2.304482964984612,0.01
0.06060606060606061,0.9183673469387754,0.00100351635423918,-0.20082492400732588,-0.05916086838272063,1.8910553030599264,0.01
0.06060606060606061,0.9387755102040816,0.00018995746243437038,-0.0045899105121260594,0.014601506662499328,5.337657451371631,0.01
0.06060606060606061,0.9591836734693877,0.0015994962180146627,-0.30624852589016127,0.02495520187350753,-4.322995320692827,0.01
0.06060606060606061,0.9795918367346939,0.0012085371307408001,-0.0059332508718141505,-0.02946749185309385,-1.0104286645141092,0.01
0.06060606060606061,1.0,0.000396741448500628,-0.15105640928060332,-0.039777988429768436,0.0,0.01
0.07070707070707072,0.0,-5.663462366784865e-05,-0.018546443009982125,-0.003044363660944447,0.0,0.01
0.07070707070707072,0.02040816326530612,-0.00011876449429936797,-0.08261700280827053,0.0062101754000691385,0.9069448279793314,0.01
0.07070707070707072,0.04081632653061224,0.00019684192327374883,-0.12141157085033842,-0.010163600723668325,-2.5115748881056033,0.01
0.07070707070707072,0.061224489795918366,-0.0005336053401633812,0.061301465839566076,-0.022242862859986803,1.3278071987463922,0.01
0.07070707070707072,0.08163265306122448,-0.0007110300301951002,0.08053292747990339,0.062223264862408215,6.949873318048319,0.01
0.07070707070707072,0.1020408163265306,0.0020061197562614434,-0.24263504139876016,0.0541804825347726,-7.73806598615661,0.01
0.07070707070707072,0.12244897959183673,0.001500418236530312,0.011710249885946822,0.04721992730599373,7.055931573736281,0.01
0.07070707070707072,0.14285714285714285,0.003933463727934657,-0.01372000248510522,0.1294417030235243,1.0018024465817164,0.01
0.07070707070707072,0.16326530612244897,0.006783753053817018,-0.12179058566918237,0.19915258772227487,5.82986425389584,0.01
0.07070707070707072,0.18367346938775508,0.012062140777823426,0.02306846456894945,0.3156105850452553,5.583019483756244,0.01
0.07070707070707072,0.2040816326530612,0.019665817749541722,-0.002649408728151423,0.534785015910645,15.896074741051947,0.01
0.07070707070707072,0.22448979591836732,0.033890100610910974,0.22537335098499542,0.8420944145996956,14.22024633047502,0.01
0.07070707070707072,0.24489795918367346,0.05403701834544766,0.3096996761477172,1.221049696398012,22.917371285759994,0.01
0.07070707070707072,0.26530612244897955,0.08372886372919718,0.0796512262536366,1.745492694906579,28.47804256807958,0.01
0.07070707070707072,0.2857142857142857,0.12528161813755292,0.2710064343146476,2.3866197641465,34.35241021743266,0.01
0.07070707070707072,0.3061224489795918,0.1811419153270135,0.21430170153109204,3.0448445744276866,30.153621190123648,0.01
0.07070707070707072,0.32653061224489793,0.24956098852235645,0.3686823169018913,3.832102910514027,46.997695746337754,0.01
0.07070707070707072,0.3469387755102041,0.33755427902146357,0.12863169902784827,4.478837218206402,16.382266407514923,0.01
0.07070707070707072,0.36734693877551017,0.4323706708981279,0.18872419128742793,4.906896793839197,25.567572004499006,0.01
0.07070707070707072,0.3877551020408163,0.5378357808108185,0.22422732065225645,5.270863222772844,10.101138030998458,0.01
0.07070707070707072,0.4081632653061224,0.6475079452970195,-0.14820973504316226,5.157556356456306,-21.205210930019167,0.01
0.07070707070707072,0.42857142857142855,0.7483482851559738,-0.39643249810066644,4.594455430026053,-33.97867986014564,0.01
0.07070707070707072,0.44897959183673464,0.8350367383593074,-0.4535637273783986,3.6925226098912214,-54.410736513067896,0.01
0.07070707070707072,0.4693877551020408,0.8990634937229625,-0.6646674519230064,2.3830797558360772,-73.91466318433623,0.01
0.07070707070707072,0.4897959183673469,0.9323052998220044,-0.8575628532586268,0.8070309949218443,-80.53811538525862,0.01
0.07070707070707072,0.5102040816326531,0.9320035343320173,-0.8935060804090753,-0.8682116480108629,-83.63566362214671,0.01
0.07070707070707072,0.5306122448979591,0.896868089699112,-0.4186306652879374,-2.354289371754248,-61.99995330470505,0.01
0.07070707070707072,0.5510204081632653,0.835910090586946,-0.6222184127454997,-3.6365659662077414,-63.66315295173733,0.01
0.07070707070707072,0.5714285714285714,0.7484368257722654,-0.3913161200853121,-4.668816287744738,-37.49737855888832,0.01
0.07070707070707072,0.5918367346938775,0.6453461604749159,0.08328087963235196,-5.114919661598837,-6.2207520788133595,0.01
0.07070707070707072,0.6122448979591836,0.5396645946865987,0.011603146390472217,-5.228318645478434,-4.892348341387287,0.01
0.07070707070707072,0.6326530612244897,0.43194539943497984,0.20559034443549004,-5.002631670969081,27.009671843303575,0.01
0.07070707070707072,0.6530612244897959,0.3354755468919423,0.36180056353083356,-4.441486459669444,27.982558864060714,0.01
0.07070707070707072,0.673469387755102,0.25066023781581886,0.42543601887927773,-3.8054946055764445,34.34464283705328,0.01
0.07070707070707072,0.6938775510204082,0.18014923646025072,0.45273130744239837,-3.061558840897143,38.561062101518274,0.01
0.07070707070707072,0.7142857142857142,0.12569865247307835,0.26397233667834474,-2.3701997397197507,29.192129813866206,0.01
0.07070707070707072,0.7346938775510203,0.08340638994107723,0.3478858007827928,-1.7076981863263203,35.73302241869001,0.01
0.07070707070707072,0.7551020408163265,0.05599668568424895,0.15752849568123378,-1.207151077196325,13.320594276049544,0.01
0.07070707070707072,0.7755102040816326,0.03413491740245172,0.1701780296638978,-0.8791956251786051,18.81904002168699,0.01
0.07070707070707072,0.7959183673469387,0.02011114996267323,0.17763166037210903,-0.5748465275293378,11.007171547941196,0.01
0.07070707070707072,0.8163265306122448,0.010671793829825684,0.24073222858805565,-0.3569821197900522,10.343540410508814,0.01
0.07070707070707072,0.836734693877551,0.005540451195732329,0.07455331263047249,-0.1740769598788218,7.58116526079176,0.01
0.07070707070707072,0.8571428571428571,0.003566611793955408,0.05489486875811466,-0.06117235748638991,3.4834857736665645,0.01
0.07070707070707072,0.8775510204081632,0.003043620277920496,-0.20189061107876194,-0.06845755080376126,-4.1974347187689585,0.01
0.07070707070707072,0.8979591836734693,0.0007724260468631115,0.13457999927247236,-0.09968164348554058,1.1374736359545843,0.01
0.07070707070707072,0.9183673469387754,-0.001025018231693405,0.013606228673492106,-0.015406367263424245,7.121503433812819,0.01
0.07070707070707072,0.9387755102040816,0.0001435947299886526,-0.056380124861483465,-0.01148817259133368,-6.737520355947943,0.01
0.07070707070707072,0.9591836734693877,-0.0014939232354213103,0.17738877343461557,0.024622759057221083,10.276391657506311,0.01
0.07070707070707072,0.9795918367346939,0.0011486053037527784,-0.03136953106253208,0.00893863801492808,-11.813435519651025,0.01
0.07070707070707072,1.0,-0.0011290808674650622,0.14148482883372987,-0.11160662238967418,0.0,0.01
0.08080808080808081,0.0,-0.00024397243184948628,0.04840372017418681,-0.03475605487423872,0.0,0.01
0.08080808080808081,0.02040816326530612,-0.0009532796741808885,0.08140600037282465,-0.019246346136180655,1.51995145632969,0.01
0.08080808080808081,0.04081632653061224,-0.0010295375802650232,0.14582817698963982,0.025452585961907404,2.86054388928294,0.01
0.08080808080808081,0.061224489795918366,8.560138548880145e-05,0.12824680129087818,0.02773330086820436,-2.6370338284658397,0.01
0.08080808080808081,0.08163265306122448,0.00010243388374331786,0.19971838565390737,-0.012993345514753347,-1.3541775170640158,0.01
0.08080808080808081,0.1020408163265306,-0.0004447392477664371,0.2036223934835747,0.037148607776672234,6.268088939623724,0.01
0.08080808080808081,0.12244897959183673,0.0016187035889136132,0.02456778097626104,0.10387061875432248,0.27066813618600166,0.01
0.08080808080808081,0.14285714285714285,0.0037948778442467254,0.009840188644550456,0.09640361745685092,-1.0024342633382166,0.01
0.08080808080808081,0.16326530612244897,0.00555354511776467,0.17894510435768252,0.20825680431646013,11.96404657557992,0.01
0.08080808080808081,0.18367346938775508,0.012295155571449178,0.09001687881348411,0.34509501772258117,1.4460983382199426,0.01
0.08080808080808081,0.2040816326530612,0.01963905604521696,0.26019811310387003,0.5848503665893634,22.049925850724723,0.01
0.08080808080808081,0.22448979591836732,0.03616659910570891,0.04965641634138354,0.9193929255033196,10.735244922842993,0.01
0.08080808080808081,0.24489795918367346,0.05716529790249531,0.08365973691542931,1.1849871503786353,15.292989114937948,0.01
0.08080808080808081,0.26530612244897955,0.084533421570143,0.4374781967254953,1.735917094654961,38.698145424141956,0.01
0.08080808080808081,0.2857142857142857,0.1280190568680039,0.28901204197954783,2.419942356513143,28.33633023795989,0.01
0.08080808080808081,0.3061224489795918,0.1833065789788427,0.34000295776488193,3.0690168888053377,35.27297392667522,0.01
0.08080808080808081,0.32653061224489793,0.25328505232944626,0.6222655108684344,3.810901748278376,37.43174230168253,0.01
0.08080808080808081,0.3469387755102041,0.33885358911265395,0.3370494803848174,4.434302126513933,23.661494765402075,0.01
0.08080808080808081,0.36734693877551017,0.4342769758606272,0.2580859968778079,4.9305542961603885,24.971217859950546,0.01
0.08080808080808081,0.3877551020408163,0.5401007032416494,0.09012634512238137,5.187480584438506,0.20755839130498382,0.01
0.08080808080808081,0.4081632653061224,0.6460108772662805,-0.40091293545603474,5.003958724542704,-18.192700661093582,0.01
0.08080808080808081,0.42857142857142855,0.7443439164882903,-0.13474918042495365,4.518888027882484,-29.344227611607934,0.01
0.08080808080808081,0.44897959183673464,0.8304552865676064,-0.6560933548576262,3.626141232430137,-58.14495834272212,0.01
0.08080808080808081,0.4693877551020408,0.8923496810772755,-0.7914794102831928,2.2831001741788493,-73.47306536590413,0.01
0.08080808080808081,0.4897959183673469,0.923643048778988,-0.6403205084851222,0.7503992131247869,-76.73162881739398,0.01
0.08080808080808081,0.5102040816326531,0.9229782203884913,-0.5885030170062433,-0.7595870156342781,-71.24702160099439,0.01
0.08080808080808081,0.5306122448979591,0.892639497120446,-0.8778905981926931,-2.2871525247061912,-78.45439828805313,0.01
0.08080808080808081,0.5510204081632653,0.8296250561147692,-0.615630918034204,-3.6298063060313344,-53.12567228181089,0.01
0.08080808080808081,0.5714285714285714,0.7444841376905956,-0.25018836652519294,-4.494223028519916,-31.587166522070127,0.01
0.08080808080808081,0.5918367346938775,0.6461873814813033,-0.3797439377964416,-5.015207317875031,-19.46929383473119,0.01
0.08080808080808081,0.6122448979591836,0.5397817981854923,0.2208173218997692,-5.198050141562505,1.550697113358585,0.01
0.08080808080808081,0.6326530612244897,0.43402206958079287,0.37908292644055924,-4.915966653595961,26.093484707362617,0.01
0.08080808080808081,0.6530612244897959,0.3391300980387184,0.1204047485161087,-4.387080206903052,25.737387068542475,0.01
0.08080808080808081,0.673469387755102,0.254957571339852,0.30392014372722526,-3.782991542689239,33.46330202441117,0.01
0.08080808080808081,0.6938775510204082,0.1847222799697699,0.44203029871154786,-3.101517024876162,33.321200721270344,0.01
0.08080808080808081,0.7142857142857142,0.12836503971225355,0.31928212045045207,-2.3961463550041984,35.80512492618206,0.01
0.08080808080808081,0.7346938775510203,0.0869203879287822,0.4480662184288772,-1.7340403489973226,29.0812636624918,0.01
0.08080808080808081,0.7551020408163265,0.057587882610322015,0.11917841173507755,-1.2511292629782738,18.244022767375014,0.01
0.08080808080808081,0.7755102040816326,0.03585388739905675,0.05277018447511616,-0.8742205995732873,18.693026246313647,0.01
0.08080808080808081,0.7959183673469387,0.0219054091583511,0.0710836709630447,-0.5573861449672988,12.356750305073243,0.01
0.08080808080808081,0.8163265306122448,0.013103432502432307,0.03482769367409726,-0.3824914078675279,4.782933930704316,0.01
0.08080808080808081,0.836734693877551,0.0062935149596764954,0.048785564497730596,-0.22006701357411024,11.13465671005061,0.01
0.08080808080808081,0.8571428571428571,0.004121105417774748,0.04447526434003398,-0.12958524769726107,-2.267443654119392,0.01
0.08080808080808081,0.8775510204081632,0.0010043211761148199,0.13602514655472991,-0.048737493252228294,10.190523589732605,0.01
0.08080808080808081,0.8979591836734693,0.002131819978908287,0.02697476966529291,-0.04635161748624539,-9.95670776466628,0.01
0.08080808080808081,0.9183673469387754,-0.000887581578425808,0.19432868088031274,-0.0626641757612214,8.35807705371863,0.01
0.08080808080808081,0.9387755102040816,-0.00042590148073340264,-0.08445665767161029,0.029043871314196883,0.6293115596723636,0.01
0.08080808080808081,0.9591836734693877,0.000297882556847534,-0.2948324986982755,0.03081224944181006,-0.4560105031662718,0.01
0.08080808080808081,0.9795918367346939,0.0008317413536261917,0.03297807736753892,5.3318391476561874e-05,-2.5583647397664118,0.01
0.08080808080808081,1.0,0.00030005881772412834,-0.07336389082232199,-0.026052444259201103,0.0,0.01
0.09090909090909091,0.0,0.0002449540345564411,-0.17623485598303162,-0.018421592957741196,0.0,0.01
0.09090909090909091,0.02040816326530612,-0.00013099684213215468,0.12916022200163504,0.004863746712088026,2.281963287643264,0.01
0.09090909090909091,0.04081632653061224,0.0004434743085192177,0.0018210183996738626,0.037044501340617625,0.8717506659526376,0.01
0.09090909090909091,0.061224489795918366,0.0013810236207501974,0.00440473057435932,0.041069766648755425,-0.47727466575513383,0.01
0.09090909090909091,0.08163265306122448,0.0021197913145908675,-0.023075603081626053,0.005660210128893773,-2.9928618731913086,0.01
0.09090909090909091,0.1020408163265306,0.0016120526056030045,-0.09538028568675469,-0.006196743885977624,1.8308803797339113,0.01
0.09090909090909091,0.12244897959183673,0.0018668629927142298,-0.03014393096983178,0.05591441654668517,4.2560133426670435,0.01
0.09090909090909091,0.14285714285714285,0.0038942736891411744,0.0606978441076956,0.13460810657649563,3.4559682802543827,0.01
0.09090909090909091,0.16326530612244897,0.007361071424407928,0.08442815142764853,0.228098510469378,5.706091301248095,0.01
0.09090909090909091,0.18367346938775508,0.013204416973605583,-0.006685002581860898,0.3652030855436073,7.730157056026379,0.01
0.09090909090909091,0.2040816326530612,0.02226731981394292,0.2168895369403211,0.5748621713311164,12.816433351149502,0.01
0.09090909090909091,0.22448979591836732,0.036668179068753186,0.08625030089007465,0.8757041354364833,16.66607913117647,0.01
0.09090909090909091,0.24489795918367346,0.05801034575012591,0.22449324044244834,1.2809632475444004,23.04931385539941,0.01
0.09090909090909091,0.26530612244897955,0.08895239325423891,0.437227817551588,1.786736604494061,26.516475125667323,0.01
0.09090909090909091,0.2857142857142857,0.13093837042335288,0.4589429661512066,2.3958196963663245,33.17366787781451,0.01
0.09090909090909091,0.3061224489795918,0.18674095228959908,0.32712729862590983,3.1514887068636988,40.88189515092817,0.01
0.09090909090909091,0.32653061224489793,0.2595705625402385,0.19804340336676782,3.810170837209572,23.668953622967443,0.01
0.09090909090909091,0.3469387755102041,0.3422581293185612,0.11578666633316458,4.344176893253627,28.6636398693499,0.01
0.09090909090909091,0.36734693877551017,0.4368839051220192,0.20909769739516812,4.869447055615644,22.812836042127824,0.01
0.09090909090909091,0.3877551020408163,0.5410110703640977,-0.03981690963925377,5.02439499007306,-7.627938465301059,0.01
0.09090909090909091,0.4081632653061224,0.6419612516556135,-0.07505773203810784,4.9483077106446265,0.17138508131453203,0.01
0.09090909090909091,0.42857142857142855,0.7429828136557151,-0.5469961475089932,4.455737318030575,-48.443283557491505,0.01
0.09090909090909091,0.44897959183673464,0.8238280809629839,-0.6217438689389666,3.4636170846369363,-48.784499315085135,0.01
0.09090909090909091,0.4693877551020408,0.8843549395592635,-0.6984353718063379,2.2870035553518426,-66.5236265548541,0.01
0.09090909090909091,0.4897959183673469,0.9171751648548958,-0.7912819183180972,0.8006307447943349,-79.14090887978166,0.01
0.09090909090909091,0.5102040816326531,0.9170337454692363,-0.9469891578266028,-0.8183796135922123,-79.5221062421,0.01
0.09090909090909091,0.5306122448979591,0.8837719153205198,-0.7217395628777645,-2.293865995162606,-65.07555915179859,0.01
0.09090909090909091,0.5510204081632653,0.8234065619932116,-0.5032069425082125,-3.474465854760084,-50.6232270887543,0.01
0.09090909090909091,0.5714285714285714,0.7419569824731694,-0.31953364096490455,-4.435846957652995,-43.59212099475098,0.01
0.09090909090909091,0.5918367346938775,0.6423515841298241,-0.05691812884515512,-4.898645304072894,-1.7621169543991593,0.01
0.09090909090909091,0.6122448979591836,0.5420122761844799,-0.1352261397517256,-5.010259654958399,-9.176089432380461,0.01
0.09090909090909091,0.6326530612244897,0.4378511900498894,0.0457424643401823,-4.940816229837372,15.98154509424097,0.01
0.09090909090909091,0.6530612244897959,0.3403463076196892,0.478494607564564,-4.405681097574534,36.461697867517195,0.01
0.09090909090909091,0.673469387755102,0.2580274717815411,0.2327669795795079,-3.7033973408731957,32.362110289213945,0.01
0.09090909090909091,0.6938775510204082,0.18918723248200775,0.2682995907586845,-3.0977153235658683,26.994727406904182,0.01
0.09090909090909091,0.7142857142857142,0.1315901116359955,0.3959780352211985,-2.3946526172963747,41.9054178075062,0.01
0.09090909090909091,0.7346938775510203,0.0914463093270537,0.18456325778865537,-1.7835609637804202,17.98156423705733,0.01
0.09090909090909091,0.7551020408163265,0.058791704951080374,0.21810615463567573,-1.34895504915875,24.609815395866384,0.01
0.09090909090909091,0.7755102040816326,0.03638691956547206,0.36552901592285464,-0.8861228334007096,20.747741748421564,0.01
0.09090909090909091,0.7959183673469387,0.022623426036765693,0.10338224264315367,-0.561826458347349,11.033303006807788,0.01
0.09090909090909091,0.8163265306122448,0.01345522738802925,0.12931170152948723,-0.3880096261341965,6.000746550081149,0.01
0.09090909090909091,0.836734693877551,0.006786298439451552,0.12570639305807332,-0.21767948345981275,10.691607432008457,0.01
0.09090909090909091,0.8571428571428571,0.0045703505121185255,-0.09727923527674837,-0.10799565415790263,0.05740783957873461,0.01
0.09090909090909091,0.8775510204081632,0.0023783125554555262,0.025789732333483136,-0.053068423752543004,5.325460740146509,0.01
0.09090909090909091,0.8979591836734693,0.0024042923997698315,-0.035040946988803924,-0.03192296505213651,-3.2532057875066727,0.01
0.09090909090909091,0.9183673469387754,0.0010753343900621994,-0.026157207839579602,-0.09024064010217218,-2.461926367396825,0.01
0.09090909090909091,0.9387755102040816,-0.0012789990329718905,0.29709431653945734,-0.09201116807646385,2.2884146259162432,0.01
0.09090909090909091,0.9591836734693877,-0.0026802234906097944,0.1794414014746032,0.059874380840387396,12.596369167935183,0.01
0.09090909090909091,0.9795918367346939,0.001164853246227595,-0.044905848086423554,0.05486120619916203,-13.08766028277527,0.01
0.09090909090909091,1.0,-0.0004409905845215485,0.1316126582198013,-0.07868634770670804,0.0,0.01
0.10101010101010102,0.0,-0.0015351960258782218,0.24321999310489475,0.1327335466508312,0.0,0.01
0.10101010101010102,0.02040816326530612,0.001173651864955068,0.16362741655487742,0.048928079261343425,-8.212935804169804,0.01
0.10101010101010102,0.04081632653061224,0.0004618684337684486,-0.038556833213398686,0.006170667603564543,4.022709461707472,0.01
0.10101010101010102,0.061224489795918366,0.001425515848774029,-0.12236641709579972,0.03490848153469635,-1.2064036964565548,0.01
0.10101010101010102,0.08163265306122448,0.0018867044147764629,-0.1966254754871036,-0.01903406157208899,-4.07996552800841,0.01
0.10101010101010102,0.1020408163265306,0.0006486153764438662,-0.023739749603797832,-0.00794597654518005,5.166597860645486,0.01
0.10101010101010102,0.12244897959183673,0.0015623788415038077,0.06944277833319513,0.09453981230389762,4.877009446564127,0.01
0.10101010101010102,0.14285714285714285,0.004507383225582544,-0.06111593762662849,0.16296180373546804,1.8283457137297738,0.01
0.10101010101010102,0.16326530612244897,0.008213881034788217,-0.05842965908775892,0.2114229575007504,2.9208473552679,0.01
0.10101010101010102,0.18367346938775508,0.013136891695000928,0.24976216467774373,0.3979839334735112,15.362128290062655,0.01
0.10101010101010102,0.2040816326530612,0.024458123217380508,0.07118648926581532,0.5978613120893226,4.225854814286867,0.01
0.10101010101010102,0.22448979591836732,0.03753939422925899,0.4152379393071251,0.8775858600405451,23.187150884932944,0.01
0.10101010101010102,0.24489795918367346,0.06027795423944357,0.09951089324667312,1.3678213198495224,24.855924176346836,0.01
0.10101010101010102,0.26530612244897955,0.0933688358557701,0.08306988193445891,1.8447569911593595,21.88377161201722,0.01
0.10101010101010102,0.2857142857142857,0.13557415796023375,0.2836490091111085,2.3685725982483534,29.450157882704186,0.01
0.10101010101010102,0.3061224489795918,0.19004526843733555,0.41255032492520155,3.0869226534473477,40.94814752679724,0.01
0.10101010101010102,0.32653061224489793,0.26157100095808467,0.31807702231108853,3.7578693676017716,24.80463046033632,0.01
0.10101010101010102,0.3469387755102041,0.3434276916047548,0.4492653561472802,4.346912551876817,32.9216015986181,0.01
0.10101010101010102,0.36734693877551017,0.43899600307550574,0.11528171133442598,4.830939099945702,14.513000112132696,0.01
0.10101010101010102,0.3877551020408163,0.5406088793576406,-0.006151617451248258,4.9540736969304815,-2.4458096076243065,0.01
0.10101010101010102,0.4081632653061224,0.6412030927461376,-0.09212267419191188,4.822793656828377,-10.419634322381905,0.01
0.10101010101010102,0.42857142857142855,0.7374576000445131,-0.5634547694582476,4.32044630435309,-38.810406220196256,0.01
0.10101010101010102,0.44897959183673464,0.8175478398625903,-0.5873031025509328,3.4261397008461794,-48.83164092348102,0.01
0.10101010101010102,0.4693877551020408,0.8773000368137449,-0.8462286726960174,2.2450471693943808,-66.91542715879527,0.01
0.10101010101010102,0.4897959183673469,0.9091824182052181,-0.8469510515405315,0.7391199593650775,-80.66543942407648,0.01
0.10101010101010102,0.5102040816326531,0.9074681984204828,-0.7793886312523267,-0.8011696367408169,-70.28294099430119,0.01
0.10101010101010102,0.5306122448979591,0.8764816167055929,-0.8033967505997425,-2.1840411034929033,-65.23846274740329,0.01
0.10101010101010102,0.5510204081632653,0.8183236635840377,-0.5603476550905063,-3.374930045801851,-51.46865359887361,0.01
0.10101010101010102,0.5714285714285714,0.7387293699381704,-0.3098265763430854,-4.325401746190925,-41.67757303925566,0.01
0.10101010101010102,0.5918367346938775,0.6417766535354286,-0.12100218321006904,-4.853033851752461,-10.030373305774859,0.01
0.10101010101010102,0.6122448979591836,0.5406463555809271,-0.04128356690279777,-4.98485375058425,-2.887976779740462,0.01
0.10101010101010102,0.6326530612244897,0.4383132351442347,0.17395655591671247,-4.78893584287526,22.087931735221474,0.01
0.10101010101010102,0.6530612244897959,0.34517958648397773,0.24240841745943673,-4.3593972528940945,20.00685008293274,0.01
0.10101010101010102,0.673469387755102,0.26037865339345534,0.4005576502787431,-3.755415299577681,39.18338134207586,0.01
0.10101010101010102,0.6938775510204082,0.1918973293583581,0.17687404082470246,-3.057324708785854,29.229496555523305,0.01
0.10101010101010102,0.7142857142857142,0.13558988976954295,0.37638149131911136,-2.415375245152594,33.68155088053617,0.01
0.10101010101010102,0.7346938775510203,0.09331058465825223,0.24217603964497678,-1.8275797625111811,23.922406418322286,0.01
0.10101010101010102,0.7551020408163265,0.060994797422147806,0.32807985838709397,-1.304170593862913,27.37169210920801,0.01
0.10101010101010102,0.7755102040816326,0.0400791318475211,0.07228844505030264,-0.9145141045503742,10.814643843420784,0.01
0.10101010101010102,0.7959183673469387,0.023667691113969266,0.18592133235127345,-0.6202842785760105,18.019879102066866,0.01
0.10101010101010102,0.8163265306122448,0.014761406191357403,0.0167123196948534,-0.38248496264767595,5.284453858909926,0.01
0.10101010101010102,0.836734693877551,0.008056059985492697,0.1079085531196665,-0.2737550183260024,5.371080684614088,0.01
0.10101010101010102,0.8571428571428571,0.003587731973969552,0.3398052214524717,-0.13272250453924064,8.450105666488563,0.01
0.10101010101010102,0.8775510204081632,0.0026388149022583862,-0.011988561607730869,-0.03766601907522342,0.8654299089851234,0.01
0.10101010101010102,0.8979591836734693,0.0020503434402869636,0.012361883667223008,-0.04477852095355103,-1.5624550930612293,0.01
0.10101010101010102,0.9183673469387754,0.0008111201694603852,0.0761143735565534,-0.008045549633057028,5.162286282469642,0.01
0.10101010101010102,0.9387755102040816,0.0017219536593458605,-0.2411498452933202,-0.0411307041552772,-8.404631425647219,0.01
0.10101010101010102,0.9591836734693877,-0.0008676840817754187,-0.05833243842098672,-0.024762023536724555,10.00876212626538,0.01
0.10101010101010102,0.9795918367346939,0.0007112588211122055,-0.19995661148261254,0.0430248000401454,-3.3656534157321225,0.01
0.10101010101010102,1.0,0.0008884302055774549,-0.08872390322600818,0.008681397838797221,0.0,0.01
0.11111111111111112,0.0,0.0009215715812419274,-0.20300564218814074,0.09333924108567111,0.0,0.01
0.11111111111111112,0.02040816326530612,0.0028264540523780723,-0.2935826825776129,-0.02080456967601203,-11.186093454644949,0.01
0.11111111111111112,0.04081632653061224,7.240547201694668e-05,-0.09191444851453041,-0.06460558415847173,6.893594035363899,0.01
0.11111111111111112,0.061224489795918366,0.00018949143366494084,-0.021844865825950507,-0.004209515795664973,-0.9747793358088354,0.01
0.11111111111111112,0.08163265306122448,-9.941149923468483e-05,-0.007403512744811186,0.005373548059770065,1.9139195936414692,0.01
0.11111111111111112,0.1020408163265306,0.0004088199259004537,0.11744621326016051,0.0578991973800454,3.233594039745515,0.01
0.11111111111111112,0.12244897959183673,0.0022638210468896173,-0.01842554114178036,0.08529014961137893,-0.5492807210748301,0.01
0.11111111111111112,0.14285714285714285,0.0038900505222832665,0.15625004040595328,0.13131660457573696,5.0598733075819196,0.01
0.11111111111111112,0.16326530612244897,0.007623682458144187,0.24793346815576417,0.2883574373639537,10.330128305663315,0.01
0.11111111111111112,0.18367346938775508,0.015659741843260966,0.14802381783460553,0.4300606570559613,3.5567872241534393,0.01
0.11111111111111112,0.2040816326530612,0.025177178664509955,0.10316442103778833,0.638812387628917,16.900882371996214,0.01
0.11111111111111112,0.22448979591836732,0.04173371684852288,0.20928702929855833,0.8845954347630807,7.185856247151828,0.01
0.11111111111111112,0.24489795918367346,0.061283114777288754,0.4005978777490392,1.2856181137320444,32.114366291806625,0.01
0.11111111111111112,0.26530612244897955,0.09420792557227979,0.4332208114267113,1.8903265248833865,27.147058001024917,0.01
0.11111111111111112,0.2857142857142857,0.13843929946640657,0.2822557536589211,2.4501106876753553,27.711789952588042,0.01
0.11111111111111112,0.3061224489795918,0.19421244343658,0.36305654103243695,3.09544271732007,35.53074895259398,0.01
0.11111111111111112,0.32653061224489793,0.2647839001733482,0.36923420738389356,3.766955410681983,30.27749499687351,0.01
0.11111111111111112,0.3469387755102041,0.34796572550523236,0.313620094540698,4.296725833503804,21.640006439664976,0.01
0.11111111111111112,0.36734693877551017,0.4401604648061565,0.06861180525058086,4.718234899408692,19.667882019014105,0.01
0.11111111111111112,0.3877551020408163,0.540546741807628,0.05290564027152666,4.902746348997196,-1.5857599593407659,0.01
0.11111111111111112,0.4081632653061224,0.6402725606835931,-0.1287254367958175,4.684875200018564,-19.765612640565127,0.01
0.11111111111111112,0.42857142857142855,0.731766137726753,-0.12388765261781164,4.197901652890504,-27.95779497798479,0.01
0.11111111111111112,0.44897959183673464,0.8116154852913687,-0.35626038071663696,3.3561603005499636,-54.532857551388204,0.01
0.11111111111111112,0.4693877551020408,0.8687522724430781,-0.5971463713952105,2.1807908587858438,-60.653347741495566,0.01
0.11111111111111112,0.4897959183673469,0.900627357078546,-0.9234504825783757,0.7556611817425565,-79.0093606087466,0.01
0.11111111111111112,0.5102040816326531,0.8995955859835906,-0.63493386174705,-0.790391047114056,-72.50375781920144,0.01
0.11111111111111112,0.5306122448979591,0.8683664980126662,-0.49045325446136295,-2.1298339932306347,-58.76165090022328,0.01
0.11111111111111112,0.5510204081632653,0.8126635862598912,-0.36621020683944455,-3.252783891566618,-51.28743913670309,0.01
0.11111111111111112,0.5714285714285714,0.7355998085609675,-0.42684328051474335,-4.21667483648314,-43.173873465116124,0.01
0.11111111111111112,0.5918367346938775,0.6405544092605794,-0.058440625261189975,-4.786576238305117,-12.676463913437626,0.01
0.11111111111111112,0.6122448979591836,0.5402293498546362,0.13307287308714866,-4.91185891110338,0.39876197920801326,0.01
0.11111111111111112,0.6326530612244897,0.44007037207268634,0.15695878105703104,-4.718729240684606,18.527945721831944,0.01
0.11111111111111112,0.6530612244897959,0.3476281563573054,0.18156110744338586,-4.30331920428935,22.18223784490318,0.01
0.11111111111111112,0.673469387755102,0.2644246902649578,0.20101189132530325,-3.7716334028862772,29.922970692598014,0.01
0.11111111111111112,0.6938775510204082,0.1936839358313349,0.43745994155651635,-3.063307697619298,39.49294842356601,0.01
0.11111111111111112,0.7142857142857142,0.13939172301519054,-0.09934029127611578,-2.3992146494849504,25.588170293600115,0.01
0.11111111111111112,0.7346938775510203,0.09575680728092877,0.2629661074637031,-1.8395331969236501,29.26061205740738,0.01
0.11111111111111112,0.7551020408163265,0.0643087353856538,0.2657835048027639,-1.3462134834343222,19.084719864546784,0.01
0.11111111111111112,0.7755102040816326,0.04080931816116052,0.026132013818244103,-0.9496947498824714,19.774116023534578,0.01
0.11111111111111112,0.7959183673469387,0.025545684370042735,0.05635130697633889,-0.6340379661639753,11.160248780878025,0.01
0.11111111111111112,0.8163265306122448,0.014930217501406428,-0.0726593421965957,-0.40179115548782113,11.599938665385084,0.01
0.11111111111111112,0.836734693877551,0.009146045370539833,0.19547764658743416,-0.19379768405265238,8.783421535261455,0.01
0.11111111111111112,0.8571428571428571,0.007020107948236943,-0.06850323908345107,-0.1623940127293541,-5.705861745578227,0.01
0.11111111111111112,0.8775510204081632,0.002517718320362115,-0.12439944361047293,-0.1186999764059163,9.987877305275132,0.01
0.11111111111111112,0.8979591836734693,0.002175210952077095,-0.07640012565326398,-0.022975269321985726,-0.606856011049936,0.01
0.11111111111111112,0.9183673469387754,0.0015799522255871873,-0.13738068954152383,-0.07078330073945409,-4.078331067861966,0.01
0.11111111111111112,0.9387755102040816,-0.0007139033638189904,-0.09799999029463285,-0.0744028949982038,3.723610830504495,0.01
0.11111111111111112,0.9591836734693877,-0.0014569006314823552,0.34650864524810765,-0.014567738401751438,2.1402345159478373,0.01
0.11111111111111112,0.9795918367346939,-0.0013085049312374164,0.12932858991081955,0.03550367996213505,2.7667644837130383,0.01
0.11111111111111112,1.0,-7.770837109496401e-06,-0.004169374065684159,0.06373597061226809,0.0,0.01
0.12121212121212122,0.0,-0.001128990461062525,0.10518798217235112,0.04850818069088188,0.0,0.01
0.12121212121212122,0.02040816326530612,-0.00013902758982003776,-0.027292832108913184,0.006687695425032964,-4.0984075560531945,0.01
0.12121212121212122,0.04081632653061224,-0.0008560233008570979,0.22650349688174326,0.0026426634214851323,3.701994419705507,0.01
0.12121212121212122,0.061224489795918366,-3.116377669819563e-05,0.10776800142944368,0.0167048066928009,-2.3239043791165614,0.01
0.12121212121212122,0.08163265306122448,-0.00017419445625297964,-0.0003591048632886423,0.039844572682090476,4.59160144606694,0.01
0.12121212121212122,0.1020408163265306,0.0015951453123667215,-0.10186974766435267,0.05517152368584596,-3.089560247698902,0.01
0.12121212121212122,0.12244897959183673,0.0020777044696999166,0.12953781014691995,0.09489311693533774,6.982276386149096,0.01
0.12121212121212122,0.14285714285714285,0.005468333758707037,0.026035745703001496,0.1972337331392707,3.047104001836339,0.01
0.12121212121212122,0.16326530612244897,0.010128060924364028,-0.07426203809363403,0.2863216550104383,5.683512341538084,0.01
0.12121212121212122,0.18367346938775508,0.017154931922398396,9.931840945377744e-05,0.39423397367828045,4.891894887910448,0.01
0.12121212121212122,0.2040816326530612,0.026219243523477515,0.12684810906870117,0.6539734854154508,20.562577262332244,0.01
0.12121212121212122,0.22448979591836732,0.043847727245478016,0.27218566938103644,0.9582027043532387,9.251886193570979,0.01
0.12121212121212122,0.24489795918367346,0.06532955798687501,0.24601434488813684,1.3410360699152741,28.265783631508505,0.01
0.12121212121212122,0.26530612244897955,0.0985838933644688,0.2596828504804221,1.8610398376085593,22.694585602433452,0.01
0.12121212121212122,0.2857142857142857,0.14129036768518355,0.4116211073117485,2.4327468025777828,33.33269696455043,0.01
0.12121212121212122,0.3061224489795918,0.19787968122478644,0.2484544262874812,3.1169676881914015,33.720949825584235,0.01
0.12121212121212122,0.32653061224489793,0.26851353863177135,0.04573517934468995,3.754721138570391,28.77888831155674,0.01
0.12121212121212122,0.3469387755102041,0.3511336052480677,-0.006327836831866883,4.222329380450611,17.046719392704787,0.01
0.12121212121212122,0.36734693877551017,0.44085351334404116,0.24542363165975548,4.6537146556754125,25.229037579325844,0.01
0.12121212121212122,0.3877551020408163,0.5410811422144111,0.013785821500064353,4.853910364854401,-5.6098580797850515,0.01
0.12121212121212122,0.4081632653061224,0.6389723037462616,-0.15714044779355452,4.641123324505546,-15.243271874402646,0.01
0.12121212121212122,0.42857142857142855,0.7305147472962701,-0.3505957652770933,4.141592500102019,-33.71074891714309,0.01
0.12121212121212122,0.44897959183673464,0.8080168955871603,-0.637613129752038,3.2390407186303043,-54.73932566708493,0.01
0.12121212121212122,0.4693877551020408,0.8627204909138335,-0.5349858217169711,2.0404256315574334,-62.72495286605643,0.01
0.12121212121212122,0.4897959183673469,0.8912995744262392,-0.39687099394733344,0.7463097321100306,-64.09840527978909,0.01
0.12121212121212122,0.5102040816326531,0.8931821126326103,-0.5718932360899256,-0.6832351674285325,-75.99699487499011,0.01
0.12121212121212122,0.5306122448979591,0.8634124247352787,-0.6786671025891663,-2.0633316745918835,-59.25246282701831,0.01
0.12121212121212122,0.5510204081632653,0.808964493261513,-0.8240735100205041,-3.2370420293273026,-55.77115193705277,0.01
0.12121212121212122,0.5714285714285714,0.7312882602729398,-0.3492425633723821,-4.140509637001653,-32.768673615033556,0.01
0.12121212121212122,0.5918367346938775,0.6399640999145068,-0.26428330965132574,-4.648011129585457,-16.96647265817925,0.01
0.12121212121212122,0.6122448979591836,0.5415735202898599,-0.17123678845666843,-4.858552997418568,-3.6666303894655905,0.01
0.12121212121212122,0.6326530612244897,0.44165581430558565,0.26625223470405246,-4.7067296271318,18.545320677568952,0.01
0.12121212121212122,0.6530612244897959,0.3494621069375416,0.34036156312497245,-4.292417171950232,22.057299930224854,0.01
0.12121212121212122,0.673469387755102,0.26645511340965783,0.47067733557520813,-3.7083049035350477,35.18570237446319,0.01
0.12121212121212122,0.6938775510204082,0.19810272311978455,0.3095521745925096,-3.1376372781620736,20.73972491208824,0.01
0.12121212121212122,0.7142857142857142,0.1383882857295732,0.5487917918811318,-2.44239746701297,47.39377658052384,0.01
0.12121212121212122,0.7346938775510203,0.09841303058864294,0.15327915916827423,-1.749174277692008,20.542095972930372,0.01
0.12121212121212122,0.7551020408163265,0.06699341725234839,0.17759040628579473,-1.4048239409526428,13.20423702752745,0.01
0.12121212121212122,0.7755102040816326,0.04107327789669834,0.16745624446405988,-1.0015239301526473,26.31916403087214,0.01
0.12121212121212122,0.7959183673469387,0.026114889491015855,0.05681355644944469,-0.6584863320464357,7.298520583536594,0.01
0.12121212121212122,0.8163265306122448,0.014196284751945865,0.16596348198108,-0.36736089972547936,21.23177178391713,0.01
0.12121212121212122,0.836734693877551,0.011120567053241189,-0.045994356950254,-0.19276915348424792,-4.1217806522764375,0.01
0.12121212121212122,0.8571428571428571,0.006328156038303094,-0.13920268266766483,-0.24155551484903823,-0.6592827614730125,0.01
0.12121212121212122,0.8775510204081632,0.0012611582838926911,0.26136038640687276,-0.12065425641561746,12.507606087948247,0.01
0.12121212121212122,0.8979591836734693,0.0014034925111350346,0.1887485404555324,-0.026187799880680138,-3.249893347524387,0.01
0.12121212121212122,0.9183673469387754,0.00019226849284452235,0.2080139359905347,-0.07612872178706559,-1.6443169993013875,0.01
0.12121212121212122,0.9387755102040816,-0.001703802255683969,0.3418886665506739,0.0453474959345838,13.548986336023031,0.01
0.12121212121212122,0.9591836734693877,0.002043186694256106,-0.12629257818788256,0.04169034457838578,-13.907387168930438,0.01
0.12121212121212122,0.9795918367346939,-2.155538198835198e-06,-0.19659634887809474,-0.051280274312490215,4.796266517624589,0.01
0.12121212121212122,1.0,-4.9885726661861645e-05,0.010585546721838165,-0.002338779234688296,0.0,0.01
0.13131313131313133,0.0,-6.648559063473577e-05,0.12420394055107604,-0.01706313142812774,0.0,0.01
0.13131313131313133,0.02040816326530612,-0.0004147127626373427,0.2180502415047191,0.0367102217925088,5.269788615622382,0.01
0.13131313131313133,0.04081632653061224,0.001431890809059501,-0.20734836447290347,0.036066809095118904,-5.332843059966592,0.01
0.13131313131313133,0.061224489795918366,0.001057401894306286,-0.0194993215773849,-0.03943795838551509,-2.0666241531355416,0.01
0.13131313131313133,0.08163265306122448,-0.00017782177810438007,0.18668338499638734,-0.012035476336071256,4.752067393981037,0.01
0.13131313131313133,0.1020408163265306,0.0005661579622217451,-0.07462334938726714,0.08731772992574609,4.984546819677064,0.01
0.13131313131313133,0.12244897959183673,0.003386167198456684,0.12800631258437087,0.1265464966070567,-1.1401276849086217,0.01
0.13131313131313133,0.14285714285714285,0.0057313210890403855,0.17963855291998876,0.14679841716054776,3.1248158991507466,0.01
0.13131313131313133,0.16326530612244897,0.009377939327458633,-0.0011373805036367785,0.27990304421557044,9.919437552241478,0.01
0.13131313131313133,0.18367346938775508,0.017155935138655504,0.06588447325907762,0.4440036565618886,6.162422457697713,0.01
0.13131313131313133,0.2040816326530612,0.027500537554474496,0.000826385422925728,0.7213079864134687,21.013401867757132,0.01
0.13131313131313133,0.22448979591836732,0.04659707744124606,-0.1890886008553282,0.9876933384701696,5.092362633799572,0.01
0.13131313131313133,0.24489795918367346,0.06781455136958346,0.3918404196401793,1.337941937965122,29.23200011670577,0.01
0.13131313131313133,0.26530612244897955,0.10120695246023063,0.11575787094049714,1.9020233293194533,26.04797623601868,0.01
0.13131313131313133,0.2857142857142857,0.14544815664792848,0.20075666692496877,2.429968051136095,25.690606502012237,0.01
0.13131313131313133,0.3061224489795918,0.20038932189435696,0.26706502545534083,3.02642016056319,32.761700221843064,0.01
0.13131313131313133,0.32653061224489793,0.2689755101403036,0.442936359480137,3.6916689623438854,32.43268235266512,0.01
0.13131313131313133,0.3469387755102041,0.35106968770431146,0.44670228263085554,4.271747229760905,24.41498785420275,0.01
0.13131313131313133,0.36734693877551017,0.44333253992646293,0.2450016604461189,4.658692278191901,13.505626892034893,0.01
0.13131313131313133,0.3877551020408163,0.5412203929366339,0.03793334021612138,4.754285920949289,-4.137449901810915,0.01
0.13131313131313133,0.4081632653061224,0.6373850264958216,-0.2803485862195444,4.550948083333422,-15.789658184544038,0.01
0.13131313131313133,0.42857142857142855,0.7269733759298348,-0.40890037370507176,4.022687644465829,-35.97986482448012,0.01
0.13131313131313133,0.44897959183673464,0.8015763589229983,-0.43383434768251233,3.1934088359759913,-45.28945840752393,0.01
0.13131313131313133,0.4693877551020408,0.8573165937247732,-0.7593933948802197,2.1000032308222343,-61.86429089754426,0.01
0.13131313131313133,0.4897959183673469,0.8872907765075793,-0.7220259159073618,0.7371760790581378,-71.69276997533721,0.01
0.13131313131313133,0.5102040816326531,0.8874054132781666,-0.8560372280300969,-0.7529725882540367,-74.3417994212559,0.01
0.13131313131313133,0.5306122448979591,0.8565572014768023,-0.6254114545853237,-2.1257399242009662,-60.189399501543214,0.01
0.13131313131313133,0.5510204081632653,0.800640518412821,-0.3255075823107224,-3.155517774672644,-40.72882984468122,0.01
0.13131313131313133,0.5714285714285714,0.7277605576126127,-0.4597524140507446,-4.0019756985264525,-42.22404669299198,0.01
0.13131313131313133,0.5918367346938775,0.6372945715341903,-0.13148133975787968,-4.603959195389144,-16.77033599955182,0.01
0.13131313131313133,0.6122448979591836,0.5398438557599946,0.19504360649070782,-4.727258847552843,4.686970087509349,0.01
0.13131313131313133,0.6326530612244897,0.4443452308177478,0.02735840268755357,-4.580121954265636,9.732445454636878,0.01
0.13131313131313133,0.6530612244897959,0.35290010252466253,0.1665821062943101,-4.241827121734643,23.42044813340048,0.01
0.13131313131313133,0.673469387755102,0.2712094299306195,0.20246550825141638,-3.7159294491819703,28.11752377676142,0.01
0.13131313131313133,0.6938775510204082,0.20122951276213313,0.2975191827095576,-3.118305922813638,30.44958180733519,0.01
0.13131313131313133,0.7142857142857142,0.14393163716271595,0.25940754746822015,-2.4810710920421997,31.999431608265724,0.01
0.13131313131313133,0.7346938775510203,0.09996130492367601,0.3286925422038491,-1.8410372468544904,30.723885220129713,0.01
0.13131313131313133,0.7551020408163265,0.06878725974008369,0.23739488258423722,-1.4013154703491404,12.368848877394583,0.01
0.13131313131313133,0.7755102040816326,0.042764755113507025,0.2965970275805754,-1.0314131505666935,23.88157846128522,0.01
0.13131313131313133,0.7959183673469387,0.026688763798586004,0.36435816501436663,-0.6588557530649509,12.629046493885555,0.01
0.13131313131313133,0.8163265306122448,0.015872683559835562,0.02426959150297607,-0.3928032621324755,13.444097617497029,0.01
0.13131313131313133,0.836734693877551,0.010655977589097209,-0.08346963601289799,-0.26829007301853325,-1.2418050843306823,0.01
0.13131313131313133,0.8571428571428571,0.004922068334589308,-0.050453638531961574,-0.16549297735156746,11.315920459693338,0.01
0.13131313131313133,0.8775510204081632,0.003901162186992416,0.025265754795919398,-0.039494610289169646,1.0319195124216485,0.01
0.13131313131313133,0.8979591836734693,0.0033100434248272814,-0.1345101921725244,-0.03938969922613754,-1.0216382282445018,0.01
0.13131313131313133,0.9183673469387754,0.002293419361435782,-0.014698636075887075,-0.03823040775341945,1.1352487925708739,0.01
0.13131313131313133,0.9387755102040816,0.001749618618565263,-0.06298600484351774,-0.037384924240883105,-1.052391408342312,0.01
0.13131313131313133,0.9591836734693877,0.0007675040862976962,-0.03016887824755617,-0.09157109863378426,-4.257853682162002,0.01
0.13131313131313133,0.9795918367346939,-0.001987977244038176,0.04969137778181869,-0.01740639491564013,11.525994646540129,0.01
0.13131313131313133,1.0,5.703898770014003e-05,0.041815755600222146,0.1002057953551775,0.0,0.01
0.14141414141414144,0.0,0.0011880996674569415,-0.10325879884045557,0.0293860478317562,0.0,0.01
0.14141414141414144,0.02040816326530612,0.001787814929329517,-0.2428537085689368,-0.04534060116797099,-7.3232116019732665,0.01
0.14141414141414144,0.04081632653061224,-0.0006625371149092213,0.13623497512549365,-0.02272070904136138,9.539961030381006,0.01
0.14141414141414144,0.061224489795918366,0.0008604390500902769,0.1532458186455906,0.05807494931143064,-1.621986511807389,0.01
0.14141414141414144,0.08163265306122448,0.001707868979434886,-0.1641166949539036,-0.02567728119811282,-6.5857320781278705,0.01
0.14141414141414144,0.1020408163265306,-0.00018761324371024631,0.357222235814312,0.07279663624802482,16.236175987849364,0.01
0.14141414141414144,0.12244897959183673,0.004679160254864471,-0.09928026895473988,0.18946989667299377,-4.802196466202402,0.01
0.14141414141414144,0.14285714285714285,0.00754585192661603,0.0034990268739434455,0.11483861432563679,-2.5116692038385837,0.01
0.14141414141414144,0.16326530612244897,0.009366450635502706,0.35431746880868237,0.2517517820772641,15.929159643498068,0.01
0.14141414141414144,0.18367346938775508,0.017821434868545177,0.15854099004081548,0.44448963903866423,2.9591503387191467,0.01
0.14141414141414144,0.2040816326530612,0.027508884881978796,0.33562292289763423,0.658208589284146,17.98530678533807,0.01
0.14141414141414144,0.22448979591836732,0.044687091574020524,0.37160026329737544,1.084459437847167,23.787276373837972,0.01
0.14141414141414144,0.24489795918367346,0.07177253540635295,0.04350119487103569,1.4133837415913617,8.447305393093133,0.01
0.14141414141414144,0.26530612244897955,0.10237622388387202,0.3354268251159539,1.8547349258697294,34.8051106661869,0.01
0.14141414141414144,0.2857142857142857,0.14747600176838271,0.2924605557195206,2.467412750990779,25.23731619567594,0.01
0.14141414141414144,0.3061224489795918,0.20308694841410788,0.3897357261877846,3.086353518821792,35.41887905176339,0.01
0.14141414141414144,0.32653061224489793,0.2734496147815171,0.24974159695181516,3.7361246472004526,28.258691529345313,0.01
0.14141414141414144,0.3469387755102041,0.35558183197331,0.07505149523406512,4.222763390100971,19.431905274905496,0.01
0.14141414141414144,0.36734693877551017,0.4458073041733934,0.05711696436929419,4.557532287392295,13.375446659644274,0.01
0.14141414141414144,0.3877551020408163,0.541603557989322,-0.1784886480933546,4.624275001319907,-6.834660694738283,0.01
0.14141414141414144,0.4081632653061224,0.6345532225946141,-0.08908615901289672,4.44036802281757,-11.188223198490682,0.01
0.14141414141414144,0.42857142857142855,0.7228430691247331,-0.24744619006479104,3.984703794406811,-33.466871185763786,0.01
0.14141414141414144,0.44897959183673464,0.7971941937948921,-0.544936823916043,3.1066706640690103,-52.58037558734071,0.01
0.14141414141414144,0.4693877551020408,0.8496459533724477,-0.5191311961681512,2.0286830952514383,-53.06240615678136,0.01
0.14141414141414144,0.4897959183673469,0.8799975854378079,-0.885950774683357,0.7132591708543803,-75.84913843413034,0.01
0.14141414141414144,0.5102040816326531,0.8787585725909939,-0.9155530426838465,-0.7290629488359566,-65.4984292955227,0.01
0.14141414141414144,0.5306122448979591,0.8502399140567485,-0.3523816741273251,-1.9944472340986967,-58.50923066022587,0.01
0.14141414141414144,0.5510204081632653,0.797352563035945,-0.467176205822234,-3.11452134544944,-51.25803225214699,0.01
0.14141414141414144,0.5714285714285714,0.7231165938343224,-0.2665121611368858,-3.953959103147213,-31.006868002234793,0.01
0.14141414141414144,0.5918367346938775,0.6359664771932017,-0.22627735640175825,-4.4419137155581785,-16.8126840140398,0.01
0.14141414141414144,0.6122448979591836,0.5418139931992947,-0.05751271343732988,-4.687950022402205,-7.298874056674683,0.01
0.14141414141414144,0.6326530612244897,0.4446215783196423,0.033330919439009454,-4.587165456839492,17.175761481820675,0.01
0.14141414141414144,0.6530612244897959,0.3545827500629889,0.16646562702524711,-4.198492535004192,20.91418485803876,0.01
0.14141414141414144,0.673469387755102,0.27325453607457323,0.4431739303780081,-3.6835258292610256,29.552552304791504,0.01
0.14141414141414144,0.6938775510204082,0.20423475703192664,0.11357076095607975,-3.104214206037762,27.219986771088237,0.01
0.14141414141414144,0.7142857142857142,0.1465519154199707,0.5472736596662586,-2.4733564727734105,34.604071088818245,0.01
0.14141414141414144,0.7346938775510203,0.10328143161260378,0.08346894775137914,-1.8464848255379005,26.829350340261733,0.01
0.14141414141414144,0.7551020408163265,0.07118518784699518,0.2003883116049453,-1.409258299725607,16.01884918934303,0.01
0.14141414141414144,0.7755102040816326,0.04576068468502799,0.23425049062670497,-0.9999929443087322,24.089155641510708,0.01
0.14141414141414144,0.7959183673469387,0.030369149303781626,0.05455428579600561,-0.7262499165387002,2.737661079952415,0.01
0.14141414141414144,0.8163265306122448,0.016117830948754512,0.3165454900193375,-0.5036293341038692,19.079155998661022,0.01
0.14141414141414144,0.836734693877551,0.00981284995260329,0.03472857794585225,-0.2867821855019269,2.171864564329334,0.01
0.14141414141414144,0.8571428571428571,0.004412435622145251,0.05622724627799938,-0.13858371396958738,12.351585645839942,0.01
0.14141414141414144,0.8775510204081632,0.004156371831395642,-0.01256487948494304,-0.060296484674965505,-4.679437174966998,0.01
0.14141414141414144,0.8979591836734693,0.0019513546150038024,-0.17747835078037993,-0.04927987676511995,5.759064750131862,0.01
0.14141414141414144,0.9183673469387754,0.002144948289962175,-0.07514756554134364,-0.020529977555836996,-2.9415746276221317,0.01
0.14141414141414144,0.9387755102040816,0.001113396347418619,0.02953763701302088,-0.0412134185156901,0.9145974135565269,0.01
0.14141414141414144,0.9591836734693877,0.0004627679423829874,-0.05861211539927264,-0.06368629182246363,-3.1169389976203328,0.01
0.14141414141414144,0.9795918367346939,-0.0014860441351309166,0.13838802129690383,0.0004079841679009731,9.398178044676065,0.01
0.14141414141414144,1.0,0.00047942035739935364,-0.09095321652112393,0.09630776013398325,0.0,0.01
0.15151515151515152,0.0,0.00014508149735132966,-0.07909305369389474,-0.03970638223587593,0.0,0.01
0.15151515151515152,0.02040816326530612,-0.0006652528339930769,0.07346956717284134,0.013928060066026551,5.256175345586445,0.01
0.15151515151515152,0.04081632653061224,0.0007135737449442501,0.15481583948450395,0.07530392143092067,0.7586590681731801,0.01
0.15151515151515152,0.061224489795918366,0.0024083766121669498,-0.34258085992708504,-0.016254504395086883,-9.731384799121921,0.01
0.15151515151515152,0.08163265306122448,5.012458596111201e-05,-0.11950338046216326,0.024801731131520253,13.754895880729421,0.01
0.15151515151515152,0.1020408163265306,0.0034206921685555314,-0.4414769890203722,0.08884201439933302,-7.478948120483768,0.01
0.15151515151515152,0.12244897959183673,0.0036763292553216435,0.13877294826687978,0.10193233486451872,8.761799526071966,0.01
0.15151515151515152,0.14285714285714285,0.007581195632413438,0.07324977342151613,0.22709259993375647,3.5039064507133326,0.01
0.15151515151515152,0.16326530612244897,0.012945414966903539,0.0050412470964479195,0.2901207527599749,2.6728525262560763,0.01
0.15151515151515152,0.18367346938775508,0.019422859010371597,0.012835035748814153,0.4398632110101725,12.001908382263293,0.01
0.15151515151515152,0.2040816326530612,0.030899015416298335,0.18679700435554494,0.7109353791304664,14.563164093525513,0.01
0.15151515151515152,0.22448979591836732,0.048440629587125326,0.01697286180484093,1.0121666869718975,14.957504074934734,0.01
0.15151515151515152,0.24489795918367346,0.07221194141515129,0.14476566483153422,1.404431729112121,23.484470054807183,0.01
0.15151515151515152,0.26530612244897955,0.10576437363251802,0.349081281991054,1.9163460808271828,26.683136413268866,0.01
0.15151515151515152,0.2857142857142857,0.15043014879585262,0.3579807479411785,2.4808528325691612,28.638525257445018,0.01
0.15151515151515152,0.3061224489795918,0.2070236729210552,0.1524705462456229,3.0757816552883703,29.664499369037486,0.01
0.15151515151515152,0.32653061224489793,0.27597225717496976,0.20777283636949048,3.6582482466108956,27.417226580570006,0.01
0.15151515151515152,0.3469387755102041,0.3563399278847652,0.2681656576310498,4.175093657795196,23.233623715491387,0.01
0.15151515151515152,0.36734693877551017,0.4463842432074267,0.07612601568998723,4.494787504447631,8.096373256447254,0.01
0.15151515151515152,0.3877551020408163,0.5398006423520154,0.2674270206229713,4.58809342028088,1.047606495211206,0.01
0.15151515151515152,0.4081632653061224,0.6336533624025646,-0.2497716089089896,4.42330277253171,-17.19708997462985,0.01
0.15151515151515152,0.42857142857142855,0.7203436126594321,-0.40596422644080093,3.871892266223709,-36.841139643554264,0.01
0.15151515151515152,0.44897959183673464,0.7916897814321038,-0.4805554596092673,3.039435485790906,-44.739624838860465,0.01
0.15151515151515152,0.4693877551020408,0.8444022039162038,-0.5013502878025978,1.944290753899931,-62.58455888645507,0.01
0.15151515151515152,0.4897959183673469,0.8710485877137336,-0.5009271941513139,0.6151547744944355,-67.67076709528352,0.01
0.15151515151515152,0.5102040816326531,0.8695105620588338,-0.35062161497154426,-0.5970180704155243,-51.122171705892555,0.01
0.15151515151515152,0.5306122448979591,0.8466805032069775,-0.8120052608975533,-1.8834852896228431,-74.9516157764247,0.01
0.15151515151515152,0.5510204081632653,0.7926336114619831,-0.37840655451798827,-3.0932708094063517,-43.60736516235914,0.01
0.15151515151515152,0.5714285714285714,0.7204245518026366,-0.25237210095270046,-3.8943427212199238,-34.897682195370955,0.01
0.15151515151515152,0.5918367346938775,0.6336808473305576,-0.07274964679705109,-4.3901916300163695,-13.695510866680694,0.01
0.15151515151515152,0.6122448979591836,0.5412330566999277,-0.04303875686261715,-4.623703529896156,-9.188655321538338,0.01
0.15151515151515152,0.6326530612244897,0.44495825427357166,0.34071474338476326,-4.531736473593703,18.201426839178918,0.01
0.15151515151515152,0.6530612244897959,0.3562642210430419,0.331833876183799,-4.097066739367773,24.39620711496222,0.01
0.15151515151515152,0.673469387755102,0.27773104042182584,0.12627636946517817,-3.6966159728842034,14.847968000427567,0.01
0.15151515151515152,0.6938775510204082,0.2053819364355234,0.44361455780189485,-3.078452151819963,45.73208646386794,0.01
0.15151515151515152,0.7142857142857142,0.15207993218427635,0.3491946737310386,-2.480805911394776,12.837245097800444,0.01
0.15151515151515152,0.7346938775510203,0.10412455229696115,0.4790979049009063,-1.932330189452064,40.91337565258536,0.01
0.15151515151515152,0.7551020408163265,0.07320931220664109,0.06242309053893389,-1.371943675478683,14.004502716805984,0.01
0.15151515151515152,0.7755102040816326,0.04812685125701491,0.0939148465254985,-1.0360831830190254,18.909825544240462,0.01
0.15151515151515152,0.7959183673469387,0.03092020269566047,0.10936222586736959,-0.705883982345574,13.44969612175776,0.01
0.15151515151515152,0.8163265306122448,0.019315260140869032,0.00861090917955325,-0.5085356961475942,5.890435925644275,0.01
0.15151515151515152,0.836734693877551,0.01016364366922806,0.27467515918207575,-0.35120437713488434,9.52803333760129,0.01
0.15151515151515152,0.8571428571428571,0.004980387604751306,0.3735188230370106,-0.15028765040448117,10.161805881978225,0.01
0.15151515151515152,0.8775510204081632,0.004029453856800258,0.03635207311061363,-0.11813271829042303,-7.010622534800524,0.01
0.15151515151515152,0.8979591836734693,0.00015864400106057057,0.147441432932558,-0.0647675111932191,12.240412830326513,0.01
0.15151515151515152,0.9183673469387754,0.0013858819713627444,-0.10155782970818025,0.030701251746570287,-2.8844740622271514,0.01
0.15151515151515152,0.9387755102040816,0.0014117563172471128,-0.13256804655065,-0.037121312167399806,-3.762137201341919,0.01
0.15151515151515152,0.9591836734693877,-0.00012927362730663536,-0.02132852630092289,-0.03674857045928047,3.7986658887376143,0.01
0.15151515151515152,0.9795918367346939,-8.818533415208974e-05,0.12367067203521796,-0.007595621665284446,-0.9416769069260039,0.01
0.15151515151515152,1.0,-0.000439299001399878,-0.017162856749339473,-0.017204569695141628,0.0,0.01
0.16161616161616163,0.0,-0.0006538382369304355,0.16820101798662657,0.03580440991028638,0.0,0.01
0.16161616161616163,0.02040816326530612,7.686400613663355e-05,0.05995334568812812,0.07181460433744846,3.5289990538618836,0.01
0.16161616161616163,0.04081632653061224,0.002277370103373583,-0.2545691332203483,-0.027658052952394464,-13.277319468266494,0.01
0.16161616161616163,0.061224489795918366,-0.0010520361143692629,0.18315261170509162,-0.08414158407885808,7.7419334178730566,0.01
0.16161616161616163,0.08163265306122448,-0.0011569802671920523,0.3610642614044561,0.0003274365579289786,0.5360306045320747,0.01
0.16161616161616163,0.1020408163265306,-0.001038671356902774,0.4787018740343025,0.15275888363025783,14.402251208556153,0.01
0.16161616161616163,0.12244897959183673,0.005078076207512348,-0.29110750043905087,0.2293142104183194,-6.89982918332612,0.01
0.16161616161616163,0.14285714285714285,0.008321092333640874,0.024778826357911655,0.19399738095723543,3.4387798961398914,0.01
0.16161616161616163,0.16326530612244897,0.012996336654746447,0.09720272367599211,0.27516963081066986,4.516100589496684,0.01
0.16161616161616163,0.18367346938775508,0.019552505836117194,0.19589134436695746,0.484843171139949,16.03190636277268,0.01
0.16161616161616163,0.2040816326530612,0.03278585384413212,0.012315173332194776,0.7119593865887761,6.225482751212369,0.01
0.16161616161616163,0.22448979591836732,0.04861207263565907,0.2908137670241723,1.0017649918371676,22.175466563129998,0.01
0.16161616161616163,0.24489795918367346,0.07367422085789406,0.1751507229079957,1.4866201765319416,25.340341536957855,0.01
0.16161616161616163,0.26530612244897955,0.10929044718798321,0.24363022264479606,1.9691114296775492,21.943801271311713,0.01
0.16161616161616163,0.2857142857142857,0.15404611594677362,0.2704924797559985,2.432196640389736,23.43854937848261,0.01
0.16161616161616163,0.3061224489795918,0.20856377944878876,0.6168798670624356,3.0386089903034574,35.98986091306209,0.01
0.16161616161616163,0.32653061224489793,0.2780709726938535,0.4682670924443249,3.686879865085067,27.54068481553564,0.01
0.16161616161616163,0.3469387755102041,0.35904867190124046,0.3844749019988925,4.142514394091682,17.111499027112643,0.01
0.16161616161616163,0.36734693877551017,0.4471531928608609,0.23717247825889806,4.494604710440581,17.393351975079437,0.01
0.16161616161616163,0.3877551020408163,0.5425019253886111,-0.20981577174736463,4.507441987930628,-16.135298781054786,0.01
0.16161616161616163,0.4081632653061224,0.6311304168580294,-0.24052823174523238,4.256655443712898,-8.441782552282788,0.01
0.16161616161616163,0.42857142857142855,0.7162429639075049,-0.1965837353755567,3.814779091050408,-34.86210000864122,0.01
0.16161616161616163,0.44897959183673464,0.786835685880495,-0.38373083074496367,3.0158298443427842,-43.43492616870591,0.01
0.16161616161616163,0.4693877551020408,0.8393380595949654,-0.48592734195597004,1.9392492640385155,-62.06997070111245,0.01
0.16161616161616163,0.4897959183673469,0.8659887170657405,-0.6658837313805992,0.6524563147405043,-64.03573833009267,0.01
0.16161616161616163,0.5102040816326531,0.8659689295843738,-0.7048801334223516,-0.6740020364284826,-65.95718008446806,0.01
0.16161616161616163,0.5306122448979591,0.838478429864578,-0.6697423508167003,-1.8903613605207006,-53.24603367656931,0.01
0.16161616161616163,0.5510204081632653,0.7888113230325084,-0.6042239662523211,-2.954775734470504,-51.06657497051146,0.01
0.16161616161616163,0.5714285714285714,0.7178753386617003,-0.5547264312215813,-3.8187003551677727,-33.59803785782087,0.01
0.16161616161616163,0.5918367346938775,0.6329460024134157,-0.2553688629894776,-4.338386913549631,-17.331244863601285,0.01
0.16161616161616163,0.6122448979591836,0.5407983217821235,-0.2959570150304889,-4.521381534346111,-0.602227974453776,0.01
0.16161616161616163,0.6326530612244897,0.4483998173380642,-0.11397980779210119,-4.438964963395348,8.679051927628791,0.01
0.16161616161616163,0.6530612244897959,0.3596160783782318,0.2841153162627173,-4.150134821802418,19.626301948478446,0.01
0.16161616161616163,0.673469387755102,0.2790065593053125,0.4062616865324003,-3.6689530769282097,27.529509049194022,0.01
0.16161616161616163,0.6938775510204082,0.20986289156483548,0.26452877507749145,-3.02328550076427,35.74591341487215,0.01
0.16161616161616163,0.7142857142857142,0.1556071511108525,0.14545484692840127,-2.472024679031889,18.277647114901203,0.01
0.16161616161616163,0.7346938775510203,0.10896392507373798,0.201325127029806,-2.0032989145854634,27.657477800848536,0.01
0.16161616161616163,0.7551020408163265,0.07383984847471113,0.11563231357105684,-1.4672667555816878,24.873673781521518,0.01
0.16161616161616163,0.7755102040816326,0.04907548607040378,0.20449786832475345,-1.0244669323569378,18.520708894504015,0.01
0.16161616161616163,0.7959183673469387,0.03202487164381572,0.12850405740987164,-0.7269945526988635,10.631584311987252,0.01
0.16161616161616163,0.8163265306122448,0.01940223902147058,0.18467335349571384,-0.4676249197212275,14.786639719821071,0.01
0.16161616161616163,0.836734693877551,0.012938140226622765,0.0777491959050967,-0.26089888330147315,5.47251184931485,0.01
0.16161616161616163,0.8571428571428571,0.008753305009165555,-0.04175871361779855,-0.20926659594741875,-0.41254768861751584,0.01
0.16161616161616163,0.8775510204081632,0.004396646514483224,-0.015597353114325592,-0.1740811633162724,3.860720086469858,0.01
0.16161616161616163,0.8979591836734693,0.0016479514044197424,0.1619675379480676,-0.09889672956756707,3.5073544209032668,0.01
0.16161616161616163,0.9183673469387754,0.00036004530764375197,-0.09932102858279558,-0.038594023479072107,2.402310775769241,0.01
0.16161616161616163,0.9387755102040816,7.268513996781995e-05,-0.10607986658775527,-0.017266585566613892,-0.3122218603483361,0.01
0.16161616161616163,0.9591836734693877,-0.0003447132869119171,0.06842436000343896,0.0266640417160101,4.617423334045488,0.01
0.16161616161616163,0.9795918367346939,0.0011610133732743546,-0.051890648750425906,-0.006564723644943095,-7.873842339418902,0.01
0.16161616161616163,1.0,-0.0006126611907871454,0.04479561725440574,-0.08691005363901351,0.0,0.01
0.17171717171717174,0.0,0.0010451619447526613,-0.060949126682039376,-0.01777272082331386,0.0,0.01
0.17171717171717174,0.02040816326530612,0.0006824533565217662,0.09055707848211214,-0.032810332072358464,-1.473685902406371,0.01
0.17171717171717174,0.04081632653061224,-0.0002940352826905412,0.12128751210696584,0.002830654294227818,4.966502566331827,0.01
0.17171717171717174,0.061224489795918366,0.0007979902664902485,-0.0018897112749073396,0.06821213479293696,1.4408825225416697,0.01
0.17171717171717174,0.08163265306122448,0.00249013348436811,-0.03920404170547414,0.07346841561919837,-0.925767001568053,0.01
0.17171717171717174,0.1020408163265306,0.0037967011080901813,-0.18490161740064992,-0.008637158442125219,-7.1205792564416575,0.01
0.17171717171717174,0.12244897959183673,0.002137596405097693,0.12244032983412635,0.11697971882163678,19.431033228290335,0.01
0.17171717171717174,0.14285714285714285,0.008571383508973315,0.010747106846625248,0.2900943556119683,-2.465798822837846,0.01
0.17171717171717174,0.16326530612244897,0.013978182348443337,-0.17008327580976007,0.31751565799472664,5.1530864563481655,0.01
0.17171717171717174,0.18367346938775508,0.02153120628426828,-0.14115651709135968,0.46383564605486793,9.18627237354568,0.01
0.17171717171717174,0.2040816326530612,0.03291024953435631,0.12121163060967323,0.7354502891655615,17.431962651302303,0.01
0.17171717171717174,0.22448979591836732,0.051549585433883036,0.11948621052577363,1.0420626783483506,12.616051488611028,0.01
0.17171717171717174,0.24489795918367346,0.07544342007918695,0.18035081128409283,1.474943440801692,29.806263231816416,0.01
0.17171717171717174,0.26530612244897955,0.11175135852782964,0.20774535848724643,1.9927061068773075,20.934478043593927,0.01
0.17171717171717174,0.2857142857142857,0.15677836321703623,0.23617462692717905,2.5245665018870307,31.18784066735896,0.01
0.17171717171717174,0.3061224489795918,0.2147948892170962,0.06964397339155612,3.087553212635417,23.9848569859829,0.01
0.17171717171717174,0.32653061224489793,0.28280094332460426,0.07734562577869547,3.629365505044089,29.11274767006696,0.01
0.17171717171717174,0.3469387755102041,0.36293225676991614,-0.08334154333189069,4.085324312803369,15.571215490342508,0.01
0.17171717171717174,0.36734693877551017,0.44954887445943564,0.11128912654763672,4.347532776028628,10.12521390573287,0.01
0.17171717171717174,0.3877551020408163,0.5403825741588397,0.05381885780099548,4.3892231253538485,-6.039559671861286,0.01
0.17171717171717174,0.4081632653061224,0.6287008387595927,-0.201751730248756,4.259930038572588,-6.631162832702264,0.01
0.17171717171717174,0.42857142857142855,0.7142572696107821,-0.20110133477491707,3.779340064025222,-40.46665467293958,0.01
0.17171717171717174,0.44897959183673464,0.7829596168830711,-0.5384079686958242,2.944224608370864,-41.37465998118752,0.01
0.17171717171717174,0.4693877551020408,0.8344297026055112,-0.59812629921773,1.8694235462044442,-63.95584411112163,0.01
0.17171717171717174,0.4897959183673469,0.8592626187689668,-0.6070222353661481,0.5982710279634704,-60.61710267649381,0.01
0.17171717171717174,0.5102040816326531,0.8588489282366732,-0.3808278714691303,-0.6749569472990329,-64.15923889923154,0.01
0.17171717171717174,0.5306122448979591,0.8317133556139042,-0.3818434146350212,-1.8654515009685213,-52.50922736037834,0.01
0.17171717171717174,0.5510204081632653,0.7827080506461214,-0.5282708464948388,-2.926312198813126,-51.45512102839296,0.01
0.17171717171717174,0.5714285714285714,0.7122720413766338,-0.2737600293352461,-3.7323675265825234,-27.538301093008,0.01
0.17171717171717174,0.5918367346938775,0.6303665189488755,-0.13238571381041375,-4.274348017623553,-25.575787029012893,0.01
0.17171717171717174,0.6122448979591836,0.5378088569838357,0.1225663842159964,-4.486391313615448,4.795544021807071,0.01
0.17171717171717174,0.6326530612244897,0.447248506148245,0.3214370267118773,-4.295411709691473,13.920457162742299,0.01
0.17171717171717174,0.6530612244897959,0.36248593005765317,0.09596516152653083,-4.021388189368577,12.933847828901573,0.01
0.17171717171717174,0.673469387755102,0.28311021270462966,0.16952518563976252,-3.673800251261927,21.129770105549998,0.01
0.17171717171717174,0.6938775510204082,0.21253489939390105,0.2284046346939506,-3.0878286075349566,36.295450979693065,0.01
0.17171717171717174,0.7142857142857142,0.15707639198891715,0.07347707362703007,-2.4876659858719727,22.520485943279336,0.01
0.17171717171717174,0.7346938775510203,0.11099751221545319,0.2996435705164102,-2.0106792384971297,24.22421529945524,0.01
0.17171717171717174,0.7551020408163265,0.07500785164209554,0.40271136241766226,-1.466481582230918,29.10715501463346,0.01
0.17171717171717174,0.7755102040816326,0.05114112110398715,-0.010720728273214705,-1.0212815008008673,14.522452965511503,0.01
0.17171717171717174,0.7959183673469387,0.033322892425733615,0.14523743793062727,-0.7319006194999894,13.836873401974518,0.01
0.17171717171717174,0.8163265306122448,0.021267626430518195,0.10674244293621574,-0.4801854662552374,10.831211616011187,0.01
0.17171717171717174,0.836734693877551,0.01372348563980556,-0.0018068388628180527,-0.3169351019305747,5.167324087805758,0.01
0.17171717171717174,0.8571428571428571,0.008331499821106984,-0.03927487550008244,-0.23236750959363944,3.1202999612139,0.01
0.17171717171717174,0.8775510204081632,0.0042390974931264,-0.09683517618258414,-0.12366406065603282,7.5326380346715505,0.01
0.17171717171717174,0.8979591836734693,0.00328398714126891,-0.19515582854964328,-0.11961622501178439,-7.135950141535205,0.01
0.17171717171717174,0.9183673469387754,-0.0006431974053137794,0.14540843877640985,-0.10492898722783635,8.575299444362114,0.01
0.17171717171717174,0.9387755102040816,-0.0009988286639489,0.15918537672090183,0.024246162113817898,4.083865191120004,0.01
0.17171717171717174,0.9591836734693877,0.0003464418646379715,0.020336449067763357,0.04007450471615727,-2.532687616090745,0.01
0.17171717171717174,0.9795918367346939,0.0006368654060983353,-0.1873039325352581,-0.012412240789905861,-2.611013443503442,0.01
0.17171717171717174,1.0,-0.0001601802084194106,0.07267890859669833,-0.03905523511136955,0.0,0.01
0.18181818181818182,0.0,0.0004295142004896372,-0.15698264612367513,0.05721519890439751,0.0,0.01
0.18181818181818182,0.02040816326530612,0.0015971713209875454,-0.20550124997379557,0.012288634092597383,-4.402803351556413,0.01
0.18181818181818182,0.04081632653061224,0.0009310911022283058,-0.26544095531971984,-0.020047591655741652,1.2338532282191874,0.01
0.18181818181818182,0.061224489795918366,0.0007789022738144168,0.09969906368093091,0.028494528041373524,3.523274502098101,0.01
0.18181818181818182,0.08163265306122448,0.0020941330631006946,-0.16182493929667804,0.02817759036585802,-3.5543343942986207,0.01
0.18181818181818182,0.1020408163265306,0.0019290080030331114,0.1601758807371209,0.03136574158535167,3.866773213808999,0.01
0.18181818181818182,0.12244897959183673,0.003374367413523212,0.20309411225205384,0.1653978374484877,9.268372180778334,0.01
0.18181818181818182,0.14285714285714285,0.008679940143787711,-0.1106496833690758,0.21770215017484487,-4.142549533595331,0.01
0.18181818181818182,0.16326530612244897,0.012260169461476064,0.23894639928756467,0.27992334702017485,10.240226824437666,0.01
0.18181818181818182,0.18367346938775508,0.02010538287930505,0.20993501763961175,0.5359237794616973,14.847815554831547,0.01
0.18181818181818182,0.2040816326530612,0.034134609439504526,0.11578409292061097,0.799952782363741,11.027026729568735,0.01
0.18181818181818182,0.22448979591836732,0.052756516853335295,0.18480292395296774,1.056698132151616,14.134017549643021,0.01
0.18181818181818182,0.24489795918367346,0.07726514544569293,0.28075900531847864,1.4967853511557936,28.994529912766392,0.01
0.18181818181818182,0.26530612244897955,0.11384979649234728,0.126242587994993,2.006521091556657,20.959572646518236,0.01
0.18181818181818182,0.2857142857142857,0.15916396550922995,0.33448135182027994,2.490389896484562,26.459570236416443,0.01
0.18181818181818182,0.3061224489795918,0.21549836369579878,0.3000725801534143,3.04824704568453,28.210430385180402,0.01
0.18181818181818182,0.32653061224489793,0.2835822122718638,0.3029456828936339,3.5915054529256603,25.028893524450403,0.01
0.18181818181818182,0.3469387755102041,0.36209042299888694,0.39101066875548307,4.093724472084572,24.18857035312294,0.01
0.18181818181818182,0.36734693877551017,0.4506730070508259,-0.11051485736156351,4.381476511662524,4.011129525516394,0.01
0.18181818181818182,0.3877551020408163,0.5409261989851124,-0.2189620489558066,4.311753418368882,-10.843992668293286,0.01
0.18181818181818182,0.4081632653061224,0.6266629424944538,-0.02857388629995516,4.19684372828865,-0.4171569595695287,0.01
0.18181818181818182,0.42857142857142855,0.712225942996894,-0.4602706788130205,3.6960261464297353,-48.662966062604085,0.01
0.18181818181818182,0.44897959183673464,0.7775211525528103,-0.21012029785739536,2.845970955554208,-34.6424426431976,0.01
0.18181818181818182,0.4693877551020408,0.8283880228154331,-0.7070230894230138,1.8524432478870407,-62.72327270818482,0.01
0.18181818181818182,0.4897959183673469,0.8531310810379956,-0.7533586896306143,0.6520469014972148,-54.915569238018136,0.01
0.18181818181818182,0.5102040816326531,0.8550021820602174,-0.9083159805028861,-0.6192308755019358,-69.66965290789864,0.01
0.18181818181818182,0.5306122448979591,0.8278563514256717,-0.7422277078889683,-1.901939913979934,-56.03583286294519,0.01
0.18181818181818182,0.5510204081632653,0.7773719814896078,-0.2937027664331392,-2.8995642903298484,-41.73135601934645,0.01
0.18181818181818182,0.5714285714285714,0.7095067885550657,-0.30227253704657064,-3.6343959533424384,-30.282146955887384,0.01
0.18181818181818182,0.5918367346938775,0.6290292895164471,-0.30532764123002354,-4.176267238512387,-22.821238990767554,0.01
0.18181818181818182,0.6122448979591836,0.5390469012688458,0.14673662429064305,-4.374081645506396,3.43542710535467,0.01
0.18181818181818182,0.6326530612244897,0.45049534480190034,-0.13963887207114523,-4.301994840559068,3.629079779483573,0.01
0.18181818181818182,0.6530612244897959,0.3634552751235777,0.022567476384933557,-4.058982533876322,20.18612627542568,0.01
0.18181818181818182,0.673469387755102,0.2848225883171525,0.05344155077546741,-3.6410248260841316,20.77372908820908,0.01
0.18181818181818182,0.6938775510204082,0.21484201691606217,0.4875412105511223,-3.111598089800734,31.11009106756402,0.01
0.18181818181818182,0.7142857142857142,0.15781858465181645,0.44582080145006175,-2.4700361482189397,31.762979207451878,0.01
0.18181818181818182,0.7346938775510203,0.11402421494794218,0.31848635486202304,-1.9292020660186397,21.238760848177506,0.01
0.18181818181818182,0.7551020408163265,0.07907564318166789,0.2862540979489408,-1.5432889086990578,16.580728569141503,0.01
0.18181818181818182,0.7755102040816326,0.051032830919409224,0.21396701221321557,-1.0849997952446286,28.331604549392534,0.01
0.18181818181818182,0.7959183673469387,0.03478993725331571,0.11525384623042302,-0.7028314508673527,9.120893199580518,0.01
0.18181818181818182,0.8163265306122448,0.022345832924823405,0.059935076510407935,-0.5165752115223021,9.132218256234443,0.01
0.18181818181818182,0.836734693877551,0.013705234742201337,-0.09611237818647424,-0.3530707009375374,6.891223781072509,0.01
0.18181818181818182,0.8571428571428571,0.007934783906964737,-0.0002586475999500071,-0.2558846233747937,2.633011820076377,0.01
0.18181818181818182,0.8775510204081632,0.0032609644003730245,0.1554761876524939,-0.16224066014809588,6.54409657614001,0.01
0.18181818181818182,0.8979591836734693,0.0013127161458179677,0.10414340689287188,-0.05966704757243739,3.50811745627452,0.01
0.18181818181818182,0.9183673469387754,0.0008255747035388456,0.12795070876989467,-0.017238486933610533,0.6498814863305129,0.01
0.18181818181818182,0.9387755102040816,0.0006091044342420277,0.04626287523086292,-0.006705996955493615,0.3823025315249453,0.01
0.18181818181818182,0.9591836734693877,0.0005518605420901266,-0.0762735555189137,-0.04567284959471061,-4.201054090168211,0.01
0.18181818181818182,0.9795918367346939,-0.0012550935083992213,0.20128009539358685,0.0005411961642245098,8.730030574543852,0.01
0.18181818181818182,1.0,0.0005739501814462291,-0.1524021560071372,0.08962314080242707,0.0,0.01
0.19191919191919193,0.0,-0.0011561690936888996,0.17427690834853882,0.033200940433125777,0.0,0.01
0.19191919191919193,0.02040816326530612,-0.0004785988807679655,-0.005703363301803192,-0.014552058587231867,-4.67979390399505,0.01
0.19191919191919193,0.04081632653061224,-0.0017501306686779554,0.19681079389993097,0.055481778895175526,11.543109977270973,0.01
0.19191919191919193,0.061224489795918366,0.0017859635231167494,-0.04469857322472734,0.054136875441015184,-11.674910515778688,0.01
0.19191919191919193,0.08163265306122448,0.0004595377166696031,0.13973114784555032,0.043144075394915146,10.597616111260884,0.01
0.19191919191919193,0.1020408163265306,0.003546946192296959,-0.10625504985969664,0.12167399171609847,-2.9016843117849156,0.01
0.19191919191919193,0.12244897959183673,0.005425823092836887,-0.04612140682979287,0.09837534936160064,0.6184173610441274,0.01
0.19191919191919193,0.14285714285714285,0.007562266574403107,0.2156949234916633,0.2265746858553501,11.945117615343321,0.01
0.19191919191919193,0.16326530612244897,0.014673769454279747,0.1182575916843007,0.35925996494656726,1.0580397355959594,0.01
0.19191919191919193,0.18367346938775508,0.022225938613038503,0.18212028998187293,0.505444218795128,13.268017141563002,0.01
0.19191919191919193,0.2040816326530612,0.03530414573163191,0.3145303974526539,0.7937332238251271,14.984305351376912,0.01
0.19191919191919193,0.22448979591836732,0.05462321305488042,0.16579275312469793,1.097525256936947,14.787313893581436,0.01
0.19191919191919193,0.24489795918367346,0.08010109499436444,0.25844545005939507,1.4822931468025575,22.919939313248403,0.01
0.19191919191919193,0.26530612244897955,0.11512497414886236,0.28051101251433236,2.0198160156909415,29.757301837813216,0.01
0.19191919191919193,0.2857142857142857,0.16254256502256612,0.38380245590462375,2.533408429897505,20.574754754429993,0.01
0.19191919191919193,0.3061224489795918,0.21852939985896458,0.04290179053793718,3.0404427639804608,29.114609985699712,0.01
0.19191919191919193,0.32653061224489793,0.2866422696748298,0.2891868633050378,3.6140103334382934,27.09501182116791,0.01
0.19191919191919193,0.3469387755102041,0.3660400257135888,0.1651060475646615,3.9914034292941443,9.889511572705473,0.01
0.19191919191919193,0.36734693877551017,0.44955669536030507,0.08795694208277026,4.230523667380437,13.544271759751258,0.01
0.19191919191919193,0.3877551020408163,0.5387144611168719,0.05124515708439147,4.33203173949019,-3.596480692995536,0.01
0.19191919191919193,0.4081632653061224,0.6263743173803128,-0.1724195932128005,4.137125936051258,-15.504288044019727,0.01
0.19191919191919193,0.42857142857142855,0.7075767442210049,-0.30797771211791847,3.651097994074611,-32.126450269691695,0.01
0.19191919191919193,0.44897959183673464,0.7753987253017255,-0.5204040155539783,2.784905965049715,-52.76036857474817,0.01
0.19191919191919193,0.4693877551020408,0.8212463754475239,-0.5640266657076408,1.7180054640643754,-51.79588052181511,0.01
0.19191919191919193,0.4897959183673469,0.845521397304353,-0.6102586319683981,0.6022319941087615,-57.549919533835066,0.01
0.19191919191919193,0.5102040816326531,0.8458272731662488,-0.559885288914656,-0.616476238606276,-61.883487272238625,0.01
0.19191919191919193,0.5306122448979591,0.8203591018510357,-0.6248777299619954,-1.7498386640333803,-49.186030419617616,0.01
0.19191919191919193,0.5510204081632653,0.7744052868791721,-0.5720009305833587,-2.7906864955254167,-52.817057066601954,0.01
0.19191919191919193,0.5714285714285714,0.7064535306051003,-0.3658121164777594,-3.637272816297223,-30.14840236903508,0.01
0.19191919191919193,0.5918367346938775,0.625945171928265,0.014229900740602595,-4.065148809696612,-11.783444984105019,0.01
0.19191919191919193,0.6122448979591836,0.5405290893929937,-0.18239714983562635,-4.333077859199401,-14.473601867168304,0.01
0.19191919191919193,0.6326530612244897,0.44908485114461605,0.08223461823536725,-4.332723569081188,14.508322298753127,0.01
0.19191919191919193,0.6530612244897959,0.36368322943049625,0.3348719645460029,-4.011200004990039,17.00098698217948,0.01
0.19191919191919193,0.673469387755102,0.28536240196134915,0.23684291322233766,-3.5259555686389636,30.552967780225877,0.01
0.19191919191919193,0.6938775510204082,0.21976667560849775,0.24068107856859516,-3.014494133825708,19.570252831473034,0.01
0.19191919191919193,0.7142857142857142,0.16232182507050394,0.20141912694204014,-2.5118729559399795,29.68662260132826,0.01
0.19191919191919193,0.7346938775510203,0.11724124883543736,0.17896410576197347,-1.9686907956729576,23.54522910483987,0.01
0.19191919191919193,0.7551020408163265,0.08196709871650568,0.2240781806819718,-1.5691548066272978,15.609297821634794,0.01
0.19191919191919193,0.7755102040816326,0.053194113871057866,0.1823990412660983,-1.127318039356787,27.690705370875275,0.01
0.19191919191919193,0.7959183673469387,0.03595411751826948,0.09703565046669595,-0.7409504652584514,10.173316890761608,0.01
0.19191919191919193,0.8163265306122448,0.02295123773805985,0.17183757691865664,-0.5688830145345646,6.6892932801792995,0.01
0.19191919191919193,0.836734693877551,0.012734402639307658,0.12535408100268913,-0.36796712761131284,13.000463638299367,0.01
0.19191919191919193,0.8571428571428571,0.00793217130494504,0.04210587695314809,-0.19362280657626116,4.085279823135702,0.01
0.19191919191919193,0.8775510204081632,0.0048314309423174075,0.06407800587734239,-0.13640378807663991,1.5221839898271783,0.01
0.19191919191919193,0.8979591836734693,0.0023646697507964717,-0.049274481963380176,-0.06647890850803012,5.330454207896583,0.01
0.19191919191919193,0.9183673469387754,0.0021180061052549536,-0.1729496538002256,-0.03156245689037033,-1.9086419493659224,0.01
0.19191919191919193,0.9387755102040816,0.0010764062042507442,0.06058117906116288,-0.05724634518858256,-0.6083791038588774,0.01
0.19191919191919193,0.9591836734693877,-0.00021857941264637545,0.10575853355552119,-0.00731000218070316,5.50214071863106,0.01
0.19191919191919193,0.9795918367346939,0.0007780387683036764,-0.03754007924373935,-0.018298710017204543,-6.579034086608195,0.01
0.19191919191919193,1.0,-0.0009654655357975812,0.07235472711905237,-0.08543171090096162,0.0,0.01
0.20202020202020204,0.0,0.0006042037179125027,-0.21209931940744903,-0.055880204121083916,0.0,0.01
0.20202020202020204,0.02040816326530612,-0.0005362086110892099,-0.069283753148165,-0.008975490950776223,4.596661890690155,0.01
0.20202020202020204,0.04081632653061224,0.000237857148493065,0.07574073430569096,0.0458314491667751,0.7744182408298753,0.01
0.20202020202020204,0.061224489795918366,0.0013344627834730389,-0.2074577782106674,0.04001110444775936,-1.3448120232934175,0.01
0.20202020202020204,0.08163265306122448,0.001870963452483243,0.08215979690935495,0.02791040188424092,0.15894317206860994,0.01
0.20202020202020204,0.1020408163265306,0.0024736628603808314,0.0330672553819016,0.07568017768028121,4.522494855943338,0.01
0.20202020202020204,0.12244897959183673,0.004959950296576353,0.13145851948099052,0.17804983771623012,5.509731827579657,0.01
0.20202020202020204,0.14285714285714285,0.009741003175329,-0.10224587131744002,0.2672543370027773,3.232309102501966,0.01
0.20202020202020204,0.16326530612244897,0.015868290582403997,-0.04079702415866181,0.35095109099717464,4.969972788948977,0.01
0.20202020202020204,0.18367346938775508,0.02406553750174429,0.14481359930868268,0.5540167818388114,14.930464913531429,0.01
0.20202020202020204,0.2040816326530612,0.03848122045337589,-0.047886708536857,0.7896925707645132,8.165762401187342,0.01
0.20202020202020204,0.22448979591836732,0.05629788732886727,0.5009268813862109,1.0836456487436656,20.64163924076962,0.01
0.20202020202020204,0.24489795918367346,0.08271165509597449,0.2555446122318557,1.5106830190757499,21.20802305177463,0.01
0.20202020202020204,0.26530612244897955,0.1179584187197142,0.2834546682390385,2.0508387090566798,31.727234566356504,0.01
0.20202020202020204,0.2857142857142857,0.1664193575064512,0.06653701571639328,2.474606147691225,9.80197441982894,0.01
0.20202020202020204,0.3061224489795918,0.2189627512785397,0.349797322912481,3.017027794094705,43.35534692771207,0.01
0.20202020202020204,0.32653061224489793,0.2895633491021534,0.16852012591663498,3.644252801086321,18.11270375746637,0.01
0.20202020202020204,0.3469387755102041,0.3677077635677773,0.20566453665135145,3.9416041053553004,11.027724060893581,0.01
0.20202020202020204,0.36734693877551017,0.4504451493207371,-0.012842721180503112,4.202345972261583,14.5249788959221,0.01
0.20202020202020204,0.3877551020408163,0.5392320889662092,-0.020180353128983364,4.267595122169569,-8.130562204939482,0.01
0.20202020202020204,0.4081632653061224,0.6246327053276582,0.02490084708983153,4.048227347208263,-13.367479741268516,0.01
0.20202020202020204,0.42857142857142855,0.7044658582400158,-0.484871872069992,3.5649806370305823,-33.99069785614414,0.01
0.20202020202020204,0.44897959183673464,0.7701421190840085,-0.7052295436471372,2.721540314918925,-48.66645371079831,0.01
0.20202020202020204,0.4693877551020408,0.815549136399972,-0.5613613332682663,1.6957687155577765,-51.859163026594246,0.01
0.20202020202020204,0.4897959183673469,0.8393571686986117,-0.591874952129593,0.6032568802848032,-55.20699683015715,0.01
0.20202020202020204,0.5102040816326531,0.8401718662075149,-0.46177182523565513,-0.62009409619055,-64.68139886442748,0.01
0.20202020202020204,0.5306122448979591,0.8140472055887933,-0.4850051728210523,-1.7528369793958372,-46.32740368969066,0.01
0.20202020202020204,0.5510204081632653,0.7686274997015624,-0.3436232182152212,-2.7265742982490146,-49.098853557920776,0.01
0.20202020202020204,0.5714285714285714,0.7027584587214866,-0.28074982761461675,-3.4921954893534144,-25.932023170310394,0.01
0.20202020202020204,0.5918367346938775,0.6260889082993822,-0.22736015565060705,-4.019758237143761,-25.76912611314354,0.01
0.20202020202020204,0.6122448979591836,0.5386866939401086,0.008016849497052059,-4.316248408910292,-3.2869107199765697,0.01
0.20202020202020204,0.6326530612244897,0.4499155038540642,0.1674767901381897,-4.204712525623108,14.21742728212074,0.01
0.20202020202020204,0.6530612244897959,0.3670657745269205,0.26474690937277917,-3.9729383562306375,8.496441318341535,0.01
0.20202020202020204,0.673469387755102,0.28775475462016065,0.4570013794910621,-3.5492654343606453,33.023505024917704,0.01
0.20202020202020204,0.6938775510204082,0.22219779761424113,0.19211851879739977,-3.023260626390024,18.524966156203106,0.01
0.20202020202020204,0.7142857142857142,0.16435636170628212,0.4056302622872838,-2.5271463482002043,30.094233106399223,0.01
0.20202020202020204,0.7346938775510203,0.1190489670754573,0.23549448118424327,-1.9630832520706514,25.183950314296965,0.01
0.20202020202020204,0.7551020408163265,0.08423051468299024,0.19028084584369612,-1.5683047468308227,13.504343199206241,0.01
0.20202020202020204,0.7755102040816326,0.05503652842930128,0.31407174610451694,-1.1587578574403654,26.63125196105858,0.01
0.20202020202020204,0.7959183673469387,0.03693427560379166,0.2018854116240587,-0.7435641609807981,14.05773029197901,0.01
0.20202020202020204,0.8163265306122448,0.0246869708382483,0.13601953543164058,-0.5618749180887885,3.747815511437929,0.01
0.20202020202020204,0.836734693877551,0.014000605477718659,0.0635874892524497,-0.4000724472997468,12.108826625888154,0.01
0.20202020202020204,0.8571428571428571,0.008357483193360677,0.10191823442632574,-0.20878708779415,6.637138605660332,0.01
0.20202020202020204,0.8775510204081632,0.005478683526937028,0.08956728508151943,-0.15901811932365956,-1.7597796955522718,0.01
0.20202020202020204,0.8979591836734693,0.0018669477107623284,0.3063369231485742,-0.12513726873126665,5.080103053606775,0.01
0.20202020202020204,0.9183673469387754,0.0003710399052526748,0.09740362025873944,-0.004375954919650071,6.754505699931652,0.01
0.20202020202020204,0.9387755102040816,0.001688337305878652,0.06248245087072299,0.011726893096425488,-5.176426594356247,0.01
0.20202020202020204,0.9591836734693877,0.0008496886030659599,-0.05747147910091713,-0.03159253580161331,0.9311225623484438,0.01
0.20202020202020204,0.9795918367346939,0.0003988460486699456,-0.07537317349713121,-0.026565308579765013,-0.4384542946073103,0.01
0.20202020202020204,1.0,-0.00023460970631220373,0.07870414610568434,-0.031039331994125317,0.0,0.01
0.21212121212121213,0.0,-0.0015382136498395078,0.2600840511591707,0.014806288269874849,0.0,0.01
0.21212121212121213,0.02040816326530612,-0.001236044501474715,0.2856784340599213,0.062257653655000855,4.6502338077423495,0.01
0.21212121212121213,0.04081632653061224,0.0010029150707727718,-0.13287172960914972,0.011636867206862876,-9.611070879659874,0.01
0.21212121212121213,0.061224489795918366,-0.0007610703297660262,0.23918844355373184,0.0415996603446257,12.54742460716063,0.01
0.21212121212121213,0.08163265306122448,0.002700860390961576,-0.08271968883101628,0.0874342738339171,-8.055632485210072,0.01
0.21212121212121213,0.1020408163265306,0.0028076755410061,0.08301496819746294,0.08788036659952435,8.099349576239582,0.01
0.21212121212121213,0.12244897959183673,0.006287814129717672,0.05558651321328721,0.14456325585629204,-2.5444264290763474,0.01
0.21212121212121213,0.14285714285714285,0.008708216596364959,0.1544938247180107,0.22462543983942898,10.390520459423769,0.01
0.21212121212121213,0.16326530612244897,0.0154561994292862,0.17838006483475471,0.41209207110161916,7.9812094042708726,0.01
0.21212121212121213,0.18367346938775508,0.025528301131124923,0.04493314846632145,0.5522622639876419,5.755469498559356,0.01
0.21212121212121213,0.2040816326530612,0.03799751632674097,0.27947769221145796,0.877821615319053,26.149346931918934,0.01
0.21212121212121213,0.22448979591836732,0.06135775481761688,-0.1462540178346208,1.158737238226832,1.380384113043422,0.01
0.21212121212121213,0.24489795918367346,0.08529291380538717,0.13825489238972238,1.456864138044379,27.836052069076175,0.01
0.21212121212121213,0.26530612244897955,0.1208215971867752,0.41005058327591565,2.004064101838207,25.789544382718955,0.01
0.21212121212121213,0.2857142857142857,0.16709144857429356,0.23789840386443428,2.4910242794033395,21.932553018664073,0.01
0.21212121212121213,0.3061224489795918,0.22249605757058497,0.40628617197354494,3.0422660385381985,32.08913937655213,0.01
0.21212121212121213,0.32653061224489793,0.29126557259626085,0.45815029827566495,3.6085835762035163,23.409979314649004,0.01
0.21212121212121213,0.3469387755102041,0.36978518312991215,0.050933890818052656,3.8967213805686347,4.827525513132597,0.01
0.21212121212121213,0.36734693877551017,0.4503154248643684,0.239197919391867,4.146455065194732,19.646375580224948,0.01
0.21212121212121213,0.3877551020408163,0.5390282470154114,-0.02495857153823777,4.276935702196066,-6.859273154094273,0.01
0.21212121212121213,0.4081632653061224,0.6248842290356363,-0.287313395998668,3.9332279309046796,-26.824088432461558,0.01
0.21212121212121213,0.42857142857142855,0.6995681625625412,-0.32000952393217896,3.3842918029593125,-26.97165210618443,0.01
0.21212121212121213,0.44897959183673464,0.7630185883400981,-0.07556380311288702,2.7026111048244026,-39.83305631103674,0.01
0.21212121212121213,0.4693877551020408,0.8098788199023127,-0.3847350150100746,1.723821114468684,-56.08836274382369,0.01
0.21212121212121213,0.4897959183673469,0.8333786338286158,-0.4519907727152152,0.627902768636308,-51.31163514774918,0.01
0.21212121212121213,0.5102040816326531,0.8355075043364477,-0.6271335450854559,-0.593646524543487,-68.40019558387075,0.01
0.21212121212121213,0.5306122448979591,0.8091481634390857,-0.48929156995137885,-1.723598182708962,-42.335066916345816,0.01
0.21212121212121213,0.5510204081632653,0.7651565581034289,-0.3854450259414321,-2.676026258273685,-51.00288448899703,0.01
0.21212121212121213,0.5714285714285714,0.6999226018768945,-0.20016108036666644,-3.4634233173045956,-26.162027296032253,0.01
0.21212121212121213,0.5918367346938775,0.6237923410705882,-0.14548949075311024,-3.9482957766464284,-21.35547371946735,0.01
0.21212121212121213,0.6122448979591836,0.5387676722178566,-0.11246144081723485,-4.218536235457509,-5.12809124401857,0.01
0.21212121212121213,0.6326530612244897,0.4516071886029348,0.2496542463971342,-4.141178318886186,12.709167068008261,0.01
0.21212121212121213,0.6530612244897959,0.36973998573270617,-0.013428722378025835,-3.9012883315928053,10.800051686743032,0.01
0.21212121212121213,0.673469387755102,0.2923709301705754,-0.0062082353263320225,-3.5672391269777846,21.936770365529075,0.01
0.21212121212121213,0.6938775510204082,0.22413838871320477,0.13183238552787133,-3.035973680647525,30.127243374836393,0.01
0.21212121212121213,0.7142857142857142,0.16845363708292135,0.3864546861585017,-2.516411892862046,20.789811828140476,0.01
0.21212121212121213,0.7346938775510203,0.12142769920863147,0.32176718695653184,-2.0163767945238624,28.213627809001547,0.01
0.21212121212121213,0.7551020408163265,0.08615254342888616,0.016676337169931485,-1.5488588580374214,17.603129966669705,0.01
0.21212121212121213,0.7755102040816326,0.05820897030914489,0.3100179052408907,-1.155886020454316,20.90820811647463,0.01
0.21212121212121213,0.7959183673469387,0.03897352218585286,0.2233024464168249,-0.7876275868543888,15.181118376318246,0.01
0.21212121212121213,0.8163265306122448,0.026060905539578003,-0.13422507290246977,-0.5961001615039847,3.588569308021354,0.01
0.21212121212121213,0.836734693877551,0.014642903348955525,0.26212754410595185,-0.4085116581545975,14.7951040202186,0.01
0.21212121212121213,0.8571428571428571,0.009386960308778109,0.1954448933577496,-0.20235774438190549,5.407979529505222,0.01
0.21212121212121213,0.8775510204081632,0.006383403578265507,0.03194335671782201,-0.10842965595300211,3.7969731365273094,0.01
0.21212121212121213,0.8979591836734693,0.004961260065798431,-0.2614252827638921,-0.12319797366215665,-5.244268272024454,0.01
0.21212121212121213,0.9183673469387754,0.0013549148573611541,0.061663545084274844,-0.0647237788671991,10.974739361930295,0.01
0.21212121212121213,0.9387755102040816,0.0023194731732596925,0.031930330362460374,-0.026600783007731953,-7.238685767702514,0.01
0.21212121212121213,0.9591836734693877,0.00026916861214760503,0.0643993125030491,-0.06570832163002169,3.4061469827181203,0.01
0.21212121212121213,0.9795918367346939,-0.0003624991381697637,0.03721960862000582,0.007134719880454551,3.732471085308551,0.01
0.21212121212121213,1.0,0.0005603816684926887,-0.04530549398648155,0.04522115952646017,0.0,0.01
0.22222222222222224,0.0,0.0010888979780309036,-0.17718359828416175,0.02747421516014536,0.0,0.01
0.22222222222222224,0.02040816326530612,0.0016495962466052986,0.11372224738240862,-0.03498897895938149,-6.121393023713632,0.01
0.22222222222222224,0.04081632653061224,-0.00033922361214793265,0.17501925822863748,0.00013176854624022915,9.56322627926456,0.01
0.22222222222222224,0.061224489795918366,0.0016549745546151039,0.07929684980162784,0.05401102397153751,-4.2830592475854266,0.01
0.22222222222222224,0.08163265306122448,0.0018653079785270678,0.08311730063626316,0.04878528245787075,3.770936579246083,0.01
0.22222222222222224,0.1020408163265306,0.0036462105733037057,0.02113476397274064,0.12210765902462978,3.414656324296302,0.01
0.22222222222222224,0.12244897959183673,0.006849294061165017,-0.06658359857368243,0.1622524678234983,0.5195349379928155,0.01
0.22222222222222224,0.14285714285714285,0.010268760280385269,-0.04409014293989451,0.25501374301847907,8.571070031115296,0.01
0.22222222222222224,0.16326530612244897,0.017258018266000895,-0.027693011681140738,0.3849785704130698,4.165483053554603,0.01
0.22222222222222224,0.18367346938775508,0.025982171317653423,-0.007485120886510001,0.5772813737929876,14.68019167767735,0.01
0.22222222222222224,0.2040816326530612,0.0408205233187759,0.07103089871152758,0.8305076196183147,10.135980413204706,0.01
0.22222222222222224,0.22448979591836732,0.05988044150615606,0.17537927446576285,1.1237881615032712,18.605512691521035,0.01
0.22222222222222224,0.24489795918367346,0.08668942786992982,0.3592812556780111,1.5945354787232489,27.5277243960368,0.01
0.22222222222222224,0.26530612244897955,0.1249635222703703,0.2198870516215163,2.028723354677908,15.022687447519795,0.01
0.22222222222222224,0.2857142857142857,0.1694944627547424,0.30403563269989436,2.4900926826668943,30.191506695400857,0.01
0.22222222222222224,0.3061224489795918,0.22659995829759047,0.27794109936461836,3.096772820488453,29.263146811111888,0.01
0.22222222222222224,0.32653061224489793,0.29589335338692413,0.3284040053018058,3.5206428601599855,12.27611707669832,0.01
0.22222222222222224,0.3469387755102041,0.37029966687554905,0.30969621555586596,3.8425361958953714,19.269429825369524,0.01
0.22222222222222224,0.36734693877551017,0.4527315654642862,0.21167234373202173,4.127673597237872,8.674035506195553,0.01
0.22222222222222224,0.3877551020408163,0.5387761402321969,-0.35760792604049646,4.146637447377196,-6.815578192541863,0.01
0.22222222222222224,0.4081632653061224,0.6219820735204983,-0.37672973956879735,3.860210270968805,-21.254285095480416,0.01
0.22222222222222224,0.42857142857142855,0.6963357431288828,-0.07970388160018682,3.4366944799866017,-20.25026242077554,0.01
0.22222222222222224,0.44897959183673464,0.762255317601584,-0.5844829616397575,2.686593180264721,-53.25966495196874,0.01
0.22222222222222224,0.4693877551020408,0.8059926076294837,-0.5546448616468975,1.6306649452236635,-50.22130208205495,0.01
0.22222222222222224,0.4897959183673469,0.828813070467856,-0.6371256660890352,0.567915253617653,-53.92816769533408,0.01
0.22222222222222224,0.5102040816326531,0.8291728220628573,-0.6534667296834258,-0.6028775299201133,-60.80952509136704,0.01
0.22222222222222224,0.5306122448979591,0.8042058243486677,-0.36604684350437605,-1.6637863774662491,-43.15954196815427,0.01
0.22222222222222224,0.5510204081632653,0.7612631740030104,-0.5436183097638981,-2.604473763376458,-49.02782185104622,0.01
0.22222222222222224,0.5714285714285714,0.6979007727822817,-0.3206696141321578,-3.4040403818286977,-29.329706757273303,0.01
0.22222222222222224,0.5918367346938775,0.6223227502549002,-0.10716151818233542,-3.9265923304953065,-21.880384212054338,0.01
0.22222222222222224,0.6122448979591836,0.5376316980681876,-0.01621672918617556,-4.120748138890025,2.853114989372104,0.01
0.22222222222222224,0.6326530612244897,0.4541289486675523,-0.012025516642732435,-4.116670221898705,-2.4534791242226475,0.01
0.22222222222222224,0.6530612244897959,0.36960434207232207,0.19289152517296806,-3.9646078346455824,17.35559307502865,0.01
0.22222222222222224,0.673469387755102,0.2923082207228347,0.4223224065869101,-3.5312906709808707,25.109488964113105,0.01
0.22222222222222224,0.6938775510204082,0.22547002897106205,0.3540745198139515,-2.9387995233103688,32.95464350759607,0.01
0.22222222222222224,0.7142857142857142,0.17235721977139107,-0.004020462658926777,-2.469407825841822,13.045742844321587,0.01
0.22222222222222224,0.7346938775510203,0.12467787281425301,0.27478954283921325,-2.107887598061438,22.383239478156078,0.01
0.22222222222222224,0.7551020408163265,0.08632099127908749,0.32387284427215496,-1.5517665085630095,32.11662729268992,0.01
0.22222222222222224,0.7755102040816326,0.06134046430147712,-0.08717260915147583,-1.1047512762467515,11.690865474303365,0.01
0.22222222222222224,0.7959183673469387,0.04122910245268947,-0.020577954574305796,-0.8975665056878467,8.613242040469308,0.01
0.22222222222222224,0.8163265306122448,0.024705096722381338,0.35061139579140915,-0.5864919302576856,21.87206635168648,0.01
0.22222222222222224,0.836734693877551,0.017290656319722715,-0.009076630118305715,-0.3269266665043411,3.565329496141282,0.01
0.22222222222222224,0.8571428571428571,0.01136115115077558,0.06085024501467246,-0.25932251802846285,3.0598770544947897,0.01
0.22222222222222224,0.8775510204081632,0.006706063747132396,-0.04738608428119733,-0.22149348741744881,0.6473679453845849,0.01
0.22222222222222224,0.8979591836734693,0.002320600643940935,0.11650075273509843,-0.1158429775512668,9.70638202150125,0.01
0.22222222222222224,0.9183673469387754,0.001977778949121506,-0.05356361193687917,0.007874327411544696,2.4179138648542793,0.01
0.22222222222222224,0.9387755102040816,0.0026420017627794942,-0.11908597567919904,-0.02592374965662115,-5.730125417534532,0.01
0.22222222222222224,0.9591836734693877,0.0009196667182390102,0.008211596237918511,-0.06439935882891194,1.959515718650034,0.01
0.22222222222222224,0.9795918367346939,1.3456504456557758e-05,-0.07385184511289818,-0.020014449402308093,2.390205405157144,0.01
0.22222222222222224,1.0,0.00010275041610398608,-0.15265607505178042,0.004375401670723989,0.0,0.01
0.23232323232323235,0.0,-0.0007008353379707303,-0.05933692283342895,0.1714579165506701,0.0,0.01
0.23232323232323235,0.02040816326530612,0.0027983058161245777,-0.2645173412802966,0.05217233401600823,-11.689987088396864,0.01
0.23232323232323235,0.04081632653061224,0.00142864768309083,-0.12488359862117109,-0.008387648026781278,5.755108848203493,0.01
0.23232323232323235,0.061224489795918366,0.0024559528354396276,-0.22335274221780183,0.03126761022392973,-1.868893539633814,0.01
0.23232323232323235,0.08163265306122448,0.0027048766718226554,-0.04344253710691199,0.034391634954762294,2.175047963255406,0.01
0.23232323232323235,0.1020408163265306,0.0038596930376748233,-0.2751394453591287,0.08506046679590586,2.7904975571766633,0.01
0.23232323232323235,0.12244897959183673,0.006176732459410649,0.08151919367076448,0.14611095045623002,3.192449841535105,0.01
0.23232323232323235,0.14285714285714285,0.009823405301194415,0.12573213868481076,0.2646381811888555,8.423218770262194,0.01
0.23232323232323235,0.16326530612244897,0.0169782908752823,0.18042460848130445,0.39403738900203866,4.2579035954297595,0.01
0.23232323232323235,0.18367346938775508,0.025906564035971504,0.2105844916634186,0.6017130485871328,16.09431104390947,0.01
0.23232323232323235,0.2040816326530612,0.041538007144144865,0.08453829265922408,0.8757619396802409,10.762480283215117,0.01
0.23232323232323235,0.22448979591836732,0.061651949329042555,0.10478757475475703,1.1951228458030576,20.534888516820928,0.01
0.23232323232323235,0.24489795918367346,0.090318531462637,0.22384399488054368,1.6055500296355314,19.686975498761523,0.01
0.23232323232323235,0.26530612244897955,0.12718460359988057,0.30214168535900054,2.0150514580823136,20.444164489023127,0.01
0.23232323232323235,0.2857142857142857,0.17256552975171102,0.33765499839259855,2.5044595934720055,27.51783277916668,0.01
0.23232323232323235,0.3061224489795918,0.22940744414975833,0.2649527470835413,3.102803377344481,31.119858040335973,0.01
0.23232323232323235,0.32653061224489793,0.29921056556168985,-0.16892603381898993,3.5285014495204456,10.598553032908534,0.01
0.23232323232323235,0.3469387755102041,0.37342791147712345,0.13873410245115386,3.8136480574260814,17.345814541843787,0.01
0.23232323232323235,0.36734693877551017,0.45486966994642786,-0.03441435109865648,3.9625326733074595,-2.755122185468757,0.01
0.23232323232323235,0.3877551020408163,0.5351639389590606,0.14805755905470386,4.00102279039871,6.527153660411331,0.01
0.23232323232323235,0.4081632653061224,0.618176722615763,0.04396610596289951,3.928984504188882,-13.586905708974509,0.01
0.23232323232323235,0.42857142857142855,0.6955306534157496,-0.3671345769789099,3.3852808038175257,-39.69605692741841,0.01
0.23232323232323235,0.44897959183673464,0.7563514493021926,-0.28246131314877765,2.5690572811622525,-40.29384829279837,0.01
0.23232323232323235,0.4693877551020408,0.800390134279515,-0.4835207163421667,1.6176372052336907,-52.9453191482007,0.01
0.23232323232323235,0.4897959183673469,0.8223774576790779,-0.44828017534382353,0.5434593367803303,-52.32411196022862,0.01
0.23232323232323235,0.5102040816326531,0.8225721480256509,-0.5919850487940911,-0.5357923667552229,-53.44255498625562,0.01
0.23232323232323235,0.5306122448979591,0.8005083814849872,-0.4656892260595035,-1.6366016674861639,-54.436756485376605,0.01
0.23232323232323235,0.5510204081632653,0.7557720799649912,-0.4700116590831634,-2.5932440449964647,-39.314196510632875,0.01
0.23232323232323235,0.5714285714285714,0.6946616857708457,-0.3964850998120591,-3.296028347548412,-29.558665139458004,0.01
0.23232323232323235,0.5918367346938775,0.6212403106773009,-0.2562243780885456,-3.851247929675341,-24.852853908981043,0.01
0.23232323232323235,0.6122448979591836,0.5374678927228727,-0.044150546459383204,-4.097204380933254,0.7491216857054439,0.01
0.23232323232323235,0.6326530612244897,0.4540074788024742,0.10844391049331913,-4.0649212094562905,2.414629119036982,0.01
0.23232323232323235,0.6530612244897959,0.37155274131649346,0.09083983775828751,-3.8571176920281456,17.95011558892136,0.01
0.23232323232323235,0.673469387755102,0.29657410361765196,0.17215463257853494,-3.4914019500848696,17.890027121519683,0.01
0.23232323232323235,0.6938775510204082,0.22904653927221308,0.1971955605398082,-3.0443086172146416,25.925119499762594,0.01
0.23232323232323235,0.7142857142857142,0.17231660903746251,0.22207990895770507,-2.489028855497186,28.492297148547973,0.01
0.23232323232323235,0.7346938775510203,0.12745352476212385,0.08851801624522741,-2.0267422847300085,16.81178678663546,0.01
0.23232323232323235,0.7551020408163265,0.0895924341505234,0.44612608584158997,-1.6413430007223215,20.95734304611787,0.01
0.23232323232323235,0.7755102040816326,0.060459932895906655,0.32137616795649926,-1.1899941507087544,23.274844255211697,0.01
0.23232323232323235,0.7959183673469387,0.04102124432567628,0.30647556547395893,-0.7892260196161227,16.00043259186625,0.01
0.23232323232323235,0.8163265306122448,0.028246625972799613,0.021467917998979052,-0.5836456428923118,4.146444327067215,0.01
0.23232323232323235,0.836734693877551,0.017198973187214577,-0.11803769848872095,-0.3986352341208063,13.984575732540339,0.01
0.23232323232323235,0.8571428571428571,0.011975800090317726,-0.07721689335233031,-0.2688031405233199,-1.2610305599866616,0.01
0.23232323232323235,0.8775510204081632,0.006227416431160706,0.01903348659113555,-0.2077213920724949,7.247041908167513,0.01
0.23232323232323235,0.8979591836734693,0.0034973759240934446,0.01789817709377096,-0.11737175964787493,1.6072220694452455,0.01
0.23232323232323235,0.9183673469387754,0.0014367323639005044,0.11721826819850482,-0.0504274387111855,4.953321382350322,0.01
0.23232323232323235,0.9387755102040816,0.0014391131195552614,-0.1853447528745528,-0.010635945613363137,-1.053755058763731,0.01
0.23232323232323235,0.9591836734693877,0.0010026121347836417,-0.07031016715884568,-0.05320505378977688,-3.118017542524817,0.01
0.23232323232323235,0.9795918367346939,-0.0007325217290070602,0.0877631300488334,-0.05982513573157702,2.469249512228403,0.01
0.23232323232323235,1.0,-0.001439230139974604,0.19810198734696538,-0.03462871213740965,0.0,0.01
0.24242424242424243,0.0,-0.0013001981948740531,0.07499388483251472,0.06990397206686692,0.0,0.01
0.24242424242424243,0.02040816326530612,0.00012641347995996554,0.1992720819347894,0.0359511869776276,-3.3273729387454543,0.01
0.24242424242424243,0.04081632653061224,0.0001671971919678895,0.1220729851790994,0.001799550731108832,-0.01948741341338537,0.01
0.24242424242424243,0.061224489795918366,0.00019986453020930561,0.2020796727659966,0.05142221635624638,4.882508644676865,0.01
0.24242424242424243,0.08163265306122448,0.0022660631656922312,0.023942424717507384,0.021575733672312723,-7.807463947702363,0.01
0.24242424242424243,0.1020408163265306,0.0010805067209159473,0.23834091491526552,0.11598533956411872,17.05960532509935,0.01
0.24242424242424243,0.12244897959183673,0.00700015865810524,0.1771680301966865,0.24531654448730597,-4.385147242627001,0.01
0.24242424242424243,0.14285714285714285,0.011093426904071292,0.028554627311169044,0.28911477374297906,8.677373709682964,0.01
0.24242424242424243,0.16326530612244897,0.01880076166802275,0.11496336709582997,0.4150362036280579,3.662926419054757,0.01
0.24242424242424243,0.18367346938775508,0.028033680113379773,0.07971046748581748,0.5779836067927796,12.305919091087981,0.01
0.24242424242424243,0.2040816326530612,0.042391929292217835,0.294332442297065,0.849579874384663,14.31051513291659,0.01
0.24242424242424243,0.22448979591836732,0.0627104096801007,0.24709931537554233,1.229597489282071,22.931211127029403,0.01
0.24242424242424243,0.24489795918367346,0.09257958191597583,0.14499988612415668,1.65439018832042,18.698473378728806,0.01
0.24242424242424243,0.26530612244897955,0.13023653981562805,-0.03080702137537455,2.043216807436307,19.406535294628114,0.01
0.24242424242424243,0.2857142857142857,0.1759761863011312,0.06326673670429842,2.495256270363432,24.89333207223016,0.01
0.24242424242424243,0.3061224489795918,0.23208373452433956,0.11372746319456593,2.9774373643224217,22.360415135750813,0.01
0.24242424242424243,0.32653061224489793,0.29750424198776065,0.28970034863591004,3.4972655223134406,28.582744347369072,0.01
0.24242424242424243,0.3469387755102041,0.37482926604733713,-0.008765625838502489,3.8469363021396994,5.6849920756042875,0.01
0.24242424242424243,0.36734693877551017,0.4545220502383606,-0.016774792041487574,3.964839993376015,5.869569665554606,0.01
0.24242424242424243,0.3877551020408163,0.536659469858603,0.06394652972971415,4.020419974216974,-0.42273154314059364,0.01
0.24242424242424243,0.4081632653061224,0.6186208246961963,-0.2281180046159816,3.8014874604229876,-21.032654808670088,0.01
0.24242424242424243,0.42857142857142855,0.6918222233452556,-0.48179068116754614,3.3044982607040296,-27.672286763787778,0.01
0.24242424242424243,0.44897959183673464,0.7534983047249322,-0.483983102693819,2.5402546507137695,-47.22358701525771,0.01
0.24242424242424243,0.4693877551020408,0.7955060866396951,-0.5748490180929553,1.5766012241854217,-47.21444878452041,0.01
0.24242424242424243,0.4897959183673469,0.8178493750998473,-0.717080932080713,0.5166171534967733,-56.663990142967144,0.01
0.24242424242424243,0.5102040816326531,0.8165925010681349,-0.4622456199113179,-0.5401006671848609,-46.89435628383303,0.01
0.24242424242424243,0.5306122448979591,0.7958044499086285,-0.6183546388373165,-1.606416333668813,-57.604579031594305,0.01
0.24242424242424243,0.5510204081632653,0.7510244874489996,-0.36877548165416235,-2.5761177713291676,-37.42616185912046,0.01
0.24242424242424243,0.5714285714285714,0.6906567857727441,-0.2026535506005632,-3.2431213941709562,-27.940193179374823,0.01
0.24242424242424243,0.5918367346938775,0.6186521856461035,-0.27728356000062626,-3.7640540250577597,-23.11120464753192,0.01
0.24242424242424243,0.6122448979591836,0.5370219276071213,-0.1929569799359003,-4.0069581883044085,-0.6934033506395476,0.01
0.24242424242424243,0.6326530612244897,0.45510287183776027,0.0998758580206938,-4.031514498210504,-1.7131150201574559,0.01
0.24242424242424243,0.6530612244897959,0.37247031543526404,0.20214402210137425,-3.841350897168673,20.349147922256964,0.01
0.24242424242424243,0.673469387755102,0.2983130393002634,0.2194152909868082,-3.465081594447019,16.5252437444651,0.01
0.24242424242424243,0.6938775510204082,0.23103841362110003,0.2373497140667738,-3.0319533720500997,25.9213220504329,0.01
0.24242424242424243,0.7142857142857142,0.1745598404410757,0.212462413481943,-2.5159238033276634,24.649575684365857,0.01
0.24242424242424243,0.7346938775510203,0.12834764613833827,0.23580425455904805,-1.9712965136829865,28.72389870081252,0.01
0.24242424242424243,0.7551020408163265,0.0940987582499334,-0.14333767529543306,-1.583716488430138,9.25894377396668,0.01
0.24242424242424243,0.7755102040816326,0.06370615681465917,0.29745068995415036,-1.224554127971451,25.938967550984646,0.01
0.24242424242424243,0.7959183673469387,0.044116957108241525,-0.011080733454548615,-0.8634457380399533,9.449654662302132,0.01
0.24242424242424243,0.8163265306122448,0.028463473629354957,0.11155638175398419,-0.6887019556911569,7.675236007879942,0.01
0.24242424242424243,0.836734693877551,0.01600667320248002,0.13608237992486844,-0.42305723288956465,18.357946826676113,0.01
0.24242424242424243,0.8571428571428571,0.011195831470597217,0.1221275782362505,-0.23488148360961802,0.08327660275866172,0.01
0.24242424242424243,0.8775510204081632,0.006419673871475206,0.0001444017961179352,-0.18418281403280315,4.8851930157691905,0.01
0.24242424242424243,0.8979591836734693,0.0036781655917072927,-0.040538635588973575,-0.093073505613728,4.04351920930018,0.01
0.24242424242424243,0.9183673469387754,0.0026207552749965128,-0.07467904397856057,-0.1007249314811242,-4.793358944305008,0.01
0.24242424242424243,0.9387755102040816,-0.0004330561013998174,0.35948405509975145,-0.05704449779775796,9.074041445274899,0.01
0.24242424242424243,0.9591836734693877,0.00029240842610843274,0.0746106210736685,0.014382250570051021,-2.0742201052296174,0.01
0.24242424242424243,0.9795918367346939,0.00015397453411246918,0.1222216162833853,0.00660009442390148,1.3115688029069625,0.01
0.24242424242424243,1.0,0.0005618000352472686,0.05289562374357379,0.019983449555605177,0.0,0.01
0.25252525252525254,0.0,-0.0005426842066668336,0.11325961764570477,0.13141540295587156,0.0,0.01
0.25252525252525254,0.02040816326530612,0.002139262792432586,-0.2260498254592288,0.047602075447236936,-8.213706095846195,0.01
0.25252525252525254,0.04081632653061224,0.001400257648322429,-0.16649085938836003,0.0024943585630742395,3.7931498411982503,0.01
0.25252525252525254,0.061224489795918366,0.002241073346027453,0.045771195633950115,0.027137380686458448,-1.3781336731065974,0.01
0.25252525252525254,0.08163265306122448,0.0025079058396064472,0.004142966022717966,0.030549475416323732,1.712518956633395,0.01
0.25252525252525254,0.1020408163265306,0.0034879907099590337,0.0025734493116998185,0.15390480758674385,10.37630359606778,0.01
0.25252525252525254,0.12244897959183673,0.008789734720698033,-0.04257261773589075,0.1933997359388174,-6.50580061756457,0.01
0.25252525252525254,0.14285714285714285,0.01138185748297199,0.05255262749879401,0.2737206904503428,14.37725415969406,0.01
0.25252525252525254,0.16326530612244897,0.019962007800303862,-0.03866097498107956,0.4276959822571375,0.7123244373718179,0.01
0.25252525252525254,0.18367346938775508,0.028838836350610252,0.13265892996502324,0.6223729233829842,18.366015792961168,0.01
0.25252525252525254,0.2040816326530612,0.04536498426491546,0.0650370161428788,0.8910043872462614,7.959867665640009,0.01
0.25252525252525254,0.22448979591836732,0.06520636236066174,0.16495665088116865,1.192641452653422,21.600564744261717,0.01
0.25252525252525254,0.24489795918367346,0.09404422723036125,0.2726969229333452,1.5856153878113548,16.9108809012157,0.01
0.25252525252525254,0.26530612244897955,0.12992535778153336,0.12990858525071777,2.022989916923312,25.95182295175609,0.01
0.25252525252525254,0.2857142857142857,0.17661524424763927,0.36167144045288746,2.531024905433771,23.835605922268922,0.01
0.25252525252525254,0.3061224489795918,0.23323249677883012,0.11417124645874026,3.0334739652549922,25.40440194021076,0.01
0.25252525252525254,0.32653061224489793,0.30043050813559813,0.026908471752108695,3.46695157603758,17.07640391648289,0.01
0.25252525252525254,0.3469387755102041,0.37474072437220074,0.19441582659821102,3.7710914440932726,12.72930315297497,0.01
0.25252525252525254,0.36734693877551017,0.4543526078945072,-0.014771958586506316,3.9828344157136035,8.02150806581746,0.01
0.25252525252525254,0.3877551020408163,0.5373053944013274,-0.15283319705955312,3.968117866054599,-9.463729932399898,0.01
0.25252525252525254,0.4081632653061224,0.616316602427348,-0.25065762885930265,3.666431281968615,-20.101555308026562,0.01
0.25252525252525254,0.42857142857142855,0.6869556508082096,-0.1146939762457566,3.2411781101696153,-21.5732555282754,0.01
0.25252525252525254,0.44897959183673464,0.7486095865159037,-0.5397962794721554,2.517225062282734,-49.37414316463898,0.01
0.25252525252525254,0.4693877551020408,0.7896995309013825,-0.43599601313943587,1.5189153977209884,-48.46020396241212,0.01
0.25252525252525254,0.4897959183673469,0.8106061333616583,-0.44257706897365506,0.5444836510265725,-47.03410721364064,0.01
0.25252525252525254,0.5102040816326531,0.811923353392263,-0.5686610851908905,-0.5156684026953334,-56.86079405110616,0.01
0.25252525252525254,0.5306122448979591,0.7895584434557263,-0.4860020017382955,-1.5832848348071937,-47.76561629585617,0.01
0.25252525252525254,0.5510204081632653,0.7472994825838061,-0.4706914502802659,-2.4732422494927997,-39.450210343333204,0.01
0.25252525252525254,0.5714285714285714,0.6886097802111223,-0.3777414497175006,-3.220479453963768,-33.77903569482172,0.01
0.25252525252525254,0.5918367346938775,0.6158513416056931,-0.34181587849116984,-3.7616543686811514,-19.25610594748184,0.01
0.25252525252525254,0.6122448979591836,0.5350728672037284,0.055201400703251295,-3.9136207565718597,4.363399934192397,0.01
0.25252525252525254,0.6326530612244897,0.45611171888847435,-0.10612877119579893,-3.933736977504309,-6.334789585572293,0.01
0.25252525252525254,0.6530612244897959,0.37451217424436883,0.15234347848559038,-3.8117679061821095,18.287758575148008,0.01
0.25252525252525254,0.673469387755102,0.30052935537083725,0.2911234865578786,-3.4563690747182076,16.541326908314364,0.01
0.25252525252525254,0.6938775510204082,0.23343588548036037,0.3060307721227722,-3.033674033654839,24.88278711589583,0.01
0.25252525252525254,0.7142857142857142,0.1767059254257418,0.5050870674911101,-2.5163062655290704,25.819254160429576,0.01
0.25252525252525254,0.7346938775510203,0.13072950729550037,0.27063232250745123,-2.0593480508046604,18.9626508825626,0.01
0.25252525252525254,0.7551020408163265,0.09265090294391892,0.30531397244895686,-1.5684605523980166,29.144323961288492,0.01
0.25252525252525254,0.7755102040816326,0.06671070923843847,-0.06262262564749724,-1.1918238746875958,7.76607045433276,0.01
0.25252525252525254,0.7959183673469387,0.04400503050769053,0.2421728325837051,-0.9094498850187824,19.906580533210942,0.01
0.25252525252525254,0.8163265306122448,0.02959030576828409,0.026448324192833255,-0.6522828013699881,5.295793664370892,0.01
0.25252525252525254,0.836734693877551,0.01738124269667061,0.11762327587332617,-0.42044112870960987,17.424690256346164,0.01
0.25252525252525254,0.8571428571428571,0.012429443371973485,-0.06733538064512055,-0.2685227004192583,-2.536684283891707,0.01
0.25252525252525254,0.8775510204081632,0.006421132475476397,0.04344850292700817,-0.2244385942218738,6.856926691235389,0.01
0.25252525252525254,0.8979591836734693,0.003268684424141903,0.08689160936708987,-0.11159041896200703,4.202194484231555,0.01
0.25252525252525254,0.9183673469387754,0.0018664214974352948,0.013956771248320872,-0.0017294171187629392,6.564183696406366,0.01
0.25252525252525254,0.9387755102040816,0.0031980959703148443,-0.12626218556051336,-0.02009907563836794,-8.364410231327657,0.01
0.25252525252525254,0.9591836734693877,0.0010460510632161954,-0.18895671534925262,-0.04433421156127193,5.9893669108830645,0.01
0.25252525252525254,0.9795918367346939,0.0013885363147527249,-0.10163782112944186,0.0012261809432214759,-1.5244484454427103,0.01
0.25252525252525254,1.0,0.0010960992649803373,-0.07177309811266713,-0.014329415438846993,0.0,0.01
0.26262626262626265,0.0,0.0006013523352089723,-0.04404907979086202,-0.036525634540509735,0.0,0.01
0.26262626262626265,0.02040816326530612,-0.0001440687778626549,0.07324138586122765,-0.02162910321270841,1.4598600701245303,0.01
0.26262626262626265,0.04081632653061224,-0.00028146820408524837,-0.01675286126226471,0.0697631971164367,7.496585362131694,0.01
0.26262626262626265,0.061224489795918366,0.0027034086554612925,-0.0837581648854033,0.06936494354071514,-7.5356142125524075,0.01
0.26262626262626265,0.08163265306122448,0.002549753981250063,0.143303899560824,0.019859124053746638,2.6840439028294942,0.01
0.26262626262626265,0.1020408163265306,0.003513985147450951,0.2032744919630064,0.14234388029294676,9.31946220861212,0.01
0.26262626262626265,0.12244897959183673,0.008359708278921359,0.010970925043728602,0.20576832043966395,-3.1038670742338303,0.01
0.26262626262626265,0.14285714285714285,0.011912692104171929,0.19179699620560636,0.2746887232533011,9.858066549970275,0.01
0.26262626262626265,0.16326530612244897,0.01957149290150508,-0.025810677868035484,0.4475202692311033,7.079424955854337,0.01
0.26262626262626265,0.18367346938775508,0.030178825542176144,0.06802553452187989,0.6480355575500244,12.571073299399938,0.01
0.26262626262626265,0.2040816326530612,0.04602192382191424,0.010241924208180866,0.8989972575739945,12.023173302949129,0.01
0.26262626262626265,0.22448979591836732,0.06687259115744122,0.14109459612111774,1.2440320356470222,21.790234948207594,0.01
0.26262626262626265,0.24489795918367346,0.09679874160342535,0.03627997046064603,1.5769418766199805,10.834929467142322,0.01
0.26262626262626265,0.26530612244897955,0.1312375657133588,0.30378789623291275,2.045008863178148,35.03563521555809,0.01
0.26262626262626265,0.2857142857142857,0.18026849112090076,0.14373125376898724,2.5271303114903017,12.212266719032993,0.01
0.26262626262626265,0.3061224489795918,0.23438574169255477,0.2990333798656791,2.95062858411187,29.290563997880714,0.01
0.26262626262626265,0.32653061224489793,0.3007023108805689,0.38602690310089927,3.486810083243813,23.2552229170497,0.01
0.26262626262626265,0.3469387755102041,0.3767045206004655,0.17669452378081088,3.760776590120585,3.5934947568739757,0.01
0.26262626262626265,0.36734693877551017,0.4542033961916132,-0.04672693400397231,3.8968990512730457,9.746506436067168,0.01
0.26262626262626265,0.3877551020408163,0.5357616247340592,-0.15598656621130835,3.9097421193709274,-8.487885762474779,0.01
0.26262626262626265,0.4081632653061224,0.6137847071863449,-0.3885627922757701,3.6758697760083927,-14.431603887053605,0.01
0.26262626262626265,0.42857142857142855,0.6857971257956262,-0.506730846948051,3.1696235956240106,-35.180521790615884,0.01
0.26262626262626265,0.44897959183673464,0.7431570988444678,-0.4857971234732113,2.437710921839349,-36.54692024028097,0.01
0.26262626262626265,0.4693877551020408,0.7852955307686609,-0.5608371652978751,1.542974697288799,-51.137229765672934,0.01
0.26262626262626265,0.4897959183673469,0.80613565791748,-0.5013638202404022,0.5116523958219196,-49.932355778081266,0.01
0.26262626262626265,0.5102040816326531,0.8061793020266984,-0.4828667466300524,-0.5264149769653708,-51.7982467550732,0.01
0.26262626262626265,0.5306122448979591,0.7846493323270567,-0.302718236889699,-1.5590398241474939,-49.39898826877487,0.01
0.26262626262626265,0.5510204081632653,0.742545023490066,-0.3597723954075111,-2.4464504967199767,-37.56725764332845,0.01
0.26262626262626265,0.5714285714285714,0.6847942100119556,-0.29348756015246324,-3.188586004379598,-35.16202210731444,0.01
0.26262626262626265,0.5918367346938775,0.6123986559643682,-0.019088296430838425,-3.654511946102278,-10.498720181508249,0.01
0.26262626262626265,0.6122448979591836,0.5356304571098218,0.041067815602511375,-3.8552941492108843,-9.177935723135263,0.01
0.26262626262626265,0.6326530612244897,0.4550397110986178,0.12352123939025676,-3.9096967663359523,3.846479244878305,0.01
0.26262626262626265,0.6530612244897959,0.3760509972593748,0.037259902531834754,-3.7134580040107448,15.38491946299193,0.01
0.26262626262626265,0.673469387755102,0.30346999664919966,-0.1104583601829071,-3.4183353505352687,13.53710057760472,0.01
0.26262626262626265,0.6938775510204082,0.23652710540079241,0.23689935689225464,-2.9807234504945948,29.348865626381322,0.01
0.26262626262626265,0.7142857142857142,0.18180781499635906,0.04255545952943376,-2.5250664879086195,15.305516707044276,0.01
0.26262626262626265,0.7346938775510203,0.13346316711880796,0.42976713158914714,-2.1087868470524658,25.48988809685873,0.01
0.26262626262626265,0.7551020408163265,0.09573488246360536,0.22198474149577763,-1.6509327365373725,19.379814733620396,0.01
0.26262626262626265,0.7755102040816326,0.06607815746422133,0.33232725670028196,-1.2074497123310166,24.081521638602492,0.01
0.26262626262626265,0.7959183673469387,0.04645122073580876,0.1337229323541908,-0.8874070741997108,7.282656898265484,0.01
0.26262626262626265,0.8163265306122448,0.02985746055811069,0.29575972213486074,-0.6831056714649808,12.738880569738042,0.01
0.26262626262626265,0.836734693877551,0.018569356594380977,0.07093771418321639,-0.44365022738162874,10.727752950430464,0.01
0.26262626262626265,0.8571428571428571,0.011749288011921762,0.10165287966196658,-0.28687908362314507,4.635819137900938,0.01
0.26262626262626265,0.8775510204081632,0.006860006242415874,0.24980678292450365,-0.1862713088148116,5.22374279331574,0.01
0.26262626262626265,0.8979591836734693,0.004146377448051902,-0.0941174394509926,-0.11888887781178317,1.3797354449810448,0.01
0.26262626262626265,0.9183673469387754,0.0020073989847920713,0.10740558096615148,-0.054479598691755664,4.932373908781652,0.01
0.26262626262626265,0.9387755102040816,0.001922720358592487,-0.02404252394990996,-0.070315039493323,-6.484247107335252,0.01
0.26262626262626265,0.9591836734693877,-0.0008626026271802959,0.2314315877536674,-0.038240303191966356,9.627571264868203,0.01
0.26262626262626265,0.9795918367346939,0.00036189165687957475,-0.013127448642824542,0.030226167027022945,-2.9178571834072513,0.01
0.26262626262626265,1.0,0.0003711184759634975,0.108798992282981,0.0004521141351122143,0.0,0.01
0.27272727272727276,0.0,0.00015641213530127515,0.05277958067331396,0.021527222196383138,0.0,0.01
0.27272727272727276,0.02040816326530612,0.000595743200533584,-0.16775266724463517,-0.014873978425328267,-3.567317660927718,0.01
0.27272727272727276,0.04081632653061224,-0.00045068902491620505,0.25534675242979415,0.030909772941765414,8.054125294902898,0.01
0.27272727272727276,0.061224489795918366,0.001857366585911764,-0.04887382582931852,0.10897495000703508,-0.40373794250647066,0.01
0.27272727272727276,0.08163265306122448,0.003997268118228084,-0.31295103207789243,0.09089245832431268,-1.368346242400324,0.01
0.27272727272727276,0.1020408163265306,0.0055672628440469754,-0.03389816472004861,0.10959481084174637,3.201176789108825,0.01
0.27272727272727276,0.12244897959183673,0.008470525703605486,-0.14586249762109393,0.20292793007545892,5.945468895795006,0.01
0.27272727272727276,0.14285714285714285,0.013850035500188155,0.0753556204155419,0.2655862053609959,0.1950420821876196,0.01
0.27272727272727276,0.16326530612244897,0.019310778983646134,0.31994136978605664,0.4168899580063427,14.632725677056369,0.01
0.27272727272727276,0.18367346938775508,0.030865952153508264,0.22656165042476983,0.6569576661446437,8.893909720497128,0.01
0.27272727272727276,0.2040816326530612,0.04612537760179485,0.27078862599307074,0.9170800051414827,16.598079501193098,0.01
0.27272727272727276,0.22448979591836732,0.06829778909805857,0.1857087710692278,1.2504757945680869,16.07470786261412,0.01
0.27272727272727276,0.24489795918367346,0.09716520595151268,0.3692206361894592,1.6172043599809802,19.864691547849446,0.01
0.27272727272727276,0.26530612244897955,0.13430613032177205,0.3875028156464326,2.071600342380717,24.666114727324782,0.01
0.27272727272727276,0.2857142857142857,0.18172032196705215,0.15848429522684027,2.525953688752956,19.860513217154633,0.01
0.27272727272727276,0.3061224489795918,0.2374062808831172,0.24073895847194507,3.010590638744515,27.63390788201815,0.01
0.27272727272727276,0.32653061224489793,0.30460157252805276,0.07850270108270219,3.456534305727861,16.068571482349743,0.01
0.27272727272727276,0.3469387755102041,0.37848931376996864,0.0598956992089874,3.653680943564329,3.251799025624155,0.01
0.27272727272727276,0.36734693877551017,0.45373140695924985,0.2655008248590283,3.8145688825376225,12.515218993758591,0.01
0.27272727272727276,0.3877551020408163,0.5341860028531369,0.14174893935528832,3.8251463766673006,-11.478624569050124,0.01
0.27272727272727276,0.4081632653061224,0.6098598304966907,0.2372906371611526,3.5890694237048555,-11.6569168212695,0.01
0.27272727272727276,0.42857142857142855,0.6806786323921106,-0.2647715938126508,3.1455605540650478,-31.806952403431673,0.01
0.27272727272727276,0.44897959183673464,0.7382500571932232,-0.39215483604567297,2.424320974368938,-38.874526406787105,0.01
0.27272727272727276,0.4693877551020408,0.7796305088969652,-0.35125028303299394,1.5391223329373225,-47.874940453511215,0.01
0.27272727272727276,0.4897959183673469,0.8010713769049507,-0.3521449780666926,0.5309481054922393,-50.92613383610695,0.01
0.27272727272727276,0.5102040816326531,0.8013018601415464,-0.6394292809844363,-0.4772552113886816,-47.87779121822331,0.01
0.27272727272727276,0.5306122448979591,0.7815915723584739,-0.7982246613779,-1.5285770806631276,-55.1517519706724,0.01
0.27272727272727276,0.5510204081632653,0.7389109588899901,-0.3220586413743136,-2.444166137325408,-34.57597558223111,0.01
0.27272727272727276,0.5714285714285714,0.6818296892023348,-0.15550549177850248,-3.1042752930166837,-30.114721675513927,0.01
0.27272727272727276,0.5918367346938775,0.6122058448893092,-0.12921692192951173,-3.5717179389709965,-15.694657628008738,0.01
0.27272727272727276,0.6122448979591836,0.5360452835300492,-0.0219168352493152,-3.8200018903460675,-8.637169606748223,0.01
0.27272727272727276,0.6326530612244897,0.45628740038538806,0.03346592928855202,-3.910639128661524,-0.24527974816635795,0.01
0.27272727272727276,0.6530612244897959,0.3764273599112115,0.37794175499446764,-3.771362046329356,13.89443381671896,0.01
0.27272727272727276,0.673469387755102,0.3023542556372511,0.45970992441934777,-3.3689296269814273,25.54394327937804,0.01
0.27272727272727276,0.6938775510204082,0.23892002819768388,0.24728392902324725,-2.9428563941011365,16.21123354289038,0.01
0.27272727272727276,0.7142857142857142,0.182237668122919,0.2244526823637362,-2.4773365840694894,29.409707840210995,0.01
0.27272727272727276,0.7346938775510203,0.13780424925607207,-0.017778245385854347,-2.06438263080827,11.059779579388572,0.01
0.27272727272727276,0.7551020408163265,0.09797715257972432,0.35683084652098096,-1.6750466449694654,27.09514703281429,0.01
0.27272727272727276,0.7755102040816326,0.06943499844099185,-0.09807774245945554,-1.2292922812599951,16.588780610713805,0.01
0.27272727272727276,0.7959183673469387,0.047801957426255134,0.003466591948219091,-0.8964566155820625,16.02911462572361,0.01
0.27272727272727276,0.8163265306122448,0.03284493249886686,0.10321722613126903,-0.6986434274769896,3.3565778085735274,0.01
0.27272727272727276,0.836734693877551,0.019285899161888213,0.16755892070822767,-0.4916867692057288,16.925174702010036,0.01
0.27272727272727276,0.8571428571428571,0.012776084776184051,-0.044865163319694916,-0.24261350600535173,7.484005091626921,0.01
0.27272727272727276,0.8775510204081632,0.009383307080037123,-0.2157644992698885,-0.23471951910034192,-6.710394374935959,0.01
0.27272727272727276,0.8979591836734693,0.003195696241476219,0.1580113646183865,-0.1541295793065269,14.608208474729832,0.01
0.27272727272727276,0.9183673469387754,0.0030923038430360258,-0.08017435713817773,-0.03713782667381097,-3.1430167167236687,0.01
0.27272727272727276,0.9387755102040816,0.0016798665813206692,0.16706773984706708,-0.03962173478328118,2.899593721995587,0.01
0.27272727272727276,0.9591836734693877,0.0014750901784123041,-0.02131264137609868,-0.03553909768667754,-2.4994952865284294,0.01
0.27272727272727276,0.9795918367346939,0.0002292911655379127,-0.007328831327134669,-0.00012230356925803777,5.970341110035541,0.01
0.27272727272727276,1.0,0.0014700981959936087,-0.13046912293107896,0.060799544492329105,0.0,0.01
0.2828282828282829,0.0,0.000689539212809497,-0.05464255168613999,-0.0876251025306826,0.0,0.01
0.2828282828282829,0.02040816326530612,-0.0010987281857758623,0.12378464016838933,0.03525628125178047,12.042375610681384,0.01
0.2828282828282829,0.04081632653061224,0.002128571100637271,-0.14039852321468085,0.06032928420111146,-9.585221321646948,0.01
0.2828282828282829,0.061224489795918366,0.0013636915775348092,-0.05380662285149342,-0.031664400704463136,0.5698402009006351,0.01
0.2828282828282829,0.08163265306122448,0.0008361465820877555,0.20292292776356796,0.09459855627559666,11.803929583145226,0.01
0.2828282828282829,0.1020408163265306,0.00522485713980406,-0.06415022199031536,0.15094500371236821,-6.281977734341611,0.01
0.2828282828282829,0.12244897959183673,0.006997167141776254,0.1028142209423635,0.2299654829625495,14.025984700859375,0.01
0.2828282828282829,0.14285714285714285,0.014611203383173427,-0.08567253148346765,0.38086089982034127,0.7617661512042181,0.01
0.2828282828282829,0.16326530612244897,0.0225425099915861,-0.001127220261643632,0.45430963209953545,6.436209612156816,0.01
0.2828282828282829,0.18367346938775508,0.03315445367295038,0.12768706149730913,0.6447936032867835,12.231219564193493,0.01
0.2828282828282829,0.2040816326530612,0.048860616248189506,0.1003417590356056,0.9069699491393536,13.462062329358377,0.01
0.2828282828282829,0.22448979591836732,0.07017363527047502,0.2205357923603987,1.2748352314348699,22.588735335602227,0.01
0.2828282828282829,0.24489795918367346,0.10089470732716378,0.18942472270923508,1.667143290204632,15.857454423834469,0.01
0.2828282828282829,0.26530612244897955,0.13822030017678652,0.18727018043382818,2.0194484196172406,18.6684482586012,0.01
0.2828282828282829,0.2857142857142857,0.18332117343398993,0.3170208498062926,2.48963334026028,27.409673964416637,0.01
0.2828282828282829,0.3061224489795918,0.23983798753434896,0.22804630185259286,2.990797213931067,21.704385655320483,0.01
0.2828282828282829,0.32653061224489793,0.3053945291046457,0.07377681710968043,3.41178016580925,19.55194362874149,0.01
0.2828282828282829,0.3469387755102041,0.3790943208326857,0.12926522925994854,3.699958257024127,8.689509310316453,0.01
0.2828282828282829,0.36734693877551017,0.4564132334729774,0.034875401263986194,3.834825492472818,4.527479763655276,0.01
0.2828282828282829,0.3877551020408163,0.5356178103213721,0.021799214311953304,3.8181650675905536,-6.160201402117194,0.01
0.2828282828282829,0.4081632653061224,0.6122567056195306,-0.35863341118260766,3.4884658574158203,-26.150321195006697,0.01
0.2828282828282829,0.42857142857142855,0.6780041718485484,-0.12844860064232744,2.9897886945340657,-22.72004076740525,0.01
0.2828282828282829,0.44897959183673464,0.7342888972331659,-0.22484549461887401,2.402919682592186,-34.79312240289894,0.01
0.2828282828282829,0.4693877551020408,0.7760825262400662,-0.4464725761647467,1.5490237624371712,-48.88867777229255,0.01
0.2828282828282829,0.4897959183673469,0.797514356924479,-0.38488666069163263,0.45963108074668035,-57.87180503337556,0.01
0.2828282828282829,0.5102040816326531,0.794842978515441,-0.2758420313956522,-0.587648668369738,-44.76161038003345,0.01
0.2828282828282829,0.5306122448979591,0.7735286969910203,-0.3955830776137194,-1.4500358617697133,-39.752334573164134,0.01
0.2828282828282829,0.5510204081632653,0.7356578413003506,-0.3050158411448296,-2.285109373131618,-42.08486954030251,0.01
0.2828282828282829,0.5714285714285714,0.6802589266591176,-0.47286023962716633,-3.0565518371944855,-33.51649193785853,0.01
0.2828282828282829,0.5918367346938775,0.6109006234556777,-0.3866104364872531,-3.5386581199309455,-13.729923770314544,0.01
0.2828282828282829,0.6122448979591836,0.5358239013558137,-0.22140004802852972,-3.779741992822405,-9.89629577304842,0.01
0.2828282828282829,0.6326530612244897,0.4566254400751714,0.08152531306326033,-3.8116842250153353,6.765957018141299,0.01
0.2828282828282829,0.6530612244897959,0.3802449533960041,-0.11580506187566335,-3.665877421271735,7.523109748731419,0.01
0.2828282828282829,0.673469387755102,0.3069977902273455,0.11042517375550147,-3.4012641394692547,18.4089918679117,0.01
0.2828282828282829,0.6938775510204082,0.24141784566256516,0.33209001606127286,-3.001076620670455,20.809384974370698,0.01
0.2828282828282829,0.7142857142857142,0.1845048669346739,0.11657951928033077,-2.5429327787464895,24.088711534177854,0.01
0.2828282828282829,0.7346938775510203,0.13762467101985132,0.2646807811196508,-2.031622378062285,26.019707732874185,0.01
0.2828282828282829,0.7551020408163265,0.10158150456478474,0.1518470443569032,-1.6949187427301042,6.97724852967954,0.01
0.2828282828282829,0.7755102040816326,0.06844431417372462,0.38084621976913663,-1.316741010926992,30.084169187025473,0.01
0.2828282828282829,0.7959183673469387,0.047836973506540176,0.1767026704832855,-0.8466411940621357,15.98561286573044,0.01
0.2828282828282829,0.8163265306122448,0.03388753074261705,-0.1449264587646715,-0.6580347198545633,2.4978216066116476,0.01
0.2828282828282829,0.836734693877551,0.02097841351247637,0.36867567876437063,-0.5283334211405634,10.212905667360339,0.01
0.2828282828282829,0.8571428571428571,0.012322901308308345,0.19727402180469647,-0.3374763725655926,8.491085092986799,0.01
0.2828282828282829,0.8775510204081632,0.007203867693472593,0.061021839936766346,-0.18451270158031166,6.499354663570742,0.01
0.2828282828282829,0.8979591836734693,0.004791770631560931,0.13071834462368925,-0.12057444312241665,-0.23340533469703156,0.01
0.2828282828282829,0.9183673469387754,0.002282461851741301,0.10662397898412913,-0.03489660250105668,8.62983371559031,0.01
0.2828282828282829,0.9387755102040816,0.003367419509068822,-0.36566327482529104,-0.025054946539130304,-7.6653514313215245,0.01
0.2828282828282829,0.9591836734693877,0.0012598109725931255,0.18125128101752003,-0.07869784509847495,2.4083473725057494,0.01
0.2828282828282829,0.9795918367346939,0.00015526256627392614,0.044596736333799916,-0.027135776277308725,2.6447353719685416,0.01
0.2828282828282829,1.0,0.0001522282673968512,0.09895656578619076,-0.00014868064497667154,0.0,0.01
0.29292929292929293,0.0,0.00013759424628283036,0.09301938090099011,0.0006873459629733256,0.0,0.01
0.29292929292929293,0.02040816326530612,0.00015162171491493905,-0.18324909812486448,0.014033843853303179,1.307956793252326,0.01
0.29292929292929293,0.04081632653061224,0.0007104041994788785,-0.03769086849110025,0.016379931231544506,-1.0780402301846759,0.01
0.29292929292929293,0.061224489795918366,0.0008201903366106332,-0.020299184800998727,0.053298988679042904,4.696107860039518,0.01
0.29292929292929293,0.08163265306122448,0.0028858731251540986,0.08446091439949746,0.09203877669073668,-0.8996086348935276,0.01
0.29292929292929293,0.1020408163265306,0.004576875099497844,0.01619174477557412,0.12617062677176713,4.244529942834512,0.01
0.29292929292929293,0.12244897959183673,0.008035694626042552,0.06815867274634042,0.22463925485565825,5.405395609386822,0.01
0.29292929292929293,0.14285714285714285,0.013745824277279814,0.08667159766861213,0.3551380179062183,7.383483169568059,0.01
0.29292929292929293,0.16326530612244897,0.022531123928337175,0.2043934816821901,0.5071107434937682,7.509843938011827,0.01
0.29292929292929293,0.18367346938775508,0.034444221970903,0.007614522374846686,0.6699046133148906,8.44395530445818,0.01
0.29292929292929293,0.2040816326530612,0.04987416936976128,0.39944522569722823,0.9299476653630474,17.04026379626119,0.01
0.29292929292929293,0.22448979591836732,0.07240126953674167,0.24215692780786474,1.2968810153743033,18.9192045048419,0.01
0.29292929292929293,0.24489795918367346,0.1028080883646308,0.16954899901420437,1.658910891293511,16.559723335240445,0.01
0.29292929292929293,0.26530612244897955,0.1401119181609666,0.18884074903409484,2.051025238949341,21.867482735030887,0.01
0.29292929292929293,0.2857142857142857,0.1865234042401141,0.2625959959424664,2.499724400611388,22.105035107849766,0.01
0.29292929292929293,0.3061224489795918,0.24214148553286,0.37518363216036676,2.9306004583647334,20.12081855197806,0.01
0.29292929292929293,0.32653061224489793,0.30613974947949096,0.2155843228166955,3.387334344814101,24.63910232005994,0.01
0.29292929292929293,0.3469387755102041,0.3804000302191498,0.03320072148287562,3.690331138961304,5.054583506365954,0.01
0.29292929292929293,0.36734693877551017,0.4567655102534217,0.0662025625681647,3.8082303675614457,6.499540896447949,0.01
0.29292929292929293,0.3877551020408163,0.5358380044053312,-0.2426368536764961,3.720781573601245,-15.0695227045476,0.01
0.29292929292929293,0.4081632653061224,0.6086341459106154,-0.20348456500243714,3.451283317351377,-11.34130640793948,0.01
0.29292929292929293,0.42857142857142855,0.6767067112359997,-0.3561004536621036,3.022897825400848,-30.64047180321234,0.01
0.29292929292929293,0.44897959183673464,0.7320177306208541,-0.541390658438955,2.3242167795588604,-37.830270689302495,0.01
0.29292929292929293,0.4693877551020408,0.7715727022384021,-0.6238266733012117,1.509417615277751,-42.020047410246214,0.01
0.29292929292929293,0.4897959183673469,0.7936266128770888,-0.791242415506973,0.5018578317248906,-56.72081137793412,0.01
0.29292929292929293,0.5102040816326531,0.7920566953700303,-0.5188711449861738,-0.590295761446416,-50.31024075285394,0.01
0.29292929292929293,0.5306122448979591,0.7695329083282555,-0.4075041198434381,-1.4572556429702672,-34.65182763648349,0.01
0.29292929292929293,0.5510204081632653,0.7325768732079786,-0.5748161381390557,-2.3042335192864605,-48.352004242503476,0.01
0.29292929292929293,0.5714285714285714,0.6754825606022775,-0.11940135807321871,-3.0767444390721557,-27.354065896494667,0.01
0.29292929292929293,0.5918367346938775,0.6069954675315641,-0.029586069569479952,-3.476428072515121,-11.814930180915926,0.01
0.29292929292929293,0.6122448979591836,0.5335875372343134,0.05716464831057121,-3.6638902164184906,-6.556359921614279,0.01
0.29292929292929293,0.6326530612244897,0.4574489280859114,-0.08896721833941244,-3.785552132482555,-5.366507852664062,0.01
0.29292929292929293,0.6530612244897959,0.37907520529624994,0.20098512112485886,-3.658725435544867,17.79552415255751,0.01
0.29292929292929293,0.673469387755102,0.30811319602285564,-0.005088678039558259,-3.290421418161629,18.298269550999816,0.01
0.29292929292929293,0.6938775510204082,0.24477229026924469,-0.0649321429153164,-2.9995535755658254,10.206779023388885,0.01
0.29292929292929293,0.7142857142857142,0.18568243783649543,0.42389574316630296,-2.559614862141133,32.90721489223088,0.01
0.29292929292929293,0.7346938775510203,0.14029821426348416,0.2933913393385519,-2.0228945561999008,19.691375090009927,0.01
0.29292929292929293,0.7551020408163265,0.10311531309364234,0.2705890995228158,-1.6661707301350295,15.267559864347517,0.01
0.29292929292929293,0.7755102040816326,0.07229124568654419,0.08606965464345344,-1.3105898711280386,19.579364318337582,0.01
0.29292929292929293,0.7959183673469387,0.0496218489659673,0.1966994026260762,-0.9767566549114114,13.13629087089189,0.01
0.29292929292929293,0.8163265306122448,0.03242362711873148,0.343665895676921,-0.6105262481082341,22.75428899581948,0.01
0.29292929292929293,0.836734693877551,0.024702410267672035,-0.19455813857288246,-0.4436474436259218,-6.40016615655288,0.01
0.29292929292929293,0.8571428571428571,0.014315568195224471,0.0022587696172546145,-0.41361292863909066,9.343548625262324,0.01
0.29292929292929293,0.8775510204081632,0.007820249915056091,0.1389634563648862,-0.20098355098369222,11.494130384966725,0.01
0.29292929292929293,0.8979591836734693,0.006112157950992136,0.026901428414898246,-0.10928906527736222,-2.5080707857463813,0.01
0.29292929292929293,0.9183673469387754,0.0033594717404698783,0.11224688321937104,-0.15773851842529932,-2.239975622751451,0.01
0.29292929292929293,0.9387755102040816,-0.00032614892350987584,0.29279319377823615,-0.006586573813695178,17.052866194688654,0.01
0.29292929292929293,0.9591836734693877,0.003090631992972116,-0.22560192396648915,0.022831147562108182,-14.169929499859926,0.01
0.29292929292929293,0.9795918367346939,0.0006057346504537234,0.000766241089880368,-0.0475016401476882,7.277316304299879,0.01
0.29292929292929293,1.0,0.0011517895379644346,-0.1104136846622749,0.026756689488024853,0.0,0.01
0.30303030303030304,0.0,0.0010771839523534377,-0.09977366583285974,-0.13605159820133855,0.0,0.01
0.30303030303030304,0.02040816326530612,-0.0016993792762453083,0.22050335494575557,-0.018313642107365653,11.538319697209348,0.01
0.30303030303030304,0.04081632653061224,0.0003296883561344315,0.05881739979614703,0.05670591988240018,-4.186402622212294,0.01
0.30303030303030304,0.061224489795918366,0.0006151480658934743,0.09181502886505331,0.08352847030348375,6.815012563478484,0.01
0.30303030303030304,0.08163265306122448,0.003739013674643972,-0.18072456535093107,0.10106936027281785,-5.096005346483744,0.01
0.30303030303030304,0.1020408163265306,0.004740428077028896,0.013233499737605426,0.12213623363537977,7.160558936014814,0.01
0.30303030303030304,0.12244897959183673,0.008724166067924779,0.2832497395620897,0.24208123865242018,4.59405155565515,0.01
0.30303030303030304,0.14285714285714285,0.014621294960801149,0.04689133744817954,0.38885269284488816,9.78955095520671,0.01
0.30303030303030304,0.16326530612244897,0.0245957045513896,-0.2368470292098414,0.4875461137493515,-0.11759570656930886,0.01
0.30303030303030304,0.18367346938775508,0.034521136338325695,0.1297783290465263,0.7181749944095213,22.71922601126596,0.01
0.30303030303030304,0.2040816326530612,0.05390896962932924,-0.085845077608754,0.9879909879197034,3.722741352731894,0.01
0.30303030303030304,0.22448979591836732,0.07484729911055849,0.2122053636549883,1.2399875047305249,20.9729172947286,0.01
0.30303030303030304,0.24489795918367346,0.10452070451628943,0.15095782308046624,1.6457164834151539,18.78852261636505,0.01
0.30303030303030304,0.26530612244897955,0.1420194004744423,0.1812990404912432,2.074052021017446,23.188360068659605,0.01
0.30303030303030304,0.2857142857142857,0.18917588904761376,0.22781774566116256,2.545839558556779,23.046818610195004,0.01
0.30303030303030304,0.3061224489795918,0.24593121919104552,0.04059642506169356,2.918966256429568,13.519597781338325,0.01
0.30303030303030304,0.32653061224489793,0.3083173689018818,0.15329868045913703,3.3027022103535093,24.086525703207954,0.01
0.30303030303030304,0.3469387755102041,0.38073539104220916,0.1723328886208024,3.6533629255664652,10.27822438766172,0.01
0.30303030303030304,0.36734693877551017,0.4574342230066355,-0.07506047696714041,3.7399675333048332,-1.7909728293016454,0.01
0.30303030303030304,0.3877551020408163,0.5333871270954677,-0.20451640737259033,3.6540408198085204,-6.629845093337031,0.01
0.30303030303030304,0.4081632653061224,0.6065787462641261,-0.11085122802884338,3.4232039415973627,-15.992168971356397,0.01
0.30303030303030304,0.42857142857142855,0.6731097369565845,-0.2787823962519477,2.9392746002574675,-31.432906479953356,0.01
0.30303030303030304,0.44897959183673464,0.7265491381113697,-0.48759679762602387,2.2579613009613033,-35.33579685107076,0.01
0.30303030303030304,0.4693877551020408,0.7652714227101071,-0.4312171705392405,1.4475856147912214,-44.08102039359728,0.01
0.30303030303030304,0.4897959183673469,0.7856342652457052,-0.3040516443804163,0.5278316745907333,-46.05486574605056,0.01
0.30303030303030304,0.5102040816326531,0.7868155726934023,-0.587889225069068,-0.49533022363069273,-54.21500027964921,0.01
0.30303030303030304,0.5306122448979591,0.7654167050975137,-0.40683202278381175,-1.4711006160232531,-41.41049817482173,0.01
0.30303030303030304,0.5510204081632653,0.7267706495904124,-0.3759448055048708,-2.232935361070598,-33.24930683981809,0.01
0.30303030303030304,0.5714285714285714,0.6742764862783056,-0.3770660665556869,-2.941813765537261,-36.22077679791485,0.01
0.30303030303030304,0.5918367346938775,0.6066966183439936,-0.25989317216136953,-3.432732444672668,-11.889253757355057,0.01
0.30303030303030304,0.6122448979591836,0.5341649579243192,-0.3107531671976096,-3.67858555121509,-12.204350683802296,0.01
0.30303030303030304,0.6326530612244897,0.45655026931480625,0.06940364430431784,-3.7499601972911405,5.209635368349337,0.01
0.30303030303030304,0.6530612244897959,0.3811053580348849,0.15331856925167692,-3.63796761496561,5.765637699552646,0.01
0.30303030303030304,0.673469387755102,0.3080617952345773,0.17983285900124327,-3.3562292259291473,21.84472442602073,0.01
0.30303030303030304,0.6938775510204082,0.24411641003777684,0.24056901786813792,-2.8933907642573042,23.5134448178199,0.01
0.30303030303030304,0.7142857142857142,0.18996421301999344,0.13607359122460858,-2.470938848856085,17.88684289149958,0.01
0.30303030303030304,0.7346938775510203,0.14326176314569175,0.018791310785361198,-2.060834079121774,22.30342454246294,0.01
0.30303030303030304,0.7551020408163265,0.10584853632114553,-0.13072559911523188,-1.717477611700988,11.345509264774117,0.01
0.30303030303030304,0.7755102040816326,0.07316063613748816,0.21900447456378258,-1.328875705208545,26.73747757148532,0.01
0.30303030303030304,0.7959183673469387,0.05160871161875595,0.10026043438415735,-0.9130080902112098,14.017548698253504,0.01
0.30303030303030304,0.8163265306122448,0.03589499980233674,-0.001545848844233595,-0.707352609314037,6.136688429669418,0.01
0.30303030303030304,0.836734693877551,0.022737176544713626,0.1616934716030297,-0.528137085933617,11.426432861611747,0.01
0.30303030303030304,0.8571428571428571,0.014338384049944215,0.4045320171118483,-0.33107475615449133,7.885675456742568,0.01
0.30303030303030304,0.8775510204081632,0.009223921191469083,-0.04592058788586963,-0.194885115220639,5.460909354774961,0.01
0.30303030303030304,0.8979591836734693,0.006383889551142623,-0.02695662696768413,-0.11590074246993921,2.2795591747936204,0.01
0.30303030303030304,0.9183673469387754,0.0044932786416756465,-0.2278914417262634,-0.09193702093639243,0.06888553549396471,0.01
0.30303030303030304,0.9387755102040816,0.002631358084351096,-0.03732815494693322,-0.0901956220566606,0.10177155471975405,0.01
0.30303030303030304,0.9591836734693877,0.0008118246801792962,-0.030881130399606865,-0.04943814881026271,3.8924608234272378,0.01
0.30303030303030304,0.9795918367346939,0.0006134744594424139,0.12789974153713424,-0.018995459713816994,-0.9090772919755569,0.01
0.30303030303030304,1.0,3.649979390105165e-05,0.06640998900693959,-0.028271758611526757,0.0,0.01
0.31313131313131315,0.0,6.9369145960915e-05,0.12296055511178004,0.022469351476966017,0.0,0.01
0.31313131313131315,0.02040816326530612,0.0005279273393683847,0.009800965844304664,0.020933641810923907,-0.15049954727212692,0.01
0.31313131313131315,0.04081632653061224,0.0009238035055904621,-0.027354374945153446,0.024858808882630423,0.5351659202993653,0.01
0.31313131313131315,0.061224489795918366,0.001542572599883912,0.010272088541148958,0.024247882969105825,-0.5950366598247753,0.01
0.31313131313131315,0.08163265306122448,0.001913513014533557,-0.03934785266881698,0.08162241619582315,6.217740916043074,0.01
0.31313131313131315,0.1020408163265306,0.004874099791550163,0.3629667824218711,0.23695815757850108,9.005161739459366,0.01
0.31313131313131315,0.12244897959183673,0.011585274548349928,-0.0869094283908966,0.2504107035403906,-7.686812235194197,0.01
0.31313131313131315,0.14285714285714285,0.015094944834015083,0.01584673751370299,0.26014187633062236,8.640467168636912,0.01
0.31313131313131315,0.16326530612244897,0.022203310316946757,0.174742904540305,0.5080585510640938,15.655366955243293,0.01
0.31313131313131315,0.18367346938775508,0.03583202855091687,0.18844095287418053,0.7555441642501944,8.598223136994573,0.01
0.31313131313131315,0.2040816326530612,0.05304184763328122,-0.057880830418697723,1.008389597494525,16.18062932094981,0.01
0.31313131313131315,0.22448979591836732,0.07699078763232604,0.20114795042807637,1.2985902427798772,12.259033917014733,0.01
0.31313131313131315,0.24489795918367346,0.10604553101205172,0.22319588268499282,1.638067948894833,21.009781282250938,0.01
0.31313131313131315,0.26530612244897955,0.1438507039137478,0.4801693181531924,2.0930729109490325,23.580704999060625,0.01
0.31313131313131315,0.2857142857142857,0.1914770783977265,0.1679975606469369,2.5110192143343144,17.378032732697008,0.01
0.31313131313131315,0.3061224489795918,0.24634128409065859,0.29905594533475743,2.9005246695866425,20.793501882031123,0.01
0.31313131313131315,0.32653061224489793,0.3098658404216711,0.23320926895726665,3.335303658406016,21.814839022267517,0.01
0.31313131313131315,0.3469387755102041,0.38247612729090413,0.03906445380068635,3.596849800748851,3.816682927330311,0.01
0.31313131313131315,0.36734693877551017,0.4566760363706038,0.3072379709589577,3.646706848942832,1.0693077956798243,0.01
0.31313131313131315,0.3877551020408163,0.5313213047987748,0.01992984875538184,3.645183512727594,-1.2185947447731735,0.01
0.31313131313131315,0.4081632653061224,0.6054590368900974,-0.14563383446348055,3.4048249847534815,-22.336540996689834,0.01
0.31313131313131315,0.42857142857142855,0.6702937531560598,-0.1863576906046109,2.8460395855591756,-32.42442812435218,0.01
0.31313131313131315,0.44897959183673464,0.721623917933329,-0.12856431874087182,2.220237543688185,-28.90417197900486,0.01
0.31313131313131315,0.4693877551020408,0.7609156937147612,-0.25098123430175734,1.4930084052408918,-42.3642835888299,0.01
0.31313131313131315,0.4897959183673469,0.7825630365145899,-0.43366121052675805,0.4890592974596144,-56.022728973735305,0.01
0.31313131313131315,0.5102040816326531,0.7808772976927046,-0.4623232719067247,-0.520765771821432,-42.94012781580726,0.01
0.31313131313131315,0.5306122448979591,0.76130729072596,-0.3195078615977306,-1.4186497243129217,-45.05249952835874,0.01
0.31313131313131315,0.5510204081632653,0.7229732273125854,-0.4494277443828935,-2.2255690385696987,-34.02559326880543,0.01
0.31313131313131315,0.5714285714285714,0.6704677381312785,-0.2949338554360501,-2.9130939168815457,-33.3518448057556,0.01
0.31313131313131315,0.5918367346938775,0.604071434786808,-0.2114273683971246,-3.4163216766497095,-15.964475651524438,0.01
0.31313131313131315,0.6122448979591836,0.5310260370435352,-0.16891508070007707,-3.5970929047160056,-1.751104698972463,0.01
0.31313131313131315,0.6326530612244897,0.45725131622697107,-0.043088539137644925,-3.6351141615031857,-1.974978466170921,0.01
0.31313131313131315,0.6530612244897959,0.3826540304515685,-0.04063027525791535,-3.6106391729446536,4.373527344907188,0.01
0.31313131313131315,0.673469387755102,0.30987828875984236,0.22014754936591321,-3.33463694319073,22.674691170977347,0.01
0.31313131313131315,0.6938775510204082,0.24654640011725298,0.261607565206368,-2.9042200780000065,19.506161617713488,0.01
0.31313131313131315,0.7142857142857142,0.19133869373943393,0.1500233248832001,-2.5258232309119237,17.57672939691858,0.01
0.31313131313131315,0.7346938775510203,0.1434515743657459,0.17325724143853893,-2.126860141377593,21.521653377445823,0.01
0.31313131313131315,0.7551020408163265,0.10452807572402198,0.47744887494674026,-1.667929909553803,23.453509341285613,0.01
0.31313131313131315,0.7755102040816326,0.07537280254722334,0.21766873756393756,-1.27171249489809,15.37579729497427,0.01
0.31313131313131315,0.7959183673469387,0.052621443279201985,0.24596166238615047,-0.9675887258020825,14.428332076434465,0.01
0.31313131313131315,0.8163265306122448,0.035879385167546504,0.11055791292574202,-0.6921494839416898,12.564713625884016,0.01
0.31313131313131315,0.836734693877551,0.02437044393464322,0.13878613958201277,-0.4276430686010512,13.35691507749856,0.01
0.31313131313131315,0.8571428571428571,0.018424566040972985,-0.3083058713619942,-0.3824539930987139,-8.928385678269494,0.01
0.31313131313131315,0.8775510204081632,0.008760076869389592,0.12470780759623848,-0.3016676584524425,16.845446473604095,0.01
0.31313131313131315,0.8979591836734693,0.006111600389852884,0.0602673182539256,-0.16093393357185484,-3.0535414353065025,0.01
0.31313131313131315,0.9183673469387754,0.002191344886864905,0.3510639649532267,-0.09450371220398437,9.563703129357812,0.01
0.31313131313131315,0.9387755102040816,0.002254306014180053,0.06082374991538217,-0.041440545011174876,-4.363512744462481,0.01
0.31313131313131315,0.9591836734693877,0.0004998940700822571,0.012812116222945659,-0.008548416852084392,7.586941304053347,0.01
0.31313131313131315,0.9795918367346939,0.0019053910406255882,-0.2266559008328646,0.0050816354928535975,-6.251196174249425,0.01
0.31313131313131315,1.0,0.0007073077636681182,0.1192092483850347,-0.05870608057091603,0.0,0.01
0.32323232323232326,0.0,0.0013113949551708144,-0.09524630396349675,-0.033538930079663215,0.0,0.01
0.32323232323232326,0.02040816326530612,0.0006269269943613611,-0.05749079409378643,-0.01626550754660004,1.6927954082401913,0.01
0.32323232323232326,0.04081632653061224,0.0006474966879626495,-0.1605967934075249,0.024975399853061582,2.3488135169266484,0.01
0.32323232323232326,0.061224489795918366,0.0016463310699965277,0.05670391078726799,0.021279800098098184,-2.7109822929130614,0.01
0.32323232323232326,0.08163265306122448,0.0015160599572727794,0.3135193225009054,0.16890544649963823,17.17829564026399,0.01
0.32323232323232326,0.1020408163265306,0.008540430927124618,-0.3057195018645146,0.22518786863717838,-11.662618270785055,0.01
0.32323232323232326,0.12244897959183673,0.010707401534300467,-0.04821678329410183,0.16450725808331867,5.715918436506804,0.01
0.32323232323232326,0.14285714285714285,0.015255012889709053,0.13328286352556745,0.32489422134895,10.002003963525071,0.01
0.32323232323232326,0.16326530612244897,0.023968390160788222,0.19246100680835493,0.5507712609260301,12.133945915028786,0.01
0.32323232323232326,0.18367346938775508,0.037735472519342936,0.06251129697768665,0.6979756641845827,2.2920856043093605,0.01
0.32323232323232326,0.2040816326530612,0.052457192780567104,0.32153410471230687,1.0115342585053375,28.436656639124614,0.01
0.32323232323232326,0.22448979591836732,0.07902258511139752,0.18532589511158729,1.3681496313762451,6.511649902224344,0.01
0.32323232323232326,0.24489795918367346,0.1083000348775567,0.21699287452370436,1.7071186914126648,26.707317981344787,0.01
0.32323232323232326,0.26530612244897955,0.14870089904660833,0.05025912924535488,2.079412720141635,9.777496834094292,0.01
0.32323232323232326,0.2857142857142857,0.19317402345476628,0.021884496612041417,2.4661982281317725,28.1274829489392,0.01
0.32323232323232326,0.3061224489795918,0.2493620512152521,0.293711210041397,2.9166629206331383,16.018056916194634,0.01
0.32323232323232326,0.32653061224489793,0.3122214896030576,0.2770314217933559,3.270962329693039,18.703285171675656,0.01
0.32323232323232326,0.3469387755102041,0.3828707177333353,0.06368993431745318,3.615170035082603,15.029069956501615,0.01
0.32323232323232326,0.36734693877551017,0.45977945021867406,-0.22942201828502426,3.6419715173912164,-12.402524690257504,0.01
0.32323232323232326,0.3877551020408163,0.5315226164023645,0.15285673536981104,3.533109177042243,1.7340153360581108,0.01
0.32323232323232326,0.4081632653061224,0.6039879880571329,-0.20661997878492397,3.3537740280431803,-19.30885993796625,0.01
0.32323232323232326,0.42857142857142855,0.6684113522408617,-0.5365146225458537,2.850263859652144,-30.035136564355295,0.01
0.32323232323232326,0.44897959183673464,0.720325288451098,-0.2844662294284591,2.2042448485308106,-33.27472652553541,0.01
0.32323232323232326,0.4693877551020408,0.7583805297319152,-0.512076588522418,1.4175046289908493,-43.82581498938082,0.01
0.32323232323232326,0.4897959183673469,0.7781826202466429,-0.5319386692591411,0.4367574800725265,-52.28740560461483,0.01
0.32323232323232326,0.5102040816326531,0.7762073656532428,-0.410211453420991,-0.4925157006218242,-38.78136610343155,0.01
0.32323232323232326,0.5306122448979591,0.7580799385886092,-0.550887687996769,-1.415458406895408,-51.66701911137966,0.01
0.32323232323232326,0.5510204081632653,0.7184335531268996,-0.2773806947241658,-2.219487592600394,-27.12784108770899,0.01
0.32323232323232326,0.5714285714285714,0.6674886082783891,-0.3897780460262537,-2.8541948339355727,-35.07346856313854,0.01
0.32323232323232326,0.5918367346938775,0.6019358048029987,0.03822170808749503,-3.3851352121948475,-16.958688506270388,0.01
0.32323232323232326,0.6122448979591836,0.5293198241071708,0.15611613689910042,-3.5554332954548213,0.26947634679294513,0.01
0.32323232323232326,0.6326530612244897,0.45681607845790395,-0.015915662261351604,-3.60336691167154,-4.966970736031347,0.01
0.32323232323232326,0.6530612244897959,0.38224362363078146,0.05232973947423663,-3.5454948884159956,10.638429015074681,0.01
0.32323232323232326,0.673469387755102,0.31210200137970007,0.21830972576057214,-3.2598407099445184,17.355680475130068,0.01
0.32323232323232326,0.6938775510204082,0.24918890077590317,0.18353580072735823,-2.9215740527457283,15.79445193035135,0.01
0.32323232323232326,0.7142857142857142,0.19285408085946626,0.44629611935932206,-2.5476877049756794,20.846410151113474,0.01
0.32323232323232326,0.7346938775510203,0.14520164751158973,0.2750097202179266,-2.0458305860588384,28.335587502736963,0.01
0.32323232323232326,0.7551020408163265,0.10935079163257491,0.1568861915321026,-1.6569391857651943,9.77576972604018,0.01
0.32323232323232326,0.7755102040816326,0.07757147666403079,0.20916899045157003,-1.3289997343701552,22.36229651067369,0.01
0.32323232323232326,0.7959183673469387,0.05510590451542573,0.16311155257384397,-0.994095950081232,10.45827434964077,0.01
0.32323232323232326,0.8163265306122448,0.03699613176275602,0.23981612808770314,-0.7186727193831178,16.533202258774395,0.01
0.32323232323232326,0.836734693877551,0.025772324132441328,0.034951361325766823,-0.5313012778439758,1.8291990120615256,0.01
0.32323232323232326,0.8571428571428571,0.01531036532014476,0.10901518309801661,-0.385938024751759,12.416399790975738,0.01
0.32323232323232326,0.8775510204081632,0.010019751693594021,-0.04623778422748528,-0.21045510142628052,4.780926694921164,0.01
0.32323232323232326,0.8979591836734693,0.006720361180296577,-0.13691476415332549,-0.10491650069057996,5.56185617717749,0.01
0.32323232323232326,0.9183673469387754,0.0057374455429581046,-0.2587844817661732,-0.09436600941907845,-4.527908032570341,0.01
0.32323232323232326,0.9387755102040816,0.0028686873264566408,-0.025089297149775838,-0.1251493358585677,1.5111420415003973,0.01
0.32323232323232326,0.9591836734693877,0.0006293093854655466,0.06945217475611958,-0.07969237082513538,2.943640531775969,0.01
0.32323232323232326,0.9795918367346939,-0.00038406250314072115,0.21930418115935388,0.03141223890670392,7.944611221944284,0.01
0.32323232323232326,1.0,0.001911441585739176,-0.3227179648720806,0.11247970035511497,0.0,0.01
0.33333333333333337,0.0,0.0003493110767516553,-0.19734791778062102,-0.014851859538089417,0.0,0.01
0.33333333333333337,0.02040816326530612,4.6211902504932545e-05,-0.036006186847846455,-0.03243810341911206,-1.7234519003402196,0.01
0.33333333333333337,0.04081632653061224,-0.000974693144436592,0.31995738542885677,0.05323570560645383,10.11948518484568,0.01
0.33333333333333337,0.061224489795918366,0.0022190978456254973,0.0018566426820959242,0.1386115661562451,-1.7526508509661343,0.01
0.33333333333333337,0.08163265306122448,0.004682921800716269,0.005287950961206239,0.07921480397470214,-4.068231842825077,0.01
0.33333333333333337,0.1020408163265306,0.00545235515071538,0.11700538905973205,0.13566731720306038,9.600578139204186,0.01
0.33333333333333337,0.12244897959183673,0.010220363319208529,0.13827863580327726,0.27314925759904607,3.87265201960241,0.01
0.33333333333333337,0.14285714285714285,0.01660130444047236,0.0765900245046015,0.3844558966773359,7.035398610069988,0.01
0.33333333333333337,0.16326530612244897,0.02591244073460999,-0.006158318913333702,0.5332570853662011,7.547117881438811,0.01
0.33333333333333337,0.18367346938775508,0.03836689976154179,0.06820346155574612,0.7299179964941466,11.725651409099845,0.01
0.33333333333333337,0.2040816326530612,0.055705012020085355,0.14597222299970303,1.0419277701647371,18.851306410618037,0.01
0.33333333333333337,0.22448979591836732,0.0808945638498984,0.024281792432526466,1.3422783168346213,10.583047163030617,0.01
0.33333333333333337,0.24489795918367346,0.11049188209496785,0.27305186530082515,1.6736930776376882,21.895599395669937,0.01
0.33333333333333337,0.26530612244897955,0.14920856701878363,0.12918516920894335,2.0311283235877386,13.133054707435013,0.01
0.33333333333333337,0.2857142857142857,0.19339507897610003,0.5007890472984962,2.526446470348975,35.40812367516615,0.01
0.33333333333333337,0.3061224489795918,0.25232883111466015,-0.011696565021145853,2.979805341511342,9.021045698745848,0.01
0.33333333333333337,0.32653061224489793,0.3150197867928895,0.2669595550859887,3.2140378725694365,13.933742344947417,0.01
0.33333333333333337,0.3469387755102041,0.3835140504032086,0.07114074325042613,3.4898355978914886,13.094434736613676,0.01
0.33333333333333337,0.36734693877551017,0.4574620560945829,0.011882149638808846,3.6640380489647795,3.977405468568843,0.01
0.33333333333333337,0.3877551020408163,0.5330666238303424,-0.2997536774173899,3.5387521060094396,-16.25542787819218,0.01
0.33333333333333337,0.4081632653061224,0.6019009175643559,-0.10686834548303124,3.1831720253266775,-18.591420028718506,0.01
0.33333333333333337,0.42857142857142855,0.6629920126191864,0.12311885050602421,2.8309988784322795,-15.921548366932498,0.01
0.33333333333333337,0.44897959183673464,0.7174518921942449,-0.2796920337709544,2.2102926448295395,-44.90766252613601,0.01
0.33333333333333337,0.4693877551020408,0.7532080389387594,-0.5351899672184565,1.3562614494367915,-38.78739462235331,0.01
0.33333333333333337,0.4897959183673469,0.7728095023753384,-0.5754160795658054,0.4619665286582332,-48.85350761394543,0.01
0.33333333333333337,0.5102040816326531,0.7720638156186873,-0.36482491393618083,-0.4972051042488129,-45.145312410945095,0.01
0.33333333333333337,0.5306122448979591,0.7525154164876318,-0.4164854076018229,-1.382586148430032,-41.62202991881437,0.01
0.33333333333333337,0.5510204081632653,0.7156317279276656,-0.30654189339458193,-2.179617024637994,-36.486995949565895,0.01
0.33333333333333337,0.5714285714285714,0.6635514562983259,-0.04684527194566212,-2.7760912089973333,-21.967474117649406,0.01
0.33333333333333337,0.5918367346938775,0.6023218826624683,-0.1667617279761555,-3.250040187127462,-24.47952573910318,0.01
0.33333333333333337,0.6122448979591836,0.5308967547829193,-0.1404651243229269,-3.568830927510849,-6.761966818468905,0.01
0.33333333333333337,0.6326530612244897,0.4566553141926378,0.1368234625232107,-3.6290514241655716,0.8603581463060872,0.01
0.33333333333333337,0.6530612244897959,0.38277220685779395,0.30068270194695207,-3.487530019663095,13.008739494936746,0.01
0.33333333333333337,0.673469387755102,0.31430715012475635,0.1908027063819425,-3.2273705230687457,12.486891171309479,0.01
0.33333333333333337,0.6938775510204082,0.2510427977529472,0.26900567993745006,-2.8651531775621994,23.01040868833214,0.01
0.33333333333333337,0.7142857142857142,0.19736212246915638,0.2031001940314992,-2.5250502198492257,10.319681167539375,0.01
0.33333333333333337,0.7346938775510203,0.14797952347338697,0.3699631028263517,-2.1174522348645644,29.62492136095744,0.01
0.33333333333333337,0.7551020408163265,0.11093550063794969,-0.1847984678461046,-1.6732331037376764,13.908553489477603,0.01
0.33333333333333337,0.7755102040816326,0.07968429474940018,0.087939399545263,-1.3274591147184112,19.977297434410424,0.01
0.33333333333333337,0.7959183673469387,0.056753495955565565,0.15686548074487194,-0.9865115574339061,13.435563179471053,0.01
0.33333333333333337,0.8163265306122448,0.03941851689495504,-0.0062709083488572395,-0.750389130348551,9.704434674893738,0.01
0.33333333333333337,0.836734693877551,0.026125368186236952,0.04871197903023814,-0.5636712086747568,8.593921649138101,0.01
0.33333333333333337,0.8571428571428571,0.016411528785781292,0.04314321525193766,-0.4060302880452406,6.854888572554502,0.01
0.33333333333333337,0.8775510204081632,0.009552703368063867,0.2364308888556166,-0.2713165530187844,6.347057460038212,0.01
0.33333333333333337,0.8979591836734693,0.005337383764606421,0.023571906898440326,-0.1575164409905583,4.8053535187279435,0.01
0.33333333333333337,0.9183673469387754,0.0031234608786533244,0.053927723391662546,-0.0666920302111293,4.0954387376561,0.01
0.33333333333333337,0.9387755102040816,0.002615260082519511,-0.020974198392317737,-0.043919052173757835,-1.8636868899936958,0.01
0.33333333333333337,0.9591836734693877,0.0013308465042142293,-0.039108188901690856,-0.019211156496108314,4.28506066640335,0.01
0.33333333333333337,0.9795918367346939,0.0018311312459436617,-0.02248480015772467,-0.06563996736492139,-8.835084131547031,0.01
0.33333333333333337,1.0,-0.0013483358372111335,0.02978115848153249,-0.15579388707458497,0.0,0.01
0.3434343434343435,0.0,-0.0016441022341637085,0.13749874283490152,0.06500414870136467,0.0,0.01
0.3434343434343435,0.02040816326530612,-0.0003174869545440216,-0.08615737248367569,0.09558189586000114,2.996619221546375,0.01
0.3434343434343435,0.04081632653061224,0.0022571996376730724,-0.04683223926813069,0.06260579978305575,-6.228276637087024,0.01
0.3434343434343435,0.061224489795918366,0.0022378518121113147,0.06213346645239157,0.06073882732334168,6.045313336035046,0.01
0.3434343434343435,0.08163265306122448,0.004736335446789059,-0.07176502719735807,0.10771121090654139,-1.4420197448814747,0.01
0.3434343434343435,0.1020408163265306,0.0066342277674803505,0.1724621591990908,0.16857915335084564,7.4070781044232925,0.01
0.3434343434343435,0.12244897959183673,0.01161711721621133,-0.057764666489162966,0.2631474754616653,1.8606174624370302,0.01
0.3434343434343435,0.14285714285714285,0.01737494105162995,-0.05527942514200526,0.34871139778282095,6.524646925036231,0.01
0.3434343434343435,0.16326530612244897,0.025850235493061164,0.27127867978096937,0.531181622818252,11.357435128436014,0.01
0.3434343434343435,0.18367346938775508,0.03905582361564024,0.05888003413262564,0.7675664639372719,11.808279301227925,0.01
0.3434343434343435,0.2040816326530612,0.057179478919072255,0.32139572147343054,1.031058266189799,14.013917319519738,0.01
0.3434343434343435,0.22448979591836732,0.08113983448052998,0.1580976173828335,1.3737273192222728,19.5676498776627,0.01
0.3434343434343435,0.24489795918367346,0.11324998174447114,-0.06078551822610168,1.69965401431468,12.373166241393232,0.01
0.3434343434343435,0.26530612244897955,0.15051346771786386,0.09828182594679262,2.087487525193223,25.634517824703952,0.01
0.3434343434343435,0.2857142857142857,0.19845355420133737,0.14595310533746034,2.491581798746579,13.966720983524967,0.01
0.3434343434343435,0.3061224489795918,0.25221068399323443,0.21695719129575977,2.9219384469739036,28.20823054275283,0.01
0.3434343434343435,0.32653061224489793,0.31771634795537423,0.1262775700531717,3.2345380145154317,2.4265270763169533,0.01
0.3434343434343435,0.3469387755102041,0.3842326437693745,0.2240931925362046,3.426710381391934,16.40636487758027,0.01
0.3434343434343435,0.36734693877551017,0.4575820778081062,0.10893385032568347,3.5722510458702192,-2.143379758708331,0.01
0.3434343434343435,0.3877551020408163,0.5300388089069344,-0.09302438686995516,3.509364357216661,-4.019515729340377,0.01
0.3434343434343435,0.4081632653061224,0.6008214393271536,-0.38606918628617387,3.2878222973885323,-17.69160613381621,0.01
0.3434343434343435,0.42857142857142855,0.6642356373717725,-0.6324453399964975,2.7882293798155713,-31.268499788333997,0.01
0.3434343434343435,0.44897959183673464,0.7146267201359524,-0.7200260921392238,2.047377836402774,-41.33495146612012,0.01
0.3434343434343435,0.4693877551020408,0.7478020796739265,-0.3659815453328921,1.2830772158815003,-33.56650934496475,0.01
0.3434343434343435,0.4897959183673469,0.7669972187433606,-0.4484573031704316,0.5041275771977862,-42.77055524603924,0.01
0.3434343434343435,0.5102040816326531,0.7683787154779178,-0.6627011958652717,-0.45787377633853443,-51.5055774005202,0.01
0.3434343434343435,0.5306122448979591,0.7483084931785224,-0.4484931816806474,-1.3681625726394342,-37.702724636967986,0.01
0.3434343434343435,0.5510204081632653,0.7125353451661042,-0.47463387042983046,-2.088140425409954,-32.85510493454296,0.01
0.3434343434343435,0.5714285714285714,0.6630782717332182,-0.585842035975773,-2.74149914785843,-31.1740498654077,0.01
0.3434343434343435,0.5918367346938775,0.6006374207637193,-0.3317208311493512,-3.2732087364531486,-20.93348981687473,0.01
0.3434343434343435,0.6122448979591836,0.5294779151432938,-0.14212981212193176,-3.4937012591549452,-0.6747774079013515,0.01
0.3434343434343435,0.6326530612244897,0.4580373693696399,-0.09965664490888447,-3.5198784772603995,-1.8905899664331718,0.01
0.3434343434343435,0.6530612244897959,0.3858094058673591,-0.0382514586720904,-3.4741715199202776,6.369871785765119,0.01
0.3434343434343435,0.673469387755102,0.3162344501892204,0.04879129765972406,-3.2352097860912994,17.04837812947475,0.01
0.3434343434343435,0.6938775510204082,0.25376002684322446,0.23503501548349595,-2.8621098599115515,19.515414636140545,0.01
0.3434343434343435,0.7142857142857142,0.19941363958058567,0.0970642090902447,-2.5000658071140935,15.964902538010374,0.01
0.3434343434343435,0.7346938775510203,0.151716524512037,0.1971379834850942,-2.2134473582585166,12.12370544983614,0.01
0.3434343434343435,0.7551020408163265,0.10906884944758499,0.3668044332550081,-1.743026848489057,33.97750450757092,0.01
0.3434343434343435,0.7755102040816326,0.08057257151248365,0.26943252650638494,-1.242905915319634,15.034346943032533,0.01
0.3434343434343435,0.7959183673469387,0.05833799576106932,0.24586530987786073,-1.0098262295895217,7.807462258518479,0.01
0.3434343434343435,0.8163265306122448,0.039355174386380726,0.02520608996644966,-0.7771543908738898,14.994377935613446,0.01
0.3434343434343435,0.836734693877551,0.02661740837846158,0.13344574606897672,-0.5514424609149642,7.125391200361242,0.01
0.3434343434343435,0.8571428571428571,0.016847318838831168,0.25078771061971505,-0.3595745982399702,11.677659341788171,0.01
0.3434343434343435,0.8775510204081632,0.011940894164585247,0.1535822850082588,-0.27615995761131656,-3.5030245601801124,0.01
0.3434343434343435,0.8979591836734693,0.005575483834287636,0.1617012391760219,-0.2026813657770924,10.703926559934077,0.01
0.3434343434343435,0.9183673469387754,0.0036681853573569865,0.06631051424768691,-0.07771606636894317,1.5426727820645518,0.01
0.3434343434343435,0.9387755102040816,0.00240339949269812,0.005482562377336206,-0.06694309107463822,-0.4869212032226671,0.01
0.3434343434343435,0.9591836734693877,0.0009358142930860388,0.18187775113651017,-0.0195849922865373,5.128014884456559,0.01
0.3434343434343435,0.9795918367346939,0.0016040120524312912,-0.09363542723754405,-0.048591593517558034,-7.97066180509659,0.01
0.3434343434343435,1.0,-0.0010475160545693912,0.11258112522634695,-0.12992487724303345,0.0,0.01
0.3535353535353536,0.0,-0.000255226043912178,0.07416506564397618,-0.04569433261793114,0.0,0.01
0.3535353535353536,0.02040816326530612,-0.0011877634442781196,0.18938280184682277,0.04996463261228104,9.374578592560797,0.01
0.3535353535353536,0.04081632653061224,0.0017841467157727624,-0.1761375662638025,0.09930403770157746,-4.5393168938097475,0.01
0.3535353535353536,0.061224489795918366,0.0028654625843576942,0.23789206174065822,0.0545685919267147,0.15524320787319779,0.01
0.3535353535353536,0.08163265306122448,0.004011436182169281,-0.025457887666974707,0.1350147762832498,7.728482859067242,0.01
0.3535353535353536,0.1020408163265306,0.008376269779592379,-0.05251600786740881,0.1720438890816616,-4.099629804822883,0.01
0.3535353535353536,0.12244897959183673,0.011033635736522815,0.0737338348061441,0.20678718438735358,7.504472744780698,0.01
0.3535353535353536,0.14285714285714285,0.016816563019892525,0.05846627006369719,0.43014131680926787,14.384232232566903,0.01
0.3535353535353536,0.16326530612244897,0.02859042417771742,-0.02399655601603459,0.559433206174095,-1.7136270748138405,0.01
0.3535353535353536,0.18367346938775508,0.03965057143516171,0.3673452273467993,0.779969166174295,23.326151154833443,0.01
0.3535353535353536,0.2040816326530612,0.060425900348096806,-0.17968497453553137,1.0556121125496989,3.6868575899561375,0.01
0.3535353535353536,0.22448979591836732,0.08273678011065962,-0.013160772242714181,1.279147113438045,18.219572497101794,0.01
0.3535353535353536,0.24489795918367346,0.11263598661087415,0.2931799006822523,1.6848511164340438,21.53941979650609,0.01
0.3535353535353536,0.26530612244897955,0.15150621343449813,0.35690818094311766,2.138650113852892,22.932881950541063,0.01
0.3535353535353536,0.2857142857142857,0.19992782799262485,0.013067022155352574,2.520950954817788,14.532600464018744,0.01
0.3535353535353536,0.3061224489795918,0.2544021707739997,0.24429862348226042,2.9170692488479935,24.286992350941404,0.01
0.3535353535353536,0.32653061224489793,0.31899187896601233,0.06389657277951905,3.2363039946203904,6.99801273475348,0.01
0.3535353535353536,0.3469387755102041,0.3864962113707503,-0.06292538163936817,3.422418248732101,11.241184168194172,0.01
0.3535353535353536,0.36734693877551017,0.4586824197305879,-0.13842368021879226,3.4937724529868763,-4.248472151226181,0.01
0.3535353535353536,0.3877551020408163,0.5290991686355208,-0.04184885889750888,3.386863605731908,-6.228594879760709,0.01
0.3535353535353536,0.4081632653061224,0.5969217505767882,0.06315585678207836,3.154329233230954,-16.559773625332838,0.01
0.3535353535353536,0.42857142857142855,0.6578473006041311,-0.06165907089683186,2.7055834788721396,-27.417310301830955,0.01
0.3535353535353536,0.44897959183673464,0.7073537293062633,0.006924023178149995,2.113320896698313,-30.624422751204072,0.01
0.3535353535353536,0.4693877551020408,0.7441052963877357,-0.3544455654643222,1.350283633353575,-44.15322905658025,0.01
0.3535353535353536,0.4897959183673469,0.7624673469941643,-0.346050078076615,0.43069695661149027,-45.96626526414407,0.01
0.3535353535353536,0.5102040816326531,0.7616847640045312,-0.35248933999730053,-0.45788265536378986,-41.11453670943339,0.01
0.3535353535353536,0.5306122448979591,0.7437782590201321,-0.3904165426106529,-1.321620658769047,-43.53178762428184,0.01
0.3535353535353536,0.5510204081632653,0.7077410636466109,-0.23206898116212046,-2.122130798442586,-34.91820606372497,0.01
0.3535353535353536,0.5714285714285714,0.6571606754102306,-0.15829964816785946,-2.7061317795516446,-22.313890084962786,0.01
0.3535353535353536,0.5918367346938775,0.5972867052975642,-0.20351555229357518,-3.1634011659034607,-22.498509777515178,0.01
0.3535353535353536,0.6122448979591836,0.5280422604753955,-0.005426483287278571,-3.436271233267153,-4.242756824126682,0.01
0.3535353535353536,0.6326530612244897,0.4570307365927825,-0.06923644820939334,-3.4941712079723075,-1.431440696978597,0.01
0.3535353535353536,0.6530612244897959,0.38542302749693397,0.058017237116459446,-3.4374344028199655,6.991647601907987,0.01
0.3535353535353536,0.673469387755102,0.3167272915797227,0.13256988080383875,-3.167578284911382,19.45425195313323,0.01
0.3535353535353536,0.6938775510204082,0.2561341179087143,-0.055371385096140806,-2.8501635333454125,11.652393700331729,0.01
0.3535353535353536,0.7142857142857142,0.20039408613705278,-0.006853747097686296,-2.50944436553794,21.738084744800577,0.01
0.3535353535353536,0.7346938775510203,0.1537078172745127,0.05945968963126113,-2.14669346439956,13.811503566760715,0.01
0.3535353535353536,0.7551020408163265,0.11277394473298911,0.43759007378728343,-1.7251357747110607,27.50115002271229,0.01
0.3535353535353536,0.7755102040816326,0.08329411218426531,0.10874469487796758,-1.272835294337211,16.824297053925033,0.01
0.3535353535353536,0.7959183673469387,0.06082148373963357,0.004009598880800873,-1.0702661052988995,3.0274834718294907,0.01
0.3535353535353536,0.8163265306122448,0.0396097813557388,0.3058805647604472,-0.8049753940387145,22.971006231668664,0.01
0.3535353535353536,0.836734693877551,0.027965345207441143,0.16353867581586717,-0.49561670630885307,7.346145165857775,0.01
0.3535353535353536,0.8571428571428571,0.019380528037010108,-0.0870700075489955,-0.35459131335095595,6.4743433440161535,0.01
0.3535353535353536,0.8775510204081632,0.013492230376789881,-0.14539768994076396,-0.2982066096352608,-0.9486423798780259,0.01
0.3535353535353536,0.8979591836734693,0.007208829684550484,-0.016082782861471003,-0.22427892520773898,8.19355545377517,0.01
0.3535353535353536,0.9183673469387754,0.004337988531576046,0.18399853917927433,-0.11637624396053708,2.3809073084506163,0.01
0.3535353535353536,0.9387755102040816,0.0024587789106510108,-0.0021077003852644533,-0.03834311830922236,5.266339005378231,0.01
0.3535353535353536,0.9591836734693877,0.0027729632944649297,0.1367655713019915,-0.04411419173668444,-5.831904201269515,0.01
0.3535353535353536,0.9795918367346939,0.0006581996560924624,0.0882900382713585,-0.06574075851552773,3.7125006569428716,0.01
0.3535353535353536,1.0,8.966702852502239e-05,-0.08831450362525346,-0.027858098750804562,0.0,0.01
0.36363636363636365,0.0,0.0004939160332997028,0.04776891170611761,0.011332627724891913,0.0,0.01
0.36363636363636365,0.02040816326530612,0.0007251941501342316,-0.061488428043114,-0.011978948011361172,-2.284534422152803,0.01
0.36363636363636365,0.04081632653061224,4.979379774757006e-06,0.174703924719487,0.11130885454399127,14.366739072577344,0.01
0.36363636363636365,0.061224489795918366,0.005268412702950202,-0.022276377261168684,0.09185800733704079,-16.272922098858494,0.01
0.36363636363636365,0.08163265306122448,0.0037542858016947887,0.07305340705065967,0.0631461125923645,13.459156413880217,0.01
0.36363636363636365,0.1020408163265306,0.007845805053658957,0.14424363697423132,0.19659133555228192,-0.3815245638083081,0.01
0.36363636363636365,0.12244897959183673,0.011778421946685887,0.17873365706871217,0.23425249559252628,4.072318247752257,0.01
0.36363636363636365,0.14285714285714285,0.017407131404374315,0.23661920982510581,0.4059555130199408,12.754577460134369,0.01
0.36363636363636365,0.16326530612244897,0.02834803472301,-0.009216032127376546,0.6358729481279941,9.777331180454853,0.01
0.36363636363636365,0.18367346938775508,0.04336112928714958,0.09667268301769076,0.7414402141164398,0.5682608864128263,0.01
0.36363636363636365,0.2040816326530612,0.05861090060531366,0.3184629069321033,0.9614464863886576,20.992353796264528,0.01
0.36363636363636365,0.22448979591836732,0.08260384301729887,0.34126519721723164,1.396169229022244,21.61047498182695,0.01
0.36363636363636365,0.24489795918367346,0.11559739974907872,0.1730785585179719,1.7764338371719517,15.655456616844404,0.01
0.36363636363636365,0.26530612244897955,0.1551113465753377,0.24561553912131293,2.069329249975023,13.048293837856598,0.01
0.36363636363636365,0.2857142857142857,0.20005981811540618,0.26345786274090816,2.4930829330219195,28.47956710073925,0.01
0.36363636363636365,0.3061224489795918,0.25686983363745686,-0.06664311534180045,2.929648279052964,14.303836810303139,0.01
0.36363636363636365,0.32653061224489793,0.3196372988930782,-0.0899892470409314,3.1602738115347346,8.29746537291039,0.01
0.36363636363636365,0.3469387755102041,0.3858606014552011,-0.0978688784927526,3.372349095212317,12.485912427492668,0.01
0.36363636363636365,0.36734693877551017,0.45728420073847886,-0.08179667116889204,3.4989883601300638,-0.07526446555346751,0.01
0.36363636363636365,0.3877551020408163,0.5286764528890813,-0.13405055306013058,3.4367494507472753,-6.0241486539598235,0.01
0.36363636363636365,0.4081632653061224,0.5975596885240819,-0.3640167291779584,3.149426706019,-22.133480329411146,0.01
0.36363636363636365,0.42857142857142855,0.6572244817061833,-0.35534152983305795,2.691667520050965,-22.726919895456255,0.01
0.36363636363636365,0.44897959183673464,0.7074236689343254,-0.6820774812518439,2.040863632891207,-41.05186104620011,0.01
0.36363636363636365,0.4693877551020408,0.7405250381507223,-0.5492243108151847,1.2629314567804262,-35.1854922126564,0.01
0.36363636363636365,0.4897959183673469,0.7589718916600571,-0.6230009065690155,0.4311810730149451,-46.32604539636075,0.01
0.36363636363636365,0.5102040816326531,0.7581242656207201,-0.35334541930260527,-0.46886223497069823,-41.87819878623231,0.01
0.36363636363636365,0.5306122448979591,0.7398346575796204,-0.40071325422426524,-1.2918196608754924,-38.77162895243754,0.01
0.36363636363636365,0.5510204081632653,0.7053969325237612,-0.38735160853493283,-2.064687728605733,-36.96944168512604,0.01
0.36363636363636365,0.5714285714285714,0.6555616890651007,-0.09238953152537764,-2.699065526952863,-25.19958255289273,0.01
0.36363636363636365,0.5918367346938775,0.5952309926481342,-0.25360504090637603,-3.125568918028973,-16.59774977256607,0.01
0.36363636363636365,0.6122448979591836,0.5279874475128977,0.12561727500816544,-3.4030405458927846,-10.594469758087449,0.01
0.36363636363636365,0.6326530612244897,0.45633137853006134,0.11029870521560546,-3.478470489286534,3.2023353055001564,0.01
0.36363636363636365,0.6530612244897959,0.38600906019508,0.34920535031468225,-3.38749243250861,5.713514258736523,0.01
0.36363636363636365,0.673469387755102,0.31806638128481196,0.22626600943133,-3.1956391055599545,13.08811178223173,0.01
0.36363636363636365,0.6938775510204082,0.2555748109885513,0.2487379706724888,-2.884667360452356,17.387119238312877,0.01
0.36363636363636365,0.7142857142857142,0.2003248563683893,0.46975753186995106,-2.4810265743175224,22.169677802900715,0.01
0.36363636363636365,0.7346938775510203,0.15430842020008098,0.11180245060407241,-2.0367048420593403,21.373851958401154,0.01
0.36363636363636365,0.7551020408163265,0.11719404648841622,0.07821370508108234,-1.7129389804833404,10.355202476046864,0.01
0.36363636363636365,0.7755102040816326,0.08439254344565893,-0.026776684021763832,-1.3801355128746737,22.259537349602528,0.01
0.36363636363636365,0.7959183673469387,0.06086198473842954,0.17897449616382297,-1.0214799556815184,12.888707255326748,0.01
0.36363636363636365,0.8163265306122448,0.042699484030086755,0.111248040778947,-0.7654959760093295,12.197722752547767,0.01
0.36363636363636365,0.836734693877551,0.029617251023763034,-0.024182272802102396,-0.59286204996119,4.720402000169902,0.01
0.36363636363636365,0.8571428571428571,0.01850103301126268,0.06423877819429401,-0.43104526245234454,11.13764317569696,0.01
0.36363636363636365,0.8775510204081632,0.01202356684203469,0.04777368820133768,-0.2806390641317825,3.602164259718114,0.01
0.36363636363636365,0.8979591836734693,0.007046377332414413,0.055460709427825904,-0.14276167658712344,9.909819719658476,0.01
0.36363636363636365,0.9183673469387754,0.006196559634396999,-0.22426136417302522,-0.11291776395379911,-6.985116281592693,0.01
0.36363636363636365,0.9387755102040816,0.0024374890077695516,-0.009822512103903521,-0.0500320851071358,13.1479128085657,0.01
0.36363636363636365,0.9591836734693877,0.004154433711656763,-0.2976449720893406,-0.02174303419034845,-10.37558581872054,0.01
0.36363636363636365,0.9795918367346939,0.0015500182244900232,-0.08017726057788414,-0.12144239321974493,0.6050486338396821,0.01
0.36363636363636365,1.0,-0.0008023986646593562,0.3554039553609942,-0.1152684275683196,0.0,0.01
0.37373737373737376,0.0,0.0009764302929574565,-0.04700309904081364,-0.04274423740351566,0.0,0.01
0.37373737373737376,0.02040816326530612,0.00010409891737550429,-0.011943359240740662,0.019434262279826208,6.093492968967504,0.01
0.37373737373737376,0.04081632653061224,0.0017696654880524037,0.005532974199869035,0.12101284690922018,3.8612083247131053,0.01
0.37373737373737376,0.061224489795918366,0.005043398791221225,-0.11215747181967832,0.06670207114627037,-9.183664349482186,0.01
0.37373737373737376,0.08163265306122448,0.004492199004226705,-0.14068648200121553,0.10435561106476147,12.873711261494314,0.01
0.37373737373737376,0.1020408163265306,0.009302811487742101,-0.02764304126572858,0.22274452873856765,-1.271597329461308,0.01
0.37373737373737376,0.12244897959183673,0.013583812422127424,-0.08805889587544802,0.2571131171566316,4.639718994431576,0.01
0.37373737373737376,0.14285714285714285,0.019797224432910737,0.15697457568703058,0.3594427111481815,5.388581216740313,0.01
0.37373737373737376,0.16326530612244897,0.028254943489400136,0.34146763229321747,0.601239716746361,18.307525331881287,0.01
0.37373737373737376,0.18367346938775508,0.04433762103480302,0.24547859081976775,0.8225324768129777,3.3791651546471493,0.01
0.37373737373737376,0.2040816326530612,0.061827697645031876,0.26089974505050806,1.0219769570744026,16.16639391097249,0.01
0.37373737373737376,0.22448979591836732,0.08605096622151333,0.3716267876442569,1.3601902741116763,16.978511158680327,0.01
0.37373737373737376,0.24489795918367346,0.11734566801693702,0.17409428437018226,1.7527629621886183,21.493612272860005,0.01
0.37373737373737376,0.26530612244897955,0.15759231161696713,0.05467813283181843,2.0916958454645376,11.721810288180095,0.01
0.37373737373737376,0.2857142857142857,0.20272100864814263,0.2352819328334836,2.415806801361856,20.041063389757113,0.01
0.37373737373737376,0.3061224489795918,0.25619667085622655,0.4967986994754751,2.842179044814024,21.743416468555363,0.01
0.37373737373737376,0.32653061224489793,0.31872831659973544,0.1591257416777685,3.1525462236842468,8.672567060726458,0.01
0.37373737373737376,0.3469387755102041,0.3848720269249713,0.22668666839679144,3.3743765508574177,13.066805002244303,0.01
0.37373737373737376,0.36734693877551017,0.4564579717367729,-0.011328616382073052,3.4900343093532884,-1.7323446696489517,0.01
0.37373737373737376,0.3877551020408163,0.5273224068985749,0.04038536265459014,3.366907113159173,-10.33412055737438,0.01
0.37373737373737376,0.4081632653061224,0.5938827518657187,0.06666493295306508,3.0946627774236797,-16.345824344703964,0.01
0.37373737373737376,0.42857142857142855,0.6536351733240312,-0.36187752602320616,2.6129555157498525,-30.86148729933112,0.01
0.37373737373737376,0.44897959183673464,0.700533997406529,-0.1654228268341533,1.9928825406279531,-29.905664262615016,0.01
0.37373737373737376,0.4693877551020408,0.7349773178394579,-0.25066216808604513,1.2775514171817322,-40.196785835114646,0.01
0.37373737373737376,0.4897959183673469,0.752678953209865,-0.37778301384369045,0.4796561522276542,-37.996950130385,0.01
0.37373737373737376,0.5102040816326531,0.7545551199711988,-0.6330140370714195,-0.4138516543399267,-49.566814913237934,0.01
0.37373737373737376,0.5306122448979591,0.7357870489510925,-0.35231871188974345,-1.3002353339683412,-37.298785690346705,0.01
0.37373737373737376,0.5510204081632653,0.7014842900133074,-0.26932976787456697,-1.9883853931903517,-30.139920113410334,0.01
0.37373737373737376,0.5714285714285714,0.6546284614739353,-0.23825100969547527,-2.6659666289033717,-36.263040986465654,0.01
0.37373737373737376,0.5918367346938775,0.5926693255682718,-0.07369822793423308,-3.0716177386343086,-3.4907677671661554,0.01
0.37373737373737376,0.6122448979591836,0.5292563088766166,-0.2111466168050052,-3.312983558216133,-20.163082551852607,0.01
0.37373737373737376,0.6326530612244897,0.4574455068655725,-0.06117632643946385,-3.4231380868116887,9.367938749488104,0.01
0.37373737373737376,0.6530612244897959,0.3895363869659354,-0.13109947702783198,-3.3587934531824963,-3.0621646538272396,0.01
0.37373737373737376,0.673469387755102,0.32035189653159307,0.2570648526988976,-3.220502244966356,16.614703059009013,0.01
0.37373737373737376,0.6938775510204082,0.25808731574281885,0.20312123316795397,-2.8244093574246163,22.202399920081543,0.01
0.37373737373737376,0.7142857142857142,0.20506988194283324,0.01550600322887463,-2.514914657566777,8.128080665986754,0.01
0.37373737373737376,0.7346938775510203,0.1554377378829504,0.22276642939989072,-2.133602051719212,29.240554707074615,0.01
0.37373737373737376,0.7551020408163265,0.11798408391347766,0.19755172125567919,-1.7472338168301382,8.623532312054596,0.01
0.37373737373737376,0.7755102040816326,0.08412207188988353,0.5199466891630046,-1.3551997615461167,29.795805105779557,0.01
0.37373737373737376,0.7959183673469387,0.06266980793200351,0.024882586116533042,-0.9873223217661908,6.256183992653167,0.01
0.37373737373737376,0.8163265306122448,0.04382320161371248,0.04412136608359457,-0.8157721461069575,10.555733221951689,0.01
0.37373737373737376,0.836734693877551,0.029372985641923616,0.06295375490100256,-0.6044956553483011,10.149362872396646,0.01
0.37373737373737376,0.8571428571428571,0.01914990955867979,-0.07959350022544893,-0.41323797917371535,8.593889392712754,0.01
0.37373737373737376,0.8775510204081632,0.012506129349118909,0.10214435670289555,-0.28281141448308017,4.1879139469694975,0.01
0.37373737373737376,0.8979591836734693,0.007606586518554069,0.25625958605139054,-0.2100834824777486,2.939423389553,0.01
0.37373737373737376,0.9183673469387754,0.0039312933296189664,0.10595745450289704,-0.12907371271670184,4.999534047029582,0.01
0.37373737373737376,0.9387755102040816,0.002338271713790728,-0.017419805751870982,-0.06819267494501181,0.9668076545960427,0.01
0.37373737373737376,0.9591836734693877,0.0011479188420674637,0.01244932845292247,-0.03915405780259618,1.8789768253606913,0.01
0.37373737373737376,0.9795918367346939,0.0007401469055214963,-0.06121055712876861,0.04017072518968138,5.894851907882511,0.01
0.37373737373737376,1.0,0.002787540278380989,-0.25495350767522973,0.10032227527011514,0.0,0.01
0.38383838383838387,0.0,0.0005016515147674198,-0.18104843045091654,-0.025391436896408836,0.0,0.01
0.38383838383838387,0.02040816326530612,-1.6541074955209482e-05,-0.036758932431332075,0.03243561373837899,5.667050962209208,0.01
0.38383838383838387,0.04081632653061224,0.0018255541163339092,-0.09924937288586504,0.09621238470534166,0.5830725925531336,0.01
0.38383838383838387,0.061224489795918366,0.0039104950354668985,-0.14429067543720106,0.030516448147012067,-7.021274375269435,0.01
0.38383838383838387,0.08163265306122448,0.0030711234284568505,0.3101815507473638,0.12527079842407227,16.307200702421337,0.01
0.38383838383838387,0.1020408163265306,0.009023588848694338,-0.2357627358068003,0.2357685273252475,-5.4784232701061635,0.01
0.38383838383838387,0.12244897959183673,0.012694328625405727,0.16802651972821286,0.30280131529140536,12.047636490789634,0.01
0.38383838383838387,0.14285714285714285,0.021382826207527208,0.07122196164053324,0.46573968024042706,3.9203232742144904,0.01
0.38383838383838387,0.16326530612244897,0.03170411149236193,-0.11954364424049815,0.6231422255418364,11.505126165323633,0.01
0.38383838383838387,0.18367346938775508,0.04681720276025522,-0.14735943565058163,0.8025939592630142,6.0811437393517975,0.01
0.38383838383838387,0.2040816326530612,0.06446304860513802,0.007609085508886808,1.0531954502279377,18.47780237521071,0.01
0.38383838383838387,0.22448979591836732,0.0898047721573139,-0.08694231283065125,1.3387081146503834,9.502438738188967,0.01
0.38383838383838387,0.24489795918367346,0.11910419614188836,0.36677515458986776,1.6743261738764492,23.388131065965474,0.01
0.38383838383838387,0.26530612244897955,0.1581446159890057,0.09114416994824374,2.1068382433165667,18.99805173916605,0.01
0.38383838383838387,0.2857142857142857,0.20509759382827883,0.29972979073759226,2.525220476945387,22.003407156458362,0.01
0.38383838383838387,0.3061224489795918,0.261214839537797,0.1063621034501409,2.823332310639125,7.211552545527931,0.01
0.38383838383838387,0.32653061224489793,0.3203356473237533,0.1740359781552903,3.085700317003158,18.50051207814735,0.01
0.38383838383838387,0.3469387755102041,0.3871617912522116,0.014246564722206199,3.332193401640588,5.655810216320787,0.01
0.38383838383838387,0.36734693877551017,0.4563435412682671,0.17465229091724746,3.4439294407605217,5.294321617432686,0.01
0.38383838383838387,0.3877551020408163,0.5277303398546819,-0.24754446249739856,3.3862085470855456,-10.95096919758034,0.01
0.38383838383838387,0.4081632653061224,0.5945561350268608,-0.22687633419548756,2.9951128706296797,-27.376407095094528,0.01
0.38383838383838387,0.42857142857142855,0.6499798447783423,-0.10625272436956455,2.5555196560045306,-15.70372793817007,0.01
0.38383838383838387,0.44897959183673464,0.6988630597617396,-0.6180441405078817,2.020405533248766,-36.7374560918949,0.01
0.38383838383838387,0.4693877551020408,0.7324453767476796,-0.35789179885441785,1.2249976335278567,-41.21251808075419,0.01
0.38383838383838387,0.4897959183673469,0.7488629631710398,-0.2183510471219737,0.38503372000400093,-41.1039454445837,0.01
0.38383838383838387,0.5102040816326531,0.7481610387886592,-0.3014143874249945,-0.40754988264425296,-36.56924761494519,0.01
0.38383838383838387,0.5306122448979591,0.7322282740835193,-0.42141509212278633,-1.210232661288312,-42.09366469217262,0.01
0.38383838383838387,0.5510204081632653,0.6987637873075037,-0.397136587112707,-1.9601565173948006,-31.39887320626326,0.01
0.38383838383838387,0.5714285714285714,0.6522218856184254,-0.4375939180311725,-2.6175527629585416,-33.025958858983394,0.01
0.38383838383838387,0.5918367346938775,0.5919248990234816,-0.1584294531424595,-3.0649100858482834,-10.815058784211274,0.01
0.38383838383838387,0.6122448979591836,0.5271235147674751,-0.24898243982374144,-3.3098847038058112,-13.192453775626591,0.01
0.38383838383838387,0.6326530612244897,0.4568275641742648,-0.04815647038437248,-3.4033284411092573,4.034967519888743,0.01
0.38383838383838387,0.6530612244897959,0.3882121498242401,-0.11170152389007047,-3.2800367977391645,8.047613530380335,0.01
0.38383838383838387,0.673469387755102,0.3229485112053193,-0.08163897504014526,-3.137791059109823,5.892468855295139,0.01
0.38383838383838387,0.6938775510204082,0.260139045370778,-0.04586933721639274,-2.8841890726975006,18.960525813112515,0.01
0.38383838383838387,0.7142857142857142,0.2052265082380744,0.2721451502405903,-2.5100529675901866,17.704812487404258,0.01
0.38383838383838387,0.7346938775510203,0.15768790383648465,0.33233063940242363,-2.0885503336216695,23.602445641510354,0.01
0.38383838383838387,0.7551020408163265,0.1199795558453532,0.38409447749364145,-1.6736892070907818,17.053944758516586,0.01
0.38383838383838387,0.7755102040816326,0.0893740586491058,0.12046985162703605,-1.39793101216136,9.970358344566762,0.01
0.38383838383838387,0.7959183673469387,0.06292114718570586,0.19479531221741156,-1.105077073437358,18.72932765038544,0.01
0.38383838383838387,0.8163265306122448,0.044268871978193236,0.03703377079768376,-0.8063504932259524,10.545877210332305,0.01
0.38383838383838387,0.836734693877551,0.030008882156075157,0.2585168377254843,-0.6351119606470037,6.235498982404658,0.01
0.38383838383838387,0.8571428571428571,0.01834593480892778,0.49930769181124013,-0.4035392948894085,16.458622261839675,0.01
0.38383838383838387,0.8775510204081632,0.013537890527936036,-0.0924693794402605,-0.19969625676810476,3.517995474048095,0.01
0.38383838383838387,0.8979591836734693,0.010195067185739832,-0.29314854965305825,-0.20913983706259673,-4.44346634290831,0.01
0.38383838383838387,0.9183673469387754,0.005001570647830048,0.0363864818956327,-0.19680245109225647,5.652530168001651,0.01
0.38383838383838387,0.9387755102040816,0.0021623140799334455,-0.037014208541439574,-0.09133357482606613,4.6834197060850045,0.01
0.38383838383838387,0.9591836734693877,0.001273669634521226,-0.12415253587252682,-0.04999116294132337,-0.6318633413802129,0.01
0.38383838383838387,0.9795918367346939,0.00012185844967534869,0.08893080492598045,-0.02600472415516438,2.9825343424237944,0.01
0.38383838383838387,1.0,0.00021225232206553704,-0.0352101305674858,0.00442929974711923,0.0,0.01
0.393939393939394,0.0,-0.0013271205099893131,0.12872060590432377,0.04602457727490066,0.0,0.01
0.393939393939394,0.02040816326530612,-0.0003878434227464426,0.20298278496123717,0.05267881485296245,0.6521152826500555,0.01
0.393939393939394,0.04081632653061224,0.0008230351982948683,0.005693484952273646,0.06960099375944477,1.0062582501852126,0.01
0.393939393939394,0.061224489795918366,0.0024530134653941603,0.2068745696096042,0.13184026258149803,5.093190094376005,0.01
0.393939393939394,0.08163265306122448,0.00620427040570295,-0.1874287933930961,0.10263377338311085,-7.955426035817948,0.01
0.393939393939394,0.1020408163265306,0.006642147072868072,0.24825270904080118,0.2005887469215182,17.55501344258187,0.01
0.393939393939394,0.12244897959183673,0.014391566198417978,-0.09935756913352518,0.378772275770796,-0.09302761535264607,0.01
0.393939393939394,0.14285714285714285,0.022102239961471988,0.08719795256684564,0.3945733265309985,1.6415305898524941,0.01
0.393939393939394,0.16326530612244897,0.0304965999343771,0.1248548708164963,0.5690488494445403,15.457070655674602,0.01
0.393939393939394,0.18367346938775508,0.04532872361226955,0.2264169661230031,0.834061048948468,10.514124895710326,0.01
0.393939393939394,0.2040816326530612,0.06453990805472273,0.06369628105827532,1.0681471624409509,12.426314226552986,0.01
0.393939393939394,0.22448979591836732,0.08892656697720631,0.18799153310080657,1.427592646897697,22.799343250208135,0.01
0.393939393939394,0.24489795918367346,0.12280899568320015,0.18579588672608718,1.7183980812308222,5.699589314438144,0.01
0.393939393939394,0.26530612244897955,0.1590652641703011,0.43568981332625334,2.0902462088278724,30.741527190072773,0.01
0.393939393939394,0.2857142857142857,0.2081251674720929,0.24306333107844166,2.528986531195857,12.255024401989708,0.01
0.393939393939394,0.3061224489795918,0.26228920421911156,0.08063894307004565,2.7922262661111814,13.542469619712117,0.01
0.393939393939394,0.32653061224489793,0.32209358649703906,0.20551067969830902,3.062904047317962,12.98395293855241,0.01
0.393939393939394,0.3469387755102041,0.3873056959463753,0.15141521416393133,3.332345923485719,13.421350925887749,0.01
0.393939393939394,0.36734693877551017,0.45810770582298677,-0.12112527263710403,3.379142772408195,-8.835259731485088,0.01
0.393939393939394,0.3877551020408163,0.5252298907385465,-0.1586429921662419,3.2868403519818887,-0.21037747029292814,0.01
0.393939393939394,0.4081632653061224,0.592264454883472,-0.21467168203372275,3.0300790078431334,-24.952234255305108,0.01
0.393939393939394,0.42857142857142855,0.6489065849362254,-0.40432245245258985,2.45871550191712,-31.04138932544422,0.01
0.393939393939394,0.44897959183673464,0.6926201896555993,0.013111981228516199,1.9581312168358473,-18.01587061252049,0.01
0.393939393939394,0.4693877551020408,0.7288303080723825,-0.49875983602601764,1.323911580880935,-44.137653711060935,0.01
0.393939393939394,0.4897959183673469,0.7466573970384947,-0.5606524780079517,0.3990104531355249,-46.50265680798927,0.01
0.393939393939394,0.5102040816326531,0.7451164490166896,-0.44788418577588635,-0.4578031059020298,-37.4650719776911,0.01
0.393939393939394,0.5306122448979591,0.727971555981269,-0.48529782518829606,-1.2339214884837562,-38.59452951531808,0.01
0.393939393939394,0.5510204081632653,0.6947523066295975,-0.474115349192993,-1.9641603682509163,-32.968880701863625,0.01
0.393939393939394,0.5714285714285714,0.647801745032252,-0.3312724841362526,-2.558478775258834,-25.274323184912323,0.01
0.393939393939394,0.5918367346938775,0.5903246015169921,-0.1806926010611701,-3.0182335079080604,-19.78164061471186,0.01
0.393939393939394,0.6122448979591836,0.5246085406278413,-0.03825099243077035,-3.2825949252444664,-6.125778284255921,0.01
0.393939393939394,0.6326530612244897,0.45634113518048325,0.050777275317739116,-3.36935488110547,-2.376697390122428,0.01
0.393939393939394,0.6530612244897959,0.3870838516031283,0.3923372987616288,-3.2883228721236737,10.317834270338428,0.01
0.393939393939394,0.673469387755102,0.3221238750938027,0.14537093642036536,-3.121499255337044,6.030880174751294,0.01
0.393939393939394,0.6938775510204082,0.25967571873222856,0.3662351608085476,-2.796636435633076,25.80567615623763,0.01
0.393939393939394,0.7142857142857142,0.2079754491495955,0.15649249335101242,-2.4164580238814897,11.451808195417916,0.01
0.393939393939394,0.7346938775510203,0.16104477898196368,0.012130885526087735,-2.0608457021297526,23.39819933625233,0.01
0.393939393939394,0.7551020408163265,0.12385929804225868,-0.1323820286537754,-1.726119402045297,9.40497807202436,0.01
0.393939393939394,0.7755102040816326,0.09059092583725768,0.07174554012205897,-1.4447777752852755,18.166501350457786,0.01
0.393939393939394,0.7959183673469387,0.06488877660204335,0.20409076741571155,-1.1257253964708847,13.100631773352527,0.01
0.393939393939394,0.8163265306122448,0.04464295047109913,0.2546414643601979,-0.7905810247921364,19.743516651164796,0.01
0.393939393939394,0.836734693877551,0.03262016334522146,-0.07798210776135865,-0.5207108387800125,6.703761578023343,0.01
0.393939393939394,0.8571428571428571,0.023389446847425156,-0.1990272987665305,-0.49039952034961803,-3.733252371844697,0.01
0.393939393939394,0.8775510204081632,0.012603856392175828,0.28541904113224265,-0.39580916500926955,13.003107195198861,0.01
0.393939393939394,0.8979591836734693,0.007233970724597829,0.17374202329181726,-0.17725126531785546,8.415566974559718,0.01
0.393939393939394,0.9183673469387754,0.005369110868998055,-0.0070036351950760155,-0.13341566970604782,-4.1196786046025675,0.01
0.393939393939394,0.9387755102040816,0.00178843318557547,0.3308980517379905,-0.13106292770808542,4.350247320402882,0.01
0.393939393939394,0.9591836734693877,1.9603615606813554e-05,0.1291493047546052,-0.018822952537769933,6.649270246288036,0.01
0.393939393939394,0.9795918367346939,0.001020149408523636,0.11190550970962432,-0.003993724862502711,-5.196005934111848,0.01
0.393939393939394,1.0,-0.00014340556245452158,-0.03160060433641535,-0.05701419357792973,0.0,0.01
0.4040404040404041,0.0,-2.6912369541598283e-05,0.10244022235179996,0.08278060529296892,0.0,0.01
0.4040404040404041,0.02040816326530612,0.0016624877384781756,-0.10329300223245265,0.02223270916280863,-5.9336938207557095,0.01
0.4040404040404041,0.04081632653061224,0.0008805451473077334,0.06545332924650052,0.0705641121825255,10.670171316687965,0.01
0.4040404040404041,0.061224489795918366,0.00454265558266289,-0.09569745421139257,0.08404737551622973,-9.348811509984948,0.01
0.4040404040404041,0.08163265306122448,0.004311050270419151,0.16683780520423686,0.11287381798982121,12.173802872396914,0.01
0.4040404040404041,0.1020408163265306,0.009149750194492327,-0.05033374857403185,0.22238415090494737,-1.4417902467145498,0.01
0.4040404040404041,0.12244897959183673,0.01338795438898843,0.15553394930693057,0.33891529058279685,12.861841935143802,0.01
0.4040404040404041,0.14285714285714285,0.022983027361137096,0.1999436772658129,0.450060243488327,-1.9696365504018414,0.01
0.4040404040404041,0.16326530612244897,0.03175776024565484,0.12417849169077914,0.6035020396680338,17.006932576013106,0.01
0.4040404040404041,0.18367346938775508,0.047615763674118065,-0.039137735721561685,0.8189258423921407,4.104600090949372,0.01
0.4040404040404041,0.2040816326530612,0.06518330483308915,0.16980906503234228,1.0586378381071748,19.387175489123987,0.01
0.4040404040404041,0.22448979591836732,0.09082547135196194,0.20776854117241136,1.457809215977105,19.731619542129156,0.01
0.4040404040404041,0.24489795918367346,0.12468572181174649,-0.015038626450866925,1.7796971505795438,11.813398048909864,0.01
0.4040404040404041,0.26530612244897955,0.16346617137561678,0.07024159265661786,2.104418455157495,20.009289799729387,0.01
0.4040404040404041,0.2857142857142857,0.2105803526345014,-0.014580451280356175,2.4411204067385124,12.987501455210284,0.01
0.4040404040404041,0.3061224489795918,0.26310373899759687,0.045340994565916885,2.7829329331938757,20.510126137415345,0.01
0.4040404040404041,0.32653061224489793,0.32416945194853714,0.01242110067356572,3.080419387134126,8.643546348729163,0.01
0.4040404040404041,0.3469387755102041,0.3888351425540918,0.1461291488788795,3.251511773665339,8.123507531329718,0.01
0.4040404040404041,0.36734693877551017,0.4568842182205918,0.09922177946635678,3.3024111960941624,-3.135364133305026,0.01
0.4040404040404041,0.3877551020408163,0.5236274362722209,0.02318812769097622,3.263689977939291,-0.6593152458723386,0.01
0.4040404040404041,0.4081632653061224,0.5900960540548486,-0.33051828865742233,2.9692795454490373,-28.192907138172565,0.01
0.4040404040404041,0.42857142857142855,0.6448225197599367,-0.06368075136292639,2.5150862064618154,-16.31804008257517,0.01
0.4040404040404041,0.44897959183673464,0.6927526339104328,-0.4602767336873194,1.9347603491838374,-40.553893930666675,0.01
0.4040404040404041,0.4693877551020408,0.7237923299307055,-0.28531488973813,1.1819193662214051,-33.22452239965172,0.01
0.4040404040404041,0.4897959183673469,0.74099424069498,-0.22462712512704705,0.41160089183378973,-42.2666880903346,0.01
0.4040404040404041,0.5102040816326531,0.7405923663320847,-0.3641460641903023,-0.4391547322244383,-41.10736306737176,0.01
0.4040404040404041,0.5306122448979591,0.7230695577470437,-0.19188405478052736,-1.2404130390263735,-37.4159509992179,0.01
0.4040404040404041,0.5510204081632653,0.6899632626983552,-0.20687950608652725,-1.92604298586935,-29.775783791393817,0.01
0.4040404040404041,0.5714285714285714,0.644455558323805,-0.18149601566610715,-2.485864054761565,-25.08668096004324,0.01
0.4040404040404041,0.5918367346938775,0.5884994237284954,-0.1627430449444156,-2.9457180882435723,-19.97901432119351,0.01
0.4040404040404041,0.6122448979591836,0.5242221669669245,0.0312876036629024,-3.2253119760395847,-7.421186682815706,0.01
0.4040404040404041,0.6326530612244897,0.4568540369513695,-0.22251314374286088,-3.262795152477048,3.7478353919441876,0.01
0.4040404040404041,0.6530612244897959,0.39104685462092253,0.01788601615268426,-3.26491332972959,-3.9554167626934222,0.01
0.4040404040404041,0.673469387755102,0.3235922683909781,0.2611234779379247,-3.127958875335534,17.376953293310887,0.01
0.4040404040404041,0.6938775510204082,0.26337506379090075,0.0806716334177055,-2.793884131140138,15.362371637837885,0.01
0.4040404040404041,0.7142857142857142,0.20955618140566634,0.1385929638059873,-2.5040898899867448,13.037463995194596,0.01
0.4040404040404041,0.7346938775510203,0.16116731317919689,0.2443794207852808,-2.1323348515147758,23.394529775058317,0.01
0.4040404040404041,0.7551020408163265,0.12252210583363468,0.13013336184294683,-1.7113662804533647,17.860390188960015,0.01
0.4040404040404041,0.7755102040816326,0.09131562826273303,0.05981030701493061,-1.361509255045857,16.425598300975782,0.01
0.4040404040404041,0.7959183673469387,0.06695029950523236,-0.010180015559257502,-1.0804632738058906,11.11690786054091,0.01
0.4040404040404041,0.8163265306122448,0.047215086474737496,0.09031501367886804,-0.8603869383460578,10.450573014522682,0.01
0.4040404040404041,0.836734693877551,0.03183246528702592,0.08930533642291878,-0.6329824013719807,11.835071608936877,0.01
0.4040404040404041,0.8571428571428571,0.021379070092207676,0.14017145065335063,-0.40046691279514096,10.951446271593408,0.01
0.4040404040404041,0.8775510204081632,0.015486877009673229,-0.009647114179621046,-0.3035581711665471,-1.4543895919912,0.01
0.4040404040404041,0.8979591836734693,0.008988940656838407,0.13285277057311828,-0.24961849329784846,6.740478023123665,0.01
0.4040404040404041,0.9183673469387754,0.005298367079148802,0.10937147415875323,-0.09452352125219686,8.458829237350196,0.01
0.4040404040404041,0.9387755102040816,0.005130837748585475,-0.24908968581476112,-0.09736851327609358,-8.737638455692075,0.01
0.4040404040404041,0.9591836734693877,0.0013241420474715128,0.05553731896298027,-0.07301807657509288,11.123981252390147,0.01
0.4040404040404041,0.9795918367346939,0.0021505080924592353,0.09555427116877087,-0.043775268021391645,-8.258186014127427,0.01
0.4040404040404041,1.0,-0.00046260358605467665,0.0983606358390221,-0.1280424722471817,0.0,0.01
0.4141414141414142,0.0,0.001007837351183654,-0.19202476995538953,-0.01904695030933794,0.0,0.01
0.4141414141414142,0.02040816326530612,0.0006191240795645123,-0.02336554198144368,0.013079387131699172,3.1483810692216374,0.01
0.4141414141414142,0.04081632653061224,0.0015416898871713752,-0.05313818412865091,0.07244381851096966,2.6693332059468715,0.01
0.4141414141414142,0.061224489795918366,0.0035760146310326616,-0.007748115507237614,0.10913747310173015,0.9266449439476557,0.01
0.4141414141414142,0.08163265306122448,0.005996280626017503,-0.06408084155598705,0.12410018958694584,0.5397012716034826,0.01
0.4141414141414142,0.1020408163265306,0.008641328491724328,0.16256558559201337,0.21958673202127055,8.817979886960341,0.01
0.4141414141414142,0.12244897959183673,0.01495900438198773,-0.04590886051114715,0.4008526333411423,8.94607844238709,0.01
0.4141414141414142,0.14285714285714285,0.025002660464832176,-0.15844411563241495,0.4423005595328148,-4.884181675603182,0.01
0.4141414141414142,0.16326530612244897,0.0330120884445516,0.2866430959145773,0.5443354273630775,14.88359872296892,0.01
0.4141414141414142,0.18367346938775508,0.04722043301026391,0.2042897300737234,0.8302182570069719,13.132918582132746,0.01
0.4141414141414142,0.2040816326530612,0.06689854791422392,0.16341034934042334,1.119740906631441,15.240301081065223,0.01
0.4141414141414142,0.22448979591836732,0.0929241434850166,0.1853509635999984,1.4120640802060076,13.407369929242314,0.01
0.4141414141414142,0.24489795918367346,0.12453381649406096,0.12351504750592213,1.7456627037246253,19.285295175582213,0.01
0.4141414141414142,0.26530612244897955,0.16417568241255232,0.18308746799602915,2.1045318419421166,15.883880369731957,0.01
0.4141414141414142,0.2857142857142857,0.21043307534884123,0.26145369466346635,2.434958137514046,16.497896596317116,0.01
0.4141414141414142,0.3061224489795918,0.26356172884169704,0.3515119380597008,2.789615135445099,18.258489200926082,0.01
0.4141414141414142,0.32653061224489793,0.3242949176119065,0.22391499179530963,3.105361910171172,12.6846947222291,0.01
0.4141414141414142,0.3469387755102041,0.39031119456296937,0.0547994012613836,3.272992749730222,3.743127554557742,0.01
0.4141414141414142,0.36734693877551017,0.45788645841722164,-0.11723024759856775,3.2719863979213986,-3.8417500318224174,0.01
0.4141414141414142,0.3877551020408163,0.5238616597842509,-0.1084267065543477,3.1573401631005784,-7.393580980617959,0.01
0.4141414141414142,0.4081632653061224,0.5867574854825514,-0.30790206309966384,2.947781691541758,-13.143149232146401,0.01
0.4141414141414142,0.42857142857142855,0.6441792798471798,-0.2665874042043824,2.482974268045326,-32.40797827050399,0.01
0.4141414141414142,0.44897959183673464,0.6881033739741973,-0.1696960846277222,1.8799114967576507,-26.69217331568817,0.01
0.4141414141414142,0.4693877551020408,0.7209103613474921,-0.3183047615410244,1.2402366935923816,-35.995957394508224,0.01
0.4141414141414142,0.4897959183673469,0.7387252798351108,-0.6077568567964823,0.3920921668431006,-47.12220622692133,0.01
0.4141414141414142,0.5102040816326531,0.7369141232594554,-0.4428244039302717,-0.43105164915888544,-33.54588774127331,0.01
0.4141414141414142,0.5306122448979591,0.7211313349714829,-0.38267422737737805,-1.201493537273419,-41.95741729395098,0.01
0.4141414141414142,0.5510204081632653,0.6878735707176832,-0.28436987551247317,-1.923472208512751,-28.79649248750357,0.01
0.4141414141414142,0.5714285714285714,0.6426222652362685,-0.26627527945899776,-2.4749413951859918,-25.247487806474016,0.01
0.4141414141414142,0.5918367346938775,0.5868555545876427,-0.105069800900484,-2.8930595157833627,-15.728088012068367,0.01
0.4141414141414142,0.6122448979591836,0.5245382033675599,-0.04270633860082817,-3.2401035661462707,-18.2822289234966,0.01
0.4141414141414142,0.6326530612244897,0.45460642943881535,0.269331986580422,-3.2661117069618997,15.73343112356508,0.01
0.4141414141414142,0.6530612244897959,0.39122752145074763,-0.11155280921904175,-3.1452254789095972,-3.886580774439298,0.01
0.4141414141414142,0.673469387755102,0.32622987927923996,0.0039027485660902968,-3.1124210205578264,7.101417692912819,0.01
0.4141414141414142,0.6938775510204082,0.264189928774918,0.1102332519401134,-2.8242073391828906,21.143523081830924,0.01
0.4141414141414142,0.7142857142857142,0.21095611033299955,0.2925675076336429,-2.4635763466483045,14.198314186558493,0.01
0.4141414141414142,0.7346938775510203,0.163635792177028,0.21238421211873798,-2.134428389374316,18.058185626292346,0.01
0.4141414141414142,0.7551020408163265,0.12383658423608869,0.20990552343734456,-1.75704247527532,18.92563395540921,0.01
0.4141414141414142,0.7755102040816326,0.09191977277803536,0.1984017278516874,-1.3962332726857964,16.433667898364078,0.01
0.4141414141414142,0.7959183673469387,0.06684747106523986,0.09182417301666272,-1.0729141292274413,15.251608160554735,0.01
0.4141414141414142,0.8163265306122448,0.04812735934018061,0.18532447294374124,-0.8357668259868324,7.988827557024969,0.01
0.4141414141414142,0.836734693877551,0.03273453939230793,0.3125645666395756,-0.62064419222173,13.093190551955086,0.01
0.4141414141414142,0.8571428571428571,0.02279494333113041,0.18457932081909206,-0.4249551455200119,6.084336024813286,0.01
0.4141414141414142,0.8775510204081632,0.015389431411899279,0.058779466391502104,-0.30536935967125106,5.635070988365288,0.01
0.4141414141414142,0.8979591836734693,0.010330887834344653,0.03889914814790866,-0.2201643982040084,2.7150152354244983,0.01
0.4141414141414142,0.9183673469387754,0.006403129444388734,0.08991950802768787,-0.18904463419667208,0.3347216372944605,0.01
0.4141414141414142,0.9387755102040816,0.00261478031611314,0.21619024254439032,-0.11069110723868388,7.3439240045883825,0.01
0.4141414141414142,0.9591836734693877,0.0018851250672995963,-0.05317854397226393,0.01227259964810445,4.706519270316875,0.01
0.4141414141414142,0.9795918367346939,0.0031157027507296483,-0.18323183568474974,-0.03317757849146209,-9.160636727994397,0.01
0.4141414141414142,1.0,0.0005309381900970619,-0.07100389687284621,-0.12665346347099674,0.0,0.01
0.42424242424242425,0.0,-0.0009318067897798767,0.1541882192130251,0.0644308493949383,0.0,0.01
0.42424242424242425,0.02040816326530612,0.00038310850399437407,0.026826099043630564,0.047450309886801156,-1.6640928717974397,0.01
0.42424242424242425,0.04081632653061224,0.0010049405525385377,-0.0019021368411165044,0.07630873718387925,4.492218746911093,0.01
0.42424242424242425,0.061224489795918366,0.0034977508380302615,0.04257175204423272,0.10642944171819746,-1.5403897025479076,0.01
0.42424242424242425,0.08163265306122448,0.00534899939817925,-0.03535697490018204,0.1662485297579726,7.4026603304458725,0.01
0.42424242424242425,0.1020408163265306,0.010283405113865877,0.04098073928503415,0.2240838384414582,-1.734800079464282,0.01
0.42424242424242425,0.12244897959183673,0.014495278518238768,0.11572415294224996,0.32141083859368275,11.272846094382288,0.01
0.42424242424242425,0.14285714285714285,0.02340221485238354,-0.02014405621477826,0.5245987709715042,8.63957127864422,0.01
0.42424242424242425,0.16326530612244897,0.03590747325176955,0.0022777135794800965,0.6341028942297481,2.091832800663676,0.01
0.42424242424242425,0.18367346938775508,0.049283965637271214,0.13829165281683645,0.7997212641679137,14.138767453276554,0.01
0.42424242424242425,0.2040816326530612,0.06854915750352113,-0.008086967255797148,1.1150540401808726,16.763844595993437,0.01
0.42424242424242425,0.22448979591836732,0.09479637544057214,0.2793011918707489,1.4021910004590856,11.375577511271437,0.01
0.42424242424242425,0.24489795918367346,0.12578144323654503,0.19096921571118766,1.7451025457216227,22.229753924457203,0.01
0.42424242424242425,0.26530612244897955,0.16602505077614857,0.24637815399244528,2.1386681738144384,16.33967762863872,0.01
0.42424242424242425,0.2857142857142857,0.21307402175958332,0.05196666843674221,2.4766389407116214,16.781457527285223,0.01
0.42424242424242425,0.3061224489795918,0.2671123544786637,0.09619599034422031,2.7803252544322725,12.979801217338583,0.01
0.42424242424242425,0.32653061224489793,0.3265566852057985,0.1850846475268408,3.031933050054417,11.677762753631592,0.01
0.42424242424242425,0.3469387755102041,0.3908647238686399,0.037216183339950026,3.1885679177590096,3.6724542814184815,0.01
0.42424242424242425,0.36734693877551017,0.4567023145020846,-0.03208804235585161,3.2315920581084145,0.5439114728231951,0.01
0.42424242424242425,0.3877551020408163,0.5227664405261262,0.06929078910771647,3.110153703708893,-12.444870203976308,0.01
0.42424242424242425,0.4081632653061224,0.5836473636330598,0.1611703553431586,2.908640912830386,-7.303383302117362,0.01
0.42424242424242425,0.42857142857142855,0.6414864777845093,-0.4451970634507781,2.51717675766717,-31.060103903877824,0.01
0.42424242424242425,0.44897959183673464,0.6863892721092708,-0.3684699002934138,1.867112756810704,-32.646168180055845,0.01
0.42424242424242425,0.4693877551020408,0.7176951617359666,-0.4732282861372909,1.1318277146213247,-39.41176595450333,0.01
0.42424242424242425,0.4897959183673469,0.7325863216856514,-0.3003078867163539,0.36127669978717575,-36.10223349924328,0.01
0.42424242424242425,0.5102040816326531,0.7324411494823819,-0.278869969373561,-0.37534938228244047,-36.087122543579106,0.01
0.42424242424242425,0.5306122448979591,0.7172659387353477,-0.6232256597228825,-1.162280042866994,-41.032082193707154,0.01
0.42424242424242425,0.5510204081632653,0.6850011477327087,-0.2244691462533723,-1.8946664082703235,-30.74178161581915,0.01
0.42424242424242425,0.5714285714285714,0.6399326159488039,-0.06362784871294169,-2.430569154499186,-21.7766875146094,0.01
0.42424242424242425,0.5918367346938775,0.5857942434674358,-0.06899630420968661,-2.837731848601291,-18.12525650739683,0.01
0.42424242424242425,0.6122448979591836,0.5241068262099757,-0.29154434132438944,-3.1474485783353394,-12.226983006539951,0.01
0.42424242424242425,0.6326530612244897,0.4573269545557893,-0.029290336325113794,-3.28314946989267,-1.0717043660785666,0.01
0.42424242424242425,0.6530612244897959,0.39010072539803003,0.09033183137237598,-3.2109125125596085,8.150926184718427,0.01
0.42424242424242425,0.673469387755102,0.32626930098192775,0.10118832704541107,-3.057534571079046,6.880112080376732,0.01
0.42424242424242425,0.6938775510204082,0.26530339596623226,0.07029661871839071,-2.752770100827789,22.98680600424643,0.01
0.42424242424242425,0.7142857142857142,0.21391133768283432,-0.006461850174491217,-2.4382965635737963,7.831600646644912,0.01
0.42424242424242425,0.7346938775510203,0.16578108724893445,0.14388586215005422,-2.1548851430390568,19.942718565759662,0.01
0.42424242424242425,0.7551020408163265,0.12595684204858712,0.3273117328586525,-1.760502787038378,18.706752322306848,0.01
0.42424242424242425,0.7755102040816326,0.0939238306351231,0.19963501501106565,-1.425455425062632,14.127889151316285,0.01
0.42424242424242425,0.7959183673469387,0.06777498796439807,0.332545007394393,-1.0761504195834484,20.104001385643706,0.01
0.42424242424242425,0.8163265306122448,0.04999932371334971,0.01158376253110435,-0.7811391528175257,8.807102757416715,0.01
0.42424242424242425,0.836734693877551,0.03589175723715213,0.034441368269663875,-0.6208285985556077,6.903331560251244,0.01
0.42424242424242425,0.8571428571428571,0.024659380915161642,0.06630681429180539,-0.4877605491167574,6.137337284756085,0.01
0.42424242424242425,0.8775510204081632,0.015983163395651825,0.017559740668496047,-0.3414215236151298,8.203887214403423,0.01
0.42424242424242425,0.8979591836734693,0.010723808522707367,-0.11057737593352972,-0.21245802426374016,4.434535722032757,0.01
0.42424242424242425,0.9183673469387754,0.007311407303254268,-0.08807715351370506,-0.14516956538138115,2.159733248438429,0.01
0.42424242424242425,0.9387755102040816,0.004798520139793851,0.04644686013592048,-0.14610426152150022,-2.251333470170098,0.01
0.42424242424242425,0.9591836734693877,0.0013479680574787485,0.1399903420335784,-0.08657427829749083,8.085271826123021,0.01
0.42424242424242425,0.9795918367346939,0.001264876127651368,-0.0094963298253475,-0.037588903199181956,-3.284705066488751,0.01
0.42424242424242425,1.0,-0.00018627288942663718,-0.10799599046588026,-0.07110630183682226,0.0,0.01
0.43434343434343436,0.0,0.0006256499699476499,-0.02860953671986848,0.0013930323413995614,0.0,0.01
0.43434343434343436,0.02040816326530612,0.0006540792014047838,0.10991096060748583,0.00882188843905903,0.728027897570628,0.01
0.43434343434343436,0.04081632653061224,0.0009857270490929164,0.0703809130810692,0.08020538868402827,6.267555126436358,0.01
0.43434343434343436,0.061224489795918366,0.003927768535446754,0.1371919981963648,0.09815021411772164,-4.508962233934406,0.01
0.43434343434343436,0.08163265306122448,0.004991858237571351,0.2456560820567176,0.16585479427716085,11.144011089559449,0.01
0.43434343434343436,0.1020408163265306,0.010697351975330869,-0.07430470503827458,0.2614726024024641,-1.773465893279726,0.01
0.43434343434343436,0.12244897959183673,0.015664209356039273,0.1884066811535243,0.3062839952629211,6.164982393604511,0.01
0.43434343434343436,0.14285714285714285,0.02319873953708275,0.14203236873727682,0.4965236420382935,12.47850299038199,0.01
0.43434343434343436,0.16326530612244897,0.03593048045964309,-0.06725986849203922,0.6733117313133294,4.846729758571539,0.01
0.43434343434343436,0.18367346938775508,0.05068085101925946,0.07573752824994345,0.797156267395547,7.290034777485785,0.01
0.43434343434343436,0.2040816326530612,0.06846747096558378,0.36174790477346563,1.1499503402497702,27.28378436222809,0.01
0.43434343434343436,0.22448979591836732,0.09761759960088273,0.16397216528498249,1.4514523790721274,2.263415442362913,0.01
0.43434343434343436,0.24489795918367346,0.1277104252134257,0.37581156111290537,1.736954925236588,25.715834081754235,0.01
0.43434343434343436,0.26530612244897955,0.16851371899829448,0.18797213734986123,2.1042685535293484,10.28090149093627,0.01
0.43434343434343436,0.2857142857142857,0.2135989376023787,0.16838947091103212,2.4394726476875657,22.56909973656904,0.01
0.43434343434343436,0.3061224489795918,0.26808403114880736,0.04269129798788956,2.8132685926919434,14.062902873859967,0.01
0.43434343434343436,0.32653061224489793,0.328426227100009,-0.06854300802813595,3.0173370372099257,5.935804688902332,0.01
0.43434343434343436,0.3469387755102041,0.3912406449124778,0.03816892821443596,3.1348231611718784,5.577835459369039,0.01
0.43434343434343436,0.36734693877551017,0.4563781928621265,0.028414411878389886,3.2395297130711445,4.683406626759021,0.01
0.43434343434343436,0.3877551020408163,0.5234663474868102,-0.1296201498929509,3.1579802768768297,-12.675251373801867,0.01
0.43434343434343436,0.4081632653061224,0.5852753470203644,-0.28567194260261475,2.7813181614396476,-24.237635939042,0.01
0.43434343434343436,0.42857142857142855,0.636989537749653,-0.19398884269083136,2.3861041691510483,-14.49333530524071,0.01
0.43434343434343436,0.44897959183673464,0.6826673539244889,-0.2990648629278062,1.8601757370549508,-37.04765104017686,0.01
0.43434343434343436,0.4693877551020408,0.7129150780376101,-0.47958808965188365,1.148696091718678,-32.67735420277789,0.01
0.43434343434343436,0.4897959183673469,0.7295529086885165,-0.48624703800401453,0.4093754751478968,-39.77606622115868,0.01
0.43434343434343436,0.5102040816326531,0.7296242811048712,-0.478173189351409,-0.45526337661233895,-44.95854125134443,0.01
0.43434343434343436,0.5306122448979591,0.7109707300512782,-0.015413297455727502,-1.1488172129029068,-23.009734705131244,0.01
0.43434343434343436,0.5510204081632653,0.6827337826190383,-0.2593674527008949,-1.756180081303217,-36.51182639809915,0.01
0.43434343434343436,0.5714285714285714,0.6392899104062489,-0.34222855397833735,-2.3920935521752438,-25.807693747359487,0.01
0.43434343434343436,0.5918367346938775,0.5850973111016814,-0.36338639685336743,-2.8941354250556386,-23.392409794919228,0.01
0.43434343434343436,0.6122448979591836,0.5211619338733657,0.3425296787322533,-3.1376223539598644,-0.4693092376948743,0.01
0.43434343434343436,0.6326530612244897,0.45703109257270735,-0.031821809200868245,-3.188644760487915,-4.530886602054202,0.01
0.43434343434343436,0.6530612244897959,0.39101316813916515,-0.13023507530856826,-3.1786223382911456,5.513083977337461,0.01
0.43434343434343436,0.673469387755102,0.32729140529551776,0.011269657084390981,-3.0624927802711936,5.867612708617812,0.01
0.43434343434343436,0.6938775510204082,0.2660134628219736,0.4804339784287703,-2.7794108012508962,21.874421235371276,0.01
0.43434343434343436,0.7142857142857142,0.21384606646895057,0.3164806141639542,-2.420085084138688,13.339499041625146,0.01
0.43434343434343436,0.7346938775510203,0.1672344797959047,0.08413151885414229,-2.072284609864188,20.744947437275936,0.01
0.43434343434343436,0.7551020408163265,0.1292630211683715,0.07944401653695812,-1.7467062795121682,11.161728937221957,0.01
0.43434343434343436,0.7755102040816326,0.09594034593826518,0.15901715879689793,-1.4241603217684333,20.447774921664017,0.01
0.43434343434343436,0.7959183673469387,0.07113402844312931,0.013467664652150836,-1.1226883558032368,9.096477742925268,0.01
0.43434343434343436,0.8163265306122448,0.0501163314156841,0.09605429526021436,-0.8549122756312213,17.14557811393225,0.01
0.43434343434343436,0.836734693877551,0.03623964984593661,0.24734354734831973,-0.6072860251400807,7.121794434199531,0.01
0.43434343434343436,0.8571428571428571,0.02532914671608897,-0.09580146395085218,-0.49193832564431916,4.1822801163851,0.01
0.43434343434343436,0.8775510204081632,0.016160534513515422,-0.030173768938288048,-0.3851958939234198,6.278478192263041,0.01
0.43434343434343436,0.8979591836734693,0.009606865331459592,-0.03111144554909263,-0.23860048797549702,8.087871590633393,0.01
0.43434343434343436,0.9183673469387754,0.006421739085944116,0.0018802532885507561,-0.10631003221267882,4.876593074122793,0.01
0.43434343434343436,0.9387755102040816,0.005267680343186987,-0.014873520273396989,-0.08966331565373815,-3.245214851346608,0.01
0.43434343434343436,0.9591836734693877,0.002762011916403783,-0.054193792854862415,-0.10041880510608747,2.191176885016374,0.01
0.43434343434343436,0.9795918367346939,0.0011689536041630095,-0.028059404504690754,-0.09895925821167427,-2.0481412893638815,0.01
0.43434343434343436,1.0,-0.0012771414799910843,0.18702970288001025,-0.11985865912355062,0.0,0.01
0.4444444444444445,0.0,0.000336664750555039,0.14214093756928048,0.06995368253372646,0.0,0.01
0.4444444444444445,0.02040816326530612,0.0017642909247127215,-0.11982448933189703,0.03331952500595775,-3.5901474377213325,0.01
0.4444444444444445,0.04081632653061224,0.0016966453630431104,0.008343524699055305,0.0869567565721852,8.846596131211621,0.01
0.4444444444444445,0.061224489795918366,0.005313546295005994,-0.10479756836004245,0.14152639229856392,-3.4987718300265036,0.01
0.4444444444444445,0.08163265306122448,0.007473232803800822,-0.01164087243369561,0.11351470105242684,0.7536260879050679,0.01
0.4444444444444445,0.1020408163265306,0.009946799399186681,0.03769754272743394,0.2473048213708658,12.357805703301949,0.01
0.4444444444444445,0.12244897959183673,0.01756730714546881,-0.056591202991433776,0.3598219579649515,-1.3311263170815457,0.01
0.4444444444444445,0.14285714285714285,0.024633409928368374,0.15157877806758593,0.4332526272270177,8.527331904764033,0.01
0.4444444444444445,0.16326530612244897,0.03525108784861239,0.16129462244386858,0.656905432404848,13.39064300266334,0.01
0.4444444444444445,0.18367346938775508,0.05144587655713768,0.09960680666531102,0.9033248577491316,10.758460681076457,0.01
0.4444444444444445,0.2040816326530612,0.0721214902057198,-0.08888777528040924,1.1717861847685425,15.550749366825816,0.01
0.4444444444444445,0.22448979591836732,0.09927388409871084,0.014229357537098293,1.4549327788733017,12.197616855440602,0.01
0.4444444444444445,0.24489795918367346,0.13150650158830354,0.018863869726209376,1.742894312262745,16.02261341672482,0.01
0.4444444444444445,0.26530612244897955,0.1704124274563739,-0.056005791425132616,2.0529368241359554,14.361552746849808,0.01
0.4444444444444445,0.2857142857142857,0.21529984134895477,0.3345897047196605,2.4035193086535425,19.99553073587372,0.01
0.4444444444444445,0.3061224489795918,0.26851525638100826,0.07899412721528992,2.7546337872979065,14.413688171273987,0.01
0.4444444444444445,0.32653061224489793,0.3277338734835632,0.1506114960233062,3.016217864892253,11.221551432971953,0.01
0.4444444444444445,0.3469387755102041,0.39162618964191653,0.0030374098514218124,3.158817674179049,2.7532298771340704,0.01
0.4444444444444445,0.36734693877551017,0.4566652071235244,-0.07581322659586004,3.198006153337498,1.0872410803939434,0.01
0.4444444444444445,0.3877551020408163,0.5221570530434471,-0.12065113083385857,3.080251835616379,-12.627164217063621,0.01
0.4444444444444445,0.4081632653061224,0.5823897718425602,-0.17150536730296048,2.7653885354442123,-18.229439199808716,0.01
0.4444444444444445,0.42857142857142855,0.6350300544901496,-0.1776134202037177,2.3827897595756222,-19.26524083531312,0.01
0.4444444444444445,0.44897959183673464,0.6796464967231979,-0.5232649682478309,1.7894971355342864,-38.8774363207378,0.01
0.4444444444444445,0.4693877551020408,0.7080707538997123,-0.1869809273627325,1.1023732302099194,-28.460706401050174,0.01
0.4444444444444445,0.4897959183673469,0.7246413224460517,-0.24338345694051952,0.4097256272424587,-39.418758689760985,0.01
0.4444444444444445,0.5102040816326531,0.7247942488892004,-0.31732773641070355,-0.3387439155675608,-33.93125650562094,0.01
0.4444444444444445,0.5306122448979591,0.710815040177988,-0.45149032329755984,-1.094668318479295,-40.14933497972901,0.01
0.4444444444444445,0.5510204081632653,0.6801139093594333,-0.3496487107713336,-1.8370586043820447,-32.604913038740484,0.01
0.4444444444444445,0.5714285714285714,0.6358330563256597,-0.1358878245425238,-2.417835614111967,-24.311233914791888,0.01
0.4444444444444445,0.5918367346938775,0.5814267414364959,-0.2872751747609392,-2.7246750543343308,-5.759031226999799,0.01
0.4444444444444445,0.6122448979591836,0.524621829618136,-0.46572999922846264,-3.055568491358993,-26.668525601416977,0.01
0.4444444444444445,0.6326530612244897,0.45670966015653697,-0.09723164753285211,-3.305642098609128,2.1613120909037518,0.01
0.4444444444444445,0.6530612244897959,0.3896976623279675,0.2214159774939974,-3.1679582885538844,11.331701294510015,0.01
0.4444444444444445,0.673469387755102,0.3274052402155621,0.24885053081133293,-2.9113676104069026,13.814185163894173,0.01
0.4444444444444445,0.6938775510204082,0.27086633129095106,-0.12515718767985085,-2.703878796721105,6.519718577314048,0.01
0.4444444444444445,0.7142857142857142,0.21704284034939456,-0.03281242798261633,-2.5181599352455404,11.680729847291396,0.01
0.4444444444444445,0.7346938775510203,0.1680842931176637,0.26080464460435226,-2.130945182004202,26.266315970359766,0.01
0.4444444444444445,0.7551020408163265,0.13006548598187612,0.4582317433645925,-1.7281739746778497,13.205262347622746,0.01
0.4444444444444445,0.7755102040816326,0.09754657986550658,0.11996096543644791,-1.440487802790431,14.987982497344285,0.01
0.4444444444444445,0.7959183673469387,0.0712700654598177,0.16354477987580412,-1.1382700745572645,14.629354869506061,0.01
0.4444444444444445,0.8163265306122448,0.05108657682235293,0.15010637100112884,-0.7970339006205532,18.811790176291648,0.01
0.4444444444444445,0.836734693877551,0.03873806951612166,-0.24463253055534753,-0.6547654807024154,-4.8694850243141286,0.01
0.4444444444444445,0.8571428571428571,0.024361455161029857,0.16197528016756677,-0.5606168534122171,14.096050498753561,0.01
0.4444444444444445,0.8775510204081632,0.01585574896868423,0.03392665128593629,-0.3691867479553076,4.664099836023559,0.01
0.4444444444444445,0.8979591836734693,0.009292608305711181,0.14489182984508106,-0.23066792691936014,8.910744625499287,0.01
0.4444444444444445,0.9183673469387754,0.006440731543404224,-0.006588145859068971,-0.10229155575556223,3.6701397485529106,0.01
0.4444444444444445,0.9387755102040816,0.005117442764667825,-0.08156667478459831,-0.10354022606296667,-3.792509438678548,0.01
0.4444444444444445,0.9591836734693877,0.002214599867364769,0.04054093023414409,-0.10368197847645813,3.778617702156383,0.01
0.4444444444444445,0.9795918367346939,0.0008855252758327998,0.1900217084609156,-0.03926253451971082,2.5344878056048556,0.01
0.4444444444444445,1.0,0.0006120474379888173,-0.050894194377503366,-0.013400414054355143,0.0,0.01
0.4545454545454546,0.0,0.0017724317967093871,-0.11673316985734217,-0.05970597320524021,0.0,0.01
0.4545454545454546,0.02040816326530612,0.0005539425476228524,0.11579399684487168,0.0002080440431242505,5.871573690339718,0.01
0.4545454545454546,0.04081632653061224,0.0017809233903062953,0.2733448922554248,0.09067554004501789,2.99424091784586,0.01
0.4545454545454546,0.061224489795918366,0.004254984998439909,0.2184603007383894,0.13658075866470135,1.5044705068831188,0.01
0.4545454545454546,0.08163265306122448,0.007355648233763492,-0.0736971224523439,0.14877864268518615,-0.30907787287560634,0.01
0.4545454545454546,0.1020408163265306,0.010327582659059751,0.005148883911087553,0.23618074966718308,8.874484357111307,0.01
0.4545454545454546,0.12244897959183673,0.016995678832424026,0.13146446506869802,0.38800468792286796,6.004261591945807,0.01
0.4545454545454546,0.14285714285714285,0.026164508696727828,0.04331839056529364,0.48717386685494607,3.7143179433978535,0.01
0.4545454545454546,0.16326530612244897,0.036880326459156516,-0.00126411860447935,0.6440436819063052,11.658923931635346,0.01
0.4545454545454546,0.18367346938775508,0.052452005917393345,0.18052810004381786,0.8414110320496891,7.683076382416277,0.01
0.4545454545454546,0.2040816326530612,0.07122363388975607,0.4324410943355273,1.1506574221055,22.62306984305319,0.01
0.4545454545454546,0.22448979591836732,0.09941761498292395,0.19738559250114726,1.4815985900113033,9.809164611715552,0.01
0.4545454545454546,0.24489795918367346,0.13169704572695212,0.16447906113605304,1.7255128865094655,14.094436445104336,0.01
0.4545454545454546,0.26530612244897955,0.16984671239147356,0.2797162398211272,2.1310709954222133,25.650258228344967,0.01
0.4545454545454546,0.2857142857142857,0.21867953533602205,0.25400893689300097,2.4369283794281924,4.323765404240968,0.01
0.4545454545454546,0.3061224489795918,0.2693131768579304,0.22051086715299514,2.70910382655992,22.349428414668342,0.01
0.4545454545454546,0.32653061224489793,0.32925520172622286,0.10158600798606214,2.997420495443619,5.9056051359341595,0.01
0.4545454545454546,0.3469387755102041,0.39165687054950665,0.07493913599634472,3.102783273126831,4.419947077020644,0.01
0.4545454545454546,0.36734693877551017,0.4558994169558894,0.091934084367422,3.1673963629658886,1.912135727206966,0.01
0.4545454545454546,0.3877551020408163,0.520938354752196,-0.03282811525453355,3.0565704472595714,-12.773075466426038,0.01
0.4545454545454546,0.4081632653061224,0.5806573943950556,-0.40062926859544473,2.751291807266823,-17.144231252863307,0.01
0.4545454545454546,0.42857142857142855,0.6332359795385969,-0.41451697934665027,2.2957381411599727,-27.500028025608046,0.01
0.4545454545454546,0.44897959183673464,0.6743609919934218,-0.22700409421462162,1.7871789140656413,-22.33877622963642,0.01
0.4545454545454546,0.4693877551020408,0.7061820576637251,-0.47892508108482584,1.171636836543547,-37.98434736752884,0.01
0.4545454545454546,0.4897959183673469,0.7221829036890768,-0.22550417062120084,0.37746808358917294,-39.844190421999826,0.01
0.4545454545454546,0.5102040816326531,0.7215889182183852,-0.21909927106436064,-0.3902451097670304,-35.39170252690811,0.01
0.4545454545454546,0.5306122448979591,0.706254531861851,-0.2981438090460393,-1.1026669434473295,-34.42563717376122,0.01
0.4545454545454546,0.5510204081632653,0.6765821042001269,-0.2455498703812092,-1.7589549557002429,-29.890588027024293,0.01
0.4545454545454546,0.5714285714285714,0.6344604520373514,-0.4687301369216242,-2.4023997390386875,-33.16700074014328,0.01
0.4545454545454546,0.5918367346938775,0.5785249719944662,0.17669451526943378,-2.8063026632212553,-6.415485829748369,0.01
0.4545454545454546,0.6122448979591836,0.5199174861915858,0.03830334595976437,-3.008537517449012,-13.403529884571805,0.01
0.4545454545454546,0.6326530612244897,0.4557275223026698,0.006220026258945798,-3.1355908215414487,0.9523060835131576,0.01
0.4545454545454546,0.6530612244897959,0.3919341873531594,0.06366581302100693,-3.0823116888626467,4.2690489190095775,0.01
0.4545454545454546,0.673469387755102,0.3299188819409291,-0.008679362281445446,-2.997135716939825,4.078196329426951,0.01
0.4545454545454546,0.6938775510204082,0.26960211727398287,0.14494000768750992,-2.773583266321628,17.82994383115633,0.01
0.4545454545454546,0.7142857142857142,0.21671140168290348,0.24023200518105947,-2.4226441282661164,16.562091698283904,0.01
0.4545454545454546,0.7346938775510203,0.17071868346720262,0.467682745984589,-2.009424149701105,23.933466201087292,0.01
0.4545454545454546,0.7551020408163265,0.13469408945020533,-0.17682740435620944,-1.7630292286133413,0.21323606551356308,0.01
0.4545454545454546,0.7755102040816326,0.09875830678910706,0.16535468814822046,-1.5134153846639193,24.24892064152984,0.01
0.4545454545454546,0.7959183673469387,0.07292203293331068,0.24532045569315125,-1.1308098479276212,13.246421958627392,0.01
0.4545454545454546,0.8163265306122448,0.0526028027920613,0.18392275701284555,-0.898047477444424,9.564290348725944,0.01
0.4545454545454546,0.836734693877551,0.03626703385394643,0.3767920451506316,-0.6518282254036504,14.56519635126988,0.01
0.4545454545454546,0.8571428571428571,0.02599756910211639,0.12271095441677084,-0.49168049022927307,1.1292816958191094,0.01
0.4545454545454546,0.8775510204081632,0.01619844241601692,0.20774288943451066,-0.37341447050986215,10.460788236683175,0.01
0.4545454545454546,0.8979591836734693,0.010756162142530182,0.14488985607679267,-0.24069431611181097,2.5457868943258415,0.01
0.4545454545454546,0.9183673469387754,0.006374184615534841,0.03674034725686891,-0.15833431700230105,5.5254930184061255,0.01
0.4545454545454546,0.9387755102040816,0.004293536958762792,0.26073320775496084,-0.09187696985808061,0.9873270017274789,0.01
0.4545454545454546,0.9591836734693877,0.002624104213164204,0.09030510952460183,-0.03647071191569963,4.442486276625856,0.01
0.4545454545454546,0.9795918367346939,0.002804936472407705,0.004777030353611099,-0.061890418893300346,-6.933617560430725,0.01
0.4545454545454546,1.0,9.796466649888431e-05,0.03867167742917446,-0.13264161848953224,0.0,0.01
0.4646464646464647,0.0,0.0005933088688574459,-0.08635887516874831,0.055383230516057584,0.0,0.01
0.4646464646464647,0.02040816326530612,0.0017235788793892332,0.027822357809327052,0.09674251395992013,4.05320977749853,0.01
0.4646464646464647,0.04081632653061224,0.004541982908037859,-0.20117506663155543,0.11608285767523187,-2.1578560933979802,0.01
0.4646464646464647,0.061224489795918366,0.006461654702868085,-0.14268135426162745,0.05069662371176866,-4.249994835021416,0.01
0.4646464646464647,0.08163265306122448,0.006611232855456988,0.15566391843627586,0.09598945367236902,8.688692171160252,0.01
0.4646464646464647,0.1020408163265306,0.010379591587454575,0.30804910228885035,0.28695306173047125,10.02574141853377,0.01
0.4646464646464647,0.12244897959183673,0.018323602722006834,-0.0966237997387639,0.39745067694335323,0.8030248723286676,0.01
0.4646464646464647,0.14285714285714285,0.02660206819738736,0.07156459593100258,0.4543268941277456,4.770844411741783,0.01
0.4646464646464647,0.16326530612244897,0.036867557584363796,0.2995581106821602,0.6779996201105865,17.149082734576627,0.01
0.4646464646464647,0.18367346938775508,0.05427552207945211,0.1518678411058106,0.9487421201004989,9.38368226443479,0.01
0.4646464646464647,0.2040816326530612,0.07559172575173109,0.04397222245450646,1.154829225794435,10.812854093570957,0.01
0.4646464646464647,0.22448979591836732,0.1014114088465719,0.007467752944946822,1.4152847535124435,14.711787622793889,0.01
0.4646464646464647,0.24489795918367346,0.13335845038489205,0.282610363603814,1.74588764266441,17.687295514098825,0.01
0.4646464646464647,0.26530612244897955,0.17267212895532333,0.202054713345318,2.15322737881661,22.231998628816743,0.01
0.4646464646464647,0.2857142857142857,0.2212452821733251,-0.048934355188214616,2.422276544777998,4.134819635399323,0.01
0.4646464646464647,0.3061224489795918,0.2715405593544253,0.27569705454597543,2.671383000719314,20.27761304684963,0.01
0.4646464646464647,0.32653061224489793,0.33028132301901136,0.0833624592075951,2.961395168036165,8.143579350201783,0.01
0.4646464646464647,0.3469387755102041,0.3924138315191667,0.1095831848424662,3.100394665766663,5.478371427386989,0.01
0.4646464646464647,0.36734693877551017,0.45682804407071187,-0.021795726887453622,3.1407266896765296,-1.5258330842200236,0.01
0.4646464646464647,0.3877551020408163,0.5206067576284128,-0.31357906119022205,2.934673455869771,-18.667383828842325,0.01
0.4646464646464647,0.4081632653061224,0.5766106341062127,-0.05979577511535094,2.656833452011703,-8.560936549248321,0.01
0.4646464646464647,0.42857142857142855,0.6290489393431762,-0.18308863228346736,2.3387059873451257,-22.615554988076273,0.01
0.4646464646464647,0.44897959183673464,0.6720680213447893,-0.3853096193489885,1.7712395353526584,-32.99615730718553,0.01
0.4646464646464647,0.4693877551020408,0.7013444305820602,-0.32290670698361956,1.1720080297560602,-25.728530241281117,0.01
0.4646464646464647,0.4897959183673469,0.7199050837838121,-0.5703422789317337,0.4417684103114093,-45.83495246429468,0.01
0.4646464646464647,0.5102040816326531,0.7193757942682402,-0.624444403615942,-0.4082215859428743,-37.46406716862512,0.01
0.4646464646464647,0.5306122448979591,0.7032429782351234,-0.40799087897018754,-1.1092127988338223,-31.23307169468781,0.01
0.4646464646464647,0.5510204081632653,0.6741018024791046,-0.36206340574169543,-1.8011707641138976,-36.57880890275958,0.01
0.4646464646464647,0.5714285714285714,0.6297258041896582,-0.16911255006902967,-2.2979049163271648,-12.101138014140584,0.01
0.4646464646464647,0.5918367346938775,0.5803097650779958,-0.2943931014967366,-2.680824680083942,-25.424998834023594,0.01
0.4646464646464647,0.6122448979591836,0.5203043886760279,-0.35914842706538913,-3.050725648567769,-10.825296077391492,0.01
0.4646464646464647,0.6326530612244897,0.45579035085073993,-0.004707643096251213,-3.129314251410131,3.1236129988399033,0.01
0.4646464646464647,0.6530612244897959,0.3925772763735736,0.14654783559921625,-3.085998911279208,1.1212903339904159,0.01
0.4646464646464647,0.673469387755102,0.3298312116148539,0.2277116287737748,-2.9770224061385187,9.558407169797153,0.01
0.4646464646464647,0.6938775510204082,0.2710661577556749,0.27327043957565755,-2.7119839885152506,16.41535775728317,0.01
0.4646464646464647,0.7142857142857142,0.21913798759382327,-0.06946264961322149,-2.342773450606738,19.767274957751063,0.01
0.4646464646464647,0.7346938775510203,0.1754427516084611,0.07074631878770862,-2.1126358217583077,2.7862126693950486,0.01
0.4646464646464647,0.7551020408163265,0.13290795405266786,0.12683445288893114,-1.8378477883809274,24.143014601588185,0.01
0.4646464646464647,0.7755102040816326,0.10042855616434161,0.14712483205773688,-1.4089444496011987,17.88951259882518,0.01
0.4646464646464647,0.7959183673469387,0.0754000173342516,0.054454716485858486,-1.1262147197742545,9.818000924215328,0.01
0.4646464646464647,0.8163265306122448,0.05446060841845368,0.23588052857931166,-0.8655115790433304,15.73090686741522,0.01
0.4646464646464647,0.836734693877551,0.040073014107993216,-0.05754030997259903,-0.6669766007935881,3.725521001059532,0.01
0.4646464646464647,0.8571428571428571,0.027237073692184782,-0.017443866204656048,-0.5335158873509394,9.353628916320051,0.01
0.4646464646464647,0.8775510204081632,0.018296855440607936,0.1261564442016717,-0.367925752422281,6.874204306688489,0.01
0.4646464646464647,0.8979591836734693,0.012219696042295764,-0.13952848288622946,-0.28301312705476267,1.4472329793283092,0.01
0.4646464646464647,0.9183673469387754,0.006745299234291092,0.20965255678105374,-0.12966601279911802,13.580784217724872,0.01
0.4646464646464647,0.9387755102040816,0.006927205723964417,-0.27888927992431084,-0.07862104384232851,-8.578377259959497,0.01
0.4646464646464647,0.9591836734693877,0.0035362770366450308,0.01794281855169593,-0.09981340228270033,6.501526132803061,0.01
0.4646464646464647,0.9795918367346939,0.0028531893042623626,-0.23357627746078857,-0.07466838946237075,-4.037314876410761,0.01
0.4646464646464647,1.0,0.0004885876708339799,0.0466064531436817,-0.11586548003799076,0.0,0.01
0.4747474747474748,0.0,-0.00027900300153395124,-0.08269363593160907,0.11189717411126661,0.0,0.01
0.4747474747474748,0.02040816326530612,0.002004612796655163,0.008684928595271542,0.06832840597164967,-4.26973927768246,0.01
0.4747474747474748,0.04081632653061224,0.0025099115279211374,0.13717431950591147,0.07388749458696535,4.8145299619833954,0.01
0.4747474747474748,0.061224489795918366,0.005020428902245585,0.03612388028592608,0.13900526143057543,1.5670111886903926,0.01
0.4747474747474748,0.08163265306122448,0.008183595667944623,-0.008299282762563523,0.20753385958637618,5.148791430578083,0.01
0.4747474747474748,0.1020408163265306,0.013491198681281347,-0.025972148170732706,0.22451822238412303,-3.4843238763988924,0.01
0.4747474747474748,0.12244897959183673,0.017347604744847603,0.2755275520969337,0.3389267334507545,14.696357960928784,0.01
0.4747474747474748,0.14285714285714285,0.027324942903761123,0.05826886753550361,0.5523719123632268,6.221269572493503,0.01
0.4747474747474748,0.16326530612244897,0.0398933970862038,-0.08009562001775702,0.6978726454316249,8.037802268209502,0.01
0.4747474747474748,0.18367346938775508,0.0558095406764805,0.07285248918076627,0.8854910669532512,10.348803040909884,0.01
0.4747474747474748,0.2040816326530612,0.07603588961490793,0.10720847887442778,1.119093850441494,12.544269740937914,0.01
0.4747474747474748,0.22448979591836732,0.10148684069450066,0.2655283077867685,1.4743416672312117,22.270016304454423,0.01
0.4747474747474748,0.24489795918367346,0.13621310052230431,-0.004282822138073544,1.7940430015513706,9.060714458921156,0.01
0.4747474747474748,0.26530612244897955,0.1747130856557811,0.05758785042546096,2.071178433256966,18.098557848227216,0.01
0.4747474747474748,0.2857142857142857,0.22075099575728252,0.2438133112454833,2.44050116457008,18.095069820457933,0.01
0.4747474747474748,0.3061224489795918,0.2743253780872129,0.05869719159519914,2.7041231214536303,7.739881954130018,0.01
0.4747474747474748,0.32653061224489793,0.3311233680615123,0.08177055097569717,2.920286180079236,13.444097791179326,0.01
0.4747474747474748,0.3469387755102041,0.3935207323761613,-0.19016082927873643,3.074370670217888,1.6561822424085733,0.01
0.4747474747474748,0.36734693877551017,0.45660788521326284,-0.11860872932943288,3.036004719698743,-5.416045393284767,0.01
0.4747474747474748,0.3877551020408163,0.5174392923638651,-0.07432283397342421,2.9252694035305438,-5.436015591198763,0.01
0.4747474747474748,0.4081632653061224,0.5760066363777748,-0.17352647197464485,2.689126537953274,-17.70598523537371,0.01
0.4747474747474748,0.42857142857142855,0.6271995592191008,0.11855163438296322,2.258149530943872,-24.529761451547675,0.01
0.4747474747474748,0.44897959183673464,0.6681760049877288,-0.15837715050585777,1.736638092623833,-26.578359503816156,0.01
0.4747474747474748,0.4693877551020408,0.6980827466731347,-0.08849410185326421,1.1262171190512393,-33.24289590629802,0.01
0.4747474747474748,0.4897959183673469,0.7141440506632896,-0.4300678676486032,0.3671454449832083,-41.14612815236904,0.01
0.4747474747474748,0.5102040816326531,0.7130682750397963,-0.275103216983828,-0.3680437142352189,-30.90240945103683,0.01
0.4747474747474748,0.5306122448979591,0.6991218582455255,-0.3592838642766562,-1.044280127642721,-35.368759062898384,0.01
0.4747474747474748,0.5510204081632653,0.6704445963605016,-0.31280257168793346,-1.742054409991894,-33.01312060732058,0.01
0.4747474747474748,0.5714285714285714,0.6280175966132033,-0.2774968104312403,-2.281158224872604,-19.81905325098902,0.01
0.4747474747474748,0.5918367346938775,0.5773360973861096,-0.21362909183030518,-2.727853760754758,-23.957109265462083,0.01
0.4747474747474748,0.6122448979591836,0.5166766267864785,0.13841902198254752,-2.979035812903003,-0.6587318450660151,0.01
0.4747474747474748,0.6326530612244897,0.45574279890027275,-0.16986531002823727,-3.004167196508284,-1.8041437482515776,0.01
0.4747474747474748,0.6530612244897959,0.39405755754124244,0.001948389109244497,-3.0284810106649087,-0.5786100390974859,0.01
0.4747474747474748,0.673469387755102,0.33213132907721526,0.07597132885581298,-2.9456617617201064,8.694896435688117,0.01
0.4747474747474748,0.6938775510204082,0.2738264652261361,-0.015431524879847556,-2.7855271180150627,6.998298647406144,0.01
0.4747474747474748,0.7142857142857142,0.2184363446684372,0.3161096014529752,-2.392893056256281,31.479839404954483,0.01
0.4747474747474748,0.7346938775510203,0.17615736088914502,0.11465185577526689,-2.0640572458865627,0.7460700112778972,0.01
0.4747474747474748,0.7551020408163265,0.13418911014245505,0.3229623124877927,-1.8189460350969306,23.27482864610607,0.01
0.4747474747474748,0.7755102040816326,0.10191466557906623,0.2821614305156775,-1.4268566065898378,15.149935347589025,0.01
0.4747474747474748,0.7959183673469387,0.0759500649755229,0.12165881749352603,-1.1042499261906322,16.465519331533134,0.01
0.4747474747474748,0.8163265306122448,0.05684324002026491,-0.1694291218871221,-0.8932275199345648,4.214676481561478,0.01
0.4747474747474748,0.836734693877551,0.03949179885574474,0.19964784785214518,-0.7296679914219437,11.814157312675372,0.01
0.4747474747474748,0.8571428571428571,0.027060873023450883,0.0008312198603653494,-0.48805557949973094,11.863859055701477,0.01
0.4747474747474748,0.8775510204081632,0.01957116295779654,-0.0940488755156918,-0.39813861210610474,-3.051996251126097,0.01
0.4747474747474748,0.8979591836734693,0.010810317427283346,0.34657959561514845,-0.26234994767905706,16.359285364976774,0.01
0.4747474747474748,0.9183673469387754,0.00886300182803911,0.021984270050474847,-0.16415429085399677,-6.736110996120865,0.01
0.4747474747474748,0.9387755102040816,0.004110142290385519,0.1728480865570228,-0.1260643628990888,10.468923935701845,0.01
0.4747474747474748,0.9591836734693877,0.003717517628076303,0.010201301018394521,-0.08859957844071756,-6.797375058781464,0.01
0.4747474747474748,0.9795918367346939,0.0004938329662745988,0.04000096766492452,-0.06757486373001063,8.857797100430743,0.01
0.4747474747474748,1.0,0.0009593599248105628,-0.1054777655775355,0.022810820968262237,0.0,0.01
0.48484848484848486,0.0,-0.0011142922533683864,0.002008883981829596,0.15712494847305603,0.0,0.01
0.48484848484848486,0.02040816326530612,0.0020923393481225524,-0.1459350333174949,0.12274017272133912,-3.3697080236682564,0.01
0.48484848484848486,0.04081632653061224,0.0038955107148495364,0.09278033604970029,0.08067794222758187,-0.7523905647199544,0.01
0.48484848484848486,0.061224489795918366,0.005385316581901404,0.08017852986968022,0.1030042184449427,2.9403656340213167,0.01
0.48484848484848486,0.08163265306122448,0.00809976452892883,0.053539902199943555,0.19216666062487978,5.7975536996125205,0.01
0.48484848484848486,0.1020408163265306,0.013228853750263845,-0.06171501597590085,0.29475819666753394,4.256416832567587,0.01
0.48484848484848486,0.12244897959183673,0.020130711331685317,0.0542980114335664,0.3597742575396716,2.1151571329019045,0.01
0.48484848484848486,0.14285714285714285,0.027913517323311664,0.08296046732260706,0.46436415764797506,8.134653077711835,0.01
0.48484848484848486,0.16326530612244897,0.03908435041935777,0.24805915638686302,0.7014817235155535,15.10286837731085,0.01
0.48484848484848486,0.18367346938775508,0.05654542440557915,0.1219135034739257,0.9318441015275798,7.47264466786773,0.01
0.48484848484848486,0.2040816326530612,0.07711880354293245,0.10108420236282031,1.1667762499955046,15.550705881988911,0.01
0.48484848484848486,0.22448979591836732,0.10416894481355893,0.08176279444406132,1.446750385667512,11.886759413867797,0.01
0.48484848484848486,0.24489795918367346,0.1361698396926268,0.19729033612108945,1.7425829893760976,17.104835749573606,0.01
0.48484848484848486,0.26530612244897955,0.17529478111462413,0.40928046997050865,2.1325759612155233,21.11447549069012,0.01
0.48484848484848486,0.2857142857142857,0.22321375647693387,0.10561548895932947,2.440775698495924,9.089098762789185,0.01
0.48484848484848486,0.3061224489795918,0.27491827901241694,0.08454591486259998,2.6640216302757542,12.789002551634141,0.01
0.48484848484848486,0.32653061224489793,0.331949333222883,0.11329733381929612,2.858700104206393,6.289487893568507,0.01
0.48484848484848486,0.3469387755102041,0.39159991591880033,0.40109692031395505,3.024781858425204,9.986524019874969,0.01
0.48484848484848486,0.36734693877551017,0.45540981724023827,0.1588992152067754,3.064671698334906,-6.077319708724171,0.01
0.48484848484848486,0.3877551020408163,0.5166885566671638,0.007326901497371584,2.911678649037537,-8.915999122418034,0.01
0.48484848484848486,0.4081632653061224,0.5742538437315663,0.1699864544381504,2.736858098304097,-8.216414849459081,0.01
0.48484848484848486,0.42857142857142855,0.6283970504754943,-0.40217249142462136,2.2618986054487737,-38.32961545036259,0.01
0.48484848484848486,0.44897959183673464,0.6665762357906999,-0.34625232928203437,1.6853995013330494,-18.167296752978416,0.01
0.48484848484848486,0.4693877551020408,0.6971888668564351,-0.5683604615828923,1.0589805274351054,-43.2217626890201,0.01
0.48484848484848486,0.4897959183673469,0.7097999307880511,-0.46524698366337186,0.3209644013397859,-29.103817668321213,0.01
0.48484848484848486,0.5102040816326531,0.7102894546662223,-0.3202872423405222,-0.35052646087549466,-36.70228682877629,0.01
0.48484848484848486,0.5306122448979591,0.6954927283033371,-0.43489244629764273,-1.0536097659280803,-32.19987706637713,0.01
0.48484848484848486,0.5510204081632653,0.6672849744242598,-0.4281590609762394,-1.721814179494796,-33.28415546316102,0.01
0.48484848484848486,0.5714285714285714,0.6252145985280393,-0.0174404765221291,-2.2566152929886454,-19.12635365923624,0.01
0.48484848484848486,0.5918367346938775,0.575178227771662,-0.202118760790696,-2.6249250951574066,-16.968006953302343,0.01
0.48484848484848486,0.6122448979591836,0.5180747987256962,-0.126752601258023,-2.968205382052996,-16.67346116246542,0.01
0.48484848484848486,0.6326530612244897,0.4540269876878663,0.15305174871356592,-3.037940231916324,9.839445875859283,0.01
0.48484848484848486,0.6530612244897959,0.3940772382393156,0.04888703535933558,-2.9676426505370377,-2.950282900689232,0.01
0.48484848484848486,0.673469387755102,0.332898716237375,0.009984321160056708,-2.9499628515456897,4.682903201841329,0.01
0.48484848484848486,0.6938775510204082,0.27367059123745074,0.13675811395594473,-2.726098959645058,17.255758204420573,0.01
0.48484848484848486,0.7142857142857142,0.22162937094573998,0.18065928033718737,-2.360700704477995,18.553270801951534,0.01
0.48484848484848486,0.7346938775510203,0.17731546044243054,0.06625628757762392,-2.062361372953704,10.683983687428931,0.01
0.48484848484848486,0.7551020408163265,0.13745135572313982,0.09484007499590454,-1.777491645388445,17.233249613966407,0.01
0.48484848484848486,0.7755102040816326,0.10476478103882055,0.12523146927893009,-1.476674138179328,12.246866092527068,0.01
0.48484848484848486,0.7959183673469387,0.07717894191990195,-0.010200540679489806,-1.216007184108497,13.298495406414425,0.01
0.48484848484848486,0.8163265306122448,0.05513183474867782,0.17702117230051445,-0.8739272043407652,20.22534261082327,0.01
0.48484848484848486,0.836734693877551,0.04150844378354419,0.04528899899796973,-0.6875328563430201,-1.9586965070442541,0.01
0.48484848484848486,0.8571428571428571,0.027069269183656593,0.3685461416046027,-0.5607381019493471,14.384582437624198,0.01
0.48484848484848486,0.8775510204081632,0.018621174316223895,0.11365724400696695,-0.31257462012638565,9.935438781026031,0.01
0.48484848484848486,0.8979591836734693,0.014311121423395957,-0.30000558001082056,-0.23363467428136933,-2.199324088214438,0.01
0.48484848484848486,0.9183673469387754,0.00908506516188229,0.014046320793416986,-0.20714845218656322,4.794973853505433,0.01
0.48484848484848486,0.9387755102040816,0.005856082558638275,-0.15523401124522115,-0.12898035018480564,2.865500142666813,0.01
0.48484848484848486,0.9591836734693877,0.0038205610727065505,-0.032179850877633205,-0.12147588564128733,-2.1300626174020185,0.01
0.48484848484848486,0.9795918367346939,0.0008978831447081798,0.19860524939368307,-0.09620251152395293,4.606853280900792,0.01
0.48484848484848486,1.0,-0.00010607205072009903,-0.11435309814973818,-0.04919380457598566,0.0,0.01
0.494949494949495,0.0,-0.0010940004959761683,0.2504586884527525,0.08390018132490548,0.0,0.01
0.494949494949495,0.02040816326530612,0.0006182481024912905,0.0536344271747341,0.14520381489975157,6.007756090334917,0.01
0.494949494949495,0.04081632653061224,0.004832685826462671,-0.11520023888280237,0.1366353391779434,-6.847466711072116,0.01
0.494949494949495,0.061224489795918366,0.006195200721999184,-0.07820992232188846,0.09329320198717463,2.5999372663767755,0.01
0.494949494949495,0.08163265306122448,0.008640571621857553,0.013298997196760955,0.15705159119844814,3.6483848763280284,0.01
0.494949494949495,0.1020408163265306,0.01260546975050727,0.07618468764977192,0.29494580955868305,9.865248522974996,0.01
0.494949494949495,0.12244897959183673,0.020679176093640533,-0.19081385750015561,0.395577786234757,-0.0033148087197549378,0.01
0.494949494949495,0.14285714285714285,0.028751501841721837,-0.03979338390488696,0.5123151480657101,11.44357626815317,0.01
0.494949494949495,0.16326530612244897,0.041589998463669516,0.046587939272114874,0.7111216163004758,8.039457618853866,0.01
0.494949494949495,0.18367346938775508,0.057776873935618804,0.2404455144917441,0.8954715118953671,10.026832149445493,0.01
0.494949494949495,0.2040816326530612,0.07813985609205185,0.3299302088377592,1.156839963417407,15.587276099714403,0.01
0.494949494949495,0.22448979591836732,0.1049948316261252,0.21622381958094627,1.4705589743248613,15.157186969216129,0.01
0.494949494949495,0.24489795918367346,0.1381626713706176,0.15444811869077998,1.8236353434205212,19.444297202158562,0.01
0.494949494949495,0.26530612244897955,0.1794289272759424,-0.0016574150613225256,2.1098887515643807,8.608536795939646,0.01
0.494949494949495,0.2857142857142857,0.22428057959773517,0.12479583475095556,2.36041209647427,15.942751005229526,0.01
0.494949494949495,0.3061224489795918,0.2757722781524432,0.30565356613254924,2.6659226928926145,13.997287443768233,0.01
0.494949494949495,0.32653061224489793,0.3330937507362092,0.05388883652479464,2.937038484343345,12.572060118403344,0.01
0.494949494949495,0.3469387755102041,0.39565139996237564,-0.1488685828522479,3.0360671725059443,-2.867248678468616,0.01
0.494949494949495,0.36734693877551017,0.4570148598180845,-0.14262033241272093,2.9672235623651457,-3.879425115329626,0.01
0.494949494949495,0.3877551020408163,0.5167625657731979,-0.17351010782254347,2.9144224607665135,-1.2950828413363296,0.01
0.494949494949495,0.4081632653061224,0.5759708786248809,-0.504657462822157,2.6355173394496645,-26.037619047714895,0.01
0.494949494949495,0.42857142857142855,0.6243347020772658,-0.40189994424666603,2.13414254281095,-23.097111022879087,0.01
0.494949494949495,0.44897959183673464,0.6630787375151238,-0.29833048551380714,1.6442721753847904,-24.91018498488459,0.01
0.494949494949495,0.4693877551020408,0.6914478520929715,-0.33968851888100365,1.029532355391239,-35.334317374483454,0.01
0.494949494949495,0.4897959183673469,0.705100466306603,-0.17109336602896327,0.38235625862703915,-28.088940108408146,0.01
0.494949494949495,0.5102040816326531,0.707054229996116,-0.405631707418553,-0.343014479406198,-42.99739221884911,0.01
0.494949494949495,0.5306122448979591,0.6910998753104316,-0.1065887298043132,-1.0803053170045962,-29.257109865793936,0.01
0.494949494949495,0.5510204081632653,0.6629601354244998,-0.20088389890256184,-1.6185053586917648,-23.486494219548597,0.01
0.494949494949495,0.5714285714285714,0.6250384320985228,-0.43661637139299575,-2.200676026781112,-33.566231253207434,0.01
0.494949494949495,0.5918367346938775,0.5731366241273116,0.0440372076858978,-2.65197708562235,-10.661272513233886,0.01
0.494949494949495,0.6122448979591836,0.5167944694200596,-0.10147047802628283,-2.8803096499029515,-11.715318786265176,0.01
0.494949494949495,0.6326530612244897,0.4555729649475993,-0.19082266214784174,-2.9944738571978866,0.5272264713613811,0.01
0.494949494949495,0.6530612244897959,0.3945710466772887,-0.020819751318405685,-3.003048226042704,-1.36751461815349,0.01
0.494949494949495,0.673469387755102,0.33299956796626445,0.12406642174966441,-2.9282169785596603,8.700976871491791,0.01
0.494949494949495,0.6938775510204082,0.27505198632791483,0.3280939549191552,-2.683861217222435,15.245887739556363,0.01
0.494949494949495,0.7142857142857142,0.22345421216126712,-0.0024962928429710374,-2.3781481261574786,14.713995184809491,0.01
0.494949494949495,0.7346938775510203,0.17798471587250755,0.21224351360729662,-2.0835994591240214,14.151774184469373,0.01
0.494949494949495,0.7551020408163265,0.138409336278654,0.21365920890533155,-1.762896777189637,17.27708864510027,0.01
0.494949494949495,0.7755102040816326,0.10602974537497135,0.14600557349379772,-1.5026690380181884,8.225229793701642,0.01
0.494949494949495,0.7959183673469387,0.07707590615546266,0.361368784899271,-1.203190540431438,21.123662969799863,0.01
0.494949494949495,0.8163265306122448,0.056919927398177965,0.0562136528389348,-0.860194944521596,12.489905429364697,0.01
0.494949494949495,0.836734693877551,0.041965908419887316,0.049745899216168295,-0.640135262929382,9.075943366672263,0.01
0.494949494949495,0.8571428571428571,0.030791957482692985,-0.11293928766756316,-0.543818687780454,0.3630809979226953,0.01
0.494949494949495,0.8775510204081632,0.019769227285991238,0.19773211506425342,-0.4780242886069702,6.084770121078713,0.01
0.494949494949495,0.8979591836734693,0.011280762029347264,0.1953303830903752,-0.25828586234936907,15.449595652166199,0.01
0.494949494949495,0.9183673469387754,0.009226947190098624,-0.1172103069447501,-0.17132114476477348,-6.927053328875829,0.01
0.494949494949495,0.9387755102040816,0.00428806224302998,0.051767661779965245,-0.1404201603458231,9.955349801932963,0.01
0.494949494949495,0.9591836734693877,0.0034955120739425787,-0.11689979533964524,-0.033909603968023144,0.4826847230914343,0.01
0.494949494949495,0.9795918367346939,0.002903996774947403,0.02308168165644025,-0.11653831514179709,-8.58029841812128,0.01
0.494949494949495,1.0,-0.0012611538502124038,0.17599986180999763,-0.20409238063283056,0.0,0.01
0.5050505050505051,0.0,0.001435885245970827,-0.115850395653347,-0.013517887388457182,0.0,0.01
0.5050505050505051,0.02040816326530612,0.0011600099931451703,0.05694312417593556,0.054712464195498065,6.686574455227615,0.01
0.5050505050505051,0.04081632653061224,0.003669047049868707,0.0958177495810342,0.10400719208029438,-1.855691122517576,0.01
0.5050505050505051,0.061224489795918366,0.005405201506626573,0.233808540724281,0.12509351798666252,3.9221510613416544,0.01
0.5050505050505051,0.08163265306122448,0.00877490492687534,0.005500328867012338,0.19526035831264693,2.9541992906048167,0.01
0.5050505050505051,0.1020408163265306,0.013375012049999916,0.014504068390512218,0.24443303238621378,1.8647227686047374,0.01
0.5050505050505051,0.12244897959183673,0.01875176339161876,0.10813490236464086,0.3668761422641595,10.134701999433945,0.01
0.5050505050505051,0.14285714285714285,0.0283495484689452,0.1350929962617038,0.571066097771979,9.875913640332374,0.01
0.5050505050505051,0.16326530612244897,0.04206058370884239,0.2618311423597625,0.7804736669137834,10.646028135564457,0.01
0.5050505050505051,0.18367346938775508,0.06020561650624248,0.08567657076677106,0.9655915685050468,7.495526220379357,0.01
0.5050505050505051,0.2040816326530612,0.08147248446415042,-0.125175027063672,1.150845705585947,10.659379213548844,0.01
0.5050505050505051,0.22448979591836732,0.10717891061179133,0.2562284375245921,1.4271315883793967,16.416637300209246,0.01
0.5050505050505051,0.24489795918367346,0.13972275337759518,-0.02232832520011038,1.7697152398979397,17.15656054860797,0.01
0.5050505050505051,0.26530612244897955,0.1794121857096664,0.34463243482657213,2.102550560084323,15.461300829657604,0.01
0.5050505050505051,0.2857142857142857,0.22554114358511856,0.24932852050374144,2.4364638039414404,17.262197068339898,0.01
0.5050505050505051,0.3061224489795918,0.27885968791135785,-0.1021973745394446,2.648375001412403,3.5051002838144405,0.01
0.5050505050505051,0.32653061224489793,0.33363808241827786,0.1498070942930212,2.8245557303016526,13.760611147332027,0.01
0.5050505050505051,0.3469387755102041,0.394147676903262,-0.12194340668528884,2.98743611554666,2.201666606678693,0.01
0.5050505050505051,0.36734693877551017,0.45557425039977417,-0.05512903540503205,2.961125407195729,-4.780116025069912,0.01
0.5050505050505051,0.3877551020408163,0.515009938421455,-0.12975346995172765,2.824827413341956,-8.577087372599845,0.01
0.5050505050505051,0.4081632653061224,0.5708733284953642,0.08010452456773165,2.5789966223548055,-15.514330144140898,0.01
0.5050505050505051,0.42857142857142855,0.6202751066808349,-0.10159738450751253,2.185203259417562,-23.077419423708978,0.01
0.5050505050505051,0.44897959183673464,0.6600652982675096,-0.14496627809546092,1.6596679321672019,-28.42504264682634,0.01
0.5050505050505051,0.4693877551020408,0.6880166549325574,-0.15446804282993176,1.061020329405165,-30.24242242385327,0.01
0.5050505050505051,0.4897959183673469,0.7033722504881286,-0.3114122325200186,0.36603698469602947,-37.865945357642026,0.01
0.5050505050505051,0.5102040816326531,0.7029569400221912,-0.24059658366311906,-0.3270512108455523,-30.056697805432993,0.01
0.5050505050505051,0.5306122448979591,0.6900232214740244,-0.4409968181192854,-1.0296354047960934,-38.796553201720045,0.01
0.5050505050505051,0.5510204081632653,0.6609310051325548,-0.2781386322884696,-1.7001788659536106,-26.916705991716647,0.01
0.5050505050505051,0.5714285714285714,0.6206281657208158,-0.370418067173145,-2.1400642377768975,-16.19206044696546,0.01
0.5050505050505051,0.5918367346938775,0.5735814444069671,-0.343542551745822,-2.569036940294224,-25.84726439973257,0.01
0.5050505050505051,0.6122448979591836,0.5157695150965618,-0.1335452817963848,-2.938431536882008,-10.353406065870267,0.01
0.5050505050505051,0.6326530612244897,0.4536454633097423,0.07264098871544178,-2.9745148389722,6.8172424610313405,0.01
0.5050505050505051,0.6530612244897959,0.39436074615892097,0.024891166983954657,-2.9251211295226143,-1.9766589349720731,0.01
0.5050505050505051,0.673469387755102,0.334252764145554,-0.014987605948522718,-2.8418696472180414,10.135304200820187,0.01
0.5050505050505051,0.6938775510204082,0.2783660666806336,0.02061356900767602,-2.7151822930559657,2.2800565070633008,0.01
0.5050505050505051,0.7142857142857142,0.2234289970820452,0.19370003956563922,-2.4068181848659687,27.939626095556545,0.01
0.5050505050505051,0.7346938775510203,0.18012858974732873,0.10200916234529646,-2.030106430913583,8.978125791777343,0.01
0.5050505050505051,0.7551020408163265,0.1405675101059806,0.1304301288352204,-1.7792889946924726,15.601982957891435,0.01
0.5050505050505051,0.7755102040816326,0.10750454914763598,0.17648016495710817,-1.4661146479994862,15.089103018021248,0.01
0.5050505050505051,0.7959183673469387,0.08072609590191994,0.16875167027257637,-1.225411773320773,8.499778700492683,0.01
0.5050505050505051,0.8163265306122448,0.05748774207331872,0.2746525984966359,-0.9373137394633738,19.733828617532424,0.01
0.5050505050505051,0.836734693877551,0.04246839225035366,-0.013272377325955721,-0.6819963441658387,5.2872761216260225,0.01
0.5050505050505051,0.8571428571428571,0.029651156597162043,0.07595112641491976,-0.5071958363837056,11.843173641023018,0.01
0.5050505050505051,0.8775510204081632,0.021766521377549353,-0.07683416614757456,-0.4017353296820258,-1.5080439842583955,0.01
0.5050505050505051,0.8979591836734693,0.013253796201977317,0.07951708719046942,-0.33622615870513256,7.927942739993935,0.01
0.5050505050505051,0.9183673469387754,0.008043004695707208,0.10059509149551699,-0.20684929296785476,4.750990102259303,0.01
0.5050505050505051,0.9387755102040816,0.004810967917575084,0.1367902785814659,-0.14034331656476182,1.766595585243805,0.01
0.5050505050505051,0.9591836734693877,0.0023147060604108084,0.1396617866382775,-0.041008659655158125,7.968200791897356,0.01
0.5050505050505051,0.9795918367346939,0.0031371450745074055,-0.19680628499731845,-0.04405304645324909,-8.26655069811027,0.01
0.5050505050505051,1.0,0.0005166225317067642,-0.036466936791074434,-0.12840560459723144,0.0,0.01
0.5151515151515152,0.0,0.00026567922927035216,0.08631752732991416,0.07200617798159178,0.0,0.01
0.5151515151515152,0.02040816326530612,0.001735193065629368,-0.007580564451395161,0.10709498498582473,3.4387030864148307,0.01
0.5151515151515152,0.04081632653061224,0.00463690310624279,-0.21373044215451953,0.1477769163776122,0.5481261899803415,0.01
0.5151515151515152,0.061224489795918366,0.0077669039381849676,-0.2889088485264782,0.10274223710288943,-4.961524758903174,0.01
0.5151515151515152,0.08163265306122448,0.00883046380431991,0.15313984848045367,0.14098803940176471,8.709613384192952,0.01
0.5151515151515152,0.1020408163265306,0.013521517791318221,0.1658626740771285,0.26983249754471783,3.917143513816452,0.01
0.5151515151515152,0.12244897959183673,0.019844035132675738,0.297261239912012,0.39671885673733315,8.517719687059856,0.01
0.5151515151515152,0.14285714285714285,0.02971412418876039,0.22175810809438834,0.6091020359525899,12.295831876035313,0.01
0.5151515151515152,0.16326530612244897,0.04470534272257737,-0.22443650980062319,0.7682443494933203,3.3001148509562586,0.01
0.5151515151515152,0.18367346938775508,0.06107103641297754,-0.08108742551797772,0.869817314455813,6.654035715368031,0.01
0.5151515151515152,0.2040816326530612,0.08020809025138606,0.2685350649104464,1.1930529857431853,25.023060070794465,0.01
0.5151515151515152,0.22448979591836732,0.10976707664739327,-0.04129272784915077,1.4525835499516921,0.41093522163921326,0.01
0.5151515151515152,0.24489795918367346,0.13949721473921023,0.1378201744839334,1.7915929968060054,32.81199057008348,0.01
0.5151515151515152,0.26530612244897955,0.18289332141498532,0.02731044476702926,2.16977876937467,4.25021514164567,0.01
0.5151515151515152,0.2857142857142857,0.22805961348919676,-0.08935452696019851,2.325884709704396,11.04816701066744,0.01
0.5151515151515152,0.3061224489795918,0.2778273911988382,0.22085313799895515,2.6237459615925784,18.142235674374444,0.01
0.5151515151515152,0.32653061224489793,0.33515128539093464,-0.04542415123064602,2.8196690859827314,1.0582305158605814,0.01
0.5151515151515152,0.3469387755102041,0.39291592532058234,0.29842155634848766,2.936719598601182,10.412719720747575,0.01
0.5151515151515152,0.36734693877551017,0.455017391456289,-0.13992254689454664,2.9591926137611053,-8.210364235075092,0.01
0.5151515151515152,0.3877551020408163,0.5136992973108315,-0.13116826546976357,2.8582943044463267,-1.677670077773198,0.01
0.5151515151515152,0.4081632653061224,0.5716824651071595,-0.27059982026518714,2.5859645424899904,-25.0106465939478,0.01
0.5151515151515152,0.42857142857142855,0.6192488704736883,-0.3691341867450528,2.12950391936455,-19.722494472345367,0.01
0.5151515151515152,0.44897959183673464,0.6586009924281615,-0.3662890197222885,1.6465837793500375,-27.60367924907685,0.01
0.5151515151515152,0.4693877551020408,0.686456371671649,-0.4173336838356467,1.0198291588657542,-33.818273558382906,0.01
0.5151515151515152,0.4897959183673469,0.7002266723818658,-0.33584059359797563,0.3447223458029679,-32.34219412177016,0.01
0.5151515151515152,0.5102040816326531,0.7005266715003415,-0.4780538381804997,-0.3591201234433507,-36.63436786436907,0.01
0.5151515151515152,0.5306122448979591,0.6855687081596882,-0.21725988952737937,-1.0389261137993366,-29.986619190517576,0.01
0.5151515151515152,0.5510204081632653,0.6581215239983278,-0.17734281392240678,-1.6827124073861315,-33.10443758098831,0.01
0.5151515151515152,0.5714285714285714,0.6168865690827032,-0.06244812188651871,-2.1562500562284646,-13.302252005560323,0.01
0.5151515151515152,0.5918367346938775,0.5701113176216558,-0.021691468194630078,-2.5104169075494704,-21.40609942389826,0.01
0.5151515151515152,0.6122448979591836,0.5144205728561942,-0.04649582548362229,-2.8354366203032106,-10.445832425968279,0.01
0.5151515151515152,0.6326530612244897,0.45437921067050435,0.2527846971465955,-2.9353058188194896,0.6586509713727915,0.01
0.5151515151515152,0.6530612244897959,0.3946121720880518,-0.07254126076240058,-2.9468069938586456,-1.7857661252102308,0.01
0.5151515151515152,0.673469387755102,0.334101374186478,0.2571163543094813,-2.8429282446970197,11.965883543049596,0.01
0.5151515151515152,0.6938775510204082,0.278574284549398,0.030636432481595196,-2.663537370681249,5.614422110495861,0.01
0.5151515151515152,0.7142857142857142,0.22538556313826377,0.3678022701513788,-2.386674830959184,21.51810678226645,0.01
0.5151515151515152,0.7346938775510203,0.18115898532657415,0.12330013818606374,-2.045764136094343,11.891141314487953,0.01
0.5151515151515152,0.7551020408163265,0.1418849861548212,0.20224080977533848,-1.7608593021269232,16.0295324143192,0.01
0.5151515151515152,0.7755102040816326,0.10928717707649566,0.018610941480265514,-1.4566310342094333,13.78483784159485,0.01
0.5151515151515152,0.7959183673469387,0.08243065822790556,-0.0747788233633919,-1.2011165751215969,11.255579149013167,0.01
0.5151515151515152,0.8163265306122448,0.06026201074500191,0.061688120302610096,-0.982360094677152,10.182555934542426,0.01
0.5151515151515152,0.836734693877551,0.042334327832919766,0.20231874442245404,-0.7311699407921219,14.434079146190525,0.01
0.5151515151515152,0.8571428571428571,0.030418339692262243,-0.007180603818815866,-0.522925774021379,5.973849197342292,0.01
0.5151515151515152,0.8775510204081632,0.020990418689190014,0.09764086653503011,-0.40085284443959185,5.989297901672844,0.01
0.5151515151515152,0.8979591836734693,0.01405699910289115,0.11543557446313465,-0.2923168979752766,4.647224851830043,0.01
0.5151515151515152,0.9183673469387754,0.00905911673101546,-0.026735118972081893,-0.19267562439129496,5.117619959400148,0.01
0.5151515151515152,0.9387755102040816,0.0061926879032464565,0.031624670129996604,-0.1306752960496342,0.9584122180826067,0.01
0.5151515151515152,0.9591836734693877,0.003725431177969167,0.010353540726915068,-0.12356538498526133,-0.2616409337740661,0.01
0.5151515151515152,0.9795918367346939,0.0011492028018072191,0.1031241280970721,-0.0876404578069776,3.782283797245871,0.01
0.5151515151515152,1.0,0.00014826963482722448,0.055941701323583594,-0.04904572518201974,0.0,0.01
0.5252525252525253,0.0,0.0011375734447240306,-0.2506366083150008,0.0255313648777114,0.0,0.01
0.5252525252525253,0.02040816326530612,0.0016586217075344673,0.26728535580920376,0.03284068950735376,0.7163138137049514,0.01
0.5252525252525253,0.04081632653061224,0.002478009751146633,0.12339309166396947,0.07815527031862698,3.7245151057998265,0.01
0.5252525252525253,0.061224489795918366,0.004848632740947814,0.17090118591022088,0.19353336963376666,7.582538627083863,0.01
0.5252525252525253,0.08163265306122448,0.010377330960688129,-0.008075464335951554,0.25353250711679876,-1.7026231537467185,0.01
0.5252525252525253,0.1020408163265306,0.015196898337551843,0.011320284545256356,0.30549890249495193,6.795329900805735,0.01
0.5252525252525253,0.12244897959183673,0.022846673919665758,-0.19674443880425205,0.41055156515574603,3.4998310399520807,0.01
0.5252525252525253,0.14285714285714285,0.0319541050786027,-0.020923768568254616,0.4799950170843116,3.305627249047349,0.01
0.5252525252525253,0.16326530612244897,0.04243830727004582,0.09441868087873852,0.6932977275387449,17.598038375487114,0.01
0.5252525252525253,0.18367346938775508,0.060251971508755546,0.4399576161411691,0.9918153304196636,11.656686706842926,0.01
0.5252525252525253,0.2040816326530612,0.08292056565452188,-0.06825020011507049,1.2029011684996123,9.029725424992044,0.01
0.5252525252525253,0.22448979591836732,0.10934997838629074,0.15062106590107344,1.4202349154522016,12.26898177636172,0.01
0.5252525252525253,0.24489795918367346,0.14088933771379542,0.2915901759006748,1.8085705496251612,25.78791037258831,0.01
0.5252525252525253,0.26530612244897955,0.18316918449344016,0.09187225564109948,2.1135587675021323,4.100934979354892,0.01
0.5252525252525253,0.2857142857142857,0.22715704250980082,0.35961299638049943,2.3737816388375492,21.400906411515944,0.01
0.5252525252525253,0.3061224489795918,0.2800582309766054,-0.002442996185752999,2.63461762023272,4.161019765210801,0.01
0.5252525252525253,0.32653061224489793,0.3346924555805241,0.05067801004384442,2.8388653107257977,15.855253903110812,0.01
0.5252525252525253,0.3469387755102041,0.39593028447561757,-0.24035050899555002,2.9133336319974896,-8.557358418485009,0.01
0.5252525252525253,0.36734693877551017,0.4536040323967481,0.13881761046331464,2.852879981088912,2.632900629444401,0.01
0.5252525252525253,0.3877551020408163,0.5123743653363895,-0.043246322293995824,2.8259549792182392,-5.271550812770331,0.01
0.5252525252525253,0.4081632653061224,0.5689491335893293,-0.18548358448692234,2.527073986214792,-24.01878650156745,0.01
0.5252525252525253,0.42857142857142855,0.6155202423247483,-0.24458503381888927,2.1058232588928427,-17.263784775983606,0.01
0.5252525252525253,0.44897959183673464,0.6549011033400576,-0.16648186772388104,1.634655620979133,-28.910643739559983,0.01
0.5252525252525253,0.4693877551020408,0.6822408799157333,-0.4832230579081968,1.0273643754318722,-30.60389832407158,0.01
0.5252525252525253,0.4897959183673469,0.6968343431536034,-0.5607520370886833,0.3296956409398477,-37.76763765614682,0.01
0.5252525252525253,0.5102040816326531,0.6956978448520537,-0.2017809804937651,-0.32977439364810207,-26.860425733472276,0.01
0.5252525252525253,0.5306122448979591,0.6833741638210278,-0.4416792678040929,-0.9645077290081925,-35.34344113181659,0.01
0.5252525252525253,0.5510204081632653,0.656330182443556,-0.4159590052952216,-1.6444004042830902,-31.286041045123383,0.01
0.5252525252525253,0.5714285714285714,0.6162557799727384,-0.11912065604867737,-2.1177302787503782,-15.100286652670855,0.01
0.5252525252525253,0.5918367346938775,0.5698922118823161,-0.1550944870747576,-2.5064691170255213,-22.99611949829316,0.01
0.5252525252525253,0.6122448979591836,0.5139509180533294,-0.2706281714834302,-2.7675107005975534,-2.5859556917661544,0.01
0.5252525252525253,0.6326530612244897,0.4569325914497629,-0.1065120783316411,-2.9417514063379753,-14.489633470795287,0.01
0.5252525252525253,0.6530612244897959,0.3938794320803508,0.12589736980621719,-2.9457350180961135,14.099239518497733,0.01
0.5252525252525253,0.673469387755102,0.33669850907849297,-0.018657444007115,-2.8173943711164346,-1.5218561144892258,0.01
0.5252525252525253,0.6938775510204082,0.2788837434633535,0.19453921061163978,-2.636145401609264,19.284255126192008,0.01
0.5252525252525253,0.7142857142857142,0.2291007375842373,-0.07366015710470844,-2.363742903789896,7.411189660106189,0.01
0.5252525252525253,0.7346938775510203,0.18240444126784752,0.2095351332242579,-2.086736416692454,19.73544607544321,0.01
0.5252525252525253,0.7551020408163265,0.14392782261719836,0.0073381528640859,-1.786767234645025,9.661533765204865,0.01
0.5252525252525253,0.7755102040816326,0.10947516638437713,0.1751728773137927,-1.5251863979659879,15.973388229340731,0.01
0.5252525252525253,0.7959183673469387,0.08167531657777029,0.16980723203027104,-1.1904560611706125,16.83018477660602,0.01
0.5252525252525253,0.8163265306122448,0.0608851230712909,0.05837629336785404,-0.913785444063483,10.283535699892674,0.01
0.5252525252525253,0.836734693877551,0.044377951513954655,0.2767280462666663,-0.7482132109029799,5.942543149836631,0.01
0.5252525252525253,0.8571428571428571,0.030345808340557032,0.07618287103459204,-0.5488309054177617,13.596922787714742,0.01
0.5252525252525253,0.8775510204081632,0.021976690068331733,-0.0953889130131174,-0.37050843668294753,3.8786791482970373,0.01
0.5252525252525253,0.8979591836734693,0.015223015006559176,0.11762332512567637,-0.32309681358057196,0.7676599157357641,0.01
0.5252525252525253,0.9183673469387754,0.008789065024226755,0.13187540322198693,-0.21341670677676855,9.980990551036975,0.01
0.5252525252525253,0.9387755102040816,0.006512129015670665,0.04018079123090973,-0.1214967893564481,-0.972838643845568,0.01
0.5252525252525253,0.9591836734693877,0.0038300123974329557,-0.12695595121277306,-0.10587107468027798,2.5041586821102353,0.01
0.5252525252525253,0.9795918367346939,0.002190860661373604,-0.03637639747988145,-0.07635853927547882,0.38806978756008265,0.01
0.5252525252525253,1.0,0.0007133373249644325,-0.10211896321985768,-0.07239864348404941,0.0,0.01
0.5353535353535354,0.0,-0.0013941094675487043,0.23060745639840913,0.28187657944423694,0.0,0.01
0.5353535353535354,0.02040816326530612,0.004358473786415314,-0.34827006156774837,0.125403595057705,-15.334352469880129,0.01
0.5353535353535354,0.04081632653061224,0.003724404616439254,0.09978880264498177,0.054302622212313044,8.36645713103172,0.01
0.5353535353535354,0.061224489795918366,0.00657490734610156,-0.0033652188477439186,0.16099822193681648,2.089711641969622,0.01
0.5353535353535354,0.08163265306122448,0.010295760613860335,0.026615340145095773,0.21404026384971153,3.1084084654940933,0.01
0.5353535353535354,0.1020408163265306,0.015311244646089786,0.044796889335716086,0.2588080956820897,1.2788390540789665,0.01
0.5353535353535354,0.12244897959183673,0.020859356355986444,0.0713568019402791,0.40257197625391744,12.81002124196016,0.01
0.5353535353535354,0.14285714285714285,0.03174275388094356,0.11532279063402044,0.5520505366018194,1.8388776721342237,0.01
0.5353535353535354,0.16326530612244897,0.04339203131932601,0.15169848451963147,0.8073542318355215,23.180884460768585,0.01
0.5353535353535354,0.18367346938775508,0.06469598783341382,-0.2513046499845316,0.951558890173721,-9.048827943625032,0.01
0.5353535353535354,0.2040816326530612,0.0822311696937636,0.250192983275148,1.1312976787937299,26.663229228385916,0.01
0.5353535353535354,0.22448979591836732,0.11087140329438239,0.22526407639201382,1.5092863216379164,10.37965777034436,0.01
0.5353535353535354,0.24489795918367346,0.14383469302592344,0.24524951558557387,1.7940317026416321,17.52538956801979,0.01
0.5353535353535354,0.26530612244897955,0.1840971870756735,0.18900164987038595,2.1303926978228973,15.437987959744184,0.01
0.5353535353535354,0.2857142857142857,0.23078949701869475,-0.01434123344729357,2.3504409957086816,6.126745233062694,0.01
0.5353535353535354,0.3061224489795918,0.2800335542474564,0.17416631770494603,2.558164012502942,14.230110412774799,0.01
0.5353535353535354,0.32653061224489793,0.33520435467187604,0.23161265635177555,2.779989209070848,7.508758850880006,0.01
0.5353535353535354,0.3469387755102041,0.3935025015564706,0.14187819512665595,2.935145957353823,7.6966024808515625,0.01
0.5353535353535354,0.36734693877551017,0.45500623048223615,-0.19792231158133497,2.9016582899190944,-10.978393889454962,0.01
0.5353535353535354,0.3877551020408163,0.5119375337980663,0.08302885300651118,2.7456986228921703,-4.305653479183606,0.01
0.5353535353535354,0.4081632653061224,0.5670755620288553,-0.2085799303665785,2.4772477394232784,-22.002533100767813,0.01
0.5353535353535354,0.42857142857142855,0.6130496864275878,-0.22191448986582205,2.1105257039503633,-13.936226375577874,0.01
0.5353535353535354,0.44897959183673464,0.6532194683125436,-0.6194358875667264,1.5755987362297588,-38.486616461041365,0.01
0.5353535353535354,0.4693877551020408,0.6773598389267617,-0.06021153558731906,0.9297924648314918,-24.80239813598881,0.01
0.5353535353535354,0.4897959183673469,0.6911701811628086,-0.26560272182788247,0.3993454479767526,-27.18140951577564,0.01
0.5353535353535354,0.5102040816326531,0.6936596531298944,-0.39389827987193754,-0.3003068901382792,-41.38451961949749,0.01
0.5353535353535354,0.5306122448979591,0.6789127570755319,-0.2442082507943308,-1.0175113816105732,-28.901520544787328,0.01
0.5353535353535354,0.5510204081632653,0.6521285763294629,-0.21165718580399648,-1.5645752932931136,-24.710742800101634,0.01
0.5353535353535354,0.5714285714285714,0.6150525410227518,-0.44118831521325147,-2.053172897978647,-23.17182245908067,0.01
0.5353535353535354,0.5918367346938775,0.568325600901763,-0.406816179002306,-2.543963401148263,-24.92564685154169,0.01
0.5353535353535354,0.6122448979591836,0.5112173001595574,0.11271577259485809,-2.755487781262136,4.1962576003820145,0.01
0.5353535353535354,0.6326530612244897,0.4558567118706554,-0.17134086748820712,-2.843621348140032,-12.833347154415838,0.01
0.5353535353535354,0.6530612244897959,0.395151122684454,0.1661467229763284,-2.9239932146521648,4.95690423622694,0.01
0.5353535353535354,0.673469387755102,0.33651005004811807,-0.21371712726431588,-2.800407248896911,7.154520407787957,0.01
0.5353535353535354,0.6938775510204082,0.2808487859947842,-0.007326373089010018,-2.649757184143517,7.609185938044641,0.01
0.5353535353535354,0.7142857142857142,0.22835669559328065,0.2292004939677197,-2.3600317916281877,20.78390252845771,0.01
0.5353535353535354,0.7346938775510203,0.18452095776506225,0.03729922069724648,-2.0666913803870455,7.963457773174305,0.01
0.5353535353535354,0.7551020408163265,0.14400194537340125,0.23335824130809238,-1.79527102524913,18.635737030341424,0.01
0.5353535353535354,0.7755102040816326,0.11124458938754675,0.34321799648774753,-1.4849794036268815,11.77284188863893,0.01
0.5353535353535354,0.7959183673469387,0.08339054114373262,0.31517355823848947,-1.219360266288547,14.25783357051786,0.01
0.5353535353535354,0.8163265306122448,0.061474782600259126,0.07120657111455443,-0.8873252425605368,18.28159875482715,0.01
0.5353535353535354,0.836734693877551,0.04717318430452704,-0.11459641578697011,-0.7438065325915144,-4.216765177862953,0.01
0.5353535353535354,0.8571428571428571,0.031115332290401396,-0.026642839246799985,-0.6409204559465971,14.299600689064844,0.01
0.5353535353535354,0.8775510204081632,0.02101316569446186,0.1956425790612657,-0.3602529707715175,13.20581285809294,0.01
0.5353535353535354,0.8979591836734693,0.01641112940176803,-0.1420545735044711,-0.2668546343102684,-4.052775884890526,0.01
0.5353535353535354,0.9183673469387754,0.010121139804246825,0.038787593928431445,-0.2325817782961805,7.411515774271134,0.01
0.5353535353535354,0.9387755102040816,0.006917995593760662,-0.20107164992437893,-0.18555101343373717,-2.8025008177516906,0.01
0.5353535353535354,0.9591836734693877,0.0025476290518493894,0.11570832379885794,-0.12481704562385763,8.754429663119884,0.01
0.5353535353535354,0.9795918367346939,0.0018234223029909632,-0.13801926013956864,-0.07021201194389876,-3.403136362483915,0.01
0.5353535353535354,1.0,-0.00031816735402402896,0.0242426529799106,-0.10493789319373462,0.0,0.01
0.5454545454545455,0.0,0.0009352587788998731,-0.2799521485526764,-0.00463855571072997,0.0,0.01
0.5454545454545455,0.02040816326530612,0.0008405943766400778,0.12924082544377558,0.09302928175508912,9.571448071650272,0.01
0.5454545454545455,0.04081632653061224,0.004732372319923918,0.03448964218255184,0.13965786106726363,-5.001847299057168,0.01
0.5454545454545455,0.061224489795918366,0.006540915236528389,-0.032409188964778096,0.1428896377828043,5.3185614171801525,0.01
0.5454545454545455,0.08163265306122448,0.010564602433507767,0.06153214891245097,0.2259591694102648,2.8222526823109746,0.01
0.5454545454545455,0.1020408163265306,0.015763738477763686,0.025401644029795112,0.26988047764150375,1.4820355243504455,0.01
0.5454545454545455,0.12244897959183673,0.02158013213316098,0.0595545557653484,0.4200253558681443,13.232162541860333,0.01
0.5454545454545455,0.14285714285714285,0.03290763055401447,-0.07941542728919058,0.5719330742098409,1.6547938556259316,0.01
0.5454545454545455,0.16326530612244897,0.04492433924376673,0.327676514183228,0.7166231985511323,12.524838329820629,0.01
0.5454545454545455,0.18367346938775508,0.06215755702548926,0.11884014351516248,0.9759337913808942,12.887599767496047,0.01
0.5454545454545455,0.2040816326530612,0.08475837154502772,0.14609469312617637,1.2492364040081276,13.896056269972823,0.01
0.5454545454545455,0.22448979591836732,0.11314679800541283,0.07619308855036874,1.5080629382197894,11.468944082770046,0.01
0.5454545454545455,0.24489795918367346,0.14631196086012116,0.18167351590419512,1.7850576677953707,15.676539415636922,0.01
0.5454545454545455,0.26530612244897955,0.18600629465012183,0.21510717769165655,2.0661505427592077,11.870562330819109,0.01
0.5454545454545455,0.2857142857142857,0.2306446360747827,-0.006510062541905336,2.3467696256273354,15.630107790257403,0.01
0.5454545454545455,0.3061224489795918,0.2817928099818498,-0.016634431705924768,2.6190313892713983,11.051545046860761,0.01
0.5454545454545455,0.32653061224489793,0.3375438764532071,-0.03124503175437848,2.7719987140893516,3.939252785298693,0.01
0.5454545454545455,0.3469387755102041,0.39493561463855803,0.07190876215007491,2.8288468996330027,1.6318693979790961,0.01
0.5454545454545455,0.36734693877551017,0.4530070152137378,0.09574060043630687,2.8870945638388568,4.076401694194587,0.01
0.5454545454545455,0.3877551020408163,0.5127762090809603,-0.16031373602097965,2.7430611313746103,-18.191678075690753,0.01
0.5454545454545455,0.4081632653061224,0.5649686940453545,-0.03249703164450768,2.4017819626518424,-15.253680459140494,0.01
0.5454545454545455,0.42857142857142855,0.6108081259238927,-0.17711479632723157,2.008849229693761,-23.253727370751488,0.01
0.5454545454545455,0.44897959183673464,0.646962540155304,-0.012145264997856285,1.615616134005752,-15.2831160066734,0.01
0.5454545454545455,0.4693877551020408,0.6767516415975968,-0.2863542155583938,1.0173572381709026,-43.34625578514184,0.01
0.5454545454545455,0.4897959183673469,0.6884873253867694,-0.30537156366171925,0.3167664051992459,-25.311645846080527,0.01
0.5454545454545455,0.5102040816326531,0.6896808826261375,-0.3811246209262024,-0.2950122988218952,-34.64266714799132,0.01
0.5454545454545455,0.5306122448979591,0.6764460070675083,-0.24802132520736395,-0.9724113128765878,-31.742436229368554,0.01
0.5454545454545455,0.5510204081632653,0.6499906249577053,-0.43706700222198575,-1.6133228849927455,-31.066897838014906,0.01
0.5454545454545455,0.5714285714285714,0.6105960933943351,-0.048058558835377456,-2.1014698205378246,-16.771501845402877,0.01
0.5454545454545455,0.5918367346938775,0.5642163465684064,-0.19069561859305403,-2.406886126892721,-13.15929617737693,0.01
0.5454545454545455,0.6122448979591836,0.5123558433170812,-0.18198847731169274,-2.6972135880086467,-15.292795011983824,0.01
0.5454545454545455,0.6326530612244897,0.4541259960374412,-0.2187276062301927,-2.8303985371870417,2.240669992501098,0.01
0.5454545454545455,0.6530612244897959,0.39682937241148764,-0.1411751904088583,-2.934480268839182,-12.440679694410811,0.01
0.5454545454545455,0.673469387755102,0.33435129118686235,0.5098786919368952,-2.843337459539343,21.372675005794996,0.01
0.5454545454545455,0.6938775510204082,0.28077478222620833,0.22479269452287162,-2.5401462576770033,8.34006277671439,0.01
0.5454545454545455,0.7142857142857142,0.2306718520980051,0.05198761003084828,-2.3489880840750232,10.393438236279719,0.01
0.5454545454545455,0.7346938775510203,0.18489771757008494,0.23936324620110924,-2.065662442913923,17.372474597508116,0.01
0.5454545454545455,0.7551020408163265,0.14635909932600824,-0.16749254659863158,-1.7195638534625917,16.545187168722375,0.01
0.5454545454545455,0.7755102040816326,0.11471143783691794,-0.02628277297670843,-1.464732178729965,8.428316955075083,0.01
0.5454545454545455,0.7959183673469387,0.0865741124390709,0.08031071685517939,-1.286676225093024,9.021166501345139,0.01
0.5454545454545455,0.8163265306122448,0.062194040894345534,0.22451955477909064,-0.9936824583547161,19.692222639009014,0.01
0.5454545454545455,0.836734693877551,0.046015644751123304,0.24415700784585653,-0.7680217907112435,2.4225227900512882,0.01
0.5454545454545455,0.8571428571428571,0.03084621270204988,0.3084373592041668,-0.5641441390397104,17.557487073758967,0.01
0.5454545454545455,0.8775510204081632,0.022989353361747372,0.012685268390114269,-0.3888144605625574,-0.3751785829979737,0.01
0.5454545454545455,0.8979591836734693,0.014976234719904684,0.10807323205214002,-0.3056722821461718,8.523112067803755,0.01
0.5454545454545455,0.9183673469387754,0.010512933682311789,0.04845388980734563,-0.24718701437989507,-2.7915558267086373,0.01
0.5454545454545455,0.9387755102040816,0.004886968826847743,0.14084348081166517,-0.1665150752334801,10.6974058630573,0.01
0.5454545454545455,0.9591836734693877,0.003716399999312601,-0.08087630488190921,-0.10921317138418235,-5.081819285826118,0.01
0.5454545454545455,0.9795918367346939,0.0004292883621872393,0.09864961512758033,-0.09284745573242613,6.685659419698229,0.01
0.5454545454545455,1.0,-7.329207139866934e-05,0.062262240112924465,-0.02462644124570952,0.0,0.01
0.5555555555555556,0.0,-0.001892540701430192,0.285157598732218,0.1978913001056958,0.0,0.01
0.5555555555555556,0.02040816326530612,0.0021460572599105382,-0.04344698357462151,0.17084568451279714,-2.650470328104069,0.01
0.5555555555555556,0.04081632653061224,0.005080752543990099,-0.006187522250815866,0.09965356457221752,-4.326357426072733,0.01
0.5555555555555556,0.061224489795918366,0.006213549691429621,0.24238133783754487,0.14958197530687026,9.219341678068702,0.01
0.5555555555555556,0.08163265306122448,0.011186139291209292,-0.08336701092906962,0.24026589070690157,-0.33231796886562975,0.01
0.5555555555555556,0.1020408163265306,0.01602032074069091,0.17690904012347425,0.2693910732768168,3.1865858607173165,0.01
0.5555555555555556,0.12244897959183673,0.022181693302507934,0.24266381062746722,0.39408577761243574,9.033495164173347,0.01
0.5555555555555556,0.14285714285714285,0.032105454520790326,0.11713809369604264,0.6382864881617404,14.898174469658514,0.01
0.5555555555555556,0.16326530612244897,0.048234203023395296,-0.03638262361123248,0.7656864458714014,-2.4129786141117253,0.01
0.5555555555555556,0.18367346938775508,0.0633579625155414,0.06310499454310456,0.9309968760687956,18.613400773456352,0.01
0.5555555555555556,0.2040816326530612,0.0862340755159992,0.3445863291827877,1.2386823348501736,11.539774187118695,0.01
0.5555555555555556,0.22448979591836732,0.11391642516248726,0.13986966409412155,1.5168677984022285,15.722401240982686,0.01
0.5555555555555556,0.24489795918367346,0.14814704687935545,0.0037610621643733573,1.8194353969262955,13.929223414375889,0.01
0.5555555555555556,0.26530612244897955,0.18817909442478503,0.1889691872623655,2.019579859204365,5.684933888874895,0.01
0.5555555555555556,0.2857142857142857,0.2305788778672887,0.41039454036359274,2.2894194293622774,20.759343986600552,0.01
0.5555555555555556,0.3061224489795918,0.2816247854191637,0.19395186493272984,2.6129101090117457,10.94274261904736,0.01
0.5555555555555556,0.32653061224489793,0.33722827007184975,0.05493489235597048,2.793910918629473,6.795336723489906,0.01
0.5555555555555556,0.3469387755102041,0.39566196577138707,0.10434718222262472,2.8602726368923137,-0.29188833373150663,0.01
0.5555555555555556,0.36734693877551017,0.4539740919858217,-0.057666128971403934,2.8296253597460197,-2.711544826605293,0.01
0.5555555555555556,0.3877551020408163,0.5111568784140818,0.011162515916558256,2.711325555758651,-8.881835964156869,0.01
0.5555555555555556,0.4081632653061224,0.5646404412004605,-0.33444118167988063,2.3976241244952448,-21.86090429965695,0.01
0.5555555555555556,0.42857142857142855,0.609019087577153,-0.09140307222463494,2.013885778005306,-15.74545365635704,0.01
0.5555555555555556,0.44897959183673464,0.6468398607108812,-0.4076857463919891,1.588582136317232,-25.934303229074217,0.01
0.5555555555555556,0.4693877551020408,0.6738591747737747,-0.6328877048225734,0.9447911339561083,-37.157215002315915,0.01
0.5555555555555556,0.4897959183673469,0.6854027641376611,-0.18409656838175845,0.293313123062768,-26.68763006523143,0.01
0.5555555555555556,0.5102040816326531,0.6858311389804183,-0.35588976699244707,-0.2808195630427871,-29.57737317311298,0.01
0.5555555555555556,0.5306122448979591,0.6739407411563229,-0.517535543266406,-0.9862556395608978,-39.55536232566187,0.01
0.5555555555555556,0.5510204081632653,0.6455758067534428,-0.14515506137937828,-1.5638371498804862,-17.0476256856578,0.01
0.5555555555555556,0.5714285714285714,0.6101106534060989,-0.34443673181785234,-2.0404991245892505,-29.665247835801143,0.01
0.5555555555555556,0.5918367346938775,0.5622901281987795,0.05484503422074282,-2.4400303996469606,-9.488817119854405,0.01
0.5555555555555556,0.6122448979591836,0.5105175758694883,-0.2940033339930772,-2.704150797070363,-16.394981827639043,0.01
0.5555555555555556,0.6326530612244897,0.45191662627754026,0.03931980051162248,-2.8202982793171487,5.012528567454051,0.01
0.5555555555555556,0.6530612244897959,0.39540336038715573,0.14416850908492684,-2.754168609191771,1.4681791048329298,0.01
0.5555555555555556,0.673469387755102,0.33950158100440675,-0.06361034702279006,-2.752769649631996,-1.3310810679749543,0.01
0.5555555555555556,0.6938775510204082,0.28304541550421713,0.2061183385579934,-2.653462737542641,11.06315845273179,0.01
0.5555555555555556,0.7142857142857142,0.23119697947205406,0.34425211635024383,-2.3453822404778837,19.128730259614517,0.01
0.5555555555555556,0.7346938775510203,0.1873155281377729,-0.03473314521077378,-2.1199782392515214,2.9608618605689787,0.01
0.5555555555555556,0.7551020408163265,0.14466725542097156,0.46802025732878005,-1.7853045349762942,29.83716115840331,0.01
0.5555555555555556,0.7755102040816326,0.11444595528159765,0.19164153814610033,-1.4034071286833147,7.5887846583086365,0.01
0.5555555555555556,0.7959183673469387,0.08738533180124443,-0.0017214101637160748,-1.2246089823655788,9.933433680829465,0.01
0.5555555555555556,0.8163265306122448,0.06446191518504342,0.0716162132129048,-0.9531346388671244,16.67105198201907,0.01
0.5555555555555556,0.836734693877551,0.0484818771536067,-0.12132489339685626,-0.7472542532525126,3.505225808212885,0.01
0.5555555555555556,0.8571428571428571,0.03396174158290005,-0.037147281627808976,-0.6214275493090607,8.825791178245389,0.01
0.5555555555555556,0.8775510204081632,0.02311748738588994,0.17142410179202539,-0.4383995223325034,9.110955465457225,0.01
0.5555555555555556,0.8979591836734693,0.01606788352851216,0.007850089504983893,-0.29682045159342263,4.763793466972691,0.01
0.5555555555555556,0.9183673469387754,0.011002366912689018,0.07341449703748602,-0.23907720534344692,0.8950446655249287,0.01
0.5555555555555556,0.9387755102040816,0.0063096302491877955,-0.05251974488059989,-0.1985210325050634,3.0794602726366596,0.01
0.5555555555555556,0.9591836734693877,0.0028994676267680634,0.0916037745131908,-0.11965508763933466,4.649402324204758,0.01
0.5555555555555556,0.9795918367346939,0.0014257491210516871,0.12289769972863517,-0.05742428045592689,1.4492167797692048,0.01
0.5555555555555556,1.0,0.0005556194448934971,-0.16230123554784376,-0.04263635413175132,0.0,0.01
0.5656565656565657,0.0,0.0009878390837437274,-0.2593691815256431,0.035248628054835814,0.0,0.01
0.5656565656565657,0.02040816326530612,0.0017071988399648664,0.05172812641854913,0.09874512426952108,6.222656629039155,0.01
0.5656565656565657,0.04081632653061224,0.005018252319234383,-0.00441562778541371,0.17038885623482436,0.7984291035605691,0.01
0.5656565656565657,0.061224489795918366,0.008661846033223003,-0.15394485199292096,0.13048200083598926,-4.709300932646409,0.01
0.5656565656565657,0.08163265306122448,0.01034404827172374,0.06014713073115151,0.22406315036352048,13.880253586344468,0.01
0.5656565656565657,0.1020408163265306,0.017807280741938124,-0.03353181314175104,0.3500754685105052,-1.5310464079399646,0.01
0.5656565656565657,0.12244897959183673,0.024632842904805583,-0.022283481590087334,0.37929397773898044,4.394460312330542,0.01
0.5656565656565657,0.14285714285714285,0.03328866758842712,0.11052628669437975,0.5692295423147895,14.219225016098743,0.01
0.5656565656565657,0.16326530612244897,0.04786670177479699,-0.0006706835065283314,0.7523146183032502,3.7231124307704055,0.01
0.5656565656565657,0.18367346938775508,0.06399538670284549,0.29868335452212036,1.0252770714572148,23.027207978318128,0.01
0.5656565656565657,0.2040816326530612,0.08971474550774453,0.1560142152642761,1.257679652062294,-0.2517550790203639,0.01
0.5656565656565657,0.22448979591836732,0.11532925005232687,0.13917743443333067,1.4325221515138329,17.386320025271193,0.01
0.5656565656565657,0.24489795918367346,0.14818503740626832,0.10038746455575213,1.8315862890234873,21.721965450674926,0.01
0.5656565656565657,0.26530612244897955,0.19008787409410186,-0.01658486256413605,2.1202113765364947,6.563293125599818,0.01
0.5656565656565657,0.2857142857142857,0.23472427726490075,0.130408855174347,2.290652516260499,10.139938567352582,0.01
0.5656565656565657,0.3061224489795918,0.28358389516595894,0.026666847918872246,2.524942822383597,12.820511432711024,0.01
0.5656565656565657,0.32653061224489793,0.3377831679744353,0.14393170377828213,2.771736022403235,11.365222169213503,0.01
0.5656565656565657,0.3469387755102041,0.39671597771302974,-0.16381275770413053,2.832406727573923,-5.41949306248605,0.01
0.5656565656565657,0.36734693877551017,0.4533916058345954,-0.00838202182775416,2.8065645079834076,2.8869555426155173,0.01
0.5656565656565657,0.3877551020408163,0.5112696311001076,-0.12868240203133152,2.6428307194823106,-18.932866815723003,0.01
0.5656565656565657,0.4081632653061224,0.5612622474461183,-0.19714988803666297,2.372241731470404,-7.58485400944387,0.01
0.5656565656565657,0.42857142857142855,0.6080958242213486,-0.6586507989674385,1.995759597849279,-29.31039508542636,0.01
0.5656565656565657,0.44897959183673464,0.6427218228685379,-0.28835858408941384,1.4545783636036007,-23.725365870650126,0.01
0.5656565656565657,0.4693877551020408,0.6674663696745567,0.020335685990666597,1.0001238093222764,-20.811180448919657,0.01
0.5656565656565657,0.4897959183673469,0.6835432028408757,-0.454330102045256,0.3618631177783044,-41.73836732238962,0.01
0.5656565656565657,0.5102040816326531,0.6822362928491814,-0.06623194306212044,-0.363337289150604,-29.331272556643405,0.01
0.5656565656565657,0.5306122448979591,0.6687131094061571,-0.22731851994786853,-0.9341041215051383,-26.603877014100966,0.01
0.5656565656565657,0.5510204081632653,0.644109594012237,-0.28023488949207054,-1.5209995652290764,-30.911876470844973,0.01
0.5656565656565657,0.5714285714285714,0.6066314944988479,-0.0667666026350544,-1.9910041514356853,-15.14857297740272,0.01
0.5656565656565657,0.5918367346938775,0.5628441184434335,-0.256369089206805,-2.4275494072559805,-27.632862092986215,0.01
0.5656565656565657,0.6122448979591836,0.5075478452230936,0.11858837458593317,-2.707992900362014,0.14939976859509088,0.01
0.5656565656565657,0.6326530612244897,0.45231379597967786,-0.16368807557163104,-2.711861813100875,-0.528553217003325,0.01
0.5656565656565657,0.6530612244897959,0.39685960795367015,-0.18019802627433554,-2.7796412214603885,-6.113828802229012,0.01
0.5656565656565657,0.673469387755102,0.3388590522466008,0.1183784667473418,-2.737438631227045,10.249682645096659,0.01
0.5656565656565657,0.6938775510204082,0.28512741892399485,0.09164094529169574,-2.5525270774149713,7.871649628486591,0.01
0.5656565656565657,0.7142857142857142,0.23467427357660198,-0.14860662009339876,-2.4049869006024776,6.587287699137847,0.01
0.5656565656565657,0.7346938775510203,0.18696468828715904,0.16133370660531118,-2.0893487498174395,24.345251077795975,0.01
0.5656565656565657,0.7551020408163265,0.1493947327677269,0.13812237183743054,-1.7292825173778756,10.941239701281289,0.01
0.5656565656565657,0.7755102040816326,0.11638172839418452,-0.052547706156099584,-1.519656329224387,9.602126737760672,0.01
0.5656565656565657,0.7959183673469387,0.08736794381979275,0.25917024955635243,-1.2543122193439957,16.40159603051771,0.01
0.5656565656565657,0.8163265306122448,0.06518531127810306,-0.017688933427910836,-0.9827334806773459,10.213120358813986,0.01
0.5656565656565657,0.836734693877551,0.047256373179901084,0.06110887581870223,-0.7741704716726893,10.22605452364237,0.01
0.5656565656565657,0.8571428571428571,0.033586516515952486,0.06437665801431953,-0.5489795656512062,11.842654266462972,0.01
0.5656565656565657,0.8775510204081632,0.024849043969647773,-0.1415301600556068,-0.427263809274388,0.08548985846520385,0.01
0.5656565656565657,0.8979591836734693,0.016147177361895835,0.12554368489299983,-0.32107535378015206,10.320978779969904,0.01
0.5656565656565657,0.9183673469387754,0.01174392748882524,-0.09027601840513079,-0.25401721486311163,-3.7492811660999403,0.01
0.5656565656565657,0.9387755102040816,0.005779127775646382,0.1587681324559324,-0.19401964565501523,9.629042948493385,0.01
0.5656565656565657,0.9591836734693877,0.0038247582784164554,0.18976604755323306,-0.0762436998319987,1.9129997421622358,0.01
0.5656565656565657,0.9795918367346939,0.0026671400274015373,-0.1370739020289078,-0.12025935870335465,-6.226534311555119,0.01
0.5656565656565657,1.0,-0.0010837869747816926,0.051588423653664756,-0.18379542310697827,0.0,0.01
0.5757575757575758,0.0,-0.0016320516387375163,0.07011094119404424,0.1892260835019613,0.0,0.01
0.5757575757575758,0.02040816326530612,0.0022297051674249587,0.020486941391713594,0.1618396905991738,-2.6838665044731735,0.01
0.5757575757575758,0.04081632653061224,0.004973650018371618,-0.11193241804827389,0.1194899878400666,-1.466404365919332,0.01
0.5757575757575758,0.061224489795918366,0.0071068475282440036,0.03239908255233242,0.14645965319614934,4.109431570815441,0.01
0.5757575757575758,0.08163265306122448,0.010951595046785877,0.019107604876976395,0.2538623367458807,6.416031417058233,0.01
0.5757575757575758,0.1020408163265306,0.017468575558688113,0.11336176672815335,0.3296759735421178,1.0137049889730017,0.01
0.5757575757575758,0.12244897959183673,0.02440775723217844,0.23240182890075936,0.41494471961761886,7.342632126426108,0.01
0.5757575757575758,0.14285714285714285,0.03440509472675419,-0.12088723734586258,0.574578164062741,8.301445429195855,0.01
0.5757575757575758,0.16326530612244897,0.047859927193922965,0.3257307036098648,0.7988787411495092,13.680011125307436,0.01
0.5757575757575758,0.18367346938775508,0.06701239028387701,0.26007256745122126,1.064052627213626,12.30702970897601,0.01
0.5757575757575758,0.2040816326530612,0.09129064667203014,-0.2775247780031232,1.2182059647675936,2.799997371312808,0.01
0.5757575757575758,0.22448979591836732,0.11673508272337062,0.17145855681775732,1.4187559354294004,16.853899753544262,0.01
0.5757575757575758,0.24489795918367346,0.14919905219976076,0.3179600703744127,1.7930390539079526,19.825845857353862,0.01
0.5757575757575758,0.26530612244897955,0.18992035022981765,0.25321458315026346,2.127640912598672,12.965136294336682,0.01
0.5757575757575758,0.2857142857142857,0.236041538428278,0.1475312259872857,2.3013562223901323,4.058964065226393,0.01
0.5757575757575758,0.3061224489795918,0.2838532572661496,0.16861696119293554,2.528289385926995,18.180485961386157,0.01
0.5757575757575758,0.32653061224489793,0.3392370235681553,-0.08398867203556025,2.724597130102593,1.0576729678224308,0.01
0.5757575757575758,0.3469387755102041,0.395061303392786,0.19434150313595086,2.794712926792631,5.813675107801353,0.01
0.5757575757575758,0.36734693877551017,0.4533069389474464,-0.24184061709866475,2.8152583838822314,-3.8002203130205348,0.01
0.5757575757575758,0.3877551020408163,0.5099698088573669,-0.30812975544289267,2.596115439460914,-17.675788240268577,0.01
0.5757575757575758,0.4081632653061224,0.559270834435647,-0.2009117656612994,2.241087936269044,-17.116907072534694,0.01
0.5757575757575758,0.42857142857142855,0.6014427858479401,0.3065920730574858,1.9731877488261236,-9.13731129687151,0.01
0.5757575757575758,0.44897959183673464,0.6398091098979377,-0.16939589038560185,1.6226103725073744,-25.21927158236593,0.01
0.5757575757575758,0.4693877551020408,0.6676717806441594,-0.276545939936202,0.9590500498281539,-39.80964004019768,0.01
0.5757575757575758,0.4897959183673469,0.6789540098909236,-0.0864686397647385,0.34043981563897824,-20.814162910341544,0.01
0.5757575757575758,0.5102040816326531,0.6815672833233014,-0.47266803010477604,-0.30715765519721006,-42.65038923160492,0.01
0.5757575757575758,0.5306122448979591,0.666416962740017,-0.2590254828459715,-0.9870644466317421,-23.980476328979226,0.01
0.5757575757575758,0.5510204081632653,0.6412789385628221,-0.38456701564600243,-1.4812670200355011,-24.451375864589167,0.01
0.5757575757575758,0.5714285714285714,0.6059570843712211,-0.28279445812640713,-1.9850979685368066,-24.924057088538774,0.01
0.5757575757575758,0.5918367346938775,0.5602545316837688,-0.2028146797133675,-2.3816787310750294,-13.940857640207046,0.01
0.5757575757575758,0.6122448979591836,0.5087457075926485,-0.06213666714558396,-2.6850566899169457,-15.790182326300766,0.01
0.5757575757575758,0.6326530612244897,0.4506603810749139,0.19481649981580232,-2.7858039022026584,5.916955522300901,0.01
0.5757575757575758,0.6530612244897959,0.395039425870091,0.18416265008062535,-2.7098368751289255,1.5278131309249383,0.01
0.5757575757575758,0.673469387755102,0.3400547943349578,-0.1088772449125082,-2.6701653503849463,2.359996293985005,0.01
0.5757575757575758,0.6938775510204082,0.2860530850380524,0.06896011129508278,-2.618599144360407,2.6934918964198657,0.01
0.5757575757575758,0.7142857142857142,0.23317319660596159,0.2800259013841885,-2.3877397020955726,19.93073344553389,0.01
0.5757575757575758,0.7346938775510203,0.18859432168721268,0.22668946167150672,-2.018390564945668,16.26548199515674,0.01
0.5757575757575758,0.7551020408163265,0.15078990824083227,0.10733255288294648,-1.782212765990548,6.8799423024450475,0.01
0.5757575757575758,0.7755102040816326,0.11585094348351685,0.06929938863450788,-1.4897000362535429,21.78630521178148,0.01
0.5757575757575758,0.7959183673469387,0.08998582512844278,0.12798726208893216,-1.2456855533658078,2.1271141112165584,0.01
0.5757575757575758,0.8163265306122448,0.06500663518287164,0.2758462543212924,-1.0317486691275726,18.838700544130496,0.01
0.5757575757575758,0.836734693877551,0.04787363455180717,0.4492252502193512,-0.7538613101541575,8.39426063526418,0.01
0.5757575757575758,0.8571428571428571,0.0342367857888244,0.21998726629384163,-0.5991276098827271,6.769641991335998,0.01
0.5757575757575758,0.8775510204081632,0.023419446393328512,0.23180041107692062,-0.41212651474380546,11.556465332278323,0.01
0.5757575757575758,0.8979591836734693,0.017415295391118055,-0.032148093341722216,-0.3083912480181656,-1.3904091931656162,0.01
0.5757575757575758,0.9183673469387754,0.01083204851503604,-0.1828539218668564,-0.24579500309248686,7.524841195882129,0.01
0.5757575757575758,0.9387755102040816,0.0073828462853022655,0.04263063620669831,-0.12471630609966255,4.340871109414658,0.01
0.5757575757575758,0.9591836734693877,0.005741587041580426,0.006155785818266577,-0.14945713260855006,-6.765472107285636,0.01
0.5757575757575758,0.9795918367346939,0.0012825551584226707,-0.17163295674673837,-0.15445483128456095,6.275697637036571,0.01
0.5757575757575758,1.0,-0.0005626917863608365,0.2394242313419669,-0.09041710029439186,0.0,0.01
0.5858585858585859,0.0,-0.0009238603135451502,0.13076880484313086,0.1646647098624239,0.0,0.01
0.5858585858585859,0.02040816326530612,0.0024366439693614596,-0.0876983531886013,0.11678855624122639,-4.6918630548773566,0.01
0.5858585858585859,0.04081632653061224,0.003843019533035518,0.1907777164453866,0.1224379419656743,5.245502855873252,0.01
0.5858585858585859,0.061224489795918366,0.0074341109883685735,0.047290171485604285,0.1788887497786608,0.2866763097994246,0.01
0.5858585858585859,0.08163265306122448,0.011144601156654325,0.09423860003238253,0.2738985565671697,9.024284755474453,0.01
0.5858585858585859,0.1020408163265306,0.01861364390947754,0.0188971885400057,0.3824609077702257,1.6148256624250337,0.01
0.5858585858585859,0.12244897959183673,0.02675525045339823,-0.20576534290867796,0.35697400648819066,-4.112541988064464,0.01
0.5858585858585859,0.14285714285714285,0.033184011521240425,0.4092983717385425,0.5976747037634792,27.701210321042737,0.01
0.5858585858585859,0.16326530612244897,0.051150136321295336,-0.1560546281680458,0.8931566726396967,1.2560226288265781,0.01
0.5858585858585859,0.18367346938775508,0.06963938591469743,0.05297141279881797,0.9147621292386946,0.8613121178752216,0.01
0.5858585858585859,0.2040816326530612,0.08848736608614001,0.3434978316060119,1.1962762348633524,26.727070233341248,0.01
0.5858585858585859,0.22448979591836732,0.1184669873376914,0.0673612043136156,1.5661233979066693,9.517951744903812,0.01
0.5858585858585859,0.24489795918367346,0.1524107700823306,0.0212825848893918,1.8132716058791283,14.702572636397173,0.01
0.5858585858585859,0.26530612244897955,0.19247807329194153,0.0012534543476004079,2.085464077371555,11.972289569860651,0.01
0.5858585858585859,0.2857142857142857,0.23753175283218997,-0.045746159986109584,2.2804204472592784,7.13343467913624,0.01
0.5858585858585859,0.3061224489795918,0.28555645889436104,0.03082977066815212,2.470994057628412,11.542779137038844,0.01
0.5858585858585859,0.32653061224489793,0.3383886531435537,0.23368382884659136,2.730963304623844,13.934207068513512,0.01
0.5858585858585859,0.3469387755102041,0.3970243488790077,-0.12618002697381098,2.7556485565497417,-11.515052379775526,0.01
0.5858585858585859,0.36734693877551017,0.45086410443129826,-0.009435052445169567,2.6909094360521135,5.170618571007963,0.01
0.5858585858585859,0.3877551020408163,0.5068573870852164,0.045799748059477834,2.6062442966348076,-13.467802233903964,0.01
0.5858585858585859,0.4081632653061224,0.5572414226612904,-0.024419405382602784,2.39321606554439,-7.408964412956934,0.01
0.5858585858585859,0.42857142857142855,0.6045396754747834,-0.3611230852934973,1.9809871321014225,-32.98947106445391,0.01
0.5858585858585859,0.44897959183673464,0.6380980402980831,-0.1736742084892667,1.4782984399988355,-16.27402076159964,0.01
0.5858585858585859,0.4693877551020408,0.6648783873114705,-0.2467179597459089,0.9795724502343272,-32.60112623532217,0.01
0.5858585858585859,0.4897959183673469,0.6780805892872394,-0.49668376905342876,0.2919045509002907,-34.790327899413406,0.01
0.5858585858585859,0.5102040816326531,0.6767928587767885,-0.4152002609590865,-0.34986111636377787,-28.10270749246532,0.01
0.5858585858585859,0.5306122448979591,0.6638005437213709,-0.352100358623929,-0.9652616703262881,-32.20654679586069,0.01
0.5858585858585859,0.5510204081632653,0.6373944232532666,-0.19652427775965395,-1.4871492411907605,-18.93843514885762,0.01
0.5858585858585859,0.5714285714285714,0.6031005746931766,-0.34828564548671653,-1.9401188550989323,-25.45258701414322,0.01
0.5858585858585859,0.5918367346938775,0.558205898555351,-0.03425891903756806,-2.3270714999737145,-12.468772183585427,0.01
0.5858585858585859,0.6122448979591836,0.5081180644901678,-0.12246868360216921,-2.5866530141748783,-12.970216208128774,0.01
0.5858585858585859,0.6326530612244897,0.45262822450739676,-0.0273589022213469,-2.7248510408688995,-0.5731904078854481,0.01
0.5858585858585859,0.6530612244897959,0.3968996546587842,-0.45496481889970114,-2.7849934079152243,-5.320761562654395,0.01
0.5858585858585859,0.673469387755102,0.3389550241843264,0.2586836757888963,-2.698675069579348,13.779958719570258,0.01
0.5858585858585859,0.6938775510204082,0.2867496518188108,0.006411342222212401,-2.522355436438497,3.499365328233234,0.01
0.5858585858585859,0.7142857142857142,0.23600174106438773,0.07387690054569418,-2.3487056709418113,13.518311690441985,0.01
0.5858585858585859,0.7346938775510203,0.19088411422934912,0.15210890735461538,-2.061127807756582,14.664318901710434,0.01
0.5858585858585859,0.7551020408163265,0.15187407544167011,0.2296883681774376,-1.8211628345704114,8.852248470534262,0.01
0.5858585858585859,0.7755102040816326,0.11655093730810784,0.35863510266030274,-1.484588517308627,24.132034621120578,0.01
0.5858585858585859,0.7959183673469387,0.0912786257556037,0.030631981598435536,-1.19457041993827,4.289738921174379,0.01
0.5858585858585859,0.8163265306122448,0.06779296098409682,0.0699930403151118,-0.9522503791357011,19.457625077477406,0.01
0.5858585858585859,0.836734693877551,0.052411263341901625,-0.09260863925850477,-0.7676849991104457,-1.3702178350023662,0.01
0.5858585858585859,0.8571428571428571,0.036458879387752094,0.01782243268227015,-0.6529347670442377,12.615740577490767,0.01
0.5858585858585859,0.8775510204081632,0.02576086468703478,0.034413406159576686,-0.4745236491990713,4.868548971335545,0.01
0.5858585858585859,0.8979591836734693,0.017090567175545104,0.06656112366875434,-0.4110077243527367,1.3560116636052397,0.01
0.5858585858585859,0.9183673469387754,0.008985039203249612,0.1776738873158404,-0.22728915588100906,16.64840804662407,0.01
0.5858585858585859,0.9387755102040816,0.007813458772238612,0.011557053370657171,-0.0779411764200109,-2.012306059446248,0.01
0.5858585858585859,0.9591836734693877,0.005803766696310391,-0.0777425289608063,-0.2024819611677339,-10.192690845830608,0.01
0.5858585858585859,0.9795918367346939,-0.0004511110713423636,0.27650243464079144,-0.09672678163475631,20.556698440062416,0.01
0.5858585858585859,1.0,0.0018557347928509504,-0.15118992373535792,0.11303544734547241,0.0,0.01
0.595959595959596,0.0,0.0003970367050723332,0.06904811265072815,0.05653450033156655,0.0,0.01
0.595959595959596,0.02040816326530612,0.0015508020179614466,0.08252286093226656,0.13163924648622907,7.360265123156927,0.01
0.595959595959596,0.04081632653061224,0.005770067173898009,-0.19708719011571232,0.15584419302141203,-4.988180362708995,0.01
0.595959595959596,0.061224489795918366,0.007911789488223162,0.1995963133989341,0.15499775632291737,4.905229566256516,0.01
0.595959595959596,0.08163265306122448,0.012096506207486472,0.06883568522756953,0.2668720102826529,6.058447321797568,0.01
0.595959595959596,0.1020408163265306,0.01880452460180083,-0.10568237581866959,0.30821750774945816,-2.006588570050651,0.01
0.595959595959596,0.12244897959183673,0.024676812646239867,0.19141683534632475,0.4535884407140912,16.25294000058469,0.01
0.595959595959596,0.14285714285714285,0.03731833850849843,-0.09988170081352574,0.6099768503407063,-0.9268758571764103,0.01
0.595959595959596,0.16326530612244897,0.04957382694586053,0.08048089063241878,0.8049747484576436,20.036669872636264,0.01
0.595959595959596,0.18367346938775508,0.07017445069044306,-0.17321995095373913,1.0383887480716685,2.837902089538178,0.01
0.595959595959596,0.2040816326530612,0.0919570411528674,0.04953939189832691,1.1998373448846913,12.984060398138054,0.01
0.595959595959596,0.22448979591836732,0.11914740354287943,0.2437001511079844,1.4863832610929604,15.097439390272319,0.01
0.595959595959596,0.24489795918367346,0.15262574568727394,0.23861410178975825,1.796911607150165,15.33433852333374,0.01
0.595959595959596,0.26530612244897955,0.1924907344469678,0.31512996978923524,2.068876155659941,11.318187230624321,0.01
0.595959595959596,0.2857142857142857,0.23706967040808785,0.15826489742678249,2.28773983867194,10.130453704551595,0.01
0.595959595959596,0.3061224489795918,0.28586787071929187,0.2470822355592092,2.540145923551656,14.605342613660564,0.01
0.595959595959596,0.32653061224489793,0.34074909585917584,-0.20789717431974328,2.692107344601338,0.28687664920826905,0.01
0.595959595959596,0.3469387755102041,0.39574980315199954,-0.07245912429823498,2.69548277279572,0.043915313841185695,0.01
0.595959595959596,0.36734693877551017,0.45076880087124604,0.14280819992303584,2.733470087449241,3.678841522203825,0.01
0.595959595959596,0.3877551020408163,0.5073200108029889,-0.046704674568086794,2.6025360476755437,-16.510377420026124,0.01
0.595959595959596,0.4081632653061224,0.5569947620008601,-0.1115397861620979,2.292512940118654,-13.87188712054908,0.01
0.595959595959596,0.42857142857142855,0.6008919675425258,-0.15517605045864347,1.9440503373932077,-20.277447946544658,0.01
0.595959595959596,0.44897959183673464,0.6363437553638481,-0.26439614859858573,1.5066108195535417,-22.591624801742626,0.01
0.595959595959596,0.4693877551020408,0.6623862867079765,-0.397309574632046,0.899635740801782,-36.89193291592982,0.01
0.595959595959596,0.4897959183673469,0.6730635815190229,-0.17781368685910778,0.25020943595359524,-26.75184495919249,0.01
0.595959595959596,0.5102040816326531,0.6725989167468988,-0.3484257545107003,-0.3140803733786996,-28.54855635537242,0.01
0.595959595959596,0.5306122448979591,0.6602439744423413,-0.21632095654114855,-0.9111448866052163,-29.963765940826228,0.01
0.595959595959596,0.5510204081632653,0.6354093295385226,-0.1354658445981476,-1.4862051960204403,-26.392144381865723,0.01
0.595959595959596,0.5714285714285714,0.5995825378700784,-0.11881450968479655,-1.8999622764252848,-14.156049497809047,0.01
0.595959595959596,0.5918367346938775,0.5578598488681028,-0.1865750754871148,-2.2711875043558214,-22.22402283938354,0.01
0.595959595959596,0.6122448979591836,0.5068810070800449,-0.24289210732592423,-2.5849454342557125,-8.524254290805793,0.01
0.595959595959596,0.6326530612244897,0.4523518719597064,-0.21992392603573588,-2.8071354379879856,-13.250366074956997,0.01
0.595959595959596,0.6530612244897959,0.39230405042747407,0.2890322584216727,-2.7142050931551136,22.357539868578453,0.01
0.595959595959596,0.673469387755102,0.34156799060643644,0.1180599488828895,-2.5844961206148342,-9.646060559631067,0.01
0.595959595959596,0.6938775510204082,0.2868144128513584,0.15660735514759172,-2.568090446473431,11.253816625488668,0.01
0.595959595959596,0.7142857142857142,0.2367479723830311,0.1786952849114133,-2.312649202802984,13.779425254215184,0.01
0.595959595959596,0.7346938775510203,0.1924205678389917,0.37200122171728905,-2.0225684041507463,14.648493013704137,0.01
0.595959595959596,0.7551020408163265,0.15419415996871494,-0.005510969175290147,-1.770052816540216,10.09803457212786,0.01
0.595959595959596,0.7755102040816326,0.12017351410265635,-0.05006963041713084,-1.5338499463105013,13.049846710384221,0.01
0.595959595959596,0.7959183673469387,0.09158803971114346,0.16412409553850124,-1.2660020414277366,13.199247968126734,0.01
0.595959595959596,0.8163265306122448,0.06849996139132017,0.15193128519949345,-0.9827493206609035,14.559518667022912,0.01
0.595959595959596,0.836734693877551,0.05147582254131067,-0.028871020897379102,-0.7805959070599874,5.251515865866884,0.01
0.595959595959596,0.8571428571428571,0.03663890396030028,0.024204377175368202,-0.6215000184306722,10.339881219806026,0.01
0.595959595959596,0.8775510204081632,0.02610847485026283,0.2071230015378184,-0.4624620539549414,5.2458392988155795,0.01
0.595959595959596,0.8979591836734693,0.017762901758057774,-0.009363040596231009,-0.3755543729554795,3.2711134391316854,0.01
0.595959595959596,0.9183673469387754,0.010779724933712646,0.219394571599437,-0.24090127428811392,9.924890230270142,0.01
0.595959595959596,0.9387755102040816,0.007930196685073533,0.1993751670310069,-0.14115028953897904,-0.149293724854925,0.01
0.595959595959596,0.9591836734693877,0.005018488625999217,-0.032237601222937846,-0.13691466984330675,0.5643844550308078,0.01
0.595959595959596,0.9795918367346939,0.002341842813918156,-0.12123131565220058,-0.11490315710926657,1.592743792905131,0.01
0.595959595959596,1.0,0.000328563846029153,0.027726003637048784,-0.09865066942656116,0.0,0.01
0.6060606060606061,0.0,0.0010944923884130217,-0.07791477307379596,0.06320382018808557,0.0,0.01
0.6060606060606061,0.02040816326530612,0.002384366269802523,-0.08496772368341136,0.06577747963998874,0.2522186262865105,0.01
0.6060606060606061,0.04081632653061224,0.0037792874757595005,0.08370845585124306,0.18481691610659745,11.413646147441145,0.01
0.6060606060606061,0.061224489795918366,0.009927913865990174,-0.14474078349153344,0.2208069527462548,-7.886622556754726,0.01
0.6060606060606061,0.08163265306122448,0.012791816159280104,0.124170232455663,0.1913232437591045,4.997219076013995,0.01
0.6060606060606061,0.1020408163265306,0.017737025856157704,0.16235942695524788,0.33855324692026123,9.431321233779368,0.01
0.6060606060606061,0.12244897959183673,0.02661031603357648,0.272622253388815,0.4550239612961723,1.9828087750599148,0.01
0.6060606060606061,0.14285714285714285,0.03630943243967494,0.26417636955100093,0.5825230054367598,10.512097550717673,0.01
0.6060606060606061,0.16326530612244897,0.05038676523507688,0.27079332588175026,0.7868253835239544,9.509535501827393,0.01
0.6060606060606061,0.18367346938775508,0.06842475421616287,0.20746434070709507,1.030731508485959,14.393264744449048,0.01
0.6060606060606061,0.2040816326530612,0.0924574390508303,0.03960082443830738,1.3030145418595622,12.290472526164084,0.01
0.6060606060606061,0.22448979591836732,0.12160902123083887,0.025348682147421763,1.5331744771772033,10.265201134964755,0.01
0.6060606060606061,0.24489795918367346,0.15503598913969574,0.043671468705643667,1.8145886834904745,17.313391083735812,0.01
0.6060606060606061,0.26530612244897955,0.19567386545493987,-0.1040276857907136,2.0489917566004165,5.658110081038529,0.01
0.6060606060606061,0.2857142857142857,0.2386683057356311,0.03770297945807419,2.270899742827136,16.088872569179937,0.01
0.6060606060606061,0.3061224489795918,0.2883636508764556,0.11507726802576566,2.449530057311354,1.4168982502734746,0.01
0.6060606060606061,0.32653061224489793,0.33864912440140066,0.16716168332620787,2.6130289272628797,14.605991004976016,0.01
0.6060606060606061,0.3469387755102041,0.3950178928055527,0.2268453763754326,2.7822734967244886,1.9799768022616886,0.01
0.6060606060606061,0.36734693877551017,0.4522113079411757,0.05056140194056263,2.73984366339256,-6.1381004687906895,0.01
0.6060606060606061,0.3877551020408163,0.5068482464134123,-0.15726888591591115,2.539591344048415,-13.486626826935572,0.01
0.6060606060606061,0.4081632653061224,0.5558680974941722,-0.24766973448110693,2.2656690137619,-13.35776154114287,0.01
0.6060606060606061,0.42857142857142855,0.5993245326894082,-0.24549035964330365,1.9062222476993294,-21.868021532989058,0.01
0.6060606060606061,0.44897959183673464,0.6336730871961856,-0.2985742620577403,1.4466888868035581,-23.166247834796536,0.01
0.6060606060606061,0.4693877551020408,0.6583730586813902,-0.3554322893416855,0.9210627136565013,-28.34511713361504,0.01
0.6060606060606061,0.4897959183673469,0.6712674836719612,-0.28526286308802296,0.26230694699372625,-36.21294799933692,0.01
0.6060606060606061,0.5102040816326531,0.6690794646811341,-0.07864173974626665,-0.32360995021920463,-21.20690792753032,0.01
0.6060606060606061,0.5306122448979591,0.658058914275259,-0.2616191488521531,-0.8584426866773623,-31.20670024536914,0.01
0.6060606060606061,0.5510204081632653,0.6340409876738948,-0.17197872878539797,-1.4620748127075047,-27.949248105584807,0.01
0.6060606060606061,0.5714285714285714,0.5983823913076057,-0.08279793274625268,-1.9126105204331605,-16.203251251529473,0.01
0.6060606060606061,0.5918367346938775,0.5559752521460107,-0.15669120768664502,-2.301893576499333,-21.94648824295541,0.01
0.6060606060606061,0.6122448979591836,0.5044275514504901,0.14839270276470296,-2.5931984326238053,-6.601387657242794,0.01
0.6060606060606061,0.6326530612244897,0.4501304181613656,0.14353933290652865,-2.675497589898934,-1.4639297557196629,0.01
0.6060606060606061,0.6530612244897959,0.39522356818930915,0.0379395490110051,-2.6305626190590905,5.867556898024342,0.01
0.6060606060606061,0.673469387755102,0.34276051534262725,-0.3935678230381551,-2.6172679401119554,-4.564678361205122,0.01
0.6060606060606061,0.6938775510204082,0.2883963053275967,0.15190109007212949,-2.5530847320017256,10.854632756007648,0.01
0.6060606060606061,0.7142857142857142,0.23855297526092417,0.11714226298154691,-2.2593446600660387,17.931894293689716,0.01
0.6060606060606061,0.7346938775510203,0.19617815593714613,-0.021693126851771712,-2.0681548003641224,0.8047119570981688,0.01
0.6060606060606061,0.7551020408163265,0.15413849361340898,0.2204743115735464,-1.8745046940886332,18.17299845789978,0.01
0.6060606060606061,0.7755102040816326,0.11966776026005907,0.35359163990221454,-1.4918695515075935,19.325245515042155,0.01
0.6060606060606061,0.7959183673469387,0.09324585885799701,0.002855905998998667,-1.2160119158458447,7.708802779809253,0.01
0.6060606060606061,0.8163265306122448,0.0700346208377797,0.12509346475950744,-1.0305107383647325,10.470312613339763,0.01
0.6060606060606061,0.836734693877551,0.05118419606759977,0.202235333225623,-0.8122050913689881,10.923640792243221,0.01
0.6060606060606061,0.8571428571428571,0.03688339261863733,-0.013417147294089491,-0.5630974573229717,13.488907344266405,0.01
0.6060606060606061,0.8775510204081632,0.028200626380947863,-0.11408084877500364,-0.47076914219134725,-4.440732461367215,0.01
0.6060606060606061,0.8979591836734693,0.017668325590419077,0.3255562405352681,-0.37251746925336177,14.069396409289782,0.01
0.6060606060606061,0.9183673469387754,0.012995831717545344,0.033384600788607194,-0.1892438390672318,3.891419348950948,0.01
0.6060606060606061,0.9387755102040816,0.00994408726114431,-0.23258189902136883,-0.2034228979647183,-5.280967120904625,0.01
0.6060606060606061,0.9591836734693877,0.004692856290413986,0.019267276844300445,-0.2162566781841005,4.0232566594051695,0.01
0.6060606060606061,0.9795918367346939,0.0011172840699565341,0.024489406998762894,-0.10006367913886584,7.363657247027834,0.01
0.6060606060606061,1.0,0.0006086244888276256,-0.1753710257288442,-0.02492431947531652,0.0,0.01
0.6161616161616162,0.0,0.0003074744785766988,-0.0957465276572727,0.05971296584595269,0.0,0.01
0.6161616161616162,0.02040816326530612,0.0015261064346165495,0.10591239968431275,0.10577514740426608,4.5140937927147124,0.01
0.6161616161616162,0.04081632653061224,0.004624827433852865,0.18473593579586758,0.17002459322478947,1.7823518976965804,0.01
0.6161616161616162,0.061224489795918366,0.008465885749914078,0.09442668291918434,0.23082022069381328,4.175619594267753,0.01
0.6161616161616162,0.08163265306122448,0.014046060931559528,-0.07142870924010132,0.2673227907888635,-0.598367724952828,0.01
0.6161616161616162,0.1020408163265306,0.019377020067826874,-0.0002799001717684359,0.375291373312809,11.179288812299482,0.01
0.6161616161616162,0.12244897959183673,0.029364076168817036,-0.2145161401882298,0.4802210834537071,-0.8961772184914621,0.01
0.6161616161616162,0.14285714285714285,0.038977880616957776,0.12817574282243735,0.5820703920637994,10.877409462280507,0.01
0.6161616161616162,0.16326530612244897,0.05312205135509456,0.20489522827085926,0.7727905885070282,7.813169789155914,0.01
0.6161616161616162,0.18367346938775508,0.07052035361724464,0.038288755698839314,0.9735172025731876,11.858038389327712,0.01
0.6161616161616162,0.2040816326530612,0.09285744737848997,0.18428545518940964,1.2579455152463097,16.015936252638255,0.01
0.6161616161616162,0.22448979591836732,0.12186506852525728,0.12980383580903954,1.534181858839322,11.05522541947695,0.01
0.6161616161616162,0.24489795918367346,0.1554771150862174,0.11001630979601469,1.7825712995057843,13.28693976583637,0.01
0.6161616161616162,0.26530612244897955,0.19462308074998316,0.0716135097709244,2.047514706231069,12.677514093241495,0.01
0.6161616161616162,0.2857142857142857,0.2390491439119753,0.1436058530948965,2.325122685943335,14.528067918560621,0.01
0.6161616161616162,0.3061224489795918,0.2895260475231805,-0.09082937471543139,2.4815678173595286,0.8035549602263482,0.01
0.6161616161616162,0.32653061224489793,0.34033762625318054,0.07815502032116167,2.6406887116524436,14.790292680479315,0.01
0.6161616161616162,0.3469387755102041,0.3973092602436884,-0.10209976790545731,2.7534178715330917,-3.742835012175801,0.01
0.6161616161616162,0.36734693877551017,0.45272202917289855,-0.04943055599476331,2.644785083330561,-6.903178231672212,0.01
0.6161616161616162,0.3877551020408163,0.5052596718082011,-0.11932451629174888,2.465786668873355,-10.638666385133972,0.01
0.6161616161616162,0.4081632653061224,0.5533663830044641,-0.1849426278309024,2.2438364268293634,-11.112457335177202,0.01
0.6161616161616162,0.42857142857142855,0.5968448320869506,-0.1646730725978318,1.8936246625919808,-23.20829556008631,0.01
0.6161616161616162,0.44897959183673464,0.6306571855592388,-0.2241076135440255,1.4194810355145646,-23.257779893500476,0.01
0.6161616161616162,0.4693877551020408,0.6547828335365247,-0.15241748110720899,0.9243569487550677,-25.264380608930228,0.01
0.6161616161616162,0.4897959183673469,0.668386040610466,-0.5273087064501331,0.3308056183582491,-32.903649769958,0.01
0.6161616161616162,0.5102040816326531,0.6682851036735961,-0.43313531938958355,-0.31775872800931765,-30.65565617406356,0.01
0.6161616161616162,0.5306122448979591,0.6554162966100857,-0.305937933810957,-0.8815412344698746,-24.595029459071036,0.01
0.6161616161616162,0.5510204081632653,0.6323038287972746,-0.3042301226257742,-1.4178210774085698,-27.960395148921084,0.01
0.6161616161616162,0.5714285714285714,0.5975460485525931,0.012050090485865804,-1.9088272450097317,-20.158209275992803,0.01
0.6161616161616162,0.5918367346938775,0.5543925126744285,-0.022954045713788448,-2.2446797323577328,-12.755334484111284,0.01
0.6161616161616162,0.6122448979591836,0.5059264676400326,-0.248213265517196,-2.518898955406303,-14.118149374648484,0.01
0.6161616161616162,0.6326530612244897,0.4515803104129467,-0.07130120257500505,-2.7028319562319196,-3.907284706261707,0.01
0.6161616161616162,0.6530612244897959,0.3956067959570971,-0.05140233658168563,-2.763483076843381,-2.036525113661333,0.01
0.6161616161616162,0.673469387755102,0.3387850827866863,0.3448242223917165,-2.5890653365160206,19.12946366574263,0.01
0.6161616161616162,0.6938775510204082,0.2899306597727697,-0.23711820816680482,-2.426696882431193,-3.2173551654294816,0.01
0.6161616161616162,0.7142857142857142,0.23973623044255596,0.06448188148847128,-2.3023048450623578,15.407774827575347,0.01
0.6161616161616162,0.7346938775510203,0.1959590334436939,0.014244300628372284,-2.042582727732769,10.044992670724302,0.01
0.6161616161616162,0.7551020408163265,0.15636550686162662,-0.06202097006666687,-1.7816311912050709,15.528257908990115,0.01
0.6161616161616162,0.7755102040816326,0.12323939298634407,-0.12027586369484508,-1.5457246114730119,7.590586904751681,0.01
0.6161616161616162,0.7959183673469387,0.09327470639334043,0.12819750501770427,-1.2725594440377268,19.179599503906257,0.01
0.6161616161616162,0.8163265306122448,0.07129819118888583,0.14825042069779085,-0.9811693649601638,9.376628245694935,0.01
0.6161616161616162,0.836734693877551,0.05322697721129293,0.1901654022681815,-0.8464829701095247,3.822638449667732,0.01
0.6161616161616162,0.8571428571428571,0.03674786587829299,0.17852151864151491,-0.641377724585753,16.277675611661902,0.01
0.6161616161616162,0.8775510204081632,0.027048294575139745,0.1758242358839393,-0.3868817886376173,8.662926111255404,0.01
0.6161616161616162,0.8979591836734693,0.020956772464512694,-0.02474596122651968,-0.33602349436135703,-3.6788132721818934,0.01
0.6161616161616162,0.9183673469387754,0.013333049907329255,-0.014176615780569637,-0.32736893421003593,4.526960167011358,0.01
0.6161616161616162,0.9387755102040816,0.007594775149817352,0.06127407457925899,-0.2069165791428548,7.27737062957239,0.01
0.6161616161616162,0.9591836734693877,0.004887475248437223,0.08119230352587731,-0.1526380216437649,-1.9580719946615788,0.01
0.6161616161616162,0.9795918367346939,0.0013646518174187856,0.0888443315332564,-0.1482317439170683,2.3898872118778427,0.01
0.6161616161616162,1.0,-0.001162800013483932,0.10384464886504352,-0.12384513971423315,0.0,0.01
0.6262626262626263,0.0,-0.000659662164426056,0.12185542392216592,0.15952395008572734,0.0,0.01
0.6262626262626263,0.02040816326530612,0.0025959286536500117,0.06656583200662429,0.17518747421842706,1.5350253650045749,0.01
0.6262626262626263,0.04081632653061224,0.006490846987346477,-0.01580315141154657,0.16718216836877284,-2.3195453382706894,0.01
0.6262626262626263,0.061224489795918366,0.009419690627885637,-0.051371855251393095,0.16742593985157853,2.3434349435856476,0.01
0.6262626262626263,0.08163265306122448,0.013324558818023151,0.10527406994192821,0.2438853030542338,5.149582650274569,0.01
0.6262626262626263,0.1020408163265306,0.019374192793364567,0.17215621562729866,0.3398808474721105,4.25798070267735,0.01
0.6262626262626263,0.12244897959183673,0.027197246469946028,0.17773946811265387,0.5120106112654045,12.610736149065467,0.01
0.6262626262626263,0.14285714285714285,0.04027258508991169,-0.12334917927629435,0.6858641145612507,4.426907173927467,0.01
0.6262626262626263,0.16326530612244897,0.05519170012550728,0.07909168528178435,0.7505458290673499,1.9119008476702468,0.01
0.6262626262626263,0.18367346938775508,0.07090710872531372,0.25673857702557884,0.9684168041843441,19.439454713795183,0.01
0.6262626262626263,0.2040816326530612,0.09471891662282744,0.1716717948225978,1.2805931865867128,11.15383076163696,0.01
0.6262626262626263,0.22448979591836732,0.12317621838191424,0.11067280370478817,1.5158021208379262,11.89664479498196,0.01
0.6262626262626263,0.24489795918367346,0.1565883909427428,0.17633856538092885,1.7681706632640286,12.835472362776077,0.01
0.6262626262626263,0.26530612244897955,0.19534644953554806,0.2776720605272034,2.0558272699767515,15.354875095070776,0.01
0.6262626262626263,0.2857142857142857,0.24049970808465101,0.16894946501221061,2.2849221741260046,7.0964255115560295,0.01
0.6262626262626263,0.3061224489795918,0.2886085790917115,0.1273615269453477,2.4653703890468366,10.587499550685514,0.01
0.6262626262626263,0.32653061224489793,0.34112707090288924,0.0457884262308662,2.637899573943801,6.320360569216969,0.01
0.6262626262626263,0.3469387755102041,0.3962779494567646,0.06087820741544086,2.721843663252888,1.906160183073579,0.01
0.6262626262626263,0.36734693877551017,0.4522227306274969,-0.13301143100105672,2.6405223930733475,-9.875644660668563,0.01
0.6262626262626263,0.3877551020408163,0.50405437366384,-0.12824348203536784,2.4322508531159266,-10.53496625515867,0.01
0.6262626262626263,0.4081632653061224,0.5514982756526368,-0.10837030882194253,2.2326138043091714,-9.029464527903363,0.01
0.6262626262626263,0.42857142857142855,0.5951814677172755,-0.19355620870454246,1.8839323176427736,-25.14132116540362,0.01
0.6262626262626263,0.44897959183673464,0.6283934722911173,-0.4318010898926162,1.4225139849238602,-20.077675441049895,0.01
0.6262626262626263,0.4693877551020408,0.6532432630202902,-0.3435558628508692,0.8493223348540613,-36.095106265790406,0.01
0.6262626262626263,0.4897959183673469,0.6630596900402627,-0.2763095877984897,0.26133504221766146,-21.527648412576784,0.01
0.6262626262626263,0.5102040816326531,0.6639099994373376,-0.300035584836979,-0.2629750519521478,-29.854740816064535,0.01
0.6262626262626263,0.5306122448979591,0.6523260144503791,-0.2504817318112996,-0.8496404534525683,-27.638468530976677,0.01
0.6262626262626263,0.5510204081632653,0.6292307972556002,-0.27618362484760284,-1.3391270713957195,-20.331220027452154,0.01
0.6262626262626263,0.5714285714285714,0.5976677666383089,-0.5294976598065406,-1.8392185189052503,-28.67774182848187,0.01
0.6262626262626263,0.5918367346938775,0.5541606536268144,-0.3714463493153068,-2.309088340661521,-17.369500703632617,0.01
0.6262626262626263,0.6122448979591836,0.5034192629378387,0.07029511252219045,-2.5308636558416544,-4.364480184020379,0.01
0.6262626262626263,0.6326530612244897,0.4508600962455224,-0.19007278819397536,-2.654126221293334,-7.7152512302440694,0.01
0.6262626262626263,0.6530612244897959,0.39508758043606995,0.1250025014782536,-2.6605025423819195,7.090371763562697,0.01
0.6262626262626263,0.673469387755102,0.34226815574013797,0.1056807500143395,-2.6350253249386006,-4.59360445411746,0.01
0.6262626262626263,0.6938775510204082,0.2875355263569434,0.24857065559771632,-2.4960745324527034,18.210782117735317,0.01
0.6262626262626263,0.7142857142857142,0.24038756257880314,0.09077190632418188,-2.2400989716736524,6.874822838611684,0.01
0.6262626262626263,0.7346938775510203,0.1961029152682229,0.09445272189845912,-2.073888988976212,9.41375546573752,0.01
0.6262626262626263,0.7551020408163265,0.15573903241650877,0.24531989342648763,-1.8149215349012207,15.965055033611696,0.01
0.6262626262626263,0.7755102040816326,0.12202448527225472,0.207546662007955,-1.4986503423864754,15.02952183283337,0.01
0.6262626262626263,0.7959183673469387,0.09456963068644855,0.23877999778956593,-1.2061059696173269,13.639826698543192,0.01
0.6262626262626263,0.8163265306122448,0.07279567018583322,0.02225540434115447,-0.9658338752365608,9.906838550771889,0.01
0.6262626262626263,0.836734693877551,0.05514783986046648,-0.1254953782217284,-0.8389916377901182,2.5237007189794887,0.01
0.6262626262626263,0.8571428571428571,0.0385511135413386,0.22530623726650542,-0.6449268011151867,16.494653275163802,0.01
0.6262626262626263,0.8775510204081632,0.0288242969578058,-0.12405278742104364,-0.4371853568877875,3.864008259121332,0.01
0.6262626262626263,0.8979591836734693,0.020706813260204415,-0.025759933542266168,-0.38304390714701836,1.441853815474053,0.01
0.6262626262626263,0.9183673469387754,0.013189851768131582,0.04489879174558036,-0.3060811475712321,6.100496622953002,0.01
0.6262626262626263,0.9387755102040816,0.008213705196072493,0.03784128057791955,-0.18331517992055227,5.930568206813622,0.01
0.6262626262626263,0.9591836734693877,0.0057075995264763875,-0.0172536693011376,-0.14581507926626047,-2.255558342693024,0.01
0.6262626262626263,0.9795918367346939,0.0022620693076536988,-0.06865481372812914,-0.14262586047454737,2.5681017842809117,0.01
0.6262626262626263,1.0,-0.00011386416636228,-0.18403143314752016,-0.11642074022678296,0.0,0.01
0.6363636363636365,0.0,0.00057120070347461,-0.08012698121845452,0.13215839449116631,0.0,0.01
0.6363636363636365,0.02040816326530612,0.003268310795131065,0.08295360784367885,0.14112045304998305,0.8782817387640418,0.01
0.6363636363636365,0.04081632653061224,0.006331219195310653,-0.1477748772979379,0.13799556899683924,-1.1845203759721366,0.01
0.6363636363636365,0.061224489795918366,0.008900782999083687,-0.03150153703064324,0.19738949463097383,7.0051250881173255,0.01
0.6363636363636365,0.08163265306122448,0.014387933261881012,-0.22882152570754954,0.2992028559484555,2.9725843209958818,0.01
0.6363636363636365,0.1020408163265306,0.021113144466367584,-0.14448953091637767,0.3578142035850679,2.771327747392131,0.01
0.6363636363636365,0.12244897959183673,0.028992594632700108,0.06994221528096713,0.43888048828421233,5.173168153124024,0.01
0.6363636363636365,0.14285714285714285,0.039026633784090534,0.2571350698573915,0.6614512794162376,16.63876937781446,0.01
0.6363636363636365,0.16326530612244897,0.0559906060374445,0.02945142412705568,0.8446079505763994,1.3105843958813945,0.01
0.6363636363636365,0.18367346938775508,0.07350042768516805,0.18294218869486725,0.9913280434141413,13.067984702217322,0.01
0.6363636363636365,0.2040816326530612,0.09645297515638904,0.24488061115262041,1.2444455962194465,11.737535472702582,0.01
0.6363636363636365,0.22448979591836732,0.12429412549004341,0.2140131703823664,1.5169570287033718,14.96858491072211,0.01
0.6363636363636365,0.24489795918367346,0.1583695885728532,0.17590514926623715,1.8094987621746264,13.700504969460837,0.01
0.6363636363636365,0.26530612244897955,0.19815121782370163,0.05775508984599056,2.0539986542289372,10.260484451861657,0.01
0.6363636363636365,0.2857142857142857,0.2422062683372996,0.15189360828797827,2.2477241127850403,8.724610486636431,0.01
0.6363636363636365,0.3061224489795918,0.28989505916186653,0.08458454247612228,2.434891142075696,9.617758383847816,0.01
0.6363636363636365,0.32653061224489793,0.3415895802587566,0.14403949657960702,2.621446631231854,8.664679553455693,0.01
0.6363636363636365,0.3469387755102041,0.39689288084479935,-0.039247663167236546,2.677595213735897,-3.1621184680594974,0.01
0.6363636363636365,0.36734693877551017,0.4508791808194054,-0.10766743746575212,2.593719550734511,-5.057696506076343,0.01
0.6363636363636365,0.3877551020408163,0.502758984956412,-0.028190110041623636,2.438348908604697,-10.168626422645387,0.01
0.6363636363636365,0.4081632653061224,0.5504036260685767,0.0008541522508777043,2.21645055376983,-11.577412351171612,0.01
0.6363636363636365,0.42857142857142855,0.5932263544980377,-0.2699778179477652,1.8038913667717482,-28.853387974640412,0.01
0.6363636363636365,0.44897959183673464,0.6240318451204848,0.10425830872590179,1.3853928583926984,-12.159465846506462,0.01
0.6363636363636365,0.4693877551020408,0.6497730017793724,-0.2070100618220377,0.8878025550692744,-36.6043838791891,0.01
0.6363636363636365,0.4897959183673469,0.6602686841029042,0.08277534947094488,0.27210521202917975,-23.733955738740182,0.01
0.6363636363636365,0.5102040816326531,0.6608793369642368,-0.17881616987360735,-0.2565833098139038,-28.077519401882018,0.01
0.6363636363636365,0.5306122448979591,0.6497958959472346,-0.3426035474850699,-0.8437376956774196,-29.46361041274254,0.01
0.6363636363636365,0.5510204081632653,0.6264410636712809,-0.04350208063588578,-1.4081764677177742,-25.85138924721221,0.01
0.6363636363636365,0.5714285714285714,0.5923193054281418,-0.13358964508580484,-1.8627936375866518,-18.70109339993781,0.01
0.6363636363636365,0.5918367346938775,0.5504086703003972,-0.16521703560337406,-2.160654775792289,-10.489298144214647,0.01
0.6363636363636365,0.6122448979591836,0.504129314579477,-0.3255412562056249,-2.4859782796045575,-21.392405229387638,0.01
0.6363636363636365,0.6326530612244897,0.4489401690920479,-0.09570472722914557,-2.6405875240264294,6.2406992760443085,0.01
0.6363636363636365,0.6530612244897959,0.3963502319661533,-0.07346869078850149,-2.5873110101990537,-1.0196009209613397,0.01
0.6363636363636365,0.673469387755102,0.34333563806351514,-0.10235459156860337,-2.604445327201966,-0.6595621453240708,0.01
0.6363636363636365,0.6938775510204082,0.29004634105995064,0.27330950840248075,-2.499764094780066,10.918322922670292,0.01
0.6363636363636365,0.7142857142857142,0.24130445052147165,-0.046546454808045944,-2.278239268397206,10.79111006284996,0.01
0.6363636363636365,0.7346938775510203,0.19705698316618714,0.3026441065456168,-2.0356422648953387,12.983396280333045,0.01
0.6363636363636365,0.7551020408163265,0.15821701113798844,0.2648787040352349,-1.786933640631699,11.39004889750368,0.01
0.6363636363636365,0.7755102040816326,0.124120916201628,0.20782589271675023,-1.5002688014077339,16.703105346444932,0.01
0.6363636363636365,0.7959183673469387,0.09698154985604013,0.07518848825640705,-1.2519608768176969,7.631071263378707,0.01
0.6363636363636365,0.8163265306122448,0.07302047224988528,0.25510358592646054,-1.0559828319262246,11.574777135985585,0.01
0.6363636363636365,0.836734693877551,0.05388020977741872,0.19918953145291346,-0.7887416841873799,14.614855342421222,0.01
0.6363636363636365,0.8571428571428571,0.04082693411978815,-0.08446640419163999,-0.6445697963210779,-0.48601033152363216,0.01
0.6363636363636365,0.8775510204081632,0.02757123849900738,0.1497091400075948,-0.4993178941081401,14.720696748391529,0.01
0.6363636363636365,0.8979591836734693,0.020446611911292635,-0.011268966556668479,-0.3412326577572983,0.7716564139909701,0.01
0.6363636363636365,0.9183673469387754,0.013643374917076838,0.18403932376535945,-0.2903414531677518,4.215681635784586,0.01
0.6363636363636365,0.9387755102040816,0.008595940353425216,-0.06603846206697095,-0.1986963445230229,4.765539011398847,0.01
0.6363636363636365,0.9591836734693877,0.005533320038586109,0.0073364043169652894,-0.17217017331169676,-2.1659742326888916,0.01
0.6363636363636365,0.9795918367346939,0.0015685863407028993,0.007986605808994133,-0.18389914546683397,1.0165349614854442,0.01
0.6363636363636365,1.0,-0.0019727675314887465,0.0847367739836876,-0.17352633973739065,0.0,0.01
0.6464646464646465,0.0,-0.0002381627431764458,-0.03422439928644481,0.21287504968353538,0.0,0.01
0.6464646464646465,0.02040816326530612,0.004106226025875296,-0.29282279872085604,0.12437930705051496,-8.672582778036002,0.01
0.6464646464646465,0.04081632653061224,0.004838543667048654,0.11732231949992743,0.10967081092188075,7.231150157429848,0.01
0.6464646464646465,0.061224489795918366,0.008582585655339816,0.0560053255923695,0.1773324957821305,-0.600305041125369,0.01
0.6464646464646465,0.08163265306122448,0.012076604719380511,0.37783664119569454,0.27124118069390507,9.803356162479275,0.01
0.6464646464646465,0.1020408163265306,0.01965365425509104,0.08113018601155611,0.4317506849408119,5.926575253717598,0.01
0.6464646464646465,0.12244897959183673,0.02969908165574018,-0.021933684800545344,0.5382724349403472,4.512556246236853,0.01
0.6464646464646465,0.14285714285714285,0.04162395772204398,-0.042771040913925154,0.6514308311003706,6.576966577445452,0.01
0.6464646464646465,0.16326530612244897,0.05628809517004102,-0.19847411061364803,0.8262470860462797,10.555026407253639,0.01
0.6464646464646465,0.18367346938775508,0.0753483285810758,-0.07712243428997048,1.044641327071983,10.847609213265297,0.01
0.6464646464646465,0.2040816326530612,0.09892651668318318,-0.0836913933378709,1.2521348795663527,9.486758931182933,0.01
0.6464646464646465,0.22448979591836732,0.1264558746858249,0.07942112003494825,1.4998873436910851,14.792982553040833,0.01
0.6464646464646465,0.24489795918367346,0.16014640826241114,0.10400931441649346,1.770828833152998,11.759283414226637,0.01
0.6464646464646465,0.26530612244897955,0.19873460256962072,0.06669725030442208,2.048056404188863,15.40901854728817,0.01
0.6464646464646465,0.2857142857142857,0.24374054720889535,0.08812326341510564,2.254363724799568,4.809098872560887,0.01
0.6464646464646465,0.3061224489795918,0.29074944847980716,-0.06001095999515032,2.4329474477640285,12.692105977956231,0.01
0.6464646464646465,0.32653061224489793,0.3430445246686516,0.13811536223534177,2.590801287411023,2.777570307449246,0.01
0.6464646464646465,0.3469387755102041,0.39649643980270605,-0.09739474515709527,2.6153041037953786,-0.37629430178237083,0.01
0.6464646464646465,0.36734693877551017,0.449791630946014,-0.008949109500720365,2.5964560159019605,-1.47081831177262,0.01
0.6464646464646465,0.3877551020408163,0.502474236370133,-0.2702362476683654,2.4652052616153783,-11.391755608312424,0.01
0.6464646464646465,0.4081632653061224,0.5504122538690907,-0.38578841711390316,2.1566142018132597,-18.850168252295223,0.01
0.6464646464646465,0.42857142857142855,0.5904993058318987,-0.22208807531143457,1.829481284283244,-13.208857665646308,0.01
0.6464646464646465,0.44897959183673464,0.6250849593500394,-0.42113084440654375,1.4009757879389644,-28.784680976093107,0.01
0.6464646464646465,0.4693877551020408,0.6476819910538972,-0.29261109079794245,0.8824860651526437,-22.027311856966328,0.01
0.6464646464646465,0.4897959183673469,0.6611047987440248,-0.6619590607276471,0.2790824883194479,-37.106238672686864,0.01
0.6464646464646465,0.5102040816326531,0.6590731130261196,-0.4212946048947656,-0.36185384491918027,-25.705521984698702,0.01
0.6464646464646465,0.5306122448979591,0.646335254053446,-0.24099496379546068,-0.810250875613539,-18.237387023348468,0.01
0.6464646464646465,0.5510204081632653,0.6260016487153629,-0.5863629711042601,-1.3564508050028046,-35.290206056799555,0.01
0.6464646464646465,0.5714285714285714,0.5909699150737397,-0.383888648183711,-1.8929150153311314,-17.283286555376478,0.01
0.6464646464646465,0.5918367346938775,0.5487398113549086,0.017861490130582025,-2.2081579522815376,-13.61052126576334,0.01
0.6464646464646465,0.6122448979591836,0.5008410190622484,-0.10616267946929696,-2.4687757386432585,-11.930021797685303,0.01
0.6464646464646465,0.6326530612244897,0.4479734546755919,0.3113274039265885,-2.578205929554515,1.2058630883820165,0.01
0.6464646464646465,0.6530612244897959,0.3956081239783907,0.09470527869429106,-2.588956683697202,-2.2594369943654926,0.01
0.6464646464646465,0.673469387755102,0.3423017533001959,0.1758540260106373,-2.51862647992743,9.15179696380318,0.01
0.6464646464646465,0.6938775510204082,0.2928070431650262,-0.14631802459174437,-2.4859529902282107,-5.949794973279621,0.01
0.6464646464646465,0.7142857142857142,0.24083428431128936,0.34587782256474287,-2.2709796961294604,27.017177794957224,0.01
0.6464646464646465,0.7346938775510203,0.2001139943434156,0.00913197927063275,-1.9585724023533146,3.5987369951050514,0.01
0.6464646464646465,0.7551020408163265,0.16089255360299082,0.0730834073197395,-1.8103987541550044,10.922280528329356,0.01
0.6464646464646465,0.7755102040816326,0.12622016764321134,0.27408878051032454,-1.5472123396560298,14.869988092570129,0.01
0.6464646464646465,0.7959183673469387,0.09774102953539777,0.34466371307371485,-1.2402608416294352,15.211258714036108,0.01
0.6464646464646465,0.8163265306122448,0.07559727614813236,0.0697732239789851,-1.025295705074564,5.855324668341256,0.01
0.6464646464646465,0.836734693877551,0.055892225246640066,-0.05370562592420314,-0.8727766817418593,9.091539618263784,0.01
0.6464646464646465,0.8571428571428571,0.03997373811785239,0.20182080066939373,-0.6568149436989598,12.072710709940376,0.01
0.6464646464646465,0.8775510204081632,0.02908345203443763,0.25631774073384117,-0.48120337671362695,5.137222854622245,0.01
0.6464646464646465,0.8979591836734693,0.02033278396627578,0.02977458898725525,-0.33273680420108376,9.412501251606981,0.01
0.6464646464646465,0.9183673469387754,0.015502357985413802,-0.20006525453088306,-0.3038955202384832,-6.586055423272124,0.01
0.6464646464646465,0.9387755102040816,0.00792888518103157,0.29111530182121215,-0.2424258548915649,12.610082627270128,0.01
0.6464646464646465,0.9591836734693877,0.005607425132696869,0.008356292130070438,-0.15385083833229127,-3.9297310044613116,0.01
0.6464646464646465,0.9795918367346939,0.001649259126652335,0.14964988373142865,-0.16474450852910974,2.8621513251730994,0.01
0.6464646464646465,1.0,-0.001116840521552508,-0.023358441418319432,-0.13553888276203732,0.0,0.01
0.6565656565656566,0.0,-0.0005838637460698278,-0.08433217015441738,0.08488190248872574,0.0,0.01
0.6565656565656566,0.02040816326530612,0.001148419978189881,0.22011778449081704,0.161883293012799,7.54613627135918,0.01
0.6565656565656566,0.04081632653061224,0.006023617601391355,0.04448118863022315,0.19599696289838606,-4.202996622571647,0.01
0.6565656565656566,0.061224489795918366,0.0091482960148587,-0.059883624590556184,0.24180321175734562,8.692009010749684,0.01
0.6565656565656566,0.08163265306122448,0.01589313644862995,-0.11601925026296547,0.27745894918148156,-5.197746743184363,0.01
0.6565656565656566,0.1020408163265306,0.0204731510834906,0.19848634050304023,0.332817624466995,10.622896921164678,0.01
0.6565656565656566,0.12244897959183673,0.0294775292840175,-0.005495930335457667,0.5076100100951523,6.50675687039474,0.01
0.6565656565656566,0.14285714285714285,0.04119192700574171,0.11961987791928505,0.6077415338031886,3.3061324529928284,0.01
0.6565656565656566,0.16326530612244897,0.054283306173943564,0.3514451203025299,0.8177459836451372,17.27430363151813,0.01
0.6565656565656566,0.18367346938775508,0.07456931409329833,0.18401527279366,1.0730471510442714,7.745210773597027,0.01
0.6565656565656566,0.2040816326530612,0.09808114907370974,0.2522707306516704,1.2908754561417115,13.601963125952103,0.01
0.6565656565656566,0.22448979591836732,0.12725810822153144,0.1509725299743471,1.5463385289434277,11.433418008616098,0.01
0.6565656565656566,0.24489795918367346,0.16119700739793127,0.23623150555064845,1.7676799967045345,10.258045831972359,0.01
0.6565656565656566,0.26530612244897955,0.1994083121686553,0.20702110658305398,2.044125007728924,16.833565248417813,0.01
0.6565656565656566,0.2857142857142857,0.2446306811827853,0.03247856035784971,2.223006642452704,0.6968349545126457,0.01
0.6565656565656566,0.3061224489795918,0.29014327716672483,0.255146241172013,2.445319229795299,21.08979860506165,0.01
0.6565656565656566,0.32653061224489793,0.34443962933769545,0.08661621757377518,2.5815497446184206,-7.739208152395735,0.01
0.6565656565656566,0.3469387755102041,0.3955126544980889,0.2380891225467954,2.57890936078999,7.480450537209525,0.01
0.6565656565656566,0.36734693877551017,0.44970123590055217,-0.0940346577067283,2.553682108714828,-9.952721240575368,0.01
0.6565656565656566,0.3877551020408163,0.49974457730277577,-0.016194898126915214,2.3719470491252475,-7.857314599203541,0.01
0.6565656565656566,0.4081632653061224,0.5465154011709704,-0.047165366912993216,2.1685296586086618,-12.077589671421853,0.01
0.6565656565656566,0.42857142857142855,0.588255991939864,-0.31414785813772217,1.8207349260138532,-22.006294122869384,0.01
0.6565656565656566,0.44897959183673464,0.620831112436842,-0.21844257839623768,1.383523122490283,-20.840462622440487,0.01
0.6565656565656566,0.4693877551020408,0.6447263234700796,-0.43966832783776394,0.8228871631337847,-34.10186139449636,0.01
0.6565656565656566,0.4897959183673469,0.6544183435851597,-0.41363109844036056,0.24723656816417347,-22.31189691252555,0.01
0.6565656565656566,0.5102040816326531,0.6548176119665765,-0.1803552354544474,-0.25767586133495224,-27.169521178388777,0.01
0.6565656565656566,0.5306122448979591,0.6439009614898555,-0.31630682275489286,-0.8511011278573029,-30.986154940801587,0.01
0.6565656565656566,0.5510204081632653,0.6200787904213805,-0.12751010287247355,-1.391813383462523,-22.003646108510004,0.01
0.6565656565656566,0.5714285714285714,0.587092251960773,-0.08836058099719767,-1.7433847193689733,-12.450344810322138,0.01
0.6565656565656566,0.5918367346938775,0.5489202304471367,-0.2768999018401642,-2.1394277883067585,-26.361875945580657,0.01
0.6565656565656566,0.6122448979591836,0.49976866876457876,-0.007234791681884677,-2.396150335734146,1.2030662976966928,0.01
0.6565656565656566,0.6326530612244897,0.45111817592737563,-0.3006455933051397,-2.528496182332213,-14.17295926430742,0.01
0.6565656565656566,0.6530612244897959,0.3965647429551007,0.05907583277074168,-2.622482923686503,4.962258611586968,0.01
0.6565656565656566,0.673469387755102,0.34407805659323265,0.03400139229548532,-2.578273661043671,-0.6297508725894054,0.01
0.6565656565656566,0.6938775510204082,0.29132908332066515,0.07973988750358613,-2.4438763941112853,13.800683031963189,0.01
0.6565656565656566,0.7142857142857142,0.2443279996907312,0.05204934813138042,-2.2325097456786698,6.913248514433136,0.01
0.6565656565656566,0.7346938775510203,0.20020623655827047,0.20441568843676255,-2.026082131378593,13.316657686974384,0.01
0.6565656565656566,0.7551020408163265,0.16163076983854374,0.01433736681171585,-1.7448286366764947,14.24618479383127,0.01
0.6565656565656566,0.7755102040816326,0.12898874118371967,0.017333252812066824,-1.48000307207045,11.706720537561123,0.01
0.6565656565656566,0.7959183673469387,0.10122248118260702,-0.12805221669779873,-1.2908237823871909,6.832849851398298,0.01
0.6565656565656566,0.8163265306122448,0.07630205618832413,-0.07903450557629246,-1.1238820566447558,9.527439271360375,0.01
0.6565656565656566,0.836734693877551,0.05534974417669862,0.2750662181528447,-0.840098241045748,18.28337465734238,0.01
0.6565656565656566,0.8571428571428571,0.04201233206400788,-0.021461832849483695,-0.5800919893239892,7.1972380113899925,0.01
0.6565656565656566,0.8775510204081632,0.03167252012265825,-0.1113834991054082,-0.5237804695036511,-1.6787090689968593,0.01
0.6565656565656566,0.8979591836734693,0.02063353739038947,0.06347859920722808,-0.44568007070599036,9.332548151167614,0.01
0.6565656565656566,0.9183673469387754,0.013481496828536195,0.2339988680176417,-0.23922029332502923,10.90051003216657,0.01
0.6565656565656566,0.9387755102040816,0.010869443785286238,-0.10302106654730502,-0.1908467852633491,-6.159906242121917,0.01
0.6565656565656566,0.9591836734693877,0.005691832123909702,0.19848473483124898,-0.18885995695047003,6.3546154167840685,0.01
0.6565656565656566,0.9795918367346939,0.003160874113838483,0.036186741765295995,-0.17259310420522642,-4.760463847750199,0.01
0.6565656565656566,1.0,-0.0013527843742628053,0.0407346777150074,-0.22116926591696318,0.0,0.01
0.6666666666666667,0.0,-0.0014357038486397004,0.06576312046755682,0.23556925377778115,0.0,0.01
0.6666666666666667,0.02040816326530612,0.0033718319427435885,-0.1792715093476593,0.193761346449402,-4.097174918181163,0.01
0.6666666666666667,0.04081632653061224,0.006472922537050175,-0.1124276156386353,0.12670368489339975,-2.4744759143070536,0.01
0.6666666666666667,0.061224489795918366,0.008543410917984395,0.12709555822586727,0.2020834061726676,9.861688599675304,0.01
0.6666666666666667,0.08163265306122448,0.014721224829812118,0.10029145221655478,0.34139899104807864,3.791238718114977,0.01
0.6666666666666667,0.1020408163265306,0.022478063613824338,0.011417763681692087,0.3601693551561257,-1.9517430355263672,0.01
0.6666666666666667,0.12244897959183673,0.029422014836184594,0.08586514547359013,0.48809255218301084,14.488216344161112,0.01
0.6666666666666667,0.14285714285714285,0.042400208600886,-0.0234307142455728,0.6960754301731957,5.894105698877007,0.01
0.6666666666666667,0.16326530612244897,0.05783325688407013,0.05319858831930527,0.8336822177302098,7.5913594817103744,0.01
0.6666666666666667,0.18367346938775508,0.07642805422252721,0.008125761580715013,1.0485039940094627,13.461174593656418,0.01
0.6666666666666667,0.2040816326530612,0.10062933827221146,-0.12099454809409634,1.282698211706629,9.489858740665879,0.01
0.6666666666666667,0.22448979591836732,0.12878308327177737,0.07686536029234242,1.5423692257618618,15.957900636746936,0.01
0.6666666666666667,0.24489795918367346,0.1635831842216752,-0.010798571167410063,1.7815506040470932,7.481874435205753,0.01
0.6666666666666667,0.26530612244897955,0.201499434457373,0.0324229957325316,1.9937012990701,13.30889367704891,0.01
0.6666666666666667,0.2857142857142857,0.2449587474490262,0.1742267433082258,2.234916397982295,10.330186016346198,0.01
0.6666666666666667,0.3061224489795918,0.2927205119260381,0.035845862866089595,2.4587169328436844,11.60226640006998,0.01
0.6666666666666667,0.32653061224489793,0.34531454062631944,-0.17472245948862028,2.577328538493998,0.021670953660737628,0.01
0.6666666666666667,0.3469387755102041,0.39791759512987473,-0.19926097016538694,2.534202831048855,-4.247990283284741,0.01
0.6666666666666667,0.36734693877551017,0.4487513908732115,0.13481828813846042,2.490753234911738,-0.010070138152722565,0.01
0.6666666666666667,0.3877551020408163,0.49958099247321097,-0.04982703362913576,2.3835460150287475,-10.496237410380354,0.01
0.6666666666666667,0.4081632653061224,0.5460389833233644,-0.031718816942051364,2.0947938250706337,-17.801477205514793,0.01
0.6666666666666667,0.42857142857142855,0.5850827812516042,0.004014386843983364,1.7783481413538584,-13.210199798729198,0.01
0.6666666666666667,0.44897959183673464,0.6186246217459709,-0.12174261486276748,1.3524599759483535,-28.526840411010276,0.01
0.6666666666666667,0.4693877551020408,0.6402852292494962,-0.1893957182186393,0.7745829334258958,-28.1051097561906,0.01
0.6666666666666667,0.4897959183673469,0.6502402516817217,0.007393916819139478,0.3114100102186306,-17.285836718121388,0.01
0.6666666666666667,0.5102040816326531,0.6529958419114811,-0.168652136584555,-0.23359056078652843,-36.1242192403842,0.01
0.6666666666666667,0.5306122448979591,0.64070594307819,-0.3703879440474422,-0.8380232920163093,-23.110188420134328,0.01
0.6666666666666667,0.5510204081632653,0.6187908095842848,-0.2755216621676989,-1.3354024448457196,-25.632968557147898,0.01
0.6666666666666667,0.5714285714285714,0.5861997208395892,-0.19900071743054568,-1.780354922143806,-17.972374218064562,0.01
0.6666666666666667,0.5918367346938775,0.5461232617416805,-0.24123687698364413,-2.1193512040822617,-15.249261411903968,0.01
0.6666666666666667,0.6122448979591836,0.49969559006072134,-0.06023935393125845,-2.402026794733054,-12.452946471873524,0.01
0.6666666666666667,0.6326530612244897,0.44808135175257624,0.003616770662435875,-2.5120859772909063,1.6671465812039619,0.01
0.6666666666666667,0.6530612244897959,0.39716146853864354,0.004182239986333824,-2.5396662454318033,-4.3700128590118394,0.01
0.6666666666666667,0.673469387755102,0.34442150500025775,-0.19173178279323758,-2.573159829316856,1.0876416382766614,0.01
0.6666666666666667,0.6938775510204082,0.2921345367297923,-0.023468038216140016,-2.439409980798362,12.019843516535689,0.01
0.6666666666666667,0.7142857142857142,0.24485375068195728,0.08578566528231592,-2.2016556333265203,11.28008253570467,0.01
0.6666666666666667,0.7346938775510203,0.20227104149197514,-0.03429900434095218,-2.0354148944324497,5.011509875914183,0.01
0.6666666666666667,0.7551020408163265,0.16177559172553077,0.17482505029932366,-1.791126815189677,18.928721889877533,0.01
0.6666666666666667,0.7755102040816326,0.12916382454545772,0.2024510102004074,-1.5152408982925014,8.108097966045703,0.01
0.6666666666666667,0.7959183673469387,0.09992902444828582,0.19450681300364883,-1.3146723690590576,11.54761789883184,0.01
0.6666666666666667,0.8163265306122448,0.07550372784916966,0.27832204540694544,-1.0241204237776773,16.926472738743442,0.01
0.6666666666666667,0.836734693877551,0.05812819082470715,0.18514135627744893,-0.8258504584012348,2.5039838681479285,0.01
0.6666666666666667,0.8571428571428571,0.04179554587360906,0.033450855970392816,-0.6757285355141629,12.20796457478511,0.01
0.6666666666666667,0.8775510204081632,0.03054743427310867,0.09384788733826242,-0.5027598575300204,4.742965867660873,0.01
0.6666666666666667,0.8979591836734693,0.021274735362179654,-0.06757730675467523,-0.360206656619983,9.227247821522804,0.01
0.6666666666666667,0.9183673469387754,0.015845121758007324,-0.06261086831591034,-0.2804247560622622,-1.4086215668661577,0.01
0.6666666666666667,0.9387755102040816,0.009828826951475076,0.09223050233133871,-0.1996356364054362,9.32595529323511,0.01
0.6666666666666667,0.9591836734693877,0.0076967284353364595,-0.20969456346187748,-0.15440953974179603,-4.893797820198374,0.01
0.6666666666666667,0.9795918367346939,0.003526396757932382,0.2587830478994944,-0.21163225975419533,-0.7140287410167621,0.01
0.6666666666666667,1.0,-0.0009413229832021245,-0.03558485281024789,-0.21891826731559083,0.0,0.01
0.6767676767676768,0.0,-0.0007714299045229648,0.2500622851270031,0.11428948750560347,0.0,0.01
0.6767676767676768,0.02040816326530612,0.001561008615999555,0.053544011930017385,0.1496636390291827,3.4666668493107635,0.01
0.6767676767676768,0.04081632653061224,0.0053372900558518385,0.11617261180229309,0.20252179757573718,1.7134326882515745,0.01
0.6767676767676768,0.061224489795918366,0.009827204435417397,0.0993847505852395,0.2547260037731945,3.402579519099243,0.01
0.6767676767676768,0.08163265306122448,0.01573426980169651,0.0038928646301601487,0.31277165805482315,2.28589460050037,0.01
0.6767676767676768,0.1020408163265306,0.022593394560104056,-0.00365650419542262,0.35659920853791727,2.0092053468428515,0.01
0.6767676767676768,0.12244897959183673,0.03028933953793803,0.2553523683335713,0.47946843390808164,10.031978739433258,0.01
0.6767676767676768,0.14285714285714285,0.04216353471961759,0.28677079864400395,0.6879912821905696,10.40326039225057,0.01
0.6767676767676768,0.16326530612244897,0.05837061636204291,-0.14128709008978294,0.8414916486165133,4.639775517491914,0.01
0.6767676767676768,0.18367346938775508,0.07651013262233242,0.32826150706955,1.0053955915637218,11.42281089133453,0.01
0.6767676767676768,0.2040816326530612,0.09940717111974584,0.3063132699112341,1.2997095265393044,17.41995473627256,0.01
0.6767676767676768,0.22448979591836732,0.1295595010525081,-0.08637998442956739,1.5696399473245266,9.033226500679206,0.01
0.6767676767676768,0.24489795918367346,0.1634741077452367,0.15892079972412163,1.7705522411004733,10.656178289363588,0.01
0.6767676767676768,0.26530612244897955,0.20182693946477231,0.1693764732311503,2.039490392046394,15.699760503336607,0.01
0.6767676767676768,0.2857142857142857,0.2467186135430487,-0.10349201977637017,2.2357634711618117,3.5350012499743704,0.01
0.6767676767676768,0.3061224489795918,0.2930825913489279,0.22812203186649868,2.3723608170000205,9.851538642170086,0.01
0.6767676767676768,0.32653061224489793,0.34354966729815156,0.1486851755043609,2.5191455343599456,4.533363659102575,0.01
0.6767676767676768,0.3469387755102041,0.3959048580574971,-0.016496234377484875,2.6108063494010114,4.449396214921871,0.01
0.6767676767676768,0.36734693877551017,0.45011319176349895,-0.14592651839994653,2.527734360620204,-12.590451115440969,0.01
0.6767676767676768,0.3877551020408163,0.4990776891032197,-0.1478592810851478,2.342332287003772,-5.5789520989693635,0.01
0.6767676767676768,0.4081632653061224,0.5457185912330407,-0.4086844805351863,2.1081182170059005,-17.37402676082207,0.01
0.6767676767676768,0.42857142857142855,0.5851233306136646,-0.284270198666598,1.7560695246967115,-17.126745085478472,0.01
0.6767676767676768,0.44897959183673464,0.6173948983635187,-0.31174084388789647,1.3045958590389166,-27.117674148985422,0.01
0.6767676767676768,0.4693877551020408,0.6383721411866816,-0.2645319960997089,0.8065409639936404,-21.69170556545166,0.01
0.6767676767676768,0.4897959183673469,0.6503149377101979,-0.3193743047118799,0.3165435228452474,-26.32804366709086,0.01
0.6767676767676768,0.5102040816326531,0.6512922849762836,-0.3704811317615255,-0.3270820314050259,-36.74726064943594,0.01
0.6767676767676768,0.5306122448979591,0.6369646507140744,-0.17100466452380533,-0.8644708008727439,-15.916838758400429,0.01
0.6767676767676768,0.5510204081632653,0.6160077624916818,-0.23248540027846562,-1.2929884342183058,-26.077889309464652,0.01
0.6767676767676768,0.5714285714285714,0.584189612582715,-0.12591706356011834,-1.771870303588156,-20.852533888780666,0.01
0.6767676767676768,0.5918367346938775,0.5436865256105325,0.10237158647722176,-2.085011270691024,-9.835280887300256,0.01
0.6767676767676768,0.6122448979591836,0.4990871117381834,-0.15263318834625422,-2.3414317001135694,-15.293921196109194,0.01
0.6767676767676768,0.6326530612244897,0.44811788478957054,-0.004067430196212918,-2.4961432596042297,0.13218836602435444,0.01
0.6767676767676768,0.6530612244897959,0.39720371338699034,0.006347079366351704,-2.588010079367803,-9.135136702854567,0.01
0.6767676767676768,0.673469387755102,0.3424848203255786,0.3943524513094204,-2.5800025749326196,9.919872137502544,0.01
0.6767676767676768,0.6938775510204082,0.29189748583872016,0.19116893157426948,-2.370731420416028,10.588701005123447,0.01
0.6767676767676768,0.7142857142857142,0.24572027255349582,0.29329708246207725,-2.2043360239331657,5.7180478501969985,0.01
0.6767676767676768,0.7346938775510203,0.2019245869026726,0.22909154233084303,-2.0133798951100585,12.995652774467407,0.01
0.6767676767676768,0.7551020408163265,0.16354150132451384,0.07327371277550093,-1.7325371651264112,14.526934763930054,0.01
0.6767676767676768,0.7755102040816326,0.13120878424445173,-0.12033272203090635,-1.5103701590373908,7.245431832793958,0.01
0.6767676767676768,0.7959183673469387,0.10189373973115096,0.09790163015362395,-1.2958962037806718,13.773015782364492,0.01
0.6767676767676768,0.8163265306122448,0.078315061641159,0.0017947589547811086,-1.0264381378159793,12.633874682175398,0.01
0.6767676767676768,0.836734693877551,0.059998305534580375,-0.18725636141230317,-0.8864498941708867,1.0849731950436958,0.01
0.6767676767676768,0.8571428571428571,0.04213343330765343,0.3259964939206471,-0.6983213636859817,17.35162279247699,0.01
0.6767676767676768,0.8775510204081632,0.031495392731070916,-0.0014755152258178054,-0.5277617765882443,-0.6367832568987154,0.01
0.6767676767676768,0.8979591836734693,0.02059213630405162,0.08584386221822272,-0.39892624766571266,13.26266509130682,0.01
0.6767676767676768,0.9183673469387754,0.0152126887447153,-0.03911586018059633,-0.24087635886420822,2.2262240112406078,0.01
0.6767676767676768,0.9387755102040816,0.010760448187145165,-0.06057536512209446,-0.23603513671933718,-1.7517842410432467,0.01
0.6767676767676768,0.9591836734693877,0.005578601531681131,-0.0019666308240189143,-0.1131919905860403,13.790412562106342,0.01
0.6767676767676768,0.9795918367346939,0.006140366938735356,-0.39017876840705046,-0.16854450307778193,-19.214958786297018,0.01
0.6767676767676768,1.0,-0.0013007659408813962,0.07588151259572883,-0.36461551110122087,0.0,0.01
0.686868686868687,0.0,0.0017544517634265617,-0.10241494017160838,0.017022867438408508,0.0,0.01
0.686868686868687,0.02040816326530612,0.002101857221353266,0.12274221106596894,0.11652932593367363,9.751632932535985,0.01
0.686868686868687,0.04081632653061224,0.006510750781127526,-0.06292068038008738,0.21386622279849415,-0.21261703978357388,0.01
0.686868686868687,0.061224489795918366,0.010831090804965271,0.055797816072657345,0.22693960169524238,1.4938081716648999,0.01
0.686868686868687,0.08163265306122448,0.015773591666647623,0.2601653677570664,0.2872715495484977,4.418722717954122,0.01
0.686868686868687,0.1020408163265306,0.022556460174291706,0.03409766128060974,0.41882908571704425,8.473915826563445,0.01
0.686868686868687,0.12244897959183673,0.032868656389792285,-0.06839599338454898,0.5513418573380408,4.512335792294212,0.01
0.686868686868687,0.14285714285714285,0.04506020945339541,-0.05941330718489239,0.5898330323787294,-0.7402006383067206,0.01
0.686868686868687,0.16326530612244897,0.05694347403790369,0.3194510967919647,0.8517595512066737,26.40899948344526,0.01
0.686868686868687,0.18367346938775508,0.07982590542101474,0.11873653031195949,1.1161653776245797,-0.4972284944904724,0.01
0.686868686868687,0.2040816326530612,0.10250124455319265,0.06818492537142598,1.1970962281380078,8.42845184480642,0.01
0.686868686868687,0.22448979591836732,0.12868697595725995,0.42223368224491004,1.5331640329852916,24.506193030227408,0.01
0.686868686868687,0.24489795918367346,0.16507936834851067,0.11565893795164554,1.8338455058750953,4.96059131297337,0.01
0.686868686868687,0.26530612244897955,0.20353781293175363,0.08326792120164998,1.974549845806373,8.828434000291832,0.01
0.686868686868687,0.2857142857142857,0.24567323960591364,0.32360443624072016,2.2503015134503577,18.195229428818667,0.01
0.686868686868687,0.3061224489795918,0.29538685429707434,-0.19527312228519914,2.4347683047210094,-0.1174838842947761,0.01
0.686868686868687,0.32653061224489793,0.34505153775779157,-0.15048628742753173,2.4586086906935054,2.453841709599354,0.01
0.686868686868687,0.3469387755102041,0.3957382294274215,0.17652120552311015,2.5378973948489354,5.316451297632792,0.01
0.686868686868687,0.36734693877551017,0.44863918652713586,0.06575418749830969,2.495225323808712,-9.498314259574682,0.01
0.686868686868687,0.3877551020408163,0.49758416101145053,-0.07782476308113173,2.2773063266773748,-11.857747459296379,0.01
0.686868686868687,0.4081632653061224,0.5415904651670287,0.02859746030181975,2.0743599596246325,-8.030996511872337,0.01
0.686868686868687,0.42857142857142855,0.5822519144655172,-0.2723998068395024,1.7800606266952832,-20.810338115203912,0.01
0.686868686868687,0.44897959183673464,0.6142460009505096,-0.2066077654128333,1.309480565734763,-25.306507858927077,0.01
0.686868686868687,0.4693877551020408,0.6357001008220381,-0.23193673678210078,0.8046518752038667,-24.16670381310076,0.01
0.686868686868687,0.4897959183673469,0.6470889346323001,-0.20590431648187688,0.29032378725217156,-26.23744880616537,0.01
0.686868686868687,0.5102040816326531,0.6475500513221267,-0.4241752398788598,-0.290364292166563,-30.669982976870628,0.01
0.686868686868687,0.5306122448979591,0.6352373308703996,-0.2852763865036063,-0.8303203420713806,-22.245709913801495,0.01
0.686868686868687,0.5510204081632653,0.6136594251151316,-0.21242918652076778,-1.2818303915555753,-22.002274935649588,0.01
0.686868686868687,0.5714285714285714,0.5829177230518047,-0.210964111429473,-1.6890016553506375,-17.900508916266507,0.01
0.686868686868687,0.5918367346938775,0.5447205820395954,-0.233042105666564,-2.0916228369259766,-21.556366878116748,0.01
0.686868686868687,0.6122448979591836,0.4975453623609485,-0.03460148121745854,-2.367772668886288,-5.506316653993622,0.01
0.686868686868687,0.6326530612244897,0.44807679963607344,-0.15366769791695284,-2.4567996579985847,-3.218328279011318,0.01
0.686868686868687,0.6530612244897959,0.3972678252997818,-0.22368828422596973,-2.489411219803278,0.022395222151399,0.01
0.686868686868687,0.673469387755102,0.34646817841961314,-0.10740024798645652,-2.53426383372965,-4.417951386935899,0.01
0.686868686868687,0.6938775510204082,0.29382848514755117,0.00996666844914168,-2.3957400723024915,17.993280006797427,0.01
0.686868686868687,0.7142857142857142,0.24868286934604206,-0.1867145576148504,-2.1949511354125995,1.6840358084119498,0.01
0.686868686868687,0.7346938775510203,0.20423864288581242,0.02153557749096024,-2.0678301229617873,10.773823411767578,0.01
0.686868686868687,0.7551020408163265,0.16428163983739769,-0.08472838355170305,-1.8190108467108845,13.610465660820887,0.01
0.686868686868687,0.7755102040816326,0.1299933022037355,0.22196313175719506,-1.5042753714034107,17.23361091931155,0.01
0.686868686868687,0.7959183673469387,0.10288264508623807,0.15854006168810908,-1.2656727362640119,6.149447324349517,0.01
0.686868686868687,0.8163265306122448,0.07833319051949013,0.10189274898529767,-1.0970075397691634,10.379741932145606,0.01
0.686868686868687,0.836734693877551,0.0581068271364763,0.13983399327239304,-0.806218151679334,18.117618100657687,0.01
0.686868686868687,0.8571428571428571,0.04542632718563976,-0.21588525818091026,-0.6523452956903364,-3.038078213735903,0.01
0.686868686868687,0.8775510204081632,0.031480488536870736,0.1553760560324467,-0.5871934884741978,9.422955320917485,0.01
0.686868686868687,0.8979591836734693,0.02145924602342761,0.07317108481222716,-0.40824128252825886,8.114360861784537,0.01
0.686868686868687,0.9183673469387754,0.014817579045921398,0.2766639234154321,-0.27711142017570084,4.736365648766139,0.01
0.686868686868687,0.9387755102040816,0.010148575812174513,-0.14794049251434205,-0.22684164056543665,0.19007275303974375,0.01
0.686868686868687,0.9591836734693877,0.005558736573862758,0.3115960546890896,-0.19476050958080213,2.9538780834544403,0.01
0.686868686868687,0.9795918367346939,0.0021991672578560587,0.049439892366470166,-0.14927905344360193,1.5033046179911835,0.01
0.686868686868687,1.0,-0.0005342860156720141,-0.12442212185893921,-0.13393921040287557,0.0,0.01
0.696969696969697,0.0,0.0007199574182588002,-0.20526337213230517,0.12846428572771448,0.0,0.01
0.696969696969697,0.02040816326530612,0.003341677535150932,0.003025996754302011,0.1263031579022824,-0.21179052689234584,0.01
0.696969696969697,0.04081632653061224,0.0058751883530458356,0.0475640935520295,0.19729917555267462,7.1694002566307855,0.01
0.696969696969697,0.061224489795918366,0.011394705108729487,-0.0047806934428482484,0.30689523987059864,3.5710140465257694,0.01
0.696969696969697,0.08163265306122448,0.018401524674294758,-0.16997990288304357,0.2819013092211728,-6.020419250169503,0.01
0.696969696969697,0.1020408163265306,0.022900880995307966,0.24553315929239883,0.33751844583856366,11.470898638673813,0.01
0.696969696969697,0.12244897959183673,0.032177787769746335,0.18430714026533107,0.5282002540309215,7.215918564177259,0.01
0.696969696969697,0.14285714285714285,0.044460075037386394,0.10644071726321687,0.6858153930789778,8.230365062532256,0.01
0.696969696969697,0.16326530612244897,0.06017025279337808,0.11830473083374443,0.8958471372538744,12.352745866607618,0.01
0.696969696969697,0.18367346938775508,0.08102526431305473,-0.059382273817395435,1.0539833453033352,3.1446025222395435,0.01
0.696969696969697,0.2040816326530612,0.10318998117310604,0.298447468802082,1.2722041091719196,18.241032336881737,0.01
0.696969696969697,0.22448979591836732,0.13295196264660247,0.10576304282766323,1.5449126522601944,8.48440488576919,0.01
0.696969696969697,0.24489795918367346,0.16624764044903234,0.03109226161068881,1.749960039758329,11.610239089048005,0.01
0.696969696969697,0.26530612244897955,0.2043789030449016,0.07236483883761002,2.0260111054839722,15.442765352065035,0.01
0.696969696969697,0.2857142857142857,0.24894197128511283,-0.1054463889380624,2.181369639052097,-0.217629062388812,0.01
0.696969696969697,0.3061224489795918,0.29341439851641576,0.16780532864276718,2.3174428226010884,13.552801050189993,0.01
0.696969696969697,0.32653061224489793,0.34353147424842256,0.1043459560183461,2.55061839808041,9.298405346783515,0.01
0.696969696969697,0.3469387755102041,0.3975212719074529,-0.035481560194140505,2.5914114517750275,-5.30068608471102,0.01
0.696969696969697,0.36734693877551017,0.44930337023924,-0.32056297160967706,2.432281119457157,-10.294086482440267,0.01
0.696969696969697,0.3877551020408163,0.4967980522934593,-0.05799604479602593,2.2681109749974353,-5.794587674612484,0.01
0.696969696969697,0.4081632653061224,0.5418793284024006,-0.17161329951307389,2.0262075498056418,-17.911947994183258,0.01
0.696969696969697,0.42857142857142855,0.5795004012651181,-0.1197541740745741,1.7218532728568083,-11.914771146802426,0.01
0.696969696969697,0.44897959183673464,0.6121590538251275,-0.16280165469436092,1.3194941537792715,-27.516422522796205,0.01
0.696969696969697,0.4693877551020408,0.6333573055010068,-0.1279980065896994,0.8048259610504166,-22.92106036463158,0.01
0.696969696969697,0.4897959183673469,0.6450090930516751,-0.24401718667593117,0.24274961224337768,-32.162421818458235,0.01
0.696969696969697,0.5102040816326531,0.643265452939512,-0.16179007903085763,-0.31000687515173847,-22.007713946263156,0.01
0.696969696969697,0.5306122448979591,0.632355751208747,-0.28317054397385355,-0.7779185409878123,-23.847629305672086,0.01
0.696969696969697,0.5510204081632653,0.611513675756336,-0.25470142576819643,-1.2634399800473302,-23.733471722160665,0.01
0.696969696969697,0.5714285714285714,0.5807867724313049,-0.26563893343397516,-1.6941028323109608,-18.47148779967514,0.01
0.696969696969697,0.5918367346938775,0.5423666213762968,-0.14441992303080886,-2.047977539550276,-16.20823350977778,0.01
0.696969696969697,0.6122448979591836,0.497195852449661,-0.19920487175775123,-2.3481295073724953,-13.206659336799698,0.01
0.696969696969697,0.6326530612244897,0.44652460066721533,0.036940804679051586,-2.5035938668239233,-2.0288478894402453,0.01
0.696969696969697,0.6530612244897959,0.39500834768133763,0.22391388046415703,-2.4779611943154274,4.540849795272823,0.01
0.696969696969697,0.673469387755102,0.34538332742985095,0.06593987039144045,-2.476440133320153,-4.391785817735898,0.01
0.696969696969697,0.6938775510204082,0.29392915856622936,0.32257211740113384,-2.4153683610489125,10.376819500317396,0.01
0.696969696969697,0.7142857142857142,0.24679686371356882,0.2559664126662232,-2.192088122568917,11.50464387072215,0.01
0.696969696969697,0.7346938775510203,0.2044561739715797,0.16065953739550565,-2.042591120289594,3.1460623526515556,0.01
0.696969696969697,0.7551020408163265,0.16342579757929968,0.4511368162653127,-1.7694100883318669,23.625678779205728,0.01
0.696969696969697,0.7755102040816326,0.13223535403966677,0.23679484291120553,-1.4440725743491138,8.257397591104072,0.01
0.696969696969697,0.7959183673469387,0.10448405985076442,-0.0618144273079736,-1.2953871239196835,6.313776550980143,0.01
0.696969696969697,0.8163265306122448,0.07936241020621031,0.11846315617568734,-1.101636819326588,12.673753299143245,0.01
0.696969696969697,0.836734693877551,0.05951929171498532,0.23467192438912438,-0.8848601837558199,8.570356986792039,0.01
0.696969696969697,0.8571428571428571,0.043245668012095215,0.2466739680719003,-0.6484990276335555,14.593036313189872,0.01
0.696969696969697,0.8775510204081632,0.03304994364830959,0.10831349492639465,-0.5156593429859971,-1.574747217729156,0.01
0.696969696969697,0.8979591836734693,0.02219834789021778,0.03976964790504284,-0.37822559817590384,15.043254209118302,0.01
0.696969696969697,0.9183673469387754,0.017612164130925763,0.06596200524961594,-0.33183095193833667,-10.49657887783672,0.01
0.696969696969697,0.9387755102040816,0.008654227402938735,0.17361983831563352,-0.21819682019973358,21.632723788219824,0.01
0.696969696969697,0.9591836734693877,0.008706171469712148,0.10582867045206219,-0.14591384867595467,-14.548992578889488,0.01
0.696969696969697,0.9795918367346939,0.002698560110042626,0.21623293632761406,-0.2571825415792252,3.6446606743689753,0.01
0.696969696969697,1.0,-0.001791075125358269,0.24968724709596132,-0.2199921265346439,0.0,0.01
0.7070707070707072,0.0,-0.0013534099770170097,0.17045735465841377,0.23155700366148976,0.0,0.01
0.7070707070707072,0.02040816326530612,0.0033722431589317606,0.006572508906372902,0.1888715711271935,-4.183172388361036,0.01
0.7070707070707072,0.04081632653061224,0.006355633742460275,0.07117705919213342,0.19536721686752126,4.819745670913157,0.01
0.7070707070707072,0.061224489795918366,0.011346415275973444,0.10915842306900762,0.25305859428818156,0.8340093163115512,0.01
0.7070707070707072,0.08163265306122448,0.01668455595830442,0.009203263532968155,0.34384766671625916,8.063319781640057,0.01
0.7070707070707072,0.1020408163265306,0.02538101391745341,-0.087060243998491,0.4251955423752827,-0.09122796705575432,0.01
0.7070707070707072,0.12244897959183673,0.03403947605525473,-0.150756904089873,0.49377838706410376,6.812346746560222,0.01
0.7070707070707072,0.14285714285714285,0.04553523379762091,0.2428971090009374,0.669481463472171,10.406554741430366,0.01
0.7070707070707072,0.16326530612244897,0.06136525007452701,0.0040181745344186615,0.8548101344106925,7.755655010544753,0.01
0.7070707070707072,0.18367346938775508,0.08042544336540428,0.35897942999526483,1.0985641238914592,16.132235958570377,0.01
0.7070707070707072,0.2040816326530612,0.10620460207009677,-0.01063660211547039,1.3130734047052928,4.889673561185323,0.01
0.7070707070707072,0.22448979591836732,0.13402027621051826,0.16735042470510353,1.4787489898744457,11.346533785391653,0.01
0.7070707070707072,0.24489795918367346,0.16656170369762516,0.22308560371979627,1.7416948276597806,14.422158317571173,0.01
0.7070707070707072,0.26530612244897955,0.20510986101295828,0.21056178201587486,1.9922212374188772,10.129429838820313,0.01
0.7070707070707072,0.2857142857142857,0.24787685624533443,0.2266629458585694,2.2049887501654943,10.721786410348175,0.01
0.7070707070707072,0.3061224489795918,0.2951094018360397,0.2613895045993588,2.3693611301913107,5.386706832181841,0.01
0.7070707070707072,0.32653061224489793,0.34458547380416343,0.2519703851221812,2.500310026600569,7.44628501592548,0.01
0.7070707070707072,0.3469387755102041,0.3971628723095323,-0.1370327988874917,2.4862572222105164,-8.823459846150646,0.01
0.7070707070707072,0.36734693877551017,0.44606536042500083,0.030263605262646816,2.4267093530657813,2.987768669966601,0.01
0.7070707070707072,0.3877551020408163,0.496212233659156,-0.07048979641026859,2.3049722574859883,-14.91800403678631,0.01
0.7070707070707072,0.4081632653061224,0.5401458607305514,-0.15124387109270698,2.0109239723579204,-13.898727905764366,0.01
0.7070707070707072,0.42857142857142855,0.5782907631431528,-0.028052792875475793,1.7240339324331566,-14.216496006862489,0.01
0.7070707070707072,0.44897959183673464,0.6105145926665986,-0.25200028522311835,1.3174540134093666,-25.62833605746893,0.01
0.7070707070707072,0.4693877551020408,0.6320643963435351,-0.669637154789723,0.7847271677822502,-26.578894813988498,0.01
0.7070707070707072,0.4897959183673469,0.6425442729842414,-0.16668661580726282,0.23438692764935368,-27.354448719035364,0.01
0.7070707070707072,0.5102040816326531,0.6416312097169781,-0.34489773932613915,-0.31969634236183037,-26.94571174206068,0.01
0.7070707070707072,0.5306122448979591,0.6294954426837586,0.03588280774164043,-0.800911753059174,-20.213398506278995,0.01
0.7070707070707072,0.5510204081632653,0.6089409340819097,-0.20075492335255182,-1.259101349156148,-24.689181911224477,0.01
0.7070707070707072,0.5714285714285714,0.5781035508814668,-0.02531552842846196,-1.66681094526989,-15.266358507922238,0.01
0.7070707070707072,0.5918367346938775,0.5409078342749755,-0.006959154145900869,-2.031536786913231,-20.476773973125166,0.01
0.7070707070707072,0.6122448979591836,0.49518368202786556,-0.05693585094535746,-2.303247307080661,-6.150857003283005,0.01
0.7070707070707072,0.6326530612244897,0.4468977401084179,-0.09392117587925873,-2.398882660465976,-3.2214076284778757,0.01
0.7070707070707072,0.6530612244897959,0.39727010404966245,-0.15439540750485964,-2.4707846578512505,-3.8249881152790053,0.01
0.7070707070707072,0.673469387755102,0.3460493867267342,-0.017687388721034925,-2.4520247110478706,5.663462902010229,0.01
0.7070707070707072,0.6938775510204082,0.29718746278240243,0.05523593565391798,-2.368341590485961,2.5374829130568455,0.01
0.7070707070707072,0.7142857142857142,0.24938238303342966,0.11176207610363,-2.2321573974187947,10.808568007525459,0.01
0.7070707070707072,0.7346938775510203,0.2060789975816353,0.09355544745604609,-1.994291373944365,12.502302292968727,0.01
0.7070707070707072,0.7551020408163265,0.16798273511733314,0.20640455367882174,-1.7505685228254564,11.38253711668433,0.01
0.7070707070707072,0.7755102040816326,0.13462722113977996,0.18866506884114348,-1.5710150538192706,6.213702845921838,0.01
0.7070707070707072,0.7959183673469387,0.10385967169613843,0.3516177237573029,-1.3246712282128168,17.927992063510608,0.01
0.7070707070707072,0.8163265306122448,0.08055900774333846,0.09764869392463524,-1.0282639343106394,11.119922738902764,0.01
0.7070707070707072,0.836734693877551,0.06188971519366335,0.03849255111028313,-0.8531312454582721,6.043080768629237,0.01
0.7070707070707072,0.8571428571428571,0.04573732425524572,0.09424140387318644,-0.6797695480561502,10.94636557677872,0.01
0.7070707070707072,0.8775510204081632,0.03414401935463681,0.062355528609186556,-0.5668629373707245,0.1184822703930083,0.01
0.7070707070707072,0.8979591836734693,0.022600061505420235,0.23149449559635324,-0.388706522388844,17.34084639783129,0.01
0.7070707070707072,0.9183673469387754,0.018278447012235015,-0.14303345797882988,-0.2987064098670289,-8.520835370693403,0.01
0.7070707070707072,0.9387755102040816,0.01040796314350069,0.1326806324701539,-0.2083308272960979,17.37764246264464,0.01
0.7070707070707072,0.9591836734693877,0.009775147938924898,-0.3827118408615158,-0.1353681830063231,-10.227303322246716,0.01
0.7070707070707072,0.9795918367346939,0.00488273118405893,-0.2710639709562479,-0.2215811766521997,1.7784299449508114,0.01
0.7070707070707072,1.0,0.0007310182796514417,-0.022243357506783953,-0.20343393231596693,0.0,0.01
0.7171717171717172,0.0,0.00036838148417908916,0.01852242370136384,0.15044228202664123,0.0,0.01
0.7171717171717172,0.02040816326530612,0.003438632137784012,-0.0966161903728597,0.16430220507745744,1.358272458979988,0.01
0.7171717171717172,0.04081632653061224,0.0070745939363202085,-0.016393199477301047,0.22075464006938542,4.174066170228954,0.01
0.7171717171717172,0.061224489795918366,0.012449025610003824,-0.0022074854720604033,0.23772164485737798,-2.5112997010056795,0.01
0.7171717171717172,0.08163265306122448,0.016777518216213188,-0.07085551126104134,0.2952885016338984,8.152851665104677,0.01
0.7171717171717172,0.1020408163265306,0.024501617513428248,-0.22469194624846014,0.3856094402868018,0.6986003228798543,0.01
0.7171717171717172,0.12244897959183673,0.03251667904424591,0.31208465174152517,0.5754344996750734,17.90425549717077,0.01
0.7171717171717172,0.14285714285714285,0.04798873994914553,-0.0574508932353115,0.7077843869701017,-4.933966542257994,0.01
0.7171717171717172,0.16326530612244897,0.0614058376960868,0.23027575033494188,0.8835375774850464,22.157779212722566,0.01
0.7171717171717172,0.18367346938775508,0.0840514982138413,0.12965276634935213,1.094937436740729,-1.4405930056656575,0.01
0.7171717171717172,0.2040816326530612,0.10609716164468798,0.1229736301338816,1.265650065012273,18.170430576276978,0.01
0.7171717171717172,0.22448979591836732,0.13571068454087284,-0.04887953414403667,1.5365893337427692,8.381617759311643,0.01
0.7171717171717172,0.24489795918367346,0.16881509363418876,0.12188688279730743,1.7523885473983047,12.766705178930842,0.01
0.7171717171717172,0.26530612244897955,0.20723674769998732,0.022724333753556727,1.993106539261301,10.823658023642786,0.01
0.7171717171717172,0.2857142857142857,0.25016638095097654,0.19044058056748367,2.2175673279765586,11.173499270452474,0.01
0.7171717171717172,0.3061224489795918,0.2977496998622958,-0.15118391196247766,2.3756240823323056,4.316062656410742,0.01
0.7171717171717172,0.32653061224489793,0.347130629209438,-0.062286509799747584,2.4017105676568535,-1.7595870946050387,0.01
0.7171717171717172,0.3469387755102041,0.39577870262380005,0.19970581875682067,2.431390392851339,4.668209963664581,0.01
0.7171717171717172,0.36734693877551017,0.4463710534074518,0.1478055724029576,2.4431770658000436,-3.513116014691507,0.01
0.7171717171717172,0.3877551020408163,0.49550021551359774,-0.09094569208006652,2.2600537406101684,-14.432969853916257,0.01
0.7171717171717172,0.4081632653061224,0.5386181448609281,-0.17138181628337532,2.021426059091278,-8.952542934935003,0.01
0.7171717171717172,0.42857142857142855,0.578007401598956,-0.31743611324020526,1.699099264289772,-22.63548295561261,0.01
0.7171717171717172,0.44897959183673464,0.6079691352401024,-0.2509532283877435,1.1586780854608913,-30.325792569617697,0.01
0.7171717171717172,0.4693877551020408,0.6253003846789924,0.2512454868742132,0.8058401465770831,-4.252325440995515,0.01
0.7171717171717172,0.4897959183673469,0.6408605697942691,-0.46570940883408013,0.3147517324863012,-43.87433913990112,0.01
0.7171717171717172,0.5102040816326531,0.6381473941682292,-0.24350818289965834,-0.26956552542296036,-13.388752135206525,0.01
0.7171717171717172,0.5306122448979591,0.6298578952872095,-0.3700289418412514,-0.7652400460758114,-35.18735088877288,0.01
0.7171717171717172,0.5510204081632653,0.6069131065732981,-0.3852038821295393,-1.274246391945719,-14.695271006478057,0.01
0.7171717171717172,0.5714285714285714,0.5778478384730985,-0.12258620406878938,-1.6188513862237996,-19.07601843277386,0.01
0.7171717171717172,0.5918367346938775,0.5408375397886532,-0.5374657391784313,-2.0393620182431698,-22.134023505124404,0.01
0.7171717171717172,0.6122448979591836,0.4946085724223569,-0.13344473517670064,-2.3247682114490176,-5.8357834290486785,0.01
0.7171717171717172,0.6326530612244897,0.44594904136216273,-0.07052140667252682,-2.42300143961454,-3.7910729311725304,0.01
0.7171717171717172,0.6530612244897959,0.3957105544789063,0.04553052883268465,-2.4519187206252253,0.9571793921253482,0.01
0.7171717171717172,0.673469387755102,0.3458707262346025,0.10614342947157311,-2.40014624733686,4.1165229901344595,0.01
0.7171717171717172,0.6938775510204082,0.2977454015263814,0.12086362365290713,-2.336306116867736,2.139809795839706,0.01
0.7171717171717172,0.7142857142857142,0.2505112928930623,-0.10064945781250774,-2.2226742859122073,8.99610963780215,0.01
0.7171717171717172,0.7346938775510203,0.20702400210139335,0.21347927016466373,-1.97086975070606,15.680734812400377,0.01
0.7171717171717172,0.7551020408163265,0.1700676295989374,-0.18412506104556528,-1.7270312932907605,8.215434014298978,0.01
0.7171717171717172,0.7755102040816326,0.1365329289058521,-0.17000328422943223,-1.5350784612240909,10.595943528234642,0.01
0.7171717171717172,0.7959183673469387,0.10741136587550512,-0.05955782220645749,-1.3471954826113466,7.8165883758142725,0.01
0.7171717171717172,0.8163265306122448,0.08154535818702165,0.1956415678961892,-1.1057545073394475,15.84462720083181,0.01
0.7171717171717172,0.836734693877551,0.062278528841241965,0.12035739115417388,-0.8539744637033276,8.829817075507927,0.01
0.7171717171717172,0.8571428571428571,0.04668925762770215,-4.855337989537189e-05,-0.6738640637256135,8.821002122308066,0.01
0.7171717171717172,0.8775510204081632,0.03477387317897203,-0.06239354707397378,-0.5328962631564055,4.993842333474316,0.01
0.7171717171717172,0.8979591836734693,0.024938389743767237,0.03863223607304447,-0.4395351099788077,4.1555506779302664,0.01
0.7171717171717172,0.9183673469387754,0.01683366460840845,0.11453032410721913,-0.3231603456911893,7.24917622225635,0.01
0.7171717171717172,0.9387755102040816,0.011748171552290123,0.060706243535077226,-0.2676451745751464,-1.8086894528841402,0.01
0.7171717171717172,0.9591836734693877,0.005909371768606556,0.10510645943016277,-0.235284776783564,4.980008436459221,0.01
0.7171717171717172,0.9795918367346939,0.002144711275409961,0.12370003716077799,-0.1323743297613822,5.105215371714596,0.01
0.7171717171717172,1.0,0.0005063379007950381,-0.2410960839694929,-0.08028029535613122,0.0,0.01
0.7272727272727273,0.0,0.0005554766730817542,0.043457616934181834,0.09345448314141946,0.0,0.01
0.7272727272727273,0.02040816326530612,0.0024627110229066412,0.09482316882391087,0.1556614700483939,6.0962847168834955,0.01
0.7272727272727273,0.04081632653061224,0.006909006062812117,0.0005141178950766618,0.2441184104741287,2.572495444838514,0.01
0.7272727272727273,0.061224489795918366,0.012426727776952709,0.020850901523518504,0.22424359800180593,-4.520227067126145,0.01
0.7272727272727273,0.08163265306122448,0.016061805981253174,0.26928014503832104,0.2402292158862035,6.086817619797109,0.01
0.7272727272727273,0.1020408163265306,0.022232001894756933,0.34167582793067347,0.4803774604238006,17.44771034488741,0.01
0.7272727272727273,0.12244897959183673,0.03566904926385728,-0.013369064679161503,0.6168224370369132,-4.0761026368023625,0.01
0.7272727272727273,0.14285714285714285,0.047408427896263594,0.017630128438766775,0.6875387497533211,11.006301283010325,0.01
0.7272727272727273,0.16326530612244897,0.06373185537623773,-0.021256426204423414,0.9298410083923621,12.7393200636157,0.01
0.7272727272727273,0.18367346938775508,0.08536112211636,-0.09996123929890936,1.0683828716404666,0.8377825346985482,0.01
0.7272727272727273,0.2040816326530612,0.1073393195248282,0.24967646989655093,1.221467829031586,14.164543289631146,0.01
0.7272727272727273,0.22448979591836732,0.13521695187275126,0.22504626756209975,1.5363203912200816,16.691007804841433,0.01
0.7272727272727273,0.24489795918367346,0.170046274268505,0.2066115423041265,1.7701086965244768,6.2202461149892985,0.01
0.7272727272727273,0.26530612244897955,0.20746628642477072,0.16608237619917954,2.0100718483054356,17.296142759544647,0.01
0.7272727272727273,0.2857142857142857,0.2520900231789309,-0.035405868744190216,2.1745294287842065,-1.179299872625062,0.01
0.7272727272727273,0.3061224489795918,0.2962225896404526,0.06461794884183036,2.3130805094636475,14.757305779210261,0.01
0.7272727272727273,0.32653061224489793,0.3465014725447941,-0.05984465571508878,2.488546915158094,2.4384019788455236,0.01
0.7272727272727273,0.3469387755102041,0.3977959331162932,-0.15961869871419293,2.483382877840897,-2.9444776359308324,0.01
0.7272727272727273,0.36734693877551017,0.44786403898727967,-0.3194835447696185,2.371248156552531,-8.04472505032904,0.01
0.7272727272727273,0.3877551020408163,0.49458157215925364,-0.20303322574444868,2.1810629221978943,-10.593427916425382,0.01
0.7272727272727273,0.4081632653061224,0.5368870154035202,-0.13164131135100787,1.9653753993092236,-10.54394932666434,0.01
0.7272727272727273,0.42857142857142855,0.5748009762126913,-0.07199717415586138,1.6794073491730344,-17.480919586682212,0.01
0.7272727272727273,0.44897959183673464,0.6054342541452767,-0.15540067026626336,1.2994124208427424,-19.75858338968641,0.01
0.7272727272727273,0.4693877551020408,0.627838217879742,-0.3499326031861509,0.7526934150524847,-33.81987917775886,0.01
0.7272727272727273,0.4897959183673469,0.6361564343515006,-0.06862414237534165,0.19231269299680773,-21.097431583697485,0.01
0.7272727272727273,0.5102040816326531,0.6356877155530811,-0.13057565506672297,-0.2458870260156442,-21.846140879522807,0.01
0.7272727272727273,0.5306122448979591,0.6261202292080049,-0.2878763966824841,-0.800306153460984,-32.4869336101205,0.01
0.7272727272727273,0.5510204081632653,0.6030221582689593,0.1928073190695125,-1.2130105629010186,-7.958098515002904,0.01
0.7272727272727273,0.5714285714285714,0.5766095939875552,-0.4654111049668574,-1.6565323508470102,-35.50703670370428,0.01
0.7272727272727273,0.5918367346938775,0.535408592928265,0.24030759813600086,-2.042049230487047,-2.2736175010192903,0.01
0.7272727272727273,0.6122448979591836,0.4932606458044104,-0.10333520933886674,-2.209211280677354,-14.108263417630843,0.01
0.7272727272727273,0.6326530612244897,0.4452367039210261,0.004389901113219519,-2.378709581349591,-2.502570048248374,0.01
0.7272727272727273,0.6530612244897959,0.3961704588105496,-0.00233959449572968,-2.4081986349127966,-0.38735720094577886,0.01
0.7272727272727273,0.673469387755102,0.34694288208785073,0.041551110732092215,-2.3815032087197343,3.003508967865891,0.01
0.7272727272727273,0.6938775510204082,0.2989662462097441,0.013550617840726418,-2.3874821344279376,-3.5894436872697657,0.01
0.7272727272727273,0.7142857142857142,0.24949463170303696,0.08794032537028802,-2.1997542521795,21.986776147616734,0.01
0.7272727272727273,0.7346938775510203,0.20918035836568288,-0.15913683823026886,-1.9915278545364632,-1.5805891785991093,0.01
0.7272727272727273,0.7551020408163265,0.16820778049746704,0.2065486351894229,-1.8219335416004105,18.200831846332267,0.01
0.7272727272727273,0.7755102040816326,0.13481572401464573,0.29483497988961843,-1.5042512152487562,12.932036136129865,0.01
0.7272727272727273,0.7959183673469387,0.10680977171180353,0.18097273381133255,-1.256707615166117,11.327236671968775,0.01
0.7272727272727273,0.8163265306122448,0.08352153564051851,0.15857665441463534,-1.06123003534616,7.829566150387026,0.01
0.7272727272727273,0.836734693877551,0.0634942600650215,0.16301897732072582,-0.9024028270494294,7.735500262692559,0.01
0.7272727272727273,0.8571428571428571,0.04668876718952139,0.18861404013935198,-0.7190903060143975,10.229126798740571,0.01
0.7272727272727273,0.8775510204081632,0.03414363532973997,0.13457450375503446,-0.5233237445544153,8.955996224337689,0.01
0.7272727272727273,0.8979591836734693,0.025328614350565666,-0.03449664069108606,-0.39575091963598724,3.546140617668263,0.01
0.7272727272727273,0.9183673469387754,0.01799053656908743,0.09128548902020395,-0.31769758626876704,4.103086052319318,0.01
0.7272727272727273,0.9387755102040816,0.012361365931432318,-0.05562718696589058,-0.26997734310633714,0.5734977775988229,0.01
0.7272727272727273,0.9591836734693877,0.006971053176992039,0.05028431888974657,-0.21969540361356735,4.354132292692621,0.01
0.7272727272727273,0.9795918367346939,0.0033942066002663044,-0.04470986809738835,-0.2180507167643273,-4.1929529814671005,0.01
0.7272727272727273,1.0,-0.0019289760786947896,0.08086853736532854,-0.26083595126909365,0.0,0.01
0.7373737373737375,0.0,0.0009944425006997526,-0.18603379939374853,0.11887783710704294,0.0,0.01
0.7373737373737375,0.02040816326530612,0.003420520809006751,-0.11255496835791469,0.1450340384680093,2.5633077333747027,0.01
0.7373737373737375,0.04081632653061224,0.0069141991728633966,0.04235913697315346,0.22581214230382957,5.352946442535685,0.01
0.7373737373737375,0.061224489795918366,0.012637342943856936,-0.08958290006094832,0.2907564026988715,1.0115910761784226,0.01
0.7373737373737375,0.08163265306122448,0.01878180744628672,-0.11649371695555513,0.31962528353241865,1.8175592455092013,0.01
0.7373737373737375,0.1020408163265306,0.025683272883955655,-0.03557904769760065,0.4104289186250296,7.081196993566676,0.01
0.7373737373737375,0.12244897959183673,0.03553400820649201,0.017924931543331316,0.5366293093848757,5.286441300898242,0.01
0.7373737373737375,0.14285714285714285,0.04758651000170568,0.18833214300644055,0.6855868269516148,9.311395420642189,0.01
0.7373737373737375,0.16326530612244897,0.06351714400043547,0.19681884121264384,0.9007401143562705,11.773626745014074,0.01
0.7373737373737375,0.18367346938775508,0.08435141262849223,0.08806939602057619,1.1354319216856572,11.226170373265834,0.01
0.7373737373737375,0.2040816326530612,0.1098613040692378,-0.12340655449406018,1.3018989797194114,5.087601314042078,0.01
0.7373737373737375,0.22448979591836732,0.13749014649459065,0.08590206838337676,1.525662909139128,16.841263769090155,0.01
0.7373737373737375,0.24489795918367346,0.17213325954430425,-0.10437573027980594,1.7555166223993097,5.684400130407642,0.01
0.7373737373737375,0.26530612244897955,0.2091438861843584,0.21930384943705367,1.950178650621761,13.392478635392594,0.01
0.7373737373737375,0.2857142857142857,0.2517323881411108,0.15238255902913467,2.149419545246277,6.133129037809952,0.01
0.7373737373737375,0.3061224489795918,0.2968752961944105,0.13730602554234528,2.307032526829435,9.31294315733957,0.01
0.7373737373737375,0.32653061224489793,0.3458969810729245,0.09325668596136243,2.4330540074295834,3.0371619414749564,0.01
0.7373737373737375,0.3469387755102041,0.39618362302827104,0.013867793606443577,2.4191288093375034,-4.40183135449879,0.01
0.7373737373737375,0.36734693877551017,0.44463693247445524,0.08051068388919813,2.360504157438983,-1.343384531556216,0.01
0.7373737373737375,0.3877551020408163,0.4925307314951683,-0.07741172162415377,2.2275491314782574,-11.68620801259489,0.01
0.7373737373737375,0.4081632653061224,0.5355573051878535,-0.16049005492408452,1.9978035130861973,-10.828862589827013,0.01
0.7373737373737375,0.42857142857142855,0.5740737320292988,-0.15930143936475782,1.6735275078253196,-20.950185925739,0.01
0.7373737373737375,0.44897959183673464,0.6038645504052135,-0.40476167383370737,1.2306304207291858,-22.453728609682116,0.01
0.7373737373737375,0.4693877551020408,0.624303545120286,-0.2746522949592374,0.7741684143790258,-22.279548012633573,0.01
0.7373737373737375,0.4897959183673469,0.6354632611961941,-0.3521496766017726,0.24659799833949445,-29.422352759240514,0.01
0.7373737373737375,0.5102040816326531,0.6343687695423061,-0.2751262561624279,-0.30014642228357336,-24.15860046182014,0.01
0.7373737373737375,0.5306122448979591,0.6232123868172728,-0.24729306266594217,-0.7202770335989863,-17.014199447090334,0.01
0.7373737373737375,0.5510204081632653,0.6049697069464292,-0.34224183256572,-1.256945920001697,-35.57935142037532,0.01
0.7373737373737375,0.5714285714285714,0.5719084717151627,-0.09866814028416258,-1.644777231280051,-2.428117084903391,0.01
0.7373737373737375,0.5918367346938775,0.5378359424043863,-0.2223429359534391,-1.9524445896498166,-27.72328403533364,0.01
0.7373737373737375,0.6122448979591836,0.49221685581108854,-0.047259080998294616,-2.2675949531728907,-3.161451589927778,0.01
0.7373737373737375,0.6326530612244897,0.44528104635651317,0.03888058427373631,-2.3537157170702288,-5.278383272011467,0.01
0.7373737373737375,0.6530612244897959,0.39614682654291594,-0.008483463738606034,-2.39900217394651,0.8403104981359125,0.01
0.7373737373737375,0.673469387755102,0.3473625902770638,-0.10169665564184786,-2.3775707824344496,1.2599658700459953,0.01
0.7373737373737375,0.6938775510204082,0.2991031211374282,-0.1907367673755809,-2.3760019752497983,-1.1062227659501678,0.01
0.7373737373737375,0.7142857142857142,0.25038291781788835,0.2604113268530783,-2.2424900367627263,14.19039273768325,0.01
0.7373737373737375,0.7346938775510203,0.20757291555527613,0.3419140466652895,-1.962175293015566,13.28045214953844,0.01
0.7373737373737375,0.7551020408163265,0.17029413034786525,0.15192934461036656,-1.7095869805505393,11.47320247203418,0.01
0.7373737373737375,0.7755102040816326,0.13779385512464187,0.15698152364952428,-1.510580604983738,8.029422333512349,0.01
0.7373737373737375,0.7959183673469387,0.10863777912403921,0.11170255430257629,-1.2904281098543704,13.545522189165654,0.01
0.7373737373737375,0.8163265306122448,0.08512332002854513,-0.13042695763830284,-1.065673136699896,8.480465179972816,0.01
0.7373737373737375,0.836734693877551,0.06514091640159449,0.04775729372473487,-0.8949693326024036,8.248507621581448,0.01
0.7373737373737375,0.8571428571428571,0.04859395951416131,0.19080775052606264,-0.7261295949271191,8.297786670596452,0.01
0.7373737373737375,0.8775510204081632,0.035502973751507995,0.073350442357408,-0.578538003951847,6.166189244980233,0.01
0.7373737373737375,0.8979591836734693,0.02498016343449409,0.11286237192762143,-0.40646385762592,10.697077094960616,0.01
0.7373737373737375,0.9183673469387754,0.018912612215756158,-0.20987496088552773,-0.3229268628721278,-2.5104516090889692,0.01
0.7373737373737375,0.9387755102040816,0.01179947515399908,0.2098730217463179,-0.2801240973305412,6.705122632164454,0.01
0.7373737373737375,0.9591836734693877,0.007478975590019782,0.02062764866114041,-0.21699364288348347,-0.5183380963527914,0.01
0.7373737373737375,0.9795918367346939,0.0029425917709997554,-0.11451542375081164,-0.21048189502037015,1.156489386937893,0.01
0.7373737373737375,1.0,-0.0011121221659136933,0.2676163641470106,-0.198680982908759,0.0,0.01
0.7474747474747475,0.0,-0.0008846867861057882,0.013023118890002218,0.15524614741770817,0.0,0.01
0.7474747474747475,0.02040816326530612,0.0022836019367045825,0.07149986334087455,0.20155552272042446,4.538318779666194,0.01
0.7474747474747475,0.04081632653061224,0.00734206924329929,0.010351085028213415,0.23149714910459399,-1.6040393940175801,0.01
0.7474747474747475,0.061224489795918366,0.011732465165463519,0.020309221847504284,0.25144433278722134,3.5588633949150648,0.01
0.7474747474747475,0.08163265306122448,0.017605103234614446,0.16096569549672637,0.33298987325870166,4.432599571290006,0.01
0.7474747474747475,0.1020408163265306,0.02532388856377787,0.21795954374261783,0.4436941397181884,6.416418541739696,0.01
0.7474747474747475,0.12244897959183673,0.035715068121071114,0.1801687361622952,0.5920416747611283,8.121639892468421,0.01
0.7474747474747475,0.14285714285714285,0.04948885488055862,0.08211198673161538,0.7298585520717982,5.3844140839772265,0.01
0.7474747474747475,0.16326530612244897,0.06550521310359349,0.03858367748073051,0.8759276163648192,8.930354216738834,0.01
0.7474747474747475,0.18367346938775508,0.08524100248728593,0.291251531282092,1.0561842227481395,8.734793208826565,0.01
0.7474747474747475,0.2040816326530612,0.10861477321576245,0.2989438192942522,1.3013626208597004,15.292689806106406,0.01
0.7474747474747475,0.22448979591836732,0.1383578441550288,0.1196496814678633,1.530372557555787,7.150283990110075,0.01
0.7474747474747475,0.24489795918367346,0.17107895923844763,0.1617210383430421,1.78853019447825,18.1491644282913,0.01
0.7474747474747475,0.26530612244897955,0.21135907658271247,0.027712565176491146,2.0137198434305392,3.9194211690330607,0.01
0.7474747474747475,0.2857142857142857,0.2532716059090819,0.06070023363721954,2.129127154484455,7.390495314250682,0.01
0.7474747474747475,0.3061224489795918,0.2982622257453433,-0.009187605888399786,2.2924003663227643,8.610279445903625,0.01
0.7474747474747475,0.32653061224489793,0.34683896779980694,0.15650398309378338,2.402506162152517,2.180088545412124,0.01
0.7474747474747475,0.3469387755102041,0.39632370175156845,0.046484445542114665,2.415974495693382,-0.8601918584073356,0.01
0.7474747474747475,0.36734693877551017,0.44545017170565926,-0.14618647127564777,2.3379147824576734,-6.789660038692092,0.01
0.7474747474747475,0.3877551020408163,0.49174879491310614,0.035946244424901796,2.167907534499213,-9.871050261237068,0.01
0.7474747474747475,0.4081632653061224,0.5339361935219537,-0.14111722019817452,1.977537875867563,-8.785176284664617,0.01
0.7474747474747475,0.42857142857142855,0.5724646265811699,-0.2614099233133209,1.613076450620413,-26.932043389556085,0.01
0.7474747474747475,0.44897959183673464,0.5997760486493174,-0.09259786704915716,1.202083996869946,-13.345217077989684,0.01
0.7474747474747475,0.4693877551020408,0.6215292795146371,-0.15581894441095745,0.787188555108141,-27.314536214667207,0.01
0.7474747474747475,0.4897959183673469,0.6319061937557722,-0.3913150594310197,0.24648070491042204,-25.67483310470926,0.01
0.7474747474747475,0.5102040816326531,0.6315897164497564,-0.2526088378005735,-0.2741970582287466,-25.351587682929278,0.01
0.7474747474747475,0.5306122448979591,0.6207144770933744,-0.17331016871888913,-0.7368864439210132,-19.991972114912848,0.01
0.7474747474747475,0.5510204081632653,0.6015127187386946,-0.4163303406511149,-1.220165004866812,-27.369326857775455,0.01
0.7474747474747475,0.5714285714285714,0.5709118238335045,-0.08996182360307535,-1.615105282118426,-11.33482031288271,0.01
0.7474747474747475,0.5918367346938775,0.5355900541624323,-0.28019877519077907,-1.9397221456851321,-20.47763231665463,0.01
0.7474747474747475,0.6122448979591836,0.4917394913565603,-0.19345053543709598,-2.202948728470206,-5.31857279628262,0.01
0.7474747474747475,0.6326530612244897,0.44567377953099535,-0.21286812780124412,-2.34411973098071,-8.516185449746622,0.01
0.7474747474747475,0.6530612244897959,0.39606113499000073,-0.043124605824232214,-2.433791490895316,-0.27164702188479184,0.01
0.7474747474747475,0.673469387755102,0.34633535133118654,0.14335683743240413,-2.4226738727284487,1.3611736022378196,0.01
0.7474747474747475,0.6938775510204082,0.29717648712353345,0.04690605757009352,-2.2863893937232764,11.994705340269066,0.01
0.7474747474747475,0.7142857142857142,0.25301333526084874,-0.11333734596329868,-2.110672411065743,5.225558960169193,0.01
0.7474747474747475,0.7346938775510203,0.21102659279431946,0.025244936332197484,-1.9890218441766412,6.696196594962721,0.01
0.7474747474747475,0.7551020408163265,0.1718287701924144,0.1824453860950386,-1.7553531099837338,16.203339355942138,0.01
0.7474747474747475,0.7755102040816326,0.13937952708069767,0.10222836706167769,-1.520535719756878,6.808764886289725,0.01
0.7474747474747475,0.7959183673469387,0.10976608775335817,-0.06793028578394714,-1.361554451183176,8.771399433933107,0.01
0.7474747474747475,0.8163265306122448,0.08380587601199661,0.2258204762006557,-1.0814979739136041,18.674135338484984,0.01
0.7474747474747475,0.836734693877551,0.06562331330790494,0.007468669995356682,-0.815471854319303,7.3964243817565425,0.01
0.7474747474747475,0.8571428571428571,0.050521310529576084,-0.13406148509683427,-0.7197959369321647,1.9798155221830198,0.01
0.7474747474747475,0.8775510204081632,0.03624388731067373,0.007932286951739288,-0.5978275168373197,9.973089647111763,0.01
0.7474747474747475,0.8979591836734693,0.026120187393358953,-0.1431796163789267,-0.47655499277189906,1.9116177112994657,0.01
0.7474747474747475,0.9183673469387754,0.016792663115902343,0.13372480128180217,-0.2989191768058847,15.496692253369945,0.01
0.7474747474747475,0.9387755102040816,0.013919404666588149,-0.04107476190017109,-0.22308052224070923,-8.064504105982747,0.01
0.7474747474747475,0.9591836734693877,0.007687335677506049,-0.036279633611647565,-0.2972715915166115,0.793779316944323,0.01
0.7474747474747475,0.9795918367346939,0.001785870318971355,0.13830618980394133,-0.14935842502639216,13.701710999097171,0.01
0.7474747474747475,1.0,0.0015910734315308587,-0.08182041540023857,-0.009545047484584315,0.0,0.01
0.7575757575757577,0.0,-0.0007531401306512203,0.20575828215901737,0.18418918254995814,0.0,0.01
0.7575757575757577,0.02040816326530612,0.003005822778531598,-0.0005363682970421428,0.20089426181523426,1.6370977679970635,0.01
0.7575757575757577,0.04081632653061224,0.007446625657725688,0.033561045777525736,0.21882875802795182,0.12048286084925604,0.01
0.7575757575757577,0.061224489795918366,0.011937608820488815,0.12384266380253411,0.28871764547892403,6.728628109346023,0.01
0.7575757575757577,0.08163265306122448,0.019231019350742996,0.07795553137684294,0.3819033367579974,2.4035696360031693,0.01
0.7575757575757577,0.1020408163265306,0.027525500116733607,-0.14411329964193773,0.44844640735764735,4.117651282762523,0.01
0.7575757575757577,0.12244897959183673,0.03753495434493268,0.026110974490496982,0.5584228348947692,6.660038615875415,0.01
0.7575757575757577,0.14285714285714285,0.05031826888794867,0.0266982202667712,0.6948198254283807,6.706866456418517,0.01
0.7575757575757577,0.16326530612244897,0.06589494721956046,0.12520788734891897,0.9276843723394321,16.11385914086453,0.01
0.7575757575757577,0.18367346938775508,0.088182937146701,-0.18414758027898293,1.1206167830959304,2.7935171132722956,0.01
0.7575757575757577,0.2040816326530612,0.11163440775408823,-0.05128547437864386,1.2588954964107246,10.757796791577553,0.01
0.7575757575757577,0.22448979591836732,0.13956642679611833,0.1661760847494048,1.4964133844921037,12.518956240397591,0.01
0.7575757575757577,0.24489795918367346,0.17271250508029654,0.2037382868701718,1.765778079840486,13.878783903743892,0.01
0.7575757575757577,0.26530612244897955,0.2116390014834851,-0.01227447992340294,1.9887197452962702,7.969499310922937,0.01
0.7575757575757577,0.2857142857142857,0.2538847395821851,-0.1198178475539252,2.119995293968396,4.89550445894542,0.01
0.7575757575757577,0.3061224489795918,0.29816942164546045,0.18517750217099746,2.3161093750266613,14.323675484764575,0.01
0.7575757575757577,0.32653061224489793,0.34841981611388556,-0.11538401936041597,2.4162835890216847,-4.5066025132523055,0.01
0.7575757575757577,0.3469387755102041,0.3967932416055292,-0.07154201232628415,2.3410662519352905,-2.864696521214316,0.01
0.7575757575757577,0.36734693877551017,0.4439735406826729,-0.011989235679089548,2.335306843797353,2.3002745236964666,0.01
0.7575757575757577,0.3877551020408163,0.49211188829113545,-0.2295450541669554,2.1691620461294967,-18.58246469514642,0.01
0.7575757575757577,0.4081632653061224,0.5325107670553054,-0.32548305642918673,1.9039497333464876,-7.408341957588458,0.01
0.7575757575757577,0.42857142857142855,0.5698241223052778,-0.18804197886092897,1.625083765288604,-19.920522912084127,0.01
0.7575757575757577,0.44897959183673464,0.5988407166589219,-0.39005503903051314,1.2282150977094197,-18.972606510675945,0.01
0.7575757575757577,0.4693877551020408,0.6199553507832133,-0.16007744568227922,0.713263593357074,-31.492640915853947,0.01
0.7575757575757577,0.4897959183673469,0.6279535163877821,-0.08693584055873758,0.22252765048571907,-16.599481485538846,0.01
0.7575757575757577,0.5102040816326531,0.6290381120275284,-0.3363152240060497,-0.22024635295150222,-26.792370851308846,0.01
0.7575757575757577,0.5306122448979591,0.6189638693285371,-0.31059320694331927,-0.7774033814951371,-27.809017945967376,0.01
0.7575757575757577,0.5510204081632653,0.5973073617624207,-0.21209510020827824,-1.199538394206838,-13.560213299779319,0.01
0.7575757575757577,0.5714285714285714,0.5700031185445845,-0.43986432588378904,-1.5814161573327874,-23.86380748656372,0.01
0.7575757575757577,0.5918367346938775,0.5327597635039396,0.07897712390509659,-1.9653329885127433,-13.760041969071843,0.01
0.7575757575757577,0.6122448979591836,0.4897854455440644,0.06517418676307252,-2.18628609351017,-7.893362320675812,0.01
0.7575757575757577,0.6326530612244897,0.4435235964218919,0.12883343118209512,-2.3069178595108597,-3.9285507473918195,0.01
0.7575757575757577,0.6530612244897959,0.3956255329109681,0.026409899894685115,-2.3456348075799185,0.13428983662407937,0.01
0.7575757575757577,0.673469387755102,0.3477834001941401,-0.16268765177837752,-2.400393557039954,-5.5006472837075515,0.01
0.7575757575757577,0.6938775510204082,0.2976502856848475,0.10727071390124442,-2.349914721937364,10.447573123761318,0.01
0.7575757575757577,0.7142857142857142,0.2518685135844518,0.18104615642284397,-2.1160329915741114,12.47283645183749,0.01
0.7575757575757577,0.7346938775510203,0.21128159215121034,0.26253948009195144,-1.9158230872531132,7.147734171620315,0.01
0.7575757575757577,0.7551020408163265,0.17367165288024308,0.016703588131706748,-1.736301654904216,10.445366198571621,0.01
0.7575757575757577,0.7755102040816326,0.14041213684899745,0.0011590772092412993,-1.5824973759289502,4.627453141004415,0.01
0.7575757575757577,0.7959183673469387,0.10907992325049001,0.44248488861634144,-1.330968525184136,20.022374231987353,0.01
0.7575757575757577,0.8163265306122448,0.08608689092311435,0.18496921748438766,-1.0628386363722613,6.25435487157635,0.01
0.7575757575757577,0.836734693877551,0.06569875441896915,0.006997157487648772,-0.9045335518121163,9.259543415317864,0.01
0.7575757575757577,0.8571428571428571,0.049167154114456546,0.20428069876115146,-0.7196812034429588,8.855986724859559,0.01
0.7575757575757577,0.8775510204081632,0.03632401142129736,0.05264086722160147,-0.6000840240737972,2.864536853318285,0.01
0.7575757575757577,0.8979591836734693,0.024673928642056663,0.08595114335910957,-0.4454245220538532,12.292094344636228,0.01
0.7575757575757577,0.9183673469387754,0.018143418684405395,0.21359925919724929,-0.2736508037278088,4.541730051316121,0.01
0.7575757575757577,0.9387755102040816,0.013504508081737936,-0.03131853123151776,-0.26515232683555284,-3.708879315875038,0.01
0.7575757575757577,0.9591836734693877,0.007320874731933851,0.056009945702015965,-0.25287933579185634,4.911632438157296,0.01
0.7575757575757577,0.9795918367346939,0.0031829025392131867,0.10282722488031708,-0.1606286184993263,4.128937856510655,0.01
0.7575757575757577,1.0,0.0007646045891042064,-0.08288334584205155,-0.11849659955534005,0.0,0.01
0.7676767676767677,0.0,0.0013252263558035007,0.05468174610091025,0.08208374949594885,0.0,0.01
0.7676767676767677,0.02040816326530612,0.003000404916945314,-0.008667808134468123,0.15827979422587524,7.467212383532787,0.01
0.7676767676767677,0.04081632653061224,0.007785626120124938,-0.1634121221518198,0.249609427587948,1.483091685950344,0.01
0.7676767676767677,0.061224489795918366,0.01318854481849421,-0.05892977008727423,0.2997041595918864,3.4261920504356222,0.01
0.7676767676767677,0.08163265306122448,0.020018448960610096,-0.03761303576949759,0.3155910023702241,-1.869281458158528,0.01
0.7676767676767677,0.1020408163265306,0.026069810221360498,0.3397819071752551,0.4356161887342587,13.631749721833922,0.01
0.7676767676767677,0.12244897959183673,0.03779870156200841,0.08543543530111523,0.6006943726499547,2.5459123019042886,0.01
0.7676767676767677,0.14285714285714285,0.05058794788054232,0.11952557066751664,0.7193438089135458,9.081732451927632,0.01
0.7676767676767677,0.16326530612244897,0.06715967335439803,0.17637578876941615,0.8755053610932606,6.2220996616844335,0.01
0.7676767676767677,0.18367346938775508,0.08632286057822643,0.21831518069342556,1.0769391329714324,13.518409982376406,0.01
0.7676767676767677,0.2040816326530612,0.11111637265935445,0.1141660206474934,1.3455917569480529,12.80954716733241,0.01
0.7676767676767677,0.22448979591836732,0.14124497310671838,0.11050533945748713,1.5595253254072146,8.155942541665436,0.01
0.7676767676767677,0.24489795918367346,0.17477046757393463,-0.07398106940052218,1.7216160714113569,7.7289505667405125,0.01
0.7676767676767677,0.26530612244897955,0.21151501683779417,0.29210235028753095,1.9086477726357611,10.60015615325111,0.01
0.7676767676767677,0.2857142857142857,0.2526744582937616,0.11746480014253356,2.1688596733755965,14.900610119252729,0.01
0.7676767676767677,0.3061224489795918,0.3000399014653695,-0.06560211238397035,2.3172066355391965,-0.362607827219905,0.01
0.7676767676767677,0.32653061224489793,0.34725432096883085,-0.07424555997142901,2.35275199199963,3.8460527603423857,0.01
0.7676767676767677,0.3469387755102041,0.3960705950163748,-0.039877850635169854,2.3666538499170326,-2.4836706844369045,0.01
0.7676767676767677,0.36734693877551017,0.44385243729197504,-0.12043553871932476,2.296205080917591,-4.420308677508386,0.01
0.7676767676767677,0.3877551020408163,0.4897932513803581,-0.19002374870934177,2.0915802420044725,-15.632925535977243,0.01
0.7676767676767677,0.4081632653061224,0.5292230594146066,0.04753533506180296,1.9142206964272719,-1.7483099305884142,0.01
0.7676767676767677,0.42857142857142855,0.5679247083773896,-0.27043403317633297,1.609103830200397,-28.153142959645326,0.01
0.7676767676767677,0.44897959183673464,0.5949007667697248,-0.010843217502565448,1.2351356134960554,-8.49574227738017,0.01
0.7676767676767677,0.4693877551020408,0.6183384068874327,-0.6078511250194749,0.7882779404536245,-35.29630968077805,0.01
0.7676767676767677,0.4897959183673469,0.6270753765841585,-0.3505798299558727,0.17891325079953344,-24.421429905322885,0.01
0.7676767676767677,0.5102040816326531,0.6256409885527198,-0.12912302915195983,-0.2755959032183936,-20.12046718843397,0.01
0.7676767676767677,0.5306122448979591,0.6158265642078975,-0.17794392204278717,-0.7466620377270017,-26.044013993409624,0.01
0.7676767676767677,0.5510204081632653,0.5951649870128422,-0.11207489032588701,-1.2315297317224088,-21.47302001814028,0.01
0.7676767676767677,0.5714285714285714,0.5655600445457584,-0.20552541643318342,-1.5093831321734168,-5.756613226058502,0.01
0.7676767676767677,0.5918367346938775,0.5335575122302537,-0.3907455390737465,-1.8403487101304392,-26.678013413729833,0.01
0.7676767676767677,0.6122448979591836,0.4904437706628833,-0.18591070534130724,-2.173947916456771,-6.014708806250831,0.01
0.7676767676767677,0.6326530612244897,0.44482494421161,-0.22582858972407807,-2.316511041614653,-7.956477459221564,0.01
0.7676767676767677,0.6530612244897959,0.39589229957657096,-0.0680721677451267,-2.4177789139691264,-1.9677740315168502,0.01
0.7676767676767677,0.673469387755102,0.3461400905802171,0.07090846471550688,-2.380382547513078,5.632617944209579,0.01
0.7676767676767677,0.6938775510204082,0.29873382824950656,0.1261906841613854,-2.264849284554234,5.689641825757158,0.01
0.7676767676767677,0.7142857142857142,0.253697262639228,0.16227925344398597,-2.0776078928703505,12.660014559263347,0.01
0.7676767676767677,0.7346938775510203,0.21393350609153308,-0.07357428440653016,-1.9564937228403139,-0.7908258963197672,0.01
0.7676767676767677,0.7551020408163265,0.17384037599268456,0.12445242813484263,-1.8009867041024625,16.030513732629277,0.01
0.7676767676767677,0.7755102040816326,0.14042384469959585,0.21273156654145553,-1.4771272561120459,15.707712170431526,0.01
0.7676767676767677,0.7959183673469387,0.11354946757994801,-0.03680050909697448,-1.2854801571362462,3.0737035291967585,0.01
0.7676767676767677,0.8163265306122448,0.08795526685730008,-0.056751158839608844,-1.1706108526616852,8.183488309310198,0.01
0.7676767676767677,0.836734693877551,0.06576943277743025,0.39865447668447557,-0.8997544478597858,18.360439361275933,0.01
0.7676767676767677,0.8571428571428571,0.05123059551608434,-0.12373498037035528,-0.7083855379027383,0.39371381451473036,0.01
0.7676767676767677,0.8775510204081632,0.03685573735282869,0.07181002334134842,-0.6293676009157166,7.350044010213394,0.01
0.7676767676767677,0.8979591836734693,0.025542122009320396,0.057013099675527215,-0.40559138464573835,14.580025184244477,0.01
0.7676767676767677,0.9183673469387754,0.020300986959125085,0.16844655041838727,-0.3026720868335701,-4.493933998651994,0.01
0.7676767676767677,0.9387755102040816,0.013188159281419575,-0.020465705027911226,-0.30415170239750455,4.3489316733864145,0.01
0.7676767676767677,0.9591836734693877,0.007886631759226942,0.0013629148186003555,-0.21968164867327097,3.929133591588471,0.01
0.7676767676767677,0.9795918367346939,0.004221561376388107,-0.11464318773683839,-0.1950012007501309,-1.5104496951207427,0.01
0.7676767676767677,1.0,-7.260092445186986e-05,0.07044164198429942,-0.21041395274115887,0.0,0.01
0.7777777777777778,0.0,0.0018775672255096649,-0.056651675073023114,0.05072891962187268,0.0,0.01
0.7777777777777778,0.02040816326530612,0.002912851299425434,0.2699230866207914,0.10430706925424,5.250658663971999,0.01
0.7777777777777778,0.04081632653061224,0.00613499862364191,0.27805841771303225,0.23717086124609194,7.76999295122949,0.01
0.7777777777777778,0.061224489795918366,0.01259329461559245,0.2810271441839014,0.33083625672690553,1.409215805890246,0.01
0.7777777777777778,0.08163265306122448,0.019638519306372747,0.2427327085356065,0.41426207401600157,6.766514288441166,0.01
0.7777777777777778,0.1020408163265306,0.029501950697878226,-0.1266055618020235,0.4660675780396124,-1.6895748941273039,0.01
0.7777777777777778,0.12244897959183673,0.03866168575696917,-0.09787103722508424,0.5461864913929891,9.541228402758225,0.01
0.7777777777777778,0.14285714285714285,0.0517952768771839,0.034440219301224484,0.7418492499233778,9.633721933219865,0.01
0.7777777777777778,0.16326530612244897,0.06894124697833152,-0.1919096604949238,0.8999532948875513,5.8604744732691385,0.01
0.7777777777777778,0.18367346938775508,0.08852806442361456,0.0781601317176104,1.061543786314997,9.975393686620547,0.01
0.7777777777777778,0.2040816326530612,0.11226956478710691,0.25919770487420574,1.3189115437128964,15.246646538373604,0.01
0.7777777777777778,0.22448979591836732,0.142361188656794,0.1594912672401635,1.5129636718094734,3.7704620150909367,0.01
0.7777777777777778,0.24489795918367346,0.17402318404463643,0.3000719984359961,1.766556745808691,21.081659236832394,0.01
0.7777777777777778,0.26530612244897955,0.2144655456285773,-0.23807918865547412,1.9560257908560124,-2.5136928221948973,0.01
0.7777777777777778,0.2857142857142857,0.2538609714265145,0.15746120966646887,2.0803368518053764,14.696176795232557,0.01
0.7777777777777778,0.3061224489795918,0.29937725386553143,0.18474250368196396,2.2697631625817007,3.867601660847244,0.01
0.7777777777777778,0.32653061224489793,0.3465043658176043,0.14022868185817622,2.3591180971798886,4.889181929775178,0.01
0.7777777777777778,0.3469387755102041,0.3956677884443024,-0.08107095660450364,2.3552229965905336,-5.270901787531998,0.01
0.7777777777777778,0.36734693877551017,0.44263591669885055,-0.0021801408466846084,2.259047762707316,-4.1542711330232835,0.01
0.7777777777777778,0.3877551020408163,0.48787381957521325,-0.0903534157303854,2.13314879157657,-8.183828037789873,0.01
0.7777777777777778,0.4081632653061224,0.5297032143142207,-0.1532827485220709,1.8943211815844307,-15.22127774143976,0.01
0.7777777777777778,0.42857142857142855,0.5651930514766186,-0.14550545289431804,1.5946566126465886,-14.145850014468756,0.01
0.7777777777777778,0.44897959183673464,0.594791239320204,-0.2734248789705872,1.15163340389851,-29.270424442842955,0.01
0.7777777777777778,0.4693877551020408,0.6121984965337006,-0.06528692615835685,0.7042017080788162,-14.577881747487055,0.01
0.7777777777777778,0.4897959183673469,0.6235341661805638,-0.15240698876343017,0.2973863654334134,-25.29002183176242,0.01
0.7777777777777778,0.5102040816326531,0.6243367155309828,-0.29806518353699984,-0.23287287550252903,-26.675383779959947,0.01
0.7777777777777778,0.5306122448979591,0.61402915085393,-0.038993191482796674,-0.7424430538761049,-23.262493700650495,0.01
0.7777777777777778,0.5510204081632653,0.5940329174135908,-0.16968479840257875,-1.2383554550816482,-25.336921617492767,0.01
0.7777777777777778,0.5714285714285714,0.5634840302383525,0.06263164071513938,-1.5783470806009174,-7.9822576833956065,0.01
0.7777777777777778,0.5918367346938775,0.5296105875931452,0.022401354688202476,-1.835494564456187,-17.21819573442069,0.01
0.7777777777777778,0.6122448979591836,0.48856588475034485,-0.14262796892387086,-2.133135136062156,-11.950580282964026,0.01
0.7777777777777778,0.6326530612244897,0.44254384734571023,0.05015063118259049,-2.287348979280244,-3.162376352408482,0.01
0.7777777777777778,0.6530612244897959,0.3952047019225798,0.0622445144818644,-2.3443439863552897,-2.423134340945952,0.01
0.7777777777777778,0.673469387755102,0.34685633769855556,0.13213760560430915,-2.3323073972937896,3.602720068972943,0.01
0.7777777777777778,0.6938775510204082,0.3000084816248741,0.11455851738983895,-2.242237321687085,5.224147340484124,0.01
0.7777777777777778,0.7142857142857142,0.25533644701745006,-0.08398103842282482,-2.1270446780209964,6.064731738792571,0.01
0.7777777777777778,0.7346938775510203,0.21319033150156813,0.08679840296913453,-1.9658549068814655,9.731865832881502,0.01
0.7777777777777778,0.7551020408163265,0.17509747122636984,0.016067749445881047,-1.730133235938567,13.368857919522627,0.01
0.7777777777777778,0.7755102040816326,0.1425726484020348,0.010398497625158902,-1.517033286033051,7.51493717121794,0.01
0.7777777777777778,0.7959183673469387,0.11317774526583715,0.24549071180577184,-1.352170326548732,8.641632858245366,0.01
0.7777777777777778,0.8163265306122448,0.08738202282861716,0.12598672600376168,-1.062846740018801,19.712078621687894,0.01
0.7777777777777778,0.836734693877551,0.06979624567323303,-0.23671480124487101,-0.9163312521780008,-5.353560813289468,0.01
0.7777777777777778,0.8571428571428571,0.04998074722951509,0.4116996051714338,-0.7892712864573506,17.805437453913196,0.01
0.7777777777777778,0.8775510204081632,0.03758109112395342,-0.06848403142565222,-0.5846370154498164,2.2487211048251536,0.01
0.7777777777777778,0.8979591836734693,0.026118011905032792,0.11153223213653846,-0.38167628451051155,17.641430527226735,0.01
0.7777777777777778,0.9183673469387754,0.022002467266381522,-0.3006783122440113,-0.32184613446219884,-11.778075822492095,0.01
0.7777777777777778,0.9387755102040816,0.01298143498820835,0.017928045462096826,-0.3455006829247245,9.459930073164571,0.01
0.7777777777777778,0.9591836734693877,0.00790039857557644,0.1533550663238725,-0.24298819742447011,0.5862935058603624,0.01
0.7777777777777778,0.9795918367346939,0.003063549379046305,0.15937084770920779,-0.17790596018892252,5.791765743223304,0.01
0.7777777777777778,1.0,0.0006389308127632759,-0.26236770884873956,-0.11880630974786843,0.0,0.01
0.787878787878788,0.0,0.0013053280833579162,-0.17237217697100993,0.2123669329854779,0.0,0.01
0.787878787878788,0.02040816326530612,0.005639347123877873,-0.2524327678082029,0.18713936494371838,-2.472301668092433,0.01
0.787878787878788,0.04081632653061224,0.008943669509632135,-0.027983385728551465,0.2399188350874676,7.644689742179859,0.01
0.787878787878788,0.061224489795918366,0.01543195263765206,-0.1460432133553013,0.3220940357688557,0.40847992459617677,0.01
0.787878787878788,0.08163265306122448,0.02209036484713645,-0.08929762780486382,0.31338327303968677,-1.2621346720547322,0.01
0.787878787878788,0.1020408163265306,0.02822310663927193,0.10304439042886902,0.38177675206853234,7.964695616881596,0.01
0.787878787878788,0.12244897959183673,0.03767308942136226,0.3846630300015309,0.5860412554033889,12.053225709934347,0.01
0.787878787878788,0.14285714285714285,0.052143157880226575,0.0009308056337647349,0.7185770653768013,0.9352836674600716,0.01
0.787878787878788,0.16326530612244897,0.06700276555919088,0.394362933530779,0.9107728691724144,17.89990510451002,0.01
0.787878787878788,0.18367346938775508,0.08931756070359043,0.17375068968809904,1.173181467643721,7.816137545678031,0.01
0.787878787878788,0.2040816326530612,0.1148877234221999,0.0694953001272146,1.3390389459381749,8.43789532717844,0.01
0.787878787878788,0.22448979591836732,0.1439722115582098,0.16316605075491086,1.5230790272868862,9.598032644995277,0.01
0.787878787878788,0.24489795918367346,0.17705421433186871,-0.10596070855517224,1.668168097632498,4.6206962488746735,0.01
0.787878787878788,0.26530612244897955,0.21206070533912807,0.2306495939346209,1.920733221918099,20.13068593111425,0.01
0.787878787878788,0.2857142857142857,0.25545148869587275,0.03895455035210549,2.1849745433434293,5.7649635685680956,0.01
0.787878787878788,0.3061224489795918,0.30124333976130885,0.09448843467111549,2.265498547113992,2.1263888009470597,0.01
0.787878787878788,0.32653061224489793,0.34792081714950507,-0.012325114380220601,2.293335978220106,0.6016794474521484,0.01
0.787878787878788,0.3469387755102041,0.39484888989274175,0.0988865776384497,2.3199804091534717,2.0094747840176788,0.01
0.787878787878788,0.36734693877551017,0.44261389507413657,-0.0670065230376613,2.256750588479194,-8.205997210096912,0.01
0.787878787878788,0.3877551020408163,0.48696115881025986,-0.13488331040917012,2.095754711899328,-7.571598694729987,0.01
0.787878787878788,0.4081632653061224,0.5281549037230887,0.0022441967891428938,1.8806724451145687,-13.506463450176412,0.01
0.787878787878788,0.42857142857142855,0.563723299427181,-0.13485432681360254,1.564924469252764,-17.436838184280443,0.01
0.787878787878788,0.44897959183673464,0.5920293718558546,-0.1252271348402476,1.1714854635452883,-21.120184375052172,0.01
0.787878787878788,0.4693877551020408,0.6115390326331112,-0.19212713053079042,0.7341505798977591,-21.738634222405704,0.01
0.787878787878788,0.4897959183673469,0.6219947016475998,-0.18601136539719285,0.23977962497102198,-26.70971936041454,0.01
0.787878787878788,0.5102040816326531,0.6213259561013161,-0.15077279923361842,-0.20480582466035205,-16.85965470346012,0.01
0.787878787878788,0.5306122448979591,0.6136352802328916,-0.4691873487723887,-0.7106721504842533,-32.715245227282196,0.01
0.787878787878788,0.5510204081632653,0.5923189295509385,-0.2298505973470558,-1.2132058753963004,-16.53305981409844,0.01
0.787878787878788,0.5714285714285714,0.5641166730738589,-0.1299616462747406,-1.5308106083713806,-14.592204017459414,0.01
0.787878787878788,0.5918367346938775,0.529836863903127,-0.21594658486188453,-1.8862911345183664,-20.244887544945325,0.01
0.787878787878788,0.6122448979591836,0.4871251981955583,0.12820083784124142,-2.1262678908691006,-3.272834577426766,0.01
0.787878787878788,0.6326530612244897,0.4430504193778576,-0.18628362998717465,-2.2366482131848855,-7.544437009520171,0.01
0.787878787878788,0.6530612244897959,0.39583343439209356,-0.034753987361090644,-2.3240542805640563,-1.0213575936385464,0.01
0.787878787878788,0.673469387755102,0.348191060987488,-0.09563925098271035,-2.3193610026347455,1.4812988307109958,0.01
0.787878787878788,0.6938775510204082,0.3011656383661856,0.00874701546461204,-2.2957212285422846,0.8353990303501542,0.01
0.787878787878788,0.7142857142857142,0.2544881537000478,0.11957867011628036,-2.13391460532713,15.021650044735,0.01
0.787878787878788,0.7346938775510203,0.2140670830467109,0.15261353807504727,-1.9410953583685029,3.874636157210462,0.01
0.787878787878788,0.7551020408163265,0.1752597717258232,0.041324952987238005,-1.749040283220662,14.946761207277959,0.01
0.787878787878788,0.7755102040816326,0.14267768373158185,0.23796770940770637,-1.4602568963581286,13.354010705250321,0.01
0.787878787878788,0.7959183673469387,0.11565744942549142,-0.06664270216610792,-1.3235651589196837,0.04177956371723474,0.01
0.787878787878788,0.8163265306122448,0.08865461602057435,0.1382703230718874,-1.18218042759194,13.813924106401625,0.01
0.787878787878788,0.836734693877551,0.06740518707479999,0.4158211200475611,-0.8456245295556981,19.168553901150084,0.01
0.787878787878788,0.8571428571428571,0.05413932909993362,0.055117993335017955,-0.747638419178857,-9.565915084219652,0.01
0.787878787878788,0.8775510204081632,0.036889333230765015,0.24946347591463547,-0.6589208602917855,18.26023585515267,0.01
0.787878787878788,0.8979591836734693,0.02724460010843217,0.0033229735190865996,-0.43913850552111555,3.2784349123729966,0.01
0.787878787878788,0.9183673469387754,0.018965312597250095,0.2095359676428118,-0.3450108069220354,5.946079550336861,0.01
0.787878787878788,0.9387755102040816,0.013162526356512359,0.0006199312263284011,-0.23313888721853107,5.017368580606564,0.01
0.787878787878788,0.9591836734693877,0.00944943964955495,-0.07598431341201276,-0.2079846756562457,-2.5522558475026025,0.01
0.787878787878788,0.9795918367346939,0.004673355921563555,-0.046270567388921,-0.2807868489942659,-4.582357139623384,0.01
0.787878787878788,1.0,-0.00201124806449672,0.34812604651409557,-0.3275455953169535,0.0,0.01
0.797979797979798,0.0,-0.00043580501735935597,0.02182699458888064,0.17274098398525106,0.0,0.01
0.797979797979798,0.02040816326530612,0.0030895211864212773,0.007986743694367134,0.2228719445946298,4.912834139719119,0.01
0.797979797979798,0.04081632653061224,0.008661009047727574,0.16048801658166806,0.2662475632096503,-0.6620235154471072,0.01
0.797979797979798,0.061224489795918366,0.013956768664366188,-0.0464524511940949,0.30692030919441476,4.6479526219540235,0.01
0.797979797979798,0.08163265306122448,0.02118836860668328,-0.05404033164730552,0.3750261648852643,2.0264212357492304,0.01
0.797979797979798,0.1020408163265306,0.029263959067846363,0.1976813095313106,0.4990700461721351,10.129879130364108,0.01
0.797979797979798,0.12244897959183673,0.04155857457289287,-0.09949214738937905,0.5607707217924792,-4.083212919570381,0.01
0.797979797979798,0.14285714285714285,0.05215255995733531,0.09987623154672341,0.7209775465532314,19.783481746124096,0.01
0.797979797979798,0.16326530612244897,0.07098622953424925,0.02862181089456819,0.9535414263373759,3.007778472722076,0.01
0.797979797979798,0.18367346938775508,0.09107261817518739,0.24894565681584327,1.0927849321044552,10.638085092451679,0.01
0.797979797979798,0.2040816326530612,0.11558969615075762,0.014840376287644964,1.3364195150910727,13.238104040236848,0.01
0.797979797979798,0.22448979591836732,0.14562035348502708,-0.1368940111183185,1.4796580958452854,0.7992768736759989,0.01
0.797979797979798,0.24489795918367346,0.17598390414444273,0.39625833848805975,1.6848685704395978,19.311349636566625,0.01
0.797979797979798,0.26530612244897955,0.21439049921725556,0.1796586804607378,1.9565960890214154,7.317947184451491,0.01
0.797979797979798,0.2857142857142857,0.2558449690024597,0.41622133851507565,2.1512780948388244,11.760889385654588,0.01
0.797979797979798,0.3061224489795918,0.3021977683943504,-0.036628743247976214,2.25280812503377,-1.8109464265499216,0.01
0.797979797979798,0.32653061224489793,0.34779632104465436,-0.0726810384984018,2.2944244075403053,5.889342112190386,0.01
0.797979797979798,0.3469387755102041,0.39584774421232205,0.049907292344685765,2.3064481413544082,-4.711016198408283,0.01
0.797979797979798,0.36734693877551017,0.4419370615080996,-0.11973545874637541,2.1988984444674093,-5.828854096517619,0.01
0.797979797979798,0.3877551020408163,0.48559870112935916,-0.029230820384948616,2.1128925163009105,-2.599726863799256,0.01
0.797979797979798,0.4081632653061224,0.5281775723775245,-0.1752127871232689,1.8806796178225627,-20.15713718707885,0.01
0.797979797979798,0.42857142857142855,0.5623611345098719,-0.15471105777156768,1.5333785336475108,-13.87836906207623,0.01
0.797979797979798,0.44897959183673464,0.5907644513019127,-0.3933354835182163,1.1573118909082065,-22.976161926375593,0.01
0.797979797979798,0.4693877551020408,0.6095983545469416,-0.2389978113435369,0.7191080177902323,-19.967817639185895,0.01
0.797979797979798,0.4897959183673469,0.6201157989668201,-0.2543426703053364,0.25001377766577665,-26.003417893010756,0.01
0.797979797979798,0.5102040816326531,0.6198029985332998,-0.5241391305866032,-0.2748847296370419,-25.436635822665476,0.01
0.797979797979798,0.5306122448979591,0.6088960140836756,-0.19606471494485098,-0.7302419086032352,-19.188367716021467,0.01
0.797979797979798,0.5510204081632653,0.5899972063454126,-0.18054471676160197,-1.1292560803337512,-19.915021113569104,0.01
0.797979797979798,0.5714285714285714,0.5628039291720939,-0.2876322109492335,-1.5273697163927271,-19.10011522021054,0.01
0.797979797979798,0.5918367346938775,0.5276555852681585,-0.12645581522002358,-1.82240243895431,-9.813091590824602,0.01
0.797979797979798,0.6122448979591836,0.4884201561535506,-0.07997775420361053,-2.118927058602127,-19.246321134661308,0.01
0.797979797979798,0.6326530612244897,0.4411687665497043,-0.10710424891349972,-2.276975417401624,3.757581972310689,0.01
0.797979797979798,0.6530612244897959,0.3954823840147088,-0.2588127939184,-2.301622085759921,-6.172955471423767,0.01
0.797979797979798,0.673469387755102,0.3472250079472586,0.10041363246866118,-2.3085956029455565,5.489550787231503,0.01
0.797979797979798,0.6938775510204082,0.30125399205774733,0.1999089271368988,-2.242460227866272,0.9917159705383821,0.01
0.797979797979798,0.7142857142857142,0.2556960190547577,0.23773639093545648,-2.0983112739740424,13.134881510900154,0.01
0.797979797979798,0.7346938775510203,0.21560863393635785,-0.15644089737247827,-1.960461177253973,0.37442796766679726,0.01
0.797979797979798,0.7551020408163265,0.17567719549337105,0.17165132445792422,-1.7279172812241959,22.414873843251442,0.01
0.797979797979798,0.7755102040816326,0.14508139796802333,-0.001039717825184805,-1.4869761645526434,1.1973555905607276,0.01
0.797979797979798,0.7959183673469387,0.11498429081775295,0.1381145789934183,-1.3482377444270328,12.399009581749139,0.01
0.797979797979798,0.8163265306122448,0.09005128595059342,0.2634895567964317,-1.0627828150239107,15.575573499756835,0.01
0.797979797979798,0.836734693877551,0.07160540040861374,-0.12293349545098863,-0.8662026313592668,3.689284499378276,0.01
0.797979797979798,0.8571428571428571,0.05469607650735804,-0.3585215017329317,-0.7888077351511467,3.8954153290175175,0.01
0.797979797979798,0.8775510204081632,0.03940916632081184,0.07932725774123406,-0.6717388197411827,7.577338381158982,0.01
0.797979797979798,0.8979591836734693,0.027278165497513853,0.0664698396374337,-0.449019555547981,14.249149509774789,0.01
0.797979797979798,0.9183673469387754,0.021081837522935062,-0.07774297421580097,-0.3456797416308493,-4.121847745895878,0.01
0.797979797979798,0.9387755102040816,0.013168788288091433,0.1429206840637926,-0.3037979466714927,8.22626365191283,0.01
0.797979797979798,0.9591836734693877,0.008681921332261892,-0.14509643797851215,-0.21958888996001957,0.026223905811541846,0.01
0.797979797979798,0.9795918367346939,0.004205976452988596,-0.26533341851941317,-0.175830244770128,4.262123322797827,0.01
0.797979797979798,1.0,0.0015051766477668723,-0.17315837026312966,-0.13233919045586445,0.0,0.01
0.8080808080808082,0.0,-0.00021533032454237977,-0.10681008340641089,0.16589075879503729,0.0,0.01
0.8080808080808082,0.02040816326530612,0.0031701953651522585,0.09683090932344714,0.2571870459968853,8.947036145781105,0.01
0.8080808080808082,0.04081632653061224,0.01028210012431008,-0.1345801176525492,0.25277523720189965,-9.379393407689701,0.01
0.8080808080808082,0.061224489795918366,0.013487551985637957,0.029242373435894576,0.25382996039027483,9.482756280150472,0.01
0.8080808080808082,0.08163265306122448,0.02064250667085191,0.1485567960133229,0.4354431056708445,8.315331957345354,0.01
0.8080808080808082,0.1020408163265306,0.031260739972203036,-0.14195989665528852,0.4878218695490967,-3.182213097276635,0.01
0.8080808080808082,0.12244897959183673,0.04055360338714157,-0.10538627007806516,0.5365664348164956,7.959180493481722,0.01
0.8080808080808082,0.14285714285714285,0.053161410781039586,0.23760711005338353,0.7526825160275415,13.220195465200794,0.01
0.8080808080808082,0.16326530612244897,0.07127533873520449,0.03191412687164226,0.9904323447120571,10.079287745881736,0.01
0.8080808080808082,0.18367346938775508,0.09358722076928681,0.0037870403357120742,1.089374375055267,-0.3829687722471697,0.01
0.8080808080808082,0.2040816326530612,0.11573959894154191,0.3562245748312591,1.2409339407033255,15.235806205756909,0.01
0.8080808080808082,0.22448979591836732,0.14423758569595316,0.04628148086235317,1.5740494097231659,17.409509758187443,0.01
0.8080808080808082,0.24489795918367346,0.1799865136241201,0.04695109881335462,1.7632073678505764,1.127970138298801,0.01
0.8080808080808082,0.26530612244897955,0.21620523336332362,0.10557696661484865,1.9615364274119393,18.30827769871478,0.01
0.8080808080808082,0.2857142857142857,0.2600492249470564,-0.19799953542662888,2.0977524192745465,-4.959110496179283,0.01
0.8080808080808082,0.3061224489795918,0.3018277810888153,0.16001433436290968,2.1318171327425555,8.29745241604418,0.01
0.8080808080808082,0.32653061224489793,0.3470621691406301,0.1233593881394061,2.315839891096065,9.736777902599732,0.01
0.8080808080808082,0.3469387755102041,0.3963518582764098,-0.04769529163337365,2.2948033605859703,-11.798357892589003,0.01
0.8080808080808082,0.36734693877551017,0.44072761242985337,0.31404766901650133,2.179313760004015,0.48037703555736855,0.01
0.8080808080808082,0.3877551020408163,0.48530344031739,0.005197889160424961,2.0991632784702654,-8.335124225864842,0.01
0.8080808080808082,0.4081632653061224,0.5264077462449662,-0.2554711726493216,1.8496264277622376,-16.119487143521862,0.01
0.8080808080808082,0.42857142857142855,0.5607983965525833,-0.20377546530611065,1.4793986744386602,-20.16283268218874,0.01
0.8080808080808082,0.44897959183673464,0.5867913656098095,-0.21510030501996255,1.1364530478525172,-13.445838723253281,0.01
0.8080808080808082,0.4693877551020408,0.6071842352404412,-0.196870876794179,0.7535052291408945,-24.083047510485752,0.01
0.8080808080808082,0.4897959183673469,0.617546681084948,-0.2518981430661399,0.1794485016914825,-32.174511779556624,0.01
0.8080808080808082,0.5102040816326531,0.6145086638809099,0.08653715762924562,-0.2604624073508612,-10.936757306593062,0.01
0.8080808080808082,0.5306122448979591,0.606915562417566,-0.20535650704189365,-0.6452109678081591,-26.76860161822214,0.01
0.8080808080808082,0.5510204081632653,0.5881735223377197,-0.22467427152792838,-1.1519167232843306,-22.88856241844268,0.01
0.8080808080808082,0.5714285714285714,0.5598985533039198,-0.2318793684766067,-1.5139840791425385,-12.594038455661687,0.01
0.8080808080808082,0.5918367346938775,0.5263782538012896,-0.14222786597011172,-1.771013204709181,-12.594815849869303,0.01
0.8080808080808082,0.6122448979591836,0.48761230005048384,-0.41543002515663047,-2.114138034617179,-21.031417481114488,0.01
0.8080808080808082,0.6326530612244897,0.44008690544956797,0.10605947077806509,-2.321232573694678,0.7361526515195612,0.01
0.8080808080808082,0.6530612244897959,0.3928681133690684,0.0944420785582377,-2.250266650468376,6.218507824658049,0.01
0.8080808080808082,0.673469387755102,0.34823928706310364,-0.060321913321734526,-2.1950735608662146,-0.8095850436462302,0.01
0.8080808080808082,0.6938775510204082,0.30327327415003924,-0.1498088033935423,-2.208476312892166,-0.5038846548969881,0.01
0.8080808080808082,0.7142857142857142,0.2580973967409744,-0.2472519928990993,-2.1864988568071713,2.657675351226465,0.01
0.8080808080808082,0.7346938775510203,0.21402842285178736,0.17115690604186198,-1.9768155623923522,17.89128750142587,0.01
0.8080808080808082,0.7551020408163265,0.1774110472555723,0.2185139636607215,-1.6894594135584515,10.269615084296476,0.01
0.8080808080808082,0.7755102040816326,0.14507089576776894,0.1776662460975195,-1.4952756621675969,8.760392552007271,0.01
0.8080808080808082,0.7959183673469387,0.11637938757526223,0.010213133034634917,-1.2827734289903703,12.064826299360949,0.01
0.8080808080808082,0.8163265306122448,0.09271279662530485,0.05360083376036392,-1.1273856213258096,3.1631788517660095,0.01
0.8080808080808082,0.836734693877551,0.07036364792931082,0.054314702640774364,-1.0201346609953215,7.347415260621839,0.01
0.8080808080808082,0.8571428571428571,0.05107464719692439,0.30912674559085074,-0.7387533063308491,20.227957496496465,0.01
0.8080808080808082,0.8775510204081632,0.040210451752541475,0.10770645564384985,-0.5665641948565973,-3.353424572019774,0.01
0.8080808080808082,0.8979591836734693,0.027949578019104093,0.08732868379527547,-0.48789047153734827,11.063449457306183,0.01
0.8080808080808082,0.9183673469387754,0.02029655495509869,0.15532089193201049,-0.3267600882122049,4.7273281085578684,0.01
0.8080808080808082,0.9387755102040816,0.014612431561463076,0.00017500773480391346,-0.32046622810771924,-4.11052981831827,0.01
0.8080808080808082,0.9591836734693877,0.007216300746620355,0.45590404519097355,-0.32062147090232807,4.095316024446599,0.01
0.8080808080808082,0.9795918367346939,0.0015258409123884622,0.21596614305415782,-0.18277486437591717,9.41365141514167,0.01
0.8080808080808082,1.0,-0.00024389779933544766,-0.02470853360704237,-0.08671719687447159,0.0,0.01
0.8181818181818182,0.0,-0.0012942200559202678,-0.02891878935384494,0.2666827652976943,0.0,0.01
0.8181818181818182,0.02040816326530612,0.004148285358318391,0.06307308313388983,0.2503146637844571,-1.6040739482972453,0.01
0.8181818181818182,0.04081632653061224,0.008922704996506553,-0.0623997604320828,0.23604878135093962,0.20601746981253335,0.01
0.8181818181818182,0.061224489795918366,0.013782929495091438,0.22031839068467018,0.3238991966005159,8.403323224645945,0.01
0.8181818181818182,0.08163265306122448,0.022143080367956182,0.10379091491325151,0.3930748671129254,-1.6241075144298147,0.01
0.8181818181818182,0.1020408163265306,0.029826801622149617,0.20709493798339482,0.42497737339516733,4.750553130089521,0.01
0.8181818181818182,0.12244897959183673,0.039489095608575255,0.24427240182176613,0.6304996839514699,15.390633304428139,0.01
0.8181818181818182,0.14285714285714285,0.05556148259976063,0.03302083985768121,0.786660897090853,-0.08683441676859582,0.01
0.8181818181818182,0.16326530612244897,0.07159770365309986,0.11402416951579618,0.9325677820041486,14.38570913827156,0.01
0.8181818181818182,0.18367346938775508,0.09362547370197077,0.16686653460487294,1.1696330212674955,8.846684309536437,0.01
0.8181818181818182,0.2040816326530612,0.11933782697014049,-0.03547550611442758,1.2514502416417368,-0.8285967128607878,0.01
0.8181818181818182,0.22448979591836732,0.1447050754016335,0.5593769794555966,1.4975120343449975,24.94265239778035,0.01
0.8181818181818182,0.24489795918367346,0.18046076714748732,0.1434232800957486,1.7778815032135677,2.5335555513395356,0.01
0.8181818181818182,0.26530612244897955,0.2172716673695342,-0.0839197040329326,1.9009173310596204,9.523955577573616,0.01
0.8181818181818182,0.2857142857142857,0.2580492296397167,0.10089148217320663,2.1112242931111878,11.08612670348001,0.01
0.8181818181818182,0.3061224489795918,0.30344408749652146,-0.22284317872068968,2.211345351200817,-1.2742630106963697,0.01
0.8181818181818182,0.32653061224489793,0.34830822356628066,-0.12873523382431795,2.2644370038545603,6.477244970763244,0.01
0.8181818181818182,0.3469387755102041,0.39587008765385046,-0.11002749975550145,2.3419938947424233,1.123330336247304,0.01
0.8181818181818182,0.36734693877551017,0.4438998111067877,-0.24742596032282646,2.1924034865640962,-15.783190337723335,0.01
0.8181818181818182,0.3877551020408163,0.48535594424830336,-0.21477007297765052,1.958221746946905,-7.166620144761429,0.01
0.8181818181818182,0.4081632653061224,0.5238272293495185,0.11843026053709636,1.7979107996366808,-8.543852691640536,0.01
0.8181818181818182,0.42857142857142855,0.5587400585191883,-0.23916801249130146,1.4893894447105722,-21.69124009111811,0.01
0.8181818181818182,0.44897959183673464,0.5846186352560725,-0.09981605574169548,1.1381617591509245,-12.729073093727374,0.01
0.8181818181818182,0.4693877551020408,0.6051956405253485,-0.27505793519362853,0.7443986934628001,-25.859707343708827,0.01
0.8181818181818182,0.4897959183673469,0.6150022553974113,-0.43812924230601297,0.24958483344273405,-22.632050938257645,0.01
0.8181818181818182,0.5102040816326531,0.6153827765842356,-0.23500915612832826,-0.24894452772869927,-26.223826456542824,0.01
0.8181818181818182,0.5306122448979591,0.6048412542656276,-0.3082559007266533,-0.7222279376500861,-20.157947715753085,0.01
0.8181818181818182,0.5510204081632653,0.585904085251579,-0.22135402818881775,-1.158480461720194,-22.5947996431175,0.01
0.8181818181818182,0.5714285714285714,0.5575563374607218,-0.029101390009257485,-1.4935806757469172,-10.245021331501372,0.01
0.8181818181818182,0.5918367346938775,0.5249416086904803,-0.3265446426076632,-1.8164373571198942,-21.394933443050377,0.01
0.8181818181818182,0.6122448979591836,0.48341603717011383,0.07466531399138093,-2.0526931886542465,-1.7581380473161436,0.01
0.8181818181818182,0.6326530612244897,0.441158213235205,0.056363712323342245,-2.195052103583423,-12.193035615743167,0.01
0.8181818181818182,0.6530612244897959,0.39382207375854555,0.18701736676029088,-2.291441841482973,2.746841301587262,0.01
0.8181818181818182,0.673469387755102,0.34762997480732855,0.056831444526396095,-2.255519486197716,0.7735495163679411,0.01
0.8181818181818182,0.6938775510204082,0.30176005391374083,-0.1886950118947898,-2.2547367871310087,-0.6968450078306443,0.01
0.8181818181818182,0.7142857142857142,0.25559990186320575,0.28266734150099737,-2.1070679489165913,15.168391152843544,0.01
0.8181818181818182,0.7346938775510203,0.21575728048857384,0.44593975789951257,-1.8615502499103764,8.892343349765534,0.01
0.8181818181818182,0.7551020408163265,0.179618259009721,0.014701148131658874,-1.6878485162719503,8.130426546800216,0.01
0.8181818181818182,0.7755102040816326,0.14686550431420853,0.0004289581820336729,-1.5468248576255679,5.689892000545272,0.01
0.8181818181818182,0.7959183673469387,0.11648255053520803,0.07753114967763391,-1.3134764855788583,17.178248460032275,0.01
0.8181818181818182,0.8163265306122448,0.09325421918854085,-0.12202369936464687,-1.1164715965242902,2.1282306673154046,0.01
0.8181818181818182,0.836734693877551,0.07091228128931865,0.1925670787973112,-0.9568984504918171,13.509937643866937,0.01
0.8181818181818182,0.8571428571428571,0.05419713957662995,0.2119278126274299,-0.7255401957391789,9.163171321891573,0.01
0.8181818181818182,0.8775510204081632,0.041298395748944,-0.060439356461941734,-0.6214536141898457,1.0373136699430754,0.01
0.8181818181818182,0.8979591836734693,0.028831685936228087,-0.1115380199482769,-0.4761071009407833,13.206644628465043,0.01
0.8181818181818182,0.9183673469387754,0.021865452853401825,0.052157865924353314,-0.3483284221867661,-0.6843341105713632,0.01
0.8181818181818182,0.9387755102040816,0.014614199316360085,-0.0006098952123246189,-0.246079488159794,10.704729645214634,0.01
0.8181818181818182,0.9591836734693877,0.011821392112185745,-0.25732889750115856,-0.26721861418188186,-12.776363995379244,0.01
0.8181818181818182,0.9795918367346939,0.003707317104854703,0.2843864144194585,-0.3017143409471434,9.395782772383617,0.01
0.8181818181818182,1.0,-0.0004934789468813302,0.1084830522300731,-0.20583900653506565,0.0,0.01
0.8282828282828284,0.0,-0.001586329039292439,0.19119918459454746,0.312214096124957,0.0,0.01
0.8282828282828284,0.02040816326530612,0.004785387208155662,0.004491871584481551,0.24202896892166087,-6.87814246592302,0.01
0.8282828282828284,0.04081632653061224,0.008292404386081474,0.17119133592300254,0.27496302412865803,10.10567987620874,0.01
0.8282828282828284,0.061224489795918366,0.01600836778483558,-0.241959614053172,0.3650271920142603,-1.2793914234197163,0.01
0.8282828282828284,0.08163265306122448,0.023191473447888016,-0.07331808522924967,0.38980239649493303,3.7073614625256437,0.01
0.8282828282828284,0.1020408163265306,0.03191866968258795,0.0016305257947526115,0.459742993892729,3.1468170824583637,0.01
0.8282828282828284,0.12244897959183673,0.04195649360677491,0.11337709801039748,0.5874207404759145,9.36560208269382,0.01
0.8282828282828284,0.14285714285714285,0.05589502643670691,-0.0571018543229578,0.7544277486919009,7.00108472247284,0.01
0.8282828282828284,0.16326530612244897,0.07274946294113821,0.17650886675907804,0.965691211512292,13.702734633925491,0.01
0.8282828282828284,0.18367346938775508,0.09531099425353515,-0.12714123791071053,1.132635626793349,2.6578180636181123,0.01
0.8282828282828284,0.2040816326530612,0.11897948852454021,0.05968647562802184,1.3485866648623703,18.505383667145974,0.01
0.8282828282828284,0.22448979591836732,0.150355347921387,-0.3707679570427375,1.5417849662858998,0.42804987235990355,0.01
0.8282828282828284,0.24489795918367346,0.18190948714845448,-0.025745430251154496,1.6186818189159013,7.1078416853802615,0.01
0.8282828282828284,0.26530612244897955,0.21642399359142378,0.08360939939018779,1.8903917851090921,19.519735001552448,0.01
0.8282828282828284,0.2857142857142857,0.25906833552025416,-0.0240543453753797,2.0768442412945207,-1.2473942953804515,0.01
0.8282828282828284,0.3061224489795918,0.3011931462973226,0.02322430397148045,2.154518537645874,8.859475337813064,0.01
0.8282828282828284,0.32653061224489793,0.34700786766906533,0.27055965519350705,2.2923560355176624,4.648599453622231,0.01
0.8282828282828284,0.3469387755102041,0.39475869876743125,0.10560982127108175,2.3126209371746103,-2.6626390912413407,0.01
0.8282828282828284,0.36734693877551017,0.44140055898231473,-0.05666161708081174,2.1664823447060897,-11.658942970673689,0.01
0.8282828282828284,0.3877551020408163,0.48318654957176144,-0.09221682033981697,2.0487619228162797,0.1223416254723094,0.01
0.8282828282828284,0.4081632653061224,0.525023494607469,-0.25348033932670366,1.791872925716636,-25.297463341237414,0.01
0.8282828282828284,0.42857142857142855,0.5563242200091751,0.09812354861973137,1.4353789927021843,-9.638942094178843,0.01
0.8282828282828284,0.44897959183673464,0.5836103922687826,-0.21383878065533377,1.129279909593278,-20.358768050493996,0.01
0.8282828282828284,0.4693877551020408,0.6024172775435946,-0.3042632822929793,0.6606747230504184,-25.56454023070624,0.01
0.8282828282828284,0.4897959183673469,0.6105767074953303,-0.05145652939834932,0.25949589492859115,-13.750984925232835,0.01
0.8282828282828284,0.5102040816326531,0.6130089467243535,-0.2016942487232026,-0.2168041553176456,-32.926419998898375,0.01
0.8282828282828284,0.5306122448979591,0.6017275582986917,-0.1546330553203965,-0.7188486383115203,-16.273939334501353,0.01
0.8282828282828284,0.5510204081632653,0.5836681859769445,-0.12386496610793495,-1.0893967696739697,-20.0397775390187,0.01
0.8282828282828284,0.5714285714285714,0.5572623840262848,-0.23582268669957093,-1.5196126964869345,-22.121383288651845,0.01
0.8282828282828284,0.5918367346938775,0.5216431779570696,0.051710850257724254,-1.7907577182510492,-4.450828844231544,0.01
0.8282828282828284,0.6122448979591836,0.48417023226093586,-0.11558675228141878,-1.9579330402117248,-11.932352707914792,0.01
0.8282828282828284,0.6326530612244897,0.4417275436627135,-0.3978007757917699,-2.1672478076961674,-8.580494505560594,0.01
0.8282828282828284,0.6530612244897959,0.39571113806925556,-0.10822887379225353,-2.2913260895741363,-3.579177118480367,0.01
0.8282828282828284,0.673469387755102,0.34820402980254467,0.2818011286646069,-2.348498812228519,-2.0237497016490895,0.01
0.8282828282828284,0.6938775510204082,0.29985404369258134,0.37254832162632,-2.198848105556486,16.689518955508273,0.01
0.8282828282828284,0.7142857142857142,0.258455127534933,-0.056892029165527595,-1.950011869523052,7.696432175768291,0.01
0.8282828282828284,0.7346938775510203,0.22026172248755882,-0.2564025356947747,-1.9278651159462228,-5.526050325238968,0.01
0.8282828282828284,0.7551020408163265,0.17976675545549534,0.20711614035159356,-1.7981011889293064,18.24291517289685,0.01
0.8282828282828284,0.7755102040816326,0.14686983722513816,0.06734115166332197,-1.5312760188591397,7.905951493979477,0.01
0.8282828282828284,0.7959183673469387,0.11726569346124474,0.2261952058214469,-1.3437804260828348,10.46861659809841,0.01
0.8282828282828284,0.8163265306122448,0.09202165656869593,0.0551910096983163,-1.088003109014875,14.597560474561645,0.01
0.8282828282828284,0.836734693877551,0.0728574032973723,-0.03487676019863188,-0.8742538843927677,6.349863538404852,0.01
0.8282828282828284,0.8571428571428571,0.056337824552664596,0.10636910104422852,-0.7881528994144485,2.088032989470412,0.01
0.8282828282828284,0.8775510204081632,0.040687897198823375,0.33736640825309816,-0.7015032394232277,6.4036336896692285,0.01
0.8282828282828284,0.8979591836734693,0.027705039270083876,0.3306493556576836,-0.44824213176437694,18.415954860898143,0.01
0.8282828282828284,0.9183673469387754,0.02239229998395085,-0.07365539743971798,-0.32087651252988897,-5.934124175918323,0.01
0.8282828282828284,0.9387755102040816,0.014608038758659837,-0.03792696405614841,-0.32266964678529947,5.758397018888092,0.01
0.8282828282828284,0.9591836734693877,0.009222110319244749,-0.15275125075556656,-0.1966892244245214,6.587684372468155,0.01
0.8282828282828284,0.9795918367346939,0.006579907149495698,-0.2810384027429084,-0.2111851210641618,-8.008282243152912,0.01
0.8282828282828284,1.0,0.0006023094594830446,-0.1869107795673621,-0.2929022868106201,0.0,0.01
0.8383838383838385,0.0,0.00034497585560198,-0.08477958516870222,0.21980340584724758,0.0,0.01
0.8383838383838385,0.02040816326530612,0.004830759648402951,0.018704775254119302,0.23707753162415732,1.6928643261371565,0.01
0.8383838383838385,0.04081632653061224,0.010021609799445136,-0.0582111543494792,0.21397250495570339,-3.9571569396456474,0.01
0.8383838383838385,0.061224489795918366,0.013564331279247985,0.06671817794647203,0.30451728475941,12.8305453604089,0.01
0.8383838383838385,0.08163265306122448,0.022450886728400645,0.059737064400905523,0.4500848048411366,1.435071607600309,0.01
0.8383838383838385,0.1020408163265306,0.0319351396401107,-0.11300813499510735,0.5059453372197124,4.03926056550012,0.01
0.8383838383838385,0.12244897959183673,0.04310171681900115,-0.09758357947510153,0.5728859595376933,2.5209204216620056,0.01
0.8383838383838385,0.14285714285714285,0.0553182400294043,0.1883898274521971,0.7700512672206147,16.801279731264298,0.01
0.8383838383838385,0.16326530612244897,0.0745323807871895,-0.09273242197490285,0.9483582327456259,0.6728028901867976,0.01
0.8383838383838385,0.18367346938775508,0.09402673932514413,0.10663123329970921,1.1037250350487948,14.55314373552376,0.01
0.8383838383838385,0.2040816326530612,0.11958238221775255,0.04418785699606192,1.2882952040670708,3.534732828267285,0.01
0.8383838383838385,0.22448979591836732,0.14661021704216742,0.26639150768272996,1.520642726952164,19.235324414471872,0.01
0.8383838383838385,0.24489795918367346,0.18164943229743272,0.03113752893214183,1.731128740457383,1.392304909039572,0.01
0.8383838383838385,0.26530612244897955,0.21726853297920345,0.253779818828913,1.8908102859116829,14.256486545481835,0.01
0.8383838383838385,0.2857142857142857,0.25882536233464426,0.09399020362926568,2.0619004550545377,2.5103500305179214,0.01
0.8383838383838385,0.3061224489795918,0.30142773522632743,0.40787480302321977,2.2274280630391843,13.711355551977455,0.01
0.8383838383838385,0.32653061224489793,0.34974079347910075,-0.15213596713088334,2.312744370606958,-5.350357410335639,0.01
0.8383838383838385,0.3469387755102041,0.3958254646388563,-0.18708292407965646,2.231641935450158,-2.597681235030767,0.01
0.8383838383838385,0.36734693877551017,0.4408282194158419,-0.014569710557804314,2.1175252465296555,-8.58575427917849,0.01
0.8383838383838385,0.3877551020408163,0.4822550665380259,-0.0613573035948936,2.000054259230175,-2.926402476170553,0.01
0.8383838383838385,0.4081632653061224,0.5224630871395225,-0.19507469801510888,1.8389773604591504,-12.859133603389884,0.01
0.8383838383838385,0.42857142857142855,0.55731536696493,-0.22214797010120443,1.445189277423887,-25.732098534065937,0.01
0.8383838383838385,0.44897959183673464,0.5814504045853954,-0.1641275385745886,1.029699330225991,-14.985916291327886,0.01
0.8383838383838385,0.4693877551020408,0.5993439110557868,-0.034678248818364676,0.7008602296746217,-17.240315562706307,0.01
0.8383838383838385,0.4897959183673469,0.6100569445721147,-0.17318718936610886,0.2848791406100005,-23.525831165626567,0.01
0.8383838383838385,0.5102040816326531,0.6109716310806848,-0.3671611830204868,-0.24233774001552597,-28.141423135675037,0.01
0.8383838383838385,0.5306122448979591,0.6001656082449504,-0.33069597925096844,-0.6995878562501662,-16.66908825531971,0.01
0.8383838383838385,0.5510204081632653,0.582417024703127,-0.1435965098122487,-1.1094891531970987,-23.501238845479694,0.01
0.8383838383838385,0.5714285714285714,0.5548803366858851,-0.10003197497169102,-1.4761621156691704,-12.432711476783318,0.01
0.8383838383838385,0.5918367346938775,0.5221655097778547,-0.16164529907825698,-1.7610023607435268,-15.481632540503485,0.01
0.8383838383838385,0.6122448979591836,0.4830026893085983,-0.08144176483396193,-2.0691758163552865,-14.71936610944884,0.01
0.8383838383838385,0.6326530612244897,0.4377093540082512,0.1635052030613852,-2.1654269185751116,5.286758091905996,0.01
0.8383838383838385,0.6530612244897959,0.39461791712185906,0.0770057976371662,-2.123141779885437,-1.1428145003179127,0.01
0.8383838383838385,0.673469387755102,0.3510505058496619,-0.2952417750696135,-2.22951859720069,-9.282113596576854,0.01
0.8383838383838385,0.6938775510204082,0.30361715805244316,-0.019511304938537644,-2.2826661092619234,4.073657414575951,0.01
0.8383838383838385,0.7142857142857142,0.25788046057366504,0.17445752608541862,-2.105661324112616,13.27281153005621,0.01
0.8383838383838385,0.7346938775510203,0.2176717978845813,0.18460963186448903,-1.8625297608637028,10.554081668337192,0.01
0.8383838383838385,0.7551020408163265,0.181858837681269,0.21837958965977972,-1.7179828016538177,3.611520334231489,0.01
0.8383838383838385,0.7755102040816326,0.14755005087830303,0.20796935701703514,-1.5265544319499336,15.148459896749157,0.01
0.8383838383838385,0.7959183673469387,0.11955049352004724,0.28224621809383105,-1.346787279397407,2.468721053398464,0.01
0.8383838383838385,0.8163265306122448,0.09257914151514357,0.08646625347497833,-1.1526118278784299,16.56047319546128,0.01
0.8383838383838385,0.836734693877551,0.0725051127903154,0.15370564181663246,-0.8615885991606986,11.95980321887639,0.01
0.8383838383838385,0.8571428571428571,0.05741225991674771,-0.2278513037026277,-0.6960321153026569,4.264732199211707,0.01
0.8383838383838385,0.8775510204081632,0.04409563869632942,0.11416813137361816,-0.6459995400491908,0.6384601756279509,0.01
0.8383838383838385,0.8979591836734693,0.03104493175147462,0.1529446716711129,-0.5499596493348213,8.773449114380252,0.01
0.8383838383838385,0.9183673469387754,0.021648306070418344,0.18476486230880074,-0.41208984417624134,4.737791791160583,0.01
0.8383838383838385,0.9387755102040816,0.014224938111628034,0.1875449204748025,-0.3422438731109388,2.1071133732390654,0.01
0.8383838383838385,0.9591836734693877,0.007679168392420844,0.206894810453432,-0.25685316632174987,6.261175892101441,0.01
0.8383838383838385,0.9795918367346939,0.0037411354046178354,0.143818328091697,-0.21963874183071724,-2.6141622919802394,0.01
0.8383838383838385,1.0,-0.0012856782129145525,0.1986328960454122,-0.24631386725908702,0.0,0.01
0.8484848484848485,0.0,-0.0005113835905465274,-0.09244216573991823,0.2710229377736946,0.0,0.01
0.8484848484848485,0.02040816326530612,0.0050196967721819336,-0.1053354099709208,0.24365254733194486,-2.682298263291476,0.01
0.8484848484848485,0.04081632653061224,0.009433618341369588,0.25698799353558033,0.2258546096623967,0.9381003716757571,0.01
0.8484848484848485,0.061224489795918366,0.014238252268606288,0.17024226793181169,0.33370649040975775,9.631383941565625,0.01
0.8484848484848485,0.08163265306122448,0.023054291419318883,0.058747992006542675,0.4056070809313518,-2.5851260704494066,0.01
0.8484848484848485,0.1020408163265306,0.03079364332702881,0.03820240270286409,0.46701245060393287,8.602852298362354,0.01
0.8484848484848485,0.12244897959183673,0.04211602409703043,-0.038574738090348885,0.6474743441837434,9.082413272459078,0.01
0.8484848484848485,0.14285714285714285,0.057221167579426496,0.11343182200931717,0.7712518061979367,3.04777800493186,0.01
0.8484848484848485,0.16326530612244897,0.07359568965612988,0.10788534200840742,0.9281250453038485,12.325799427447514,0.01
0.8484848484848485,0.18367346938775508,0.09510382248978766,0.016827969964213,1.1376093465113064,8.203662090883347,0.01
0.8484848484848485,0.2040816326530612,0.12002872420761176,0.22930586715145929,1.3278318376265053,10.438142038406147,0.01
0.8484848484848485,0.22448979591836732,0.149301040352094,0.21736857227750467,1.5174131003100828,8.140821704584473,0.01
0.8484848484848485,0.24489795918367346,0.18196395279169678,0.12166692097815197,1.7280076659430545,12.497445727446744,0.01
0.8484848484848485,0.26530612244897955,0.21983196549262682,-0.002782728661566924,1.906364735710466,4.981547109759602,0.01
0.8484848484848485,0.2857142857142857,0.25977475833089947,-0.019457237449935882,2.100035072355149,13.998145881419308,0.01
0.8484848484848485,0.3061224489795918,0.3055476827316125,-0.08506239550256249,2.16651805108339,-7.482813966051697,0.01
0.8484848484848485,0.32653061224489793,0.34820406653838476,0.17212975245808307,2.165507357334024,7.383765978613832,0.01
0.8484848484848485,0.3469387755102041,0.3939357381330012,0.26622987941762893,2.265686110056627,2.4337517882012683,0.01
0.8484848484848485,0.36734693877551017,0.4406810506223287,-0.11890038305248778,2.1486391627102277,-13.904352628148374,0.01
0.8484848484848485,0.3877551020408163,0.48163529579464315,-0.03270066085461393,1.9553838330412463,-5.034669679411822,0.01
0.8484848484848485,0.4081632653061224,0.5204926356444204,-0.11697257282512684,1.7991857308692047,-10.272744333448252,0.01
0.8484848484848485,0.42857142857142855,0.5550714480750188,-0.32240482322052677,1.4528479178914906,-23.668361338367756,0.01
0.8484848484848485,0.44897959183673464,0.5797925506603996,-0.1976583597958584,1.076093352159623,-13.253586103355268,0.01
0.8484848484848485,0.4693877551020408,0.5989936257141871,-0.25475129904334215,0.6986181948827808,-23.73897930977527,0.01
0.8484848484848485,0.4897959183673469,0.6083075790229621,-0.3534473677411814,0.2025980104286673,-24.870998766727855,0.01
0.8484848484848485,0.5102040816326531,0.607262932262296,-0.2879905543437611,-0.28131718801733463,-22.55269068098034,0.01
0.8484848484848485,0.5306122448979591,0.5968252448181729,-0.10381344402293445,-0.644261245203683,-13.015826923281804,0.01
0.8484848484848485,0.5510204081632653,0.5809665549070436,-0.3899980369362294,-1.0524056369865706,-26.982323471441184,0.01
0.8484848484848485,0.5714285714285714,0.5538699126962721,-0.15094001464714613,-1.4806287352350007,-14.983540156904974,0.01
0.8484848484848485,0.5918367346938775,0.5205327289790844,-0.13149270152078119,-1.7564017531841898,-12.042215602115698,0.01
0.8484848484848485,0.6122448979591836,0.48218004521936636,0.038607084299074945,-1.9887092779469913,-10.723921824639113,0.01
0.8484848484848485,0.6326530612244897,0.43936092171594193,-0.025272545267796206,-2.12621514806458,-2.7516534468846956,0.01
0.8484848484848485,0.6530612244897959,0.3953957534616284,0.06274849770592777,-2.2366700724532094,-8.072929143201028,0.01
0.8484848484848485,0.673469387755102,0.3480682656974436,0.218153309662264,-2.2534041427876064,6.432990250430132,0.01
0.8484848484848485,0.6938775510204082,0.3034200741641751,0.05977036332734758,-2.1664273933195166,2.0907311974426768,0.01
0.8484848484848485,0.7142857142857142,0.2596426578068511,0.10043835243940406,-2.0551465468229777,8.814791759218185,0.01
0.8484848484848485,0.7346938775510203,0.21953654164078826,-0.024928931129145373,-1.851660159272068,11.126874220771045,0.01
0.8484848484848485,0.7551020408163265,0.18406469212227689,-0.06991865026025795,-1.7122018595706119,2.540039149971664,0.01
0.8484848484848485,0.7755102040816326,0.14965075145423268,-0.005551940641000785,-1.5107490542061532,17.202335775745286,0.01
0.8484848484848485,0.7959183673469387,0.12240146541998492,-0.09323631422311136,-1.3768562292638755,-4.080838931402034,0.01
0.8484848484848485,0.8163265306122448,0.09345253801489083,0.32997855000348386,-1.1844223745328881,22.93935669503883,0.01
0.8484848484848485,0.836734693877551,0.07405769503088745,0.08971053248132208,-0.9393742572501061,1.0753587986738076,0.01
0.8484848484848485,0.8571428571428571,0.05511073159651915,0.2578685943095306,-0.705816650715322,21.813286641735047,0.01
0.8484848484848485,0.8775510204081632,0.04524885214454778,-0.2531041003743458,-0.5517621522041742,-6.715945787642563,0.01
0.8484848484848485,0.8979591836734693,0.032589827424920205,-0.03363566420908726,-0.5324887411740944,8.604740068590397,0.01
0.8484848484848485,0.9183673469387754,0.02351461781091128,-0.1007607488548752,-0.40352715634098485,4.033495245054342,0.01
0.8484848484848485,0.9387755102040816,0.01611933124773715,-0.14902753084001766,-0.3367672697822169,2.508973637704915,0.01
0.8484848484848485,0.9591836734693877,0.009769014962657531,-0.1517595734052428,-0.26767439372969015,4.262128215442699,0.01
0.8484848484848485,0.9795918367346939,0.005193845789382452,-0.2890809056815787,-0.22168335701249992,0.24499338284194272,0.01
0.8484848484848485,1.0,0.0007207146764330458,0.04450254336221749,-0.21918342453452092,0.0,0.01
0.8585858585858587,0.0,-0.0014451428404446914,0.05399897698154126,0.2646414330532994,0.0,0.01
0.8585858585858587,0.02040816326530612,0.003955702732071622,0.13303569014010255,0.33012768775870965,6.417652961130208,0.01
0.8585858585858587,0.04081632653061224,0.012029456659910804,-0.19018663499701288,0.29405312591105276,-9.952960022200587,0.01
0.8585858585858587,0.061224489795918366,0.015957871136604386,-0.018195172493368758,0.2846470960919656,9.031169099930047,0.01
0.8585858585858587,0.08163265306122448,0.02364770547999103,-0.08952478982655918,0.3729305486272183,-0.37939075147527895,0.01
0.8585858585858587,0.1020408163265306,0.031179526182613295,0.16275283261934553,0.4429275325496516,7.239095175873746,0.01
0.8585858585858587,0.12244897959183673,0.041726380277935994,0.31338347672686506,0.6660917257292798,14.630995755729813,0.01
0.8585858585858587,0.14285714285714285,0.05836694355931859,0.06775756220922327,0.8074969775355076,-0.7732810787194796,0.01
0.8585858585858587,0.16326530612244897,0.07468544058550773,0.06846148379553729,0.9042180314138986,10.25194435880179,0.01
0.8585858585858587,0.18367346938775508,0.09527380198437567,0.20515641746617624,1.1676578603093344,15.565158872950915,0.01
0.8585858585858587,0.2040816326530612,0.12234494508792954,-0.06338042791597058,1.3774605725424207,4.995506925891566,0.01
0.8585858585858587,0.22448979591836732,0.1514966824963112,-0.08680775475886464,1.4907751792873958,6.109324535115979,0.01
0.8585858585858587,0.24489795918367346,0.1831929115894559,0.20202726526542927,1.6735257783369206,11.800234171737458,0.01
0.8585858585858587,0.26530612244897955,0.21980385712230796,0.1803015455538355,1.8714400702408889,7.595366434851433,0.01
0.8585858585858587,0.2857142857142857,0.2595782205788799,0.2834224926868022,2.079672932581367,12.811454074515444,0.01
0.8585858585858587,0.3061224489795918,0.304688466615425,0.003947289965056444,2.2139309930303237,0.3458358494823113,0.01
0.8585858585858587,0.32653061224489793,0.3499427509066482,0.010816992855239236,2.252443324359728,3.4283726207992804,0.01
0.8585858585858587,0.3469387755102041,0.39662492883418937,-0.3848778432753575,2.193663500763607,-9.188795333219137,0.01
0.8585858585858587,0.36734693877551017,0.43948003665210156,-0.09495829454573478,2.074661402743865,-2.473410272715589,0.01
0.8585858585858587,0.3877551020408163,0.481304986089041,-0.1334910614900396,1.9558609173904418,-9.169037291919869,0.01
0.8585858585858587,0.4081632653061224,0.5193110945047726,-0.08854591707229663,1.7274912664453173,-13.21118850070233,0.01
0.8585858585858587,0.42857142857142855,0.5518148336990539,-0.21102278427838236,1.4328802231361075,-15.66069374360024,0.01
0.8585858585858587,0.44897959183673464,0.5777960015715525,-0.21163900381740916,1.0928358909711484,-17.663650808565745,0.01
0.8585858585858587,0.4693877551020408,0.5964203802693049,-0.3212901851627207,0.6600643494821705,-24.747960257354098,0.01
0.8585858585858587,0.4897959183673469,0.604737403591233,-0.18334710926425032,0.19437213411694745,-20.88987684843777,0.01
0.8585858585858587,0.5102040816326531,0.6043539367638742,0.004007253975783276,-0.2195390957840311,-19.673423681858132,0.01
0.8585858585858587,0.5306122448979591,0.5957766241714766,-0.15807593829229527,-0.6695055211987888,-24.42328600878813,0.01
0.8585858585858587,0.5510204081632653,0.5770271807965767,-0.10163398810863965,-1.0640682731511482,-14.243863682543095,0.01
0.8585858585858587,0.5714285714285714,0.5523452660836746,-0.1347852969401382,-1.4166551926321878,-20.309654426598783,0.01
0.8585858585858587,0.5918367346938775,0.5192045198728139,-0.2054636240693077,-1.7094936327379027,-8.388512703761297,0.01
0.8585858585858587,0.6122448979591836,0.48257001576784186,-0.34909487410997436,-1.9624224716015555,-16.398513504876547,0.01
0.8585858585858587,0.6326530612244897,0.4391056434809137,0.013329369172769443,-2.1202407578780353,0.9323214497816579,0.01
0.8585858585858587,0.6530612244897959,0.3960295766707792,-0.20078112948915058,-2.1764283204755683,-6.438702584339895,0.01
0.8585858585858587,0.673469387755102,0.3502718344819109,-0.13344217409932346,-2.2541411558408915,-1.1771552814617663,0.01
0.8585858585858587,0.6938775510204082,0.3040238152078857,0.2818584019268507,-2.1955588726322444,6.918219035909162,0.01
0.8585858585858587,0.7142857142857142,0.2606571866193703,0.07786656498723982,-2.0761074833298876,4.788017115721806,0.01
0.8585858585858587,0.7346938775510203,0.21928473425564537,0.13923271443587842,-1.8938192154957219,13.07623313202646,0.01
0.8585858585858587,0.7551020408163265,0.18335844312974903,0.1323520796605545,-1.7074065437427377,5.1922086997659855,0.01
0.8585858585858587,0.7755102040816326,0.14959467124573772,0.15201293465740823,-1.5165195872070614,13.514713040730296,0.01
0.8585858585858587,0.7959183673469387,0.12145968446823632,-0.0857597095681693,-1.2938209058215535,8.309757735049446,0.01
0.8585858585858587,0.8163265306122448,0.09678565468159268,-0.20530600806135182,-1.1391476498434072,6.848221350808869,0.01
0.8585858585858587,0.836734693877551,0.07496386202564828,0.0481789147019888,-0.9572196503258825,10.980722601908566,0.01
0.8585858585858587,0.8571428571428571,0.057715464872372994,0.17732160523972884,-0.7906546154119266,5.342650819659107,0.01
0.8585858585858587,0.8775510204081632,0.04269224507005944,0.21962835139927878,-0.6239020949688827,10.999096183759189,0.01
0.8585858585858587,0.8979591836734693,0.03225007324099003,0.0834012575113955,-0.49478760872735666,1.6541234679103602,0.01
0.8585858585858587,0.9183673469387754,0.022496832468942844,0.14401714958340786,-0.4320837293961141,4.490856706551412,0.01
0.8585858585858587,0.9387755102040816,0.014614002653393538,0.04387649082628605,-0.34938819100932805,3.6133060553536174,0.01
0.8585858585858587,0.9591836734693877,0.00823608997876619,0.2106960932626906,-0.3023340673015916,0.99799806800455,0.01
0.8585858585858587,0.9795918367346939,0.0022738366410836766,0.27585313979336007,-0.17311343922661326,11.665623483343332,0.01
0.8585858585858587,1.0,0.0011702353164554447,-0.1900962217646334,-0.05407646490678337,0.0,0.01
0.8686868686868687,0.0,-0.0008996986285099312,0.045099019829482744,0.3037606143135974,0.0,0.01
0.8686868686868687,0.02040816326530612,0.005299497581971648,0.1141101631430753,0.2696979150973503,-3.3381445231922178,0.01
0.8686868686868687,0.04081632653061224,0.010108379538728856,-0.05523600537363364,0.2566273063704462,2.057224867955615,0.01
0.8686868686868687,0.061224489795918366,0.015774081515459247,0.08116170136808812,0.30955836080586574,3.130018466715502,0.01
0.8686868686868687,0.08163265306122448,0.02274341467366215,0.1739996990399547,0.4177106104985466,7.468902003167223,0.01
0.8686868686868687,0.1020408163265306,0.03282349418886931,0.17119445822839047,0.5426371540704485,4.77389926687917,0.01
0.8686868686868687,0.12244897959183673,0.04489186994184372,-0.05558387102320807,0.6425827951732394,5.020773561194334,0.01
0.8686868686868687,0.14285714285714285,0.059051363379613774,0.05959796264661938,0.7468849691838154,5.200839491842117,0.01
0.8686868686868687,0.16326530612244897,0.07537697072485659,0.14214854463941656,0.9382207784219324,13.55006981349335,0.01
0.8686868686868687,0.18367346938775508,0.09734608902948856,0.07506396498411429,1.1350303165019409,5.737264918347491,0.01
0.8686868686868687,0.2040816326530612,0.12170473874534397,-0.03776628487354791,1.305206812749355,10.940031713899101,0.01
0.8686868686868687,0.22448979591836732,0.1506198364886459,0.0016749058798615488,1.5564568811353179,13.682474987925257,0.01
0.8686868686868687,0.24489795918367346,0.18523359103658144,-0.08286134075002051,1.7396285849799626,4.268351988849917,0.01
0.8686868686868687,0.26530612244897955,0.221625084855175,-0.13699401290057975,1.8915833335926426,10.623213375192742,0.01
0.8686868686868687,0.2857142857142857,0.26244107404036277,-0.01849302182539564,2.036029707713437,3.532531288645093,0.01
0.8686868686868687,0.3061224489795918,0.30472833823123363,-0.14370229103129484,2.1464680157992806,7.29042290376757,0.01
0.8686868686868687,0.32653061224489793,0.35005201346074155,-0.26294558658003603,2.1562189226992214,-6.3348340275733666,0.01
0.8686868686868687,0.3469387755102041,0.39273727385161,0.17678772881095975,2.167486788224982,7.43908484909791,0.01
0.8686868686868687,0.36734693877551017,0.4385208619597204,-0.021253572698869568,2.1368732830846757,-10.439208352847915,0.01
0.8686868686868687,0.3877551020408163,0.47995659152853554,-0.14455295858696565,1.9574478188863935,-7.144487138583742,0.01
0.8686868686868687,0.4081632653061224,0.5184166913020222,-0.051838655245385216,1.70830412292699,-17.27159506543781,0.01
0.8686868686868687,0.42857142857142855,0.5496832904235147,-0.04531290184715663,1.4024177925779735,-12.705265308765808,0.01
0.8686868686868687,0.44897959183673464,0.5756582338562252,-0.18021473858220313,1.0655474937826002,-20.30802397318079,0.01
0.8686868686868687,0.4693877551020408,0.5931750248636208,-0.35582555046275827,0.6670658789422956,-18.743174281169047,0.01
0.8686868686868687,0.4897959183673469,0.6028854125885638,-0.25889169630286457,0.2748750357219307,-19.691528354426723,0.01
0.8686868686868687,0.5102040816326531,0.6043944140767609,-0.4086043822927066,-0.21328511912935535,-28.14816682099932,0.01
0.8686868686868687,0.5306122448979591,0.5941798975220595,-0.175762791018073,-0.69564906090655,-19.12349947316577,0.01
0.8686868686868687,0.5510204081632653,0.5760005748560854,-0.1508548467293579,-1.0583044275639981,-16.416726459264158,0.01
0.8686868686868687,0.5714285714285714,0.5509837984378146,0.0036134885425664893,-1.442350405571949,-21.219779385515025,0.01
0.8686868686868687,0.5918367346938775,0.5171291297306997,0.06503087624024073,-1.762529841229428,-10.15780530891791,0.01
0.8686868686868687,0.6122448979591836,0.47904380491824616,-0.11068419797010119,-1.9082767308497284,-4.125389873871539,0.01
0.8686868686868687,0.6326530612244897,0.4392402835735679,0.054251415314191025,-2.0835368513809627,-13.050101938189437,0.01
0.8686868686868687,0.6530612244897959,0.3940014844537171,0.002203305357270313,-2.2127505710833084,0.3871574073595514,0.01
0.8686868686868687,0.673469387755102,0.3489239337334329,0.03717081859534521,-2.134700059682386,7.2617927099308535,0.01
0.8686868686868687,0.6938775510204082,0.30687086977280337,-0.2347994995688534,-2.14326529578759,-8.101185848240839,0.01
0.8686868686868687,0.7142857142857142,0.2614437175788374,0.10309065976187352,-2.1114037393251284,11.22361838156208,0.01
0.8686868686868687,0.7346938775510203,0.22069112531055324,0.11916606180833479,-1.8803354265109116,11.421076274231167,0.01
0.8686868686868687,0.7551020408163265,0.18469533282328998,0.10853633187688262,-1.704243761970743,5.835906850705364,0.01
0.8686868686868687,0.7755102040816326,0.1511301554341964,0.03705267286770483,-1.5704967471677052,7.271300599992373,0.01
0.8686868686868687,0.7959183673469387,0.12059342477562855,0.26342269991277795,-1.3822483209388223,11.177045170438172,0.01
0.8686868686868687,0.8163265306122448,0.09471185662036691,0.1717097017441128,-1.1060012226250346,15.895170464313033,0.01
0.8686868686868687,0.836734693877551,0.07545051772970877,0.1633427999391342,-0.8625289783473322,7.965109474901794,0.01
0.8686868686868687,0.8571428571428571,0.05950659219802682,0.002957519928179122,-0.7482252093605771,3.236659885800173,0.01
0.8686868686868687,0.8775510204081632,0.04491071326601175,-0.05480955397116961,-0.6471450093056924,6.6691997195785095,0.01
0.8686868686868687,0.8979591836734693,0.03309251018554958,-0.0063960463128158165,-0.5134994718030015,6.4280629556852045,0.01
0.8686868686868687,0.9183673469387754,0.02395155115160353,-0.10410492764211074,-0.44186511105050985,0.5921043980589746,0.01
0.8686868686868687,0.9387755102040816,0.01505719953042673,0.21820798624274265,-0.33288683626041465,10.08776653137036,0.01
0.8686868686868687,0.9591836734693877,0.010364333345055994,-0.03179620399509958,-0.24492570467842684,-1.4675756363355563,0.01
0.8686868686868687,0.9795918367346939,0.005060231992531758,0.026726975731498508,-0.2722994161778197,-1.2150480906049514,0.01
0.8686868686868687,1.0,-0.0007499285397529735,-0.06432879959185846,-0.2846978660819519,0.0,0.01
0.8787878787878789,0.0,-0.00044415297366667106,0.0707535057901925,0.33791764484254727,0.0,0.01
0.8787878787878789,0.02040816326530612,0.006452125492507762,-0.057381291178231195,0.24486753007233664,-9.118911247480643,0.01
0.8787878787878789,0.04081632653061224,0.009550440090510334,0.08955428101923563,0.24847339411299985,9.47228592346564,0.01
0.8787878787878789,0.061224489795918366,0.01659389668079347,0.24076461582745626,0.3662884088678144,2.0735855225061854,0.01
0.8787878787878789,0.08163265306122448,0.02450098739123745,-0.17494866993726768,0.43999144426700526,5.149311946614521,0.01
0.8787878787878789,0.1020408163265306,0.034552731140671235,0.15274606765116275,0.48582101804471634,-0.6580137163988349,0.01
0.8787878787878789,0.12244897959183673,0.044330416699185055,0.243253951259939,0.6149654806100738,13.31417104780387,0.01
0.8787878787878789,0.14285714285714285,0.0596533630023069,0.025230185692426976,0.7958187488174953,4.409449236523433,0.01
0.8787878787878789,0.16326530612244897,0.07681281461010322,0.0822611002522169,0.9420482234448477,9.921039276957117,0.01
0.8787878787878789,0.18367346938775508,0.09810431089801497,0.1363446298198248,1.0905059395012577,4.6278168965710655,0.01
0.8787878787878789,0.2040816326530612,0.12132326112035864,0.20178831310747472,1.2870448738801208,14.632998672557518,0.01
0.8787878787878789,0.22448979591836732,0.15063675472985663,0.27334033081587134,1.5452969935699283,10.675709057043612,0.01
0.8787878787878789,0.24489795918367346,0.18439660779668224,0.14045610477818107,1.7053115293221766,5.005715446676727,0.01
0.8787878787878789,0.26530612244897955,0.22024130694708832,0.23880495166394952,1.9075128670638883,14.810015652011025,0.01
0.8787878787878789,0.2857142857142857,0.26225427584010624,0.09320081217117886,2.034369578277048,-2.3780579531213837,0.01
0.8787878787878789,0.3061224489795918,0.30327679993798823,0.1931374143216034,2.0859721790670713,7.435112830543694,0.01
0.8787878787878789,0.32653061224489793,0.3473959974346806,0.07255891631365258,2.23553210942786,7.221760344813592,0.01
0.8787878787878789,0.3469387755102041,0.39452300848606414,-0.02703692407635899,2.2272994583268866,-8.028560152708975,0.01
0.8787878787878789,0.36734693877551017,0.43830617940720656,-0.002937082585670658,2.0573495776175124,-8.626528156809718,0.01
0.8787878787878789,0.3877551020408163,0.4784964606337177,0.0026225874925214217,1.9498787833067004,-1.905609685649869,0.01
0.8787878787878789,0.4081632653061224,0.5178930685217658,-0.22532532013353698,1.7328635309080538,-19.361885049417488,0.01
0.8787878787878789,0.42857142857142855,0.5492255843442505,-0.2717242243385475,1.3706479537723972,-16.135241509876856,0.01
0.8787878787878789,0.44897959183673464,0.5738378829614554,-0.20779681583594997,0.9887034544787391,-21.295319420901663,0.01
0.8787878787878789,0.4693877551020408,0.589580827384199,-0.04838468442866616,0.6475953186982936,-12.133277885581995,0.01
0.8787878787878789,0.4897959183673469,0.6002703449491409,0.047822946898937395,0.2618136076428021,-25.673329797856177,0.01
0.8787878787878789,0.5102040816326531,0.6002670970839052,-0.23218522719356324,-0.19271281428614936,-18.87025955118107,0.01
0.8787878787878789,0.5306122448979591,0.5924045157946042,-0.25886416659348643,-0.6318625596812768,-24.16641549754143,0.01
0.8787878787878789,0.5510204081632653,0.5744767885254858,-0.287713991814865,-1.0139133280767691,-13.27455980521683,0.01
0.8787878787878789,0.5714285714285714,0.551020298322083,-0.2999847789235467,-1.3889241407966442,-23.47649984133093,0.01
0.8787878787878789,0.5918367346938775,0.5177860072684799,-0.4654907986744005,-1.7908156323360982,-15.908866329535556,0.01
0.8787878787878789,0.6122448979591836,0.47792578271652797,0.05142077236301867,-1.9109443752203163,4.1362495268823,0.01
0.8787878787878789,0.6326530612244897,0.43978827766765066,-0.2824878202860743,-2.0556000450019667,-18.312505165483906,0.01
0.8787878787878789,0.6530612244897959,0.3940237400633865,-0.0688676711717433,-2.216977587443023,2.497506006260405,0.01
0.8787878787878789,0.673469387755102,0.3492993965475273,0.269338978889164,-2.1933522689822853,-0.18222479710812592,0.01
0.8787878787878789,0.6938775510204082,0.30449915765594626,0.1217420545544967,-2.126951799741328,6.689470782721957,0.01
0.8787878787878789,0.7142857142857142,0.26248503737441187,0.04485218057757306,-2.0238062014085516,3.418797853890206,0.01
0.8787878787878789,0.7346938775510203,0.22189482290457682,0.04737959105679084,-1.8789877601794194,10.773409386564735,0.01
0.8787878787878789,0.7551020408163265,0.18579165940790496,-0.0038487976826860333,-1.724564752163121,4.360045399032442,0.01
0.8787878787878789,0.7755102040816326,0.1515044248571025,0.01635367061445059,-1.5321662823507411,14.495004642580824,0.01
0.8787878787878789,0.7959183673469387,0.12325426012828287,0.05566054318333049,-1.3489241067219335,3.462728569042356,0.01
0.8787878787878789,0.8163265306122448,0.09644629805212562,0.2830610150310572,-1.13076847059831,17.916523771072743,0.01
0.8787878787878789,0.836734693877551,0.07710044500182124,0.09518692035240416,-0.9042908819280431,4.278279918613447,0.01
0.8787878787878789,0.8571428571428571,0.0595364661366953,0.11042168985830436,-0.8022124080555513,5.725410520890781,0.01
0.8787878787878789,0.8775510204081632,0.04435708140771711,0.032054144829178885,-0.649459780749171,9.244346955134509,0.01
0.8787878787878789,0.8979591836734693,0.0330279036571373,0.16434030491467266,-0.525698831953891,2.884226026802935,0.01
0.8787878787878789,0.9183673469387754,0.022899986225925643,0.09832466788801915,-0.38628128481201307,10.7786935931011,0.01
0.8787878787878789,0.9387755102040816,0.017261320603585747,-0.17241055802669988,-0.31499225313564927,-3.7923684888174454,0.01
0.8787878787878789,0.9591836734693877,0.010043159567327715,-0.032976933690946404,-0.29231241940090646,6.014992194822238,0.01
0.8787878787878789,0.9795918367346939,0.0053302014443650765,-0.1302561464592474,-0.28035041205782574,-4.842715475200328,0.01
0.8787878787878789,1.0,-0.0013997143942161903,0.03342688693449768,-0.3297658760904821,0.0,0.01
0.888888888888889,0.0,0.0002705289030019401,0.026430245396345194,0.2744973917975699,0.0,0.01
0.888888888888889,0.02040816326530612,0.005872516490707447,-0.14440032027676117,0.24952024717447358,-2.4477601730634375,0.01
0.888888888888889,0.04081632653061224,0.01045502878767433,0.11893848023046721,0.3222569771598619,9.575959711631498,0.01
0.888888888888889,0.061224489795918366,0.019025862497232423,-0.2989239624149006,0.3008306078735282,-11.675743901692202,0.01
0.888888888888889,0.08163265306122448,0.022733829109042827,0.1589074601850025,0.4182090762839831,23.178833805916785,0.01
0.888888888888889,0.1020408163265306,0.0360956207129052,-0.16363955574197134,0.5893156061187725,-6.410393882107418,0.01
0.888888888888889,0.12244897959183673,0.04678752731797232,-0.12821085887700542,0.583408519923316,5.831499434952673,0.01
0.888888888888889,0.14285714285714285,0.059908213362836464,0.14425593313207996,0.7559770836691195,11.080219812136082,0.01
0.888888888888889,0.16326530612244897,0.07764373481467107,0.15683968889362915,0.9695462424460725,9.849557748005308,0.01
0.888888888888889,0.18367346938775508,0.0994815293810435,0.06486883995980416,1.1200859063189732,4.903329311538954,0.01
0.888888888888889,0.2040816326530612,0.12336152690932303,0.09953091050988729,1.3209478503892436,14.781141207347545,0.01
0.888888888888889,0.22448979591836732,0.1533977681724412,0.1751551924062498,1.5301188208015677,5.717613893060231,0.01
0.888888888888889,0.24489795918367346,0.18581535632979518,0.12062939459198192,1.69676489508761,10.613701386971924,0.01
0.888888888888889,0.26530612244897955,0.2226534781760171,0.13773796733698568,1.8958183754591251,8.893539689436553,0.01
0.888888888888889,0.2857142857142857,0.26319569818526967,0.003531976617862031,2.0230680160054573,3.576925084103989,0.01
0.888888888888889,0.3061224489795918,0.3052276829109337,0.05112571349174488,2.08086383110233,2.0870647953895594,0.01
0.888888888888889,0.32653061224489793,0.34812891578128313,0.03115377594661511,2.1810445206324047,7.730642778557755,0.01
0.888888888888889,0.3469387755102041,0.3942499082428686,-0.03860846960405617,2.208616105063923,-5.028627504268969,0.01
0.888888888888889,0.36734693877551017,0.4382765119063412,-0.13318461116986463,2.0646895577532454,-9.07617413217743,0.01
0.888888888888889,0.3877551020408163,0.47852295141647044,-0.21758262036570794,1.8948433103781879,-7.568758110578209,0.01
0.888888888888889,0.4081632653061224,0.5156170551870836,-0.22110290255691642,1.664969622929658,-14.958863259377727,0.01
0.888888888888889,0.42857142857142855,0.5464808952095177,-0.1090017565918766,1.3749858159470527,-13.459549824917595,0.01
0.888888888888889,0.44897959183673464,0.5717389252257388,0.045277107079613625,1.0439743507190633,-18.97957376742538,0.01
0.888888888888889,0.4693877551020408,0.5890920931980509,-0.13798214548467058,0.7108547549306647,-13.666146619837676,0.01
0.888888888888889,0.4897959183673469,0.6007534050188271,-0.3715024570733005,0.2163276147363377,-34.797513119206386,0.01
0.888888888888889,0.5102040816326531,0.5979217917587177,-0.15628575348017393,-0.26861013025144614,-12.726385889596438,0.01
0.888888888888889,0.5306122448979591,0.5897897262330538,-0.1814352715836551,-0.6456045266835182,-24.219064960746625,0.01
0.888888888888889,0.5510204081632653,0.5715705865879619,-0.12664045739395102,-1.0240896412291578,-12.87247626472607,0.01
0.888888888888889,0.5714285714285714,0.547990149040027,-0.40689201192181385,-1.4329194111810748,-27.192841190561793,0.01
0.888888888888889,0.5918367346938775,0.5130840800091425,-0.0067675629879352375,-1.703851632270231,0.6414835238244857,0.01
0.888888888888889,0.6122448979591836,0.47844518445756856,-0.2009487160242218,-1.8656557593565386,-16.498287978282644,0.01
0.888888888888889,0.6326530612244897,0.4369348653415287,0.03289364404787859,-2.085368397189862,-5.033550529383087,0.01
0.888888888888889,0.6530612244897959,0.39332810702124765,0.08897070195895927,-2.0804143896673324,5.5190432665910105,0.01
0.888888888888889,0.673469387755102,0.3520199922938825,-0.3038227235420004,-2.1461811752419533,-11.964188252903833,0.01
0.888888888888889,0.6938775510204082,0.30572887537871896,0.07170308096521505,-2.1825066134649034,8.40429530705471,0.01
0.888888888888889,0.7142857142857142,0.26293808970347826,0.06245497759473683,-2.042209033284246,5.344867550649624,0.01
0.888888888888889,0.7346938775510203,0.2223734046324232,0.2661787765729797,-1.89104002247615,9.469695508543797,0.01
0.888888888888889,0.7551020408163265,0.1857527826636354,-0.0018159555896003485,-1.7322428839897608,6.092424063122433,0.01
0.888888888888889,0.7755102040816326,0.15166961344916766,0.3639304980817057,-1.517439223247535,14.958334689615663,0.01
0.888888888888889,0.7959183673469387,0.1238164878372054,0.07401197284991817,-1.2829207740127733,8.02447333539092,0.01
0.888888888888889,0.8163265306122448,0.0993055002241565,0.054354997693391464,-1.120986690389802,7.84506685966024,0.01
0.888888888888889,0.836734693877551,0.07806192904578492,0.08421373902509165,-0.9470147553293808,9.204182776261014,0.01
0.888888888888889,0.8571428571428571,0.060651836741324634,0.13778741570955433,-0.8178361757355413,3.4553180239352255,0.01
0.888888888888889,0.8775510204081632,0.044680860648415886,0.1828256691012578,-0.6361162851039082,14.353231257964822,0.01
0.888888888888889,0.8979591836734693,0.03468790673708349,-0.03464979510077247,-0.5092985509948851,-1.9250933152805667,0.01
0.888888888888889,0.9183673469387754,0.02389316468944099,0.097437184245377,-0.4696186195803326,5.81372659390671,0.01
0.888888888888889,0.9387755102040816,0.015519799815437264,0.170963447509263,-0.3474860838294337,6.155261909681391,0.01
0.888888888888889,0.9591836734693877,0.009710059227015125,0.14197794009459264,-0.2818802670433046,0.27410813535926054,0.01
0.888888888888889,0.9795918367346939,0.004014482793261567,0.1984100027696833,-0.2639171433171855,1.4862779898004104,0.01
0.888888888888889,1.0,-0.0010620690716455067,0.20825087416051025,-0.24875104138044665,0.0,0.01
0.8989898989898991,0.0,0.0005375010787225987,-0.23814573276173961,0.18994488959572933,0.0,0.01
0.8989898989898991,0.02040816326530612,0.004413927397002789,0.32470594929838403,0.2724136992293826,8.081943344098018,0.01
0.8989898989898991,0.04081632653061224,0.01165642757788107,-0.09052800345593805,0.2840162778428476,-6.944890639978443,0.01
0.8989898989898991,0.061224489795918366,0.016006428533445548,0.18247661228331102,0.31072192109460006,9.562043678650184,0.01
0.8989898989898991,0.08163265306122448,0.0243389549694974,-0.00045815778436728705,0.45168855066263736,4.25268601901747,0.01
0.8989898989898991,0.1020408163265306,0.034442695907430744,0.2088064802637644,0.5182610726135282,2.2714211321698303,0.01
0.8989898989898991,0.12244897959183673,0.045492468137396505,0.14558091280094418,0.6596048782810358,11.580271823245916,0.01
0.8989898989898991,0.14285714285714285,0.06136534400053424,0.09428808848351097,0.8265198959961958,4.777399912839773,0.01
0.8989898989898991,0.16326530612244897,0.0792279740964249,0.010715062782869903,0.9498999416105093,7.313844557362951,0.01
0.8989898989898991,0.18367346938775508,0.10013677018871829,0.03319685681151194,1.1059034308603704,7.974497389123433,0.01
0.8989898989898991,0.2040816326530612,0.12436688964174614,0.13884228607552893,1.3482409376108386,15.774578272422461,0.01
0.8989898989898991,0.22448979591836732,0.1551670125401811,0.08610577441440688,1.5353401628218841,2.5611457982599912,0.01
0.8989898989898991,0.24489795918367346,0.18703383506304752,0.28339927165026957,1.687505076762388,12.351015767909411,0.01
0.8989898989898991,0.26530612244897955,0.2240447707753806,0.11038336459220653,1.8668397215160348,5.223779417947968,0.01
0.8989898989898991,0.2857142857142857,0.2632313747167632,0.1850773630547388,2.0016336703568873,7.986027568455592,0.01
0.8989898989898991,0.3061224489795918,0.3057441042593352,0.14722728009229324,2.0876995289160116,0.4484265703385558,0.01
0.8989898989898991,0.32653061224489793,0.3484436003868045,0.1542642047103373,2.1588375763309187,6.523102076322349,0.01
0.8989898989898991,0.3469387755102041,0.3938599237014135,0.04149867834412684,2.167946504211865,-5.6304271439896185,0.01
0.8989898989898991,0.36734693877551017,0.4369312128036153,-0.06242190346942133,2.0203979749889984,-8.829328719851306,0.01
0.8989898989898991,0.3877551020408163,0.4763251471703522,0.06691673858389757,1.873085753418766,-5.6072689940314575,0.01
0.8989898989898991,0.4081632653061224,0.5133836925349935,-0.028762242912687138,1.6918406447726768,-12.15475165328528,0.01
0.8989898989898991,0.42857142857142855,0.5453798673651553,-0.14908411989370762,1.4409081415641738,-12.436633661148024,0.01
0.8989898989898991,0.44897959183673464,0.5721962697416945,-0.28204164658657627,1.036802436296099,-27.165725455123304,0.01
0.8989898989898991,0.4693877551020408,0.5876983341527512,-0.1786941013394666,0.607712337539287,-14.885104223044284,0.01
0.8989898989898991,0.4897959183673469,0.5970008549473796,-0.3700457378139301,0.21179793396977373,-23.914507326768025,0.01
0.8989898989898991,0.5102040816326531,0.5963431477841705,-0.16153477887737588,-0.2215733015191602,-18.555873751147505,0.01
0.8989898989898991,0.5306122448979591,0.5879570467221078,-0.2945106765778227,-0.638268064520766,-22.28021302300988,0.01
0.8989898989898991,0.5510204081632653,0.570291390048629,-0.2529791176915194,-1.0798844911108234,-20.99819678281575,0.01
0.8989898989898991,0.5714285714285714,0.5438801287175844,0.14309067390105712,-1.403253896908879,-10.692004985393696,0.01
0.8989898989898991,0.5918367346938775,0.5130157207870422,0.023843027869844154,-1.652885867123857,-13.771928095674172,0.01
0.8989898989898991,0.6122448979591836,0.4764153994472229,-0.07906690450665077,-1.855840612160807,-6.11763691794678,0.01
0.8989898989898991,0.6326530612244897,0.43726712437231535,-0.13324862308597335,-2.0136206624364488,-9.344808009066,0.01
0.8989898989898991,0.6530612244897959,0.39422680098042906,-0.18246129961913307,-2.163743187707252,-5.3671994674727195,0.01
0.8989898989898991,0.673469387755102,0.34895107589446833,-0.0016374270969681246,-2.1504544753868697,6.669493274870197,0.01
0.8989898989898991,0.6938775510204082,0.30645314892382214,-0.2770083499270849,-2.0918621318704584,-0.9274436102618834,0.01
0.8989898989898991,0.7142857142857142,0.26356894806302106,-0.08246722426802243,-1.9940812096237388,10.509973990440393,0.01
0.8989898989898991,0.7346938775510203,0.22506207914326137,-0.24850263220511162,-1.9069454554359104,-1.9706700800332682,0.01
0.8989898989898991,0.7551020408163265,0.18573443967788186,0.25890739605773294,-1.708051801394167,21.46224817612406,0.01
0.8989898989898991,0.7755102040816326,0.1553456790863566,-0.08498036116244435,-1.498673725805432,-0.943196768428056,0.01
0.8989898989898991,0.7959183673469387,0.12456408352255811,0.2461569965318139,-1.35953289279574,14.578998403377804,0.01
0.8989898989898991,0.8163265306122448,0.09985454060489783,0.22154166893421556,-1.1184620108818044,9.045948024187844,0.01
0.8989898989898991,0.836734693877551,0.0789125728743212,0.22758697368026234,-0.9263673387496234,9.779329844765906,0.01
0.8989898989898991,0.8571428571428571,0.06204362881919892,-0.2425101186706561,-0.7934322132419447,3.2483124549866247,0.01
0.8989898989898991,0.8775510204081632,0.04652758457873162,-0.018313349524920787,-0.6787901403044435,7.986610692888508,0.01
0.8989898989898991,0.8979591836734693,0.034337908806772656,0.023604201612984325,-0.5304300447218454,6.552678674206098,0.01
0.8989898989898991,0.9183673469387754,0.024877378671717524,0.13864742533534385,-0.41873453428795004,4.393481348315636,0.01
0.8989898989898991,0.9387755102040816,0.01724670332563184,0.02573256921100267,-0.3364633715233146,3.669092602618624,0.01
0.8989898989898991,0.9591836734693877,0.011144179834031213,-0.06439060721456835,-0.27508793771118034,2.345699910970537,0.01
0.8989898989898991,0.9795918367346939,0.006018624235379581,-0.19693633857260548,-0.24751626569481197,0.35632394663356765,0.01
0.8989898989898991,1.0,0.0010414751117939908,-0.07016222600831355,-0.2438803070556939,0.0,0.01
0.9090909090909092,0.0,-0.0018680113734161855,0.26610708299285213,0.4685280453628613,0.0,0.01
0.9090909090909092,0.02040816326530612,0.00769378547072384,-0.1763405965419474,0.3089453595121315,-15.639103213371525,0.01
0.9090909090909092,0.04081632653061224,0.010742003300548362,0.14585910923504108,0.24881810858154166,9.746632622173728,0.01
0.9090909090909092,0.061224489795918366,0.017849626637317376,0.07236115282229523,0.33301193340726154,-1.4956377892531787,0.01
0.9090909090909092,0.08163265306122448,0.024334327113089648,0.2113152904182161,0.45820452809214346,13.764512068371612,0.01
0.9090909090909092,0.1020408163265306,0.036551852273731394,-0.09142757704898156,0.5544020547280749,-4.337154458050327,0.01
0.9090909090909092,0.12244897959183673,0.04696298240811311,0.10557903275889532,0.6312644681940033,11.869670977711312,0.01
0.9090909090909092,0.14285714285714285,0.06231774893471112,0.09215244471283558,0.7931440038200057,3.994523513636923,0.01
0.9090909090909092,0.16326530612244897,0.07933620705382763,0.2905604409282517,0.93478140447956,9.885941750999404,0.01
0.9090909090909092,0.18367346938775508,0.10047209197469316,0.006770669458340899,1.1376116830893617,9.991425552761164,0.01
0.9090909090909092,0.2040816326530612,0.1257693369758424,0.10405410454868262,1.3613345586337773,11.933416250591565,0.01
0.9090909090909092,0.22448979591836732,0.1560367678372963,0.046650219347898945,1.5711143663227036,8.625004902923228,0.01
0.9090909090909092,0.24489795918367346,0.1898964539686058,9.155155547169168e-05,1.6935131672609345,3.3700775890233934,0.01
0.9090909090909092,0.26530612244897955,0.22515975425610996,-0.07360615975049897,1.8425075320151207,11.23137015688685,0.01
0.9090909090909092,0.2857142857142857,0.26510084303044745,-0.057479281406848874,2.0107516090412525,5.256549391674057,0.01
0.9090909090909092,0.3061224489795918,0.3072312485026917,0.10940748341687244,2.0800740503358313,1.5370498551946734,0.01
0.9090909090909092,0.32653061224489793,0.3500018246768079,-0.11156028930401267,2.132672417312433,3.617590108512297,0.01
0.9090909090909092,0.3469387755102041,0.3942791022705461,-0.17394749172803484,2.1143221643087933,-5.415914902868991,0.01
0.9090909090909092,0.36734693877551017,0.4363006885261464,-0.05433864539935262,2.0266883030281333,-3.1722035026356687,0.01
0.9090909090909092,0.3877551020408163,0.4770010738227148,-0.037752532312939846,1.8814156694151296,-11.064514591438718,0.01
0.9090909090909092,0.4081632653061224,0.5130931648288047,-0.14617628363977486,1.6383858868666028,-12.752404098316898,0.01
0.9090909090909092,0.42857142857142855,0.5438739671642088,-0.16841945176353598,1.3782278850994234,-12.743080074866686,0.01
0.9090909090909092,0.44897959183673464,0.5693473642206179,-0.2621671089752443,1.029474713615078,-21.434730730599185,0.01
0.9090909090909092,0.4693877551020408,0.5858933432301303,-0.215280498135852,0.585933547286053,-22.032303569645265,0.01
0.9090909090909092,0.4897959183673469,0.5932630192118854,-0.08656590906413351,0.2160444329629174,-14.216829634022025,0.01
0.9090909090909092,0.5102040816326531,0.5947114833510657,-0.3394773191128095,-0.20288028131426492,-26.837792365141844,0.01
0.9090909090909092,0.5306122448979591,0.5849821914031399,-0.014373616485925942,-0.6608982291767914,-18.047966525385764,0.01
0.9090909090909092,0.5510204081632653,0.5677360454254824,-0.23570213792513825,-0.9715892074064542,-12.399749341121185,0.01
0.9090909090909092,0.5714285714285714,0.5453254890600193,-0.10680932531592967,-1.3347474063406628,-23.18975415443126,0.01
0.9090909090909092,0.5918367346938775,0.5132565594523941,-0.10452691378557631,-1.7078642577399061,-13.375697282694595,0.01
0.9090909090909092,0.6122448979591836,0.4756167438461456,0.18169235316205393,-1.894716828811489,-4.9358546823205405,0.01
0.9090909090909092,0.6326530612244897,0.43592117868457825,0.027531690704055752,-2.039208164257215,-9.224296191360576,0.01
0.9090909090909092,0.6530612244897959,0.39238375754993277,-0.12546405301232033,-2.131172740215024,0.21176774749530902,0.01
0.9090909090909092,0.673469387755102,0.3489345362268222,0.027006910664305824,-2.1738524827863124,-4.394382519481608,0.01
0.9090909090909092,0.6938775510204082,0.3036550847831445,0.28232583281667717,-2.1118654655138003,10.46911021218781,0.01
0.9090909090909092,0.7142857142857142,0.2627359457976875,0.13893206728613067,-1.9870267643289072,1.7650825039317035,0.01
0.9090909090909092,0.7346938775510203,0.22255195154522994,0.22768898189957334,-1.8224638574765064,14.36208236760358,0.01
0.9090909090909092,0.7551020408163265,0.18834966590068725,-0.023844752263872723,-1.6675841686613857,0.8161271362782395,0.01
0.9090909090909092,0.7755102040816326,0.15448729159986727,0.1797609510424521,-1.501829127708311,15.42786687712309,0.01
0.9090909090909092,0.7959183673469387,0.12705051783096027,-0.11281593960489004,-1.283676430802122,5.951097419683382,0.01
0.9090909090909092,0.8163265306122448,0.10209233524059698,-0.17659968867833015,-1.1230576225975926,9.78954578436049,0.01
0.9090909090909092,0.836734693877551,0.08121143119432385,-0.07819936615325987,-1.0412084377023443,-1.7683256646261694,0.01
0.9090909090909092,0.8571428571428571,0.059594031660909465,0.3382939830132038,-0.8542863336311062,20.086691863607477,0.01
0.9090909090909092,0.8775510204081632,0.04634260125019707,0.09847132811369225,-0.6129335660928356,3.565879355143049,0.01
0.9090909090909092,0.8979591836734693,0.03457633508569169,0.0834489683172552,-0.49158621659986074,8.326160895168481,0.01
0.9090909090909092,0.9183673469387754,0.026277857715508876,-0.11071870749536813,-0.418207817054097,-1.1350777396836333,0.01
0.9090909090909092,0.9387755102040816,0.01750662826715712,0.12256333103786006,-0.38671015735637376,4.221848390060514,0.01
0.9090909090909092,0.9591836734693877,0.010493769660146684,0.01582259107422885,-0.33019286943540666,1.3168458261942608,0.01
0.9090909090909092,0.9795918367346939,0.004029368290201747,0.1611924035564792,-0.24894459559831456,6.645485009840761,0.01
0.9090909090909092,1.0,0.0003327657581746619,-0.024264700914753173,-0.1811335240693272,0.0,0.01
0.9191919191919192,0.0,0.0008199389598449475,-0.12157341534217352,0.24953878983553623,0.0,0.01
0.9191919191919192,0.02040816326530612,0.005912567323835482,-0.010019556711629598,0.27918702257206707,2.9055268081800247,0.01
0.9191919191919192,0.04081632653061224,0.012215327636255848,-0.23296535363192006,0.3103655112019855,0.14996507755198524,0.01
0.9191919191919192,0.061224489795918366,0.018580547372896116,-0.018941005777197144,0.34921068531622906,3.6568619856438813,0.01
0.9191919191919192,0.08163265306122448,0.026468824996101932,-0.2243105829111089,0.4176709535280396,3.052244299113552,0.01
0.9191919191919192,0.1020408163265306,0.03562834139444875,0.29694566796964816,0.5282350010649097,7.783032359499717,0.01
0.9191919191919192,0.12244897959183673,0.04802943728446559,-0.07251983757156177,0.6766958877209177,6.766134532789069,0.01
0.9191919191919192,0.14285714285714285,0.06324858170958825,-0.15152367097023223,0.8389222310942404,9.132047117796555,0.01
0.9191919191919192,0.16326530612244897,0.08227116100259785,-0.03720693971950732,0.9136515712095084,-1.808571786500295,0.01
0.9191919191919192,0.18367346938775508,0.10054048257528246,0.22266228927386006,1.0914560745913875,19.233413117924464,0.01
0.9191919191919192,0.2040816326530612,0.1268203885369402,0.04316294490029234,1.3712037401721022,8.181858108985583,0.01
0.9191919191919192,0.22448979591836732,0.15650798217414377,0.11793545255797756,1.5453862597738788,8.88802881198852,0.01
0.9191919191919192,0.24489795918367346,0.18989737873179238,-0.014267565594586805,1.663752750211331,2.7118872508818,0.01
0.9191919191919192,0.26530612244897955,0.2244162576929736,0.10366495415483999,1.8282602046658596,13.409843285661998,0.01
0.9191919191919192,0.2857142857142857,0.26452024422835807,0.03285755226501674,2.056042864168531,8.912857345599827,0.01
0.9191919191919192,0.3061224489795918,0.3083363745978116,-0.14675807189024537,2.066690366563301,-7.869402110912401,0.01
0.9191919191919192,0.32653061224489793,0.34887495306767646,0.039919069431312126,2.0625492163927337,7.463569394196822,0.01
0.9191919191919192,0.3469387755102041,0.3925220568995558,-0.06077580125862191,2.128483076184189,-1.0020511346342096,0.01
0.9191919191919192,0.36734693877551017,0.43575181332009233,-0.07281447082890546,2.0603931162167175,-5.670764942177982,0.01
0.9191919191919192,0.3877551020408163,0.47661973511248307,-0.4323003836529787,1.858688173082904,-14.096319484935767,0.01
0.9191919191919192,0.4081632653061224,0.5116166367112313,-0.24171337872655727,1.6060491239722634,-10.662307327906996,0.01
0.9191919191919192,0.42857142857142855,0.5421727605807387,-0.019426425014858473,1.3495230848901405,-14.47724450214104,0.01
0.9191919191919192,0.44897959183673464,0.5666992116047064,-0.3890695020313755,1.0178777879976866,-18.02399459331946,0.01
0.9191919191919192,0.4693877551020408,0.5837187927439096,-0.2899146502084261,0.6293904098903177,-20.047768461202686,0.01
0.9191919191919192,0.4897959183673469,0.5923886160900255,-0.30623593790342474,0.18530885605447842,-23.472223814709576,0.01
0.9191919191919192,0.5102040816326531,0.5912824195216434,-0.17051361274218133,-0.1850145119388499,-12.819466248636603,0.01
0.9191919191919192,0.5306122448979591,0.5848370033578275,-0.30247035952920354,-0.6352164924182263,-31.300327838342298,0.01
0.9191919191919192,0.5510204081632653,0.5653552157494709,-0.04820313736861891,-0.9944647111068087,-3.9059975931387725,0.01
0.9191919191919192,0.5714285714285714,0.544246606986121,-0.36581228243752534,-1.3022848508717813,-26.26037610382855,0.01
0.9191919191919192,0.5918367346938775,0.5122007320404186,-0.19255607875125877,-1.6364673777125263,-6.489511526564607,0.01
0.9191919191919192,0.6122448979591836,0.4774520201407118,-0.2584088217092098,-1.8620356590135498,-15.61618004093597,0.01
0.9191919191919192,0.6326530612244897,0.4361992765704778,0.049267197815230805,-2.115221618310469,-9.196043970162245,0.01
0.9191919191919192,0.6530612244897959,0.39111644388314165,0.06576518429286465,-2.1313026100228405,7.62010678234984,0.01
0.9191919191919192,0.673469387755102,0.3492073333042394,-0.09423825661211231,-2.072934783768025,-1.900059809377929,0.01
0.9191919191919192,0.6938775510204082,0.30650686087220186,-0.10494417055915704,-2.0841668156427424,0.7993206856556279,0.01
0.9191919191919192,0.7142857142857142,0.2641393000126989,0.18211095703084104,-2.000548005212433,7.395322736514716,0.01
0.9191919191919192,0.7346938775510203,0.22485184025128624,0.15370903486437087,-1.862747009789386,6.1091748149438825,0.01
0.9191919191919192,0.7551020408163265,0.18810880981721378,0.1416831139349713,-1.6794451459947137,11.854407836934,0.01
0.9191919191919192,0.7755102040816326,0.15630305878211426,0.03611809660628143,-1.5238472498280577,3.394185987398295,0.01
0.9191919191919192,0.7959183673469387,0.12591096288545633,0.040101732189420564,-1.3718666901269623,11.499908863309095,0.01
0.9191919191919192,0.8163265306122448,0.10030850000142193,0.2535297809000458,-1.1144908948242094,13.722919076360728,0.01
0.9191919191919192,0.836734693877551,0.08042153860691718,0.27442050625892134,-0.9137852563241363,5.946233496646429,0.01
0.9191919191919192,0.8571428571428571,0.06301114260043678,0.05615661547560758,-0.8105647981812039,4.169371401360945,0.01
0.9191919191919192,0.8775510204081632,0.047337261130133354,0.0588916455224865,-0.6760012717499138,9.017854188905494,0.01
0.9191919191919192,0.8979591836734693,0.035419253957583156,0.13259135944444164,-0.5433554678364464,3.9814345946142975,0.01
0.9191919191919192,0.9183673469387754,0.02515948693272738,0.026083933320715996,-0.40852800001717965,9.23165725167383,0.01
0.9191919191919192,0.9387755102040816,0.01874464171198399,-0.15429437319164166,-0.3553943814477361,-4.024562631868376,0.01
0.9191919191919192,0.9591836734693877,0.010653593812411622,0.04368628231404672,-0.32063314946867766,7.431163365816097,0.01
0.9191919191919192,0.9795918367346939,0.00565757438673184,0.061247072488055804,-0.25886518806023434,-1.3779031477886563,0.01
0.9191919191919192,1.0,8.766776913675103e-05,0.04027470371653221,-0.2729254242621594,0.0,0.01
0.9292929292929294,0.0,-0.00040807533654064354,0.047449500661296114,0.3047523158243913,0.0,0.01
0.9292929292929294,0.02040816326530612,0.005811359680283668,0.06371317293157008,0.2516203307730894,-5.206934535027587,0.01
0.9292929292929294,0.04081632653061224,0.009862142246034433,0.11847778165521622,0.3081576778473754,10.747594548307616,0.01
0.9292929292929294,0.061224489795918366,0.018389224082217357,-0.12721153334856472,0.3513525225148137,-6.514499770898665,0.01
0.9292929292929294,0.08163265306122448,0.024203061532353357,0.1791462141917784,0.4958449283441781,20.674755542176385,0.01
0.9292929292929294,0.1020408163265306,0.03862779258606136,-0.17883452368776534,0.5657993774368179,-13.81921953109769,0.01
0.9292929292929294,0.12244897959183673,0.047296913672631634,0.08091713942812617,0.5657110513166038,13.81056357131672,0.01
0.9292929292929294,0.14285714285714285,0.0617180395785758,0.33729512077858803,0.8476612815727791,13.820558993788458,0.01
0.9292929292929294,0.16326530612244897,0.08189533332866343,0.09049150258018068,1.0062531472295109,1.7214438405712678,0.01
0.9292929292929294,0.18367346938775508,0.10278959660835175,0.006044894851865933,1.111345591492247,8.57761569717687,0.01
0.9292929292929294,0.2040816326530612,0.1272563778793674,-0.02767312729135279,1.34528649270201,14.348592621379911,0.01
0.9292929292929294,0.22448979591836732,0.1576992493716991,0.14153554050564246,1.5311736586918128,3.8683496456207465,0.01
0.9292929292929294,0.24489795918367346,0.18975326190760464,0.027171376462691212,1.6602211622226757,8.77830570040383,0.01
0.9292929292929294,0.26530612244897955,0.2254633784420124,0.18922905814948632,1.8399224813078825,8.832423569946446,0.01
0.9292929292929294,0.2857142857142857,0.26485213869568147,0.006822758882569612,1.9940694890361614,6.27398318742489,0.01
0.9292929292929294,0.3061224489795918,0.30685396983124347,0.027039780661489928,2.0684379137408184,1.0141224336314787,0.01
0.9292929292929294,0.32653061224489793,0.34927817599122507,-0.03649825526528311,2.0838276571046,0.49407241601913204,0.01
0.9292929292929294,0.3469387755102041,0.3919081599171455,-0.15227259702228307,2.1005843717763573,1.1480856218130724,0.01
0.9292929292929294,0.36734693877551017,0.43501631361474985,-0.1749423691556811,1.968450164008013,-14.097237983110803,0.01
0.9292929292929294,0.3877551020408163,0.4722530645705338,0.07244862347818498,1.8168899585021718,-0.7556621564616458,0.01
0.9292929292929294,0.4081632653061224,0.509175087431165,-0.10355073979599937,1.7082250026251316,-9.893503519488299,0.01
0.9292929292929294,0.42857142857142855,0.5419765340654371,-0.041152625025082094,1.313056165486423,-28.83304252010515,0.01
0.9292929292929294,0.44897959183673464,0.5627692166346925,0.032835376249739645,0.9509387827730158,-6.654460985808759,0.01
0.9292929292929294,0.4693877551020408,0.5807903619337235,-0.16072939285575993,0.6498896252553157,-22.848356450925852,0.01
0.9292929292929294,0.4897959183673469,0.5892953237879707,-0.049479345284821334,0.2148575976496602,-19.784782254428393,0.01
0.9292929292929294,0.5102040816326531,0.5895600597969749,-0.23312672050921954,-0.18408262638159315,-19.31135970063444,0.01
0.9292929292929294,0.5306122448979591,0.5817817472009669,-0.23010585564267635,-0.6049477384116376,-21.933421278309932,0.01
0.9292929292929294,0.5510204081632653,0.5648683153720101,-0.10584750999784552,-1.0101402374831105,-17.77544363069441,0.01
0.9292929292929294,0.5714285714285714,0.540551533426146,-0.18977359150955195,-1.338008558587687,-14.355651837554094,0.01
0.9292929292929294,0.5918367346938775,0.5102557211439412,-0.2989637337068568,-1.6098877333908725,-12.288507293158077,0.01
0.9292929292929294,0.6122448979591836,0.47484183002243696,-0.06756013950090228,-1.802190504711742,-6.557164296286991,0.01
0.9292929292929294,0.6326530612244897,0.4366969250332579,-0.12896955644511726,-2.0349967380372282,-16.25784656961056,0.01
0.9292929292929294,0.6530612244897959,0.39178073867397867,0.04988201829276844,-2.1668165861184963,3.339501457646318,0.01
0.9292929292929294,0.673469387755102,0.3482554317222989,0.2783590088160951,-2.115181038251606,1.7207822333088931,0.01
0.9292929292929294,0.6938775510204082,0.3054468187453417,0.22342281940703065,-2.0157773637816074,8.020777864750983,0.01
0.9292929292929294,0.7142857142857142,0.26597880462917206,0.07758829946560941,-1.9365378685167112,-0.2553073287911491,0.01
0.9292929292929294,0.7346938775510203,0.22640445676506776,-0.10764557551069535,-1.872751880050485,6.506334198481322,0.01
0.9292929292929294,0.7551020408163265,0.1895399523822135,-0.008246186121862287,-1.708545933745453,9.585848539411819,0.01
0.9292929292929294,0.7755102040816326,0.15666788804076356,0.10019884541747161,-1.5489860766236738,6.051017458522552,0.01
0.9292929292929294,0.7959183673469387,0.12631603088736967,0.2734434571576402,-1.3180627884583034,16.57946478168372,0.01
0.9292929292929294,0.8163265306122448,0.10286940687920017,0.24531617980629453,-1.0565029153827672,9.053402779718796,0.01
0.9292929292929294,0.836734693877551,0.08319346291256285,-0.15687681484601151,-0.9626301305958407,0.14613012939999767,0.01
0.9292929292929294,0.8571428571428571,0.06357838114059443,0.05257697225766276,-0.8639027485654731,9.529153309576024,0.01
0.9292929292929294,0.8775510204081632,0.047932126236421096,0.06404034722110705,-0.6570856027879295,10.738926976623251,0.01
0.9292929292929294,0.8979591836734693,0.03675856061863812,0.07604392130421177,-0.5514745481288038,-0.3890436200289318,0.01
0.9292929292929294,0.9183673469387754,0.025422961006674006,0.06172292246761419,-0.4795249742554023,7.440101859622261,0.01
0.9292929292929294,0.9387755102040816,0.017186112689846194,0.1392770057512764,-0.3510382445756492,5.151597648993535,0.01
0.9292929292929294,0.9591836734693877,0.011094869391341387,0.11452990349069314,-0.26729208462875254,3.0555260258023367,0.01
0.9292929292929294,0.9795918367346939,0.00627623168459099,-0.16458405093611667,-0.25970946761214453,-2.3124295581747556,0.01
0.9292929292929294,1.0,0.000494482958192632,-0.27006387230446205,-0.28330568759351954,0.0,0.01
0.9393939393939394,0.0,7.121254892699398e-05,-0.0927726385821894,0.3128020122005875,0.0,0.01
0.9393939393939394,0.02040816326530612,0.006454927083632861,0.08247565487855243,0.2691980366756252,-4.273189601446309,0.01
0.9393939393939394,0.04081632653061224,0.011058887515279042,0.0702225106196801,0.26090863437400874,3.460828175887893,0.01
0.9393939393939394,0.061224489795918366,0.01710425909889852,0.2262486169447982,0.3663664275364881,6.874035554035095,0.01
0.9393939393939394,0.08163265306122448,0.02601261925146223,0.14865464268739,0.48306954184609313,4.562869648306193,0.01
0.9393939393939394,0.1020408163265306,0.03682138325588191,-0.07264908030077855,0.5414901619650049,1.1623511233471628,0.01
0.9393939393939394,0.12244897959183673,0.04811425851533998,0.05692168942807462,0.6934401047451458,13.728743269106655,0.01
0.9393939393939394,0.14285714285714285,0.06512506100058174,0.006275596855188164,0.8500306946760653,1.617134544123453,0.01
0.9393939393939394,0.16326530612244897,0.08280938891028142,0.10297683418123753,0.9242770812173423,5.659011336921697,0.01
0.9393939393939394,0.18367346938775508,0.10285065615231,0.16460903737374827,1.0821028295543422,9.807912000104302,0.01
0.9393939393939394,0.2040816326530612,0.1269768513410709,0.22147750825938625,1.378817006020369,19.270077293566313,0.01
0.9393939393939394,0.22448979591836732,0.15912890129599852,-0.15304197131942684,1.5447462884087226,-3.0090076195076545,0.01
0.9393939393939394,0.24489795918367346,0.19002772025571263,0.15264987275840583,1.6720241034577683,15.482233494314146,0.01
0.9393939393939394,0.26530612244897955,0.22737478306978498,-0.23968610421594064,1.8348867123107817,0.4783021732811702,0.01
0.9393939393939394,0.2857142857142857,0.26492105545207106,0.12006521657232826,1.9539317385467079,11.188110397839585,0.01
0.9393939393939394,0.3061224489795918,0.3071270989288343,0.11282043304300214,2.0577170567042287,-1.0171492184025597,0.01
0.9393939393939394,0.32653061224489793,0.3489095067461212,0.05918886123416294,2.0394523717182116,-0.7727899102270789,0.01
0.9393939393939394,0.3469387755102041,0.3903700528765164,0.054949557020653565,2.066322949651966,3.4061065477349737,0.01
0.9393939393939394,0.36734693877551017,0.4332492189768137,-0.10433632922382306,2.0240629913035835,-7.547582465876446,0.01
0.9393939393939394,0.3877551020408163,0.4729848688480912,0.046662349418374764,1.8345575839497699,-11.023947454797296,0.01
0.9393939393939394,0.4081632653061224,0.5081291203625186,-0.04817942014992992,1.6801115623389695,-4.1117626630611355,0.01
0.9393939393939394,0.42857142857142855,0.5415608509843757,-0.37588978937168965,1.3468082851139038,-28.551958504995305,0.01
0.9393939393939394,0.44897959183673464,0.5631008871018616,-0.16521610991642197,0.9213465523502723,-13.143291305840595,0.01
0.9393939393939394,0.4693877551020408,0.5791668327129582,-0.2445139477778717,0.629518810330096,-15.45582741213668,0.01
0.9393939393939394,0.4897959183673469,0.5887955324214573,-0.2549428302449499,0.19694108727077372,-26.936789447676915,0.01
0.9393939393939394,0.5102040816326531,0.5872052444382959,-0.19991661930084312,-0.22878312641964818,-14.784183493984436,0.01
0.9393939393939394,0.5306122448979591,0.5794574456288186,-0.30614648722641025,-0.5734493479315501,-18.993106214181964,0.01
0.9393939393939394,0.5510204081632653,0.5637991486043551,-0.3351512152994434,-1.0001590206016808,-22.824441707490838,0.01
0.9393939393939394,0.5714285714285714,0.5386346284614031,-0.031672813221649276,-1.3857999472833515,-14.968369107312899,0.01
0.9393939393939394,0.5918367346938775,0.5072358854499326,0.19418075177609248,-1.5796429902170146,-4.028249100185964,0.01
0.9393939393939394,0.6122448979591836,0.4741594043709127,-0.01305554253875951,-1.7601212386217153,-13.65861924347457,0.01
0.9393939393939394,0.6326530612244897,0.435394202240883,-0.19806657501683003,-2.00593276969435,-10.430910801643654,0.01
0.9393939393939394,0.6530612244897959,0.3922845974446127,0.07641497291587157,-2.0660130522912263,4.54304310714979,0.01
0.9393939393939394,0.673469387755102,0.35106713888205743,-0.09962045757496206,-2.0722340723192887,-5.152703069899906,0.01
0.9393939393939394,0.6938775510204082,0.30770361490096826,-0.06052597742692822,-2.0654630443784447,5.81626380810261,0.01
0.9393939393939394,0.7142857142857142,0.2667625248257944,-0.22615918093204382,-2.0184689359458456,-1.2108411817078695,0.01
0.9393939393939394,0.7346938775510203,0.22531712771950518,0.03955169109520568,-1.8939937476958695,13.409409630205525,0.01
0.9393939393939394,0.7551020408163265,0.18945665757290175,0.22401877225985944,-1.6571096881622198,9.805228204092145,0.01
0.9393939393939394,0.7755102040816326,0.157679997590435,0.006596892751207255,-1.4792750032868272,7.622570913696331,0.01
0.9393939393939394,0.7959183673469387,0.12907808601017412,0.13578994158566418,-1.2821499127762208,11.695687956343054,0.01
0.9393939393939394,0.8163265306122448,0.10534734808936476,-0.02993101194731405,-1.1629963160301355,-0.018635475226719742,0.01
0.9393939393939394,0.836734693877551,0.081608848621189,0.1461984977361802,-1.0103282173124213,14.980109149562717,0.01
0.9393939393939394,0.8571428571428571,0.06410946166844961,0.085490915508662,-0.809231329670075,4.727385839387229,0.01
0.9393939393939394,0.8775510204081632,0.04857899843057369,0.02245222134672725,-0.6512781254986321,10.752028169414208,0.01
0.9393939393939394,0.8979591836734693,0.03752668103585238,0.004554165844024821,-0.5520480522344662,-1.027480989525954,0.01
0.9393939393939394,0.9183673469387754,0.02604642486998324,0.18900687120621387,-0.46387638264981557,9.668304608821702,0.01
0.9393939393939394,0.9387755102040816,0.01859295113177828,-0.14684129250077332,-0.33796985028205895,2.670535563218449,0.01
0.9393939393939394,0.9591836734693877,0.01225173710336859,-0.03270635071618417,-0.34249002289987507,-3.113512479764428,0.01
0.9393939393939394,0.9795918367346939,0.004613766523620114,0.0033405597291768824,-0.3548867151574102,1.8986366385259854,0.01
0.9393939393939394,1.0,-0.0022334349438726414,0.0033976531771125933,-0.335512871907145,0.0,0.01
0.9494949494949496,0.0,-0.0008658848104890606,0.1290076094171716,0.3995410665397426,0.0,0.01
0.9494949494949496,0.02040816326530612,0.007288014506648542,-0.19267922607957716,0.3095352200639666,-8.820572954626043,0.01
0.9494949494949496,0.04081632653061224,0.01176820580436672,0.13622413575085118,0.29648881185504933,7.542024950152147,0.01
0.9494949494949496,0.061224489795918366,0.019389598663997493,-0.0275258996070456,0.3857763996138507,1.2081586502103903,0.01
0.9494949494949496,0.08163265306122448,0.027514181298809604,0.04066586932294094,0.4090999096994605,1.0775453381793667,0.01
0.9494949494949496,0.1020408163265306,0.036087554161934654,0.2994094413186396,0.518788572522043,9.671943618433723,0.01
0.9494949494949496,0.12244897959183673,0.04868922507521952,-0.07247335745603808,0.7129719692938447,9.358029265202847,0.01
0.9494949494949496,0.14285714285714285,0.06518845086780586,-0.05457478743921421,0.8614281799937672,5.190679383389565,0.01
0.9494949494949496,0.16326530612244897,0.08384955895251614,-0.0641874377786454,0.9634606094264809,4.808498701016381,0.01
0.9494949494949496,0.18367346938775508,0.10451337370153978,-0.029701187117146557,1.1114287539474195,9.6923794620356,0.01
0.9494949494949496,0.2040816326530612,0.1292139978891455,0.34527636253812133,1.3002064028589266,8.807830131292098,0.01
0.9494949494949496,0.22448979591836732,0.1575830227978225,0.29737983648237354,1.5277131866938334,13.48783468452878,0.01
0.9494949494949496,0.24489795918367346,0.1915696381623632,0.110618459542744,1.6505818685490352,-1.4467038627190119,0.01
0.9494949494949496,0.26530612244897955,0.224953711310028,0.3475210206563222,1.8268228327495808,18.718318354372485,0.01
0.9494949494949496,0.2857142857142857,0.2661338354174481,0.1412731449808155,2.0411682048380624,2.287528110298718,0.01
0.9494949494949496,0.3061224489795918,0.308266699262602,-0.059839549330810864,2.042651696039733,-2.1421459725349936,0.01
0.9494949494949496,0.32653061224489793,0.34950737403131477,0.09865823049840959,2.0251307912884386,0.4250973069081429,0.01
0.9494949494949496,0.3469387755102041,0.39092509890702803,-0.007722970531038763,2.025854594437616,-0.35416459828878877,0.01
0.9494949494949496,0.36734693877551017,0.4321953166614215,-0.05343623627224391,2.0220121166949387,-0.022398220493561386,0.01
0.9494949494949496,0.3877551020408163,0.4734562057109031,-0.4701146006343282,1.848455000841794,-16.98619913311464,0.01
0.9494949494949496,0.4081632653061224,0.5076424595529233,-0.20781561243158495,1.5755405784969838,-9.759414256676749,0.01
0.9494949494949496,0.42857142857142855,0.5377639844250657,-0.1917495049510943,1.3178446598686608,-15.494785768898907,0.01
0.9494949494949496,0.44897959183673464,0.5614320375067462,-0.24351076606155972,0.9538587555729848,-20.17583285207735,0.01
0.9494949494949496,0.4693877551020408,0.5766969948566161,-0.20751017009566905,0.6073137128750563,-13.785581332319648,0.01
0.9494949494949496,0.4897959183673469,0.586220352317973,-0.37433705922464605,0.20797779987367473,-25.349338141815753,0.01
0.9494949494949496,0.5102040816326531,0.5851858846473783,-0.1542350429161069,-0.24145473850091867,-18.695050618894406,0.01
0.9494949494949496,0.5306122448979591,0.5763650568689559,-0.17061190414952662,-0.6069164954261532,-17.120201559778593,0.01
0.9494949494949496,0.5510204081632653,0.5604137827932496,-0.0994232427619348,-0.9322337174388864,-14.760886197469254,0.01
0.9494949494949496,0.5714285714285714,0.5383147010551238,-0.16854667172846968,-1.2548036524010218,-16.85096742882003,0.01
0.9494949494949496,0.5918367346938775,0.5091973071850446,-0.3083501740561062,-1.5750356858560974,-14.531771849777257,0.01
0.9494949494949496,0.6122448979591836,0.4740275302038545,-0.2537185420114296,-1.8571925467674386,-13.119600519533908,0.01
0.9494949494949496,0.6326530612244897,0.4333935297659655,-0.2279062651577148,-1.98379107647578,0.7129446081165915,0.01
0.9494949494949496,0.6530612244897959,0.3930564658579043,-0.2269599347917697,-2.0416501242374308,-6.383131288758376,0.01
0.9494949494949496,0.673469387755102,0.3500608716338255,-0.0192710533687086,-2.106123499424325,0.06474052044273011,0.01
0.9494949494949496,0.6938775510204082,0.30709224139160535,-0.058248371737174835,-2.096778182987016,0.8511004904135998,0.01
0.9494949494949496,0.7142857142857142,0.26447808865476363,0.27274041272126887,-1.993702240200469,9.250341902667978,0.01
0.9494949494949496,0.7346938775510203,0.2257166397507699,0.19322787881018733,-1.7825860724110045,11.439042540699608,0.01
0.9494949494949496,0.7551020408163265,0.19171947345431448,0.007838605348774647,-1.665265168560482,0.05840603665166193,0.01
0.9494949494949496,0.7755102040816326,0.15774663287075022,-0.022953700525585177,-1.501109410877916,16.02885821623982,0.01
0.9494949494949496,0.7959183673469387,0.13044970158174649,-0.09102984163533993,-1.291189646767269,4.543278666603572,0.01
0.9494949494949496,0.8163265306122448,0.10504501463535149,0.10031351063129583,-1.1604204612252098,8.272101516518237,0.01
0.9494949494949496,0.836734693877551,0.08308560112357466,0.1831724859915277,-0.981764204962205,9.236211597256242,0.01
0.9494949494949496,0.8571428571428571,0.0649730062695472,0.05974104504960528,-0.8398554081704953,4.670850488331328,0.01
0.9494949494949496,0.8775510204081632,0.0488057885451871,0.10340154471715411,-0.671307927183315,11.846802648412357,0.01
0.9494949494949496,0.8979591836734693,0.03757268271104455,-0.09654251008586517,-0.5108299823197446,3.8800359482175355,0.01
0.9494949494949496,0.9183673469387754,0.027955585185197522,-0.19275193454940145,-0.5013429354725182,-2.9503053571893347,0.01
0.9494949494949496,0.9387755102040816,0.01710970575298259,0.10160857788604671,-0.3928382738891171,13.583762192362643,0.01
0.9494949494949496,0.9591836734693877,0.011921369924417235,-0.08690530610508261,-0.30532380694397826,-5.007344431739039,0.01
0.9494949494949496,0.9795918367346939,0.004647509551187558,0.05595919239745864,-0.3459518859110893,1.0257926929621635,0.01
0.9494949494949496,1.0,-0.002199115214810898,0.2948148657965302,-0.33548461353392434,0.0,0.01
0.9595959595959597,0.0,0.00043722235534095563,0.001023072058481315,0.2403223297787255,0.0,0.01
0.9595959595959597,0.02040816326530612,0.0053417596977639245,-0.0439656823578318,0.31132112809603885,6.95788223509671,0.01
0.9595959595959597,0.04081632653061224,0.013144207175587438,-0.2505676588200778,0.3373600896184536,-4.406064005900064,0.01
0.9595959595959597,0.061224489795918366,0.019111559274027336,0.015571068033546997,0.36212814176047897,6.833333115818552,0.01
0.9595959595959597,0.08163265306122448,0.027924947655606987,0.007965538521769525,0.4900081506356149,5.698907753944771,0.01
0.9595959595959597,0.1020408163265306,0.039111891953032024,-0.06444850818429528,0.49078947094542696,-5.622338363583188,0.01
0.9595959595959597,0.12244897959183673,0.047957170959501964,0.2770732757240826,0.6253698116719516,18.8112117547826,0.01
0.9595959595959597,0.14285714285714285,0.06463719038862188,0.14870690117759344,0.8634787358735261,4.523462816971702,0.01
0.9595959595959597,0.16326530612244897,0.08320120099515609,-0.018589610986250546,0.9696161973849724,5.878008411150048,0.01
0.9595959595959597,0.18367346938775508,0.10421336171045749,0.14322166208956935,1.2127607045308617,17.950153289147114,0.01
0.9595959595959597,0.2040816326530612,0.1327016379147831,-0.17350664332839366,1.3811506965779998,-1.4479340685275879,0.01
0.9595959595959597,0.22448979591836732,0.16058685952996768,0.021265782966683158,1.4696412814070987,10.120011381779282,0.01
0.9595959595959597,0.24489795918367346,0.19268699633956263,-0.014675897418656601,1.662990545440568,8.828216493500705,0.01
0.9595959595959597,0.26530612244897955,0.22846402464999085,0.20648676618623654,1.8344090932872854,7.970801195477605,0.01
0.9595959595959597,0.2857142857142857,0.2675608368819008,-0.042454839641904045,1.9403567506493276,2.4120692260025227,0.01
0.9595959595959597,0.3061224489795918,0.30766225937037156,-0.17616789353764348,2.032105580839542,6.579316132638476,0.01
0.9595959595959597,0.32653061224489793,0.350503921814127,-0.08476951309218321,2.03802832846616,-5.998886865229878,0.01
0.9595959595959597,0.3469387755102041,0.3908470891036842,0.10674334122009942,1.9882150546812418,1.1171860343078979,0.01
0.9595959595959597,0.36734693877551017,0.4316555566990756,0.1118648924015088,1.9075818648006904,-9.019238642601957,0.01
0.9595959595959597,0.3877551020408163,0.4687075733812634,0.020885166735440382,1.810250003711452,-0.5192837441434104,0.01
0.9595959595959597,0.4081632653061224,0.5055433119526043,-0.22762465441680033,1.644428910256976,-15.73118341439522,0.01
0.9595959595959597,0.42857142857142855,0.535827120738691,-0.20965788323524612,1.3090110107380104,-17.139770738463408,0.01
0.9595959595959597,0.44897959183673464,0.5589723327990537,-0.12061121316899902,0.9499583889462971,-18.04738619712451,0.01
0.9595959595959597,0.4693877551020408,0.5746009325324174,0.07142467360421689,0.5749375090114642,-18.704660036489116,0.01
0.9595959595959597,0.4897959183673469,0.5824391699015624,-0.025943222029287446,0.22116204851912194,-15.965335091760432,0.01
0.9595959595959597,0.5102040816326531,0.583627954920953,-0.12919316423259997,-0.1910379071944497,-24.430260568169594,0.01
0.9595959595959597,0.5306122448979591,0.574641704301789,-0.1965956876750898,-0.5933519590243632,-14.996516511161937,0.01
0.9595959595959597,0.5510204081632653,0.5594095076138361,-0.21860788494272096,-0.9317226245670086,-18.163808712017318,0.01
0.9595959595959597,0.5714285714285714,0.5366122094215029,-0.273284483848802,-1.306507791963721,-18.565137692860485,0.01
0.9595959595959597,0.5918367346938775,0.5060826589622557,0.03428307041979717,-1.596113572946325,-9.816228843434592,0.01
0.9595959595959597,0.6122448979591836,0.4714647166481835,-0.2533376064431178,-1.8372847107269277,-13.818542659064203,0.01
0.9595959595959597,0.6326530612244897,0.43109144627952395,0.08082912149133265,-1.9771689969113186,0.1098826129940155,0.01
0.9595959595959597,0.6530612244897959,0.39076394126404806,-0.07783102075273013,-1.990018177885606,-1.369102348474177,0.01
0.9595959595959597,0.673469387755102,0.34986621452909106,-0.09268863930251901,-2.0643716479613192,-5.917537718945728,0.01
0.9595959595959597,0.6938775510204082,0.30650387400032075,0.1763181279869939,-2.0245127191566676,9.82371274180159,0.01
0.9595959595959597,0.7142857142857142,0.26723304231861483,0.006849753851738138,-1.9314682186003642,-0.7053516872839092,0.01
0.9595959595959597,0.7346938775510203,0.22766843650642835,0.1369756318824924,-1.8481425802961167,8.871264241100095,0.01
0.9595959595959597,0.7551020408163265,0.19179865128612028,0.18231233353470275,-1.7187646503152945,3.8077728970204907,0.01
0.9595959595959597,0.7755102040816326,0.15751477730988572,0.30334973195358356,-1.52557685482853,15.124631060682411,0.01
0.9595959595959597,0.7959183673469387,0.12953020823189457,0.2334310143069139,-1.2606841248143035,10.834856480711792,0.01
0.9595959595959597,0.8163265306122448,0.10605828241950599,-0.07117597284888473,-1.0925623094387629,5.64108142609124,0.01
0.9595959595959597,0.836734693877551,0.08493582825480221,0.04236937594850081,-0.9918048656364618,4.233148066534296,0.01
0.9595959595959597,0.8571428571428571,0.06557645116903817,-0.10712192872793255,-0.8595967017181938,8.72325199745598,0.01
0.9595959595959597,0.8775510204081632,0.04985024859283512,0.12379938302599199,-0.7099841605249213,5.938777039484756,0.01
0.9595959595959597,0.8979591836734693,0.03659750584149036,0.12840939896016576,-0.5841204898150034,6.395862690087228,0.01
0.9595959595959597,0.9183673469387754,0.02600859594732478,0.372364329075939,-0.4523055450148228,6.5220019003304825,0.01
0.9595959595959597,0.9387755102040816,0.01813605502455882,0.09699132043405354,-0.36664390624380583,1.8728386992291748,0.01
0.9595959595959597,0.9591836734693877,0.01104353854961842,0.03928525271137485,-0.316620877090144,3.029418157829679,0.01
0.9595959595959597,0.9795918367346939,0.005212753918838655,-0.04222111422567431,-0.2514857827637204,3.3538210861598343,0.01
0.9595959595959597,1.0,0.0007788127225277911,0.058469842605803506,-0.21726311861923234,0.0,0.01
0.9696969696969697,0.0,0.0004475564165377366,-0.09396754833902461,0.21805516850196446,0.0,0.01
0.9696969696969697,0.02040816326530612,0.004897661896169664,0.044603551180434124,0.2490587755048803,3.0383534862857506,0.01
0.9696969696969697,0.04081632653061224,0.01061322072285938,0.34094968083036714,0.35209393188702715,7.059091839164644,0.01
0.9696969696969697,0.061224489795918366,0.01926884278951771,-0.04283788546629199,0.4261085794864917,0.19434362558288448,0.01
0.9696969696969697,0.08163265306122448,0.028005407640675366,0.012031347503939397,0.4702053262180681,4.1271375541115995,0.01
0.9696969696969697,0.1020408163265306,0.038460896920867425,-0.061008388333359295,0.5573868402530701,4.4166508213186,0.01
0.9696969696969697,0.12244897959183673,0.05075589091631088,0.28838824348473735,0.6781203927766614,7.415237325993348,0.01
0.9696969696969697,0.14285714285714285,0.06613928029950666,-0.03418132996987408,0.7903096376472315,3.5793086713225195,0.01
0.9696969696969697,0.16326530612244897,0.08301342714681012,0.0772941642577184,0.968258739226825,13.859703283477657,0.01
0.9696969696969697,0.18367346938775508,0.10566004516590768,0.29173728324433834,1.1744226510724527,6.344360077393848,0.01
0.9696969696969697,0.2040816326530612,0.13094904555793063,0.15332923298851373,1.3509696961890028,10.95725034402806,0.01
0.9696969696969697,0.22448979591836732,0.16080166541852003,0.10900779426486366,1.5089478801423366,4.524611683398672,0.01
0.9696969696969697,0.24489795918367346,0.1925387549514954,-0.03147785865804739,1.7088280614898514,15.06364608865777,0.01
0.9696969696969697,0.26530612244897955,0.23054974956096294,-0.17142061499916122,1.8275345065754716,-3.430414470266985,0.01
0.9696969696969697,0.2857142857142857,0.26713200011784116,-0.23651140392514727,1.8456593853641248,5.206652591555001,0.01
0.9696969696969697,0.3061224489795918,0.30588278569827415,0.2912309789196288,2.0216337677129577,12.038836878630605,0.01
0.9696969696969697,0.32653061224489793,0.34964766410612513,-0.13145773272901795,2.1080417148456014,-3.570858059631488,0.01
0.9696969696969697,0.3469387755102041,0.391925304671564,-0.15008128062457687,2.0368771045256406,-3.4032737517246963,0.01
0.9696969696969697,0.36734693877551017,0.4327855051071717,-0.29055650803664207,1.8863341347514564,-11.349937286145334,0.01
0.9696969696969697,0.3877551020408163,0.46891853466141936,0.1367820902215776,1.7262349138422743,-4.339786362954519,0.01
0.9696969696969697,0.4081632653061224,0.5032440730191012,0.12069144633324945,1.5873753271834223,-9.26845312961298,0.01
0.9696969696969697,0.42857142857142855,0.5337093643423754,-0.12094784438141236,1.3354941350872138,-15.415903695815452,0.01
0.9696969696969697,0.44897959183673464,0.5577540377165385,-0.28159630979223493,1.0195192237196995,-15.549637618200954,0.01
0.9696969696969697,0.4693877551020408,0.5753223938819549,-0.2590024313685836,0.5983654462127059,-25.723432577484424,0.01
0.9696969696969697,0.4897959183673469,0.5821771171537918,-0.25298175618137,0.17151419976152582,-16.107989574731235,0.01
0.9696969696969697,0.5102040816326531,0.582322973464058,-0.09051720690130614,-0.23327008303608768,-23.560870139434893,0.01
0.9696969696969697,0.5306122448979591,0.5726558892747678,-0.07655793068407835,-0.6154798444526255,-13.895686479385818,0.01
0.9696969696969697,0.5510204081632653,0.5572013471598692,-0.08837327028766905,-0.9507011650342404,-18.95600293761245,0.01
0.9696969696969697,0.5714285714285714,0.5338517600896968,-0.24393086881226642,-1.243923666646734,-9.779802220411925,0.01
0.9696969696969697,0.5918367346938775,0.5064289526028597,-0.2733939004938044,-1.5911772244974436,-24.251046448957613,0.01
0.9696969696969697,0.6122448979591836,0.46890575092653586,0.205232013664733,-1.8257657384920527,1.2613720774859136,0.01
0.9696969696969697,0.6326530612244897,0.4319079020521637,0.06867464047859961,-1.9337355489374348,-11.842413501133363,0.01
0.9696969696969697,0.6530612244897959,0.3899777693372528,0.3173359392864777,-2.032959441920448,2.1184719887980616,0.01
0.9696969696969697,0.673469387755102,0.34892996564724743,-0.00511407929318125,-2.001476151556034,0.9668904669145132,0.01
0.9696969696969697,0.6938775510204082,0.30828486519210857,-0.04810871837448421,-1.9998794804467757,-0.810416698207198,0.01
0.9696969696969697,0.7142857142857142,0.2673022317514607,0.16143306921246608,-1.9412044928888519,6.560565478883669,0.01
0.9696969696969697,0.7346938775510203,0.22905202874766564,0.05283460882463855,-1.8047200226978073,6.8149125998386415,0.01
0.9696969696969697,0.7551020408163265,0.19364019000869304,-0.0897450981497702,-1.6775912619138627,5.643705956987922,0.01
0.9696969696969697,0.7755102040816326,0.16057891601648758,0.055130240277203334,-1.5129262722131849,10.493463033678504,0.01
0.9696969696969697,0.7959183673469387,0.13188809726529774,-0.11785138113437078,-1.3533697790330963,5.143073297970155,0.01
0.9696969696969697,0.8163265306122448,0.10533933319881018,0.14695477946797286,-1.1398452401436225,15.7823315131982,0.01
0.9696969696969697,0.836734693877551,0.08536380174923151,-0.036878322847159695,-1.0007005819903676,-2.146155014179233,0.01
0.9696969696969697,0.8571428571428571,0.06449441148491764,0.2879927531593849,-0.8394448312798247,17.949218583812424,0.01
0.9696969696969697,0.8775510204081632,0.051100747411279485,-0.14333763524882678,-0.6516961046829172,0.45015662268450257,0.01
0.9696969696969697,0.8979591836734693,0.03789457047745163,0.22588776713838749,-0.5226069425602186,12.200581265339963,0.01
0.9696969696969697,0.9183673469387754,0.02976985179657669,-0.09550861863023094,-0.4600807260642142,-6.073012048731521,0.01
0.9696969696969697,0.9387755102040816,0.0191157653319735,0.17646453347410043,-0.4490725665562485,7.151811680512167,0.01
0.9696969696969697,0.9591836734693877,0.011440359284076752,-0.05096388941040392,-0.35107243920290493,2.452200800115504,0.01
0.9696969696969697,0.9795918367346939,0.0047862780175692175,0.05036213619050163,-0.2467380812241901,7.772566281798555,0.01
0.9696969696969697,1.0,0.0013694171932934832,-0.03611703328546982,-0.167426180389511,0.0,0.01
0.9797979797979799,0.0,-0.000501610738401906,0.20221676565437505,0.28664086422371676,0.0,0.01
0.9797979797979799,0.02040816326530612,0.00534820281718415,0.15941340877571036,0.3566898069659924,6.864796388743012,0.01
0.9797979797979799,0.04081632653061224,0.014057156892863088,-0.11428859667389188,0.33045438443404945,-9.435867796873419,0.01
0.9797979797979799,0.061224489795918366,0.01883613687571678,0.1947551573588519,0.3447095980067192,10.832878726995052,0.01
0.9797979797979799,0.08163265306122448,0.02812693640334142,0.04834903335619837,0.4657085856095514,1.0250220580825107,0.01
0.9797979797979799,0.1020408163265306,0.037844650574065816,0.13640743628663862,0.6257781932988231,14.661799495466122,0.01
0.9797979797979799,0.12244897959183673,0.05366890347676277,-0.06060555171322539,0.6847594122706552,-8.881640036226576,0.01
0.9797979797979799,0.14285714285714285,0.065794014340215,0.26348260656309985,0.7380691836971106,14.105997636019206,0.01
0.9797979797979799,0.16326530612244897,0.08379417628072647,0.44689103378335315,1.0489153657293322,16.356928203138516,0.01
0.9797979797979799,0.18367346938775508,0.10860688641079999,-0.06349440283559288,1.1932394105058313,-2.2131718150416027,0.01
0.9797979797979799,0.2040816326530612,0.13249782568912774,0.03940717615282879,1.3057487620476176,13.239088266136656,0.01
0.9797979797979799,0.22448979591836732,0.16190275424947825,-0.09187757904875941,1.4632127918055615,2.1923866501418465,0.01
0.9797979797979799,0.24489795918367346,0.19222079678323228,0.36544157252623016,1.6394291117224917,15.076812701717316,0.01
0.9797979797979799,0.26530612244897955,0.22881822819733505,0.1062906219425928,1.7767938817366438,-1.6150652403304002,0.01
0.9797979797979799,0.2857142857142857,0.26474299603778917,0.281753940893264,1.9601539717379668,19.584354060460054,0.01
0.9797979797979799,0.3061224489795918,0.3088245127580684,0.009376824186516308,2.0476318984635147,-11.011517241356353,0.01
0.9797979797979799,0.32653061224489793,0.34831980821997344,0.278693903748681,1.998828074857389,6.228742527956028,0.01
0.9797979797979799,0.3469387755102041,0.3904093321400026,0.0603923758949722,1.9975041752828446,-6.358484686261379,0.01
0.9797979797979799,0.36734693877551017,0.42985059088457933,0.24316769843324862,1.9573255750113634,2.4209818596562256,0.01
0.9797979797979799,0.3877551020408163,0.4703001719363848,-0.32639859641795244,1.8280083974994696,-15.094065255821809,0.01
0.9797979797979799,0.4081632653061224,0.5044631785376189,-0.20406885182210918,1.5235936767008642,-14.73857738244154,0.01
0.9797979797979799,0.42857142857142855,0.5324876689445833,-0.03855913781197884,1.2359380742278767,-13.451671659911227,0.01
0.9797979797979799,0.44897959183673464,0.55490963054692,-0.02861365596661702,0.9853541996673189,-11.10554804702346,0.01
0.9797979797979799,0.4693877551020408,0.5727062077065147,-0.2532883218393023,0.6054468256416574,-26.125374607491366,0.01
0.9797979797979799,0.4897959183673469,0.5796217458792325,-0.20171155774810198,0.21321003813979147,-12.313830567691504,0.01
0.9797979797979799,0.5102040816326531,0.5814086582428327,-0.21032843871657245,-0.18960964137261652,-27.16249802452448,0.01
0.9797979797979799,0.5306122448979591,0.5718825768436155,-0.19475642141915125,-0.6149492742805638,-14.520786000454356,0.01
0.9797979797979799,0.5510204081632653,0.5563086878640342,-0.10017188373232687,-0.9921217406316203,-22.442115701949188,0.01
0.9797979797979799,0.5714285714285714,0.5313878119198759,-0.0016042277312126039,-1.289711600384616,-6.721690553844393,0.01
0.9797979797979799,0.5918367346938775,0.5036673980524172,-0.11685674592417537,-1.4800207535814185,-11.928606459442378,0.01
0.9797979797979799,0.6122448979591836,0.47097880156961397,-0.15251937182439046,-1.7411124126958517,-13.658376133772219,0.01
0.9797979797979799,0.6326530612244897,0.43260158528932124,-0.056681634997056855,-1.9059926582532656,-2.4998879308543556,0.01
0.9797979797979799,0.6530612244897959,0.39318318286539905,-0.22294642847930604,-2.0512202867124545,-11.732419658146148,0.01
0.9797979797979799,0.673469387755102,0.34887830828064964,0.27164560977908125,-2.0919144759266763,7.744389115152421,0.01
0.9797979797979799,0.6938775510204082,0.30779891854186125,0.13780972616029413,-1.9586632669277013,5.314229366747107,0.01
0.9797979797979799,0.7142857142857142,0.26893286881421286,-0.2171912971242095,-1.916223568480988,-1.155138918969211,0.01
0.9797979797979799,0.7346938775510203,0.22958571166508623,-0.04254318334507919,-1.8668802762369465,5.990781558885292,0.01
0.9797979797979799,0.7551020408163265,0.19273367386576606,0.22337586175936688,-1.6770231510998441,12.615216704550742,0.01
0.9797979797979799,0.7755102040816326,0.16113578713039872,0.13043355608175197,-1.5198818674972527,2.7846290885032197,0.01
0.9797979797979799,0.7959183673469387,0.13069767927404147,0.3046096692002026,-1.3306455243848756,15.76053253650972,0.01
0.9797979797979799,0.8163265306122448,0.10682372491060789,0.1463333141873487,-1.119806452991737,4.901696460017789,0.01
0.9797979797979799,0.836734693877551,0.08499129343764404,0.17326268060895464,-0.9657972450667353,10.191205916632354,0.01
0.9797979797979799,0.8571428571428571,0.06740342919359829,-0.05448686894714689,-0.8657908227327625,-0.3905765279030328,0.01
0.9797979797979799,0.8775510204081632,0.049652892509776184,0.26852005228132997,-0.6670655204153862,19.865656155005915,0.01
0.9797979797979799,0.8979591836734693,0.0401762650950111,-0.020649033462794116,-0.510770468750566,-4.548741091853537,0.01
0.9797979797979799,0.9183673469387754,0.028805118275059206,-0.1281459125315028,-0.47231172833466906,8.317697652611436,0.01
0.9797979797979799,0.9387755102040816,0.020898235367065424,-0.07727552642783515,-0.4380488709412408,-4.959937628055459,0.01
0.9797979797979799,0.9591836734693877,0.0109255725223555,0.164832133805547,-0.3822795981266239,10.42532636388792,0.01
0.9797979797979799,0.9795918367346939,0.005294986463937921,0.08425815366294578,-0.24306385925387813,3.2178160456411637,0.01
0.9797979797979799,1.0,0.0010045986752584344,-0.11284580174500716,-0.21022900164529482,0.0,0.01
0.98989898989899,0.0,0.0015409828540665293,-0.1750638263353372,0.2654553643544787,0.0,0.01
0.98989898989899,0.02040816326530612,0.006958439269464053,-0.21152325375037526,0.27836272234940107,1.2649210835023936,0.01
0.98989898989899,0.04081632653061224,0.012902726623429837,-0.13139749841520598,0.33920057473997844,4.697188450774189,0.01
0.98989898989899,0.061224489795918366,0.020803360687422355,0.048264864723020946,0.38495830442830714,-0.21293094131797163,0.01
0.98989898989899,0.08163265306122448,0.028615310477646455,0.18932897147151473,0.4512689980714784,6.711378918348757,0.01
0.98989898989899,0.1020408163265306,0.039222503465850045,-0.016704463620430703,0.5988146848725516,7.748098388156417,0.01
0.98989898989899,0.12244897959183673,0.05305672618673019,-0.13535222634638233,0.716207307945133,3.7563786729565614,0.01
0.98989898989899,0.14285714285714285,0.06845545481054935,0.04183493281605625,0.863661773037173,10.69415890606336,0.01
0.98989898989899,0.16326530612244897,0.08830822712702296,-0.09351671515433467,0.9679968128983426,-0.4693249996687388,0.01
0.98989898989899,0.18367346938775508,0.10796552880640006,0.007984016155226328,1.0923974457386814,12.660587018021936,0.01
0.98989898989899,0.2040816326530612,0.13289587797349975,-0.0020307941037715493,1.298724642681733,7.559478282397123,0.01
0.98989898989899,0.22448979591836732,0.16097469789545038,0.17325995789020904,1.5438980717161506,16.467517762975824,0.01
0.98989898989899,0.24489795918367346,0.19591212579864875,-0.12563584017794344,1.6884707372203516,-2.2993965435641375,0.01
0.98989898989899,0.26530612244897955,0.22989187084321983,-0.05601010999642094,1.7560833062315158,8.925428306658238,0.01
0.98989898989899,0.2857142857142857,0.26758899544075143,0.060866458063429545,1.936170254111463,8.72309258557659,0.01
0.98989898989899,0.3061224489795918,0.3089192281538918,0.039504052255745936,2.046874616543896,2.1259349328018184,0.01
0.98989898989899,0.32653061224489793,0.3511348981568288,-0.09761592927115452,2.011453135633724,-5.5972400619986455,0.01
0.98989898989899,0.3469387755102041,0.39101935613894173,-0.04746280270510916,1.9887123365936719,3.368641756073538,0.01
0.98989898989899,0.36734693877551017,0.43230683026269295,-0.2312119062596755,1.8616045768127103,-15.825202214607774,0.01
0.98989898989899,0.3877551020408163,0.46700321641701154,0.13439893316619989,1.7173286451635479,1.686160912989846,0.01
0.98989898989899,0.4081632653061224,0.5024018770040622,-0.05263732152512523,1.5948266740326456,-13.691354083818272,0.01
0.98989898989899,0.42857142857142855,0.5320981827040583,-0.17027187270992747,1.279358804515347,-17.22449712887698,0.01
0.98989898989899,0.44897959183673464,0.5546206037189744,-0.2626288003266043,0.9322141490746984,-16.7956791043066,0.01
0.98989898989899,0.4693877551020408,0.570147739809148,-0.18390061607006167,0.5626094661098757,-19.425579826246018,0.01
0.98989898989899,0.4897959183673469,0.5775842553969285,-0.1603975692157048,0.2238415243671337,-13.77367846454271,0.01
0.98989898989899,0.5102040816326531,0.5792841285588269,-0.2512079488135893,-0.187888420765957,-26.57585615850018,0.01
0.98989898989899,0.5306122448979591,0.5699153402636241,-0.15768144189635613,-0.5876883086531495,-12.604532854444688,0.01
0.98989898989899,0.5510204081632653,0.5552968506546168,-0.2392907852753636,-0.9443214502745042,-22.34551502444808,0.01
0.98989898989899,0.5714285714285714,0.5313716075993586,-0.015557261202050586,-1.2938406824421946,-11.907369727985596,0.01
0.98989898989899,0.5918367346938775,0.502487026881466,-0.050711030211704415,-1.5173684407559926,-9.99835058676675,0.01
0.98989898989899,0.6122448979591836,0.4694382018542161,-0.052164729931938096,-1.726220592314898,-10.469160266006247,0.01
0.98989898989899,0.6326530612244897,0.4320290435216742,-0.26282435767157925,-1.9234215763143307,-8.856536165938278,0.01
0.98989898989899,0.6530612244897959,0.39093119873934545,0.03835122472202124,-1.9699675847224,4.295027341947476,0.01
0.98989898989899,0.673469387755102,0.3516222033289232,-0.15774828478785596,-2.00263643765728,-7.496574929565723,0.01
0.98989898989899,0.6938775510204082,0.3091909359778238,-0.056539680992155554,-2.0796380570199298,-0.04958376797395882,0.01
0.98989898989899,0.7142857142857142,0.26673901732810973,0.13573328843721943,-1.9608563592171664,11.69019015264485,0.01
0.98989898989899,0.7346938775510203,0.22915598254038846,0.2534572312154022,-1.7578510298465666,8.20433212567401,0.01
0.98989898989899,0.7551020408163265,0.19498999570171927,0.10946386369046372,-1.634215776191184,3.911922732553482,0.01
0.98989898989899,0.7755102040816326,0.16245329779789117,0.0970651919242239,-1.4997785515144197,9.262925285769418,0.01
0.98989898989899,0.7959183673469387,0.13377454461949806,0.18200358234538708,-1.3267107357627834,7.697720657890974,0.01
0.98989898989899,0.8163265306122448,0.10830183919532858,-0.024931980527273755,-1.1523115158249246,9.393402896019218,0.01
0.98989898989899,0.836734693877551,0.08674142152460318,0.09342037631040395,-1.015495169175777,4.014599075597245,0.01
0.98989898989899,0.8571428571428571,0.06685305677999075,0.04355037561311439,-0.8422170287330334,12.966658687791663,0.01
0.98989898989899,0.8775510204081632,0.05236521627019366,-0.040952854411731084,-0.658691510623804,5.018842086912832,0.01
0.98989898989899,0.8979591836734693,0.03996768899942732,-0.10613321626974317,-0.6089352782244488,-0.14273131177603576,0.01
0.98989898989899,0.9183673469387754,0.02751071511817534,0.1467902638225923,-0.4863253553815732,12.15850375037784,0.01
0.98989898989899,0.9387755102040816,0.02011767449405699,0.15818592694419664,-0.36554420290833456,-0.32195080800045706,0.01
0.98989898989899,0.9591836734693877,0.01259054357089638,-0.04021059972516799,-0.34230409143749124,2.599481732143106,0.01
0.98989898989899,0.9795918367346939,0.0061460789251797975,0.028421947708753278,-0.31178213623356077,0.3916698778420771,0.01
0.98989898989899,1.0,-0.00013525790802446626,0.06058494207461317,-0.30778550482700895,0.0,0.01
1.0,0.0,-0.0002273386240681901,-0.1750638263353372,0.24740978916925782,0.0,0.01
1.0,0.02040816326530612,0.00482184074673299,-0.21152325375037526,0.28916903582458503,4.092406172222069,0.01
1.0,0.04081632653061224,0.011575479164690382,-0.13139749841520598,0.403491573756122,7.111202545068548,0.01
1.0,0.061224489795918366,0.021290884573513476,0.048264864723020946,0.4643300065719906,-1.14903612911342,0.01
1.0,0.08163265306122448,0.03052772433089408,0.18932897147151473,0.43519072994607877,-1.7066129802259378,0.01
1.0,0.1020408163265306,0.03905377151008812,-0.016704463620430703,0.518464287432769,9.867421613921579,0.01
1.0,0.12244897959183673,0.05168953198121118,-0.13535222634638233,0.7306943302955767,10.931122586633583,0.01
1.0,0.14285714285714285,0.06887802988949941,0.04183493281605625,0.874015005604902,3.1143035936802894,0.01
1.0,0.16326530612244897,0.08736361384263575,-0.09351671515433467,0.959619565845915,5.274943309938986,0.01
1.0,0.18367346938775508,0.10804617543423063,0.007984016155226328,1.1150379009481641,9.95605353008143,0.01
1.0,0.2040816326530612,0.13287536490174448,-0.0020307941037715493,1.339626264626249,12.053606110370875,0.01
1.0,0.22448979591836732,0.16272479848019997,0.17325995789020904,1.5133089441523404,4.967296483186108,0.01
1.0,0.24489795918367346,0.19464307690796245,-0.12563584017794344,1.6317321850665896,6.638181126410306,0.01
1.0,0.26530612244897955,0.2293261121563873,-0.05601010999642094,1.8022379153922596,10.071380445505365,0.01
1.0,0.2857142857142857,0.26820380814846284,0.060866458063429545,1.9598075972950801,5.370448380971038,0.01
1.0,0.3061224489795918,0.3093182589847579,0.039504052255745936,2.0076542277590743,-0.6814785954995929,0.01
1.0,0.32653061224489793,0.3501488786692414,-0.09761592927115452,1.9899310351636135,-1.0553942788555841,0.01
1.0,0.3469387755102041,0.3905399338893952,-0.04746280270510916,1.9556507059247954,-2.3040779865485717,0.01
1.0,0.36734693877551017,0.42997135646209017,-0.2312119062596755,1.9066107639727818,-2.501836324748774,0.01
1.0,0.3877551020408163,0.4683607813984883,0.13439893316619989,1.7615213454261385,-11.716926692822263,0.01
1.0,0.4081632653061224,0.5018701868876468,-0.05263732152512523,1.5194283432855231,-12.008187516958055,0.01
1.0,0.42857142857142855,0.5303782647978974,-0.17027187270992747,1.2273912163271024,-16.61145092496719,0.01
1.0,0.44897959183673464,0.5519677875540592,-0.2626288003266043,0.928841379253251,-12.646433108270239,0.01
1.0,0.4693877551020408,0.5682901578286423,-0.18390061607006167,0.5879091142130781,-20.764928865666704,0.01
1.0,0.4897959183673469,0.5759640779301032,-0.1603975692157048,0.2071846591932304,-16.546067726278384,0.01
1.0,0.5102040816326531,0.5767466745304068,-0.2512079488135893,-0.18721624784349192,-22.105221163320408,0.01
1.0,0.5306122448979591,0.5683225984262872,-0.15768144189635613,-0.5847391116159117,-16.852019486376747,0.01
1.0,0.5510204081632653,0.5528797720154717,-0.2392907852753636,-0.9091493045471255,-14.940179420882203,0.01
1.0,0.5714285714285714,0.5312144635468127,-0.015557261202050586,-1.247171955178966,-18.186040341038158,0.01
1.0,0.5918367346938775,0.5019747942530649,-0.050711030211704415,-1.5264278648356113,-9.181038805313236,0.01
1.0,0.6122448979591836,0.4689112853902571,-0.052164729931938096,-1.778713284464059,-15.542932318274774,0.01
1.0,0.6326530612244897,0.4293742520300421,-0.26282435767157925,-1.9010211632939065,3.556760192949735,0.01
1.0,0.6530612244897959,0.3913185848476487,0.03835122472202124,-1.9439639101198625,-7.765149381893435,0.01
1.0,0.673469387755102,0.35002878631086404,-0.15774828478785596,-2.026119540586546,-0.28610240384156105,0.01
1.0,0.6938775510204082,0.30861982808901417,-0.056539680992155554,-2.007008778797563,2.1589570591619274,0.01
1.0,0.7142857142857142,0.2681100606456574,0.13573328843721943,-1.8841399516506496,9.882188001235633,0.01
1.0,0.7346938775510203,0.2317161565930693,0.2534572312154022,-1.7643520491020768,1.8570264485245747,0.01
1.0,0.7551020408163265,0.19609569129455223,0.10946386369046372,-1.6729188566218292,7.103426414539699,0.01
1.0,0.7755102040816326,0.16343375428197424,0.0970651919242239,-1.4818268029584032,11.623594844476031,0.01
1.0,0.7959183673469387,0.13561296464318884,0.18200358234538708,-1.356901955207851,0.6190402350780955,0.01
1.0,0.8163265306122448,0.1080500010081844,-0.024931980527273755,-1.1742336223689356,17.282456383135646,0.01
1.0,0.836734693877551,0.08768506168935473,0.09342037631040395,-0.9985475153834588,-0.06521789855888196,0.01
1.0,0.8571428571428571,0.0672929595639616,0.04355037561311439,-0.8754710100733597,12.12671541894858,0.01
1.0,0.8775510204081632,0.051951551074115566,-0.040952854411731084,-0.6957344197261274,5.4874704350801915,0.01
1.0,0.8979591836734693,0.038895636309833954,-0.10613321626974317,-0.562473597449288,7.572090148050073,0.01
1.0,0.9183673469387754,0.02899344505577728,0.1467902638225923,-0.4209130421619618,6.300844270107884,0.01
1.0,0.9387755102040816,0.021715512139957965,0.15818592694419664,-0.4118221943923762,-5.409941188688508,0.01
1.0,0.9591836734693877,0.012184375896904784,-0.04021059972516799,-0.37441739943010094,9.075611094991489,0.01
1.0,0.9795918367346939,0.006433169306076295,0.028421947708753278,-0.28683778498007956,-0.4928088788893903,0.01
1.0,1.0,0.00047671120384031333,0.06058494207461317,-0.29186644700956316,0.0,0.01
