elX,elY,V_X_pure,V_Y_pure,r_X_pure,r_Y_pure,a_X3Y,V_X3Y_DFT,V_X3Y_Vegard,r_X3Y_DFT,r_X3Y_Vegard,Omega_X3Y,db_X3Y,a_Y3X,V_Y3X_DFT,V_Y3X_Vegard,r_Y3X_DFT,r_Y3X_Vegard,Omega_Y3X,db_Y3X,a_B2,V_B2_DFT,V_B2_Vegard,r_B2_DFT,r_B2_Vegard,Omega_B2,db_B2
Ag,Al,17.061,16.602,1.5970013792725173,1.582549367713697,4.090204449429549,17.10704741609914,16.94625,1.5984368505592763,1.5934129162684814,0.0094886724850123,VASP,4.084501267268682,17.03558744430204,16.716749999999998,1.5962080679533963,1.5861870970926366,0.019072932495972052,VASP,3.2283091947362603,16.82268734522376,16.8315,1.5895307042427682,1.5898082171776173,-0.0005235810697940927,VASP
Ag,Au,17.061,16.966,1.5970013792725173,1.594031690087204,4.148055081387604,17.84323325123916,17.03725,1.6210446646901306,1.5962599925592937,0.04730712123371781,VASP,4.1484223876016895,17.847973673450443,16.98975,1.6211882066072385,1.594775149574133,0.050514202589822844,VASP,3.289139,17.79166883295,17.0135,1.6194816281993325,1.595517916528,0.045738315628765264,OQMD
Ag,Ba,17.061,50.0,1.5970013792725173,2.285390748670416,4.634392006981845,24.883892015603198,25.295749999999998,1.8111033459293924,1.8210406918500472,-0.016281706784610064,VASP,5.092856269296673,33.02358878296153,41.76525,1.9902694929054197,2.152329832805246,-0.20930465439662085,VASP,4.096244,34.36587919485246,33.5305,2.0168779436265076,2.0004013552027957,0.024914009479502463,OQMD
Ag,Ca,17.061,43.63,1.5970013792725173,2.183897248992819,4.3847178810813805,21.074873433466585,23.70325,1.7135316161039702,1.781994787119562,-0.11088675884249692,VASP,4.848071409282476,28.48702082138555,36.987750000000005,1.894608470200245,2.0669173053549894,-0.22982552814416815,VASP,3.711697200036157,25.567462178886398,30.3455,1.8275376701615405,1.9349447233767225,-0.1574545755091728,VASP
Ag,Cd,17.061,21.58,1.5970013792725173,1.7271137578027125,4.206069717629163,18.602418470775262,18.19075,1.64371657109159,1.6315009537050198,0.022630648586521234,VASP,4.322159682855986,20.185635763622304,20.450249999999997,1.6890841023954544,1.6964328387749064,-0.012939413277475458,VASP,3.3837028991202533,19.37076064356202,19.3205,1.6660422926516847,1.664600103802197,0.0026014152616143176,VASP
Ag,Ce,17.061,34.367,1.5970013792725173,2.016899869469424,4.4753901544902845,22.409528295290865,21.3875,1.7489660069596624,1.7219629561033472,0.04778624408139643,VASP,4.5724447186468336,23.899312016968594,30.0405,1.7868945735584383,1.9284402283106443,-0.20443028521600531,VASP,3.7163102823226257,25.662910257436483,25.714,1.8298090250700159,1.8310224819395395,-0.001986845397974478,VASP
Ag,Co,17.061,11.073,1.5970013792725173,1.3826923611463033,4.015433502315025,16.185917525799454,15.564,1.5692166395168325,1.5488553882470042,0.03995872049598134,VASP,3.6867143195415273,12.527328502953129,12.57,1.4407543922802255,1.4423884058334924,-0.0033947093911592336,VASP,3.06524883175927,14.400156469472826,14.067,1.5092442638920411,1.4975142350291022,0.02368354798271314,VASP
Ag,Cr,17.061,12.008,1.5970013792725173,1.4205636251907152,4.124003420992862,17.534648292620123,15.79775,1.6116453642963682,1.556570788028074,0.10994592854173042,VASP,3.723138653938326,12.902314953929377,13.27125,1.4549888881536672,1.4687269830629879,-0.0277995702040594,VASP,3.2756569148823207,17.57378179159509,14.5345,1.6128434200974855,1.5139231464393383,0.20910810771578583,VASP
Ag,Cu,17.061,11.81,1.5970013792725173,1.412712418206345,4.034699341740045,16.420014678718424,15.74825,1.5767456586831494,1.5549433227303486,0.04265646524016467,VASP,3.776063887180796,13.460401341560027,13.12275,1.4756718745875133,1.4632282657004478,0.02573022739593664,VASP,3.1080172902053955,15.01136838375563,14.435500000000001,1.5303022771653954,1.510478010659865,0.039892513855123116,VASP
Ag,Dy,17.061,31.54,1.5970013792725173,1.960007319637871,3.9999999999491815,15.999999999390178,20.68075,1.5631852835736844,1.7027826841391158,-0.22633366781232891,VASP,4.653390299685007,25.191176411731632,27.920250000000003,1.8185278088211387,1.8819593180098384,-0.09774531346489986,VASP,3.60670508,23.458589679651972,24.3005,1.7758424363923822,1.7968377649158926,-0.03464580236406772,MP
Ag,Er,17.061,30.66,1.5970013792725173,1.9416063353551711,4.114572466780607,17.41462614570038,20.46075,1.6079597820876577,1.6967231285775883,-0.1488764514643705,VASP,4.609280733194331,24.481582591065838,27.26025,1.8012899525201598,1.8670118524959647,-0.10193110514152151,VASP,3.57398062,22.825830289066182,23.860500000000002,1.759729811853637,1.78592675547509,-0.04336328706162148,MP
Ag,Fe,17.061,11.776,1.5970013792725173,1.4113554216028104,4.064691906620455,16.788925692391246,15.73975,1.5884666426927196,1.5546635160452593,0.06665771009013768,VASP,3.7632153966611255,13.323466657535503,13.09725,1.4706507317633282,1.4622798741612533,0.0172720729569568,VASP,3.128053261904715,15.303558291702942,14.4185,1.5401674388597384,1.5098848384397714,0.061383520595272856,VASP
Ag,Ga,17.061,19.58,1.5970013792725173,1.672019581917477,4.118629098231814,17.466185130383895,17.69075,1.6095450987340303,1.6164137842544,-0.012693914594695318,VASP,4.193044227962426,18.43012745751664,18.950249999999997,1.6386262576519295,1.6538982137379903,-0.027446737773029736,VASP,3.3101896015740278,18.135461619196793,18.3205,1.6298463657527413,1.6353707946942393,-0.01010007264011388,VASP
Ag,Ge,17.061,22.634,1.5970013792725173,1.7547862958334142,4.150285582971348,17.872032843396987,18.454250000000002,1.621916336502816,1.639340859302723,-0.03154921801769321,VASP,4.261655915212297,19.3497409271815,21.24075,1.6654394525998097,1.7180155064501683,-0.08902741536049802,VASP,3.355131477149772,18.884201889621284,19.8475,1.6519745098754854,1.6795994887478918,-0.04853498477786703,VASP
Ag,Hf,17.061,22.312,1.5970013792725173,1.7464250978479678,4.231000592722294,18.935172555652937,18.37375,1.6534594653547632,1.6369537074436753,0.03055568708907738,VASP,4.359008553617223,20.706331964686427,20.999250000000004,1.703484505518206,1.7114795919300776,-0.013948976049791123,VASP,3.3999679327086607,19.651443958412546,19.686500000000002,1.6740507480798288,1.6750455983152641,-0.0017807147836058272,VASP
Ag,In,17.061,26.16,1.5970013792725173,1.841548000906085,4.233920849466686,18.974407061670274,19.33575,1.65460069094655,1.6650379543673584,-0.018687816005571404,VASP,4.568832941836043,23.842722498156153,23.88525,1.7854831044688755,1.7865440436408273,-0.0017804922219296947,VASP,3.5128947737211824,21.67531548391113,21.610500000000002,1.7296528203395802,1.7279270443667847,0.002999258874673387,VASP
Ag,Ir,17.061,14.155,1.5970013792725173,1.500630450421227,4.054251424501132,16.659886663624324,16.3345,1.584386540692083,1.5740036869294471,0.019920209594681517,VASP,3.925706449035804,15.124933467171568,14.881499999999999,1.5341516372102595,1.5258764365872026,0.01635812701485526,VASP,3.171832,15.955136839119424,15.608,1.561722886060682,1.5503135720310959,0.022240955863622732,OQMD
Ag,La,17.061,37.168,1.5970013792725173,2.070269390695367,4.527641919455219,23.203645687381144,22.08775,1.769385804468406,1.7405544860981534,0.050521021262063544,VASP,4.866979479983479,28.8216310384598,32.14125,1.9019976746654836,1.9723836077767563,-0.10328219846895191,VASP,3.810218044803915,27.657918511983663,27.1145,1.8760466258779338,1.8636785082650873,0.020041620239490437,VASP
Ag,Mg,17.061,23.24,1.5970013792725173,1.770309384051908,4.158546633975389,17.978967061217034,18.60575,1.625144724841949,1.6438146902855795,-0.03368759328610598,VASP,4.320000213333037,20.15539498598,21.69525,1.6882401896507935,1.7301829045450798,-0.0709765969057744,VASP,3.3322195414480364,18.499961522401208,20.1505,1.6406933025639534,1.688103508609103,-0.08191054701366186,VASP
Ag,Mn,17.061,12.21,1.5970013792725173,1.428485001664581,4.112521575130599,17.388598378042516,15.84825,1.6071583011762736,1.558227631851287,0.09719359412190723,VASP,3.654605413148228,12.202856048830814,13.42275,1.4282063497936537,1.474294676637344,-0.09088256513525074,VASP,3.214425952745112,16.60658305418432,14.6355,1.582694977523858,1.517421797186367,0.13467821763413065,VASP
Ag,Mo,17.061,15.583,1.5970013792725173,1.5494853952179959,4.181737899162778,18.281441421931156,16.6915,1.6342077859541595,1.5853880700406915,0.09525455602738846,VASP,3.980905141263288,15.771953795488542,15.9525,1.5557230830511626,1.5616368481717022,-0.011317737314618905,VASP,3.215206448389115,16.61868273854504,16.322,1.583079272123859,1.573602081594985,0.018176861815037422,VASP
Ag,Nb,17.061,17.978,1.5970013792725173,1.6251155863008009,4.2031411971948565,18.563589128064017,17.29025,1.6425721160801874,1.6041225888773532,0.07364492289377055,VASP,4.161885590701141,18.022308553515437,17.74875,1.626449576846012,1.6181783547943462,0.015412834904736146,VASP,3.316428209411754,18.23819295363255,17.5195,1.6329180847584561,1.611181127072584,0.041022458040043834,VASP
Ag,Ni,17.061,10.941,1.5970013792725173,1.3771760758322233,3.997369602101982,15.968455977653164,15.531,1.5621573337724999,1.5477599458915543,0.028166633034135836,VASP,3.685410517738366,12.514042381579571,12.471,1.4402448713323694,1.4385917210170447,0.003451397769190225,VASP,3.0529580660896407,14.227628659599175,14.001000000000001,1.5031926287381399,1.4951685342742032,0.016186605213854247,VASP
Ag,Os,17.061,13.977,1.5970013792725173,1.4943137246635851,4.051572918705813,16.626888615274463,16.29,1.5833397904817672,1.5725730367392263,0.02068070075349689,VASP,3.907251011810346,14.912619800764848,14.748,1.5269393202419794,1.521299911059672,0.011162177974291313,VASP,3.146869,15.581382783338878,15.519,1.5494317910705522,1.5473612185097343,0.004019768241438089,OQMD
Ag,Pb,17.061,30.321,1.5970013792725173,1.9344238453824663,4.347979965410436,20.54956398230943,20.376,1.6991745738222899,1.6943772340708287,0.008518059595083831,VASP,4.764887580758324,27.045684948282567,27.006,1.8621005360547642,1.861189318152574,0.0014694863468327972,VASP,3.636279,24.040394930131672,23.691000000000003,1.7904038216405693,1.781687751899276,0.014748002622585354,OQMD
Ag,Pd,17.061,14.716,1.5970013792725173,1.5201988160139424,4.085422341152231,17.04711485413173,16.47475,1.596568020238363,1.578495717228923,0.03474194474160342,VASP,3.9769661942287593,15.72518294418787,15.302249999999999,1.554183757041855,1.5401235482894158,0.027638611589006223,VASP,3.214776760720342,16.61202075069239,15.8885,1.5828677057274732,1.5595456667800451,0.04553738557399318,VASP
Ag,Pt,17.061,15.095,1.5970013792725173,1.5331388987435077,4.083188392120755,17.019165553535984,16.5695,1.5956950011757873,1.5815160293092339,0.027138148618605435,VASP,3.992091050820594,15.905280140599379,15.586500000000001,1.5600944953520597,1.5496013932695123,0.020452323523522133,VASP,3.208888,16.52089921447184,16.078,1.5799682418253833,1.5657213430364612,0.027546909719606917,OQMD
Ag,Re,17.061,14.712,1.5970013792725173,1.520061066935985,4.070491274216379,16.860889917951777,16.47375,1.5907330142127443,1.578463778906015,0.023500412350058612,VASP,3.925456352142775,15.122042936815776,15.299249999999999,1.5340539002645956,1.540022894842627,-0.011582728773255115,VASP,3.159782,15.773982934058578,15.8865,1.5557897973040795,1.5594802269500447,-0.007082558520846104,OQMD
Ag,Rh,17.061,13.754,1.5970013792725173,1.4863239306523217,4.056933765316909,16.692975681742503,16.23425,1.5854347896142844,1.5707770238315601,0.028256659946871807,VASP,3.898069622640652,14.807740118068411,14.58075,1.5233512671337268,1.5155272563804385,0.015567794391126029,VASP,3.172163,15.960132407705466,15.407499999999999,1.5618858613617967,1.5436465111742634,0.03586775321794365,OQMD
Ag,Ru,17.061,13.571,1.5970013792725173,1.4797025210257315,4.05683131039745,16.691711006704786,16.1885,1.5853947506087016,1.5693000916077202,0.031084473960205364,VASP,3.883110245990369,14.63791332321355,14.4435,1.5175051977758627,1.5107569893935469,0.013460264008969377,VASP,3.14856472186772,15.6065849112305,15.315999999999999,1.5502667179043859,1.5405847083389488,0.018972637191858297,VASP
Ag,Sc,17.061,24.987,1.5970013792725173,1.8136013727062499,4.243368162897584,19.101705699110997,19.0425,1.6582926662777189,1.6565776014933922,0.003109134783300357,VASP,4.4384503305886565,21.859191823801726,23.005499999999998,1.734530059684272,1.764334889977328,-0.04982757063303434,VASP,3.4372979488986344,20.30586717583997,21.024,1.6924310218840208,1.7121517189363797,-0.0341577637062419,VASP
Ag,Si,17.061,20.024,1.5970013792725173,1.6845635878380372,4.07934148537613,16.971107903495536,17.80175,1.5941916441731487,1.6197874489056419,-0.04666069889221354,VASP,4.028073768451182,16.33925516232956,19.283250000000002,1.5741564090180191,1.663529630365468,-0.15267109214838998,VASP,3.2624335854703093,17.361811726856647,18.5425,1.6063326161921534,1.6419498668035561,-0.06367470800287735,VASP
Ag,Sn,17.061,27.053,1.5970013792725173,1.8622684018206264,4.263975598902907,19.381355197907073,19.559,1.666345976451748,1.671421608276666,-0.00908250943774876,VASP,4.631398540080249,24.83570381548117,24.555,1.8099335100775173,1.8030887750098712,0.011431635735335835,VASP,3.5645783071906365,22.646155430188138,22.057000000000002,1.7551003714872226,1.7397463925165972,0.026710587577101853,VASP
Ag,Sr,17.061,56.0,1.5970013792725173,2.3733755965792427,4.516998735018376,23.04039474591618,26.795749999999998,1.765226487147845,1.8563467526498831,-0.1401474209187583,VASP,5.003572546286938,31.317033115855406,46.26525,1.9553777424371044,2.2270096623892925,-0.32309815431981015,VASP,3.9275756069198993,30.293096378785073,36.5305,1.9338302634125892,2.058364749403444,-0.17074509303773366,VASP
Ag,Ta,17.061,18.014,1.5970013792725173,1.6261995992423404,4.17275195607036,18.1638420572718,17.29925,1.6306961124538402,1.6044008690076452,0.0499785861971935,VASP,4.146594403740633,17.824390177985,17.775750000000002,1.620473837239676,1.6189984816508716,0.0027363221233982424,VASP,3.291052759441186,17.822742730256948,17.5375,1.6204239107406888,1.611732728311789,0.01626473158984728,VASP
Ag,Tb,17.061,32.09,1.5970013792725173,1.9713347123038616,4.119276657574277,17.474424888914967,20.81825,1.609798162542628,1.7065481122970074,-0.1606198941354356,VASP,4.490139686736479,22.63182438964071,28.332750000000004,1.7547300698964476,1.8911822079167118,-0.20121328181554188,VASP,3.62345741,23.786989854574013,24.5755,1.7840908231782653,1.8035904113127361,-0.032085212729181016,MP
Ag,Ti,17.061,17.649,1.5970013792725173,1.6151412089743407,4.160154365957208,17.99982762097872,17.208,1.6257730205854346,1.6015749324482917,0.04601508722563472,VASP,4.082425514152617,17.009628065003838,17.502000000000002,1.5953968712725446,1.6106444857484863,-0.02813232401989283,VASP,3.279176624561704,17.630492031747643,17.355,1.6145764283900375,1.6061225127289356,0.015873928651549556,VASP
Ag,Tl,17.061,28.59,1.5970013792725173,1.8968886969006673,,,,,,,,4.810103,27.82294755199724,25.707749999999997,1.8797705555422892,1.8308741215416409,0.08227859505391336,MP,3.58982,23.130659887471083,22.825499999999998,1.7675286871556743,1.759721324067178,0.01336925313667104,OQMD
Ag,V,17.061,13.824,1.5970013792725173,1.48884117815856,4.1244874989835445,17.54082369998125,16.25175,1.611834540194155,1.5713412368698967,0.07931907025281881,VASP,3.859123803299148,14.368324987110126,14.63325,1.5081313842206936,1.5173440325269174,-0.01810431810362523,VASP,3.211498835171728,16.561257539853663,15.442499999999999,1.5812537452944888,1.5448144871458072,0.07244665953399156,VASP
Ag,W,17.061,15.85,1.5970013792725173,1.5582849840929494,4.128237910513133,17.588717028117404,16.75825,1.613300187221773,1.587498603356484,0.04955571304386819,VASP,3.99768795506972,15.972271494402133,16.152749999999997,1.5622817449410389,1.5681440481791173,-0.011173237101909263,VASP,3.207852469911684,16.50491015410198,16.4555,1.5794583752756648,1.5778806773416105,0.0030026528578275292,VASP
Ag,Y,17.061,33.018,1.5970013792725173,1.9901572114304584,4.3913195698007526,21.170208644555473,21.05025,1.7161115317672173,1.7128640047415593,0.00569868027959166,VASP,4.723515914012939,26.34730247517079,29.028750000000002,1.8459326409012335,1.9065428706493452,-0.09237213193228139,VASP,3.6408305220058415,24.13078189296607,25.0395,1.7926448659590992,1.814870665608838,-0.03629138389480343,VASP
Ag,Zn,17.061,15.207,1.5970013792725173,1.536921356892218,4.084502512033181,17.035603019251983,16.5975,1.5962085544027826,1.5824063705711717,0.026395723407259108,VASP,3.958491897261296,15.507053656102451,15.6705,1.5469640697557863,1.552380152239844,-0.010430193286592584,VASP,3.1837651590588814,16.135895839925254,16.134,1.5675984455497272,1.5675370496791146,0.00011750588355361316,VASP
Ag,Zr,17.061,23.279,1.5970013792725173,1.771299106960212,4.268656957369422,19.4452608544627,18.6155,1.6681754341172685,1.644101777063593,0.04457365391543059,VASP,4.408256358404185,21.416107417331027,21.7245,1.7227303664412723,1.7309601118976767,-0.014195612449951538,VASP,3.4427762971642726,20.403112168266183,20.17,1.6951284099752748,1.6886478690579052,0.011557370761833496,VASP
Al,As,16.602,21.39,1.582549367713697,1.722030047311866,4.125775,17.557255471581215,17.799,1.6123376908545386,1.6197040367902473,-0.013581916310960443,MP,,,,,,,,3.2851923327670987,17.727700504028064,18.996000000000002,1.6175383977440978,1.655228100038213,-0.0667666611903526,VASP
Al,Au,16.602,16.966,1.582549367713697,1.594031690087204,4.050970454516635,16.619472521048053,16.692999999999998,1.5831043496931636,1.5854355594988447,-0.004404689327978501,VASP,4.097059918001524,17.193209490403277,16.875,1.6011159424552388,1.591176626920583,0.01885685869056454,VASP,3.223942,16.754507434956206,16.784,1.5873804176047934,1.5883112810868532,-0.0017571833319704776,MP
Al,Ba,16.602,50.0,1.582549367713697,2.285390748670416,4.679839384508709,25.62316969199527,24.9515,1.8288640138613705,1.812742081031601,0.026919010560297763,VASP,5.569485970699441,43.190213573035486,41.6505,2.176534626644518,2.1503568497907772,0.03696746913087441,VASP,4.15907,35.97151208457382,33.301,2.047811738997652,1.995826977317874,0.08019314989261028,OQMD
Al,Ca,16.602,43.63,1.582549367713697,2.183897248992819,4.300646091462237,19.885711019645225,23.359,1.680676670029466,1.7733258537051793,-0.1486916811659222,VASP,5.031107395355981,31.836899951020197,36.873000000000005,1.966138260149779,2.064777637878,-0.13657961242588906,VASP,3.707842202972879,25.487881205014833,30.116,1.8256395755778998,1.930054442810227,-0.1536764110434708,VASP
Al,Cd,16.602,21.58,1.582549367713697,1.7271137578027125,4.191022142265811,18.403476657346424,17.8465,1.637836034001151,1.6211435858971692,0.031209293550355812,VASP,4.356045911630244,20.66414088168387,20.3355,1.7023267159295554,1.693253889718956,0.016160944244492187,VASP,3.464276299862894,20.787754174441012,19.091,1.7057144202888108,1.6579828073874159,0.08887717638892731,VASP
Al,Ce,16.602,34.367,1.582549367713697,2.016899869469424,4.33204516762501,20.324456317954716,21.04325,1.6929473134734858,1.7126741197864936,-0.03415792152092875,VASP,4.341884721348359,20.463262457073775,29.92575,1.6967925748678525,1.9259816487470278,-0.31619884356870676,VASP,3.657710779813822,24.467978547617236,25.484499999999997,1.8009562408810145,1.8255588426389626,-0.03988783191283963,VASP
Al,Co,16.602,11.073,1.582549367713697,1.3826923611463033,3.790967380271204,13.620409070522921,15.21975,1.481496104855779,1.537350770392534,-0.1050832588890802,VASP,3.572254518909176,11.39638707574465,12.45525,1.39602392330234,1.4379858523425886,-0.08501338184744177,VASP,2.8507704038754547,11.583951445753309,13.8375,1.4036409818164237,1.4893256693018235,-0.16285807076760192,VASP
Al,Cr,16.602,12.008,1.582549367713697,1.4205636251907152,3.899010891980973,14.818469611659951,15.453499999999998,1.5237191117288986,1.5451812007855863,-0.041092981417804826,VASP,3.66606822282177,12.318040750122467,13.156500000000001,1.4326859736412323,1.464481602538984,-0.06372965833447604,VASP,3.0404258867895013,14.053136640160188,14.305,1.4970221281488136,1.5059125441334795,-0.01760666618943107,VASP
Al,Cu,16.602,11.81,1.582549367713697,1.412712418206345,3.934230113833396,15.223667274943653,15.404,1.5374826540537296,1.5435296163299406,-0.011706876464317537,VASP,3.6891829201769295,12.552510017066236,13.008,1.4417191123263082,1.45895077703112,-0.03501614259945902,VASP,3.0008248399506754,13.511138401238961,14.206,1.4775236612816671,1.502430531010727,-0.04891324783619869,VASP
Al,Dy,16.602,31.54,1.582549367713697,1.960007319637871,4.383936251025098,21.06360487389851,20.3365,1.7132261579536714,1.693281644566967,0.03575368789607395,VASP,4.148235941360873,17.845567309491056,27.805500000000002,1.621115344102282,1.87937754359293,-0.358200093165343,VASP,3.5835634,23.009929149554743,24.070999999999998,1.7644481093038438,1.7911632683671341,-0.04408087950003135,MP
Al,Er,16.602,30.66,1.582549367713697,1.9416063353551711,4.263725872299606,19.377950096426435,20.1165,1.6662483842139475,1.6871535267095905,-0.03671363823595374,VASP,4.135423863504146,17.68072613611283,27.145500000000002,1.6161084312128096,1.8643884854611974,-0.3486682457087609,VASP,3.565571,22.66508075730983,23.631,1.7555891461383426,1.7801823751934314,-0.0408750896149198,OQMD
Al,Fe,16.602,11.776,1.582549367713697,1.4113554216028104,3.794358879410456,13.656997312525254,15.395499999999998,1.482821490241729,1.5432456551141265,-0.11292278181772235,VASP,3.6487962192026,12.144757189187853,12.982500000000002,1.4259361381723168,1.4579968107139059,-0.06452862012802991,VASP,2.8699323497031406,11.819115676606646,14.189,1.4130757971977403,1.501830983541437,-0.16702264595062047,VASP
Al,Ga,16.602,19.58,1.582549367713697,1.672019581917477,4.074592017389704,16.91189987277043,17.3465,1.5923355695578287,1.6058602584167774,-0.025054052819275866,VASP,4.18916130492805,18.378973799402136,18.8355,1.637108825615764,1.650553153492115,-0.024237540845630002,VASP,3.314784422053444,18.211087116746604,18.091,1.6321087290494245,1.6285133437315165,0.006637947971179223,VASP
Al,Ge,16.602,22.634,1.582549367713697,1.7547862958334142,4.107539973032171,17.325485134586692,18.11,1.6052115094040282,1.6290832574583414,-0.043319429343639256,VASP,4.212130623810179,18.682952128177334,21.126,1.6460851509284415,1.7149161438358462,-0.11564176236971822,VASP,3.314254058428524,18.202347224486108,19.618000000000002,1.6318475925797211,1.6731005435325568,-0.0721609121986897,VASP
Al,Hf,16.602,22.312,1.582549367713697,1.7464250978479678,4.085957195435621,17.053811040250167,18.0295,1.5967770393245284,1.6266658822774347,-0.054116251684729555,VASP,4.326347633234908,20.244369164333282,20.884500000000003,1.690720737995642,1.7083564470489578,-0.03065100125292541,VASP,3.3503146472436427,18.802984690542758,19.457,1.6496028352399235,1.668511060278547,-0.03361336842561768,VASP
Al,In,16.602,26.16,1.582549367713697,1.841548000906085,4.2705452380320335,19.47107765497987,18.9915,1.6689133672530407,1.6550973862968466,0.02525222625805599,VASP,4.663857603738017,25.36155365861888,23.770500000000002,1.8226183927347797,1.7836784661271123,0.06693395841984304,VASP,3.5754288911526104,22.85359041943956,21.381,1.7604429007575428,1.7217884944896047,0.06887378604553383,VASP
Al,Ir,16.602,14.155,1.582549367713697,1.500630450421227,3.873354360449106,14.527861858351256,15.99025,1.5136926335992316,1.562867697064312,-0.09145498923711282,VASP,3.858665536078437,14.363206920820117,14.766749999999998,1.5079522950768516,1.5219443440590672,-0.027327819539159352,VASP,2.99455485,13.426623817739934,15.378499999999999,1.4744364905862015,1.542677418973197,-0.12692240350229642,MP
Al,La,16.602,37.168,1.582549367713697,2.070269390695367,4.443230208975512,21.92989004022353,21.743499999999997,1.736398018572197,1.7314645908482944,0.008572218834296794,VASP,4.973235571368961,30.750848424995976,32.0265,1.9435221642519724,1.970033554995366,-0.039831126567187264,VASP,3.802015149080944,27.479671279891996,26.884999999999998,1.8720077455139887,1.8584054789047189,0.022119073085065933,VASP
Al,Mg,16.602,23.24,1.582549367713697,1.770309384051908,4.1421662449584735,17.7673470021855,18.261499999999998,1.6187433290792541,1.6336133710575877,-0.02705982519587653,VASP,4.375452770015608,20.941558992241703,21.5805,1.7099108447867515,1.7271270965455234,-0.029607331051564975,VASP,3.402103614978337,19.688499256878302,19.921,1.6751022993214797,1.6816702530971315,-0.011671138151784421,VASP
Al,Mn,16.602,12.21,1.582549367713697,1.428485001664581,3.8547927757275935,14.32000329408391,15.504,1.5064388345800208,1.546862520132244,-0.07636717659417497,VASP,3.637063174563337,12.027975718034456,13.308,1.4213509074943564,1.470081439022532,-0.09618457183390017,VASP,2.911647784197188,12.342027756093737,14.406,1.4336153304237493,1.5094483848742926,-0.14327170928129,VASP
Al,Mo,16.602,15.583,1.582549367713697,1.5494853952179959,3.940918198789551,15.301438804568681,16.34725,1.5400963330484507,1.574413113352592,-0.06397474776683038,VASP,3.9558676034219937,15.476232757528216,15.83775,1.5459385053784307,1.5578834297093216,-0.022826300609100666,VASP,3.1232236194801866,15.23278265221292,16.0925,1.537789455692321,1.5661918853505392,-0.05342347974442011,VASP
Al,Nb,16.602,17.978,1.582549367713697,1.6251155863008009,3.998656029981856,15.983877777941613,16.945999999999998,1.5626600650550557,1.5934050806079272,-0.05677577139492417,VASP,4.1349639813895545,17.674828207044175,17.634,1.6159287109743803,1.6146835062721596,0.0023153117298500055,VASP,3.237584861850108,16.96811060944942,17.29,1.5940977877500841,1.6041148574954072,-0.018617084473717807,VASP
Al,Ni,16.602,10.941,1.582549367713697,1.3771760758322233,3.844704772286192,14.207870792163273,15.18675,1.5024964799499108,1.5362388536094964,-0.06445613497533881,VASP,3.5635919001406022,11.313680188465375,12.35625,1.392638603758236,1.4341657910265635,-0.08437590786319674,VASP,2.8941167973920114,12.120433859802537,13.7715,1.4249835544315557,1.486954041770486,-0.11989007299113842,VASP
Al,Os,16.602,13.977,1.582549367713697,1.4943137246635851,3.869010505959911,14.479038926624309,15.94575,1.5119950712463364,1.5614165580223314,-0.09198131623634456,VASP,3.859164327774387,14.368777635152204,14.63325,1.5081472210365234,1.5173440325269174,-0.018073385259446535,VASP,2.99791198,13.471831344672138,15.2895,1.4760894491137908,1.5396956802401893,-0.11888345958519654,MP
Al,Pb,16.602,30.321,1.582549367713697,1.9344238453824663,4.420297148320125,21.59207619904249,20.03175,1.7274358628411322,1.6847808884751163,0.07789265536173788,VASP,4.879943301648575,29.05255533385064,26.891250000000003,1.907063888476986,1.8585494766023696,0.0803720665216618,VASP,3.686804,25.056485437069924,23.4615,1.8152809427548704,1.7759158715638073,0.06798309729002505,OQMD
Al,Pd,16.602,14.716,1.582549367713697,1.5201988160139424,3.958704336593992,15.50955042887416,16.130499999999998,1.5470470902654179,1.567423691213604,-0.038495370331101814,VASP,3.8969185259278656,14.794625851493294,15.1875,1.5229014227733715,1.5362641423244152,-0.0258682566917996,VASP,3.078064583732037,14.581533102811438,15.658999999999999,1.5155543878702178,1.5520003145278571,-0.06880815487505978,VASP
Al,Pt,16.602,15.095,1.582549367713697,1.5331388987435077,3.934765630878757,15.229884737700868,16.22525,1.537691932144835,1.5704866992306314,-0.061346682627332796,VASP,3.912976007345799,14.97826685205416,15.47175,1.529176627434394,1.545789228380654,-0.031895755033906306,VASP,3.091546,14.77396762393522,15.848500000000001,1.5221922666488505,1.558235825287147,-0.06780025718931007,MP
Al,Re,16.602,14.712,1.582549367713697,1.520061066935985,3.90020590083896,14.832098937828448,16.1295,1.524186116794041,1.5673913000688202,-0.08043653319517358,VASP,3.895376218054154,14.777066717365875,15.1845,1.5222986945306325,1.5361629824688352,-0.026832182991479808,VASP,3.062743,14.364869077904146,15.657,1.508010461216783,1.5519342368134812,-0.08252736297476235,MP
Al,Rh,16.602,13.754,1.582549367713697,1.4863239306523217,3.871337912790901,14.505184285663125,15.889999999999999,1.5129046132731208,1.5595947430487784,-0.08715013935411416,VASP,3.8200741593640366,13.936553638084314,14.466000000000001,1.4928709270384601,1.5115410651983066,-0.03659936139331445,VASP,2.97732247,13.196161730460215,15.178,1.4659517403764506,1.5359437570638332,-0.13057308403872617,MP
Al,Ru,16.602,13.571,1.582549367713697,1.4797025210257315,3.8640886859681434,14.423852252912992,15.844249999999999,1.5100716421014293,1.5580965251574121,-0.08964752178784145,VASP,3.820304541493604,13.939075259191428,14.32875,1.4929609595270958,1.5067454847806976,-0.027195305997283172,VASP,3.0053681115348145,13.572599257861942,15.086500000000001,1.4797606433193473,1.532851074354574,-0.1003480424311841,VASP
Al,Sc,16.602,24.987,1.582549367713697,1.8136013727062499,4.104012215054653,17.280883518397726,18.698249999999998,1.6038328745653943,1.6465343078136538,-0.07580209279490178,VASP,4.423925449917235,21.645289966299895,22.89075,1.7288537897563923,1.7613965349530163,-0.054408878420327225,VASP,3.3816814210267068,19.33606417572881,20.7945,1.6650469724069927,1.705898907229362,-0.07013565242113001,VASP
Al,Si,16.602,20.024,1.582549367713697,1.6845635878380372,4.0,16.0,17.4575,1.563185283593544,1.6092782702569253,-0.0834884720034369,VASP,3.891730498071937,14.735615540515601,19.1685,1.5208739605745563,1.6602233078869242,-0.23125880791321177,VASP,3.1575706113407054,15.740887612881265,18.313000000000002,1.5547009703172798,1.6351476029136134,-0.14045281423681197,VASP
Al,Sn,16.602,27.053,1.582549367713697,1.8622684018206264,4.298854101262721,19.86086348358025,19.21475,1.6799763668524093,1.66155750469303,0.03362591153047795,VASP,4.671042254199842,25.478942368241352,24.440250000000002,1.8254261277022021,1.800275667332532,0.04249925300442301,VASP,3.567226024716172,22.696656639332602,21.8275,1.756404034813481,1.7336914039740954,0.03981933979304095,VASP
Al,Sr,16.602,56.0,1.582549367713697,2.3733755965792427,4.468845381101265,22.31135747541783,26.4515,1.7464083335981202,1.8483628531574936,-0.15651825131210595,VASP,5.302601717507984,37.27408859451478,46.1505,2.0722372423915827,2.2251669479911445,-0.19233619149272968,VASP,3.945218628465202,30.703170875756772,36.301,1.9425172022310895,2.0540451859503612,-0.15420592061494806,VASP
Al,Ta,16.602,18.014,1.582549367713697,1.6261995992423404,4.0,16.0,16.955,1.563185283593544,1.5936871158514023,-0.0563255676791506,VASP,4.124857290152427,17.545542121319315,17.661,1.6119790532224547,1.6155071844491615,-0.006537448540891601,VASP,3.22146785704704,16.715963401829942,17.308,1.5861622176266663,1.6046713266164176,-0.03420595089958734,VASP
Al,Tb,16.602,32.09,1.582549367713697,1.9713347123038616,4.327744238995429,20.263980993772872,20.474,1.6912665263885989,1.6970893049610634,-0.010257839514854357,VASP,4.672988219738223,25.510799371181356,28.218000000000004,1.8261866038751964,1.8886256047731902,-0.09593878477633591,VASP,3.601771,23.362445179558716,24.346000000000004,1.7734130310336953,1.7979585257354194,-0.0403990314811997,MP
Al,Ti,16.602,17.649,1.582549367713697,1.6151412089743407,3.976171253344517,15.715755085090517,16.86375,1.5538730970689616,1.5908229535088616,-0.06807471143188687,VASP,4.037709203345485,16.456789797667785,17.38725,1.5779219015249686,1.6071167583803678,-0.05351393707068206,VASP,3.184028842909885,16.139905363873783,17.125500000000002,1.5677282762295353,1.5990113641044519,-0.0575512911229581,VASP
Al,Tl,16.602,28.59,1.582549367713697,1.8968886969006673,4.354232,20.638337214749388,19.599,1.701617845938021,1.6725602373791173,0.05303011453387355,MP,,,,,,,,3.616504,23.650310870582796,22.596,1.7806671552370996,1.7538037145947056,0.04665918173936963,OQMD
Al,V,16.602,13.824,1.582549367713697,1.48884117815856,3.909177664311137,14.934690770239323,15.907499999999999,1.5276922489509381,1.5601670714462252,-0.06115412414022795,VASP,3.805634871658176,13.779116197356366,14.5185,1.4872281065266166,1.513367418936743,-0.050927010548171885,VASP,3.0869383818181992,14.70800897700828,15.213000000000001,1.5199236021153104,1.5371234637203604,-0.033194703411011696,VASP
Al,W,16.602,15.85,1.582549367713697,1.5582849840929494,3.936883978894957,15.254495785347638,16.413999999999998,1.5385197747559485,1.5765531136512878,-0.07064117306277325,VASP,3.9772591068224616,15.728657786433955,16.038,1.5542982262058187,1.5644218268623462,-0.01928807915987316,VASP,3.125348710418148,15.263897695282148,16.226,1.5388357920533815,1.5705108970473316,-0.05929386815714599,VASP
Al,Y,16.602,33.018,1.582549367713697,1.9901572114304584,4.254310921971744,19.249865027768347,20.706,1.662569056264378,1.7034754020271783,-0.0703243007935696,VASP,4.769407196984422,27.122718516336707,28.914,1.863866785447796,1.9040273793852727,-0.06195204688605153,VASP,3.615430145148911,23.62924954121998,24.810000000000002,1.7801384186277038,1.8093088951279568,-0.04759171538815081,VASP
Al,Zn,16.602,15.207,1.582549367713697,1.536921356892218,4.01957050749632,16.235996978146236,16.25325,1.5708333659212204,1.571389579137517,-0.001061512119346297,VASP,3.962407306438505,15.553114027491343,15.55575,1.5484941972570514,1.5485816729345216,-0.00016945325739076784,VASP,3.1839602119674737,16.138861711544383,15.9045,1.5676944842400933,1.5600689878278582,0.014735559844344829,VASP
Al,Zr,16.602,23.279,1.582549367713697,1.771299106960212,4.100816784554609,17.24054966285476,18.27125,1.6025841120822903,1.6339040535781804,-0.056411046706998015,VASP,4.382544034287401,21.043543593536572,21.609750000000002,1.7126820847746864,1.7279070546970154,-0.02620143252297825,VASP,3.3793801698842216,19.296616166959005,19.9405,1.6639138996037066,1.6822187843940994,-0.032290255161154184,VASP
As,Cu,21.39,11.81,1.722030047311866,1.412712418206345,,,,,,,,3.70290901,12.693141749320482,14.205,1.4470832177294848,1.502395276756989,-0.10643141504255672,MP,3.1526047795368872,15.666738454809858,16.6,1.5522559312432207,1.5824858166186277,-0.05622057501145443,VASP
As,Er,21.39,30.66,1.722030047311866,1.9416063353551711,,,,,,,,4.599991,24.33385717027945,28.3425,1.7976595589656876,1.8913991172274693,-0.14143575301122166,MP,3.547401,22.32034261428746,26.025,1.7466427376149016,1.8383747355711182,-0.14234994757781136,MP
As,Ga,21.39,19.58,1.722030047311866,1.672019581917477,,,,,,,,4.3098600000000005,20.01379732285632,20.0325,1.684277431587118,1.6848019145944335,-0.00093361672999771,MP,3.3954452535075137,19.573126451724164,20.485,1.6718239051654684,1.6973931804474234,-0.04451420787287456,VASP
As,In,21.39,26.16,1.722030047311866,1.841548000906085,,,,,,,,4.671681,25.489396219090434,24.9675,1.8256757472108929,1.813129468242578,0.020903022693118365,MP,3.594062230545051,23.212760045494452,23.775,1.7696174448610487,1.7837910152481913,-0.023648368223156534,VASP
Au,Ba,16.966,50.0,1.594031690087204,2.285390748670416,4.648746593808789,25.115835396937563,25.2245,1.8167130656493784,1.8193293218790032,-0.004307899187791097,VASP,5.171853706076615,34.58427721882303,41.7415,2.021141400559424,2.151921778054351,-0.17146539489900864,VASP,4.006339,32.15237722488576,33.483000000000004,1.9726111930321233,1.999456305488107,-0.039740249533024005,OQMD
Au,Bi,16.966,35.39,1.594031690087204,2.036716825299433,,,,,,,,4.826412,28.1069153036899,30.784,1.8861440527398212,1.9442203312327873,-0.08696351014520856,MP,3.644802,24.209834827418987,26.178,1.7946003125511518,1.841970277463171,-0.07518393966617058,OQMD
Au,Ca,16.966,43.63,1.594031690087204,2.183897248992819,4.327678286798651,20.263054575559444,23.632,1.691240752512743,1.7802074856735204,-0.1425586249340114,VASP,4.858278013700526,28.667320336312383,36.964000000000006,1.8985971736556841,2.0664748183462844,-0.22445297218070615,VASP,3.624862,23.814662806675432,30.298000000000002,1.7847824046833802,1.9339346024713013,-0.21398564899744435,OQMD
Au,Cd,16.966,21.58,1.594031690087204,1.7271137578027125,4.201122370116691,18.536852925098525,18.119500000000002,1.6417831658855102,1.6293680648500395,0.023033357713983457,VASP,4.314160470026885,20.073767701447547,20.426499999999997,1.6859580394517584,1.6957758641315994,-0.017268367001319365,VASP,3.36095728,18.98274358145101,19.273,1.654842975052985,1.6632348287321852,-0.015060261430446151,MP
Au,Ce,16.966,34.367,1.594031690087204,2.016899869469424,4.44551590520426,21.963751119531715,21.31625,1.737291260249083,1.7200486548256466,0.030375939460820473,VASP,4.575562775150233,23.948237857247516,30.016750000000002,1.78811309856832,1.9279318864536685,-0.2021708593619391,VASP,3.748014,26.325317494685912,25.6665,1.845419064148366,1.8298943393365037,0.02566838075646904,OQMD
Au,Co,16.966,11.073,1.594031690087204,1.3826923611463033,4.036447946168879,16.44137281721019,15.492750000000001,1.5774290068606445,1.546488285221396,0.06123011196915909,VASP,3.695975661422517,12.621975029322087,12.54625,1.4443736906138984,1.4414794076256159,0.006035670365414874,VASP,3.071978,14.495203199158269,14.0195,1.5125575213551417,1.4958267835384471,0.033931538154589526,OQMD
Au,Cr,16.966,12.008,1.594031690087204,1.4205636251907152,4.106607091877015,17.313683217959348,15.726500000000001,1.6048469428807577,1.5542271458238959,0.10092412284738156,VASP,3.7328005054024898,13.003023559520047,13.2475,1.458764704158929,1.4678503237482046,-0.018454534099260504,VASP,3.20598,16.476024556843594,14.487,1.578536422563624,1.5122721360962594,0.13729720141116822,OQMD
Au,Cu,16.966,11.81,1.594031690087204,1.412712418206345,4.037095890437225,16.44929176246958,15.677000000000001,1.5776822210968613,1.5525947609241375,0.049262726444446,VASP,3.77826551549799,13.48395927134403,13.099,1.4765322628338582,1.4623449991764126,0.02938844731231622,VASP,3.098637,14.875860992359781,14.388000000000002,1.5256836801237939,1.5088194479744528,0.03390749182372669,OQMD
Au,Dy,16.966,31.54,1.594031690087204,1.960007319637871,4.043785923070843,16.53120368469781,20.6095,1.580296661236769,1.7008249398196231,-0.19788429196740287,VASP,4.480296451138539,22.483310714992527,27.896500000000003,1.7508833696390365,1.881425545171068,-0.1940454639473581,VASP,3.571132689999999,22.771307402291527,24.253,1.7583275694086082,1.7956662462892017,-0.061093167761038784,MP
Au,Er,16.966,30.66,1.594031690087204,1.9416063353551711,4.349830261358977,20.57580993441927,20.3895,1.699897662671553,1.6947513513790944,0.009137543069681302,VASP,4.182395465210407,18.290066887618135,27.2365,1.6344647603463205,1.866469494850849,-0.32847220136147687,VASP,3.53853832,22.15346755966627,23.813000000000002,1.7422789976098092,1.7847408642089864,-0.06969018772660861,MP
Au,Fe,16.966,11.776,1.594031690087204,1.4113554216028104,4.065096489621262,16.793939496793765,15.668500000000002,1.5886247522409331,1.55231410685948,0.07182815820236547,VASP,3.770029310166561,13.395970689278807,13.073500000000001,1.4733135840921723,1.4613954605042478,0.024665979980785988,VASP,3.125656,15.268400454841153,14.371,1.5389870929963778,1.5082249701829344,0.06244523379313565,OQMD
Au,Ga,16.966,19.58,1.594031690087204,1.672019581917477,4.124183632309961,17.536947088106004,17.619500000000002,1.6117157902160748,1.6142408135373099,-0.0046853152412950575,VASP,4.1793158741917,18.24969447735841,18.926499999999997,1.6332612675063383,1.6532069914818222,-0.03575967678342994,VASP,3.312315,18.170417172005425,18.273,1.6308928535124456,1.6339562164170802,-0.00561390182206393,OQMD
Au,Ge,16.966,22.634,1.594031690087204,1.7547862958334142,4.182970646002984,18.297613908523303,18.383000000000003,1.634689538883911,1.637228361620184,-0.004644839877968761,VASP,4.264609256176223,19.389997106068698,21.217,1.6665936073828707,1.7173749439241994,-0.08611033105204793,VASP,3.357963,18.932053535793624,19.8,1.6533686738909832,1.6782585187566017,-0.043835680010423046,OQMD
Au,Hf,16.966,22.312,1.594031690087204,1.7464250978479678,4.213667683875268,18.703412533554623,18.302500000000002,1.646685828346878,1.6348350320214737,0.02190479626032623,VASP,4.332481050712509,20.330591972947964,20.975500000000004,1.6931176549804223,1.7108341248458303,-0.030745776122239738,VASP,3.39016,19.481867734178046,19.639000000000003,1.669221591625118,1.6736973182993293,-0.008001031917203378,OQMD
Au,In,16.966,26.16,1.594031690087204,1.841548000906085,4.227021380585061,18.881797785866926,19.2645,1.651904403891458,1.6629902797964728,-0.0198656707484272,VASP,4.566313570042654,23.803301775635823,23.8615,1.7844985432410436,1.7859517046841242,-0.002439001083929179,VASP,3.496107,21.366045661607167,21.563000000000002,1.721386982039702,1.7266601179029364,-0.009133902443669033,OQMD
Au,Ir,16.966,14.155,1.594031690087204,1.500630450421227,4.073967295274822,16.90412219734973,16.26325,1.592091430453749,1.5717117849358195,0.039406157892778466,VASP,3.935799158224276,15.241888988021293,14.85775,1.5380958308290118,1.525064267983687,0.02585445225699001,VASP,3.182268,16.11314292667358,15.560500000000001,1.5668612855846573,1.5487392784152647,0.035515756349318944,OQMD
Au,La,16.966,37.168,1.594031690087204,2.070269390695367,4.504768474630062,22.85374797748313,22.0165,1.7604469463844625,1.738680927314908,0.038028205095411646,VASP,4.886633566375095,29.172209930670938,32.1175,1.9096784193179461,1.9718976729989504,-0.09170359054500075,VASP,3.772715,26.84924022953381,27.067,1.8575811575406345,1.8625895893847482,-0.008045212637757836,OQMD
Au,Mg,16.966,23.24,1.594031690087204,1.770309384051908,4.13648622632521,17.694355818906764,18.5345,1.6165235986947404,1.6417136978499407,-0.04532866713929358,VASP,4.261072276558795,19.341792108404583,21.6715,1.665211368761287,1.7295513247037901,-0.10750099862009638,VASP,3.27353901,17.539716375328506,20.103,1.6118006219526846,1.6867760311286633,-0.1275075175183552,MP
Au,Mn,16.966,12.21,1.594031690087204,1.428485001664581,4.110246685446767,17.359758214011812,15.777000000000001,1.6062692826573821,1.5558889821705888,0.1003206068334798,VASP,3.664835443227195,12.305618457983906,13.399000000000001,1.4322042079111936,1.4734246321169209,-0.08160172714501791,VASP,3.20775807,16.503453089390604,14.588000000000001,1.579411895354118,1.5157784037720636,0.13130333763302732,MP
Au,Mo,16.966,15.583,1.594031690087204,1.5494853952179959,4.153803563253507,17.91751894368505,16.620250000000002,1.6232911502540768,1.5831290358179555,0.07805351566222211,VASP,3.9849957320988407,15.820623324881424,15.92875,1.5573216708999973,1.5608614776176244,-0.006788145656035567,VASP,3.22595,16.785833069397437,16.2745,1.5883691016067234,1.572074108621951,0.03141927981796293,OQMD
Au,Nb,16.966,17.978,1.594031690087204,1.6251155863008009,4.188343591385821,18.368213314454536,17.219,1.636789266171912,1.6019161220443001,0.06674100205903565,VASP,4.156494038754668,17.95235776733545,17.725,1.6243425781813978,1.6174562590448147,0.012826954433593687,VASP,3.307198,18.086335981928325,17.472,1.628373383374061,1.6097236963380206,0.03516117112685005,OQMD
Au,Ni,16.966,10.941,1.594031690087204,1.3771760758322233,4.0083546788046,16.1004656934195,15.459750000000001,1.5664502613326694,1.54538948328591,0.0414441173640906,VASP,3.697838435766671,12.641069102508213,12.44725,1.4451016559742578,1.4376779139049023,0.015571238828513365,VASP,3.062084,14.355598552752506,13.953500000000002,1.5076859877320858,1.4934757748958054,0.02881703893306366,OQMD
Au,Os,16.966,13.977,1.594031690087204,1.4943137246635851,4.068413413845706,16.835082202183884,16.21875,1.5899209940245445,1.5702769535767247,0.03800121477819707,VASP,3.909427989675864,14.937559996177606,14.72425,1.527790075182501,1.5204828446740744,0.014486985495193767,VASP,3.161764,15.803684649783554,15.4715,1.5567656796207257,1.5457809024664646,0.0214707461967846,OQMD
Au,Pb,16.966,30.321,1.594031690087204,1.9344238453824663,4.370018156781968,20.86362330476766,20.304750000000002,1.7077870179295391,1.6923999836015426,0.027524264261695335,VASP,4.784403980540932,27.379375484332336,26.98225,1.8697274732869895,1.860643560289018,0.01471802701154778,VASP,3.639929,24.112860945123682,23.643500000000003,1.7922009813054323,1.7804962052933662,0.019851584795976856,OQMD
Au,Pd,16.966,14.716,1.594031690087204,1.5201988160139424,4.091964991373335,17.129147025244713,16.4035,1.5991248638736952,1.5762168694134444,0.04423732893862356,VASP,3.984146001447193,15.810505068953912,15.2785,1.5569895992875786,1.5393263480015718,0.03482050390770774,VASP,3.211784,16.56566959892757,15.841000000000001,1.5813941526170117,1.5579899847199463,0.04574645533284321,OQMD
Au,Pt,16.966,15.095,1.594031690087204,1.5331388987435077,4.097407971657165,17.19759165804261,16.498250000000002,1.6012519605433384,1.5792458960528142,0.04238883869759576,VASP,4.005910708115939,16.071033358427385,15.562750000000001,1.5654951665791572,1.5488139224483988,0.03266025338885378,VASP,3.209449,16.529565623105178,16.0305,1.5802444628040104,1.564177927100534,0.031132255581870685,OQMD
Au,Re,16.966,14.712,1.594031690087204,1.520061066935985,4.084701484402969,17.03809275655865,16.4025,1.5962863120728565,1.5761848386699935,0.038749748913802846,VASP,3.932375683809532,15.202150037821722,15.2755,1.53675794962304,1.5392255902629104,-0.004801804338861375,VASP,3.17691,16.031890555685184,15.839,1.5642231536711404,1.5579244141306674,0.012178202896974773,OQMD
Au,Rh,16.966,13.754,1.594031690087204,1.4863239306523217,4.06929595989458,16.84604049749627,16.163,1.590265889773468,1.5684756754622606,0.0422595123118399,VASP,3.905634877569062,14.894122784745777,14.557,1.5263077409264076,1.5147039486406353,0.023158809146512107,VASP,3.169538,15.920543627176917,15.36,1.5605933835206285,1.5420585683256394,0.036493725727663906,OQMD
Au,Ru,16.966,13.571,1.594031690087204,1.4797025210257315,4.06860534674337,16.837464967812412,16.117250000000002,1.589996000694811,1.5669943998492553,0.044685971106262545,VASP,3.877882765712646,14.57887577333741,14.41975,1.5154623177157598,1.5099284699203868,0.011035265752694022,VASP,3.159212,15.76544796382991,15.2685,1.5555091449728544,1.538990437559378,0.03254726815534667,OQMD
Au,Sc,16.966,24.987,1.594031690087204,1.8136013727062499,4.211789390556995,18.67841186436867,18.97125,1.6459517982285292,1.6545089188006088,-0.01543589039369212,VASP,4.386213748699515,21.096450176452972,22.981749999999998,1.7141161956656885,1.7637275369301182,-0.08203465025713995,VASP,3.39047224,19.487251178017644,20.9765,1.669375330017928,1.7108613122301237,-0.07099605854086037,MP
Au,Si,16.966,20.024,1.594031690087204,1.6845635878380372,4.114513310546824,17.413875033238984,17.7305,1.6079366640491373,1.617623538583145,-0.01785764455379235,VASP,4.022788647033698,16.275024690369165,19.259500000000003,1.5720910030125652,1.6628463938772937,-0.15496120406193503,VASP,3.265319,17.407918728553227,18.495,1.607753314989186,1.6405466164137448,-0.05877703549320216,OQMD
Au,Sn,16.966,27.053,1.594031690087204,1.8622684018206264,4.277270731067066,19.563215025899286,19.487750000000002,1.6715416651873594,1.6693895737577413,0.003872434011072799,VASP,4.634332807977021,24.88293843885084,24.53125,1.8110802111761062,1.8025072617767797,0.014336344004110652,VASP,3.546395,22.30135866165779,22.009500000000003,1.7461474108689148,1.7384966404302147,0.013260576644530207,OQMD
Au,Sr,16.966,56.0,1.594031690087204,2.3733755965792427,4.489260658801791,22.61853519629251,26.7245,1.7543865490136044,1.8546999478345214,-0.1536404723645902,VASP,5.050504585013892,32.20655834884006,46.2415,1.9737186105038587,2.2266285229626455,-0.3035139788103747,VASP,3.818951,27.848529163320574,36.483000000000004,1.880346492955594,2.0574722099868175,-0.2366710752043261,OQMD
Au,Ta,16.966,18.014,1.594031690087204,1.6261995992423404,4.164092645970634,18.050995546943007,17.228,1.6273120859253494,1.6021951691040692,0.04777081187270752,VASP,4.140821548009934,17.75004884903414,17.752000000000002,1.6182178264590417,1.6182771177811563,-0.00010991161366956227,VASP,3.297947,17.93498510397805,17.490000000000002,1.6238184452755278,1.6102762963458421,0.025442258660837526,OQMD
Au,Tb,16.966,32.09,1.594031690087204,1.9713347123038616,4.139748574240178,17.736254193563546,20.747,1.6177985122574006,1.7045990126343962,-0.1451171642375502,VASP,4.653530738758191,25.193457285683053,28.309000000000005,1.8185826918942491,1.8906536307579467,-0.11005484878720376,VASP,3.58866274,23.108297017698614,24.528000000000002,1.7669588841436856,1.8024276570912783,-0.05788091088965214,MP
Au,Ti,16.966,17.649,1.594031690087204,1.6151412089743407,4.1400396648287225,17.739995884358887,17.13675,1.6179122693884518,1.5993614257129265,0.03520188392541688,VASP,4.055722264198008,16.67802533655795,17.478250000000003,1.5849613394342534,1.6099156143346243,-0.045784026629785674,VASP,3.278944,17.62674018028033,17.3075,1.6144618904504895,1.6046558743517716,0.018445193140564968,MP
Au,Tl,16.966,28.59,1.594031690087204,1.8968886969006673,,,,,,,,4.73532544,26.545414048393752,25.683999999999997,1.8505477602085312,1.8303101326294196,0.03353893662956529,MP,3.602938,23.38516134463778,22.778,1.7739876297539408,1.7584998128693954,0.026655603856255206,OQMD
Au,V,16.966,13.824,1.594031690087204,1.48884117815856,4.109073255491266,17.344894401535747,16.180500000000002,1.6058107105479404,1.5690415445045938,0.07196281953807018,VASP,3.8590808601520905,14.367845333495723,14.6095,1.508114602196816,1.5165226967667358,-0.016540926554931928,VASP,3.19684,16.335510315102752,15.395,1.574036137813803,1.5432289482586377,0.06109193342661595,OQMD
Au,W,16.966,15.85,1.594031690087204,1.5582849840929494,4.131418448226913,17.629401230040372,16.687,1.6145431296587969,1.585245584593246,0.056475174090032415,VASP,4.0017563649692605,16.02108563543936,16.128999999999998,1.563871664561686,1.5673751039943784,-0.006690703984167564,VASP,3.226686,16.79732474657946,16.408,1.5887314877747616,1.5763609916516217,0.023727739308840687,OQMD
Au,Y,16.966,33.018,1.594031690087204,1.9901572114304584,4.354236953402338,20.63840764974512,20.979,1.7016197817094307,1.710929276910812,-0.016234918263734223,VASP,4.704601776171257,26.032064597691857,29.005000000000003,1.8385410654197394,1.906022779962487,-0.1024973419171917,VASP,3.5866487,23.069412126960373,24.992,1.7659672262117896,1.8137223343007118,-0.07692813192380074,MP
Au,Zn,16.966,15.207,1.594031690087204,1.536921356892218,4.087257227060816,17.070094286038103,16.52625,1.5972850869007058,1.5801387966795069,0.03290790627263303,VASP,3.949252509995464,15.39872337056988,15.64675,1.5433533512049438,1.5515955001784698,-0.015851638802314962,VASP,3.15005251,15.628719058740817,16.0865,1.5509992638827956,1.5659972124812707,-0.028457460681887543,MP
Au,Zr,16.966,23.279,1.594031690087204,1.771299106960212,4.244157064361558,19.11236150232497,18.54425,1.6586009660673915,1.6420015197068185,0.030635453163377725,VASP,4.385584107956428,21.08736629777034,21.70075,1.7138701343798022,1.730329099402611,-0.028265553136626993,VASP,3.424988,20.088484161989797,20.122500000000002,1.6863699414354867,1.6873212483128734,-0.0016904379679565339,OQMD
B,Ga,7.241,19.58,1.200153085653299,1.672019581917477,,,,,,,,3.959949,15.524184186524936,16.49525,1.5475335001452428,1.5791501682254536,-0.058869420801446644,MP,2.9270368651603853,12.538759751403378,13.410499999999999,1.4411924908583709,1.4738460451065438,-0.06500430622248399,VASP
B,Ge,7.241,22.634,1.200153085653299,1.7547862958334142,,,,,,,,4.015178,16.18282798919735,18.78575,1.5691167901521397,1.6490986761813506,-0.1385583227075124,MP,2.9228258721930445,12.484720763008232,14.9375,1.439119113677569,1.5277880297416249,-0.16420279410823552,VASP
B,In,7.241,26.16,1.200153085653299,1.841548000906085,,,,,,,,4.443764,21.937794684559478,21.43025,1.7366066221406953,1.7231094968943763,0.023683563400309228,MP,3.207893390154693,16.505541785596364,16.700499999999998,1.5794785232784625,1.5856729641263188,-0.011673795060245752,VASP
B,Si,7.241,20.024,1.200153085653299,1.6845635878380372,,,,,,,,3.647779,12.134602796538276,16.82825,1.4255386126503935,1.5897058850563073,-0.27891475367086443,MP,2.71288174167735,9.98303496807322,13.6325,1.3357483949823574,1.481934353248224,-0.26770328493869655,VASP
B,Sn,7.241,27.053,1.200153085653299,1.8622684018206264,,,,,,,,4.528904,23.223055151002225,22.1,1.769879020901984,1.7408762006524048,0.05081697515847163,MP,3.183809006925816,16.136562535792525,17.147,1.5676200350340683,1.5996802373745747,-0.0589279444921837,VASP
B,Tl,7.241,28.59,1.200153085653299,1.8968886969006673,,,,,,,,4.641985,25.006401905938336,23.25275,1.8140706596654943,1.7706330690514192,0.07541696814090107,MP,3.32,18.297183999999998,17.9155,1.634676736258876,1.6232301772192255,0.021304680304763825,OQMD
B,Zn,7.241,15.207,1.200153085653299,1.536921356892218,,,,,,,,3.700246,12.66577597293562,13.2155,1.4460425232189693,1.466667482164682,-0.04159691476405587,MP,2.8077141128112317,11.06696812783716,11.224,1.3824412476741719,1.3889491603738606,-0.013990722751500324,VASP
Ba,Ca,50.0,43.63,2.285390748670416,2.183897248992819,5.935545059198705,52.27834463210038,48.4075,2.3195891716614465,2.260865265151117,0.07996373768734967,VASP,5.709357920263859,46.526653691520785,45.222500000000004,2.2311960699311766,2.210151202840466,0.028838602278086822,VASP,4.703071,52.013324088320395,46.815,2.315662877311376,2.2357958179604362,0.11103971138140335,OQMD
Ba,Cd,50.0,21.58,2.285390748670416,1.7271137578027125,4.943600774542358,30.204397945351865,42.894999999999996,1.931940994681565,2.171564271376262,-0.2958527113800707,VASP,4.611192471811673,24.512057064592607,28.685,1.8020370529383363,1.8989873933798218,-0.14547474064519406,VASP,4.2519734,38.4363041363032,35.79,2.0935548193287823,2.044361512992699,0.07393976351783181,MP
Ba,Ce,50.0,34.367,2.285390748670416,2.016899869469424,5.262375066681641,36.43220055305531,46.09175,2.0565168152465843,2.2242223278871007,-0.2095721999478147,VASP,4.730773797883114,26.4689404512225,38.27525,1.848768995215206,2.090626618072255,-0.3084580649055852,VASP,4.531035,46.51170447677824,42.183499999999995,2.2309570800225114,2.159490678729618,0.10260420488528091,OQMD
Ba,Co,50.0,11.073,2.285390748670416,1.3826923611463033,4.947469391159216,30.275362838387377,40.26825,1.9334528358223995,2.126300863886709,-0.24815796965630801,VASP,4.09469525071149,17.163456867648136,20.80475,1.6001918391781447,1.7061791510697095,-0.17502220081240402,VASP,3.851846,28.574375685205226,30.5365,1.8965430867023518,1.9389958649847538,-0.06425504936043012,OQMD
Ba,Cr,50.0,12.008,2.285390748670416,1.4205636251907152,5.261935752022531,36.42307699375841,40.502,2.056345132694087,2.130407194199191,-0.10070917500966854,VASP,4.705145145122083,26.041085541488453,21.506,1.8387534120066125,1.7251373477925374,0.21087536229370654,VASP,4.156507,35.905051422036635,31.003999999999998,2.0465497882521606,1.948840843714741,0.15807803580301374,OQMD
Ba,Cu,50.0,11.81,2.285390748670416,1.412712418206345,4.800154997552153,27.650678444189403,40.4525,1.8758829127853827,2.129538939574757,-0.3164655226700599,VASP,4.309517392281491,20.00902477592431,21.3575,1.6841435417512134,1.7211574534920213,-0.06313825232708378,VASP,3.944852,30.6946119505653,30.905,1.9423366844531025,1.9467643270848363,-0.006807573189927251,OQMD
Ba,Dy,50.0,31.54,2.285390748670416,1.960007319637871,6.876267821994564,81.28274455649586,45.385,2.6872201663474335,2.2127953161655465,0.7909605498842318,VASP,5.02894582197908,31.795882202536426,36.155,1.9652935252267338,2.051287745439034,-0.12056749543530841,VASP,4.397219,42.51129079338852,40.769999999999996,2.16506976010106,2.1350958056403,0.04271010040197504,OQMD
Ba,Er,50.0,30.66,2.285390748670416,1.9416063353551711,5.153590231738098,34.21918498923779,45.165,2.0140041019811092,2.2092140764530432,-0.24235171063350405,VASP,4.763062263688056,27.01461514401119,35.495000000000005,1.8613872088592305,2.0387291085810864,-0.23891773083501372,VASP,4.370687,41.74640894936892,40.33,2.152006132641295,2.127387178963147,0.03512047977607047,OQMD
Ba,Fe,50.0,11.776,2.285390748670416,1.4113554216028104,4.947356372975676,30.273288087794228,40.444,1.9334086687320775,2.1293897741012415,-0.2514764096579412,VASP,4.186387012441749,18.342483281242306,21.332,1.6360246423190212,1.7204721829921823,-0.14014235508896003,VASP,3.890976,29.454093453145823,30.887999999999998,1.9158096230547041,1.946407307577376,-0.046422770877174786,OQMD
Ba,Ga,50.0,19.58,2.285390748670416,1.672019581917477,5.544805871153316,42.6185868995982,42.394999999999996,2.166889734542486,2.163093754773628,0.005273897855836847,VASP,4.724653629448726,26.366345252113277,27.185,1.8463772559077685,1.8652923510990802,-0.030114208125316237,VASP,4.091234,34.2399375561476,34.79,2.0144111573467915,2.0251410321122316,-0.01581093543697606,OQMD
Ba,Ge,50.0,22.634,2.285390748670416,1.7547862958334142,5.451959061669536,40.51331371131795,43.158500000000004,2.1306055429890716,2.1760017698876686,-0.061290042255455,VASP,4.645989889562766,25.07118085661924,29.4755,1.8156357557722276,1.9162736325512384,-0.14942305112316198,VASP,4.043639,33.05880372615966,36.317,1.9909766876894897,2.05434692140008,-0.08971545760498777,OQMD
Ba,Hf,50.0,22.312,2.285390748670416,1.7464250978479678,5.485647986916823,41.26898763277061,43.078,2.143771051030732,2.1746480221563944,-0.04199388010653681,VASP,4.704875417959834,26.036607304214858,29.234,1.8386480036239594,1.911025774080202,-0.10937239843282287,VASP,4.029722,32.71864151187103,36.156,1.9841243394549972,2.0513066572431526,-0.09507020931875683,OQMD
Ba,In,50.0,26.16,2.285390748670416,1.841548000906085,5.641818358308323,44.89493092552234,44.04,2.2048018576038646,2.190716774382166,0.0194126004886998,VASP,5.027468787833215,31.767874457052322,32.120000000000005,1.964716305716689,1.9719488353069232,-0.010962812669604059,VASP,4.278425,39.15811470365902,38.08,2.1065788600386695,2.087065649243147,0.028311835705331367,OQMD
Ba,Ir,50.0,14.155,2.285390748670416,1.500630450421227,5.135143047380655,33.85303785169622,41.03875,2.006795010203286,2.1397769500849244,-0.1750957850398411,VASP,4.2555510052499175,19.266703285545642,23.11625,1.6630536762470958,1.7671615672017895,-0.1665298962614766,VASP,3.792995,27.284551227274736,32.0775,1.8675664720621195,1.9710787147537399,-0.1494177779666515,OQMD
Ba,La,50.0,37.168,2.285390748670416,2.070269390695367,5.709200457745101,46.52280422081194,46.792,2.231134534158167,2.2354296124888373,-0.005753029987776964,VASP,5.348861586693968,38.258160773631474,40.376,2.0903154290747064,2.128195697252365,-0.0524529231813088,VASP,4.547412,47.0178660984359,43.584,2.23902066463387,2.183129469945,0.07878730952725539,OQMD
Ba,Mg,50.0,23.24,2.285390748670416,1.770309384051908,5.76508947391576,47.90249833015574,43.31,2.2529757560562906,2.1785449481465657,0.10603782798789504,VASP,5.103251489949943,33.22621888740723,29.93,1.9943319068916445,1.9260728192222303,0.11013093509546369,VASP,4.380852,42.038358432698516,36.62,2.1570110992148104,2.0600443814893703,0.14796172672579244,OQMD
Ba,Mn,50.0,12.21,2.285390748670416,1.428485001664581,4.960536457046914,30.51588334686715,40.5525,1.9385593970962487,2.1312922606142624,-0.2474968658685125,VASP,4.333327303614614,20.342507674172126,21.6575,1.6934483675011145,1.7291788088109157,-0.0607176417327888,VASP,4.049675,33.2070669229047,31.105,1.9939486481654107,1.9509547599189776,0.06757971139381774,OQMD
Ba,Mo,50.0,15.583,2.285390748670416,1.5494853952179959,5.22930610164326,35.74968353930878,41.39575,2.0435935853736673,2.145963752670888,-0.13639241856207984,VASP,4.302917178071332,19.917231417627914,24.18725,1.6815642023207418,1.7940420910875159,-0.1765400606671732,VASP,3.97631,31.434800648995292,32.7915,1.9578257389016662,1.985596009450116,-0.04137350688454956,OQMD
Ba,Nb,50.0,17.978,2.285390748670416,1.6251155863008009,5.3717580790893855,38.75157386289451,41.9945,2.0992632940643134,2.15626070482574,-0.07722263956245441,VASP,4.4767522572011496,22.429995809353148,25.9835,1.7494983116877543,1.8373970456569721,-0.13676002811964713,VASP,4.045751,33.11063080595035,33.989000000000004,1.9920165784325556,2.0094780160796826,-0.025842748949649996,OQMD
Ba,Ni,50.0,10.941,2.285390748670416,1.3771760758322233,4.950405930948385,30.329304104059332,40.23525,1.9346004247681783,2.125719867652065,-0.2462006796513174,VASP,4.119646610117725,17.47913344996852,20.705750000000002,1.6099427386355145,1.7034685461953025,-0.15583190901230254,VASP,3.780034,27.005804714954543,30.4705,1.861184831948068,1.9375979091336903,-0.11370654518453777,OQMD
Ba,Os,50.0,13.977,2.285390748670416,1.4943137246635851,5.077534668208363,32.72643514914306,40.99425,1.9842818675698355,2.1390032543945683,-0.20168230546617985,VASP,4.220462780028265,18.794043706749637,22.98275,1.6493413269236201,1.763753118126154,-0.18225435569069684,VASP,3.772927,26.853766698233784,31.988500000000002,1.8576855405129498,1.9692540869226651,-0.16051810187305493,OQMD
Ba,Pb,50.0,30.321,2.285390748670416,1.9344238453824663,5.64492553686755,44.96914817169485,45.08025,2.2060161315531848,2.207831382440666,-0.002464534431489447,VASP,5.139651488609056,33.94228081956031,35.240750000000006,2.008556892448332,2.03384964705304,-0.036845673841779635,VASP,4.305415,39.903874232741174,40.1605,2.1198679941084366,2.1244026473621322,-0.0063900042892599705,OQMD
Ba,Pd,50.0,14.716,2.285390748670416,1.5201988160139424,5.036403765033705,31.9375522831671,41.179,1.9682080619339513,2.1422117423769507,-0.2244213729530319,VASP,4.375766166962851,20.946059205887448,23.537,1.7100333191607149,1.7778188200577212,-0.11007948311647837,VASP,3.893672,29.5153608082685,32.358,1.917137059344148,1.9768073802023058,-0.08784965670719751,OQMD
Ba,Pt,50.0,15.095,2.285390748670416,1.5331388987435077,5.1055250474637885,33.27064666808621,41.27375,1.9952204048034061,2.1438535103049965,-0.19390298511557083,VASP,4.352238159475718,20.609998775342337,23.82125,1.7008386603966736,1.7849469478897524,-0.13480615940211627,VASP,3.854389,28.63100771670213,32.5475,1.8977951899976244,1.9806588347110796,-0.12033158563016731,OQMD
Ba,Re,50.0,14.712,2.285390748670416,1.520061066935985,5.107364452101851,33.30661959869686,41.178,1.9959392373686042,2.142194401587687,-0.19115499541753206,VASP,4.228915847212568,18.90719650053985,23.534,1.6526447544795526,1.7777432839078997,-0.1966008115688004,VASP,3.83561,28.21456318899374,32.356,1.8885489266150326,1.976766651518839,-0.12799594545080548,OQMD
Ba,Rh,50.0,13.754,2.285390748670416,1.4863239306523217,5.121859074198689,33.590996159254296,40.9385,2.001603682356861,2.138033170948394,-0.17947662568842782,VASP,4.252576036411536,19.226324649670108,22.8155,1.6618910693702693,1.7594643047439915,-0.15731302624662585,VASP,3.770551,26.8030651787973,31.877,1.8565156634270006,1.9669633945271925,-0.15917228162006145,OQMD
Ba,Ru,50.0,13.571,2.285390748670416,1.4797025210257315,5.1724801831429215,34.59684653091912,40.89275,2.0213862254920634,2.1372364353793465,-0.153961361588078,VASP,4.196899749389291,18.48101395336539,22.67825,1.6401329812406933,1.7559291008526599,-0.18507759843174001,VASP,3.721547,25.77154936315737,31.7855,1.832387440901811,1.9650795950442015,-0.1892042169178597,OQMD
Ba,Sc,50.0,24.987,2.285390748670416,1.8136013727062499,5.345395664391325,38.18383809325207,43.74675,2.0889609593903136,2.1858434856467084,-0.12716171845332347,VASP,4.853465978501224,28.582221317193344,31.24025,1.8967166480037634,1.9537783692671338,-0.08508346389054683,VASP,4.21557,37.457511364147834,37.4935,2.075630785864708,2.076295318444682,-0.0009598633323686372,OQMD
Ba,Si,50.0,20.024,2.285390748670416,1.6845635878380372,5.413077844053504,39.65270568014667,42.506,2.1154109061926767,2.1649799375950534,-0.06712686020452015,VASP,4.500838200257686,22.793982537767224,27.518,1.7589110096196168,1.8728777016621743,-0.17167008729677943,VASP,4.011747,32.28275676255006,35.012,1.975273943571186,2.0294394742300965,-0.07795165193219304,OQMD
Ba,Sn,50.0,27.053,2.285390748670416,1.8622684018206264,5.593256927655224,43.745593831704156,44.26325,2.1858242291670713,2.1944123043538615,-0.011694942605792472,VASP,4.984918343185849,30.968071038525906,32.78975,1.9480877484959078,1.9855606867309963,-0.05555635408852132,VASP,4.247233,38.30789289199989,38.5265,2.0912207766780107,2.095191141002549,-0.005674201082374653,OQMD
Ba,Sr,50.0,56.0,2.285390748670416,2.3733755965792427,5.836613945994567,49.70761365596301,51.5,2.2809272565988876,2.308019851524917,-0.03480361833081537,VASP,5.66655404614926,45.48802851718388,54.5,2.2144684734069937,2.3519926721663738,-0.1653572749140573,VASP,4.87004,57.752074525688045,53.0,2.397873823087403,2.330213711589465,0.089661783503548,OQMD
Ba,Ta,50.0,18.014,2.285390748670416,1.6261995992423404,5.313421627194333,37.502726792164104,42.0035,2.0764656232894607,2.156414732616358,-0.10715233749177802,VASP,4.455278794834518,22.108774289497198,26.0105,1.7411065615979247,1.8380332512829185,-0.1500057942178275,VASP,3.836236,28.228379921665354,34.007,1.8888571518068693,2.009832682011344,-0.16992442962727217,OQMD
Ba,Tb,50.0,32.09,2.285390748670416,1.9713347123038616,4.0,16.0,45.5225,1.563185283593544,2.215027717525259,-0.6485254544456038,VASP,4.237009348554219,19.015960883646652,36.5675,1.655807665027056,2.0590594547173944,-0.47997645768382713,VASP,4.419357,43.15660388323394,41.045,2.1759699027478367,2.139885570409893,0.05144606854023486,OQMD
Ba,Ti,50.0,17.649,2.285390748670416,1.6151412089743407,5.551070765719614,42.76321021858526,41.91225,2.169338032289812,2.1548520413418615,0.02030337714117608,VASP,4.433123804258775,21.780587438732667,25.73675,1.732448472791386,1.8315623108624302,-0.15371647784849812,VASP,4.106113,34.61486922714698,33.8245,2.0217371679367897,2.0062309473975164,0.02336676749536526,OQMD
Ba,V,50.0,13.824,2.285390748670416,1.48884117815856,5.924801176855576,51.994972348850226,40.956,2.3153905019695866,2.1383377762336018,0.2695324823920847,VASP,4.197112245712982,18.483821273005606,22.868000000000002,1.6402160240221961,1.760812819498359,-0.19171675384792702,VASP,4.168039,36.20473110061333,31.912,2.0522278280481054,1.9676830203603046,0.13451777076376695,OQMD
Ba,W,50.0,15.85,2.285390748670416,1.5582849840929494,5.215302473053681,35.463248295515235,41.4625,2.0381210188416325,2.1471165775943706,-0.14469102693963853,VASP,4.312451536119508,20.049922166185507,24.3875,1.685290194368097,1.7989795411344687,-0.17786070051520217,VASP,3.933018,30.419201269614444,32.925,1.9365099481588592,1.9882869319295755,-0.07610626364117096,OQMD
Ba,Y,50.0,33.018,2.285390748670416,1.9901572114304584,5.67455252601947,45.680922936558495,45.7545,2.2175942499130517,2.2187842182066735,-0.0016080836516955649,VASP,5.232063436450936,35.80626418147329,37.2635,2.044671141671992,2.0720410009919283,-0.03910625192283902,VASP,4.42258,43.251094008518756,41.509,2.1775568193505364,2.1479189381240595,0.04196906715456299,OQMD
Ba,Zn,50.0,15.207,2.285390748670416,1.536921356892218,5.0121500914594845,31.47836825598808,41.30175,1.9587298155328756,2.1443381955197536,-0.23784420137190115,VASP,4.548051329397474,23.518849941633132,23.905250000000002,1.7773617267855462,1.7870425509145877,-0.01616381582986459,VASP,4.07851334,33.92154821898781,32.6035,2.0081478540420146,1.9817941327866007,0.04042658668510473,MP
Ba,Zr,50.0,23.279,2.285390748670416,1.771299106960212,5.2225253913831935,35.610796628261255,43.31975,2.040943708750955,2.178708414778787,-0.17795470591909565,VASP,4.720358269595974,26.294498709420854,29.95925,1.8446986450803784,1.9267000526264804,-0.12232453384444361,VASP,4.066393,33.620026513876795,36.6395,2.002180131802994,2.060409971670272,-0.08241033546099712,OQMD
Be,Fe,8.111,11.776,1.2464128871712232,1.4113554216028104,3.239004850000161,8.495223391261046,9.02725,1.2657911787520915,1.2916820375541878,-0.058935623666006194,MP,,,,,,,,2.631093,9.10706847109318,9.9435,1.295477866877583,1.3339827784317126,-0.08411842197483982,OQMD
Bi,Dy,35.39,31.54,2.036716825299433,1.960007319637871,,,,,,,,4.865561,28.79643821030113,32.5025,1.9014433379066717,1.9797455975872076,-0.11402389938308956,MP,3.879359,29.19106358559573,33.465,1.9100897315953307,1.999097947866759,-0.12771362361883373,OQMD
Bi,In,35.39,26.16,2.036716825299433,1.841548000906085,,,,,,,,4.8507611,28.534460588279018,28.4675,1.8956595914370078,1.894175609157263,0.0023521766322654437,MP,3.901562,29.695151304992923,30.775,1.9210218784553175,1.9440308422288355,-0.03508850349332497,OQMD
Bi,Mg,35.39,23.24,2.036716825299433,1.770309384051908,,,,,,,,4.58295308,24.064466702463125,26.2775,1.7910012025139266,1.8443010428255007,-0.08421780220861477,MP,3.771803,26.829773674305496,29.314999999999998,1.857132113810674,1.9127891357279443,-0.08477661012091085,MP
Bi,Ni,35.39,10.941,2.036716825299433,1.3771760758322233,,,,,,,,3.822007,13.95771875248146,17.05325,1.4936262740478776,1.596759528751443,-0.18152148402905832,MP,3.379754,19.30302070320868,23.1655,1.6640979632764705,1.768415677354767,-0.16673412172374094,OQMD
Bi,Sn,35.39,27.053,2.036716825299433,1.8622684018206264,,,,,,,,4.892745,29.281798925750092,29.13725,1.9120667450939735,1.908915262506258,0.004960966657803679,MP,3.921633,30.15579967910867,31.2215,1.93090428712202,1.9533874134134515,-0.03413354005705451,MP
Bi,Sr,35.39,56.0,2.036716825299433,2.3733755965792427,5.05082,32.21259283435284,40.542500000000004,1.9738418735199859,2.131117058306758,-0.20546111279884474,OQMD,,,,,,,,4.123402,35.05395590775941,45.695,2.030249796278109,2.217822018288752,-0.23287108200548398,OQMD
Bi,Ta,35.39,18.014,2.036716825299433,1.6261995992423404,,,,,,,,4.278221,19.57625683253205,22.358,1.671913026790214,1.7476244585680318,-0.12441824704660305,MP,3.511299,21.645790100112237,26.701999999999998,1.7288671052256193,1.8541792961767887,-0.18935697325622658,OQMD
Bi,Y,35.39,33.018,2.036716825299433,1.9901572114304584,,,,,,,,4.892505,29.277490125458918,33.611000000000004,1.911972953976958,2.002000929838339,-0.12893129851956459,MP,3.883928,29.2943263529538,34.204,1.9123393815977303,2.013706148698599,-0.14354092056619697,OQMD
Ca,Cd,43.63,21.58,2.183897248992819,1.7271137578027125,4.761164864358014,26.98234361756878,38.11750000000001,1.8606457121817748,2.087750516933324,-0.2921271432394891,VASP,4.48040761578219,22.484984317129186,27.0925,1.7509268123727892,1.8631743251255413,-0.17006609515071755,VASP,3.820380032564388,27.879803208370127,32.605000000000004,1.88105010930751,1.9818245246730732,-0.14492245948872493,VASP
Ca,Ce,43.63,34.367,2.183897248992819,2.016899869469424,4.975607516582952,30.794868532266804,41.31425,1.9444491117149727,2.144554502123334,-0.2546187203624221,VASP,4.690478844824627,25.798327595548578,36.68275,1.8330218758091756,2.061220369290021,-0.29671773257052486,VASP,4.153766233589035,35.834071762300496,38.9985,2.045200310212545,2.103712712050129,-0.08114230643997855,VASP
Ca,Co,43.63,11.073,2.183897248992819,1.3826923611463033,4.689884662209782,25.78852456061668,35.490750000000006,1.8327896714293528,2.038647736138455,-0.27337335613880587,VASP,3.862034276690638,14.400858414164862,19.21225,1.5092687865141607,1.661485440715671,-0.25043352995277174,VASP,3.429713556422887,20.171748952074534,27.3515,1.688696675516924,1.8690927222994116,-0.2624993527932825,VASP
Ca,Cr,43.63,12.008,2.183897248992819,1.4205636251907152,4.911942269454973,29.6278249634195,35.724500000000006,1.919568967368272,2.0431136090150126,-0.1706580928097106,VASP,3.9977891872186846,15.973484907002234,19.9135,1.5623213060924108,1.6814591842075615,-0.19785648394294147,VASP,3.780420337664448,27.014085930861054,27.819000000000003,1.8613750539939755,1.8796816499968776,-0.028933968479778166,VASP
Ca,Cu,43.63,11.81,2.183897248992819,1.412712418206345,4.629941636164416,24.81227340704818,35.675000000000004,1.8093641573873074,2.042169524234332,-0.3044912850161688,VASP,4.057432592339222,16.69913397644876,19.765,1.5856297293793686,1.677269062649937,-0.15511591315715864,VASP,3.558706830086676,22.534433251618662,27.720000000000002,1.7522094175627287,1.8774492468869148,-0.18706950751736437,VASP
Ca,Dy,43.63,31.54,2.183897248992819,1.960007319637871,4.568858770974795,23.843126873065675,40.6075,1.7854931984012714,2.1322553588193593,-0.4128393308362821,VASP,4.0,16.0,34.5625,1.563185283593544,2.020717083655635,-0.5370705244122965,VASP,4.122182,35.022850640140696,37.585,2.029649101814785,2.0779829592903605,-0.06816946547450592,OQMD
Ca,Er,43.63,30.66,2.183897248992819,1.9416063353551711,6.272811029269212,61.705890198588115,40.3875,2.451391471929226,2.128397730863742,0.5278462444713862,VASP,4.166640137215435,18.08414530737723,33.9025,1.6283076361313382,2.0077719002679277,-0.4665837236965643,VASP,4.100308,34.46826680342821,37.145,2.0188789455108918,2.06984226681473,-0.07206173634598992,OQMD
Ca,Fe,43.63,11.776,2.183897248992819,1.4113554216028104,4.689910836428357,25.78895633983579,35.666500000000006,1.832799900217674,2.0420073208261753,-0.27694177057362557,VASP,3.9571159346345306,15.490888628390454,19.7395,1.5464263486235528,1.6765474374231895,-0.21523399131738621,VASP,3.5548082959576663,22.46045549274878,27.703000000000003,1.7502898865247156,1.8770653704561062,-0.18924103913840465,VASP
Ca,Ga,43.63,19.58,2.183897248992819,1.672019581917477,4.997166252101927,31.1968973341991,37.61750000000001,1.9528741862390095,2.07858173530645,-0.17068126977605916,VASP,4.33429941179963,20.356201231134722,25.5925,1.6938282638033337,1.828134035345107,-0.2046028629037913,VASP,3.674164120586562,24.79965617790616,31.605,1.809057413590333,1.9613528391582693,-0.21532491131447046,VASP
Ca,Ge,43.63,22.634,2.183897248992819,1.7547862958334142,4.869834923546211,28.87238952322021,38.381,1.9031135715043321,2.0925502324824454,-0.24774264549594305,VASP,4.349428037202908,20.570102592731192,27.883000000000003,1.6997404749511849,1.8811220023953545,-0.26227082477742025,VASP,3.668418384606675,24.683491339462478,33.132000000000005,1.8062283711388247,1.9924450272769791,-0.2549954322267755,VASP
Ca,Hf,43.63,22.312,2.183897248992819,1.7464250978479678,5.108364475666406,33.326187769399795,38.30050000000001,1.996330042898444,2.0910862424882994,-0.1298759084241775,VASP,4.592234393043993,24.210967751579933,27.6415,1.7946283055046253,1.875675327859961,-0.1241080349626492,VASP,3.819631708590878,27.86342339384628,32.971000000000004,1.8806816551536902,1.9892124559788922,-0.15491118274100646,VASP
Ca,In,43.63,26.16,2.183897248992819,1.841548000906085,5.11826568175707,33.52034546476677,39.2625,2.0001993978111323,2.1084490620315974,-0.1462503542880161,VASP,4.73458134805053,26.532902262979455,30.527500000000003,1.850256971812268,1.9388053533292806,-0.13085243590272863,VASP,3.875364466260822,29.10098324267794,34.895,1.9081229329882117,2.027176351102308,-0.16604146030440067,VASP
Ca,Ir,43.63,14.155,2.183897248992819,1.500630450421227,4.703368943313578,26.01160498587804,36.261250000000004,1.8380592788746757,2.053295177996345,-0.28266110556370677,VASP,4.01970662944184,16.23764652030747,21.52375,1.570886561876723,1.7256118319267943,-0.24559398244694944,VASP,3.40695,19.77275951060119,28.892500000000002,1.6774885260834875,1.903555327329133,-0.3156438691493921,OQMD
Ca,La,43.63,37.168,2.183897248992819,2.070269390695367,5.426193936508227,39.941644679850654,42.014500000000005,2.1205366268685455,2.1566029589283704,-0.049336665202474164,VASP,5.257347477606172,36.327880055423755,38.7835,2.0545520519329017,2.0998396402951567,-0.06331609949015024,VASP,4.294782566248205,39.608969983296944,40.399,2.1146328760048605,2.1285997261271805,-0.019555682484790626,VASP
Ca,Mg,43.63,23.24,2.183897248992819,1.770309384051908,5.247958169206357,36.13358919265942,38.532500000000006,2.0508827447544737,2.095299901589894,-0.0622568171631891,VASP,4.767697154139907,27.093554902606236,28.3375,1.863198506995581,1.8912878878986688,-0.04389748910079444,VASP,3.959727077863476,31.043148658775433,33.435,1.9496607638908927,1.9985003994982162,-0.07153735131522564,VASP
Ca,Mn,43.63,12.21,2.183897248992819,1.428485001664581,4.732485286922029,26.497678472340805,35.775000000000006,1.8494378388348716,2.044075867954331,-0.25932415171653944,VASP,4.148992719711472,17.85533599415239,20.065,1.621411090297432,1.6857125427814545,-0.11012529308983854,VASP,3.6889529526193177,25.10032551473188,27.92,1.816339027951895,1.8819537009250609,-0.10099120649241129,VASP
Ca,Mo,43.63,15.583,2.183897248992819,1.5494853952179959,4.850503244520821,28.52991034817786,36.61825,1.8955588224644213,2.0600115657684914,-0.22088274704067348,VASP,4.172263082283638,18.15745865415988,22.59475,1.6305050623766055,1.7537713741351948,-0.19638594566614467,VASP,3.615709742191505,23.63473202515213,29.6065,1.780276084525612,1.9191083129769948,-0.2017046248238688,VASP
Ca,Nb,43.63,17.978,2.183897248992819,1.6251155863008009,4.987102672845336,31.008798358440327,37.217000000000006,1.9489413764904644,2.071178763040259,-0.16681091010988736,VASP,4.352989502748129,20.620674563368798,24.391000000000002,1.7011322825832638,1.7990655978876544,-0.15457855096679937,VASP,3.667591140108191,24.6667963968619,30.804000000000002,1.8058210586879604,1.9446412857194257,-0.19923398270153553,VASP
Ca,Ni,43.63,10.941,2.183897248992819,1.3771760758322233,4.710374637955656,26.12801150021628,35.457750000000004,1.8407970785661374,2.038015681895266,-0.2631226882637427,VASP,3.8562174987742734,14.335887089701952,19.11325,1.5069956111049625,1.6586266674137273,-0.249950317727129,VASP,3.418507578957023,19.97467149426186,27.285500000000003,1.6831791602547286,1.86758811893448,-0.267938227473865,VASP
Ca,Os,43.63,13.977,2.183897248992819,1.4943137246635851,4.686174048779904,25.727361720597642,36.216750000000005,1.8313395773526802,2.0524548958937507,-0.2896280941664385,VASP,4.018564224835604,16.22380618880775,21.39025,1.5704401143596285,1.7220367561451935,-0.241532652081778,VASP,3.402056,19.687672602739095,28.8035,1.6750788550150384,1.9015987563812968,-0.3164833231121532,OQMD
Ca,Pb,43.63,30.321,2.183897248992819,1.9344238453824663,5.07820670011226,32.739431290563296,40.30275,1.9845444951654048,2.1269079297514,-0.18766259645896885,VASP,4.953657571774577,30.38910816673617,33.648250000000004,1.9358711540399371,2.0027402413936803,-0.0968591779145671,VASP,3.923544,30.19990565707989,36.975500000000004,1.9318452109903905,2.0666890988746838,-0.18324550967316505,OQMD
Ca,Pd,43.63,14.716,2.183897248992819,1.5201988160139424,4.771949180972361,27.166108983679777,36.401500000000006,1.864860183438065,2.0559389935631516,-0.25370907837095247,VASP,4.130555266534838,17.61835354938542,21.944499999999998,1.6142058014292668,1.7367835361405048,-0.1971403518245837,VASP,3.5198397390323155,21.804125589366237,29.173000000000002,1.7330723303480844,1.9096956590669005,-0.2525922740422228,VASP
Ca,Pt,43.63,15.095,2.183897248992819,1.5331388987435077,4.758191369316106,26.93182125357085,36.49625,1.8594836812591875,2.057721259381002,-0.2620660683338467,VASP,4.094431804622587,17.16014427337834,22.22875,1.6000888854158464,1.7442503176063981,-0.2280202767416819,VASP,3.479857,21.069498425942317,29.3625,1.7133859287372302,1.913821695339197,-0.28243513236467205,OQMD
Ca,Re,43.63,14.712,2.183897248992819,1.520061066935985,4.736964282678943,26.572984792529756,36.4005,1.8511882138979932,2.0559201668864087,-0.26998297296658685,VASP,4.070742042466844,16.864006325335406,21.941499999999998,1.5908310135224242,1.736704388167823,-0.23141050860992146,VASP,3.497027,21.38291751518848,29.171,1.7218399647497498,1.9096520173593527,-0.2669803052624702,OQMD
Ca,Rh,43.63,13.754,2.183897248992819,1.4863239306523217,4.754932391500903,26.87652076265983,36.161,1.858210084719117,2.051401211033504,-0.25675394035950805,VASP,4.016475218262757,16.198518035582225,21.223,1.5696237382766274,1.71753681535585,-0.236747018066144,VASP,3.4225,20.0447375703125,28.692,1.6851449186283143,1.8991418507688238,-0.30138235151566645,OQMD
Ca,Ru,43.63,13.571,2.183897248992819,1.4797025210257315,4.736878301719494,26.571537834654986,36.11525,1.851154612855373,2.050535718626196,-0.2642571258774345,VASP,4.014124956911178,16.170098730690462,21.08575,1.5687052647872806,1.7138263452026667,-0.23312669785563891,VASP,3.418193087795908,19.969159194294054,28.6005,1.683024313452068,1.8971208864019689,-0.30178985702019007,VASP
Ca,Sc,43.63,24.987,2.183897248992819,1.8136013727062499,5.123398432981732,33.62129227047111,38.96925,2.002205258105817,2.103186632096355,-0.13723532604627733,VASP,4.756656843551625,26.90577296530141,29.647750000000002,1.8588839942361048,1.9199991813219084,-0.09248516446268579,VASP,3.973198667414058,31.361068260655934,34.3085,1.9562938042640146,2.0157548208950584,-0.08590966493271546,VASP
Ca,Si,43.63,20.024,2.183897248992819,1.6845635878380372,4.825499047334864,28.090968407919558,37.728500000000004,1.8857872741971313,2.0806241890287644,-0.255444334974368,VASP,4.146208962686386,17.819420114016232,25.9255,1.620323208293753,1.836028889954504,-0.31266821800866973,VASP,3.616891674326178,23.657917333512636,31.827,1.7808580354184995,1.9659344432955346,-0.25667146342688174,VASP
Ca,Sn,43.63,27.053,2.183897248992819,1.8622684018206264,5.016308613601067,31.55678498021504,39.48575,1.9603549506861804,2.11243778657663,-0.20080573421512732,VASP,4.768063135044456,27.099794697995794,31.197250000000004,1.8633415309865977,1.9528815449766046,-0.13134027204334386,VASP,3.893901158832582,29.520572421141498,35.3415,1.9172498908539461,2.035785998089253,-0.1647051647173579,VASP
Ca,Sr,43.63,56.0,2.183897248992819,2.3733755965792427,5.5480961080244295,42.694500362090935,46.722500000000004,2.1681755470066015,2.234322305389822,-0.08621113249310436,VASP,5.587933369551535,43.62080394761157,52.9075,2.183743802246061,2.32885729469897,-0.17552702456907676,VASP,4.554759681604242,47.24614813396525,49.815,2.2426384610748014,2.282568616583658,-0.05156783832248817,VASP
Ca,Ta,43.63,18.014,2.183897248992819,1.6261995992423404,4.941565911509941,30.167115494505097,37.226000000000006,1.9311457776949643,2.0713457038332748,-0.1896224280206014,VASP,4.340637155441447,20.44562822526213,24.418,1.6963050307013534,1.7997291877175443,-0.16268211052247808,VASP,3.643075009539593,24.17543761216468,30.822000000000003,1.7937499899218243,1.9450199889978836,-0.2156434490894596,VASP
Ca,Tb,43.63,32.09,2.183897248992819,1.9713347123038616,4.186718025188608,18.34683458166705,40.745000000000005,1.636154000882664,2.1346593056883156,-0.5497156809015328,VASP,4.0,16.0,34.975,1.563185283593544,2.028724331545274,-0.54253037884203,VASP,4.134445,35.336347825627094,37.86,2.0356870659162136,2.083038675172501,-0.0666574795132833,OQMD
Ca,Ti,43.63,17.649,2.183897248992819,1.6151412089743407,5.097513291600272,33.114264184771926,37.134750000000004,1.9920894400880078,2.0696518613316166,-0.10826748033117436,VASP,4.333484927547968,20.34472761913718,24.14425,1.6935099663543547,1.7929783134023776,-0.15736758776366291,VASP,3.769404191372376,26.778616254685602,30.6395,1.855951006383471,1.941173504258943,-0.12601001143342416,VASP
Ca,Tl,43.63,28.59,2.183897248992819,1.8968886969006673,,,,,,,,4.825783,28.095927672017087,32.35,1.885898241853976,1.9766444553973976,-0.13150146299792626,OQMD_new,3.86548972,28.879094524268588,36.11,1.9032608793770593,2.050436353083858,-0.20024662076243177,MP
Ca,V,43.63,13.824,2.183897248992819,1.48884117815856,5.086705723598311,32.90408733772161,36.17850000000001,1.9878658822749824,2.0517320806775667,-0.09050714270294216,VASP,4.090492787936339,17.110665549349864,21.2755,1.598549532186903,1.7189518907008292,-0.1957573006815415,VASP,3.7812751678268177,27.03241538272223,28.727,1.8617959488674327,1.8999137611182115,-0.05898926505648934,VASP
Ca,W,43.63,15.85,2.183897248992819,1.5582849840929494,4.823717050105813,28.059858955506122,36.685,1.8850908762361673,2.061262511268769,-0.23511356261398061,VASP,4.174415705598439,18.18557745025631,22.795,1.6313462996483101,1.7589371802532152,-0.20221200042744858,VASP,3.5171544475085432,21.754260441146545,29.740000000000002,1.7317501666179689,1.921988500763834,-0.2685184787778566,VASP
Ca,Y,43.63,33.018,2.183897248992819,1.9901572114304584,5.357580189206356,38.44554738837169,40.977000000000004,2.0937226268599227,2.1387031880619594,-0.061777402240972015,VASP,5.107311556313172,33.30558476261918,35.671,1.9959185658889973,2.0420931964285316,-0.06631199678676841,VASP,4.1456639194699205,35.62478727876836,38.324,2.041210953465443,2.0915138302896317,-0.07043139341487421,VASP
Ca,Zn,43.63,15.207,2.183897248992819,1.536921356892218,4.793920860680872,27.543085457765905,36.52425,1.873446635032109,2.0582473542274355,-0.24589593331099466,VASP,4.3060012433088986,19.960088443740766,22.31275,1.6827694436689935,1.74644466585543,-0.10544023288295863,VASP,3.666354320820232,24.641849710142747,29.4185,1.805212082869592,1.9150375994474949,-0.16236892737077874,VASP
Ca,Zr,43.63,23.279,2.183897248992819,1.771299106960212,5.017684061929283,31.582750266414447,38.54225,1.9608924708324331,2.0954766134668517,-0.18056807097628072,VASP,4.638685447540206,24.953115671560948,28.366750000000003,1.8127812067035958,1.891938393974605,-0.12033928202698776,VASP,3.854869024014568,28.641706130605122,33.4545,1.89803154062698,1.9988888465751682,-0.1438608817765885,VASP
Cd,Ce,21.58,34.367,1.7271137578027125,2.016899869469424,4.505767522474921,22.86895656261584,24.77675,1.760837370606635,1.8085002639878085,-0.07699934161599728,VASP,4.576988133193479,23.970625561067962,31.17025,1.7886701232475837,1.9523180014985106,-0.23097743646368052,VASP,3.839421131766408,28.298750290874505,27.973499999999998,1.8904254231323112,1.8831549936802898,0.011627086023361653,VASP
Cd,Co,21.58,11.073,1.7271137578027125,1.3826923611463033,4.165008966648676,18.06291469135521,18.953249999999997,1.627670180675091,1.65398548493207,-0.04697533713979326,VASP,3.741498315597266,13.094130677360859,13.69975,1.4621637763829198,1.4843671830389047,-0.04420659666338007,VASP,3.124600013869129,15.252930640577064,16.3265,1.5384671544536226,1.5737466831287052,-0.06575624655761707,VASP
Cd,Cr,21.58,12.008,1.7271137578027125,1.4205636251907152,4.296129709337113,19.823127037497155,19.186999999999998,1.6789116845111962,1.660757243866922,0.033154064600883805,VASP,3.776660657313718,13.466784206340716,14.401,1.4759050901598811,1.5092737327559083,-0.06487159181024124,VASP,3.3352611222281414,18.55066691886429,16.793999999999997,1.642190893329824,1.5886266600080299,0.10460086452687235,VASP
Cd,Cu,21.58,11.81,1.7271137578027125,1.412712418206345,4.225332821797029,18.859178815080707,19.1375,1.6512445213294749,1.6593278336761172,-0.014543236311915996,VASP,3.84437631667632,14.204229740525959,14.2525,1.5023681207059942,1.5040680299850002,-0.0033867924556422353,VASP,3.1998006531702834,16.380938223439554,16.695,1.5754938820492226,1.5854988743512313,-0.018811726658307684,VASP
Cd,Dy,21.58,31.54,1.7271137578027125,1.960007319637871,4.0,16.0,24.07,1.563185283593544,1.7911384641342005,-0.33527212297465725,VASP,4.653654174018288,25.19546211402616,29.05,1.8186309299397645,1.9070079745452038,-0.13268632998188779,VASP,3.72296663,25.80105324092855,26.56,1.8330864276894903,1.850886639305256,-0.028574802675882877,MP
Cd,Er,21.58,30.66,1.7271137578027125,1.9416063353551711,4.468422310178387,22.30502134682584,23.849999999999998,1.7462429990379804,1.7856647466837976,-0.06477897916872784,VASP,4.167565418816612,18.09619576711036,28.39,1.6286692327768733,1.892455143988964,-0.3625855664984023,VASP,3.6859286,25.03864133175484,26.119999999999997,1.81484991985881,1.8406089145622593,-0.04139964273526641,MP
Cd,Fe,21.58,11.776,1.7271137578027125,1.4113554216028104,4.214484398345656,18.714290212867358,19.128999999999998,1.6470049973571301,1.659082131516121,-0.021679637572933255,VASP,3.8099228399719456,13.825745220000066,14.227,1.4889038287677665,1.5031704884734267,-0.028203752020800915,VASP,3.2053026833240854,16.46558425897166,16.677999999999997,1.578202930451215,1.58496053683154,-0.012736283788723912,VASP
Cd,Ga,21.58,19.58,1.7271137578027125,1.672019581917477,4.374821250251588,20.932492662161945,21.08,1.709664049186398,1.7136705465016207,-0.006997501794974079,VASP,4.304620033613847,19.940887177485003,20.08,1.682229672001778,1.6861325010805381,-0.00692792940811731,VASP,3.499192464476587,21.422664958090493,20.58,1.7229061799313978,1.7000130441036965,0.04094581914919801,VASP
Cd,Ge,21.58,22.634,1.7271137578027125,1.7547862958334142,4.38622801518987,21.096656030498718,21.8435,1.714121770957631,1.7341149108264196,-0.03419067317514506,VASP,4.342271709753668,20.468734563073262,22.3705,1.6969438085128776,1.747950087513314,-0.08501220075218424,VASP,3.5093468247257267,21.60970696906455,22.107,1.7279059077840666,1.741059984166892,-0.022494822044395388,VASP
Cd,Hf,21.58,22.312,1.7271137578027125,1.7464250978479678,4.354048305524492,20.635725280939074,21.762999999999998,1.701546058812823,1.7319820400671688,-0.051797763132882625,VASP,4.389671131694287,21.146376618933452,22.129,1.715467328219982,1.7416373370520377,-0.04440432830523518,VASP,3.474779153471805,20.977398401939308,21.945999999999998,1.7108857366920696,1.736823107421816,-0.044135678395183196,VASP
Cd,In,21.58,26.16,1.7271137578027125,1.841548000906085,4.441719252082701,21.90752533006993,22.724999999999998,1.7358075421774504,1.7571348573542194,-0.0359724827251955,VASP,4.600302152858749,24.338795480847647,25.015,1.7977811563581234,1.8142785499343068,-0.02703196158914065,VASP,3.701631218665132,25.360011845311274,23.869999999999997,1.8225814576390014,1.78616374482258,0.06242194576084106,VASP
Cd,Ir,21.58,14.155,1.7271137578027125,1.500630450421227,4.205797267057314,18.59880375803914,19.72375,1.6436100984104849,1.6761014172064685,-0.057035109548684196,VASP,3.972936157260512,15.677426286139006,16.011249999999997,1.5526088334215795,1.5635515693095805,-0.020849322436473767,VASP,3.240553,17.01482124551629,17.8675,1.5955592173837079,1.6217792039140315,-0.047722331298934294,OQMD
Cd,La,21.58,37.168,1.7271137578027125,2.070269390695367,4.548725259394518,23.529306556631735,25.476999999999997,1.7776250961489344,1.825379739855198,-0.07644908911442723,VASP,4.786541829205542,27.41609423977793,33.271,1.8705629366797567,1.9952274678115838,-0.17597624839115358,VASP,3.936733675936041,30.50549737325588,29.374,1.938339444849258,1.9140715159926256,0.03852037084686739,VASP
Cd,Mg,21.58,23.24,1.7271137578027125,1.770309384051908,4.375657148838353,20.944493690424096,21.994999999999997,1.7099907152787497,1.7381147789751121,-0.04776114160381457,VASP,4.411702609106164,21.46637422339032,22.825,1.7240771485364992,1.7597084748840766,-0.0595235827649366,VASP,3.5199257091285867,21.805723288721083,22.409999999999997,1.7331146596602496,1.7489782783724037,-0.026964601128019353,VASP
Cd,Mn,21.58,12.21,1.7271137578027125,1.428485001664581,4.265662669447528,19.40436939075576,19.237499999999997,1.667005277413682,1.6622129998142092,0.008674172358974084,VASP,4.00040475533463,16.004857555512782,14.5525,1.5633434604891814,1.5145478525986547,0.09980124071553215,VASP,3.3016842423859143,17.996026143291182,16.895,1.625658560693002,1.5918049917314498,0.0651687566316178,VASP
Cd,Mo,21.58,15.583,1.7271137578027125,1.5494853952179959,4.239584291282108,19.05065146574464,20.08075,1.6568139431716389,1.6861534935047018,-0.05129781179763499,VASP,4.029351808223923,16.354812606481012,17.082250000000002,1.574655862259168,1.597664142289362,-0.042584401558283594,VASP,3.2842577577119973,17.71257522167012,18.5815,1.6170782386775733,1.6431002187342933,-0.046762897415702546,VASP
Cd,Nb,21.58,17.978,1.7271137578027125,1.6251155863008009,4.292448174218744,19.772208870292367,20.679499999999997,1.6774729541316793,1.702748376530345,-0.043873939394454914,VASP,4.207005400404769,18.614836121553424,18.878500000000003,1.6440822324778248,1.6518082275944128,-0.013966357414337938,VASP,3.3819090454808824,19.33996902965147,19.779,1.6651590484310423,1.6776649851532548,-0.022196823416175203,VASP
Cd,Ni,21.58,10.941,1.7271137578027125,1.3771760758322233,4.184129912561143,18.312831101902397,18.92025,1.63514257598978,1.6530249947883047,-0.032104168713288805,VASP,3.733382899698615,13.009110733210141,13.60075,1.4589923017071669,1.4807829872594112,-0.04350048833997085,VASP,3.13275104697267,15.372611641518244,16.2605,1.542480499089416,1.5716231915109784,-0.05460400101360699,VASP
Cd,Os,21.58,13.977,1.7271137578027125,1.4943137246635851,4.195893191081103,18.467720028207168,19.67925,1.6397396219570834,1.6748399485608547,-0.061563828489034474,VASP,3.961094368911003,15.537658648964397,15.877749999999999,1.5479811061017341,1.5591938630986346,-0.021419366789098056,VASP,3.23658,16.952316136503157,17.7785,1.5936030213978174,1.6190819664780314,-0.04647095443917339,OQMD
Cd,Pb,21.58,30.321,1.7271137578027125,1.9344238453824663,4.496450737095996,22.72738807424436,23.765249999999998,1.7571964051579512,1.7835471408648667,-0.043671407864661164,VASP,4.727448562141842,26.413165041445232,28.13575,1.847469505321397,1.8867888264873913,-0.06122406399526471,VASP,3.777817,26.958315649321104,25.950499999999998,1.8600932420913552,1.8366188621967867,0.03883607827676176,OQMD
Cd,Pd,21.58,14.716,1.7271137578027125,1.5201988160139424,4.249498727036493,19.18461636872874,19.863999999999997,1.6606884681882363,1.680064798658772,-0.03420175348727634,VASP,4.02718921431275,16.328493356807442,16.432,1.5738107285150844,1.5771291988841611,-0.006299089775593746,VASP,3.2822796205518405,17.680589178156314,18.148,1.6161042583170802,1.6302218901823256,-0.025755500432206615,VASP
Cd,Pt,21.58,15.095,1.7271137578027125,1.5331388987435077,4.2446385124991695,19.11886643691742,19.95875,1.6587891142282734,1.6827318295642182,-0.042080970155073845,VASP,4.037881826658575,16.45890060869173,16.716250000000002,1.5779893620806256,1.5861712825861118,-0.015395162868961082,VASP,3.283025,17.692637274915317,18.3375,1.6164712626675592,1.6358764706454132,-0.03516633810959411,OQMD
Cd,Re,21.58,14.712,1.7271137578027125,1.520061066935985,4.220695029707554,18.79714655427176,19.863,1.6494320892438161,1.6800366053947058,-0.053660244964418305,VASP,3.979390180901658,15.753954276169083,16.429,1.5551310421155307,1.5770332139043801,-0.04108866783315576,VASP,3.229201,16.836632762147808,18.146,1.5899698046397288,1.630162001791317,-0.07215734805754398,OQMD
Cd,Rh,21.58,13.754,1.7271137578027125,1.4863239306523217,4.207895073854809,18.626648296530632,19.6235,1.6444299135889018,1.6732568828328056,-0.05079887397606786,VASP,3.9395725429247337,15.285769785426545,15.7105,1.539570455687285,1.553699881387595,-0.02703479931087199,VASP,3.232066,16.881485741694032,17.666999999999998,1.5913804518835184,1.615690110022196,-0.04446223231482233,OQMD
Cd,Ru,21.58,13.571,1.7271137578027125,1.4797025210257315,4.1960438766892345,18.469709773491036,19.577749999999998,1.6397985093383538,1.6719555337701955,-0.05659691366520472,VASP,3.9346227769980975,15.228226009313696,15.57325,1.5376361053738472,1.5491621661751314,-0.022154912474037464,VASP,3.237315301323735,16.96387268005887,17.575499999999998,1.5939650635568687,1.6128959815560546,-0.034799995444859504,VASP
Cd,Sc,21.58,24.987,1.7271137578027125,1.8136013727062499,4.381525235700533,21.02887119175688,22.431749999999997,1.7122839420352018,1.7495439183774106,-0.06253987353831585,VASP,4.468382840388459,22.304430288056487,24.13525,1.7462275743892899,1.7927555024462098,-0.07585667071787167,VASP,3.53743033242959,22.132663985274426,23.283499999999997,1.741733454987697,1.7714132346064304,-0.04942710566390664,VASP
Cd,Si,21.58,20.024,1.7271137578027125,1.6845635878380372,4.34900906451674,20.56415872086734,21.191,1.6995767419668735,1.7166731481911701,-0.029580542642284886,VASP,4.133030865025914,17.65005058228321,20.413,1.6151732562116008,1.6954021988864898,-0.13535244293914614,VASP,3.429424715000843,20.166652946927243,20.802,1.6885544579406941,1.7061039727344425,-0.03054259460978542,VASP
Cd,Sn,21.58,27.053,1.7271137578027125,1.8622684018206264,4.459760758609608,22.17556502092164,22.948249999999998,1.7428580965516298,1.7628701376941665,-0.03367075829653066,VASP,4.63488286449463,24.891799680133257,25.68475,1.8112951712394738,1.8303279481207493,-0.030872417285227383,VASP,3.721741365391626,25.775587489425558,24.316499999999998,1.832483141077722,1.7972320379664135,0.06000400918822857,VASP
Cd,Sr,21.58,56.0,1.7271137578027125,2.3733755965792427,4.549744783870967,23.54513126333648,30.185,1.7780235225633962,1.9315273274252704,-0.21997246104566903,VASP,4.864587272914195,28.77915288962598,47.394999999999996,1.90106280894398,2.244991181673162,-0.39278082309049517,VASP,4.069419866063511,33.695158763606166,38.79,2.0036704774469074,2.099956942715212,-0.13134419274023804,VASP
Cd,Ta,21.58,18.014,1.7271137578027125,1.6261995992423404,4.282297617045488,19.63227144982838,20.688499999999998,1.6735061537333025,1.7029953604636816,-0.05105389710088298,VASP,4.19215601270014,18.41841774099717,18.9055,1.6382791463952624,1.6525953236260817,-0.02576405062033953,VASP,3.358398702775807,18.939423913563754,19.796999999999997,1.6535832019607228,1.678173753944156,-0.04331848696450185,VASP
Cd,Tb,21.58,32.09,1.7271137578027125,1.9713347123038616,3.999999999946843,15.999999999362116,24.2075,1.5631852835727704,1.7945426195137024,-0.33904781578592935,VASP,4.636007540532308,24.90992441284305,29.462500000000002,1.8117346904972012,1.9159918706304655,-0.1545210212017633,VASP,3.74148648,26.18801282909813,26.835,1.8422050927358768,1.8572526931248199,-0.02410982563450232,MP
Cd,Ti,21.58,17.649,1.7271137578027125,1.6151412089743407,4.292813249745825,19.7772542173004,20.59725,1.6776156243045126,1.7004878908064862,-0.039810935085975066,VASP,4.1370379972005935,17.701437577712827,18.63175,1.6167392287228193,1.644580032347914,-0.049931564253877014,VASP,3.347410775070957,18.75413481420234,19.6145,1.6481730484068637,1.6730010396725017,-0.043863732738415866,VASP
Cd,Tl,21.58,28.59,1.7271137578027125,1.8968886969006673,,,,,,,,4.837151090000911,28.29495238678947,26.8375,1.8903408496019738,1.8573103664066357,0.05430656308484284,MP,3.785688,27.12716816427339,25.085,1.8639687061248171,1.8159692851002438,0.0814099327994175,OQMD
Cd,V,21.58,13.824,1.7271137578027125,1.48884117815856,4.231391748791382,18.94042471215644,19.641,1.6536123277074597,1.6737541317998836,-0.035669023361517206,VASP,3.913769787388777,14.98738410295549,15.763,1.5294868337547927,1.5554286307742229,-0.049204840261657674,VASP,3.335716557360387,18.558267324521292,17.701999999999998,1.6424151370694493,1.6167563512595389,0.04837121932670287,VASP
Cd,W,21.58,15.85,1.7271137578027125,1.5582849840929494,4.235252107968192,18.99231088048182,20.147499999999997,1.6551209418711033,1.6880197296810213,-0.05733659856151765,VASP,4.043733988581107,16.530566760326785,17.2825,1.5802763654292526,1.603882881373952,-0.043508360461346096,VASP,3.279352628785414,17.63333104407213,18.715,1.6146630880315982,1.647025819380695,-0.05779689852673635,VASP
Cd,Y,21.58,33.018,1.7271137578027125,1.9901572114304584,4.46585157906885,22.266546538815476,24.4395,1.7452383667783544,1.8002572520740678,-0.0889115350635047,VASP,4.6836055114255695,25.685080655794565,30.1585,1.8303358024045162,1.9309619200993875,-0.1483302997233097,VASP,3.742266911928686,26.204403820936417,27.299,1.8425893559642073,1.8678960759402525,-0.040096566872910466,VASP
Cd,Zn,21.58,15.207,1.7271137578027125,1.536921356892218,4.328417587174156,20.27344100597512,19.98675,1.6915296683795293,1.683518359703377,0.014344053234023461,VASP,4.104251411818515,17.2839052728075,16.80025,1.6039263517806823,1.5888237082628687,0.028788575932352404,VASP,3.3983970832127466,19.624218524495163,18.3935,1.6732773049692462,1.6375400195977263,0.06691051319733402,VASP
Cd,Zr,21.58,23.279,1.7271137578027125,1.771299106960212,4.374688129737349,20.93058186907729,22.004749999999998,1.7096120261791972,1.7383715663611026,-0.04881528446915814,VASP,4.436896498224302,21.836242171711422,22.85425,1.7339228277129894,1.760459836721407,-0.04454348002181555,VASP,3.5193372535025054,21.794788777700433,22.429499999999997,1.7328249202860702,1.7494854208543504,-0.02829805489643393,VASP
Ce,Co,34.367,11.073,2.016899869469424,1.3826923611463033,4.407002507283116,21.39783830745025,28.5435,1.7222403660362045,1.8958597451929895,-0.25034286939407396,VASP,3.825802135940773,13.999338814807436,16.8965,1.4951093992108409,1.5918520990970992,-0.17146516646598786,VASP,3.3535267639108954,18.8571186851881,22.72,1.651184393188751,1.7570059784585426,-0.17002118463080534,VASP
Ce,Cr,34.367,12.008,2.016899869469424,1.4205636251907152,4.441452993263867,21.903585827032593,28.77725,1.735703489210643,1.9010209083311214,-0.2388575757922458,VASP,4.033824656552813,16.409337875566393,17.597749999999998,1.5764038349300349,1.6135763188123027,-0.0675320495196036,VASP,3.385887535052748,19.408304176984757,23.1875,1.667117947331216,1.7689753146815064,-0.16298418643731508,VASP
Ce,Cu,34.367,11.81,2.016899869469424,1.412712418206345,4.423599582042799,21.64050712005042,28.72775,1.728726441789964,1.8999302951909232,-0.246703723053479,VASP,4.141107575148301,17.753727355572554,17.44925,1.6183296048123927,1.6090247280797847,0.017449309028901235,VASP,3.504510281315893,21.52048326390217,23.0885,1.7255245267611867,1.7664541518625727,-0.06791332204767864,VASP
Ce,Dy,34.367,31.54,2.016899869469424,1.960007319637871,4.330629073730562,20.30453136555782,33.66025,1.692393909189489,2.0029782926693316,-0.396780137831483,VASP,4.774669340764715,27.212592057378945,32.24675,1.865923211877173,1.9745392925690521,-0.15611365308507225,VASP,4.094771,34.328818849525334,32.9535,2.01615267891792,1.988860455951526,0.04173513737616143,OQMD
Ce,Er,34.367,30.66,2.016899869469424,1.9416063353551711,4.032162463552621,16.389061152223316,33.44025,1.5757542560209366,1.9986049962579344,-0.5099001606679581,VASP,4.0,16.0,31.586750000000002,1.563185283593544,1.9609752450930809,-0.4934584912977752,VASP,4.077163,33.88786649062538,32.5135,2.007482983745617,1.9799689111303627,0.04227064113753908,OQMD
Ce,Fe,34.367,11.776,2.016899869469424,1.4113554216028104,4.4013491230721336,21.315595274060385,28.71925,1.7200310442859272,1.8997428921800195,-0.25779415290927216,VASP,3.90621185093995,14.900724616766189,17.42375,1.526533219997007,1.6082405466452188,-0.14480380992804706,VASP,3.3625785602583997,19.010227890236184,23.0715,1.6556412488847205,1.7660205002775082,-0.17602982509866355,VASP
Ce,Ga,34.367,19.58,2.016899869469424,1.672019581917477,4.34452565195728,20.500625218043925,30.67025,1.6978246408335669,1.9418226785556962,-0.3315794550731107,VASP,4.338366461849105,20.413558181308634,23.27675,1.6954176519995785,1.7712420376216174,-0.12300651159166834,VASP,3.6521640372095616,24.35683372339105,26.973499999999998,1.7982251772975202,1.8604424108749058,-0.097008778119597,VASP
Ce,Ge,34.367,22.634,2.016899869469424,1.7547862958334142,4.5311806500705565,23.258094987828866,31.43375,1.7707687273735304,1.9578039264462508,-0.2600916216541499,VASP,4.333188493661009,20.34055283538682,25.56725,1.6933941210819414,1.8275326146998023,-0.2044293838646386,VASP,3.633427392000152,23.98388108510272,28.5005,1.7889997682495207,1.8949072464897323,-0.1584750763985642,VASP
Ce,Hf,34.367,22.312,2.016899869469424,1.7464250978479678,4.595789957335279,24.267247753640074,31.35325,1.7960178069483774,1.956131223853587,-0.22600535020643556,VASP,4.5345106735008,23.30941070895669,25.32575,1.7720700882785752,1.8217603073055828,-0.07961617290873159,VASP,3.68746508289424,25.069966531479146,28.3395,1.8156064417994344,1.8913323812001315,-0.1153701889066799,VASP
Ce,In,34.367,26.16,2.016899869469424,1.841548000906085,4.719747467665205,26.28429271347529,32.31525,1.8444599459330364,1.9759364388669933,-0.1866288296245491,VASP,4.671376925468932,25.484419313520107,28.211750000000002,1.8255569160028726,1.888486157356422,-0.0966735734748782,VASP,3.868559839459009,28.94795982782909,30.2635,1.9047725218039202,1.93320027364273,-0.043469531685724025,VASP
Ce,Ir,34.367,14.155,2.016899869469424,1.500630450421227,4.48758234853099,22.593176858099458,29.314,1.7537306715344494,1.912767385646803,-0.22927008057244122,VASP,4.077546193209206,16.948711134057962,19.208,1.5934900505993772,1.66136291760547,-0.1176222858153913,VASP,3.604467,23.41494627664806,24.261,1.7747404673231393,1.7958636617396952,-0.034872994656112266,OQMD
Ce,La,34.367,37.168,2.016899869469424,2.070269390695367,4.65549130989662,25.225313341340932,35.06725,1.8193488758820069,2.0305064189244137,-0.2806589241716721,VASP,4.957479786812343,30.45950666591531,36.467749999999995,1.9373648616143784,2.0571854935797806,-0.16475497759211047,VASP,4.089276290987632,34.19080829795109,35.7675,2.013447235244718,2.0439330154926205,-0.04408168594531102,VASP
Ce,Mg,34.367,23.24,2.016899869469424,1.770309384051908,4.625108473737484,24.734650437846195,31.58525,1.807475375292558,1.9609442034967308,-0.21689236470041565,VASP,4.759942491098345,26.961566751539312,26.021749999999997,1.8601680132091316,1.8382982070201699,0.036116585223488616,VASP,3.844814185690685,28.418167636539614,28.8035,1.8930808146345417,1.9015987563812968,-0.013377970158501062,VASP
Ce,Mn,34.367,12.21,2.016899869469424,1.428485001664581,4.406230679485167,21.38659763710609,28.82775,1.7219387385723985,1.9021322660202065,-0.25812463209559927,VASP,4.04891148708609,16.594144098888115,17.74925,1.5822997127964569,1.6181935498847029,-0.06507913861779424,VASP,3.346226992455005,18.734245141203274,23.2885,1.6475901863878621,1.7715400258569876,-0.19555810201587587,VASP
Ce,Mo,34.367,15.583,2.016899869469424,1.5494853952179959,4.496969516673748,22.735255522948208,29.671,1.757399142308294,1.920500943029944,-0.23375499568776892,VASP,4.195694436325539,18.465095766950324,20.279,1.639661949329848,1.6916842605212419,-0.08944742014150976,VASP,4.0,32.0,24.974999999999998,1.969490043685393,1.813310999027556,0.2812812812812814,VASP
Ce,Nb,34.367,17.978,2.016899869469424,1.6251155863008009,4.548887464642606,23.531823775998824,30.269750000000002,1.7776884853631174,1.933333345605641,-0.22259603148361576,VASP,4.373917645833877,20.91952473597813,22.07525,1.7093109239044089,1.7402260833013152,-0.052353892437090016,VASP,3.578037705657813,22.90365235012828,26.1725,1.7617274093059974,1.8418412690578254,-0.12489627089012208,VASP
Ce,Ni,34.367,10.941,2.016899869469424,1.3771760758322233,4.424819033167832,21.658408932175657,28.5105,1.729202998803142,1.8951288432648752,-0.24033570326105622,VASP,3.879055855447484,14.592110446476052,16.7975,1.5159207568682183,1.5887370130526144,-0.13129272531769293,VASP,3.4093010719457992,19.813722190548383,22.654,1.6786461292807973,1.7553030021722293,-0.12537643724956377,VASP
Ce,Os,34.367,13.977,2.016899869469424,1.4943137246635851,4.471749372304312,22.354881535812165,29.2695,1.747543202676192,1.9117990058497731,-0.23623971930466306,VASP,4.072151654690325,16.881531342983816,19.0745,1.5913818847932537,1.6575050150348152,-0.1149686050494736,VASP,3.582125,22.982232528704102,24.171999999999997,1.7637398806841347,1.793664965482626,-0.04922089489061289,OQMD
Ce,Pb,34.367,30.321,2.016899869469424,1.9344238453824663,4.888687643085377,29.209012658565683,33.3555,1.9104811449391674,1.9969151657160937,-0.12431195279442118,VASP,4.8240341236101685,28.065392627497832,31.332500000000003,1.8852147873951237,1.9556995973559363,-0.10427215742446885,VASP,4.003341,32.08025099233259,32.344,1.9711350602443811,1.9765222441657644,-0.00815449566124827,OQMD
Ce,Pd,34.367,14.716,2.016899869469424,1.5201988160139424,4.515247215497191,23.013602583356445,29.45425,1.7645419997629843,1.9158130171889107,-0.2186661489137749,VASP,4.158852589943638,17.982935642654308,19.628749999999997,1.6252642913086979,1.6734060885530118,-0.0838471302220309,VASP,3.5646406099769994,22.647342900168642,24.5415,1.7551310476665818,1.8027582766628192,-0.0771817981717237,VASP
Ce,Pt,34.367,15.095,2.016899869469424,1.5331388987435077,4.521787217961024,23.113748012962198,29.549,1.7670978086645166,1.9178651147741863,-0.21778239490466011,VASP,4.164767210357459,18.059769509795917,19.913,1.6275757032059295,1.6814451110640707,-0.09306636319008102,VASP,3.658605,24.4859283893199,24.730999999999998,1.8013965303193995,1.8073864527888914,-0.00990949054547328,OQMD
Ce,Re,34.367,14.712,2.016899869469424,1.520061066935985,4.476999728099267,22.43371574586258,29.45325,1.749595022404268,1.9157913357145473,-0.23832800299245138,VASP,4.120049135286324,17.48425753896328,19.625749999999996,1.6101000439904722,1.6733208313996728,-0.10911646490130142,VASP,3.596415,23.258376978977385,24.539499999999997,1.7707758838652008,1.80270930363752,-0.05220656578262036,OQMD
Ce,Rh,34.367,13.754,2.016899869469424,1.4863239306523217,4.481647613754881,22.50365832260809,29.21375,1.7514113990184386,1.9105844248450266,-0.22968950160085272,VASP,4.052496816021549,16.638265708535553,18.907249999999998,1.5837008461536446,1.6526463132426192,-0.12000604484863983,VASP,3.602572,23.378035410500726,24.060499999999998,1.7738074214149433,1.790902789649873,-0.0283645223290984,OQMD
Ce,Ru,34.367,13.571,2.016899869469424,1.4797025210257315,4.463719687586962,22.234673197743444,29.168,1.7444052314306777,1.9095865510577121,-0.23770319535986545,VASP,4.038666856995669,16.468502114391963,18.77,1.5782961490481555,1.6486376784176564,-0.12261576375109409,VASP,3.446168983290251,20.46349040917073,23.968999999999998,1.6967988753618908,1.7886296896171707,-0.14625180820348227,VASP
Ce,Sc,34.367,24.987,2.016899869469424,1.8136013727062499,4.603842239628923,24.39502728877008,32.022,1.7991646092435687,1.969941281760805,-0.23817914906095555,VASP,4.621348065884987,24.674368540599932,27.332,1.8060058217387247,1.8686484325516464,-0.09723516242499884,VASP,3.8071383608422114,27.59090752802858,29.677,1.8745302741528655,1.9206303873698385,-0.07029323961220538,VASP
Ce,Si,34.367,20.024,2.016899869469424,1.6845635878380372,4.499722349055917,22.777033436460293,30.78125,1.7584749390752954,1.9441624357337546,-0.26003546196271127,VASP,4.153515681602619,17.913793851217626,23.60975,1.6231786471640557,1.7796486099380162,-0.24125440331991538,VASP,3.5636127488428917,22.627757521615063,27.1955,1.7546249570991026,1.8655324718597315,-0.16795949618079964,VASP
Ce,Sn,34.367,27.053,2.016899869469424,1.8622684018206264,4.7163800471444,26.228073308235054,32.5385,1.843143970382588,1.9804762546579895,-0.19393723410006442,VASP,4.765117544610518,27.04960098824997,28.881500000000003,1.862190405082141,1.903313721762674,-0.06342811182764163,VASP,3.859797705573136,28.751707077876475,30.71,1.9004582879415037,1.9426612124155476,-0.06376727196755214,VASP
Ce,Sr,34.367,56.0,2.016899869469424,2.3733755965792427,4.725662222796409,26.3832344887596,39.77525,1.8467714104773254,2.1175878488689714,-0.33669217695024917,VASP,5.283985958403644,36.882892538845205,50.59175,2.064962272222876,2.2943712796082276,-0.27097021670835253,VASP,4.362505746797388,41.5124189374822,45.183499999999995,2.1479779084594415,2.2095156734225125,-0.08124826679026179,VASP
Ce,Ta,34.367,18.014,2.016899869469424,1.6261995992423404,4.548102522087775,23.519644132375223,30.27875,1.777381732700573,1.9335249370558656,-0.2232293561532354,VASP,4.350182684007203,20.580811487477117,22.102249999999998,1.700035388145881,1.7409352781566294,-0.0688363633803292,VASP,3.564915102339472,22.65257512583797,26.1905,1.755266200160321,1.8422634111974177,-0.13508428148229434,VASP
Ce,Tb,34.367,32.09,2.016899869469424,1.9713347123038616,4.263640585808014,19.376787279418853,33.79775,1.6662150545668113,2.005701934094174,-0.4266841053200627,VASP,5.686277976599092,45.96468290536952,32.65925,2.2221765128604436,1.9829230719949402,0.40740166737967104,VASP,4.104324,34.569644686825264,33.2285,2.0208563135147517,1.9943775454633725,0.04036127682035803,OQMD
Ce,Ti,34.367,17.649,2.016899869469424,1.6151412089743407,4.526150298153908,23.18072007742068,30.1875,1.76880288435168,1.9315806506543902,-0.2321086516796462,VASP,4.260256583032713,19.330686485029922,21.8285,1.6648925987323135,1.7337178792144878,-0.11442900405296179,VASP,3.576281925568387,22.869951715878603,26.008,1.7608629114547412,1.8379743618555089,-0.12065703953096725,VASP
Ce,Tl,34.367,28.59,2.016899869469424,1.8968886969006673,5.063207,32.450176098147836,32.92275,1.9786826675469544,1.9882416396237685,-0.014354022730548484,OQMD_new,4.820436,28.002639682017758,30.03425,1.883808653926132,1.9283064801219014,-0.06764311803964614,OQMD_new,3.91315008,29.960531821119623,31.478499999999997,1.926727530501675,1.9587325481031923,-0.04822237968392311,MP
Ce,V,34.367,13.824,2.016899869469424,1.48884117815856,4.477670870475053,22.44380630340508,29.23125,1.7498573023755242,1.9109658497264341,-0.23219820214992243,VASP,4.083558076441821,17.02378862334045,18.95975,1.5958394724483538,1.6541745409318187,-0.10210901391946353,VASP,3.521312021941136,21.831497805118747,24.095499999999998,1.733797241980687,1.7917707575997304,-0.0939595441008176,VASP
Ce,W,34.367,15.85,2.016899869469424,1.5582849840929494,4.505886337805093,22.870765746686786,29.73775,1.7608838032005323,1.921940029757464,-0.23091808402832134,VASP,4.214849519801453,18.719154566534332,20.47925,1.6471476854787366,1.6972343500167095,-0.08594530724834495,VASP,3.4880502755115725,21.218672637894805,25.1085,1.7174200723735336,1.8165361837628364,-0.154920738479208,VASP
Ce,Y,34.367,33.018,2.016899869469424,1.9901572114304584,4.670650576889398,25.472533507245366,34.02975,1.8252730616503008,2.0102807613403644,-0.2514628080651381,VASP,4.903679539772935,29.47855908078802,33.35525,1.9163399230079539,1.9969101767333803,-0.11622431009247354,VASP,4.007960859227378,32.19144112539574,33.692499999999995,1.9734097519322684,2.0036177752540225,-0.04455172143961578,VASP
Ce,Zn,34.367,15.207,2.016899869469424,1.536921356892218,4.508906120368371,22.916779581258282,29.576999999999998,1.7620639231161745,1.9184706995137695,-0.22518241940500106,VASP,4.325640952452197,20.234450426073575,19.997,1.690444569745709,1.6838061022355049,0.01187430244904613,VASP,3.6041370158954966,23.40851604487357,24.787,1.774577992221041,1.8087496183497078,-0.05561318252012872,VASP
Ce,Zr,34.367,23.279,2.016899869469424,1.771299106960212,4.602378999607204,24.3717742528874,31.595,1.7985927804264896,1.9611459563088725,-0.22861926719774017,VASP,4.577449124009581,23.977869200942486,26.051000000000002,1.788850276762484,1.8389867347344542,-0.07957970131885593,VASP,3.717851106228066,25.694843884692173,28.823,1.830567684405225,1.9020277877015286,-0.10852985863053213,VASP
Co,Cr,11.073,12.008,1.3826923611463033,1.4205636251907152,3.471975661479925,10.463332466840724,11.306750000000001,1.356835314755095,1.3923541923459615,-0.07459416128943129,VASP,3.553299242946246,11.215931772223819,11.77425,1.3886162711944134,1.4112855055491151,-0.047418581037109095,VASP,2.810097567538847,11.095176144690072,11.5405,1.383614795263075,1.4018837619888804,-0.038587916928203105,VASP
Co,Cu,11.073,11.81,1.3826923611463033,1.412712418206345,3.5436647693606966,11.124945738164342,11.25725,1.384851154363388,1.3903193501671416,-0.011752804800076257,VASP,3.6036806588138552,11.699812593709494,11.62575,1.4083051431571265,1.405327215231423,0.0063705647987866276,VASP,2.83679635090516,11.414436677296523,11.441500000000001,1.3967605422676919,1.3978635648876487,-0.002365364917491432,VASP
Co,Dy,11.073,31.54,1.3826923611463033,1.960007319637871,3.7662102469002017,13.35530130921983,16.18975,1.471821108218401,1.5693404818976897,-0.17507674243148727,VASP,4.041781283786195,16.5066306666015,26.423250000000003,1.5795132555796005,1.8477046062969986,-0.3752990011977521,VASP,3.322842,18.344212725958087,21.3065,1.6360760589349148,1.7197863661654462,-0.1390320922742784,OQMD
Co,Er,11.073,30.66,1.3826923611463033,1.9416063353551711,3.531799592628911,11.013571233316995,15.969750000000001,1.3802142869497969,1.562199529709717,-0.3103479244623745,VASP,4.975389621584593,30.790822943486248,25.76325,1.944363959151272,1.8321907216260405,0.19514513671552497,VASP,3.293679,17.865444116175045,20.866500000000002,1.6217169993989156,1.707865504728067,-0.14382171824814688,OQMD
Co,Fe,11.073,11.776,1.3826923611463033,1.4113554216028104,3.5368661080754817,11.061037557768993,11.248750000000001,1.3821942625460917,1.3899693330634617,-0.01668740457659816,VASP,3.5886385101401848,11.553914477237468,11.60025,1.4024267267970496,1.4042989782911628,-0.003994355532211187,VASP,2.838391877573178,11.433707306157956,11.4245,1.3975461357394656,1.3971708975556079,0.0008059264001011721,VASP
Co,Ga,11.073,19.58,1.3826923611463033,1.672019581917477,3.5863968277993568,11.532276161899182,13.19975,1.401550685585631,1.466084601061577,-0.1263261681547619,VASP,3.8706870660856336,14.497869710278115,17.453249999999997,1.5126502647752336,1.6091476675982794,-0.16933122998420824,VASP,2.879225045838968,11.934296924470477,15.3265,1.417651265327367,1.5409366810969891,-0.22132927123149596,VASP
Co,Ge,11.073,22.634,1.3826923611463033,1.7547862958334142,3.5697542167097605,11.372474049150695,13.96325,1.395046814401674,1.4938235490154146,-0.18554247405505922,VASP,4.0113615066893535,16.13672569842171,19.74375,1.5676253186076057,1.6766677514348405,-0.18269195576211655,VASP,2.927493725719296,12.544631927820241,16.8535,1.4414174364389025,1.5905005807657384,-0.255666067711737,VASP
Co,Hf,11.073,22.312,1.3826923611463033,1.7464250978479678,3.689529563753653,12.556048732219708,13.882750000000001,1.4418545793607547,1.4909473172440968,-0.09556473089123507,VASP,4.223789373134525,18.838519465338692,19.502250000000004,1.6506413472706725,1.6698035115342724,-0.034033536369460535,VASP,3.141432050879025,15.500760833864037,16.692500000000003,1.5467547867801064,1.585419729995569,-0.0713936897490469,VASP
Co,In,11.073,26.16,1.3826923611463033,1.841548000906085,3.748657451096614,13.169439123285267,14.844750000000001,1.464961540196878,1.5246193459599349,-0.11285544564339137,VASP,4.323498527459363,20.204399856458245,22.38825,1.6896073179407087,1.7484122722613828,-0.09754447728347478,VASP,3.1268467536761,15.285857108166145,18.616500000000002,1.539573387373768,1.6441312161929618,-0.1789081133313919,VASP
Co,Ir,11.073,14.155,1.3826923611463033,1.500630450421227,3.621428713333684,11.873529365903686,11.8435,1.4152410175665795,1.414046914072524,0.002535514493493054,VASP,3.787578478311315,13.583914179442377,13.3845,1.4801717344379692,1.4728929414799343,0.014898888971749282,VASP,2.947925,12.80912001667354,12.614,1.4514772342578157,1.4440694236671232,0.015468528355283022,OQMD
Co,La,11.073,37.168,1.3826923611463033,2.070269390695367,3.9392318763982286,15.281804710719333,17.59675,1.5394373244620734,1.6135457541684544,-0.1315552752230194,VASP,4.709572443563425,26.114664679678906,30.64425,1.8404835839490081,1.9412738115714199,-0.14781191643851924,VASP,3.489149784228479,21.238744714222648,24.1205,1.7179614402412566,1.7923902202371917,-0.11947328147332568,VASP
Co,Mg,11.073,23.24,1.3826923611463033,1.770309384051908,3.660932111906997,12.266341033843995,14.11475,1.4306788003920128,1.4992067434602867,-0.13095584166605898,VASP,4.115386445732951,17.424963509075706,20.19825,1.6082778820675225,1.689435871836721,-0.1373033055301472,VASP,3.028301574141922,13.885686991345722,17.1565,1.4910524498873297,1.5999756079268617,-0.1906457032992906,VASP
Co,Mn,11.073,12.21,1.3826923611463033,1.428485001664581,3.461250483282946,10.366665772564838,11.35725,1.3526439545747357,1.3944240315525698,-0.08722042989589578,VASP,3.475711634300749,10.49714561042076,11.92575,1.3582953191884493,1.4173127604842002,-0.11979157617585812,VASP,2.773600193952028,10.668456270195968,11.6415,1.3656444917880985,1.4059615518217319,-0.08358405100751903,VASP
Co,Mo,11.073,15.583,1.3826923611463033,1.5494853952179959,3.581374096863853,11.483891301594822,12.2005,1.3995878208151737,1.4281144275838138,-0.05873601068851097,VASP,3.8578364083941863,14.353950062217905,14.4555,1.5076282750282914,1.5111752644076564,-0.007025003478405857,VASP,2.972080158824697,13.12657909102122,13.328,1.4633705704600355,1.470817510364742,-0.015112613218695909,VASP
Co,Nb,11.073,17.978,1.3826923611463033,1.6251155863008009,3.638458127305439,12.041820591967147,12.79925,1.421896049893797,1.4511043284505536,-0.05917763994240708,VASP,4.041658790231488,16.505129921425418,16.25175,1.5794653855490872,1.5713412368698967,0.015590931525861315,VASP,3.0670685282666006,14.425817818683628,14.525500000000001,1.5101402324304705,1.513610599932207,-0.006862564546237518,VASP
Co,Ni,11.073,10.941,1.3826923611463033,1.3771760758322233,3.517645298010137,10.881684859885274,11.040000000000001,1.3746828406878682,1.3813174175552703,-0.014340139503145553,VASP,3.519374579222624,10.897741122377875,10.974,1.375358637423507,1.3785592886716191,-0.006949050266277142,VASP,2.772740877973927,10.658543448276662,11.007000000000001,1.3652213882222861,1.3799397313031523,-0.03165772251506673,VASP
Co,Os,11.073,13.977,1.3826923611463033,1.4943137246635851,3.5653723630451783,11.330646486281818,11.799,1.3933344021108405,1.4122736752265979,-0.03969433966591926,VASP,3.769122907035627,13.386310899059634,13.251,1.4729593650833523,1.4679795814385301,0.010211372655621036,VASP,2.927458,12.544172667539879,12.525,1.4413998460767883,1.4406651205536312,0.0015307518993915108,OQMD
Co,Pb,11.073,30.321,1.3826923611463033,1.9344238453824663,3.795595980384169,13.670359723064145,15.885000000000002,1.4833049447508357,1.5594311434731476,-0.13941707755340613,VASP,4.610298304554921,24.497800256348103,25.509,1.80168761566413,1.8261436669636602,-0.03964090100168164,VASP,3.299118,17.954096380380737,20.697000000000003,1.6243950134858167,1.7032285573052721,-0.13252662799532616,OQMD
Co,Pd,11.073,14.716,1.3826923611463033,1.5201988160139424,3.647172139577517,12.12854750771278,11.98375,1.4253014538299884,1.4196067108139405,0.01208282112967802,VASP,3.854057785857483,14.311813709353167,13.80525,1.506151603242884,1.4881677502391841,0.03669355566564663,VASP,2.99793141967183,13.472093416754536,12.8945,1.4760990206738214,1.4546950657482303,0.044793781593278924,VASP
Co,Pt,11.073,15.095,1.3826923611463033,1.5331388987435077,3.658354976311159,12.240454367644983,12.0785,1.429671665282703,1.423338285874303,0.013408483474353819,VASP,3.8780081139647753,14.580289556922763,14.089500000000001,1.515511303351523,1.4983122284845232,0.034833709991324145,VASP,3.007101,13.596090587935626,13.084,1.4806138699640972,1.461786596418907,0.03913868755240187,OQMD
Co,Re,11.073,14.712,1.3826923611463033,1.520061066935985,3.568919966533434,11.364502684018568,11.98275,1.394720792502057,1.4195672227238285,-0.05159477715728288,VASP,3.806134562462681,13.784544622827447,13.802249999999999,1.487423383854604,1.4880599451968641,-0.0012827891954248158,VASP,2.955091,12.902758895618408,12.8925,1.455005575671078,1.4546198517535123,0.0007957258575457207,OQMD
Co,Rh,11.073,13.754,1.3826923611463033,1.4863239306523217,3.611995755369341,11.780987698728318,11.74325,1.4115546522989253,1.4100458426481235,0.0032135651313152476,VASP,3.771961706924235,13.416580291196345,13.08375,1.474068757635587,1.4617772860913645,0.02543844778418609,VASP,2.96124,12.983471403897314,12.413499999999999,1.4580331742407335,1.4363773441590473,0.045915447206453824,OQMD
Co,Ru,11.073,13.571,1.3826923611463033,1.4797025210257315,3.572946497516916,11.403011114194763,11.6975,1.3962943459963852,1.4082123481601816,-0.025175369592240784,VASP,3.723809844139424,12.909294120784644,12.9465,1.4552511868148792,1.4566479057590473,-0.0028738175735030067,VASP,2.903230926422415,12.235303562834531,12.322,1.4294711010271166,1.4328394546007088,-0.007035906278645363,VASP
Co,Sc,11.073,24.987,1.3826923611463033,1.8136013727062499,3.7125459354257,12.792502672043073,14.5515,1.4508492927306205,1.5145131602194415,-0.12088082520406337,VASP,4.257294935153025,19.29039954795455,21.508499999999998,1.663735197637135,1.7252041923361132,-0.1031266918681195,VASP,3.119207252082881,15.174091552906832,18.03,1.5358119067921272,1.6266809192154663,-0.15839758442003155,VASP
Co,Si,11.073,20.024,1.3826923611463033,1.6845635878380372,3.47435255843067,10.484836614971071,13.31075,1.3577641973386005,1.4701826925422925,-0.2123030922396506,VASP,3.68906890892164,12.551346277104583,17.786250000000003,1.4416745571472,1.6193171955916825,-0.29432307107430844,VASP,2.7807895517420347,10.751631557315257,15.5485,1.3691843339350762,1.548341055332518,-0.3085100455146634,VASP
Co,Sn,11.073,27.053,1.3826923611463033,1.8622684018206264,3.72526175262141,12.924399958579773,15.068000000000001,1.4558185873079204,1.532224259119777,-0.14226174949696233,VASP,4.43812568062467,21.854395510059206,23.058,1.7344031876727664,1.765675978126691,-0.052198997742249724,VASP,3.14046352443735,15.486428260330138,19.063000000000002,1.5462779109841251,1.6571718452769604,-0.18761851438230415,VASP
Co,Sr,11.073,56.0,1.3826923611463033,2.3733755965792427,4.008092364925512,16.097304970701302,22.30475,1.566347750033801,1.7462359178310325,-0.2783014841815621,VASP,4.858555260482212,28.672228480217786,44.76825,1.898705520677948,2.202726126150804,-0.35954100327312805,VASP,3.6528872198058,24.371305630637327,33.536500000000004,1.7985812525282847,2.0005206663999893,-0.27329012775223044,VASP
Co,Ta,11.073,18.014,1.3826923611463033,1.6261995992423404,3.6256077975573127,11.91468254049339,12.808250000000001,1.4168741883058982,1.4514443712668321,-0.06976499205641765,VASP,4.033684532598322,16.40762788940863,16.278750000000002,1.57634907500415,1.5722109430039448,0.007916940146425723,VASP,3.050938970257606,14.199418690264038,14.5435,1.5021984814535303,1.5142355639504819,-0.02365876919145751,VASP
Co,Tb,11.073,32.09,1.3826923611463033,1.9713347123038616,3.9388304068404105,15.277132819607672,16.32725,1.5392804316359254,1.5737707808009818,-0.06431684333812045,VASP,4.602450245506924,24.372906112648028,26.835750000000004,1.7986206230619795,1.857269995485458,-0.09177473658653013,VASP,3.352743,18.843900294915453,21.581500000000002,1.6507984893839738,1.727153773413065,-0.12684937122463907,OQMD
Co,Ti,11.073,17.649,1.3826923611463033,1.6151412089743407,3.5677470681780683,11.353301794249749,12.717,1.3942624281399922,1.4479893045549157,-0.10723426954079199,VASP,3.913853408628047,14.988344780622413,16.005000000000003,1.5295195126274481,1.5633480984352166,-0.0635211008670784,VASP,2.962073592392771,12.994439076167982,14.361,1.458443612220247,1.5078750583382112,-0.09515778315103535,VASP
Co,V,11.073,13.824,1.3826923611463033,1.48884117815856,3.502509632612017,10.74182378649608,11.76075,1.3687678783359338,1.4107459201378703,-0.08663786012830126,VASP,3.692580363433008,12.587221545977627,13.13625,1.4430468206512448,1.4637298580150149,-0.041794915141107496,VASP,2.869537564387819,11.814238866719617,12.4485,1.4128814157607605,1.4377260379815355,-0.050950807991355,VASP
Co,W,11.073,15.85,1.3826923611463033,1.5582849840929494,3.583934690928792,11.50854101345726,12.26725,1.4005884915550662,1.4307141384629583,-0.06184833491962267,VASP,3.884686654414379,14.65574802076028,14.65575,1.5181212523881993,1.5181213207282969,-1.3504868189439928e-07,VASP,2.934598091339205,12.636182701155574,13.461500000000001,1.4449154307776804,1.475712022356529,-0.061309460226900904,VASP
Co,Y,11.073,33.018,1.3826923611463033,1.9901572114304584,3.861728821540226,14.397441716002591,16.55925,1.5091494157651801,1.5811898500220323,-0.13054989108790602,VASP,4.577411456111598,23.97727726307007,27.531750000000002,1.7888355562865363,1.8731895918235741,-0.12910449705993737,VASP,3.335335481521434,18.5519077019866,22.0455,1.6422275058017726,1.73944398569797,-0.15847190120493526,VASP
Co,Zn,11.073,15.207,1.3826923611463033,1.536921356892218,3.584686933082524,11.515789214921531,12.1065,1.4008824650211693,1.424437283153613,-0.0487928621053541,VASP,3.7260692457028353,12.93280631491597,14.1735,1.4561341526332923,1.5012839198114991,-0.08753615444907967,VASP,2.8755621777000124,11.888807425605076,13.14,1.4158477697446152,1.463869128221185,-0.09522013503766545,VASP
Co,Zr,11.073,23.279,1.3826923611463033,1.771299106960212,3.7099878891690015,12.766077729391405,14.124500000000001,1.4498496176648148,1.4995518647301809,-0.09617489260565655,VASP,4.267757879097086,19.432976571831528,20.2275,1.6678240776362403,1.6902509946745143,-0.0392793685907043,VASP,3.183769283941668,16.135958556955472,17.176000000000002,1.567600476528622,1.600581553416914,-0.06055201694483753,VASP
Cr,Cu,12.008,11.81,1.4205636251907152,1.412712418206345,3.5887762359905118,11.55524478712737,11.9585,1.40248054955265,1.4186089631866903,-0.033721220292898875,VASP,3.727564815199914,12.948385473960641,11.8595,1.4567186156903984,1.4146833973741253,0.09181546219997815,VASP,2.883544493203234,11.988089462929388,11.908999999999999,1.4197780424719029,1.4166488997380926,0.006641150636442085,VASP
Cr,Dy,12.008,31.54,1.4205636251907152,1.960007319637871,4.0,16.0,16.891,1.563185283593544,1.5916793584567834,-0.05274998519921842,VASP,4.139293374259439,17.730404088393005,26.657,1.6176206217796547,1.8531371147662854,-0.3348687366022806,VASP,3.520197,21.810765568115343,21.774,1.7332482358277974,1.7322737981498815,0.0016885077668477202,OQMD
Cr,Er,12.008,30.66,1.4205636251907152,1.9416063353551711,3.64409650968065,12.097889666383807,16.671,1.4240995089818478,1.5847387621118358,-0.2743152980394813,VASP,4.337036246712262,20.394786531300035,25.997,1.6948978088180966,1.8377152035325575,-0.21549461355925548,VASP,3.477971,21.035259483333487,21.334,1.7124573141816326,1.7205259494281369,-0.0140030241242389,OQMD
Cr,Fe,12.008,11.776,1.4205636251907152,1.4113554216028104,3.5591220993812414,11.27116143666378,11.95,1.3908918220663289,1.4182727717951988,-0.05680657433775894,VASP,3.541868654655336,11.10803819705582,11.834,1.3841492393446215,1.41366873084783,-0.06134542867535747,VASP,2.801982338675381,10.999328811317264,11.892,1.379619079650869,1.4159744938312027,-0.07506484936787212,VASP
Cr,Ga,12.008,19.58,1.4205636251907152,1.672019581917477,3.656714910506992,12.223999306054202,13.901,1.4290307336004033,1.4916003548647032,-0.1206388528843823,VASP,3.9465587244443774,15.367234446462522,17.686999999999998,1.5423006297222899,1.6162995629797994,-0.13115653041993985,VASP,2.970013078379417,13.099209545377501,15.793999999999999,1.4623527968709167,1.556447614319141,-0.17062115072954903,VASP
Cr,Ge,12.008,22.634,1.4205636251907152,1.7547862958334142,3.6620026655125386,12.27710519089966,14.6645,1.431097168802383,1.5184233846246704,-0.16280096894543564,VASP,4.131073950254655,17.624991519444578,19.9775,1.6144085011186813,1.6832586051525866,-0.11775790166714661,VASP,2.974650526122656,13.160665639139168,17.320999999999998,1.464636148660522,1.605072981084662,-0.24019019461121358,VASP
Cr,Hf,12.008,22.312,1.4205636251907152,1.7464250978479678,3.850754791189648,14.275048814450793,14.584,1.504860805078747,1.515639849986669,-0.021184255728826568,VASP,4.326715461461487,20.249533162345998,19.736,1.6908644839133116,1.676448342328287,0.02602012375081054,VASP,3.20428205635042,16.44986043763198,17.16,1.5777004017854774,1.6000844011707953,-0.04138342438042077,VASP
Cr,In,12.008,26.16,1.4205636251907152,1.841548000906085,3.808608690316551,13.811443487839341,15.546,1.4883902639173285,1.5482580664028662,-0.11157574373862462,VASP,4.496845194732758,22.73336997784141,22.622,1.7573505577511481,1.754476125911649,0.004923082744293584,VASP,3.3543010203316017,18.87018279713777,19.084,1.6515656157667111,1.6577801412370416,-0.011204003503575284,VASP
Cr,Ir,12.008,14.155,1.4205636251907152,1.500630450421227,3.6771930625828735,12.430520238270388,12.54475,1.4370335200904554,1.4414219587122725,-0.009105782237957124,VASP,3.806705625858223,13.790750154866602,13.61825,1.4876465533285814,1.4814178197963959,0.012666837138883669,VASP,3.031844,13.93447332706223,13.081499999999998,1.4927966430018242,1.4616934878060346,0.06520455047679792,OQMD
Cr,La,12.008,37.168,1.4205636251907152,2.070269390695367,4.191099274722331,18.40449278045907,18.298000000000002,1.6378661770813807,1.6347010364715575,0.005819913676853612,VASP,4.8063078958396535,27.75714374523602,30.877999999999997,1.8782874427989995,1.9461972349067203,-0.10107054390711755,VASP,3.728446256928162,25.915146397135874,24.588,1.8357844453590215,1.803896150210379,0.05397536998275067,VASP
Cr,Mg,12.008,23.24,1.4205636251907152,1.770309384051908,3.728267958874932,12.955714354880435,14.815999999999999,1.4569934016516586,1.5236344605324128,-0.12555923630666604,VASP,4.170578427572164,18.13547296084971,20.432,1.6298467055133776,1.695928050919603,-0.11239854341964996,VASP,3.329077182802735,18.447673211878882,17.624,1.639146091547551,1.6143782269208864,0.04673588356098977,VASP
Cr,Mn,12.008,12.21,1.4205636251907152,1.428485001664581,3.574715728308914,11.419958933005711,12.0585,1.396985754880718,1.422552247534174,-0.05295360674995142,VASP,3.520132993206709,10.904787925966085,12.159500000000001,1.3756550228182052,1.4265128974994539,-0.10318780163936973,VASP,2.807352706476649,11.06269508854611,12.109,1.3822633011297505,1.4245353254755975,-0.08640721045948381,VASP
Cr,Mo,12.008,15.583,1.4205636251907152,1.5494853952179959,3.719937292271426,12.869061179997617,12.90175,1.4537378077923773,1.4549676513009406,-0.002533673339072817,VASP,3.909579473295095,14.939296477834711,14.689250000000001,1.527849274423573,1.5192771438424475,0.01702241284168421,VASP,3.0038776861437,13.5524164561175,13.7955,1.4790267988271835,1.4878173267232384,-0.017620495370410664,VASP
Cr,Nb,12.008,17.978,1.4205636251907152,1.6251155863008009,3.791922073315148,13.630701892989668,13.5005,1.4818691953849399,1.4771357685578363,0.009644227472291215,VASP,4.09461225229652,17.162413192292576,16.485500000000002,1.6001594037029339,1.5788389726045697,0.04106112597692358,VASP,3.1019956373953543,14.924285635971968,14.993,1.5273373808514188,1.5296778470298849,-0.004583096380179587,VASP
Cr,Ni,12.008,10.941,1.4205636251907152,1.3771760758322233,3.5601967766877274,11.281374505159334,11.74125,1.3913118020038566,1.40996578951696,-0.03916750727909434,VASP,3.546946165763444,11.155879113623598,11.20775,1.3861335120049907,1.3882785341847328,-0.004628126642403924,VASP,2.8349171327587097,11.391767432706478,11.474499999999999,1.395835266910355,1.3992061982573218,-0.0072101239525487505,VASP
Cr,Os,12.008,13.977,1.4205636251907152,1.4943137246635851,3.6767284805886185,12.425809362725198,12.500250000000001,1.436851963156345,1.4397155537181492,-0.0059551318793466335,VASP,3.800447704271351,13.722849208532644,13.484749999999998,1.4852009805959614,1.476561124622562,0.017656924194563894,VASP,2.982964,13.271317541692929,12.9925,1.4687294746679886,1.4583710639064233,0.021459883909403798,OQMD
Cr,Pb,12.008,30.321,1.4205636251907152,1.9344238453824663,3.870826517256994,14.499436732657935,16.58625,1.512704761779946,1.5820487645995438,-0.12581585755321814,VASP,4.790718938165407,27.48793314882655,25.74275,1.8721953354932634,1.8317046303082645,0.06779319027013618,VASP,3.530835,22.00909946934747,21.1645,1.7384860945989788,1.715957265432839,0.03990642204386913,OQMD
Cr,Pd,12.008,14.716,1.4205636251907152,1.5201988160139424,3.679489902495333,12.453827759781937,12.685,1.4379311166779372,1.4467737511688339,-0.01822406308380474,VASP,3.894741107220132,14.76984003791705,14.038999999999998,1.522050495553334,1.4965199872661492,0.05205784157824998,VASP,3.125235073285757,15.262232777869496,13.361999999999998,1.538779840253172,1.4720671435150152,0.14221170317837883,VASP
Cr,Pt,12.008,15.095,1.4205636251907152,1.5331388987435077,3.692749710727812,12.588953432194199,12.77975,1.4431130009510083,1.4503670217918039,-0.014929600955089202,VASP,3.905236202254753,14.889562210218502,14.323250000000002,1.5261519400803427,1.506552675202997,0.039537968702529125,VASP,3.099102,14.882559079416522,13.5515,1.5259126333413722,1.4789934592940503,0.09822226907844306,OQMD
Cr,Re,12.008,14.712,1.4205636251907152,1.520061066935985,3.691626452489319,12.577469026880257,12.684000000000001,1.4426740357639862,1.446735732202317,-0.008398846824325458,VASP,3.8473769006202505,14.237515445448492,14.035999999999998,1.5035407378718293,1.4964133823372183,0.014357042280457016,VASP,2.974823,13.162954986365392,13.36,1.464721070056578,1.4719936944008571,-0.014748878266063425,OQMD
Cr,Rh,12.008,13.754,1.4205636251907152,1.4863239306523217,3.661155712274004,12.268588761305661,12.4445,1.4307661825927906,1.4375720295941938,-0.014135661432306499,VASP,3.76490547929006,13.341425667229714,13.317499999999999,1.47131120983673,1.4704311647965707,0.0017965584553944233,VASP,3.016217,13.720115092363747,12.881,1.4851023377736563,1.4541872202611985,0.06514362956010764,OQMD
Cr,Ru,12.008,13.571,1.4205636251907152,1.4797025210257315,3.658735290951529,12.244272237694249,12.39875,1.4298202908449436,1.4358082067193905,-0.012459140018610823,VASP,3.756820351119595,13.255658049625541,13.180250000000001,1.4681515714937206,1.4653622959851664,0.0057212912976264095,VASP,2.9500620846983034,12.836997955186805,12.7895,1.4525294760167708,1.4507357688014202,0.003713824245420401,VASP
Cr,Sc,12.008,24.987,1.4205636251907152,1.8136013727062499,3.967020684023414,15.60750214676091,15.252749999999999,1.550297088244149,1.538461081070126,0.023258241744007507,VASP,4.31266823037751,20.052944754118784,21.74225,1.685374877686884,1.731431410476926,-0.07769689180656165,VASP,3.3158938820170896,18.229379016923108,18.4975,1.6326549966374915,1.6406205315576345,-0.014494984894006796,VASP
Cr,Si,12.008,20.024,1.4205636251907152,1.6845635878380372,3.608509507525447,11.746908078833842,14.012,1.4101922394677915,1.4955599955639762,-0.16165371975208095,VASP,3.773336078584838,13.431251241206958,18.02,1.474605857024098,1.6263801276185175,-0.25464754488307667,VASP,2.872415298711971,11.849818481926146,16.016,1.4142983330357077,1.5637061717639167,-0.2601262186609548,VASP
Cr,Sn,12.008,27.053,1.4205636251907152,1.8622684018206264,3.820608502376747,13.942402693456442,15.76925,1.4930797463219252,1.555634178457246,-0.11584871230677157,VASP,4.59173150255493,24.20301467399398,23.29175,1.7944317777516847,1.7716224304383252,0.03912392473704122,VASP,3.244201698096268,17.072359455729117,19.5305,1.5973557360269612,1.6706093876173667,-0.125861628953221,VASP
Cr,Sr,12.008,56.0,1.4205636251907152,2.3733755965792427,4.5910993465504335,24.19301976810412,23.006,1.7941847335108934,1.7643476718636029,0.05159609528401801,VASP,5.240111083349079,35.97174361011888,45.002,2.047816132471676,2.206553196225631,-0.20066344584420967,VASP,4.04605703014261,33.11814507281418,34.004,1.9921672592622905,2.0097735797151857,-0.026051491800547527,VASP
Cr,Ta,12.008,18.014,1.4205636251907152,1.6261995992423404,3.784529331469606,13.551133857638868,13.5095,1.4789801390703505,1.4774639358812318,0.0030818207660438424,VASP,4.109590037690895,17.351439424814533,16.5125,1.6060126671302613,1.5797004448270058,0.050806323985740115,VASP,3.0843045527951687,14.67039370912146,15.011,1.5186267771059034,1.5302897590280922,-0.022690446397877564,VASP
Cr,Tb,12.008,32.09,1.4205636251907152,1.9713347123038616,4.0,16.0,17.0285,1.563185283593544,1.5959866764094022,-0.0603987432833192,VASP,4.1266449401040886,17.568363916486913,27.0695,1.6126776602466182,1.8626469326516815,-0.3509904535921642,VASP,3.539873,22.178544815843967,22.049,1.7429361573526858,1.739536033686499,0.005875314791780471,OQMD
Cr,Ti,12.008,17.649,1.4205636251907152,1.6151412089743407,3.7262497752805896,12.934686205248807,13.41825,1.456204702928092,1.4741299049481664,-0.036037769064609246,VASP,3.960824731055025,15.534485847163102,16.23875,1.547875732619643,1.5709221458954719,-0.0433693574220243,VASP,3.026810938293106,13.865192022016927,14.8285,1.4903185017715788,1.5240628279992687,-0.06496327868517197,VASP
Cr,V,12.008,13.824,1.4205636251907152,1.48884117815856,3.6543133627203344,12.199930782649533,12.462,1.4280922175609159,1.4382455728513686,-0.02102946696761891,VASP,3.748273627409784,13.165394295070286,13.370000000000001,1.4648115433121913,1.4723608667020422,-0.015303343674623441,VASP,2.896377065938496,12.148853759620225,12.916,1.426096448531145,1.4555031254393689,-0.059395032547210826,VASP
Cr,W,12.008,15.85,1.4205636251907152,1.5582849840929494,3.727823641572341,12.951082905006242,12.9685,1.4568197640844944,1.4574725332379568,-0.0013430308049318465,VASP,3.93208278908399,15.19875339038684,14.889499999999998,1.5366434874418877,1.526149814600839,0.02076989760481152,VASP,3.016356481622769,13.722018595078714,13.928999999999998,1.4851710146904864,1.4926011653525135,-0.014859746207285866,VASP
Cr,Y,12.008,33.018,1.4205636251907152,1.9901572114304584,4.086832112450392,17.06476847119482,17.2605,1.5971189536749921,1.6032020306801795,-0.011339852773974075,VASP,4.662295832903492,25.336083966390834,27.7655,1.8220080584385612,1.8784759092801269,-0.08749765117174786,VASP,3.5354570223577904,22.09564537639738,22.512999999999998,1.7407618513528185,1.75165371305504,-0.0185383833164225,VASP
Cr,Zn,12.008,15.207,1.4205636251907152,1.536921356892218,3.631183365755022,11.969735382042447,12.80775,1.419053099844481,1.4514254841789718,-0.06543027604048743,VASP,3.76960930827564,13.391494034767891,14.407250000000001,1.47314944889843,1.5094920415893476,-0.07050311233803187,VASP,3.1028637951545903,14.93681975504737,13.6075,1.5277648378672097,1.4810279157150532,0.0976902263492464,VASP
Cr,Zr,12.008,23.279,1.4205636251907152,1.771299106960212,3.86697718160183,14.456222927837812,14.82575,1.511200455568005,1.5239686078175652,-0.024924679841639517,VASP,4.319160183447656,20.143639540677643,20.46125,1.6879119090621422,1.6967369494240694,-0.0155225345138912,VASP,3.234486654062457,16.919444295073987,17.6435,1.5925723154023224,1.6149734147729433,-0.04103809929583204,VASP
Cu,Dy,11.81,31.54,1.412712418206345,1.960007319637871,4.085440748139267,17.04734527395839,16.7425,1.5965752136211753,1.5870011182366035,0.018207870626154317,VASP,4.49286221232162,22.673016708264264,26.6075,1.7557940228786724,1.851989359648489,-0.14787121269325332,VASP,3.43607761,20.284247365710222,21.675,1.691830160556325,1.7296444286080652,-0.06416390469618356,MP
Cu,Er,11.81,30.66,1.412712418206345,1.9416063353551711,4.409504029403175,21.434296799247868,16.5225,1.7232179516773694,1.5800192702950357,0.29727927367213597,VASP,4.033050067266725,16.399886753244218,25.9475,1.5761011282868242,1.8365480855396639,-0.36795888801448245,VASP,3.39976775,19.647973060088056,21.235,1.6739521836169227,1.7178604667161006,-0.07473637579053184,MP
Cu,Fe,11.81,11.776,1.412712418206345,1.4113554216028104,3.64532296537659,12.110108760957315,11.8015,1.424578803355566,1.4123734134771326,0.02614996067934707,VASP,3.596903051038934,11.6339235446234,11.784500000000001,1.405656478974195,1.4116949153711893,-0.01277750056231502,VASP,2.821758489680392,11.233873403089992,11.793,1.3893563127775659,1.412034245930626,-0.04741173551344075,VASP
Cu,Ga,11.81,19.58,1.412712418206345,1.672019581917477,3.701823358235827,12.681980558064689,13.7525,1.4466589490142692,1.4862698962635494,-0.07784180635777573,VASP,4.014893947710031,16.17939368753545,17.6375,1.569005783562277,1.6147903267783157,-0.08267080439203692,VASP,3.068021255967941,14.439265329730238,15.695,1.5106093293610037,1.5531887524738643,-0.0800085804568182,VASP
Cu,Ge,11.81,22.634,1.412712418206345,1.7547862958334142,3.723007278379881,12.900949179636235,14.516,1.4549375470687707,1.513280549638287,-0.11126004549213038,VASP,4.117606693500823,17.453180989453553,19.928,1.60914554672669,1.6818672029361696,-0.12418802742605617,VASP,3.135174506673076,15.408315466976399,17.222,1.543673744027222,1.6020091485324328,-0.10531207368619222,VASP
Cu,Hf,11.81,22.312,1.412712418206345,1.7464250978479678,3.902624331234502,14.859707207885801,14.435500000000001,1.5251312304949673,1.510478010659865,0.02938638827098473,VASP,4.251679060169975,19.214161255760786,19.686500000000002,1.6615405343551337,1.6750455983152641,-0.02399302792468019,VASP,3.2359880682309567,16.943016709903805,17.061,1.5933115704663996,1.5970013792725173,-0.006915379526182216,VASP
Cu,In,11.81,26.16,1.412712418206345,1.841548000906085,3.871508585942333,14.507102812059175,15.3975,1.5129713117127765,1.5433124789190582,-0.05782738677972565,VASP,4.40500284230291,21.36872389536423,22.5725,1.7214589043189104,1.7531955142745095,-0.05332932128190371,VASP,3.305420094664767,18.05718274422275,18.985,1.6274979916599719,1.6549085411012225,-0.04887106956951537,VASP
Cu,Ir,11.81,14.155,1.412712418206345,1.500630450421227,3.700621261708244,12.669629875705297,12.39625,1.446189174113925,1.4357116980175895,0.022053433554929676,VASP,3.831563668446917,14.062681746448563,13.56875,1.4973609849169784,1.479620740889549,0.03640215542688629,VASP,2.974822,13.162941712012032,12.9825,1.4647205776840673,1.4579968107139059,0.013898841672407597,OQMD
Cu,La,11.81,37.168,1.412712418206345,2.070269390695367,4.214662962852175,18.716669044488366,18.1495,1.6470747797093208,1.6302668035881445,0.031249844044649526,VASP,4.647465458852098,25.09507631229888,30.8285,1.8162124028217292,1.9451567067244524,-0.18597802967063334,VASP,3.654858909562932,24.410791050621967,24.489,1.7995520583647617,1.8014718519133843,-0.0031936358927695707,VASP
Cu,Mg,11.81,23.24,1.412712418206345,1.770309384051908,3.779318624501032,13.495237491874063,14.6675,1.4769438139577522,1.5185269217280308,-0.07992244814221494,VASP,4.198882855652398,18.507224111168878,20.3825,1.640907971872266,1.694557385247406,-0.09200421385164345,VASP,3.1547275078827317,15.698406198865868,17.525,1.553301104328868,1.6113497119645934,-0.10422789164816723,VASP
Cu,Mn,11.81,12.21,1.412712418206345,1.428485001664581,3.7037597954818273,12.701892940969069,11.91,1.4474157015656568,1.4166885506813438,0.06648975155071946,VASP,3.5186132508643237,10.89067029387844,12.110000000000001,1.3750611131020873,1.4245745386259554,-0.10068783700425774,VASP,2.839587868306303,11.448166589453768,12.010000000000002,1.3981350086997733,1.4206424884354891,-0.0467804671562226,VASP
Cu,Mo,11.81,15.583,1.412712418206345,1.5494853952179959,3.755600185532074,13.242746456536313,12.75325,1.4676747352712305,1.4493638377775988,0.03838209527268058,VASP,3.88559013755692,14.665976105246422,14.639750000000001,1.518474330276298,1.5175686642446233,0.0017914312229662917,VASP,3.028712839688291,13.891345093847756,13.6965,1.4912549457370508,1.4842497946467257,0.014225903978954863,VASP
Cu,Nb,11.81,17.978,1.412712418206345,1.6251155863008009,3.8470046273819376,14.233382967700202,13.352,1.5033952548599276,1.4716998246197597,0.0660113067480678,VASP,4.066676710593096,16.813531985882566,16.436,1.5892422967829323,1.5772571606858492,0.022969821482268563,VASP,3.1385603613627837,15.458290368601686,14.894000000000002,1.5453408458024078,1.526303546703276,0.037887093366569355,VASP
Cu,Ni,11.81,10.941,1.412712418206345,1.3771760758322233,3.5949108142964405,11.614603011499204,11.59275,1.40487792018487,1.4039962689247347,0.00188505846319497,VASP,3.5389194834145457,11.080313648208133,11.15825,1.3829967140740214,1.3862317003606124,-0.006984639328915185,VASP,2.8372949304932504,11.420456149310917,11.3755,1.3970060291513742,1.3951705332667614,0.0039520152354548385,VASP
Cu,Os,11.81,13.977,1.412712418206345,1.4943137246635851,3.695009670126195,12.612080863865165,12.35175,1.443996184769276,1.4339916678182687,0.0210764356358545,VASP,3.8150538454492233,13.88167986113317,13.43525,1.4909090068307962,1.4747521826331584,0.03322825114033384,VASP,2.952569,12.869751796169817,12.8935,1.4537638121985343,1.454657459723118,-0.0018418741094491326,OQMD
Cu,Pb,11.81,30.321,1.412712418206345,1.9344238453824663,3.978813078418425,15.747101220333164,16.43775,1.5549055125883018,1.5773131374456892,-0.042016016770351,VASP,4.599752149109772,24.330066818301997,25.693250000000003,1.7975662169165432,1.8305298327885713,-0.05305608211098266,VASP,3.48104,21.090993870514435,21.0655,1.7139684054176503,1.71327753697547,0.0012102191030089362,OQMD
Cu,Pd,11.81,14.716,1.412712418206345,1.5201988160139424,3.7200261616688577,12.869983528638313,12.5365,1.453772537625934,1.4411059078022486,0.026601007349604185,VASP,3.866020198518195,14.445492889806097,13.9895,1.5108264700997585,1.494759059999552,0.032595367225854925,VASP,3.01579720833049,13.714387266632095,13.263,1.4848956438952756,1.468422577944165,0.03403357209018281,VASP
Cu,Pt,11.81,15.095,1.412712418206345,1.5331388987435077,3.730096291241392,12.974784043747924,12.63125,1.4577079072138506,1.4447273923539066,0.027197153389246862,VASP,3.892371801113219,14.742901414277332,14.273750000000001,1.5211245794436703,1.504815163804796,0.0328681260549842,VASP,3.014264,13.693481028720814,13.4525,1.484140734259827,1.4753830751325638,0.01791347546707406,OQMD
Cu,Re,11.81,14.712,1.412712418206345,1.520061066935985,3.712543330026219,12.79247573940142,12.535499999999999,1.450848274550089,1.441067589179903,0.020499839607627995,VASP,3.839898017927751,14.154648189819309,13.9865,1.50061801803117,1.4946522037201015,0.012022177801402004,VASP,2.969677,13.094763238718844,13.261,1.4621873211153769,1.4683487637545847,-0.012535763613690904,OQMD
Cu,Rh,11.81,13.754,1.412712418206345,1.4863239306523217,3.692370928154913,12.58507990641813,12.296,1.4429649741150987,1.4318309587120364,0.023510076969594246,VASP,3.7903218094602273,13.613451921832148,13.268,1.4812438181579701,1.4686070809588656,0.02603647285439759,VASP,2.973042,13.139327506293595,12.782,1.463844154614627,1.450452133897656,0.027955523884649915,OQMD
Cu,Ru,11.81,13.571,1.412712418206345,1.4797025210257315,3.6891669533149583,12.552347035182388,12.25025,1.4417128725353934,1.4300529366383479,0.024660479188782957,VASP,3.7768912447456535,13.469251037015235,13.13075,1.475995202879927,1.463525547093361,0.025779261429486843,VASP,2.956342911322541,12.919164435191185,12.6905,1.4556219823924084,1.4469828197765033,0.018018552081571618,VASP
Cu,Sc,11.81,24.987,1.412712418206345,1.8136013727062499,3.8976464143142393,14.802917670674663,15.10425,1.5231858788767911,1.5334519966578706,-0.019950168285438677,VASP,4.305185820205525,19.948751125623463,21.69275,1.6824507793202195,1.7301164441690902,-0.08039547196074895,VASP,3.2635934581729025,17.380335921603187,18.3985,1.606903705627078,1.6376883864720464,-0.05533951563425341,VASP
Cu,Si,11.81,20.024,1.412712418206345,1.6845635878380372,3.642586492636805,12.082856762503887,13.8635,1.4235093998766193,1.4902578762306375,-0.1284411034368026,VASP,3.835668348921273,14.107925422090306,17.9705,1.4989650789448201,1.6248895681639954,-0.2149397389004032,VASP,3.001103372692276,13.514901010458205,15.917000000000002,1.4776608031470226,1.5604775882393642,-0.15091405349888776,VASP
Cu,Sn,11.81,27.053,1.412712418206345,1.8622684018206264,3.886211996604514,14.673018764895057,15.620750000000001,1.518717350504215,1.5507356017197442,-0.06067130164076273,VASP,4.480769143222709,22.4904277469297,23.242250000000002,1.7510680959664477,1.770366513535206,-0.03234722340007105,VASP,3.3560117371174742,18.899069296776755,19.4315,1.6524079256860467,1.6677818345892246,-0.027400391283392674,VASP
Cu,Sr,11.81,56.0,1.412712418206345,2.3733755965792427,4.201874920008606,18.54681626663547,22.8575,1.6420772596145632,1.7605432817886113,-0.18858946662428222,VASP,4.744612790987249,26.701910424350057,44.9525,1.8541772228052398,2.205743865863544,-0.4059972098470595,VASP,3.7921993829755,27.267385240785,33.905,1.8671747321100343,2.007821250673519,-0.19577097063014307,VASP
Cu,Ta,11.81,18.014,1.412712418206345,1.6261995992423404,3.8164150415440288,13.896543948423139,13.361,1.4914409572566676,1.472030419874149,0.0400826246855129,VASP,4.056440380654588,16.68688606550229,16.463,1.5852419767034616,1.578120360277206,0.013599347962235818,VASP,3.1172908959726464,15.146141084357678,14.911999999999999,1.5348683457223113,1.5269181656475719,0.015701521214973126,VASP
Cu,Tb,11.81,32.09,1.412712418206345,1.9713347123038616,4.0,16.0,16.880000000000003,1.563185283593544,1.5913337646489323,-0.05213270142180109,VASP,4.197728246002217,18.491960948406895,27.020000000000003,1.6404567546689015,1.8615108781655643,-0.31561950598049987,VASP,3.45550647,20.6302806345153,21.950000000000003,1.7013963971388646,1.7369286220241487,-0.06012388908814128,MP
Cu,Ti,11.81,17.649,1.412712418206345,1.6151412089743407,3.775484104580976,13.454202101935516,13.26975,1.4754452976805827,1.4686716460630274,0.013900194196237028,VASP,3.963443038522298,15.56531348277971,16.18925,1.5488989575448342,1.569324326031191,-0.03854017432680896,VASP,3.0734088275681843,14.515466818811857,14.729500000000002,1.513262021517584,1.5206635349499966,-0.014530919663813717,VASP
Cu,Tl,11.81,28.59,1.412712418206345,1.8968886969006673,,,,,,,,4.716998,26.238384078130654,24.395,1.8433854640850451,1.7991639383826992,0.07556401222097374,MP,3.399628,19.64555022573266,20.2,1.6738833745585213,1.6894846619941948,-0.02744800862709604,OQMD
Cu,V,11.81,13.824,1.412712418206345,1.48884117815856,3.731141995750603,12.985699253252896,12.3135,1.458116564688797,1.432509910237761,0.054590429467892713,VASP,3.729251217594693,12.965967517338512,13.320500000000001,1.4573776555418323,1.4705415699600892,-0.026615553670019023,VASP,2.957186554674529,12.930227709726875,12.817,1.4560373691879487,1.4517748157667443,0.008834181924543558,VASP
Cu,W,11.81,15.85,1.412712418206345,1.5582849840929494,3.751111241439887,13.19531734794119,12.82,1.4659204724352852,1.4518880764019182,0.02927592417637984,VASP,3.9097937093018023,14.941752530175505,14.84,1.527932997066798,1.524456713503962,0.006856639499697081,VASP,3.027429565234147,13.873695164123722,13.83,1.4906230966718628,1.4890565464789602,0.0031594478759018225,VASP
Cu,Y,11.81,33.018,1.412712418206345,1.9901572114304584,4.07868395448824,16.962902734270855,17.112000000000002,1.5939346835212842,1.5985910877496887,-0.008713023943966017,VASP,4.54485127802628,23.46924061649779,27.716,1.7761111584829978,1.8773589371437918,-0.15322410822276705,VASP,3.4766665935640826,21.01160065607196,22.414,1.711815060309518,1.7490823315765862,-0.06256800856286439,VASP
Cu,Zn,11.81,15.207,1.412712418206345,1.536921356892218,3.6797104444758095,12.456067273850861,12.65925,1.438017303672511,1.4457941253417834,-0.01605013931703213,VASP,3.804481075029353,13.76658729315817,14.357750000000001,1.4867772070490075,1.5077613020151548,-0.04117377073997192,VASP,2.966622766205301,13.054401930800243,13.508500000000002,1.46068350035294,1.4774274800441713,-0.03361572855607646,VASP
Cu,Zr,11.81,23.279,1.412712418206345,1.771299106960212,3.9377691151609753,15.264787180892366,14.67725,1.538865682752202,1.5188633198438097,0.040030467621139196,VASP,4.291151075033708,19.754289888505177,20.41175,1.6769660525423273,1.6953675919202116,-0.032209884576032154,VASP,3.2675367041047663,17.44341159019916,17.5445,1.6088452515277303,1.6119471379742007,-0.005761829051887347,VASP
Dy,Er,31.54,30.66,1.960007319637871,1.9416063353551711,5.124790470320508,33.64870462900772,31.32,2.0027492611763638,1.9554394894104636,0.07435199964903311,VASP,4.375543276884127,20.94285855658296,30.880000000000003,1.7099462145379847,1.946239253068893,-0.32179862187231356,VASP,3.961614,31.08754862937847,31.1,1.9505898324811661,1.9508502183498182,-0.000400365614840204,OQMD
Dy,Fe,31.54,11.776,1.960007319637871,1.4113554216028104,4.260807434201404,19.338185827796874,26.599,1.6651078693424008,1.851792127212124,-0.27297320095504063,VASP,3.799952547498475,13.717486095825919,16.717,1.4850074751508535,1.5861950042276458,-0.17942895879488427,VASP,3.398959,19.633954586209047,21.658,1.6735539773487151,1.7291921157138515,-0.0934548625815382,OQMD
Dy,Ga,31.54,19.58,1.960007319637871,1.672019581917477,4.752360395556106,26.832930920190524,28.55,1.8572049581665244,1.8960036443065862,-0.06014252468684682,VASP,4.656420929534395,25.240427511646253,22.57,1.8197121678162842,1.753130787274736,0.11831756808357344,VASP,3.565057,22.65528021861162,25.56,1.755336066667729,1.8273598563985483,-0.11364318393538263,OQMD
Dy,Ge,31.54,22.634,1.960007319637871,1.7547862958334142,4.602375111851161,24.37171249041677,29.3135,1.7985912611057313,1.9127565104207398,-0.16858401451833566,VASP,4.058467685875003,16.71191760888657,24.860500000000002,1.5860342401249379,1.8105356608880936,-0.3277722648825821,VASP,3.585086,23.039271289297307,27.087,1.7651977956889728,1.8630482366963224,-0.1494343674346621,OQMD
Dy,Hf,31.54,22.312,1.960007319637871,1.7464250978479678,4.392180112634907,21.18265691301781,29.233,1.7164478287407805,1.9110039838409314,-0.27538545776971884,VASP,4.2661470534554775,19.410980485655475,24.619,1.6671945729018907,1.804653935795229,-0.21154472213918213,VASP,3.727752,25.900672469874745,26.926000000000002,1.835442612332078,1.8593496971775527,-0.03807945963474918,OQMD
Dy,In,31.54,26.16,1.960007319637871,1.841548000906085,4.801393008038794,27.672078165283153,30.195,1.8763667227287952,1.9317406026798527,-0.08355429159519281,VASP,4.851853405669475,28.55374129795883,27.505000000000003,1.8960864604739351,1.8725827281275156,0.038129114632206036,VASP,3.74284633,26.216577449736874,28.85,1.8428746454948532,1.902621511730425,-0.09127981110097494,MP
Dy,Ir,31.54,14.155,1.960007319637871,1.500630450421227,5.624420105600253,44.480869158940514,27.19375,2.1980026844554903,1.8654924560255621,0.6357019226454796,VASP,4.028831632874418,16.348479375323432,18.50125,1.5744525796463595,1.6407313917871469,-0.11635811767726867,VASP,3.419057,19.98430400362809,22.8475,1.6834496800732124,1.7602865024549,-0.125317693243108,OQMD
Dy,La,31.54,37.168,1.960007319637871,2.070269390695367,4.193683136424998,18.438553525598724,32.947,1.6388759407284932,1.9887296813445203,-0.44035713340823984,VASP,4.065250056133427,16.79584283474489,35.760999999999996,1.5886847654689003,2.043809193871747,-0.5303307280348735,VASP,4.106225,34.61770181195508,34.354,2.0217923136580134,2.016645526591678,0.007676014785907907,OQMD
Dy,Mg,31.54,23.24,1.960007319637871,1.770309384051908,4.39788891287767,21.265361719704824,29.465,1.718678806872396,1.9160460620512048,-0.2782840074765035,VASP,3.999999999931905,15.999999999182862,25.314999999999998,1.5631852835669329,1.8215025104666471,-0.3679636579426086,VASP,3.78287887,27.066824673442223,27.39,1.8625855677332124,1.8699692900988274,-0.011799026161291613,MP
Dy,Mn,31.54,12.21,1.960007319637871,1.428485001664581,4.115469516979244,17.42601872661609,26.707500000000003,1.6083103460049464,1.8543065935830414,-0.3475234025417547,VASP,4.000000005326826,16.000000063921913,17.0425,1.563185285675248,1.5964239373334366,-0.061170599153767775,VASP,3.505773,21.543753940727164,21.875,1.726146254730268,1.7349480859598123,-0.01514267699532963,OQMD
Dy,Mo,31.54,15.583,1.960007319637871,1.5494853952179959,4.377710956149013,20.973999759846308,27.55075,1.71079333561959,1.8736203964789393,-0.23871401831723973,VASP,4.1935485042012095,18.43677775211512,19.57225,1.6388233269507626,1.671798950970931,-0.05801439527314849,VASP,3.496237,21.36842918924489,23.5615,1.7214509904661217,1.778435458498508,-0.09307857355241007,OQMD
Dy,Nb,31.54,17.978,1.960007319637871,1.6251155863008009,4.651549324980781,25.161289831899996,28.149500000000003,1.8178083626798602,1.8870961356500757,-0.10615499984369196,VASP,5.021720522916736,31.659031545706092,21.3685,1.9624699049357794,1.721452891980248,0.4815748202122793,VASP,3.588324,23.10175394058184,24.759,1.766792097879336,1.8080682925037797,-0.06693509670900116,OQMD
Dy,Ni,31.54,10.941,1.960007319637871,1.3771760758322233,6.186996639780636,59.207898831502746,26.39025,2.4178555242369493,1.8469350863575773,1.243552025141965,VASP,3.96915325762172,15.632686318171931,16.09075,1.5511304901604117,1.5661351107628474,-0.028467515922382038,VASP,3.36754,19.094500122394532,21.2405,1.6580841254280771,1.7180087661740218,-0.10103339740615658,OQMD
Dy,Os,31.54,13.977,1.960007319637871,1.4943137246635851,4.15289985274018,17.905826964926298,27.149250000000002,1.6229379835103115,1.8644743331449944,-0.3404669755176921,VASP,3.817080484442138,13.903814359690099,18.36775,1.4917010098930166,1.6367755040912044,-0.24303116278857792,VASP,3.402579,19.696753789905873,22.758499999999998,1.6753363658382503,1.7579978586984089,-0.1345319862949722,OQMD
Dy,Pb,31.54,30.321,1.960007319637871,1.9344238453824663,4.818490578664564,27.96874962521047,31.23525,1.8830483904256465,1.9536741296717095,-0.10457737251309113,VASP,4.846581810153261,28.46077046264242,30.625750000000004,1.8940263403409345,1.940883082533386,-0.07069147816323142,VASP,3.851144,28.558755468699,30.930500000000002,1.896197441199685,1.9472996109450962,-0.07667979926936198,OQMD
Dy,Pd,31.54,14.716,1.960007319637871,1.5201988160139424,4.6199604967405,24.65214962537809,27.334,1.8054635648220674,1.8686940104543583,-0.09811408409387244,VASP,4.811261974483816,27.843063871624615,18.921999999999997,1.8802234785065797,1.6530759579020278,0.4714651660302621,VASP,3.48461025,21.155954954388484,23.128,1.715726298374767,1.7674609328178368,-0.08526656198597007,MP
Dy,Pt,31.54,15.095,1.960007319637871,1.5331388987435077,4.567298218226148,23.81870343290681,27.42875,1.7848833401285327,1.8708507208555514,-0.13161542422068787,VASP,4.0,16.0,19.20625,1.563185283593544,1.6613124616599353,-0.16693784575333553,VASP,3.483736,21.140035566846095,23.3175,1.715295841707094,1.7722750574638346,-0.09338327149796953,OQMD
Dy,Re,31.54,14.712,1.960007319637871,1.520061066935985,4.3106621037062745,20.024973645633768,27.333000000000002,1.684590890764509,1.8686712217809198,-0.2673700784533799,VASP,6.952981500108274,84.03365052406068,18.918999999999997,2.7171995895168544,1.6529885906402033,3.4417596344447747,VASP,3.433847,20.24476902687597,23.125999999999998,1.690731869509739,1.7674099841298831,-0.12458838420496525,OQMD
Dy,Rh,31.54,13.754,1.960007319637871,1.4863239306523217,4.380947729553846,21.02055716791085,27.093500000000002,1.7120582547577803,1.863197248461052,-0.22414759378039567,VASP,4.016203534739338,16.1952311440641,18.200499999999998,1.5695175653552267,1.6317923892448858,-0.110176580639867,VASP,3.40276612,19.700003553623628,22.647,1.6754284985824937,1.7551221895594393,-0.1301274538074081,MP
Dy,Ru,31.54,13.571,1.960007319637871,1.4797025210257315,4.555089882242208,23.62821215560573,27.04775,1.7801123673417172,1.8621479279160091,-0.12642596313535395,VASP,3.8879988566204142,14.69326780504295,18.06325,1.5194156488243893,1.6276802522963232,-0.1865656620462569,VASP,3.390973,19.495887034527545,22.5555,1.669621890476497,1.7527552763885903,-0.13564819957316193,OQMD
Dy,Sc,31.54,24.987,1.960007319637871,1.8136013727062499,4.800839133795749,27.66250276706215,29.90175,1.876150270712373,1.9254666416383868,-0.07488682879556713,VASP,4.621611648514527,24.67859075399052,26.62525,1.806108828860602,1.8524010919791973,-0.07311327578180417,VASP,3.799619,27.427748367390045,28.2635,1.8708279475744622,1.8896401619021554,-0.02956999779255774,OQMD
Dy,Si,31.54,20.024,1.960007319637871,1.6845635878380372,4.546387924854546,23.493054022128064,28.661,1.7767116744100044,1.8984576343417308,-0.18031282850814478,VASP,4.064845215928484,16.79082546417325,22.903,1.588526555406257,1.7617106830943101,-0.2668722235439353,VASP,3.529986,21.99322682213782,25.782,1.7380680703372067,1.832635091616113,-0.14695419974641918,OQMD
Dy,Sn,31.54,27.053,1.960007319637871,1.8622684018206264,4.7793521393324525,27.292737569883275,30.41825,1.8677532323289527,1.9364897617612584,-0.1027512243510631,VASP,4.699617282672557,25.94940984697933,28.174750000000003,1.8365931436989056,1.8876602065036006,-0.07898349241859019,VASP,3.78158,27.038953664560154,29.2965,1.861946039849952,1.9123866791300421,-0.07705856793268301,OQMD
Dy,Sr,31.54,56.0,1.960007319637871,2.3733755965792427,5.00421190265469,31.32903971892026,37.655,1.9556276005533653,2.0792722023168766,-0.16799788291275372,VASP,4.0,16.0,49.885,1.563185283593544,2.283637270742129,-0.6792623032975844,VASP,4.294585,39.603504023961314,43.769999999999996,2.1145355998151585,2.1862306523922554,-0.09519067799951296,OQMD
Dy,Ta,31.54,18.014,1.960007319637871,1.6261995992423404,4.702203993548809,25.99228178879258,28.1585,1.8376040207925728,1.887297229281185,-0.07692946041896473,VASP,3.903598617486291,14.870839119515285,21.3955,1.5255119779776687,1.7221776295715536,-0.30495482136359114,VASP,3.586378,23.064189074132038,24.777,1.765833940973083,1.8085063466196487,-0.06912906832417011,OQMD
Dy,Tb,31.54,32.09,1.960007319637871,1.9713347123038616,4.711511457128276,26.146933557928392,31.677500000000002,1.8412413433163242,1.9628514362986789,-0.17458973852329285,VASP,4.748090806156552,26.760674594078417,31.9525,1.855536418337432,1.9685150738580033,-0.1624857336960045,VASP,3.991836,31.804463633307048,31.815,1.9654703145062313,1.9656873346679378,-0.0003311760708141894,OQMD
Dy,Ti,31.54,17.649,1.960007319637871,1.6151412089743407,4.769274726735134,27.12045857919472,28.06725,1.8638150165617455,1.8852563744238153,-0.03373295997311029,VASP,3.4370580389114136,10.150807830829232,21.12175,1.3431896363208022,1.7148011373286858,-0.519414450467919,VASP,3.612057,23.563173961115176,24.5945,1.7784775746810324,1.8040550934876651,-0.04193319802739735,OQMD
Dy,Tl,31.54,28.59,1.960007319637871,1.8968886969006673,,,,,,,,4.714262,26.192753411609353,29.3275,1.8423162453510669,1.9130609700174421,-0.10688761702806744,OQMD_new,3.76293356,26.64094679597368,30.064999999999998,1.8527650453674078,1.9289643423913565,-0.11388834871200128,MP
Dy,V,31.54,13.824,1.960007319637871,1.48884117815856,5.27677045813266,36.73200344914824,27.111,2.062142481263534,1.8635983155580922,0.3548745324461745,VASP,3.850374988340584,14.27082535455135,18.253,1.5047123795226662,1.633359871096347,-0.21816548761566043,VASP,3.580003,22.94141367384833,22.682,1.7626950662159595,1.756025880383977,0.011436984121697035,OQMD
Dy,W,31.54,15.85,1.960007319637871,1.5582849840929494,4.066819716685696,16.815305809255143,27.6175,1.5892981830377868,1.8751323129157291,-0.3911358446906801,VASP,6.804036960950944,78.74808493720033,19.7725,2.658992611596264,1.677481187233285,2.982707545186513,VASP,3.49555,21.35583516906444,23.695,1.721112730551119,1.7817880199328542,-0.09871976496879337,OQMD
Dy,Y,31.54,33.018,1.960007319637871,1.9901572114304584,4.905872166784357,29.5181198166004,31.9095,1.9171967935771197,1.9676316359697503,-0.07494257770882029,VASP,3.074861840784908,7.268031976474817,32.6485,1.201644694649581,1.982705484203183,-0.7773854242469083,VASP,4.011915,32.286812649119746,32.278999999999996,1.975356662153021,1.9751973193524806,0.00024203504196999406,OQMD
Dy,Zn,31.54,15.207,1.960007319637871,1.536921356892218,4.604295914151396,24.402239846733263,27.45675,1.7993419035778364,1.8714871091385534,-0.11124805933938783,VASP,4.257678617890735,19.295615578661653,19.29025,1.6638851394394245,1.6637308982819374,0.00027814977315758493,VASP,3.54500656,22.275175472254833,23.3735,1.7454637811798512,1.773692705971321,-0.04699016098338574,MP
Dy,Zr,31.54,23.279,1.960007319637871,1.771299106960212,4.8246503410969055,28.076149140321927,29.47475,1.8854556029218137,1.9162573793079865,-0.04745081331234609,VASP,5.090522593553474,32.97821284714235,25.344250000000002,1.9893575010108075,1.8222037869345946,0.30121084061048753,VASP,3.743699,26.234498983297577,27.4095,1.8432944767637405,1.8704129526411857,-0.042868385658345616,OQMD
Er,Fe,30.66,11.776,1.9416063353551711,1.4113554216028104,4.454720222844117,22.100459797126305,25.939,1.7408882737191194,1.8363475220474725,-0.14798335336264679,VASP,3.6020346540360078,11.683788016841794,16.497,1.4076618905457625,1.5792060108684784,-0.2917628649547315,VASP,3.359358,18.95565819237425,21.218,1.6540555335437186,1.71740192461521,-0.10662370664651469,OQMD
Er,Ga,30.66,19.58,1.9416063353551711,1.672019581917477,4.167657685671746,18.097397703400212,27.89,1.6287052903244006,1.8812794071729944,-0.35111517736105374,VASP,4.693383236736054,25.846281032186745,22.349999999999998,1.8341569014826085,1.747415992343698,0.15643315580253905,VASP,3.538047,22.144240927525217,25.119999999999997,1.7420370851477436,1.8168134733607464,-0.11846174651571578,OQMD
Er,Ge,30.66,22.634,1.9416063353551711,1.7547862958334142,4.251344427872586,19.20962480830654,28.6535,1.6614097612844603,1.8982920239954135,-0.32958888762955524,VASP,4.008379386328353,16.100763425373756,24.6405,1.5664599169420508,1.8051791232558565,-0.3465731853909719,VASP,3.559373,22.54709057838561,26.647,1.752537421315652,1.852905359643902,-0.15386007511593758,OQMD
Er,Hf,30.66,22.312,1.9416063353551711,1.7464250978479678,4.489547889536469,22.622876994190065,28.573,1.7544987977279658,1.8965126504802239,-0.20824285184649619,VASP,4.494125681157712,22.692150195129337,24.399,1.756287781851387,1.7992622681285333,-0.06995572789338352,VASP,3.714185,25.618907141060642,26.486,1.8287625944764079,1.8491660944939592,-0.03273778067429428,OQMD
Er,In,30.66,26.16,1.9416063353551711,1.841548000906085,4.644276219091607,25.043448619917804,29.535,1.8149660596568664,1.9175621789370436,-0.15207555036675796,VASP,4.875985341207053,28.981921956050297,27.285,1.9055171320981776,1.867576711168898,0.06219248510354761,VASP,3.71194956,25.572677563262964,28.41,1.8276619252705937,1.892899434448764,-0.09987055391541838,MP
Er,Ir,30.66,14.155,1.9416063353551711,1.500630450421227,4.493216453141217,22.678380109757903,26.53375,1.7559324588876828,1.8502766770900423,-0.14530060358004798,VASP,4.0,16.0,18.28125,1.563185283593544,1.6342020820949847,-0.12478632478632479,VASP,3.37193092,19.169289248946768,22.4075,1.660246093733732,1.7489132388320376,-0.14451459337513023,MP
Er,La,30.66,37.168,1.9416063353551711,2.070269390695367,4.463867093859343,22.23687605013481,32.287,1.7444628372596016,1.9753604829502573,-0.311274629103515,VASP,4.5059291127155205,22.87141709749991,35.541,1.7609005194781542,2.039609430277581,-0.3564779522945355,VASP,4.091166,34.23823028856869,33.914,2.014377676016049,2.0079988920496974,0.00956036706282613,OQMD
Er,Mg,30.66,23.24,1.9416063353551711,1.770309384051908,4.831300589457385,28.19240886917235,28.805,1.8880544955141496,1.901631765663979,-0.021266833217415355,VASP,4.232055049690466,18.949333249319373,25.095,1.6538715432584703,1.8162105618299949,-0.2448960649802999,VASP,3.76053123,26.589955067584917,26.95,1.851582204113246,1.8599019656282896,-0.013359737751951106,MP
Er,Mn,30.66,12.21,1.9416063353551711,1.428485001664581,4.455063368970132,22.1055673713181,26.0475,1.7410223739626962,1.8389043739569675,-0.15133631360713698,VASP,3.880116716665713,14.604085864171921,16.8225,1.5163353375292858,1.5895248036379324,-0.13187184638597593,VASP,3.473294,20.95051208129005,21.435000000000002,1.7101544879480535,1.7232367961632216,-0.022602655409841483,OQMD
Er,Mo,30.66,15.583,1.9416063353551711,1.5494853952179959,3.999999999717509,15.999999996610109,26.89075,1.5631852834831477,1.8585379576076804,-0.40499986067290394,VASP,3.968427351922231,15.624110851229377,19.35225,1.5508468088837324,1.66551143510116,-0.19264628912765308,VASP,3.460285,20.71598628056932,23.1215,1.7037492139534773,1.7672953388409633,-0.10403796118031614,OQMD
Er,Nb,30.66,17.978,1.9416063353551711,1.6251155863008009,4.186869484098732,18.348825801577373,27.4895,1.6362131904675081,1.8722309074138253,-0.332515112985781,VASP,3.932215499417827,15.20029234555749,21.148500000000002,1.5366953501520964,1.7155247449742521,-0.28125908005024053,VASP,3.568229,22.71580646601424,24.319000000000003,1.7568978722723716,1.7972936275060896,-0.06592349742940759,OQMD
Er,Ni,30.66,10.941,1.9416063353551711,1.3771760758322233,4.28245260512654,19.634403164023603,25.73025,1.6735667225051605,1.8314081064995997,-0.23691362641157387,VASP,3.837913543327472,14.132713993604598,15.870750000000001,1.4998424926584644,1.5589646962589425,-0.10951190122681048,VASP,3.316532,18.239905348924662,20.8005,1.632969188391001,1.7060629635770888,-0.12310255287494713,OQMD
Er,Os,30.66,13.977,1.9416063353551711,1.4943137246635851,4.466326325955425,22.2736484972582,26.489250000000002,1.7454238961149857,1.8492417261988947,-0.15914386034869998,VASP,4.011028876320659,16.13271175956401,18.14775,1.567495327883301,1.630214404374082,-0.1110351553463095,VASP,3.372968,19.186981961488915,22.3185,1.6607567234173584,1.7465946726802097,-0.1403104168519876,OQMD
Er,Pb,30.66,30.321,1.9416063353551711,1.9344238453824663,4.194999495863221,18.455922064892068,30.57525,1.6393903691539309,1.9398156962278055,-0.3963770675663464,VASP,4.899679099601327,29.406471764503355,30.40575,1.9147765657069153,1.9362244666559218,-0.032864778388845745,VASP,3.830733,28.10707504247222,30.4905,1.886147625879269,1.9380217451138362,-0.078169428429438,OQMD
Er,Pd,30.66,14.716,1.9416063353551711,1.5201988160139424,4.153600784600886,17.914895001848024,26.674,1.6232119051026759,1.853530965492639,-0.3283761339938508,VASP,4.1144002298000295,17.412439296086863,18.701999999999998,1.6078924725093255,1.6466443732106377,-0.06895309078778397,VASP,3.45306267,20.586541200104804,22.688,1.700193137196675,1.7561807054491758,-0.09262424188536648,MP
Er,Pt,30.66,15.095,1.9416063353551711,1.5331388987435077,4.413003285287428,21.48536623395325,26.76875,1.7245854480028175,1.8557230442107704,-0.19737132910751343,VASP,4.1087869436940245,17.341268984150137,18.986250000000002,1.6056988209509488,1.6549448608321924,-0.08664064867205819,VASP,3.455692,20.633603801328366,22.8775,1.7014877470108158,1.7610566158649485,-0.09808310342789356,OQMD
Er,Re,30.66,14.712,1.9416063353551711,1.520061066935985,4.0,16.0,26.673000000000002,1.563185283593544,1.8535078024358707,-0.400142466164286,VASP,3.9999999999652727,15.999999999583272,18.698999999999998,1.5631852835799727,1.646556322070252,-0.14433926950193735,VASP,3.40804,19.791743532019236,22.686,1.6780252121203918,1.7561291001273673,-0.12757896799703622,OQMD
Er,Rh,30.66,13.754,1.9416063353551711,1.4863239306523217,4.125319618075584,17.55144247329042,26.433500000000002,1.6121597292738732,1.8479434934365744,-0.3360151900697819,VASP,4.010174010849456,16.122398924962994,17.9805,1.5671612496022915,1.6251909117107102,-0.10333978894007428,VASP,3.36737698,19.09172720680197,22.207,1.6580038588613466,1.7436812374047832,-0.14028336980222592,MP
Er,Ru,30.66,13.571,1.9416063353551711,1.4797025210257315,4.491875258106263,22.658078136986493,26.38775,1.7554083248024157,1.8468767632581156,-0.1413410337377574,VASP,3.928113677878308,15.15277419374638,17.84325,1.5350923733854704,1.621045171894188,-0.1507839550672451,VASP,3.362498,19.008861588613925,22.1155,1.6556015832280118,1.7412830977140683,-0.14047335178431758,OQMD
Er,Sc,30.66,24.987,1.9416063353551711,1.8136013727062499,4.610990181169479,24.508831212102738,29.24175,1.8019579984996146,1.9111946315883603,-0.1618548406951452,VASP,4.550796714723977,23.561466406155503,26.40525,1.7784346132705922,1.8472849476262783,-0.10769765837644013,VASP,3.782754,27.064144395049603,27.8235,1.862524085177774,1.8797829969345838,-0.027291879344812718,OQMD
Er,Si,30.66,20.024,1.9416063353551711,1.6845635878380372,4.504365781448827,22.847619654217915,28.001,1.7602895753707852,1.8837718846846077,-0.18404272510917774,VASP,4.0,16.0,22.683,1.563185283593544,1.7560516864574356,-0.29462593131420006,VASP,3.497857,21.398146480436445,25.342,1.7222486339338146,1.8221498617529504,-0.15562518820785864,OQMD
Er,Sn,30.66,27.053,1.9416063353551711,1.8622684018206264,5.260707287713412,36.397572688752724,29.75825,2.0558650533617286,1.9223815641768531,0.22310864008309372,VASP,4.80123677093803,27.669376908850573,27.95475,1.8763056658446289,1.8827341543377585,-0.010208393605717363,VASP,3.757869,26.53352276890943,28.8565,1.850271395243496,1.902764389964558,-0.08050100431759113,OQMD
Er,Sr,30.66,56.0,1.9416063353551711,2.3733755965792427,4.521289277495928,23.10611297673198,36.995000000000005,1.7669032153627304,2.06705234259918,-0.37542605820429853,VASP,4.606885885976592,24.44344267529142,49.665,1.8003540550383534,2.2802752676903837,-0.5078336318274153,VASP,4.271192,38.95985102668076,43.33,2.1030175296671754,2.1788802378706977,-0.10085734994967088,OQMD
Er,Ta,30.66,18.014,1.9416063353551711,1.6261995992423404,4.16929729702828,18.11876537046735,27.4985,1.6293460444102368,1.8724352065050984,-0.3410998647028983,VASP,4.374910278088888,20.93377062007279,21.1755,1.709698840937672,1.7162544968148243,-0.011415521707974352,VASP,3.569667,22.74328101624213,24.337,1.7576059039430765,1.7977369476377392,-0.06548543303438677,OQMD
Er,Tb,30.66,32.09,1.9416063353551711,1.9713347123038616,4.424727435031869,21.65706390847856,31.017500000000002,1.7291672025886067,1.9491236624231545,-0.3017791921180444,VASP,4.975142027023579,30.78622636221663,31.7325,1.9442672001077532,1.963986778515778,-0.02982033050605438,VASP,3.972407,31.34232573760245,31.375,1.9559040089915403,1.9565834472517531,-0.0010414107537067446,OQMD
Er,Ti,30.66,17.649,1.9416063353551711,1.6151412089743407,4.011442845119937,16.137707332130393,27.40725,1.5676571053670256,1.8703617715506515,-0.4111883778149799,VASP,3.8702172318648698,14.492590981908345,20.90175,1.512466655290327,1.7088266688063136,-0.3066326512417216,VASP,3.596835,23.266526477162742,24.1545,1.7709826803197877,1.7932320028956017,-0.03676223986574993,OQMD
Er,Tl,30.66,28.59,1.9416063353551711,1.8968886969006673,,,,,,,,4.704671,26.03321372727778,29.107499999999998,1.8385681178373308,1.9082653548199062,-0.10561835515665101,OQMD_new,3.775174,26.90177427206548,29.625,1.8587919015449899,1.9195079562019255,-0.09192323132268419,MP
Er,V,30.66,13.824,1.9416063353551711,1.48884117815856,4.0,16.0,26.451,1.563185283593544,1.8483512068456933,-0.3951079354277721,VASP,4.000000000005615,16.00000000006738,18.033,1.5631852835957385,1.6267711350061906,-0.11273775855002609,VASP,3.550847,22.38545279675675,22.242,1.7483394532875367,1.7445968167153307,0.006449635678299955,OQMD
Er,W,30.66,15.85,1.9416063353551711,1.5582849840929494,4.579952796879317,24.017235393998092,26.9575,1.7898287029087099,1.8600744822757524,-0.1090703739590803,VASP,3.9715815755883943,15.66139598987032,19.5525,1.5520794678877596,1.6712364344577502,-0.19900800460962428,VASP,3.4693,20.878321105278502,23.255,1.7081879521394336,1.7706901776502413,-0.10220076949995688,OQMD
Er,Y,30.66,33.018,1.9416063353551711,1.9901572114304584,4.190604702349924,18.39797806035146,31.2495,1.6376729000178263,1.9539711832011257,-0.4112552821532678,VASP,3.999307936711651,15.99169667731173,32.4285,1.5629148278066283,1.9782419953294597,-0.5068628929086535,VASP,3.99268,31.824641298288416,31.839,1.9658858769054488,1.96618148981798,-0.0004509784136305384,OQMD
Er,Zn,30.66,15.207,1.9416063353551711,1.536921356892218,4.131516125044562,17.630651665848074,26.796750000000003,1.6145813013997707,1.8563698449146464,-0.3420600757238071,VASP,4.133159379106396,17.651697086236346,19.07025,1.615223479041437,1.6573819026846917,-0.07438564852393938,VASP,3.50789832,21.582959389521076,22.933500000000002,1.727192703875179,1.7624923615017047,-0.058889424225649224,MP
Er,Zr,30.66,23.279,1.9416063353551711,1.771299106960212,4.120497844256776,17.489970721548122,28.81475,1.6102753978052786,1.901846298073648,-0.3930202163285081,VASP,4.1007082512386015,17.239180820060422,25.12425,1.6025416976616997,1.8169159285338312,-0.3138429676483707,VASP,3.731649,25.981987274321575,26.9695,1.8373613880071384,1.8603504423684132,-0.03661590780987503,OQMD
Fe,Ga,11.776,19.58,1.4113554216028104,1.672019581917477,3.653105713461341,12.18783956261663,13.727,1.4276202726735656,1.4853507099029135,-0.11212649795172806,VASP,3.832168502219238,14.069342416851512,17.628999999999998,1.4975973517299566,1.61453088102726,-0.20192056175327505,VASP,2.8895101506928453,12.06264863453721,15.677999999999999,1.4227153682293596,1.5526277723793465,-0.23060029120186182,VASP
Fe,Ge,11.776,22.634,1.4113554216028104,1.7547862958334142,3.638117814025189,12.038442011227778,14.4905,1.4217630567159223,1.5123939125459878,-0.16921831467321508,VASP,4.058615029344712,16.713737863363345,19.9195,1.5860918214108084,1.6816280435578677,-0.16093587372357007,VASP,2.8907893330503223,12.078676084007581,17.205,1.4233452024586368,1.6014818555065788,-0.2979554731759615,VASP
Fe,Hf,11.776,22.312,1.4113554216028104,1.7464250978479678,3.792593007697764,13.637938532847988,14.41,1.4821313940732304,1.5095880774746804,-0.05357817259902929,VASP,4.2269275871276974,18.880540908051625,19.678,1.651867749753396,1.6748044866019594,-0.040525413758937694,VASP,3.129878669994803,15.33036558222219,17.044,1.541066219624511,1.5964707725132246,-0.10054179874312434,VASP
Fe,In,11.776,26.16,1.4113554216028104,1.841548000906085,3.811776545442423,13.845935653469233,15.372,1.4896282500456584,1.5424600415456338,-0.09927558850707563,VASP,4.29169141811796,19.761753227278767,22.564,1.6771772166316756,1.752975422971612,-0.12419104647762955,VASP,3.1345566609830597,15.399207758315727,18.968,1.5433695337934665,1.654414434408488,-0.18814805154387773,VASP
Fe,Ir,11.776,14.155,1.4113554216028104,1.500630450421227,3.571018858981004,11.384564971576788,12.370750000000001,1.3955410319485289,1.4347265672823954,-0.07971909774453553,VASP,3.7856946496942303,13.563655557000901,13.56025,1.4794355411452096,1.4793117120940176,0.0002511426412419596,VASP,3.001921,13.525950109628974,12.965499999999999,1.4780633803575247,1.45736013898008,0.043226262745669326,OQMD
Fe,La,11.776,37.168,1.4113554216028104,2.070269390695367,4.024994430247598,16.301811231241143,18.124000000000002,1.5729530149772566,1.6295029388695992,-0.1005400997990984,VASP,4.696787510398876,25.902563448560343,30.819999999999997,1.8354872791053705,1.944977918138098,-0.15955342477091675,VASP,3.54749223158866,22.32206475341388,24.472,1.7466876575412855,1.801054901299683,-0.08785286231554926,VASP
Fe,Mg,11.776,23.24,1.4113554216028104,1.770309384051908,3.744291544895089,13.12347899047867,14.642,1.4632553601159346,1.5176464058859724,-0.10370994464699695,VASP,4.185629507086199,18.332528146693708,20.374,1.6357286120130117,1.694321795231864,-0.10019985536989748,VASP,3.15308953079524,15.673966419791272,17.508,1.552494609437468,1.6108285173412382,-0.10475403131189898,VASP
Fe,Mn,11.776,12.21,1.4113554216028104,1.428485001664581,3.542364291842692,11.112702114166494,11.884500000000001,1.3843429325339405,1.4156767574807312,-0.06494155293310676,VASP,3.4804261745264378,10.539919332048617,12.101500000000001,1.3601377441633757,1.4242411580106042,-0.12904025682364864,VASP,2.7693890154071807,10.619936015433122,11.993,1.363571023234034,1.4199718715501422,-0.11448878383781189,VASP
Fe,Mo,11.776,15.583,1.4113554216028104,1.5494853952179959,3.5867851089857434,11.536022192431473,12.72775,1.401702424444745,1.4483971969038596,-0.09363224509976452,VASP,3.867036667537073,14.456890080858761,14.631250000000001,1.5112237024526431,1.517274901692894,-0.011916953038273583,VASP,2.9714051351070365,13.11763713175844,13.6795,1.4630382073372397,1.4836354602528765,-0.04107334831255236,VASP
Fe,Nb,11.776,17.978,1.4113554216028104,1.6251155863008009,3.713526722033764,12.802643985115143,13.326500000000001,1.4512325805286386,1.4707623305668902,-0.03930934715678221,VASP,4.047769632977548,16.58010866106822,16.427500000000002,1.581853480411836,1.5769852170326368,0.009289828706024518,VASP,3.061287054198081,14.344392795473787,14.877,1.5072935935265266,1.5257226183969885,-0.0358007128134848,VASP
Fe,Ni,11.776,10.941,1.4113554216028104,1.3771760758322233,3.5872585085174777,11.540590518792635,11.567250000000001,1.4018874272400619,1.402966079437206,-0.002304738049870621,VASP,3.542975199045483,11.118452511406606,11.149750000000001,1.3845816728212017,1.3858796152013888,-0.0028070125871338305,VASP,2.8505825153921176,11.581661172618421,11.3585,1.4035484706921098,1.3944751873075958,0.019647063663196896,VASP
Fe,Os,11.776,13.977,1.4113554216028104,1.4943137246635851,3.5628257835198265,11.30638496324384,12.326250000000002,1.3923392082014576,1.433004169952531,-0.08273927891744544,VASP,3.76992223833867,13.394829353060185,13.426749999999998,1.4732717408157605,1.474441109447662,-0.0023773919183579964,VASP,2.953291,12.879195334835313,12.8765,1.4541193051514196,1.4540178595833682,0.00020932200794567465,OQMD
Fe,Pb,11.776,30.321,1.4113554216028104,1.9344238453824663,3.883651154614972,14.644031261701413,16.41225,1.5177165828763,1.5764970829050748,-0.10773774091295146,VASP,4.626045052469952,24.74967968899501,25.68475,1.8078413868154386,1.8303279481207493,-0.03640566137513474,VASP,3.388058,19.445652186423946,21.0485,1.6681866246071613,1.71281653744976,-0.07615021562467895,OQMD
Fe,Pd,11.776,14.716,1.4113554216028104,1.5201988160139424,3.7320208121704974,12.994877194398189,12.511000000000001,1.458460002912437,1.4401281456712764,0.03867614054817264,VASP,3.8816039959343183,14.620885885183498,13.980999999999998,1.5169165607956052,1.494456260848989,0.045768248707781956,VASP,3.0476532324785928,14.1535914822149,13.245999999999999,1.5005806744930483,1.467794920625794,0.06851815508190405,VASP
Fe,Pt,11.776,15.095,1.4113554216028104,1.5331388987435077,3.740231862426549,13.080838549958631,12.60575,1.4616688511432137,1.443754530929212,0.037688241473821944,VASP,3.9062366898556258,14.90100887185263,14.265250000000002,1.5265429269538682,1.5045163993192514,0.04456696320447439,VASP,3.05127,14.204041142541694,13.435500000000001,1.5023614713989824,1.4747613298580298,0.0572022732716827,OQMD
Fe,Re,11.776,14.712,1.4113554216028104,1.520061066935985,3.570696292288527,11.381480179888882,12.510000000000002,1.3954149740718644,1.4400897749970158,-0.09020941807442999,VASP,3.810943744819919,13.836862415890078,13.977999999999998,1.489302794626342,1.49434936125915,-0.010097122915289747,VASP,2.967564,13.06683136056995,13.244,1.4611469379997999,1.4677210432892176,-0.013377275704473742,OQMD
Fe,Rh,11.776,13.754,1.4113554216028104,1.4863239306523217,3.554321905397645,11.225618612243874,12.2705,1.389015923917941,1.4308404751284705,-0.08515393730949236,VASP,3.742877347793203,13.108614621410197,13.2595,1.4627026970914925,1.4682933982417778,-0.011379416915404193,VASP,2.99209254,13.393530418437901,12.765,1.4732241168288345,1.449808817100695,0.04923857567081087,MP
Fe,Ru,11.776,13.571,1.4113554216028104,1.4797025210257315,3.54615072958202,11.148375362859833,12.22475,1.3858226584717808,1.4290599859679234,-0.08804880567211334,VASP,3.7248852026306474,12.920481154130785,13.122250000000001,1.455671432956896,1.4632096816022222,-0.01537608610331429,VASP,2.9080971354678,12.296930831037091,12.6735,1.4318670885934608,1.4463364123553142,-0.029713115474250155,VASP
Fe,Sc,11.776,24.987,1.4113554216028104,1.8136013727062499,3.804092068375407,13.762364840953332,15.07875,1.4866251846798406,1.5325885519977909,-0.0873006820224931,VASP,4.323091998904645,20.198701073540178,21.68425,1.6894484480771848,1.72989044068909,-0.06850819956695853,VASP,3.124632908185608,15.253412372646011,18.3815,1.5384833507108227,1.6371838293649836,-0.17017586308810426,VASP
Fe,Si,11.776,20.024,1.4113554216028104,1.6845635878380372,3.5689538944942645,11.364826797255358,13.838000000000001,1.394734051424325,1.4893436073654354,-0.1787233128157713,VASP,3.654379538136152,12.200593574834297,17.962,1.4281180786699514,1.6246333382406446,-0.3207552847770684,VASP,2.762124213336765,10.536578796912462,15.9,1.359994034397277,1.5599218392712573,-0.3373220882444993,VASP
Fe,Sn,11.776,27.053,1.4113554216028104,1.8622684018206264,3.811598846563695,13.84399931813101,15.59525,1.489558805977624,1.549891312445609,-0.11229385113217104,VASP,4.419218666567659,21.576275691777663,23.23375,1.7270143961401123,1.7701506716930173,-0.07133907820400655,VASP,3.1280482658469,15.303484964300736,19.4145,1.5401649789382073,1.667295329629392,-0.21174972498386588,VASP
Fe,Sr,11.776,56.0,1.4113554216028104,2.3733755965792427,4.107587630796038,17.326088198803962,22.832,1.6052301338828097,1.759888346374541,-0.2411489050979344,VASP,4.860719443187596,28.710560606974944,44.944,1.899551275316964,2.205604830179857,-0.36119258172448065,VASP,3.781274440146959,27.03239977612958,33.888,1.8617955905778736,2.0074856200623237,-0.2023017063228995,VASP
Fe,Ta,11.776,18.014,1.4113554216028104,1.6261995992423404,3.661514829812889,12.272199340527374,13.3355,1.430906524405757,1.4710933472697436,-0.0797345925891512,VASP,4.066363628031111,16.809648998279634,16.4545,1.589119945269571,1.5778487141147057,0.021583700402907094,VASP,3.0445745913270064,14.110742289276757,14.895,1.499064836219016,1.5263377051874245,-0.05265241428152013,VASP
Fe,Tb,11.776,32.09,1.4113554216028104,1.9713347123038616,4.094165894960766,17.15680113417777,16.8545,1.5999849688983154,1.5905320375180336,0.017935930118233554,VASP,4.305363491403714,19.95122102931807,27.0115,1.6825202125708014,1.8613156585511164,-0.2613804850038662,VASP,3.395938,19.581649035693218,21.933,1.6720665199932216,1.7364800963928202,-0.10720608053192823,OQMD
Fe,Ti,11.776,17.649,1.4113554216028104,1.6151412089743407,3.679776300172196,12.456736063701014,13.244250000000001,1.438043039836369,1.4677302783630135,-0.05946081781142664,VASP,3.914511937807237,14.995911688867642,16.18075,1.5297768634078797,1.5690496253913795,-0.0732251787545298,VASP,2.948352375460648,12.814691831332865,14.7125,1.4516876621864812,1.5200782869360652,-0.12899290866046795,VASP
Fe,Tl,11.776,28.59,1.4113554216028104,1.8968886969006673,,,,,,,,4.561445,23.727246205799798,24.386499999999998,1.7825959239803384,1.798954951978405,-0.0270335552129334,MP,3.286641,17.751162934218137,20.183,1.618251681667051,1.6890105811338578,-0.12048937550323853,OQMD
Fe,V,11.776,13.824,1.4113554216028104,1.48884117815856,3.541377164968537,11.10341459647156,12.288,1.3839571669832609,1.4315203663034393,-0.09640180692777027,VASP,3.697798067152826,12.640655106433051,13.312000000000001,1.4450858800684874,1.470228712259244,-0.050431557509536484,VASP,2.854763042254788,11.632691255193572,12.8,1.405606847200457,1.451132671439124,-0.09119599568800221,VASP
Fe,W,11.776,15.85,1.4113554216028104,1.5582849840929494,3.593465241265911,11.600597373634711,12.794500000000001,1.404312995562949,1.4509247971393646,-0.09331373843177067,VASP,3.891288379930501,14.730594013819307,14.831499999999998,1.5207011824314807,1.5241656003673605,-0.006803491634743068,VASP,2.9804022656264784,13.23715514286144,13.812999999999999,1.4674681470821844,1.4884461743301822,-0.04168861631351331,VASP
Fe,Y,11.776,33.018,1.4113554216028104,1.9901572114304584,3.95822037725848,15.503862905762984,17.0865,1.5468579607376354,1.59779662892642,-0.09262500185743226,VASP,4.573772473489981,23.920137840774213,27.7075,1.7874134552661955,1.8771670000852705,-0.13669086562215235,VASP,3.39267742853831,19.525299876805303,22.397,1.6704611042355908,1.7486400199231147,-0.12821807041990874,VASP
Fe,Zn,11.776,15.207,1.4113554216028104,1.536921356892218,3.656130697966136,12.218141365536706,12.633750000000001,1.428802425488814,1.4448227004250578,-0.0328966961087005,VASP,3.771129322902724,13.407700071582463,14.349250000000001,1.4737434650224062,1.5074637042954417,-0.06561666487220855,VASP,2.911568678552288,12.341021833387238,13.4915,1.4335763809787418,1.4768074553552704,-0.08527429615778545,VASP
Fe,Zr,11.776,23.279,1.4113554216028104,1.771299106960212,3.815588611599982,13.887518174367816,14.65175,1.4911179914750539,1.5179831943314441,-0.05215976423513803,VASP,4.27203851973092,19.49151015510874,20.40325,1.6694969362470307,1.6951322270720612,-0.04468601055671318,VASP,3.166513591555499,15.875012421317825,17.5275,1.5591042479407575,1.6114263298008538,-0.09427970781241905,VASP
Ga,Ge,19.58,22.634,1.672019581917477,1.7547862958334142,4.233369813014703,18.966999580801804,20.3435,1.6543853479284343,1.6934759030317421,-0.06766291047254379,VASP,4.270192581636821,19.4662543600696,21.8705,1.6687755504312505,1.7348291099323316,-0.1099309864854668,VASP,3.3752985219473453,19.226780665994497,21.107,1.66190420836033,1.714401877375097,-0.08908036831409025,VASP
Ga,Hf,19.58,22.312,1.672019581917477,1.7464250978479678,4.109955499383073,17.35606897445087,20.262999999999998,1.6061554882149935,1.6912392341419114,-0.14346005159893044,VASP,4.305476877682858,19.95279738004841,21.629,1.682564523511531,1.728419976549589,-0.07749792500585288,VASP,3.3296802553075517,18.457700585275678,20.945999999999998,1.6394430278710153,1.71003170797243,-0.1187959235521971,VASP
Ga,In,19.58,26.16,1.672019581917477,1.841548000906085,4.40644242309441,21.389681016069314,21.224999999999998,1.7220214871958648,1.7175907657199556,0.007758822900792293,VASP,4.680099746819648,25.627446555979738,24.515,1.8289657624945863,1.8021091680122938,0.045378199305720464,VASP,3.598504778219048,23.29894495962301,22.869999999999997,1.7718048332141823,1.7608641506594962,0.018755791850590883,VASP
Ga,Ir,19.58,14.155,1.672019581917477,1.500630450421227,3.955971983933217,15.4774578690897,18.22375,1.5459792968981902,1.632486931144502,-0.15069851874121956,VASP,3.8767337875469554,14.565920884022482,15.511249999999999,1.5150133012758153,1.5471035978248668,-0.060944741138046044,VASP,3.02850068,13.888426054813097,16.8675,1.4911504841386107,1.5909408621183585,-0.17661621136427466,MP
Ga,La,19.58,37.168,1.672019581917477,2.070269390695367,4.45958750485724,22.172980677855417,23.976999999999997,1.7427903896226227,1.7888286611479358,-0.07523957635002627,VASP,4.936483310508902,30.074126896502406,32.771,1.9291595159231638,1.9851821501320124,-0.08229450134257711,VASP,3.772888970734702,26.852954687777792,28.374,1.8576668159481065,1.8920995613619993,-0.05360701036942998,VASP
Ga,Mg,19.58,23.24,1.672019581917477,1.770309384051908,4.220740479770044,18.797753805456214,20.494999999999997,1.649449850961022,1.6976693365054072,-0.08281269551323658,VASP,4.353712833603005,20.630955807182723,22.325,1.7014149576201414,1.7467642145912,-0.07588103887199447,VASP,3.3989784470644078,19.63429159377284,21.409999999999997,1.6735635525486474,1.7225665888786965,-0.08293827212644357,VASP
Ga,Mn,19.58,12.21,1.672019581917477,1.428485001664581,3.976098079182776,15.714887441846859,17.737499999999997,1.5538445008757682,1.6178363897894905,-0.11403030630884503,VASP,3.645578052310584,12.112651207853038,14.0525,1.42467849039088,1.496999521599015,-0.1380429668846798,VASP,2.9208716885407835,12.459695876195571,15.895,1.4381569273659038,1.559758308308819,-0.21612482691440255,VASP
Ga,Mo,19.58,15.583,1.672019581917477,1.5494853952179959,3.986991301733128,15.844402749136089,18.58075,1.5581015321711733,1.643078111768684,-0.1472678579101441,VASP,3.945413449210264,15.353859802333808,16.582250000000002,1.5418530603743823,1.581921576841879,-0.07407862007062935,VASP,3.1121966987428453,15.072008051055317,17.5815,1.5323601030411456,1.6130794998032998,-0.14273480356879004,VASP
Ga,Nb,19.58,17.978,1.672019581917477,1.6251155863008009,4.041109167278414,16.498397266493374,19.179499999999997,1.5792505949211444,1.6605408247183033,-0.13979002234190796,VASP,4.117783666815986,17.455431481269517,18.378500000000003,1.6092147072471525,1.6370947575860553,-0.0502254546742381,VASP,3.2300587594792103,16.850053064384298,18.779,1.590392141828274,1.6489011372744962,-0.10271829893049161,VASP
Ga,Ni,19.58,10.941,1.672019581917477,1.3771760758322233,3.914266581007004,14.993092089626593,17.42025,1.5296809788730412,1.6081328541975797,-0.1393296830053189,VASP,3.581061241667548,11.48088199751773,13.10075,1.3994655581554838,1.46241011839145,-0.12364696696618659,VASP,2.916783465397768,12.40745110830744,15.2605,1.4361439986717706,1.5387216035891624,-0.1869564491132375,VASP
Ga,Os,19.58,13.977,1.672019581917477,1.4943137246635851,3.932831446427427,15.207436441239667,18.17925,1.5369360599773165,1.6311570753396498,-0.16347283626994147,VASP,3.871653685810117,14.508734003787021,15.377749999999999,1.5130280162072696,1.542652340088746,-0.056511257902682646,VASP,3.043212,14.091805090633652,16.7785,1.498393933705978,1.5881377692813554,-0.16012724077637144,OQMD
Ga,Pb,19.58,30.321,1.672019581917477,1.9344238453824663,4.4975525588801295,22.74409970046906,22.265249999999998,1.7576269930574762,1.7452044921464234,0.021506594377743913,VASP,4.878095262618928,29.01956114342617,27.63575,1.906341681623323,1.875545259170192,0.050073225565659275,VASP,3.710616,25.54512564018951,24.950499999999998,1.8270053169849296,1.8127178638329229,0.023832213390092893,OQMD
Ga,Pd,19.58,14.716,1.672019581917477,1.5201988160139424,4.045787665809411,16.555765519312462,18.363999999999997,1.5810789349343868,1.6366641072879793,-0.0984662644678466,VASP,3.911718742865535,14.963833648702176,15.931999999999999,1.5286852931011106,1.5609676264540402,-0.060768663777166894,VASP,3.1070794157432866,14.997783004634794,17.148,1.5298404935615577,1.599711334148374,-0.12539170721747175,VASP
Ga,Pt,19.58,15.095,1.672019581917477,1.5331388987435077,4.049652293766378,16.603254178599368,18.45875,1.5825892173216105,1.6394740975238618,-0.10052120654977345,VASP,3.9343897759137305,15.225520807371131,16.216250000000002,1.5375450494073113,1.5701962672495486,-0.06109483959786454,VASP,3.131236,15.350319126076835,17.3375,1.5417345316073188,1.6055824839842028,-0.11461749813543842,OQMD
Ga,Re,19.58,14.712,1.672019581917477,1.520061066935985,4.0,16.0,18.363,1.563185283593544,1.6366343989126069,-0.12868267712247453,VASP,3.9031568922543154,14.865791406714939,15.928999999999998,1.5253393533821644,1.5608696434253193,-0.06674672567550127,VASP,3.076145,14.554269521290873,17.146,1.5146092376081508,1.5996491393917252,-0.1511565658876197,OQMD
Ga,Rh,19.58,13.754,1.672019581917477,1.4863239306523217,3.945142983238211,15.35070240552317,18.1235,1.5417473632675758,1.629487953969983,-0.15299459786889008,VASP,3.8321735705050335,14.06939823971728,15.2105,1.4975993323973988,1.5370392590011777,-0.07502066074637384,VASP,3.00618637,13.583688333661817,16.666999999999998,1.4801635312944332,1.5846120058264574,-0.1849950000802893,MP
Ga,Ru,19.58,13.571,1.672019581917477,1.4797025210257315,3.9158336174116224,15.011106290571659,18.077749999999998,1.53029337093468,1.628115667688734,-0.1696363601348807,VASP,3.826206997647786,14.003783683479362,15.07325,1.4952676176764144,1.5324021912339503,-0.07095127570501633,VASP,3.02350646469872,13.819830260198735,16.575499999999998,1.4886914698106377,1.5817069011125908,-0.16624956953342362,VASP
Ga,Sc,19.58,24.987,1.672019581917477,1.8136013727062499,4.122667926211735,17.517618833859352,20.931749999999997,1.6111234578493248,1.709643829937857,-0.16310777484637673,VASP,4.385520562543158,21.08644966776819,23.63525,1.7138453010660863,1.780289089841922,-0.107838941082993,VASP,3.36779616488552,19.09885794370562,22.283499999999997,1.6582102539759707,1.7456811884011851,-0.14291480495857364,VASP
Ga,Si,19.58,20.024,1.672019581917477,1.6845635878380372,4.155047188495225,17.93361697321011,19.691,1.6237771544231168,1.6751732175964098,-0.08924803345639575,VASP,3.971124998230177,15.655995257197032,19.913,1.5519010391359627,1.6814451110640707,-0.21378018092718162,VASP,3.244190007962583,17.07217490113255,19.802,1.5973499801264859,1.6783150238749487,-0.13785602963677665,VASP
Ga,Sn,19.58,27.053,1.672019581917477,1.8622684018206264,4.40601099222507,21.383398897096203,21.448249999999998,1.7218528855994049,1.723591794755302,-0.003023608122051674,VASP,4.714527785448889,26.197183826309466,25.18475,1.8424201133266411,1.818373156756092,0.04020027303465252,VASP,3.616478601745509,23.64981259457164,23.316499999999998,1.7806546498347628,1.7722497216946558,0.014295138402918153,VASP
Ga,Sr,19.58,56.0,1.672019581917477,2.3733755965792427,4.509142984533547,22.920391398989146,28.685,1.762156488760478,1.8989873933798218,-0.20096247519647387,VASP,5.280159167329597,36.802816098185666,46.894999999999996,2.0634667763502916,2.2370686427536888,-0.2152081011155631,VASP,3.899130470485073,29.63966610686545,37.79,1.9198246601626734,2.081754094569541,-0.21567435546796898,VASP
Ga,Ta,19.58,18.014,1.672019581917477,1.6261995992423404,4.042788171698062,16.518970127730352,19.188499999999998,1.579906743671115,1.6608005209286711,-0.13912134206788682,VASP,4.110336976002622,17.360902274286573,18.4055,1.6063045678744223,1.6378960549440937,-0.05675465082249473,VASP,3.219484997292528,16.685115649873694,18.796999999999997,1.585185911990532,1.6494278025657612,-0.11235220248583834,VASP
Ga,Tb,19.58,32.09,1.672019581917477,1.9713347123038616,4.154358964050383,17.92470710374062,22.7075,1.62350819884212,1.7566836984743408,-0.210626132170401,VASP,4.631740036979489,24.841198014149178,28.962500000000002,1.810066965809339,1.9050913823247608,-0.1422978674441372,VASP,3.580467,22.950335059388856,25.835,1.762923527061027,1.8338900133878162,-0.11165724562071397,OQMD
Ga,Ti,19.58,17.649,1.672019581917477,1.6151412089743407,3.992544857020376,15.910704918127413,19.09725,1.5602718411453356,1.6581637174487105,-0.1668588452197351,VASP,4.011366029647035,16.136780282738997,18.13175,1.5676270861628272,1.629735169579509,-0.11002631942647587,VASP,3.1705688618676597,15.936082692861117,18.6145,1.561100951566821,1.6440723368799182,-0.1438887591468416,VASP
Ga,V,19.58,13.824,1.672019581917477,1.48884117815856,3.9541675149118207,15.456287959889151,18.141,1.5452741170434534,1.6300122615592,-0.14799140290561974,VASP,3.7875076143281294,13.583151745928511,15.263,1.480144041054056,1.5388056242954489,-0.11006016209601578,VASP,3.065665907001162,14.406035371623863,16.701999999999998,1.5094496202761345,1.5857204365221356,-0.13746644883104628,VASP
Ga,W,19.58,15.85,1.672019581917477,1.5582849840929494,3.990371007375,15.884730017802886,18.647499999999997,1.5594223087017363,1.6450433067819175,-0.14815766093026475,VASP,3.969573133367749,15.637647940797894,16.7825,1.5512945760571943,1.5882639634450613,-0.06821701529582033,VASP,3.1259262306611166,15.272360916268685,17.715,1.5391201471455196,1.6171520257527618,-0.1378853561236983,VASP
Ga,Y,19.58,33.018,1.672019581917477,1.9901572114304584,4.279616485021581,19.595419436539196,22.9395,1.6724583772025166,1.7626460527114396,-0.14577826733192978,VASP,4.731423560111939,26.47984831583426,29.6585,1.8490229199036894,1.920231211263228,-0.10717506563601462,VASP,3.5789984251158566,22.922106509907508,26.299,1.7622004411578454,1.8448039022160918,-0.1284038742953151,VASP
Ga,Zn,19.58,15.207,1.672019581917477,1.536921356892218,4.165099750375136,18.06409585648298,18.48675,1.6277056586213892,1.6403026491700803,-0.022862544444914434,VASP,4.0,16.0,16.30025,1.563185283593544,1.5729027992526965,-0.018419962884004746,VASP,3.26674456967851,17.430728478762127,17.3935,1.6084552263112872,1.6073092993985396,0.0021403673074497677,VASP
Ga,Zr,19.58,23.279,1.672019581917477,1.771299106960212,4.125510910486423,17.553884184777594,20.504749999999998,1.612234485644245,1.6979385021871654,-0.1439113286054404,VASP,4.357298416369176,20.681970843201153,22.35425,1.7028161901734375,1.7475267462181705,-0.07480810838202342,VASP,3.365501109790185,19.05983859840175,21.429499999999997,1.6570802319359774,1.723089395290351,-0.11057940696694964,VASP
Ge,Hf,22.634,22.312,1.7547862958334142,1.7464250978479678,4.185615642842125,18.332345976387607,22.5535,1.6357231939174353,1.7527034691550363,-0.1871618162862701,VASP,4.29873780288244,19.85925161885106,22.392500000000002,1.6799309178732689,1.7485228999642957,-0.11312932370878376,VASP,3.347880163364705,18.76202527615712,22.473,1.6484041622996533,1.7506156804185449,-0.16513036638823822,VASP
Ge,In,22.634,26.16,1.7547862958334142,1.841548000906085,4.403778362243036,21.350908944123976,23.5155,1.7209803820164986,1.7772773357435454,-0.09204954416772017,VASP,4.653639008879962,25.1952157969974,25.2785,1.8186250034595006,1.820626655300461,-0.0032946655459225108,VASP,3.577515808295865,22.893631539888684,24.397,1.761470441391452,1.799213104599084,-0.061621037837083024,VASP
Ge,Ir,22.634,14.155,1.7547862958334142,1.500630450421227,4.07979249340866,16.9767374534667,20.51425,1.5943678964529573,1.6982006841254764,-0.17244171961116297,VASP,3.884689436304648,14.655779506475055,16.274749999999997,1.5181223395406813,1.572082158362644,-0.099477441651942,VASP,3.102784,14.935667411339317,18.3945,1.5277255489265849,1.6375696951234,-0.18803623847675577,OQMD
Ge,La,22.634,37.168,1.7547862958334142,2.070269390695367,4.454991543916728,22.104498222916845,26.2675,1.7409943049960779,1.844067061276753,-0.15848488729735047,VASP,4.891611404289659,29.261450819549847,33.534499999999994,1.9116237400609861,2.0004808975822184,-0.12742248074222512,VASP,3.770485509911912,26.801668588793635,29.901,1.8564834179078884,1.925450543226587,-0.10365310227772866,VASP
Ge,Mg,22.634,23.24,1.7547862958334142,1.770309384051908,4.25801795367693,19.300229511745837,22.7855,1.6640177506162184,1.7586927958841434,-0.1529600179172791,VASP,4.328312779001924,20.271968340177093,23.0885,1.6914887097314206,1.7664541518625727,-0.12198850769096767,VASP,3.403947390667081,19.720527252575796,22.936999999999998,1.6760101237869223,1.7625820179646414,-0.1402307515117148,VASP
Ge,Mn,22.634,12.21,1.7547862958334142,1.428485001664581,4.13465943402742,17.670923148219288,20.028,1.6158096949857188,1.6846757500054794,-0.11768907788000356,VASP,3.643622664567817,12.093170981926098,14.816,1.423914332055077,1.523634460532413,-0.18377625661945884,VASP,2.9205260816021097,12.455273585548055,17.422,1.4379867600097171,1.6081867022243093,-0.2850835962835464,VASP
Ge,Mo,22.634,15.583,1.7547862958334142,1.5494853952179959,4.084837095913072,17.039789799689938,20.87125,1.596339308552076,1.7079950863647546,-0.18357598132886443,VASP,3.946304601115477,15.364266097381869,17.345750000000002,1.542201319260301,1.6058371142176184,-0.11423454751844882,VASP,3.1302203730772344,15.335387187515245,19.1085,1.5412344648291976,1.6584892561168534,-0.19745729976108822,VASP
Ge,Nb,22.634,17.978,1.7547862958334142,1.6251155863008009,4.126068639334899,17.561004489223908,21.47,1.612452444026288,1.7241742114532599,-0.1820677927701952,VASP,4.113542324655825,17.4015494172585,19.142000000000003,1.6075572063352905,1.6594578818375003,-0.09092313147745805,VASP,3.238146764838613,16.97694690624782,20.306,1.5943744533354285,1.6924347120365073,-0.16394430679366587,VASP
Ge,Ni,22.634,10.941,1.7547862958334142,1.3771760758322233,4.044499760061434,16.539959836598687,19.71075,1.5805756261064137,1.6757330946288866,-0.16086603317485706,VASP,3.5787076129125377,11.4582596717194,13.86425,1.398545768697265,1.490284749513057,-0.17353916210978595,VASP,2.973860805603588,13.150186604424963,16.7875,1.4642473119856223,1.5884216779551537,-0.2166679610171281,VASP
Ge,Os,22.634,13.977,1.7547862958334142,1.4943137246635851,4.038666997635022,16.468503834850452,20.46975,1.5782962040094972,1.6969718693733205,-0.19547117894207544,VASP,3.881116692055128,14.615379975777502,16.14125,1.5167261242324581,1.567771811502115,-0.09453233325935087,VASP,3.04943,14.178360348824905,18.305500000000002,1.501455505978887,1.6349243501865938,-0.22545899599437857,OQMD
Ge,Pb,22.634,30.321,1.7547862958334142,1.9344238453824663,4.525381584643851,23.168911163472043,24.55575,1.768502473940125,1.803107132476962,-0.0564771524603385,VASP,4.879203743860571,29.039348548745927,28.399250000000002,1.9067748720143423,1.8926606542537237,0.022539276521243524,VASP,3.707676,25.48445389755551,26.4775,1.825557741802821,1.8489682592410859,-0.03750528193539753,OQMD
Ge,Pd,22.634,14.716,1.7547862958334142,1.5201988160139424,4.148988889947041,17.85528654962052,20.6545,1.621409593639582,1.7020619338359901,-0.13552559734583164,VASP,3.925695317970352,15.12480481047051,16.6955,1.5341472872308333,1.5855147022742275,-0.09407895477999999,VASP,3.179038446256698,16.064134985718148,18.675,1.565271142098912,1.645851573678745,-0.13980535551710052,VASP
Ge,Pt,22.634,15.095,1.7547862958334142,1.5331388987435077,4.14244567734855,17.77094302432305,20.74925,1.618852530229236,1.7046606313284998,-0.1435380544201333,VASP,3.962634614359859,15.555790846323706,16.979750000000003,1.5485830283564277,1.5944621985023413,-0.08386219783426119,VASP,3.191438,16.252839243820322,18.8645,1.5713763415098059,1.6513998082461272,-0.13844314750879577,OQMD
Ge,Re,22.634,14.712,1.7547862958334142,1.520061066935985,4.0,16.0,20.6535,1.563185283593544,1.702034464609698,-0.2253129009610962,VASP,3.9094818988438926,14.938177950419197,16.6925,1.5278111426870293,1.5854197299955688,-0.1050964235183946,VASP,3.072071,14.49651970732511,18.673000000000002,1.5126033119986575,1.6457928173973935,-0.22366412963502874,OQMD
Ge,Rh,22.634,13.754,1.7547862958334142,1.4863239306523217,4.075664263579482,16.92525470130821,20.414,1.5927545994238914,1.6954298834423223,-0.1708996423381891,VASP,3.8396530311845214,14.15193914918101,15.974,1.5005222781132468,1.5623380991741915,-0.11406415743201395,VASP,3.078741,14.59114825567641,18.194,1.5158874366465027,1.6315981104532322,-0.19802416974406886,OQMD
Ge,Ru,22.634,13.571,1.7547862958334142,1.4797025210257315,4.035649780974071,16.431621419227355,20.36825,1.577117086839044,1.6941623883575863,-0.19327279372418568,VASP,3.8307479911634097,14.053702512924596,15.83675,1.4970422212355434,1.557850640619557,-0.11258922992883033,VASP,3.0456147369891924,14.125209573779882,18.1025,1.4995769753504304,1.6288583391540252,-0.21970945594366068,VASP
Ge,Sc,22.634,24.987,1.7547862958334142,1.8136013727062499,4.203536283312007,18.568824430967364,23.22225,1.642726514281208,1.7698585665686044,-0.2003865072950569,VASP,4.359766939899061,20.717141393142356,24.39875,1.7037808800869678,1.7992561228342814,-0.150893328832733,VASP,3.396903475575307,19.598355152794284,23.810499999999998,1.6725418936264689,1.784678405211637,-0.17690283056658676,VASP
Ge,Si,22.634,20.024,1.7547862958334142,1.6845635878380372,4.20622484504376,18.604476818621933,21.9815,1.6437771943144852,1.7377591018998406,-0.15363024276678422,VASP,4.0171533012428,16.206723583922766,20.6765,1.569888730610492,1.7026660326282639,-0.21617664576099602,VASP,3.2555309246102158,17.251842303136055,21.329,1.6029339357324306,1.7203915270367411,-0.19115559552083763,VASP
Ge,Sn,22.634,27.053,1.7547862958334142,1.8622684018206264,4.425178719499988,21.663691091886584,23.73875,1.7293435628984262,1.7828839656021815,-0.08741230722398677,VASP,4.692128252490228,25.825553125731034,25.94825,1.8336664582565545,1.8365657802153645,-0.004728522126500546,VASP,3.6149068647398495,23.618991065732697,24.8435,1.7798807697387784,1.8101228758858228,-0.04928890592176231,VASP
Ge,Sr,22.634,56.0,1.7547862958334142,2.3733755965792427,4.482768128125032,22.520541830455137,30.9755,1.751849291911807,1.948243512279325,-0.27295630964939593,VASP,5.186803471882324,34.88505301381712,47.658500000000004,2.0269837140345874,2.249143956357044,-0.26802033186489044,VASP,3.8780615231240914,29.161783956707804,39.317,1.909450889648077,2.109424185419375,-0.2582907150416409,VASP
Ge,Ta,22.634,18.014,1.7547862958334142,1.6261995992423404,4.121787789084513,17.506401862932158,21.479,1.6107795034981203,1.7244150964111915,-0.18495265780845668,VASP,4.102309228173018,17.25937999481421,19.169,1.603167353557513,1.6602377431050577,-0.09962022041764254,VASP,3.2231399091882222,16.742005386232474,20.323999999999998,1.5869854901378113,1.6929346435480686,-0.1762445686758278,VASP
Ge,Tb,22.634,32.09,1.7547862958334142,1.9713347123038616,4.104779287649036,17.29057513421743,24.998,1.604132643713141,1.8138674669199037,-0.30832166036413194,VASP,4.584514356740455,24.089069240844495,29.726000000000003,1.7916113437200007,1.9216868636603592,-0.18962964270858867,VASP,3.598967,23.30792424172945,27.362000000000002,1.772032418513072,1.8693318677791937,-0.14816445282766438,OQMD
Ge,Ti,22.634,17.649,1.7547862958334142,1.6151412089743407,4.101510838924321,17.24930492170089,21.38775,1.6028553459764776,1.7219696654594616,-0.1934960469567444,VASP,4.001952729211056,16.023444191848302,18.89525,1.5639484029849355,1.652296606951356,-0.1519855946945237,VASP,3.1983737874891363,16.359034067605045,20.1415,1.5747913326110488,1.6878521468718806,-0.1877946494747142,VASP
Ge,Tl,22.634,28.59,1.7547862958334142,1.8968886969006673,,,,,,,,4.818523,27.969314194321804,27.101,1.8830610605642535,1.8633691555007474,0.032039931896306585,MP,3.679834,24.914644094506833,25.612000000000002,1.8118491063537487,1.8285982281549993,-0.02722770207298018,OQMD
Ge,V,22.634,13.824,1.7547862958334142,1.48884117815856,4.100880814286811,17.241357251980777,20.4315,1.6026091346660634,1.6959142168856935,-0.15613845033498389,VASP,3.782481185479884,13.52914458483453,16.0265,1.4781797311529044,1.5640478161208144,-0.15582662559919316,VASP,3.061821121828473,14.351901610214338,18.229,1.5075565537467048,1.6326436814200533,-0.21268848482010325,VASP
Ge,W,22.634,15.85,1.7547862958334142,1.5582849840929494,4.062634403899431,16.763443482213738,20.938,1.5876625781991054,1.7098139735491982,-0.19937704259175953,VASP,3.973658107033077,15.68597440074307,17.546,1.5528909687365715,1.61199307548172,-0.10600852611745862,VASP,3.1344320308450824,15.397371011411593,19.242,1.543308169339494,1.6623425969611414,-0.19980402185783222,VASP
Ge,Y,22.634,33.018,1.7547862958334142,1.9901572114304584,4.3327980436481806,20.335054860727247,25.23,1.6932415346534335,1.8194615423272857,-0.1940128870104143,VASP,4.687702944789923,25.752551114847474,30.422,1.831937064288432,1.9365693361199734,-0.15348921455369555,VASP,3.595205896566788,23.234926684675624,27.826,1.7701805545718263,1.8798392960671795,-0.164992212870135,VASP
Ge,Zn,22.634,15.207,1.7547862958334142,1.536921356892218,4.218461102062076,18.767315511935315,20.777250000000002,1.64855907853881,1.7054270693739397,-0.09673727216376983,VASP,4.033074586633854,16.400185869755678,17.06375,1.5761107103652894,1.597087179593924,-0.038887356544975236,VASP,3.302368314652694,18.00721419061935,18.9205,1.625995379072648,1.6530322754255151,-0.04826964453268411,VASP
Ge,Zr,22.634,23.279,1.7547862958334142,1.771299106960212,4.202367750642651,18.5533430039866,22.79525,1.642269856013174,1.7589436105038185,-0.18608732064852976,VASP,4.344478005751425,20.49995073730058,23.11775,1.697806020871614,1.7671997897366993,-0.11323763180670356,VASP,3.3846428289556854,19.386907640935892,22.9565,1.6665050882648462,1.763081365654824,-0.15549375379801392,VASP
Hf,In,22.312,26.16,1.7464250978479678,1.841548000906085,4.426131930655746,21.67769359108959,23.274,1.7297160743111357,1.7711722812132038,-0.06858754012676856,VASP,4.512152255844387,22.96631124525189,25.198,1.7633325009173395,1.818691990180789,-0.08856610662545081,VASP,3.5256078277056755,21.911494974806057,24.236,1.7359123786514037,1.7952465942683808,-0.09591124877017425,VASP
Hf,Ir,22.312,14.155,1.7464250978479678,1.500630450421227,4.271498642875835,19.484121397701895,20.272750000000002,1.669285954358325,1.6915104499615716,-0.03890091883430257,VASP,3.95749595767649,15.49535207607654,16.19425,1.546574860230207,1.5694858697297789,-0.04315716528542297,VASP,3.26211488,17.356724024349784,18.2335,1.6061756943794925,1.6327780148466289,-0.04808599422218527,MP
Hf,La,22.312,37.168,1.7464250978479678,2.070269390695367,4.617816070115016,24.617837519107983,26.026000000000003,1.8046255307863917,1.8383982815357651,-0.05410598942949436,VASP,5.010369904871782,31.444839251104085,33.454,1.9580341251638886,1.998878888279548,-0.060057414625931595,VASP,3.826975898379213,28.02445565889433,29.740000000000002,1.8842977323204555,1.921988500763834,-0.0576847458340845,VASP
Hf,Mg,22.312,23.24,1.7464250978479678,1.770309384051908,4.421052264642517,21.60314376808265,22.544,1.7277309595217734,1.7524573429606578,-0.04173421894594354,VASP,4.429686033289333,21.729955903532893,23.008,1.7311050045444367,1.7643987975568178,-0.055547813650343614,VASP,3.480017494150733,21.072413793342115,22.776,1.7134649516452147,1.7584483435778813,-0.07479742740858294,VASP
Hf,Mn,22.312,12.21,1.7464250978479678,1.428485001664581,4.236980850109378,19.01557717786076,19.786500000000004,1.655796527939661,1.6778770096462174,-0.03896206110930403,VASP,3.919674344468576,15.055319196914294,14.735500000000002,1.5317943129381124,1.5208699855563346,0.021703993547167847,VASP,3.150348070256465,15.633118663148212,17.261000000000003,1.5511447896283996,1.6032175109825122,-0.09430979299297787,VASP
Hf,Mo,22.312,15.583,1.7464250978479678,1.5494853952179959,4.329358125950759,20.28665976363998,20.62975,1.691897227473088,1.701381809723903,-0.016630847991857375,VASP,4.099350135538004,17.222058132372517,17.26525,1.602010951042552,1.6033490814839824,-0.0025016647675234777,VASP,3.3128196621856154,18.178723736723473,18.9475,1.6311413352999442,1.6538182070518295,-0.04057402102000414,VASP
Hf,Nb,22.312,17.978,1.7464250978479678,1.6251155863008009,4.399149082574126,21.283647068221814,21.228500000000004,1.7191712765534786,1.7176851707026755,0.0025977844982834515,VASP,4.278006115553183,19.57330717997672,19.061500000000002,1.6718290507389797,1.6571283784744415,0.026850309785521453,VASP,3.4127679520584517,19.874228734471966,20.145000000000003,1.6803531257469273,1.687949907554466,-0.013441115191265163,VASP
Hf,Ni,22.312,10.941,1.7464250978479678,1.3771760758322233,4.230507197198623,18.9285489877215,19.469250000000002,1.6532666481993648,1.6688611480363924,-0.027772051428714705,VASP,3.721956719747549,12.890031087007367,13.783750000000001,1.4545269926203674,1.4873948020063745,-0.06483858986071526,VASP,3.1673362664408597,15.887388841296739,16.6265,1.5595093104397346,1.5833274547438476,-0.04445380318787848,VASP
Hf,Os,22.312,13.977,1.7464250978479678,1.4943137246635851,4.271980983476226,19.490722624717694,20.228250000000003,1.6694744512903779,1.6902718849242313,-0.03646026597863425,VASP,3.9660773785459087,15.596371016224493,16.06075,1.5499284479340565,1.5651611913158996,-0.028913904006693678,VASP,3.24346549,17.06073937930338,18.1445,1.5969932473980413,1.6301170826101805,-0.059729428790907396,MP
Hf,Pb,22.312,30.321,1.7464250978479678,1.9344238453824663,4.469133620117099,22.315674978919507,24.31425,1.7465209763450475,1.7971766037713208,-0.08219768329602987,VASP,4.786357501856287,27.41292702121902,28.31875,1.8704909022298268,1.8908706613490844,-0.03198668651621212,VASP,3.611045,23.543374230635955,26.3165,1.77797929369998,1.8452130040838994,-0.10537593408561345,OQMD
Hf,Pd,22.312,14.716,1.7464250978479678,1.5201988160139424,4.300840925393368,19.888413813617742,20.413,1.6807528104129381,1.6954021988864898,-0.02569863255681469,VASP,3.996337589531693,15.956091301850423,16.615,1.56175402705691,1.5829623254750746,-0.039657460015021115,VASP,3.313209716889153,18.185145636180234,18.514,1.6313333875137217,1.6411082045541763,-0.017762469688871404,VASP
Hf,Pt,22.312,15.095,1.7464250978479678,1.5331388987435077,4.284861549821512,19.66755575669307,20.50775,1.6745081292292032,1.6980213052304522,-0.04096959653335604,VASP,4.0202707446152095,16.244483726972167,16.899250000000002,1.5711070160110387,1.591938455360258,-0.03874528591670254,VASP,3.329778,18.45932614246811,18.703500000000002,1.6394911546706652,1.6466883952497766,-0.01305498209061891,MP
Hf,Re,22.312,14.712,1.7464250978479678,1.520061066935985,4.0,16.0,20.412000000000003,1.563185283593544,1.6953745134264946,-0.21614736429551254,VASP,4.018489254349105,16.222898189917995,16.612,1.5704108161693286,1.582867046654243,-0.023422935834457224,VASP,3.269642,17.47715004132148,18.512,1.609881841353899,1.6410491081117573,-0.055901575123083455,OQMD
Hf,Rh,22.312,13.754,1.7464250978479678,1.4863239306523217,4.280155931691744,19.60283039237764,20.172500000000003,1.672669190976537,1.688717633481412,-0.028239911147471177,VASP,3.928694535022157,15.159497190660465,15.8935,1.5353193702202543,1.5597092423328731,-0.04618257837100288,VASP,3.24904685,17.148965458167282,18.033,1.5997413556355973,1.6267711350061906,-0.04902315431889973,MP
Hf,Ru,22.312,13.571,1.7464250978479678,1.4797025210257315,4.276600626194514,19.554021767273305,20.12675,1.67127979066855,1.6874400309443034,-0.028456071284568858,VASP,3.936237349623157,15.246980412664433,15.756250000000001,1.5382670744155436,1.5552065782407587,-0.03232175088206701,VASP,3.2363673898975325,16.948975576175727,17.9415,1.5934983380278183,1.6240150392060035,-0.055320035884640344,VASP
Hf,Sc,22.312,24.987,1.7464250978479678,1.8136013727062499,4.482442775668354,22.515638666858674,22.98075,1.7517221453687424,1.763701954991999,-0.020239171182025232,VASP,4.541855584494793,23.422862649701887,24.31825,1.7749404524723535,1.7972751510874039,-0.036819563508809716,VASP,3.575978043261946,22.864122323814083,23.6495,1.760713288160494,1.7806468044529344,-0.03320906049539807,VASP
Hf,Si,22.312,20.024,1.7464250978479678,1.6845635878380372,4.260148261223004,19.3292120092593,21.740000000000002,1.6648502669676064,1.7313716826035552,-0.11089181190159618,VASP,3.9686574928471794,15.626829275080468,20.596,1.5509367471104905,1.7004534905367994,-0.24126872814719036,VASP,3.284301195574098,17.713278034877394,21.168,1.6170996262868047,1.7160518502233202,-0.16320493032514197,VASP
Hf,Sn,22.312,27.053,1.7464250978479678,1.8622684018206264,4.426372462660135,21.68122791577816,23.49725,1.7298100733335093,1.776817444666915,-0.07728657967301884,VASP,4.593763570330916,24.235161981552995,25.86775,1.795225902362356,1.8346646026050697,-0.06311287291886639,VASP,3.541568185325325,22.2104228671422,24.6825,1.743770820007793,1.806204190207399,-0.10015505450654519,VASP
Hf,Sr,22.312,56.0,1.7464250978479678,2.3733755965792427,4.663177474056392,25.35045986144757,30.734,1.8223526005574666,1.943167146734252,-0.1751656191368658,VASP,5.302289933531938,37.26751402177352,47.578,2.072115398360829,2.2478768992395475,-0.21670700698277523,VASP,3.9838287710016496,31.613457441465382,39.156,1.9615277750587912,2.1065409379693705,-0.19262801508158692,VASP
Hf,Ta,22.312,18.014,1.7464250978479678,1.6261995992423404,4.394869077012663,21.221585841477534,21.2375,1.717498666126634,1.7179278787346417,-0.0007493423671555829,VASP,4.264433991819769,19.38760656886036,19.0885,1.6665251147171836,1.6579104323073357,0.015669464277463383,VASP,3.412270247454363,19.865534865316796,20.163,1.680108069681315,1.6884524979988025,-0.014753019624222785,VASP
Hf,Tb,22.312,32.09,1.7464250978479678,1.9713347123038616,4.0,16.0,24.756500000000003,1.563185283593544,1.8080074348644193,-0.353705087552764,VASP,4.74126806006149,26.645479416543715,29.645500000000002,1.852870114265058,1.9199506098176549,-0.10119649132098588,VASP,3.73391,26.02924322530773,27.201,1.8384746422543312,1.865658224735336,-0.043077709447897856,OQMD
Hf,Ti,22.312,17.649,1.7464250978479678,1.6151412089743407,4.379103220042486,20.994017502600954,21.146250000000002,1.7113374272268789,1.7154639042909734,-0.007199030437975899,VASP,4.19129251614384,18.407038657398633,18.81475,1.637941695117952,1.6499468239131203,-0.02166977199279112,VASP,3.392339982426757,19.51947431748391,19.9805,1.6702949550463448,1.6833428586555004,-0.023073781062340332,VASP
Hf,V,22.312,13.824,1.7464250978479678,1.48884117815856,4.316688468920824,20.109076683323636,20.19,1.686945972118745,1.6892058231276035,-0.004008088988428203,VASP,3.981213784814498,15.775622525900365,15.946000000000002,1.5558436998154446,1.5614247180252478,-0.010684652834543848,VASP,3.295284575765132,17.89158355706646,18.068,1.622507540769868,1.6278229140283809,-0.00976402717143791,VASP
Hf,W,22.312,15.85,1.7464250978479678,1.5582849840929494,4.330291950755374,20.299789843445748,20.6965,1.692262162771095,1.7032148416115882,-0.019167982825804016,VASP,4.11423439526494,17.41033390971525,17.4655,1.6078276649831345,1.6095240530646924,-0.0031585749211159244,VASP,3.3277536026758017,18.425678587672735,19.081,1.6384943970770471,1.6576932691443795,-0.03434418596128424,VASP
Hf,Y,22.312,33.018,1.7464250978479678,1.9901572114304584,4.576948402928236,23.970001339844092,24.988500000000002,1.7886545968060985,1.8136376628788,-0.040758695406123195,VASP,4.856361297321719,28.63340372199373,30.3415,1.8978481279466406,1.9348597012263535,-0.05629570977065306,VASP,3.743334022225916,26.226826831561418,27.665,1.8431147717406844,1.8762067255134667,-0.051985294358886006,VASP
Hf,Zn,22.312,15.207,1.7464250978479678,1.536921356892218,4.297568363272692,19.84304834305396,20.53575,1.6794739051762666,1.6987937445083579,-0.03373150028345877,VASP,4.0349499925542105,16.423075089460415,16.98325,1.5768436120991554,1.5945717453507606,-0.03298396423179231,VASP,3.293968645030735,17.870157774226712,18.759500000000003,1.6218596126499742,1.6483302032886618,-0.04740756554136788,VASP
Hf,Zr,22.312,23.279,1.7464250978479678,1.771299106960212,4.478287591707857,22.45308131187434,22.55375,1.7500983147643239,1.7527099452267216,-0.0044635011084924675,VASP,4.508760576651712,22.914560449484945,23.03725,1.7620070451671743,1.7651461725319348,-0.005325702959991107,VASP,3.5529733649771487,22.425692339119088,22.7955,1.7493864169504707,1.7589500407074075,-0.016222836124713758,VASP
In,Ir,26.16,14.155,1.841548000906085,1.500630450421227,4.346447545006719,20.527843914127057,23.15875,1.6985757095664478,1.768243899417773,-0.11360311268410185,VASP,3.986004442569284,15.83264025236765,17.15625,1.5577158712406982,1.5999678364147063,-0.07715029494396211,VASP,3.254405,17.233948856109244,20.1575,1.6023795614049905,1.688298960442441,-0.1450354033928193,OQMD
In,La,26.16,37.168,1.841548000906085,2.070269390695367,4.78968084926796,27.470068146180573,28.912,1.8717896541713757,1.9039834774396867,-0.04987312720736809,VASP,5.061261052867735,32.41277565541981,34.416,1.9779221985670024,2.0178579703755624,-0.05820619318282746,VASP,3.9599740776786096,31.048958248778803,31.664,1.9497823798100673,1.9625725605501796,-0.01942400679703129,VASP
In,Mg,26.16,23.24,1.841548000906085,1.770309384051908,4.678693953637762,25.604359824267256,25.43,1.828416383691161,1.8242565613173565,0.006856461827261351,VASP,4.5103407019095245,22.938660575825455,23.97,1.7626245523044861,1.788654563479465,-0.04302625883081116,VASP,3.6395169058935006,24.104672068687755,24.7,1.7919980774954791,1.8066309582422995,-0.024102345397256857,VASP
In,Mn,26.16,12.21,1.841548000906085,1.428485001664581,4.46446620110168,22.245830659202788,22.6725,1.7446969661657303,1.7557806848480442,-0.018818804313472767,VASP,3.984338854444351,15.81280110746447,15.697500000000002,1.5570649655293423,1.5532712153756638,0.007345189199838706,VASP,3.1614443950663333,15.798892617521762,19.185000000000002,1.5566083149370336,1.6606995376091622,-0.17649764829180295,VASP
In,Mo,26.16,15.583,1.841548000906085,1.5494853952179959,4.390319988025702,21.155755218057557,23.51575,1.7157208988870905,1.7772836339689624,-0.10035804862453647,VASP,4.058770115839285,16.715653916534066,18.22725,1.5861524286423085,1.632591434672632,-0.08293056184920573,VASP,3.304919601250882,18.048981548224937,20.8715,1.6272515624610777,1.7080019059062563,-0.13523313857533306,VASP
In,Nb,26.16,17.978,1.841548000906085,1.6251155863008009,4.439715340532281,21.87788752266539,24.1145,1.7350244209161405,1.7922415882552314,-0.09274969322750255,VASP,4.228327362928643,18.89930437868966,20.023500000000002,1.652414776986488,1.684549566516879,-0.05614381208631568,VASP,3.413780568237033,19.891924872433858,22.069000000000003,1.680851710117375,1.7400618354123216,-0.09864856257946189,VASP
In,Ni,26.16,10.941,1.841548000906085,1.3771760758322233,4.367508360555737,20.82769665175094,22.35525,1.7068061987981238,1.7475528039132218,-0.06833085508992566,VASP,3.744562221563885,13.12632530439262,14.745750000000001,1.4633611395622532,1.5212225424021082,-0.10982314874505412,VASP,3.155919258784965,15.716203924415167,18.5505,1.5538878897129935,1.642185967838246,-0.15278812299317177,VASP
In,Os,26.16,13.977,1.841548000906085,1.4943137246635851,4.3130730686854735,20.05859250758707,23.114250000000002,1.6855330870081948,1.7671106012497246,-0.13219799441526042,VASP,3.981432212739093,15.778219240670186,17.02275,1.5559290606447578,1.5958070176705303,-0.07310985353892953,VASP,3.243653,17.063698477401307,20.0685,1.597085572167564,1.6858105517669448,-0.14972726026353209,OQMD
In,Pb,26.16,30.321,1.841548000906085,1.9344238453824663,4.852809857572234,28.570631130755537,27.20025,1.8964602383586497,1.8656410776141643,0.05038119615648887,VASP,4.97805599331749,30.84035300583663,29.28075,1.9454059674146353,1.9120439136188239,0.05326376564249987,VASP,3.866111,28.893021521124165,28.2405,1.9035667805706447,1.8891274450489142,0.023105877060397812,OQMD
In,Pd,26.16,14.716,1.841548000906085,1.5201988160139424,4.443574536090238,21.93498879085613,23.299,1.7365325803418175,1.7718062284236984,-0.058543766219317055,VASP,4.032304806842062,16.390796912068566,17.576999999999998,1.5758098832547551,1.612941865033024,-0.06748609477905398,VASP,3.3014728230251977,17.99256930329197,20.438,1.6255544636115087,1.6960940417252945,-0.11965117412212692,VASP
In,Pt,26.16,15.095,1.841548000906085,1.5331388987435077,4.438713542097981,21.863080973158,23.39375,1.7346329217737342,1.7742047803259786,-0.06543068241910775,VASP,4.043796053350067,16.531327924307885,17.861250000000002,1.5803006201126197,1.6215900839641029,-0.07445851078127887,VASP,3.312127,18.167323404161895,20.6275,1.6308002874803924,1.7013199532908032,-0.11926683290937372,OQMD
In,Re,26.16,14.712,1.841548000906085,1.520061066935985,4.330912930471571,20.3085242883821,23.298000000000002,1.6925048393595377,1.7717808792445084,-0.1283146927469269,VASP,4.013658930792309,16.164467505753233,17.573999999999998,1.568523143494584,1.6128500954683611,-0.08020555902166639,VASP,3.268332,17.456151508688347,20.436,1.6092368333645921,1.6960387150667962,-0.14581368620628563,OQMD
In,Rh,26.16,13.754,1.841548000906085,1.4863239306523217,4.356940784903628,20.676878754636572,23.058500000000002,1.702676429112464,1.7656887406040358,-0.103286043990868,VASP,3.950913104362231,15.418156253311857,16.8555,1.544002305373981,1.5905634930261063,-0.08527446511157442,VASP,3.20967535,16.53306316837494,19.957,1.5803559113218573,1.6826826470123235,-0.17156570785313724,MP
In,Ru,26.16,13.571,1.841548000906085,1.4797025210257315,4.30763013200159,19.982748722585363,23.01275,1.68340600737725,1.7645202092050782,-0.1316661971044155,VASP,3.9444932573986136,15.343119330158697,16.71825,1.5414934527998685,1.5862345387202381,-0.08225326633118325,VASP,3.230992200551042,16.86466556389991,19.8655,1.590851742552609,1.680107086780783,-0.15105758405779326,VASP
In,Sc,26.16,24.987,1.841548000906085,1.8136013727062499,4.544787039498055,23.468245463032297,25.86675,1.7760860543025077,1.834640960705475,-0.0927253921334417,VASP,4.532028158415984,23.271147954481332,25.28025,1.7710999305168542,1.8206686675918866,-0.0794731873901036,VASP,3.58137363472344,22.967773711904723,25.5735,1.7633699290762956,1.8276815180591965,-0.10189165691419932,VASP
In,Si,26.16,20.024,1.841548000906085,1.6845635878380372,4.602081341512799,24.367045837401797,24.626,1.7984764567383102,1.8048249606195845,-0.010515478055640556,VASP,4.176333770785464,18.210656758461205,21.558,1.6320958724666428,1.7265266490292752,-0.15527151134329692,VASP,3.4980648701933403,21.401961645998046,23.092,1.7223509835028552,1.766543406645261,-0.0731871797160035,VASP
In,Sn,26.16,27.053,1.841548000906085,1.8622684018206264,4.789580510208749,27.46834177037024,26.38325,1.8717504420361935,1.8467717723954178,0.04112805550378519,VASP,4.817193252619808,27.9461648644541,26.82975,1.8825414001803504,1.8571315675726716,0.04161107965799533,VASP,3.8144980112683298,27.751226544042613,26.6065,1.878153963712677,1.8519661580128417,0.043024319021389965,VASP
In,Sr,26.16,56.0,1.841548000906085,2.3733755965792427,4.86131444764592,28.721105344012116,33.620000000000005,1.8997838008701948,2.002179605474128,-0.14571370184378013,VASP,5.361496210978436,38.52991215739405,48.54,2.09525299376101,2.262926183685084,-0.20622348254235576,VASP,4.077918233918156,33.90670165168199,41.08,2.0078548401662326,2.1404936405486894,-0.1746177786834958,VASP
In,Ta,26.16,18.014,1.841548000906085,1.6261995992423404,4.449411358581409,22.021539977619742,24.1235,1.7388135890971037,1.7924645269852086,-0.08713329418949396,VASP,4.217005575366668,18.747895938779568,20.0505,1.6479902640612756,1.6853063840952283,-0.06496616349818868,VASP,3.4028128406137883,19.700815018939615,22.087,1.6754515025284167,1.7405347854248512,-0.1080357215131247,VASP
In,Tb,26.16,32.09,1.841548000906085,1.9713347123038616,4.789372367243347,27.464760813557184,27.642500000000002,1.8716691005310937,1.8756979466603063,-0.006429924443983629,VASP,4.8989483337265165,29.39331618384663,30.6075,1.9144909850916012,1.9404974794113359,-0.039669486764792046,VASP,3.767772,26.74384505399964,29.125,1.8551473602191502,1.908647707059465,-0.08175639299572056,OQMD
In,Ti,26.16,17.649,1.841548000906085,1.6151412089743407,4.432833713305678,21.77631194032416,24.03225,1.7323351063141899,1.790201601429259,-0.09387127962116912,VASP,4.157213899331577,17.96168685535136,19.77675,1.6246238970464135,1.677601367353901,-0.09177762497117271,VASP,3.377127227719231,19.25804828047946,21.9045,1.6628046128129697,1.7357276361113312,-0.12081771871170482,VASP
In,Tl,26.16,28.59,1.841548000906085,1.8968886969006673,,,,,,,,4.91287283,29.644667002852742,27.982499999999998,1.919932627005642,1.8833569297703776,0.059400232389984604,MP,3.834131,28.18193741344804,27.375,1.88782070767138,1.8696278679093694,0.02947716578805625,OQMD
In,V,26.16,13.824,1.841548000906085,1.48884117815856,4.433010033314364,21.778910561759837,23.076,1.732404011524885,1.7661353111281943,-0.05620945736870185,VASP,3.934451638851684,15.226239020598166,16.908,1.5375692252158635,1.5922131629768534,-0.09946539977536283,VASP,3.3496556215216784,18.791890914717726,19.992,1.6492783490904381,1.6836657523113532,-0.060029466050533956,VASP
In,W,26.16,15.85,1.841548000906085,1.5582849840929494,4.395487832619564,21.23055049352927,23.5825,1.7177404735413462,1.7789636655944834,-0.09973283182320483,VASP,4.076075815873651,16.930382452528445,18.4275,1.5929154325463097,1.6385483846963225,-0.08124366015311647,VASP,3.3172258653515665,18.251355881900814,21.005,1.633310828616393,1.7116357897239818,-0.13109469736249393,VASP
In,Y,26.16,33.018,1.841548000906085,1.9901572114304584,4.656519564236072,25.24203151275234,27.8745,1.8197507138948128,1.8809308326016487,-0.09444002537256849,VASP,4.85999143923309,28.697662348849548,31.3035,1.8992667740499434,1.9550960409309106,-0.08324429061128794,VASP,3.77279064119872,26.850855206627024,29.589,1.8576184011875772,1.918730118833319,-0.09253928126577358,VASP
In,Zn,26.16,15.207,1.841548000906085,1.536921356892218,4.56687383765119,23.812064547917107,23.421750000000003,1.7847174937611783,1.774912347193813,0.016664619335323094,VASP,4.17972842454942,18.255099425034324,17.94525,1.6334224906683206,1.6241281778723495,0.01726637550517949,VASP,3.5114828002590235,21.64918944897455,20.683500000000002,1.7289576034206626,1.7028581560125549,0.04668887997556252,VASP
In,Zr,26.16,23.279,1.841548000906085,1.771299106960212,4.520573456702546,23.09514007721919,25.43975,1.766623475230254,1.8244896748159782,-0.0921632454242203,VASP,4.477048306508044,22.43444601575655,23.99925,1.749614006667693,1.7893818180970302,-0.06520220357900562,VASP,3.5597915529505104,22.555045570229776,24.7195,1.7527435052828484,1.807106262383735,-0.08756060720363373,VASP
Ir,La,14.155,37.168,1.500630450421227,2.070269390695367,4.148222524127514,17.845394148631875,19.90825,1.621110100696849,1.6813114044500055,-0.10361814078927699,VASP,4.8022801967746025,27.687420520699376,31.414749999999998,1.8767134328226918,1.9574093847842764,-0.11864902567426518,VASP,3.59792,23.28758815806054,25.6615,1.7715169044941372,1.8297755065403636,-0.09250869364376439,OQMD
Ir,Mg,14.155,23.24,1.500630450421227,1.770309384051908,3.8953300632921137,14.776541460847335,16.42625,1.5222806574194352,1.576945217407584,-0.1004312328835044,VASP,4.1131731526812825,17.396864704671053,20.96875,1.6074129352858606,1.7106505873964393,-0.17034326296650718,VASP,3.111796,15.066187187795244,18.697499999999998,1.532162809995008,1.6465122929683762,-0.19421381533385504,OQMD
Ir,Mn,14.155,12.21,1.500630450421227,1.428485001664581,3.819753554840485,13.933045004243374,13.66875,1.492745635970193,1.4832467213644953,0.019335711330105115,VASP,3.6057601111019344,11.72007791066506,12.696250000000001,1.4091177854607915,1.4472013269255277,-0.07688664679215841,VASP,3.031592,13.930999010356311,13.182500000000001,1.492672565129072,1.4654456752222775,0.05677974666082384,OQMD
Ir,Mo,14.155,15.583,1.500630450421227,1.5494853952179959,3.8830394482629904,14.637112692762678,14.511999999999999,1.5174775302844754,1.513141538012515,0.008621326678795404,VASP,3.9430204230069865,15.32593884416468,15.226,1.540917874538328,1.5375611796168922,0.006563696582469417,VASP,3.144062,15.539724290576421,14.869,1.548049701432396,1.5254490872312503,0.04510890379826629,OQMD
Ir,Nb,14.155,17.978,1.500630450421227,1.6251155863008009,3.926782259518217,15.137371499679777,15.11075,1.5345720599887704,1.5336719349427046,0.0017617589914317368,VASP,4.112078297538094,17.382976173932562,17.02225,1.6069850699239858,1.595791393259647,0.021191450832443552,VASP,3.210782,16.550170154027168,16.0665,1.5809007953610683,1.5653479531017278,0.030104263780360758,OQMD
Ir,Ni,14.155,10.941,1.500630450421227,1.3771760758322233,3.8072383017379376,13.796540222715313,13.3515,1.4878547211026052,1.4716814538613772,0.033332601034738674,VASP,3.6120343655708185,11.781365499148144,11.7445,1.4115697410236117,1.410095871239557,0.0031389585889687816,VASP,2.933512,12.622157983421635,12.548,1.4443806692579062,1.441546425570834,0.005909944486901121,OQMD
Ir,Os,14.155,13.977,1.500630450421227,1.4943137246635851,3.8647156477748745,14.430874352487496,14.110499999999998,1.5103166564688437,1.4990562562448284,0.02270467754420453,VASP,3.854900181731105,14.321200321215132,14.0215,1.5064808084510355,1.4958979109280783,0.021374340920381724,VASP,3.103704,14.948956981623128,14.065999999999999,1.5281785316366323,1.4974787489097754,0.06277242866650999,OQMD
Ir,Pb,14.155,30.321,1.500630450421227,1.9344238453824663,4.044024428227642,16.5341289210635,18.1965,1.5803898681745616,1.6316728385405435,-0.0913566388556317,VASP,4.6470995428625335,25.08914923218119,26.279500000000002,1.8160694041992496,1.8443478320115452,-0.045295792074385485,VASP,3.399419,19.64192718146304,22.238,1.6737804687037388,1.7444922277149473,-0.11674039115644215,OQMD
Ir,Pd,14.155,14.716,1.500630450421227,1.5201988160139424,3.8821007362490167,14.626499837258097,14.29525,1.5171106850830314,1.5055703331497226,0.02317202128385983,VASP,3.907723070938204,14.918025510927093,14.57575,1.5271237992123927,1.5153540027728631,0.023482531665752596,VASP,3.105444,14.974113153354683,14.4355,1.5290352598056354,1.510478010659865,0.03731170748188033,OQMD
Ir,Pt,14.155,15.095,1.500630450421227,1.5331388987435077,3.8926074646926674,14.74557940249831,14.389999999999999,1.5212166759034884,1.5088893557467797,0.024710173905372536,VASP,3.9391218398772008,15.280524123762154,14.860000000000001,1.5393943225944913,1.5251412473694212,0.028299066202029127,VASP,3.126558,15.281622708284669,14.625,1.5394312130012289,1.517058827223767,0.04489727919895171,OQMD
Ir,Re,14.155,14.712,1.500630450421227,1.520061066935985,3.874591178970701,14.541783177016898,14.294249999999998,1.51417597772709,1.5055352257902603,0.017316975498322725,VASP,3.890540094588306,14.722097675070232,14.57275,1.5204087552727688,1.5152500315893074,0.01024842085881067,VASP,3.111554,15.062672432559529,14.433499999999999,1.532043655847365,1.5104082498722884,0.043591120141305305,OQMD
Ir,Rh,14.155,13.754,1.500630450421227,1.4863239306523217,3.855691139350677,14.330017504283008,14.054749999999999,1.5067899117787507,1.4970794141251802,0.019585371798360663,VASP,3.831114363786501,14.057735185646406,13.85425,1.4971853983087253,1.489926359361617,0.014687564151535123,VASP,3.079343,14.599709146876586,13.9545,1.5161838448980776,1.493511451490659,0.046236636703327734,OQMD
Ir,Ru,14.155,13.571,1.500630450421227,1.4797025210257315,3.8523919264375217,14.293263520925002,14.008999999999999,1.5055005915104291,1.4954532537182375,0.020291492677921606,VASP,3.815717550335748,13.888926108814902,13.717,1.4911683802586124,1.4849899339275112,0.012533798120208581,VASP,3.082583,14.645841889543926,13.863,1.5177791318334626,1.4902399601705705,0.0564698758958325,OQMD
Ir,Sc,14.155,24.987,1.500630450421227,1.8136013727062499,3.941799401166828,15.311705457252243,16.863,1.5404407036954575,1.5907993696894625,-0.09199398343994286,VASP,4.276468969327878,19.55221588764559,22.279,1.6712283396494476,1.7455636710423075,-0.1223925720344005,VASP,3.21838608,16.668035926589496,19.570999999999998,1.5846448353239153,1.6717633598801738,-0.14832987958768085,MP
Ir,Si,14.155,20.024,1.500630450421227,1.6845635878380372,3.8297650048738254,14.042886568619231,15.62225,1.4966580738100803,1.5507852371715414,-0.10109705268964256,VASP,3.828080509567566,14.024364721892699,18.55675,1.4959997792418236,1.6423703745450435,-0.244244562119299,VASP,3.005648,13.576391639653327,17.0895,1.4798984527057286,1.597890135678875,-0.20557116125964328,OQMD
Ir,Sn,14.155,27.053,1.500630450421227,1.8622684018206264,3.982106601054486,15.786238301582252,17.3795,1.5561926091172702,1.6068779434273286,-0.09167477191045477,VASP,4.460134293488724,22.181137544597043,23.828500000000002,1.7430040726081155,1.7851280124538549,-0.0691341232307094,VASP,3.291985,17.83789270667105,20.604,1.6208829203654147,1.700673628216848,-0.1342509849218089,OQMD
Ir,Sr,14.155,56.0,1.500630450421227,2.3733755965792427,4.127078378877104,17.573900334124293,24.61625,1.6128470465244475,1.8045867386017291,-0.28608539748644524,VASP,4.970074134450504,30.69224166122248,45.53875,1.9422866863354873,2.21529124961271,-0.32601923282429845,VASP,3.608475,23.493142162736085,35.0775,1.776713896346912,2.030704235627125,-0.33025038378629934,OQMD
Ir,Ta,14.155,18.014,1.500630450421227,1.6261995992423404,3.917495634817307,15.030228127439958,15.11975,1.5309428812220907,1.5339763607751864,-0.005920856664960831,VASP,4.101224044494317,17.245686748646733,17.04925,1.6027432677683775,1.5966346740060617,0.011521723750119943,VASP,3.211019,16.55383531708726,16.0845,1.5810174876461567,1.5659323107679919,0.029179353855404926,OQMD
Ir,Tb,14.155,32.09,1.500630450421227,1.9713347123038616,3.9362520864889294,15.247151662661611,18.63875,1.5382728335284692,1.6447859643157108,-0.18196490308300664,VASP,4.541234826161976,23.413259999590046,27.606250000000003,1.7746978623997218,1.8748776663624762,-0.15188553318215825,VASP,3.435308,20.270620668251368,23.122500000000002,1.691451225748195,1.767320816857255,-0.12333784546431545,OQMD
Ir,Ti,14.155,17.649,1.500630450421227,1.6151412089743407,3.8712666870848143,14.50438369190865,15.0285,1.5128767785292287,1.530884204671902,-0.034874825038516764,VASP,3.9914107905538008,15.897150651786143,16.7755,1.5598286521425437,1.5880431104958963,-0.052359056255483157,VASP,3.121636999999999,15.209579362712295,15.902000000000001,1.5370082478749842,1.559987242056931,-0.04354299064820183,MP
Ir,V,14.155,13.824,1.500630450421227,1.48884117815856,3.8302241662617065,14.047938098704673,14.072249999999999,1.4968375123911628,1.4977005095693656,-0.001727648478056136,VASP,3.798430323564191,13.701007425303038,13.90675,1.4844125956377519,1.4918059880267887,-0.014794439728690224,VASP,3.043149,14.09092993108962,13.9895,1.4983629142377901,1.494759059999552,0.007250432902506948,OQMD
Ir,W,14.155,15.85,1.500630450421227,1.5582849840929494,3.88909902584359,14.705744394836547,14.57875,1.519845590909172,1.5154579596910738,0.008710924793726985,VASP,3.965415892488228,15.588568550164727,15.42625,1.5496699416163893,1.5442724323000196,0.010522229975835157,VASP,3.151522,15.650601514649743,15.0025,1.5517228003638692,1.5300008615775744,0.04319956771536369,OQMD
Ir,Y,14.155,33.018,1.500630450421227,1.9901572114304584,4.049410176891668,16.600276376517716,18.87075,1.5824945989377466,1.651582163272173,-0.12031708456114808,VASP,4.600990499099154,24.34972260570173,28.30225,1.7980501595363783,1.8905033496169776,-0.1396541757032841,VASP,3.41633399,19.936594241617506,23.5865,1.6821089448022484,1.7790642409134172,-0.15474554335668686,MP
Ir,Zn,14.155,15.207,1.500630450421227,1.536921356892218,3.866215103535146,14.447677804139797,14.418,1.5109026382633075,1.5098673851414408,0.002058385638770829,VASP,3.832997948487392,14.07848002881546,14.944,1.497921496279934,1.5280096014485474,-0.05791755695828035,VASP,3.035508,13.985054065851909,14.681000000000001,1.49460069588184,1.5189926640655615,-0.04740453199019769,OQMD
Ir,Zr,14.155,23.279,1.500630450421227,1.771299106960212,3.97379013905818,15.687538037869306,16.436,1.5529425663662224,1.5772571606858492,-0.045537963137666955,VASP,4.314712236049518,20.08147078042604,20.998,1.6861736675834,1.711445632115001,-0.04364840554214495,VASP,3.31733,18.25307478040492,18.717,1.6333621016547164,1.6470844877270279,-0.02478630227040015,MP
La,Mg,37.168,23.24,2.070269390695367,1.770309384051908,5.097557348533039,33.11512279490388,33.686,1.9921066573752433,2.0034889201365798,-0.016947016716027944,VASP,4.822137130244162,28.032296511835927,26.722,1.8844734493669197,1.8546421120850287,0.04903437287014167,VASP,3.957187052149256,30.98344770563981,30.204,1.9484101250521775,1.9319325101520748,0.025806108649179274,VASP
La,Mn,37.168,12.21,2.070269390695367,1.428485001664581,4.692331923135118,25.82891629171637,30.9285,1.8337460519952524,1.9472576385320202,-0.16488299491677993,VASP,4.162931185886455,18.03589526072774,18.4495,1.6268581915975817,1.6392001954579325,-0.0224182085840949,VASP,3.4896426177581747,21.247745741436713,24.689,1.7182040979237392,1.8063627275895344,-0.1393841086541896,VASP
La,Mo,37.168,15.583,2.070269390695367,1.5494853952179959,4.823330752264786,28.053118140412074,31.771749999999997,1.8849399124611228,1.9647961980915594,-0.11704208485802398,VASP,4.265319334155205,19.39968430254846,20.97925,1.6668711032446075,1.7109360730819068,-0.07529180964293475,VASP,3.62883456340459,23.893045632627622,26.3755,1.7867383857016925,1.8465909268099188,-0.0941197083419225,VASP
La,Nb,37.168,17.978,2.070269390695367,1.6251155863008009,4.925306985868748,29.870323229941924,32.3705,1.9247918493726257,1.9770618964586917,-0.07723627284280675,VASP,4.435246108773169,21.811883996848575,22.7755,1.7332778615874374,1.7584354757842138,-0.04230932375365747,VASP,3.698638631024208,25.29855457277704,27.573,1.8211079897480873,1.8741246396958242,-0.0824881379328677,VASP
La,Ni,37.168,10.941,2.070269390695367,1.3771760758322233,4.730037090301869,26.456576618091294,30.61125,1.8484810926028774,1.940576725439088,-0.13572374149728303,VASP,3.961672296426062,15.544460519724126,17.49775,1.548206958048365,1.610514104587966,-0.1116308942735994,VASP,3.550679756727413,22.382289911911414,24.0545,1.7482571072974782,1.7907539106426282,-0.06951755755008779,VASP
La,Os,37.168,13.977,2.070269390695367,1.4943137246635851,4.762715397482096,27.008713620477216,31.37025,1.8612516548220974,1.9564847036616093,-0.13903416069437707,VASP,4.141293897321501,17.756123860738963,19.774749999999997,1.6184024188321808,1.6775448141480125,-0.1020809941597762,VASP,3.563503,22.62566697988073,25.572499999999998,1.7545709197857573,1.8276576951521357,-0.11523445185723993,OQMD
La,Pb,37.168,30.321,2.070269390695367,1.9344238453824663,5.071779384032332,32.61527695737215,35.45625,1.982032723688118,2.0379869428407407,-0.08012615667556057,VASP,4.97455238264739,30.77528148439721,32.03275,1.9440367692549003,1.9701616979276266,-0.039255715341417516,VASP,4.023469,32.566567227057746,33.7445,1.9810455341442064,2.0046480200656056,-0.03490740040428088,OQMD
La,Pd,37.168,14.716,2.070269390695367,1.5201988160139424,4.814830031657185,27.905055509848008,31.554999999999996,1.8816178621226873,1.9603179881039452,-0.1156692914007919,VASP,4.229840612256786,18.9196028988817,20.329,1.6530061492565284,1.6930734610244234,-0.06932938664559503,VASP,3.687277710772552,25.066145065490524,25.942,1.8155141849174024,1.8364183141648152,-0.033762043578346945,VASP
La,Pt,37.168,15.095,2.070269390695367,1.5331388987435077,4.828199675257417,28.138158792761125,31.649749999999997,1.8868426696533807,1.9622781056972527,-0.11095162543902788,VASP,4.234329853936762,18.979906479794845,20.61325,1.6547605283886868,1.7009280913876148,-0.07923755449553832,VASP,3.650857,24.330692595172984,26.1315,1.7975816281047807,1.8408790000247206,-0.0689132810909062,OQMD
La,Re,37.168,14.712,2.070269390695367,1.520061066935985,4.764773804786584,27.04374760418453,31.554,1.8620560728236015,1.9602972799362337,-0.14293757988893538,VASP,4.188312807843932,18.367808308636032,20.326,1.6367772360769974,1.6929901732704016,-0.09633925471632235,VASP,3.574604,22.83777633714475,25.939999999999998,1.760036747029495,1.8363711200263753,-0.11959227690266958,OQMD
La,Rh,37.168,13.754,2.070269390695367,1.4863239306523217,4.817237416781171,27.94693350514498,31.3145,1.8825586593721266,1.955325019989453,-0.10754016493493491,VASP,4.13219096879602,17.639292473438335,19.6075,1.614845027855022,1.6728019964359355,-0.10038034051060393,VASP,3.586583,23.06814439816401,25.461,1.765934877337822,1.8249975364044178,-0.09398121055088135,OQMD
La,Ru,37.168,13.571,2.070269390695367,1.4797025210257315,4.791323995409492,27.498349460409035,31.268749999999997,1.8724317896381848,1.9543723226796068,-0.1205804689855195,VASP,4.112136497258252,17.38371426688296,19.47025,1.6070078141605009,1.6688897201449953,-0.10716532828890428,VASP,3.5612922822492297,22.583583721314625,25.3695,1.753482423135872,1.822808728544947,-0.10981360604999602,VASP
La,Sc,37.168,24.987,2.070269390695367,1.8136013727062499,5.030509132325292,31.825543857461057,34.122749999999996,1.9659044611584564,2.012110396272081,-0.06732183492065968,VASP,4.755516909747754,26.88643367841074,28.032249999999998,1.8584385122994842,1.8844724071123387,-0.04087493232220954,VASP,3.9596009311421367,31.040181888646384,31.0775,1.9495986527129625,1.9503796425773572,-0.001200808023606048,VASP
La,Si,37.168,20.024,2.070269390695367,1.6845635878380372,4.858785620874877,28.676307013006692,32.882,1.898795544671882,1.9874209882751714,-0.1279025906877108,VASP,4.292230979200192,19.769207640360143,24.310000000000002,1.6773880751175119,1.7970718854047063,-0.1867870160279662,VASP,3.71885993772809,25.715766295203977,28.596,1.8310644053039886,1.8970213835754774,-0.10072155912701157,VASP
La,Sn,37.168,27.053,2.070269390695367,1.8622684018206264,5.031827703844978,31.850576267726233,34.63925,1.9664197540571906,2.022211722635009,-0.08050618105974479,VASP,4.8121146284256895,27.857869574893233,29.58175,1.8805566925300634,1.9185733947165498,-0.05827513332060365,VASP,3.969269919694287,31.268129589887703,32.1105,1.9543593968844546,1.9717544044108009,-0.026233487803438083,VASP
La,Sr,37.168,56.0,2.070269390695367,2.3733755965792427,5.3101620275278725,37.4337492628373,41.876,2.0751917837322065,2.1542306166790306,-0.10608106641423955,VASP,5.511919592123157,41.86476223595822,51.292,2.154037897689462,2.304908421825729,-0.1837954800756801,VASP,4.462418954979765,44.430482479876275,46.584,2.197172425646406,2.2321123785802444,-0.04622869483349922,VASP
La,Ta,37.168,18.014,2.070269390695367,1.6261995992423404,4.896285028799756,29.345403362009513,32.3795,1.9134501753247928,1.9772451075950632,-0.0937042461430994,VASP,4.408615044801177,21.421335533052947,22.802500000000002,1.7228705397655735,1.7591300673235468,-0.06057074737186954,VASP,3.693967025694358,25.202814764966522,27.591,1.8188078197017956,1.8745323683369262,-0.08655667554758721,VASP
La,Tb,37.168,32.09,2.070269390695367,1.9713347123038616,5.051232703596146,32.22048977339035,35.8985,1.9740031565669816,2.046425305981842,-0.10245581922948455,VASP,4.916507371125444,29.710509022961368,33.359500000000004,1.9213529923056194,1.9969949860494725,-0.10938386297872077,VASP,4.115487,34.8524816223459,34.629000000000005,2.026352667854167,2.0220122406891297,0.006453597341704742,OQMD
La,Ti,37.168,17.649,2.070269390695367,1.6151412089743407,4.963271636701653,30.56638944928107,32.28825,1.9396282952423165,1.975385974827681,-0.053327775606263256,VASP,4.347391549024405,20.541222133477543,22.528750000000002,1.6989446228634726,1.752062101021545,-0.0882218439337495,VASP,3.71248859275886,25.58381983166204,27.4085,1.8279273301835426,1.8703902058356423,-0.0665735143600693,VASP
La,Tl,37.168,28.59,2.070269390695367,1.8968886969006673,5.09044228,32.97665197261991,35.0235,1.9893261147695918,2.0296616456681615,-0.05844213249332838,MP,4.840463,28.35311131778428,30.734499999999997,1.8916351318447642,1.9431776842313198,-0.07748259064620275,OQMD_new,3.97237799,31.341639075161073,32.879,1.9558897252649985,1.9873605454361611,-0.04675814120985812,MP
La,V,37.168,13.824,2.070269390695367,1.48884117815856,4.879666122231793,29.047605083944475,31.331999999999997,1.9069555677806787,1.955689194366493,-0.07290932324956984,VASP,4.1435991866087525,17.785792698373506,19.66,1.6193033174042453,1.6742936677964029,-0.09533099194437918,VASP,3.7160377274289367,25.657264303565757,25.496,1.8296748265326463,1.8258333986712243,0.006325082505716912,VASP
La,W,37.168,15.85,2.070269390695367,1.5582849840929494,4.818495115958912,27.968828634954512,31.838499999999996,1.8830501635835848,1.9661711974523162,-0.12154063052736418,VASP,4.275991062085755,19.545661577458343,21.179499999999997,1.671041575257495,1.7163625554324238,-0.07714244540908209,VASP,3.635149193779484,24.017993555333067,26.509,1.7898475361149193,1.8497012012810825,-0.09396832942272183,VASP
La,Y,37.168,33.018,2.070269390695367,1.9901572114304584,5.187182365445696,34.8926985826275,36.1305,2.027131784245165,2.0508242972672375,-0.03425918316581545,VASP,5.09305385743142,33.02743259208693,34.0555,1.990346709621532,2.010787687176908,-0.030187999233987767,VASP,4.130698072023824,35.240361936076525,35.093,2.0338421815803427,2.031003299895399,0.004199183201109089,VASP
La,Zn,37.168,15.207,2.070269390695367,1.536921356892218,4.787295891917545,27.42905351944613,31.677749999999996,1.8708576216133337,1.9628565999171057,-0.13412241969691244,VASP,4.408311918424266,21.41691718944381,20.69725,1.722752079092709,1.7032354150692781,0.034771150246714476,VASP,3.755659157842417,26.486740597988373,26.1875,1.8491833297116271,1.8421930676088425,0.01142684861053452,VASP
La,Zr,37.168,23.279,2.070269390695367,1.771299106960212,4.964008349332223,30.580002640034575,33.69575,1.9399161998279029,2.003682196598087,-0.09246707255263414,VASP,4.659086410458949,25.283797558118376,26.75125,1.8207538279550248,1.8553185647002242,-0.05485547187072091,VASP,3.842786339261576,28.373226095973504,30.2235,1.8920823587964781,1.9323481789329124,-0.061219709961668825,VASP
Mg,Mn,23.24,12.21,1.770309384051908,1.428485001664581,4.284764407840668,19.666218139137335,20.4825,1.6744701665004844,1.6973241273909034,-0.03985264791225029,VASP,3.968932162302621,15.630074082497927,14.967500000000001,1.55104408692314,1.528810132759155,0.044267518456517524,VASP,3.279459244546705,17.635050943406824,17.725,1.6147155827016888,1.6174562590448147,-0.005074699948839328,VASP
Mg,Mo,23.24,15.583,1.770309384051908,1.5494853952179959,4.196336241849607,18.473570750215448,21.32575,1.639912764567386,1.7203041412165527,-0.13374344394849194,VASP,4.001543187717736,16.018525397816582,17.49725,1.563788355676091,1.6104987642399686,-0.08451182912648669,VASP,3.2312337517750582,16.86844828906496,19.4115,1.5909706757352942,1.6672094463351597,-0.13100748066532927,VASP
Mg,Nb,23.24,17.978,1.770309384051908,1.6251155863008009,4.302207193761731,19.90737397342538,21.924500000000002,1.6812867430646543,1.7362557466617254,-0.09200328520945164,VASP,4.196370430549624,18.47402228160709,19.2935,1.6399261253855693,1.6638243275494977,-0.042474290221728064,VASP,3.358002026507928,18.932713632874297,20.609,1.6533878894706842,1.7008111853318515,-0.0813375887779953,VASP
Mg,Ni,23.24,10.941,1.770309384051908,1.3771760758322233,4.140993614991724,17.75226168835504,20.16525,1.6182850696024733,1.6885153007698477,-0.1196607188923995,VASP,3.651126073859637,12.168036310869137,14.01575,1.4268466368005148,1.4956934014480052,-0.13183123907966846,VASP,3.0477156269966743,14.154460798241587,17.0905,1.5006113958385838,1.597921302164526,-0.17179363984426507,VASP
Mg,Os,23.24,13.977,1.770309384051908,1.4943137246635851,4.1140311876784414,17.40775427750084,20.92425,1.6077482522059523,1.7094396128915939,-0.16805838787527208,VASP,3.891432838959182,14.732234637253775,16.292749999999998,1.52075763648841,1.5726615231833114,-0.09577974023699026,VASP,3.118402,15.162342592026393,18.6085,1.5354154228021544,1.6438956736321506,-0.18519264894932996,OQMD
Mg,Pb,23.24,30.321,1.770309384051908,1.9344238453824663,4.592234025020504,24.21096193075067,25.01025,1.7946281616823998,1.8141637072580736,-0.03195841981784783,VASP,4.900342118119779,29.4184111221916,28.55075,1.9150356709046137,1.8960202466449583,0.030390134136287106,VASP,3.73764,26.107327134883867,26.7805,1.840311191720068,1.8559945244030132,-0.025136680238088634,OQMD
Mg,Pd,23.24,14.716,1.770309384051908,1.5201988160139424,4.201000676383713,18.53524210306969,21.108999999999998,1.6417356084223862,1.714456025216435,-0.12192704045337566,VASP,3.960867061475205,15.53498391641808,16.846999999999998,1.5478922751921114,1.5902960815393878,-0.07787832157546853,VASP,3.180560335877734,16.087217008549892,18.977999999999998,1.5660204787129666,1.6547051211408306,-0.15232284705712434,VASP
Mg,Pt,23.24,15.095,1.770309384051908,1.5331388987435077,4.157312095323896,17.96295968424742,21.20375,1.6246622716789385,1.7170173697066209,-0.1528404322703569,VASP,3.957185575137117,15.491706506061712,17.13125,1.546453563875749,1.599190303629684,-0.09570483729665313,VASP,3.156268,15.721414603096438,19.1675,1.554059600300702,1.6601944366975698,-0.17978794297136103,OQMD
Mg,Re,23.24,14.712,1.770309384051908,1.520061066935985,4.0,16.0,21.108,1.563185283593544,1.714428951723312,-0.24199355694523406,VASP,3.9345194200663167,15.227025969466585,16.843999999999998,1.537595713865168,1.5902016795397869,-0.0959970333966643,VASP,3.16746,15.88925086016447,18.976,1.5595702334429338,1.6546469919648839,-0.16266595382775764,OQMD
Mg,Rh,23.24,13.754,1.770309384051908,1.4863239306523217,4.138471532648665,17.719845263785725,20.8685,1.617299449101803,1.7079200678138045,-0.15088074064807128,VASP,3.870620773194684,14.497124812109943,16.1255,1.5126243577573486,1.567261722100073,-0.10098137657065243,VASP,3.08685098,14.706759709769104,18.497,1.5198805678626246,1.6406057490616743,-0.20491108235015928,MP
Mg,Ru,23.24,13.571,1.770309384051908,1.4797025210257315,4.130512847879997,17.617810760969565,20.82275,1.6141892243750176,1.7066710639259801,-0.15391527243185624,VASP,3.8639722112132455,14.422547962960767,15.98825,1.5100261241957378,1.56280253515374,-0.09792829340542171,VASP,3.1288529315850364,15.315298104934657,18.4055,1.540561174228146,1.6378960549440937,-0.1678955689910811,VASP
Mg,Sc,23.24,24.987,1.770309384051908,1.8136013727062499,4.513496436290276,22.986842509815144,23.67675,1.7638578016902162,1.781330455279995,-0.02913860602425816,VASP,4.577212297938075,23.97414772379155,24.55025,1.788757726005047,1.8029725023702177,-0.02346624886542698,VASP,3.595741680884384,23.2453161575049,24.1135,1.7704443600415933,1.7922168138613621,-0.03600405758164927,VASP
Mg,Si,23.24,20.024,1.770309384051908,1.6845635878380372,4.258246070938198,19.303331625043203,22.436,1.6641068980026557,1.7496544030269676,-0.13962686641811362,VASP,4.0,16.0,20.828,1.563185283593544,1.7068144851066054,-0.2318033416554638,VASP,3.302366027611038,18.007176778177868,21.631999999999998,1.6259942529962053,1.7284998850090902,-0.16756764154133366,VASP
Mg,Sn,23.24,27.053,1.770309384051908,1.8622684018206264,4.498491901504554,22.758353429211542,24.19325,1.7579940846991644,1.7941904249216996,-0.05930978974666309,VASP,4.714455303185513,26.19597555981622,26.09975,1.8423917875247835,1.8401331365290083,0.0036868383726364703,VASP,3.641356137777225,24.14123446742553,25.1465,1.7929036647162353,1.8174521229997338,-0.039976359834349495,VASP
Mg,Sr,23.24,56.0,1.770309384051908,2.3733755965792427,4.9391993569738695,30.123794445770724,31.43,1.9302209368890622,1.9577260689767324,-0.041559196761987785,VASP,5.456219217883079,40.6083591485849,47.81,2.132270396363776,2.2515246781200458,-0.15063042985599454,VASP,4.178474725076681,36.47735526479717,39.62,2.0573660922073955,2.114829146960783,-0.0793196551035545,VASP
Mg,Ta,23.24,18.014,1.770309384051908,1.6261995992423404,4.291010191911855,19.752344288400625,21.9335,1.6769109959366304,1.736493291630599,-0.09944403362889524,VASP,4.184144773167266,18.313026225435067,19.3205,1.6351483834599794,1.664600103802197,-0.05214532618539543,VASP,3.3360270825059946,18.563450629259204,20.627,1.6425680311150963,1.701306206805934,-0.10004117761869369,VASP
Mg,Tb,23.24,32.09,1.770309384051908,1.9713347123038616,4.5755342324829895,23.947789687904983,25.4525,1.7881019441989725,1.8247944256909263,-0.05911836998703536,VASP,4.781608120415971,27.331404505917682,29.8775,1.8686348614364081,1.9249459899023884,-0.08521782257827192,VASP,3.79886584,27.411441425688317,27.665,1.870457112294137,1.8762067255134667,-0.009165319873908643,MP
Mg,Ti,23.24,17.649,1.770309384051908,1.6151412089743407,4.362695868851101,20.758923311690094,21.84225,1.7049254947455978,1.734081831802334,-0.04959776068444901,VASP,4.141265512624071,17.755758758361768,19.04675,1.6183913261968554,1.6567008334061608,-0.06778013265455951,VASP,3.349890340477927,18.79584157944633,20.444499999999998,1.6493939182522872,1.6962738284418704,-0.08064068187305483,VASP
Mg,Tl,23.24,28.59,1.770309384051908,1.8968886969006673,4.47311272,22.37533445028479,24.5775,1.7480759939397723,1.8036393365021053,-0.08960087680664067,MP,,,,,,,,3.63780262,24.070626749117597,25.915,1.7911540102456593,1.8357809885119865,-0.07117010422081428,MP
Mg,V,23.24,13.824,1.770309384051908,1.48884117815856,4.318428336530096,20.13340174298234,20.886,1.6876259059792986,1.7083973461738728,-0.03603362333705159,VASP,3.884149168634277,14.649665548470537,16.178,1.5179112049228003,1.56896073105833,-0.09446992530161105,VASP,3.2918329421785373,17.835421007237247,18.532,1.620808051274056,1.6416398811155268,-0.0375879016168116,VASP
Mg,W,23.24,15.85,1.770309384051908,1.5582849840929494,4.188930133284217,18.375931331359105,21.3925,1.6370184845878575,1.7220971332929738,-0.14101057233333614,VASP,4.017928379861342,16.216106279414923,17.697499999999998,1.5701916284830253,1.6166193418790977,-0.08370638342054387,VASP,3.221965021037934,16.72370384010444,19.544999999999998,1.5864070075092023,1.6710227213563846,-0.14434874187237437,VASP
Mg,Y,23.24,33.018,1.770309384051908,1.9901572114304584,4.664016619423135,25.364147877403447,25.6845,1.822680535479489,1.8303220096621744,-0.012472585512529078,VASP,4.921336665101506,29.79814548100742,30.5735,1.9232402626240008,1.93977868653057,-0.025360345364206872,VASP,3.801158255760597,27.461095467422986,28.128999999999998,1.8715858347982577,1.886637928985207,-0.023744339741086137,VASP
Mg,Zn,23.24,15.207,1.770309384051908,1.536921356892218,4.321243693655178,20.17280474338118,21.231749999999998,1.6887261371857956,1.7177728231815586,-0.049875552256352707,VASP,4.036978679951082,16.447859069098005,17.21525,1.5776364156701057,1.6017998237382156,-0.044576229267771085,VASP,3.318527962125139,18.272856704136938,19.2235,1.6339519452742595,1.661809679400145,-0.04945214429542296,VASP
Mg,Zr,23.24,23.279,1.770309384051908,1.771299106960212,4.457985844899639,22.149098992326948,23.24975,1.7421644668038618,1.7705569185220509,-0.04734033732289813,VASP,4.475177699158502,22.406336977264914,23.26925,1.7488829801976469,1.771051779927895,-0.03708383479205757,VASP,3.523101242518627,21.864793249350853,23.2595,1.7346782050090184,1.770804383797935,-0.059962886160456835,VASP
Mn,Mo,12.21,15.583,1.428485001664581,1.5494853952179959,3.651447004010795,12.171245265791715,13.05325,1.4269720551228529,1.4606405351315455,-0.06756974195761864,VASP,3.884409595087244,14.652612461225587,14.73975,1.5180129786224843,1.5210161874976822,-0.00591173790426661,VASP,2.979185352909341,13.220947378208821,13.8965,1.4668689727120754,1.4914393850060987,-0.04861314876344247,VASP
Mn,Nb,12.21,17.978,1.428485001664581,1.6251155863008009,3.769676958597544,13.392215028695723,13.652000000000001,1.4731758863953377,1.4826406055214325,-0.019029077886337363,VASP,4.066888917338105,16.816164207227406,16.536,1.5893252263981517,1.5804494806821414,0.016942683068904462,VASP,3.06350442570504,14.375585452104302,15.094000000000001,1.5083853663030535,1.5331050426596977,-0.04759603470887104,VASP
Mn,Ni,12.21,10.941,1.428485001664581,1.3771760758322233,3.486959240378201,10.599383877747448,11.892750000000001,1.3626908422624318,1.4160042605804353,-0.10875248552711135,VASP,3.559448496487229,11.274262660865324,11.25825,1.3910193768545007,1.3903605170650393,0.0014223046090931777,VASP,2.796390782806712,10.933610293384035,11.575500000000002,1.3768659512478554,1.4032995415689038,-0.05545243891114565,VASP
Mn,Os,12.21,13.977,1.428485001664581,1.4943137246635851,3.6093589498601615,11.75520569042295,12.65175,1.4105241984070132,1.4455085476534055,-0.07086326473231376,VASP,3.7805841047776063,13.508798409318823,13.53525,1.4774383589940068,1.478402054736129,-0.001954274260259444,VASP,2.990836,13.376663520240696,13.0935,1.4726054310739614,1.4621403010203091,0.02162626648647764,OQMD
Mn,Pb,12.21,30.321,1.428485001664581,1.9344238453824663,4.005651130564518,16.06790941772179,16.737750000000002,1.565393724627074,1.5868510218090568,-0.040019750699957404,VASP,4.652509263842998,25.176870630746315,25.79325,1.818183503255502,1.832901610204498,-0.023896925329444162,VASP,3.529321,21.98079951440557,21.265500000000003,1.7377406426174438,1.718682532162075,0.03363661867370006,OQMD
Mn,Pd,12.21,14.716,1.428485001664581,1.5201988160139424,3.891417381986628,14.732059086356681,12.836500000000001,1.5207515959604034,1.4525106942646913,0.14766946491307445,VASP,3.9100250250874047,14.94440469136556,14.0895,1.5280233944247772,1.498312228484523,0.060676723188584525,VASP,3.118785716359911,15.167940415694323,13.463000000000001,1.5356043541897653,1.4757668326382003,0.12663896722085138,VASP
Mn,Pt,12.21,15.095,1.428485001664581,1.5331388987435077,3.919565554980347,15.05406566291988,12.93125,1.53175179840636,1.4560757406084477,0.16416167523788341,VASP,3.9179290850163846,15.035217725521727,14.373750000000001,1.5311122719651828,1.508321167481584,0.04601914778827559,VASP,3.115442,15.119207088556463,13.6525,1.533958000169827,1.4826587057082852,0.10743139267946991,OQMD
Mn,Re,12.21,14.712,1.428485001664581,1.520061066935985,3.6240890887342783,11.899716204455887,12.8355,1.4162806824853404,1.4524729750417946,-0.07290590904476749,VASP,3.8256538349382594,13.997710893056045,14.0865,1.4950514437246731,1.4982058784661736,-0.006303134699460786,VASP,2.982521,13.265405649432306,13.461,1.4685113536456507,1.4756937513578352,-0.014530447260061943,OQMD
Mn,Rh,12.21,13.754,1.428485001664581,1.4863239306523217,3.587892507470067,11.546710525609033,12.596,1.4021351916981872,1.4433822077843135,-0.08330338793195993,VASP,3.7507911977575903,13.191940174581227,13.368,1.4657954005417169,1.472287446892072,-0.013170244271302643,VASP,3.02748965,13.87452122555819,12.982,1.490652680758894,1.4579780930102204,0.0687506721274219,MP
Mn,Ru,12.21,13.571,1.428485001664581,1.4797025210257315,3.585640035552708,11.52497716844846,12.55025,1.4012549339599563,1.4416325823451541,-0.0816934189798243,VASP,3.736473258188617,13.041442887044392,13.23075,1.4602000024353168,1.4672314179795936,-0.01430811654332587,VASP,2.920359294250807,12.453139795197846,12.8905,1.4379046385027665,1.4545446299798133,-0.03392887822831961,VASP
Mn,Sc,12.21,24.987,1.428485001664581,1.8136013727062499,3.969447037040273,15.63615776494808,15.404250000000001,1.551245298076338,1.5435379665488562,0.015054791044554563,VASP,4.387492671315778,21.114909328158202,21.792749999999998,1.7146159939188377,1.732770886651285,-0.03110395300463669,VASP,3.2364063498528317,16.94958768771976,18.5985,1.5935175208388341,1.6436011504784007,-0.08865834945185051,VASP
Mn,Si,12.21,20.024,1.428485001664581,1.6845635878380372,3.576969434123722,11.441571944593813,14.1635,1.3978664948215322,1.5009307637735319,-0.1921790556999462,VASP,3.643394502909334,12.090899320923555,18.070500000000003,1.4238251673183717,1.627897989107769,-0.33090399707127344,VASP,2.798887197064144,10.962918637772892,16.117,1.378095117004087,1.5669862977510791,-0.3197916089983935,VASP
Mn,Sn,12.21,27.053,1.428485001664581,1.8622684018206264,3.9172944642760736,15.027912757513063,15.920750000000002,1.5308642645147037,1.5606001266461187,-0.05608009939776323,VASP,4.562919349742519,23.750260996626636,23.34225,1.7831720944354323,1.772901887059591,0.017479505901386385,VASP,3.337342212824882,18.58541356449847,19.631500000000003,1.6432155651323959,1.673484233312648,-0.053286118508597526,VASP
Mn,Sr,12.21,56.0,1.428485001664581,2.3733755965792427,4.275584523937954,19.540087219493877,23.1575,1.6708827016450296,1.7682120850259089,-0.15620912363191716,VASP,4.94865656140398,30.297162246665803,45.0525,1.933916777586333,2.2073782653396234,-0.32751429450827807,VASP,3.9257381641254407,30.25060009027655,34.105000000000004,1.9329255570902073,2.0117614486826705,-0.11301568420241766,VASP
Mn,Ta,12.21,18.014,1.428485001664581,1.6261995992423404,3.756048145649376,13.247485722891204,13.661000000000001,1.4678497964369812,1.482966341292921,-0.03026969307582149,VASP,4.0581249543217375,16.707684076744993,16.563000000000002,1.5859003018948656,1.5813091995175208,0.008735378659964415,VASP,3.0505358759714776,14.193791293184931,15.112,1.502000008907731,1.5337142235354595,-0.0607602373488002,VASP
Mn,Tb,12.21,32.09,1.428485001664581,1.9713347123038616,4.094736459269241,17.163975066228183,17.18,1.6002079433309029,1.6007057932337148,-0.0009327668086040174,VASP,4.129706654070876,17.607496837405392,27.120000000000005,1.6138741668004821,1.8638045114344772,-0.35075601631986025,VASP,3.538804,22.158457904253567,22.150000000000002,1.7424098111385107,1.7421880897703246,0.00038184669316317863,OQMD
Mn,Ti,12.21,17.649,1.428485001664581,1.6151412089743407,3.7217731640555214,12.888124088562243,13.56975,1.454455259731243,1.4796570887327831,-0.05023127997477902,VASP,3.92868859473258,15.15942842608776,16.289250000000003,1.5353170487769425,1.572548902344331,-0.06935995051412691,VASP,2.9688200353988714,13.083430177323244,14.9295,1.4617653753029485,1.5275152378457721,-0.12365248820635365,VASP
Mn,Tl,12.21,28.59,1.428485001664581,1.8968886969006673,4.02246,16.27103618729573,16.305,1.5719625689609216,1.5730555691526757,-0.002083030524640803,MP,,,,,,,,3.429353,20.165387818157882,20.4,1.6885191474456582,1.695042217354983,-0.011500597149123371,OQMD
Mn,V,12.21,13.824,1.428485001664581,1.48884117815856,3.562918430675272,11.307267014493247,12.6135,1.3923754143689475,1.4440503431678853,-0.10355832921130163,VASP,3.717519115935912,12.843980568510531,13.4205,1.452792793377175,1.4742122953968595,-0.04295811866096414,VASP,2.856627910921036,11.655503252607177,13.017,1.406525057268196,1.4592871733485595,-0.10459374259758947,VASP
Mn,W,12.21,15.85,1.428485001664581,1.5582849840929494,3.6610649560715904,12.267676407657186,13.120000000000001,1.4307307154027888,1.4631260473177583,-0.06496368844076333,VASP,3.9057162812688015,14.895054102194239,14.94,1.5263395531927735,1.5278732572342564,-0.003008426894629226,VASP,2.9866615916311976,13.320730909602283,14.030000000000001,1.4705500671438032,1.4962001269000518,-0.05055374842464137,VASP
Mn,Y,12.21,33.018,1.428485001664581,1.9901572114304584,4.10274133318491,17.26483447161993,17.412,1.603336218606402,1.607878950628035,-0.008451960049395125,VASP,4.585380839263085,24.102730471523152,27.816000000000003,1.791949961901967,1.8796140792997889,-0.1334940152601686,VASP,3.5514340575466967,22.39655751779753,22.614,1.7486285042858591,1.7542692850212993,-0.009615392332292909,VASP
Mn,Zn,12.21,15.207,1.428485001664581,1.536921356892218,3.612500702752346,11.785929241553527,12.95925,1.4117519838784507,1.4571259285796463,-0.09053924867924254,VASP,3.8142837591663015,13.873275313796182,14.45775,1.490608059944656,1.5112536651997248,-0.04042639319422588,VASP,2.904614564628345,12.252805411717503,13.7085,1.430152366444777,1.4846831364602304,-0.1061891956291715,VASP
Mn,Zr,12.21,23.279,1.428485001664581,1.771299106960212,3.9522238211776792,15.433506280883083,14.977250000000002,1.5445145286831978,1.5291420221493028,0.0304632880457415,VASP,4.361844101761943,20.746766849534172,20.51175,1.7045926273008927,1.6981316967275542,0.011457669361910743,VASP,3.187394384646629,16.191139474030884,17.744500000000002,1.5693853764650665,1.618049185002883,-0.08754039426127072,VASP
Mo,Nb,15.583,17.978,1.5494853952179959,1.6251155863008009,4.050615016906321,16.61509826008421,16.18175,1.582965445982744,1.5690819481061924,0.02678006149422707,VASP,4.1669044283037575,18.087586772051836,17.379250000000003,1.628410920116301,1.6068702385372362,0.040757614514540796,VASP,3.234182020214276,16.914664170235508,16.7805,1.592422322069582,1.5882008688699705,0.007995242706445436,VASP
Mo,Ni,15.583,10.941,1.5494853952179959,1.3771760758322233,3.861850619171259,14.398804030408428,14.422500000000001,1.509197013831282,1.5100244503027884,-0.0016429862778001923,VASP,3.638942333519641,12.04662881029297,12.1015,1.422085275900863,1.4242411580106042,-0.004534246969964805,VASP,2.988146116524014,13.340604055743198,13.262,1.4712810063928046,1.4683856717770152,0.005927013704056482,VASP
Mo,Os,15.583,13.977,1.5494853952179959,1.4943137246635851,3.945771565558112,15.358041088300912,15.1815,1.541993010925575,1.5360618092882832,0.011628698633264944,VASP,3.8793818801551514,14.595790044226677,14.378499999999999,1.5160481661244967,1.5084872975563295,0.015112149683671985,VASP,3.123675,15.239388111141585,14.780000000000001,1.5380117030522424,1.5223994144949513,0.031081739590093613,OQMD
Mo,Pb,15.583,30.321,1.5494853952179959,1.9344238453824663,4.104619524261558,17.288556297286302,19.267500000000002,1.6040702087691003,1.6630765993979773,-0.10270889854489164,VASP,4.669983446091924,25.46161998406541,26.6365,1.82501234938909,1.8526619543543055,-0.04410789765677136,VASP,3.405832,19.753300441522047,22.952,1.6769380536162775,1.7629661566783046,-0.13936474200409352,OQMD
Mo,Pd,15.583,14.716,1.5494853952179959,1.5201988160139424,3.94572408791124,15.357486706325927,15.36625,1.5419744568358524,1.5422676950428316,-0.0005702948783257841,VASP,3.939926862833763,15.289894501720982,14.932749999999999,1.5397089226041545,1.5276260713037286,0.02391686070690147,VASP,3.151780323186766,15.654450364179256,15.1495,1.5518499915999664,1.534981798431868,0.033331157079722534,VASP
Mo,Pt,15.583,15.095,1.5494853952179959,1.5331388987435077,3.9528797300028793,15.441191564050717,15.461,1.5447708554389306,1.5454311330493893,-0.001281187242046644,VASP,3.96421336565495,15.57439097961731,15.217,1.5491999985541627,1.5372581720849807,0.02348629687962862,VASP,3.170496,15.934984051467092,15.339,1.561065076386091,1.5413554867471484,0.03885416594739498,OQMD
Mo,Re,15.583,14.712,1.5494853952179959,1.520061066935985,3.966525097739128,15.601653502378545,15.36525,1.5501034149475623,1.5422342385792183,0.015385594271394552,VASP,3.926261674564647,15.131351881591428,14.929749999999999,1.5343686173042002,1.527523764067412,0.0135033662044863,VASP,3.133551,15.384390912315045,15.1475,1.5428743739701019,1.5349142472760955,0.015638944533094157,OQMD
Mo,Rh,15.583,13.754,1.5494853952179959,1.4863239306523217,3.9320250658340914,15.19808404392995,15.12575,1.536620929408197,1.5341792442217006,0.004782178994757228,VASP,3.8468035641319913,14.231151366016693,14.21125,1.5033166800815807,1.502615588705004,0.001400395181049756,VASP,3.119438,15.17745937886117,14.6685,1.5359255207234688,1.518561430958484,0.03469743865161201,OQMD
Mo,Ru,15.583,13.571,1.5494853952179959,1.4797025210257315,3.936340034668625,15.248173692627873,15.08,1.5383072033535239,1.5326309003965966,0.01115210163314806,VASP,3.8394738481419854,14.14995797862247,14.074,1.5004522540394563,1.4977625907871908,0.005397042676031753,VASP,3.09975566435425,14.89197817926379,14.577,1.526234479700774,1.5153973198888058,0.02160788771789734,VASP
Mo,Sc,15.583,24.987,1.5494853952179959,1.8136013727062499,4.083386900473148,17.02164788629015,17.934,1.59577257750957,1.6237887145697036,-0.05087276200010319,VASP,4.360954521377374,20.734075781732077,22.636,1.7042449825594594,1.754837980161196,-0.08402209835076525,VASP,3.306191448088211,18.069827176638178,20.285,1.6278777848818808,1.691851085063571,-0.10920250546521185,VASP
Mo,Si,15.583,20.024,1.5494853952179959,1.6845635878380372,3.906597207265004,14.905135018853647,16.69325,1.5266838158310732,1.585443474131949,-0.10711604877099139,VASP,3.8186246961811694,13.920695680799842,18.91375,1.492304482159318,1.652835675705415,-0.2639907114771084,VASP,3.037972685327465,14.019147290539117,17.8035,1.495814239185155,1.6198405248701713,-0.21256228884550135,VASP
Mo,Sn,15.583,27.053,1.5494853952179959,1.8622684018206264,4.065248179121459,16.795819569767577,18.4505,1.5886840319395295,1.6392298109051509,-0.08968214575390503,VASP,4.459568603251121,22.17269874381748,24.1855,1.7427830029444922,1.7939988224317742,-0.08322347093020695,VASP,3.312490272950695,18.173301817180093,21.318,1.630979153095276,1.7200957238109937,-0.14751375282952942,VASP
Mo,Sr,15.583,56.0,1.5494853952179959,2.3733755965792427,4.269427071033279,19.455787183747933,25.68725,1.6684763917037777,1.8303873305872238,-0.24258972121391217,VASP,5.079733616501698,32.768972471020575,45.89575,1.9851412084727165,2.221065096353184,-0.2860129212177473,VASP,3.817052601097085,27.807019328999868,35.7915,1.8794117735210352,2.0443900731066016,-0.2230831530111935,VASP
Mo,Ta,15.583,18.014,1.5494853952179959,1.6261995992423404,4.046702901185789,16.567003763803395,16.19075,1.581436605552231,1.5693727926328072,0.02323881004915733,VASP,4.1590519404842565,17.985521750028788,17.40625,1.6253421967665407,1.607701940101744,0.03327952603396986,VASP,3.2185843516897696,16.671116666282256,16.7985,1.5847424588536516,1.5887685396783393,-0.007583018347932554,VASP
Mo,Tb,15.583,32.09,1.5494853952179959,1.9713347123038616,5.082767100021418,32.827713845361394,19.70975,1.9863266826717292,1.6757047554157811,0.665557089529872,VASP,4.168144542810492,18.103740745872194,27.963250000000002,1.6288955523030255,1.8829249581497407,-0.35258810238895005,VASP,3.508312,21.590596006191316,23.8365,1.7273963885354973,1.7853277652176562,-0.09422121510325279,OQMD
Mo,Ti,15.583,17.649,1.5494853952179959,1.6151412089743407,4.000493866104987,16.00592712500115,16.0995,1.5633782846503894,1.5664189425500765,-0.005812160315466225,VASP,4.042755776434095,16.518573026457474,17.1325,1.5798940837211424,1.5992291982279976,-0.035834056532469044,VASP,3.154345188454731,15.692699450814414,16.616,1.5531128607521294,1.582994082533332,-0.05556695649889175,VASP
Mo,V,15.583,13.824,1.5494853952179959,1.48884117815856,3.9473300395951454,15.376246321068983,15.14325,1.5426020568454633,1.5347706813247444,0.015386150335560922,VASP,3.848842488734206,14.253792210325212,14.26375,1.5041134843147153,1.5044636638559397,-0.000698118634635897,VASP,3.0576648369030077,14.293534723079603,14.7035,1.5055101133018487,1.51976826722178,-0.027882155739816873,VASP
Mo,W,15.583,15.85,1.5494853952179959,1.5582849840929494,3.999623608352652,15.995483725230509,15.649750000000001,1.5630381911225435,1.551694657917084,0.022091964742600213,VASP,4.011233625085254,16.135182438425666,15.783249999999999,1.567575342947213,1.5560944082621249,0.022297843500271936,VASP,3.1619517325442508,15.806499890350175,15.7165,1.5568581139649202,1.5538976474844184,0.005726458839447373,VASP
Mo,Y,15.583,33.018,1.5494853952179959,1.9901572114304584,4.194242370652431,18.445930939446356,19.94175,1.639094487407095,1.6822539344579315,-0.07500941795748332,VASP,4.687715337206865,25.752755353809384,28.65925,1.8319419071993797,1.8984189945119885,-0.10141558645779691,VASP,3.494032262037412,21.328029681626294,24.3005,1.7203654380995588,1.7968377649158926,-0.12232136451405139,VASP
Mo,Zn,15.583,15.207,1.5494853952179959,1.536921356892218,3.922999921145137,15.09367195657196,15.489,1.533093936068178,1.5463634999930502,-0.025523148261865893,VASP,3.86042514291414,14.38286536780296,15.301,1.508639942954472,1.54008161095214,-0.0600048776025776,VASP,3.090296997515712,14.756068551824631,15.395,1.5215772921595148,1.5432289482586377,-0.04150252992370044,VASP
Mo,Zr,15.583,23.279,1.5494853952179959,1.771299106960212,4.113496343538773,17.400965880972592,17.507,1.6075392370839159,1.6107978483292296,-0.006056669847912803,VASP,4.378690261322538,20.988078721564982,21.355,1.71117604447844,1.7210902942343642,-0.017181984473660438,VASP,3.335454364872758,18.553891542820576,19.431,1.6422860406959707,1.667767529670754,-0.04513964578145359,VASP
Nb,Ni,17.978,10.941,1.6251155863008009,1.3771760758322233,4.0449459568653525,16.545434598770377,16.21875,1.5807499981757813,1.5702769535767247,0.020142403007036763,VASP,3.690733549553683,12.568344802334874,12.70025,1.4423250925818203,1.4473532929912556,-0.010386031587183453,VASP,3.08738049852368,14.714329402331002,14.459500000000002,1.5201412882277083,1.5113146379701448,0.017623666263079606,VASP
Nb,Os,17.978,13.977,1.6251155863008009,1.4943137246635851,4.1130637057193296,17.39547600797268,16.97775,1.6073701638157958,1.5943995935442745,0.024604320830067503,VASP,3.929051360149262,15.163628166570604,14.97725,1.535458816167131,1.5291420221493028,0.012444084633067079,VASP,3.189163,16.21810675837948,15.977500000000001,1.57025619404746,1.5624521967499403,0.015059099257047707,OQMD
Nb,Pb,17.978,30.321,1.6251155863008009,1.9344238453824663,4.266975328159153,19.422288637195635,21.063750000000002,1.6675182596087803,1.713230092596131,-0.07792825887149094,VASP,4.728475340400102,26.43037920301405,27.23525,1.8478707664871035,1.8664409409793743,-0.029552539337290903,VASP,3.486991,21.199347003142172,24.149500000000003,1.7168985142301432,1.7931082608909656,-0.12216207361882568,OQMD
Nb,Pd,17.978,14.716,1.6251155863008009,1.5201988160139424,4.1227520791017325,17.518691577312048,17.1625,1.6111563444891288,1.600162101574024,0.020754061314613027,VASP,3.976452292679816,15.719087731449237,15.5315,1.5539829262072242,1.5477765550746592,0.01207788889992839,VASP,3.2414075782002905,17.02828591977071,16.347,1.5959799881979635,1.574405087430091,0.04167651066071502,VASP
Nb,Pt,17.978,15.095,1.6251155863008009,1.5331388987435077,4.1221039674784405,17.5104308699415,17.257250000000003,1.6109030648512148,1.6031014014272906,0.01467098581416499,VASP,3.9996151941547655,15.995382774069556,15.815750000000001,1.5630349028849662,1.5571617506556434,0.011357841017312166,VASP,3.245074,17.08613442192963,16.5365,1.597785233505583,1.5804654099027466,0.03323765137300083,OQMD
Nb,Re,17.978,14.712,1.6251155863008009,1.520061066935985,4.135227454276067,17.678207052489554,17.1615,1.6160316752090857,1.6001310223182583,0.03010850173292278,VASP,3.9771693902747582,15.727593418480229,15.5285,1.5542631653090526,1.5476768946284822,0.012821162280982037,VASP,3.202327,16.419768717959467,16.345,1.5767377857812284,1.5743408771040575,0.004574409174638635,OQMD
Nb,Rh,17.978,13.754,1.6251155863008009,1.4863239306523217,4.1075472319304085,17.32557698821922,16.922,1.6052143461547532,1.5926524980987138,0.02384924880151387,VASP,3.891723739134219,14.735538764694601,14.81,1.5208713192065628,1.5234287585641333,-0.00502776740752191,VASP,3.19284,16.274268291349152,15.866,1.5720666477701175,1.5588091518099296,0.025732276020997886,OQMD
Nb,Ru,17.978,13.571,1.6251155863008009,1.4797025210257315,4.1056828721028165,17.301996163152058,16.876250000000002,1.6044857611932994,1.591215914262317,0.025227533554673314,VASP,3.8943933734149536,14.76588430838641,14.67275,1.5219146024616181,1.5187080776929396,0.00634743373848862,VASP,3.1777845602647306,16.04513428738097,15.7745,1.5646537631046378,1.5558067965432676,0.017156441559540506,VASP
Nb,Sc,17.978,24.987,1.6251155863008009,1.8136013727062499,4.267020640111609,19.422907392471142,19.73025,1.6675359673530927,1.6762855178067695,-0.015577228242361825,VASP,4.444719951767056,21.951955642709784,23.23475,1.7369802045742173,1.7701760675829912,-0.05521016396949459,VASP,3.4297105441298257,20.171695802009637,21.4825,1.6886951923466258,1.7245087557224834,-0.06101730236193946,VASP
Nb,Si,17.978,20.024,1.6251155863008009,1.6845635878380372,4.081255831636994,16.995011633282772,18.4895,1.5949397636488198,1.6403839796479232,-0.08082903089414142,VASP,3.898550081171003,14.813216199320175,19.512500000000003,1.5235390285597321,1.670095998954053,-0.2408345317452826,VASP,3.1651252301141097,15.854140324298756,19.001,1.5584206569317944,1.6553733133195396,-0.1656154768539153,VASP
Nb,Sn,17.978,27.053,1.6251155863008009,1.8622684018206264,4.230922163374496,18.934119580826014,20.246750000000002,1.653428815454193,1.6907870143745825,-0.06483166034914187,VASP,4.523514702956323,23.14024897844754,24.78425,1.7677729034450864,1.8086827251474742,-0.06633249025298157,VASP,3.4221523754700724,20.038630337512352,22.515500000000003,1.684973757865656,1.7517185492562888,-0.110007313294737,VASP
Nb,Sr,17.978,56.0,1.6251155863008009,2.3733755965792427,4.442192326885669,21.914525999073827,27.4835,1.73599241806996,1.8720946832454564,-0.20262972332221776,VASP,5.210906537555283,35.373648820950926,46.4945,2.036403103421952,2.2306819723323694,-0.23918638073426052,VASP,3.8903458783264586,29.439785996208045,36.989000000000004,1.9154993684641164,2.0669405888973107,-0.20409348735548294,VASP
Nb,Ta,17.978,18.014,1.6251155863008009,1.6261995992423404,4.224915760513271,18.853594883120383,17.987000000000002,1.651081535314193,1.6253867251056153,0.04817895608608335,VASP,4.2147682641687645,18.71807196032202,18.005000000000003,1.6471159310764298,1.625928731501073,0.03960410776573277,VASP,3.319942825701468,18.29623871929682,17.996000000000002,1.6346485852059478,1.6256577734805853,0.016683636324562004,VASP
Nb,Tb,17.978,32.09,1.6251155863008009,1.9713347123038616,4.01973865019472,16.238034567886316,21.506,1.5708990754691408,1.7251373477925374,-0.2449532889479068,VASP,4.25721139650109,19.289263994244887,28.562000000000005,1.6637025510393058,1.8962692468378055,-0.32465289565699584,VASP,3.59724,23.274386724527716,25.034000000000002,1.7711820911867109,1.8147377753142615,-0.07028893806312561,OQMD
Nb,Ti,17.978,17.649,1.6251155863008009,1.6151412089743407,4.187581504615813,18.358188617212097,17.89575,1.6364914454659873,1.6226334763413817,0.025840694981327808,VASP,4.116191401855402,17.435190306676688,17.731250000000003,1.608592455958661,1.6176463467488853,-0.016697057078509117,VASP,3.2593053559977108,17.31191676150743,17.8135,1.6047923619919917,1.6201437493930992,-0.028157478232383952,VASP
Nb,V,17.978,13.824,1.6251155863008009,1.48884117815856,4.134093002302046,17.66366160675515,16.939500000000002,1.6155883355514022,1.5932013263780334,0.04274988085570094,VASP,3.919182574168565,15.049653295105198,14.8625,1.531602130914141,1.5252267709072762,0.01259231590278873,VASP,3.168636058872764,15.9069561826359,15.901,1.5601492925031077,1.5599545413496148,0.0003745791230677615,VASP
Nb,W,17.978,15.85,1.6251155863008009,1.5582849840929494,4.172617556331383,18.162087001834298,17.446,1.6306435895303186,1.6089248258860547,0.04104591320843151,VASP,4.070041790391256,16.855304945570108,16.381999999999998,1.5905573575875829,1.5755279213354279,0.028891768133934195,VASP,3.239286144557977,16.99487382309126,16.914,1.5949354525887447,1.5924014791421788,0.004781472336009197,VASP
Nb,Y,17.978,33.018,1.6251155863008009,1.9901572114304584,4.370708745147929,20.87351602285338,21.738,1.708056897322212,1.731318587700808,-0.0397683309019514,VASP,4.771509837029352,27.15860628436641,29.258000000000003,1.8646884894415279,1.911548590814877,-0.07175451895664749,VASP,3.607868976948315,23.481307527812262,25.498,1.7764155072552779,1.8258811391183287,-0.07909218260991993,VASP
Nb,Zn,17.978,15.207,1.6251155863008009,1.536921356892218,4.104974670598424,17.293044288440864,17.28525,1.6042089986509283,1.6039679470762787,0.0004509213601690938,VASP,3.942686739225704,15.32204823449916,15.899750000000001,1.5407874721442594,1.559913663537426,-0.03633401566067647,VASP,3.193610522552519,16.286053458005984,16.5925,1.572446031894023,1.5822474545399177,-0.01846897947831954,VASP
Nb,Zr,17.978,23.279,1.6251155863008009,1.771299106960212,4.291612397466576,19.760661659147782,19.303250000000002,1.6771463356518397,1.6641045524146583,0.023696095691025102,VASP,4.443707650634063,21.93696014531855,21.95375,1.7365846010158021,1.7370275303224105,-0.0007647829952262573,VASP,3.4350246255356063,20.26560478397762,20.628500000000003,1.6913116999516304,1.7013474455941409,-0.017591934266785462,VASP
Ni,Os,10.941,13.977,1.3771760758322233,1.4943137246635851,3.607629960887072,11.73832051488784,11.7,1.4098485158774559,1.408312662475107,0.003275257682721486,VASP,3.7838321790278746,13.543646427850819,13.218,1.4787076944610165,1.46675996037889,0.024636588580028648,VASP,2.920076,12.449516034899098,12.459,1.437765152201167,1.4381301530954078,-0.0007612139899592079,OQMD
Ni,Pb,10.941,30.321,1.3771760758322233,1.9344238453824663,3.806818221508156,13.79197390938687,15.786000000000001,1.4876905552943245,1.5561847785621585,-0.1263161086160605,VASP,4.627514662550412,24.773274747675302,25.476000000000003,1.8084157050280374,1.8253558568283754,-0.027583814269300545,VASP,3.335857,18.560611482133332,20.631,1.642484287164556,1.7014161724655634,-0.10035327991210645,OQMD
Ni,Pd,10.941,14.716,1.3771760758322233,1.5201988160139424,3.638936208180467,12.046567977042761,11.88475,1.4220828821408498,1.4156866840435578,0.013615597891647747,VASP,3.846667248383292,14.229638529752865,13.77225,1.5032634083885086,1.4869810346007744,0.033210879104929515,VASP,2.9859819296253782,13.311638950959681,12.8285,1.47021542025542,1.4522088856107789,0.03766137513814406,VASP
Ni,Pt,10.941,15.095,1.3771760758322233,1.5331388987435077,3.652153193856701,12.17830838807997,11.9795,1.4272480315164888,1.4194388712563364,0.016595716689341757,VASP,3.869792263783352,14.48781744184588,14.056500000000002,1.5123005793275706,1.4971415468619285,0.030684554607895202,VASP,2.982307,13.262550420792245,13.018,1.4684059859283134,1.4593245411446771,0.01878556005471224,OQMD
Ni,Re,10.941,14.712,1.3771760758322233,1.520061066935985,3.616179305081205,11.821970682967992,11.88375,1.4131895681346172,1.4156469769569728,-0.0051986382271595535,VASP,3.8133834580569,13.86345393336352,13.76925,1.4902562255834013,1.4868730573990077,0.0068416168900644605,VASP,2.938842,12.691083979674824,12.8265,1.447005014741117,1.4521334138429705,-0.010557519223886137,OQMD
Ni,Rh,10.941,13.754,1.3771760758322233,1.4863239306523217,3.610517968866812,11.76653364298653,11.64425,1.4109771387706636,1.4060722503245766,0.01050163325130696,VASP,3.7685445874748944,13.380150014003657,13.05075,1.4727333599267145,1.4605472803358752,0.025239929812743065,VASP,2.931618,12.597725560193878,12.3475,1.443448115722221,1.43382717928512,0.02026528124672018,OQMD
Ni,Ru,10.941,13.571,1.3771760758322233,1.4797025210257315,3.593358227496496,11.599561003501947,11.5985,1.4042711749755763,1.404228357778615,9.147764813960041e-05,VASP,3.739535877997788,13.073537639509297,12.9135,1.4613968629890512,1.45540921110548,0.012393049096627263,VASP,2.9127419161578407,12.355946557156228,12.256,1.4341540509244954,1.430276646853407,0.008154908384156978,VASP
Ni,Sc,10.941,24.987,1.3771760758322233,1.8136013727062499,3.709778609607761,12.763917456754562,14.4525,1.449767831982243,1.511070717362153,-0.1168367094444171,VASP,4.281867039805419,19.626350077644542,21.4755,1.6733378857320205,1.7243214269248326,-0.086105092889826,VASP,3.178123491120515,16.050268780638977,17.964,1.5648206433411294,1.6246936349055694,-0.10653146400361958,VASP
Ni,Si,10.941,20.024,1.3771760758322233,1.6845635878380372,3.504066834447701,10.756157473552607,13.21175,1.3693764270842155,1.466528742973003,-0.18586428947318814,VASP,3.746005937909254,13.14151372695402,17.75325,1.4639253385984443,1.618315100335606,-0.25976856480058474,VASP,2.84307717038209,11.490421190563913,15.482500000000002,1.3998530451241915,1.5461471578770352,-0.25784458643217106,VASP
Ni,Sn,10.941,27.053,1.3771760758322233,1.8622684018206264,3.730807832517221,12.982210545533398,14.969000000000001,1.4579859749266117,1.5288612020447607,-0.13272693262519894,VASP,4.4727843204156565,22.37040666629691,23.025000000000002,1.7479476565904264,1.7648332463737628,-0.028429677902414494,VASP,3.2081492955469324,16.509492223088362,18.997,1.5796045240589978,1.6552571447328095,-0.13094213701698362,VASP
Ni,Sr,10.941,56.0,1.3771760758322233,2.3733755965792427,4.002417988537932,16.029033405995186,22.205750000000002,1.5641302246181423,1.7436485203569518,-0.2781584316676904,VASP,4.874294966118375,28.95179060795248,44.73525,1.904856539732584,2.2021847616039767,-0.3528192955677575,VASP,3.628625546190003,23.888917224364555,33.4705,1.7866354713709205,1.999207459659382,-0.2862694843410002,VASP
Ni,Ta,10.941,18.014,1.3771760758322233,1.6261995992423404,3.6767471435653865,12.425998582927194,12.70925,1.436859256579003,1.4476951000123248,-0.022287028508590705,VASP,4.036432580467698,16.441185053911838,16.24575,1.577423002001155,1.5711478380480393,0.01202991883488522,VASP,3.0700280390204653,14.467617901066376,14.4775,1.5115974141714494,1.5119415011181623,-0.0006825832452856667,VASP
Ni,Tb,10.941,32.09,1.3771760758322233,1.9713347123038616,3.9033462415021214,14.867955011499351,16.228250000000003,1.525413350371572,1.5705834860238344,-0.08382265422954732,VASP,4.154401492712472,17.92525760139042,26.802750000000003,1.623524818886797,1.856508386440039,-0.3312157296773496,VASP,3.382684,19.353267167617492,21.515500000000003,1.66554061473347,1.7253913295063932,-0.10049651796995239,OQMD
Ni,Ti,10.941,17.649,1.3771760758322233,1.6151412089743407,3.6040863748987615,11.703764666916499,12.618,1.408463695510437,1.4442220495123297,-0.07245485283590916,VASP,3.925189955059397,15.118964419779765,15.972000000000001,1.5339497932645134,1.5622728930764875,-0.0534081880929274,VASP,3.0026391921952813,13.535660447837223,14.295000000000002,1.4784169984520394,1.505561556463353,-0.053119241144650456,VASP
Ni,V,10.941,13.824,1.3771760758322233,1.48884117815856,3.5543645170072526,11.226022357958538,11.66175,1.389032576378203,1.406776287305496,-0.03736382978896493,VASP,3.699531952928057,12.65844493457706,13.103250000000001,1.4457634762503055,1.4625031357826261,-0.033946163388696736,VASP,2.89945589969074,12.18763746231453,12.3825,1.4276123816364465,1.4351806680875685,-0.015736930158325863,VASP
Ni,W,10.941,15.85,1.3771760758322233,1.5582849840929494,3.636703839930502,12.024411049756845,12.16825,1.421210480841873,1.4268549892803257,-0.011820841143398257,VASP,3.8877627483005215,14.690591112817863,14.62275,1.5193233785616416,1.5169810253452152,0.004639422326023703,VASP,2.9933027186581667,13.40978839278491,13.3955,1.4738199755334196,1.4732963281314884,0.0010666561744547885,VASP
Ni,Y,10.941,33.018,1.3771760758322233,1.9901572114304584,3.861621791798276,14.39624465232861,16.460250000000002,1.5091075889357994,1.5780324849880367,-0.12539331709247378,VASP,4.595187969720514,24.257712938550316,27.49875,1.7957825524033009,1.8724408808434931,-0.11786125047319186,VASP,3.393219508458692,19.534660593641206,21.9795,1.670728009487109,1.7377063966156017,-0.11123271258940355,VASP
Ni,Zn,10.941,15.207,1.3771760758322233,1.536921356892218,3.577956653414978,11.451047948075155,12.0075,1.398252296488475,1.4205439080112994,-0.04634204055172559,VASP,3.743698660390252,13.117245921854272,14.140500000000001,1.4630236630327267,1.5001178735794027,-0.07236335901458431,VASP,2.8962456542117936,12.147200215161307,13.074000000000002,1.4260317450093039,1.46141409077197,-0.07088877044811796,VASP
Ni,Zr,10.941,23.279,1.3771760758322233,1.771299106960212,3.7482901455417377,13.165568350142161,14.025500000000001,1.464817998537387,1.4960401454189627,-0.06131201382181312,VASP,4.2782871702441945,19.577165190747,20.1945,1.671938885878198,1.689331312008767,-0.030569452536730393,VASP,3.207465415703621,16.498936508912315,17.11,1.579267800423378,1.5985288057888296,-0.035713821805241616,VASP
Os,Pb,13.977,30.321,1.4943137246635851,1.9344238453824663,4.030568131936866,16.36962795611003,18.063,1.5751311970912076,1.6276727430913465,-0.09374810628854394,VASP,4.630216547888622,24.816693499413645,26.235000000000003,1.8094715918776991,1.8433062108731153,-0.054061616183966356,VASP,3.350399,18.804404966266784,22.149,1.6496443682183743,1.742161871345818,-0.15100433580447048,OQMD
Os,Pd,13.977,14.716,1.4943137246635851,1.5201988160139424,3.8622065811750814,14.40278598109954,14.16175,1.5093361224727555,1.5008689443780547,0.017020211562803998,VASP,3.899413389452437,14.82305924665562,14.53125,1.5238764062599177,1.513810297310167,0.020081496544042614,VASP,3.094501,14.816372443212519,14.346499999999999,1.5236472274186232,1.5073673975188568,0.032751712488238924,OQMD
Os,Pt,13.977,15.095,1.4943137246635851,1.5331388987435077,3.872905276413956,14.522809280805323,14.256499999999999,1.5135171332105208,1.50420872364998,0.01867984994951942,VASP,3.929665765980556,15.17074292100772,14.8155,1.5356989237055392,1.5236173208230857,0.023977788195317092,VASP,3.118129,15.158360786125032,14.536000000000001,1.5352810051066728,1.5139752249789886,0.04281513388311987,OQMD
Os,Re,13.977,14.712,1.4943137246635851,1.520061066935985,3.863703218615413,14.41953607129037,14.16075,1.5099210028781558,1.500833616722631,0.018274884542864592,VASP,3.894496292535436,14.767055015997943,14.52825,1.5219548228752529,1.5137061139477272,0.016437287078481137,VASP,3.101022,14.91023698738433,14.3445,1.5268579885623412,1.507297348496507,0.03943929641216704,OQMD
Os,Rh,13.977,13.754,1.4943137246635851,1.4863239306523217,3.840339181330033,14.159527405501503,13.921249999999999,1.5007904230656965,1.4923242896475437,0.01711609270011705,VASP,3.8257797000647855,13.999092524819238,13.809750000000001,1.4951006313530488,1.4883294285228441,0.013710785844728315,VASP,3.07131,14.485749332264545,13.8655,1.512228616517846,1.4903295361634874,0.04473328277123394,OQMD
Os,Ru,13.977,13.571,1.4943137246635851,1.4797025210257315,3.837499640185211,14.128142022010053,13.875499999999999,1.4996807408332604,1.4906877325014516,0.01820777788260272,VASP,3.8113065463283946,13.8408145963592,13.6725,1.4894445761210706,1.4833823510947104,0.01231044771323465,VASP,3.068128,14.44077251520822,13.774000000000001,1.5106618871880946,1.487044014060669,0.04840805250531575,OQMD
Os,Sc,13.977,24.987,1.4943137246635851,1.8136013727062499,3.945549497989116,15.35544818788679,16.729499999999998,1.5419062277366204,1.5865902605070823,-0.08213346556162518,VASP,4.277066485413306,19.56041264716536,22.2345,1.6714618467373101,1.7444007020509484,-0.12026748309314983,VASP,3.211389,16.55955838337053,19.482,1.5811996654751976,1.6692253691627614,-0.15000726910119444,OQMD
Os,Si,13.977,20.024,1.4943137246635851,1.6845635878380372,3.82771253707238,14.020320853621383,15.48875,1.495855976944513,1.546355180261737,-0.09480617521611598,VASP,3.787243794133592,13.580313525787934,18.51225,1.480040941092652,1.6410564953998266,-0.2664147510006653,VASP,2.937789,12.67744705357335,17.000500000000002,1.4464865464871168,1.5951114350462017,-0.25428975303236095,MP
Os,Sn,13.977,27.053,1.4943137246635851,1.8622684018206264,3.979087159436732,15.750355667400559,17.246,1.5550126224418845,1.6027529718075209,-0.08672412922413546,VASP,4.423057073342148,21.632546143860726,23.784000000000002,1.7285144313856944,1.7840160708921704,-0.0904580329691926,VASP,3.250712,17.175345721532473,20.515,1.6005612297221579,1.6982213792519028,-0.16279084954752754,OQMD
Os,Sr,13.977,56.0,1.4943137246635851,2.3733755965792427,4.124024439223565,17.534916393145622,24.48275,1.611653578143599,1.8013185836833596,-0.28378485288026783,VASP,4.93104593172981,29.974859244826792,45.49425,1.9270346083009635,2.2145694278041272,-0.3411286207635736,VASP,3.605043,23.42617331611101,34.9885,1.7750240738894303,2.0289853203985353,-0.3304607709358501,OQMD
Os,Ta,13.977,18.014,1.4943137246635851,1.6261995992423404,3.9225907336517274,15.088949424525126,14.986249999999998,1.5329340271011958,1.5294482537668719,0.006852910135966461,VASP,4.104717115421536,17.289789481289404,17.00475,1.604108347035372,1.5952443460146772,0.016762344714823938,VASP,3.185174,16.157326099871224,15.9955,1.5682921201013944,1.5630387212321268,0.010116976641631944,OQMD
Os,Tb,13.977,32.09,1.4943137246635851,1.9713347123038616,3.922539280288433,15.088355658517903,18.50525,1.5329139193161225,1.6408496261884669,-0.1846445922904093,VASP,4.527630097522356,23.203463929704547,27.561750000000004,1.7693811845005372,1.8738697191780171,-0.158128060456809,VASP,3.417758,19.96153478743854,23.033500000000004,1.6828100881815253,1.7650503905940986,-0.13336944939160186,OQMD
Os,Ti,13.977,17.649,1.4943137246635851,1.6151412089743407,3.876986216914944,14.568766402305272,14.895,1.515111949744112,1.5263377051874245,-0.021902222067454027,VASP,3.988362623465934,15.860757373180787,16.731,1.5586374396591218,1.586637678028345,-0.0520137844013636,VASP,3.08463336,14.675086091465538,15.813,1.5187886727349553,1.5570714937275716,-0.07196065949120742,MP
Os,V,13.977,13.824,1.4943137246635851,1.48884117815856,3.830163339841533,14.04726883849021,13.938749999999999,1.4968137416499456,1.4929493470147257,0.007785406761023099,VASP,3.7996345174790895,13.714042204982134,13.86225,1.4848831901893425,1.4902130852727238,-0.010691467475905136,VASP,3.01657359,13.724981818733747,13.900500000000001,1.485277912887326,1.4915824710405319,-0.012626753085590723,MP
Os,W,13.977,15.85,1.4943137246635851,1.5582849840929494,3.885162202535891,14.661130977438177,14.44525,1.5183070948444963,1.510818002258891,0.014944772671859395,VASP,3.968402474264933,15.62381701530581,15.38175,1.5508370867867878,1.5427860847178965,0.015737287064593458,VASP,3.135874,15.4186310829357,14.913499999999999,1.544018155312972,1.526969361562636,0.03387072671979759,OQMD
Os,Y,13.977,33.018,1.4943137246635851,1.9901572114304584,4.052423180134476,16.637358748272387,18.73725,1.5836720695198907,1.647678269488441,-0.11207040796955864,VASP,4.5987444800332895,24.31408033597336,28.25775,1.7971724235487707,1.8895120087736241,-0.13956063961308454,VASP,3.414486,19.904258965301114,23.497500000000002,1.6811990453257908,1.7768237461530576,-0.1529201419171779,OQMD
Os,Zn,13.977,15.207,1.4943137246635851,1.536921356892218,3.855571598274468,14.328684690624272,14.2845,1.506743195565972,1.5051928431961423,0.003093191264956561,VASP,3.820317042262466,13.939212093618831,14.8995,1.4929658447815757,1.5264913994493825,-0.06445101556301677,VASP,3.027274,13.871556564011861,14.592,1.4905465006269136,1.515916932232328,-0.04937249424260823,OQMD
Os,Zr,13.977,23.279,1.4943137246635851,1.771299106960212,3.981298068249148,15.776624470435978,16.3025,1.5558766374716184,1.5729751676412067,-0.032257354980157665,VASP,4.317435391415914,20.11951699253696,20.953500000000002,1.6872378666818222,1.710235783648995,-0.03980160867936351,VASP,3.27648544,17.587120187327255,18.628,1.6132513630900385,1.644469690432957,-0.05587716409022683,MP
Pb,Pd,30.321,14.716,1.9344238453824663,1.5201988160139424,4.684108325906421,25.693353908314585,26.41975,1.8305323004537275,1.847623020929576,-0.027494434719685688,VASP,4.102738468024668,17.26479830081699,18.61725,1.603335098912321,1.6441532948481565,-0.07264508448793495,VASP,3.47815,21.038507502284183,22.5185,1.7125454488610874,1.7517963463629243,-0.06572340509873288,OQMD
Pb,Pt,30.321,15.095,1.9344238453824663,1.5331388987435077,4.686540036675096,25.733390074386993,26.5145,1.8314826040756145,1.8498291157391906,-0.02945972677640571,VASP,4.120812213584478,17.49397416728013,18.901500000000002,1.610398252181948,1.6524787641142207,-0.0744663562532007,VASP,3.49652,21.3736185585279,22.708000000000002,1.7215903318867125,1.7566965919442301,-0.05876261412154748,OQMD
Pb,Re,30.321,14.712,1.9344238453824663,1.520061066935985,4.641609437460248,25.000332923805853,26.418750000000003,1.8139238912066922,1.8475997095011618,-0.05368978760138725,VASP,4.065696374556673,16.80137542218175,18.61425,1.588859185066654,1.644064976669253,-0.09739176049629984,VASP,3.364795,19.04784438292938,22.5165,1.656732562885598,1.751744482392963,-0.15404950223483313,OQMD
Pb,Rh,30.321,13.754,1.9344238453824663,1.4863239306523217,4.655648364593826,25.227866382902647,26.179250000000003,1.8194102522798548,1.8419995950351813,-0.036341133420451546,VASP,4.009295019192646,16.11179962322346,17.89575,1.56681774289671,1.6226334763413817,-0.09968570061475703,VASP,3.377206,19.259395907324933,22.0375,1.662843398118643,1.7392335537053896,-0.12606257936131904,OQMD
Pb,Ru,30.321,13.571,1.9344238453824663,1.4797025210257315,4.639573167444204,24.967444483342994,26.1335,1.8131281243760662,1.840925963320297,-0.044619186739510854,VASP,3.993185204267588,15.918361696411448,17.7585,1.5605220864936435,1.618474607598007,-0.10362014266906286,VASP,3.340539,18.63887275818851,21.946,1.6447895752606898,1.736823107421816,-0.15069385044251768,OQMD
Pb,Sc,30.321,24.987,1.9344238453824663,1.8136013727062499,4.812176504925921,27.85894421864416,28.9875,1.8805808736387037,1.9056393735479435,-0.03893249784754943,VASP,4.566579125235026,23.807454879379346,26.3205,1.784602321233218,1.845306487615712,-0.09547862390990494,VASP,3.676679,24.850615396392598,27.654,1.810295671081792,1.8759580236646474,-0.10137356634148412,OQMD
Pb,Si,30.321,20.024,1.9344238453824663,1.6845635878380372,4.845137442792876,28.435332601561118,27.746750000000002,1.8934618868904702,1.8780529700858108,0.024816693903290145,VASP,4.329082264151512,20.28278208174091,22.59825,1.6917894216968656,1.7538619244163354,-0.10246226669140716,VASP,3.636016,24.03517902130023,25.1725,1.7902743276701971,1.8180782867293412,-0.045181089629546894,OQMD
Pb,Sn,30.321,27.053,1.9344238453824663,1.8622684018206264,4.991052295134856,31.08253058502088,29.504,1.950484874350147,1.9168910516039408,0.053502256813343224,VASP,4.884778672743215,29.139002524123374,27.87,1.9089535337109496,1.8808296093298678,0.04553292156883289,VASP,3.878114,29.162967800762473,28.687,1.9094767278192337,1.8990315266262532,0.01659175936007502,OQMD
Pb,Sr,30.321,56.0,1.9344238453824663,2.3733755965792427,5.038326513164409,31.974144652536072,36.740750000000006,1.9689594648294448,2.0623061460150325,-0.12973620155995544,VASP,5.34184506235169,38.10779943060876,49.58025,2.08757339717625,2.278977483483586,-0.2313915433946227,VASP,4.106675,34.62908429079815,43.1605,2.022013881287928,2.1760353819325444,-0.1976672121315057,OQMD
Pb,Ta,30.321,18.014,1.9344238453824663,1.6261995992423404,4.7271250095356985,26.40774216055024,27.24425,1.847343062153299,1.8666465093572333,-0.030704014221340732,VASP,4.254069098519187,19.246582613076992,21.09075,1.6624745525488118,1.71396179931253,-0.08743963049787266,VASP,3.481937,21.10730235611196,24.1675,1.7144100635599466,1.7935536522100364,-0.12662450166082723,OQMD
Pb,Tb,30.321,32.09,1.9344238453824663,1.9713347123038616,4.8828611288017125,29.10470001612932,30.763250000000003,1.9082041645934493,1.9437833981983967,-0.05391335388395834,VASP,4.788821816414482,27.455290464896525,31.647750000000002,1.8714539472927059,1.96223677162794,-0.1324725939475469,VASP,3.861655,28.79323211822129,31.2055,1.901372768661979,1.9530536739598257,-0.07730265119221645,OQMD
Pb,Ti,30.321,17.649,1.9344238453824663,1.6151412089743407,4.776118865088568,27.237383694803047,27.153000000000002,1.8664896806499873,1.8645601729239938,0.003107711663648374,VASP,4.200669580502074,18.530859962382348,20.817,1.6416062173699772,1.7065139559224096,-0.1098208213295697,VASP,3.510353,21.628299649038375,23.985,1.7284013208302875,1.7890275884253122,-0.098257258743449,OQMD
Pb,V,30.321,13.824,1.9344238453824663,1.48884117815856,4.768040002113348,27.099400264475577,26.19675,1.8633324907222288,1.842409943089315,0.03445657436420835,VASP,3.980776734511585,15.770427640034894,17.94825,1.5556729021650186,1.6242186774575682,-0.12133898067862367,VASP,3.490499,21.26339260843236,22.0725,1.718625756998455,1.7401538180500495,-0.03665680786352444,OQMD
Pb,W,30.321,15.85,1.9344238453824663,1.5582849840929494,4.671446179976131,25.48555277187366,26.70325,1.8255839804094918,1.8542082289403101,-0.04560108706342263,VASP,4.124127284168077,17.536228283390013,19.46775,1.611693769569537,1.6688182880389921,-0.09921648452491869,VASP,3.411135,19.84571393025194,23.0855,1.6795491050416933,1.7663776405835658,-0.14033857052037255,OQMD
Pb,Y,30.321,33.018,1.9344238453824663,1.9901572114304584,4.90033088535902,29.41820882046943,30.995250000000002,1.9150312811830357,1.9486574914395987,-0.05088009225705781,VASP,4.879786213441308,29.04974976830925,32.34375,1.9070024989835295,1.976517151703132,-0.10184348542425503,VASP,4.022882,32.55231550589056,31.6695,1.9807565114802954,1.9626861861625076,0.027875890237943835,OQMD
Pb,Zn,30.321,15.207,1.9344238453824663,1.536921356892218,4.730099950569109,26.457631423505898,26.542500000000004,1.848505658164045,1.8504800425096495,-0.0031974597906793234,VASP,4.30054859331161,19.884358588368677,18.985500000000002,1.6806385681109064,1.6549230691849126,0.0473444780684562,VASP,3.652504,24.36363614618766,22.764000000000003,1.7983925656302682,1.7581394645369974,0.07027043341186329,OQMD
Pb,Zr,30.321,23.279,1.9344238453824663,1.771299106960212,4.781861370949658,27.33574743357289,28.5605,1.8687338308132386,1.896236050590283,-0.04288274247394514,VASP,4.514903356238175,23.008345171755174,25.0395,1.764407620829654,1.814870665608838,-0.0811180266476897,VASP,3.745762,26.277893178063895,26.8,1.8443102412537713,1.8564448908076918,-0.019481597833436785,OQMD
Pd,Pt,14.716,15.095,1.5201988160139424,1.5331388987435077,3.93334359634142,15.213378344673814,14.810749999999999,1.5371362062794534,1.5234544743481149,0.027184872114768992,VASP,3.950684418444985,15.415479116890813,15.000250000000001,1.54391293575888,1.529924370458332,0.02768147976805798,VASP,3.140401,15.485503306804954,14.9055,1.546247125669913,1.5266962770010089,0.03891203292777528,OQMD
Pd,Re,14.716,14.712,1.5201988160139424,1.520061066935985,3.918230120030329,15.038683695416326,14.715,1.531229915341094,1.5201643810848071,0.021996853239301818,VASP,3.891346051194189,14.731248972649913,14.713,1.5207237201491515,1.5200955065460051,0.0012403298205610146,VASP,3.109896,15.038606702856077,14.713999999999999,1.5312273022242573,1.5201299445955536,0.02206107807911366,OQMD
Pd,Rh,14.716,13.754,1.5201988160139424,1.4863239306523217,3.9063608563165455,14.902429879714097,14.475499999999998,1.5265914507499747,1.5118718753250786,0.029493273442305856,VASP,3.847048389393549,14.233868713325732,13.9945,1.5034123568930604,1.4949371198556682,0.017104484856603066,VASP,3.096247,14.84146597386133,14.235,1.5245069098226918,1.5034521854958285,0.042603861879967064,OQMD
Pd,Ru,14.716,13.571,1.5201988160139424,1.4797025210257315,3.914350342518802,14.994054623149543,14.429749999999999,1.5297137125636848,1.5102774310240987,0.03910702702053358,VASP,3.8266492823176654,14.008640484082381,13.85725,1.495440460898193,1.490033894509993,0.010925002008506777,VASP,3.085472938221743,14.687072186789559,14.1435,1.5192020579721097,1.5002239526996217,0.03843265010708517,VASP
Pd,Sc,14.716,24.987,1.5201988160139424,1.8136013727062499,4.0,16.0,17.283749999999998,1.563185283593544,1.6039215487208505,-0.07427496926303596,VASP,4.359616811738776,20.71500128845271,22.419249999999998,1.703722210554265,1.749218882621842,-0.07601720448040353,VASP,3.3254270950937173,18.387060177103137,19.851499999999998,1.6373488886971788,1.6797123148245745,-0.07376973140049169,VASP
Pd,Si,14.716,20.024,1.5201988160139424,1.6845635878380372,3.865822392921071,14.443275684771,16.043,1.5107491684001493,1.5645843844630987,-0.09971478621386266,VASP,3.9156957930089114,15.009521322355551,18.697,1.5302395096651706,1.646497616077794,-0.19722301319165897,VASP,3.050977028740784,14.199950082485152,17.37,1.5022172204044544,1.6065851056441256,-0.18250143451438391,VASP
Pd,Sn,14.716,27.053,1.5201988160139424,1.8622684018206264,4.032152719032834,16.388942330266485,17.80025,1.5757504478984552,1.6197419524531524,-0.07928583417275117,VASP,4.537771657468086,23.35973562609874,23.96875,1.7733444688154993,1.7886234710434985,-0.02540868313538505,VASP,3.3685835334259844,19.112256636965903,20.8845,1.6585979326012594,1.7083564470489578,-0.08485926706572322,VASP
Pd,Sr,14.716,56.0,1.5201988160139424,2.3733755965792427,4.255114298992529,19.260772425029604,25.037,1.6628830130483954,1.8148102633421122,-0.23070765566842655,VASP,4.947348621118213,30.273145785221615,45.679,1.9334056393347006,2.217563132963733,-0.337263386124442,VASP,3.72520513157874,25.847621290913906,35.358,1.8341886043325157,2.0361027667873097,-0.26897388735466066,VASP
Pd,Ta,14.716,18.014,1.5201988160139424,1.6261995992423404,3.9591804894654734,15.515147567208354,15.540499999999998,1.5472331690557781,1.5480754594346748,-0.001631378191927166,VASP,4.109902976490124,17.355403580893697,17.1895,1.6061349624616665,1.6010007855300512,0.00965144890157932,VASP,3.221359011659697,16.714269086581886,16.365,1.5861086251499976,1.5749827448245877,0.021342443420830307,VASP
Pd,Tb,14.716,32.09,1.5201988160139424,1.9713347123038616,4.034906569943474,16.42254487833742,19.0595,1.576826642702636,1.6570704191904009,-0.13835384567604506,VASP,4.577523607841426,23.979039717046795,27.7465,1.7888793847699358,1.8780473296095672,-0.1357814601103997,VASP,3.516144,21.73551640465916,23.403000000000002,1.7312526500410332,1.7744385925143518,-0.07125084798277331,OQMD
Pd,Ti,14.716,17.649,1.5201988160139424,1.6151412089743407,3.9123632361748126,14.971231174198618,15.44925,1.52893715871522,1.5450395366056724,-0.030941231826877136,VASP,4.021224077603207,16.2560427058061,16.91575,1.571479575035339,1.5924563963012515,-0.03899958879706193,VASP,3.16955223701819,15.920758165151222,16.1825,1.5606003934370225,1.569106189268415,-0.0161743757051617,VASP
Pd,V,14.716,13.824,1.5201988160139424,1.48884117815856,3.888285111146995,14.696513426441498,14.492999999999999,1.5195275160402175,1.5124808837193258,0.014042187707272474,VASP,3.809844142906472,13.824888491545304,14.047,1.488873074244114,1.4968041928491989,-0.015812024521584464,VASP,3.1231429661118555,15.231602579646736,14.27,1.5377497441908416,1.5046833705685463,0.06738630551133405,VASP
Pd,W,14.716,15.85,1.5201988160139424,1.5582849840929494,3.9366704180506,15.25201342648234,14.9995,1.5384363159636856,1.5298988717188198,0.016834789591809157,VASP,3.965485730121243,15.589392187280646,15.5665,1.5496972339064319,1.5489383131841599,0.001470605934580457,VASP,3.153164578400128,15.675085628388059,15.283,1.5525315608151256,1.5394774598822547,0.025655017234054805,VASP
Pd,Y,14.716,33.018,1.5201988160139424,1.9901572114304584,4.125087597731648,17.548481202604062,19.2915,1.6120690565770892,1.6637668338574056,-0.09035164696347807,VASP,4.662870558945778,25.34545473747541,28.4425,1.8222326592614109,1.89362096193831,-0.10888794102222338,VASP,3.5253060901259423,21.90586959958812,23.867,1.7357638113616312,1.7860889128754138,-0.08216912056026657,VASP
Pd,Zn,14.716,15.207,1.5201988160139424,1.536921356892218,3.905449650452215,14.892003796663914,14.83875,1.5262353548506133,1.524413909721446,0.0035888330663913777,VASP,3.8630233591636527,14.411925600883306,15.08425,1.5096553163056798,1.5327748674502002,-0.04457128455950378,VASP,3.073664698425901,14.519092494116904,14.961500000000001,1.5133880052942696,1.5286058214897735,-0.02956972936424132,VASP
Pd,Zr,14.716,23.279,1.5201988160139424,1.771299106960212,4.021640172842503,16.261089498859434,16.856749999999998,1.5716421835239993,1.5906028106616958,-0.035336615963371606,VASP,4.3533738260264,20.626136812904683,21.13825,1.7012824747064472,1.7152475469031152,-0.0242268488212277,VASP,3.3520120511390403,18.83157821289224,18.9975,1.6504385902579481,1.6552716666978817,-0.008733874831307246,VASP
Pt,Re,15.095,14.712,1.5331388987435077,1.520061066935985,3.945979178825528,15.36046548171396,14.99925,1.5420741454266507,1.5298903719500967,0.024082236226075356,VASP,3.903271877480962,14.867105263778665,14.807749999999999,1.5253842891856955,1.5233516060026682,0.0040083918069029065,VASP,3.134672,15.400907706696119,14.903500000000001,1.5434263235548447,1.5266279905937343,0.033375227744900024,OQMD
Pt,Rh,15.095,13.754,1.5331388987435077,1.4863239306523217,3.926396975219853,15.132916234055255,14.75975,1.5344214923024697,1.521703819586697,0.025282693409797226,VASP,3.856025073590648,14.333741115268099,14.08925,1.5069204120511535,1.4983033665596237,0.01735302555268017,VASP,3.106136,14.984125630318118,14.4245,1.5293759815831929,1.5100942465543028,0.038796882409658444,OQMD
Pt,Ru,15.095,13.571,1.5331388987435077,1.4797025210257315,3.9190593807568064,15.048234152345794,14.714,1.531553987382067,1.5201299445955536,0.022715383467839693,VASP,3.836440089160395,14.116442720903722,13.952,1.4992666721909584,1.4934222568073594,0.011786318872113089,VASP,3.107086,14.997878350890373,14.333,1.5298437354685681,1.50689444020927,0.046387940479339466,OQMD
Pt,Sc,15.095,24.987,1.5331388987435077,1.8136013727062499,4.0,16.0,17.568,1.563185283593544,1.6126665250029166,-0.08925318761384342,VASP,4.320695926119162,20.165134307963605,22.514,1.6885120716480133,1.7516796481115,-0.10432911486348026,VASP,3.28943285,17.79643775482405,20.041,1.6196263118616665,1.6850401739439989,-0.11199851530242748,MP
Pt,Si,15.095,20.024,1.5331388987435077,1.6845635878380372,3.905550928487628,14.893162386943231,16.32725,1.5262749339342405,1.5737707808009818,-0.08783399611427326,VASP,3.91562487171833,15.008705777380106,18.79175,1.530211793885738,1.6492742265999627,-0.2013140991456301,VASP,3.084032,14.666504887425042,17.5595,1.5184925796017876,1.6124063952821563,-0.16475384336541235,OQMD
Pt,Sn,15.095,27.053,1.5331388987435077,1.8622684018206264,4.053002023181321,16.644489145072292,18.084500000000002,1.5838982792529752,1.6283182816428337,-0.07962679946516131,VASP,4.526905785322809,23.192329718340773,24.0635,1.7690981259577725,1.7909772198720835,-0.03620297469857787,VASP,3.375899,19.23704403719335,21.074,1.6621998672468687,1.7135079437350598,-0.0871669337955135,OQMD
Pt,Sr,15.095,56.0,1.5331388987435077,2.3733755965792427,4.214373744440139,18.71281618563029,25.32125,1.6469617542179613,1.8216524012287059,-0.26098371187716674,VASP,4.976622323452952,30.813714804778453,45.77375,1.9448456945061912,2.2190953395730526,-0.326825641229341,VASP,3.673494,24.786089231465613,35.5475,1.808727464634507,2.0397337622994853,-0.3027332658705784,OQMD
Pt,Ta,15.095,18.014,1.5331388987435077,1.6261995992423404,3.9876372488486727,15.852105026658807,15.824750000000002,1.558353965927423,1.557457063835507,0.0017286229898611325,VASP,4.106563605092124,17.31313319569428,17.28425,1.6048299484052146,1.6039370151375945,0.0016710702341311177,VASP,3.239434,16.9972010944395,16.5545,1.595008252543987,1.5810386481249576,0.026742039592829704,OQMD
Pt,Tb,15.095,32.09,1.5331388987435077,1.9713347123038616,4.590340971498041,24.181032866453755,19.34375,1.7938883633305576,1.665267554408792,0.2500695504467208,VASP,4.0,16.0,27.841250000000002,1.563185283593544,1.8801826477740844,-0.4253131594307009,VASP,3.514847,21.71147253678466,23.5925,1.7306140428943682,1.7792150825735007,-0.07972989141529466,MP
Pt,Ti,15.095,17.649,1.5331388987435077,1.6151412089743407,3.939133054342777,15.280654632596304,15.733500000000001,1.5393987051663793,1.5544577115615619,-0.028782239641764178,VASP,4.011336205134217,16.136420354453787,17.0105,1.5676154308529455,1.5954241314922792,-0.05138471212170212,VASP,3.179305,16.068176126861395,16.372,1.565402385834797,1.5752072749733217,-0.018557529510054023,MP
Pt,V,15.095,13.824,1.5331388987435077,1.48884117815856,3.9102472371048185,14.94695276844295,14.77725,1.5281102340636419,1.5223049882867268,0.011484056129723006,VASP,3.8148737610361847,13.879714156634815,14.14175,1.4908386305047296,1.5001620750360045,-0.018529237425720636,VASP,3.108522,15.018682643303523,14.4595,1.5305507823942512,1.5113146379701448,0.03867233606303968,OQMD
Pt,W,15.095,15.85,1.5331388987435077,1.5582849840929494,3.965552134580272,15.590175361822537,15.283750000000001,1.5497231845247117,1.5395026423117144,0.020049095400182248,VASP,3.9717048181296586,15.66285400610398,15.661249999999999,1.5521276306194638,1.5520746452315832,0.00010241877908734637,VASP,3.17792,16.04718594442854,15.4725,1.564720449907171,1.5458142055850983,0.037142410368624416,OQMD
Pt,Y,15.095,33.018,1.5331388987435077,1.9901572114304584,4.118097391345522,17.459421453571597,19.57575,1.609337309639071,1.6718985979639573,-0.10810970442656871,VASP,4.643426916535252,25.02971198501339,28.53725,1.8146341553425134,1.8957213600573586,-0.12291086264396925,VASP,3.495364,21.352426285784393,24.0565,1.7210211492640874,1.790803539728869,-0.11240511771103888,OQMD
Pt,Zn,15.095,15.207,1.5331388987435077,1.536921356892218,3.9261693196929808,15.130284132185615,15.123000000000001,1.534332525360136,1.5340862626366265,0.0004816592068778586,VASP,3.870297452812568,14.4934921975859,15.179,1.5124980053415464,1.5359774881225257,-0.04516159183174786,VASP,3.080862,14.621325348383534,15.151,1.516931758742167,1.5350324578971997,-0.03495971563701839,OQMD
Pt,Zr,15.095,23.279,1.5331388987435077,1.771299106960212,4.040698303807153,16.49336555416271,17.141000000000002,1.5790900309881841,1.5994936313376091,-0.03778276914049884,VASP,4.338076396758607,20.40946387662226,21.233,1.695304295629391,1.7178065332916828,-0.03878566963583756,VASP,3.360111,18.96840778049852,19.187,1.6544262900444424,1.6607572438669223,-0.011392725256761407,MP
Re,Rh,14.712,13.754,1.520061066935985,1.4863239306523217,3.877532096102757,14.574921110418755,14.472499999999998,1.5153252773223642,1.5117674246096733,0.007076946651840143,VASP,3.834320039917329,14.09305305404812,13.993500000000001,1.4984381647466447,1.4949015112777984,0.0071142354699052475,VASP,3.086155,14.69681432878359,14.233,1.5195378864424738,1.503381771136758,0.03258724996723037,OQMD
Re,Ru,14.712,13.571,1.520061066935985,1.4797025210257315,3.881462404327585,14.619285938966657,14.426749999999998,1.516861227316624,1.5101727596259624,0.013345759714880938,VASP,3.8246501211478328,13.986696297706812,13.85625,1.4946591960681395,1.4899980511851771,0.009414256938696476,VASP,3.084595,14.674538607304974,14.1415,1.5187697853254363,1.5001532349530637,0.03769321552204319,OQMD
Re,Sc,14.712,24.987,1.520061066935985,1.8136013727062499,3.99651162374972,15.958175980690918,17.280749999999998,1.5618220389890252,1.6038287439558505,-0.0765345265285986,VASP,4.299555427441232,19.870585527423675,22.41825,1.6802504425427212,1.7491928745426102,-0.1136424329542371,VASP,3.24467,17.079753730177785,19.8495,1.597586315011171,1.6796559036809253,-0.13953733191376178,OQMD
Re,Si,14.712,20.024,1.520061066935985,1.6845635878380372,3.862217498699165,14.402908121024476,16.04,1.5093403890010006,1.5644868539563965,-0.10206308472415981,VASP,4.0,16.0,18.696,1.563185283593544,1.646468261511625,-0.14420196833547289,VASP,2.988293,13.342571440075796,17.368000000000002,1.4713533277786885,1.60652344197992,-0.23177271763727578,OQMD
Re,Sn,14.712,27.053,1.520061066935985,1.8622684018206264,4.017037423619491,16.2053211412241,17.79725,1.5698434460616284,1.6196509518797653,-0.08944802476651718,VASP,4.0,16.0,23.967750000000002,1.563185283593544,1.7885985963163922,-0.3324362946042078,VASP,3.27171,17.510333133710606,20.8825,1.6109000677064844,1.7083019118359715,-0.1614829099144927,OQMD
Re,Sr,14.712,56.0,1.520061066935985,2.3733755965792427,4.1710662668144565,18.141837711293178,25.034,1.6300373512944553,1.8147377753142615,-0.2753120671369666,VASP,4.0,16.0,45.678,1.563185283593544,2.217546950623815,-0.6497219668111563,VASP,3.684581,25.011188489964148,35.356,1.8141863986630922,2.036064375830841,-0.29258998501063055,OQMD
Re,Ta,14.712,18.014,1.520061066935985,1.6261995992423404,3.973294160842637,15.681664773983501,15.537499999999998,1.5527487399043425,1.5479758374736265,0.009278505163861821,VASP,4.126023478581123,17.5604278680461,17.1885,1.6124347953698634,1.6009697388284285,0.021638180646717294,VASP,3.198334,16.358423560356762,16.363,1.5747717423451195,1.574918581593717,-0.00027968218806071664,OQMD
Re,Tb,14.712,32.09,1.520061066935985,1.9713347123038616,4.031982169543188,16.386862790338157,19.0565,1.5756837977853702,1.6569834726614383,-0.1400906362480961,VASP,4.434405774501781,21.799488426940627,27.745500000000003,1.7329494620458539,1.8780247673657764,-0.21430543955089565,VASP,3.448145,20.49871159786282,23.401000000000003,1.6977718116708922,1.7743880437487451,-0.12402411871873784,OQMD
Re,Ti,14.712,17.649,1.520061066935985,1.6151412089743407,3.927379621107354,15.14428086670398,15.44625,1.5348055067000512,1.5449395227179554,-0.019549672787635787,VASP,4.006393728520538,16.07684744688317,16.91475,1.5656839291761935,1.5924250155313089,-0.049536797949531045,VASP,3.10808087,15.012289652031066,16.180500000000002,1.5303335821085087,1.5690415445045938,-0.07219865566385066,MP
Re,V,14.712,13.824,1.520061066935985,1.48884117815856,3.879349765425053,14.595427561755015,14.489999999999998,1.5160356158061274,1.5123765171109542,0.007275884179090163,VASP,3.820343896365969,13.939506043836635,14.046,1.4929763392664255,1.4967686730534369,-0.007581799527507048,VASP,3.025545,13.847802296269379,14.268,1.4896951885555307,1.5046130714014392,-0.029450357704697373,OQMD
Re,W,14.712,15.85,1.520061066935985,1.5582849840929494,3.935069508915376,15.233413576772907,14.9965,1.5378106865635475,1.529796868260057,0.01579792463394179,VASP,3.984354937967915,15.812992602160442,15.5655,1.5570712509111782,1.5489051442748019,0.015900074020136955,VASP,3.14494,15.552746637232893,15.280999999999999,1.5484820044969851,1.539410302708968,0.017783301958830856,OQMD
Re,Y,14.712,33.018,1.520061066935985,1.9901572114304584,4.104657003029501,17.289029880551766,19.2885,1.6040848553337241,1.6636805858681447,-0.1036612551234276,VASP,4.0,16.0,28.4415,1.563185283593544,1.8935987692905145,-0.43744176643285343,VASP,3.447211,20.482058634249025,23.865000000000002,1.6973119357456918,1.7860390214268236,-0.14175325228371996,OQMD
Re,Zn,14.712,15.207,1.520061066935985,1.536921356892218,3.8803629044286554,14.606865864580918,14.835749999999999,1.516431546801294,1.5243111708348671,-0.015427877621224486,VASP,3.835321357049272,14.104096968611383,15.08325,1.4988294757978604,1.5327409952824287,-0.06491658173063605,VASP,3.039248,14.036810053685613,14.9595,1.496442169072686,1.5285377055950031,-0.06167919691930793,OQMD
Re,Zr,14.712,23.279,1.520061066935985,1.771299106960212,4.033260289793169,16.40245141667234,16.853749999999998,1.5761832824767288,1.5905084450704647,-0.026777339365284255,VASP,4.0,16.0,21.13725,1.563185283593544,1.7152204983915986,-0.24304249606736927,VASP,3.304535,18.042681074447664,18.9955,1.6270621953774775,1.6552135773086658,-0.05016024456067678,OQMD
Rh,Ru,13.754,13.571,1.4863239306523217,1.4797025210257315,3.81419493101307,13.872306081716665,13.70825,1.490573346229181,1.4846741110856947,0.011967689655256204,VASP,3.8025797219963047,13.745957360163867,13.61675,1.4860341652789633,1.4813634268966465,0.009488854547808229,VASP,3.061244,14.343787581752805,13.6625,1.5072723948229116,1.4830206166778575,0.049865513760498095,OQMD
Rh,Sc,13.754,24.987,1.4863239306523217,1.8136013727062499,3.919688570084973,15.055483117654203,16.56225,1.5317998722566628,1.5812853310596897,-0.09097597743940561,VASP,4.308248771407711,19.991359414003533,22.17875,1.6836477693811251,1.7429415322436685,-0.09862551252872537,VASP,3.21690608,16.645051719406837,19.3705,1.5839161240077515,1.6660348201324362,-0.1407009772898564,MP
Rh,Si,13.754,20.024,1.4863239306523217,1.6845635878380372,3.7840698082435096,13.546198259998784,15.3215,1.4788005590842246,1.540769095077212,-0.11586996965057055,VASP,3.827092400209761,14.01350756043962,18.456500000000002,1.495613629740148,1.6394074811204327,-0.24072778910196305,VASP,2.983008,13.271904823254367,16.889,1.4687511390584693,1.5916165343814697,-0.21416870014480624,MP
Rh,Sn,13.754,27.053,1.4863239306523217,1.8622684018206264,3.95019120147803,15.40970627410056,17.07875,1.5437201883827893,1.5975550191460133,-0.09772633980235314,VASP,4.473676675023723,22.38379853830267,23.728250000000003,1.7482963854881954,1.7826210615261733,-0.05666037156964092,VASP,3.269665,17.477518868194824,20.4035,1.6098931659216502,1.6951391505005333,-0.14340584369373768,OQMD
Rh,Sr,13.754,56.0,1.4863239306523217,2.3733755965792427,4.132525899135157,17.643582023313307,24.3155,1.614975917399314,1.7972074009685564,-0.27438950367817616,VASP,4.985708824390479,30.98280561899841,45.4385,1.9483966656424165,2.2136644584113565,-0.3181375789474034,VASP,3.603539,23.39686581457554,34.877,1.7742835456330044,2.026827729521109,-0.3291605982574321,OQMD
Rh,Ta,13.754,18.014,1.4863239306523217,1.6261995992423404,3.879533272622064,14.597498908394018,14.818999999999999,1.5161073297435779,1.5237372906913627,-0.014947101127335275,VASP,4.096289453767399,17.183511612672177,16.949,1.6008148478671589,1.5934991034488024,0.013836309674445428,VASP,3.187857,16.198190396497658,15.884,1.5696131555481965,1.5593984194385664,0.019780307006903662,OQMD
Rh,Tb,13.754,32.09,1.4863239306523217,1.9713347123038616,3.9999999997807407,15.999999997368889,18.338,1.5631852835078583,1.6358913387354168,-0.12749481964396947,VASP,4.0,16.0,27.506000000000004,1.563185283593544,1.8726054216988024,-0.41830873264015134,VASP,3.42011509,20.002863275965243,22.922,1.683970654503293,1.76219771173888,-0.12735087357275793,MP
Rh,Ti,13.754,17.649,1.4863239306523217,1.6151412089743407,3.837314004994151,14.126091817145953,14.72775,1.499608195283565,1.5206033096293077,-0.040852009495954716,VASP,3.9913258822057744,15.896136144266968,16.675250000000002,1.5597954702725214,1.5848734184508266,-0.046722769117886295,VASP,3.115202,15.115713205335812,15.7015,1.533839830767206,1.5534031378092072,-0.037307696377045986,MP
Rh,V,13.754,13.824,1.4863239306523217,1.48884117815856,3.790889924404775,13.619574223694949,13.7715,1.4814658353881467,1.486954041770486,-0.011031897491562342,VASP,3.7882922974095656,13.591595830105865,13.8065,1.4804506923153524,1.4882126643973541,-0.0155654343891743,VASP,3.033698,13.960052131387629,13.789,1.4937095016370723,1.4875836193094445,0.012404970004179361,OQMD
Rh,W,13.754,15.85,1.4863239306523217,1.5582849840929494,3.850163890605826,14.268478278938373,14.278,1.5046298833045728,1.5049645015705702,-0.0006668805898324436,VASP,3.9524311386791817,15.435935144188232,15.325999999999999,1.5445955476000428,1.5409199241353193,0.007173113936332574,VASP,3.128873,15.315592803089938,14.802,1.5405710553640117,1.5231544028320174,0.03469752756991883,OQMD
Rh,Y,13.754,33.018,1.4863239306523217,1.9901572114304584,4.03665432981216,16.443894889066456,18.57,1.5775096608291324,1.6427611798694945,-0.11449138992641594,VASP,4.641217247646844,24.993996297941592,28.202,1.8137706248705197,1.8882685782555932,-0.11375092908511486,VASP,3.41784978,19.963142963495518,23.386,1.682855278130578,1.7740088361710007,-0.1463635096427128,MP
Rh,Zn,13.754,15.207,1.4863239306523217,1.536921356892218,3.821069861114578,13.947454160589452,14.11725,1.4932600436192838,1.4992952512411049,-0.012027543566243339,VASP,3.821316020284184,13.9501498832864,14.84375,1.4933562417171213,1.5245851104315047,-0.060200428915442514,VASP,2.99022635,13.368485117244234,14.4805,1.4723052561726784,1.5120459277856986,-0.07679395620011503,MP
Rh,Zr,13.754,23.279,1.4863239306523217,1.771299106960212,3.948430154365177,15.389105912475197,16.13525,1.5430319776501575,1.5675775308722775,-0.046243106708901485,VASP,4.32616336795235,20.241782565306206,20.897750000000002,1.6906487278011488,1.7087176549239147,-0.03138938089956077,VASP,3.28272273,17.687750810972727,18.5165,1.6163224332286832,1.64118206912253,-0.0447573347569613,MP
Ru,Sc,13.571,24.987,1.4797025210257315,1.8136013727062499,3.921701458197103,15.078689477843776,16.425,1.5325865015252633,1.5769052157532264,-0.08196715507800455,VASP,4.294528459735926,19.800969923689532,22.133,1.6782859220582125,1.7417422691868913,-0.10536439146570582,VASP,3.2161608616015904,16.633486577143387,19.279,1.5835491989537418,1.6634074082227863,-0.13722254384857166,VASP
Ru,Si,13.571,20.024,1.4797025210257315,1.6845635878380372,3.779024110114099,13.492082770927,15.18425,1.476828718818887,1.5361545518794564,-0.11144226610290268,VASP,3.7837238108466655,13.5424827993705,18.41075,1.4786653445744975,1.6380517717466265,-0.2644252515855954,VASP,2.930959510968175,12.589238505314125,16.7975,1.4431238938242072,1.5887370130526144,-0.25052903674272214,VASP
Ru,Sn,13.571,27.053,1.4797025210257315,1.8622684018206264,3.944374051796453,15.341728329804559,16.9415,1.5414468676891138,1.5932640255379402,-0.09442916330876502,VASP,4.43474714159339,21.804523284748086,23.6825,1.7330828670493306,1.781474644848138,-0.07929807728288461,VASP,3.2256742164632897,16.781528420530414,20.312,1.5882333133742825,1.6926013886883666,-0.17381211005659644,VASP
Ru,Sr,13.571,56.0,1.4797025210257315,2.3733755965792427,4.127969611295389,17.58528791446219,24.17825,1.6131953368745786,1.7938195443338032,-0.2726815251533014,VASP,5.01128555431109,31.46208211668594,45.39275,1.9583919575960032,2.2129212622391776,-0.3068919129886173,VASP,3.6042272861484017,23.410274978215796,34.7855,1.7746224388121254,2.02505371269484,-0.3270105366254389,VASP
Ru,Ta,13.571,18.014,1.4797025210257315,1.6261995992423404,3.884570474465707,14.654433124645042,14.681750000000001,1.518075849691696,1.5190185302667427,-0.0018606007700007886,VASP,4.0978666695105685,17.203368028056598,16.90325,1.6014312179768524,1.5920640477480523,0.017755048766160252,VASP,3.1615450342538454,15.800401457912105,15.7925,1.5566578669064859,1.5563983393764318,0.0005003297712271685,VASP
Ru,Tb,13.571,32.09,1.4797025210257315,1.9713347123038616,3.8535158102594496,14.305776776204324,18.20075,1.505939801173156,1.6317998605822939,-0.21400069908084424,VASP,4.158402809047415,17.977101697348687,27.460250000000002,1.6250885185892436,1.8715666272482654,-0.34534093107860686,VASP,3.405494,19.747419981499146,22.8305,1.676771631707586,1.7598498055789966,-0.1350421593263772,OQMD
Ru,Ti,13.571,17.649,1.4797025210257315,1.6151412089743407,3.841842021911556,14.176157062255596,14.5905,1.5013777276358526,1.515864987026783,-0.028398131506418855,VASP,3.9858497093386247,15.830796495910159,16.6295,1.557655402063436,1.5834226781664045,-0.04802931561922136,VASP,3.069645404492605,14.462209038204607,15.61,1.5114090154482016,1.5503797879613022,-0.07352920959611739,VASP
Ru,V,13.571,13.824,1.4797025210257315,1.48884117815856,3.788393991185498,13.592690427113935,13.63425,1.4804904338688452,1.4819977623601601,-0.003048174478688975,VASP,3.7871608969560655,13.579421786242387,13.76075,1.480008545180662,1.4865670367970638,-0.01317720427720968,VASP,2.993423108207504,13.411406468333338,13.6975,1.4738792520381154,1.4842859161296775,-0.020886550952119873,VASP
Ru,W,13.571,15.85,1.4797025210257315,1.5582849840929494,3.844461660303687,14.205175746302928,14.14075,1.5024014726815815,1.5001267140791088,0.004556034602332052,VASP,3.9566585221437833,15.48551736276873,15.280249999999999,1.5462475935050357,1.5393851172582707,0.013433508140817826,VASP,3.1094971383664616,15.032821087565523,14.7105,1.5310309137202418,1.520009404594684,0.021910953914926302,VASP
Ru,Y,13.571,33.018,1.4797025210257315,1.9901572114304584,4.037232506962056,16.450961765748524,18.43275,1.577735610332139,1.638703977554982,-0.10751451814034667,VASP,4.630857410060256,24.826999463263462,28.15625,1.8097220384565764,1.8872469598909591,-0.11824197244791256,VASP,3.404689536142656,19.733428766200294,23.2945,1.6763755358182,1.7716921514047057,-0.15287176087916482,VASP
Ru,Zn,13.571,15.207,1.4797025210257315,1.536921356892218,3.8126711904352506,13.855687094373474,13.98,1.4899778740173655,1.4944206293516495,-0.008892196396747239,VASP,3.811847088738789,13.846704394244227,14.798,1.4896558181063424,1.5230171878947558,-0.06428541733719237,VASP,3.0199819164189257,13.771556607242134,14.389,1.4869560791242518,1.5088544026703525,-0.04291079246353917,VASP
Ru,Zr,13.571,23.279,1.4797025210257315,1.771299106960212,3.952859353223423,15.440952770952078,15.998000000000001,1.5447628922684875,1.5631201481593424,-0.03481980429103154,VASP,4.322860040200712,20.19544991917902,20.852,1.6893577994690872,1.7074698180506707,-0.03148619225115007,VASP,3.26521370416661,17.406234737920364,18.425,1.6077014702153103,1.6384742824718774,-0.055292551537565064,VASP
Sc,Si,24.987,20.024,1.8136013727062499,1.6845635878380372,4.303004982892201,19.918450728540325,23.74625,1.6815985161216946,1.7830717067677457,-0.16119594763213876,VASP,3.9626844277693856,15.55637749899017,21.26475,1.548602495253602,1.718662326867847,-0.26844296316720534,VASP,3.327850473459524,18.427287746971484,22.505499999999998,1.6385420935880632,1.7514591756472238,-0.18120958223672057,VASP
Sc,Sn,24.987,27.053,1.8136013727062499,1.8622684018206264,4.517098973196873,23.041928670489895,25.5035,1.7652656598592151,1.8260124124769748,-0.09651896129982566,VASP,4.628767223651869,24.793396849347246,26.5365,1.8089052012981872,1.8503405967532005,-0.06568700283205223,VASP,3.6191249394190623,23.70176744176915,26.02,1.7819576337598362,1.8382569966995546,-0.08909425665760377,VASP
Sc,Sr,24.987,56.0,1.8136013727062499,2.3733755965792427,4.822165635552028,28.032793640356495,32.74025,1.8844845891363597,1.9845610374173468,-0.1437819307929386,VASP,5.256297997141873,36.3061289021433,48.24675,2.054141918828599,2.2583598880336595,-0.24749068274768143,VASP,4.146947984217048,35.657900457684825,40.4935,2.0418431916491717,2.1302581502994418,-0.11941668520417284,VASP
Sc,Ta,24.987,18.014,1.8136013727062499,1.6261995992423404,4.437946532740331,21.851749115411145,23.24375,1.73433317733867,1.7704045978090996,-0.05988710447276594,VASP,4.25683590924311,19.28416048866356,19.75725,1.663555812000343,1.6770498108650487,-0.023945109331331017,VASP,3.423892070064917,20.06920655225406,21.5005,1.685830335661556,1.7249902715598873,-0.0665702401221339,VASP
Sc,Tb,24.987,32.09,1.8136013727062499,1.9713347123038616,4.67490884420995,25.542267547811637,26.76275,1.8269371768525746,1.8555843853858387,-0.045603775852196195,VASP,4.798027980373887,27.613937498844603,30.31425,1.8750516822976284,1.934280288881354,-0.08907733165608248,VASP,3.809069,27.63290371948564,28.5385,1.875480867802669,1.8957490387007936,-0.03173244145678152,OQMD
Sc,Ti,24.987,17.649,1.8136013727062499,1.6151412089743407,4.463270130101559,22.22795586928532,23.1525,1.74422954601935,1.768084816008661,-0.03993279908064697,VASP,4.206524356671162,18.60845139496483,19.4835,1.6438942423565401,1.669268208258614,-0.04491229014474649,VASP,3.461701476845552,20.741437127940962,21.317999999999998,1.704446648214584,1.7200957238109937,-0.02704582381363335,VASP
Sc,V,24.987,13.824,1.8136013727062499,1.48884117815856,4.371840892886352,20.889740869156572,22.19625,1.7084993364931014,1.7433998306599112,-0.05886170550626466,VASP,3.9697718203021513,15.639996166973601,16.61475,1.5513722221801696,1.5829543860114124,-0.05866798074159404,VASP,3.305766511209124,18.062860657101986,19.4055,1.627668557643742,1.66703765319694,-0.06918859822720436,VASP
Sc,W,24.987,15.85,1.8136013727062499,1.5582849840929494,4.353722106920968,20.631087637986386,22.702749999999998,1.701418581598684,1.7565612010695555,-0.09125160440975706,VASP,4.095385366776254,17.17213646869701,18.134249999999998,1.6004615339972474,1.6298100685951793,-0.05305504949490548,VASP,3.3108651904841366,18.146567887092154,20.418499999999998,1.6301790071607623,1.6955544527565352,-0.11126831613036436,VASP
Sc,Y,24.987,33.018,1.8136013727062499,1.9901572114304584,4.701420106242284,25.979284719758656,26.99475,1.8372976805171837,1.8609308411725884,-0.03761713963794233,VASP,4.903819905656986,29.481090589474054,31.01025,1.9163947774790207,1.948971788505789,-0.049311418338321866,VASP,3.8364046131581966,28.232102230845502,29.002499999999998,1.888940172290945,1.9059680170611504,-0.0265631503889146,VASP
Sc,Zn,24.987,15.207,1.8136013727062499,1.536921356892218,4.383036850220325,21.05064341480558,22.542,1.7128746754281532,1.7524055181094385,-0.06615901806381069,VASP,4.077039264840958,16.942390631013186,17.652,1.5932919448581069,1.6152327183914756,-0.04019994159227367,VASP,3.3509982507727654,18.81449681187906,20.097,1.6499394228260322,1.6866082010662522,-0.06381565348663687,VASP
Sc,Zr,24.987,23.279,1.8136013727062499,1.771299106960212,4.562588548422051,23.745095850681395,24.56,1.783042818496445,1.8032111510639328,-0.03318013637290733,VASP,4.5273443344186255,23.199070720517582,23.706,1.769269509330951,1.7820636988533565,-0.021384007402447364,VASP,3.600252486400209,23.33290867987477,24.133,1.772665356679698,1.792699791052657,-0.03315341317387932,VASP
Si,Sn,20.024,27.053,1.6845635878380372,1.8622684018206264,4.213384403057178,18.699640549946842,21.78125,1.6465751232453876,1.7324660395293507,-0.1414799173625553,VASP,4.638856001098926,24.95586817496281,25.29575,1.8128478584068595,1.8210406918500475,-0.013436321320268915,VASP,3.497303187135164,21.387984235999994,23.5385,1.7219759517029747,1.7778565857257105,-0.09136163153981797,VASP
Si,Sr,20.024,56.0,1.6845635878380372,2.3733755965792427,4.307120067716783,19.97565112185093,29.018,1.6832066761313258,1.9063074963354711,-0.3116117195585178,VASP,5.1495372291740775,34.13851419773311,47.006,2.0124202034904983,2.2388322917365855,-0.27374134796125793,VASP,3.831833542377233,28.131306891735257,38.012,1.886689502692923,2.0858226080621143,-0.2599361545897281,VASP
Si,Ta,20.024,18.014,1.6845635878380372,1.6261995992423404,3.891604750010402,14.734187192469372,19.5215,1.5208248186947484,1.670352732733653,-0.24523283597728798,VASP,4.068719726243392,16.838885047767725,18.5165,1.590040699782606,1.64118206912253,-0.09060108293858317,VASP,3.149363774195738,15.618469986658017,19.019,1.5506601493054897,1.6558958703006328,-0.1787964673927116,VASP
Si,Tb,20.024,32.09,1.6845635878380372,1.9713347123038616,4.085204159851511,17.044383804986637,23.0405,1.5964827557887524,1.7652291751372908,-0.26024245111926236,VASP,4.5398456359824415,23.39177981409604,29.073500000000003,1.7741549719885314,1.9075220607018075,-0.1954260816862078,VASP,3.545125,22.277408212774414,26.057000000000002,1.7455220977800447,1.8391279074778586,-0.1450509186485623,OQMD
Si,Ti,20.024,17.649,1.6845635878380372,1.6151412089743407,3.8334477755800687,14.083437212507818,19.43025,1.4980972870527927,1.6677460718329213,-0.2751798246287198,VASP,3.9599855725812168,15.524614316860413,18.24275,1.547547792575428,1.6330540752732463,-0.1489981325808657,VASP,3.1083929430914,15.016812123214123,18.8365,1.5304872383201122,1.6505823629449103,-0.20278118954083177,VASP
Si,Tl,20.024,28.59,1.6845635878380372,1.8968886969006673,,,,,,,,4.783735,27.36789210508265,26.4485,1.8694660381528407,1.8482929730850972,0.03476159725816778,MP,3.595914,23.24865828102971,24.307000000000002,1.7705292052372292,1.7969979592091643,-0.04354061459539612,OQMD
Si,V,20.024,13.824,1.6845635878380372,1.48884117815856,3.770871326138194,13.404948450281655,18.474,1.4736426408360241,1.6399254660777094,-0.274388413430678,VASP,3.7377791419694577,13.055121476770704,15.374,1.4607103370123902,1.5425269334335507,-0.1508311775223947,VASP,2.9695965261492168,13.093698721466163,16.924,1.4621476980034032,1.5927152404757916,-0.22632363971483316,VASP
Si,W,20.024,15.85,1.6845635878380372,1.5582849840929494,3.8263042021127927,14.004851005412615,18.9805,1.4953056048237137,1.6547777768679683,-0.26214530674046443,VASP,3.932689153213025,15.205785846685465,16.8935,1.5368804523126391,1.5917578815774749,-0.099903167094713,VASP,3.0499691047008826,14.185881399086853,17.937,1.5017209463141101,1.6238792519947347,-0.2091274238118497,VASP
Si,Y,20.024,33.018,1.6845635878380372,1.9901572114304584,4.132537110968863,17.64372562854348,23.2725,1.6149802989426767,1.7711342299471338,-0.24186376072431076,VASP,4.646235783031606,25.075161816152793,29.7695,1.8157318500351831,1.922623783481401,-0.1576895206116061,VASP,3.537425012461456,22.132564128984143,26.521,1.7417308355816288,1.8499802645676735,-0.16547022627411703,VASP
Si,Zn,20.024,15.207,1.6845635878380372,1.536921356892218,3.9293812887576434,15.167448428304098,18.81975,1.5355877510534455,1.650092968178327,-0.19406748610879002,VASP,3.943359092891864,15.329888263045131,16.411250000000003,1.5410502254833371,1.5764650635475281,-0.06589149132179885,VASP,3.1759600389425877,16.017513266266956,17.6155,1.563755418960025,1.6141186486643322,-0.0907148098965709,VASP
Si,Zr,20.024,23.279,1.6845635878380372,1.771299106960212,3.985766148057434,15.829800863358932,20.83775,1.5576227466221768,1.7070807747995718,-0.2403306084697757,VASP,4.308445654403802,19.994100299327457,22.46525,1.6837247105316449,1.750414419180357,-0.10999876256318289,VASP,3.323606661507141,18.356879902028194,21.6515,1.6364525572411905,1.7290191099982681,-0.15216590527084983,VASP
Sn,Sr,27.053,56.0,1.8622684018206264,2.3733755965792427,4.866130820128338,28.80655670138978,34.28975,1.9016660215164,2.0153875427162378,-0.15990764874664345,VASP,5.300007687905915,37.219411965192805,48.76325,2.0712235051667927,2.2663901702535068,-0.23673233500242896,VASP,4.087898875736686,34.15626985450499,41.5265,2.012769033839029,2.1482207465693293,-0.1774825748737555,VASP
Sn,Ta,27.053,18.014,1.8622684018206264,1.6261995992423404,4.526217954923927,23.181759607255543,24.79325,1.7688293243684876,1.8089016299565366,-0.06499714207473636,VASP,4.217238368253428,18.75100095085813,20.27375,1.6480812386649524,1.691538262051498,-0.07510939264526141,VASP,3.408867596737378,19.806165510861316,22.5335,1.6784326980040047,1.7521852282871164,-0.12103465902494881,VASP
Sn,Tb,27.053,32.09,1.8622684018206264,1.9713347123038616,4.725750511688802,26.38471325932767,28.312250000000002,1.846805913451649,1.8907259798244567,-0.06808136904245808,VASP,4.225734019212567,18.86455138990106,30.830750000000002,1.6514013078034206,1.9452040276138876,-0.3881254465135925,VASP,3.79586,27.346425260241023,29.5715,1.8689771193059088,1.9183517755418071,-0.07524389157665241,OQMD
Sn,Ti,27.053,17.649,1.8622684018206264,1.6151412089743407,4.539461291474801,23.38583925463683,24.702,1.774004771568988,1.8066797188954298,-0.05328154584095094,VASP,4.155841328909948,17.94390171718855,20.0,1.624087501575467,1.6838903009606296,-0.10280491414057255,VASP,3.4192314482914234,19.987363097612697,22.351,1.6835355736164863,1.7474420533419324,-0.10575083452137722,VASP
Sn,V,27.053,13.824,1.8622684018206264,1.48884117815856,4.553250331941694,23.59959730824636,23.74575,1.779393477852169,1.783059191919986,-0.0061548989504918465,VASP,3.936024007716335,15.2445014130861,17.13125,1.5381837011832642,1.599190303629684,-0.11013490474506538,VASP,3.2805546357797253,17.652728003938776,20.4385,1.6152549232335325,1.696107872825946,-0.13630021753363628,VASP
Sn,W,27.053,15.85,1.8622684018206264,1.5582849840929494,4.461759744208601,22.205397455747637,24.25225,1.7436392927692452,1.7956477363651062,-0.08439845969971295,VASP,4.083874745899711,17.027749383938943,18.65075,1.595963225707438,1.6451388706229433,-0.08702066222865332,VASP,3.3210829461931795,18.315094840221413,21.4515,1.6352099491952048,1.7236788475516982,-0.14620913035352245,VASP
Sn,Y,27.053,33.018,1.8622684018206264,1.9901572114304584,4.723213107431117,26.34223572490827,28.54425,1.8458143052031135,1.8958763500517177,-0.07714388274667335,VASP,4.82663491857322,28.11081002476846,31.52675,1.8862311684980952,1.959732813882998,-0.10835052694082142,VASP,3.8031561086614016,27.504418107149725,30.0355,1.8725695226474783,1.9283332312439434,-0.08426967731019208,VASP
Sn,Zn,27.053,15.207,1.8622684018206264,1.536921356892218,4.602848247141255,24.379229676073958,24.091500000000003,1.7987761606363875,1.7916716038205303,0.011943203041485781,VASP,4.2035547586739685,18.569069272860435,18.1685,1.6427337343846897,1.6308354926555795,0.022047459771606555,VASP,3.5335688407572827,22.060262414842065,21.130000000000003,1.739832162637101,1.7150243711652704,0.04402567036640141,VASP
Sn,Zr,27.053,23.279,1.8622684018206264,1.771299106960212,4.601534244844054,24.358356587557992,26.1095,1.7982626533729893,1.8403622455492559,-0.06706920517214073,VASP,4.474644973725326,22.3983361744915,24.2225,1.7486747930583124,1.7949132013764852,-0.07530865210067084,VASP,3.5764953247176243,22.87404595640416,25.166,1.7609679833296794,1.8179217862337562,-0.09107343414113646,VASP
Sr,Ta,56.0,18.014,2.3733755965792427,1.6261995992423404,5.160663997116723,34.36028519754915,46.5035,2.016768503465974,2.2308258950365056,-0.26112474980272127,VASP,4.421009212584445,21.60251266216882,27.5105,1.7277141349358716,1.8727075359635705,-0.2147539062478392,VASP,3.828553074970236,28.05911832831799,37.007,1.885074290718744,2.0672758137588008,-0.2417888959300135,VASP
Sr,Tb,56.0,32.09,2.3733755965792427,1.9713347123038616,4.0,16.0,50.0225,1.563185283593544,2.2857335058742763,-0.6801439352291468,VASP,4.0,16.0,38.0675,1.563185283593544,2.086837260100219,-0.5796939646680239,VASP,4.300973,39.78049226186263,44.045,2.117680875414924,2.1907996775714365,-0.0968216083128021,OQMD
Sr,Ti,56.0,17.649,2.3733755965792427,1.6151412089743407,5.326606389663865,37.782598725293596,46.41225,2.081618179954473,2.2293658174570123,-0.18593477529545333,VASP,4.41544522153465,21.521052768881557,27.23675,1.7255397477041001,1.8664752055203067,-0.2098523954259757,VASP,4.041642629155703,33.009863857534775,36.8245,1.9899937295641532,2.063871955726931,-0.10358962490910197,VASP
Sr,V,56.0,13.824,2.3733755965792427,1.48884117815856,5.334139481358066,37.94312635008308,45.456,2.084562084473557,2.2139486091925153,-0.16527793140436742,VASP,4.195322419594481,18.46018450688802,24.368000000000002,1.639516566560038,1.7984999312919059,-0.24244154190380754,VASP,3.996358289796796,31.912678503294057,34.912,1.9676969656885936,2.027505494753569,-0.0859109044656835,VASP
Sr,W,56.0,15.85,2.3733755965792427,1.5582849840929494,5.060726592797526,32.40250854713021,45.9625,1.9777133335378974,2.2221413345632017,-0.295022930712424,VASP,4.266929497512762,19.421662812286804,25.8875,1.6675003491607863,1.8351314053241743,-0.24976676727042763,VASP,3.774891015251452,26.89572510358327,35.925,1.8586525676337948,2.0469287339983673,-0.25133680992113366,VASP
Sr,Y,56.0,33.018,2.3733755965792427,1.9901572114304584,5.4696745913151625,40.909528793869825,50.2545,2.1375287067973483,2.289261734611215,-0.18595292374076303,VASP,5.178041118445693,34.70855178564532,38.7635,2.0235594185491403,2.0994786275458477,-0.10460738102479604,VASP,4.311114623520624,40.06256156968746,44.509,2.122674332052593,2.1984659445436185,-0.09989976028022512,VASP
Sr,Zn,56.0,15.207,2.3733755965792427,1.536921356892218,4.927211714190402,29.904991235103665,45.80175,1.9255362101930389,2.2195477240689954,-0.34707754103055743,VASP,4.448593783804579,22.009402901866768,25.405250000000002,1.7384940838822596,1.8236645439429537,-0.1336671395925344,VASP,3.917147167034189,30.052435184959005,35.6035,1.9286955862810697,2.0408043032317345,-0.15591345836900844,VASP
Sr,Zr,56.0,23.279,2.3733755965792427,1.771299106960212,5.151595335133222,34.179462788494526,47.81975,2.013224503727351,2.2516777205345737,-0.28524380013499595,VASP,4.700465402445903,25.963461318560707,31.45925,1.8369245857860101,1.9583331930917827,-0.1746954768927833,VASP,4.027591062829223,32.66676361046896,39.6395,1.983075124569606,2.1151760458719107,-0.1759037422149885,VASP
Ta,Tb,18.014,32.09,1.6261995992423404,1.9713347123038616,4.708353435264013,26.09439165854147,21.533,1.8400071999904533,1.7258589949197045,0.21183261313061194,VASP,4.648278120288165,25.10824308065507,28.571,1.8165299879210801,1.896468399919631,-0.12119831015172493,VASP,3.595107,23.233009305251844,25.052,1.7701318606209155,1.8151726166508675,-0.07260860189797842,OQMD
Ta,Ti,18.014,17.649,1.6261995992423404,1.6151412089743407,4.174241778481088,18.183304437573934,17.92275,1.631278329570745,1.6234491092737808,0.014537637224975714,VASP,4.112462089691372,17.38784383845046,17.74025,1.6071350544854766,1.6179199945847296,-0.01986477989597319,VASP,3.2600768218519534,17.324212676729765,17.8315,1.6051722105717352,1.6206892676865958,-0.0284489427849723,VASP
Ta,V,18.014,13.824,1.6261995992423404,1.48884117815856,4.119585855865378,17.478360143815678,16.9665,1.6099189960972187,1.5940473490132057,0.0301688706460188,VASP,3.912554665859036,14.973428882934298,14.871500000000001,1.5290119687315253,1.5255345762577148,0.006853974577836617,VASP,3.1578499367842108,15.74506540009748,15.919,1.5548385024872629,1.5605429444511232,-0.010926226515642923,VASP
Ta,W,18.014,15.85,1.6261995992423404,1.5582849840929494,4.163060448500093,18.037575403335175,17.473,1.626908706951421,1.6097544062927438,0.03231130334431274,VASP,4.064062251503312,16.78112466166546,16.391,1.5882205757895056,1.5758163915136172,0.023801150733052306,VASP,3.2273208381913,16.807241126497882,16.932,1.5890440646490407,1.5929661605650909,-0.007368230185572691,VASP
Ta,Y,18.014,33.018,1.6261995992423404,1.9901572114304584,4.3583443199405165,20.696867601095285,21.765,1.703224925441132,1.7320350943025506,-0.04907569027818588,VASP,4.7523201285371846,26.83224885513726,29.267,1.8571892219636765,1.911744573379131,-0.08319100505220012,VASP,3.594744774879296,23.225987484997482,25.516,1.7699535109287157,1.8263106908450728,-0.08974809981981957,VASP
Ta,Zn,18.014,15.207,1.6261995992423404,1.536921356892218,4.0950608596711096,17.168054773135403,17.31225,1.6003347178144514,1.6048026588521194,-0.008329086448300846,VASP,3.923700391659902,15.101758543590714,15.908750000000001,1.5333676773682459,1.5602079359809737,-0.05072626425138915,VASP,3.173348616903965,15.978034712317028,16.610500000000002,1.562469626533793,1.5828194029421274,-0.03807623417013179,VASP
Ta,Zr,18.014,23.279,1.6261995992423404,1.771299106960212,4.278630996507414,19.58188555026213,19.33025,1.6720732519168924,1.6648800676000812,0.013017708010094513,VASP,4.440811059502514,21.894089867622284,21.96275,1.735452623858446,1.7372648642928668,-0.0031262083472113193,VASP,3.4333573805282547,20.23611038264814,20.6465,1.6904907943410399,1.7018421551945129,-0.01987695819397286,VASP
Tb,Ti,32.09,17.649,1.9713347123038616,1.6151412089743407,4.68251940812784,25.66721609686711,28.479750000000003,1.8299113572316479,1.894447267758738,-0.09875556854020456,VASP,4.136010679344887,17.68825387898172,21.25925,1.616337756684416,1.7185141401915973,-0.16797375829430872,VASP,3.617721,23.674194805238248,24.869500000000002,1.781266372582891,1.8107541179450397,-0.048063097157633024,OQMD
Tb,Tl,32.09,28.59,1.9713347123038616,1.8968886969006673,,,,,,,,4.721616,26.31552266640927,29.465,1.8451901614949537,1.9160460620512048,-0.10688876068524457,OQMD_new,3.77847879,26.972485633626725,30.340000000000003,1.8604190892953576,1.9348278159934742,-0.11099256316325899,MP
Tb,V,32.09,13.824,1.9713347123038616,1.48884117815856,4.64763104772667,25.097758815401715,27.523500000000002,1.8162771143446936,1.8730024701914123,-0.08813345630455019,VASP,6.086432927543286,56.367468400563745,18.390500000000003,2.378555595478709,1.6374509865667177,2.0650318588708156,VASP,3.592983,23.19185523400806,22.957,1.7690860614077186,1.7630941657228199,0.010230223200246493,OQMD
Tb,W,32.09,15.85,1.9713347123038616,1.5582849840929494,4.181842926329505,18.282818908707878,28.03,1.6342488301845108,1.8844219868955823,-0.3477410307275106,VASP,5.029592531207454,31.80815038095435,19.91,1.9655462568138737,1.681360667255619,0.5975967042166925,VASP,3.506801,21.562711363690617,23.970000000000002,1.726652413671495,1.788654563479465,-0.10042922971670358,OQMD
Tb,Y,32.09,33.018,1.9713347123038616,1.9901572114304584,4.885813046243159,29.157517382361963,32.322,1.9093577630691625,1.9760740069648295,-0.09790491360800815,VASP,3.867719070173326,14.464544904257586,32.786,1.5114903828922623,1.9854849909577583,-0.5588194685457943,VASP,4.017682,32.42624668291026,32.554,1.9781961744235042,1.9807906771514903,-0.0039243508352196765,OQMD
Tb,Zn,32.09,15.207,1.9713347123038616,1.536921356892218,4.583801822500759,24.07783907485606,27.86925,1.7913328879606134,1.8808127377252657,-0.13604280435045588,VASP,4.110077169210613,17.357610430873617,19.427750000000003,1.6062030363359607,1.667674541718624,-0.10655580646891101,VASP,3.56256554,22.60781509791511,23.648500000000002,1.754109340251669,1.7806217063620264,-0.04400638104255623,MP
Tb,Zr,32.09,23.279,1.9713347123038616,1.771299106960212,4.742343635460503,26.66361742756207,29.88725,1.8532904451738412,1.9251553579576253,-0.10785979213336562,VASP,4.590582333497505,24.184847412712553,25.48175,1.7939826867119524,1.825493175698853,-0.05089535009516411,VASP,3.761714,26.615052341287132,27.6845,1.8521645675479885,1.8766474440926688,-0.03862983469858107,OQMD
Ti,V,17.649,13.824,1.6151412089743407,1.48884117815856,4.013555599077092,16.163219074448914,16.69275,1.5684827618404453,1.5854276447867186,-0.03172221027398636,VASP,3.865545973354932,14.440177674985087,14.78025,1.510641144650678,1.522407998114882,-0.023008563793908345,VASP,3.110183434472628,15.042776951816021,15.7365,1.5313688270572703,1.5545565045143563,-0.04408369384450024,VASP
Ti,W,17.649,15.85,1.6151412089743407,1.5582849840929494,4.046996476535326,16.570609674757055,17.19925,1.5815513337187368,1.6013034277878002,-0.036550449888393066,VASP,4.020839584502446,16.251380141472897,16.29975,1.571329316546151,1.57288671648421,-0.002967521497391239,VASP,3.169805359220072,15.92457279153952,16.7495,1.5607250238511332,1.5872222612353684,-0.04925085575452888,VASP
Ti,Y,17.649,33.018,1.6151412089743407,1.9901572114304584,4.313565271986542,20.06546048688032,21.49125,1.6857254382473865,1.7247428595029226,-0.06634279128108797,VASP,4.795807628121876,27.57561906905983,29.17575,1.8741839768064443,1.9097556631580652,-0.054844551757544234,VASP,3.6590747643502826,24.495361569374868,25.3335,1.8016278293720893,1.821946115589843,-0.033084194076031054,VASP
Ti,Zn,17.649,15.207,1.6151412089743407,1.536921356892218,4.00383224791072,16.046031047371,17.0385,1.5646829119778236,1.5962990300838273,-0.058248610654048204,VASP,3.917768973918443,15.033374501622538,15.8175,1.5310497011371722,1.5572191814353462,-0.04957328897597365,VASP,3.139475976449177,15.471823299394723,16.428,1.545791669501533,1.5770012163145102,-0.058204084526739586,VASP
Ti,Zr,17.649,23.279,1.6151412089743407,1.771299106960212,4.202884439509031,18.560187348676646,19.0565,1.6424717761212044,1.6569834726614383,-0.02604427105309758,VASP,4.426301448283213,21.680184406085285,21.8715,1.729782321176277,1.7348555504598258,-0.008747255282660812,VASP,3.4113907043666325,19.85017726822323,20.464,1.6796750068427457,1.6968129600553508,-0.029995246861648162,VASP
Tl,V,28.59,13.824,1.8968886969006673,1.48884117815856,4.655126,25.219375622040086,24.8985,1.8192061141184201,1.8114576768089405,0.012887347512504284,MP,,,,,,,,3.412895,19.876448405324403,21.207,1.6804156806609147,1.7171050903750418,-0.06274115125550986,OQMD
Tl,Y,28.59,33.018,1.8968886969006673,1.9901572114304584,4.720506,26.296967559199835,29.697,1.8447563775787568,1.9210617425375398,-0.11449077148534074,OQMD,,,,,,,,3.77760313,26.95373741122248,30.804000000000002,1.8599879383824445,1.9446412857194257,-0.12499229284435533,MP
Tl,Zn,28.59,15.207,1.8968886969006673,1.536921356892218,4.800989,27.66509344147745,25.24425,1.8762088378736215,1.819804024124418,0.09589682567227974,MP,,,,,,,,3.625859,23.83431852035736,21.8985,1.785273300076769,1.7355691402642124,0.0883995945090925,OQMD
Tl,Zr,28.59,23.279,1.8968886969006673,1.771299106960212,,,,,,,,4.47389973,22.387146835659305,24.60675,1.7483835545522826,1.8043545643284815,-0.09020302007947806,MP,3.578922,22.920638120964714,25.9345,1.7621628115316534,1.8362413236363222,-0.11621052571035824,OQMD
V,W,13.824,15.85,1.48884117815856,1.5582849840929494,3.8584730646541914,14.361057704485006,14.3305,1.5078770779523782,1.5068068229355613,0.002132354382959798,VASP,3.969584572233228,15.637783127222724,15.343499999999999,1.551299046323739,1.5415062010814176,0.019179660913267827,VASP,3.064541186767093,14.390185488155156,14.837,1.5088958389504021,1.5243539803873019,-0.030114882512963785,VASP
V,Y,13.824,33.018,1.48884117815856,1.9901572114304584,4.096970303410751,17.192081318912482,18.622500000000002,1.6010809214028658,1.6443078288340274,-0.07681131325480037,VASP,4.719356798488375,26.277766339043016,28.2195,1.8443072738560429,1.8886590690892446,-0.06880822342553852,VASP,3.608132315590587,23.486449610601625,23.421,1.7765451679637958,1.774893401862095,0.0027944840357638596,VASP
V,Zn,13.824,15.207,1.48884117815856,1.536921356892218,3.772394846205969,13.421202752192208,14.16975,1.4742380268733255,1.5011515057693043,-0.0528271315872046,VASP,3.820844652629377,13.944988175922395,14.86125,1.493172032971832,1.5251840103372656,-0.061654425036763716,VASP,3.0199214176584155,13.770728974391062,14.5155,1.4869262911976318,1.5132631745817422,-0.05130867180661619,VASP
V,Zr,13.824,23.279,1.48884117815856,1.771299106960212,3.996524300322195,15.958327834834055,16.18775,1.5618269929469102,1.5692758564357303,-0.014172578966560902,VASP,4.364249871105273,20.78111434230419,20.91525,1.7055327931091961,1.709194488010959,-0.006413294495442859,VASP,3.3328315433753244,18.510156611454338,18.5515,1.640994635489581,1.6422154756944642,-0.002228573891365262,VASP
W,Y,15.85,33.018,1.5582849840929494,1.9901572114304584,4.203253661890227,18.565079302313222,20.142,1.6426160668693692,1.687866113377027,-0.07829017464436387,VASP,4.679809610804358,25.62268064198994,28.726,1.8288523784072508,1.8998917152402668,-0.10803172589326944,VASP,3.495579329064723,21.356372725609642,24.434,1.7211271713763594,1.8001221953321045,-0.12595675183720875,VASP
W,Zn,15.85,15.207,1.5582849840929494,1.536921356892218,3.9457451781006423,15.357732968376235,15.68925,1.541982698804278,1.552999054562034,-0.021130202630703494,VASP,3.856653964924031,14.34075546474842,15.367750000000001,1.5071661804704843,1.5423178770167731,-0.06682790488207968,VASP,3.0910568910318608,14.766956629863706,15.528500000000001,1.5219514428380938,1.5476768946284822,-0.04904165696212091,VASP
W,Zr,15.85,23.279,1.5582849840929494,1.771299106960212,4.130059650247933,17.612012347256904,17.70725,1.614012116407767,1.6169161661932754,-0.005378455307464133,VASP,4.377662352279401,20.973301171308837,21.42175,1.7107743414061642,1.7228816512465601,-0.02093427608347417,VASP,3.3534512838217045,18.85584542417245,19.5645,1.6511472288677116,1.6715782617747166,-0.03622145088438491,VASP
Y,Zn,33.018,15.207,1.9901572114304584,1.536921356892218,4.658576143825106,25.275491166560272,28.56525,1.8205544176318418,1.8963411680538056,-0.11516646391821277,VASP,4.255984980757492,19.272598266027646,19.659750000000003,1.663223272278816,1.674286570895908,-0.019692607178237564,VASP,3.574964557890282,22.844687735765774,24.1125,1.760214275823266,1.7921920387825452,-0.052579046728220905,VASP
Y,Zr,33.018,23.279,1.9901572114304584,1.771299106960212,4.850610822720419,28.531808665305014,30.58325,1.8956008636290331,1.9399848654337792,-0.06707728363385138,VASP,4.619975306345639,24.652386698685763,25.71375,1.8054693523612695,1.8310165479852218,-0.04127609941429148,VASP,3.774258987507853,26.882217959853694,28.1485,1.8583413745467072,1.8870737892675797,-0.04498577331461017,VASP
Zn,Zr,15.207,23.279,1.536921356892218,1.771299106960212,4.071146284743094,16.869030830371695,17.225,1.590988989916734,1.6021021642179776,-0.020665844390612833,VASP,4.346527481864484,20.528976536689225,21.261000000000003,1.6986069485963666,1.7185612932697314,-0.034430340214984145,VASP,3.340552170556614,18.639093218386762,19.243000000000002,1.64479606008072,1.6623713935831257,-0.03138319293318298,VASP
