material_id,formula,element_A,element_B,count_A,count_B,lattice_constant,energy_per_atom,energy_above_hull,source,structure_type,lattice_constant_calc
vasp-Ag3Ag1,Ag3Ag,Ag,Ag,3.0,1.0,4.151952339060632,-2.7125350325,,VASP,L12,4.151952339060632
vasp-Ag3Al1,Ag3Al,Ag,Al,3.0,1.0,4.090204449429549,-3.0181630375,,VASP,L12,4.090204449429549
vasp-Ag3Au1,Ag3Au,Ag,Au,3.0,1.0,4.148055081387604,-2.8794156425,,VASP,L12,4.148055081387604
vasp-Ag3Ba1,Ag3Ba,Ag,Ba,3.0,1.0,4.634392006981845,-2.3533547175,,VASP,L12,4.634392006981845
vasp-Ag3Ca1,Ag3Ca,Ag,Ca,3.0,1.0,4.3847178810813805,-2.6659840825,,VASP,L12,4.3847178810813805
vasp-Ag3Cd1,Ag3Cd,Ag,Cd,3.0,1.0,4.206069717629163,-2.2763772475,,VASP,L12,4.206069717629163
vasp-Ag3Ce1,Ag3Ce,Ag,Ce,3.0,1.0,4.4753901544902845,-3.401204435,,VASP,L12,4.4753901544902845
vasp-Ag3Co1,Ag3Co,Ag,Co,3.0,1.0,4.015433502315025,-3.4236152425,,VASP,L12,4.015433502315025
vasp-Ag3Cr1,Ag3Cr,Ag,Cr,3.0,1.0,4.124003420992862,-4.150352815,,VASP,L12,4.124003420992862
vasp-Ag3Cu1,Ag3Cu,Ag,Cu,3.0,1.0,4.034699341740045,-2.8950726775,,VASP,L12,4.034699341740045
vasp-Ag3Dy1,Ag3Dy,Ag,Dy,3.0,1.0,3.9999999999491815,-4.18224606,,VASP,L12,3.9999999999491815
vasp-Ag3Er1,Ag3Er,Ag,Er,3.0,1.0,4.114572466780607,-3.5897247125,,VASP,L12,4.114572466780607
vasp-Ag3Eu1,Ag3Eu,Ag,Eu,3.0,1.0,3.9488700518211,-2.39059864,,VASP,L12,3.9488700518211
vasp-Ag3Fe1,Ag3Fe,Ag,Fe,3.0,1.0,4.064691906620455,-3.7342938025,,VASP,L12,4.064691906620455
vasp-Ag3Ga1,Ag3Ga,Ag,Ga,3.0,1.0,4.118629098231814,-2.76986922,,VASP,L12,4.118629098231814
vasp-Ag3Gd1,Ag3Gd,Ag,Gd,3.0,1.0,4.426342679525252,-5.6317707175,,VASP,L12,4.426342679525252
vasp-Ag3Ge1,Ag3Ge,Ag,Ge,3.0,1.0,4.150285582971348,-3.0824066425,,VASP,L12,4.150285582971348
vasp-Ag3Hf1,Ag3Hf,Ag,Hf,3.0,1.0,4.231000592722294,-4.313580385,,VASP,L12,4.231000592722294
vasp-Ag3Hg1,Ag3Hg,Ag,Hg,3.0,1.0,4.227700577683716,-2.0498883825,,VASP,L12,4.227700577683716
vasp-Ag3Ho1,Ag3Ho,Ag,Ho,3.0,1.0,4.205565893975459,-3.857395915,,VASP,L12,4.205565893975459
vasp-Ag3In1,Ag3In,Ag,In,3.0,1.0,4.233920849466686,-2.7156395625,,VASP,L12,4.233920849466686
vasp-Ag3Ir1,Ag3Ir,Ag,Ir,3.0,1.0,4.054251424501132,-3.851288885,,VASP,L12,4.054251424501132
vasp-Ag3La1,Ag3La,Ag,La,3.0,1.0,4.527641919455219,-3.2698943525,,VASP,L12,4.527641919455219
vasp-Ag3Lu1,Ag3Lu,Ag,Lu,3.0,1.0,4.338774167000734,-3.2872149575,,VASP,L12,4.338774167000734
vasp-Ag3Mg1,Ag3Mg,Ag,Mg,3.0,1.0,4.158546633975389,-2.5816396075,,VASP,L12,4.158546633975389
vasp-Ag3Mn1,Ag3Mn,Ag,Mn,3.0,1.0,4.112521575130599,-4.09551177,,VASP,L12,4.112521575130599
vasp-Ag3Mo1,Ag3Mo,Ag,Mo,3.0,1.0,4.181737899162778,-4.054079125,,VASP,L12,4.181737899162778
vasp-Ag3Nb1,Ag3Nb,Ag,Nb,3.0,1.0,4.2031411971948565,-4.0536542575,,VASP,L12,4.2031411971948565
vasp-Ag3Nd1,Ag3Nd,Ag,Nd,3.0,1.0,4.48439146006044,-3.9445790375,,VASP,L12,4.48439146006044
vasp-Ag3Ni1,Ag3Ni,Ag,Ni,3.0,1.0,3.997369602101982,-3.2292400075,,VASP,L12,3.997369602101982
vasp-Ag3Os1,Ag3Os,Ag,Os,3.0,1.0,4.051572918705813,-4.052332535,,VASP,L12,4.051572918705813
vasp-Ag3Pb1,Ag3Pb,Ag,Pb,3.0,1.0,4.347979965410436,-2.8586267575,,VASP,L12,4.347979965410436
vasp-Ag3Pd1,Ag3Pd,Ag,Pd,3.0,1.0,4.085422341152231,-3.39989955,,VASP,L12,4.085422341152231
vasp-Ag3Pr1,Ag3Pr,Ag,Pr,3.0,1.0,4.483693180967536,-3.6383946675,,VASP,L12,4.483693180967536
vasp-Ag3Pt1,Ag3Pt,Ag,Pt,3.0,1.0,4.083188392120755,-3.5536940125,,VASP,L12,4.083188392120755
vasp-Ag3Re1,Ag3Re,Ag,Re,3.0,1.0,4.070491274216379,-4.196272345,,VASP,L12,4.070491274216379
vasp-Ag3Rh1,Ag3Rh,Ag,Rh,3.0,1.0,4.056933765316909,-3.6370791025,,VASP,L12,4.056933765316909
vasp-Ag3Ru1,Ag3Ru,Ag,Ru,3.0,1.0,4.05683131039745,-3.7840434775,,VASP,L12,4.05683131039745
vasp-Ag3Sc1,Ag3Sc,Ag,Sc,3.0,1.0,4.243368162897584,-3.7005213825,,VASP,L12,4.243368162897584
vasp-Ag3Si1,Ag3Si,Ag,Si,3.0,1.0,4.07934148537613,-3.226870615,,VASP,L12,4.07934148537613
vasp-Ag3Sm1,Ag3Sm,Ag,Sm,3.0,1.0,4.350751837003065,-4.8036922025,,VASP,L12,4.350751837003065
vasp-Ag3Sn1,Ag3Sn,Ag,Sn,3.0,1.0,4.263975598902907,-3.013039205,,VASP,L12,4.263975598902907
vasp-Ag3Sr1,Ag3Sr,Ag,Sr,3.0,1.0,4.516998735018376,-2.46054287,,VASP,L12,4.516998735018376
vasp-Ag3Ta1,Ag3Ta,Ag,Ta,3.0,1.0,4.17275195607036,-4.3760558375,,VASP,L12,4.17275195607036
vasp-Ag3Tb1,Ag3Tb,Ag,Tb,3.0,1.0,4.119276657574277,-4.5720217025,,VASP,L12,4.119276657574277
vasp-Ag3Tc1,Ag3Tc,Ag,Tc,3.0,1.0,4.1404050423325245,-3.93100819,,VASP,L12,4.1404050423325245
vasp-Ag3Ti1,Ag3Ti,Ag,Ti,3.0,1.0,4.160154365957208,-3.7690664325,,VASP,L12,4.160154365957208
vasp-Ag3Tm1,Ag3Tm,Ag,Tm,3.0,1.0,5.171779731813626,-5.5948716025,,VASP,L12,5.171779731813626
vasp-Ag3V1,Ag3V,Ag,V,3.0,1.0,4.1244874989835445,-3.94043459,,VASP,L12,4.1244874989835445
vasp-Ag3W1,Ag3W,Ag,W,3.0,1.0,4.128237910513133,-4.337837115,,VASP,L12,4.128237910513133
vasp-Ag3Y1,Ag3Y,Ag,Y,3.0,1.0,4.3913195698007526,-3.77309368,,VASP,L12,4.3913195698007526
vasp-Ag3Zn1,Ag3Zn,Ag,Zn,3.0,1.0,4.084502512033181,-2.3474373025,,VASP,L12,4.084502512033181
vasp-Ag3Zr1,Ag3Zr,Ag,Zr,3.0,1.0,4.268656957369422,-3.98138348,,VASP,L12,4.268656957369422
vasp-Al3Ag1,Al3Ag,Al,Ag,3.0,1.0,4.084501267268682,-3.4571913525,,VASP,L12,4.084501267268682
vasp-Al3Al1,Al3Al,Al,Al,3.0,1.0,4.038641991289007,-3.7357623275,,VASP,L12,4.038641991289007
vasp-Al3Au1,Al3Au,Al,Au,3.0,1.0,4.050970454516635,-3.7356685125,,VASP,L12,4.050970454516635
vasp-Al3Ba1,Al3Ba,Al,Ba,3.0,1.0,4.679839384508709,-3.1048797375,,VASP,L12,4.679839384508709
vasp-Al3Ca1,Al3Ca,Al,Ca,3.0,1.0,4.300646091462237,-3.4537149275,,VASP,L12,4.300646091462237
vasp-Al3Cd1,Al3Cd,Al,Cd,3.0,1.0,4.191022142265811,-2.841121075,,VASP,L12,4.191022142265811
vasp-Al3Ce1,Al3Ce,Al,Ce,3.0,1.0,4.33204516762501,-4.62887893,,VASP,L12,4.33204516762501
vasp-Al3Co1,Al3Co,Al,Co,3.0,1.0,3.790967380271204,-4.7812352675,,VASP,L12,3.790967380271204
vasp-Al3Cr1,Al3Cr,Al,Cr,3.0,1.0,3.899010891980973,-5.27528876,,VASP,L12,3.899010891980973
vasp-Al3Cu1,Al3Cu,Al,Cu,3.0,1.0,3.9342301138333955,-3.78731653,,VASP,L12,3.9342301138333955
vasp-Al3Dy1,Al3Dy,Al,Dy,3.0,1.0,4.383936251025098,-5.3652737625,,VASP,L12,4.383936251025098
vasp-Al3Er1,Al3Er,Al,Er,3.0,1.0,4.263725872299606,-4.9323365825,,VASP,L12,4.263725872299606
vasp-Al3Eu1,Al3Eu,Al,Eu,3.0,1.0,4.00428074168091,-5.3388945975,,VASP,L12,4.00428074168091
vasp-Al3Fe1,Al3Fe,Al,Fe,3.0,1.0,3.7943588794104564,-4.9814797275,,VASP,L12,3.7943588794104564
vasp-Al3Ga1,Al3Ga,Al,Ga,3.0,1.0,4.074592017389704,-3.493117125,,VASP,L12,4.074592017389704
vasp-Al3Gd1,Al3Gd,Al,Gd,3.0,1.0,4.170477212981552,-6.528439745,,VASP,L12,4.170477212981552
vasp-Al3Ge1,Al3Ge,Al,Ge,3.0,1.0,4.107539973032171,-3.8274247,,VASP,L12,4.107539973032171
vasp-Al3Hf1,Al3Hf,Al,Hf,3.0,1.0,4.085957195435621,-5.662027255,,VASP,L12,4.085957195435621
vasp-Al3Hg1,Al3Hg,Al,Hg,3.0,1.0,4.1946406058027685,-2.67125104,,VASP,L12,4.1946406058027685
vasp-Al3Ho1,Al3Ho,Al,Ho,3.0,1.0,4.179569372551006,-5.046164465,,VASP,L12,4.179569372551006
vasp-Al3In1,Al3In,Al,In,3.0,1.0,4.2705452380320335,-3.2598422725,,VASP,L12,4.2705452380320335
vasp-Al3Ir1,Al3Ir,Al,Ir,3.0,1.0,3.873354360449106,-5.4969692175,,VASP,L12,3.873354360449106
vasp-Al3La1,Al3La,Al,La,3.0,1.0,4.443230208975512,-4.324005905,,VASP,L12,4.443230208975512
vasp-Al3Lu1,Al3Lu,Al,Lu,3.0,1.0,4.1844445765251015,-4.33251852,,VASP,L12,4.1844445765251015
vasp-Al3Mg1,Al3Mg,Al,Mg,3.0,1.0,4.1421662449584735,-3.18277072,,VASP,L12,4.1421662449584735
vasp-Al3Mn1,Al3Mn,Al,Mn,3.0,1.0,3.8547927757275935,-5.1963584475,,VASP,L12,3.8547927757275935
vasp-Al3Mo1,Al3Mo,Al,Mo,3.0,1.0,3.940918198789551,-5.6453307175,,VASP,L12,3.940918198789551
vasp-Al3Nb1,Al3Nb,Al,Nb,3.0,1.0,3.998656029981856,-5.5853080525,,VASP,L12,3.998656029981856
vasp-Al3Nd1,Al3Nd,Al,Nd,3.0,1.0,4.293696621728234,-4.7858775825,,VASP,L12,4.293696621728234
vasp-Al3Ni1,Al3Ni,Al,Ni,3.0,1.0,3.844704772286192,-4.4012156425,,VASP,L12,3.844704772286192
vasp-Al3Os1,Al3Os,Al,Os,3.0,1.0,3.8690105059599107,-5.8358784475,,VASP,L12,3.8690105059599107
vasp-Al3Pb1,Al3Pb,Al,Pb,3.0,1.0,4.420297148320125,-3.4098612425,,VASP,L12,4.420297148320125
vasp-Al3Pd1,Al3Pd,Al,Pd,3.0,1.0,3.958704336593992,-4.4636569625,,VASP,L12,3.958704336593992
vasp-Al3Pr1,Al3Pr,Al,Pr,3.0,1.0,4.4515815773194785,-4.47406312,,VASP,L12,4.4515815773194785
vasp-Al3Pt1,Al3Pt,Al,Pt,3.0,1.0,3.9347656308787573,-4.7827978175,,VASP,L12,3.9347656308787573
vasp-Al3Re1,Al3Re,Al,Re,3.0,1.0,3.9002059008389596,-5.950659615,,VASP,L12,3.9002059008389596
vasp-Al3Rh1,Al3Rh,Al,Rh,3.0,1.0,3.871337912790901,-5.11485575,,VASP,L12,3.871337912790901
vasp-Al3Ru1,Al3Ru,Al,Ru,3.0,1.0,3.8640886859681425,-5.463689725,,VASP,L12,3.8640886859681425
vasp-Al3Sc1,Al3Sc,Al,Sc,3.0,1.0,4.104012215054653,-4.815105785,,VASP,L12,4.104012215054653
vasp-Al3Si1,Al3Si,Al,Si,3.0,1.0,4.0,-4.047252735,,VASP,L12,4.0
vasp-Al3Sm1,Al3Sm,Al,Sm,3.0,1.0,4.23606105754543,-4.7791208275,,VASP,L12,4.23606105754543
vasp-Al3Sn1,Al3Sn,Al,Sn,3.0,1.0,4.298854101262721,-3.6035526925,,VASP,L12,4.298854101262721
vasp-Al3Sr1,Al3Sr,Al,Sr,3.0,1.0,4.468845381101265,-3.2143612725,,VASP,L12,4.468845381101265
vasp-Al3Ta1,Al3Ta,Al,Ta,3.0,1.0,4.0,-5.90821839,,VASP,L12,4.0
vasp-Al3Tb1,Al3Tb,Al,Tb,3.0,1.0,4.327744238995429,-6.087260205,,VASP,L12,4.327744238995429
vasp-Al3Tc1,Al3Tc,Al,Tc,3.0,1.0,3.8909833378951815,-5.5923005725,,VASP,L12,3.8909833378951815
vasp-Al3Ti1,Al3Ti,Al,Ti,3.0,1.0,3.9761712533445164,-5.1196974175,,VASP,L12,3.9761712533445164
vasp-Al3Tm1,Al3Tm,Al,Tm,3.0,1.0,4.127989761862974,-4.7725618575,,VASP,L12,4.127989761862974
vasp-Al3V1,Al3V,Al,V,3.0,1.0,3.9091776643111373,-5.1864643925,,VASP,L12,3.9091776643111373
vasp-Al3W1,Al3W,Al,W,3.0,1.0,3.9368839788949566,-5.99575046,,VASP,L12,3.9368839788949566
vasp-Al3Y1,Al3Y,Al,Y,3.0,1.0,4.254310921971744,-4.8344090025,,VASP,L12,4.254310921971744
vasp-Al3Zn1,Al3Zn,Al,Zn,3.0,1.0,4.0195705074963195,-3.04637342,,VASP,L12,4.0195705074963195
vasp-Al3Zr1,Al3Zr,Al,Zr,3.0,1.0,4.100816784554609,-5.39760457,,VASP,L12,4.100816784554609
vasp-Au3Ag1,Au3Ag,Au,Ag,3.0,1.0,4.1484223876016895,-3.12277529,,VASP,L12,4.1484223876016895
vasp-Au3Al1,Au3Al,Au,Al,3.0,1.0,4.0970599180015235,-3.533877945,,VASP,L12,4.0970599180015235
vasp-Au3Au1,Au3Au,Au,Au,3.0,1.0,4.154329622839228,-3.1969207475,,VASP,L12,4.154329622839228
vasp-Au3Ba1,Au3Ba,Au,Ba,3.0,1.0,4.648746593808789,-3.127172595,,VASP,L12,4.648746593808789
vasp-Au3Ca1,Au3Ca,Au,Ca,3.0,1.0,4.327678286798651,-3.384726,,VASP,L12,4.327678286798651
vasp-Au3Cd1,Au3Cd,Au,Cd,3.0,1.0,4.201122370116691,-2.71715151,,VASP,L12,4.201122370116691
vasp-Au3Ce1,Au3Ce,Au,Ce,3.0,1.0,4.44551590520426,-4.2818475075,,VASP,L12,4.44551590520426
vasp-Au3Co1,Au3Co,Au,Co,3.0,1.0,4.036447946168879,-3.9286750075,,VASP,L12,4.036447946168879
vasp-Au3Cr1,Au3Cr,Au,Cr,3.0,1.0,4.106607091877015,-4.7353228075,,VASP,L12,4.106607091877015
vasp-Au3Cu1,Au3Cu,Au,Cu,3.0,1.0,4.037095890437225,-3.362256465,,VASP,L12,4.037095890437225
vasp-Au3Dy1,Au3Dy,Au,Dy,3.0,1.0,4.043785923070843,-4.9695908225,,VASP,L12,4.043785923070843
vasp-Au3Er1,Au3Er,Au,Er,3.0,1.0,4.349830261358977,-4.838902905,,VASP,L12,4.349830261358977
vasp-Au3Eu1,Au3Eu,Au,Eu,3.0,1.0,5.179866281157838,-4.7256571975,,VASP,L12,5.179866281157838
vasp-Au3Fe1,Au3Fe,Au,Fe,3.0,1.0,4.065096489621262,-4.286832615,,VASP,L12,4.065096489621262
vasp-Au3Ga1,Au3Ga,Au,Ga,3.0,1.0,4.124183632309961,-3.20084636,,VASP,L12,4.124183632309961
vasp-Au3Gd1,Au3Gd,Au,Gd,3.0,1.0,4.4001170369343905,-4.9187247475,,VASP,L12,4.4001170369343905
vasp-Au3Ge1,Au3Ge,Au,Ge,3.0,1.0,4.182970646002984,-3.456122875,,VASP,L12,4.182970646002984
vasp-Au3Hf1,Au3Hf,Au,Hf,3.0,1.0,4.213667683875268,-5.100322455,,VASP,L12,4.213667683875268
vasp-Au3Hg1,Au3Hg,Au,Hg,3.0,1.0,4.227222411216807,-2.39093802,,VASP,L12,4.227222411216807
vasp-Au3Ho1,Au3Ho,Au,Ho,3.0,1.0,4.358406258593124,-5.145733035,,VASP,L12,4.358406258593124
vasp-Au3In1,Au3In,Au,In,3.0,1.0,4.227021380585061,-3.1607011175,,VASP,L12,4.227021380585061
vasp-Au3Ir1,Au3Ir,Au,Ir,3.0,1.0,4.073967295274822,-4.275131625,,VASP,L12,4.073967295274822
vasp-Au3La1,Au3La,Au,La,3.0,1.0,4.504768474630062,-4.141315695,,VASP,L12,4.504768474630062
vasp-Au3Lu1,Au3Lu,Au,Lu,3.0,1.0,4.305698785242853,-4.0807485425,,VASP,L12,4.305698785242853
vasp-Au3Mg1,Au3Mg,Au,Mg,3.0,1.0,4.13648622632521,-3.1832790625,,VASP,L12,4.13648622632521
vasp-Au3Mn1,Au3Mn,Au,Mn,3.0,1.0,4.110246685446767,-4.681017495,,VASP,L12,4.110246685446767
vasp-Au3Mo1,Au3Mo,Au,Mo,3.0,1.0,4.153803563253507,-4.681253405,,VASP,L12,4.153803563253507
vasp-Au3Nb1,Au3Nb,Au,Nb,3.0,1.0,4.188343591385821,-4.7344467475,,VASP,L12,4.188343591385821
vasp-Au3Nd1,Au3Nd,Au,Nd,3.0,1.0,4.4324332361248295,-4.4299648675,,VASP,L12,4.4324332361248295
vasp-Au3Ni1,Au3Ni,Au,Ni,3.0,1.0,4.0083546788046,-3.7084858375,,VASP,L12,4.0083546788046
vasp-Au3Os1,Au3Os,Au,Os,3.0,1.0,4.068413413845706,-4.54626544,,VASP,L12,4.068413413845706
vasp-Au3Pb1,Au3Pb,Au,Pb,3.0,1.0,4.370018156781968,-3.2488536825,,VASP,L12,4.370018156781968
vasp-Au3Pd1,Au3Pd,Au,Pd,3.0,1.0,4.0919649913733345,-3.7965980475,,VASP,L12,4.0919649913733345
vasp-Au3Pr1,Au3Pr,Au,Pr,3.0,1.0,4.465893564680377,-3.6848098125,,VASP,L12,4.465893564680377
vasp-Au3Pt1,Au3Pt,Au,Pt,3.0,1.0,4.097407971657165,-3.90154953,,VASP,L12,4.097407971657165
vasp-Au3Re1,Au3Re,Au,Re,3.0,1.0,4.084701484402969,-4.7619975225,,VASP,L12,4.084701484402969
vasp-Au3Rh1,Au3Rh,Au,Rh,3.0,1.0,4.06929595989458,-4.0798991175,,VASP,L12,4.06929595989458
vasp-Au3Ru1,Au3Ru,Au,Ru,3.0,1.0,4.06860534674337,-4.288179255,,VASP,L12,4.06860534674337
vasp-Au3Sc1,Au3Sc,Au,Sc,3.0,1.0,4.211789390556995,-4.456859335,,VASP,L12,4.211789390556995
vasp-Au3Si1,Au3Si,Au,Si,3.0,1.0,4.114513310546824,-3.589529495,,VASP,L12,4.114513310546824
vasp-Au3Sm1,Au3Sm,Au,Sm,3.0,1.0,4.4222010005162184,-4.9283064875,,VASP,L12,4.4222010005162184
vasp-Au3Sn1,Au3Sn,Au,Sn,3.0,1.0,4.277270731067066,-3.3864661825,,VASP,L12,4.277270731067066
vasp-Au3Sr1,Au3Sr,Au,Sr,3.0,1.0,4.489260658801791,-3.199216965,,VASP,L12,4.489260658801791
vasp-Au3Ta1,Au3Ta,Au,Ta,3.0,1.0,4.164092645970634,-5.0817477375,,VASP,L12,4.164092645970634
vasp-Au3Tb1,Au3Tb,Au,Tb,3.0,1.0,4.139748574240178,-5.3633504725,,VASP,L12,4.139748574240178
vasp-Au3Tc1,Au3Tc,Au,Tc,3.0,1.0,4.13862527061488,-4.4987777675,,VASP,L12,4.13862527061488
vasp-Au3Ti1,Au3Ti,Au,Ti,3.0,1.0,4.1400396648287225,-4.459599415,,VASP,L12,4.1400396648287225
vasp-Au3Tm1,Au3Tm,Au,Tm,3.0,1.0,4.004390947722414,-4.2055397075,,VASP,L12,4.004390947722414
vasp-Au3V1,Au3V,Au,V,3.0,1.0,4.109073255491266,-4.5680586225,,VASP,L12,4.109073255491266
vasp-Au3W1,Au3W,Au,W,3.0,1.0,4.131418448226913,-4.9785616525,,VASP,L12,4.131418448226913
vasp-Au3Y1,Au3Y,Au,Y,3.0,1.0,4.354236953402338,-4.584633735,,VASP,L12,4.354236953402338
vasp-Au3Zn1,Au3Zn,Au,Zn,3.0,1.0,4.087257227060816,-2.81409739,,VASP,L12,4.087257227060816
vasp-Au3Zr1,Au3Zr,Au,Zr,3.0,1.0,4.244157064361558,-4.7656756025,,VASP,L12,4.244157064361558
vasp-Ba3Ag1,Ba3Ag,Ba,Ag,3.0,1.0,5.092856269296673,-1.52825613,,VASP,L12,5.092856269296673
vasp-Ba3Al1,Ba3Al,Ba,Al,3.0,1.0,5.569485970699441,-2.265248015,,VASP,L12,5.569485970699441
vasp-Ba3Au1,Ba3Au,Ba,Au,3.0,1.0,5.171853706076615,-2.05463894,,VASP,L12,5.171853706076615
vasp-Ba3Ba1,Ba3Ba,Ba,Ba,3.0,1.0,5.979383590194286,-1.7277775975,,VASP,L12,5.979383590194286
vasp-Ba3Ca1,Ba3Ca,Ba,Ca,3.0,1.0,5.935545059198705,-1.7772630525,,VASP,L12,5.935545059198705
vasp-Ba3Cd1,Ba3Cd,Ba,Cd,3.0,1.0,4.943600774542358,-0.7386384225,,VASP,L12,4.943600774542358
vasp-Ba3Ce1,Ba3Ce,Ba,Ce,3.0,1.0,5.262375066681641,-2.006623235,,VASP,L12,5.262375066681641
vasp-Ba3Co1,Ba3Co,Ba,Co,3.0,1.0,4.947469391159216,-2.2044590975,,VASP,L12,4.947469391159216
vasp-Ba3Cr1,Ba3Cr,Ba,Cr,3.0,1.0,5.261935752022531,-2.59578889,,VASP,L12,5.261935752022531
vasp-Ba3Cu1,Ba3Cu,Ba,Cu,3.0,1.0,4.800154997552153,-1.2297514175,,VASP,L12,4.800154997552153
vasp-Ba3Dy1,Ba3Dy,Ba,Dy,3.0,1.0,6.876267821994564,9.511733545,,VASP,L12,6.876267821994564
vasp-Ba3Er1,Ba3Er,Ba,Er,3.0,1.0,5.153590231738098,1.6257555825,,VASP,L12,5.153590231738098
vasp-Ba3Eu1,Ba3Eu,Ba,Eu,3.0,1.0,5.058013229998999,1.2307764025,,VASP,L12,5.058013229998999
vasp-Ba3Fe1,Ba3Fe,Ba,Fe,3.0,1.0,4.947356372975676,-2.2809773025,,VASP,L12,4.947356372975676
vasp-Ba3Ga1,Ba3Ga,Ba,Ga,3.0,1.0,5.544805871153316,-2.14993802,,VASP,L12,5.544805871153316
vasp-Ba3Gd1,Ba3Gd,Ba,Gd,3.0,1.0,4.371301763241091,0.2186133225,,VASP,L12,4.371301763241091
vasp-Ba3Ge1,Ba3Ge,Ba,Ge,3.0,1.0,5.451959061669536,-2.687893805,,VASP,L12,5.451959061669536
vasp-Ba3Hf1,Ba3Hf,Ba,Hf,3.0,1.0,5.485647986916823,-3.1613741275,,VASP,L12,5.485647986916823
vasp-Ba3Hg1,Ba3Hg,Ba,Hg,3.0,1.0,5.18250476720679,-1.1910678175,,VASP,L12,5.18250476720679
vasp-Ba3Ho1,Ba3Ho,Ba,Ho,3.0,1.0,5.0338719880913,1.5771893425,,VASP,L12,5.0338719880913
vasp-Ba3In1,Ba3In,Ba,In,3.0,1.0,5.641818358308323,-2.177813795,,VASP,L12,5.641818358308323
vasp-Ba3Ir1,Ba3Ir,Ba,Ir,3.0,1.0,5.135143047380655,-3.2616326625,,VASP,L12,5.135143047380655
vasp-Ba3La1,Ba3La,Ba,La,3.0,1.0,5.709200457745101,-2.3268505125,,VASP,L12,5.709200457745101
vasp-Ba3Lu1,Ba3Lu,Ba,Lu,3.0,1.0,5.334460776746067,-1.8772390725,,VASP,L12,5.334460776746067
vasp-Ba3Mg1,Ba3Mg,Ba,Mg,3.0,1.0,5.76508947391576,-1.695736085,,VASP,L12,5.76508947391576
vasp-Ba3Mn1,Ba3Mn,Ba,Mn,3.0,1.0,4.960536457046914,-2.3137765175,,VASP,L12,4.960536457046914
vasp-Ba3Mo1,Ba3Mo,Ba,Mo,3.0,1.0,5.22930610164326,-2.9827881275,,VASP,L12,5.22930610164326
vasp-Ba3Nb1,Ba3Nb,Ba,Nb,3.0,1.0,5.3717580790893855,-2.966388535,,VASP,L12,5.3717580790893855
vasp-Ba3Nd1,Ba3Nd,Ba,Nd,3.0,1.0,5.122886780670809,1.8278015075,,VASP,L12,5.122886780670809
vasp-Ba3Ni1,Ba3Ni,Ba,Ni,3.0,1.0,4.950405930948385,-1.9778497,,VASP,L12,4.950405930948385
vasp-Ba3Os1,Ba3Os,Ba,Os,3.0,1.0,5.077534668208363,-3.340853325,,VASP,L12,5.077534668208363
vasp-Ba3Pb1,Ba3Pb,Ba,Pb,3.0,1.0,5.64492553686755,-2.5862300725,,VASP,L12,5.64492553686755
vasp-Ba3Pd1,Ba3Pd,Ba,Pd,3.0,1.0,5.036403765033705,-2.340263555,,VASP,L12,5.036403765033705
vasp-Ba3Pr1,Ba3Pr,Ba,Pr,3.0,1.0,5.341621492322512,1.98165714,,VASP,L12,5.341621492322512
vasp-Ba3Pt1,Ba3Pt,Ba,Pt,3.0,1.0,5.1055250474637885,-2.8143594525,,VASP,L12,5.1055250474637885
vasp-Ba3Re1,Ba3Re,Ba,Re,3.0,1.0,5.107364452101851,-3.3254616875,,VASP,L12,5.107364452101851
vasp-Ba3Rh1,Ba3Rh,Ba,Rh,3.0,1.0,5.121859074198689,-2.859929885,,VASP,L12,5.121859074198689
vasp-Ba3Ru1,Ba3Ru,Ba,Ru,3.0,1.0,5.1724801831429215,-3.03162469,,VASP,L12,5.1724801831429215
vasp-Ba3Sc1,Ba3Sc,Ba,Sc,3.0,1.0,5.345395664391325,-2.3616874925,,VASP,L12,5.345395664391325
vasp-Ba3Si1,Ba3Si,Ba,Si,3.0,1.0,5.413077844053504,-2.7684175025,,VASP,L12,5.413077844053504
vasp-Ba3Sm1,Ba3Sm,Ba,Sm,3.0,1.0,5.0607047422832725,-3.5092165375,,VASP,L12,5.0607047422832725
vasp-Ba3Sn1,Ba3Sn,Ba,Sn,3.0,1.0,5.593256927655224,-2.700085955,,VASP,L12,5.593256927655224
vasp-Ba3Sr1,Ba3Sr,Ba,Sr,3.0,1.0,5.836613945994567,-1.57257365,,VASP,L12,5.836613945994567
vasp-Ba3Ta1,Ba3Ta,Ba,Ta,3.0,1.0,5.313421627194333,-3.25345976,,VASP,L12,5.313421627194333
vasp-Ba3Tb1,Ba3Tb,Ba,Tb,3.0,1.0,4.0,1.506876205,,VASP,L12,4.0
vasp-Ba3Tc1,Ba3Tc,Ba,Tc,3.0,1.0,5.144123623065697,-2.9934909025,,VASP,L12,5.144123623065697
vasp-Ba3Ti1,Ba3Ti,Ba,Ti,3.0,1.0,5.551070765719614,-2.6615531825,,VASP,L12,5.551070765719614
vasp-Ba3Tm1,Ba3Tm,Ba,Tm,3.0,1.0,4.415542882006204,1.707823615,,VASP,L12,4.415542882006204
vasp-Ba3V1,Ba3V,Ba,V,3.0,1.0,5.924801176855576,0.7749469175,,VASP,L12,5.924801176855576
vasp-Ba3W1,Ba3W,Ba,W,3.0,1.0,5.215302473053681,-3.3067610675,,VASP,L12,5.215302473053681
vasp-Ba3Y1,Ba3Y,Ba,Y,3.0,1.0,5.67455252601947,-2.670740365,,VASP,L12,5.67455252601947
vasp-Ba3Zn1,Ba3Zn,Ba,Zn,3.0,1.0,5.0121500914594845,-1.012756415,,VASP,L12,5.0121500914594845
vasp-Ba3Zr1,Ba3Zr,Ba,Zr,3.0,1.0,5.2225253913831935,-2.6695565575,,VASP,L12,5.2225253913831935
vasp-Ca3Ag1,Ca3Ag,Ca,Ag,3.0,1.0,4.8480714092824755,-2.0702687425,,VASP,L12,4.8480714092824755
vasp-Ca3Al1,Ca3Al,Ca,Al,3.0,1.0,5.031107395355981,-2.40382701,,VASP,L12,5.031107395355981
vasp-Ca3Au1,Ca3Au,Ca,Au,3.0,1.0,4.858278013700526,-2.4889323125,,VASP,L12,4.858278013700526
vasp-Ca3Ba1,Ca3Ba,Ca,Ba,3.0,1.0,5.709357920263859,-1.8618438375,,VASP,L12,5.709357920263859
vasp-Ca3Ca1,Ca3Ca,Ca,Ca,3.0,1.0,5.509071242184718,-1.90722229,,VASP,L12,5.509071242184718
vasp-Ca3Cd1,Ca3Cd,Ca,Cd,3.0,1.0,4.761164864358014,-1.4399868525,,VASP,L12,4.761164864358014
vasp-Ca3Ce1,Ca3Ce,Ca,Ce,3.0,1.0,4.975607516582952,-0.162511025,,VASP,L12,4.975607516582952
vasp-Ca3Co1,Ca3Co,Ca,Co,3.0,1.0,4.689884662209782,-2.6794690475,,VASP,L12,4.689884662209782
vasp-Ca3Cr1,Ca3Cr,Ca,Cr,3.0,1.0,4.911942269454973,-2.88086057,,VASP,L12,4.911942269454973
vasp-Ca3Cu1,Ca3Cu,Ca,Cu,3.0,1.0,4.629941636164416,-1.965486575,,VASP,L12,4.629941636164416
vasp-Ca3Dy1,Ca3Dy,Ca,Dy,3.0,1.0,4.568858770974795,-0.599784315,,VASP,L12,4.568858770974795
vasp-Ca3Er1,Ca3Er,Ca,Er,3.0,1.0,6.272811029269212,-0.4979831,,VASP,L12,6.272811029269212
vasp-Ca3Eu1,Ca3Eu,Ca,Eu,3.0,1.0,4.194103032291738,-1.1496276875,,VASP,L12,4.194103032291738
vasp-Ca3Fe1,Ca3Fe,Ca,Fe,3.0,1.0,4.689910836428357,-2.764692145,,VASP,L12,4.689910836428357
vasp-Ca3Ga1,Ca3Ga,Ca,Ga,3.0,1.0,4.997166252101927,-2.28373766,,VASP,L12,4.997166252101927
vasp-Ca3Gd1,Ca3Gd,Ca,Gd,3.0,1.0,4.19370783104502,-2.97894289,,VASP,L12,4.19370783104502
vasp-Ca3Ge1,Ca3Ge,Ca,Ge,3.0,1.0,4.869834923546211,-2.8806145825,,VASP,L12,4.869834923546211
vasp-Ca3Hf1,Ca3Hf,Ca,Hf,3.0,1.0,5.108364475666406,-3.38683568,,VASP,L12,5.108364475666406
vasp-Ca3Hg1,Ca3Hg,Ca,Hg,3.0,1.0,4.926414382053062,-1.60968356,,VASP,L12,4.926414382053062
vasp-Ca3Ho1,Ca3Ho,Ca,Ho,3.0,1.0,4.531092950724169,-0.7056152075,,VASP,L12,4.531092950724169
vasp-Ca3In1,Ca3In,Ca,In,3.0,1.0,5.11826568175707,-2.2852419125,,VASP,L12,5.11826568175707
vasp-Ca3Ir1,Ca3Ir,Ca,Ir,3.0,1.0,4.703368943313578,-3.6176852225,,VASP,L12,4.703368943313578
vasp-Ca3La1,Ca3La,Ca,La,3.0,1.0,5.426193936508227,-2.51802993,,VASP,L12,5.426193936508227
vasp-Ca3Lu1,Ca3Lu,Ca,Lu,3.0,1.0,5.147599386420489,-2.273513145,,VASP,L12,5.147599386420489
vasp-Ca3Mg1,Ca3Mg,Ca,Mg,3.0,1.0,5.247958169206357,-1.8195970275,,VASP,L12,5.247958169206357
vasp-Ca3Mn1,Ca3Mn,Ca,Mn,3.0,1.0,4.732485286922029,-2.81074485,,VASP,L12,4.732485286922029
vasp-Ca3Mo1,Ca3Mo,Ca,Mo,3.0,1.0,4.850503244520821,-3.33609482,,VASP,L12,4.850503244520821
vasp-Ca3Nb1,Ca3Nb,Ca,Nb,3.0,1.0,4.987102672845336,-3.2375559825,,VASP,L12,4.987102672845336
vasp-Ca3Nd1,Ca3Nd,Ca,Nd,3.0,1.0,4.334672593519908,-0.6405731675,,VASP,L12,4.334672593519908
vasp-Ca3Ni1,Ca3Ni,Ca,Ni,3.0,1.0,4.710374637955656,-2.5071964675,,VASP,L12,4.710374637955656
vasp-Ca3Os1,Ca3Os,Ca,Os,3.0,1.0,4.686174048779904,-3.76234854,,VASP,L12,4.686174048779904
vasp-Ca3Pb1,Ca3Pb,Ca,Pb,3.0,1.0,5.07820670011226,-2.6984218925,,VASP,L12,5.07820670011226
vasp-Ca3Pd1,Ca3Pd,Ca,Pd,3.0,1.0,4.771949180972361,-2.859320935,,VASP,L12,4.771949180972361
vasp-Ca3Pr1,Ca3Pr,Ca,Pr,3.0,1.0,4.990014122753467,-0.3795215575,,VASP,L12,4.990014122753467
vasp-Ca3Pt1,Ca3Pt,Ca,Pt,3.0,1.0,4.758191369316106,-3.2481137925,,VASP,L12,4.758191369316106
vasp-Ca3Re1,Ca3Re,Ca,Re,3.0,1.0,4.736964282678943,-3.7459454875,,VASP,L12,4.736964282678943
vasp-Ca3Rh1,Ca3Rh,Ca,Rh,3.0,1.0,4.754932391500903,-3.242199715,,VASP,L12,4.754932391500903
vasp-Ca3Ru1,Ca3Ru,Ca,Ru,3.0,1.0,4.736878301719494,-3.38294498,,VASP,L12,4.736878301719494
vasp-Ca3Sc1,Ca3Sc,Ca,Sc,3.0,1.0,5.123398432981732,-2.711628875,,VASP,L12,5.123398432981732
vasp-Ca3Si1,Ca3Si,Ca,Si,3.0,1.0,4.825499047334864,-2.9845011175,,VASP,L12,4.825499047334864
vasp-Ca3Sm1,Ca3Sm,Ca,Sm,3.0,1.0,5.025906146367402,-1.48494947,,VASP,L12,5.025906146367402
vasp-Ca3Sn1,Ca3Sn,Ca,Sn,3.0,1.0,5.016308613601067,-2.84080573,,VASP,L12,5.016308613601067
vasp-Ca3Sr1,Ca3Sr,Ca,Sr,3.0,1.0,5.5480961080244295,-1.77921319,,VASP,L12,5.5480961080244295
vasp-Ca3Ta1,Ca3Ta,Ca,Ta,3.0,1.0,4.941565911509941,-3.5468780875,,VASP,L12,4.941565911509941
vasp-Ca3Tb1,Ca3Tb,Ca,Tb,3.0,1.0,4.186718025188608,-1.7377599375,,VASP,L12,4.186718025188608
vasp-Ca3Tc1,Ca3Tc,Ca,Tc,3.0,1.0,4.769072799895468,-3.3832167825,,VASP,L12,4.769072799895468
vasp-Ca3Ti1,Ca3Ti,Ca,Ti,3.0,1.0,5.097513291600272,-2.84647026,,VASP,L12,5.097513291600272
vasp-Ca3Tm1,Ca3Tm,Ca,Tm,3.0,1.0,4.883497381673456,-0.4523735025,,VASP,L12,4.883497381673456
vasp-Ca3V1,Ca3V,Ca,V,3.0,1.0,5.086705723598311,-3.170882075,,VASP,L12,5.086705723598311
vasp-Ca3W1,Ca3W,Ca,W,3.0,1.0,4.823717050105813,-3.6696471825,,VASP,L12,4.823717050105813
vasp-Ca3Y1,Ca3Y,Ca,Y,3.0,1.0,5.357580189206356,-2.88448831,,VASP,L12,5.357580189206356
vasp-Ca3Zn1,Ca3Zn,Ca,Zn,3.0,1.0,4.793920860680872,-1.543979065,,VASP,L12,4.793920860680872
vasp-Ca3Zr1,Ca3Zr,Ca,Zr,3.0,1.0,5.017684061929283,-3.0460252525,,VASP,L12,5.017684061929283
vasp-Cd3Ag1,Cd3Ag,Cd,Ag,3.0,1.0,4.322159682855986,-1.2317974725,,VASP,L12,4.322159682855986
vasp-Cd3Al1,Cd3Al,Cd,Al,3.0,1.0,4.356045911630244,-1.3735056,,VASP,L12,4.356045911630244
vasp-Cd3Au1,Cd3Au,Cd,Au,3.0,1.0,4.314160470026885,-1.4289123425,,VASP,L12,4.314160470026885
vasp-Cd3Ba1,Cd3Ba,Cd,Ba,3.0,1.0,4.611192471811673,-0.7492662825,,VASP,L12,4.611192471811673
vasp-Cd3Ca1,Cd3Ca,Cd,Ca,3.0,1.0,4.48040761578219,-1.157274425,,VASP,L12,4.48040761578219
vasp-Cd3Cd1,Cd3Cd,Cd,Cd,3.0,1.0,4.3893725692940535,-0.67715527,,VASP,L12,4.3893725692940535
vasp-Cd3Ce1,Cd3Ce,Cd,Ce,3.0,1.0,4.505767522474921,-1.97194597,,VASP,L12,4.505767522474921
vasp-Cd3Co1,Cd3Co,Cd,Co,3.0,1.0,4.165008966648676,-2.0532204375,,VASP,L12,4.165008966648676
vasp-Cd3Cr1,Cd3Cr,Cd,Cr,3.0,1.0,4.296129709337113,-2.67601567,,VASP,L12,4.296129709337113
vasp-Cd3Cu1,Cd3Cu,Cd,Cu,3.0,1.0,4.225332821797029,-1.382035385,,VASP,L12,4.225332821797029
vasp-Cd3Dy1,Cd3Dy,Cd,Dy,3.0,1.0,4.0,-2.242061895,,VASP,L12,4.0
vasp-Cd3Er1,Cd3Er,Cd,Er,3.0,1.0,4.468422310178387,-2.58107685,,VASP,L12,4.468422310178387
vasp-Cd3Eu1,Cd3Eu,Cd,Eu,3.0,1.0,4.537062114985043,-3.139187065,,VASP,L12,4.537062114985043
vasp-Cd3Fe1,Cd3Fe,Cd,Fe,3.0,1.0,4.214484398345656,-2.3837378875,,VASP,L12,4.214484398345656
vasp-Cd3Ga1,Cd3Ga,Cd,Ga,3.0,1.0,4.374821250251588,-1.22368003,,VASP,L12,4.374821250251588
vasp-Cd3Gd1,Cd3Gd,Cd,Gd,3.0,1.0,4.486997807016258,-4.2102567,,VASP,L12,4.486997807016258
vasp-Cd3Ge1,Cd3Ge,Cd,Ge,3.0,1.0,4.38622801518987,-1.5348519075,,VASP,L12,4.38622801518987
vasp-Cd3Hf1,Cd3Hf,Cd,Hf,3.0,1.0,4.354048305524492,-3.01862413,,VASP,L12,4.354048305524492
vasp-Cd3Hg1,Cd3Hg,Cd,Hg,3.0,1.0,4.417706114622302,-0.52027343,,VASP,L12,4.417706114622302
vasp-Cd3Ho1,Cd3Ho,Cd,Ho,3.0,1.0,4.0,-1.911215755,,VASP,L12,4.0
vasp-Cd3In1,Cd3In,Cd,In,3.0,1.0,4.441719252082701,-1.11745239,,VASP,L12,4.441719252082701
vasp-Cd3Ir1,Cd3Ir,Cd,Ir,3.0,1.0,4.205797267057314,-2.659654105,,VASP,L12,4.205797267057314
vasp-Cd3La1,Cd3La,Cd,La,3.0,1.0,4.548725259394518,-1.7982878975,,VASP,L12,4.548725259394518
vasp-Cd3Lu1,Cd3Lu,Cd,Lu,3.0,1.0,4.438671503301354,-1.8087286175,,VASP,L12,4.438671503301354
vasp-Cd3Mg1,Cd3Mg,Cd,Mg,3.0,1.0,4.375657148838353,-0.96074859,,VASP,L12,4.375657148838353
vasp-Cd3Mn1,Cd3Mn,Cd,Mn,3.0,1.0,4.2656626694475275,-2.6378304175,,VASP,L12,4.2656626694475275
vasp-Cd3Mo1,Cd3Mo,Cd,Mo,3.0,1.0,4.239584291282108,-2.9392177025,,VASP,L12,4.239584291282108
vasp-Cd3Nb1,Cd3Nb,Cd,Nb,3.0,1.0,4.292448174218744,-2.940423225,,VASP,L12,4.292448174218744
vasp-Cd3Nd1,Cd3Nd,Cd,Nd,3.0,1.0,4.518170582716596,-2.5054266675,,VASP,L12,4.518170582716596
vasp-Cd3Ni1,Cd3Ni,Cd,Ni,3.0,1.0,4.184129912561143,-1.8449682025,,VASP,L12,4.184129912561143
vasp-Cd3Os1,Cd3Os,Cd,Os,3.0,1.0,4.195893191081103,-2.8959533475,,VASP,L12,4.195893191081103
vasp-Cd3Pb1,Cd3Pb,Cd,Pb,3.0,1.0,4.496450737095996,-1.2648599225,,VASP,L12,4.496450737095996
vasp-Cd3Pd1,Cd3Pd,Cd,Pd,3.0,1.0,4.249498727036493,-2.0657781675,,VASP,L12,4.249498727036493
vasp-Cd3Pr1,Cd3Pr,Cd,Pr,3.0,1.0,4.567934033338249,-0.9041571,,VASP,L12,4.567934033338249
vasp-Cd3Pt1,Cd3Pt,Cd,Pt,3.0,1.0,4.2446385124991695,-2.2434243475,,VASP,L12,4.2446385124991695
vasp-Cd3Re1,Cd3Re,Cd,Re,3.0,1.0,4.220695029707554,-3.0686714175,,VASP,L12,4.220695029707554
vasp-Cd3Rh1,Cd3Rh,Cd,Rh,3.0,1.0,4.207895073854809,-2.4479163475,,VASP,L12,4.207895073854809
vasp-Cd3Ru1,Cd3Ru,Cd,Ru,3.0,1.0,4.1960438766892345,-2.681060865,,VASP,L12,4.1960438766892345
vasp-Cd3Sc1,Cd3Sc,Cd,Sc,3.0,1.0,4.381525235700533,-2.291469005,,VASP,L12,4.381525235700533
vasp-Cd3Si1,Cd3Si,Cd,Si,3.0,1.0,4.34900906451674,-1.6224408225,,VASP,L12,4.34900906451674
vasp-Cd3Sm1,Cd3Sm,Cd,Sm,3.0,1.0,4.21631232637411,-2.9911048875,,VASP,L12,4.21631232637411
vasp-Cd3Sn1,Cd3Sn,Cd,Sn,3.0,1.0,4.459760758609608,-1.3861938025,,VASP,L12,4.459760758609608
vasp-Cd3Sr1,Cd3Sr,Cd,Sr,3.0,1.0,4.549744783870967,-0.9134997275,,VASP,L12,4.549744783870967
vasp-Cd3Ta1,Cd3Ta,Cd,Ta,3.0,1.0,4.282297617045488,-3.2167130625,,VASP,L12,4.282297617045488
vasp-Cd3Tb1,Cd3Tb,Cd,Tb,3.0,1.0,3.999999999946843,-1.6553768225,,VASP,L12,3.999999999946843
vasp-Cd3Tc1,Cd3Tc,Cd,Tc,3.0,1.0,4.223651642724925,-2.8419221275,,VASP,L12,4.223651642724925
vasp-Cd3Ti1,Cd3Ti,Cd,Ti,3.0,1.0,4.292813249745825,-2.47334972,,VASP,L12,4.292813249745825
vasp-Cd3Tm1,Cd3Tm,Cd,Tm,3.0,1.0,4.194235596461952,-1.4809131175,,VASP,L12,4.194235596461952
vasp-Cd3V1,Cd3V,Cd,V,3.0,1.0,4.231391748791382,-2.5166649775,,VASP,L12,4.231391748791382
vasp-Cd3W1,Cd3W,Cd,W,3.0,1.0,4.235252107968192,-3.198395125,,VASP,L12,4.235252107968192
vasp-Cd3Y1,Cd3Y,Cd,Y,3.0,1.0,4.46585157906885,-2.3369971975,,VASP,L12,4.46585157906885
vasp-Cd3Zn1,Cd3Zn,Cd,Zn,3.0,1.0,4.328417587174156,-0.753591475,,VASP,L12,4.328417587174156
vasp-Cd3Zr1,Cd3Zr,Cd,Zr,3.0,1.0,4.374688129737349,-2.76806498,,VASP,L12,4.374688129737349
vasp-Ce3Ag1,Ce3Ag,Ce,Ag,3.0,1.0,4.5724447186468336,-4.8988425875,,VASP,L12,4.5724447186468336
vasp-Ce3Al1,Ce3Al,Ce,Al,3.0,1.0,4.341884721348359,-4.63777001,,VASP,L12,4.341884721348359
vasp-Ce3Au1,Ce3Au,Ce,Au,3.0,1.0,4.575562775150233,-5.3176736925,,VASP,L12,4.575562775150233
vasp-Ce3Ba1,Ce3Ba,Ce,Ba,3.0,1.0,4.730773797883114,-4.26207682,,VASP,L12,4.730773797883114
vasp-Ce3Ca1,Ce3Ca,Ce,Ca,3.0,1.0,4.690478844824627,-4.425372295,,VASP,L12,4.690478844824627
vasp-Ce3Cd1,Ce3Cd,Ce,Cd,3.0,1.0,4.5769881331934785,-4.4267205925,,VASP,L12,4.5769881331934785
vasp-Ce3Ce1,Ce3Ce,Ce,Ce,3.0,1.0,4.563423205111917,-5.7978635175,,VASP,L12,4.563423205111917
vasp-Ce3Co1,Ce3Co,Ce,Co,3.0,1.0,4.407002507283116,-5.909891245,,VASP,L12,4.407002507283116
vasp-Ce3Cr1,Ce3Cr,Ce,Cr,3.0,1.0,4.441452993263867,-6.3152066975,,VASP,L12,4.441452993263867
vasp-Ce3Cu1,Ce3Cu,Ce,Cu,3.0,1.0,4.423599582042799,-5.113998355,,VASP,L12,4.423599582042799
vasp-Ce3Dy1,Ce3Dy,Ce,Dy,3.0,1.0,4.330629073730562,-5.1442246675,,VASP,L12,4.330629073730562
vasp-Ce3Er1,Ce3Er,Ce,Er,3.0,1.0,4.032162463552621,-4.932036225,,VASP,L12,4.032162463552621
vasp-Ce3Eu1,Ce3Eu,Ce,Eu,3.0,1.0,4.983393398866837,-4.186540345,,VASP,L12,4.983393398866837
vasp-Ce3Fe1,Ce3Fe,Ce,Fe,3.0,1.0,4.4013491230721336,-6.113070675,,VASP,L12,4.4013491230721336
vasp-Ce3Ga1,Ce3Ga,Ce,Ga,3.0,1.0,4.34452565195728,-4.1739731375,,VASP,L12,4.34452565195728
vasp-Ce3Gd1,Ce3Gd,Ce,Gd,3.0,1.0,4.512382720320624,-6.372298155,,VASP,L12,4.512382720320624
vasp-Ce3Ge1,Ce3Ge,Ce,Ge,3.0,1.0,4.5311806500705565,-5.8977213875,,VASP,L12,4.5311806500705565
vasp-Ce3Hf1,Ce3Hf,Ce,Hf,3.0,1.0,4.595789957335279,-6.697587205,,VASP,L12,4.595789957335279
vasp-Ce3Hg1,Ce3Hg,Ce,Hg,3.0,1.0,4.631048021743456,-4.4269388325,,VASP,L12,4.631048021743456
vasp-Ce3Ho1,Ce3Ho,Ce,Ho,3.0,1.0,5.976809349824219,-5.06489723,,VASP,L12,5.976809349824219
vasp-Ce3In1,Ce3In,Ce,In,3.0,1.0,4.719747467665205,-3.811780845,,VASP,L12,4.719747467665205
vasp-Ce3Ir1,Ce3Ir,Ce,Ir,3.0,1.0,4.48758234853099,-6.7157982775,,VASP,L12,4.48758234853099
vasp-Ce3La1,Ce3La,Ce,La,3.0,1.0,4.65549130989662,-5.4308325925,,VASP,L12,4.65549130989662
vasp-Ce3Lu1,Ce3Lu,Ce,Lu,3.0,1.0,4.649927115955538,-5.3001997475,,VASP,L12,4.649927115955538
vasp-Ce3Mg1,Ce3Mg,Ce,Mg,3.0,1.0,4.625108473737484,-4.565395775,,VASP,L12,4.625108473737484
vasp-Ce3Mn1,Ce3Mn,Ce,Mn,3.0,1.0,4.406230679485167,-6.251103485,,VASP,L12,4.406230679485167
vasp-Ce3Mo1,Ce3Mo,Ce,Mo,3.0,1.0,4.496969516673748,-6.8012116725,,VASP,L12,4.496969516673748
vasp-Ce3Nb1,Ce3Nb,Ce,Nb,3.0,1.0,4.548887464642606,-6.6545958125,,VASP,L12,4.548887464642606
vasp-Ce3Nd1,Ce3Nd,Ce,Nd,3.0,1.0,5.116459690824458,-4.9451405425,,VASP,L12,5.116459690824458
vasp-Ce3Ni1,Ce3Ni,Ce,Ni,3.0,1.0,4.424819033167832,-5.6258839825,,VASP,L12,4.424819033167832
vasp-Ce3Os1,Ce3Os,Ce,Os,3.0,1.0,4.471749372304312,-7.047562955,,VASP,L12,4.471749372304312
vasp-Ce3Pb1,Ce3Pb,Ce,Pb,3.0,1.0,4.888687643085377,-4.4927260775,,VASP,L12,4.888687643085377
vasp-Ce3Pd1,Ce3Pd,Ce,Pd,3.0,1.0,4.515247215497191,-5.7573710475,,VASP,L12,4.515247215497191
vasp-Ce3Pr1,Ce3Pr,Ce,Pr,3.0,1.0,4.49296927490486,-4.8513147,,VASP,L12,4.49296927490486
vasp-Ce3Pt1,Ce3Pt,Ce,Pt,3.0,1.0,4.521787217961024,-6.1851550875,,VASP,L12,4.521787217961024
vasp-Ce3Re1,Ce3Re,Ce,Re,3.0,1.0,4.476999728099267,-7.2035519725,,VASP,L12,4.476999728099267
vasp-Ce3Rh1,Ce3Rh,Ce,Rh,3.0,1.0,4.481647613754881,-6.2612591075,,VASP,L12,4.481647613754881
vasp-Ce3Ru1,Ce3Ru,Ce,Ru,3.0,1.0,4.463719687586962,-6.58137573,,VASP,L12,4.463719687586962
vasp-Ce3Sc1,Ce3Sc,Ce,Sc,3.0,1.0,4.603842239628923,-5.78400372,,VASP,L12,4.603842239628923
vasp-Ce3Si1,Ce3Si,Ce,Si,3.0,1.0,4.499722349055917,-6.0798034425,,VASP,L12,4.499722349055917
vasp-Ce3Sm1,Ce3Sm,Ce,Sm,3.0,1.0,4.17360230333548,,,VASP,L12,4.17360230333548
vasp-Ce3Sn1,Ce3Sn,Ce,Sn,3.0,1.0,4.7163800471443995,-4.887760125,,VASP,L12,4.7163800471443995
vasp-Ce3Sr1,Ce3Sr,Ce,Sr,3.0,1.0,4.725662222796409,-4.1872045475,,VASP,L12,4.725662222796409
vasp-Ce3Ta1,Ce3Ta,Ce,Ta,3.0,1.0,4.548102522087775,-7.05279191,,VASP,L12,4.548102522087775
vasp-Ce3Tb1,Ce3Tb,Ce,Tb,3.0,1.0,4.263640585808014,,,VASP,L12,4.263640585808014
vasp-Ce3Tc1,Ce3Tc,Ce,Tc,3.0,1.0,4.4682023783564055,-6.7655381225,,VASP,L12,4.4682023783564055
vasp-Ce3Ti1,Ce3Ti,Ce,Ti,3.0,1.0,4.526150298153908,-6.145120645,,VASP,L12,4.526150298153908
vasp-Ce3Tm1,Ce3Tm,Ce,Tm,3.0,1.0,4.215748443782863,-4.6789783325,,VASP,L12,4.215748443782863
vasp-Ce3V1,Ce3V,Ce,V,3.0,1.0,4.477670870475053,-6.2893824925,,VASP,L12,4.477670870475053
vasp-Ce3W1,Ce3W,Ce,W,3.0,1.0,4.505886337805093,-7.216048215,,VASP,L12,4.505886337805093
vasp-Ce3Y1,Ce3Y,Ce,Y,3.0,1.0,4.670650576889398,-5.75439099,,VASP,L12,4.670650576889398
vasp-Ce3Zn1,Ce3Zn,Ce,Zn,3.0,1.0,4.508906120368371,-4.6431616225,,VASP,L12,4.508906120368371
vasp-Ce3Zr1,Ce3Zr,Ce,Zr,3.0,1.0,4.602378999607204,-6.348893015,,VASP,L12,4.602378999607204
vasp-Co3Ag1,Co3Ag,Co,Ag,3.0,1.0,3.6867143195415273,-5.6145330525,,VASP,L12,3.6867143195415273
vasp-Co3Al1,Co3Al,Co,Al,3.0,1.0,3.5722545189091757,-6.40609742,,VASP,L12,3.5722545189091757
vasp-Co3Au1,Co3Au,Co,Au,3.0,1.0,3.6959756614225165,-5.931690045,,VASP,L12,3.6959756614225165
vasp-Co3Ba1,Co3Ba,Co,Ba,3.0,1.0,4.09469525071149,-4.62584721,,VASP,L12,4.09469525071149
vasp-Co3Ca1,Co3Ca,Co,Ca,3.0,1.0,3.862034276690638,-5.20373784,,VASP,L12,3.862034276690638
vasp-Co3Cd1,Co3Cd,Co,Cd,3.0,1.0,3.741498315597266,-5.1003738575,,VASP,L12,3.741498315597266
vasp-Co3Ce1,Co3Ce,Co,Ce,3.0,1.0,3.825802135940773,-6.76745057,,VASP,L12,3.825802135940773
vasp-Co3Co1,Co3Co,Co,Co,3.0,1.0,3.518827479333421,-7.0375130825,,VASP,L12,3.518827479333421
vasp-Co3Cr1,Co3Cr,Co,Cr,3.0,1.0,3.4719756614799255,-7.6047159625,,VASP,L12,3.4719756614799255
vasp-Co3Cu1,Co3Cu,Co,Cu,3.0,1.0,3.5436647693606966,-6.09565726,,VASP,L12,3.5436647693606966
vasp-Co3Dy1,Co3Dy,Co,Dy,3.0,1.0,3.7662102469002017,-8.86588765,,VASP,L12,3.7662102469002017
vasp-Co3Er1,Co3Er,Co,Er,3.0,1.0,3.531799592628911,-7.04856098,,VASP,L12,3.531799592628911
vasp-Co3Eu1,Co3Eu,Co,Eu,3.0,1.0,4.026510346719347,-7.22105283,,VASP,L12,4.026510346719347
vasp-Co3Fe1,Co3Fe,Co,Fe,3.0,1.0,3.5368661080754817,-7.3403165525,,VASP,L12,3.5368661080754817
vasp-Co3Ga1,Co3Ga,Co,Ga,3.0,1.0,3.5863968277993568,-6.080699915,,VASP,L12,3.5863968277993568
vasp-Co3Gd1,Co3Gd,Co,Gd,3.0,1.0,4.0,-8.5283622225,,VASP,L12,4.0
vasp-Co3Ge1,Co3Ge,Co,Ge,3.0,1.0,3.5697542167097605,-6.457936785,,VASP,L12,3.5697542167097605
vasp-Co3Hf1,Co3Hf,Co,Hf,3.0,1.0,3.6895295637536525,-7.9957656125,,VASP,L12,3.6895295637536525
vasp-Co3Hg1,Co3Hg,Co,Hg,3.0,1.0,3.763732868559351,-4.9104851,,VASP,L12,3.763732868559351
vasp-Co3Ho1,Co3Ho,Co,Ho,3.0,1.0,4.157768144968795,-6.74801706,,VASP,L12,4.157768144968795
vasp-Co3In1,Co3In,Co,In,3.0,1.0,3.748657451096614,-5.6753126675,,VASP,L12,3.748657451096614
vasp-Co3Ir1,Co3Ir,Co,Ir,3.0,1.0,3.621428713333684,-7.4658294575,,VASP,L12,3.621428713333684
vasp-Co3La1,Co3La,Co,La,3.0,1.0,3.9392318763982286,-6.127419265,,VASP,L12,3.9392318763982286
vasp-Co3Lu1,Co3Lu,Co,Lu,3.0,1.0,3.8125877051420205,-6.3309231875,,VASP,L12,3.8125877051420205
vasp-Co3Mg1,Co3Mg,Co,Mg,3.0,1.0,3.660932111906997,-5.4656573675,,VASP,L12,3.660932111906997
vasp-Co3Mn1,Co3Mn,Co,Mn,3.0,1.0,3.461250483282946,-7.40642265,,VASP,L12,3.461250483282946
vasp-Co3Mo1,Co3Mo,Co,Mo,3.0,1.0,3.581374096863853,-8.016672745,,VASP,L12,3.581374096863853
vasp-Co3Nb1,Co3Nb,Co,Nb,3.0,1.0,3.638458127305439,-7.95044067,,VASP,L12,3.638458127305439
vasp-Co3Nd1,Co3Nd,Co,Nd,3.0,1.0,4.0,,,VASP,L12,4.0
vasp-Co3Ni1,Co3Ni,Co,Ni,3.0,1.0,3.517645298010137,-6.663703095,,VASP,L12,3.517645298010137
vasp-Co3Os1,Co3Os,Co,Os,3.0,1.0,3.5653723630451783,-7.9062381525,,VASP,L12,3.5653723630451783
vasp-Co3Pb1,Co3Pb,Co,Pb,3.0,1.0,3.795595980384169,-5.6949587175,,VASP,L12,3.795595980384169
vasp-Co3Pd1,Co3Pd,Co,Pd,3.0,1.0,3.647172139577517,-6.536089005,,VASP,L12,3.647172139577517
vasp-Co3Pr1,Co3Pr,Co,Pr,3.0,1.0,3.7603615343166634,-6.93305054,,VASP,L12,3.7603615343166634
vasp-Co3Pt1,Co3Pt,Co,Pt,3.0,1.0,3.658354976311159,-6.87465593,,VASP,L12,3.658354976311159
vasp-Co3Re1,Co3Re,Co,Re,3.0,1.0,3.568919966533434,-8.31324691,,VASP,L12,3.568919966533434
vasp-Co3Rh1,Co3Rh,Co,Rh,3.0,1.0,3.611995755369341,-7.0641223075,,VASP,L12,3.611995755369341
vasp-Co3Ru1,Co3Ru,Co,Ru,3.0,1.0,3.572946497516916,-7.4453241575,,VASP,L12,3.572946497516916
vasp-Co3Sc1,Co3Sc,Co,Sc,3.0,1.0,3.7125459354256996,-6.9146026,,VASP,L12,3.7125459354256996
vasp-Co3Si1,Co3Si,Co,Si,3.0,1.0,3.47435255843067,-6.9005701225,,VASP,L12,3.47435255843067
vasp-Co3Sm1,Co3Sm,Co,Sm,3.0,1.0,3.7616620620281567,-6.89686708,,VASP,L12,3.7616620620281567
vasp-Co3Sn1,Co3Sn,Co,Sn,3.0,1.0,3.7252617526214102,-6.1154791425,,VASP,L12,3.7252617526214102
vasp-Co3Sr1,Co3Sr,Co,Sr,3.0,1.0,4.008092364925512,-4.80171005,,VASP,L12,4.008092364925512
vasp-Co3Ta1,Co3Ta,Co,Ta,3.0,1.0,3.6256077975573127,-8.4909841475,,VASP,L12,3.6256077975573127
vasp-Co3Tb1,Co3Tb,Co,Tb,3.0,1.0,3.9388304068404105,-6.8222620825,,VASP,L12,3.9388304068404105
vasp-Co3Tc1,Co3Tc,Co,Tc,3.0,1.0,3.555061891706257,-7.7756175525,,VASP,L12,3.555061891706257
vasp-Co3Ti1,Co3Ti,Co,Ti,3.0,1.0,3.5677470681780683,-7.473497365,,VASP,L12,3.5677470681780683
vasp-Co3Tm1,Co3Tm,Co,Tm,3.0,1.0,3.782513442141215,-6.733708955,,VASP,L12,3.782513442141215
vasp-Co3V1,Co3V,Co,V,3.0,1.0,3.502509632612017,-7.687373295,,VASP,L12,3.502509632612017
vasp-Co3W1,Co3W,Co,W,3.0,1.0,3.5839346909287917,-8.59134951,,VASP,L12,3.5839346909287917
vasp-Co3Y1,Co3Y,Co,Y,3.0,1.0,3.861728821540226,-6.708942515,,VASP,L12,3.861728821540226
vasp-Co3Zn1,Co3Zn,Co,Zn,3.0,1.0,3.5846869330825237,-5.4933304175,,VASP,L12,3.5846869330825237
vasp-Co3Zr1,Co3Zr,Co,Zr,3.0,1.0,3.7099878891690015,-7.556514225,,VASP,L12,3.7099878891690015
vasp-Cr3Ag1,Cr3Ag,Cr,Ag,3.0,1.0,3.723138653938326,-7.1734640025,,VASP,L12,3.723138653938326
vasp-Cr3Al1,Cr3Al,Cr,Al,3.0,1.0,3.66606822282177,-7.8823482425,,VASP,L12,3.66606822282177
vasp-Cr3Au1,Cr3Au,Cr,Au,3.0,1.0,3.7328005054024898,-7.57992294,,VASP,L12,3.7328005054024898
vasp-Cr3Ba1,Cr3Ba,Cr,Ba,3.0,1.0,4.705145145122083,-6.1869080225,,VASP,L12,4.705145145122083
vasp-Cr3Ca1,Cr3Ca,Cr,Ca,3.0,1.0,3.9977891872186846,-6.32639411,,VASP,L12,3.9977891872186846
vasp-Cr3Cd1,Cr3Cd,Cr,Cd,3.0,1.0,3.776660657313718,-6.6284170175,,VASP,L12,3.776660657313718
vasp-Cr3Ce1,Cr3Ce,Cr,Ce,3.0,1.0,4.033824656552813,-7.89483383,,VASP,L12,4.033824656552813
vasp-Cr3Co1,Cr3Co,Cr,Co,3.0,1.0,3.553299242946246,-8.69603802,,VASP,L12,3.553299242946246
vasp-Cr3Cr1,Cr3Cr,Cr,Cr,3.0,1.0,3.6069425942682525,-9.100661315,,VASP,L12,3.6069425942682525
vasp-Cr3Cu1,Cr3Cu,Cr,Cu,3.0,1.0,3.5887762359905113,-7.75541865,,VASP,L12,3.5887762359905113
vasp-Cr3Dy1,Cr3Dy,Cr,Dy,3.0,1.0,4.0,-8.7663834825,,VASP,L12,4.0
vasp-Cr3Er1,Cr3Er,Cr,Er,3.0,1.0,3.64409650968065,-8.0082809625,,VASP,L12,3.64409650968065
vasp-Cr3Eu1,Cr3Eu,Cr,Eu,3.0,1.0,4.0000000003087655,-7.1019477825,,VASP,L12,4.0000000003087655
vasp-Cr3Fe1,Cr3Fe,Cr,Fe,3.0,1.0,3.5591220993812414,-8.932121355,,VASP,L12,3.5591220993812414
vasp-Cr3Ga1,Cr3Ga,Cr,Ga,3.0,1.0,3.6567149105069916,-7.67569074,,VASP,L12,3.6567149105069916
vasp-Cr3Gd1,Cr3Gd,Cr,Gd,3.0,1.0,4.67775669498676,-9.5433692225,,VASP,L12,4.67775669498676
vasp-Cr3Ge1,Cr3Ge,Cr,Ge,3.0,1.0,3.6620026655125386,-8.0883214875,,VASP,L12,3.6620026655125386
vasp-Cr3Hf1,Cr3Hf,Cr,Hf,3.0,1.0,3.8507547911896483,-9.0277798975,,VASP,L12,3.8507547911896483
vasp-Cr3Hg1,Cr3Hg,Cr,Hg,3.0,1.0,3.7907996810634095,-6.50772548,,VASP,L12,3.7907996810634095
vasp-Cr3Ho1,Cr3Ho,Cr,Ho,3.0,1.0,4.0079331573738095,-8.08782075,,VASP,L12,4.0079331573738095
vasp-Cr3In1,Cr3In,Cr,In,3.0,1.0,3.8086086903165506,-7.15764567,,VASP,L12,3.8086086903165506
vasp-Cr3Ir1,Cr3Ir,Cr,Ir,3.0,1.0,3.6771930625828735,-9.29142617,,VASP,L12,3.6771930625828735
vasp-Cr3La1,Cr3La,Cr,La,3.0,1.0,4.191099274722331,-7.33101521,,VASP,L12,4.191099274722331
vasp-Cr3Lu1,Cr3Lu,Cr,Lu,3.0,1.0,3.9210864559878433,-7.336497145,,VASP,L12,3.9210864559878433
vasp-Cr3Mg1,Cr3Mg,Cr,Mg,3.0,1.0,3.7282679588749317,-6.8410597675,,VASP,L12,3.7282679588749317
vasp-Cr3Mn1,Cr3Mn,Cr,Mn,3.0,1.0,3.574715728308914,-9.0757550125,,VASP,L12,3.574715728308914
vasp-Cr3Mo1,Cr3Mo,Cr,Mo,3.0,1.0,3.719937292271426,-9.415670055,,VASP,L12,3.719937292271426
vasp-Cr3Nb1,Cr3Nb,Cr,Nb,3.0,1.0,3.7919220733151477,-9.1250788125,,VASP,L12,3.7919220733151477
vasp-Cr3Nd1,Cr3Nd,Cr,Nd,3.0,1.0,3.835886589989233,-8.0068741475,,VASP,L12,3.835886589989233
vasp-Cr3Ni1,Cr3Ni,Cr,Ni,3.0,1.0,3.5601967766877274,-8.3507714375,,VASP,L12,3.5601967766877274
vasp-Cr3Os1,Cr3Os,Cr,Os,3.0,1.0,3.6767284805886185,-9.724223555,,VASP,L12,3.6767284805886185
vasp-Cr3Pb1,Cr3Pb,Cr,Pb,3.0,1.0,3.8708265172569942,-7.1817868775,,VASP,L12,3.8708265172569942
vasp-Cr3Pd1,Cr3Pd,Cr,Pd,3.0,1.0,3.679489902495333,-8.17339098,,VASP,L12,3.679489902495333
vasp-Cr3Pr1,Cr3Pr,Cr,Pr,3.0,1.0,3.963276846013894,-8.081485015,,VASP,L12,3.963276846013894
vasp-Cr3Pt1,Cr3Pt,Cr,Pt,3.0,1.0,3.6927497107278118,-8.6316558475,,VASP,L12,3.6927497107278118
vasp-Cr3Re1,Cr3Re,Cr,Re,3.0,1.0,3.6916264524893188,-9.935607015,,VASP,L12,3.6916264524893188
vasp-Cr3Rh1,Cr3Rh,Cr,Rh,3.0,1.0,3.661155712274004,-8.78623339,,VASP,L12,3.661155712274004
vasp-Cr3Ru1,Cr3Ru,Cr,Ru,3.0,1.0,3.658735290951529,-9.19681917,,VASP,L12,3.658735290951529
vasp-Cr3Sc1,Cr3Sc,Cr,Sc,3.0,1.0,3.967020684023414,910.251911335,,VASP,L12,3.967020684023414
vasp-Cr3Si1,Cr3Si,Cr,Si,3.0,1.0,3.608509507525447,-8.4976437425,,VASP,L12,3.608509507525447
vasp-Cr3Sm1,Cr3Sm,Cr,Sm,3.0,1.0,3.8232225562646294,-8.11589903,,VASP,L12,3.8232225562646294
vasp-Cr3Sn1,Cr3Sn,Cr,Sn,3.0,1.0,3.820608502376747,-7.5999159575,,VASP,L12,3.820608502376747
vasp-Cr3Sr1,Cr3Sr,Cr,Sr,3.0,1.0,4.5910993465504335,-6.210435115,,VASP,L12,4.5910993465504335
vasp-Cr3Ta1,Cr3Ta,Cr,Ta,3.0,1.0,3.784529331469606,-9.62098104,,VASP,L12,3.784529331469606
vasp-Cr3Tb1,Cr3Tb,Cr,Tb,3.0,1.0,4.0,,,VASP,L12,4.0
vasp-Cr3Tc1,Cr3Tc,Cr,Tc,3.0,1.0,3.6766162255446377,-9.417953515,,VASP,L12,3.6766162255446377
vasp-Cr3Ti1,Cr3Ti,Cr,Ti,3.0,1.0,3.7262497752805896,-8.6398694825,,VASP,L12,3.7262497752805896
vasp-Cr3Tm1,Cr3Tm,Cr,Tm,3.0,1.0,3.9769190936108934,-8.31009432,,VASP,L12,3.9769190936108934
vasp-Cr3V1,Cr3V,Cr,V,3.0,1.0,3.6543133627203344,-8.97719772,,VASP,L12,3.6543133627203344
vasp-Cr3W1,Cr3W,Cr,W,3.0,1.0,3.7278236415723405,-9.926196755,,VASP,L12,3.7278236415723405
vasp-Cr3Y1,Cr3Y,Cr,Y,3.0,1.0,4.0868321124503915,-7.827538875,,VASP,L12,4.0868321124503915
vasp-Cr3Zn1,Cr3Zn,Cr,Zn,3.0,1.0,3.631183365755022,-7.1186198375,,VASP,L12,3.631183365755022
vasp-Cr3Zr1,Cr3Zr,Cr,Zr,3.0,1.0,3.86697718160183,-8.600713375,,VASP,L12,3.86697718160183
vasp-Cu3Ag1,Cu3Ag,Cu,Ag,3.0,1.0,3.7760638871807957,-3.39769387,,VASP,L12,3.7760638871807957
vasp-Cu3Al1,Cu3Al,Cu,Al,3.0,1.0,3.6891829201769304,-3.909968135,,VASP,L12,3.6891829201769304
vasp-Cu3Au1,Cu3Au,Cu,Au,3.0,1.0,3.77826551549799,-3.649496545,,VASP,L12,3.77826551549799
vasp-Cu3Ba1,Cu3Ba,Cu,Ba,3.0,1.0,4.309517392281491,-2.658997905,,VASP,L12,4.309517392281491
vasp-Cu3Ca1,Cu3Ca,Cu,Ca,3.0,1.0,4.057432592339222,-3.122952615,,VASP,L12,4.057432592339222
vasp-Cu3Cd1,Cu3Cd,Cu,Cd,3.0,1.0,3.8443763166763203,-2.9204808425,,VASP,L12,3.8443763166763203
vasp-Cu3Ce1,Cu3Ce,Cu,Ce,3.0,1.0,4.141107575148301,-4.0022326575,,VASP,L12,4.141107575148301
vasp-Cu3Co1,Cu3Co,Cu,Co,3.0,1.0,3.6036806588138552,-4.38457664,,VASP,L12,3.6036806588138552
vasp-Cu3Cr1,Cu3Cr,Cu,Cr,3.0,1.0,3.727564815199914,-4.94434348,,VASP,L12,3.727564815199914
vasp-Cu3Cu1,Cu3Cu,Cu,Cu,3.0,1.0,3.6289247360028667,-3.73061668,,VASP,L12,3.6289247360028667
vasp-Cu3Dy1,Cu3Dy,Cu,Dy,3.0,1.0,4.085440748139267,-5.2856052525,,VASP,L12,4.085440748139267
vasp-Cu3Er1,Cu3Er,Cu,Er,3.0,1.0,4.409504029403175,-4.6188496875,,VASP,L12,4.409504029403175
vasp-Cu3Eu1,Cu3Eu,Cu,Eu,3.0,1.0,4.150541119708748,-5.1188373425,,VASP,L12,4.150541119708748
vasp-Cu3Fe1,Cu3Fe,Cu,Fe,3.0,1.0,3.64532296537659,-4.64511885,,VASP,L12,3.64532296537659
vasp-Cu3Ga1,Cu3Ga,Cu,Ga,3.0,1.0,3.701823358235827,-3.6204240675,,VASP,L12,3.701823358235827
vasp-Cu3Gd1,Cu3Gd,Cu,Gd,3.0,1.0,3.9879339627858053,-6.19506262,,VASP,L12,3.9879339627858053
vasp-Cu3Ge1,Cu3Ge,Cu,Ge,3.0,1.0,3.7230072783798813,-3.9317850375,,VASP,L12,3.7230072783798813
vasp-Cu3Hf1,Cu3Hf,Cu,Hf,3.0,1.0,3.902624331234502,-5.193662865,,VASP,L12,3.902624331234502
vasp-Cu3Hg1,Cu3Hg,Cu,Hg,3.0,1.0,3.8641806914040027,-2.71446099,,VASP,L12,3.8641806914040027
vasp-Cu3Ho1,Cu3Ho,Cu,Ho,3.0,1.0,4.067025291994781,-4.9268635025,,VASP,L12,4.067025291994781
vasp-Cu3In1,Cu3In,Cu,In,3.0,1.0,3.871508585942333,-3.3984433275,,VASP,L12,3.871508585942333
vasp-Cu3Ir1,Cu3Ir,Cu,Ir,3.0,1.0,3.7006212617082443,-4.9044506525,,VASP,L12,3.7006212617082443
vasp-Cu3La1,Cu3La,Cu,La,3.0,1.0,4.214662962852175,-3.7883211575,,VASP,L12,4.214662962852175
vasp-Cu3Lu1,Cu3Lu,Cu,Lu,3.0,1.0,4.014690777530243,-3.93993426,,VASP,L12,4.014690777530243
vasp-Cu3Mg1,Cu3Mg,Cu,Mg,3.0,1.0,3.7793186245010317,-3.2388138875,,VASP,L12,3.7793186245010317
vasp-Cu3Mn1,Cu3Mn,Cu,Mn,3.0,1.0,3.7037597954818273,-4.924495225,,VASP,L12,3.7037597954818273
vasp-Cu3Mo1,Cu3Mo,Cu,Mo,3.0,1.0,3.755600185532074,-5.0335086025,,VASP,L12,3.755600185532074
vasp-Cu3Nb1,Cu3Nb,Cu,Nb,3.0,1.0,3.8470046273819376,-4.9781810175,,VASP,L12,3.8470046273819376
vasp-Cu3Nd1,Cu3Nd,Cu,Nd,3.0,1.0,4.150993800729897,-4.487925025,,VASP,L12,4.150993800729897
vasp-Cu3Ni1,Cu3Ni,Cu,Ni,3.0,1.0,3.5949108142964405,-4.16210358,,VASP,L12,3.5949108142964405
vasp-Cu3Os1,Cu3Os,Cu,Os,3.0,1.0,3.695009670126195,-5.212426815,,VASP,L12,3.695009670126195
vasp-Cu3Pb1,Cu3Pb,Cu,Pb,3.0,1.0,3.9788130784184252,-3.4455078175,,VASP,L12,3.9788130784184252
vasp-Cu3Pd1,Cu3Pd,Cu,Pd,3.0,1.0,3.7200261616688577,-4.2146955775,,VASP,L12,3.7200261616688577
vasp-Cu3Pr1,Cu3Pr,Cu,Pr,3.0,1.0,4.148760880304673,-4.206017785,,VASP,L12,4.148760880304673
vasp-Cu3Pt1,Cu3Pt,Cu,Pt,3.0,1.0,3.730096291241392,-4.46720687,,VASP,L12,3.730096291241392
vasp-Cu3Re1,Cu3Re,Cu,Re,3.0,1.0,3.712543330026219,-5.3944303825,,VASP,L12,3.712543330026219
vasp-Cu3Rh1,Cu3Rh,Cu,Rh,3.0,1.0,3.6923709281549133,-4.5853350875,,VASP,L12,3.6923709281549133
vasp-Cu3Ru1,Cu3Ru,Cu,Ru,3.0,1.0,3.6891669533149583,-4.8263113825,,VASP,L12,3.6891669533149583
vasp-Cu3Sc1,Cu3Sc,Cu,Sc,3.0,1.0,3.8976464143142393,-4.4251545775,,VASP,L12,3.8976464143142393
vasp-Cu3Si1,Cu3Si,Cu,Si,3.0,1.0,3.642586492636805,-4.21954566,,VASP,L12,3.642586492636805
vasp-Cu3Sm1,Cu3Sm,Cu,Sm,3.0,1.0,4.0,-4.3854430675,,VASP,L12,4.0
vasp-Cu3Sn1,Cu3Sn,Cu,Sn,3.0,1.0,3.886211996604514,-3.7285094675,,VASP,L12,3.886211996604514
vasp-Cu3Sr1,Cu3Sr,Cu,Sr,3.0,1.0,4.201874920008606,-2.8283345725,,VASP,L12,4.201874920008606
vasp-Cu3Ta1,Cu3Ta,Cu,Ta,3.0,1.0,3.8164150415440288,-5.411579685,,VASP,L12,3.8164150415440288
vasp-Cu3Tb1,Cu3Tb,Cu,Tb,3.0,1.0,4.0,-5.6956671125,,VASP,L12,4.0
vasp-Cu3Tc1,Cu3Tc,Cu,Tc,3.0,1.0,3.7088832138168053,-4.9767352025,,VASP,L12,3.7088832138168053
vasp-Cu3Ti1,Cu3Ti,Cu,Ti,3.0,1.0,3.775484104580976,-4.61879459,,VASP,L12,3.775484104580976
vasp-Cu3Tm1,Cu3Tm,Cu,Tm,3.0,1.0,4.016089900025335,-4.439183185,,VASP,L12,4.016089900025335
vasp-Cu3V1,Cu3V,Cu,V,3.0,1.0,3.731141995750603,-4.7998062225,,VASP,L12,3.731141995750603
vasp-Cu3W1,Cu3W,Cu,W,3.0,1.0,3.751111241439887,-5.4720240325,,VASP,L12,3.751111241439887
vasp-Cu3Y1,Cu3Y,Cu,Y,3.0,1.0,4.07868395448824,-4.372282005,,VASP,L12,4.07868395448824
vasp-Cu3Zn1,Cu3Zn,Cu,Zn,3.0,1.0,3.6797104444758104,-3.1510633375,,VASP,L12,3.6797104444758104
vasp-Cu3Zr1,Cu3Zr,Cu,Zr,3.0,1.0,3.9377691151609753,-4.8122285975,,VASP,L12,3.9377691151609753
vasp-Dy3Ag1,Dy3Ag,Dy,Ag,3.0,1.0,4.6533902996850065,-8.3376016925,,VASP,L12,4.6533902996850065
vasp-Dy3Al1,Dy3Al,Dy,Al,3.0,1.0,4.148235941360873,-6.33579212,,VASP,L12,4.148235941360873
vasp-Dy3Au1,Dy3Au,Dy,Au,3.0,1.0,4.480296451138539,-5.89276525,,VASP,L12,4.480296451138539
vasp-Dy3Ba1,Dy3Ba,Dy,Ba,3.0,1.0,5.02894582197908,-3.6621956525,,VASP,L12,5.02894582197908
vasp-Dy3Ca1,Dy3Ca,Dy,Ca,3.0,1.0,4.0,-6.1813115475,,VASP,L12,4.0
vasp-Dy3Cd1,Dy3Cd,Dy,Cd,3.0,1.0,4.653654174018288,-7.8366579275,,VASP,L12,4.653654174018288
vasp-Dy3Ce1,Dy3Ce,Dy,Ce,3.0,1.0,4.774669340764715,,,VASP,L12,4.774669340764715
vasp-Dy3Co1,Dy3Co,Dy,Co,3.0,1.0,4.041781283786195,-6.68365489,,VASP,L12,4.041781283786195
vasp-Dy3Cr1,Dy3Cr,Dy,Cr,3.0,1.0,4.139293374259439,-6.83896345,,VASP,L12,4.139293374259439
vasp-Dy3Cu1,Dy3Cu,Dy,Cu,3.0,1.0,4.49286221232162,-7.719537735,,VASP,L12,4.49286221232162
vasp-Dy3Dy1,Dy3Dy,Dy,Dy,3.0,1.0,4.0,-8.6517179325,,VASP,L12,4.0
vasp-Dy3Er1,Dy3Er,Dy,Er,3.0,1.0,5.124790470320508,-7.881994825,,VASP,L12,5.124790470320508
vasp-Dy3Eu1,Dy3Eu,Dy,Eu,3.0,1.0,4.0,,,VASP,L12,4.0
vasp-Dy3Fe1,Dy3Fe,Dy,Fe,3.0,1.0,4.2608074342014035,-8.8521483825,,VASP,L12,4.2608074342014035
vasp-Dy3Ga1,Dy3Ga,Dy,Ga,3.0,1.0,4.752360395556106,-7.7501297725,,VASP,L12,4.752360395556106
vasp-Dy3Gd1,Dy3Gd,Dy,Gd,3.0,1.0,4.841028446511787,-36.0607898075,,VASP,L12,4.841028446511787
vasp-Dy3Ge1,Dy3Ge,Dy,Ge,3.0,1.0,4.602375111851161,-8.33681908,,VASP,L12,4.602375111851161
vasp-Dy3Hf1,Dy3Hf,Dy,Hf,3.0,1.0,4.392180112634907,-7.253811275,,VASP,L12,4.392180112634907
vasp-Dy3Hg1,Dy3Hg,Dy,Hg,3.0,1.0,4.734972224871251,-7.8779309175,,VASP,L12,4.734972224871251
vasp-Dy3Ho1,Dy3Ho,Dy,Ho,3.0,1.0,4.467259758241685,-8.298143935,,VASP,L12,4.467259758241685
vasp-Dy3In1,Dy3In,Dy,In,3.0,1.0,4.801393008038794,-8.562330325,,VASP,L12,4.801393008038794
vasp-Dy3Ir1,Dy3Ir,Dy,Ir,3.0,1.0,5.624420105600253,-7.2558578125,,VASP,L12,5.624420105600253
vasp-Dy3La1,Dy3La,Dy,La,3.0,1.0,4.193683136424998,-7.705417325,,VASP,L12,4.193683136424998
vasp-Dy3Lu1,Dy3Lu,Dy,Lu,3.0,1.0,4.471732607179013,-8.40758846,,VASP,L12,4.471732607179013
vasp-Dy3Mg1,Dy3Mg,Dy,Mg,3.0,1.0,4.39788891287767,-6.71025911,,VASP,L12,4.39788891287767
vasp-Dy3Mn1,Dy3Mn,Dy,Mn,3.0,1.0,4.115469516979244,-8.9500704925,,VASP,L12,4.115469516979244
vasp-Dy3Mo1,Dy3Mo,Dy,Mo,3.0,1.0,4.377710956149013,-7.07490547,,VASP,L12,4.377710956149013
vasp-Dy3Nb1,Dy3Nb,Dy,Nb,3.0,1.0,4.651549324980781,-8.7938680725,,VASP,L12,4.651549324980781
vasp-Dy3Nd1,Dy3Nd,Dy,Nd,3.0,1.0,4.164168049998348,,,VASP,L12,4.164168049998348
vasp-Dy3Ni1,Dy3Ni,Dy,Ni,3.0,1.0,6.186996639780636,-8.2968835425,,VASP,L12,6.186996639780636
vasp-Dy3Os1,Dy3Os,Dy,Os,3.0,1.0,4.1528998527401795,-9.5734834025,,VASP,L12,4.1528998527401795
vasp-Dy3Pb1,Dy3Pb,Dy,Pb,3.0,1.0,4.818490578664564,-8.83426792,,VASP,L12,4.818490578664564
vasp-Dy3Pd1,Dy3Pd,Dy,Pd,3.0,1.0,4.6199604967405,-9.1863637225,,VASP,L12,4.6199604967405
vasp-Dy3Pr1,Dy3Pr,Dy,Pr,3.0,1.0,4.2608747213031855,,,VASP,L12,4.2608747213031855
vasp-Dy3Pt1,Dy3Pt,Dy,Pt,3.0,1.0,4.5672982182261475,17.3855009325,,VASP,L12,4.5672982182261475
vasp-Dy3Re1,Dy3Re,Dy,Re,3.0,1.0,4.3106621037062745,-9.6502513425,,VASP,L12,4.3106621037062745
vasp-Dy3Rh1,Dy3Rh,Dy,Rh,3.0,1.0,4.380947729553846,-8.80058561,,VASP,L12,4.380947729553846
vasp-Dy3Ru1,Dy3Ru,Dy,Ru,3.0,1.0,4.555089882242208,-9.9108424125,,VASP,L12,4.555089882242208
vasp-Dy3Sc1,Dy3Sc,Dy,Sc,3.0,1.0,4.8008391337957494,-9.1505060725,,VASP,L12,4.8008391337957494
vasp-Dy3Si1,Dy3Si,Dy,Si,3.0,1.0,4.546387924854546,-9.3290753475,,VASP,L12,4.546387924854546
vasp-Dy3Sm1,Dy3Sm,Dy,Sm,3.0,1.0,4.0,,,VASP,L12,4.0
vasp-Dy3Sn1,Dy3Sn,Dy,Sn,3.0,1.0,4.7793521393324525,-5.5156198925,,VASP,L12,4.7793521393324525
vasp-Dy3Sr1,Dy3Sr,Dy,Sr,3.0,1.0,5.00421190265469,-7.7301081575,,VASP,L12,5.00421190265469
vasp-Dy3Ta1,Dy3Ta,Dy,Ta,3.0,1.0,4.702203993548809,-9.1657656875,,VASP,L12,4.702203993548809
vasp-Dy3Tb1,Dy3Tb,Dy,Tb,3.0,1.0,4.7115114571282755,,,VASP,L12,4.7115114571282755
vasp-Dy3Tc1,Dy3Tc,Dy,Tc,3.0,1.0,4.111463696319359,-9.259744355,,VASP,L12,4.111463696319359
vasp-Dy3Ti1,Dy3Ti,Dy,Ti,3.0,1.0,4.769274726735134,-9.4130471425,,VASP,L12,4.769274726735134
vasp-Dy3Tm1,Dy3Tm,Dy,Tm,3.0,1.0,6.341249890151449,,,VASP,L12,6.341249890151449
vasp-Dy3V1,Dy3V,Dy,V,3.0,1.0,5.27677045813266,-8.75427606,,VASP,L12,5.27677045813266
vasp-Dy3W1,Dy3W,Dy,W,3.0,1.0,4.066819716685696,-7.6271484925,,VASP,L12,4.066819716685696
vasp-Dy3Y1,Dy3Y,Dy,Y,3.0,1.0,4.9058721667843574,-9.1839798025,,VASP,L12,4.9058721667843574
vasp-Dy3Zn1,Dy3Zn,Dy,Zn,3.0,1.0,4.604295914151396,-7.96766109,,VASP,L12,4.604295914151396
vasp-Dy3Zr1,Dy3Zr,Dy,Zr,3.0,1.0,4.8246503410969055,-8.2557445475,,VASP,L12,4.8246503410969055
vasp-Er3Ag1,Er3Ag,Er,Ag,3.0,1.0,4.609280733194331,-6.3118701425,,VASP,L12,4.609280733194331
vasp-Er3Al1,Er3Al,Er,Al,3.0,1.0,4.135423863504146,-5.826034865,,VASP,L12,4.135423863504146
vasp-Er3Au1,Er3Au,Er,Au,3.0,1.0,4.182395465210407,-5.618977165,,VASP,L12,4.182395465210407
vasp-Er3Ba1,Er3Ba,Er,Ba,3.0,1.0,4.763062263688056,-3.340244515,,VASP,L12,4.763062263688056
vasp-Er3Ca1,Er3Ca,Er,Ca,3.0,1.0,4.166640137215435,-4.2012542925,,VASP,L12,4.166640137215435
vasp-Er3Cd1,Er3Cd,Er,Cd,3.0,1.0,4.167565418816612,-4.533041475,,VASP,L12,4.167565418816612
vasp-Er3Ce1,Er3Ce,Er,Ce,3.0,1.0,4.0,-5.44881572,,VASP,L12,4.0
vasp-Er3Co1,Er3Co,Er,Co,3.0,1.0,4.975389621584593,-6.680891745,,VASP,L12,4.975389621584593
vasp-Er3Cr1,Er3Cr,Er,Cr,3.0,1.0,4.337036246712262,-6.8247279225,,VASP,L12,4.337036246712262
vasp-Er3Cu1,Er3Cu,Er,Cu,3.0,1.0,4.033050067266725,-5.2616736225,,VASP,L12,4.033050067266725
vasp-Er3Dy1,Er3Dy,Er,Dy,3.0,1.0,4.375543276884127,-6.387290465,,VASP,L12,4.375543276884127
vasp-Er3Er1,Er3Er,Er,Er,3.0,1.0,4.766093103771208,,,VASP,L12,4.766093103771208
vasp-Er3Eu1,Er3Eu,Er,Eu,3.0,1.0,4.07608608225595,-6.3542339975,,VASP,L12,4.07608608225595
vasp-Er3Fe1,Er3Fe,Er,Fe,3.0,1.0,4.454720222844117,-7.368539025,,VASP,L12,4.454720222844117
vasp-Er3Ga1,Er3Ga,Er,Ga,3.0,1.0,4.167657685671746,,,VASP,L12,4.167657685671746
vasp-Er3Gd1,Er3Gd,Er,Gd,3.0,1.0,4.485739620925239,-7.120423025,,VASP,L12,4.485739620925239
vasp-Er3Ge1,Er3Ge,Er,Ge,3.0,1.0,4.251344427872586,-6.38487995,,VASP,L12,4.251344427872586
vasp-Er3Hf1,Er3Hf,Er,Hf,3.0,1.0,4.489547889536469,-7.8609349675,,VASP,L12,4.489547889536469
vasp-Er3Hg1,Er3Hg,Er,Hg,3.0,1.0,4.643816764224057,-5.824869255,,VASP,L12,4.643816764224057
vasp-Er3Ho1,Er3Ho,Er,Ho,3.0,1.0,5.387758793536154,-5.50728721,,VASP,L12,5.387758793536154
vasp-Er3In1,Er3In,Er,In,3.0,1.0,4.644276219091607,-4.54770596,,VASP,L12,4.644276219091607
vasp-Er3Ir1,Er3Ir,Er,Ir,3.0,1.0,4.493216453141217,-8.1359692275,,VASP,L12,4.493216453141217
vasp-Er3La1,Er3La,Er,La,3.0,1.0,4.463867093859343,-6.3460473475,,VASP,L12,4.463867093859343
vasp-Er3Lu1,Er3Lu,Er,Lu,3.0,1.0,4.390753283941017,-4.83779726,,VASP,L12,4.390753283941017
vasp-Er3Mg1,Er3Mg,Er,Mg,3.0,1.0,4.831300589457385,-4.727679655,,VASP,L12,4.831300589457385
vasp-Er3Mn1,Er3Mn,Er,Mn,3.0,1.0,4.455063368970132,-7.47649601,,VASP,L12,4.455063368970132
vasp-Er3Mo1,Er3Mo,Er,Mo,3.0,1.0,3.999999999717509,-7.0566093325,,VASP,L12,3.999999999717509
vasp-Er3Nb1,Er3Nb,Er,Nb,3.0,1.0,4.1868694840987315,-6.564775515,,VASP,L12,4.1868694840987315
vasp-Er3Nd1,Er3Nd,Er,Nd,3.0,1.0,3.9821795232157178,-5.8713646675,,VASP,L12,3.9821795232157178
vasp-Er3Ni1,Er3Ni,Er,Ni,3.0,1.0,4.28245260512654,-6.36647904,,VASP,L12,4.28245260512654
vasp-Er3Os1,Er3Os,Er,Os,3.0,1.0,4.466326325955425,-8.3953113225,,VASP,L12,4.466326325955425
vasp-Er3Pb1,Er3Pb,Er,Pb,3.0,1.0,4.194999495863221,-5.1802772625,,VASP,L12,4.194999495863221
vasp-Er3Pd1,Er3Pd,Er,Pd,3.0,1.0,4.153600784600886,-6.7297642275,,VASP,L12,4.153600784600886
vasp-Er3Pr1,Er3Pr,Er,Pr,3.0,1.0,6.000369973242636,,,VASP,L12,6.000369973242636
vasp-Er3Pt1,Er3Pt,Er,Pt,3.0,1.0,4.413003285287428,-6.7009283275,,VASP,L12,4.413003285287428
vasp-Er3Re1,Er3Re,Er,Re,3.0,1.0,4.0,-7.7283729,,VASP,L12,4.0
vasp-Er3Rh1,Er3Rh,Er,Rh,3.0,1.0,4.125319618075584,-6.88727371,,VASP,L12,4.125319618075584
vasp-Er3Ru1,Er3Ru,Er,Ru,3.0,1.0,4.491875258106263,-7.9343782975,,VASP,L12,4.491875258106263
vasp-Er3Sc1,Er3Sc,Er,Sc,3.0,1.0,4.610990181169479,-5.84040469,,VASP,L12,4.610990181169479
vasp-Er3Si1,Er3Si,Er,Si,3.0,1.0,4.504365781448827,-6.3503503775,,VASP,L12,4.504365781448827
vasp-Er3Sm1,Er3Sm,Er,Sm,3.0,1.0,4.061330743912951,-5.9839656475,,VASP,L12,4.061330743912951
vasp-Er3Sn1,Er3Sn,Er,Sn,3.0,1.0,5.260707287713412,-5.0805677125,,VASP,L12,5.260707287713412
vasp-Er3Sr1,Er3Sr,Er,Sr,3.0,1.0,4.521289277495928,-3.37643464,,VASP,L12,4.521289277495928
vasp-Er3Ta1,Er3Ta,Er,Ta,3.0,1.0,4.1692972970282804,-7.23384344,,VASP,L12,4.1692972970282804
vasp-Er3Tb1,Er3Tb,Er,Tb,3.0,1.0,4.424727435031869,-6.629151165,,VASP,L12,4.424727435031869
vasp-Er3Tc1,Er3Tc,Er,Tc,3.0,1.0,4.48781620657262,-8.05191728,,VASP,L12,4.48781620657262
vasp-Er3Ti1,Er3Ti,Er,Ti,3.0,1.0,4.011442845119937,-6.1299134025,,VASP,L12,4.011442845119937
vasp-Er3Tm1,Er3Tm,Er,Tm,3.0,1.0,4.417438235726431,-5.4848249275,,VASP,L12,4.417438235726431
vasp-Er3V1,Er3V,Er,V,3.0,1.0,4.0,-6.50630925,,VASP,L12,4.0
vasp-Er3W1,Er3W,Er,W,3.0,1.0,4.579952796879317,-7.4093741025,,VASP,L12,4.579952796879317
vasp-Er3Y1,Er3Y,Er,Y,3.0,1.0,4.190604702349924,-5.478031705,,VASP,L12,4.190604702349924
vasp-Er3Zn1,Er3Zn,Er,Zn,3.0,1.0,4.131516125044562,-4.982491255,,VASP,L12,4.131516125044562
vasp-Er3Zr1,Er3Zr,Er,Zr,3.0,1.0,4.120497844256776,-6.31366586,,VASP,L12,4.120497844256776
vasp-Eu3Ag1,Eu3Ag,Eu,Ag,3.0,1.0,4.818576347055591,-8.2465678675,,VASP,L12,4.818576347055591
vasp-Eu3Al1,Eu3Al,Eu,Al,3.0,1.0,4.876174719646537,-8.62118243,,VASP,L12,4.876174719646537
vasp-Eu3Au1,Eu3Au,Eu,Au,3.0,1.0,4.830062080106026,-8.67548877,,VASP,L12,4.830062080106026
vasp-Eu3Ba1,Eu3Ba,Eu,Ba,3.0,1.0,5.104083258611272,-7.6530324675,,VASP,L12,5.104083258611272
vasp-Eu3Ca1,Eu3Ca,Eu,Ca,3.0,1.0,5.054771510623105,-7.8370226925,,VASP,L12,5.054771510623105
vasp-Eu3Cd1,Eu3Cd,Eu,Cd,3.0,1.0,4.74847227326104,-7.6546891075,,VASP,L12,4.74847227326104
vasp-Eu3Ce1,Eu3Ce,Eu,Ce,3.0,1.0,4.126005009862337,-3.3307985675,,VASP,L12,4.126005009862337
vasp-Eu3Co1,Eu3Co,Eu,Co,3.0,1.0,4.676450165535443,-9.0039824225,,VASP,L12,4.676450165535443
vasp-Eu3Cr1,Eu3Cr,Eu,Cr,3.0,1.0,4.854060021834409,-9.62468337,,VASP,L12,4.854060021834409
vasp-Eu3Cu1,Eu3Cu,Eu,Cu,3.0,1.0,4.619796797266334,-8.1994392975,,VASP,L12,4.619796797266334
vasp-Eu3Dy1,Eu3Dy,Eu,Dy,3.0,1.0,3.9536094536909645,-4.2249427375,,VASP,L12,3.9536094536909645
vasp-Eu3Er1,Eu3Er,Eu,Er,3.0,1.0,4.101725498756973,,,VASP,L12,4.101725498756973
vasp-Eu3Eu1,Eu3Eu,Eu,Eu,3.0,1.0,5.00524945415824,-9.813055045,,VASP,L12,5.00524945415824
vasp-Eu3Fe1,Eu3Fe,Eu,Fe,3.0,1.0,4.674198886081003,-9.06293302,,VASP,L12,4.674198886081003
vasp-Eu3Ga1,Eu3Ga,Eu,Ga,3.0,1.0,4.85122266042169,-8.5094982,,VASP,L12,4.85122266042169
vasp-Eu3Gd1,Eu3Gd,Eu,Gd,3.0,1.0,6.5661804838175275,16.66586533,,VASP,L12,6.5661804838175275
vasp-Eu3Ge1,Eu3Ge,Eu,Ge,3.0,1.0,4.518283464863654,-8.9455897575,,VASP,L12,4.518283464863654
vasp-Eu3Hf1,Eu3Hf,Eu,Hf,3.0,1.0,4.893853597621778,-9.70496084,,VASP,L12,4.893853597621778
vasp-Eu3Hg1,Eu3Hg,Eu,Hg,3.0,1.0,4.873121898428026,-7.7972575075,,VASP,L12,4.873121898428026
vasp-Eu3Ho1,Eu3Ho,Eu,Ho,3.0,1.0,3.5926113041926895,-4.2850614875,,VASP,L12,3.5926113041926895
vasp-Eu3In1,Eu3In,Eu,In,3.0,1.0,4.938534909160997,-8.440067895,,VASP,L12,4.938534909160997
vasp-Eu3Ir1,Eu3Ir,Eu,Ir,3.0,1.0,4.7185631118334825,-9.90574573,,VASP,L12,4.7185631118334825
vasp-Eu3La1,Eu3La,Eu,La,3.0,1.0,4.6969403815185595,-6.172756835,,VASP,L12,4.6969403815185595
vasp-Eu3Lu1,Eu3Lu,Eu,Lu,3.0,1.0,4.9512611701134155,-8.3737610675,,VASP,L12,4.9512611701134155
vasp-Eu3Mg1,Eu3Mg,Eu,Mg,3.0,1.0,4.971775789858074,-7.9215056375,,VASP,L12,4.971775789858074
vasp-Eu3Mn1,Eu3Mn,Eu,Mn,3.0,1.0,4.684325461540964,-9.1322351075,,VASP,L12,4.684325461540964
vasp-Eu3Mo1,Eu3Mo,Eu,Mo,3.0,1.0,4.795750618008142,-9.78262085,,VASP,L12,4.795750618008142
vasp-Eu3Nb1,Eu3Nb,Eu,Nb,3.0,1.0,4.842482901488735,-9.600824835,,VASP,L12,4.842482901488735
vasp-Eu3Nd1,Eu3Nd,Eu,Nd,3.0,1.0,5.226603052076378,-7.2479233475,,VASP,L12,5.226603052076378
vasp-Eu3Ni1,Eu3Ni,Eu,Ni,3.0,1.0,4.688058156975765,-8.76569377,,VASP,L12,4.688058156975765
vasp-Eu3Os1,Eu3Os,Eu,Os,3.0,1.0,4.690243613360694,-10.1032552275,,VASP,L12,4.690243613360694
vasp-Eu3Pb1,Eu3Pb,Eu,Pb,3.0,1.0,4.94868975646596,-6.13285399,,VASP,L12,4.94868975646596
vasp-Eu3Pd1,Eu3Pd,Eu,Pd,3.0,1.0,4.519674194745754,-8.9361377875,,VASP,L12,4.519674194745754
vasp-Eu3Pr1,Eu3Pr,Eu,Pr,3.0,1.0,4.25242018985134,-6.9766991925,,VASP,L12,4.25242018985134
vasp-Eu3Pt1,Eu3Pt,Eu,Pt,3.0,1.0,4.761351494938395,-9.4784351975,,VASP,L12,4.761351494938395
vasp-Eu3Re1,Eu3Re,Eu,Re,3.0,1.0,4.721963565296472,-10.166083805,,VASP,L12,4.721963565296472
vasp-Eu3Rh1,Eu3Rh,Eu,Rh,3.0,1.0,4.485697793027407,-8.0999142625,,VASP,L12,4.485697793027407
vasp-Eu3Ru1,Eu3Ru,Eu,Ru,3.0,1.0,4.7285088828812105,-9.6956977675,,VASP,L12,4.7285088828812105
vasp-Eu3Sc1,Eu3Sc,Eu,Sc,3.0,1.0,4.9327725635600785,-6.9950615725,,VASP,L12,4.9327725635600785
vasp-Eu3Si1,Eu3Si,Eu,Si,3.0,1.0,4.778291380168519,-9.23327812,,VASP,L12,4.778291380168519
vasp-Eu3Sm1,Eu3Sm,Eu,Sm,3.0,1.0,5.179267697693625,-7.19333954,,VASP,L12,5.179267697693625
vasp-Eu3Sn1,Eu3Sn,Eu,Sn,3.0,1.0,4.914205358068639,-9.0057769,,VASP,L12,4.914205358068639
vasp-Eu3Sr1,Eu3Sr,Eu,Sr,3.0,1.0,5.089893949744967,-7.6317358725,,VASP,L12,5.089893949744967
vasp-Eu3Ta1,Eu3Ta,Eu,Ta,3.0,1.0,4.812347961187183,-9.9484674775,,VASP,L12,4.812347961187183
vasp-Eu3Tb1,Eu3Tb,Eu,Tb,3.0,1.0,4.0,,,VASP,L12,4.0
vasp-Eu3Tc1,Eu3Tc,Eu,Tc,3.0,1.0,4.745161258389617,-9.7875517375,,VASP,L12,4.745161258389617
vasp-Eu3Ti1,Eu3Ti,Eu,Ti,3.0,1.0,4.8637783142208955,-9.1362137525,,VASP,L12,4.8637783142208955
vasp-Eu3Tm1,Eu3Tm,Eu,Tm,3.0,1.0,3.9555960711129132,-6.8983110925,,VASP,L12,3.9555960711129132
vasp-Eu3V1,Eu3V,Eu,V,3.0,1.0,4.864418959476819,-9.378251765,,VASP,L12,4.864418959476819
vasp-Eu3W1,Eu3W,Eu,W,3.0,1.0,4.7659817379564595,-10.1226892625,,VASP,L12,4.7659817379564595
vasp-Eu3Y1,Eu3Y,Eu,Y,3.0,1.0,5.013881654456547,-8.97897395,,VASP,L12,5.013881654456547
vasp-Eu3Zn1,Eu3Zn,Eu,Zn,3.0,1.0,4.757348325995165,-7.799777285,,VASP,L12,4.757348325995165
vasp-Eu3Zr1,Eu3Zr,Eu,Zr,3.0,1.0,4.875693970347285,-9.3556380625,,VASP,L12,4.875693970347285
vasp-Fe3Ag1,Fe3Ag,Fe,Ag,3.0,1.0,3.7632153966611255,-6.5410985825,,VASP,L12,3.7632153966611255
vasp-Fe3Al1,Fe3Al,Fe,Al,3.0,1.0,3.6487962192025996,-7.3262599625,,VASP,L12,3.6487962192025996
vasp-Fe3Au1,Fe3Au,Fe,Au,3.0,1.0,3.770029310166561,-6.873542425,,VASP,L12,3.770029310166561
vasp-Fe3Ba1,Fe3Ba,Fe,Ba,3.0,1.0,4.186387012441749,-5.5068252475,,VASP,L12,4.186387012441749
vasp-Fe3Ca1,Fe3Ca,Fe,Ca,3.0,1.0,3.9571159346345306,-6.0605884325,,VASP,L12,3.9571159346345306
vasp-Fe3Cd1,Fe3Cd,Fe,Cd,3.0,1.0,3.8099228399719456,-6.0751744025,,VASP,L12,3.8099228399719456
vasp-Fe3Ce1,Fe3Ce,Fe,Ce,3.0,1.0,3.90621185093995,-7.4071107275,,VASP,L12,3.90621185093995
vasp-Fe3Co1,Fe3Co,Fe,Co,3.0,1.0,3.5886385101401848,-7.8524264475,,VASP,L12,3.5886385101401848
vasp-Fe3Cr1,Fe3Cr,Fe,Cr,3.0,1.0,3.5418686546553357,-8.51853393,,VASP,L12,3.5418686546553357
vasp-Fe3Cu1,Fe3Cu,Fe,Cu,3.0,1.0,3.596903051038934,-6.9956237975,,VASP,L12,3.596903051038934
vasp-Fe3Dy1,Fe3Dy,Fe,Dy,3.0,1.0,3.799952547498475,-8.2964321,,VASP,L12,3.799952547498475
vasp-Fe3Er1,Fe3Er,Fe,Er,3.0,1.0,3.6020346540360073,-7.853784615,,VASP,L12,3.6020346540360073
vasp-Fe3Eu1,Fe3Eu,Fe,Eu,3.0,1.0,3.9818821127977184,-7.7108894775,,VASP,L12,3.9818821127977184
vasp-Fe3Fe1,Fe3Fe,Fe,Fe,3.0,1.0,3.624276299390881,-8.09865848,,VASP,L12,3.624276299390881
vasp-Fe3Ga1,Fe3Ga,Fe,Ga,3.0,1.0,3.653105713461341,-7.0556627125,,VASP,L12,3.653105713461341
vasp-Fe3Gd1,Fe3Gd,Fe,Gd,3.0,1.0,3.6506809756948857,-9.3753791425,,VASP,L12,3.6506809756948857
vasp-Fe3Ge1,Fe3Ge,Fe,Ge,3.0,1.0,3.6381178140251893,-7.4117515925,,VASP,L12,3.6381178140251893
vasp-Fe3Hf1,Fe3Hf,Fe,Hf,3.0,1.0,3.792593007697764,-8.707791935,,VASP,L12,3.792593007697764
vasp-Fe3Hg1,Fe3Hg,Fe,Hg,3.0,1.0,3.8261781145786764,-5.9033043375,,VASP,L12,3.8261781145786764
vasp-Fe3Ho1,Fe3Ho,Fe,Ho,3.0,1.0,6.872985683155845,,,VASP,L12,6.872985683155845
vasp-Fe3In1,Fe3In,Fe,In,3.0,1.0,3.811776545442423,-6.6553944875,,VASP,L12,3.811776545442423
vasp-Fe3Ir1,Fe3Ir,Fe,Ir,3.0,1.0,3.571018858981004,-8.3348300625,,VASP,L12,3.571018858981004
vasp-Fe3La1,Fe3La,Fe,La,3.0,1.0,4.024994430247598,-6.855908425,,VASP,L12,4.024994430247598
vasp-Fe3Lu1,Fe3Lu,Fe,Lu,3.0,1.0,3.904869532081346,-7.10230742,,VASP,L12,3.904869532081346
vasp-Fe3Mg1,Fe3Mg,Fe,Mg,3.0,1.0,3.744291544895089,-6.3724818075,,VASP,L12,3.744291544895089
vasp-Fe3Mn1,Fe3Mn,Fe,Mn,3.0,1.0,3.542364291842692,-8.4296312025,,VASP,L12,3.542364291842692
vasp-Fe3Mo1,Fe3Mo,Fe,Mo,3.0,1.0,3.5867851089857434,-8.819543185,,VASP,L12,3.5867851089857434
vasp-Fe3Nb1,Fe3Nb,Fe,Nb,3.0,1.0,3.713526722033764,-8.674104925,,VASP,L12,3.713526722033764
vasp-Fe3Nd1,Fe3Nd,Fe,Nd,3.0,1.0,3.73279010132935,-7.6207680025,,VASP,L12,3.73279010132935
vasp-Fe3Ni1,Fe3Ni,Fe,Ni,3.0,1.0,3.5872585085174777,-7.514553255,,VASP,L12,3.5872585085174777
vasp-Fe3Os1,Fe3Os,Fe,Os,3.0,1.0,3.5628257835198265,-8.8767495875,,VASP,L12,3.5628257835198265
vasp-Fe3Pb1,Fe3Pb,Fe,Pb,3.0,1.0,3.8836511546149723,-6.67322849,,VASP,L12,3.8836511546149723
vasp-Fe3Pd1,Fe3Pd,Fe,Pd,3.0,1.0,3.7320208121704974,,,VASP,L12,3.7320208121704974
vasp-Fe3Pr1,Fe3Pr,Fe,Pr,3.0,1.0,3.7506117582100575,-7.55211912,,VASP,L12,3.7506117582100575
vasp-Fe3Pt1,Fe3Pt,Fe,Pt,3.0,1.0,3.7402318624265494,-7.788675855,,VASP,L12,3.7402318624265494
vasp-Fe3Re1,Fe3Re,Fe,Re,3.0,1.0,3.570696292288527,-9.238116525,,VASP,L12,3.570696292288527
vasp-Fe3Rh1,Fe3Rh,Fe,Rh,3.0,1.0,3.554321905397645,-7.852658555,,VASP,L12,3.554321905397645
vasp-Fe3Ru1,Fe3Ru,Fe,Ru,3.0,1.0,3.54615072958202,-8.3436690175,,VASP,L12,3.54615072958202
vasp-Fe3Sc1,Fe3Sc,Fe,Sc,3.0,1.0,3.804092068375407,-7.679514185,,VASP,L12,3.804092068375407
vasp-Fe3Si1,Fe3Si,Fe,Si,3.0,1.0,3.5689538944942645,-7.80639817,,VASP,L12,3.5689538944942645
vasp-Fe3Sm1,Fe3Sm,Fe,Sm,3.0,1.0,4.0,-7.51490067,,VASP,L12,4.0
vasp-Fe3Sn1,Fe3Sn,Fe,Sn,3.0,1.0,3.8115988465636947,-7.0571234725,,VASP,L12,3.8115988465636947
vasp-Fe3Sr1,Fe3Sr,Fe,Sr,3.0,1.0,4.107587630796038,-5.6693356125,,VASP,L12,4.107587630796038
vasp-Fe3Ta1,Fe3Ta,Fe,Ta,3.0,1.0,3.661514829812889,-9.19370297,,VASP,L12,3.661514829812889
vasp-Fe3Tb1,Fe3Tb,Fe,Tb,3.0,1.0,4.094165894960766,-8.0543577975,,VASP,L12,4.094165894960766
vasp-Fe3Tc1,Fe3Tc,Fe,Tc,3.0,1.0,3.554913803460443,-8.684391985,,VASP,L12,3.554913803460443
vasp-Fe3Ti1,Fe3Ti,Fe,Ti,3.0,1.0,3.6797763001721955,-8.211853545,,VASP,L12,3.6797763001721955
vasp-Fe3Tm1,Fe3Tm,Fe,Tm,3.0,1.0,3.8811177386092264,-7.634685315,,VASP,L12,3.8811177386092264
vasp-Fe3V1,Fe3V,Fe,V,3.0,1.0,3.541377164968537,-8.4783612225,,VASP,L12,3.541377164968537
vasp-Fe3W1,Fe3W,Fe,W,3.0,1.0,3.593465241265911,-9.3718599025,,VASP,L12,3.593465241265911
vasp-Fe3Y1,Fe3Y,Fe,Y,3.0,1.0,3.9582203772584803,-7.4712395725,,VASP,L12,3.9582203772584803
vasp-Fe3Zn1,Fe3Zn,Fe,Zn,3.0,1.0,3.656130697966136,-6.4425105825,,VASP,L12,3.656130697966136
vasp-Fe3Zr1,Fe3Zr,Fe,Zr,3.0,1.0,3.815588611599982,-8.281866995,,VASP,L12,3.815588611599982
vasp-Ga3Ag1,Ga3Ag,Ga,Ag,3.0,1.0,4.193044227962426,-2.824560275,,VASP,L12,4.193044227962426
vasp-Ga3Al1,Ga3Al,Ga,Al,3.0,1.0,4.18916130492805,-3.0711526625,,VASP,L12,4.18916130492805
vasp-Ga3Au1,Ga3Au,Ga,Au,3.0,1.0,4.1793158741917,-3.0222444975,,VASP,L12,4.1793158741917
vasp-Ga3Ba1,Ga3Ba,Ga,Ba,3.0,1.0,4.724653629448726,-2.75748917,,VASP,L12,4.724653629448726
vasp-Ga3Ca1,Ga3Ca,Ga,Ca,3.0,1.0,4.33429941179963,-2.9929050075,,VASP,L12,4.33429941179963
vasp-Ga3Cd1,Ga3Cd,Ga,Cd,3.0,1.0,4.304620033613847,-2.3265291625,,VASP,L12,4.304620033613847
vasp-Ga3Ce1,Ga3Ce,Ga,Ce,3.0,1.0,4.338366461849105,-4.161895875,,VASP,L12,4.338366461849105
vasp-Ga3Co1,Ga3Co,Ga,Co,3.0,1.0,3.8706870660856336,-3.86572117,,VASP,L12,3.8706870660856336
vasp-Ga3Cr1,Ga3Cr,Ga,Cr,3.0,1.0,3.9465587244443783,-4.4824742675,,VASP,L12,3.9465587244443783
vasp-Ga3Cu1,Ga3Cu,Ga,Cu,3.0,1.0,4.014893947710031,-3.0679172375,,VASP,L12,4.014893947710031
vasp-Ga3Dy1,Ga3Dy,Ga,Dy,3.0,1.0,4.656420929534395,-8.6719835625,,VASP,L12,4.656420929534395
vasp-Ga3Er1,Ga3Er,Ga,Er,3.0,1.0,4.693383236736054,-6.686672135,,VASP,L12,4.693383236736054
vasp-Ga3Eu1,Ga3Eu,Ga,Eu,3.0,1.0,4.134634951381948,-4.8570623925,,VASP,L12,4.134634951381948
vasp-Ga3Fe1,Ga3Fe,Ga,Fe,3.0,1.0,3.832168502219238,-4.0821811575,,VASP,L12,3.832168502219238
vasp-Ga3Ga1,Ga3Ga,Ga,Ga,3.0,1.0,4.242640002651526,-2.9089760025,,VASP,L12,4.242640002651526
vasp-Ga3Gd1,Ga3Gd,Ga,Gd,3.0,1.0,4.300719090225371,-6.228436555,,VASP,L12,4.300719090225371
vasp-Ga3Ge1,Ga3Ge,Ga,Ge,3.0,1.0,4.233369813014703,-3.2385098175,,VASP,L12,4.233369813014703
vasp-Ga3Hf1,Ga3Hf,Ga,Hf,3.0,1.0,4.109955499383073,-5.0100327825,,VASP,L12,4.109955499383073
vasp-Ga3Hg1,Ga3Hg,Ga,Hg,3.0,1.0,4.359524880497019,-2.13940824,,VASP,L12,4.359524880497019
vasp-Ga3Ho1,Ga3Ho,Ga,Ho,3.0,1.0,4.232317197490222,-4.91051483,,VASP,L12,4.232317197490222
vasp-Ga3In1,Ga3In,Ga,In,3.0,1.0,4.40644242309441,-2.7902899725,,VASP,L12,4.40644242309441
vasp-Ga3Ir1,Ga3Ir,Ga,Ir,3.0,1.0,3.955971983933217,-4.410671145,,VASP,L12,3.955971983933217
vasp-Ga3La1,Ga3La,Ga,La,3.0,1.0,4.45958750485724,-3.8887942275,,VASP,L12,4.45958750485724
vasp-Ga3Lu1,Ga3Lu,Ga,Lu,3.0,1.0,4.219878587191003,-3.775515335,,VASP,L12,4.219878587191003
vasp-Ga3Mg1,Ga3Mg,Ga,Mg,3.0,1.0,4.220740479770044,-2.6574721025,,VASP,L12,4.220740479770044
vasp-Ga3Mn1,Ga3Mn,Ga,Mn,3.0,1.0,3.976098079182776,-4.4088512475,,VASP,L12,3.976098079182776
vasp-Ga3Mo1,Ga3Mo,Ga,Mo,3.0,1.0,3.986991301733128,-4.78499897,,VASP,L12,3.986991301733128
vasp-Ga3Nb1,Ga3Nb,Ga,Nb,3.0,1.0,4.041109167278414,-4.8104476525,,VASP,L12,4.041109167278414
vasp-Ga3Nd1,Ga3Nd,Ga,Nd,3.0,1.0,4.336896687561794,-4.6086949725,,VASP,L12,4.336896687561794
vasp-Ga3Ni1,Ga3Ni,Ga,Ni,3.0,1.0,3.914266581007004,-3.576391505,,VASP,L12,3.914266581007004
vasp-Ga3Os1,Ga3Os,Ga,Os,3.0,1.0,3.932831446427427,-4.76394457,,VASP,L12,3.932831446427427
vasp-Ga3Pb1,Ga3Pb,Ga,Pb,3.0,1.0,4.4975525588801295,-2.9896588525,,VASP,L12,4.4975525588801295
vasp-Ga3Pd1,Ga3Pd,Ga,Pd,3.0,1.0,4.045787665809411,-3.677205185,,VASP,L12,4.045787665809411
vasp-Ga3Pr1,Ga3Pr,Ga,Pr,3.0,1.0,4.300727995948559,-4.2462080375,,VASP,L12,4.300727995948559
vasp-Ga3Pt1,Ga3Pt,Ga,Pt,3.0,1.0,4.049652293766378,-3.875113875,,VASP,L12,4.049652293766378
vasp-Ga3Re1,Ga3Re,Ga,Re,3.0,1.0,4.0,,,VASP,L12,4.0
vasp-Ga3Rh1,Ga3Rh,Ga,Rh,3.0,1.0,3.9451429832382114,-4.1591884675,,VASP,L12,3.9451429832382114
vasp-Ga3Ru1,Ga3Ru,Ga,Ru,3.0,1.0,3.9158336174116224,-4.4908108,,VASP,L12,3.9158336174116224
vasp-Ga3Sc1,Ga3Sc,Ga,Sc,3.0,1.0,4.122667926211735,-4.2284876425,,VASP,L12,4.122667926211735
vasp-Ga3Si1,Ga3Si,Ga,Si,3.0,1.0,4.155047188495225,-3.3625048375,,VASP,L12,4.155047188495225
vasp-Ga3Sm1,Ga3Sm,Ga,Sm,3.0,1.0,4.552877026737169,,,VASP,L12,4.552877026737169
vasp-Ga3Sn1,Ga3Sn,Ga,Sn,3.0,1.0,4.40601099222507,-3.1051277325,,VASP,L12,4.40601099222507
vasp-Ga3Sr1,Ga3Sr,Ga,Sr,3.0,1.0,4.509142984533547,-2.8083188225,,VASP,L12,4.509142984533547
vasp-Ga3Ta1,Ga3Ta,Ga,Ta,3.0,1.0,4.042788171698062,-5.119119045,,VASP,L12,4.042788171698062
vasp-Ga3Tb1,Ga3Tb,Ga,Tb,3.0,1.0,4.154358964050383,-5.15303944,,VASP,L12,4.154358964050383
vasp-Ga3Tc1,Ga3Tc,Ga,Tc,3.0,1.0,3.9320928397002066,-4.6537384975,,VASP,L12,3.9320928397002066
vasp-Ga3Ti1,Ga3Ti,Ga,Ti,3.0,1.0,3.992544857020376,-4.423776505,,VASP,L12,3.992544857020376
vasp-Ga3Tm1,Ga3Tm,Ga,Tm,3.0,1.0,4.061742599805745,-4.2880487675,,VASP,L12,4.061742599805745
vasp-Ga3V1,Ga3V,Ga,V,3.0,1.0,3.9541675149118207,-4.426362435,,VASP,L12,3.9541675149118207
vasp-Ga3W1,Ga3W,Ga,W,3.0,1.0,3.9903710073749994,-5.0652338225,,VASP,L12,3.9903710073749994
vasp-Ga3Y1,Ga3Y,Ga,Y,3.0,1.0,4.279616485021581,-4.3180179525,,VASP,L12,4.279616485021581
vasp-Ga3Zn1,Ga3Zn,Ga,Zn,3.0,1.0,4.165099750375136,-2.4123118,,VASP,L12,4.165099750375136
vasp-Ga3Zr1,Ga3Zr,Ga,Zr,3.0,1.0,4.125510910486423,-4.7603362625,,VASP,L12,4.125510910486423
vasp-Gd3Ag1,Gd3Ag,Gd,Ag,3.0,1.0,4.730658714682262,-11.183987785,,VASP,L12,4.730658714682262
vasp-Gd3Al1,Gd3Al,Gd,Al,3.0,1.0,4.7614443243857085,-11.6594191275,,VASP,L12,4.7614443243857085
vasp-Gd3Au1,Gd3Au,Gd,Au,3.0,1.0,4.246885166336736,-10.9515074325,,VASP,L12,4.246885166336736
vasp-Gd3Ba1,Gd3Ba,Gd,Ba,3.0,1.0,5.027286146413578,-10.5910269525,,VASP,L12,5.027286146413578
vasp-Gd3Ca1,Gd3Ca,Gd,Ca,3.0,1.0,4.971236416197791,-10.780658705,,VASP,L12,4.971236416197791
vasp-Gd3Cd1,Gd3Cd,Gd,Cd,3.0,1.0,4.688493860636552,-10.666710625,,VASP,L12,4.688493860636552
vasp-Gd3Ce1,Gd3Ce,Gd,Ce,3.0,1.0,4.831441471190304,-11.7706896825,,VASP,L12,4.831441471190304
vasp-Gd3Co1,Gd3Co,Gd,Co,3.0,1.0,4.395074565858243,-11.920333395,,VASP,L12,4.395074565858243
vasp-Gd3Cr1,Gd3Cr,Gd,Cr,3.0,1.0,4.741697391446867,-11.334696205,,VASP,L12,4.741697391446867
vasp-Gd3Cu1,Gd3Cu,Gd,Cu,3.0,1.0,4.557429700549451,-11.2131398675,,VASP,L12,4.557429700549451
vasp-Gd3Dy1,Gd3Dy,Gd,Dy,3.0,1.0,4.000003640922273,,,VASP,L12,4.000003640922273
vasp-Gd3Er1,Gd3Er,Gd,Er,3.0,1.0,4.029336772092515,-10.2770282,,VASP,L12,4.029336772092515
vasp-Gd3Eu1,Gd3Eu,Gd,Eu,3.0,1.0,4.221485981851269,-10.42771766,,VASP,L12,4.221485981851269
vasp-Gd3Fe1,Gd3Fe,Gd,Fe,3.0,1.0,4.571954614740432,-12.1604497175,,VASP,L12,4.571954614740432
vasp-Gd3Ga1,Gd3Ga,Gd,Ga,3.0,1.0,4.733298365761859,-11.5201965625,,VASP,L12,4.733298365761859
vasp-Gd3Gd1,Gd3Gd,Gd,Gd,3.0,1.0,4.949374930170509,-13.5686323325,,VASP,L12,4.949374930170509
vasp-Gd3Ge1,Gd3Ge,Gd,Ge,3.0,1.0,4.690848059295579,-12.0245788775,,VASP,L12,4.690848059295579
vasp-Gd3Hf1,Gd3Hf,Gd,Hf,3.0,1.0,4.808907457216551,-12.8224508575,,VASP,L12,4.808907457216551
vasp-Gd3Hg1,Gd3Hg,Gd,Hg,3.0,1.0,4.777504757602955,-10.73265082,,VASP,L12,4.777504757602955
vasp-Gd3Ho1,Gd3Ho,Gd,Ho,3.0,1.0,4.508781437395607,-10.2418809925,,VASP,L12,4.508781437395607
vasp-Gd3In1,Gd3In,Gd,In,3.0,1.0,4.828216628257868,-9.3078472675,,VASP,L12,4.828216628257868
vasp-Gd3Ir1,Gd3Ir,Gd,Ir,3.0,1.0,4.622237691631257,-12.9065882275,,VASP,L12,4.622237691631257
vasp-Gd3La1,Gd3La,Gd,La,3.0,1.0,4.959503798126659,-11.609830285,,VASP,L12,4.959503798126659
vasp-Gd3Lu1,Gd3Lu,Gd,Lu,3.0,1.0,4.875956918045296,-11.5250295125,,VASP,L12,4.875956918045296
vasp-Gd3Mg1,Gd3Mg,Gd,Mg,3.0,1.0,4.862619163139545,-10.8687229575,,VASP,L12,4.862619163139545
vasp-Gd3Mn1,Gd3Mn,Gd,Mn,3.0,1.0,4.583261859964517,-12.25403652,,VASP,L12,4.583261859964517
vasp-Gd3Mo1,Gd3Mo,Gd,Mo,3.0,1.0,4.681920263404526,-12.87756925,,VASP,L12,4.681920263404526
vasp-Gd3Nb1,Gd3Nb,Gd,Nb,3.0,1.0,4.747122256428614,-12.751906105,,VASP,L12,4.747122256428614
vasp-Gd3Nd1,Gd3Nd,Gd,Nd,3.0,1.0,3.998857414228551,,,VASP,L12,3.998857414228551
vasp-Gd3Ni1,Gd3Ni,Gd,Ni,3.0,1.0,4.601904893577297,-11.75600369,,VASP,L12,4.601904893577297
vasp-Gd3Os1,Gd3Os,Gd,Os,3.0,1.0,4.6062254920845636,-13.1691917525,,VASP,L12,4.6062254920845636
vasp-Gd3Pb1,Gd3Pb,Gd,Pb,3.0,1.0,4.848133170897224,-11.717801895,,VASP,L12,4.848133170897224
vasp-Gd3Pd1,Gd3Pd,Gd,Pd,3.0,1.0,4.0,-10.544940545,,VASP,L12,4.0
vasp-Gd3Pr1,Gd3Pr,Gd,Pr,3.0,1.0,4.866268340068596,-11.894226505,,VASP,L12,4.866268340068596
vasp-Gd3Pt1,Gd3Pt,Gd,Pt,3.0,1.0,4.6600772209706225,-12.43060363,,VASP,L12,4.6600772209706225
vasp-Gd3Re1,Gd3Re,Gd,Re,3.0,1.0,4.6178304501194205,-13.2716524475,,VASP,L12,4.6178304501194205
vasp-Gd3Rh1,Gd3Rh,Gd,Rh,3.0,1.0,4.199592582919758,-11.16734533,,VASP,L12,4.199592582919758
vasp-Gd3Ru1,Gd3Ru,Gd,Ru,3.0,1.0,4.6326280404509,-12.7272788375,,VASP,L12,4.6326280404509
vasp-Gd3Sc1,Gd3Sc,Gd,Sc,3.0,1.0,4.837605156972273,-11.9779387475,,VASP,L12,4.837605156972273
vasp-Gd3Si1,Gd3Si,Gd,Si,3.0,1.0,4.6515030792253285,-12.1765083625,,VASP,L12,4.6515030792253285
vasp-Gd3Sm1,Gd3Sm,Gd,Sm,3.0,1.0,4.635768644039512,-10.336036685,,VASP,L12,4.635768644039512
vasp-Gd3Sn1,Gd3Sn,Gd,Sn,3.0,1.0,4.808606562892747,-11.9242019,,VASP,L12,4.808606562892747
vasp-Gd3Sr1,Gd3Sr,Gd,Sr,3.0,1.0,4.999161809863759,-8.04795533,,VASP,L12,4.999161809863759
vasp-Gd3Ta1,Gd3Ta,Gd,Ta,3.0,1.0,4.7030438992305985,-11.493352485,,VASP,L12,4.7030438992305985
vasp-Gd3Tb1,Gd3Tb,Gd,Tb,3.0,1.0,4.588243864148584,,,VASP,L12,4.588243864148584
vasp-Gd3Tc1,Gd3Tc,Gd,Tc,3.0,1.0,4.63411037310477,-12.8525259375,,VASP,L12,4.63411037310477
vasp-Gd3Ti1,Gd3Ti,Gd,Ti,3.0,1.0,4.767663150930888,-12.2557894975,,VASP,L12,4.767663150930888
vasp-Gd3Tm1,Gd3Tm,Gd,Tm,3.0,1.0,4.217131301534913,-10.046225225,,VASP,L12,4.217131301534913
vasp-Gd3V1,Gd3V,Gd,V,3.0,1.0,4.742729982247539,-12.4654443625,,VASP,L12,4.742729982247539
vasp-Gd3W1,Gd3W,Gd,W,3.0,1.0,4.664173408151131,-13.26676356,,VASP,L12,4.664173408151131
vasp-Gd3Y1,Gd3Y,Gd,Y,3.0,1.0,4.920270676601578,-12.0111877475,,VASP,L12,4.920270676601578
vasp-Gd3Zn1,Gd3Zn,Gd,Zn,3.0,1.0,4.666561067265909,-10.79434863,,VASP,L12,4.666561067265909
vasp-Gd3Zr1,Gd3Zr,Gd,Zr,3.0,1.0,5.118238920806211,-6.5168776925,,VASP,L12,5.118238920806211
vasp-Ge3Ag1,Ge3Ag,Ge,Ag,3.0,1.0,4.261655915212297,-3.7677510275,,VASP,L12,4.261655915212297
vasp-Ge3Al1,Ge3Al,Ge,Al,3.0,1.0,4.212130623810179,-4.054813715,,VASP,L12,4.212130623810179
vasp-Ge3Au1,Ge3Au,Ge,Au,3.0,1.0,4.264609256176223,-3.9382826425,,VASP,L12,4.264609256176223
vasp-Ge3Ba1,Ge3Ba,Ge,Ba,3.0,1.0,4.645989889562766,-3.9115652675,,VASP,L12,4.645989889562766
vasp-Ge3Ca1,Ge3Ca,Ge,Ca,3.0,1.0,4.349428037202908,-4.1191084275,,VASP,L12,4.349428037202908
vasp-Ge3Cd1,Ge3Cd,Ge,Cd,3.0,1.0,4.342271709753668,-3.28920196,,VASP,L12,4.342271709753668
vasp-Ge3Ce1,Ge3Ce,Ge,Ce,3.0,1.0,4.333188493661009,-5.3586185925,,VASP,L12,4.333188493661009
vasp-Ge3Co1,Ge3Co,Ge,Co,3.0,1.0,4.0113615066893535,-4.733174295,,VASP,L12,4.0113615066893535
vasp-Ge3Cr1,Ge3Cr,Ge,Cr,3.0,1.0,4.131073950254655,-5.43545864,,VASP,L12,4.131073950254655
vasp-Ge3Cu1,Ge3Cu,Ge,Cu,3.0,1.0,4.117606693500823,-3.9867287175,,VASP,L12,4.117606693500823
vasp-Ge3Dy1,Ge3Dy,Ge,Dy,3.0,1.0,4.058467685875003,-5.9272537375,,VASP,L12,4.058467685875003
vasp-Ge3Er1,Ge3Er,Ge,Er,3.0,1.0,4.008379386328353,-5.4671191325,,VASP,L12,4.008379386328353
vasp-Ge3Eu1,Ge3Eu,Ge,Eu,3.0,1.0,4.231859271906339,-5.08571359,,VASP,L12,4.231859271906339
vasp-Ge3Fe1,Ge3Fe,Ge,Fe,3.0,1.0,4.058615029344712,-4.997094285,,VASP,L12,4.058615029344712
vasp-Ge3Ga1,Ge3Ga,Ge,Ga,3.0,1.0,4.270192581636821,-3.86123422,,VASP,L12,4.270192581636821
vasp-Ge3Gd1,Ge3Gd,Ge,Gd,3.0,1.0,4.219746560901307,-6.090252225,,VASP,L12,4.219746560901307
vasp-Ge3Ge1,Ge3Ge,Ge,Ge,3.0,1.0,4.275364345505853,-4.173222475,,VASP,L12,4.275364345505853
vasp-Ge3Hf1,Ge3Hf,Ge,Hf,3.0,1.0,4.185615642842125,-5.91173956,,VASP,L12,4.185615642842125
vasp-Ge3Hg1,Ge3Hg,Ge,Hg,3.0,1.0,4.380644090661376,-3.0850481125,,VASP,L12,4.380644090661376
vasp-Ge3Ho1,Ge3Ho,Ge,Ho,3.0,1.0,4.028653117421513,-5.8071649425,,VASP,L12,4.028653117421513
vasp-Ge3In1,Ge3In,Ge,In,3.0,1.0,4.403778362243036,-3.7371274875,,VASP,L12,4.403778362243036
vasp-Ge3Ir1,Ge3Ir,Ge,Ir,3.0,1.0,4.07979249340866,-5.2432504125,,VASP,L12,4.07979249340866
vasp-Ge3La1,Ge3La,Ge,La,3.0,1.0,4.454991543916728,-5.018260565,,VASP,L12,4.454991543916728
vasp-Ge3Lu1,Ge3Lu,Ge,Lu,3.0,1.0,4.2862164872329975,-4.7957963325,,VASP,L12,4.2862164872329975
vasp-Ge3Mg1,Ge3Mg,Ge,Mg,3.0,1.0,4.25801795367693,-3.6904969575,,VASP,L12,4.25801795367693
vasp-Ge3Mn1,Ge3Mn,Ge,Mn,3.0,1.0,4.13465943402742,-5.320427695,,VASP,L12,4.13465943402742
vasp-Ge3Mo1,Ge3Mo,Ge,Mo,3.0,1.0,4.0848370959130715,-5.5867954425,,VASP,L12,4.0848370959130715
vasp-Ge3Nb1,Ge3Nb,Ge,Nb,3.0,1.0,4.126068639334899,-5.622661415,,VASP,L12,4.126068639334899
vasp-Ge3Nd1,Ge3Nd,Ge,Nd,3.0,1.0,4.271052795831903,-5.5268453275,,VASP,L12,4.271052795831903
vasp-Ge3Ni1,Ge3Ni,Ge,Ni,3.0,1.0,4.044499760061434,-4.48179756,,VASP,L12,4.044499760061434
vasp-Ge3Os1,Ge3Os,Ge,Os,3.0,1.0,4.038666997635022,-5.5485431775,,VASP,L12,4.038666997635022
vasp-Ge3Pb1,Ge3Pb,Ge,Pb,3.0,1.0,4.525381584643851,-3.93810331,,VASP,L12,4.525381584643851
vasp-Ge3Pd1,Ge3Pd,Ge,Pd,3.0,1.0,4.148988889947041,-4.6108745525,,VASP,L12,4.148988889947041
vasp-Ge3Pr1,Ge3Pr,Ge,Pr,3.0,1.0,4.2792275042630985,-5.4880496225,,VASP,L12,4.2792275042630985
vasp-Ge3Pt1,Ge3Pt,Ge,Pt,3.0,1.0,4.14244567734855,-4.786250465,,VASP,L12,4.14244567734855
vasp-Ge3Re1,Ge3Re,Ge,Re,3.0,1.0,4.0,,,VASP,L12,4.0
vasp-Ge3Rh1,Ge3Rh,Ge,Rh,3.0,1.0,4.075664263579482,-5.0377914675,,VASP,L12,4.075664263579482
vasp-Ge3Ru1,Ge3Ru,Ge,Ru,3.0,1.0,4.035649780974071,-5.29346262,,VASP,L12,4.035649780974071
vasp-Ge3Sc1,Ge3Sc,Ge,Sc,3.0,1.0,4.203536283312007,-5.20849664,,VASP,L12,4.203536283312007
vasp-Ge3Si1,Ge3Si,Ge,Si,3.0,1.0,4.20622484504376,-4.29185339,,VASP,L12,4.20622484504376
vasp-Ge3Sm1,Ge3Sm,Ge,Sm,3.0,1.0,4.480642928672086,-6.557947985,,VASP,L12,4.480642928672086
vasp-Ge3Sn1,Ge3Sn,Ge,Sn,3.0,1.0,4.425178719499988,-4.04256674,,VASP,L12,4.425178719499988
vasp-Ge3Sr1,Ge3Sr,Ge,Sr,3.0,1.0,4.482768128125032,-3.96076793,,VASP,L12,4.482768128125032
vasp-Ge3Ta1,Ge3Ta,Ge,Ta,3.0,1.0,4.121787789084513,-5.9317250625,,VASP,L12,4.121787789084513
vasp-Ge3Tb1,Ge3Tb,Ge,Tb,3.0,1.0,4.104779287649036,-6.0556245975,,VASP,L12,4.104779287649036
vasp-Ge3Tc1,Ge3Tc,Ge,Tc,3.0,1.0,4.027088836414065,-5.4620659875,,VASP,L12,4.027088836414065
vasp-Ge3Ti1,Ge3Ti,Ge,Ti,3.0,1.0,4.101510838924321,-5.28518954,,VASP,L12,4.101510838924321
vasp-Ge3Tm1,Ge3Tm,Ge,Tm,3.0,1.0,4.202740075862109,-5.280712535,,VASP,L12,4.202740075862109
vasp-Ge3V1,Ge3V,Ge,V,3.0,1.0,4.100880814286811,-5.3346966375,,VASP,L12,4.100880814286811
vasp-Ge3W1,Ge3W,Ge,W,3.0,1.0,4.062634403899431,-5.8721158025,,VASP,L12,4.062634403899431
vasp-Ge3Y1,Ge3Y,Ge,Y,3.0,1.0,4.3327980436481806,-5.3555194175,,VASP,L12,4.3327980436481806
vasp-Ge3Zn1,Ge3Zn,Ge,Zn,3.0,1.0,4.218461102062076,-3.3931493375,,VASP,L12,4.218461102062076
vasp-Ge3Zr1,Ge3Zr,Ge,Zr,3.0,1.0,4.202367750642651,-5.65201359,,VASP,L12,4.202367750642651
vasp-Hf3Ag1,Hf3Ag,Hf,Ag,3.0,1.0,4.359008553617223,-8.0486719725,,VASP,L12,4.359008553617223
vasp-Hf3Al1,Hf3Al,Hf,Al,3.0,1.0,4.326347633234908,-8.63684705,,VASP,L12,4.326347633234908
vasp-Hf3Au1,Hf3Au,Hf,Au,3.0,1.0,4.332481050712509,-8.460811875,,VASP,L12,4.332481050712509
vasp-Hf3Ba1,Hf3Ba,Hf,Ba,3.0,1.0,4.704875417959834,-7.186114485,,VASP,L12,4.704875417959834
vasp-Hf3Ca1,Hf3Ca,Hf,Ca,3.0,1.0,4.592234393043993,-7.518953085,,VASP,L12,4.592234393043993
vasp-Hf3Cd1,Hf3Cd,Hf,Cd,3.0,1.0,4.389671131694287,-7.6331150775,,VASP,L12,4.389671131694287
vasp-Hf3Ce1,Hf3Ce,Hf,Ce,3.0,1.0,4.5345106735008,-8.7735946275,,VASP,L12,4.5345106735008
vasp-Hf3Co1,Hf3Co,Hf,Co,3.0,1.0,4.223789373134525,-9.1008110475,,VASP,L12,4.223789373134525
vasp-Hf3Cr1,Hf3Cr,Hf,Cr,3.0,1.0,4.326715461461487,-9.578241205,,VASP,L12,4.326715461461487
vasp-Hf3Cu1,Hf3Cu,Hf,Cu,3.0,1.0,4.251679060169975,-8.30167887,,VASP,L12,4.251679060169975
vasp-Hf3Dy1,Hf3Dy,Hf,Dy,3.0,1.0,4.2661470534554775,-8.1337797425,,VASP,L12,4.2661470534554775
vasp-Hf3Er1,Hf3Er,Hf,Er,3.0,1.0,4.494125681157712,-8.02815587,,VASP,L12,4.494125681157712
vasp-Hf3Eu1,Hf3Eu,Hf,Eu,3.0,1.0,4.395843521132255,-7.253006635,,VASP,L12,4.395843521132255
vasp-Hf3Fe1,Hf3Fe,Hf,Fe,3.0,1.0,4.2269275871276974,-9.30552114,,VASP,L12,4.2269275871276974
vasp-Hf3Ga1,Hf3Ga,Hf,Ga,3.0,1.0,4.305476877682858,-8.438366705,,VASP,L12,4.305476877682858
vasp-Hf3Gd1,Hf3Gd,Hf,Gd,3.0,1.0,4.0,-8.1554213775,,VASP,L12,4.0
vasp-Hf3Ge1,Hf3Ge,Hf,Ge,3.0,1.0,4.29873780288244,-8.8584821875,,VASP,L12,4.29873780288244
vasp-Hf3Hf1,Hf3Hf,Hf,Hf,3.0,1.0,4.46382006516743,-9.877236275,,VASP,L12,4.46382006516743
vasp-Hf3Hg1,Hf3Hg,Hf,Hg,3.0,1.0,4.390822684804043,-7.543857705,,VASP,L12,4.390822684804043
vasp-Hf3Ho1,Hf3Ho,Hf,Ho,3.0,1.0,4.0,-8.4291983075,,VASP,L12,4.0
vasp-Hf3In1,Hf3In,Hf,In,3.0,1.0,4.426131930655746,-8.229924495,,VASP,L12,4.426131930655746
vasp-Hf3Ir1,Hf3Ir,Hf,Ir,3.0,1.0,4.271498642875835,-9.975835325,,VASP,L12,4.271498642875835
vasp-Hf3La1,Hf3La,Hf,La,3.0,1.0,4.6178160701150155,-8.418590845,,VASP,L12,4.6178160701150155
vasp-Hf3Lu1,Hf3Lu,Hf,Lu,3.0,1.0,4.542590583807757,-8.4313511,,VASP,L12,4.542590583807757
vasp-Hf3Mg1,Hf3Mg,Hf,Mg,3.0,1.0,4.421052264642517,-7.754412905,,VASP,L12,4.421052264642517
vasp-Hf3Mn1,Hf3Mn,Hf,Mn,3.0,1.0,4.236980850109378,-9.4303911775,,VASP,L12,4.236980850109378
vasp-Hf3Mo1,Hf3Mo,Hf,Mo,3.0,1.0,4.329358125950759,-9.9944260375,,VASP,L12,4.329358125950759
vasp-Hf3Nb1,Hf3Nb,Hf,Nb,3.0,1.0,4.399149082574126,-9.8502896425,,VASP,L12,4.399149082574126
vasp-Hf3Nd1,Hf3Nd,Hf,Nd,3.0,1.0,4.529450895855125,-8.9179987725,,VASP,L12,4.529450895855125
vasp-Hf3Ni1,Hf3Ni,Hf,Ni,3.0,1.0,4.230507197198623,-8.8011924125,,VASP,L12,4.230507197198623
vasp-Hf3Os1,Hf3Os,Hf,Os,3.0,1.0,4.271980983476226,-10.320675075,,VASP,L12,4.271980983476226
vasp-Hf3Pb1,Hf3Pb,Hf,Pb,3.0,1.0,4.469133620117099,-8.3513193125,,VASP,L12,4.469133620117099
vasp-Hf3Pd1,Hf3Pd,Hf,Pd,3.0,1.0,4.300840925393368,-8.9404356975,,VASP,L12,4.300840925393368
vasp-Hf3Pr1,Hf3Pr,Hf,Pr,3.0,1.0,4.476610153608667,-7.813770105,,VASP,L12,4.476610153608667
vasp-Hf3Pt1,Hf3Pt,Hf,Pt,3.0,1.0,4.284861549821512,-9.4015022525,,VASP,L12,4.284861549821512
vasp-Hf3Re1,Hf3Re,Hf,Re,3.0,1.0,4.0,,,VASP,L12,4.0
vasp-Hf3Rh1,Hf3Rh,Hf,Rh,3.0,1.0,4.280155931691744,-9.4732007075,,VASP,L12,4.280155931691744
vasp-Hf3Ru1,Hf3Ru,Hf,Ru,3.0,1.0,4.276600626194514,-9.810390855,,VASP,L12,4.276600626194514
vasp-Hf3Sc1,Hf3Sc,Hf,Sc,3.0,1.0,4.482442775668354,-8.931861245,,VASP,L12,4.482442775668354
vasp-Hf3Si1,Hf3Si,Hf,Si,3.0,1.0,4.260148261223004,-9.1061789875,,VASP,L12,4.260148261223004
vasp-Hf3Sm1,Hf3Sm,Hf,Sm,3.0,1.0,4.0,,,VASP,L12,4.0
vasp-Hf3Sn1,Hf3Sn,Hf,Sn,3.0,1.0,4.426372462660135,-8.6625730675,,VASP,L12,4.426372462660135
vasp-Hf3Sr1,Hf3Sr,Hf,Sr,3.0,1.0,4.663177474056392,-7.2311252175,,VASP,L12,4.663177474056392
vasp-Hf3Ta1,Hf3Ta,Hf,Ta,3.0,1.0,4.394869077012663,-10.2760425425,,VASP,L12,4.394869077012663
vasp-Hf3Tb1,Hf3Tb,Hf,Tb,3.0,1.0,4.0,-9.19180454,,VASP,L12,4.0
vasp-Hf3Tc1,Hf3Tc,Hf,Tc,3.0,1.0,4.290658064034053,-9.9794742125,,VASP,L12,4.290658064034053
vasp-Hf3Ti1,Hf3Ti,Hf,Ti,3.0,1.0,4.379103220042486,-9.30868029,,VASP,L12,4.379103220042486
vasp-Hf3Tm1,Hf3Tm,Hf,Tm,3.0,1.0,5.569799483812326,-6.9220323175,,VASP,L12,5.569799483812326
vasp-Hf3V1,Hf3V,Hf,V,3.0,1.0,4.316688468920824,-9.45923264,,VASP,L12,4.316688468920824
vasp-Hf3W1,Hf3W,Hf,W,3.0,1.0,4.330291950755374,-10.451814325,,VASP,L12,4.330291950755374
vasp-Hf3Y1,Hf3Y,Hf,Y,3.0,1.0,4.576948402928236,-8.8579557725,,VASP,L12,4.576948402928236
vasp-Hf3Zn1,Hf3Zn,Hf,Zn,3.0,1.0,4.297568363272692,-7.813665895,,VASP,L12,4.297568363272692
vasp-Hf3Zr1,Hf3Zr,Hf,Zr,3.0,1.0,4.478287591707857,-9.5183851075,,VASP,L12,4.478287591707857
vasp-Hg3Ag1,Hg3Ag,Hg,Ag,3.0,1.0,4.500563391398519,-0.659385195,,VASP,L12,4.500563391398519
vasp-Hg3Al1,Hg3Al,Hg,Al,3.0,1.0,4.55125183100706,-0.9027810225,,VASP,L12,4.55125183100706
vasp-Hg3Au1,Hg3Au,Hg,Au,3.0,1.0,4.495182479705182,-0.74303066,,VASP,L12,4.495182479705182
vasp-Hg3Ba1,Hg3Ba,Hg,Ba,3.0,1.0,4.846403552671502,-0.8501609325,,VASP,L12,4.846403552671502
vasp-Hg3Ca1,Hg3Ca,Hg,Ca,3.0,1.0,4.664724499019794,-0.954827385,,VASP,L12,4.664724499019794
vasp-Hg3Cd1,Hg3Cd,Hg,Cd,3.0,1.0,4.551201703017336,-0.204979725,,VASP,L12,4.551201703017336
vasp-Hg3Ce1,Hg3Ce,Hg,Ce,3.0,1.0,4.6546860268846455,-1.79110794,,VASP,L12,4.6546860268846455
vasp-Hg3Co1,Hg3Co,Hg,Co,3.0,1.0,4.267747406737431,-1.395208035,,VASP,L12,4.267747406737431
vasp-Hg3Cr1,Hg3Cr,Hg,Cr,3.0,1.0,4.4238215914785926,-2.12413048,,VASP,L12,4.4238215914785926
vasp-Hg3Cu1,Hg3Cu,Hg,Cu,3.0,1.0,4.325731907176049,-0.749324085,,VASP,L12,4.325731907176049
vasp-Hg3Dy1,Hg3Dy,Hg,Dy,3.0,1.0,5.256158169972826,-1.4081227075,,VASP,L12,5.256158169972826
vasp-Hg3Er1,Hg3Er,Hg,Er,3.0,1.0,4.5679375537205615,-1.05432302,,VASP,L12,4.5679375537205615
vasp-Hg3Eu1,Hg3Eu,Hg,Eu,3.0,1.0,4.709931547393795,-3.0368558375,,VASP,L12,4.709931547393795
vasp-Hg3Fe1,Hg3Fe,Hg,Fe,3.0,1.0,4.314398997815491,-1.7347307725,,VASP,L12,4.314398997815491
vasp-Hg3Ga1,Hg3Ga,Hg,Ga,3.0,1.0,4.6021298590525515,-0.79328701,,VASP,L12,4.6021298590525515
vasp-Hg3Gd1,Hg3Gd,Hg,Gd,3.0,1.0,4.858464046106536,-1.5093745575,,VASP,L12,4.858464046106536
vasp-Hg3Ge1,Hg3Ge,Hg,Ge,3.0,1.0,4.545673970239553,-0.991003275,,VASP,L12,4.545673970239553
vasp-Hg3Hf1,Hg3Hf,Hg,Hf,3.0,1.0,4.423555294907028,-2.5467534725,,VASP,L12,4.423555294907028
vasp-Hg3Hg1,Hg3Hg,Hg,Hg,3.0,1.0,4.693941940988948,-0.098519935,,VASP,L12,4.693941940988948
vasp-Hg3Ho1,Hg3Ho,Hg,Ho,3.0,1.0,4.631808603836188,-2.64099432,,VASP,L12,4.631808603836188
vasp-Hg3In1,Hg3In,Hg,In,3.0,1.0,4.678527171313014,-0.76591102,,VASP,L12,4.678527171313014
vasp-Hg3Ir1,Hg3Ir,Hg,Ir,3.0,1.0,4.270003534498333,-1.82533784,,VASP,L12,4.270003534498333
vasp-Hg3La1,Hg3La,Hg,La,3.0,1.0,4.725392766149208,-1.681934985,,VASP,L12,4.725392766149208
vasp-Hg3Lu1,Hg3Lu,Hg,Lu,3.0,1.0,4.56449338638795,-1.48903777,,VASP,L12,4.56449338638795
vasp-Hg3Mg1,Hg3Mg,Hg,Mg,3.0,1.0,4.556439791852439,-0.5569580725,,VASP,L12,4.556439791852439
vasp-Hg3Mn1,Hg3Mn,Hg,Mn,3.0,1.0,4.380476439582816,-2.05509123,,VASP,L12,4.380476439582816
vasp-Hg3Mo1,Hg3Mo,Hg,Mo,3.0,1.0,4.295222071516038,-2.2885313725,,VASP,L12,4.295222071516038
vasp-Hg3Nb1,Hg3Nb,Hg,Nb,3.0,1.0,4.352971352191497,-2.363342245,,VASP,L12,4.352971352191497
vasp-Hg3Nd1,Hg3Nd,Hg,Nd,3.0,1.0,4.679663371973441,-1.9739255875,,VASP,L12,4.679663371973441
vasp-Hg3Ni1,Hg3Ni,Hg,Ni,3.0,1.0,4.265657243888829,-1.148370075,,VASP,L12,4.265657243888829
vasp-Hg3Os1,Hg3Os,Hg,Os,3.0,1.0,4.251499226300949,-2.1260857725,,VASP,L12,4.251499226300949
vasp-Hg3Pb1,Hg3Pb,Hg,Pb,3.0,1.0,4.706119600883809,-0.9203030675,,VASP,L12,4.706119600883809
vasp-Hg3Pd1,Hg3Pd,Hg,Pd,3.0,1.0,4.354279680821201,-1.3463170925,,VASP,L12,4.354279680821201
vasp-Hg3Pr1,Hg3Pr,Hg,Pr,3.0,1.0,4.691227793062709,-0.1810187075,,VASP,L12,4.691227793062709
vasp-Hg3Pt1,Hg3Pt,Hg,Pt,3.0,1.0,4.329011129378873,-1.41700661,,VASP,L12,4.329011129378873
vasp-Hg3Re1,Hg3Re,Hg,Re,3.0,1.0,4.26121050667345,-2.330383075,,VASP,L12,4.26121050667345
vasp-Hg3Rh1,Hg3Rh,Hg,Rh,3.0,1.0,4.278217360932456,-1.69407473,,VASP,L12,4.278217360932456
vasp-Hg3Ru1,Hg3Ru,Hg,Ru,3.0,1.0,4.256811562398713,-1.95980017,,VASP,L12,4.256811562398713
vasp-Hg3Sc1,Hg3Sc,Hg,Sc,3.0,1.0,4.482105551285499,-1.8898822975,,VASP,L12,4.482105551285499
vasp-Hg3Si1,Hg3Si,Hg,Si,3.0,1.0,4.493866285507924,-1.0331043,,VASP,L12,4.493866285507924
vasp-Hg3Sm1,Hg3Sm,Hg,Sm,3.0,1.0,4.249800571209422,-1.57443804,,VASP,L12,4.249800571209422
vasp-Hg3Sn1,Hg3Sn,Hg,Sn,3.0,1.0,4.660354285011155,-0.9600593525,,VASP,L12,4.660354285011155
vasp-Hg3Sr1,Hg3Sr,Hg,Sr,3.0,1.0,4.761947344462681,-0.8599471425,,VASP,L12,4.761947344462681
vasp-Hg3Ta1,Hg3Ta,Hg,Ta,3.0,1.0,4.336688456273304,-2.6272010325,,VASP,L12,4.336688456273304
vasp-Hg3Tb1,Hg3Tb,Hg,Tb,3.0,1.0,4.633272306871094,-3.43468514,,VASP,L12,4.633272306871094
vasp-Hg3Tc1,Hg3Tc,Hg,Tc,3.0,1.0,4.283180271679504,-2.1493498775,,VASP,L12,4.283180271679504
vasp-Hg3Ti1,Hg3Ti,Hg,Ti,3.0,1.0,4.359516217567789,-1.951416965,,VASP,L12,4.359516217567789
vasp-Hg3Tm1,Hg3Tm,Hg,Tm,3.0,1.0,4.787763418770405,-0.834280195,,VASP,L12,4.787763418770405
vasp-Hg3V1,Hg3V,Hg,V,3.0,1.0,4.291528849914625,-1.9253176825,,VASP,L12,4.291528849914625
vasp-Hg3W1,Hg3W,Hg,W,3.0,1.0,4.285737547396207,-2.5282844,,VASP,L12,4.285737547396207
vasp-Hg3Y1,Hg3Y,Hg,Y,3.0,1.0,4.601029490306169,-2.0578314225,,VASP,L12,4.601029490306169
vasp-Hg3Zn1,Hg3Zn,Hg,Zn,3.0,1.0,4.511992783352274,-0.2377946275,,VASP,L12,4.511992783352274
vasp-Hg3Zr1,Hg3Zr,Hg,Zr,3.0,1.0,4.4532804366795995,-2.31396623,,VASP,L12,4.4532804366795995
vasp-Ho3Ag1,Ho3Ag,Ho,Ag,3.0,1.0,4.692341164521478,-6.0372686575,,VASP,L12,4.692341164521478
vasp-Ho3Al1,Ho3Al,Ho,Al,3.0,1.0,4.708535604440615,-7.6649410275,,VASP,L12,4.708535604440615
vasp-Ho3Au1,Ho3Au,Ho,Au,3.0,1.0,4.677666884988504,-7.64858118,,VASP,L12,4.677666884988504
vasp-Ho3Ba1,Ho3Ba,Ho,Ba,3.0,1.0,3.8895313869262353,-3.976136625,,VASP,L12,3.8895313869262353
vasp-Ho3Ca1,Ho3Ca,Ho,Ca,3.0,1.0,5.409462754716264,-5.09204445,,VASP,L12,5.409462754716264
vasp-Ho3Cd1,Ho3Cd,Ho,Cd,3.0,1.0,4.654389788692293,-5.39521903,,VASP,L12,4.654389788692293
vasp-Ho3Ce1,Ho3Ce,Ho,Ce,3.0,1.0,6.7197706817212275,-6.5070991775,,VASP,L12,6.7197706817212275
vasp-Ho3Co1,Ho3Co,Ho,Co,3.0,1.0,4.523208368974236,-8.106563945,,VASP,L12,4.523208368974236
vasp-Ho3Cr1,Ho3Cr,Ho,Cr,3.0,1.0,4.0,-7.8532812325,,VASP,L12,4.0
vasp-Ho3Cu1,Ho3Cu,Ho,Cu,3.0,1.0,4.08851261456652,-6.6327935525,,VASP,L12,4.08851261456652
vasp-Ho3Dy1,Ho3Dy,Ho,Dy,3.0,1.0,4.890908191011025,-7.45524964,,VASP,L12,4.890908191011025
vasp-Ho3Er1,Ho3Er,Ho,Er,3.0,1.0,4.412406974264067,-6.91404669,,VASP,L12,4.412406974264067
vasp-Ho3Eu1,Ho3Eu,Ho,Eu,3.0,1.0,3.5410105689089475,,,VASP,L12,3.5410105689089475
vasp-Ho3Fe1,Ho3Fe,Ho,Fe,3.0,1.0,4.129789504282422,-7.7862972125,,VASP,L12,4.129789504282422
vasp-Ho3Ga1,Ho3Ga,Ho,Ga,3.0,1.0,4.3572655555522335,-6.534249765,,VASP,L12,4.3572655555522335
vasp-Ho3Gd1,Ho3Gd,Ho,Gd,3.0,1.0,4.459808990159308,-6.9620624825,,VASP,L12,4.459808990159308
vasp-Ho3Ge1,Ho3Ge,Ho,Ge,3.0,1.0,4.086433259378777,-6.5391078375,,VASP,L12,4.086433259378777
vasp-Ho3Hf1,Ho3Hf,Ho,Hf,3.0,1.0,4.175793695613151,-7.5512143775,,VASP,L12,4.175793695613151
vasp-Ho3Hg1,Ho3Hg,Ho,Hg,3.0,1.0,4.749966637350757,-6.7603440425,,VASP,L12,4.749966637350757
vasp-Ho3Ho1,Ho3Ho,Ho,Ho,3.0,1.0,4.8766534551783804,-8.6431508825,,VASP,L12,4.8766534551783804
vasp-Ho3In1,Ho3In,Ho,In,3.0,1.0,4.8164089087480155,-7.43957875,,VASP,L12,4.8164089087480155
vasp-Ho3Ir1,Ho3Ir,Ho,Ir,3.0,1.0,4.481393261956361,-8.20418761,,VASP,L12,4.481393261956361
vasp-Ho3La1,Ho3La,Ho,La,3.0,1.0,4.0,-5.9032757625,,VASP,L12,4.0
vasp-Ho3Lu1,Ho3Lu,Ho,Lu,3.0,1.0,4.851115965399104,-7.57679104,,VASP,L12,4.851115965399104
vasp-Ho3Mg1,Ho3Mg,Ho,Mg,3.0,1.0,4.836702442686162,-6.8882770825,,VASP,L12,4.836702442686162
vasp-Ho3Mn1,Ho3Mn,Ho,Mn,3.0,1.0,5.010160605716899,-16.99252986,,VASP,L12,5.010160605716899
vasp-Ho3Mo1,Ho3Mo,Ho,Mo,3.0,1.0,4.824856840492446,-8.092796285,,VASP,L12,4.824856840492446
vasp-Ho3Nb1,Ho3Nb,Ho,Nb,3.0,1.0,4.8128768231176595,-7.27181966,,VASP,L12,4.8128768231176595
vasp-Ho3Nd1,Ho3Nd,Ho,Nd,3.0,1.0,4.0,,,VASP,L12,4.0
vasp-Ho3Ni1,Ho3Ni,Ho,Ni,3.0,1.0,4.0,-7.220161055,,VASP,L12,4.0
vasp-Ho3Os1,Ho3Os,Ho,Os,3.0,1.0,4.3593701534446625,-7.64184042,,VASP,L12,4.3593701534446625
vasp-Ho3Pb1,Ho3Pb,Ho,Pb,3.0,1.0,4.5587504078186,-7.5880395375,,VASP,L12,4.5587504078186
vasp-Ho3Pd1,Ho3Pd,Ho,Pd,3.0,1.0,4.385448769939811,-7.9587764225,,VASP,L12,4.385448769939811
vasp-Ho3Pr1,Ho3Pr,Ho,Pr,3.0,1.0,4.027220621071805,,,VASP,L12,4.027220621071805
vasp-Ho3Pt1,Ho3Pt,Ho,Pt,3.0,1.0,4.605981351747055,-8.5011078475,,VASP,L12,4.605981351747055
vasp-Ho3Re1,Ho3Re,Ho,Re,3.0,1.0,4.374353800470707,-7.455604245,,VASP,L12,4.374353800470707
vasp-Ho3Rh1,Ho3Rh,Ho,Rh,3.0,1.0,4.096328758556505,-7.7559898875,,VASP,L12,4.096328758556505
vasp-Ho3Ru1,Ho3Ru,Ho,Ru,3.0,1.0,4.546681096151135,-8.0974617175,,VASP,L12,4.546681096151135
vasp-Ho3Sc1,Ho3Sc,Ho,Sc,3.0,1.0,4.149020586174388,-6.7231266625,,VASP,L12,4.149020586174388
vasp-Ho3Si1,Ho3Si,Ho,Si,3.0,1.0,4.1217170144462445,-7.560122605,,VASP,L12,4.1217170144462445
vasp-Ho3Sm1,Ho3Sm,Ho,Sm,3.0,1.0,4.2378017654651625,-6.64784367,,VASP,L12,4.2378017654651625
vasp-Ho3Sn1,Ho3Sn,Ho,Sn,3.0,1.0,4.777888319234295,-7.9277939675,,VASP,L12,4.777888319234295
vasp-Ho3Sr1,Ho3Sr,Ho,Sr,3.0,1.0,4.477239681261325,-4.6314337225,,VASP,L12,4.477239681261325
vasp-Ho3Ta1,Ho3Ta,Ho,Ta,3.0,1.0,4.167762198218652,-8.1086151375,,VASP,L12,4.167762198218652
vasp-Ho3Tb1,Ho3Tb,Ho,Tb,3.0,1.0,4.426146546199143,-8.3589832225,,VASP,L12,4.426146546199143
vasp-Ho3Tc1,Ho3Tc,Ho,Tc,3.0,1.0,5.212765376526684,-8.2087342,,VASP,L12,5.212765376526684
vasp-Ho3Ti1,Ho3Ti,Ho,Ti,3.0,1.0,4.000000003000715,-6.898096985,,VASP,L12,4.000000003000715
vasp-Ho3Tm1,Ho3Tm,Ho,Tm,3.0,1.0,6.08986465571417,-1.4675004675,,VASP,L12,6.08986465571417
vasp-Ho3V1,Ho3V,Ho,V,3.0,1.0,4.304174033192025,-6.7687287275,,VASP,L12,4.304174033192025
vasp-Ho3W1,Ho3W,Ho,W,3.0,1.0,4.1559506646541235,-8.462978735,,VASP,L12,4.1559506646541235
vasp-Ho3Y1,Ho3Y,Ho,Y,3.0,1.0,5.0089219656727835,-5.2101759525,,VASP,L12,5.0089219656727835
vasp-Ho3Zn1,Ho3Zn,Ho,Zn,3.0,1.0,4.033009579900306,-4.9479915025,,VASP,L12,4.033009579900306
vasp-Ho3Zr1,Ho3Zr,Ho,Zr,3.0,1.0,4.1668072445918565,-6.6057281975,,VASP,L12,4.1668072445918565
vasp-In3Ag1,In3Ag,In,Ag,3.0,1.0,4.568832941836043,-2.538999665,,VASP,L12,4.568832941836043
vasp-In3Al1,In3Al,In,Al,3.0,1.0,4.663857603738017,-2.7310637775,,VASP,L12,4.663857603738017
vasp-In3Au1,In3Au,In,Au,3.0,1.0,4.566313570042654,-2.7410140175,,VASP,L12,4.566313570042654
vasp-In3Ba1,In3Ba,In,Ba,3.0,1.0,5.027468787833215,-2.66196691,,VASP,L12,5.027468787833215
vasp-In3Ca1,In3Ca,In,Ca,3.0,1.0,4.73458134805053,-2.7363559575,,VASP,L12,4.73458134805053
vasp-In3Cd1,In3Cd,In,Cd,3.0,1.0,4.600302152858749,-1.9946467275,,VASP,L12,4.600302152858749
vasp-In3Ce1,In3Ce,In,Ce,3.0,1.0,4.671376925468932,-3.7681672925,,VASP,L12,4.671376925468932
vasp-In3Co1,In3Co,In,Co,3.0,1.0,4.323498527459363,-3.2833801625,,VASP,L12,4.323498527459363
vasp-In3Cr1,In3Cr,In,Cr,3.0,1.0,4.496845194732758,-4.0040988,,VASP,L12,4.496845194732758
vasp-In3Cu1,In3Cu,In,Cu,3.0,1.0,4.40500284230291,-2.6356640375,,VASP,L12,4.40500284230291
vasp-In3Dy1,In3Dy,In,Dy,3.0,1.0,4.851853405669475,-8.60286912,,VASP,L12,4.851853405669475
vasp-In3Er1,In3Er,In,Er,3.0,1.0,4.875985341207053,-6.5704277175,,VASP,L12,4.875985341207053
vasp-In3Eu1,In3Eu,In,Eu,3.0,1.0,4.111203982555409,-3.302902835,,VASP,L12,4.111203982555409
vasp-In3Fe1,In3Fe,In,Fe,3.0,1.0,4.29169141811796,-3.44605112,,VASP,L12,4.29169141811796
vasp-In3Ga1,In3Ga,In,Ga,3.0,1.0,4.680099746819648,-2.6267758225,,VASP,L12,4.680099746819648
vasp-In3Gd1,In3Gd,In,Gd,3.0,1.0,4.8856935992884445,-11.5009390325,,VASP,L12,4.8856935992884445
vasp-In3Ge1,In3Ge,In,Ge,3.0,1.0,4.653639008879962,-2.9355178625,,VASP,L12,4.653639008879962
vasp-In3Hf1,In3Hf,In,Hf,3.0,1.0,4.512152255844387,-4.4120148925,,VASP,L12,4.512152255844387
vasp-In3Hg1,In3Hg,In,Hg,3.0,1.0,4.744313344669464,-1.9329807975,,VASP,L12,4.744313344669464
vasp-In3Ho1,In3Ho,In,Ho,3.0,1.0,4.869109750219046,-7.4977979275,,VASP,L12,4.869109750219046
vasp-In3In1,In3In,In,In,3.0,1.0,4.799891218212165,-2.56854761,,VASP,L12,4.799891218212165
vasp-In3Ir1,In3Ir,In,Ir,3.0,1.0,4.346447545006719,-3.892303265,,VASP,L12,4.346447545006719
vasp-In3La1,In3La,In,La,3.0,1.0,4.78968084926796,-3.6196695825,,VASP,L12,4.78968084926796
vasp-In3Lu1,In3Lu,In,Lu,3.0,1.0,4.625142394268636,-3.3357516025,,VASP,L12,4.625142394268636
vasp-In3Mg1,In3Mg,In,Mg,3.0,1.0,4.678693953637762,-2.330202835,,VASP,L12,4.678693953637762
vasp-In3Mn1,In3Mn,In,Mn,3.0,1.0,4.46446620110168,-3.9267488225,,VASP,L12,4.46446620110168
vasp-In3Mo1,In3Mo,In,Mo,3.0,1.0,4.390319988025702,-4.185057075,,VASP,L12,4.390319988025702
vasp-In3Nb1,In3Nb,In,Nb,3.0,1.0,4.439715340532281,-4.1833695975,,VASP,L12,4.439715340532281
vasp-In3Nd1,In3Nd,In,Nd,3.0,1.0,4.852247997614254,-6.6766394625,,VASP,L12,4.852247997614254
vasp-In3Ni1,In3Ni,In,Ni,3.0,1.0,4.367508360555737,-3.0802682675,,VASP,L12,4.367508360555737
vasp-In3Os1,In3Os,In,Os,3.0,1.0,4.3130730686854735,-4.15844572,,VASP,L12,4.3130730686854735
vasp-In3Pb1,In3Pb,In,Pb,3.0,1.0,4.852809857572234,-2.80231863,,VASP,L12,4.852809857572234
vasp-In3Pd1,In3Pd,In,Pd,3.0,1.0,4.443574536090238,-3.3085049625,,VASP,L12,4.443574536090238
vasp-In3Pr1,In3Pr,In,Pr,3.0,1.0,4.702151827054788,-3.9937077475,,VASP,L12,4.702151827054788
vasp-In3Pt1,In3Pt,In,Pt,3.0,1.0,4.438713542097981,-3.48195617,,VASP,L12,4.438713542097981
vasp-In3Re1,In3Re,In,Re,3.0,1.0,4.330912930471571,-4.2976667125,,VASP,L12,4.330912930471571
vasp-In3Rh1,In3Rh,In,Rh,3.0,1.0,4.356940784903628,-3.67243773,,VASP,L12,4.356940784903628
vasp-In3Ru1,In3Ru,In,Ru,3.0,1.0,4.30763013200159,-3.91672119,,VASP,L12,4.30763013200159
vasp-In3Sc1,In3Sc,In,Sc,3.0,1.0,4.544787039498055,-3.756546245,,VASP,L12,4.544787039498055
vasp-In3Si1,In3Si,In,Si,3.0,1.0,4.602081341512799,-2.9991609375,,VASP,L12,4.602081341512799
vasp-In3Sm1,In3Sm,In,Sm,3.0,1.0,4.615248391794058,-3.56160217,,VASP,L12,4.615248391794058
vasp-In3Sn1,In3Sn,In,Sn,3.0,1.0,4.789580510208749,-2.86655264,,VASP,L12,4.789580510208749
vasp-In3Sr1,In3Sr,In,Sr,3.0,1.0,4.86131444764592,-2.634335405,,VASP,L12,4.86131444764592
vasp-In3Ta1,In3Ta,In,Ta,3.0,1.0,4.449411358581409,-4.4549332,,VASP,L12,4.449411358581409
vasp-In3Tb1,In3Tb,In,Tb,3.0,1.0,4.789372367243347,-9.9307069275,,VASP,L12,4.789372367243347
vasp-In3Tc1,In3Tc,In,Tc,3.0,1.0,4.320083049823367,-4.0469571375,,VASP,L12,4.320083049823367
vasp-In3Ti1,In3Ti,In,Ti,3.0,1.0,4.432833713305678,-3.8231022,,VASP,L12,4.432833713305678
vasp-In3Tm1,In3Tm,In,Tm,3.0,1.0,4.9297671049174845,-5.808901435,,VASP,L12,4.9297671049174845
vasp-In3V1,In3V,In,V,3.0,1.0,4.433010033314364,-3.87484818,,VASP,L12,4.433010033314364
vasp-In3W1,In3W,In,W,3.0,1.0,4.395487832619564,-4.41832105,,VASP,L12,4.395487832619564
vasp-In3Y1,In3Y,In,Y,3.0,1.0,4.6565195642360715,-3.933101175,,VASP,L12,4.6565195642360715
vasp-In3Zn1,In3Zn,In,Zn,3.0,1.0,4.56687383765119,-2.06247205,,VASP,L12,4.56687383765119
vasp-In3Zr1,In3Zr,In,Zr,3.0,1.0,4.520573456702546,-4.2041347575,,VASP,L12,4.520573456702546
vasp-Ir3Ag1,Ir3Ag,Ir,Ag,3.0,1.0,3.925706449035804,-6.8573813175,,VASP,L12,3.925706449035804
vasp-Ir3Al1,Ir3Al,Ir,Al,3.0,1.0,3.8586655360784365,-7.9134464825,,VASP,L12,3.8586655360784365
vasp-Ir3Au1,Ir3Au,Ir,Au,3.0,1.0,3.935799158224276,-7.04081104,,VASP,L12,3.935799158224276
vasp-Ir3Ba1,Ir3Ba,Ir,Ba,3.0,1.0,4.2555510052499175,-6.1857780775,,VASP,L12,4.2555510052499175
vasp-Ir3Ca1,Ir3Ca,Ir,Ca,3.0,1.0,4.01970662944184,-7.0556985325,,VASP,L12,4.01970662944184
vasp-Ir3Cd1,Ir3Cd,Ir,Cd,3.0,1.0,3.9729361572605124,-6.4833434175,,VASP,L12,3.9729361572605124
vasp-Ir3Ce1,Ir3Ce,Ir,Ce,3.0,1.0,4.077546193209206,-8.65746214,,VASP,L12,4.077546193209206
vasp-Ir3Co1,Ir3Co,Ir,Co,3.0,1.0,3.787578478311315,-8.3644607025,,VASP,L12,3.787578478311315
vasp-Ir3Cr1,Ir3Cr,Ir,Cr,3.0,1.0,3.806705625858223,-9.1856831375,,VASP,L12,3.806705625858223
vasp-Ir3Cu1,Ir3Cu,Ir,Cu,3.0,1.0,3.8315636684469174,-7.3682373075,,VASP,L12,3.8315636684469174
vasp-Ir3Dy1,Ir3Dy,Ir,Dy,3.0,1.0,4.028831632874418,-9.63800958,,VASP,L12,4.028831632874418
vasp-Ir3Er1,Ir3Er,Ir,Er,3.0,1.0,4.0,-8.8987961525,,VASP,L12,4.0
vasp-Ir3Eu1,Ir3Eu,Ir,Eu,3.0,1.0,4.077291439417708,-9.1906497375,,VASP,L12,4.077291439417708
vasp-Ir3Fe1,Ir3Fe,Ir,Fe,3.0,1.0,3.7856946496942303,-8.699321465,,VASP,L12,3.7856946496942303
vasp-Ir3Ga1,Ir3Ga,Ir,Ga,3.0,1.0,3.8767337875469554,-7.422309855,,VASP,L12,3.8767337875469554
vasp-Ir3Gd1,Ir3Gd,Ir,Gd,3.0,1.0,4.2344974299027385,-10.981476765,,VASP,L12,4.2344974299027385
vasp-Ir3Ge1,Ir3Ge,Ir,Ge,3.0,1.0,3.8846894363046482,-7.7185756025,,VASP,L12,3.8846894363046482
vasp-Ir3Hf1,Ir3Hf,Ir,Hf,3.0,1.0,3.95749595767649,-9.9529366225,,VASP,L12,3.95749595767649
vasp-Ir3Hg1,Ir3Hg,Ir,Hg,3.0,1.0,3.9905980486098844,-6.1116146325,,VASP,L12,3.9905980486098844
vasp-Ir3Ho1,Ir3Ho,Ir,Ho,3.0,1.0,3.705777007003123,-9.08431043,,VASP,L12,3.705777007003123
vasp-Ir3In1,Ir3In,Ir,In,3.0,1.0,3.9860044425692838,-7.13751419,,VASP,L12,3.9860044425692838
vasp-Ir3Ir1,Ir3Ir,Ir,Ir,3.0,1.0,3.8690146930775757,-8.8716179425,,VASP,L12,3.8690146930775757
vasp-Ir3La1,Ir3La,Ir,La,3.0,1.0,4.148222524127514,-7.9908801525,,VASP,L12,4.148222524127514
vasp-Ir3Lu1,Ir3Lu,Ir,Lu,3.0,1.0,4.018449352694,-8.2318148625,,VASP,L12,4.018449352694
vasp-Ir3Mg1,Ir3Mg,Ir,Mg,3.0,1.0,3.8953300632921137,-7.149235865,,VASP,L12,3.8953300632921137
vasp-Ir3Mn1,Ir3Mn,Ir,Mn,3.0,1.0,3.819753554840485,-9.061237265,,VASP,L12,3.819753554840485
vasp-Ir3Mo1,Ir3Mo,Ir,Mo,3.0,1.0,3.8830394482629904,-9.642038195,,VASP,L12,3.8830394482629904
vasp-Ir3Nb1,Ir3Nb,Ir,Nb,3.0,1.0,3.926782259518217,-9.7502886325,,VASP,L12,3.926782259518217
vasp-Ir3Nd1,Ir3Nd,Ir,Nd,3.0,1.0,4.042400378186268,-8.743447425,,VASP,L12,4.042400378186268
vasp-Ir3Ni1,Ir3Ni,Ir,Ni,3.0,1.0,3.8072383017379376,-7.93251281,,VASP,L12,3.8072383017379376
vasp-Ir3Os1,Ir3Os,Ir,Os,3.0,1.0,3.8647156477748745,-9.4139173275,,VASP,L12,3.8647156477748745
vasp-Ir3Pb1,Ir3Pb,Ir,Pb,3.0,1.0,4.044024428227642,-7.06899202,,VASP,L12,4.044024428227642
vasp-Ir3Pd1,Ir3Pd,Ir,Pd,3.0,1.0,3.8821007362490167,-7.7818078,,VASP,L12,3.8821007362490167
vasp-Ir3Pr1,Ir3Pr,Ir,Pr,3.0,1.0,4.045880116472933,-8.76929486,,VASP,L12,4.045880116472933
vasp-Ir3Pt1,Ir3Pt,Ir,Pt,3.0,1.0,3.8926074646926674,-8.0834741575,,VASP,L12,3.8926074646926674
vasp-Ir3Re1,Ir3Re,Ir,Re,3.0,1.0,3.874591178970701,-9.819402705,,VASP,L12,3.874591178970701
vasp-Ir3Rh1,Ir3Rh,Ir,Rh,3.0,1.0,3.8556911393506774,-8.4840076075,,VASP,L12,3.8556911393506774
vasp-Ir3Ru1,Ir3Ru,Ir,Ru,3.0,1.0,3.8523919264375217,-8.9752061325,,VASP,L12,3.8523919264375217
vasp-Ir3Sc1,Ir3Sc,Ir,Sc,3.0,1.0,3.941799401166828,-8.8054527725,,VASP,L12,3.941799401166828
vasp-Ir3Si1,Ir3Si,Ir,Si,3.0,1.0,3.8297650048738263,-8.1461619575,,VASP,L12,3.8297650048738263
vasp-Ir3Sm1,Ir3Sm,Ir,Sm,3.0,1.0,3.982642607751705,-8.7674581925,,VASP,L12,3.982642607751705
vasp-Ir3Sn1,Ir3Sn,Ir,Sn,3.0,1.0,3.982106601054486,-7.5522019,,VASP,L12,3.982106601054486
vasp-Ir3Sr1,Ir3Sr,Ir,Sr,3.0,1.0,4.127078378877104,-6.569982405,,VASP,L12,4.127078378877104
vasp-Ir3Ta1,Ir3Ta,Ir,Ta,3.0,1.0,3.917495634817307,-10.2990715425,,VASP,L12,3.917495634817307
vasp-Ir3Tb1,Ir3Tb,Ir,Tb,3.0,1.0,3.9362520864889303,-9.4625781625,,VASP,L12,3.9362520864889303
vasp-Ir3Tc1,Ir3Tc,Ir,Tc,3.0,1.0,3.862563459237998,-9.3496298975,,VASP,L12,3.862563459237998
vasp-Ir3Ti1,Ir3Ti,Ir,Ti,3.0,1.0,3.8712666870848143,-9.2895619425,,VASP,L12,3.8712666870848143
vasp-Ir3Tm1,Ir3Tm,Ir,Tm,3.0,1.0,4.0170306311482555,-8.6619546,,VASP,L12,4.0170306311482555
vasp-Ir3V1,Ir3V,Ir,V,3.0,1.0,3.8302241662617065,-9.3523024575,,VASP,L12,3.8302241662617065
vasp-Ir3W1,Ir3W,Ir,W,3.0,1.0,3.88909902584359,-10.17128429,,VASP,L12,3.88909902584359
vasp-Ir3Y1,Ir3Y,Ir,Y,3.0,1.0,4.049410176891668,-8.64698525,,VASP,L12,4.049410176891668
vasp-Ir3Zn1,Ir3Zn,Ir,Zn,3.0,1.0,3.866215103535146,-6.851608925,,VASP,L12,3.866215103535146
vasp-Ir3Zr1,Ir3Zr,Ir,Zr,3.0,1.0,3.97379013905818,-9.5171137825,,VASP,L12,3.97379013905818
vasp-La3Ag1,La3Ag,La,Ag,3.0,1.0,4.866979479983479,-4.20850241,,VASP,L12,4.866979479983479
vasp-La3Al1,La3Al,La,Al,3.0,1.0,4.973235571368961,-4.74968233,,VASP,L12,4.973235571368961
vasp-La3Au1,La3Au,La,Au,3.0,1.0,4.886633566375095,-4.6441446325,,VASP,L12,4.886633566375095
vasp-La3Ba1,La3Ba,La,Ba,3.0,1.0,5.3488615866939675,-3.8936606,,VASP,L12,5.3488615866939675
vasp-La3Ca1,La3Ca,La,Ca,3.0,1.0,5.257347477606172,-4.015367045,,VASP,L12,5.257347477606172
vasp-La3Cd1,La3Cd,La,Cd,3.0,1.0,4.786541829205542,-3.660257885,,VASP,L12,4.786541829205542
vasp-La3Ce1,La3Ce,La,Ce,3.0,1.0,4.957479786812343,-4.8801293475,,VASP,L12,4.957479786812343
vasp-La3Co1,La3Co,La,Co,3.0,1.0,4.709572443563425,-4.97112765,,VASP,L12,4.709572443563425
vasp-La3Cr1,La3Cr,La,Cr,3.0,1.0,4.8063078958396535,-5.36281712,,VASP,L12,4.8063078958396535
vasp-La3Cu1,La3Cu,La,Cu,3.0,1.0,4.647465458852098,-4.1661892625,,VASP,L12,4.647465458852098
vasp-La3Dy1,La3Dy,La,Dy,3.0,1.0,4.065250056133427,-3.3143886,,VASP,L12,4.065250056133427
vasp-La3Er1,La3Er,La,Er,3.0,1.0,4.5059291127155205,-2.927703905,,VASP,L12,4.5059291127155205
vasp-La3Eu1,La3Eu,La,Eu,3.0,1.0,4.6237513828346355,-4.1872170425,,VASP,L12,4.6237513828346355
vasp-La3Fe1,La3Fe,La,Fe,3.0,1.0,4.696787510398876,-5.143376815,,VASP,L12,4.696787510398876
vasp-La3Ga1,La3Ga,La,Ga,3.0,1.0,4.936483310508902,-4.6205974625,,VASP,L12,4.936483310508902
vasp-La3Gd1,La3Gd,La,Gd,3.0,1.0,4.701385836013928,-4.3853800775,,VASP,L12,4.701385836013928
vasp-La3Ge1,La3Ge,La,Ge,3.0,1.0,4.891611404289659,-5.145158505,,VASP,L12,4.891611404289659
vasp-La3Hf1,La3Hf,La,Hf,3.0,1.0,5.010369904871782,-5.9097301375,,VASP,L12,5.010369904871782
vasp-La3Hg1,La3Hg,La,Hg,3.0,1.0,4.933417989529262,-3.82131518,,VASP,L12,4.933417989529262
vasp-La3Ho1,La3Ho,La,Ho,3.0,1.0,4.1817989524502375,-3.1048227725,,VASP,L12,4.1817989524502375
vasp-La3In1,La3In,La,In,3.0,1.0,5.061261052867735,-4.56483031,,VASP,L12,5.061261052867735
vasp-La3Ir1,La3Ir,La,Ir,3.0,1.0,4.8022801967746025,-5.88182063,,VASP,L12,4.8022801967746025
vasp-La3La1,La3La,La,La,3.0,1.0,5.207554496455556,-4.8085339075,,VASP,L12,5.207554496455556
vasp-La3Lu1,La3Lu,La,Lu,3.0,1.0,5.06326574344435,-4.647979325,,VASP,L12,5.06326574344435
vasp-La3Mg1,La3Mg,La,Mg,3.0,1.0,5.097557348533039,-4.031609915,,VASP,L12,5.097557348533039
vasp-La3Mn1,La3Mn,La,Mn,3.0,1.0,4.692331923135118,-5.26011732,,VASP,L12,4.692331923135118
vasp-La3Mo1,La3Mo,La,Mo,3.0,1.0,4.823330752264786,-5.87558211,,VASP,L12,4.823330752264786
vasp-La3Nb1,La3Nb,La,Nb,3.0,1.0,4.9253069858687475,-5.77714232,,VASP,L12,4.9253069858687475
vasp-La3Nd1,La3Nd,La,Nd,3.0,1.0,4.7054904753215725,-3.0987450625,,VASP,L12,4.7054904753215725
vasp-La3Ni1,La3Ni,La,Ni,3.0,1.0,4.730037090301869,-4.7286802975,,VASP,L12,4.730037090301869
vasp-La3Os1,La3Os,La,Os,3.0,1.0,4.762715397482096,-6.1489408325,,VASP,L12,4.762715397482096
vasp-La3Pb1,La3Pb,La,Pb,3.0,1.0,5.071779384032332,-4.8912646125,,VASP,L12,5.071779384032332
vasp-La3Pd1,La3Pd,La,Pd,3.0,1.0,4.814830031657185,-4.9894676525,,VASP,L12,4.814830031657185
vasp-La3Pr1,La3Pr,La,Pr,3.0,1.0,4.679869540014881,-2.8951897575,,VASP,L12,4.679869540014881
vasp-La3Pt1,La3Pt,La,Pt,3.0,1.0,4.828199675257417,-5.4206736525,,VASP,L12,4.828199675257417
vasp-La3Re1,La3Re,La,Re,3.0,1.0,4.764773804786584,-6.2810433825,,VASP,L12,4.764773804786584
vasp-La3Rh1,La3Rh,La,Rh,3.0,1.0,4.817237416781171,-5.454322255,,VASP,L12,4.817237416781171
vasp-La3Ru1,La3Ru,La,Ru,3.0,1.0,4.791323995409492,-5.7211863275,,VASP,L12,4.791323995409492
vasp-La3Sc1,La3Sc,La,Sc,3.0,1.0,5.0305091323252915,-5.0979430025,,VASP,L12,5.0305091323252915
vasp-La3Si1,La3Si,La,Si,3.0,1.0,4.858785620874877,-5.2737867975,,VASP,L12,4.858785620874877
vasp-La3Sm1,La3Sm,La,Sm,3.0,1.0,5.092443772477248,-5.328559885,,VASP,L12,5.092443772477248
vasp-La3Sn1,La3Sn,La,Sn,3.0,1.0,5.031827703844978,-5.06622526,,VASP,L12,5.031827703844978
vasp-La3Sr1,La3Sr,La,Sr,3.0,1.0,5.3101620275278725,-3.84399225,,VASP,L12,5.3101620275278725
vasp-La3Ta1,La3Ta,La,Ta,3.0,1.0,4.896285028799756,-6.1415083025,,VASP,L12,4.896285028799756
vasp-La3Tb1,La3Tb,La,Tb,3.0,1.0,5.051232703596146,-3.1341830025,,VASP,L12,5.051232703596146
vasp-La3Tc1,La3Tc,La,Tc,3.0,1.0,4.772898277648108,-5.86675166,,VASP,L12,4.772898277648108
vasp-La3Ti1,La3Ti,La,Ti,3.0,1.0,4.963271636701653,-5.3176660425,,VASP,L12,4.963271636701653
vasp-La3Tm1,La3Tm,La,Tm,3.0,1.0,4.63624736007109,-2.8390246825,,VASP,L12,4.63624736007109
vasp-La3V1,La3V,La,V,3.0,1.0,4.879666122231793,-5.3717307075,,VASP,L12,4.879666122231793
vasp-La3W1,La3W,La,W,3.0,1.0,4.818495115958912,-6.26147519,,VASP,L12,4.818495115958912
vasp-La3Y1,La3Y,La,Y,3.0,1.0,5.187182365445696,-5.19095219,,VASP,L12,5.187182365445696
vasp-La3Zn1,La3Zn,La,Zn,3.0,1.0,4.787295891917545,-3.84659279,,VASP,L12,4.787295891917545
vasp-La3Zr1,La3Zr,La,Zr,3.0,1.0,4.964008349332223,-5.54617531,,VASP,L12,4.964008349332223
vasp-Lu3Ag1,Lu3Ag,Lu,Ag,3.0,1.0,4.619304044619565,-3.9833450775,,VASP,L12,4.619304044619565
vasp-Lu3Al1,Lu3Al,Lu,Al,3.0,1.0,4.625437297259824,-4.471501375,,VASP,L12,4.625437297259824
vasp-Lu3Au1,Lu3Au,Lu,Au,3.0,1.0,4.593216290666143,-4.4008473825,,VASP,L12,4.593216290666143
vasp-Lu3Ba1,Lu3Ba,Lu,Ba,3.0,1.0,4.952008829392474,-3.3499803325,,VASP,L12,4.952008829392474
vasp-Lu3Ca1,Lu3Ca,Lu,Ca,3.0,1.0,4.867235397054095,-3.5750942075,,VASP,L12,4.867235397054095
vasp-Lu3Cd1,Lu3Cd,Lu,Cd,3.0,1.0,4.613883137185203,-3.5119859625,,VASP,L12,4.613883137185203
vasp-Lu3Ce1,Lu3Ce,Lu,Ce,3.0,1.0,4.719662179635155,,,VASP,L12,4.719662179635155
vasp-Lu3Co1,Lu3Co,Lu,Co,3.0,1.0,4.473470745579289,-4.89332344,,VASP,L12,4.473470745579289
vasp-Lu3Cr1,Lu3Cr,Lu,Cr,3.0,1.0,4.5295283683627625,-5.22674852,,VASP,L12,4.5295283683627625
vasp-Lu3Cu1,Lu3Cu,Lu,Cu,3.0,1.0,4.467990087475813,-4.077901275,,VASP,L12,4.467990087475813
vasp-Lu3Dy1,Lu3Dy,Lu,Dy,3.0,1.0,4.565339711726364,-3.3517941875,,VASP,L12,4.565339711726364
vasp-Lu3Er1,Lu3Er,Lu,Er,3.0,1.0,4.122824733094344,-3.397187285,,VASP,L12,4.122824733094344
vasp-Lu3Eu1,Lu3Eu,Lu,Eu,3.0,1.0,5.144499774496772,-3.9528272075,,VASP,L12,5.144499774496772
vasp-Lu3Fe1,Lu3Fe,Lu,Fe,3.0,1.0,4.465542207957971,-5.0588640875,,VASP,L12,4.465542207957971
vasp-Lu3Ga1,Lu3Ga,Lu,Ga,3.0,1.0,4.602014800478509,-4.3017804825,,VASP,L12,4.602014800478509
vasp-Lu3Gd1,Lu3Gd,Lu,Gd,3.0,1.0,4.567781092020102,-5.897589515,,VASP,L12,4.567781092020102
vasp-Lu3Ge1,Lu3Ge,Lu,Ge,3.0,1.0,4.560547849360826,-4.7561511575,,VASP,L12,4.560547849360826
vasp-Lu3Hf1,Lu3Hf,Lu,Hf,3.0,1.0,4.701580383223799,-5.70258878,,VASP,L12,4.701580383223799
vasp-Lu3Hg1,Lu3Hg,Lu,Hg,3.0,1.0,4.670340191749231,-3.51177881,,VASP,L12,4.670340191749231
vasp-Lu3Ho1,Lu3Ho,Lu,Ho,3.0,1.0,6.419872168574118,12.1712315325,,VASP,L12,6.419872168574118
vasp-Lu3In1,Lu3In,Lu,In,3.0,1.0,4.710634727515382,-4.2033763525,,VASP,L12,4.710634727515382
vasp-Lu3Ir1,Lu3Ir,Lu,Ir,3.0,1.0,4.500548654977582,-5.8038409775,,VASP,L12,4.500548654977582
vasp-Lu3La1,Lu3La,Lu,La,3.0,1.0,4.875843966729226,-4.4277709175,,VASP,L12,4.875843966729226
vasp-Lu3Lu1,Lu3Lu,Lu,Lu,3.0,1.0,4.785388838889292,-4.3765987875,,VASP,L12,4.785388838889292
vasp-Lu3Mg1,Lu3Mg,Lu,Mg,3.0,1.0,4.748068599499986,-3.6613238975,,VASP,L12,4.748068599499986
vasp-Lu3Mn1,Lu3Mn,Lu,Mn,3.0,1.0,4.480817509370128,-5.1568481925,,VASP,L12,4.480817509370128
vasp-Lu3Mo1,Lu3Mo,Lu,Mo,3.0,1.0,4.565233245690411,-5.7825300225,,VASP,L12,4.565233245690411
vasp-Lu3Nb1,Lu3Nb,Lu,Nb,3.0,1.0,4.632339650327959,-5.65043641,,VASP,L12,4.632339650327959
vasp-Lu3Nd1,Lu3Nd,Lu,Nd,3.0,1.0,4.5301952910895,-4.91641505,,VASP,L12,4.5301952910895
vasp-Lu3Ni1,Lu3Ni,Lu,Ni,3.0,1.0,4.485772884608036,-4.623630505,,VASP,L12,4.485772884608036
vasp-Lu3Os1,Lu3Os,Lu,Os,3.0,1.0,4.487707037007013,-6.086492095,,VASP,L12,4.487707037007013
vasp-Lu3Pb1,Lu3Pb,Lu,Pb,3.0,1.0,4.736764382331866,-4.4062579875,,VASP,L12,4.736764382331866
vasp-Lu3Pd1,Lu3Pd,Lu,Pd,3.0,1.0,4.55732800052378,-4.863614735,,VASP,L12,4.55732800052378
vasp-Lu3Pr1,Lu3Pr,Lu,Pr,3.0,1.0,4.210772678302036,-3.9613104225,,VASP,L12,4.210772678302036
vasp-Lu3Pt1,Lu3Pt,Lu,Pt,3.0,1.0,4.528391832228596,-5.2934057625,,VASP,L12,4.528391832228596
vasp-Lu3Re1,Lu3Re,Lu,Re,3.0,1.0,4.506606088880064,-6.173593065,,VASP,L12,4.506606088880064
vasp-Lu3Rh1,Lu3Rh,Lu,Rh,3.0,1.0,4.5321001465289426,-5.3608175125,,VASP,L12,4.5321001465289426
vasp-Lu3Ru1,Lu3Ru,Lu,Ru,3.0,1.0,4.509230589588098,-5.6363090375,,VASP,L12,4.509230589588098
vasp-Lu3Sc1,Lu3Sc,Lu,Sc,3.0,1.0,4.747485126874615,-4.822800285,,VASP,L12,4.747485126874615
vasp-Lu3Si1,Lu3Si,Lu,Si,3.0,1.0,4.517347201237171,-4.9392504325,,VASP,L12,4.517347201237171
vasp-Lu3Sm1,Lu3Sm,Lu,Sm,3.0,1.0,4.540977689547358,-4.861939345,,VASP,L12,4.540977689547358
vasp-Lu3Sn1,Lu3Sn,Lu,Sn,3.0,1.0,4.687855963914801,-4.64806139,,VASP,L12,4.687855963914801
vasp-Lu3Sr1,Lu3Sr,Lu,Sr,3.0,1.0,4.918396565910108,-3.3579635625,,VASP,L12,4.918396565910108
vasp-Lu3Ta1,Lu3Ta,Lu,Ta,3.0,1.0,4.6187443522325,-6.0261800625,,VASP,L12,4.6187443522325
vasp-Lu3Tb1,Lu3Tb,Lu,Tb,3.0,1.0,5.182380922614829,-4.7188657525,,VASP,L12,5.182380922614829
vasp-Lu3Tc1,Lu3Tc,Lu,Tc,3.0,1.0,4.524697353847284,-5.7476562,,VASP,L12,4.524697353847284
vasp-Lu3Ti1,Lu3Ti,Lu,Ti,3.0,1.0,4.643363285457888,-5.1050140525,,VASP,L12,4.643363285457888
vasp-Lu3Tm1,Lu3Tm,Lu,Tm,3.0,1.0,4.203525792330283,-3.2201296,,VASP,L12,4.203525792330283
vasp-Lu3V1,Lu3V,Lu,V,3.0,1.0,4.5751360051584165,-5.21362811,,VASP,L12,4.5751360051584165
vasp-Lu3W1,Lu3W,Lu,W,3.0,1.0,4.557208232562493,-6.1898597625,,VASP,L12,4.557208232562493
vasp-Lu3Y1,Lu3Y,Lu,Y,3.0,1.0,4.828133926161109,-4.8528853825,,VASP,L12,4.828133926161109
vasp-Lu3Zn1,Lu3Zn,Lu,Zn,3.0,1.0,4.56617954778124,-3.6223019175,,VASP,L12,4.56617954778124
vasp-Lu3Zr1,Lu3Zr,Lu,Zr,3.0,1.0,4.7128498455915215,-5.3739622325,,VASP,L12,4.7128498455915215
vasp-Mg3Ag1,Mg3Ag,Mg,Ag,3.0,1.0,4.320000213333037,-1.9031251675,,VASP,L12,4.320000213333037
vasp-Mg3Al1,Mg3Al,Mg,Al,3.0,1.0,4.375452770015608,-2.0626679725,,VASP,L12,4.375452770015608
vasp-Mg3Au1,Mg3Au,Mg,Au,3.0,1.0,4.261072276558795,-2.26501239,,VASP,L12,4.261072276558795
vasp-Mg3Ba1,Mg3Ba,Mg,Ba,3.0,1.0,5.103251489949943,-1.5013567925,,VASP,L12,5.103251489949943
vasp-Mg3Ca1,Mg3Ca,Mg,Ca,3.0,1.0,4.767697154139907,-1.6340552,,VASP,L12,4.767697154139907
vasp-Mg3Cd1,Mg3Cd,Mg,Cd,3.0,1.0,4.411702609106164,-1.3602284775,,VASP,L12,4.411702609106164
vasp-Mg3Ce1,Mg3Ce,Mg,Ce,3.0,1.0,4.759942491098345,-1.5351908825,,VASP,L12,4.759942491098345
vasp-Mg3Co1,Mg3Co,Mg,Co,3.0,1.0,4.115386445732951,-2.6951606725,,VASP,L12,4.115386445732951
vasp-Mg3Cr1,Mg3Cr,Mg,Cr,3.0,1.0,4.170578427572164,-2.99552151,,VASP,L12,4.170578427572164
vasp-Mg3Cu1,Mg3Cu,Mg,Cu,3.0,1.0,4.198882855652398,-2.0288858675,,VASP,L12,4.198882855652398
vasp-Mg3Dy1,Mg3Dy,Mg,Dy,3.0,1.0,3.999999999931905,-2.0906163975,,VASP,L12,3.999999999931905
vasp-Mg3Er1,Mg3Er,Mg,Er,3.0,1.0,4.232055049690466,-2.1583863075,,VASP,L12,4.232055049690466
vasp-Mg3Eu1,Mg3Eu,Mg,Eu,3.0,1.0,5.08531226781204,-1.6313723625,,VASP,L12,5.08531226781204
vasp-Mg3Fe1,Mg3Fe,Mg,Fe,3.0,1.0,4.185629507086199,-2.9845123225,,VASP,L12,4.185629507086199
vasp-Mg3Ga1,Mg3Ga,Mg,Ga,3.0,1.0,4.353712833603005,-1.9371285975,,VASP,L12,4.353712833603005
vasp-Mg3Gd1,Mg3Gd,Mg,Gd,3.0,1.0,4.0,-3.7693269725,,VASP,L12,4.0
vasp-Mg3Ge1,Mg3Ge,Mg,Ge,3.0,1.0,4.328312779001924,-2.35021167,,VASP,L12,4.328312779001924
vasp-Mg3Hf1,Mg3Hf,Mg,Hf,3.0,1.0,4.429686033289333,-3.469169865,,VASP,L12,4.429686033289333
vasp-Mg3Hg1,Mg3Hg,Mg,Hg,3.0,1.0,4.405737294726758,-1.3054544825,,VASP,L12,4.405737294726758
vasp-Mg3Ho1,Mg3Ho,Mg,Ho,3.0,1.0,4.689568296620594,-3.3486666175,,VASP,L12,4.689568296620594
vasp-Mg3In1,Mg3In,Mg,In,3.0,1.0,4.5103407019095245,-1.8402478225,,VASP,L12,4.5103407019095245
vasp-Mg3Ir1,Mg3Ir,Mg,Ir,3.0,1.0,4.1131731526812825,-3.543089515,,VASP,L12,4.1131731526812825
vasp-Mg3La1,Mg3La,Mg,La,3.0,1.0,4.822137130244162,-2.37777961,,VASP,L12,4.822137130244162
vasp-Mg3Lu1,Mg3Lu,Mg,Lu,3.0,1.0,4.603186367944172,-2.26389295,,VASP,L12,4.603186367944172
vasp-Mg3Mg1,Mg3Mg,Mg,Mg,3.0,1.0,4.516339479715067,-1.48744328,,VASP,L12,4.516339479715067
vasp-Mg3Mn1,Mg3Mn,Mg,Mn,3.0,1.0,4.284764407840668,-3.1951108625,,VASP,L12,4.284764407840668
vasp-Mg3Mo1,Mg3Mo,Mg,Mo,3.0,1.0,4.196336241849607,-3.5470319025,,VASP,L12,4.196336241849607
vasp-Mg3Nb1,Mg3Nb,Mg,Nb,3.0,1.0,4.302207193761731,-3.4357304325,,VASP,L12,4.302207193761731
vasp-Mg3Nd1,Mg3Nd,Mg,Nd,3.0,1.0,4.7666270595558995,-3.03096622,,VASP,L12,4.7666270595558995
vasp-Mg3Ni1,Mg3Ni,Mg,Ni,3.0,1.0,4.140993614991724,-2.5119434425,,VASP,L12,4.140993614991724
vasp-Mg3Os1,Mg3Os,Mg,Os,3.0,1.0,4.1140311876784414,-3.7103462075,,VASP,L12,4.1140311876784414
vasp-Mg3Pb1,Mg3Pb,Mg,Pb,3.0,1.0,4.592234025020504,-2.0673838075,,VASP,L12,4.592234025020504
vasp-Mg3Pd1,Mg3Pd,Mg,Pd,3.0,1.0,4.201000676383713,-2.80559067,,VASP,L12,4.201000676383713
vasp-Mg3Pr1,Mg3Pr,Mg,Pr,3.0,1.0,4.732661867462378,-2.7194799175,,VASP,L12,4.732661867462378
vasp-Mg3Pt1,Mg3Pt,Mg,Pt,3.0,1.0,4.157312095323896,-3.142505005,,VASP,L12,4.157312095323896
vasp-Mg3Re1,Mg3Re,Mg,Re,3.0,1.0,4.0,,,VASP,L12,4.0
vasp-Mg3Rh1,Mg3Rh,Mg,Rh,3.0,1.0,4.138471532648665,-3.1901680975,,VASP,L12,4.138471532648665
vasp-Mg3Ru1,Mg3Ru,Mg,Ru,3.0,1.0,4.130512847879997,-3.3676217475,,VASP,L12,4.130512847879997
vasp-Mg3Sc1,Mg3Sc,Mg,Sc,3.0,1.0,4.513496436290276,-2.715605095,,VASP,L12,4.513496436290276
vasp-Mg3Si1,Mg3Si,Mg,Si,3.0,1.0,4.258246070938198,-2.4828576725,,VASP,L12,4.258246070938198
vasp-Mg3Sm1,Mg3Sm,Mg,Sm,3.0,1.0,4.324116189387212,-2.9156515625,,VASP,L12,4.324116189387212
vasp-Mg3Sn1,Mg3Sn,Mg,Sn,3.0,1.0,4.498491901504554,-2.2193321675,,VASP,L12,4.498491901504554
vasp-Mg3Sr1,Mg3Sr,Mg,Sr,3.0,1.0,4.9391993569738695,-1.4899175075,,VASP,L12,4.9391993569738695
vasp-Mg3Ta1,Mg3Ta,Mg,Ta,3.0,1.0,4.291010191911855,-3.73233777,,VASP,L12,4.291010191911855
vasp-Mg3Tb1,Mg3Tb,Mg,Tb,3.0,1.0,4.5755342324829895,-23010037.126010366,,VASP,L12,4.5755342324829895
vasp-Mg3Tc1,Mg3Tc,Mg,Tc,3.0,1.0,4.162527521325959,-3.4899812275,,VASP,L12,4.162527521325959
vasp-Mg3Ti1,Mg3Ti,Mg,Ti,3.0,1.0,4.362695868851101,-2.9248269625,,VASP,L12,4.362695868851101
vasp-Mg3Tm1,Mg3Tm,Mg,Tm,3.0,1.0,4.019047645444573,-2.00137424,,VASP,L12,4.019047645444573
vasp-Mg3V1,Mg3V,Mg,V,3.0,1.0,4.318428336530096,-3.036118235,,VASP,L12,4.318428336530096
vasp-Mg3W1,Mg3W,Mg,W,3.0,1.0,4.188930133284217,-3.8487410175,,VASP,L12,4.188930133284217
vasp-Mg3Y1,Mg3Y,Mg,Y,3.0,1.0,4.664016619423135,-2.7962672825,,VASP,L12,4.664016619423135
vasp-Mg3Zn1,Mg3Zn,Mg,Zn,3.0,1.0,4.321243693655178,-1.42192052,,VASP,L12,4.321243693655178
vasp-Mg3Zr1,Mg3Zr,Mg,Zr,3.0,1.0,4.457985844899639,-3.2102556775,,VASP,L12,4.457985844899639
vasp-Mn3Ag1,Mn3Ag,Mn,Ag,3.0,1.0,3.6546054131482277,-6.7922819,,VASP,L12,3.6546054131482277
vasp-Mn3Al1,Mn3Al,Mn,Al,3.0,1.0,3.637063174563337,-7.68541298,,VASP,L12,3.637063174563337
vasp-Mn3Au1,Mn3Au,Mn,Au,3.0,1.0,3.664835443227195,-7.1925330075,,VASP,L12,3.664835443227195
vasp-Mn3Ba1,Mn3Ba,Mn,Ba,3.0,1.0,4.333327303614614,-6.180896275,,VASP,L12,4.333327303614614
vasp-Mn3Ca1,Mn3Ca,Mn,Ca,3.0,1.0,4.1489927197114715,-6.5467456175,,VASP,L12,4.1489927197114715
vasp-Mn3Cd1,Mn3Cd,Mn,Cd,3.0,1.0,4.00040475533463,-6.4774490725,,VASP,L12,4.00040475533463
vasp-Mn3Ce1,Mn3Ce,Mn,Ce,3.0,1.0,4.04891148708609,-7.933900285,,VASP,L12,4.04891148708609
vasp-Mn3Co1,Mn3Co,Mn,Co,3.0,1.0,3.475711634300749,-8.4633028475,,VASP,L12,3.475711634300749
vasp-Mn3Cr1,Mn3Cr,Mn,Cr,3.0,1.0,3.520132993206709,-8.9858814425,,VASP,L12,3.520132993206709
vasp-Mn3Cu1,Mn3Cu,Mn,Cu,3.0,1.0,3.5186132508643233,-7.396918845,,VASP,L12,3.5186132508643233
vasp-Mn3Dy1,Mn3Dy,Mn,Dy,3.0,1.0,4.000000005326826,-8.1927774375,,VASP,L12,4.000000005326826
vasp-Mn3Er1,Mn3Er,Mn,Er,3.0,1.0,3.880116716665713,-7.9370819225,,VASP,L12,3.880116716665713
vasp-Mn3Eu1,Mn3Eu,Mn,Eu,3.0,1.0,4.0,-7.352261395,,VASP,L12,4.0
vasp-Mn3Fe1,Mn3Fe,Mn,Fe,3.0,1.0,3.4804261745264378,-8.7280480675,,VASP,L12,3.4804261745264378
vasp-Mn3Ga1,Mn3Ga,Mn,Ga,3.0,1.0,3.645578052310584,-7.42017326,,VASP,L12,3.645578052310584
vasp-Mn3Gd1,Mn3Gd,Mn,Gd,3.0,1.0,4.016058869702069,-7.7866421075,,VASP,L12,4.016058869702069
vasp-Mn3Ge1,Mn3Ge,Mn,Ge,3.0,1.0,3.6436226645678165,-7.890368725,,VASP,L12,3.6436226645678165
vasp-Mn3Hf1,Mn3Hf,Mn,Hf,3.0,1.0,3.9196743444685755,-9.098354945,,VASP,L12,3.9196743444685755
vasp-Mn3Hg1,Mn3Hg,Mn,Hg,3.0,1.0,4.0,-6.3481521825,,VASP,L12,4.0
vasp-Mn3Ho1,Mn3Ho,Mn,Ho,3.0,1.0,3.675655712385785,-8.3153707375,,VASP,L12,3.675655712385785
vasp-Mn3In1,Mn3In,Mn,In,3.0,1.0,3.9843388544443505,-7.05692066,,VASP,L12,3.9843388544443505
vasp-Mn3Ir1,Mn3Ir,Mn,Ir,3.0,1.0,3.6057601111019344,-8.9959500425,,VASP,L12,3.6057601111019344
vasp-Mn3La1,Mn3La,Mn,La,3.0,1.0,4.162931185886455,-7.4783587525,,VASP,L12,4.162931185886455
vasp-Mn3Lu1,Mn3Lu,Mn,Lu,3.0,1.0,4.053034026435464,-7.56229807,,VASP,L12,4.053034026435464
vasp-Mn3Mg1,Mn3Mg,Mn,Mg,3.0,1.0,3.968932162302621,-6.67474952,,VASP,L12,3.968932162302621
vasp-Mn3Mn1,Mn3Mn,Mn,Mn,3.0,1.0,3.493452710176803,-8.9155690475,,VASP,L12,3.493452710176803
vasp-Mn3Mo1,Mn3Mo,Mn,Mo,3.0,1.0,3.651447004010795,-9.2939014975,,VASP,L12,3.651447004010795
vasp-Mn3Nb1,Mn3Nb,Mn,Nb,3.0,1.0,3.769676958597544,-9.0917737675,,VASP,L12,3.769676958597544
vasp-Mn3Nd1,Mn3Nd,Mn,Nd,3.0,1.0,3.7438753280940507,-8.3603617,,VASP,L12,3.7438753280940507
vasp-Mn3Ni1,Mn3Ni,Mn,Ni,3.0,1.0,3.4869592403782015,-8.066431575,,VASP,L12,3.4869592403782015
vasp-Mn3Os1,Mn3Os,Mn,Os,3.0,1.0,3.6093589498601615,-9.4911812825,,VASP,L12,3.6093589498601615
vasp-Mn3Pb1,Mn3Pb,Mn,Pb,3.0,1.0,4.005651130564518,-7.15410631,,VASP,L12,4.005651130564518
vasp-Mn3Pd1,Mn3Pd,Mn,Pd,3.0,1.0,3.8914173819866282,-7.810520055,,VASP,L12,3.8914173819866282
vasp-Mn3Pr1,Mn3Pr,Mn,Pr,3.0,1.0,3.7688268794690587,-7.8638428375,,VASP,L12,3.7688268794690587
vasp-Mn3Pt1,Mn3Pt,Mn,Pt,3.0,1.0,3.919565554980347,-7.167306195,,VASP,L12,3.919565554980347
vasp-Mn3Re1,Mn3Re,Mn,Re,3.0,1.0,3.6240890887342783,-9.7693225525,,VASP,L12,3.6240890887342783
vasp-Mn3Rh1,Mn3Rh,Mn,Rh,3.0,1.0,3.587892507470067,-8.505521125,,VASP,L12,3.587892507470067
vasp-Mn3Ru1,Mn3Ru,Mn,Ru,3.0,1.0,3.5856400355527076,-8.93822566,,VASP,L12,3.5856400355527076
vasp-Mn3Sc1,Mn3Sc,Mn,Sc,3.0,1.0,3.9694470370402732,-8.0584794675,,VASP,L12,3.9694470370402732
vasp-Mn3Si1,Mn3Si,Mn,Si,3.0,1.0,3.576969434123722,-8.30233702,,VASP,L12,3.576969434123722
vasp-Mn3Sm1,Mn3Sm,Mn,Sm,3.0,1.0,3.8962635577363685,-7.80380765,,VASP,L12,3.8962635577363685
vasp-Mn3Sn1,Mn3Sn,Mn,Sn,3.0,1.0,3.9172944642760736,-7.50476598,,VASP,L12,3.9172944642760736
vasp-Mn3Sr1,Mn3Sr,Mn,Sr,3.0,1.0,4.275584523937954,-6.264648155,,VASP,L12,4.275584523937954
vasp-Mn3Ta1,Mn3Ta,Mn,Ta,3.0,1.0,3.7560481456493755,-9.59622386,,VASP,L12,3.7560481456493755
vasp-Mn3Tb1,Mn3Tb,Mn,Tb,3.0,1.0,4.094736459269241,-9.4286688025,,VASP,L12,4.094736459269241
vasp-Mn3Tc1,Mn3Tc,Mn,Tc,3.0,1.0,3.606785501723715,-9.2361165875,,VASP,L12,3.606785501723715
vasp-Mn3Ti1,Mn3Ti,Mn,Ti,3.0,1.0,3.7217731640555214,-8.5967979325,,VASP,L12,3.7217731640555214
vasp-Mn3Tm1,Mn3Tm,Mn,Tm,3.0,1.0,4.054504441597858,-8.111826365,,VASP,L12,4.054504441597858
vasp-Mn3V1,Mn3V,Mn,V,3.0,1.0,3.5629184306752717,-8.8780094325,,VASP,L12,3.5629184306752717
vasp-Mn3W1,Mn3W,Mn,W,3.0,1.0,3.6610649560715904,-9.8227312575,,VASP,L12,3.6610649560715904
vasp-Mn3Y1,Mn3Y,Mn,Y,3.0,1.0,4.10274133318491,-7.9805533075,,VASP,L12,4.10274133318491
vasp-Mn3Zn1,Mn3Zn,Mn,Zn,3.0,1.0,3.612500702752346,-6.79211193,,VASP,L12,3.612500702752346
vasp-Mn3Zr1,Mn3Zr,Mn,Zr,3.0,1.0,3.9522238211776792,-8.70768624,,VASP,L12,3.9522238211776792
vasp-Mo3Ag1,Mo3Ag,Mo,Ag,3.0,1.0,3.9809051412632876,-8.46265598,,VASP,L12,3.9809051412632876
vasp-Mo3Al1,Mo3Al,Mo,Al,3.0,1.0,3.9558676034219937,-9.063578245,,VASP,L12,3.9558676034219937
vasp-Mo3Au1,Mo3Au,Mo,Au,3.0,1.0,3.9849957320988407,-8.839292795,,VASP,L12,3.9849957320988407
vasp-Mo3Ba1,Mo3Ba,Mo,Ba,3.0,1.0,4.302917178071332,-6.79955046,,VASP,L12,4.302917178071332
vasp-Mo3Ca1,Mo3Ca,Mo,Ca,3.0,1.0,4.172263082283638,-7.5916235,,VASP,L12,4.172263082283638
vasp-Mo3Cd1,Mo3Cd,Mo,Cd,3.0,1.0,4.029351808223923,-7.94337222,,VASP,L12,4.029351808223923
vasp-Mo3Ce1,Mo3Ce,Mo,Ce,3.0,1.0,4.195694436325539,-8.8297711725,,VASP,L12,4.195694436325539
vasp-Mo3Co1,Mo3Co,Mo,Co,3.0,1.0,3.8578364083941867,-9.7661576325,,VASP,L12,3.8578364083941867
vasp-Mo3Cr1,Mo3Cr,Mo,Cr,3.0,1.0,3.909579473295095,-10.12425542,,VASP,L12,3.909579473295095
vasp-Mo3Cu1,Mo3Cu,Mo,Cu,3.0,1.0,3.88559013755692,-8.93510581,,VASP,L12,3.88559013755692
vasp-Mo3Dy1,Mo3Dy,Mo,Dy,3.0,1.0,4.1935485042012095,-9.4262192,,VASP,L12,4.1935485042012095
vasp-Mo3Er1,Mo3Er,Mo,Er,3.0,1.0,3.968427351922231,-9.19943854,,VASP,L12,3.968427351922231
vasp-Mo3Eu1,Mo3Eu,Mo,Eu,3.0,1.0,5.037767381744482,-8.2674793825,,VASP,L12,5.037767381744482
vasp-Mo3Fe1,Mo3Fe,Mo,Fe,3.0,1.0,3.8670366675370733,-9.962104695,,VASP,L12,3.8670366675370733
vasp-Mo3Ga1,Mo3Ga,Mo,Ga,3.0,1.0,3.9454134492102635,-8.83856157,,VASP,L12,3.9454134492102635
vasp-Mo3Gd1,Mo3Gd,Mo,Gd,3.0,1.0,5.04687479956376,-10.6365854675,,VASP,L12,5.04687479956376
vasp-Mo3Ge1,Mo3Ge,Mo,Ge,3.0,1.0,3.9463046011154774,-9.169817915,,VASP,L12,3.9463046011154774
vasp-Mo3Hf1,Mo3Hf,Mo,Hf,3.0,1.0,4.099350135538004,-10.2693393,,VASP,L12,4.099350135538004
vasp-Mo3Hg1,Mo3Hg,Mo,Hg,3.0,1.0,4.034215792274918,-7.8041787525,,VASP,L12,4.034215792274918
vasp-Mo3Ho1,Mo3Ho,Mo,Ho,3.0,1.0,4.152937585807761,-9.43253794,,VASP,L12,4.152937585807761
vasp-Mo3In1,Mo3In,Mo,In,3.0,1.0,4.058770115839285,-8.4491232175,,VASP,L12,4.058770115839285
vasp-Mo3Ir1,Mo3Ir,Mo,Ir,3.0,1.0,3.9430204230069865,-10.42897108,,VASP,L12,3.9430204230069865
vasp-Mo3La1,Mo3La,Mo,La,3.0,1.0,4.265319334155205,-8.2758727175,,VASP,L12,4.265319334155205
vasp-Mo3Lu1,Mo3Lu,Mo,Lu,3.0,1.0,4.157234901863239,-8.6449895675,,VASP,L12,4.157234901863239
vasp-Mo3Mg1,Mo3Mg,Mo,Mg,3.0,1.0,4.001543187717736,-8.1472543275,,VASP,L12,4.001543187717736
vasp-Mo3Mn1,Mo3Mn,Mo,Mn,3.0,1.0,3.884409595087244,-10.09131049,,VASP,L12,3.884409595087244
vasp-Mo3Mo1,Mo3Mo,Mo,Mo,3.0,1.0,3.9911615201604205,-10.5089818975,,VASP,L12,3.9911615201604205
vasp-Mo3Nb1,Mo3Nb,Mo,Nb,3.0,1.0,4.050615016906321,-10.2825504275,,VASP,L12,4.050615016906321
vasp-Mo3Nd1,Mo3Nd,Mo,Nd,3.0,1.0,4.170593154996944,-9.327356775,,VASP,L12,4.170593154996944
vasp-Mo3Ni1,Mo3Ni,Mo,Ni,3.0,1.0,3.861850619171259,-9.47537021,,VASP,L12,3.861850619171259
vasp-Mo3Os1,Mo3Os,Mo,Os,3.0,1.0,3.945771565558112,-10.81848542,,VASP,L12,3.945771565558112
vasp-Mo3Pb1,Mo3Pb,Mo,Pb,3.0,1.0,4.104619524261558,-8.4200867775,,VASP,L12,4.104619524261558
vasp-Mo3Pd1,Mo3Pd,Mo,Pd,3.0,1.0,3.9457240879112403,-9.40739875,,VASP,L12,3.9457240879112403
vasp-Mo3Pr1,Mo3Pr,Mo,Pr,3.0,1.0,4.157155718339092,-9.039929045,,VASP,L12,4.157155718339092
vasp-Mo3Pt1,Mo3Pt,Mo,Pt,3.0,1.0,3.9528797300028793,-9.8310005275,,VASP,L12,3.9528797300028793
vasp-Mo3Re1,Mo3Re,Mo,Re,3.0,1.0,3.966525097739128,-11.015977755,,VASP,L12,3.966525097739128
vasp-Mo3Rh1,Mo3Rh,Mo,Rh,3.0,1.0,3.9320250658340914,-9.951805045,,VASP,L12,3.9320250658340914
vasp-Mo3Ru1,Mo3Ru,Mo,Ru,3.0,1.0,3.9363400346686253,-10.3050278375,,VASP,L12,3.9363400346686253
vasp-Mo3Sc1,Mo3Sc,Mo,Sc,3.0,1.0,4.083386900473148,-9.2677944025,,VASP,L12,4.083386900473148
vasp-Mo3Si1,Mo3Si,Mo,Si,3.0,1.0,3.906597207265004,-9.5245009025,,VASP,L12,3.906597207265004
vasp-Mo3Sm1,Mo3Sm,Mo,Sm,3.0,1.0,6.052562531593651,-2.104456135,,VASP,L12,6.052562531593651
vasp-Mo3Sn1,Mo3Sn,Mo,Sn,3.0,1.0,4.065248179121459,-8.8227789225,,VASP,L12,4.065248179121459
vasp-Mo3Sr1,Mo3Sr,Mo,Sr,3.0,1.0,4.269427071033279,-7.06184495,,VASP,L12,4.269427071033279
vasp-Mo3Ta1,Mo3Ta,Mo,Ta,3.0,1.0,4.046702901185789,-10.7697953575,,VASP,L12,4.046702901185789
vasp-Mo3Tb1,Mo3Tb,Mo,Tb,3.0,1.0,5.082767100021418,,,VASP,L12,5.082767100021418
vasp-Mo3Tc1,Mo3Tc,Mo,Tc,3.0,1.0,3.9577880217094425,-10.5001127475,,VASP,L12,3.9577880217094425
vasp-Mo3Ti1,Mo3Ti,Mo,Ti,3.0,1.0,4.000493866104987,-9.808073935,,VASP,L12,4.000493866104987
vasp-Mo3Tm1,Mo3Tm,Mo,Tm,3.0,1.0,4.05978408158711,-9.024706175,,VASP,L12,4.05978408158711
vasp-Mo3V1,Mo3V,Mo,V,3.0,1.0,3.9473300395951463,-10.04807444,,VASP,L12,3.9473300395951463
vasp-Mo3W1,Mo3W,Mo,W,3.0,1.0,3.999623608352652,-11.0129215775,,VASP,L12,3.999623608352652
vasp-Mo3Y1,Mo3Y,Mo,Y,3.0,1.0,4.194242370652431,-8.987646195,,VASP,L12,4.194242370652431
vasp-Mo3Zn1,Mo3Zn,Mo,Zn,3.0,1.0,3.9229999211451365,-8.316090955,,VASP,L12,3.9229999211451365
vasp-Mo3Zr1,Mo3Zr,Mo,Zr,3.0,1.0,4.113496343538773,-9.841388825,,VASP,L12,4.113496343538773
vasp-Nb3Ag1,Nb3Ag,Nb,Ag,3.0,1.0,4.161885590701141,-7.9896301925,,VASP,L12,4.161885590701141
vasp-Nb3Al1,Nb3Al,Nb,Al,3.0,1.0,4.1349639813895545,-8.6093941625,,VASP,L12,4.1349639813895545
vasp-Nb3Au1,Nb3Au,Nb,Au,3.0,1.0,4.156494038754668,-8.3803552175,,VASP,L12,4.156494038754668
vasp-Nb3Ba1,Nb3Ba,Nb,Ba,3.0,1.0,4.4767522572011496,-6.736362545,,VASP,L12,4.4767522572011496
vasp-Nb3Ca1,Nb3Ca,Nb,Ca,3.0,1.0,4.352989502748129,-7.300046295,,VASP,L12,4.352989502748129
vasp-Nb3Cd1,Nb3Cd,Nb,Cd,3.0,1.0,4.207005400404769,-7.540513545,,VASP,L12,4.207005400404769
vasp-Nb3Ce1,Nb3Ce,Nb,Ce,3.0,1.0,4.373917645833877,-8.4869845075,,VASP,L12,4.373917645833877
vasp-Nb3Co1,Nb3Co,Nb,Co,3.0,1.0,4.041658790231488,-9.1145713875,,VASP,L12,4.041658790231488
vasp-Nb3Cr1,Nb3Cr,Nb,Cr,3.0,1.0,4.09461225229652,-9.4770942,,VASP,L12,4.09461225229652
vasp-Nb3Cu1,Nb3Cu,Nb,Cu,3.0,1.0,4.066676710593096,-8.35029615,,VASP,L12,4.066676710593096
vasp-Nb3Dy1,Nb3Dy,Nb,Dy,3.0,1.0,5.021720522916736,-8.98993204,,VASP,L12,5.021720522916736
vasp-Nb3Er1,Nb3Er,Nb,Er,3.0,1.0,3.932215499417827,-8.5322253,,VASP,L12,3.932215499417827
vasp-Nb3Eu1,Nb3Eu,Nb,Eu,3.0,1.0,4.3253709877648925,-7.50603802,,VASP,L12,4.3253709877648925
vasp-Nb3Fe1,Nb3Fe,Nb,Fe,3.0,1.0,4.047769632977548,-9.2996200825,,VASP,L12,4.047769632977548
vasp-Nb3Ga1,Nb3Ga,Nb,Ga,3.0,1.0,4.117783666815986,-8.4161251225,,VASP,L12,4.117783666815986
vasp-Nb3Gd1,Nb3Gd,Nb,Gd,3.0,1.0,4.473283162394752,-8.4355436275,,VASP,L12,4.473283162394752
vasp-Nb3Ge1,Nb3Ge,Nb,Ge,3.0,1.0,4.113542324655825,-8.868373525,,VASP,L12,4.113542324655825
vasp-Nb3Hf1,Nb3Hf,Nb,Hf,3.0,1.0,4.278006115553183,-9.7948562875,,VASP,L12,4.278006115553183
vasp-Nb3Hg1,Nb3Hg,Nb,Hg,3.0,1.0,4.205053092126654,-7.4254321375,,VASP,L12,4.205053092126654
vasp-Nb3Ho1,Nb3Ho,Nb,Ho,3.0,1.0,7.05070292626955,-8.67826738,,VASP,L12,7.05070292626955
vasp-Nb3In1,Nb3In,Nb,In,3.0,1.0,4.228327362928643,-8.13010157,,VASP,L12,4.228327362928643
vasp-Nb3Ir1,Nb3Ir,Nb,Ir,3.0,1.0,4.112078297538094,-9.8712173875,,VASP,L12,4.112078297538094
vasp-Nb3La1,Nb3La,Nb,La,3.0,1.0,4.435246108773169,-8.04247053,,VASP,L12,4.435246108773169
vasp-Nb3Lu1,Nb3Lu,Nb,Lu,3.0,1.0,4.334204608859315,-8.2804464925,,VASP,L12,4.334204608859315
vasp-Nb3Mg1,Nb3Mg,Nb,Mg,3.0,1.0,4.196370430549624,-7.6855802375,,VASP,L12,4.196370430549624
vasp-Nb3Mn1,Nb3Mn,Nb,Mn,3.0,1.0,4.066888917338105,-9.4193023325,,VASP,L12,4.066888917338105
vasp-Nb3Mo1,Nb3Mo,Nb,Mo,3.0,1.0,4.1669044283037575,-9.9095629425,,VASP,L12,4.1669044283037575
vasp-Nb3Nb1,Nb3Nb,Nb,Nb,3.0,1.0,4.226917917344532,-9.748806765,,VASP,L12,4.226917917344532
vasp-Nb3Nd1,Nb3Nd,Nb,Nd,3.0,1.0,4.260700249656452,-8.1876047975,,VASP,L12,4.260700249656452
vasp-Nb3Ni1,Nb3Ni,Nb,Ni,3.0,1.0,4.0449459568653525,-8.830691225,,VASP,L12,4.0449459568653525
vasp-Nb3Os1,Nb3Os,Nb,Os,3.0,1.0,4.1130637057193296,-10.20993545,,VASP,L12,4.1130637057193296
vasp-Nb3Pb1,Nb3Pb,Nb,Pb,3.0,1.0,4.266975328159153,-8.2495408825,,VASP,L12,4.266975328159153
vasp-Nb3Pd1,Nb3Pd,Nb,Pd,3.0,1.0,4.1227520791017325,-8.86556424,,VASP,L12,4.1227520791017325
vasp-Nb3Pr1,Nb3Pr,Nb,Pr,3.0,1.0,4.363487240602058,-8.071942375,,VASP,L12,4.363487240602058
vasp-Nb3Pt1,Nb3Pt,Nb,Pt,3.0,1.0,4.1221039674784405,-9.3089596925,,VASP,L12,4.1221039674784405
vasp-Nb3Re1,Nb3Re,Nb,Re,3.0,1.0,4.135227454276067,-10.37297834,,VASP,L12,4.135227454276067
vasp-Nb3Rh1,Nb3Rh,Nb,Rh,3.0,1.0,4.1075472319304085,-9.389435085,,VASP,L12,4.1075472319304085
vasp-Nb3Ru1,Nb3Ru,Nb,Ru,3.0,1.0,4.1056828721028165,-9.71404139,,VASP,L12,4.1056828721028165
vasp-Nb3Sc1,Nb3Sc,Nb,Sc,3.0,1.0,4.267020640111609,-8.843798305,,VASP,L12,4.267020640111609
vasp-Nb3Si1,Nb3Si,Nb,Si,3.0,1.0,4.081255831636994,-9.1464220375,,VASP,L12,4.081255831636994
vasp-Nb3Sm1,Nb3Sm,Nb,Sm,3.0,1.0,4.0,,,VASP,L12,4.0
vasp-Nb3Sn1,Nb3Sn,Nb,Sn,3.0,1.0,4.230922163374496,-8.5882589475,,VASP,L12,4.230922163374496
vasp-Nb3Sr1,Nb3Sr,Nb,Sr,3.0,1.0,4.442192326885669,-6.8843433725,,VASP,L12,4.442192326885669
vasp-Nb3Ta1,Nb3Ta,Nb,Ta,3.0,1.0,4.224915760513271,-10.2100744025,,VASP,L12,4.224915760513271
vasp-Nb3Tb1,Nb3Tb,Nb,Tb,3.0,1.0,4.01973865019472,-8.8727098725,,VASP,L12,4.01973865019472
vasp-Nb3Tc1,Nb3Tc,Nb,Tc,3.0,1.0,4.129490000436703,-9.87458166,,VASP,L12,4.129490000436703
vasp-Nb3Ti1,Nb3Ti,Nb,Ti,3.0,1.0,4.187581504615813,-9.280637735,,VASP,L12,4.187581504615813
vasp-Nb3Tm1,Nb3Tm,Nb,Tm,3.0,1.0,4.027281605100561,-8.316361675,,VASP,L12,4.027281605100561
vasp-Nb3V1,Nb3V,Nb,V,3.0,1.0,4.134093002302046,-9.4473416,,VASP,L12,4.134093002302046
vasp-Nb3W1,Nb3W,Nb,W,3.0,1.0,4.172617556331383,-10.3957061975,,VASP,L12,4.172617556331383
vasp-Nb3Y1,Nb3Y,Nb,Y,3.0,1.0,4.370708745147929,-8.666980055,,VASP,L12,4.370708745147929
vasp-Nb3Zn1,Nb3Zn,Nb,Zn,3.0,1.0,4.104974670598424,-7.804190935,,VASP,L12,4.104974670598424
vasp-Nb3Zr1,Nb3Zr,Nb,Zr,3.0,1.0,4.291612397466576,-9.3944396025,,VASP,L12,4.291612397466576
vasp-Nd3Ag1,Nd3Ag,Nd,Ag,3.0,1.0,4.699512883749341,-6.4074872775,,VASP,L12,4.699512883749341
vasp-Nd3Al1,Nd3Al,Nd,Al,3.0,1.0,4.715839899494221,-6.8667961075,,VASP,L12,4.715839899494221
vasp-Nd3Au1,Nd3Au,Nd,Au,3.0,1.0,4.694579505180931,-6.834846175,,VASP,L12,4.694579505180931
vasp-Nd3Ba1,Nd3Ba,Nd,Ba,3.0,1.0,5.066016322637216,-5.8016461675,,VASP,L12,5.066016322637216
vasp-Nd3Ca1,Nd3Ca,Nd,Ca,3.0,1.0,5.026614347756832,-5.96217598,,VASP,L12,5.026614347756832
vasp-Nd3Cd1,Nd3Cd,Nd,Cd,3.0,1.0,4.662967762352798,-5.87984408,,VASP,L12,4.662967762352798
vasp-Nd3Ce1,Nd3Ce,Nd,Ce,3.0,1.0,4.741814952272978,-7.05120019,,VASP,L12,4.741814952272978
vasp-Nd3Co1,Nd3Co,Nd,Co,3.0,1.0,4.48949929320176,-7.332400495,,VASP,L12,4.48949929320176
vasp-Nd3Cr1,Nd3Cr,Nd,Cr,3.0,1.0,4.527819926064561,-7.607188035,,VASP,L12,4.527819926064561
vasp-Nd3Cu1,Nd3Cu,Nd,Cu,3.0,1.0,4.492810779346375,-6.5095080275,,VASP,L12,4.492810779346375
vasp-Nd3Dy1,Nd3Dy,Nd,Dy,3.0,1.0,4.4615030284870345,-6.57687329,,VASP,L12,4.4615030284870345
vasp-Nd3Er1,Nd3Er,Nd,Er,3.0,1.0,4.01366506152911,-5.819669985,,VASP,L12,4.01366506152911
vasp-Nd3Eu1,Nd3Eu,Nd,Eu,3.0,1.0,4.890356504102431,-8.036860645,,VASP,L12,4.890356504102431
vasp-Nd3Fe1,Nd3Fe,Nd,Fe,3.0,1.0,4.0,-7.0759752,,VASP,L12,4.0
vasp-Nd3Ga1,Nd3Ga,Nd,Ga,3.0,1.0,4.678888224433201,-6.7608958275,,VASP,L12,4.678888224433201
vasp-Nd3Gd1,Nd3Gd,Nd,Gd,3.0,1.0,4.0,-6.500055505,,VASP,L12,4.0
vasp-Nd3Ge1,Nd3Ge,Nd,Ge,3.0,1.0,4.47631936187137,-5.9634363175,,VASP,L12,4.47631936187137
vasp-Nd3Hf1,Nd3Hf,Nd,Hf,3.0,1.0,4.753980886255787,-8.03237651,,VASP,L12,4.753980886255787
vasp-Nd3Hg1,Nd3Hg,Nd,Hg,3.0,1.0,4.775157322704975,-5.9509621975,,VASP,L12,4.775157322704975
vasp-Nd3Ho1,Nd3Ho,Nd,Ho,3.0,1.0,4.1410821921096215,-6.322080585,,VASP,L12,4.1410821921096215
vasp-Nd3In1,Nd3In,Nd,In,3.0,1.0,4.8324382234734164,-6.6324554175,,VASP,L12,4.8324382234734164
vasp-Nd3Ir1,Nd3Ir,Nd,Ir,3.0,1.0,4.550139822827134,-8.1970862175,,VASP,L12,4.550139822827134
vasp-Nd3La1,Nd3La,Nd,La,3.0,1.0,4.928236077675468,-6.81951158,,VASP,L12,4.928236077675468
vasp-Nd3Lu1,Nd3Lu,Nd,Lu,3.0,1.0,4.86725597348102,-6.70152683,,VASP,L12,4.86725597348102
vasp-Nd3Mg1,Nd3Mg,Nd,Mg,3.0,1.0,4.8749786272693,-6.05564098,,VASP,L12,4.8749786272693
vasp-Nd3Mn1,Nd3Mn,Nd,Mn,3.0,1.0,4.57339075856441,-7.8269866775,,VASP,L12,4.57339075856441
vasp-Nd3Mo1,Nd3Mo,Nd,Mo,3.0,1.0,4.587062749604338,-8.1537981,,VASP,L12,4.587062749604338
vasp-Nd3Nb1,Nd3Nb,Nd,Nb,3.0,1.0,4.651382264369929,-7.9649172075,,VASP,L12,4.651382264369929
vasp-Nd3Nd1,Nd3Nd,Nd,Nd,3.0,1.0,4.8393390460714505,-7.5434612725,,VASP,L12,4.8393390460714505
vasp-Nd3Ni1,Nd3Ni,Nd,Ni,3.0,1.0,4.504007370691389,-7.046563675,,VASP,L12,4.504007370691389
vasp-Nd3Os1,Nd3Os,Nd,Os,3.0,1.0,4.522949629385318,-8.488196085,,VASP,L12,4.522949629385318
vasp-Nd3Pb1,Nd3Pb,Nd,Pb,3.0,1.0,4.861879335613965,-6.99267651,,VASP,L12,4.861879335613965
vasp-Nd3Pd1,Nd3Pd,Nd,Pd,3.0,1.0,4.393501190915057,-7.154769935,,VASP,L12,4.393501190915057
vasp-Nd3Pr1,Nd3Pr,Nd,Pr,3.0,1.0,4.753606737652064,-7.1640797075,,VASP,L12,4.753606737652064
vasp-Nd3Pt1,Nd3Pt,Nd,Pt,3.0,1.0,4.610838915092434,-7.687526795,,VASP,L12,4.610838915092434
vasp-Nd3Re1,Nd3Re,Nd,Re,3.0,1.0,4.535412194835815,-8.591823405,,VASP,L12,4.535412194835815
vasp-Nd3Rh1,Nd3Rh,Nd,Rh,3.0,1.0,4.143429536303353,-7.3541326975,,VASP,L12,4.143429536303353
vasp-Nd3Ru1,Nd3Ru,Nd,Ru,3.0,1.0,4.5405460595111515,-8.0273544475,,VASP,L12,4.5405460595111515
vasp-Nd3Sc1,Nd3Sc,Nd,Sc,3.0,1.0,4.8129374269767595,-7.1609819225,,VASP,L12,4.8129374269767595
vasp-Nd3Si1,Nd3Si,Nd,Si,3.0,1.0,4.59707711792132,-7.5027509975,,VASP,L12,4.59707711792132
vasp-Nd3Sm1,Nd3Sm,Nd,Sm,3.0,1.0,4.09369612215483,,,VASP,L12,4.09369612215483
vasp-Nd3Sn1,Nd3Sn,Nd,Sn,3.0,1.0,4.817028185252571,-7.1886477825,,VASP,L12,4.817028185252571
vasp-Nd3Sr1,Nd3Sr,Nd,Sr,3.0,1.0,5.064402580497034,-5.7542168825,,VASP,L12,5.064402580497034
vasp-Nd3Ta1,Nd3Ta,Nd,Ta,3.0,1.0,4.6404995505801665,-8.348133265,,VASP,L12,4.6404995505801665
vasp-Nd3Tb1,Nd3Tb,Nd,Tb,3.0,1.0,4.0,,,VASP,L12,4.0
vasp-Nd3Tc1,Nd3Tc,Nd,Tc,3.0,1.0,4.54663119677044,-8.16700424,,VASP,L12,4.54663119677044
vasp-Nd3Ti1,Nd3Ti,Nd,Ti,3.0,1.0,4.661718814077128,-7.4684433975,,VASP,L12,4.661718814077128
vasp-Nd3Tm1,Nd3Tm,Nd,Tm,3.0,1.0,5.002869011588431,-6.0991075725,,VASP,L12,5.002869011588431
vasp-Nd3V1,Nd3V,Nd,V,3.0,1.0,4.620664818683045,-7.6666852125,,VASP,L12,4.620664818683045
vasp-Nd3W1,Nd3W,Nd,W,3.0,1.0,4.869258123144075,-8.395817235,,VASP,L12,4.869258123144075
vasp-Nd3Y1,Nd3Y,Nd,Y,3.0,1.0,4.933547133611804,-7.1895231975,,VASP,L12,4.933547133611804
vasp-Nd3Zn1,Nd3Zn,Nd,Zn,3.0,1.0,4.614387338319704,-6.0470009375,,VASP,L12,4.614387338319704
vasp-Nd3Zr1,Nd3Zr,Nd,Zr,3.0,1.0,4.752210051620435,-7.687565175,,VASP,L12,4.752210051620435
vasp-Ni3Ag1,Ni3Ag,Ni,Ag,3.0,1.0,3.685410517738366,-4.57737939,,VASP,L12,3.685410517738366
vasp-Ni3Al1,Ni3Al,Ni,Al,3.0,1.0,3.5635919001406022,-5.4869093625,,VASP,L12,3.5635919001406022
vasp-Ni3Au1,Ni3Au,Ni,Au,3.0,1.0,3.697838435766671,-4.8433073275,,VASP,L12,3.697838435766671
vasp-Ni3Ba1,Ni3Ba,Ni,Ba,3.0,1.0,4.119646610117725,-3.9247586575,,VASP,L12,4.119646610117725
vasp-Ni3Ca1,Ni3Ca,Ni,Ca,3.0,1.0,3.8562174987742743,-4.42057717,,VASP,L12,3.8562174987742743
vasp-Ni3Cd1,Ni3Cd,Ni,Cd,3.0,1.0,3.733382899698615,-4.1649945,,VASP,L12,3.733382899698615
vasp-Ni3Ce1,Ni3Ce,Ni,Ce,3.0,1.0,3.8790558554474837,-5.87079468,,VASP,L12,3.8790558554474837
vasp-Ni3Co1,Ni3Co,Ni,Co,3.0,1.0,3.5193745792226236,-5.8670819725,,VASP,L12,3.5193745792226236
vasp-Ni3Cr1,Ni3Cr,Ni,Cr,3.0,1.0,3.5469461657634436,-6.494416305,,VASP,L12,3.5469461657634436
vasp-Ni3Cu1,Ni3Cu,Ni,Cu,3.0,1.0,3.5389194834145457,-5.0198978325,,VASP,L12,3.5389194834145457
vasp-Ni3Dy1,Ni3Dy,Ni,Dy,3.0,1.0,3.9691532576217203,-6.7236832625,,VASP,L12,3.9691532576217203
vasp-Ni3Er1,Ni3Er,Ni,Er,3.0,1.0,3.837913543327472,-6.1870614875,,VASP,L12,3.837913543327472
vasp-Ni3Eu1,Ni3Eu,Ni,Eu,3.0,1.0,4.0,-6.5305885925,,VASP,L12,4.0
vasp-Ni3Fe1,Ni3Fe,Ni,Fe,3.0,1.0,3.542975199045483,-6.2697557225,,VASP,L12,3.542975199045483
vasp-Ni3Ga1,Ni3Ga,Ni,Ga,3.0,1.0,3.5810612416675474,-5.1445433975,,VASP,L12,3.5810612416675474
vasp-Ni3Gd1,Ni3Gd,Ni,Gd,3.0,1.0,4.02629561985407,-7.7929408525,,VASP,L12,4.02629561985407
vasp-Ni3Ge1,Ni3Ge,Ni,Ge,3.0,1.0,3.5787076129125377,-5.53436706,,VASP,L12,3.5787076129125377
vasp-Ni3Hf1,Ni3Hf,Ni,Hf,3.0,1.0,3.721956719747549,-7.12912231,,VASP,L12,3.721956719747549
vasp-Ni3Hg1,Ni3Hg,Ni,Hg,3.0,1.0,3.7543653952679086,-3.9482313925,,VASP,L12,3.7543653952679086
vasp-Ni3Ho1,Ni3Ho,Ni,Ho,3.0,1.0,3.8328356953999423,-6.5069061475,,VASP,L12,3.8328356953999423
vasp-Ni3In1,Ni3In,Ni,In,3.0,1.0,3.744562221563885,-4.800208875,,VASP,L12,3.744562221563885
vasp-Ni3Ir1,Ni3Ir,Ni,Ir,3.0,1.0,3.6120343655708185,-6.29706934,,VASP,L12,3.6120343655708185
vasp-Ni3La1,Ni3La,Ni,La,3.0,1.0,3.961672296426062,-5.412674245,,VASP,L12,3.961672296426062
vasp-Ni3Lu1,Ni3Lu,Ni,Lu,3.0,1.0,3.8124877502178878,-5.5423811625,,VASP,L12,3.8124877502178878
vasp-Ni3Mg1,Ni3Mg,Ni,Mg,3.0,1.0,3.651126073859637,-4.56205124,,VASP,L12,3.651126073859637
vasp-Ni3Mn1,Ni3Mn,Ni,Mn,3.0,1.0,3.559448496487229,-6.470016215,,VASP,L12,3.559448496487229
vasp-Ni3Mo1,Ni3Mo,Ni,Mo,3.0,1.0,3.638942333519641,-6.7569491425,,VASP,L12,3.638942333519641
vasp-Ni3Nb1,Ni3Nb,Ni,Nb,3.0,1.0,3.690733549553683,-6.772946225,,VASP,L12,3.690733549553683
vasp-Ni3Nd1,Ni3Nd,Ni,Nd,3.0,1.0,4.0,-6.1256771625,,VASP,L12,4.0
vasp-Ni3Ni1,Ni3Ni,Ni,Ni,3.0,1.0,3.5163133814926493,-5.4892128225,,VASP,L12,3.5163133814926493
vasp-Ni3Os1,Ni3Os,Ni,Os,3.0,1.0,3.6076299608870714,-6.72016727,,VASP,L12,3.6076299608870714
vasp-Ni3Pb1,Ni3Pb,Ni,Pb,3.0,1.0,3.8068182215081556,-4.872804215,,VASP,L12,3.8068182215081556
vasp-Ni3Pd1,Ni3Pd,Ni,Pd,3.0,1.0,3.638936208180467,-5.3976548,,VASP,L12,3.638936208180467
vasp-Ni3Pr1,Ni3Pr,Ni,Pr,3.0,1.0,4.0,-5.92877728,,VASP,L12,4.0
vasp-Ni3Pt1,Ni3Pt,Ni,Pt,3.0,1.0,3.652153193856701,-5.71702639,,VASP,L12,3.652153193856701
vasp-Ni3Re1,Ni3Re,Ni,Re,3.0,1.0,3.6161793050812046,-7.0278954775,,VASP,L12,3.6161793050812046
vasp-Ni3Rh1,Ni3Rh,Ni,Rh,3.0,1.0,3.610517968866812,-5.90733924,,VASP,L12,3.610517968866812
vasp-Ni3Ru1,Ni3Ru,Ni,Ru,3.0,1.0,3.593358227496496,-6.276474795,,VASP,L12,3.593358227496496
vasp-Ni3Sc1,Ni3Sc,Ni,Sc,3.0,1.0,3.709778609607761,-6.08056269,,VASP,L12,3.709778609607761
vasp-Ni3Si1,Ni3Si,Ni,Si,3.0,1.0,3.5040668344477015,-5.9370587,,VASP,L12,3.5040668344477015
vasp-Ni3Sm1,Ni3Sm,Ni,Sm,3.0,1.0,4.0,-6.081822195,,VASP,L12,4.0
vasp-Ni3Sn1,Ni3Sn,Ni,Sn,3.0,1.0,3.730807832517221,-5.2611007825,,VASP,L12,3.730807832517221
vasp-Ni3Sr1,Ni3Sr,Ni,Sr,3.0,1.0,4.002417988537932,-4.072999205,,VASP,L12,4.002417988537932
vasp-Ni3Ta1,Ni3Ta,Ni,Ta,3.0,1.0,3.6767471435653865,-7.284304715,,VASP,L12,3.6767471435653865
vasp-Ni3Tb1,Ni3Tb,Ni,Tb,3.0,1.0,3.9033462415021223,-6.0468417325,,VASP,L12,3.9033462415021223
vasp-Ni3Tc1,Ni3Tc,Ni,Tc,3.0,1.0,3.614767648701856,-6.580007505,,VASP,L12,3.614767648701856
vasp-Ni3Ti1,Ni3Ti,Ni,Ti,3.0,1.0,3.6040863748987615,-6.516838035,,VASP,L12,3.6040863748987615
vasp-Ni3Tm1,Ni3Tm,Ni,Tm,3.0,1.0,3.8945210438298847,-5.83873414,,VASP,L12,3.8945210438298847
vasp-Ni3V1,Ni3V,Ni,V,3.0,1.0,3.5543645170072526,-6.49803838,,VASP,L12,3.5543645170072526
vasp-Ni3W1,Ni3W,Ni,W,3.0,1.0,3.636703839930502,-7.238476255,,VASP,L12,3.636703839930502
vasp-Ni3Y1,Ni3Y,Ni,Y,3.0,1.0,3.8616217917982762,-5.944328455,,VASP,L12,3.8616217917982762
vasp-Ni3Zn1,Ni3Zn,Ni,Zn,3.0,1.0,3.577956653414978,-4.50649601,,VASP,L12,3.577956653414978
vasp-Ni3Zr1,Ni3Zr,Ni,Zr,3.0,1.0,3.7482901455417377,-6.68651968,,VASP,L12,3.7482901455417377
vasp-Os3Ag1,Os3Ag,Os,Ag,3.0,1.0,3.907251011810346,-8.2678374725,,VASP,L12,3.907251011810346
vasp-Os3Al1,Os3Al,Os,Al,3.0,1.0,3.8591643277743874,-9.146767575,,VASP,L12,3.8591643277743874
vasp-Os3Au1,Os3Au,Os,Au,3.0,1.0,3.909427989675864,-8.555406415,,VASP,L12,3.909427989675864
vasp-Os3Ba1,Os3Ba,Os,Ba,3.0,1.0,4.220462780028265,-7.01098263,,VASP,L12,4.220462780028265
vasp-Os3Ca1,Os3Ca,Os,Ca,3.0,1.0,4.018564224835604,-8.0367363,,VASP,L12,4.018564224835604
vasp-Os3Cd1,Os3Cd,Os,Cd,3.0,1.0,3.961094368911003,-7.71683161,,VASP,L12,3.961094368911003
vasp-Os3Ce1,Os3Ce,Os,Ce,3.0,1.0,4.072151654690325,-9.6401109525,,VASP,L12,4.072151654690325
vasp-Os3Co1,Os3Co,Os,Co,3.0,1.0,3.769122907035627,-10.028090795,,VASP,L12,3.769122907035627
vasp-Os3Cr1,Os3Cr,Os,Cr,3.0,1.0,3.8004477042713507,-10.71552585,,VASP,L12,3.8004477042713507
vasp-Os3Cu1,Os3Cu,Os,Cu,3.0,1.0,3.8150538454492233,-8.8268601175,,VASP,L12,3.8150538454492233
vasp-Os3Dy1,Os3Dy,Os,Dy,3.0,1.0,3.8170804844421387,-10.3717415525,,VASP,L12,3.8170804844421387
vasp-Os3Er1,Os3Er,Os,Er,3.0,1.0,4.011028876320659,-9.977032225,,VASP,L12,4.011028876320659
vasp-Os3Eu1,Os3Eu,Os,Eu,3.0,1.0,4.189326643745072,-9.0080686875,,VASP,L12,4.189326643745072
vasp-Os3Fe1,Os3Fe,Os,Fe,3.0,1.0,3.76992223833867,-10.359739265,,VASP,L12,3.76992223833867
vasp-Os3Ga1,Os3Ga,Os,Ga,3.0,1.0,3.8716536858101165,-8.686820185,,VASP,L12,3.8716536858101165
vasp-Os3Gd1,Os3Gd,Os,Gd,3.0,1.0,4.007998573283193,-9.9745149975,,VASP,L12,4.007998573283193
vasp-Os3Ge1,Os3Ge,Os,Ge,3.0,1.0,3.881116692055128,-8.9332914575,,VASP,L12,3.881116692055128
vasp-Os3Hf1,Os3Hf,Os,Hf,3.0,1.0,3.9660773785459087,-11.01740633,,VASP,L12,3.9660773785459087
vasp-Os3Hg1,Os3Hg,Os,Hg,3.0,1.0,3.974536708112621,-7.4098914,,VASP,L12,3.974536708112621
vasp-Os3Ho1,Os3Ho,Os,Ho,3.0,1.0,7.0526819921865584,-10.313496475,,VASP,L12,7.0526819921865584
vasp-Os3In1,Os3In,Os,In,3.0,1.0,3.981432212739093,-8.2976724825,,VASP,L12,3.981432212739093
vasp-Os3Ir1,Os3Ir,Os,Ir,3.0,1.0,3.854900181731105,-10.560736955,,VASP,L12,3.854900181731105
vasp-Os3La1,Os3La,Os,La,3.0,1.0,4.141293897321501,-8.84407416,,VASP,L12,4.141293897321501
vasp-Os3Lu1,Os3Lu,Os,Lu,3.0,1.0,4.015412642969176,-9.2527235225,,VASP,L12,4.015412642969176
vasp-Os3Mg1,Os3Mg,Os,Mg,3.0,1.0,3.891432838959182,-8.327103975,,VASP,L12,3.891432838959182
vasp-Os3Mn1,Os3Mn,Os,Mn,3.0,1.0,3.7805841047776063,-10.5785374925,,VASP,L12,3.7805841047776063
vasp-Os3Mo1,Os3Mo,Os,Mo,3.0,1.0,3.8793818801551505,-11.1446666275,,VASP,L12,3.8793818801551505
vasp-Os3Nb1,Os3Nb,Os,Nb,3.0,1.0,3.929051360149262,-11.0108594875,,VASP,L12,3.929051360149262
vasp-Os3Nd1,Os3Nd,Os,Nd,3.0,1.0,4.038942398438313,-10.0096869,,VASP,L12,4.038942398438313
vasp-Os3Ni1,Os3Ni,Os,Ni,3.0,1.0,3.7838321790278746,-9.534041905,,VASP,L12,3.7838321790278746
vasp-Os3Os1,Os3Os,Os,Os,3.0,1.0,3.850845677143176,-11.1375410075,,VASP,L12,3.850845677143176
vasp-Os3Pb1,Os3Pb,Os,Pb,3.0,1.0,4.030568131936866,-8.15826298,,VASP,L12,4.030568131936866
vasp-Os3Pd1,Os3Pd,Os,Pd,3.0,1.0,3.8622065811750814,-9.3778348125,,VASP,L12,3.8622065811750814
vasp-Os3Pr1,Os3Pr,Os,Pr,3.0,1.0,4.034415031759044,-9.9006881,,VASP,L12,4.034415031759044
vasp-Os3Pt1,Os3Pt,Os,Pt,3.0,1.0,3.8729052764139555,-9.7423550325,,VASP,L12,3.8729052764139555
vasp-Os3Re1,Os3Re,Os,Re,3.0,1.0,3.8637032186154134,-11.4911592575,,VASP,L12,3.8637032186154134
vasp-Os3Rh1,Os3Rh,Os,Rh,3.0,1.0,3.840339181330033,-10.1402239,,VASP,L12,3.840339181330033
vasp-Os3Ru1,Os3Ru,Os,Ru,3.0,1.0,3.837499640185211,-10.65665842,,VASP,L12,3.837499640185211
vasp-Os3Sc1,Os3Sc,Os,Sc,3.0,1.0,3.9455494979891155,-9.8828725625,,VASP,L12,3.9455494979891155
vasp-Os3Si1,Os3Si,Os,Si,3.0,1.0,3.8277125370723803,-9.4097262625,,VASP,L12,3.8277125370723803
vasp-Os3Sm1,Os3Sm,Os,Sm,3.0,1.0,3.9523674026004585,-9.92531418,,VASP,L12,3.9523674026004585
vasp-Os3Sn1,Os3Sn,Os,Sn,3.0,1.0,3.9790871594367316,-8.6903954175,,VASP,L12,3.9790871594367316
vasp-Os3Sr1,Os3Sr,Os,Sr,3.0,1.0,4.124024439223565,-7.4502772175,,VASP,L12,4.124024439223565
vasp-Os3Ta1,Os3Ta,Os,Ta,3.0,1.0,3.9225907336517265,-11.542058765,,VASP,L12,3.9225907336517265
vasp-Os3Tb1,Os3Tb,Os,Tb,3.0,1.0,3.9225392802884333,-10.5213933125,,VASP,L12,3.9225392802884333
vasp-Os3Tc1,Os3Tc,Os,Tc,3.0,1.0,3.8512655344072235,-10.981293405,,VASP,L12,3.8512655344072235
vasp-Os3Ti1,Os3Ti,Os,Ti,3.0,1.0,3.876986216914944,-10.4940896425,,VASP,L12,3.876986216914944
vasp-Os3Tm1,Os3Tm,Os,Tm,3.0,1.0,3.9990877547953447,-9.7217604325,,VASP,L12,3.9990877547953447
vasp-Os3V1,Os3V,Os,V,3.0,1.0,3.8301633398415333,-10.7273889725,,VASP,L12,3.8301633398415333
vasp-Os3W1,Os3W,Os,W,3.0,1.0,3.885162202535891,-11.6933337975,,VASP,L12,3.885162202535891
vasp-Os3Y1,Os3Y,Os,Y,3.0,1.0,4.052423180134476,-9.6062794225,,VASP,L12,4.052423180134476
vasp-Os3Zn1,Os3Zn,Os,Zn,3.0,1.0,3.855571598274468,-8.159737395,,VASP,L12,3.855571598274468
vasp-Os3Zr1,Os3Zr,Os,Zr,3.0,1.0,3.9812980682491483,-10.578804455,,VASP,L12,3.9812980682491483
vasp-Pb3Ag1,Pb3Ag,Pb,Ag,3.0,1.0,4.764887580758324,-3.21198045,,VASP,L12,4.764887580758324
vasp-Pb3Al1,Pb3Al,Pb,Al,3.0,1.0,4.879943301648575,-3.4361952825,,VASP,L12,4.879943301648575
vasp-Pb3Au1,Pb3Au,Pb,Au,3.0,1.0,4.784403980540932,-3.434246875,,VASP,L12,4.784403980540932
vasp-Pb3Ba1,Pb3Ba,Pb,Ba,3.0,1.0,5.139651488609056,-3.5153527875,,VASP,L12,5.139651488609056
vasp-Pb3Ca1,Pb3Ca,Pb,Ca,3.0,1.0,4.953657571774577,-3.4975687025,,VASP,L12,4.953657571774577
vasp-Pb3Cd1,Pb3Cd,Pb,Cd,3.0,1.0,4.727448562141842,-2.6454484775,,VASP,L12,4.727448562141842
vasp-Pb3Ce1,Pb3Ce,Pb,Ce,3.0,1.0,4.8240341236101685,-4.41083187,,VASP,L12,4.8240341236101685
vasp-Pb3Co1,Pb3Co,Pb,Co,3.0,1.0,4.610298304554921,-3.7988478125,,VASP,L12,4.610298304554921
vasp-Pb3Cr1,Pb3Cr,Pb,Cr,3.0,1.0,4.790718938165407,-4.67530254,,VASP,L12,4.790718938165407
vasp-Pb3Cu1,Pb3Cu,Pb,Cu,3.0,1.0,4.599752149109772,-3.1703599925,,VASP,L12,4.599752149109772
vasp-Pb3Dy1,Pb3Dy,Pb,Dy,3.0,1.0,4.846581810153261,-8.8885194875,,VASP,L12,4.846581810153261
vasp-Pb3Er1,Pb3Er,Pb,Er,3.0,1.0,4.899679099601327,-6.926072725,,VASP,L12,4.899679099601327
vasp-Pb3Eu1,Pb3Eu,Pb,Eu,3.0,1.0,4.942483035783676,-2.697054885,,VASP,L12,4.942483035783676
vasp-Pb3Fe1,Pb3Fe,Pb,Fe,3.0,1.0,4.626045052469952,-3.90595612,,VASP,L12,4.626045052469952
vasp-Pb3Ga1,Pb3Ga,Pb,Ga,3.0,1.0,4.878095262618928,-3.35416159,,VASP,L12,4.878095262618928
vasp-Pb3Gd1,Pb3Gd,Pb,Gd,3.0,1.0,4.908613188673005,-11.789031875,,VASP,L12,4.908613188673005
vasp-Pb3Ge1,Pb3Ge,Pb,Ge,3.0,1.0,4.879203743860571,-3.6707885425,,VASP,L12,4.879203743860571
vasp-Pb3Hf1,Pb3Hf,Pb,Hf,3.0,1.0,4.786357501856287,-4.8704744225,,VASP,L12,4.786357501856287
vasp-Pb3Hg1,Pb3Hg,Pb,Hg,3.0,1.0,4.874555203691949,-2.672594915,,VASP,L12,4.874555203691949
vasp-Pb3Ho1,Pb3Ho,Pb,Ho,3.0,1.0,4.861841012140097,-7.7756475525,,VASP,L12,4.861841012140097
vasp-Pb3In1,Pb3In,Pb,In,3.0,1.0,4.97805599331749,-3.31040493,,VASP,L12,4.97805599331749
vasp-Pb3Ir1,Pb3Ir,Pb,Ir,3.0,1.0,4.6470995428625335,-4.38677142,,VASP,L12,4.6470995428625335
vasp-Pb3La1,Pb3La,Pb,La,3.0,1.0,4.97455238264739,-4.309060395,,VASP,L12,4.97455238264739
vasp-Pb3Lu1,Pb3Lu,Pb,Lu,3.0,1.0,4.850575048945407,-3.924241225,,VASP,L12,4.850575048945407
vasp-Pb3Mg1,Pb3Mg,Pb,Mg,3.0,1.0,4.900342118119779,-3.0621654325,,VASP,L12,4.900342118119779
vasp-Pb3Mn1,Pb3Mn,Pb,Mn,3.0,1.0,4.652509263842998,-4.04267143,,VASP,L12,4.652509263842998
vasp-Pb3Mo1,Pb3Mo,Pb,Mo,3.0,1.0,4.669983446091924,-4.4934280475,,VASP,L12,4.669983446091924
vasp-Pb3Nb1,Pb3Nb,Pb,Nb,3.0,1.0,4.728475340400102,-4.5552390525,,VASP,L12,4.728475340400102
vasp-Pb3Nd1,Pb3Nd,Pb,Nd,3.0,1.0,4.912117064150768,-4.96064351,,VASP,L12,4.912117064150768
vasp-Pb3Ni1,Pb3Ni,Pb,Ni,3.0,1.0,4.627514662550412,-3.649523015,,VASP,L12,4.627514662550412
vasp-Pb3Os1,Pb3Os,Pb,Os,3.0,1.0,4.630216547888622,-4.5376765325,,VASP,L12,4.630216547888622
vasp-Pb3Pb1,Pb3Pb,Pb,Pb,3.0,1.0,5.030774422343242,-3.57894019,,VASP,L12,5.030774422343242
vasp-Pb3Pd1,Pb3Pd,Pb,Pd,3.0,1.0,4.684108325906421,-3.9325628825,,VASP,L12,4.684108325906421
vasp-Pb3Pr1,Pb3Pr,Pb,Pr,3.0,1.0,4.855738169691144,-4.5373122225,,VASP,L12,4.855738169691144
vasp-Pb3Pt1,Pb3Pt,Pb,Pt,3.0,1.0,4.686540036675096,-4.0940026175,,VASP,L12,4.686540036675096
vasp-Pb3Re1,Pb3Re,Pb,Re,3.0,1.0,4.6416094374602475,-4.6374070475,,VASP,L12,4.6416094374602475
vasp-Pb3Rh1,Pb3Rh,Pb,Rh,3.0,1.0,4.655648364593826,-4.2195107625,,VASP,L12,4.655648364593826
vasp-Pb3Ru1,Pb3Ru,Pb,Ru,3.0,1.0,4.639573167444204,-4.3348088625,,VASP,L12,4.639573167444204
vasp-Pb3Sc1,Pb3Sc,Pb,Sc,3.0,1.0,4.812176504925921,-4.326234585,,VASP,L12,4.812176504925921
vasp-Pb3Si1,Pb3Si,Pb,Si,3.0,1.0,4.845137442792876,-3.7094481775,,VASP,L12,4.845137442792876
vasp-Pb3Sm1,Pb3Sm,Pb,Sm,3.0,1.0,4.702334729130571,-3.014049095,,VASP,L12,4.702334729130571
vasp-Pb3Sn1,Pb3Sn,Pb,Sn,3.0,1.0,4.991052295134856,-3.61958325,,VASP,L12,4.991052295134856
vasp-Pb3Sr1,Pb3Sr,Pb,Sr,3.0,1.0,5.038326513164409,-3.44109411,,VASP,L12,5.038326513164409
vasp-Pb3Ta1,Pb3Ta,Pb,Ta,3.0,1.0,4.7271250095356985,-4.82990517,,VASP,L12,4.7271250095356985
vasp-Pb3Tb1,Pb3Tb,Pb,Tb,3.0,1.0,4.8828611288017125,-2.7313581875,,VASP,L12,4.8828611288017125
vasp-Pb3Tc1,Pb3Tc,Pb,Tc,3.0,1.0,4.641646236362244,-4.4167501375,,VASP,L12,4.641646236362244
vasp-Pb3Ti1,Pb3Ti,Pb,Ti,3.0,1.0,4.776118865088568,-4.324839415,,VASP,L12,4.776118865088568
vasp-Pb3Tm1,Pb3Tm,Pb,Tm,3.0,1.0,4.845996066740143,-6.3009474425,,VASP,L12,4.845996066740143
vasp-Pb3V1,Pb3V,Pb,V,3.0,1.0,4.768040002113348,-4.4602051625,,VASP,L12,4.768040002113348
vasp-Pb3W1,Pb3W,Pb,W,3.0,1.0,4.671446179976131,-4.7403568425,,VASP,L12,4.671446179976131
vasp-Pb3Y1,Pb3Y,Pb,Y,3.0,1.0,4.90033088535902,-4.5428479325,,VASP,L12,4.90033088535902
vasp-Pb3Zn1,Pb3Zn,Pb,Zn,3.0,1.0,4.730099950569109,-2.7483380175,,VASP,L12,4.730099950569109
vasp-Pb3Zr1,Pb3Zr,Pb,Zr,3.0,1.0,4.781861370949658,-4.6429849525,,VASP,L12,4.781861370949658
vasp-Pd3Ag1,Pd3Ag,Pd,Ag,3.0,1.0,3.9769661942287593,-4.6265706025,,VASP,L12,3.9769661942287593
vasp-Pd3Al1,Pd3Al,Pd,Al,3.0,1.0,3.8969185259278656,-5.4591591875,,VASP,L12,3.8969185259278656
vasp-Pd3Au1,Pd3Au,Pd,Au,3.0,1.0,3.9841460014471926,-4.7847678225,,VASP,L12,3.9841460014471926
vasp-Pd3Ba1,Pd3Ba,Pd,Ba,3.0,1.0,4.375766166962851,-4.5660909025,,VASP,L12,4.375766166962851
vasp-Pd3Ca1,Pd3Ca,Pd,Ca,3.0,1.0,4.130555266534838,-4.89239713,,VASP,L12,4.130555266534838
vasp-Pd3Cd1,Pd3Cd,Pd,Cd,3.0,1.0,4.02718921431275,-4.3391169,,VASP,L12,4.02718921431275
vasp-Pd3Ce1,Pd3Ce,Pd,Ce,3.0,1.0,4.158852589943638,-6.20086582,,VASP,L12,4.158852589943638
vasp-Pd3Co1,Pd3Co,Pd,Co,3.0,1.0,3.854057785857483,-5.634526655,,VASP,L12,3.854057785857483
vasp-Pd3Cr1,Pd3Cr,Pd,Cr,3.0,1.0,3.894741107220132,-6.37024119,,VASP,L12,3.894741107220132
vasp-Pd3Cu1,Pd3Cu,Pd,Cu,3.0,1.0,3.8660201985181954,-4.9334821925,,VASP,L12,3.8660201985181954
vasp-Pd3Dy1,Pd3Dy,Pd,Dy,3.0,1.0,4.811261974483816,,,VASP,L12,4.811261974483816
vasp-Pd3Er1,Pd3Er,Pd,Er,3.0,1.0,4.1144002298000295,-6.55579687,,VASP,L12,4.1144002298000295
vasp-Pd3Eu1,Pd3Eu,Pd,Eu,3.0,1.0,4.1875215073186425,-7.0150366775,,VASP,L12,4.1875215073186425
vasp-Pd3Fe1,Pd3Fe,Pd,Fe,3.0,1.0,3.8816039959343183,-6.08116378,,VASP,L12,3.8816039959343183
vasp-Pd3Ga1,Pd3Ga,Pd,Ga,3.0,1.0,3.911718742865535,-5.11101365,,VASP,L12,3.911718742865535
vasp-Pd3Gd1,Pd3Gd,Pd,Gd,3.0,1.0,4.147076846854346,-8.2771713975,,VASP,L12,4.147076846854346
vasp-Pd3Ge1,Pd3Ge,Pd,Ge,3.0,1.0,3.925695317970352,-5.42469317,,VASP,L12,3.925695317970352
vasp-Pd3Hf1,Pd3Hf,Pd,Hf,3.0,1.0,3.996337589531693,-7.2797035725,,VASP,L12,3.996337589531693
vasp-Pd3Hg1,Pd3Hg,Pd,Hg,3.0,1.0,4.0447291966446475,-4.0583042975,,VASP,L12,4.0447291966446475
vasp-Pd3Ho1,Pd3Ho,Pd,Ho,3.0,1.0,4.0,-6.8247170925,,VASP,L12,4.0
vasp-Pd3In1,Pd3In,Pd,In,3.0,1.0,4.032304806842062,-4.9920386,,VASP,L12,4.032304806842062
vasp-Pd3Ir1,Pd3Ir,Pd,Ir,3.0,1.0,3.9077230709382036,-6.0025598625,,VASP,L12,3.9077230709382036
vasp-Pd3La1,Pd3La,Pd,La,3.0,1.0,4.229840612256786,-5.9355638025,,VASP,L12,4.229840612256786
vasp-Pd3Lu1,Pd3Lu,Pd,Lu,3.0,1.0,4.086768976203504,-5.915335175,,VASP,L12,4.086768976203504
vasp-Pd3Mg1,Pd3Mg,Pd,Mg,3.0,1.0,3.960867061475205,-4.7715140125,,VASP,L12,3.960867061475205
vasp-Pd3Mn1,Pd3Mn,Pd,Mn,3.0,1.0,3.9100250250874047,-6.3977438325,,VASP,L12,3.9100250250874047
vasp-Pd3Mo1,Pd3Mo,Pd,Mo,3.0,1.0,3.939926862833763,-6.5920232625,,VASP,L12,3.939926862833763
vasp-Pd3Nb1,Pd3Nb,Pd,Nb,3.0,1.0,3.976452292679816,-6.725661665,,VASP,L12,3.976452292679816
vasp-Pd3Nd1,Pd3Nd,Pd,Nd,3.0,1.0,4.16898562943847,-6.548584535,,VASP,L12,4.16898562943847
vasp-Pd3Ni1,Pd3Ni,Pd,Ni,3.0,1.0,3.8466672483832918,-5.2733934275,,VASP,L12,3.8466672483832918
vasp-Pd3Os1,Pd3Os,Pd,Os,3.0,1.0,3.8994133894524365,-6.4139404875,,VASP,L12,3.8994133894524365
vasp-Pd3Pb1,Pd3Pb,Pd,Pb,3.0,1.0,4.1027384680246675,-5.0998273,,VASP,L12,4.1027384680246675
vasp-Pd3Pd1,Pd3Pd,Pd,Pd,3.0,1.0,3.9314355484053753,-5.2289212975,,VASP,L12,3.9314355484053753
vasp-Pd3Pr1,Pd3Pr,Pd,Pr,3.0,1.0,4.1629008250640425,-6.3253099325,,VASP,L12,4.1629008250640425
vasp-Pd3Pt1,Pd3Pt,Pd,Pt,3.0,1.0,3.93334359634142,-5.4753126225,,VASP,L12,3.93334359634142
vasp-Pd3Re1,Pd3Re,Pd,Re,3.0,1.0,3.918230120030329,-6.75208784,,VASP,L12,3.918230120030329
vasp-Pd3Rh1,Pd3Rh,Pd,Rh,3.0,1.0,3.9063608563165455,-5.659900235,,VASP,L12,3.9063608563165455
vasp-Pd3Ru1,Pd3Ru,Pd,Ru,3.0,1.0,3.914350342518802,-6.01430193,,VASP,L12,3.914350342518802
vasp-Pd3Sc1,Pd3Sc,Pd,Sc,3.0,1.0,4.0,-6.3225893525,,VASP,L12,4.0
vasp-Pd3Si1,Pd3Si,Pd,Si,3.0,1.0,3.865822392921071,-5.6879201675,,VASP,L12,3.865822392921071
vasp-Pd3Sm1,Pd3Sm,Pd,Sm,3.0,1.0,4.174940095769505,-7.213262485,,VASP,L12,4.174940095769505
vasp-Pd3Sn1,Pd3Sn,Pd,Sn,3.0,1.0,4.032152719032834,-5.383148295,,VASP,L12,4.032152719032834
vasp-Pd3Sr1,Pd3Sr,Pd,Sr,3.0,1.0,4.255114298992529,-4.653872375,,VASP,L12,4.255114298992529
vasp-Pd3Ta1,Pd3Ta,Pd,Ta,3.0,1.0,3.9591804894654734,-7.19532835,,VASP,L12,3.9591804894654734
vasp-Pd3Tb1,Pd3Tb,Pd,Tb,3.0,1.0,4.034906569943474,-7.6992594975,,VASP,L12,4.034906569943474
vasp-Pd3Tc1,Pd3Tc,Pd,Tc,3.0,1.0,3.929720254145585,-6.3528041025,,VASP,L12,3.929720254145585
vasp-Pd3Ti1,Pd3Ti,Pd,Ti,3.0,1.0,3.9123632361748126,-6.4806323,,VASP,L12,3.9123632361748126
vasp-Pd3Tm1,Pd3Tm,Pd,Tm,3.0,1.0,3.999999999992318,-6.2798005825,,VASP,L12,3.999999999992318
vasp-Pd3V1,Pd3V,Pd,V,3.0,1.0,3.888285111146995,-6.3761958,,VASP,L12,3.888285111146995
vasp-Pd3W1,Pd3W,Pd,W,3.0,1.0,3.9366704180506003,-7.021125415,,VASP,L12,3.9366704180506003
vasp-Pd3Y1,Pd3Y,Pd,Y,3.0,1.0,4.125087597731648,-6.384779575,,VASP,L12,4.125087597731648
vasp-Pd3Zn1,Pd3Zn,Pd,Zn,3.0,1.0,3.905449650452215,-4.502835195,,VASP,L12,3.905449650452215
vasp-Pd3Zr1,Pd3Zr,Pd,Zr,3.0,1.0,4.021640172842503,-6.8482390175,,VASP,L12,4.021640172842503
vasp-Pr3Ag1,Pr3Ag,Pr,Ag,3.0,1.0,4.661391760399705,-5.541850755,,VASP,L12,4.661391760399705
vasp-Pr3Al1,Pr3Al,Pr,Al,3.0,1.0,4.296732134099407,-4.73713451,,VASP,L12,4.296732134099407
vasp-Pr3Au1,Pr3Au,Pr,Au,3.0,1.0,4.657703018393184,-5.9706846675,,VASP,L12,4.657703018393184
vasp-Pr3Ba1,Pr3Ba,Pr,Ba,3.0,1.0,4.9340101240796574,-4.9087314075,,VASP,L12,4.9340101240796574
vasp-Pr3Ca1,Pr3Ca,Pr,Ca,3.0,1.0,4.903615944451978,-5.0616669175,,VASP,L12,4.903615944451978
vasp-Pr3Cd1,Pr3Cd,Pr,Cd,3.0,1.0,4.626490513166733,-5.04810949,,VASP,L12,4.626490513166733
vasp-Pr3Ce1,Pr3Ce,Pr,Ce,3.0,1.0,4.616337892355084,-6.270476655,,VASP,L12,4.616337892355084
vasp-Pr3Co1,Pr3Co,Pr,Co,3.0,1.0,4.415461506963322,-6.5246354875,,VASP,L12,4.415461506963322
vasp-Pr3Cr1,Pr3Cr,Pr,Cr,3.0,1.0,4.585773948252148,-7.0308764975,,VASP,L12,4.585773948252148
vasp-Pr3Cu1,Pr3Cu,Pr,Cu,3.0,1.0,4.443776679756728,-5.6957924775,,VASP,L12,4.443776679756728
vasp-Pr3Dy1,Pr3Dy,Pr,Dy,3.0,1.0,6.631073847161422,,,VASP,L12,6.631073847161422
vasp-Pr3Er1,Pr3Er,Pr,Er,3.0,1.0,4.579504279275734,-5.61679999,,VASP,L12,4.579504279275734
vasp-Pr3Eu1,Pr3Eu,Pr,Eu,3.0,1.0,4.032533052777494,-4.9444105125,,VASP,L12,4.032533052777494
vasp-Pr3Fe1,Pr3Fe,Pr,Fe,3.0,1.0,4.427666516121709,-6.6907716375,,VASP,L12,4.427666516121709
vasp-Pr3Ga1,Pr3Ga,Pr,Ga,3.0,1.0,4.299615309360441,-4.2563219225,,VASP,L12,4.299615309360441
vasp-Pr3Gd1,Pr3Gd,Pr,Gd,3.0,1.0,4.0,-5.7620605925,,VASP,L12,4.0
vasp-Pr3Ge1,Pr3Ge,Pr,Ge,3.0,1.0,4.452898252763415,-6.2959043725,,VASP,L12,4.452898252763415
vasp-Pr3Hf1,Pr3Hf,Pr,Hf,3.0,1.0,4.686653236356108,-7.22970548,,VASP,L12,4.686653236356108
vasp-Pr3Hg1,Pr3Hg,Pr,Hg,3.0,1.0,4.726001347260776,-5.0877294275,,VASP,L12,4.726001347260776
vasp-Pr3Ho1,Pr3Ho,Pr,Ho,3.0,1.0,4.819147285939672,,,VASP,L12,4.819147285939672
vasp-Pr3In1,Pr3In,Pr,In,3.0,1.0,4.769043769966023,-5.7806630575,,VASP,L12,4.769043769966023
vasp-Pr3Ir1,Pr3Ir,Pr,Ir,3.0,1.0,4.507594941296313,-7.3706025375,,VASP,L12,4.507594941296313
vasp-Pr3La1,Pr3La,Pr,La,3.0,1.0,4.826218056733322,-5.9654289925,,VASP,L12,4.826218056733322
vasp-Pr3Lu1,Pr3Lu,Pr,Lu,3.0,1.0,4.781538605492144,-5.8776282825,,VASP,L12,4.781538605492144
vasp-Pr3Mg1,Pr3Mg,Pr,Mg,3.0,1.0,4.7818734500183115,-4.2075632125,,VASP,L12,4.7818734500183115
vasp-Pr3Mn1,Pr3Mn,Pr,Mn,3.0,1.0,4.405800823629173,-6.798017285,,VASP,L12,4.405800823629173
vasp-Pr3Mo1,Pr3Mo,Pr,Mo,3.0,1.0,4.529330858516679,-7.3588774475,,VASP,L12,4.529330858516679
vasp-Pr3Nb1,Pr3Nb,Pr,Nb,3.0,1.0,4.596721831618104,-7.1807062675,,VASP,L12,4.596721831618104
vasp-Pr3Nd1,Pr3Nd,Pr,Nd,3.0,1.0,4.726963997694468,-5.665527445,,VASP,L12,4.726963997694468
vasp-Pr3Ni1,Pr3Ni,Pr,Ni,3.0,1.0,4.449095636216406,-6.232603885,,VASP,L12,4.449095636216406
vasp-Pr3Os1,Pr3Os,Pr,Os,3.0,1.0,4.4904813930103575,-7.674300285,,VASP,L12,4.4904813930103575
vasp-Pr3Pb1,Pr3Pb,Pr,Pb,3.0,1.0,4.876224800248033,-4.5601317925,,VASP,L12,4.876224800248033
vasp-Pr3Pd1,Pr3Pd,Pr,Pd,3.0,1.0,4.375334057727437,-6.3219612325,,VASP,L12,4.375334057727437
vasp-Pr3Pr1,Pr3Pr,Pr,Pr,3.0,1.0,4.698600934138745,-6.451233935,,VASP,L12,4.698600934138745
vasp-Pr3Pt1,Pr3Pt,Pr,Pt,3.0,1.0,4.563637563956725,-6.8435971025,,VASP,L12,4.563637563956725
vasp-Pr3Re1,Pr3Re,Pr,Re,3.0,1.0,4.495065355114334,-7.7952723125,,VASP,L12,4.495065355114334
vasp-Pr3Rh1,Pr3Rh,Pr,Rh,3.0,1.0,4.4155009216401035,-6.6251619075,,VASP,L12,4.4155009216401035
vasp-Pr3Ru1,Pr3Ru,Pr,Ru,3.0,1.0,4.490062773700539,-7.2102018,,VASP,L12,4.490062773700539
vasp-Pr3Sc1,Pr3Sc,Pr,Sc,3.0,1.0,4.726300269703356,-6.349134775,,VASP,L12,4.726300269703356
vasp-Pr3Si1,Pr3Si,Pr,Si,3.0,1.0,4.407289842608862,-6.493640615,,VASP,L12,4.407289842608862
vasp-Pr3Sm1,Pr3Sm,Pr,Sm,3.0,1.0,4.0,,,VASP,L12,4.0
vasp-Pr3Sn1,Pr3Sn,Pr,Sn,3.0,1.0,4.686737843854699,-4.96826059,,VASP,L12,4.686737843854699
vasp-Pr3Sr1,Pr3Sr,Pr,Sr,3.0,1.0,4.941582738715657,-4.8477489925,,VASP,L12,4.941582738715657
vasp-Pr3Ta1,Pr3Ta,Pr,Ta,3.0,1.0,4.588579951356359,-7.57413718,,VASP,L12,4.588579951356359
vasp-Pr3Tb1,Pr3Tb,Pr,Tb,3.0,1.0,4.681432591505376,,,VASP,L12,4.681432591505376
vasp-Pr3Tc1,Pr3Tc,Pr,Tc,3.0,1.0,4.495505627402859,-7.3585254975,,VASP,L12,4.495505627402859
vasp-Pr3Ti1,Pr3Ti,Pr,Ti,3.0,1.0,4.596171402220102,-6.6748431975,,VASP,L12,4.596171402220102
vasp-Pr3Tm1,Pr3Tm,Pr,Tm,3.0,1.0,3.926666845987,-5.401668515,,VASP,L12,3.926666845987
vasp-Pr3V1,Pr3V,Pr,V,3.0,1.0,4.561005828611883,-6.881086635,,VASP,L12,4.561005828611883
vasp-Pr3W1,Pr3W,Pr,W,3.0,1.0,4.527077000865829,-7.7673541075,,VASP,L12,4.527077000865829
vasp-Pr3Y1,Pr3Y,Pr,Y,3.0,1.0,4.8307179454581215,-6.3429681875,,VASP,L12,4.8307179454581215
vasp-Pr3Zn1,Pr3Zn,Pr,Zn,3.0,1.0,4.551117517498559,-5.237143675,,VASP,L12,4.551117517498559
vasp-Pr3Zr1,Pr3Zr,Pr,Zr,3.0,1.0,4.687764733360891,-6.87920719,,VASP,L12,4.687764733360891
vasp-Pt3Ag1,Pt3Ag,Pt,Ag,3.0,1.0,3.9920910508205942,-5.2247867375,,VASP,L12,3.9920910508205942
vasp-Pt3Al1,Pt3Al,Pt,Al,3.0,1.0,3.9129760073457986,-6.20528758,,VASP,L12,3.9129760073457986
vasp-Pt3Au1,Pt3Au,Pt,Au,3.0,1.0,4.005910708115939,-5.3246075375,,VASP,L12,4.005910708115939
vasp-Pt3Ba1,Pt3Ba,Pt,Ba,3.0,1.0,4.352238159475718,-5.0609796125,,VASP,L12,4.352238159475718
vasp-Pt3Ca1,Pt3Ca,Pt,Ca,3.0,1.0,4.094431804622587,-5.6199916325,,VASP,L12,4.094431804622587
vasp-Pt3Cd1,Pt3Cd,Pt,Cd,3.0,1.0,4.037881826658575,-4.9172332775,,VASP,L12,4.037881826658575
vasp-Pt3Ce1,Pt3Ce,Pt,Ce,3.0,1.0,4.164767210357459,-7.0014724725,,VASP,L12,4.164767210357459
vasp-Pt3Co1,Pt3Co,Pt,Co,3.0,1.0,3.8780081139647753,-6.39926488,,VASP,L12,3.8780081139647753
vasp-Pt3Cr1,Pt3Cr,Pt,Cr,3.0,1.0,3.905236202254753,-7.211984745,,VASP,L12,3.905236202254753
vasp-Pt3Cu1,Pt3Cu,Pt,Cu,3.0,1.0,3.892371801113219,-5.6239046525,,VASP,L12,3.892371801113219
vasp-Pt3Dy1,Pt3Dy,Pt,Dy,3.0,1.0,4.0,-7.976796795,,VASP,L12,4.0
vasp-Pt3Er1,Pt3Er,Pt,Er,3.0,1.0,4.1087869436940245,-7.3389733075,,VASP,L12,4.1087869436940245
vasp-Pt3Eu1,Pt3Eu,Pt,Eu,3.0,1.0,4.0,-7.572404015,,VASP,L12,4.0
vasp-Pt3Fe1,Pt3Fe,Pt,Fe,3.0,1.0,3.9062366898556258,-6.8338635625,,VASP,L12,3.9062366898556258
vasp-Pt3Ga1,Pt3Ga,Pt,Ga,3.0,1.0,3.9343897759137305,-5.7617336225,,VASP,L12,3.9343897759137305
vasp-Pt3Gd1,Pt3Gd,Pt,Gd,3.0,1.0,4.143334430450584,-9.0182321125,,VASP,L12,4.143334430450584
vasp-Pt3Ge1,Pt3Ge,Pt,Ge,3.0,1.0,3.962634614359859,-5.93715728,,VASP,L12,3.962634614359859
vasp-Pt3Hf1,Pt3Hf,Pt,Hf,3.0,1.0,4.0202707446152095,-8.16417408,,VASP,L12,4.0202707446152095
vasp-Pt3Hg1,Pt3Hg,Pt,Hg,3.0,1.0,4.060006031776636,-4.53312661,,VASP,L12,4.060006031776636
vasp-Pt3Ho1,Pt3Ho,Pt,Ho,3.0,1.0,4.0,-7.58968168,,VASP,L12,4.0
vasp-Pt3In1,Pt3In,Pt,In,3.0,1.0,4.043796053350067,-5.58435041,,VASP,L12,4.043796053350067
vasp-Pt3Ir1,Pt3Ir,Pt,Ir,3.0,1.0,3.9391218398772008,-6.717971205,,VASP,L12,3.9391218398772008
vasp-Pt3La1,Pt3La,Pt,La,3.0,1.0,4.234329853936762,-6.60992791,,VASP,L12,4.234329853936762
vasp-Pt3Lu1,Pt3Lu,Pt,Lu,3.0,1.0,4.081550865772717,-6.70637844,,VASP,L12,4.081550865772717
vasp-Pt3Mg1,Pt3Mg,Pt,Mg,3.0,1.0,3.9571855751371174,-5.53045604,,VASP,L12,3.9571855751371174
vasp-Pt3Mn1,Pt3Mn,Pt,Mn,3.0,1.0,3.9179290850163846,-7.177056225,,VASP,L12,3.9179290850163846
vasp-Pt3Mo1,Pt3Mo,Pt,Mo,3.0,1.0,3.96421336565495,-7.4388570825,,VASP,L12,3.96421336565495
vasp-Pt3Nb1,Pt3Nb,Pt,Nb,3.0,1.0,3.9996151941547655,-7.59914312,,VASP,L12,3.9996151941547655
vasp-Pt3Nd1,Pt3Nd,Pt,Nd,3.0,1.0,4.15840062852278,-6.91288315,,VASP,L12,4.15840062852278
vasp-Pt3Ni1,Pt3Ni,Pt,Ni,3.0,1.0,3.8697922637833524,-6.0239495175,,VASP,L12,3.8697922637833524
vasp-Pt3Os1,Pt3Os,Pt,Os,3.0,1.0,3.9296657659805563,-7.203656515,,VASP,L12,3.9296657659805563
vasp-Pt3Pb1,Pt3Pb,Pt,Pb,3.0,1.0,4.120812213584478,-5.5513502925,,VASP,L12,4.120812213584478
vasp-Pt3Pd1,Pt3Pd,Pt,Pd,3.0,1.0,3.950684418444985,-5.92264069,,VASP,L12,3.950684418444985
vasp-Pt3Pr1,Pt3Pr,Pt,Pr,3.0,1.0,4.157829086330158,-7.089951555,,VASP,L12,4.157829086330158
vasp-Pt3Pt1,Pt3Pt,Pt,Pt,3.0,1.0,3.9617627606570043,-6.1182506275,,VASP,L12,3.9617627606570043
vasp-Pt3Re1,Pt3Re,Pt,Re,3.0,1.0,3.9459791788255276,-7.55850535,,VASP,L12,3.9459791788255276
vasp-Pt3Rh1,Pt3Rh,Pt,Rh,3.0,1.0,3.9263969752198524,-6.418886715,,VASP,L12,3.9263969752198524
vasp-Pt3Ru1,Pt3Ru,Pt,Ru,3.0,1.0,3.9190593807568064,-6.8378673125,,VASP,L12,3.9190593807568064
vasp-Pt3Sc1,Pt3Sc,Pt,Sc,3.0,1.0,4.0,-7.1674851475,,VASP,L12,4.0
vasp-Pt3Si1,Pt3Si,Pt,Si,3.0,1.0,3.905550928487628,-6.2544812175,,VASP,L12,3.905550928487628
vasp-Pt3Sm1,Pt3Sm,Pt,Sm,3.0,1.0,4.1721877705841175,-7.3133518825,,VASP,L12,4.1721877705841175
vasp-Pt3Sn1,Pt3Sn,Pt,Sn,3.0,1.0,4.053002023181321,-5.914547455,,VASP,L12,4.053002023181321
vasp-Pt3Sr1,Pt3Sr,Pt,Sr,3.0,1.0,4.214373744440139,-5.2809911875,,VASP,L12,4.214373744440139
vasp-Pt3Ta1,Pt3Ta,Pt,Ta,3.0,1.0,3.9876372488486727,-8.07915454,,VASP,L12,3.9876372488486727
vasp-Pt3Tb1,Pt3Tb,Pt,Tb,3.0,1.0,4.590340971498041,-10.95363204,,VASP,L12,4.590340971498041
vasp-Pt3Tc1,Pt3Tc,Pt,Tc,3.0,1.0,3.9368728823953885,-7.1670293275,,VASP,L12,3.9368728823953885
vasp-Pt3Ti1,Pt3Ti,Pt,Ti,3.0,1.0,3.939133054342777,-7.3541071925,,VASP,L12,3.939133054342777
vasp-Pt3Tm1,Pt3Tm,Pt,Tm,3.0,1.0,3.999270898149499,-7.041638475,,VASP,L12,3.999270898149499
vasp-Pt3V1,Pt3V,Pt,V,3.0,1.0,3.9102472371048185,-7.248536855,,VASP,L12,3.9102472371048185
vasp-Pt3W1,Pt3W,Pt,W,3.0,1.0,3.9655521345802716,-7.866851395,,VASP,L12,3.9655521345802716
vasp-Pt3Y1,Pt3Y,Pt,Y,3.0,1.0,4.118097391345522,-7.1551001625,,VASP,L12,4.118097391345522
vasp-Pt3Zn1,Pt3Zn,Pt,Zn,3.0,1.0,3.9261693196929808,-5.1617141875,,VASP,L12,3.9261693196929808
vasp-Pt3Zr1,Pt3Zr,Pt,Zr,3.0,1.0,4.040698303807153,-7.735435645,,VASP,L12,4.040698303807153
vasp-Re3Ag1,Re3Ag,Re,Ag,3.0,1.0,3.9254563521427746,-9.4227375575,,VASP,L12,3.9254563521427746
vasp-Re3Al1,Re3Al,Re,Al,3.0,1.0,3.895376218054154,-10.0540770475,,VASP,L12,3.895376218054154
vasp-Re3Au1,Re3Au,Re,Au,3.0,1.0,3.932375683809532,-9.7628487925,,VASP,L12,3.932375683809532
vasp-Re3Ba1,Re3Ba,Re,Ba,3.0,1.0,4.228915847212568,-7.64592183,,VASP,L12,4.228915847212568
vasp-Re3Ca1,Re3Ca,Re,Ca,3.0,1.0,4.0707420424668435,-8.6985307775,,VASP,L12,4.0707420424668435
vasp-Re3Cd1,Re3Cd,Re,Cd,3.0,1.0,3.979390180901658,-8.7371311275,,VASP,L12,3.979390180901658
vasp-Re3Ce1,Re3Ce,Re,Ce,3.0,1.0,4.120049135286324,-10.05962396,,VASP,L12,4.120049135286324
vasp-Re3Co1,Re3Co,Re,Co,3.0,1.0,3.8061345624626806,-11.060289595,,VASP,L12,3.8061345624626806
vasp-Re3Cr1,Re3Cr,Re,Cr,3.0,1.0,3.8473769006202505,-11.546583435,,VASP,L12,3.8473769006202505
vasp-Re3Cu1,Re3Cu,Re,Cu,3.0,1.0,3.8398980179277507,-9.9693465475,,VASP,L12,3.8398980179277507
vasp-Re3Dy1,Re3Dy,Re,Dy,3.0,1.0,6.952981500108274,-10.9382039225,,VASP,L12,6.952981500108274
vasp-Re3Er1,Re3Er,Re,Er,3.0,1.0,3.9999999999652727,-10.4689989675,,VASP,L12,3.9999999999652727
vasp-Re3Eu1,Re3Eu,Re,Eu,3.0,1.0,3.9951776625327136,-9.7596200625,,VASP,L12,3.9951776625327136
vasp-Re3Fe1,Re3Fe,Re,Fe,3.0,1.0,3.810943744819919,-11.31135951,,VASP,L12,3.810943744819919
vasp-Re3Ga1,Re3Ga,Re,Ga,3.0,1.0,3.9031568922543154,-9.6534662075,,VASP,L12,3.9031568922543154
vasp-Re3Gd1,Re3Gd,Re,Gd,3.0,1.0,4.0,-11.945112215,,VASP,L12,4.0
vasp-Re3Ge1,Re3Ge,Re,Ge,3.0,1.0,3.9094818988438926,-9.8706968275,,VASP,L12,3.9094818988438926
vasp-Re3Hf1,Re3Hf,Re,Hf,3.0,1.0,4.018489254349105,-11.6316922725,,VASP,L12,4.018489254349105
vasp-Re3Hg1,Re3Hg,Re,Hg,3.0,1.0,3.986795742547507,-8.512202,,VASP,L12,3.986795742547507
vasp-Re3Ho1,Re3Ho,Re,Ho,3.0,1.0,3.5266022608374734,-10.604236865,,VASP,L12,3.5266022608374734
vasp-Re3In1,Re3In,Re,In,3.0,1.0,4.013658930792309,-9.195627415,,VASP,L12,4.013658930792309
vasp-Re3Ir1,Re3Ir,Re,Ir,3.0,1.0,3.8905400945883066,-11.63311804,,VASP,L12,3.8905400945883066
vasp-Re3La1,Re3La,Re,La,3.0,1.0,4.188312807843932,-9.3418211875,,VASP,L12,4.188312807843932
vasp-Re3Lu1,Re3Lu,Re,Lu,3.0,1.0,4.064178718275101,-9.882945845,,VASP,L12,4.064178718275101
vasp-Re3Mg1,Re3Mg,Re,Mg,3.0,1.0,3.9345194200663167,-9.177403605,,VASP,L12,3.9345194200663167
vasp-Re3Mn1,Re3Mn,Re,Mn,3.0,1.0,3.8256538349382594,-11.474280535,,VASP,L12,3.8256538349382594
vasp-Re3Mo1,Re3Mo,Re,Mo,3.0,1.0,3.9262616745646466,-11.922772405,,VASP,L12,3.9262616745646466
vasp-Re3Nb1,Re3Nb,Re,Nb,3.0,1.0,3.9771693902747582,-11.694752365,,VASP,L12,3.9771693902747582
vasp-Re3Nd1,Re3Nd,Re,Nd,3.0,1.0,4.060702761043279,-10.4633597225,,VASP,L12,4.060702761043279
vasp-Re3Ni1,Re3Ni,Re,Ni,3.0,1.0,3.8133834580569,-10.6825649425,,VASP,L12,3.8133834580569
vasp-Re3Os1,Re3Os,Re,Os,3.0,1.0,3.894496292535436,-12.0869525575,,VASP,L12,3.894496292535436
vasp-Re3Pb1,Re3Pb,Re,Pb,3.0,1.0,4.065696374556673,-9.0056751,,VASP,L12,4.065696374556673
vasp-Re3Pd1,Re3Pd,Re,Pd,3.0,1.0,3.891346051194189,-10.53662084,,VASP,L12,3.891346051194189
vasp-Re3Pr1,Re3Pr,Re,Pr,3.0,1.0,4.0770264639226825,-10.3530381675,,VASP,L12,4.0770264639226825
vasp-Re3Pt1,Re3Pt,Re,Pt,3.0,1.0,3.903271877480962,-10.9056266875,,VASP,L12,3.903271877480962
vasp-Re3Re1,Re3Re,Re,Re,3.0,1.0,3.909997352493024,-12.3706934425,,VASP,L12,3.909997352493024
vasp-Re3Rh1,Re3Rh,Re,Rh,3.0,1.0,3.877532096102757,-11.1832370025,,VASP,L12,3.877532096102757
vasp-Re3Ru1,Re3Ru,Re,Ru,3.0,1.0,3.881462404327585,-11.5955070775,,VASP,L12,3.881462404327585
vasp-Re3Sc1,Re3Sc,Re,Sc,3.0,1.0,3.9965116237497202,-10.5455857225,,VASP,L12,3.9965116237497202
vasp-Re3Si1,Re3Si,Re,Si,3.0,1.0,3.8622174986991653,-10.345326425,,VASP,L12,3.8622174986991653
vasp-Re3Sm1,Re3Sm,Re,Sm,3.0,1.0,4.043214765095263,-10.52723649,,VASP,L12,4.043214765095263
vasp-Re3Sn1,Re3Sn,Re,Sn,3.0,1.0,4.017037423619491,-9.53737926,,VASP,L12,4.017037423619491
vasp-Re3Sr1,Re3Sr,Re,Sr,3.0,1.0,4.1710662668144565,-8.0631885975,,VASP,L12,4.1710662668144565
vasp-Re3Ta1,Re3Ta,Re,Ta,3.0,1.0,3.973294160842637,-12.19559764,,VASP,L12,3.973294160842637
vasp-Re3Tb1,Re3Tb,Re,Tb,3.0,1.0,4.031982169543188,-10.5121362825,,VASP,L12,4.031982169543188
vasp-Re3Tc1,Re3Tc,Re,Tc,3.0,1.0,3.8987361896613684,-11.850560935,,VASP,L12,3.8987361896613684
vasp-Re3Ti1,Re3Ti,Re,Ti,3.0,1.0,3.927379621107354,-11.193961275,,VASP,L12,3.927379621107354
vasp-Re3Tm1,Re3Tm,Re,Tm,3.0,1.0,4.062761685409874,-10.3294323775,,VASP,L12,4.062761685409874
vasp-Re3V1,Re3V,Re,V,3.0,1.0,3.879349765425053,-11.4804600325,,VASP,L12,3.879349765425053
vasp-Re3W1,Re3W,Re,W,3.0,1.0,3.935069508915376,-12.43706697,,VASP,L12,3.935069508915376
vasp-Re3Y1,Re3Y,Re,Y,3.0,1.0,4.104657003029501,-10.1902769725,,VASP,L12,4.104657003029501
vasp-Re3Zn1,Re3Zn,Re,Zn,3.0,1.0,3.8803629044286545,-9.1931806525,,VASP,L12,3.8803629044286545
vasp-Re3Zr1,Re3Zr,Re,Zr,3.0,1.0,4.033260289793169,-11.1913615025,,VASP,L12,4.033260289793169
vasp-Rh3Ag1,Rh3Ag,Rh,Ag,3.0,1.0,3.898069622640652,-5.852217035,,VASP,L12,3.898069622640652
vasp-Rh3Al1,Rh3Al,Rh,Al,3.0,1.0,3.8200741593640366,-6.8539330125,,VASP,L12,3.8200741593640366
vasp-Rh3Au1,Rh3Au,Rh,Au,3.0,1.0,3.905634877569062,-6.082397985,,VASP,L12,3.905634877569062
vasp-Rh3Ba1,Rh3Ba,Rh,Ba,3.0,1.0,4.252576036411536,-5.368878365,,VASP,L12,4.252576036411536
vasp-Rh3Ca1,Rh3Ca,Rh,Ca,3.0,1.0,4.016475218262757,-5.9601405175,,VASP,L12,4.016475218262757
vasp-Rh3Cd1,Rh3Cd,Rh,Cd,3.0,1.0,3.9395725429247337,-5.554022925,,VASP,L12,3.9395725429247337
vasp-Rh3Ce1,Rh3Ce,Rh,Ce,3.0,1.0,4.052496816021549,-7.55325835,,VASP,L12,4.052496816021549
vasp-Rh3Co1,Rh3Co,Rh,Co,3.0,1.0,3.771961706924235,-7.187017255,,VASP,L12,3.771961706924235
vasp-Rh3Cr1,Rh3Cr,Rh,Cr,3.0,1.0,3.76490547929006,-7.9049660025,,VASP,L12,3.76490547929006
vasp-Rh3Cu1,Rh3Cu,Rh,Cu,3.0,1.0,3.7903218094602273,-6.2922830675,,VASP,L12,3.7903218094602273
vasp-Rh3Dy1,Rh3Dy,Rh,Dy,3.0,1.0,4.016203534739338,-8.494357445,,VASP,L12,4.016203534739338
vasp-Rh3Er1,Rh3Er,Rh,Er,3.0,1.0,4.010174010849456,-7.7630042575,,VASP,L12,4.010174010849456
vasp-Rh3Eu1,Rh3Eu,Rh,Eu,3.0,1.0,4.118299457391338,-6.7690700475,,VASP,L12,4.118299457391338
vasp-Rh3Fe1,Rh3Fe,Rh,Fe,3.0,1.0,3.742877347793203,-7.44675499,,VASP,L12,3.742877347793203
vasp-Rh3Ga1,Rh3Ga,Rh,Ga,3.0,1.0,3.8321735705050344,-6.4638307725,,VASP,L12,3.8321735705050344
vasp-Rh3Gd1,Rh3Gd,Rh,Gd,3.0,1.0,4.055957993194188,-9.401800585,,VASP,L12,4.055957993194188
vasp-Rh3Ge1,Rh3Ge,Rh,Ge,3.0,1.0,3.8396530311845214,-6.7968483575,,VASP,L12,3.8396530311845214
vasp-Rh3Hf1,Rh3Hf,Rh,Hf,3.0,1.0,3.9286945350221565,-8.70982667,,VASP,L12,3.9286945350221565
vasp-Rh3Hg1,Rh3Hg,Rh,Hg,3.0,1.0,3.959729953944693,-5.26610503,,VASP,L12,3.959729953944693
vasp-Rh3Ho1,Rh3Ho,Rh,Ho,3.0,1.0,3.995086996947066,-8.08429563,,VASP,L12,3.995086996947066
vasp-Rh3In1,Rh3In,Rh,In,3.0,1.0,3.950913104362231,-6.2222568475,,VASP,L12,3.950913104362231
vasp-Rh3Ir1,Rh3Ir,Rh,Ir,3.0,1.0,3.8311143637865004,-7.6898141,,VASP,L12,3.8311143637865004
vasp-Rh3La1,Rh3La,Rh,La,3.0,1.0,4.13219096879602,-6.9857773,,VASP,L12,4.13219096879602
vasp-Rh3Lu1,Rh3Lu,Rh,Lu,3.0,1.0,4.003604197286104,-7.092363315,,VASP,L12,4.003604197286104
vasp-Rh3Mg1,Rh3Mg,Rh,Mg,3.0,1.0,3.870620773194684,-6.0254447875,,VASP,L12,3.870620773194684
vasp-Rh3Mn1,Rh3Mn,Rh,Mn,3.0,1.0,3.7507911977575903,-7.6916955475,,VASP,L12,3.7507911977575903
vasp-Rh3Mo1,Rh3Mo,Rh,Mo,3.0,1.0,3.8468035641319913,-8.3703906225,,VASP,L12,3.8468035641319913
vasp-Rh3Nb1,Rh3Nb,Rh,Nb,3.0,1.0,3.8917237391342194,-8.4910424925,,VASP,L12,3.8917237391342194
vasp-Rh3Nd1,Rh3Nd,Rh,Nd,3.0,1.0,4.02350559559635,-7.5988703675,,VASP,L12,4.02350559559635
vasp-Rh3Ni1,Rh3Ni,Rh,Ni,3.0,1.0,3.7685445874748944,-6.7908907925,,VASP,L12,3.7685445874748944
vasp-Rh3Os1,Rh3Os,Rh,Os,3.0,1.0,3.8257797000647855,-8.185796415,,VASP,L12,3.8257797000647855
vasp-Rh3Pb1,Rh3Pb,Rh,Pb,3.0,1.0,4.009295019192646,-6.2569519975,,VASP,L12,4.009295019192646
vasp-Rh3Pd1,Rh3Pd,Rh,Pd,3.0,1.0,3.8470483893935494,-6.6722778925,,VASP,L12,3.8470483893935494
vasp-Rh3Pr1,Rh3Pr,Rh,Pr,3.0,1.0,4.0243603454333865,-7.6251334175,,VASP,L12,4.0243603454333865
vasp-Rh3Pt1,Rh3Pt,Rh,Pt,3.0,1.0,3.8560250735906476,-7.0016056525,,VASP,L12,3.8560250735906476
vasp-Rh3Re1,Rh3Re,Rh,Re,3.0,1.0,3.834320039917329,-8.58484921,,VASP,L12,3.834320039917329
vasp-Rh3Rh1,Rh3Rh,Rh,Rh,3.0,1.0,3.819294204447773,-7.2807265475,,VASP,L12,3.819294204447773
vasp-Rh3Ru1,Rh3Ru,Rh,Ru,3.0,1.0,3.81419493101307,-7.7283115675,,VASP,L12,3.81419493101307
vasp-Rh3Sc1,Rh3Sc,Rh,Sc,3.0,1.0,3.919688570084973,-7.61815363,,VASP,L12,3.919688570084973
vasp-Rh3Si1,Rh3Si,Rh,Si,3.0,1.0,3.7840698082435096,-7.1593105925,,VASP,L12,3.7840698082435096
vasp-Rh3Sm1,Rh3Sm,Rh,Sm,3.0,1.0,3.9642381669886158,-7.63577985,,VASP,L12,3.9642381669886158
vasp-Rh3Sn1,Rh3Sn,Rh,Sn,3.0,1.0,3.95019120147803,-6.64794762,,VASP,L12,3.95019120147803
vasp-Rh3Sr1,Rh3Sr,Rh,Sr,3.0,1.0,4.132525899135157,-5.5808022175,,VASP,L12,4.132525899135157
vasp-Rh3Ta1,Rh3Ta,Rh,Ta,3.0,1.0,3.879533272622064,-9.032265015,,VASP,L12,3.879533272622064
vasp-Rh3Tb1,Rh3Tb,Rh,Tb,3.0,1.0,3.9999999997807407,-8.41911342,,VASP,L12,3.9999999997807407
vasp-Rh3Tc1,Rh3Tc,Rh,Tc,3.0,1.0,3.8234653998656785,-8.0877628475,,VASP,L12,3.8234653998656785
vasp-Rh3Ti1,Rh3Ti,Rh,Ti,3.0,1.0,3.8373140049941505,-8.02204041,,VASP,L12,3.8373140049941505
vasp-Rh3Tm1,Rh3Tm,Rh,Tm,3.0,1.0,4.000369372621956,-7.4108559625,,VASP,L12,4.000369372621956
vasp-Rh3V1,Rh3V,Rh,V,3.0,1.0,3.790889924404775,-8.067263035,,VASP,L12,3.790889924404775
vasp-Rh3W1,Rh3W,Rh,W,3.0,1.0,3.8501638906058266,-8.9309177425,,VASP,L12,3.8501638906058266
vasp-Rh3Y1,Rh3Y,Rh,Y,3.0,1.0,4.03665432981216,-7.5279817125,,VASP,L12,4.03665432981216
vasp-Rh3Zn1,Rh3Zn,Rh,Zn,3.0,1.0,3.821069861114578,-5.8538726125,,VASP,L12,3.821069861114578
vasp-Rh3Zr1,Rh3Zr,Rh,Zr,3.0,1.0,3.948430154365177,-8.2775627825,,VASP,L12,3.948430154365177
vasp-Ru3Ag1,Ru3Ag,Ru,Ag,3.0,1.0,3.883110245990369,-6.995238965,,VASP,L12,3.883110245990369
vasp-Ru3Al1,Ru3Al,Ru,Al,3.0,1.0,3.820304541493604,-7.8765515675,,VASP,L12,3.820304541493604
vasp-Ru3Au1,Ru3Au,Ru,Au,3.0,1.0,3.877882765712646,-7.3026593425,,VASP,L12,3.877882765712646
vasp-Ru3Ba1,Ru3Ba,Ru,Ba,3.0,1.0,4.196899749389291,-5.9974268,,VASP,L12,4.196899749389291
vasp-Ru3Ca1,Ru3Ca,Ru,Ca,3.0,1.0,4.014124956911178,-6.7286985025,,VASP,L12,4.014124956911178
vasp-Ru3Cd1,Ru3Cd,Ru,Cd,3.0,1.0,3.9346227769980984,-6.538298695,,VASP,L12,3.9346227769980984
vasp-Ru3Ce1,Ru3Ce,Ru,Ce,3.0,1.0,4.038666856995669,-8.395884965,,VASP,L12,4.038666856995669
vasp-Ru3Co1,Ru3Co,Ru,Co,3.0,1.0,3.7238098441394243,-8.55472973,,VASP,L12,3.7238098441394243
vasp-Ru3Cr1,Ru3Cr,Ru,Cr,3.0,1.0,3.756820351119595,-9.217849675,,VASP,L12,3.756820351119595
vasp-Ru3Cu1,Ru3Cu,Ru,Cu,3.0,1.0,3.7768912447456535,-7.4905264975,,VASP,L12,3.7768912447456535
vasp-Ru3Dy1,Ru3Dy,Ru,Dy,3.0,1.0,3.8879988566204142,-9.0131061225,,VASP,L12,3.8879988566204142
vasp-Ru3Er1,Ru3Er,Ru,Er,3.0,1.0,3.928113677878308,-8.6181904575,,VASP,L12,3.928113677878308
vasp-Ru3Eu1,Ru3Eu,Ru,Eu,3.0,1.0,3.7928319131376718,-7.6720656575,,VASP,L12,3.7928319131376718
vasp-Ru3Fe1,Ru3Fe,Ru,Fe,3.0,1.0,3.7248852026306465,-8.857773035,,VASP,L12,3.7248852026306465
vasp-Ru3Ga1,Ru3Ga,Ru,Ga,3.0,1.0,3.826206997647786,-7.515425025,,VASP,L12,3.826206997647786
vasp-Ru3Gd1,Ru3Gd,Ru,Gd,3.0,1.0,6.489755197188703,-8.612853225,,VASP,L12,6.489755197188703
vasp-Ru3Ge1,Ru3Ge,Ru,Ge,3.0,1.0,3.8307479911634097,-7.82544062,,VASP,L12,3.8307479911634097
vasp-Ru3Hf1,Ru3Hf,Ru,Hf,3.0,1.0,3.936237349623157,-9.6133979425,,VASP,L12,3.936237349623157
vasp-Ru3Hg1,Ru3Hg,Ru,Hg,3.0,1.0,3.9571677371416616,-6.3021348725,,VASP,L12,3.9571677371416616
vasp-Ru3Ho1,Ru3Ho,Ru,Ho,3.0,1.0,6.030610678886566,-8.9750989025,,VASP,L12,6.030610678886566
vasp-Ru3In1,Ru3In,Ru,In,3.0,1.0,3.9444932573986136,-7.17687141,,VASP,L12,3.9444932573986136
vasp-Ru3Ir1,Ru3Ir,Ru,Ir,3.0,1.0,3.8157175503357483,-9.133229335,,VASP,L12,3.8157175503357483
vasp-Ru3La1,Ru3La,Ru,La,3.0,1.0,4.112136497258252,-7.686756215,,VASP,L12,4.112136497258252
vasp-Ru3Lu1,Ru3Lu,Ru,Lu,3.0,1.0,4.000882390297333,-7.90988662,,VASP,L12,4.000882390297333
vasp-Ru3Mg1,Ru3Mg,Ru,Mg,3.0,1.0,3.8639722112132455,-6.9828980175,,VASP,L12,3.8639722112132455
vasp-Ru3Mn1,Ru3Mn,Ru,Mn,3.0,1.0,3.736473258188617,-9.0685383375,,VASP,L12,3.736473258188617
vasp-Ru3Mo1,Ru3Mo,Ru,Mo,3.0,1.0,3.8394738481419854,-9.6683693375,,VASP,L12,3.8394738481419854
vasp-Ru3Nb1,Ru3Nb,Ru,Nb,3.0,1.0,3.8943933734149536,-9.567578815,,VASP,L12,3.8943933734149536
vasp-Ru3Nd1,Ru3Nd,Ru,Nd,3.0,1.0,3.9890949510126124,-8.6271279775,,VASP,L12,3.9890949510126124
vasp-Ru3Ni1,Ru3Ni,Ru,Ni,3.0,1.0,3.739535877997788,-8.11111779,,VASP,L12,3.739535877997788
vasp-Ru3Os1,Ru3Os,Ru,Os,3.0,1.0,3.8113065463283946,-9.663825035,,VASP,L12,3.8113065463283946
vasp-Ru3Pb1,Ru3Pb,Ru,Pb,3.0,1.0,3.993185204267588,-7.1613180575,,VASP,L12,3.993185204267588
vasp-Ru3Pd1,Ru3Pd,Ru,Pd,3.0,1.0,3.8266492823176654,-7.99399546,,VASP,L12,3.8266492823176654
vasp-Ru3Pr1,Ru3Pr,Ru,Pr,3.0,1.0,4.0028020145523255,-8.605174425,,VASP,L12,4.0028020145523255
vasp-Ru3Pt1,Ru3Pt,Ru,Pt,3.0,1.0,3.836440089160395,-8.386483185,,VASP,L12,3.836440089160395
vasp-Ru3Re1,Ru3Re,Ru,Re,3.0,1.0,3.8246501211478328,-10.0058709125,,VASP,L12,3.8246501211478328
vasp-Ru3Rh1,Ru3Rh,Ru,Rh,3.0,1.0,3.8025797219963047,-8.684274445,,VASP,L12,3.8025797219963047
vasp-Ru3Ru1,Ru3Ru,Ru,Ru,3.0,1.0,3.79892355359193,-9.1577388625,,VASP,L12,3.79892355359193
vasp-Ru3Sc1,Ru3Sc,Ru,Sc,3.0,1.0,3.9217014581971026,-8.4994085575,,VASP,L12,3.9217014581971026
vasp-Ru3Si1,Ru3Si,Ru,Si,3.0,1.0,3.779024110114099,-8.23993427,,VASP,L12,3.779024110114099
vasp-Ru3Sm1,Ru3Sm,Ru,Sm,3.0,1.0,4.0,-9.6802469525,,VASP,L12,4.0
vasp-Ru3Sn1,Ru3Sn,Ru,Sn,3.0,1.0,3.944374051796453,-7.599978825,,VASP,L12,3.944374051796453
vasp-Ru3Sr1,Ru3Sr,Ru,Sr,3.0,1.0,4.127969611295389,-6.2548481025,,VASP,L12,4.127969611295389
vasp-Ru3Ta1,Ru3Ta,Ru,Ta,3.0,1.0,3.884570474465707,-10.0963225075,,VASP,L12,3.884570474465707
vasp-Ru3Tb1,Ru3Tb,Ru,Tb,3.0,1.0,3.8535158102594504,-9.1249880075,,VASP,L12,3.8535158102594504
vasp-Ru3Tc1,Ru3Tc,Ru,Tc,3.0,1.0,3.810979686390763,-9.4808387975,,VASP,L12,3.810979686390763
vasp-Ru3Ti1,Ru3Ti,Ru,Ti,3.0,1.0,3.841842021911556,-9.0404856525,,VASP,L12,3.841842021911556
vasp-Ru3Tm1,Ru3Tm,Ru,Tm,3.0,1.0,3.9980600496252174,-8.357157335,,VASP,L12,3.9980600496252174
vasp-Ru3V1,Ru3V,Ru,V,3.0,1.0,3.7883939911854974,-9.2476655975,,VASP,L12,3.7883939911854974
vasp-Ru3W1,Ru3W,Ru,W,3.0,1.0,3.844461660303687,-10.21819406,,VASP,L12,3.844461660303687
vasp-Ru3Y1,Ru3Y,Ru,Y,3.0,1.0,4.037232506962056,-8.3015932825,,VASP,L12,4.037232506962056
vasp-Ru3Zn1,Ru3Zn,Ru,Zn,3.0,1.0,3.8126711904352506,-6.9226954175,,VASP,L12,3.8126711904352506
vasp-Ru3Zr1,Ru3Zr,Ru,Zr,3.0,1.0,3.9528593532234226,-9.18780299,,VASP,L12,3.9528593532234226
vasp-Sc3Ag1,Sc3Ag,Sc,Ag,3.0,1.0,4.4384503305886565,-5.3819527775,,VASP,L12,4.4384503305886565
vasp-Sc3Al1,Sc3Al,Sc,Al,3.0,1.0,4.423925449917235,-5.851005245,,VASP,L12,4.423925449917235
vasp-Sc3Au1,Sc3Au,Sc,Au,3.0,1.0,4.386213748699515,-5.830575535,,VASP,L12,4.386213748699515
vasp-Sc3Ba1,Sc3Ba,Sc,Ba,3.0,1.0,4.853465978501224,-4.6781293,,VASP,L12,4.853465978501224
vasp-Sc3Ca1,Sc3Ca,Sc,Ca,3.0,1.0,4.756656843551625,-4.88950242,,VASP,L12,4.756656843551625
vasp-Sc3Cd1,Sc3Cd,Sc,Cd,3.0,1.0,4.468382840388459,-4.94711409,,VASP,L12,4.468382840388459
vasp-Sc3Ce1,Sc3Ce,Sc,Ce,3.0,1.0,4.621348065884987,-6.0322168975,,VASP,L12,4.621348065884987
vasp-Sc3Co1,Sc3Co,Sc,Co,3.0,1.0,4.257294935153025,-6.3414577375,,VASP,L12,4.257294935153025
vasp-Sc3Cr1,Sc3Cr,Sc,Cr,3.0,1.0,4.31266823037751,-6.6780656275,,VASP,L12,4.31266823037751
vasp-Sc3Cu1,Sc3Cu,Sc,Cu,3.0,1.0,4.305185820205525,-5.536767535,,VASP,L12,4.305185820205525
vasp-Sc3Dy1,Sc3Dy,Sc,Dy,3.0,1.0,4.621611648514527,,,VASP,L12,4.621611648514527
vasp-Sc3Er1,Sc3Er,Sc,Er,3.0,1.0,4.550796714723977,-8.5716391825,,VASP,L12,4.550796714723977
vasp-Sc3Eu1,Sc3Eu,Sc,Eu,3.0,1.0,4.868971065733616,-4.5861546675,,VASP,L12,4.868971065733616
vasp-Sc3Fe1,Sc3Fe,Sc,Fe,3.0,1.0,4.323091998904645,-6.5886108325,,VASP,L12,4.323091998904645
vasp-Sc3Ga1,Sc3Ga,Sc,Ga,3.0,1.0,4.385520562543158,-5.70599699,,VASP,L12,4.385520562543158
vasp-Sc3Gd1,Sc3Gd,Sc,Gd,3.0,1.0,4.0,,,VASP,L12,4.0
vasp-Sc3Ge1,Sc3Ge,Sc,Ge,3.0,1.0,4.359766939899061,-6.194041665,,VASP,L12,4.359766939899061
vasp-Sc3Hf1,Sc3Hf,Sc,Hf,3.0,1.0,4.541855584494793,-7.0699061475,,VASP,L12,4.541855584494793
vasp-Sc3Hg1,Sc3Hg,Sc,Hg,3.0,1.0,4.475941499821906,-4.9198474575,,VASP,L12,4.475941499821906
vasp-Sc3Ho1,Sc3Ho,Sc,Ho,3.0,1.0,4.0,-5.780601285,,VASP,L12,4.0
vasp-Sc3In1,Sc3In,Sc,In,3.0,1.0,4.532028158415984,-5.571381325,,VASP,L12,4.532028158415984
vasp-Sc3Ir1,Sc3Ir,Sc,Ir,3.0,1.0,4.276468969327878,-7.255119475,,VASP,L12,4.276468969327878
vasp-Sc3La1,Sc3La,Sc,La,3.0,1.0,4.755516909747754,-5.77041014,,VASP,L12,4.755516909747754
vasp-Sc3Lu1,Sc3Lu,Sc,Lu,3.0,1.0,4.655187041101141,-5.7170758125,,VASP,L12,4.655187041101141
vasp-Sc3Mg1,Sc3Mg,Sc,Mg,3.0,1.0,4.577212297938075,-5.003581645,,VASP,L12,4.577212297938075
vasp-Sc3Mn1,Sc3Mn,Sc,Mn,3.0,1.0,4.387492671315778,-6.78533869,,VASP,L12,4.387492671315778
vasp-Sc3Mo1,Sc3Mo,Sc,Mo,3.0,1.0,4.360954521377374,-7.2298161475,,VASP,L12,4.360954521377374
vasp-Sc3Nb1,Sc3Nb,Sc,Nb,3.0,1.0,4.4447199517670555,-7.06563451,,VASP,L12,4.4447199517670555
vasp-Sc3Nd1,Sc3Nd,Sc,Nd,3.0,1.0,4.0,-5.47250359,,VASP,L12,4.0
vasp-Sc3Ni1,Sc3Ni,Sc,Ni,3.0,1.0,4.281867039805419,-6.0595546125,,VASP,L12,4.281867039805419
vasp-Sc3Os1,Sc3Os,Sc,Os,3.0,1.0,4.277066485413306,-7.5421147425,,VASP,L12,4.277066485413306
vasp-Sc3Pb1,Sc3Pb,Sc,Pb,3.0,1.0,4.566579125235026,-5.8140070775,,VASP,L12,4.566579125235026
vasp-Sc3Pd1,Sc3Pd,Sc,Pd,3.0,1.0,4.359616811738776,-6.27307496,,VASP,L12,4.359616811738776
vasp-Sc3Pr1,Sc3Pr,Sc,Pr,3.0,1.0,4.32387433607811,-5.265842285,,VASP,L12,4.32387433607811
vasp-Sc3Pt1,Sc3Pt,Sc,Pt,3.0,1.0,4.320695926119162,-6.7228147775,,VASP,L12,4.320695926119162
vasp-Sc3Re1,Sc3Re,Sc,Re,3.0,1.0,4.299555427441232,-7.64214834,,VASP,L12,4.299555427441232
vasp-Sc3Rh1,Sc3Rh,Sc,Rh,3.0,1.0,4.308248771407711,-6.780630795,,VASP,L12,4.308248771407711
vasp-Sc3Ru1,Sc3Ru,Sc,Ru,3.0,1.0,4.294528459735926,-7.078395895,,VASP,L12,4.294528459735926
vasp-Sc3Sc1,Sc3Sc,Sc,Sc,3.0,1.0,4.60437018667098,-6.16681725,,VASP,L12,4.60437018667098
vasp-Sc3Si1,Sc3Si,Sc,Si,3.0,1.0,4.303004982892201,-6.37275973,,VASP,L12,4.303004982892201
vasp-Sc3Sm1,Sc3Sm,Sc,Sm,3.0,1.0,5.394845524233543,-5.47972505,,VASP,L12,5.394845524233543
vasp-Sc3Sn1,Sc3Sn,Sc,Sn,3.0,1.0,4.517098973196873,-6.0449284025,,VASP,L12,4.517098973196873
vasp-Sc3Sr1,Sc3Sr,Sc,Sr,3.0,1.0,4.822165635552028,-4.678517085,,VASP,L12,4.822165635552028
vasp-Sc3Ta1,Sc3Ta,Sc,Ta,3.0,1.0,4.437946532740331,-7.44258116,,VASP,L12,4.437946532740331
vasp-Sc3Tb1,Sc3Tb,Sc,Tb,3.0,1.0,4.67490884420995,-6.074313015,,VASP,L12,4.67490884420995
vasp-Sc3Tc1,Sc3Tc,Sc,Tc,3.0,1.0,4.3144464261064055,-7.1961428275,,VASP,L12,4.3144464261064055
vasp-Sc3Ti1,Sc3Ti,Sc,Ti,3.0,1.0,4.463270130101559,-6.4837933375,,VASP,L12,4.463270130101559
vasp-Sc3Tm1,Sc3Tm,Sc,Tm,3.0,1.0,4.340166141380633,-5.288104815,,VASP,L12,4.340166141380633
vasp-Sc3V1,Sc3V,Sc,V,3.0,1.0,4.371840892886352,-6.6334804325,,VASP,L12,4.371840892886352
vasp-Sc3W1,Sc3W,Sc,W,3.0,1.0,4.353722106920968,-7.64762093,,VASP,L12,4.353722106920968
vasp-Sc3Y1,Sc3Y,Sc,Y,3.0,1.0,4.701420106242284,-6.1901635025,,VASP,L12,4.701420106242284
vasp-Sc3Zn1,Sc3Zn,Sc,Zn,3.0,1.0,4.383036850220325,-5.045256815,,VASP,L12,4.383036850220325
vasp-Sc3Zr1,Sc3Zr,Sc,Zr,3.0,1.0,4.562588548422051,-6.747651595,,VASP,L12,4.562588548422051
vasp-Si3Ag1,Si3Ag,Si,Ag,3.0,1.0,4.028073768451182,-4.1802390275,,VASP,L12,4.028073768451182
vasp-Si3Al1,Si3Al,Si,Al,3.0,1.0,3.891730498071937,-4.6542980525,,VASP,L12,3.891730498071937
vasp-Si3Au1,Si3Au,Si,Au,3.0,1.0,4.022788647033698,-4.355661095,,VASP,L12,4.022788647033698
vasp-Si3Ba1,Si3Ba,Si,Ba,3.0,1.0,4.500838200257686,-4.1532492175,,VASP,L12,4.500838200257686
vasp-Si3Ca1,Si3Ca,Si,Ca,3.0,1.0,4.146208962686386,-4.521186545,,VASP,L12,4.146208962686386
vasp-Si3Cd1,Si3Cd,Si,Cd,3.0,1.0,4.133030865025914,-3.6344592025,,VASP,L12,4.133030865025914
vasp-Si3Ce1,Si3Ce,Si,Ce,3.0,1.0,4.153515681602619,-5.8826769775,,VASP,L12,4.153515681602619
vasp-Si3Co1,Si3Co,Si,Co,3.0,1.0,3.6890689089216395,-5.5598214325,,VASP,L12,3.6890689089216395
vasp-Si3Cr1,Si3Cr,Si,Cr,3.0,1.0,3.773336078584838,-6.130716175,,VASP,L12,3.773336078584838
vasp-Si3Cu1,Si3Cu,Si,Cu,3.0,1.0,3.8356683489212733,-4.5680625925,,VASP,L12,3.8356683489212733
vasp-Si3Dy1,Si3Dy,Si,Dy,3.0,1.0,4.064845215928484,-6.943719005,,VASP,L12,4.064845215928484
vasp-Si3Er1,Si3Er,Si,Er,3.0,1.0,4.0,-6.1807912375,,VASP,L12,4.0
vasp-Si3Eu1,Si3Eu,Si,Eu,3.0,1.0,4.001472708427813,-5.8097080025,,VASP,L12,4.001472708427813
vasp-Si3Fe1,Si3Fe,Si,Fe,3.0,1.0,3.6543795381361517,-5.811834605,,VASP,L12,3.6543795381361517
vasp-Si3Ga1,Si3Ga,Si,Ga,3.0,1.0,3.971124998230177,-4.33911868,,VASP,L12,3.971124998230177
vasp-Si3Gd1,Si3Gd,Si,Gd,3.0,1.0,4.132836125207137,-7.807786505,,VASP,L12,4.132836125207137
vasp-Si3Ge1,Si3Ge,Si,Ge,3.0,1.0,4.0171533012428,-4.61147749,,VASP,L12,4.0171533012428
vasp-Si3Hf1,Si3Hf,Si,Hf,3.0,1.0,3.9686574928471794,-6.6142105725,,VASP,L12,3.9686574928471794
vasp-Si3Hg1,Si3Hg,Si,Hg,3.0,1.0,4.160127009646808,-3.388830455,,VASP,L12,4.160127009646808
vasp-Si3Ho1,Si3Ho,Si,Ho,3.0,1.0,3.813717890520541,-6.4012767475,,VASP,L12,3.813717890520541
vasp-Si3In1,Si3In,Si,In,3.0,1.0,4.176333770785464,-4.08890514,,VASP,L12,4.176333770785464
vasp-Si3Ir1,Si3Ir,Si,Ir,3.0,1.0,3.828080509567566,-6.0030649975,,VASP,L12,3.828080509567566
vasp-Si3La1,Si3La,Si,La,3.0,1.0,4.292230979200192,-5.422634805,,VASP,L12,4.292230979200192
vasp-Si3Lu1,Si3Lu,Si,Lu,3.0,1.0,4.065139489723223,-5.3464047675,,VASP,L12,4.065139489723223
vasp-Si3Mg1,Si3Mg,Si,Mg,3.0,1.0,4.0,-4.15821663,,VASP,L12,4.0
vasp-Si3Mn1,Si3Mn,Si,Mn,3.0,1.0,3.643394502909334,-5.9968759425,,VASP,L12,3.643394502909334
vasp-Si3Mo1,Si3Mo,Si,Mo,3.0,1.0,3.8186246961811694,-6.43555991,,VASP,L12,3.8186246961811694
vasp-Si3Nb1,Si3Nb,Si,Nb,3.0,1.0,3.8985500811710034,-6.400606465,,VASP,L12,3.8985500811710034
vasp-Si3Nd1,Si3Nd,Si,Nd,3.0,1.0,4.123700942346445,-6.287576095,,VASP,L12,4.123700942346445
vasp-Si3Ni1,Si3Ni,Si,Ni,3.0,1.0,3.746005937909254,-5.186233695,,VASP,L12,3.746005937909254
vasp-Si3Os1,Si3Os,Si,Os,3.0,1.0,3.787243794133592,-6.464695465,,VASP,L12,3.787243794133592
vasp-Si3Pb1,Si3Pb,Si,Pb,3.0,1.0,4.329082264151512,-4.1958209,,VASP,L12,4.329082264151512
vasp-Si3Pd1,Si3Pd,Si,Pd,3.0,1.0,3.9156957930089105,-5.14410564,,VASP,L12,3.9156957930089105
vasp-Si3Pr1,Si3Pr,Si,Pr,3.0,1.0,4.086826516017321,-6.0658242675,,VASP,L12,4.086826516017321
vasp-Si3Pt1,Si3Pt,Si,Pt,3.0,1.0,3.9156248717183306,-5.3641963375,,VASP,L12,3.9156248717183306
vasp-Si3Re1,Si3Re,Si,Re,3.0,1.0,4.0,,,VASP,L12,4.0
vasp-Si3Rh1,Si3Rh,Si,Rh,3.0,1.0,3.8270924002097613,-5.72597833,,VASP,L12,3.8270924002097613
vasp-Si3Ru1,Si3Ru,Si,Ru,3.0,1.0,3.7837238108466655,-6.12563059,,VASP,L12,3.7837238108466655
vasp-Si3Sc1,Si3Sc,Si,Sc,3.0,1.0,3.9626844277693856,-5.819780495,,VASP,L12,3.9626844277693856
vasp-Si3Si1,Si3Si,Si,Si,3.0,1.0,3.8463098157857,-4.8769394575,,VASP,L12,3.8463098157857
vasp-Si3Sm1,Si3Sm,Si,Sm,3.0,1.0,4.132848900421813,-7.086446835,,VASP,L12,4.132848900421813
vasp-Si3Sn1,Si3Sn,Si,Sn,3.0,1.0,4.213384403057178,-4.3797948675,,VASP,L12,4.213384403057178
vasp-Si3Sr1,Si3Sr,Si,Sr,3.0,1.0,4.307120067716783,-4.28040457,,VASP,L12,4.307120067716783
vasp-Si3Ta1,Si3Ta,Si,Ta,3.0,1.0,3.891604750010402,-6.7609509625,,VASP,L12,3.891604750010402
vasp-Si3Tb1,Si3Tb,Si,Tb,3.0,1.0,4.085204159851511,-7.37321826,,VASP,L12,4.085204159851511
vasp-Si3Tc1,Si3Tc,Si,Tc,3.0,1.0,3.787080047143821,-6.351350355,,VASP,L12,3.787080047143821
vasp-Si3Ti1,Si3Ti,Si,Ti,3.0,1.0,3.8334477755800687,-6.04668092,,VASP,L12,3.8334477755800687
vasp-Si3Tm1,Si3Tm,Si,Tm,3.0,1.0,4.0,-6.020555715,,VASP,L12,4.0
vasp-Si3V1,Si3V,Si,V,3.0,1.0,3.770871326138194,-6.119139375,,VASP,L12,3.770871326138194
vasp-Si3W1,Si3W,Si,W,3.0,1.0,3.8263042021127927,-6.7970108375,,VASP,L12,3.8263042021127927
vasp-Si3Y1,Si3Y,Si,Y,3.0,1.0,4.132537110968863,-5.8517265925,,VASP,L12,4.132537110968863
vasp-Si3Zn1,Si3Zn,Si,Zn,3.0,1.0,3.9293812887576434,-3.881155485,,VASP,L12,3.9293812887576434
vasp-Si3Zr1,Si3Zr,Si,Zr,3.0,1.0,3.985766148057434,-6.3255335875,,VASP,L12,3.985766148057434
vasp-Sm3Ag1,Sm3Ag,Sm,Ag,3.0,1.0,4.515695733307249,-8.8501112,,VASP,L12,4.515695733307249
vasp-Sm3Al1,Sm3Al,Sm,Al,3.0,1.0,4.800637870371599,-9.391431335,,VASP,L12,4.800637870371599
vasp-Sm3Au1,Sm3Au,Sm,Au,3.0,1.0,4.768687631075237,-9.408002205,,VASP,L12,4.768687631075237
vasp-Sm3Ba1,Sm3Ba,Sm,Ba,3.0,1.0,5.101126243628924,-8.4026228075,,VASP,L12,5.101126243628924
vasp-Sm3Ca1,Sm3Ca,Sm,Ca,3.0,1.0,4.419889175354561,-7.8779620075,,VASP,L12,4.419889175354561
vasp-Sm3Cd1,Sm3Cd,Sm,Cd,3.0,1.0,4.708820551647859,-8.43072476,,VASP,L12,4.708820551647859
vasp-Sm3Ce1,Sm3Ce,Sm,Ce,3.0,1.0,4.4447536280004005,-8.0354870575,,VASP,L12,4.4447536280004005
vasp-Sm3Co1,Sm3Co,Sm,Co,3.0,1.0,4.59790706857633,-9.797255745,,VASP,L12,4.59790706857633
vasp-Sm3Cr1,Sm3Cr,Sm,Cr,3.0,1.0,4.7793800434954745,-10.40007983,,VASP,L12,4.7793800434954745
vasp-Sm3Cu1,Sm3Cu,Sm,Cu,3.0,1.0,4.558970132721114,-9.0085515275,,VASP,L12,4.558970132721114
vasp-Sm3Er1,Sm3Er,Sm,Er,3.0,1.0,4.0,-6.575849575,,VASP,L12,4.0
vasp-Sm3Eu1,Sm3Eu,Sm,Eu,3.0,1.0,4.949138166840132,-7.5958091875,,VASP,L12,4.949138166840132
vasp-Sm3Fe1,Sm3Fe,Sm,Fe,3.0,1.0,4.639952503344932,-10.0849479575,,VASP,L12,4.639952503344932
vasp-Sm3Ga1,Sm3Ga,Sm,Ga,3.0,1.0,4.76891904873507,-9.2777452775,,VASP,L12,4.76891904873507
vasp-Sm3Gd1,Sm3Gd,Sm,Gd,3.0,1.0,3.999999999995426,-6.2843520725,,VASP,L12,3.999999999995426
vasp-Sm3Ge1,Sm3Ge,Sm,Ge,3.0,1.0,4.594546249085636,-8.574445505,,VASP,L12,4.594546249085636
vasp-Sm3Hf1,Sm3Hf,Sm,Hf,3.0,1.0,5.2512723047098495,-6.7374880125,,VASP,L12,5.2512723047098495
vasp-Sm3Hg1,Sm3Hg,Sm,Hg,3.0,1.0,4.83367538871278,-8.535173235,,VASP,L12,4.83367538871278
vasp-Sm3Ho1,Sm3Ho,Sm,Ho,3.0,1.0,5.845938698780925,-51513.7057203175,,VASP,L12,5.845938698780925
vasp-Sm3In1,Sm3In,Sm,In,3.0,1.0,4.884384950640007,-9.1902282875,,VASP,L12,4.884384950640007
vasp-Sm3Ir1,Sm3Ir,Sm,Ir,3.0,1.0,4.632673904564276,-10.6732559425,,VASP,L12,4.632673904564276
vasp-Sm3La1,Sm3La,Sm,La,3.0,1.0,5.02401742141921,-9.35598609,,VASP,L12,5.02401742141921
vasp-Sm3Lu1,Sm3Lu,Sm,Lu,3.0,1.0,5.08479553022203,-7.412821325,,VASP,L12,5.08479553022203
vasp-Sm3Mg1,Sm3Mg,Sm,Mg,3.0,1.0,4.960537964875479,-6.989979885,,VASP,L12,4.960537964875479
vasp-Sm3Mn1,Sm3Mn,Sm,Mn,3.0,1.0,4.6739859930864105,-10.3450235725,,VASP,L12,4.6739859930864105
vasp-Sm3Mo1,Sm3Mo,Sm,Mo,3.0,1.0,4.935780080442852,-9.44439635,,VASP,L12,4.935780080442852
vasp-Sm3Nb1,Sm3Nb,Sm,Nb,3.0,1.0,4.451839216861055,-10.2473930225,,VASP,L12,4.451839216861055
vasp-Sm3Nd1,Sm3Nd,Sm,Nd,3.0,1.0,4.982651083185228,-10.0608899125,,VASP,L12,4.982651083185228
vasp-Sm3Ni1,Sm3Ni,Sm,Ni,3.0,1.0,4.9510335219547565,-8.6809430725,,VASP,L12,4.9510335219547565
vasp-Sm3Os1,Sm3Os,Sm,Os,3.0,1.0,4.6144747760638065,-10.91596332,,VASP,L12,4.6144747760638065
vasp-Sm3Pb1,Sm3Pb,Sm,Pb,3.0,1.0,4.906962912418666,-9.5671624825,,VASP,L12,4.906962912418666
vasp-Sm3Pd1,Sm3Pd,Sm,Pd,3.0,1.0,4.465408411755496,-9.7018670525,,VASP,L12,4.465408411755496
vasp-Sm3Pr1,Sm3Pr,Sm,Pr,3.0,1.0,5.163198203915577,-8.261367605,,VASP,L12,5.163198203915577
vasp-Sm3Pt1,Sm3Pt,Sm,Pt,3.0,1.0,4.685189453997945,,,VASP,L12,4.685189453997945
vasp-Sm3Re1,Sm3Re,Sm,Re,3.0,1.0,4.641837184849719,-11.0128419325,,VASP,L12,4.641837184849719
vasp-Sm3Rh1,Sm3Rh,Sm,Rh,3.0,1.0,4.422810295814775,-10.1386378475,,VASP,L12,4.422810295814775
vasp-Sm3Ru1,Sm3Ru,Sm,Ru,3.0,1.0,4.535043740013638,-7.0799124475,,VASP,L12,4.535043740013638
vasp-Sm3Sc1,Sm3Sc,Sm,Sc,3.0,1.0,4.8917883672201565,-6.31152064,,VASP,L12,4.8917883672201565
vasp-Sm3Si1,Sm3Si,Sm,Si,3.0,1.0,4.8737313707589145,-6.911553735,,VASP,L12,4.8737313707589145
vasp-Sm3Sm1,Sm3Sm,Sm,Sm,3.0,1.0,4.441113445888815,-10.38117843,,VASP,L12,4.441113445888815
vasp-Sm3Sn1,Sm3Sn,Sm,Sn,3.0,1.0,4.870711925059057,-9.7524491475,,VASP,L12,4.870711925059057
vasp-Sm3Sr1,Sm3Sr,Sm,Sr,3.0,1.0,4.48789599759693,-7.70306297,,VASP,L12,4.48789599759693
vasp-Sm3Ta1,Sm3Ta,Sm,Ta,3.0,1.0,4.617061862081432,-9.413521665,,VASP,L12,4.617061862081432
vasp-Sm3Tb1,Sm3Tb,Sm,Tb,3.0,1.0,3.9898799552122837,-5958.55038876,,VASP,L12,3.9898799552122837
vasp-Sm3Tc1,Sm3Tc,Sm,Tc,3.0,1.0,4.40704429863651,-10.48963522,,VASP,L12,4.40704429863651
vasp-Sm3Ti1,Sm3Ti,Sm,Ti,3.0,1.0,4.799691746892382,-9.952134195,,VASP,L12,4.799691746892382
vasp-Sm3Tm1,Sm3Tm,Sm,Tm,3.0,1.0,3.93955373016199,-8.1023802,,VASP,L12,3.93955373016199
vasp-Sm3V1,Sm3V,Sm,V,3.0,1.0,4.787248693272875,-9.087901,,VASP,L12,4.787248693272875
vasp-Sm3W1,Sm3W,Sm,W,3.0,1.0,4.954669748693694,-9.7630057625,,VASP,L12,4.954669748693694
vasp-Sm3Y1,Sm3Y,Sm,Y,3.0,1.0,5.005897457003065,-9.766353685,,VASP,L12,5.005897457003065
vasp-Sm3Zn1,Sm3Zn,Sm,Zn,3.0,1.0,4.69618530025369,-8.5767358725,,VASP,L12,4.69618530025369
vasp-Sm3Zr1,Sm3Zr,Sm,Zr,3.0,1.0,4.839164129361922,-10.1826021075,,VASP,L12,4.839164129361922
vasp-Sn3Ag1,Sn3Ag,Sn,Ag,3.0,1.0,4.631398540080249,-3.4313723675,,VASP,L12,4.631398540080249
vasp-Sn3Al1,Sn3Al,Sn,Al,3.0,1.0,4.671042254199842,-3.6563519525,,VASP,L12,4.671042254199842
vasp-Sn3Au1,Sn3Au,Sn,Au,3.0,1.0,4.634332807977021,-3.6194056425,,VASP,L12,4.634332807977021
vasp-Sn3Ba1,Sn3Ba,Sn,Ba,3.0,1.0,4.984918343185849,-3.7380998875,,VASP,L12,4.984918343185849
vasp-Sn3Ca1,Sn3Ca,Sn,Ca,3.0,1.0,4.768063135044456,-3.76594924,,VASP,L12,4.768063135044456
vasp-Sn3Cd1,Sn3Cd,Sn,Cd,3.0,1.0,4.63488286449463,-2.9056507775,,VASP,L12,4.63488286449463
vasp-Sn3Ce1,Sn3Ce,Sn,Ce,3.0,1.0,4.765117544610518,-2.9010212525,,VASP,L12,4.765117544610518
vasp-Sn3Co1,Sn3Co,Sn,Co,3.0,1.0,4.43812568062467,-4.168391185,,VASP,L12,4.43812568062467
vasp-Sn3Cr1,Sn3Cr,Sn,Cr,3.0,1.0,4.59173150255493,-4.963079245,,VASP,L12,4.59173150255493
vasp-Sn3Cu1,Sn3Cu,Sn,Cu,3.0,1.0,4.480769143222709,-3.497191755,,VASP,L12,4.480769143222709
vasp-Sn3Dy1,Sn3Dy,Sn,Dy,3.0,1.0,4.699617282672557,-5.9050611325,,VASP,L12,4.699617282672557
vasp-Sn3Er1,Sn3Er,Sn,Er,3.0,1.0,4.80123677093803,-7.119547595,,VASP,L12,4.80123677093803
vasp-Sn3Eu1,Sn3Eu,Sn,Eu,3.0,1.0,4.5690078857748,-4.04367806,,VASP,L12,4.5690078857748
vasp-Sn3Fe1,Sn3Fe,Sn,Fe,3.0,1.0,4.419218666567659,-4.30316193,,VASP,L12,4.419218666567659
vasp-Sn3Ga1,Sn3Ga,Sn,Ga,3.0,1.0,4.714527785448889,-3.541412115,,VASP,L12,4.714527785448889
vasp-Sn3Gd1,Sn3Gd,Sn,Gd,3.0,1.0,4.858394057616628,-11.9799863525,,VASP,L12,4.858394057616628
vasp-Sn3Ge1,Sn3Ge,Sn,Ge,3.0,1.0,4.692128252490228,-3.8427583475,,VASP,L12,4.692128252490228
vasp-Sn3Hf1,Sn3Hf,Sn,Hf,3.0,1.0,4.593763570330916,-5.2959049175,,VASP,L12,4.593763570330916
vasp-Sn3Hg1,Sn3Hg,Sn,Hg,3.0,1.0,4.749515441325974,-2.832097935,,VASP,L12,4.749515441325974
vasp-Sn3Ho1,Sn3Ho,Sn,Ho,3.0,1.0,4.806531499900823,-7.9736878375,,VASP,L12,4.806531499900823
vasp-Sn3In1,Sn3In,Sn,In,3.0,1.0,4.817193252619808,-3.469391925,,VASP,L12,4.817193252619808
vasp-Sn3Ir1,Sn3Ir,Sn,Ir,3.0,1.0,4.460134293488724,-4.75324479,,VASP,L12,4.460134293488724
vasp-Sn3La1,Sn3La,Sn,La,3.0,1.0,4.8121146284256895,-4.642458555,,VASP,L12,4.8121146284256895
vasp-Sn3Lu1,Sn3Lu,Sn,Lu,3.0,1.0,4.691747855133964,-4.2848031225,,VASP,L12,4.691747855133964
vasp-Sn3Mg1,Sn3Mg,Sn,Mg,3.0,1.0,4.714455303185513,-3.28588304,,VASP,L12,4.714455303185513
vasp-Sn3Mn1,Sn3Mn,Sn,Mn,3.0,1.0,4.562919349742519,-4.8248465525,,VASP,L12,4.562919349742519
vasp-Sn3Mo1,Sn3Mo,Sn,Mo,3.0,1.0,4.459568603251121,-4.964816805,,VASP,L12,4.459568603251121
vasp-Sn3Nb1,Sn3Nb,Sn,Nb,3.0,1.0,4.523514702956323,-5.003296245,,VASP,L12,4.523514702956323
vasp-Sn3Nd1,Sn3Nd,Sn,Nd,3.0,1.0,4.701492927826767,-3.348241495,,VASP,L12,4.701492927826767
vasp-Sn3Ni1,Sn3Ni,Sn,Ni,3.0,1.0,4.4727843204156565,-3.974041375,,VASP,L12,4.4727843204156565
vasp-Sn3Os1,Sn3Os,Sn,Os,3.0,1.0,4.423057073342148,-4.990910815,,VASP,L12,4.423057073342148
vasp-Sn3Pb1,Sn3Pb,Sn,Pb,3.0,1.0,4.884778672743215,-3.7093287975,,VASP,L12,4.884778672743215
vasp-Sn3Pd1,Sn3Pd,Sn,Pd,3.0,1.0,4.537771657468086,-4.20514344,,VASP,L12,4.537771657468086
vasp-Sn3Pr1,Sn3Pr,Sn,Pr,3.0,1.0,4.676264717867932,-4.953779985,,VASP,L12,4.676264717867932
vasp-Sn3Pt1,Sn3Pt,Sn,Pt,3.0,1.0,4.526905785322809,-4.3811724625,,VASP,L12,4.526905785322809
vasp-Sn3Re1,Sn3Re,Sn,Re,3.0,1.0,4.0,,,VASP,L12,4.0
vasp-Sn3Rh1,Sn3Rh,Sn,Rh,3.0,1.0,4.473676675023723,-4.55897906,,VASP,L12,4.473676675023723
vasp-Sn3Ru1,Sn3Ru,Sn,Ru,3.0,1.0,4.43474714159339,-4.747890475,,VASP,L12,4.43474714159339
vasp-Sn3Sc1,Sn3Sc,Sn,Sc,3.0,1.0,4.628767223651869,-4.6789741375,,VASP,L12,4.628767223651869
vasp-Sn3Si1,Sn3Si,Sn,Si,3.0,1.0,4.638856001098926,-3.907703745,,VASP,L12,4.638856001098926
vasp-Sn3Sm1,Sn3Sm,Sn,Sm,3.0,1.0,4.587145804994714,-4.388534635,,VASP,L12,4.587145804994714
vasp-Sn3Sn1,Sn3Sn,Sn,Sn,3.0,1.0,4.811959897083429,-3.7691155125,,VASP,L12,4.811959897083429
vasp-Sn3Sr1,Sn3Sr,Sn,Sr,3.0,1.0,4.866130820128338,-3.689386185,,VASP,L12,4.866130820128338
vasp-Sn3Ta1,Sn3Ta,Sn,Ta,3.0,1.0,4.526217954923927,-5.30434362,,VASP,L12,4.526217954923927
vasp-Sn3Tb1,Sn3Tb,Sn,Tb,3.0,1.0,4.725750511688802,-10.4225156525,,VASP,L12,4.725750511688802
vasp-Sn3Tc1,Sn3Tc,Sn,Tc,3.0,1.0,4.428265568099855,-4.87785343,,VASP,L12,4.428265568099855
vasp-Sn3Ti1,Sn3Ti,Sn,Ti,3.0,1.0,4.539461291474801,-4.678919435,,VASP,L12,4.539461291474801
vasp-Sn3Tm1,Sn3Tm,Sn,Tm,3.0,1.0,4.47547093494771,-4.899173055,,VASP,L12,4.47547093494771
vasp-Sn3V1,Sn3V,Sn,V,3.0,1.0,4.553250331941694,-4.80641377,,VASP,L12,4.553250331941694
vasp-Sn3W1,Sn3W,Sn,W,3.0,1.0,4.461759744208601,-5.2486281525,,VASP,L12,4.461759744208601
vasp-Sn3Y1,Sn3Y,Sn,Y,3.0,1.0,4.723213107431117,-4.8851047925,,VASP,L12,4.723213107431117
vasp-Sn3Zn1,Sn3Zn,Sn,Zn,3.0,1.0,4.602848247141255,-2.9973254325,,VASP,L12,4.602848247141255
vasp-Sn3Zr1,Sn3Zr,Sn,Zr,3.0,1.0,4.601534244844054,-5.05900343,,VASP,L12,4.601534244844054
vasp-Sr3Ag1,Sr3Ag,Sr,Ag,3.0,1.0,5.003572546286938,-1.530602425,,VASP,L12,5.003572546286938
vasp-Sr3Al1,Sr3Al,Sr,Al,3.0,1.0,5.302601717507984,-2.024003935,,VASP,L12,5.302601717507984
vasp-Sr3Au1,Sr3Au,Sr,Au,3.0,1.0,5.050504585013892,-2.00564835,,VASP,L12,5.050504585013892
vasp-Sr3Ba1,Sr3Ba,Sr,Ba,3.0,1.0,5.66655404614926,-1.3740633175,,VASP,L12,5.66655404614926
vasp-Sr3Ca1,Sr3Ca,Sr,Ca,3.0,1.0,5.587933369551535,-1.483122105,,VASP,L12,5.587933369551535
vasp-Sr3Cd1,Sr3Cd,Sr,Cd,3.0,1.0,4.864587272914195,-0.785488675,,VASP,L12,4.864587272914195
vasp-Sr3Ce1,Sr3Ce,Sr,Ce,3.0,1.0,5.283985958403644,1.09801959,,VASP,L12,5.283985958403644
vasp-Sr3Co1,Sr3Co,Sr,Co,3.0,1.0,4.858555260482212,-2.1291266825,,VASP,L12,4.858555260482212
vasp-Sr3Cr1,Sr3Cr,Sr,Cr,3.0,1.0,5.240111083349079,-2.936724055,,VASP,L12,5.240111083349079
vasp-Sr3Cu1,Sr3Cu,Sr,Cu,3.0,1.0,4.744612790987249,-1.2921751075,,VASP,L12,4.744612790987249
vasp-Sr3Dy1,Sr3Dy,Sr,Dy,3.0,1.0,4.0,-0.000174745,,VASP,L12,4.0
vasp-Sr3Er1,Sr3Er,Sr,Er,3.0,1.0,4.606885885976592,0.7595417575,,VASP,L12,4.606885885976592
vasp-Sr3Eu1,Sr3Eu,Sr,Eu,3.0,1.0,5.236212636082692,-1.872694685,,VASP,L12,5.236212636082692
vasp-Sr3Fe1,Sr3Fe,Sr,Fe,3.0,1.0,4.8607194431875955,-2.20114617,,VASP,L12,4.8607194431875955
vasp-Sr3Ga1,Sr3Ga,Sr,Ga,3.0,1.0,5.280159167329597,-1.905224465,,VASP,L12,5.280159167329597
vasp-Sr3Gd1,Sr3Gd,Sr,Gd,3.0,1.0,4.460237174287943,-0.8435857975,,VASP,L12,4.460237174287943
vasp-Sr3Ge1,Sr3Ge,Sr,Ge,3.0,1.0,5.186803471882324,-2.4905009525,,VASP,L12,5.186803471882324
vasp-Sr3Hf1,Sr3Hf,Sr,Hf,3.0,1.0,5.302289933531938,-2.940834775,,VASP,L12,5.302289933531938
vasp-Sr3Hg1,Sr3Hg,Sr,Hg,3.0,1.0,5.081620656454088,-1.1104788475,,VASP,L12,5.081620656454088
vasp-Sr3Ho1,Sr3Ho,Sr,Ho,3.0,1.0,4.0,0.45230378,,VASP,L12,4.0
vasp-Sr3In1,Sr3In,Sr,In,3.0,1.0,5.361496210978436,-1.9191592375,,VASP,L12,5.361496210978436
vasp-Sr3Ir1,Sr3Ir,Sr,Ir,3.0,1.0,4.970074134450504,-3.141108175,,VASP,L12,4.970074134450504
vasp-Sr3La1,Sr3La,Sr,La,3.0,1.0,5.511919592123157,-2.0491731,,VASP,L12,5.511919592123157
vasp-Sr3Lu1,Sr3Lu,Sr,Lu,3.0,1.0,5.253536454245785,-1.746205805,,VASP,L12,5.253536454245785
vasp-Sr3Mg1,Sr3Mg,Sr,Mg,3.0,1.0,5.456219217883079,-1.436967235,,VASP,L12,5.456219217883079
vasp-Sr3Mn1,Sr3Mn,Sr,Mn,3.0,1.0,4.94865656140398,-2.58601234,,VASP,L12,4.94865656140398
vasp-Sr3Mo1,Sr3Mo,Sr,Mo,3.0,1.0,5.079733616501698,-2.8428942075,,VASP,L12,5.079733616501698
vasp-Sr3Nb1,Sr3Nb,Sr,Nb,3.0,1.0,5.210906537555283,-2.7779701975,,VASP,L12,5.210906537555283
vasp-Sr3Nd1,Sr3Nd,Sr,Nd,3.0,1.0,4.565412120059954,-1.231729665,,VASP,L12,4.565412120059954
vasp-Sr3Ni1,Sr3Ni,Sr,Ni,3.0,1.0,4.8742949661183745,-1.9477174625,,VASP,L12,4.8742949661183745
vasp-Sr3Os1,Sr3Os,Sr,Os,3.0,1.0,4.93104593172981,-3.244032335,,VASP,L12,4.93104593172981
vasp-Sr3Pb1,Sr3Pb,Sr,Pb,3.0,1.0,5.34184506235169,-2.349683615,,VASP,L12,5.34184506235169
vasp-Sr3Pd1,Sr3Pd,Sr,Pd,3.0,1.0,4.947348621118213,-2.3253521075,,VASP,L12,4.947348621118213
vasp-Sr3Pr1,Sr3Pr,Sr,Pr,3.0,1.0,4.553032368171765,-1.12595634,,VASP,L12,4.553032368171765
vasp-Sr3Pt1,Sr3Pt,Sr,Pt,3.0,1.0,4.976622323452952,-2.7569441225,,VASP,L12,4.976622323452952
vasp-Sr3Re1,Sr3Re,Sr,Re,3.0,1.0,4.0,,,VASP,L12,4.0
vasp-Sr3Rh1,Sr3Rh,Sr,Rh,3.0,1.0,4.985708824390479,-2.7634317775,,VASP,L12,4.985708824390479
vasp-Sr3Ru1,Sr3Ru,Sr,Ru,3.0,1.0,5.01128555431109,-2.90348412,,VASP,L12,5.01128555431109
vasp-Sr3Sc1,Sr3Sc,Sr,Sc,3.0,1.0,5.256297997141873,-2.21229378,,VASP,L12,5.256297997141873
vasp-Sr3Si1,Sr3Si,Sr,Si,3.0,1.0,5.1495372291740775,-2.5817976275,,VASP,L12,5.1495372291740775
vasp-Sr3Sm1,Sr3Sm,Sr,Sm,3.0,1.0,4.228485842293107,-1.28172371,,VASP,L12,4.228485842293107
vasp-Sr3Sn1,Sr3Sn,Sr,Sn,3.0,1.0,5.300007687905915,-2.481255535,,VASP,L12,5.300007687905915
vasp-Sr3Sr1,Sr3Sr,Sr,Sr,3.0,1.0,5.594173430315168,-1.3134983975,,VASP,L12,5.594173430315168
vasp-Sr3Ta1,Sr3Ta,Sr,Ta,3.0,1.0,5.160663997116723,-3.0778587475,,VASP,L12,5.160663997116723
vasp-Sr3Tb1,Sr3Tb,Sr,Tb,3.0,1.0,4.0,0.298478905,,VASP,L12,4.0
vasp-Sr3Tc1,Sr3Tc,Sr,Tc,3.0,1.0,5.002461865838711,-2.881415045,,VASP,L12,5.002461865838711
vasp-Sr3Ti1,Sr3Ti,Sr,Ti,3.0,1.0,5.326606389663865,-2.4276554975,,VASP,L12,5.326606389663865
vasp-Sr3Tm1,Sr3Tm,Sr,Tm,3.0,1.0,5.119882341783244,0.85124542,,VASP,L12,5.119882341783244
vasp-Sr3V1,Sr3V,Sr,V,3.0,1.0,5.334139481358066,-2.7659295,,VASP,L12,5.334139481358066
vasp-Sr3W1,Sr3W,Sr,W,3.0,1.0,5.060726592797526,-3.17734011,,VASP,L12,5.060726592797526
vasp-Sr3Y1,Sr3Y,Sr,Y,3.0,1.0,5.4696745913151625,-2.42807318,,VASP,L12,5.4696745913151625
vasp-Sr3Zn1,Sr3Zn,Sr,Zn,3.0,1.0,4.927211714190402,-0.9689382075,,VASP,L12,4.927211714190402
vasp-Sr3Zr1,Sr3Zr,Sr,Zr,3.0,1.0,5.151595335133222,-2.5202600325,,VASP,L12,5.151595335133222
vasp-Ta3Ag1,Ta3Ag,Ta,Ag,3.0,1.0,4.146594403740633,-9.287634585,,VASP,L12,4.146594403740633
vasp-Ta3Al1,Ta3Al,Ta,Al,3.0,1.0,4.124857290152427,-9.881273495,,VASP,L12,4.124857290152427
vasp-Ta3Au1,Ta3Au,Ta,Au,3.0,1.0,4.140821548009934,-9.67686025,,VASP,L12,4.140821548009934
vasp-Ta3Ba1,Ta3Ba,Ta,Ba,3.0,1.0,4.455278794834518,-7.93549361,,VASP,L12,4.455278794834518
vasp-Ta3Ca1,Ta3Ca,Ta,Ca,3.0,1.0,4.3406371554414465,-8.535767835,,VASP,L12,4.3406371554414465
vasp-Ta3Cd1,Ta3Cd,Ta,Cd,3.0,1.0,4.19215601270014,-8.78982131,,VASP,L12,4.19215601270014
vasp-Ta3Ce1,Ta3Ce,Ta,Ce,3.0,1.0,4.350182684007203,-9.7949862425,,VASP,L12,4.350182684007203
vasp-Ta3Co1,Ta3Co,Ta,Co,3.0,1.0,4.033684532598322,-10.4966595825,,VASP,L12,4.033684532598322
vasp-Ta3Cr1,Ta3Cr,Ta,Cr,3.0,1.0,4.109590037690895,-10.9130812125,,VASP,L12,4.109590037690895
vasp-Ta3Cu1,Ta3Cu,Ta,Cu,3.0,1.0,4.056440380654588,-9.673150095,,VASP,L12,4.056440380654588
vasp-Ta3Dy1,Ta3Dy,Ta,Dy,3.0,1.0,3.903598617486291,-10.010294025,,VASP,L12,3.903598617486291
vasp-Ta3Er1,Ta3Er,Ta,Er,3.0,1.0,4.374910278088888,-9.6718215,,VASP,L12,4.374910278088888
vasp-Ta3Eu1,Ta3Eu,Ta,Eu,3.0,1.0,4.808930206496162,-10.032472795,,VASP,L12,4.808930206496162
vasp-Ta3Fe1,Ta3Fe,Ta,Fe,3.0,1.0,4.066363628031111,-10.7294979125,,VASP,L12,4.066363628031111
vasp-Ta3Ga1,Ta3Ga,Ta,Ga,3.0,1.0,4.110336976002622,-9.6515066125,,VASP,L12,4.110336976002622
vasp-Ta3Gd1,Ta3Gd,Ta,Gd,3.0,1.0,4.337878031671561,,,VASP,L12,4.337878031671561
vasp-Ta3Ge1,Ta3Ge,Ta,Ge,3.0,1.0,4.102309228173018,-10.0872670975,,VASP,L12,4.102309228173018
vasp-Ta3Hf1,Ta3Hf,Ta,Hf,3.0,1.0,4.264433991819769,-11.1360355425,,VASP,L12,4.264433991819769
vasp-Ta3Hg1,Ta3Hg,Ta,Hg,3.0,1.0,4.1891472528584925,-8.658973475,,VASP,L12,4.1891472528584925
vasp-Ta3Ho1,Ta3Ho,Ta,Ho,3.0,1.0,3.609753453467112,-11.41696731,,VASP,L12,3.609753453467112
vasp-Ta3In1,Ta3In,Ta,In,3.0,1.0,4.217005575366668,-9.33911175,,VASP,L12,4.217005575366668
vasp-Ta3Ir1,Ta3Ir,Ta,Ir,3.0,1.0,4.101224044494317,-11.2716847675,,VASP,L12,4.101224044494317
vasp-Ta3La1,Ta3La,Ta,La,3.0,1.0,4.408615044801177,-9.3083221925,,VASP,L12,4.408615044801177
vasp-Ta3Lu1,Ta3Lu,Ta,Lu,3.0,1.0,4.321868306062084,-9.567159845,,VASP,L12,4.321868306062084
vasp-Ta3Mg1,Ta3Mg,Ta,Mg,3.0,1.0,4.184144773167266,-8.968260615,,VASP,L12,4.184144773167266
vasp-Ta3Mn1,Ta3Mn,Ta,Mn,3.0,1.0,4.0581249543217375,-10.82162361,,VASP,L12,4.0581249543217375
vasp-Ta3Mo1,Ta3Mo,Ta,Mo,3.0,1.0,4.1590519404842565,-11.32613538,,VASP,L12,4.1590519404842565
vasp-Ta3Nb1,Ta3Nb,Ta,Nb,3.0,1.0,4.2147682641687645,-11.1439109775,,VASP,L12,4.2147682641687645
vasp-Ta3Nd1,Ta3Nd,Ta,Nd,3.0,1.0,4.37181222692778,-9.48982342,,VASP,L12,4.37181222692778
vasp-Ta3Ni1,Ta3Ni,Ta,Ni,3.0,1.0,4.036432580467698,-10.19065495,,VASP,L12,4.036432580467698
vasp-Ta3Os1,Ta3Os,Ta,Os,3.0,1.0,4.104717115421536,-11.6284874625,,VASP,L12,4.104717115421536
vasp-Ta3Pb1,Ta3Pb,Ta,Pb,3.0,1.0,4.254069098519187,-9.4157627275,,VASP,L12,4.254069098519187
vasp-Ta3Pd1,Ta3Pd,Ta,Pd,3.0,1.0,4.109902976490124,-10.2076241575,,VASP,L12,4.109902976490124
vasp-Ta3Pr1,Ta3Pr,Ta,Pr,3.0,1.0,4.328947079217735,-9.930826585,,VASP,L12,4.328947079217735
vasp-Ta3Pt1,Ta3Pt,Ta,Pt,3.0,1.0,4.106563605092124,-10.661453905,,VASP,L12,4.106563605092124
vasp-Ta3Re1,Ta3Re,Ta,Re,3.0,1.0,4.126023478581123,-11.80048449,,VASP,L12,4.126023478581123
vasp-Ta3Rh1,Ta3Rh,Ta,Rh,3.0,1.0,4.096289453767399,-10.77389008,,VASP,L12,4.096289453767399
vasp-Ta3Ru1,Ta3Ru,Ta,Ru,3.0,1.0,4.0978666695105685,-11.11198969,,VASP,L12,4.0978666695105685
vasp-Ta3Sc1,Ta3Sc,Ta,Sc,3.0,1.0,4.25683590924311,-10.14890054,,VASP,L12,4.25683590924311
vasp-Ta3Si1,Ta3Si,Ta,Si,3.0,1.0,4.068719726243392,-10.401849125,,VASP,L12,4.068719726243392
vasp-Ta3Sm1,Ta3Sm,Ta,Sm,3.0,1.0,4.0,,,VASP,L12,4.0
vasp-Ta3Sn1,Ta3Sn,Ta,Sn,3.0,1.0,4.217238368253428,-9.7988721125,,VASP,L12,4.217238368253428
vasp-Ta3Sr1,Ta3Sr,Ta,Sr,3.0,1.0,4.421009212584445,-8.0911662375,,VASP,L12,4.421009212584445
vasp-Ta3Ta1,Ta3Ta,Ta,Ta,3.0,1.0,4.209165293711245,-11.6131580075,,VASP,L12,4.209165293711245
vasp-Ta3Tb1,Ta3Tb,Ta,Tb,3.0,1.0,4.708353435264013,-9.823876485,,VASP,L12,4.708353435264013
vasp-Ta3Tc1,Ta3Tc,Ta,Tc,3.0,1.0,4.119319022462471,-11.290519555,,VASP,L12,4.119319022462471
vasp-Ta3Ti1,Ta3Ti,Ta,Ti,3.0,1.0,4.174241778481088,-10.634406865,,VASP,L12,4.174241778481088
vasp-Ta3Tm1,Ta3Tm,Ta,Tm,3.0,1.0,4.01423328701149,-9.608776325,,VASP,L12,4.01423328701149
vasp-Ta3V1,Ta3V,Ta,V,3.0,1.0,4.119585855865378,-10.8426165175,,VASP,L12,4.119585855865378
vasp-Ta3W1,Ta3W,Ta,W,3.0,1.0,4.163060448500093,-11.8254588825,,VASP,L12,4.163060448500093
vasp-Ta3Y1,Ta3Y,Ta,Y,3.0,1.0,4.3583443199405165,-9.9368482075,,VASP,L12,4.3583443199405165
vasp-Ta3Zn1,Ta3Zn,Ta,Zn,3.0,1.0,4.0950608596711096,-9.0776731075,,VASP,L12,4.0950608596711096
vasp-Ta3Zr1,Ta3Zr,Ta,Zr,3.0,1.0,4.278630996507414,-10.730454795,,VASP,L12,4.278630996507414
vasp-Tb3Ag1,Tb3Ag,Tb,Ag,3.0,1.0,4.490139686736479,-8.3489681325,,VASP,L12,4.490139686736479
vasp-Tb3Al1,Tb3Al,Tb,Al,3.0,1.0,4.672988219738223,-9.0642426425,,VASP,L12,4.672988219738223
vasp-Tb3Au1,Tb3Au,Tb,Au,3.0,1.0,4.653530738758191,-10.0681251,,VASP,L12,4.653530738758191
vasp-Tb3Ba1,Tb3Ba,Tb,Ba,3.0,1.0,4.237009348554219,-4.2631394325,,VASP,L12,4.237009348554219
vasp-Tb3Ca1,Tb3Ca,Tb,Ca,3.0,1.0,4.0,-7.4654556475,,VASP,L12,4.0
vasp-Tb3Cd1,Tb3Cd,Tb,Cd,3.0,1.0,4.636007540532308,-7.73255422,,VASP,L12,4.636007540532308
vasp-Tb3Ce1,Tb3Ce,Tb,Ce,3.0,1.0,5.686277976599092,-8.81123096,,VASP,L12,5.686277976599092
vasp-Tb3Co1,Tb3Co,Tb,Co,3.0,1.0,4.602450245506924,-9.87969452,,VASP,L12,4.602450245506924
vasp-Tb3Cr1,Tb3Cr,Tb,Cr,3.0,1.0,4.1266449401040886,-10.166553765,,VASP,L12,4.1266449401040886
vasp-Tb3Cu1,Tb3Cu,Tb,Cu,3.0,1.0,4.197728246002217,-8.99251419,,VASP,L12,4.197728246002217
vasp-Tb3Dy1,Tb3Dy,Tb,Dy,3.0,1.0,4.748090806156552,-9.217815305,,VASP,L12,4.748090806156552
vasp-Tb3Er1,Tb3Er,Tb,Er,3.0,1.0,4.975142027023579,-9.236002555,,VASP,L12,4.975142027023579
vasp-Tb3Eu1,Tb3Eu,Tb,Eu,3.0,1.0,5.1259828895181245,-8.280964625,,VASP,L12,5.1259828895181245
vasp-Tb3Fe1,Tb3Fe,Tb,Fe,3.0,1.0,4.305363491403714,-10.0871522325,,VASP,L12,4.305363491403714
vasp-Tb3Ga1,Tb3Ga,Tb,Ga,3.0,1.0,4.631740036979489,-9.9897900675,,VASP,L12,4.631740036979489
vasp-Tb3Gd1,Tb3Gd,Tb,Gd,3.0,1.0,4.0,-9.3125726975,,VASP,L12,4.0
vasp-Tb3Ge1,Tb3Ge,Tb,Ge,3.0,1.0,4.5845143567404545,-9.59360777,,VASP,L12,4.5845143567404545
vasp-Tb3Hf1,Tb3Hf,Tb,Hf,3.0,1.0,4.74126806006149,-11.363747045,,VASP,L12,4.74126806006149
vasp-Tb3Hg1,Tb3Hg,Tb,Hg,3.0,1.0,4.733811362253663,-7.616826145,,VASP,L12,4.733811362253663
vasp-Tb3Ho1,Tb3Ho,Tb,Ho,3.0,1.0,4.45641099204486,-9.1353659825,,VASP,L12,4.45641099204486
vasp-Tb3In1,Tb3In,Tb,In,3.0,1.0,4.8989483337265165,-5.9611835275,,VASP,L12,4.8989483337265165
vasp-Tb3Ir1,Tb3Ir,Tb,Ir,3.0,1.0,4.5412348261619755,-11.419806455,,VASP,L12,4.5412348261619755
vasp-Tb3La1,Tb3La,Tb,La,3.0,1.0,4.916507371125444,-10.0897690725,,VASP,L12,4.916507371125444
vasp-Tb3Lu1,Tb3Lu,Tb,Lu,3.0,1.0,5.127666639706238,-8.3255067025,,VASP,L12,5.127666639706238
vasp-Tb3Mg1,Tb3Mg,Tb,Mg,3.0,1.0,4.781608120415971,-7.987174025,,VASP,L12,4.781608120415971
vasp-Tb3Mn1,Tb3Mn,Tb,Mn,3.0,1.0,4.129706654070876,-10.185141855,,VASP,L12,4.129706654070876
vasp-Tb3Mo1,Tb3Mo,Tb,Mo,3.0,1.0,4.168144542810492,-10.4034607425,,VASP,L12,4.168144542810492
vasp-Tb3Nb1,Tb3Nb,Tb,Nb,3.0,1.0,4.25721139650109,-10.04759487,,VASP,L12,4.25721139650109
vasp-Tb3Nd1,Tb3Nd,Tb,Nd,3.0,1.0,4.164951873204397,,,VASP,L12,4.164951873204397
vasp-Tb3Ni1,Tb3Ni,Tb,Ni,3.0,1.0,4.154401492712472,,,VASP,L12,4.154401492712472
vasp-Tb3Os1,Tb3Os,Tb,Os,3.0,1.0,4.527630097522356,-10.77554273,,VASP,L12,4.527630097522356
vasp-Tb3Pb1,Tb3Pb,Tb,Pb,3.0,1.0,4.788821816414482,-10.156552565,,VASP,L12,4.788821816414482
vasp-Tb3Pd1,Tb3Pd,Tb,Pd,3.0,1.0,4.577523607841426,-9.3846237175,,VASP,L12,4.577523607841426
vasp-Tb3Pr1,Tb3Pr,Tb,Pr,3.0,1.0,4.1493584790160964,-9.0739769375,,VASP,L12,4.1493584790160964
vasp-Tb3Pt1,Tb3Pt,Tb,Pt,3.0,1.0,4.0,-9.79349835,,VASP,L12,4.0
vasp-Tb3Re1,Tb3Re,Tb,Re,3.0,1.0,4.434405774501781,-10.868035655,,VASP,L12,4.434405774501781
vasp-Tb3Rh1,Tb3Rh,Tb,Rh,3.0,1.0,4.0,,,VASP,L12,4.0
vasp-Tb3Ru1,Tb3Ru,Tb,Ru,3.0,1.0,4.1584028090474146,-10.3562222525,,VASP,L12,4.1584028090474146
vasp-Tb3Sc1,Tb3Sc,Tb,Sc,3.0,1.0,4.798027980373887,-10.481782735,,VASP,L12,4.798027980373887
vasp-Tb3Si1,Tb3Si,Tb,Si,3.0,1.0,4.5398456359824415,-9.908214835,,VASP,L12,4.5398456359824415
vasp-Tb3Sm1,Tb3Sm,Tb,Sm,3.0,1.0,4.042341034435901,,,VASP,L12,4.042341034435901
vasp-Tb3Sn1,Tb3Sn,Tb,Sn,3.0,1.0,4.225734019212567,-8.753459175,,VASP,L12,4.225734019212567
vasp-Tb3Sr1,Tb3Sr,Tb,Sr,3.0,1.0,4.0,-6.9613404875,,VASP,L12,4.0
vasp-Tb3Ta1,Tb3Ta,Tb,Ta,3.0,1.0,4.648278120288165,-12339985.622256273,,VASP,L12,4.648278120288165
vasp-Tb3Tb1,Tb3Tb,Tb,Tb,3.0,1.0,4.8783991229585055,-9.8445094925,,VASP,L12,4.8783991229585055
vasp-Tb3Tc1,Tb3Tc,Tb,Tc,3.0,1.0,4.536263724694423,-11.3732984475,,VASP,L12,4.536263724694423
vasp-Tb3Ti1,Tb3Ti,Tb,Ti,3.0,1.0,4.68251940812784,-7.54062228,,VASP,L12,4.68251940812784
vasp-Tb3Tm1,Tb3Tm,Tb,Tm,3.0,1.0,4.330770423765308,-8.9893639575,,VASP,L12,4.330770423765308
vasp-Tb3V1,Tb3V,Tb,V,3.0,1.0,4.64763104772667,-10.9424408725,,VASP,L12,4.64763104772667
vasp-Tb3W1,Tb3W,Tb,W,3.0,1.0,4.181842926329505,-10.7683106325,,VASP,L12,4.181842926329505
vasp-Tb3Y1,Tb3Y,Tb,Y,3.0,1.0,4.885813046243159,-8.6801628075,,VASP,L12,4.885813046243159
vasp-Tb3Zn1,Tb3Zn,Tb,Zn,3.0,1.0,4.583801822500759,-8.3861279275,,VASP,L12,4.583801822500759
vasp-Tb3Zr1,Tb3Zr,Tb,Zr,3.0,1.0,4.742343635460503,-9.5204917775,,VASP,L12,4.742343635460503
vasp-Tc3Ag1,Tc3Ag,Tc,Ag,3.0,1.0,3.894607819748412,-7.9948305225,,VASP,L12,3.894607819748412
vasp-Tc3Al1,Tc3Al,Tc,Al,3.0,1.0,3.858624508359885,-8.6755452425,,VASP,L12,3.858624508359885
vasp-Tc3Au1,Tc3Au,Tc,Au,3.0,1.0,3.9012645956257024,-8.365694575,,VASP,L12,3.9012645956257024
vasp-Tc3Ba1,Tc3Ba,Tc,Ba,3.0,1.0,4.287526310497076,-6.5441225825,,VASP,L12,4.287526310497076
vasp-Tc3Ca1,Tc3Ca,Tc,Ca,3.0,1.0,4.060086795598332,-7.314413405,,VASP,L12,4.060086795598332
vasp-Tc3Cd1,Tc3Cd,Tc,Cd,3.0,1.0,3.9538699772992474,-7.39976511,,VASP,L12,3.9538699772992474
vasp-Tc3Ce1,Tc3Ce,Tc,Ce,3.0,1.0,4.082938568081474,-8.79453809,,VASP,L12,4.082938568081474
vasp-Tc3Co1,Tc3Co,Tc,Co,3.0,1.0,3.757567256325512,-9.53165779,,VASP,L12,3.757567256325512
vasp-Tc3Cr1,Tc3Cr,Tc,Cr,3.0,1.0,3.8012593221424407,-10.016466,,VASP,L12,3.8012593221424407
vasp-Tc3Cu1,Tc3Cu,Tc,Cu,3.0,1.0,3.796582723002095,-8.50910507,,VASP,L12,3.796582723002095
vasp-Tc3Dy1,Tc3Dy,Tc,Dy,3.0,1.0,3.999999705155072,,,VASP,L12,3.999999705155072
vasp-Tc3Er1,Tc3Er,Tc,Er,3.0,1.0,4.033492864158474,-9.1977840625,,VASP,L12,4.033492864158474
vasp-Tc3Eu1,Tc3Eu,Tc,Eu,3.0,1.0,3.9631250471693993,-8.59157783,,VASP,L12,3.9631250471693993
vasp-Tc3Fe1,Tc3Fe,Tc,Fe,3.0,1.0,3.7641553289975223,-9.764354315,,VASP,L12,3.7641553289975223
vasp-Tc3Ga1,Tc3Ga,Tc,Ga,3.0,1.0,3.859668792677101,-8.3652860825,,VASP,L12,3.859668792677101
vasp-Tc3Gd1,Tc3Gd,Tc,Gd,3.0,1.0,5.66222617711562,-9.1617607025,,VASP,L12,5.66222617711562
vasp-Tc3Ge1,Tc3Ge,Tc,Ge,3.0,1.0,3.862895801250152,-8.66540417,,VASP,L12,3.862895801250152
vasp-Tc3Hf1,Tc3Hf,Tc,Hf,3.0,1.0,3.9886314286240596,-10.18225629,,VASP,L12,3.9886314286240596
vasp-Tc3Hg1,Tc3Hg,Tc,Hg,3.0,1.0,3.9603859795535334,-7.21831483,,VASP,L12,3.9603859795535334
vasp-Tc3Ho1,Tc3Ho,Tc,Ho,3.0,1.0,2.2988829251185536,,,VASP,L12,2.2988829251185536
vasp-Tc3In1,Tc3In,Tc,In,3.0,1.0,3.98063342444976,-7.947284795,,VASP,L12,3.98063342444976
vasp-Tc3Ir1,Tc3Ir,Tc,Ir,3.0,1.0,3.8531801711429248,-10.109150025,,VASP,L12,3.8531801711429248
vasp-Tc3La1,Tc3La,Tc,La,3.0,1.0,4.160500945381326,-8.11196964,,VASP,L12,4.160500945381326
vasp-Tc3Lu1,Tc3Lu,Tc,Lu,3.0,1.0,4.046444206914347,-8.47966673,,VASP,L12,4.046444206914347
vasp-Tc3Mg1,Tc3Mg,Tc,Mg,3.0,1.0,3.9031878897434837,-7.74769464,,VASP,L12,3.9031878897434837
vasp-Tc3Mn1,Tc3Mn,Tc,Mn,3.0,1.0,3.7799571012629882,-9.9243947275,,VASP,L12,3.7799571012629882
vasp-Tc3Mo1,Tc3Mo,Tc,Mo,3.0,1.0,3.887288572772377,-10.4052870725,,VASP,L12,3.887288572772377
vasp-Tc3Nb1,Tc3Nb,Tc,Nb,3.0,1.0,3.9448963534859645,-10.2011953925,,VASP,L12,3.9448963534859645
vasp-Tc3Nd1,Tc3Nd,Tc,Nd,3.0,1.0,4.023953970274125,-9.1466518825,,VASP,L12,4.023953970274125
vasp-Tc3Ni1,Tc3Ni,Tc,Ni,3.0,1.0,3.7647991442227844,-9.1713898825,,VASP,L12,3.7647991442227844
vasp-Tc3Os1,Tc3Os,Tc,Os,3.0,1.0,3.855812711884604,-10.539091335,,VASP,L12,3.855812711884604
vasp-Tc3Pb1,Tc3Pb,Tc,Pb,3.0,1.0,4.038989579475925,-7.8979080225,,VASP,L12,4.038989579475925
vasp-Tc3Pd1,Tc3Pd,Tc,Pd,3.0,1.0,3.855028406869845,-9.0353724125,,VASP,L12,3.855028406869845
vasp-Tc3Pr1,Tc3Pr,Tc,Pr,3.0,1.0,4.039793357855097,-9.0641579475,,VASP,L12,4.039793357855097
vasp-Tc3Pt1,Tc3Pt,Tc,Pt,3.0,1.0,3.8675348264676774,-9.4276840825,,VASP,L12,3.8675348264676774
vasp-Tc3Re1,Tc3Re,Tc,Re,3.0,1.0,3.8716070018121598,-10.81640941,,VASP,L12,3.8716070018121598
vasp-Tc3Rh1,Tc3Rh,Tc,Rh,3.0,1.0,3.838581481504525,-9.6515105425,,VASP,L12,3.838581481504525
vasp-Tc3Ru1,Tc3Ru,Tc,Ru,3.0,1.0,3.8408607679875195,-10.047435685,,VASP,L12,3.8408607679875195
vasp-Tc3Sc1,Tc3Sc,Tc,Sc,3.0,1.0,3.9702237501680435,-9.1067012825,,VASP,L12,3.9702237501680435
vasp-Tc3Si1,Tc3Si,Tc,Si,3.0,1.0,3.816675408006347,-9.0810354675,,VASP,L12,3.816675408006347
vasp-Tc3Sm1,Tc3Sm,Tc,Sm,3.0,1.0,4.0,-9839.846077085,,VASP,L12,4.0
vasp-Tc3Sn1,Tc3Sn,Tc,Sn,3.0,1.0,3.9850129891204107,-8.333591415,,VASP,L12,3.9850129891204107
vasp-Tc3Sr1,Tc3Sr,Tc,Sr,3.0,1.0,4.164278982732116,-6.77935223,,VASP,L12,4.164278982732116
vasp-Tc3Ta1,Tc3Ta,Tc,Ta,3.0,1.0,3.937975727920792,-10.704314335,,VASP,L12,3.937975727920792
vasp-Tc3Tb1,Tc3Tb,Tc,Tb,3.0,1.0,3.999999200839393,,,VASP,L12,3.999999200839393
vasp-Tc3Tc1,Tc3Tc,Tc,Tc,3.0,1.0,3.8576211937045715,-10.302879845,,VASP,L12,3.8576211937045715
vasp-Tc3Ti1,Tc3Ti,Tc,Ti,3.0,1.0,3.890180805943569,-9.7063671625,,VASP,L12,3.890180805943569
vasp-Tc3Tm1,Tc3Tm,Tc,Tm,3.0,1.0,4.014273226892701,-8.9479320975,,VASP,L12,4.014273226892701
vasp-Tc3V1,Tc3V,Tc,V,3.0,1.0,3.8359739323922133,-9.964086605,,VASP,L12,3.8359739323922133
vasp-Tc3W1,Tc3W,Tc,W,3.0,1.0,3.895069691430361,-10.9189383,,VASP,L12,3.895069691430361
vasp-Tc3Y1,Tc3Y,Tc,Y,3.0,1.0,4.08830082950909,-8.8217566025,,VASP,L12,4.08830082950909
vasp-Tc3Zn1,Tc3Zn,Tc,Zn,3.0,1.0,3.8403884879090544,-7.8207433575,,VASP,L12,3.8403884879090544
vasp-Tc3Zr1,Tc3Zr,Tc,Zr,3.0,1.0,4.006024051232595,-9.7505512075,,VASP,L12,4.006024051232595
vasp-Ti3Ag1,Ti3Ag,Ti,Ag,3.0,1.0,4.082425514152617,-6.4062747975,,VASP,L12,4.082425514152617
vasp-Ti3Al1,Ti3Al,Ti,Al,3.0,1.0,4.037709203345485,-7.0207792025,,VASP,L12,4.037709203345485
vasp-Ti3Au1,Ti3Au,Ti,Au,3.0,1.0,4.055722264198008,-6.86774195,,VASP,L12,4.055722264198008
vasp-Ti3Ba1,Ti3Ba,Ti,Ba,3.0,1.0,4.433123804258775,-5.44277939,,VASP,L12,4.433123804258775
vasp-Ti3Ca1,Ti3Ca,Ti,Ca,3.0,1.0,4.333484927547968,-5.756555135,,VASP,L12,4.333484927547968
vasp-Ti3Cd1,Ti3Cd,Ti,Cd,3.0,1.0,4.1370379972005935,-5.9666380675,,VASP,L12,4.1370379972005935
vasp-Ti3Ce1,Ti3Ce,Ti,Ce,3.0,1.0,4.260256583032713,-7.1116411175,,VASP,L12,4.260256583032713
vasp-Ti3Co1,Ti3Co,Ti,Co,3.0,1.0,3.9138534086280465,-7.5968955775,,VASP,L12,3.9138534086280465
vasp-Ti3Cr1,Ti3Cr,Ti,Cr,3.0,1.0,3.960824731055025,-7.983433815,,VASP,L12,3.960824731055025
vasp-Ti3Cu1,Ti3Cu,Ti,Cu,3.0,1.0,3.963443038522298,-6.73876317,,VASP,L12,3.963443038522298
vasp-Ti3Dy1,Ti3Dy,Ti,Dy,3.0,1.0,3.4370580389114136,,,VASP,L12,3.4370580389114136
vasp-Ti3Er1,Ti3Er,Ti,Er,3.0,1.0,3.8702172318648698,-7.3287539225,,VASP,L12,3.8702172318648698
vasp-Ti3Eu1,Ti3Eu,Ti,Eu,3.0,1.0,4.268002944689273,-6.6166481875,,VASP,L12,4.268002944689273
vasp-Ti3Fe1,Ti3Fe,Ti,Fe,3.0,1.0,3.914511937807237,-7.8162222825,,VASP,L12,3.914511937807237
vasp-Ti3Ga1,Ti3Ga,Ti,Ga,3.0,1.0,4.011366029647035,-6.8652005425,,VASP,L12,4.011366029647035
vasp-Ti3Gd1,Ti3Gd,Ti,Gd,3.0,1.0,4.0,,,VASP,L12,4.0
vasp-Ti3Ge1,Ti3Ge,Ti,Ge,3.0,1.0,4.001952729211056,-7.3391198125,,VASP,L12,4.001952729211056
vasp-Ti3Hf1,Ti3Hf,Ti,Hf,3.0,1.0,4.19129251614384,-8.221345155,,VASP,L12,4.19129251614384
vasp-Ti3Hg1,Ti3Hg,Ti,Hg,3.0,1.0,4.123516689169046,-5.90105633,,VASP,L12,4.123516689169046
vasp-Ti3Ho1,Ti3Ho,Ti,Ho,3.0,1.0,3.7090551870874635,-7.43496212,,VASP,L12,3.7090551870874635
vasp-Ti3In1,Ti3In,Ti,In,3.0,1.0,4.157213899331577,-6.566246005,,VASP,L12,4.157213899331577
vasp-Ti3Ir1,Ti3Ir,Ti,Ir,3.0,1.0,3.9914107905538008,-8.423479865,,VASP,L12,3.9914107905538008
vasp-Ti3La1,Ti3La,Ti,La,3.0,1.0,4.347391549024405,-6.7008490425,,VASP,L12,4.347391549024405
vasp-Ti3Lu1,Ti3Lu,Ti,Lu,3.0,1.0,4.274856882496746,-6.7186180825,,VASP,L12,4.274856882496746
vasp-Ti3Mg1,Ti3Mg,Ti,Mg,3.0,1.0,4.141265512624071,-6.0439447475,,VASP,L12,4.141265512624071
vasp-Ti3Mn1,Ti3Mn,Ti,Mn,3.0,1.0,3.9286885947325803,-7.940084415,,VASP,L12,3.9286885947325803
vasp-Ti3Mo1,Ti3Mo,Ti,Mo,3.0,1.0,4.0427557764340945,-8.4505710725,,VASP,L12,4.0427557764340945
vasp-Ti3Nb1,Ti3Nb,Ti,Nb,3.0,1.0,4.116191401855402,-8.260793185,,VASP,L12,4.116191401855402
vasp-Ti3Nd1,Ti3Nd,Ti,Nd,3.0,1.0,4.258044930247218,-7.52192704,,VASP,L12,4.258044930247218
vasp-Ti3Ni1,Ti3Ni,Ti,Ni,3.0,1.0,3.9251899550593965,-7.2776501425,,VASP,L12,3.9251899550593965
vasp-Ti3Os1,Ti3Os,Ti,Os,3.0,1.0,3.988362623465934,-8.781925,,VASP,L12,3.988362623465934
vasp-Ti3Pb1,Ti3Pb,Ti,Pb,3.0,1.0,4.200669580502074,-6.722697165,,VASP,L12,4.200669580502074
vasp-Ti3Pd1,Ti3Pd,Ti,Pd,3.0,1.0,4.021224077603207,-7.34654864,,VASP,L12,4.021224077603207
vasp-Ti3Pr1,Ti3Pr,Ti,Pr,3.0,1.0,4.235073480337584,-7.1988974225,,VASP,L12,4.235073480337584
vasp-Ti3Pt1,Ti3Pt,Ti,Pt,3.0,1.0,4.011336205134217,-7.8304714175,,VASP,L12,4.011336205134217
vasp-Ti3Re1,Ti3Re,Ti,Re,3.0,1.0,4.006393728520538,-8.9230343375,,VASP,L12,4.006393728520538
vasp-Ti3Rh1,Ti3Rh,Ti,Rh,3.0,1.0,3.9913258822057744,-7.9089286425,,VASP,L12,3.9913258822057744
vasp-Ti3Ru1,Ti3Ru,Ti,Ru,3.0,1.0,3.9858497093386247,-8.2635005725,,VASP,L12,3.9858497093386247
vasp-Ti3Sc1,Ti3Sc,Ti,Sc,3.0,1.0,4.206524356671162,-7.2388395425,,VASP,L12,4.206524356671162
vasp-Ti3Si1,Ti3Si,Ti,Si,3.0,1.0,3.9599855725812168,-7.6063734125,,VASP,L12,3.9599855725812168
vasp-Ti3Sm1,Ti3Sm,Ti,Sm,3.0,1.0,4.069156172217471,-8.2246962425,,VASP,L12,4.069156172217471
vasp-Ti3Sn1,Ti3Sn,Ti,Sn,3.0,1.0,4.155841328909948,-7.0341741375,,VASP,L12,4.155841328909948
vasp-Ti3Sr1,Ti3Sr,Ti,Sr,3.0,1.0,4.41544522153465,-5.4654982025,,VASP,L12,4.41544522153465
vasp-Ti3Ta1,Ti3Ta,Ti,Ta,3.0,1.0,4.112462089691372,-8.686916795,,VASP,L12,4.112462089691372
vasp-Ti3Tb1,Ti3Tb,Ti,Tb,3.0,1.0,4.136010679344887,,,VASP,L12,4.136010679344887
vasp-Ti3Tc1,Ti3Tc,Ti,Tc,3.0,1.0,4.002884464205773,-8.43210333,,VASP,L12,4.002884464205773
vasp-Ti3Ti1,Ti3Ti,Ti,Ti,3.0,1.0,4.091016945228013,-7.7013866325,,VASP,L12,4.091016945228013
vasp-Ti3Tm1,Ti3Tm,Ti,Tm,3.0,1.0,4.085935853051524,-7.09070148,,VASP,L12,4.085935853051524
vasp-Ti3V1,Ti3V,Ti,V,3.0,1.0,4.013555599077092,-7.9228582675,,VASP,L12,4.013555599077092
vasp-Ti3W1,Ti3W,Ti,W,3.0,1.0,4.046996476535326,-8.9153841225,,VASP,L12,4.046996476535326
vasp-Ti3Y1,Ti3Y,Ti,Y,3.0,1.0,4.313565271986542,-7.1401669575,,VASP,L12,4.313565271986542
vasp-Ti3Zn1,Ti3Zn,Ti,Zn,3.0,1.0,4.00383224791072,-6.212471555,,VASP,L12,4.00383224791072
vasp-Ti3Zr1,Ti3Zr,Ti,Zr,3.0,1.0,4.202884439509031,-7.8587243675,,VASP,L12,4.202884439509031
vasp-Tm3Ag1,Tm3Ag,Tm,Ag,3.0,1.0,4.417732974090597,-4.506401525,,VASP,L12,4.417732974090597
vasp-Tm3Al1,Tm3Al,Tm,Al,3.0,1.0,4.254596051797101,-5.0859703575,,VASP,L12,4.254596051797101
vasp-Tm3Au1,Tm3Au,Tm,Au,3.0,1.0,4.448245438672566,,,VASP,L12,4.448245438672566
vasp-Tm3Ba1,Tm3Ba,Tm,Ba,3.0,1.0,4.395415948256823,-2.9344083275,,VASP,L12,4.395415948256823
vasp-Tm3Ca1,Tm3Ca,Tm,Ca,3.0,1.0,5.991841581103428,-3.4859483275,,VASP,L12,5.991841581103428
vasp-Tm3Cd1,Tm3Cd,Tm,Cd,3.0,1.0,4.5583087505099975,-5.18519952,,VASP,L12,4.5583087505099975
vasp-Tm3Ce1,Tm3Ce,Tm,Ce,3.0,1.0,4.168435052111517,-5.0967413425,,VASP,L12,4.168435052111517
vasp-Tm3Co1,Tm3Co,Tm,Co,3.0,1.0,4.523973726196521,-5.9528012775,,VASP,L12,4.523973726196521
vasp-Tm3Cr1,Tm3Cr,Tm,Cr,3.0,1.0,4.95685019673308,-8.8855677225,,VASP,L12,4.95685019673308
vasp-Tm3Cu1,Tm3Cu,Tm,Cu,3.0,1.0,4.287768515920839,-5.0556910425,,VASP,L12,4.287768515920839
vasp-Tm3Dy1,Tm3Dy,Tm,Dy,3.0,1.0,4.170591616522504,-5.185713335,,VASP,L12,4.170591616522504
vasp-Tm3Er1,Tm3Er,Tm,Er,3.0,1.0,4.953322009744094,-6.4740175525,,VASP,L12,4.953322009744094
vasp-Tm3Eu1,Tm3Eu,Tm,Eu,3.0,1.0,4.162538411281353,-6.210258105,,VASP,L12,4.162538411281353
vasp-Tm3Fe1,Tm3Fe,Tm,Fe,3.0,1.0,6.031690443067089,-17.1957911675,,VASP,L12,6.031690443067089
vasp-Tm3Ga1,Tm3Ga,Tm,Ga,3.0,1.0,4.236489899527797,-5.03444461,,VASP,L12,4.236489899527797
vasp-Tm3Gd1,Tm3Gd,Tm,Gd,3.0,1.0,4.449322097955273,,,VASP,L12,4.449322097955273
vasp-Tm3Ge1,Tm3Ge,Tm,Ge,3.0,1.0,4.106457574016378,,,VASP,L12,4.106457574016378
vasp-Tm3Hf1,Tm3Hf,Tm,Hf,3.0,1.0,4.425889274462184,-9.7938126575,,VASP,L12,4.425889274462184
vasp-Tm3Hg1,Tm3Hg,Tm,Hg,3.0,1.0,4.361664419147086,-3.789091715,,VASP,L12,4.361664419147086
vasp-Tm3Ho1,Tm3Ho,Tm,Ho,3.0,1.0,4.32819319457628,,,VASP,L12,4.32819319457628
vasp-Tm3In1,Tm3In,Tm,In,3.0,1.0,4.487494899948655,-4.35654837,,VASP,L12,4.487494899948655
vasp-Tm3Ir1,Tm3Ir,Tm,Ir,3.0,1.0,4.698526755951757,-6.6231473475,,VASP,L12,4.698526755951757
vasp-Tm3La1,Tm3La,Tm,La,3.0,1.0,4.4683780053444355,-5.7195091125,,VASP,L12,4.4683780053444355
vasp-Tm3Lu1,Tm3Lu,Tm,Lu,3.0,1.0,6.273153815692007,,,VASP,L12,6.273153815692007
vasp-Tm3Mg1,Tm3Mg,Tm,Mg,3.0,1.0,4.373629256959512,-4.0162588475,,VASP,L12,4.373629256959512
vasp-Tm3Mn1,Tm3Mn,Tm,Mn,3.0,1.0,4.4035323358850365,-6.1833144125,,VASP,L12,4.4035323358850365
vasp-Tm3Mo1,Tm3Mo,Tm,Mo,3.0,1.0,4.030634169016737,-6.46900022,,VASP,L12,4.030634169016737
vasp-Tm3Nb1,Tm3Nb,Tm,Nb,3.0,1.0,4.198897754375125,-6.134476685,,VASP,L12,4.198897754375125
vasp-Tm3Nd1,Tm3Nd,Tm,Nd,3.0,1.0,4.384086630005139,-36.7525369425,,VASP,L12,4.384086630005139
vasp-Tm3Ni1,Tm3Ni,Tm,Ni,3.0,1.0,4.924690501583496,-6.0371209075,,VASP,L12,4.924690501583496
vasp-Tm3Os1,Tm3Os,Tm,Os,3.0,1.0,4.201392318042288,-7.04336454,,VASP,L12,4.201392318042288
vasp-Tm3Pb1,Tm3Pb,Tm,Pb,3.0,1.0,4.830618407686193,-4.476229615,,VASP,L12,4.830618407686193
vasp-Tm3Pd1,Tm3Pd,Tm,Pd,3.0,1.0,4.308620250931759,-5.5809791175,,VASP,L12,4.308620250931759
vasp-Tm3Pr1,Tm3Pr,Tm,Pr,3.0,1.0,4.217520209259597,-5.2345468825,,VASP,L12,4.217520209259597
vasp-Tm3Pt1,Tm3Pt,Tm,Pt,3.0,1.0,4.457569429811006,-6.02943281,,VASP,L12,4.457569429811006
vasp-Tm3Re1,Tm3Re,Tm,Re,3.0,1.0,4.23475067490561,-162.290410605,,VASP,L12,4.23475067490561
vasp-Tm3Rh1,Tm3Rh,Tm,Rh,3.0,1.0,4.359574117378953,-6.1813380875,,VASP,L12,4.359574117378953
vasp-Tm3Ru1,Tm3Ru,Tm,Ru,3.0,1.0,4.312254588411691,-6.5997524975,,VASP,L12,4.312254588411691
vasp-Tm3Sc1,Tm3Sc,Tm,Sc,3.0,1.0,4.392906009281076,-5.12351427,,VASP,L12,4.392906009281076
vasp-Tm3Si1,Tm3Si,Tm,Si,3.0,1.0,4.237312462354739,-5.97812033,,VASP,L12,4.237312462354739
vasp-Tm3Sm1,Tm3Sm,Tm,Sm,3.0,1.0,4.411531018943608,-7.6849223875,,VASP,L12,4.411531018943608
vasp-Tm3Sn1,Tm3Sn,Tm,Sn,3.0,1.0,4.629722956717526,-4.88443027,,VASP,L12,4.629722956717526
vasp-Tm3Sr1,Tm3Sr,Tm,Sr,3.0,1.0,4.465873455815355,-2.936830475,,VASP,L12,4.465873455815355
vasp-Tm3Ta1,Tm3Ta,Tm,Ta,3.0,1.0,4.36775608668513,-6.541557845,,VASP,L12,4.36775608668513
vasp-Tm3Tb1,Tm3Tb,Tm,Tb,3.0,1.0,4.304609465456662,,,VASP,L12,4.304609465456662
vasp-Tm3Tc1,Tm3Tc,Tm,Tc,3.0,1.0,4.358763426710116,-6.5987814475,,VASP,L12,4.358763426710116
vasp-Tm3Ti1,Tm3Ti,Tm,Ti,3.0,1.0,4.382295533117184,-6.0981658325,,VASP,L12,4.382295533117184
vasp-Tm3Tm1,Tm3Tm,Tm,Tm,3.0,1.0,4.867729693002369,,,VASP,L12,4.867729693002369
vasp-Tm3V1,Tm3V,Tm,V,3.0,1.0,4.681523423448525,-6.8492085425,,VASP,L12,4.681523423448525
vasp-Tm3W1,Tm3W,Tm,W,3.0,1.0,4.822292020750858,-7.672571135,,VASP,L12,4.822292020750858
vasp-Tm3Y1,Tm3Y,Tm,Y,3.0,1.0,4.183936223272978,-4.76259231,,VASP,L12,4.183936223272978
vasp-Tm3Zn1,Tm3Zn,Tm,Zn,3.0,1.0,4.53297625674949,-5.3106187775,,VASP,L12,4.53297625674949
vasp-Tm3Zr1,Tm3Zr,Tm,Zr,3.0,1.0,4.681116281423419,-5.612716005,,VASP,L12,4.681116281423419
vasp-V3Ag1,V3Ag,V,Ag,3.0,1.0,3.8591238032991475,-7.0141609975,,VASP,L12,3.8591238032991475
vasp-V3Al1,V3Al,V,Al,3.0,1.0,3.805634871658176,-7.70329447,,VASP,L12,3.805634871658176
vasp-V3Au1,V3Au,V,Au,3.0,1.0,3.8590808601520905,-7.45225934,,VASP,L12,3.8590808601520905
vasp-V3Ba1,V3Ba,V,Ba,3.0,1.0,4.197112245712982,-5.680812735,,VASP,L12,4.197112245712982
vasp-V3Ca1,V3Ca,V,Ca,3.0,1.0,4.090492787936339,-6.1799658125,,VASP,L12,4.090492787936339
vasp-V3Cd1,V3Cd,V,Cd,3.0,1.0,3.913769787388777,-6.518902085,,VASP,L12,3.913769787388777
vasp-V3Ce1,V3Ce,V,Ce,3.0,1.0,4.083558076441821,-7.55549179,,VASP,L12,4.083558076441821
vasp-V3Co1,V3Co,V,Co,3.0,1.0,3.6925803634330077,-8.38941131,,VASP,L12,3.6925803634330077
vasp-V3Cr1,V3Cr,V,Cr,3.0,1.0,3.7482736274097834,-8.7737083675,,VASP,L12,3.7482736274097834
vasp-V3Cu1,V3Cu,V,Cu,3.0,1.0,3.729251217594693,-7.490690535,,VASP,L12,3.729251217594693
vasp-V3Dy1,V3Dy,V,Dy,3.0,1.0,3.8503749883405836,-8.242145895,,VASP,L12,3.8503749883405836
vasp-V3Er1,V3Er,V,Er,3.0,1.0,4.000000000005615,-8.0224540625,,VASP,L12,4.000000000005615
vasp-V3Eu1,V3Eu,V,Eu,3.0,1.0,4.048519220322528,-7.07149656,,VASP,L12,4.048519220322528
vasp-V3Fe1,V3Fe,V,Fe,3.0,1.0,3.697798067152826,-8.6061820175,,VASP,L12,3.697798067152826
vasp-V3Ga1,V3Ga,V,Ga,3.0,1.0,3.7875076143281303,-7.530338035,,VASP,L12,3.7875076143281303
vasp-V3Gd1,V3Gd,V,Gd,3.0,1.0,4.329173823140996,-7.9683645775,,VASP,L12,4.329173823140996
vasp-V3Ge1,V3Ge,V,Ge,3.0,1.0,3.782481185479884,-8.0302074975,,VASP,L12,3.782481185479884
vasp-V3Hf1,V3Hf,V,Hf,3.0,1.0,3.981213784814498,-8.84739319,,VASP,L12,3.981213784814498
vasp-V3Hg1,V3Hg,V,Hg,3.0,1.0,3.9151204074149204,-6.4308520375,,VASP,L12,3.9151204074149204
vasp-V3Ho1,V3Ho,V,Ho,3.0,1.0,3.9188283051069877,-8.2461515575,,VASP,L12,3.9188283051069877
vasp-V3In1,V3In,V,In,3.0,1.0,3.934451638851684,-7.10058054,,VASP,L12,3.934451638851684
vasp-V3Ir1,V3Ir,V,Ir,3.0,1.0,3.798430323564191,-9.0999736925,,VASP,L12,3.798430323564191
vasp-V3La1,V3La,V,La,3.0,1.0,4.1435991866087525,-7.0313686525,,VASP,L12,4.1435991866087525
vasp-V3Lu1,V3Lu,V,Lu,3.0,1.0,4.050592919558654,-7.237595015,,VASP,L12,4.050592919558654
vasp-V3Mg1,V3Mg,V,Mg,3.0,1.0,3.884149168634277,-6.65977762,,VASP,L12,3.884149168634277
vasp-V3Mn1,V3Mn,V,Mn,3.0,1.0,3.7175191159359118,-8.731632565,,VASP,L12,3.7175191159359118
vasp-V3Mo1,V3Mo,V,Mo,3.0,1.0,3.848842488734206,-9.1465689475,,VASP,L12,3.848842488734206
vasp-V3Nb1,V3Nb,V,Nb,3.0,1.0,3.9191825741685644,-8.9087535,,VASP,L12,3.9191825741685644
vasp-V3Nd1,V3Nd,V,Nd,3.0,1.0,4.036301294695673,-8.0705343675,,VASP,L12,4.036301294695673
vasp-V3Ni1,V3Ni,V,Ni,3.0,1.0,3.699531952928057,-8.05045993,,VASP,L12,3.699531952928057
vasp-V3Os1,V3Os,V,Os,3.0,1.0,3.7996345174790895,-9.4747189875,,VASP,L12,3.7996345174790895
vasp-V3Pb1,V3Pb,V,Pb,3.0,1.0,3.9807767345115845,-7.2289682575,,VASP,L12,3.9807767345115845
vasp-V3Pd1,V3Pd,V,Pd,3.0,1.0,3.809844142906472,-7.98379764,,VASP,L12,3.809844142906472
vasp-V3Pr1,V3Pr,V,Pr,3.0,1.0,4.042483551329812,-7.811966205,,VASP,L12,4.042483551329812
vasp-V3Pt1,V3Pt,V,Pt,3.0,1.0,3.8148737610361847,-8.4640741375,,VASP,L12,3.8148737610361847
vasp-V3Re1,V3Re,V,Re,3.0,1.0,3.8203438963659693,-9.6482472125,,VASP,L12,3.8203438963659693
vasp-V3Rh1,V3Rh,V,Rh,3.0,1.0,3.7882922974095656,-8.583452895,,VASP,L12,3.7882922974095656
vasp-V3Ru1,V3Ru,V,Ru,3.0,1.0,3.7871608969560664,-8.9503212475,,VASP,L12,3.7871608969560664
vasp-V3Sc1,V3Sc,V,Sc,3.0,1.0,3.9697718203021513,-7.83840891,,VASP,L12,3.9697718203021513
vasp-V3Si1,V3Si,V,Si,3.0,1.0,3.7377791419694577,-8.3677025475,,VASP,L12,3.7377791419694577
vasp-V3Sm1,V3Sm,V,Sm,3.0,1.0,4.0,-7.9385114075,,VASP,L12,4.0
vasp-V3Sn1,V3Sn,V,Sn,3.0,1.0,3.936024007716335,-7.59844415,,VASP,L12,3.936024007716335
vasp-V3Sr1,V3Sr,V,Sr,3.0,1.0,4.195322419594481,-5.7743163575,,VASP,L12,4.195322419594481
vasp-V3Ta1,V3Ta,V,Ta,3.0,1.0,3.9125546658590356,-9.379238535,,VASP,L12,3.9125546658590356
vasp-V3Tb1,V3Tb,V,Tb,3.0,1.0,6.086432927543286,,,VASP,L12,6.086432927543286
vasp-V3Tc1,V3Tc,V,Tc,3.0,1.0,3.8071582686320586,-9.1308881875,,VASP,L12,3.8071582686320586
vasp-V3Ti1,V3Ti,V,Ti,3.0,1.0,3.8655459733549318,-8.41122293,,VASP,L12,3.8655459733549318
vasp-V3Tm1,V3Tm,V,Tm,3.0,1.0,4.008503367972537,-7.781543855,,VASP,L12,4.008503367972537
vasp-V3V1,V3V,V,V,3.0,1.0,3.7944137253589165,-8.68618988,,VASP,L12,3.7944137253589165
vasp-V3W1,V3W,V,W,3.0,1.0,3.8584730646541905,-9.644291395,,VASP,L12,3.8584730646541905
vasp-V3Y1,V3Y,V,Y,3.0,1.0,4.0969703034107505,-7.6015976375,,VASP,L12,4.0969703034107505
vasp-V3Zn1,V3Zn,V,Zn,3.0,1.0,3.772394846205969,-6.9070202675,,VASP,L12,3.772394846205969
vasp-V3Zr1,V3Zr,V,Zr,3.0,1.0,3.996524300322195,-8.44104729,,VASP,L12,3.996524300322195
vasp-W3Ag1,W3Ag,W,Ag,3.0,1.0,3.9976879550697197,-9.88527913,,VASP,L12,3.9976879550697197
vasp-W3Al1,W3Al,W,Al,3.0,1.0,3.9772591068224616,-10.47098728,,VASP,L12,3.9772591068224616
vasp-W3Au1,W3Au,W,Au,3.0,1.0,4.0017563649692605,-10.244310815,,VASP,L12,4.0017563649692605
vasp-W3Ba1,W3Ba,W,Ba,3.0,1.0,4.312451536119508,-8.03484338,,VASP,L12,4.312451536119508
vasp-W3Ca1,W3Ca,W,Ca,3.0,1.0,4.174415705598439,-8.992482745,,VASP,L12,4.174415705598439
vasp-W3Cd1,W3Cd,W,Cd,3.0,1.0,4.043733988581107,-9.3326106675,,VASP,L12,4.043733988581107
vasp-W3Ce1,W3Ce,W,Ce,3.0,1.0,4.214849519801453,-10.162116745,,VASP,L12,4.214849519801453
vasp-W3Co1,W3Co,W,Co,3.0,1.0,3.884686654414379,-11.2595610975,,VASP,L12,3.884686654414379
vasp-W3Cr1,W3Cr,W,Cr,3.0,1.0,3.93208278908399,-11.636380505,,VASP,L12,3.93208278908399
vasp-W3Cu1,W3Cu,W,Cu,3.0,1.0,3.9097937093018027,-10.3814640125,,VASP,L12,3.9097937093018027
vasp-W3Dy1,W3Dy,W,Dy,3.0,1.0,6.804036960950944,-10.9597463225,,VASP,L12,6.804036960950944
vasp-W3Er1,W3Er,W,Er,3.0,1.0,3.9715815755883948,-10.7146925,,VASP,L12,3.9715815755883948
vasp-W3Eu1,W3Eu,W,Eu,3.0,1.0,4.16830366188285,-9.7166935175,,VASP,L12,4.16830366188285
vasp-W3Fe1,W3Fe,W,Fe,3.0,1.0,3.891288379930501,-11.4659086875,,VASP,L12,3.891288379930501
vasp-W3Ga1,W3Ga,W,Ga,3.0,1.0,3.9695731333677484,-10.191120905,,VASP,L12,3.9695731333677484
vasp-W3Gd1,W3Gd,W,Gd,3.0,1.0,5.796547282936378,-10.871667015,,VASP,L12,5.796547282936378
vasp-W3Ge1,W3Ge,W,Ge,3.0,1.0,3.973658107033077,-10.442251385,,VASP,L12,3.973658107033077
vasp-W3Hf1,W3Hf,W,Hf,3.0,1.0,4.11423439526494,-11.730476805,,VASP,L12,4.11423439526494
vasp-W3Hg1,W3Hg,W,Hg,3.0,1.0,4.048102493872997,-9.15913698,,VASP,L12,4.048102493872997
vasp-W3Ho1,W3Ho,W,Ho,3.0,1.0,3.9636667635795337,-10.829610245,,VASP,L12,3.9636667635795337
vasp-W3In1,W3In,W,In,3.0,1.0,4.076075815873651,-9.7718746,,VASP,L12,4.076075815873651
vasp-W3Ir1,W3Ir,W,Ir,3.0,1.0,3.9654158924882275,-11.9174480075,,VASP,L12,3.9654158924882275
vasp-W3La1,W3La,W,La,3.0,1.0,4.275991062085755,-9.5739864975,,VASP,L12,4.275991062085755
vasp-W3Lu1,W3Lu,W,Lu,3.0,1.0,4.164239846099312,-10.0694891175,,VASP,L12,4.164239846099312
vasp-W3Mg1,W3Mg,W,Mg,3.0,1.0,4.017928379861342,-9.5844707825,,VASP,L12,4.017928379861342
vasp-W3Mn1,W3Mn,W,Mn,3.0,1.0,3.9057162812688015,-11.60180429,,VASP,L12,3.9057162812688015
vasp-W3Mo1,W3Mo,W,Mo,3.0,1.0,4.011233625085254,-12.02046802,,VASP,L12,4.011233625085254
vasp-W3Nb1,W3Nb,W,Nb,3.0,1.0,4.070041790391256,-11.7771361125,,VASP,L12,4.070041790391256
vasp-W3Nd1,W3Nd,W,Nd,3.0,1.0,4.15848718630234,-10.4778219725,,VASP,L12,4.15848718630234
vasp-W3Ni1,W3Ni,W,Ni,3.0,1.0,3.8877627483005224,-10.9584915325,,VASP,L12,3.8877627483005224
vasp-W3Os1,W3Os,W,Os,3.0,1.0,3.9684024742649333,-12.3184414575,,VASP,L12,3.9684024742649333
vasp-W3Pb1,W3Pb,W,Pb,3.0,1.0,4.124127284168077,-9.6278715025,,VASP,L12,4.124127284168077
vasp-W3Pd1,W3Pd,W,Pd,3.0,1.0,3.965485730121243,-10.8764483025,,VASP,L12,3.965485730121243
vasp-W3Pr1,W3Pr,W,Pr,3.0,1.0,4.178745009041033,-10.3742298825,,VASP,L12,4.178745009041033
vasp-W3Pt1,W3Pt,W,Pt,3.0,1.0,3.9717048181296586,-11.29568484,,VASP,L12,3.9717048181296586
vasp-W3Re1,W3Re,W,Re,3.0,1.0,3.984354937967915,-12.5174545525,,VASP,L12,3.984354937967915
vasp-W3Rh1,W3Rh,W,Rh,3.0,1.0,3.9524311386791817,-11.4418486425,,VASP,L12,3.9524311386791817
vasp-W3Ru1,W3Ru,W,Ru,3.0,1.0,3.9566585221437833,-11.80757614,,VASP,L12,3.9566585221437833
vasp-W3Sc1,W3Sc,W,Sc,3.0,1.0,4.095385366776254,-10.721473325,,VASP,L12,4.095385366776254
vasp-W3Si1,W3Si,W,Si,3.0,1.0,3.9326891532130253,-10.848600455,,VASP,L12,3.9326891532130253
vasp-W3Sm1,W3Sm,W,Sm,3.0,1.0,4.0,,,VASP,L12,4.0
vasp-W3Sn1,W3Sn,W,Sn,3.0,1.0,4.083874745899711,-10.09215932,,VASP,L12,4.083874745899711
vasp-W3Sr1,W3Sr,W,Sr,3.0,1.0,4.266929497512762,-8.396048775,,VASP,L12,4.266929497512762
vasp-W3Ta1,W3Ta,W,Ta,3.0,1.0,4.064062251503312,-12.269570565,,VASP,L12,4.064062251503312
vasp-W3Tb1,W3Tb,W,Tb,3.0,1.0,5.029592531207454,,,VASP,L12,5.029592531207454
vasp-W3Tc1,W3Tc,W,Tc,3.0,1.0,3.9739568198253292,-12.0174080425,,VASP,L12,3.9739568198253292
vasp-W3Ti1,W3Ti,W,Ti,3.0,1.0,4.020839584502446,-11.2924134025,,VASP,L12,4.020839584502446
vasp-W3Tm1,W3Tm,W,Tm,3.0,1.0,4.113535893361661,-10.43662194,,VASP,L12,4.113535893361661
vasp-W3V1,W3V,W,V,3.0,1.0,3.969584572233228,-11.55849017,,VASP,L12,3.969584572233228
vasp-W3W1,W3W,W,W,3.0,1.0,4.016366780110001,-12.5191320425,,VASP,L12,4.016366780110001
vasp-W3Y1,W3Y,W,Y,3.0,1.0,4.203253661890227,-10.384406435,,VASP,L12,4.203253661890227
vasp-W3Zn1,W3Zn,W,Zn,3.0,1.0,3.9457451781006427,-9.7319505925,,VASP,L12,3.9457451781006427
vasp-W3Zr1,W3Zr,W,Zr,3.0,1.0,4.130059650247933,-11.2948024275,,VASP,L12,4.130059650247933
vasp-Y3Ag1,Y3Ag,Y,Ag,3.0,1.0,4.723515914012939,-5.4231341225,,VASP,L12,4.723515914012939
vasp-Y3Al1,Y3Al,Y,Al,3.0,1.0,4.769407196984422,-5.92108739,,VASP,L12,4.769407196984422
vasp-Y3Au1,Y3Au,Y,Au,3.0,1.0,4.704601776171257,-5.8461330675,,VASP,L12,4.704601776171257
vasp-Y3Ba1,Y3Ba,Y,Ba,3.0,1.0,5.232063436450936,-4.97845281,,VASP,L12,5.232063436450936
vasp-Y3Ca1,Y3Ca,Y,Ca,3.0,1.0,5.107311556313172,-5.1263612525,,VASP,L12,5.107311556313172
vasp-Y3Cd1,Y3Cd,Y,Cd,3.0,1.0,4.6836055114255695,-4.92916807,,VASP,L12,4.6836055114255695
vasp-Y3Ce1,Y3Ce,Y,Ce,3.0,1.0,4.903679539772935,-6.0691585725,,VASP,L12,4.903679539772935
vasp-Y3Co1,Y3Co,Y,Co,3.0,1.0,4.577411456111598,-6.2433758625,,VASP,L12,4.577411456111598
vasp-Y3Cr1,Y3Cr,Y,Cr,3.0,1.0,4.662295832903492,-6.5853273975,,VASP,L12,4.662295832903492
vasp-Y3Cu1,Y3Cu,Y,Cu,3.0,1.0,4.54485127802628,-5.45019288,,VASP,L12,4.54485127802628
vasp-Y3Dy1,Y3Dy,Y,Dy,3.0,1.0,3.074861840784908,,,VASP,L12,3.074861840784908
vasp-Y3Er1,Y3Er,Y,Er,3.0,1.0,3.999307936711651,-4.319804495,,VASP,L12,3.999307936711651
vasp-Y3Eu1,Y3Eu,Y,Eu,3.0,1.0,4.274298041148701,-3.5349311075,,VASP,L12,4.274298041148701
vasp-Y3Fe1,Y3Fe,Y,Fe,3.0,1.0,4.573772473489981,-6.403665175,,VASP,L12,4.573772473489981
vasp-Y3Ga1,Y3Ga,Y,Ga,3.0,1.0,4.731423560111939,-5.7649556925,,VASP,L12,4.731423560111939
vasp-Y3Gd1,Y3Gd,Y,Gd,3.0,1.0,5.1678508512895025,-4.446767215,,VASP,L12,5.1678508512895025
vasp-Y3Ge1,Y3Ge,Y,Ge,3.0,1.0,4.687702944789923,-6.233762285,,VASP,L12,4.687702944789923
vasp-Y3Hf1,Y3Hf,Y,Hf,3.0,1.0,4.856361297321719,-7.1179991625,,VASP,L12,4.856361297321719
vasp-Y3Hg1,Y3Hg,Y,Hg,3.0,1.0,4.780937679333087,-4.9888362825,,VASP,L12,4.780937679333087
vasp-Y3Ho1,Y3Ho,Y,Ho,3.0,1.0,3.9999999870258187,,,VASP,L12,3.9999999870258187
vasp-Y3In1,Y3In,Y,In,3.0,1.0,4.85999143923309,-5.705216665,,VASP,L12,4.85999143923309
vasp-Y3Ir1,Y3Ir,Y,Ir,3.0,1.0,4.600990499099154,-7.166726295,,VASP,L12,4.600990499099154
vasp-Y3La1,Y3La,Y,La,3.0,1.0,5.0930538574314195,-5.9573961875,,VASP,L12,5.0930538574314195
vasp-Y3Lu1,Y3Lu,Y,Lu,3.0,1.0,4.943509622045437,-5.8353797075,,VASP,L12,4.943509622045437
vasp-Y3Mg1,Y3Mg,Y,Mg,3.0,1.0,4.921336665101506,-5.1491578425,,VASP,L12,4.921336665101506
vasp-Y3Mn1,Y3Mn,Y,Mn,3.0,1.0,4.585380839263085,-6.5007311225,,VASP,L12,4.585380839263085
vasp-Y3Mo1,Y3Mo,Y,Mo,3.0,1.0,4.687715337206865,-7.12913354,,VASP,L12,4.687715337206865
vasp-Y3Nb1,Y3Nb,Y,Nb,3.0,1.0,4.771509837029352,-7.02493143,,VASP,L12,4.771509837029352
vasp-Y3Nd1,Y3Nd,Y,Nd,3.0,1.0,4.469230524032773,-4.218347975,,VASP,L12,4.469230524032773
vasp-Y3Ni1,Y3Ni,Y,Ni,3.0,1.0,4.595187969720514,-5.9930678675,,VASP,L12,4.595187969720514
vasp-Y3Os1,Y3Os,Y,Os,3.0,1.0,4.5987444800332895,-7.425005485,,VASP,L12,4.5987444800332895
vasp-Y3Pb1,Y3Pb,Y,Pb,3.0,1.0,4.8797862134413075,-5.9517185675,,VASP,L12,4.8797862134413075
vasp-Y3Pd1,Y3Pd,Y,Pd,3.0,1.0,4.662870558945778,-6.2600557275,,VASP,L12,4.662870558945778
vasp-Y3Pr1,Y3Pr,Y,Pr,3.0,1.0,5.183958368384988,-4.19282629,,VASP,L12,5.183958368384988
vasp-Y3Pt1,Y3Pt,Y,Pt,3.0,1.0,4.643426916535252,-6.6869922225,,VASP,L12,4.643426916535252
vasp-Y3Re1,Y3Re,Y,Re,3.0,1.0,4.0,,,VASP,L12,4.0
vasp-Y3Rh1,Y3Rh,Y,Rh,3.0,1.0,4.641217247646844,-6.7248490325,,VASP,L12,4.641217247646844
vasp-Y3Ru1,Y3Ru,Y,Ru,3.0,1.0,4.630857410060256,-6.9852284025,,VASP,L12,4.630857410060256
vasp-Y3Sc1,Y3Sc,Y,Sc,3.0,1.0,4.903819905656986,-6.2752433525,,VASP,L12,4.903819905656986
vasp-Y3Si1,Y3Si,Y,Si,3.0,1.0,4.646235783031606,-6.3902646125,,VASP,L12,4.646235783031606
vasp-Y3Sm1,Y3Sm,Y,Sm,3.0,1.0,4.227261964605064,-5.3252348575,,VASP,L12,4.227261964605064
vasp-Y3Sn1,Y3Sn,Y,Sn,3.0,1.0,4.82663491857322,-6.1593484275,,VASP,L12,4.82663491857322
vasp-Y3Sr1,Y3Sr,Y,Sr,3.0,1.0,5.178041118445693,-4.9502986875,,VASP,L12,5.178041118445693
vasp-Y3Ta1,Y3Ta,Y,Ta,3.0,1.0,4.7523201285371846,-7.3898871725,,VASP,L12,4.7523201285371846
vasp-Y3Tb1,Y3Tb,Y,Tb,3.0,1.0,3.867719070173326,,,VASP,L12,3.867719070173326
vasp-Y3Tc1,Y3Tc,Y,Tc,3.0,1.0,4.635835527876243,-7.098405475,,VASP,L12,4.635835527876243
vasp-Y3Ti1,Y3Ti,Y,Ti,3.0,1.0,4.795807628121876,-6.515224205,,VASP,L12,4.795807628121876
vasp-Y3Tm1,Y3Tm,Y,Tm,3.0,1.0,4.568712491237067,-4.2106524575,,VASP,L12,4.568712491237067
vasp-Y3V1,Y3V,Y,V,3.0,1.0,4.719356798488375,-6.58947451,,VASP,L12,4.719356798488375
vasp-Y3W1,Y3W,Y,W,3.0,1.0,4.679809610804358,-7.5234808025,,VASP,L12,4.679809610804358
vasp-Y3Y1,Y3Y,Y,Y,3.0,1.0,5.034083892272543,-6.352025825,,VASP,L12,5.034083892272543
vasp-Y3Zn1,Y3Zn,Y,Zn,3.0,1.0,4.658576143825106,-5.04355087,,VASP,L12,4.658576143825106
vasp-Y3Zr1,Y3Zr,Y,Zr,3.0,1.0,4.850610822720419,-6.7876887725,,VASP,L12,4.850610822720419
vasp-Zn3Ag1,Zn3Ag,Zn,Ag,3.0,1.0,3.958491897261296,-1.5158237075,,VASP,L12,3.958491897261296
vasp-Zn3Al1,Zn3Al,Zn,Al,3.0,1.0,3.962407306438505,-1.751047105,,VASP,L12,3.962407306438505
vasp-Zn3Au1,Zn3Au,Zn,Au,3.0,1.0,3.9492525099954636,-1.75633716,,VASP,L12,3.9492525099954636
vasp-Zn3Ba1,Zn3Ba,Zn,Ba,3.0,1.0,4.548051329397474,-1.0933815425,,VASP,L12,4.548051329397474
vasp-Zn3Ca1,Zn3Ca,Zn,Ca,3.0,1.0,4.3060012433088986,-1.3990158625,,VASP,L12,4.3060012433088986
vasp-Zn3Cd1,Zn3Cd,Zn,Cd,3.0,1.0,4.104251411818515,-0.93283772,,VASP,L12,4.104251411818515
vasp-Zn3Ce1,Zn3Ce,Zn,Ce,3.0,1.0,4.325640952452197,-2.3654853075,,VASP,L12,4.325640952452197
vasp-Zn3Co1,Zn3Co,Zn,Co,3.0,1.0,3.7260692457028353,-2.6355782125,,VASP,L12,3.7260692457028353
vasp-Zn3Cr1,Zn3Cr,Zn,Cr,3.0,1.0,3.76960930827564,-3.0924615075,,VASP,L12,3.76960930827564
vasp-Zn3Cu1,Zn3Cu,Zn,Cu,3.0,1.0,3.8044810750293525,-1.7981643725,,VASP,L12,3.8044810750293525
vasp-Zn3Dy1,Zn3Dy,Zn,Dy,3.0,1.0,4.257678617890735,-3.570367565,,VASP,L12,4.257678617890735
vasp-Zn3Er1,Zn3Er,Zn,Er,3.0,1.0,4.133159379106396,-2.7569967525,,VASP,L12,4.133159379106396
vasp-Zn3Eu1,Zn3Eu,Zn,Eu,3.0,1.0,4.437670245198804,-1.78511431,,VASP,L12,4.437670245198804
vasp-Zn3Fe1,Zn3Fe,Zn,Fe,3.0,1.0,3.771129322902724,-2.9230947925,,VASP,L12,3.771129322902724
vasp-Zn3Ga1,Zn3Ga,Zn,Ga,3.0,1.0,4.0,-1.5364940775,,VASP,L12,4.0
vasp-Zn3Gd1,Zn3Gd,Zn,Gd,3.0,1.0,4.365285581860179,-4.32342618,,VASP,L12,4.365285581860179
vasp-Zn3Ge1,Zn3Ge,Zn,Ge,3.0,1.0,4.033074586633854,-1.8380913425,,VASP,L12,4.033074586633854
vasp-Zn3Hf1,Zn3Hf,Zn,Hf,3.0,1.0,4.0349499925542105,-3.5200932125,,VASP,L12,4.0349499925542105
vasp-Zn3Hg1,Zn3Hg,Zn,Hg,3.0,1.0,4.126331742584636,-0.7537354675,,VASP,L12,4.126331742584636
vasp-Zn3Ho1,Zn3Ho,Zn,Ho,3.0,1.0,4.0,-3.0520422075,,VASP,L12,4.0
vasp-Zn3In1,Zn3In,Zn,In,3.0,1.0,4.17972842454942,-1.3819868975,,VASP,L12,4.17972842454942
vasp-Zn3Ir1,Zn3Ir,Zn,Ir,3.0,1.0,3.8329979484873915,-3.22857465,,VASP,L12,3.8329979484873915
vasp-Zn3La1,Zn3La,Zn,La,3.0,1.0,4.408311918424266,-2.149518445,,VASP,L12,4.408311918424266
vasp-Zn3Lu1,Zn3Lu,Zn,Lu,3.0,1.0,4.193983557176284,-2.16358613,,VASP,L12,4.193983557176284
vasp-Zn3Mg1,Zn3Mg,Zn,Mg,3.0,1.0,4.036978679951082,-1.2481343775,,VASP,L12,4.036978679951082
vasp-Zn3Mn1,Zn3Mn,Zn,Mn,3.0,1.0,3.8142837591663015,-3.1004535975,,VASP,L12,3.8142837591663015
vasp-Zn3Mo1,Zn3Mo,Zn,Mo,3.0,1.0,3.86042514291414,-3.60108704,,VASP,L12,3.86042514291414
vasp-Zn3Nb1,Zn3Nb,Zn,Nb,3.0,1.0,3.942686739225704,-3.52258377,,VASP,L12,3.942686739225704
vasp-Zn3Nd1,Zn3Nd,Zn,Nd,3.0,1.0,4.350067227457255,-2.8499425,,VASP,L12,4.350067227457255
vasp-Zn3Ni1,Zn3Ni,Zn,Ni,3.0,1.0,3.743698660390252,-2.3588191675,,VASP,L12,3.743698660390252
vasp-Zn3Os1,Zn3Os,Zn,Os,3.0,1.0,3.820317042262466,-3.5444019125,,VASP,L12,3.820317042262466
vasp-Zn3Pb1,Zn3Pb,Zn,Pb,3.0,1.0,4.30054859331161,-1.5116908475,,VASP,L12,4.30054859331161
vasp-Zn3Pd1,Zn3Pd,Zn,Pd,3.0,1.0,3.8630233591636527,-2.4641912425,,VASP,L12,3.8630233591636527
vasp-Zn3Pr1,Zn3Pr,Zn,Pr,3.0,1.0,4.345050745314925,-2.556845815,,VASP,L12,4.345050745314925
vasp-Zn3Pt1,Zn3Pt,Zn,Pt,3.0,1.0,3.8702974528125678,-2.6997268025,,VASP,L12,3.8702974528125678
vasp-Zn3Re1,Zn3Re,Zn,Re,3.0,1.0,3.8353213570492724,-3.7614309375,,VASP,L12,3.8353213570492724
vasp-Zn3Rh1,Zn3Rh,Zn,Rh,3.0,1.0,3.821316020284184,-2.9599642125,,VASP,L12,3.821316020284184
vasp-Zn3Ru1,Zn3Ru,Zn,Ru,3.0,1.0,3.811847088738789,-3.272480625,,VASP,L12,3.811847088738789
vasp-Zn3Sc1,Zn3Sc,Zn,Sc,3.0,1.0,4.077039264840958,-2.6513860175,,VASP,L12,4.077039264840958
vasp-Zn3Si1,Zn3Si,Zn,Si,3.0,1.0,3.943359092891864,-2.0095345,,VASP,L12,3.943359092891864
vasp-Zn3Sm1,Zn3Sm,Zn,Sm,3.0,1.0,4.0,,,VASP,L12,4.0
vasp-Zn3Sn1,Zn3Sn,Zn,Sn,3.0,1.0,4.2035547586739685,-1.6757835825,,VASP,L12,4.2035547586739685
vasp-Zn3Sr1,Zn3Sr,Zn,Sr,3.0,1.0,4.448593783804579,-1.180817625,,VASP,L12,4.448593783804579
vasp-Zn3Ta1,Zn3Ta,Zn,Ta,3.0,1.0,3.923700391659902,-3.860528195,,VASP,L12,3.923700391659902
vasp-Zn3Tb1,Zn3Tb,Zn,Tb,3.0,1.0,4.110077169210613,,,VASP,L12,4.110077169210613
vasp-Zn3Tc1,Zn3Tc,Zn,Tc,3.0,1.0,3.834109179491442,-3.463599925,,VASP,L12,3.834109179491442
vasp-Zn3Ti1,Zn3Ti,Zn,Ti,3.0,1.0,3.917768973918443,-2.969775495,,VASP,L12,3.917768973918443
vasp-Zn3Tm1,Zn3Tm,Zn,Tm,3.0,1.0,3.9881994349348027,-2.59334987,,VASP,L12,3.9881994349348027
vasp-Zn3V1,Zn3V,Zn,V,3.0,1.0,3.820844652629377,-3.116599885,,VASP,L12,3.820844652629377
vasp-Zn3W1,Zn3W,Zn,W,3.0,1.0,3.856653964924031,-3.9278977525,,VASP,L12,3.856653964924031
vasp-Zn3Y1,Zn3Y,Zn,Y,3.0,1.0,4.255984980757492,-2.66322303,,VASP,L12,4.255984980757492
vasp-Zn3Zn1,Zn3Zn,Zn,Zn,3.0,1.0,3.926875606657829,-1.081719235,,VASP,L12,3.926875606657829
vasp-Zn3Zr1,Zn3Zr,Zn,Zr,3.0,1.0,4.071146284743094,-3.22246876,,VASP,L12,4.071146284743094
vasp-Zr3Ag1,Zr3Ag,Zr,Ag,3.0,1.0,4.408256358404185,-7.0150588275,,VASP,L12,4.408256358404185
vasp-Zr3Al1,Zr3Al,Zr,Al,3.0,1.0,4.382544034287401,-7.59959778,,VASP,L12,4.382544034287401
vasp-Zr3Au1,Zr3Au,Zr,Au,3.0,1.0,4.3855841079564275,-7.41947782,,VASP,L12,4.3855841079564275
vasp-Zr3Ba1,Zr3Ba,Zr,Ba,3.0,1.0,4.720358269595974,-6.1968940625,,VASP,L12,4.720358269595974
vasp-Zr3Ca1,Zr3Ca,Zr,Ca,3.0,1.0,4.638685447540206,-6.5095522025,,VASP,L12,4.638685447540206
vasp-Zr3Cd1,Zr3Cd,Zr,Cd,3.0,1.0,4.436896498224302,-6.6112041975,,VASP,L12,4.436896498224302
vasp-Zr3Ce1,Zr3Ce,Zr,Ce,3.0,1.0,4.577449124009581,-7.6904940575,,VASP,L12,4.577449124009581
vasp-Zr3Co1,Zr3Co,Zr,Co,3.0,1.0,4.267757879097086,-7.9873203,,VASP,L12,4.267757879097086
vasp-Zr3Cr1,Zr3Cr,Zr,Cr,3.0,1.0,4.319160183447656,-8.3621127375,,VASP,L12,4.319160183447656
vasp-Zr3Cu1,Zr3Cu,Zr,Cu,3.0,1.0,4.291151075033708,-7.2414325675,,VASP,L12,4.291151075033708
vasp-Zr3Dy1,Zr3Dy,Zr,Dy,3.0,1.0,5.090522593553474,-7.64404679,,VASP,L12,5.090522593553474
vasp-Zr3Er1,Zr3Er,Zr,Er,3.0,1.0,4.1007082512386015,-6.867419165,,VASP,L12,4.1007082512386015
vasp-Zr3Eu1,Zr3Eu,Zr,Eu,3.0,1.0,4.62629319093721,-7.377434175,,VASP,L12,4.62629319093721
vasp-Zr3Fe1,Zr3Fe,Zr,Fe,3.0,1.0,4.27203851973092,-8.1791382025,,VASP,L12,4.27203851973092
vasp-Zr3Ga1,Zr3Ga,Zr,Ga,3.0,1.0,4.357298416369176,-7.42429432,,VASP,L12,4.357298416369176
vasp-Zr3Gd1,Zr3Gd,Zr,Gd,3.0,1.0,6.686184593545933,17.8101403675,,VASP,L12,6.686184593545933
vasp-Zr3Ge1,Zr3Ge,Zr,Ge,3.0,1.0,4.344478005751425,-7.8606005175,,VASP,L12,4.344478005751425
vasp-Zr3Hf1,Zr3Hf,Zr,Hf,3.0,1.0,4.508760576651712,-8.7993968225,,VASP,L12,4.508760576651712
vasp-Zr3Hg1,Zr3Hg,Zr,Hg,3.0,1.0,4.446262072532494,-6.53997158,,VASP,L12,4.446262072532494
vasp-Zr3Ho1,Zr3Ho,Zr,Ho,3.0,1.0,4.90729842211226,-7.094586275,,VASP,L12,4.90729842211226
vasp-Zr3In1,Zr3In,Zr,In,3.0,1.0,4.477048306508044,-7.2431957075,,VASP,L12,4.477048306508044
vasp-Zr3Ir1,Zr3Ir,Zr,Ir,3.0,1.0,4.314712236049518,-8.840059385,,VASP,L12,4.314712236049518
vasp-Zr3La1,Zr3La,Zr,La,3.0,1.0,4.659086410458949,-7.379495345,,VASP,L12,4.659086410458949
vasp-Zr3Lu1,Zr3Lu,Zr,Lu,3.0,1.0,4.585142307630822,-7.39405694,,VASP,L12,4.585142307630822
vasp-Zr3Mg1,Zr3Mg,Zr,Mg,3.0,1.0,4.475177699158502,-6.721630225,,VASP,L12,4.475177699158502
vasp-Zr3Mn1,Zr3Mn,Zr,Mn,3.0,1.0,4.3618441017619425,-8.45728999,,VASP,L12,4.3618441017619425
vasp-Zr3Mo1,Zr3Mo,Zr,Mo,3.0,1.0,4.378690261322538,-8.8676878225,,VASP,L12,4.378690261322538
vasp-Zr3Nb1,Zr3Nb,Zr,Nb,3.0,1.0,4.443707650634063,-8.7365680875,,VASP,L12,4.443707650634063
vasp-Zr3Nd1,Zr3Nd,Zr,Nd,3.0,1.0,4.5646262926036165,-7.00127264,,VASP,L12,4.5646262926036165
vasp-Zr3Ni1,Zr3Ni,Zr,Ni,3.0,1.0,4.2782871702441945,-7.71647518,,VASP,L12,4.2782871702441945
vasp-Zr3Os1,Zr3Os,Zr,Os,3.0,1.0,4.317435391415914,-9.16741659,,VASP,L12,4.317435391415914
vasp-Zr3Pb1,Zr3Pb,Zr,Pb,3.0,1.0,4.514903356238175,-7.3963289425,,VASP,L12,4.514903356238175
vasp-Zr3Pd1,Zr3Pd,Zr,Pd,3.0,1.0,4.3533738260264,-7.8699491425,,VASP,L12,4.3533738260264
vasp-Zr3Pr1,Zr3Pr,Zr,Pr,3.0,1.0,4.580491168459568,-7.780092595,,VASP,L12,4.580491168459568
vasp-Zr3Pt1,Zr3Pt,Zr,Pt,3.0,1.0,4.3380763967586065,-8.3108409325,,VASP,L12,4.3380763967586065
vasp-Zr3Re1,Zr3Re,Zr,Re,3.0,1.0,4.0,,,VASP,L12,4.0
vasp-Zr3Rh1,Zr3Rh,Zr,Rh,3.0,1.0,4.32616336795235,-8.3598459075,,VASP,L12,4.32616336795235
vasp-Zr3Ru1,Zr3Ru,Zr,Ru,3.0,1.0,4.322860040200712,-8.6721959075,,VASP,L12,4.322860040200712
vasp-Zr3Sc1,Zr3Sc,Zr,Sc,3.0,1.0,4.5273443344186255,-7.886266855,,VASP,L12,4.5273443344186255
vasp-Zr3Si1,Zr3Si,Zr,Si,3.0,1.0,4.308445654403802,-8.0826493975,,VASP,L12,4.308445654403802
vasp-Zr3Sm1,Zr3Sm,Zr,Sm,3.0,1.0,3.9999999999728706,-6.9285418475,,VASP,L12,3.9999999999728706
vasp-Zr3Sn1,Zr3Sn,Zr,Sn,3.0,1.0,4.474644973725326,-7.67749033,,VASP,L12,4.474644973725326
vasp-Zr3Sr1,Zr3Sr,Zr,Sr,3.0,1.0,4.700465402445903,-6.22424488,,VASP,L12,4.700465402445903
vasp-Zr3Ta1,Zr3Ta,Zr,Ta,3.0,1.0,4.440811059502514,-9.1547673925,,VASP,L12,4.440811059502514
vasp-Zr3Tb1,Zr3Tb,Zr,Tb,3.0,1.0,4.590582333497505,-8.0848322525,,VASP,L12,4.590582333497505
vasp-Zr3Tc1,Zr3Tc,Zr,Tc,3.0,1.0,4.348242320717367,-8.833124675,,VASP,L12,4.348242320717367
vasp-Zr3Ti1,Zr3Ti,Zr,Ti,3.0,1.0,4.426301448283213,-8.2243340425,,VASP,L12,4.426301448283213
vasp-Zr3Tm1,Zr3Tm,Zr,Tm,3.0,1.0,4.257310117406152,-6.81912433,,VASP,L12,4.257310117406152
vasp-Zr3V1,Zr3V,Zr,V,3.0,1.0,4.364249871105273,-8.3475308925,,VASP,L12,4.364249871105273
vasp-Zr3W1,Zr3W,Zr,W,3.0,1.0,4.377662352279401,-9.3171109675,,VASP,L12,4.377662352279401
vasp-Zr3Y1,Zr3Y,Zr,Y,3.0,1.0,4.619975306345639,-7.829048715,,VASP,L12,4.619975306345639
vasp-Zr3Zn1,Zr3Zn,Zr,Zn,3.0,1.0,4.3465274818644835,-6.7698870275,,VASP,L12,4.3465274818644835
vasp-Zr3Zr1,Zr3Zr,Zr,Zr,3.0,1.0,4.522784710378224,-8.440161035,,VASP,L12,4.522784710378224
