material_id,formula,element_A,element_B,count_A,count_B,lattice_constant,energy_per_atom,energy_above_hull,source,structure_type,lattice_constant_calc
vasp-Ag1Ag1,Ag1Ag1,Ag,Ag,1.0,1.0,3.3008639381824243,-2.717556515,,VASP,B2,3.3008639381824243
vasp-Ag1Al1,Ag1Al1,Ag,Al,1.0,1.0,3.228309192849007,-3.200440035,,VASP,B2,3.228309192849007
vasp-Ag1As1,Ag1As1,Ag,As,1.0,1.0,3.3576427385396954,-3.44019939,,VASP,B2,3.3576427385396954
vasp-Ag1Au1,Ag1Au1,Ag,Au,1.0,1.0,3.300070106960072,-2.98667142,,VASP,B2,3.300070106960072
vasp-Ag1B1,Ag1B1,Ag,B,1.0,1.0,2.8923697743314714,-3.34914593,,VASP,B2,2.8923697743314714
vasp-Ag1Be1,Ag1Be1,Ag,Be,1.0,1.0,2.9465642735615756,-3.08224605,,VASP,B2,2.9465642735615756
vasp-Ag1Ca1,Ag1Ca1,Ag,Ca,1.0,1.0,3.71172247036893,-2.66765954,,VASP,B2,3.71172247036893
vasp-Ag1Cd1,Ag1Cd1,Ag,Cd,1.0,1.0,3.383705570571453,-1.865944715,,VASP,B2,3.383705570571453
vasp-Ag1Ce1,Ag1Ce1,Ag,Ce,1.0,1.0,3.716409477364642,-4.400929095,,VASP,B2,3.716409477364642
vasp-Ag1Co1,Ag1Co1,Ag,Co,1.0,1.0,3.06524863813598,-4.36563327,,VASP,B2,3.06524863813598
vasp-Ag1Cr1,Ag1Cr1,Ag,Cr,1.0,1.0,3.27565689672164,-5.52734528,,VASP,B2,3.27565689672164
vasp-Ag1Cu1,Ag1Cu1,Ag,Cu,1.0,1.0,3.108036572536563,-3.13849648,,VASP,B2,3.108036572536563
vasp-Ag1Dy1,Ag1Dy1,Ag,Dy,1.0,1.0,3.6339658181979595,-3.96298749,,VASP,B2,3.6339658181979595
vasp-Ag1Er1,Ag1Er1,Ag,Er,1.0,1.0,3.601293770250497,-3.953329195,,VASP,B2,3.601293770250497
vasp-Ag1Fe1,Ag1Fe1,Ag,Fe,1.0,1.0,3.1280532538154793,-4.994498195,,VASP,B2,3.1280532538154793
vasp-Ag1Ga1,Ag1Ga1,Ag,Ga,1.0,1.0,3.3101895900910945,-2.79812808,,VASP,B2,3.3101895900910945
vasp-Ag1Gd1,Ag1Gd1,Ag,Gd,1.0,1.0,3.669226558929017,-8.97924562,,VASP,B2,3.669226558929017
vasp-Ag1Ge1,Ag1Ge1,Ag,Ge,1.0,1.0,3.3551313803865996,-3.39458683,,VASP,B2,3.3551313803865996
vasp-Ag1Hf1,Ag1Hf1,Ag,Hf,1.0,1.0,3.3999679212901897,-6.26144559,,VASP,B2,3.3999679212901897
vasp-Ag1In1,Ag1In1,Ag,In,1.0,1.0,3.512894804646917,-2.62422356,,VASP,B2,3.512894804646917
vasp-Ag1Ir1,Ag1Ir1,Ag,Ir,1.0,1.0,3.1743040904973103,-5.00251536,,VASP,B2,3.1743040904973103
vasp-Ag1La1,Ag1La1,Ag,La,1.0,1.0,3.810284805640961,-4.08175564,,VASP,B2,3.810284805640961
vasp-Ag1Mg1,Ag1Mg1,Ag,Mg,1.0,1.0,3.330670747183015,-2.4069436,,VASP,B2,3.330670747183015
vasp-Ag1Mn1,Ag1Mn1,Ag,Mn,1.0,1.0,3.21442603782011,-5.55918447,,VASP,B2,3.21442603782011
vasp-Ag1Mo1,Ag1Mo1,Ag,Mo,1.0,1.0,3.215206439857441,-5.8702555,,VASP,B2,3.215206439857441
vasp-Ag1Na1,Ag1Na1,Ag,Na,1.0,1.0,3.571239173708281,-1.995179095,,VASP,B2,3.571239173708281
vasp-Ag1Nb1,Ag1Nb1,Ag,Nb,1.0,1.0,3.316475510685323,-5.880335715,,VASP,B2,3.316475510685323
vasp-Ag1Ni1,Ag1Ni1,Ag,Ni,1.0,1.0,3.053053290740582,-3.825874755,,VASP,B2,3.053053290740582
vasp-Ag1Os1,Ag1Os1,Ag,Os,1.0,1.0,3.150907906904845,-5.76382158,,VASP,B2,3.150907906904845
vasp-Ag1Pb1,Ag1Pb1,Ag,Pb,1.0,1.0,3.6588659538982102,-3.049365675,,VASP,B2,3.6588659538982102
vasp-Ag1Pd1,Ag1Pd1,Ag,Pd,1.0,1.0,3.214776746330491,-3.99743786,,VASP,B2,3.214776746330491
vasp-Ag1Pt1,Ag1Pt1,Ag,Pt,1.0,1.0,3.2145466942223107,-4.232472755,,VASP,B2,3.2145466942223107
vasp-Ag1Re1,Ag1Re1,Ag,Re,1.0,1.0,3.1666109640984104,-6.344672495,,VASP,B2,3.1666109640984104
vasp-Ag1Rh1,Ag1Rh1,Ag,Rh,1.0,1.0,3.179837381277619,-4.53216337,,VASP,B2,3.179837381277619
vasp-Ag1Ru1,Ag1Ru1,Ag,Ru,1.0,1.0,3.148564403879979,-5.113904235,,VASP,B2,3.148564403879979
vasp-Ag1Sb1,Ag1Sb1,Ag,Sb,1.0,1.0,3.5736853214366513,-3.234062385,,VASP,B2,3.5736853214366513
vasp-Ag1Sc1,Ag1Sc1,Ag,Sc,1.0,1.0,3.437297950448256,-4.794347615,,VASP,B2,3.437297950448256
vasp-Ag1Se1,Ag1Se1,Ag,Se,1.0,1.0,3.4293892759389335,-2.899265505,,VASP,B2,3.4293892759389335
vasp-Ag1Si1,Ag1Si1,Ag,Si,1.0,1.0,3.262432337243844,-3.60098199,,VASP,B2,3.262432337243844
vasp-Ag1Sn1,Ag1Sn1,Ag,Sn,1.0,1.0,3.564578477497716,-3.174912975,,VASP,B2,3.564578477497716
vasp-Ag1Sr1,Ag1Sr1,Ag,Sr,1.0,1.0,3.927575799062772,-2.47148557,,VASP,B2,3.927575799062772
vasp-Ag1Ta1,Ag1Ta1,Ag,Ta,1.0,1.0,3.291143648145928,-6.67602917,,VASP,B2,3.291143648145928
vasp-Ag1Tb1,Ag1Tb1,Ag,Tb,1.0,1.0,3.651402481703355,-3.96852867,,VASP,B2,3.651402481703355
vasp-Ag1Tc1,Ag1Tc1,Ag,Tc,1.0,1.0,3.1628797804634594,-5.59352609,,VASP,B2,3.1628797804634594
vasp-Ag1Ti1,Ag1Ti1,Ag,Ti,1.0,1.0,3.2791766244975697,-5.111150695,,VASP,B2,3.2791766244975697
vasp-Ag1V1,Ag1V1,Ag,V,1.0,1.0,3.2114988660669286,-5.268704675,,VASP,B2,3.2114988660669286
vasp-Ag1W1,Ag1W1,Ag,W,1.0,1.0,3.2078375577853384,-6.700273645,,VASP,B2,3.2078375577853384
vasp-Ag1Y1,Ag1Y1,Ag,Y,1.0,1.0,3.640843634814146,-4.92703646,,VASP,B2,3.640843634814146
vasp-Ag1Zn1,Ag1Zn1,Ag,Zn,1.0,1.0,3.1827883974960534,-2.022808305,,VASP,B2,3.1827883974960534
vasp-Ag1Zr1,Ag1Zr1,Ag,Zr,1.0,1.0,3.442752764472836,-5.634221555,,VASP,B2,3.442752764472836
vasp-Al1Ag1,Al1Ag1,Al,Ag,1.0,1.0,3.2283091947362603,-3.200440035,,VASP,B2,3.2283091947362603
vasp-Al1Al1,Al1Al1,Al,Al,1.0,1.0,3.2253523268910893,-3.691748835,,VASP,B2,3.2253523268910893
vasp-Al1As1,Al1As1,Al,As,1.0,1.0,3.2851338271952257,-4.01311962,,VASP,B2,3.2851338271952257
vasp-Al1Au1,Al1Au1,Al,Au,1.0,1.0,3.216845599282832,-3.73937446,,VASP,B2,3.216845599282832
vasp-Al1B1,Al1B1,Al,B,1.0,1.0,2.7835875077909935,-4.419980435,,VASP,B2,2.7835875077909935
vasp-Al1Be1,Al1Be1,Al,Be,1.0,1.0,2.908433420355546,-3.45840157,,VASP,B2,2.908433420355546
vasp-Al1Ca1,Al1Ca1,Al,Ca,1.0,1.0,3.7078407400414273,-3.010061025,,VASP,B2,3.7078407400414273
vasp-Al1Cd1,Al1Cd1,Al,Cd,1.0,1.0,3.464276294150575,-2.026361025,,VASP,B2,3.464276294150575
vasp-Al1Ce1,Al1Ce1,Al,Ce,1.0,1.0,3.94412928361621,-4.91347546,,VASP,B2,3.94412928361621
vasp-Al1Co1,Al1Co1,Al,Co,1.0,1.0,2.850770308278993,-6.00841891,,VASP,B2,2.850770308278993
vasp-Al1Cr1,Al1Cr1,Al,Cr,1.0,1.0,3.040425890244642,-6.64748203,,VASP,B2,3.040425890244642
vasp-Al1Cu1,Al1Cu1,Al,Cu,1.0,1.0,3.0008203631329526,-3.88576259,,VASP,B2,3.0008203631329526
vasp-Al1Dy1,Al1Dy1,Al,Dy,1.0,1.0,3.595643541327323,-4.5387779,,VASP,B2,3.595643541327323
vasp-Al1Er1,Al1Er1,Al,Er,1.0,1.0,3.5638187222179907,-4.51267552,,VASP,B2,3.5638187222179907
vasp-Al1Fe1,Al1Fe1,Al,Fe,1.0,1.0,2.8700803349495265,-6.31281239,,VASP,B2,2.8700803349495265
vasp-Al1Ga1,Al1Ga1,Al,Ga,1.0,1.0,3.314784420394747,-3.26992552,,VASP,B2,3.314784420394747
vasp-Al1Gd1,Al1Gd1,Al,Gd,1.0,1.0,3.643461472477475,-9.319892725,,VASP,B2,3.643461472477475
vasp-Al1Ge1,Al1Ge1,Al,Ge,1.0,1.0,3.3142540595153096,-3.91188793,,VASP,B2,3.3142540595153096
vasp-Al1Hf1,Al1Hf1,Al,Hf,1.0,1.0,3.350314829753942,-7.05321035,,VASP,B2,3.350314829753942
vasp-Al1In1,Al1In1,Al,In,1.0,1.0,3.5754289409072504,-2.960461515,,VASP,B2,3.5754289409072504
vasp-Al1Ir1,Al1Ir1,Al,Ir,1.0,1.0,3.015987094765381,-7.237020655,,VASP,B2,3.015987094765381
vasp-Al1La1,Al1La1,Al,La,1.0,1.0,3.8004196882268237,-4.673360215,,VASP,B2,3.8004196882268237
vasp-Al1Mg1,Al1Mg1,Al,Mg,1.0,1.0,3.4021043893174383,-2.538205045,,VASP,B2,3.4021043893174383
vasp-Al1Mn1,Al1Mn1,Al,Mn,1.0,1.0,2.911647707445484,-6.44761687,,VASP,B2,2.911647707445484
vasp-Al1Mo1,Al1Mo1,Al,Mo,1.0,1.0,3.123223618855336,-7.263802355,,VASP,B2,3.123223618855336
vasp-Al1Na1,Al1Na1,Al,Na,1.0,1.0,3.607334734227196,-2.20516695,,VASP,B2,3.607334734227196
vasp-Al1Nb1,Al1Nb1,Al,Nb,1.0,1.0,3.23758485413768,-6.938725265,,VASP,B2,3.23758485413768
vasp-Al1Ni1,Al1Ni1,Al,Ni,1.0,1.0,2.894116725457751,-5.28613746,,VASP,B2,2.894116725457751
vasp-Al1Os1,Al1Os1,Al,Os,1.0,1.0,3.0188978470827834,-7.889483435,,VASP,B2,3.0188978470827834
vasp-Al1Pb1,Al1Pb1,Al,Pb,1.0,1.0,3.6982648107062155,-3.368977595,,VASP,B2,3.6982648107062155
vasp-Al1Pd1,Al1Pd1,Al,Pd,1.0,1.0,3.078064553221627,-5.37119942,,VASP,B2,3.078064553221627
vasp-Al1Pt1,Al1Pt1,Al,Pt,1.0,1.0,3.0897734667720416,-5.848447005,,VASP,B2,3.0897734667720416
vasp-Al1Re1,Al1Re1,Al,Re,1.0,1.0,3.062972145445526,-8.062287655,,VASP,B2,3.062972145445526
vasp-Al1Rh1,Al1Rh1,Al,Rh,1.0,1.0,3.0016412273451296,-6.579076565,,VASP,B2,3.0016412273451296
vasp-Al1Ru1,Al1Ru1,Al,Ru,1.0,1.0,3.005368089313447,-7.134592965,,VASP,B2,3.005368089313447
vasp-Al1Sb1,Al1Sb1,Al,Sb,1.0,1.0,3.5646834318559693,-3.659472595,,VASP,B2,3.5646834318559693
vasp-Al1Sc1,Al1Sc1,Al,Sc,1.0,1.0,3.3816816262867455,-5.45381991,,VASP,B2,3.3816816262867455
vasp-Al1Se1,Al1Se1,Al,Se,1.0,1.0,3.361872075887248,-3.67383231,,VASP,B2,3.361872075887248
vasp-Al1Si1,Al1Si1,Al,Si,1.0,1.0,3.15757020169997,-4.281312325,,VASP,B2,3.15757020169997
vasp-Al1Sn1,Al1Sn1,Al,Sn,1.0,1.0,3.567226141211986,-3.549892805,,VASP,B2,3.567226141211986
vasp-Al1Sr1,Al1Sr1,Al,Sr,1.0,1.0,3.9452157401742936,-2.76817485,,VASP,B2,3.9452157401742936
vasp-Al1Ta1,Al1Ta1,Al,Ta,1.0,1.0,3.221467859277218,-7.7136251,,VASP,B2,3.221467859277218
vasp-Al1Tb1,Al1Tb1,Al,Tb,1.0,1.0,3.6128758401079546,-4.55181428,,VASP,B2,3.6128758401079546
vasp-Al1Tc1,Al1Tc1,Al,Tc,1.0,1.0,3.050191089613727,-7.30975958,,VASP,B2,3.050191089613727
vasp-Al1Ti1,Al1Ti1,Al,Ti,1.0,1.0,3.184028842937786,-6.016139265,,VASP,B2,3.184028842937786
vasp-Al1V1,Al1V1,Al,V,1.0,1.0,3.086937921727577,-6.35146325,,VASP,B2,3.086937921727577
vasp-Al1W1,Al1W1,Al,W,1.0,1.0,3.1253487103725677,-8.055674675,,VASP,B2,3.1253487103725677
vasp-Al1Y1,Al1Y1,Al,Y,1.0,1.0,3.6156238006214427,-5.51280512,,VASP,B2,3.6156238006214427
vasp-Al1Zn1,Al1Zn1,Al,Zn,1.0,1.0,3.1839601373245046,-2.321384555,,VASP,B2,3.1839601373245046
vasp-Al1Zr1,Al1Zr1,Al,Zr,1.0,1.0,3.379370576085408,-6.44801324,,VASP,B2,3.379370576085408
vasp-As1Ag1,As1Ag1,As,Ag,1.0,1.0,3.3576426960298007,-3.44019939,,VASP,B2,3.3576426960298007
vasp-As1Al1,As1Al1,As,Al,1.0,1.0,3.2851923327670987,-4.013119615,,VASP,B2,3.2851923327670987
vasp-As1As1,As1As1,As,As,1.0,1.0,3.367183386217988,-4.21803701,,VASP,B2,3.367183386217988
vasp-As1B1,As1B1,As,B,1.0,1.0,2.9425494272069246,-4.156799935,,VASP,B2,2.9425494272069246
vasp-As1Ca1,As1Ca1,As,Ca,1.0,1.0,3.6385579606437406,-4.119010365,,VASP,B2,3.6385579606437406
vasp-As1Cd1,As1Cd1,As,Cd,1.0,1.0,3.4986610638559514,-2.44797212,,VASP,B2,3.4986610638559514
vasp-As1Ce1,As1Ce1,As,Ce,1.0,1.0,3.6155824876102596,-6.424237015,,VASP,B2,3.6155824876102596
vasp-As1Co1,As1Co1,As,Co,1.0,1.0,2.9699127746549623,-5.72656581,,VASP,B2,2.9699127746549623
vasp-As1Cr1,As1Cr1,As,Cr,1.0,1.0,2.9843213584866044,-6.9561784,,VASP,B2,2.9843213584866044
vasp-As1Cu1,As1Cu1,As,Cu,1.0,1.0,3.152650907189132,-3.930554465,,VASP,B2,3.152650907189132
vasp-As1Fe1,As1Fe1,As,Fe,1.0,1.0,2.9461324771638617,-6.329611525,,VASP,B2,2.9461324771638617
vasp-As1Ga1,As1Ga1,As,Ga,1.0,1.0,3.395445240993155,-3.572629965,,VASP,B2,3.395445240993155
vasp-As1Gd1,As1Gd1,As,Gd,1.0,1.0,3.607624304387354,-10.50694266,,VASP,B2,3.607624304387354
vasp-As1Ge1,As1Ge1,As,Ge,1.0,1.0,3.382811564797831,-4.20590641,,VASP,B2,3.382811564797831
vasp-As1Hf1,As1Hf1,As,Hf,1.0,1.0,3.325691266858836,-7.98056465,,VASP,B2,3.325691266858836
vasp-As1In1,As1In1,As,In,1.0,1.0,3.5940621272622626,-3.396613025,,VASP,B2,3.5940621272622626
vasp-As1La1,As1La1,As,La,1.0,1.0,3.7461018853266106,-5.996813175,,VASP,B2,3.7461018853266106
vasp-As1Mg1,As1Mg1,As,Mg,1.0,1.0,3.4001552370124655,-3.261358275,,VASP,B2,3.4001552370124655
vasp-As1Mn1,As1Mn1,As,Mn,1.0,1.0,2.9330873914023057,-6.755900125,,VASP,B2,2.9330873914023057
vasp-As1Mo1,As1Mo1,As,Mo,1.0,1.0,3.1180157528822283,-7.867630765,,VASP,B2,3.1180157528822283
vasp-As1Na1,As1Na1,As,Na,1.0,1.0,3.467653426601207,-3.15228026,,VASP,B2,3.467653426601207
vasp-As1Nb1,As1Nb1,As,Nb,1.0,1.0,3.2256505308913512,-7.803152175,,VASP,B2,3.2256505308913512
vasp-As1Ni1,As1Ni1,As,Ni,1.0,1.0,3.0328381639278987,-5.086373615,,VASP,B2,3.0328381639278987
vasp-As1Pd1,As1Pd1,As,Pd,1.0,1.0,3.2004201569147526,-5.15318498,,VASP,B2,3.2004201569147526
vasp-As1Ru1,As1Ru1,As,Ru,1.0,1.0,3.0860201810257353,-6.942032465,,VASP,B2,3.0860201810257353
vasp-As1Sb1,As1Sb1,As,Sb,1.0,1.0,3.5603401735622846,-4.072087,,VASP,B2,3.5603401735622846
vasp-As1Sc1,As1Sc1,As,Sc,1.0,1.0,3.3900088285875665,-6.376744255,,VASP,B2,3.3900088285875665
vasp-As1Se1,As1Se1,As,Se,1.0,1.0,3.398067340290984,-3.675684075,,VASP,B2,3.398067340290984
vasp-As1Si1,As1Si1,As,Si,1.0,1.0,3.223189015390729,-4.50758172,,VASP,B2,3.223189015390729
vasp-As1Sn1,As1Sn1,As,Sn,1.0,1.0,3.5790913424532933,-4.07907253,,VASP,B2,3.5790913424532933
vasp-As1Sr1,As1Sr1,As,Sr,1.0,1.0,3.8373591689548823,-3.94962406,,VASP,B2,3.8373591689548823
vasp-As1Ta1,As1Ta1,As,Ta,1.0,1.0,3.20881851722185,-8.53085546,,VASP,B2,3.20881851722185
vasp-As1Tc1,As1Tc1,As,Tc,1.0,1.0,3.073044318302111,-7.56731133,,VASP,B2,3.073044318302111
vasp-As1Ti1,As1Ti1,As,Ti,1.0,1.0,3.1874289122932584,-6.802392435,,VASP,B2,3.1874289122932584
vasp-As1V1,As1V1,As,V,1.0,1.0,3.0616133788553035,-7.014349165,,VASP,B2,3.0616133788553035
vasp-As1W1,As1W1,As,W,1.0,1.0,3.1248342784822647,-8.56115634,,VASP,B2,3.1248342784822647
vasp-As1Y1,As1Y1,As,Y,1.0,1.0,3.5773423105355366,-6.632171065,,VASP,B2,3.5773423105355366
vasp-As1Zn1,As1Zn1,As,Zn,1.0,1.0,3.286526411088024,-2.64639596,,VASP,B2,3.286526411088024
vasp-As1Zr1,As1Zr1,As,Zr,1.0,1.0,3.3579063532367934,-7.45607176,,VASP,B2,3.3579063532367934
vasp-Au1Ag1,Au1Ag1,Au,Ag,1.0,1.0,3.300070325201221,-2.98667142,,VASP,B2,3.300070325201221
vasp-Au1Al1,Au1Al1,Au,Al,1.0,1.0,3.2168451374362323,-3.73937446,,VASP,B2,3.2168451374362323
vasp-Au1Au1,Au1Au1,Au,Au,1.0,1.0,3.24,,,VASP,B2,3.24
vasp-Au1Be1,Au1Be1,Au,Be,1.0,1.0,2.960750585241561,-3.614762885,,VASP,B2,2.960750585241561
vasp-Au1Ca1,Au1Ca1,Au,Ca,1.0,1.0,3.647295282355961,-3.360123025,,VASP,B2,3.647295282355961
vasp-Au1Co1,Au1Co1,Au,Co,1.0,1.0,3.0751512681597255,-4.833794265,,VASP,B2,3.0751512681597255
vasp-Au1Cr1,Au1Cr1,Au,Cr,1.0,1.0,3.2318795776046114,-6.11767733,,VASP,B2,3.2318795776046114
vasp-Au1Cu1,Au1Cu1,Au,Cu,1.0,1.0,3.099691565385454,-3.525987845,,VASP,B2,3.099691565385454
vasp-Au1Dy1,Au1Dy1,Au,Dy,1.0,1.0,3.5955257134906122,-4.75251893,,VASP,B2,3.5955257134906122
vasp-Au1Er1,Au1Er1,Au,Er,1.0,1.0,3.5644717806110546,-4.750063655,,VASP,B2,3.5644717806110546
vasp-Au1Fe1,Au1Fe1,Au,Fe,1.0,1.0,3.1282514985754393,-5.49224593,,VASP,B2,3.1282514985754393
vasp-Au1Ge1,Au1Ge1,Au,Ge,1.0,1.0,3.349663176768322,-3.742886255,,VASP,B2,3.349663176768322
vasp-Au1Hf1,Au1Hf1,Au,Hf,1.0,1.0,3.397836713692834,-7.005462855,,VASP,B2,3.397836713692834
vasp-Au1Ir1,Au1Ir1,Au,Ir,1.0,1.0,3.1846378717569137,-5.42666102,,VASP,B2,3.1846378717569137
vasp-Au1La1,Au1La1,Au,La,1.0,1.0,3.7828184224998336,-4.840911365,,VASP,B2,3.7828184224998336
vasp-Au1Mg1,Au1Mg1,Au,Mg,1.0,1.0,3.3022670602634516,-2.976198205,,VASP,B2,3.3022670602634516
vasp-Au1Mn1,Au1Mn1,Au,Mn,1.0,1.0,3.069357596197791,-5.45205314,,VASP,B2,3.069357596197791
vasp-Au1Mo1,Au1Mo1,Au,Mo,1.0,1.0,3.2303378216772236,-6.48424866,,VASP,B2,3.2303378216772236
vasp-Au1Nb1,Au1Nb1,Au,Nb,1.0,1.0,3.3192525749746737,-6.53145028,,VASP,B2,3.3192525749746737
vasp-Au1Ni1,Au1Ni1,Au,Ni,1.0,1.0,3.0561909978195394,-4.24694043,,VASP,B2,3.0561909978195394
vasp-Au1Os1,Au1Os1,Au,Os,1.0,1.0,3.16958601937347,-6.29440313,,VASP,B2,3.16958601937347
vasp-Au1Pb1,Au1Pb1,Au,Pb,1.0,1.0,3.6565559469357707,-3.4124872,,VASP,B2,3.6565559469357707
vasp-Au1Pd1,Au1Pd1,Au,Pd,1.0,1.0,3.21694744474474,-4.28936947,,VASP,B2,3.21694744474474
vasp-Au1Pt1,Au1Pt1,Au,Pt,1.0,1.0,3.225373561884098,-4.53499939,,VASP,B2,3.225373561884098
vasp-Au1Re1,Au1Re1,Au,Re,1.0,1.0,3.184848830168656,-6.94641816,,VASP,B2,3.184848830168656
vasp-Au1Rh1,Au1Rh1,Au,Rh,1.0,1.0,3.185598433116454,-4.960380985,,VASP,B2,3.185598433116454
vasp-Au1Ru1,Au1Ru1,Au,Ru,1.0,1.0,3.1637302504601053,-5.622614515,,VASP,B2,3.1637302504601053
vasp-Au1Sc1,Au1Sc1,Au,Sc,1.0,1.0,3.4062993851605157,-5.547608175,,VASP,B2,3.4062993851605157
vasp-Au1Si1,Au1Si1,Au,Si,1.0,1.0,3.2574669892450396,-3.994801535,,VASP,B2,3.2574669892450396
vasp-Au1Sn1,Au1Sn1,Au,Sn,1.0,1.0,3.5512091088750917,-3.58304987,,VASP,B2,3.5512091088750917
vasp-Au1Ta1,Au1Ta1,Au,Ta,1.0,1.0,3.3049684367720973,-7.323262585,,VASP,B2,3.3049684367720973
vasp-Au1Tb1,Au1Tb1,Au,Tb,1.0,1.0,3.6118855660766767,-4.754302875,,VASP,B2,3.6118855660766767
vasp-Au1Ti1,Au1Ti1,Au,Ti,1.0,1.0,3.2721971303870134,-5.83958826,,VASP,B2,3.2721971303870134
vasp-Au1V1,Au1V1,Au,V,1.0,1.0,3.209314045705441,-5.975474975,,VASP,B2,3.209314045705441
vasp-Au1W1,Au1W1,Au,W,1.0,1.0,3.2314140005235448,-7.291539885,,VASP,B2,3.2314140005235448
vasp-Au1Y1,Au1Y1,Au,Y,1.0,1.0,3.601639592747965,-5.70522854,,VASP,B2,3.601639592747965
vasp-Au1Zn1,Au1Zn1,Au,Zn,1.0,1.0,3.1875193120846963,-2.376205835,,VASP,B2,3.1875193120846963
vasp-Au1Zr1,Au1Zr1,Au,Zr,1.0,1.0,3.4292986976996906,-6.348686135,,VASP,B2,3.4292986976996906
vasp-B1Ag1,B1Ag1,B,Ag,1.0,1.0,2.892369783631572,-3.34914593,,VASP,B2,2.892369783631572
vasp-B1Al1,B1Al1,B,Al,1.0,1.0,2.783587507502313,-4.419980435,,VASP,B2,2.783587507502313
vasp-B1As1,B1As1,B,As,1.0,1.0,2.9425484414014225,-4.156799935,,VASP,B2,2.9425484414014225
vasp-B1B1,B1B1,B,B,1.0,1.0,2.3109968688527727,-5.009678975,,VASP,B2,2.3109968688527727
vasp-B1Ca1,B1Ca1,B,Ca,1.0,1.0,3.2628184085318974,-3.591439505,,VASP,B2,3.2628184085318974
vasp-B1Cd1,B1Cd1,B,Cd,1.0,1.0,3.105141959106531,-2.248710535,,VASP,B2,3.105141959106531
vasp-B1Ce1,B1Ce1,B,Ce,1.0,1.0,3.236102017477239,-6.09137581,,VASP,B2,3.236102017477239
vasp-B1Co1,B1Co1,B,Co,1.0,1.0,2.478480816897001,-7.017756185,,VASP,B2,2.478480816897001
vasp-B1Cr1,B1Cr1,B,Cr,1.0,1.0,2.5713618027670226,-7.961519965,,VASP,B2,2.5713618027670226
vasp-B1Cu1,B1Cu1,B,Cu,1.0,1.0,2.616034341183058,-4.38154921,,VASP,B2,2.616034341183058
vasp-B1Fe1,B1Fe1,B,Fe,1.0,1.0,2.485281413698459,-7.601255955,,VASP,B2,2.485281413698459
vasp-B1Ga1,B1Ga1,B,Ga,1.0,1.0,2.927036926061866,-3.590649995,,VASP,B2,2.927036926061866
vasp-B1Gd1,B1Gd1,B,Gd,1.0,1.0,3.2452419495805764,-10.138022395,,VASP,B2,3.2452419495805764
vasp-B1Ge1,B1Ge1,B,Ge,1.0,1.0,2.9228258849935402,-4.138650265,,VASP,B2,2.9228258849935402
vasp-B1Hf1,B1Hf1,B,Hf,1.0,1.0,2.9871330843243755,-8.180188595,,VASP,B2,2.9871330843243755
vasp-B1In1,B1In1,B,In,1.0,1.0,3.2078934579400706,-3.21517737,,VASP,B2,3.2078934579400706
vasp-B1La1,B1La1,B,La,1.0,1.0,3.404419786136072,-5.36011403,,VASP,B2,3.404419786136072
vasp-B1Mg1,B1Mg1,B,Mg,1.0,1.0,2.9074897276929956,-3.282358575,,VASP,B2,2.9074897276929956
vasp-B1Mn1,B1Mn1,B,Mn,1.0,1.0,2.5219034275620738,-7.908134005,,VASP,B2,2.5219034275620738
vasp-B1Mo1,B1Mo1,B,Mo,1.0,1.0,2.7802494009901144,-8.58927803,,VASP,B2,2.7802494009901144
vasp-B1Na1,B1Na1,B,Na,1.0,1.0,3.1153391462922584,-2.44266965,,VASP,B2,3.1153391462922584
vasp-B1Nb1,B1Nb1,B,Nb,1.0,1.0,2.8864103967031616,-8.198374435,,VASP,B2,2.8864103967031616
vasp-B1Ni1,B1Ni1,B,Ni,1.0,1.0,2.518019533492723,-5.98066374,,VASP,B2,2.518019533492723
vasp-B1Pd1,B1Pd1,B,Pd,1.0,1.0,2.775033950940212,-5.45724996,,VASP,B2,2.775033950940212
vasp-B1Ru1,B1Ru1,B,Ru,1.0,1.0,2.6919956582510896,-7.938896295,,VASP,B2,2.6919956582510896
vasp-B1Sb1,B1Sb1,B,Sb,1.0,1.0,3.2048103704864546,-3.90227283,,VASP,B2,3.2048103704864546
vasp-B1Sc1,B1Sc1,B,Sc,1.0,1.0,2.9668940253707454,-6.46829852,,VASP,B2,2.9668940253707454
vasp-B1Se1,B1Se1,B,Se,1.0,1.0,3.009778141533924,-3.38504562,,VASP,B2,3.009778141533924
vasp-B1Si1,B1Si1,B,Si,1.0,1.0,2.7128817428326184,-4.849438835,,VASP,B2,2.7128817428326184
vasp-B1Sn1,B1Sn1,B,Sn,1.0,1.0,3.1838090022248275,-3.81284322,,VASP,B2,3.1838090022248275
vasp-B1Sr1,B1Sr1,B,Sr,1.0,1.0,3.502985922797984,-3.236777015,,VASP,B2,3.502985922797984
vasp-B1Ta1,B1Ta1,B,Ta,1.0,1.0,2.87385186411768,-9.02485227,,VASP,B2,2.87385186411768
vasp-B1Tc1,B1Tc1,B,Tc,1.0,1.0,2.722565189511297,-8.42934475,,VASP,B2,2.722565189511297
vasp-B1Ti1,B1Ti1,B,Ti,1.0,1.0,2.789729048269537,-7.253577125,,VASP,B2,2.789729048269537
vasp-B1V1,B1V1,B,V,1.0,1.0,2.655729370674093,-7.74133697,,VASP,B2,2.655729370674093
vasp-B1W1,B1W1,B,W,1.0,1.0,2.7960596847628203,-9.461820415,,VASP,B2,2.7960596847628203
vasp-B1Y1,B1Y1,B,Y,1.0,1.0,3.213599986841454,-6.338370555,,VASP,B2,3.213599986841454
vasp-B1Zn1,B1Zn1,B,Zn,1.0,1.0,2.8077141448671137,-2.700727505,,VASP,B2,2.8077141448671137
vasp-B1Zr1,B1Zr1,B,Zr,1.0,1.0,3.023261363527487,-7.50420677,,VASP,B2,3.023261363527487
vasp-Be1Ag1,Be1Ag1,Be,Ag,1.0,1.0,2.946563395332976,-3.082246045,,VASP,B2,2.946563395332976
vasp-Be1Al1,Be1Al1,Be,Al,1.0,1.0,2.9084334443640425,-3.45840157,,VASP,B2,2.9084334443640425
vasp-Be1Au1,Be1Au1,Be,Au,1.0,1.0,2.9607537926012824,-3.61476286,,VASP,B2,2.9607537926012824
vasp-Be1Be1,Be1Be1,Be,Be,1.0,1.0,2.53,,,VASP,B2,2.53
vasp-Be1Ca1,Be1Ca1,Be,Ca,1.0,1.0,3.5221429442988623,-2.421004815,,VASP,B2,3.5221429442988623
vasp-Be1Co1,Be1Co1,Be,Co,1.0,1.0,2.5911627988485524,-5.701665665,,VASP,B2,2.5911627988485524
vasp-Be1Cr1,Be1Cr1,Be,Cr,1.0,1.0,2.7074385232332534,-6.41133507,,VASP,B2,2.7074385232332534
vasp-Be1Cu1,Be1Cu1,Be,Cu,1.0,1.0,2.6872588852528576,-3.859072595,,VASP,B2,2.6872588852528576
vasp-Be1Dy1,Be1Dy1,Be,Dy,1.0,1.0,3.4024269790629074,-4.043534505,,VASP,B2,3.4024269790629074
vasp-Be1Er1,Be1Er1,Be,Er,1.0,1.0,3.372713506761589,-4.04527754,,VASP,B2,3.372713506761589
vasp-Be1Fe1,Be1Fe1,Be,Fe,1.0,1.0,2.6388588483618025,-6.16291217,,VASP,B2,2.6388588483618025
vasp-Be1Ge1,Be1Ge1,Be,Ge,1.0,1.0,3.0291205042416185,-3.56529442,,VASP,B2,3.0291205042416185
vasp-Be1Hf1,Be1Hf1,Be,Hf,1.0,1.0,3.1206718853393216,-6.927517405,,VASP,B2,3.1206718853393216
vasp-Be1Ir1,Be1Ir1,Be,Ir,1.0,1.0,2.800334751327607,-6.87475688,,VASP,B2,2.800334751327607
vasp-Be1La1,Be1La1,Be,La,1.0,1.0,3.5983553904222028,-4.08850375,,VASP,B2,3.5983553904222028
vasp-Be1Mg1,Be1Mg1,Be,Mg,1.0,1.0,3.081915075030933,-2.247879055,,VASP,B2,3.081915075030933
vasp-Be1Mn1,Be1Mn1,Be,Mn,1.0,1.0,2.7088945870290857,-6.47790323,,VASP,B2,2.7088945870290857
vasp-Be1Mo1,Be1Mo1,Be,Mo,1.0,1.0,2.8860882741430984,-7.13122594,,VASP,B2,2.8860882741430984
vasp-Be1Nb1,Be1Nb1,Be,Nb,1.0,1.0,3.008025611465174,-6.847332395,,VASP,B2,3.008025611465174
vasp-Be1Ni1,Be1Ni1,Be,Ni,1.0,1.0,2.604191418250978,-5.09994176,,VASP,B2,2.604191418250978
vasp-Be1Os1,Be1Os1,Be,Os,1.0,1.0,2.8055210208319488,-7.52307613,,VASP,B2,2.8055210208319488
vasp-Be1Pb1,Be1Pb1,Be,Pb,1.0,1.0,3.4616573547331386,-2.852282605,,VASP,B2,3.4616573547331386
vasp-Be1Pd1,Be1Pd1,Be,Pd,1.0,1.0,2.8291511012528914,-5.07031651,,VASP,B2,2.8291511012528914
vasp-Be1Pt1,Be1Pt1,Be,Pt,1.0,1.0,2.8453958362919334,-5.672151935,,VASP,B2,2.8453958362919334
vasp-Be1Re1,Be1Re1,Be,Re,1.0,1.0,2.834588503269816,-7.93184842,,VASP,B2,2.834588503269816
vasp-Be1Rh1,Be1Rh1,Be,Rh,1.0,1.0,2.780615481640101,-6.118985255,,VASP,B2,2.780615481640101
vasp-Be1Ru1,Be1Ru1,Be,Ru,1.0,1.0,2.7847590476837722,-6.65667051,,VASP,B2,2.7847590476837722
vasp-Be1Sc1,Be1Sc1,Be,Sc,1.0,1.0,3.1743188617091427,-5.041763045,,VASP,B2,3.1743188617091427
vasp-Be1Si1,Be1Si1,Be,Si,1.0,1.0,2.8358616175774447,-4.073908845,,VASP,B2,2.8358616175774447
vasp-Be1Sn1,Be1Sn1,Be,Sn,1.0,1.0,3.3165116122123353,-3.13301443,,VASP,B2,3.3165116122123353
vasp-Be1Ta1,Be1Ta1,Be,Ta,1.0,1.0,2.9935555253334356,-7.6776216,,VASP,B2,2.9935555253334356
vasp-Be1Tb1,Be1Tb1,Be,Tb,1.0,1.0,3.417872568568895,-4.044714085,,VASP,B2,3.417872568568895
vasp-Be1Ti1,Be1Ti1,Be,Ti,1.0,1.0,2.931124565164617,-5.924344355,,VASP,B2,2.931124565164617
vasp-Be1V1,Be1V1,Be,V,1.0,1.0,2.7924722922544647,-6.32767187,,VASP,B2,2.7924722922544647
vasp-Be1W1,Be1W1,Be,W,1.0,1.0,2.896289080102865,-8.027652015,,VASP,B2,2.896289080102865
vasp-Be1Y1,Be1Y1,Be,Y,1.0,1.0,3.41602152651471,-5.00971152,,VASP,B2,3.41602152651471
vasp-Be1Zn1,Be1Zn1,Be,Zn,1.0,1.0,2.8300350553666083,-2.19371766,,VASP,B2,2.8300350553666083
vasp-Be1Zr1,Be1Zr1,Be,Zr,1.0,1.0,3.161356028185762,-6.247371785,,VASP,B2,3.161356028185762
vasp-Ca1Ag1,Ca1Ag1,Ca,Ag,1.0,1.0,3.7116972000361574,-2.667659625,,VASP,B2,3.7116972000361574
vasp-Ca1Al1,Ca1Al1,Ca,Al,1.0,1.0,3.707842202972879,-3.010061015,,VASP,B2,3.707842202972879
vasp-Ca1As1,Ca1As1,Ca,As,1.0,1.0,3.638557960549903,-4.119010365,,VASP,B2,3.638557960549903
vasp-Ca1Au1,Ca1Au1,Ca,Au,1.0,1.0,3.647292925075242,-3.360123035,,VASP,B2,3.647292925075242
vasp-Ca1B1,Ca1B1,Ca,B,1.0,1.0,3.2628191563808,-3.59143951,,VASP,B2,3.2628191563808
vasp-Ca1Be1,Ca1Be1,Ca,Be,1.0,1.0,3.522154583475306,-2.421004795,,VASP,B2,3.522154583475306
vasp-Ca1Ca1,Ca1Ca1,Ca,Ca,1.0,1.0,4.383829301251642,-1.901533965,,VASP,B2,4.383829301251642
vasp-Ca1Cd1,Ca1Cd1,Ca,Cd,1.0,1.0,3.820417667491742,-1.716265545,,VASP,B2,3.820417667491742
vasp-Ca1Ce1,Ca1Ce1,Ca,Ce,1.0,1.0,4.154843556267678,-3.503711985,,VASP,B2,4.154843556267678
vasp-Ca1Co1,Ca1Co1,Ca,Co,1.0,1.0,3.4296728591377064,-3.97798997,,VASP,B2,3.4296728591377064
vasp-Ca1Cr1,Ca1Cr1,Ca,Cr,1.0,1.0,3.780426956419908,-4.969468515,,VASP,B2,3.780426956419908
vasp-Ca1Cu1,Ca1Cu1,Ca,Cu,1.0,1.0,3.560380043177237,-2.90729112,,VASP,B2,3.560380043177237
vasp-Ca1Dy1,Ca1Dy1,Ca,Dy,1.0,1.0,4.130257436183856,-3.0473828,,VASP,B2,4.130257436183856
vasp-Ca1Er1,Ca1Er1,Ca,Er,1.0,1.0,4.107388528740841,-3.004924585,,VASP,B2,4.107388528740841
vasp-Ca1Fe1,Ca1Fe1,Ca,Fe,1.0,1.0,3.5548109099110947,-4.396031925,,VASP,B2,3.5548109099110947
vasp-Ca1Ga1,Ca1Ga1,Ca,Ga,1.0,1.0,3.6741640453336153,-2.839017325,,VASP,B2,3.6741640453336153
vasp-Ca1Gd1,Ca1Gd1,Ca,Gd,1.0,1.0,4.167895491276151,-7.831894235,,VASP,B2,4.167895491276151
vasp-Ca1Ge1,Ca1Ge1,Ca,Ge,1.0,1.0,3.6684179217785555,-3.72862219,,VASP,B2,3.6684179217785555
vasp-Ca1Hf1,Ca1Hf1,Ca,Hf,1.0,1.0,3.819631323718997,-5.17776957,,VASP,B2,3.819631323718997
vasp-Ca1In1,Ca1In1,Ca,In,1.0,1.0,3.8753643933255426,-2.68999771,,VASP,B2,3.8753643933255426
vasp-Ca1Ir1,Ca1Ir1,Ca,Ir,1.0,1.0,3.4158310513735826,-5.398891505,,VASP,B2,3.4158310513735826
vasp-Ca1La1,Ca1La1,Ca,La,1.0,1.0,4.294808951527061,-3.292738275,,VASP,B2,4.294808951527061
vasp-Ca1Mg1,Ca1Mg1,Ca,Mg,1.0,1.0,3.9597181115355706,-1.797382405,,VASP,B2,3.9597181115355706
vasp-Ca1Mn1,Ca1Mn1,Ca,Mn,1.0,1.0,3.6889491736935893,-4.926055115,,VASP,B2,3.6889491736935893
vasp-Ca1Mo1,Ca1Mo1,Ca,Mo,1.0,1.0,3.6157097165279786,-5.10100517,,VASP,B2,3.6157097165279786
vasp-Ca1Na1,Ca1Na1,Ca,Na,1.0,1.0,4.265853618851984,-1.54766357,,VASP,B2,4.265853618851984
vasp-Ca1Nb1,Ca1Nb1,Ca,Nb,1.0,1.0,3.673301287564331,-4.89349131,,VASP,B2,3.673301287564331
vasp-Ca1Ni1,Ca1Ni1,Ca,Ni,1.0,1.0,3.418516244341703,-3.71169788,,VASP,B2,3.418516244341703
vasp-Ca1Os1,Ca1Os1,Ca,Os,1.0,1.0,3.4178249404660472,-5.62161831,,VASP,B2,3.4178249404660472
vasp-Ca1Pb1,Ca1Pb1,Ca,Pb,1.0,1.0,3.9545522274889504,-3.263614335,,VASP,B2,3.9545522274889504
vasp-Ca1Pd1,Ca1Pd1,Ca,Pd,1.0,1.0,3.5198397979794365,-4.27196104,,VASP,B2,3.5198397979794365
vasp-Ca1Pt1,Ca1Pt1,Ca,Pt,1.0,1.0,3.4978383018225383,-4.8554549,,VASP,B2,3.4978383018225383
vasp-Ca1Re1,Ca1Re1,Ca,Re,1.0,1.0,3.4954929195220923,-5.70803769,,VASP,B2,3.4954929195220923
vasp-Ca1Rh1,Ca1Rh1,Ca,Rh,1.0,1.0,3.4262911049413862,-4.828041345,,VASP,B2,3.4262911049413862
vasp-Ca1Ru1,Ca1Ru1,Ca,Ru,1.0,1.0,3.4181932566553304,-4.995024065,,VASP,B2,3.4181932566553304
vasp-Ca1Sb1,Ca1Sb1,Ca,Sb,1.0,1.0,3.8782018251404327,-3.768852825,,VASP,B2,3.8782018251404327
vasp-Ca1Sc1,Ca1Sc1,Ca,Sc,1.0,1.0,3.9731959961186214,-3.78749727,,VASP,B2,3.9731959961186214
vasp-Ca1Se1,Ca1Se1,Ca,Se,1.0,1.0,3.64700568104126,-4.40909449,,VASP,B2,3.64700568104126
vasp-Ca1Si1,Ca1Si1,Ca,Si,1.0,1.0,3.6168916107344025,-3.90363068,,VASP,B2,3.6168916107344025
vasp-Ca1Sn1,Ca1Sn1,Ca,Sn,1.0,1.0,3.8938319930793415,-3.467566435,,VASP,B2,3.8938319930793415
vasp-Ca1Sr1,Ca1Sr1,Ca,Sr,1.0,1.0,4.555080351439244,-1.740853215,,VASP,B2,4.555080351439244
vasp-Ca1Ta1,Ca1Ta1,Ca,Ta,1.0,1.0,3.6430750303407526,-5.546782215,,VASP,B2,3.6430750303407526
vasp-Ca1Tb1,Ca1Tb1,Ca,Tb,1.0,1.0,4.141987722361563,-3.071639195,,VASP,B2,4.141987722361563
vasp-Ca1Tc1,Ca1Tc1,Ca,Tc,1.0,1.0,3.487676891920147,-5.095689255,,VASP,B2,3.487676891920147
vasp-Ca1Ti1,Ca1Ti1,Ca,Ti,1.0,1.0,3.769399378304998,-4.057349415,,VASP,B2,3.769399378304998
vasp-Ca1V1,Ca1V1,Ca,V,1.0,1.0,3.7812753601262123,-4.517140385,,VASP,B2,3.7812753601262123
vasp-Ca1W1,Ca1W1,Ca,W,1.0,1.0,3.517154449686732,-5.719269625,,VASP,B2,3.517154449686732
vasp-Ca1Y1,Ca1Y1,Ca,Y,1.0,1.0,4.145457852742469,-4.00635113,,VASP,B2,4.145457852742469
vasp-Ca1Zn1,Ca1Zn1,Ca,Zn,1.0,1.0,3.666332185075035,-1.769905405,,VASP,B2,3.666332185075035
vasp-Ca1Zr1,Ca1Zr1,Ca,Zr,1.0,1.0,3.854844197499542,-4.61752274,,VASP,B2,3.854844197499542
vasp-Cd1Ag1,Cd1Ag1,Cd,Ag,1.0,1.0,3.3837028991202533,-1.86594472,,VASP,B2,3.3837028991202533
vasp-Cd1Al1,Cd1Al1,Cd,Al,1.0,1.0,3.464276299862894,-2.026361025,,VASP,B2,3.464276299862894
vasp-Cd1As1,Cd1As1,Cd,As,1.0,1.0,3.4986617325254503,-2.447972115,,VASP,B2,3.4986617325254503
vasp-Cd1B1,Cd1B1,Cd,B,1.0,1.0,3.105141957987849,-2.24871053,,VASP,B2,3.105141957987849
vasp-Cd1Ca1,Cd1Ca1,Cd,Ca,1.0,1.0,3.8203800325643877,-1.71626558,,VASP,B2,3.8203800325643877
vasp-Cd1Cd1,Cd1Cd1,Cd,Cd,1.0,1.0,3.584003060023882,-0.7262462,,VASP,B2,3.584003060023882
vasp-Cd1Ce1,Cd1Ce1,Cd,Ce,1.0,1.0,3.8363177391649876,-3.466044305,,VASP,B2,3.8363177391649876
vasp-Cd1Co1,Cd1Co1,Cd,Co,1.0,1.0,3.124890332962847,-3.511903505,,VASP,B2,3.124890332962847
vasp-Cd1Cr1,Cd1Cr1,Cd,Cr,1.0,1.0,3.335261114963271,-4.63898566,,VASP,B2,3.335261114963271
vasp-Cd1Cu1,Cd1Cu1,Cd,Cu,1.0,1.0,3.200584068883823,-2.25655395,,VASP,B2,3.200584068883823
vasp-Cd1Fe1,Cd1Fe1,Cd,Fe,1.0,1.0,3.205302748159774,-4.09985845,,VASP,B2,3.205302748159774
vasp-Cd1Ga1,Cd1Ga1,Cd,Ga,1.0,1.0,3.499192114881254,-1.73028233,,VASP,B2,3.499192114881254
vasp-Cd1Gd1,Cd1Gd1,Cd,Gd,1.0,1.0,3.7707091331424087,-7.78526919,,VASP,B2,3.7707091331424087
vasp-Cd1Ge1,Cd1Ge1,Cd,Ge,1.0,1.0,3.509354684355478,-2.421043785,,VASP,B2,3.509354684355478
vasp-Cd1Hf1,Cd1Hf1,Cd,Hf,1.0,1.0,3.4747764687689164,-5.300480665,,VASP,B2,3.4747764687689164
vasp-Cd1In1,Cd1In1,Cd,In,1.0,1.0,3.7016306985966416,-1.59486708,,VASP,B2,3.7016306985966416
vasp-Cd1La1,Cd1La1,Cd,La,1.0,1.0,3.9367461768811425,-3.149749465,,VASP,B2,3.9367461768811425
vasp-Cd1Mg1,Cd1Mg1,Cd,Mg,1.0,1.0,3.5199257008715206,-1.23374136,,VASP,B2,3.5199257008715206
vasp-Cd1Mn1,Cd1Mn1,Cd,Mn,1.0,1.0,3.301684321411882,-4.60225031,,VASP,B2,3.301684321411882
vasp-Cd1Mo1,Cd1Mo1,Cd,Mo,1.0,1.0,3.2842577883898745,-5.012500505,,VASP,B2,3.2842577883898745
vasp-Cd1Na1,Cd1Na1,Cd,Na,1.0,1.0,3.734891704241073,-1.123186145,,VASP,B2,3.734891704241073
vasp-Cd1Nb1,Cd1Nb1,Cd,Nb,1.0,1.0,3.3818741744528276,-4.993039625,,VASP,B2,3.3818741744528276
vasp-Cd1Ni1,Cd1Ni1,Cd,Ni,1.0,1.0,3.132750185757104,-3.079581705,,VASP,B2,3.132750185757104
vasp-Cd1Pd1,Cd1Pd1,Cd,Pd,1.0,1.0,3.2822796202000695,-3.405415945,,VASP,B2,3.2822796202000695
vasp-Cd1Ru1,Cd1Ru1,Cd,Ru,1.0,1.0,3.237315331407408,-4.45494798,,VASP,B2,3.237315331407408
vasp-Cd1Sb1,Cd1Sb1,Cd,Sb,1.0,1.0,3.715961469476514,-2.28918901,,VASP,B2,3.715961469476514
vasp-Cd1Sc1,Cd1Sc1,Cd,Sc,1.0,1.0,3.537430327110807,-3.822387755,,VASP,B2,3.537430327110807
vasp-Cd1Se1,Cd1Se1,Cd,Se,1.0,1.0,3.5564569950973928,-2.159151585,,VASP,B2,3.5564569950973928
vasp-Cd1Si1,Cd1Si1,Cd,Si,1.0,1.0,3.429424717704184,-2.579492795,,VASP,B2,3.429424717704184
vasp-Cd1Sn1,Cd1Sn1,Cd,Sn,1.0,1.0,3.721734671263385,-2.24733716,,VASP,B2,3.721734671263385
vasp-Cd1Sr1,Cd1Sr1,Cd,Sr,1.0,1.0,4.069419397249426,-1.52023757,,VASP,B2,4.069419397249426
vasp-Cd1Ta1,Cd1Ta1,Cd,Ta,1.0,1.0,3.3583986959329337,-5.67319648,,VASP,B2,3.3583986959329337
vasp-Cd1Tc1,Cd1Tc1,Cd,Tc,1.0,1.0,3.239705678088738,-4.78326548,,VASP,B2,3.239705678088738
vasp-Cd1Ti1,Cd1Ti1,Cd,Ti,1.0,1.0,3.347411019117745,-4.185975975,,VASP,B2,3.347411019117745
vasp-Cd1V1,Cd1V1,Cd,V,1.0,1.0,3.3357162635268645,-4.30266809,,VASP,B2,3.3357162635268645
vasp-Cd1W1,Cd1W1,Cd,W,1.0,1.0,3.2793518876361247,-5.697881095,,VASP,B2,3.2793518876361247
vasp-Cd1Y1,Cd1Y1,Cd,Y,1.0,1.0,3.7422976510860106,-3.965354535,,VASP,B2,3.7422976510860106
vasp-Cd1Zn1,Cd1Zn1,Cd,Zn,1.0,1.0,3.3983970526870317,-0.839349565,,VASP,B2,3.3983970526870317
vasp-Cd1Zr1,Cd1Zr1,Cd,Zr,1.0,1.0,3.5185933349399496,-4.740776055,,VASP,B2,3.5185933349399496
vasp-Ce1Ag1,Ce1Ag1,Ce,Ag,1.0,1.0,3.7163102823226257,-4.40093865,,VASP,B2,3.7163102823226257
vasp-Ce1Al1,Ce1Al1,Ce,Al,1.0,1.0,3.657710779813822,-5.0654247,,VASP,B2,3.657710779813822
vasp-Ce1As1,Ce1As1,Ce,As,1.0,1.0,3.6165140029251295,-6.42424112,,VASP,B2,3.6165140029251295
vasp-Ce1B1,Ce1B1,Ce,B,1.0,1.0,3.2368118874396714,-6.091373805,,VASP,B2,3.2368118874396714
vasp-Ce1Ca1,Ce1Ca1,Ce,Ca,1.0,1.0,4.153766233589035,-3.50370432,,VASP,B2,4.153766233589035
vasp-Ce1Cd1,Ce1Cd1,Ce,Cd,1.0,1.0,3.8394211317664078,-3.4660682,,VASP,B2,3.8394211317664078
vasp-Ce1Ce1,Ce1Ce1,Ce,Ce,1.0,1.0,3.766972106247604,-5.71030944,,VASP,B2,3.766972106247604
vasp-Ce1Co1,Ce1Co1,Ce,Co,1.0,1.0,4.0,,,VASP,B2,4.0
vasp-Ce1Cr1,Ce1Cr1,Ce,Cr,1.0,1.0,3.3775891687571318,-7.203528865,,VASP,B2,3.3775891687571318
vasp-Ce1Cu1,Ce1Cu1,Ce,Cu,1.0,1.0,3.502897155193142,-4.856633135,,VASP,B2,3.502897155193142
vasp-Ce1Fe1,Ce1Fe1,Ce,Fe,1.0,1.0,3.3376073290404875,-6.97651092,,VASP,B2,3.3376073290404875
vasp-Ce1Ga1,Ce1Ga1,Ce,Ga,1.0,1.0,3.642620240801631,-4.87382761,,VASP,B2,3.642620240801631
vasp-Ce1Gd1,Ce1Gd1,Ce,Gd,1.0,1.0,4.0,-9.76363696,,VASP,B2,4.0
vasp-Ce1Ge1,Ce1Ge1,Ce,Ge,1.0,1.0,3.6331832755458104,-5.78862116,,VASP,B2,3.6331832755458104
vasp-Ce1Hf1,Ce1Hf1,Ce,Hf,1.0,1.0,4.0,-7.387512935,,VASP,B2,4.0
vasp-Ce1In1,Ce1In1,Ce,In,1.0,1.0,3.8684566616363796,-4.556355775,,VASP,B2,3.8684566616363796
vasp-Ce1La1,Ce1La1,Ce,La,1.0,1.0,4.087642149127288,-5.1380136,,VASP,B2,4.087642149127288
vasp-Ce1Mg1,Ce1Mg1,Ce,Mg,1.0,1.0,3.8423687302092167,-3.62431733,,VASP,B2,3.8423687302092167
vasp-Ce1Mn1,Ce1Mn1,Ce,Mn,1.0,1.0,3.348830131999585,-14.410996955,,VASP,B2,3.348830131999585
vasp-Ce1Mo1,Ce1Mo1,Ce,Mo,1.0,1.0,3.4713425742000767,-8.00510594,,VASP,B2,3.4713425742000767
vasp-Ce1Na1,Ce1Na1,Ce,Na,1.0,1.0,4.097504155116338,-3.00007674,,VASP,B2,4.097504155116338
vasp-Ce1Nb1,Ce1Nb1,Ce,Nb,1.0,1.0,3.5766869646158717,-7.58483683,,VASP,B2,3.5766869646158717
vasp-Ce1Ni1,Ce1Ni1,Ce,Ni,1.0,1.0,3.4084759610313258,-5.957556265,,VASP,B2,3.4084759610313258
vasp-Ce1Pd1,Ce1Pd1,Ce,Pd,1.0,1.0,3.5639937161359025,-6.186245545,,VASP,B2,3.5639937161359025
vasp-Ce1Ru1,Ce1Ru1,Ce,Ru,1.0,1.0,3.4461078705854105,-7.88075909,,VASP,B2,3.4461078705854105
vasp-Ce1Sb1,Ce1Sb1,Ce,Sb,1.0,1.0,3.848980314114787,-5.901167775,,VASP,B2,3.848980314114787
vasp-Ce1Sc1,Ce1Sc1,Ce,Sc,1.0,1.0,3.811869086454562,-5.939839435,,VASP,B2,3.811869086454562
vasp-Ce1Se1,Ce1Se1,Ce,Se,1.0,1.0,3.6418415909040105,-6.28353495,,VASP,B2,3.6418415909040105
vasp-Ce1Si1,Ce1Si1,Ce,Si,1.0,1.0,3.563884126383768,-6.094836685,,VASP,B2,3.563884126383768
vasp-Ce1Sn1,Ce1Sn1,Ce,Sn,1.0,1.0,3.859768940329213,-5.3864425,,VASP,B2,3.859768940329213
vasp-Ce1Sr1,Ce1Sr1,Ce,Sr,1.0,1.0,4.363596906761102,-3.263768465,,VASP,B2,4.363596906761102
vasp-Ce1Ta1,Ce1Ta1,Ce,Ta,1.0,1.0,3.5629931480288857,-8.32000074,,VASP,B2,3.5629931480288857
vasp-Ce1Tc1,Ce1Tc1,Ce,Tc,1.0,1.0,3.453408200623187,-8.096059455,,VASP,B2,3.453408200623187
vasp-Ce1Ti1,Ce1Ti1,Ce,Ti,1.0,1.0,3.561526585837861,-6.5668435,,VASP,B2,3.561526585837861
vasp-Ce1V1,Ce1V1,Ce,V,1.0,1.0,3.520363938386183,-7.00957551,,VASP,B2,3.520363938386183
vasp-Ce1W1,Ce1W1,Ce,W,1.0,1.0,3.4864330270876676,-8.738976775,,VASP,B2,3.4864330270876676
vasp-Ce1Y1,Ce1Y1,Ce,Y,1.0,1.0,4.01081493345811,-5.94683743,,VASP,B2,4.01081493345811
vasp-Ce1Zn1,Ce1Zn1,Ce,Zn,1.0,1.0,3.6047750921478423,-3.708021625,,VASP,B2,3.6047750921478423
vasp-Ce1Zr1,Ce1Zr1,Ce,Zr,1.0,1.0,3.7127420666011868,-6.97414725,,VASP,B2,3.7127420666011868
vasp-Co1Ag1,Co1Ag1,Co,Ag,1.0,1.0,3.06524883175927,-4.36563327,,VASP,B2,3.06524883175927
vasp-Co1Al1,Co1Al1,Co,Al,1.0,1.0,2.8507704038754547,-6.00841891,,VASP,B2,2.8507704038754547
vasp-Co1As1,Co1As1,Co,As,1.0,1.0,2.969202987724116,-5.72656854,,VASP,B2,2.969202987724116
vasp-Co1Au1,Co1Au1,Co,Au,1.0,1.0,3.0751499132116464,-4.833794275,,VASP,B2,3.0751499132116464
vasp-Co1B1,Co1B1,Co,B,1.0,1.0,2.4784214317202435,-7.01775632,,VASP,B2,2.4784214317202435
vasp-Co1Be1,Co1Be1,Co,Be,1.0,1.0,2.5911630815317928,-5.701665665,,VASP,B2,2.5911630815317928
vasp-Co1Ca1,Co1Ca1,Co,Ca,1.0,1.0,3.429713556422887,-3.977989825,,VASP,B2,3.429713556422887
vasp-Co1Cd1,Co1Cd1,Co,Cd,1.0,1.0,3.124600013869129,-3.51190457,,VASP,B2,3.124600013869129
vasp-Co1Ce1,Co1Ce1,Co,Ce,1.0,1.0,3.3535267639108954,-6.579090235,,VASP,B2,3.3535267639108954
vasp-Co1Co1,Co1Co1,Co,Co,1.0,1.0,2.8009761798745,-6.97108152,,VASP,B2,2.8009761798745
vasp-Co1Cr1,Co1Cr1,Co,Cr,1.0,1.0,2.8095382827161934,-7.904289245,,VASP,B2,2.8095382827161934
vasp-Co1Cu1,Co1Cu1,Co,Cu,1.0,1.0,2.8367963075199936,-5.150210895,,VASP,B2,2.8367963075199936
vasp-Co1Dy1,Co1Dy1,Co,Dy,1.0,1.0,3.3358621015027285,-5.925261095,,VASP,B2,3.3358621015027285
vasp-Co1Er1,Co1Er1,Co,Er,1.0,1.0,3.302278197651486,-5.954573655,,VASP,B2,3.302278197651486
vasp-Co1Fe1,Co1Fe1,Co,Fe,1.0,1.0,2.8383918429362116,-7.72400881,,VASP,B2,2.8383918429362116
vasp-Co1Ga1,Co1Ga1,Co,Ga,1.0,1.0,2.8794775227452716,-5.279115695,,VASP,B2,2.8794775227452716
vasp-Co1Gd1,Co1Gd1,Co,Gd,1.0,1.0,3.3604174849279675,-10.682083915,,VASP,B2,3.3604174849279675
vasp-Co1Ge1,Co1Ge1,Co,Ge,1.0,1.0,2.9276599439199917,-5.77613332,,VASP,B2,2.9276599439199917
vasp-Co1Hf1,Co1Hf1,Co,Hf,1.0,1.0,3.141256142863405,-8.879880745,,VASP,B2,3.141256142863405
vasp-Co1In1,Co1In1,Co,In,1.0,1.0,3.1268401356564546,-4.65312754,,VASP,B2,3.1268401356564546
vasp-Co1Ir1,Co1Ir1,Co,Ir,1.0,1.0,2.955217110189314,-7.68896761,,VASP,B2,2.955217110189314
vasp-Co1La1,Co1La1,Co,La,1.0,1.0,3.4891797006001912,-5.915505345,,VASP,B2,3.4891797006001912
vasp-Co1Mg1,Co1Mg1,Co,Mg,1.0,1.0,3.0284723303953673,-4.019701085,,VASP,B2,3.0284723303953673
vasp-Co1Mn1,Co1Mn1,Co,Mn,1.0,1.0,2.7736387085952794,-7.634982885,,VASP,B2,2.7736387085952794
vasp-Co1Mo1,Co1Mo1,Co,Mo,1.0,1.0,2.972257683722982,-8.65782155,,VASP,B2,2.972257683722982
vasp-Co1Na1,Co1Na1,Co,Na,1.0,1.0,3.300010383784005,-3.03296221,,VASP,B2,3.300010383784005
vasp-Co1Nb1,Co1Nb1,Co,Nb,1.0,1.0,3.0671299434298067,-8.54056753,,VASP,B2,3.0671299434298067
vasp-Co1Ni1,Co1Ni1,Co,Ni,1.0,1.0,2.7727354487600513,-5.98891256,,VASP,B2,2.7727354487600513
vasp-Co1Os1,Co1Os1,Co,Os,1.0,1.0,2.9339970049745747,-8.735049985,,VASP,B2,2.9339970049745747
vasp-Co1Pb1,Co1Pb1,Co,Pb,1.0,1.0,3.309328635625686,-4.70805121,,VASP,B2,3.309328635625686
vasp-Co1Pd1,Co1Pd1,Co,Pd,1.0,1.0,2.9986166430080186,-5.986670475,,VASP,B2,2.9986166430080186
vasp-Co1Pt1,Co1Pt1,Co,Pt,1.0,1.0,3.0111358931562946,-6.475795055,,VASP,B2,3.0111358931562946
vasp-Co1Re1,Co1Re1,Co,Re,1.0,1.0,2.958375952336658,-9.37353858,,VASP,B2,2.958375952336658
vasp-Co1Rh1,Co1Rh1,Co,Rh,1.0,1.0,2.967386188248708,-6.97610021,,VASP,B2,2.967386188248708
vasp-Co1Ru1,Co1Ru1,Co,Ru,1.0,1.0,2.9032348709420326,-7.725795175,,VASP,B2,2.9032348709420326
vasp-Co1Sb1,Co1Sb1,Co,Sb,1.0,1.0,3.1791383519371568,-5.286773265,,VASP,B2,3.1791383519371568
vasp-Co1Sc1,Co1Sc1,Co,Sc,1.0,1.0,3.1190824632203875,-7.039190555,,VASP,B2,3.1190824632203875
vasp-Co1Se1,Co1Se1,Co,Se,1.0,1.0,3.027941014704845,-4.9932557,,VASP,B2,3.027941014704845
vasp-Co1Si1,Co1Si1,Co,Si,1.0,1.0,2.7811851526435643,-6.65210343,,VASP,B2,2.7811851526435643
vasp-Co1Sn1,Co1Sn1,Co,Sn,1.0,1.0,3.1404678539143402,-5.28109552,,VASP,B2,3.1404678539143402
vasp-Co1Sr1,Co1Sr1,Co,Sr,1.0,1.0,3.652883555206079,-3.642099115,,VASP,B2,3.652883555206079
vasp-Co1Ta1,Co1Ta1,Co,Ta,1.0,1.0,3.0500114373157756,-9.541766845,,VASP,B2,3.0500114373157756
vasp-Co1Tb1,Co1Tb1,Co,Tb,1.0,1.0,3.3537785887515383,-5.911623025,,VASP,B2,3.3537785887515383
vasp-Co1Tc1,Co1Tc1,Co,Tc,1.0,1.0,2.9209908605661203,-8.35919734,,VASP,B2,2.9209908605661203
vasp-Co1Ti1,Co1Ti1,Co,Ti,1.0,1.0,2.9620760612980286,-7.771843915,,VASP,B2,2.9620760612980286
vasp-Co1V1,Co1V1,Co,V,1.0,1.0,2.8694931864445987,-7.97714806,,VASP,B2,2.8694931864445987
vasp-Co1W1,Co1W1,Co,W,1.0,1.0,2.9793356012927648,-9.676746935,,VASP,B2,2.9793356012927648
vasp-Co1Y1,Co1Y1,Co,Y,1.0,1.0,3.3359865538505082,-6.87752833,,VASP,B2,3.3359865538505082
vasp-Co1Zn1,Co1Zn1,Co,Zn,1.0,1.0,2.875637340071288,-4.03978904,,VASP,B2,2.875637340071288
vasp-Co1Zr1,Co1Zr1,Co,Zr,1.0,1.0,3.1837691677465023,-8.121002205,,VASP,B2,3.1837691677465023
vasp-Cr1Ag1,Cr1Ag1,Cr,Ag,1.0,1.0,3.2756569148823207,-5.52734528,,VASP,B2,3.2756569148823207
vasp-Cr1Al1,Cr1Al1,Cr,Al,1.0,1.0,3.0404258867895013,-6.64748203,,VASP,B2,3.0404258867895013
vasp-Cr1As1,Cr1As1,Cr,As,1.0,1.0,2.9843204664129477,-6.956178695,,VASP,B2,2.9843204664129477
vasp-Cr1Au1,Cr1Au1,Cr,Au,1.0,1.0,3.2318804316119776,-6.11767733,,VASP,B2,3.2318804316119776
vasp-Cr1B1,Cr1B1,Cr,B,1.0,1.0,2.571362217870389,,,VASP,B2,2.571362217870389
vasp-Cr1Be1,Cr1Be1,Cr,Be,1.0,1.0,2.707379045539533,-6.41133517,,VASP,B2,2.707379045539533
vasp-Cr1Ca1,Cr1Ca1,Cr,Ca,1.0,1.0,3.780420337664448,-4.969468565,,VASP,B2,3.780420337664448
vasp-Cr1Cd1,Cr1Cd1,Cr,Cd,1.0,1.0,3.3352611222281414,-4.63898566,,VASP,B2,3.3352611222281414
vasp-Cr1Ce1,Cr1Ce1,Cr,Ce,1.0,1.0,3.385887535052748,-6.16099455,,VASP,B2,3.385887535052748
vasp-Cr1Co1,Cr1Co1,Cr,Co,1.0,1.0,2.810097567538847,-7.90428877,,VASP,B2,2.810097567538847
vasp-Cr1Cr1,Cr1Cr1,Cr,Cr,1.0,1.0,2.8363130492662827,-9.479612515,,VASP,B2,2.8363130492662827
vasp-Cr1Cu1,Cr1Cu1,Cr,Cu,1.0,1.0,2.8835492756797807,-6.000452995,,VASP,B2,2.8835492756797807
vasp-Cr1Dy1,Cr1Dy1,Cr,Dy,1.0,1.0,3.530427084196465,-6.62365457,,VASP,B2,3.530427084196465
vasp-Cr1Er1,Cr1Er1,Cr,Er,1.0,1.0,3.487214429181645,-6.62800091,,VASP,B2,3.487214429181645
vasp-Cr1Fe1,Cr1Fe1,Cr,Fe,1.0,1.0,2.8020129401932445,-8.57321921,,VASP,B2,2.8020129401932445
vasp-Cr1Ga1,Cr1Ga1,Cr,Ga,1.0,1.0,2.970013077945714,-5.937277605,,VASP,B2,2.970013077945714
vasp-Cr1Gd1,Cr1Gd1,Cr,Gd,1.0,1.0,3.422400593201662,-10.138504435,,VASP,B2,3.422400593201662
vasp-Cr1Ge1,Cr1Ge1,Cr,Ge,1.0,1.0,2.974643676019597,-6.73278742,,VASP,B2,2.974643676019597
vasp-Cr1Hf1,Cr1Hf1,Cr,Hf,1.0,1.0,3.2042814505400337,-9.517716765,,VASP,B2,3.2042814505400337
vasp-Cr1In1,Cr1In1,Cr,In,1.0,1.0,3.354301020467121,-5.619104535,,VASP,B2,3.354301020467121
vasp-Cr1Ir1,Cr1Ir1,Cr,Ir,1.0,1.0,3.0405769966413154,-9.116827855,,VASP,B2,3.0405769966413154
vasp-Cr1La1,Cr1La1,Cr,La,1.0,1.0,3.7281751469010738,-6.68183676,,VASP,B2,3.7281751469010738
vasp-Cr1Mg1,Cr1Mg1,Cr,Mg,1.0,1.0,3.329077300765412,-4.93124129,,VASP,B2,3.329077300765412
vasp-Cr1Mn1,Cr1Mn1,Cr,Mn,1.0,1.0,2.8073819374411864,-9.172512585,,VASP,B2,2.8073819374411864
vasp-Cr1Mo1,Cr1Mo1,Cr,Mo,1.0,1.0,3.0013628553984106,-10.141974645,,VASP,B2,3.0013628553984106
vasp-Cr1Na1,Cr1Na1,Cr,Na,1.0,1.0,3.6781400561482345,-4.29311455,,VASP,B2,3.6781400561482345
vasp-Cr1Nb1,Cr1Nb1,Cr,Nb,1.0,1.0,3.1019537902762027,-9.75179194,,VASP,B2,3.1019537902762027
vasp-Cr1Ni1,Cr1Ni1,Cr,Ni,1.0,1.0,2.8344889444840486,-7.111302225,,VASP,B2,2.8344889444840486
vasp-Cr1Os1,Cr1Os1,Cr,Os,1.0,1.0,2.973346837387203,-10.140606735,,VASP,B2,2.973346837387203
vasp-Cr1Pb1,Cr1Pb1,Cr,Pb,1.0,1.0,3.5670902881645103,-5.885169975,,VASP,B2,3.5670902881645103
vasp-Cr1Pd1,Cr1Pd1,Cr,Pd,1.0,1.0,3.1252350642495195,-7.220882425,,VASP,B2,3.1252350642495195
vasp-Cr1Pt1,Cr1Pt1,Cr,Pt,1.0,1.0,3.1127697367323246,-7.85434324,,VASP,B2,3.1127697367323246
vasp-Cr1Re1,Cr1Re1,Cr,Re,1.0,1.0,2.988300338853625,-10.903843625,,VASP,B2,2.988300338853625
vasp-Cr1Rh1,Cr1Rh1,Cr,Rh,1.0,1.0,3.027756734551,-8.308270685,,VASP,B2,3.027756734551
vasp-Cr1Ru1,Cr1Ru1,Cr,Ru,1.0,1.0,2.9476677187404197,-9.11262268,,VASP,B2,2.9476677187404197
vasp-Cr1Sb1,Cr1Sb1,Cr,Sb,1.0,1.0,3.232237283786062,-6.37214118,,VASP,B2,3.232237283786062
vasp-Cr1Sc1,Cr1Sc1,Cr,Sc,1.0,1.0,3.3158938529634114,-7.58471898,,VASP,B2,3.3158938529634114
vasp-Cr1Se1,Cr1Se1,Cr,Se,1.0,1.0,3.1165456854945406,-6.363082045,,VASP,B2,3.1165456854945406
vasp-Cr1Si1,Cr1Si1,Cr,Si,1.0,1.0,2.8724155340515027,-7.51534926,,VASP,B2,2.8724155340515027
vasp-Cr1Sn1,Cr1Sn1,Cr,Sn,1.0,1.0,3.2442017875560705,-6.19804653,,VASP,B2,3.2442017875560705
vasp-Cr1Sr1,Cr1Sr1,Cr,Sr,1.0,1.0,4.046056929510688,-4.73388782,,VASP,B2,4.046056929510688
vasp-Cr1Ta1,Cr1Ta1,Cr,Ta,1.0,1.0,3.084304518224883,-10.73203404,,VASP,B2,3.084304518224883
vasp-Cr1Tb1,Cr1Tb1,Cr,Tb,1.0,1.0,3.552678147744362,-6.62448268,,VASP,B2,3.552678147744362
vasp-Cr1Tc1,Cr1Tc1,Cr,Tc,1.0,1.0,2.961671032042714,-9.85645624,,VASP,B2,2.961671032042714
vasp-Cr1Ti1,Cr1Ti1,Cr,Ti,1.0,1.0,3.026810966246647,-8.527758095,,VASP,B2,3.026810966246647
vasp-Cr1V1,Cr1V1,Cr,V,1.0,1.0,2.8958659454133757,-9.316609035,,VASP,B2,2.8958659454133757
vasp-Cr1W1,Cr1W1,Cr,W,1.0,1.0,3.0163551248060267,-11.22060413,,VASP,B2,3.0163551248060267
vasp-Cr1Y1,Cr1Y1,Cr,Y,1.0,1.0,3.5354565972700147,-7.56432613,,VASP,B2,3.5354565972700147
vasp-Cr1Zn1,Cr1Zn1,Cr,Zn,1.0,1.0,3.1028641371340244,-4.97727893,,VASP,B2,3.1028641371340244
vasp-Cr1Zr1,Cr1Zr1,Cr,Zr,1.0,1.0,3.234441354521719,-8.733324935,,VASP,B2,3.234441354521719
vasp-Cu1Ag1,Cu1Ag1,Cu,Ag,1.0,1.0,3.1080172902053955,-3.138496545,,VASP,B2,3.1080172902053955
vasp-Cu1Al1,Cu1Al1,Cu,Al,1.0,1.0,3.0008248399506754,-3.88576259,,VASP,B2,3.0008248399506754
vasp-Cu1As1,Cu1As1,Cu,As,1.0,1.0,3.1526047795368872,-3.93055428,,VASP,B2,3.1526047795368872
vasp-Cu1Au1,Cu1Au1,Cu,Au,1.0,1.0,3.0996921819334196,-3.52598785,,VASP,B2,3.0996921819334196
vasp-Cu1B1,Cu1B1,Cu,B,1.0,1.0,2.615380714151841,-4.38154623,,VASP,B2,2.615380714151841
vasp-Cu1Be1,Cu1Be1,Cu,Be,1.0,1.0,2.6872575930982054,-3.859072595,,VASP,B2,2.6872575930982054
vasp-Cu1Ca1,Cu1Ca1,Cu,Ca,1.0,1.0,3.558706830086676,-2.90729898,,VASP,B2,3.558706830086676
vasp-Cu1Cd1,Cu1Cd1,Cu,Cd,1.0,1.0,3.1998006531702834,-2.25655277,,VASP,B2,3.1998006531702834
vasp-Cu1Ce1,Cu1Ce1,Cu,Ce,1.0,1.0,3.504510281315893,-4.856643335,,VASP,B2,3.504510281315893
vasp-Cu1Co1,Cu1Co1,Cu,Co,1.0,1.0,2.83679635090516,-5.150210895,,VASP,B2,2.83679635090516
vasp-Cu1Cr1,Cu1Cr1,Cu,Cr,1.0,1.0,2.883544493203234,-6.00045301,,VASP,B2,2.883544493203234
vasp-Cu1Cu1,Cu1Cu1,Cu,Cu,1.0,1.0,2.895456157714211,-3.71027367,,VASP,B2,2.895456157714211
vasp-Cu1Dy1,Cu1Dy1,Cu,Dy,1.0,1.0,3.462161855885552,-4.40175722,,VASP,B2,3.462161855885552
vasp-Cu1Er1,Cu1Er1,Cu,Er,1.0,1.0,3.4251310746015955,-4.40803206,,VASP,B2,3.4251310746015955
vasp-Cu1Fe1,Cu1Fe1,Cu,Fe,1.0,1.0,2.820900916367716,-5.44602194,,VASP,B2,2.820900916367716
vasp-Cu1Ga1,Cu1Ga1,Cu,Ga,1.0,1.0,3.0680211298886224,-3.30926034,,VASP,B2,3.0680211298886224
vasp-Cu1Gd1,Cu1Gd1,Cu,Gd,1.0,1.0,3.508935708698087,-9.135556395,,VASP,B2,3.508935708698087
vasp-Cu1Ge1,Cu1Ge1,Cu,Ge,1.0,1.0,3.1351725930221654,-3.879260945,,VASP,B2,3.1351725930221654
vasp-Cu1Hf1,Cu1Hf1,Cu,Hf,1.0,1.0,3.2294535627056216,-6.953961275,,VASP,B2,3.2294535627056216
vasp-Cu1In1,Cu1In1,Cu,In,1.0,1.0,3.305491419754898,-2.997878715,,VASP,B2,3.305491419754898
vasp-Cu1Ir1,Cu1Ir1,Cu,Ir,1.0,1.0,2.9772123243722377,-5.99537109,,VASP,B2,2.9772123243722377
vasp-Cu1La1,Cu1La1,Cu,La,1.0,1.0,3.654368738902945,-4.45653226,,VASP,B2,3.654368738902945
vasp-Cu1Mg1,Cu1Mg1,Cu,Mg,1.0,1.0,3.1547341421487376,-2.75416615,,VASP,B2,3.1547341421487376
vasp-Cu1Mn1,Cu1Mn1,Cu,Mn,1.0,1.0,2.839418465954573,-5.8047164,,VASP,B2,2.839418465954573
vasp-Cu1Mo1,Cu1Mo1,Cu,Mo,1.0,1.0,3.0287128304040474,-6.842578835,,VASP,B2,3.0287128304040474
vasp-Cu1Na1,Cu1Na1,Cu,Na,1.0,1.0,3.4176647097608894,-2.135995985,,VASP,B2,3.4176647097608894
vasp-Cu1Nb1,Cu1Nb1,Cu,Nb,1.0,1.0,3.1390188805515544,-6.71096538,,VASP,B2,3.1390188805515544
vasp-Cu1Ni1,Cu1Ni1,Cu,Ni,1.0,1.0,2.8367240517735874,-4.543526745,,VASP,B2,2.8367240517735874
vasp-Cu1Os1,Cu1Os1,Cu,Os,1.0,1.0,2.960290526346639,-6.89032514,,VASP,B2,2.960290526346639
vasp-Cu1Pb1,Cu1Pb1,Cu,Pb,1.0,1.0,3.4756670290848786,-3.3466263,,VASP,B2,3.4756670290848786
vasp-Cu1Pd1,Cu1Pd1,Cu,Pd,1.0,1.0,3.0159035882155365,-4.612708485,,VASP,B2,3.0159035882155365
vasp-Cu1Pt1,Cu1Pt1,Cu,Pt,1.0,1.0,3.0172669460916506,-5.0136208,,VASP,B2,3.0172669460916506
vasp-Cu1Re1,Cu1Re1,Cu,Re,1.0,1.0,2.9802225895765058,-7.48723721,,VASP,B2,2.9802225895765058
vasp-Cu1Rh1,Cu1Rh1,Cu,Rh,1.0,1.0,2.9725520443984634,-5.344094465,,VASP,B2,2.9725520443984634
vasp-Cu1Ru1,Cu1Ru1,Cu,Ru,1.0,1.0,2.9563813370143284,-6.057137855,,VASP,B2,2.9563813370143284
vasp-Cu1Sb1,Cu1Sb1,Cu,Sb,1.0,1.0,3.385307354692715,-3.6502873,,VASP,B2,3.385307354692715
vasp-Cu1Sc1,Cu1Sc1,Cu,Sc,1.0,1.0,3.2635934572434366,-5.28289057,,VASP,B2,3.2635934572434366
vasp-Cu1Se1,Cu1Se1,Cu,Se,1.0,1.0,3.2202498378828373,-3.295781785,,VASP,B2,3.2202498378828373
vasp-Cu1Si1,Cu1Si1,Cu,Si,1.0,1.0,3.0010951679814153,-4.273395755,,VASP,B2,3.0010951679814153
vasp-Cu1Sn1,Cu1Sn1,Cu,Sn,1.0,1.0,3.35703477605864,-3.56548018,,VASP,B2,3.35703477605864
vasp-Cu1Sr1,Cu1Sr1,Cu,Sr,1.0,1.0,3.792173988830671,-2.675567935,,VASP,B2,3.792173988830671
vasp-Cu1Ta1,Cu1Ta1,Cu,Ta,1.0,1.0,3.117365148801335,-7.593568575,,VASP,B2,3.117365148801335
vasp-Cu1Tb1,Cu1Tb1,Cu,Tb,1.0,1.0,3.4754099205751174,-4.40039671,,VASP,B2,3.4754099205751174
vasp-Cu1Tc1,Cu1Tc1,Cu,Tc,1.0,1.0,2.972824143577113,-6.59255132,,VASP,B2,2.972824143577113
vasp-Cu1Ti1,Cu1Ti1,Cu,Ti,1.0,1.0,3.0734744367088567,-5.773915825,,VASP,B2,3.0734744367088567
vasp-Cu1V1,Cu1V1,Cu,V,1.0,1.0,2.957246151636036,-6.02014234,,VASP,B2,2.957246151636036
vasp-Cu1W1,Cu1W1,Cu,W,1.0,1.0,3.0271223368494375,-7.77584846,,VASP,B2,3.0271223368494375
vasp-Cu1Y1,Cu1Y1,Cu,Y,1.0,1.0,3.476594149494616,-5.33373483,,VASP,B2,3.476594149494616
vasp-Cu1Zn1,Cu1Zn1,Cu,Zn,1.0,1.0,2.966632404855229,-2.569935,,VASP,B2,2.966632404855229
vasp-Cu1Zr1,Cu1Zr1,Cu,Zr,1.0,1.0,3.2675348853949533,-6.2781599,,VASP,B2,3.2675348853949533
vasp-Dy1Ag1,Dy1Ag1,Dy,Ag,1.0,1.0,3.633968532763272,-3.962987365,,VASP,B2,3.633968532763272
vasp-Dy1Al1,Dy1Al1,Dy,Al,1.0,1.0,3.595637389466649,-4.538777905,,VASP,B2,3.595637389466649
vasp-Dy1Au1,Dy1Au1,Dy,Au,1.0,1.0,3.5955262036155253,-4.752518895,,VASP,B2,3.5955262036155253
vasp-Dy1Be1,Dy1Be1,Dy,Be,1.0,1.0,3.4024247207841896,-4.04353447,,VASP,B2,3.4024247207841896
vasp-Dy1Ca1,Dy1Ca1,Dy,Ca,1.0,1.0,4.129452166004766,-3.04738201,,VASP,B2,4.129452166004766
vasp-Dy1Co1,Dy1Co1,Dy,Co,1.0,1.0,3.335822079004653,-5.925260475,,VASP,B2,3.335822079004653
vasp-Dy1Cr1,Dy1Cr1,Dy,Cr,1.0,1.0,3.5304241310285662,-6.623654165,,VASP,B2,3.5304241310285662
vasp-Dy1Cu1,Dy1Cu1,Dy,Cu,1.0,1.0,3.4621164709680396,-4.40175371,,VASP,B2,3.4621164709680396
vasp-Dy1Dy1,Dy1Dy1,Dy,Dy,1.0,1.0,3.99,,,VASP,B2,3.99
vasp-Dy1Er1,Dy1Er1,Dy,Er,1.0,1.0,3.97724856355788,-4.380654005,,VASP,B2,3.97724856355788
vasp-Dy1Fe1,Dy1Fe1,Dy,Fe,1.0,1.0,3.399968831719757,-6.217392245,,VASP,B2,3.399968831719757
vasp-Dy1Ge1,Dy1Ge1,Dy,Ge,1.0,1.0,3.584372628967858,-5.11251073,,VASP,B2,3.584372628967858
vasp-Dy1Hf1,Dy1Hf1,Dy,Hf,1.0,1.0,3.734069429190492,-6.85968207,,VASP,B2,3.734069429190492
vasp-Dy1Ir1,Dy1Ir1,Dy,Ir,1.0,1.0,3.4266305848250935,-7.507180855,,VASP,B2,3.4266305848250935
vasp-Dy1La1,Dy1La1,Dy,La,1.0,1.0,4.11160281275517,-4.62781473,,VASP,B2,4.11160281275517
vasp-Dy1Mg1,Dy1Mg1,Dy,Mg,1.0,1.0,3.78445,-3.1021333,,VASP,B2,3.78445
vasp-Dy1Mn1,Dy1Mn1,Dy,Mn,1.0,1.0,3.514491416930966,-6.5708695,,VASP,B2,3.514491416930966
vasp-Dy1Mo1,Dy1Mo1,Dy,Mo,1.0,1.0,3.5008278586650854,-7.094085575,,VASP,B2,3.5008278586650854
vasp-Dy1Nb1,Dy1Nb1,Dy,Nb,1.0,1.0,3.595263518332883,-6.786810145,,VASP,B2,3.595263518332883
vasp-Dy1Ni1,Dy1Ni1,Dy,Ni,1.0,1.0,3.3627388612187956,-5.416939885,,VASP,B2,3.3627388612187956
vasp-Dy1Os1,Dy1Os1,Dy,Os,1.0,1.0,3.4094819102848177,-7.92229649,,VASP,B2,3.4094819102848177
vasp-Dy1Pb1,Dy1Pb1,Dy,Pb,1.0,1.0,3.860263800762168,-4.422534445,,VASP,B2,3.860263800762168
vasp-Dy1Pd1,Dy1Pd1,Dy,Pd,1.0,1.0,3.508810461866016,-5.7622712,,VASP,B2,3.508810461866016
vasp-Dy1Pt1,Dy1Pt1,Dy,Pt,1.0,1.0,3.4927524429852173,-6.523904315,,VASP,B2,3.4927524429852173
vasp-Dy1Re1,Dy1Re1,Dy,Re,1.0,1.0,3.441476413507097,-7.954884805,,VASP,B2,3.441476413507097
vasp-Dy1Rh1,Dy1Rh1,Dy,Rh,1.0,1.0,3.4245708349132067,-6.75130231,,VASP,B2,3.4245708349132067
vasp-Dy1Ru1,Dy1Ru1,Dy,Ru,1.0,1.0,3.395902108463679,-7.17519514,,VASP,B2,3.395902108463679
vasp-Dy1Sc1,Dy1Sc1,Dy,Sc,1.0,1.0,3.8193723672874453,-5.3062141,,VASP,B2,3.8193723672874453
vasp-Dy1Si1,Dy1Si1,Dy,Si,1.0,1.0,3.5290480638324455,-5.39578213,,VASP,B2,3.5290480638324455
vasp-Dy1Sn1,Dy1Sn1,Dy,Sn,1.0,1.0,3.789148449774384,-4.73769782,,VASP,B2,3.789148449774384
vasp-Dy1Ta1,Dy1Ta1,Dy,Ta,1.0,1.0,3.5903878911907907,-7.482754925,,VASP,B2,3.5903878911907907
vasp-Dy1Tb1,Dy1Tb1,Dy,Tb,1.0,1.0,4.005,-4.412612755,,VASP,B2,4.005
vasp-Dy1Ti1,Dy1Ti1,Dy,Ti,1.0,1.0,3.633252623666493,-5.829995515,,VASP,B2,3.633252623666493
vasp-Dy1V1,Dy1V1,Dy,V,1.0,1.0,3.5926499245546553,-6.31908504,,VASP,B2,3.5926499245546553
vasp-Dy1W1,Dy1W1,Dy,W,1.0,1.0,3.498151493440713,-7.827092465,,VASP,B2,3.498151493440713
vasp-Dy1Y1,Dy1Y1,Dy,Y,1.0,1.0,4.0172706348215295,-5.352823605,,VASP,B2,4.0172706348215295
vasp-Dy1Zn1,Dy1Zn1,Dy,Zn,1.0,1.0,3.5651296003876483,-3.17130259,,VASP,B2,3.5651296003876483
vasp-Dy1Zr1,Dy1Zr1,Dy,Zr,1.0,1.0,3.7570957320588967,-6.25122844,,VASP,B2,3.7570957320588967
vasp-Er1Ag1,Er1Ag1,Er,Ag,1.0,1.0,3.6012933851614837,-3.95332906,,VASP,B2,3.6012933851614837
vasp-Er1Al1,Er1Al1,Er,Al,1.0,1.0,3.563819812809304,-4.51267552,,VASP,B2,3.563819812809304
vasp-Er1Au1,Er1Au1,Er,Au,1.0,1.0,3.5644917333038473,-4.75006363,,VASP,B2,3.5644917333038473
vasp-Er1Be1,Er1Be1,Er,Be,1.0,1.0,3.3727191782485266,-4.04527755,,VASP,B2,3.3727191782485266
vasp-Er1Ca1,Er1Ca1,Er,Ca,1.0,1.0,4.107934325567243,-3.004925105,,VASP,B2,4.107934325567243
vasp-Er1Co1,Er1Co1,Er,Co,1.0,1.0,3.3022832875021115,-5.95457316,,VASP,B2,3.3022832875021115
vasp-Er1Cr1,Er1Cr1,Er,Cr,1.0,1.0,3.4872182198919304,-6.628000485,,VASP,B2,3.4872182198919304
vasp-Er1Cu1,Er1Cu1,Er,Cu,1.0,1.0,3.4251393647322494,-4.40802646,,VASP,B2,3.4251393647322494
vasp-Er1Dy1,Er1Dy1,Er,Dy,1.0,1.0,3.9772458126981753,-4.380654005,,VASP,B2,3.9772458126981753
vasp-Er1Er1,Er1Er1,Er,Er,1.0,1.0,3.96,,,VASP,B2,3.96
vasp-Er1Fe1,Er1Fe1,Er,Fe,1.0,1.0,3.358209387367172,-6.234544615,,VASP,B2,3.358209387367172
vasp-Er1Ge1,Er1Ge1,Er,Ge,1.0,1.0,3.5566129656911367,-5.080221665,,VASP,B2,3.5566129656911367
vasp-Er1Hf1,Er1Hf1,Er,Hf,1.0,1.0,3.721394182799065,-6.84744146,,VASP,B2,3.721394182799065
vasp-Er1Ir1,Er1Ir1,Er,Ir,1.0,1.0,3.394827462372906,-7.552561585,,VASP,B2,3.394827462372906
vasp-Er1La1,Er1La1,Er,La,1.0,1.0,4.09322523230842,-4.619143715,,VASP,B2,4.09322523230842
vasp-Er1Mg1,Er1Mg1,Er,Mg,1.0,1.0,3.7617643386757975,-3.066405605,,VASP,B2,3.7617643386757975
vasp-Er1Mn1,Er1Mn1,Er,Mn,1.0,1.0,3.4839444466226492,-6.565953855,,VASP,B2,3.4839444466226492
vasp-Er1Mo1,Er1Mo1,Er,Mo,1.0,1.0,3.466876813833249,-7.113718905,,VASP,B2,3.466876813833249
vasp-Er1Nb1,Er1Nb1,Er,Nb,1.0,1.0,3.575798264902449,-6.7941004,,VASP,B2,3.575798264902449
vasp-Er1Ni1,Er1Ni1,Er,Ni,1.0,1.0,3.3325074902661944,-5.437229545,,VASP,B2,3.3325074902661944
vasp-Er1Os1,Er1Os1,Er,Os,1.0,1.0,3.381078583119663,-7.971203935,,VASP,B2,3.381078583119663
vasp-Er1Pb1,Er1Pb1,Er,Pb,1.0,1.0,3.839316041567284,-4.366775555,,VASP,B2,3.839316041567284
vasp-Er1Pd1,Er1Pd1,Er,Pd,1.0,1.0,3.478442789260424,-5.775477595,,VASP,B2,3.478442789260424
vasp-Er1Pt1,Er1Pt1,Er,Pt,1.0,1.0,3.4622923239724495,-6.541521655,,VASP,B2,3.4622923239724495
vasp-Er1Re1,Er1Re1,Er,Re,1.0,1.0,3.4152472517632475,-7.99869964,,VASP,B2,3.4152472517632475
vasp-Er1Rh1,Er1Rh1,Er,Rh,1.0,1.0,3.392841085692073,-6.791035475,,VASP,B2,3.392841085692073
vasp-Er1Ru1,Er1Ru1,Er,Ru,1.0,1.0,3.368370785031498,-7.21475226,,VASP,B2,3.368370785031498
vasp-Er1Sc1,Er1Sc1,Er,Sc,1.0,1.0,3.8031886631482807,-5.272629605,,VASP,B2,3.8031886631482807
vasp-Er1Si1,Er1Si1,Er,Si,1.0,1.0,3.4977542647500988,-5.373921845,,VASP,B2,3.4977542647500988
vasp-Er1Sn1,Er1Sn1,Er,Sn,1.0,1.0,3.7645932054643336,-4.68893016,,VASP,B2,3.7645932054643336
vasp-Er1Ta1,Er1Ta1,Er,Ta,1.0,1.0,3.571484634343161,-7.49291109,,VASP,B2,3.571484634343161
vasp-Er1Tb1,Er1Tb1,Er,Tb,1.0,1.0,3.9845081741434547,-4.39913287,,VASP,B2,3.9845081741434547
vasp-Er1Ti1,Er1Ti1,Er,Ti,1.0,1.0,3.6162341448934248,-5.8201617,,VASP,B2,3.6162341448934248
vasp-Er1V1,Er1V1,Er,V,1.0,1.0,3.5663878327074694,-6.32398876,,VASP,B2,3.5663878327074694
vasp-Er1W1,Er1W1,Er,W,1.0,1.0,3.4749377168494777,-7.85761882,,VASP,B2,3.4749377168494777
vasp-Er1Y1,Er1Y1,Er,Y,1.0,1.0,3.9988348083958036,-5.33104481,,VASP,B2,3.9988348083958036
vasp-Er1Zn1,Er1Zn1,Er,Zn,1.0,1.0,3.5358042385951634,-3.156034075,,VASP,B2,3.5358042385951634
vasp-Er1Zr1,Er1Zr1,Er,Zr,1.0,1.0,3.742568474400217,-6.24218012,,VASP,B2,3.742568474400217
vasp-Fe1Ag1,Fe1Ag1,Fe,Ag,1.0,1.0,3.128053261904715,-4.994498195,,VASP,B2,3.128053261904715
vasp-Fe1Al1,Fe1Al1,Fe,Al,1.0,1.0,2.8699323497031406,-6.31281346,,VASP,B2,2.8699323497031406
vasp-Fe1As1,Fe1As1,Fe,As,1.0,1.0,2.9461438849215327,-6.32961157,,VASP,B2,2.9461438849215327
vasp-Fe1Au1,Fe1Au1,Fe,Au,1.0,1.0,3.128251327293569,-5.492245935,,VASP,B2,3.128251327293569
vasp-Fe1B1,Fe1B1,Fe,B,1.0,1.0,2.4851809075764697,-7.601257615,,VASP,B2,2.4851809075764697
vasp-Fe1Be1,Fe1Be1,Fe,Be,1.0,1.0,2.638859235326526,-6.16291217,,VASP,B2,2.638859235326526
vasp-Fe1Ca1,Fe1Ca1,Fe,Ca,1.0,1.0,3.5548082959576663,-4.39603191,,VASP,B2,3.5548082959576663
vasp-Fe1Cd1,Fe1Cd1,Fe,Cd,1.0,1.0,3.2053026833240854,-4.09985845,,VASP,B2,3.2053026833240854
vasp-Fe1Ce1,Fe1Ce1,Fe,Ce,1.0,1.0,3.3625785602583993,-6.997666565,,VASP,B2,3.3625785602583993
vasp-Fe1Co1,Fe1Co1,Fe,Co,1.0,1.0,2.838391877573178,-7.72400881,,VASP,B2,2.838391877573178
vasp-Fe1Cr1,Fe1Cr1,Fe,Cr,1.0,1.0,2.801982338675381,-8.573218835,,VASP,B2,2.801982338675381
vasp-Fe1Cu1,Fe1Cu1,Fe,Cu,1.0,1.0,2.821758489680392,-5.446022,,VASP,B2,2.821758489680392
vasp-Fe1Dy1,Fe1Dy1,Fe,Dy,1.0,1.0,3.3999694056216105,-6.2173939,,VASP,B2,3.3999694056216105
vasp-Fe1Er1,Fe1Er1,Fe,Er,1.0,1.0,3.354946514175222,-6.23455904,,VASP,B2,3.354946514175222
vasp-Fe1Fe1,Fe1Fe1,Fe,Fe,1.0,1.0,2.8265688365624198,-8.250801845,,VASP,B2,2.8265688365624198
vasp-Fe1Ga1,Fe1Ga1,Fe,Ga,1.0,1.0,2.889516636241098,-5.645693095,,VASP,B2,2.889516636241098
vasp-Fe1Gd1,Fe1Gd1,Fe,Gd,1.0,1.0,3.7058597854768833,-22.11223159,,VASP,B2,3.7058597854768833
vasp-Fe1Ge1,Fe1Ge1,Fe,Ge,1.0,1.0,2.8907891738180638,-6.36807364,,VASP,B2,2.8907891738180638
vasp-Fe1Hf1,Fe1Hf1,Fe,Hf,1.0,1.0,3.129878758552915,-9.469773605,,VASP,B2,3.129878758552915
vasp-Fe1In1,Fe1In1,Fe,In,1.0,1.0,3.134604290909695,-4.960041095,,VASP,B2,3.134604290909695
vasp-Fe1Ir1,Fe1Ir1,Fe,Ir,1.0,1.0,3.0145947935263857,-8.48933189,,VASP,B2,3.0145947935263857
vasp-Fe1La1,Fe1La1,Fe,La,1.0,1.0,3.5475661212353553,-6.23572552,,VASP,B2,3.5475661212353553
vasp-Fe1Mg1,Fe1Mg1,Fe,Mg,1.0,1.0,3.1530895239067465,-4.515984785,,VASP,B2,3.1530895239067465
vasp-Fe1Mn1,Fe1Mn1,Fe,Mn,1.0,1.0,2.7692548165414053,-8.27595719,,VASP,B2,2.7692548165414053
vasp-Fe1Mo1,Fe1Mo1,Fe,Mo,1.0,1.0,2.9714354000299807,-9.24201254,,VASP,B2,2.9714354000299807
vasp-Fe1Na1,Fe1Na1,Fe,Na,1.0,1.0,3.396067162054985,-3.6595046,,VASP,B2,3.396067162054985
vasp-Fe1Nb1,Fe1Nb1,Fe,Nb,1.0,1.0,3.0612490040823115,-9.14064006,,VASP,B2,3.0612490040823115
vasp-Fe1Ni1,Fe1Ni1,Fe,Ni,1.0,1.0,2.8505825420005118,-6.804666885,,VASP,B2,2.8505825420005118
vasp-Fe1Os1,Fe1Os1,Fe,Os,1.0,1.0,2.96167419803869,-9.51887329,,VASP,B2,2.96167419803869
vasp-Fe1Pb1,Fe1Pb1,Fe,Pb,1.0,1.0,3.3980999500833473,-5.217816185,,VASP,B2,3.3980999500833473
vasp-Fe1Pd1,Fe1Pd1,Fe,Pd,1.0,1.0,3.0476535405568135,-6.707590765,,VASP,B2,3.0476535405568135
vasp-Fe1Pt1,Fe1Pt1,Fe,Pt,1.0,1.0,3.054882371144226,-7.2354368,,VASP,B2,3.054882371144226
vasp-Fe1Re1,Fe1Re1,Fe,Re,1.0,1.0,2.9633,,,VASP,B2,2.9633
vasp-Fe1Rh1,Fe1Rh1,Fe,Rh,1.0,1.0,3.005841945096928,-7.79280411,,VASP,B2,3.005841945096928
vasp-Fe1Ru1,Fe1Ru1,Fe,Ru,1.0,1.0,2.9079196146601527,-8.261340795,,VASP,B2,2.9079196146601527
vasp-Fe1Sb1,Fe1Sb1,Fe,Sb,1.0,1.0,3.176388606456305,-5.8358958,,VASP,B2,3.176388606456305
vasp-Fe1Sc1,Fe1Sc1,Fe,Sc,1.0,1.0,3.1245875812482327,-7.24153745,,VASP,B2,3.1245875812482327
vasp-Fe1Se1,Fe1Se1,Fe,Se,1.0,1.0,3.04652892265295,-5.63765693,,VASP,B2,3.04652892265295
vasp-Fe1Si1,Fe1Si1,Fe,Si,1.0,1.0,2.7621035762711497,-7.33377463,,VASP,B2,2.7621035762711497
vasp-Fe1Sn1,Fe1Sn1,Fe,Sn,1.0,1.0,3.1280482734422,-5.752713655,,VASP,B2,3.1280482734422
vasp-Fe1Sr1,Fe1Sr1,Fe,Sr,1.0,1.0,3.7812733174663338,-4.082153685,,VASP,B2,3.7812733174663338
vasp-Fe1Ta1,Fe1Ta1,Fe,Ta,1.0,1.0,3.0445786645060853,-10.16442516,,VASP,B2,3.0445786645060853
vasp-Fe1Tb1,Fe1Tb1,Fe,Tb,1.0,1.0,3.415364498766344,-6.2108686,,VASP,B2,3.415364498766344
vasp-Fe1Tc1,Fe1Tc1,Fe,Tc,1.0,1.0,2.923788138606337,-8.933521495,,VASP,B2,2.923788138606337
vasp-Fe1Ti1,Fe1Ti1,Fe,Ti,1.0,1.0,2.94893178861729,-8.43046831,,VASP,B2,2.94893178861729
vasp-Fe1V1,Fe1V1,Fe,V,1.0,1.0,2.855314286681354,-8.678387565,,VASP,B2,2.855314286681354
vasp-Fe1W1,Fe1W1,Fe,W,1.0,1.0,2.979886745201757,-10.27493521,,VASP,B2,2.979886745201757
vasp-Fe1Y1,Fe1Y1,Fe,Y,1.0,1.0,3.392675461566603,-7.15052926,,VASP,B2,3.392675461566603
vasp-Fe1Zn1,Fe1Zn1,Fe,Zn,1.0,1.0,2.9124204412869936,-4.561529125,,VASP,B2,2.9124204412869936
vasp-Fe1Zr1,Fe1Zr1,Fe,Zr,1.0,1.0,3.1665133448553635,-8.626400515,,VASP,B2,3.1665133448553635
vasp-Ga1Ag1,Ga1Ag1,Ga,Ag,1.0,1.0,3.3101896015740273,-2.79812808,,VASP,B2,3.3101896015740273
vasp-Ga1Al1,Ga1Al1,Ga,Al,1.0,1.0,3.314784422053444,-3.26992552,,VASP,B2,3.314784422053444
vasp-Ga1As1,Ga1As1,Ga,As,1.0,1.0,3.3954452535075137,-3.572629965,,VASP,B2,3.3954452535075137
vasp-Ga1B1,Ga1B1,Ga,B,1.0,1.0,2.9270368651603853,-3.590649995,,VASP,B2,2.9270368651603853
vasp-Ga1Ca1,Ga1Ca1,Ga,Ca,1.0,1.0,3.674164120586562,-2.839017325,,VASP,B2,3.674164120586562
vasp-Ga1Cd1,Ga1Cd1,Ga,Cd,1.0,1.0,3.499192464476587,-1.73028233,,VASP,B2,3.499192464476587
vasp-Ga1Ce1,Ga1Ce1,Ga,Ce,1.0,1.0,3.6521640372095616,-4.60126581,,VASP,B2,3.6521640372095616
vasp-Ga1Co1,Ga1Co1,Ga,Co,1.0,1.0,2.879225045838968,-5.27911629,,VASP,B2,2.879225045838968
vasp-Ga1Cr1,Ga1Cr1,Ga,Cr,1.0,1.0,2.970013078379417,-5.937277605,,VASP,B2,2.970013078379417
vasp-Ga1Cu1,Ga1Cu1,Ga,Cu,1.0,1.0,3.068021255967941,-3.30926034,,VASP,B2,3.068021255967941
vasp-Ga1Fe1,Ga1Fe1,Ga,Fe,1.0,1.0,2.8895101506928453,-5.64569216,,VASP,B2,2.8895101506928453
vasp-Ga1Ga1,Ga1Ga1,Ga,Ga,1.0,1.0,3.36182010819898,-2.92371321,,VASP,B2,3.36182010819898
vasp-Ga1Gd1,Ga1Gd1,Ga,Gd,1.0,1.0,3.612822000059297,-9.089064895,,VASP,B2,3.612822000059297
vasp-Ga1Ge1,Ga1Ge1,Ga,Ge,1.0,1.0,3.3752985670838442,-3.47796286,,VASP,B2,3.3752985670838442
vasp-Ga1Hf1,Ga1Hf1,Ga,Hf,1.0,1.0,3.329680255352037,-6.697742015,,VASP,B2,3.329680255352037
vasp-Ga1In1,Ga1In1,Ga,In,1.0,1.0,3.5985044114164886,-2.723852915,,VASP,B2,3.5985044114164886
vasp-Ga1La1,Ga1La1,Ga,La,1.0,1.0,3.772602484468801,-4.45889096,,VASP,B2,3.772602484468801
vasp-Ga1Mg1,Ga1Mg1,Ga,Mg,1.0,1.0,3.3989780870809834,-2.32320564,,VASP,B2,3.3989780870809834
vasp-Ga1Mn1,Ga1Mn1,Ga,Mn,1.0,1.0,2.92087168944638,-5.854539255,,VASP,B2,2.92087168944638
vasp-Ga1Mo1,Ga1Mo1,Ga,Mo,1.0,1.0,3.1121966987147083,-6.76130555,,VASP,B2,3.1121966987147083
vasp-Ga1Na1,Ga1Na1,Ga,Na,1.0,1.0,3.587282249228998,-2.057163965,,VASP,B2,3.587282249228998
vasp-Ga1Nb1,Ga1Nb1,Ga,Nb,1.0,1.0,3.2300587590107455,-6.53002888,,VASP,B2,3.2300587590107455
vasp-Ga1Ni1,Ga1Ni1,Ga,Ni,1.0,1.0,2.9167834618556476,-4.5999709,,VASP,B2,2.9167834618556476
vasp-Ga1Pd1,Ga1Pd1,Ga,Pd,1.0,1.0,3.1070794165077977,-4.69518493,,VASP,B2,3.1070794165077977
vasp-Ga1Ru1,Ga1Ru1,Ga,Ru,1.0,1.0,3.023506481449025,-6.394139565,,VASP,B2,3.023506481449025
vasp-Ga1Sb1,Ga1Sb1,Ga,Sb,1.0,1.0,3.6261376608255524,-3.399278325,,VASP,B2,3.6261376608255524
vasp-Ga1Sc1,Ga1Sc1,Ga,Sc,1.0,1.0,3.367796165454443,-5.18498035,,VASP,B2,3.367796165454443
vasp-Ga1Se1,Ga1Se1,Ga,Se,1.0,1.0,3.44407791465371,-3.278307925,,VASP,B2,3.44407791465371
vasp-Ga1Si1,Ga1Si1,Ga,Si,1.0,1.0,3.244190156577429,-3.737070525,,VASP,B2,3.244190156577429
vasp-Ga1Sn1,Ga1Sn1,Ga,Sn,1.0,1.0,3.6164786014145016,-3.265442365,,VASP,B2,3.6164786014145016
vasp-Ga1Sr1,Ga1Sr1,Ga,Sr,1.0,1.0,3.8991526961931036,-2.61642973,,VASP,B2,3.8991526961931036
vasp-Ga1Ta1,Ga1Ta1,Ga,Ta,1.0,1.0,3.219484996110819,-7.246188675,,VASP,B2,3.219484996110819
vasp-Ga1Tc1,Ga1Tc1,Ga,Tc,1.0,1.0,3.058233700204294,-6.66870961,,VASP,B2,3.058233700204294
vasp-Ga1Ti1,Ga1Ti1,Ga,Ti,1.0,1.0,3.170568813853116,-5.659577505,,VASP,B2,3.170568813853116
vasp-Ga1V1,Ga1V1,Ga,V,1.0,1.0,3.0656659135032167,-5.90635369,,VASP,B2,3.0656659135032167
vasp-Ga1W1,Ga1W1,Ga,W,1.0,1.0,3.125926956233739,-7.48825545,,VASP,B2,3.125926956233739
vasp-Ga1Y1,Ga1Y1,Ga,Y,1.0,1.0,3.578993967265798,-5.286342935,,VASP,B2,3.578993967265798
vasp-Ga1Zn1,Ga1Zn1,Ga,Zn,1.0,1.0,3.2655318389892285,-1.918377765,,VASP,B2,3.2655318389892285
vasp-Ga1Zr1,Ga1Zr1,Ga,Zr,1.0,1.0,3.3655010945813895,-6.14982584,,VASP,B2,3.3655010945813895
vasp-Gd1Gd1,Gd1Gd1,Gd,Gd,1.0,1.0,4.10134684124495,-13.65686818,,VASP,B2,4.10134684124495
vasp-Ge1Ag1,Ge1Ag1,Ge,Ag,1.0,1.0,3.355131477149772,-3.39458683,,VASP,B2,3.355131477149772
vasp-Ge1Al1,Ge1Al1,Ge,Al,1.0,1.0,3.314254058428524,-3.91188793,,VASP,B2,3.314254058428524
vasp-Ge1As1,Ge1As1,Ge,As,1.0,1.0,3.3828115656365987,-4.20590641,,VASP,B2,3.3828115656365987
vasp-Ge1Au1,Ge1Au1,Ge,Au,1.0,1.0,3.3496671316140536,-3.742886305,,VASP,B2,3.3496671316140536
vasp-Ge1B1,Ge1B1,Ge,B,1.0,1.0,2.9228258721930445,-4.13865026,,VASP,B2,2.9228258721930445
vasp-Ge1Be1,Ge1Be1,Ge,Be,1.0,1.0,3.02913690247707,-3.56529435,,VASP,B2,3.02913690247707
vasp-Ge1Ca1,Ge1Ca1,Ge,Ca,1.0,1.0,3.668418384606675,-3.728622195,,VASP,B2,3.668418384606675
vasp-Ge1Cd1,Ge1Cd1,Ge,Cd,1.0,1.0,3.5093468247257267,-2.421043765,,VASP,B2,3.5093468247257267
vasp-Ge1Ce1,Ge1Ce1,Ge,Ce,1.0,1.0,3.6334273920001516,-5.788622325,,VASP,B2,3.6334273920001516
vasp-Ge1Co1,Ge1Co1,Ge,Co,1.0,1.0,2.927493725719296,-5.77613456,,VASP,B2,2.927493725719296
vasp-Ge1Cr1,Ge1Cr1,Ge,Cr,1.0,1.0,2.974650526122656,-6.73278741,,VASP,B2,2.974650526122656
vasp-Ge1Cu1,Ge1Cu1,Ge,Cu,1.0,1.0,3.135174506673076,-3.87926095,,VASP,B2,3.135174506673076
vasp-Ge1Dy1,Ge1Dy1,Ge,Dy,1.0,1.0,3.5842344843418887,-5.112511785,,VASP,B2,3.5842344843418887
vasp-Ge1Er1,Ge1Er1,Ge,Er,1.0,1.0,3.5562227717060786,-5.080224185,,VASP,B2,3.5562227717060786
vasp-Ge1Fe1,Ge1Fe1,Ge,Fe,1.0,1.0,2.8907893330503223,-6.36807364,,VASP,B2,2.8907893330503223
vasp-Ge1Ga1,Ge1Ga1,Ge,Ga,1.0,1.0,3.3752985219473453,-3.47796286,,VASP,B2,3.3752985219473453
vasp-Ge1Gd1,Ge1Gd1,Ge,Gd,1.0,1.0,3.6161907457800666,-9.92254875,,VASP,B2,3.6161907457800666
vasp-Ge1Ge1,Ge1Ge1,Ge,Ge,1.0,1.0,3.3764312551115463,-4.16500743,,VASP,B2,3.3764312551115463
vasp-Ge1Hf1,Ge1Hf1,Ge,Hf,1.0,1.0,3.3478801695652045,-7.48635135,,VASP,B2,3.3478801695652045
vasp-Ge1In1,Ge1In1,Ge,In,1.0,1.0,3.5775155798612364,-3.291456085,,VASP,B2,3.5775155798612364
vasp-Ge1Ir1,Ge1Ir1,Ge,Ir,1.0,1.0,3.1043628936227887,-6.61990105,,VASP,B2,3.1043628936227887
vasp-Ge1La1,Ge1La1,Ge,La,1.0,1.0,3.770414491879837,-5.316227365,,VASP,B2,3.770414491879837
vasp-Ge1Mg1,Ge1Mg1,Ge,Mg,1.0,1.0,3.4039473813672205,-3.076793905,,VASP,B2,3.4039473813672205
vasp-Ge1Mn1,Ge1Mn1,Ge,Mn,1.0,1.0,3.1501233861675475,-5.370467255,,VASP,B2,3.1501233861675475
vasp-Ge1Mo1,Ge1Mo1,Ge,Mo,1.0,1.0,3.130220373041202,-7.615377785,,VASP,B2,3.130220373041202
vasp-Ge1Na1,Ge1Na1,Ge,Na,1.0,1.0,3.5231684208333434,-2.771641195,,VASP,B2,3.5231684208333434
vasp-Ge1Nb1,Ge1Nb1,Ge,Nb,1.0,1.0,3.238151197507009,-7.373954545,,VASP,B2,3.238151197507009
vasp-Ge1Ni1,Ge1Ni1,Ge,Ni,1.0,1.0,2.973850095911181,-5.076339465,,VASP,B2,2.973850095911181
vasp-Ge1Os1,Ge1Os1,Ge,Os,1.0,1.0,3.0585529233674027,-7.699862055,,VASP,B2,3.0585529233674027
vasp-Ge1Pb1,Ge1Pb1,Ge,Pb,1.0,1.0,3.718089304716817,-3.769748035,,VASP,B2,3.718089304716817
vasp-Ge1Pd1,Ge1Pd1,Ge,Pd,1.0,1.0,3.1790384717724223,-5.12727936,,VASP,B2,3.1790384717724223
vasp-Ge1Pt1,Ge1Pt1,Ge,Pt,1.0,1.0,3.191885717780703,-5.426701095,,VASP,B2,3.191885717780703
vasp-Ge1Re1,Ge1Re1,Ge,Re,1.0,1.0,3.080864198040988,-8.15575262,,VASP,B2,3.080864198040988
vasp-Ge1Rh1,Ge1Rh1,Ge,Rh,1.0,1.0,3.0785696283680006,-6.175029885,,VASP,B2,3.0785696283680006
vasp-Ge1Ru1,Ge1Ru1,Ge,Ru,1.0,1.0,3.0456147364741515,-7.08044709,,VASP,B2,3.0456147364741515
vasp-Ge1Sb1,Ge1Sb1,Ge,Sb,1.0,1.0,3.591861973537384,-3.994363385,,VASP,B2,3.591861973537384
vasp-Ge1Sc1,Ge1Sc1,Ge,Sc,1.0,1.0,3.396904584562091,-5.911318485,,VASP,B2,3.396904584562091
vasp-Ge1Se1,Ge1Se1,Ge,Se,1.0,1.0,3.4939956035431923,-3.85455796,,VASP,B2,3.4939956035431923
vasp-Ge1Si1,Ge1Si1,Ge,Si,1.0,1.0,3.2555309290500296,-4.45107346,,VASP,B2,3.2555309290500296
vasp-Ge1Sn1,Ge1Sn1,Ge,Sn,1.0,1.0,3.614906874584241,-3.94261877,,VASP,B2,3.614906874584241
vasp-Ge1Sr1,Ge1Sr1,Ge,Sr,1.0,1.0,3.87807530900079,-3.49532211,,VASP,B2,3.87807530900079
vasp-Ge1Ta1,Ge1Ta1,Ge,Ta,1.0,1.0,3.223139909105886,-8.097092145,,VASP,B2,3.223139909105886
vasp-Ge1Tb1,Ge1Tb1,Ge,Tb,1.0,1.0,3.5993877645912136,-5.129407775,,VASP,B2,3.5993877645912136
vasp-Ge1Tc1,Ge1Tc1,Ge,Tc,1.0,1.0,3.068371636808984,-7.481410865,,VASP,B2,3.068371636808984
vasp-Ge1Ti1,Ge1Ti1,Ge,Ti,1.0,1.0,3.1983737728851973,-6.36975174,,VASP,B2,3.1983737728851973
vasp-Ge1V1,Ge1V1,Ge,V,1.0,1.0,3.0618211510464444,-6.65778537,,VASP,B2,3.0618211510464444
vasp-Ge1W1,Ge1W1,Ge,W,1.0,1.0,3.1344338260820335,-8.36730509,,VASP,B2,3.1344338260820335
vasp-Ge1Y1,Ge1Y1,Ge,Y,1.0,1.0,3.5951874516959648,-6.06175462,,VASP,B2,3.5951874516959648
vasp-Ge1Zn1,Ge1Zn1,Ge,Zn,1.0,1.0,3.3024413498320717,-2.612076925,,VASP,B2,3.3024413498320717
vasp-Ge1Zr1,Ge1Zr1,Ge,Zr,1.0,1.0,3.384646212276156,-6.92346531,,VASP,B2,3.384646212276156
vasp-Hf1Ag1,Hf1Ag1,Hf,Ag,1.0,1.0,3.3999679327086607,-6.26144559,,VASP,B2,3.3999679327086607
vasp-Hf1Al1,Hf1Al1,Hf,Al,1.0,1.0,3.3503146472436427,-7.05321035,,VASP,B2,3.3503146472436427
vasp-Hf1As1,Hf1As1,Hf,As,1.0,1.0,3.3256912668580627,-7.98056465,,VASP,B2,3.3256912668580627
vasp-Hf1Au1,Hf1Au1,Hf,Au,1.0,1.0,3.3978347699613507,-7.005462845,,VASP,B2,3.3978347699613507
vasp-Hf1B1,Hf1B1,Hf,B,1.0,1.0,2.987133044607126,-8.180188595,,VASP,B2,2.987133044607126
vasp-Hf1Be1,Hf1Be1,Hf,Be,1.0,1.0,3.12071633448656,-6.927517,,VASP,B2,3.12071633448656
vasp-Hf1Ca1,Hf1Ca1,Hf,Ca,1.0,1.0,3.819631708590878,-5.17776957,,VASP,B2,3.819631708590878
vasp-Hf1Cd1,Hf1Cd1,Hf,Cd,1.0,1.0,3.474779153471805,-5.300480655,,VASP,B2,3.474779153471805
vasp-Hf1Ce1,Hf1Ce1,Hf,Ce,1.0,1.0,3.68746508289424,-7.3372566,,VASP,B2,3.68746508289424
vasp-Hf1Co1,Hf1Co1,Hf,Co,1.0,1.0,3.141432050879025,-8.87988046,,VASP,B2,3.141432050879025
vasp-Hf1Cr1,Hf1Cr1,Hf,Cr,1.0,1.0,3.20428205635042,-9.517716765,,VASP,B2,3.20428205635042
vasp-Hf1Cu1,Hf1Cu1,Hf,Cu,1.0,1.0,3.2359880682309567,-5.19692384,,VASP,B2,3.2359880682309567
vasp-Hf1Dy1,Hf1Dy1,Hf,Dy,1.0,1.0,3.734068492434956,-6.85968208,,VASP,B2,3.734068492434956
vasp-Hf1Er1,Hf1Er1,Hf,Er,1.0,1.0,3.72139016316539,-6.84744147,,VASP,B2,3.72139016316539
vasp-Hf1Fe1,Hf1Fe1,Hf,Fe,1.0,1.0,3.129878669994803,-9.469773605,,VASP,B2,3.129878669994803
vasp-Hf1Ga1,Hf1Ga1,Hf,Ga,1.0,1.0,3.3296802553075513,-6.697742015,,VASP,B2,3.3296802553075513
vasp-Hf1Gd1,Hf1Gd1,Hf,Gd,1.0,1.0,4.085927479326742,-11.498970215,,VASP,B2,4.085927479326742
vasp-Hf1Ge1,Hf1Ge1,Hf,Ge,1.0,1.0,3.347880163364705,-7.48635135,,VASP,B2,3.347880163364705
vasp-Hf1Hf1,Hf1Hf1,Hf,Hf,1.0,1.0,3.5337501628821912,-9.78991756,,VASP,B2,3.5337501628821912
vasp-Hf1In1,Hf1In1,Hf,In,1.0,1.0,3.525607824782806,-6.203638085,,VASP,B2,3.525607824782806
vasp-Hf1Ir1,Hf1Ir1,Hf,Ir,1.0,1.0,3.280964899365974,-10.2759786,,VASP,B2,3.280964899365974
vasp-Hf1La1,Hf1La1,Hf,La,1.0,1.0,3.8272553741704245,-7.04936057,,VASP,B2,3.8272553741704245
vasp-Hf1Mg1,Hf1Mg1,Hf,Mg,1.0,1.0,3.480017523382117,-5.499050725,,VASP,B2,3.480017523382117
vasp-Hf1Mn1,Hf1Mn1,Hf,Mn,1.0,1.0,3.150325655393692,-9.61873098,,VASP,B2,3.150325655393692
vasp-Hf1Mo1,Hf1Mo1,Hf,Mo,1.0,1.0,3.312819662124246,-10.446017985,,VASP,B2,3.312819662124246
vasp-Hf1Na1,Hf1Na1,Hf,Na,1.0,1.0,3.6089116075117027,-4.529908735,,VASP,B2,3.6089116075117027
vasp-Hf1Nb1,Hf1Nb1,Hf,Nb,1.0,1.0,3.4127679306889926,-9.922690935,,VASP,B2,3.4127679306889926
vasp-Hf1Ni1,Hf1Ni1,Hf,Ni,1.0,1.0,3.1671584683820155,-8.1807459,,VASP,B2,3.1671584683820155
vasp-Hf1Os1,Hf1Os1,Hf,Os,1.0,1.0,3.256084183493762,-11.29317872,,VASP,B2,3.256084183493762
vasp-Hf1Pb1,Hf1Pb1,Hf,Pb,1.0,1.0,3.6223392356272544,-6.50105675,,VASP,B2,3.6223392356272544
vasp-Hf1Pd1,Hf1Pd1,Hf,Pd,1.0,1.0,3.3132097162819445,-8.25350859,,VASP,B2,3.3132097162819445
vasp-Hf1Pt1,Hf1Pt1,Hf,Pt,1.0,1.0,3.3269,-8.98178896,,VASP,B2,3.3269
vasp-Hf1Re1,Hf1Re1,Hf,Re,1.0,1.0,3.2761893561057494,-11.481356935,,VASP,B2,3.2761893561057494
vasp-Hf1Rh1,Hf1Rh1,Hf,Rh,1.0,1.0,3.2674449923742452,-9.433359235,,VASP,B2,3.2674449923742452
vasp-Hf1Ru1,Hf1Ru1,Hf,Ru,1.0,1.0,3.2363673896666674,-10.421603515,,VASP,B2,3.2363673896666674
vasp-Hf1Sb1,Hf1Sb1,Hf,Sb,1.0,1.0,3.539990703966251,-7.36584827,,VASP,B2,3.539990703966251
vasp-Hf1Sc1,Hf1Sc1,Hf,Sc,1.0,1.0,3.575977693400316,-7.87446451,,VASP,B2,3.575977693400316
vasp-Hf1Se1,Hf1Se1,Hf,Se,1.0,1.0,3.322566323893467,-7.637356495,,VASP,B2,3.322566323893467
vasp-Hf1Si1,Hf1Si1,Hf,Si,1.0,1.0,3.284301169315935,-7.92670812,,VASP,B2,3.284301169315935
vasp-Hf1Sn1,Hf1Sn1,Hf,Sn,1.0,1.0,3.541568185181695,-6.943102865,,VASP,B2,3.541568185181695
vasp-Hf1Sr1,Hf1Sr1,Hf,Sr,1.0,1.0,3.983827887751637,-4.75828551,,VASP,B2,3.983827887751637
vasp-Hf1Ta1,Hf1Ta1,Hf,Ta,1.0,1.0,3.4122702474820743,-10.72093014,,VASP,B2,3.4122702474820743
vasp-Hf1Tb1,Hf1Tb1,Hf,Tb,1.0,1.0,3.739896181651875,-6.87072933,,VASP,B2,3.739896181651875
vasp-Hf1Tc1,Hf1Tc1,Hf,Tc,1.0,1.0,3.257776391670298,-10.631402195,,VASP,B2,3.257776391670298
vasp-Hf1Ti1,Hf1Ti1,Hf,Ti,1.0,1.0,3.3923399948309103,-8.73336713,,VASP,B2,3.3923399948309103
vasp-Hf1V1,Hf1V1,Hf,V,1.0,1.0,3.2952845804812365,-9.284078155,,VASP,B2,3.2952845804812365
vasp-Hf1W1,Hf1W1,Hf,W,1.0,1.0,3.3277572061725924,-11.30355759,,VASP,B2,3.3277572061725924
vasp-Hf1Y1,Hf1Y1,Hf,Y,1.0,1.0,3.7433247410348915,-7.812009055,,VASP,B2,3.7433247410348915
vasp-Hf1Zn1,Hf1Zn1,Hf,Zn,1.0,1.0,3.293967075755046,-5.7450318,,VASP,B2,3.293967075755046
vasp-Hf1Zr1,Hf1Zr1,Hf,Zr,1.0,1.0,3.5529839585414926,-9.125486775,,VASP,B2,3.5529839585414926
vasp-In1Ag1,In1Ag1,In,Ag,1.0,1.0,3.5128947737211824,-2.62422356,,VASP,B2,3.5128947737211824
vasp-In1Al1,In1Al1,In,Al,1.0,1.0,3.5754288911526104,-2.960461515,,VASP,B2,3.5754288911526104
vasp-In1As1,In1As1,In,As,1.0,1.0,3.594062230545051,-3.396613025,,VASP,B2,3.594062230545051
vasp-In1B1,In1B1,In,B,1.0,1.0,3.207893390154693,-3.215177365,,VASP,B2,3.207893390154693
vasp-In1Ca1,In1Ca1,In,Ca,1.0,1.0,3.875364466260822,-2.68999771,,VASP,B2,3.875364466260822
vasp-In1Cd1,In1Cd1,In,Cd,1.0,1.0,3.701631218665132,-1.59486708,,VASP,B2,3.701631218665132
vasp-In1Ce1,In1Ce1,In,Ce,1.0,1.0,3.8685598394590093,-4.55635517,,VASP,B2,3.8685598394590093
vasp-In1Co1,In1Co1,In,Co,1.0,1.0,3.1268467536760998,-4.653128275,,VASP,B2,3.1268467536760998
vasp-In1Cr1,In1Cr1,In,Cr,1.0,1.0,3.3543010203316017,-5.619104535,,VASP,B2,3.3543010203316017
vasp-In1Cu1,In1Cu1,In,Cu,1.0,1.0,3.305420094664767,-2.99787779,,VASP,B2,3.305420094664767
vasp-In1Fe1,In1Fe1,In,Fe,1.0,1.0,3.1345566609830593,-4.96004124,,VASP,B2,3.1345566609830593
vasp-In1Ga1,In1Ga1,In,Ga,1.0,1.0,3.5985047782190476,-2.72385292,,VASP,B2,3.5985047782190476
vasp-In1Gd1,In1Gd1,In,Gd,1.0,1.0,3.7986641084558963,-8.81375894,,VASP,B2,3.7986641084558963
vasp-In1Ge1,In1Ge1,In,Ge,1.0,1.0,3.577515808295865,-3.29145608,,VASP,B2,3.577515808295865
vasp-In1Hf1,In1Hf1,In,Hf,1.0,1.0,3.5256078277056755,-6.203638085,,VASP,B2,3.5256078277056755
vasp-In1In1,In1In1,In,In,1.0,1.0,3.8098631550687116,-2.572638735,,VASP,B2,3.8098631550687116
vasp-In1La1,In1La1,In,La,1.0,1.0,3.9600253779452332,-4.23981829,,VASP,B2,3.9600253779452332
vasp-In1Mg1,In1Mg1,In,Mg,1.0,1.0,3.6395168588855773,-2.08057181,,VASP,B2,3.6395168588855773
vasp-In1Mn1,In1Mn1,In,Mn,1.0,1.0,3.1614495788987957,-5.15841171,,VASP,B2,3.1614495788987957
vasp-In1Mo1,In1Mo1,In,Mo,1.0,1.0,3.304919601175846,-6.16192461,,VASP,B2,3.304919601175846
vasp-In1Na1,In1Na1,In,Na,1.0,1.0,3.7868867710806353,-2.00612901,,VASP,B2,3.7868867710806353
vasp-In1Nb1,In1Nb1,In,Nb,1.0,1.0,3.413780569945142,-5.99689079,,VASP,B2,3.413780569945142
vasp-In1Ni1,In1Ni1,In,Ni,1.0,1.0,3.1559177199815784,-4.136567545,,VASP,B2,3.1559177199815784
vasp-In1Pd1,In1Pd1,In,Pd,1.0,1.0,3.3014728223988934,-4.43280861,,VASP,B2,3.3014728223988934
vasp-In1Ru1,In1Ru1,In,Ru,1.0,1.0,3.23099220029119,-5.80584979,,VASP,B2,3.23099220029119
vasp-In1Sb1,In1Sb1,In,Sb,1.0,1.0,3.8266719007547207,-3.22146565,,VASP,B2,3.8266719007547207
vasp-In1Sc1,In1Sc1,In,Sc,1.0,1.0,3.5813597837851043,-4.816586435,,VASP,B2,3.5813597837851043
vasp-In1Se1,In1Se1,In,Se,1.0,1.0,3.633315405654936,-3.217350475,,VASP,B2,3.633315405654936
vasp-In1Si1,In1Si1,In,Si,1.0,1.0,3.498065100035243,-3.471524735,,VASP,B2,3.498065100035243
vasp-In1Sn1,In1Sn1,In,Sn,1.0,1.0,3.814498098084363,-3.10294578,,VASP,B2,3.814498098084363
vasp-In1Sr1,In1Sr1,In,Sr,1.0,1.0,4.077985258017825,-2.513906625,,VASP,B2,4.077985258017825
vasp-In1Ta1,In1Ta1,In,Ta,1.0,1.0,3.4028128405853235,-6.621529165,,VASP,B2,3.4028128405853235
vasp-In1Tc1,In1Tc1,In,Tc,1.0,1.0,3.26549498401085,-6.03781578,,VASP,B2,3.26549498401085
vasp-In1Ti1,In1Ti1,In,Ti,1.0,1.0,3.3771272314078504,-5.16705311,,VASP,B2,3.3771272314078504
vasp-In1V1,In1V1,In,V,1.0,1.0,3.349655621248254,-5.370173085,,VASP,B2,3.349655621248254
vasp-In1W1,In1W1,In,W,1.0,1.0,3.3172258652485165,-6.783141085,,VASP,B2,3.3172258652485165
vasp-In1Y1,In1Y1,In,Y,1.0,1.0,3.7727905678924305,-5.001713485,,VASP,B2,3.7727905678924305
vasp-In1Zn1,In1Zn1,In,Zn,1.0,1.0,3.511482811289258,-1.70754044,,VASP,B2,3.511482811289258
vasp-In1Zr1,In1Zr1,In,Zr,1.0,1.0,3.559793036518718,-5.71254526,,VASP,B2,3.559793036518718
vasp-Ir1Ag1,Ir1Ag1,Ir,Ag,1.0,1.0,3.1743041993579886,-5.00251536,,VASP,B2,3.1743041993579886
vasp-Ir1Al1,Ir1Al1,Ir,Al,1.0,1.0,3.0159865377573456,-7.237020655,,VASP,B2,3.0159865377573456
vasp-Ir1Au1,Ir1Au1,Ir,Au,1.0,1.0,3.184637434449682,-5.42666102,,VASP,B2,3.184637434449682
vasp-Ir1Be1,Ir1Be1,Ir,Be,1.0,1.0,2.800334566798439,-6.87475688,,VASP,B2,2.800334566798439
vasp-Ir1Ca1,Ir1Ca1,Ir,Ca,1.0,1.0,3.415832223282653,-5.39889151,,VASP,B2,3.415832223282653
vasp-Ir1Co1,Ir1Co1,Ir,Co,1.0,1.0,2.9552167080558167,-7.688967595,,VASP,B2,2.9552167080558167
vasp-Ir1Cr1,Ir1Cr1,Ir,Cr,1.0,1.0,3.0409347862803804,-9.116825795,,VASP,B2,3.0409347862803804
vasp-Ir1Cu1,Ir1Cu1,Ir,Cu,1.0,1.0,2.977217949749445,-5.99537083,,VASP,B2,2.977217949749445
vasp-Ir1Dy1,Ir1Dy1,Ir,Dy,1.0,1.0,3.4266505785093977,-7.50718081,,VASP,B2,3.4266505785093977
vasp-Ir1Er1,Ir1Er1,Ir,Er,1.0,1.0,3.39551989660989,-7.55255925,,VASP,B2,3.39551989660989
vasp-Ir1Fe1,Ir1Fe1,Ir,Fe,1.0,1.0,3.014589940091719,-8.48933182,,VASP,B2,3.014589940091719
vasp-Ir1Ge1,Ir1Ge1,Ir,Ge,1.0,1.0,3.104362031761813,-6.619901035,,VASP,B2,3.104362031761813
vasp-Ir1Hf1,Ir1Hf1,Ir,Hf,1.0,1.0,3.2809657337830114,-10.2759786,,VASP,B2,3.2809657337830114
vasp-Ir1Ir1,Ir1Ir1,Ir,Ir,1.0,1.0,3.06,,,VASP,B2,3.06
vasp-Ir1La1,Ir1La1,Ir,La,1.0,1.0,3.597291502721321,-7.44238475,,VASP,B2,3.597291502721321
vasp-Ir1Mg1,Ir1Mg1,Ir,Mg,1.0,1.0,3.1168907070757697,-5.43866594,,VASP,B2,3.1168907070757697
vasp-Ir1Mn1,Ir1Mn1,Ir,Mn,1.0,1.0,3.037857896442469,-9.04926981,,VASP,B2,3.037857896442469
vasp-Ir1Mo1,Ir1Mo1,Ir,Mo,1.0,1.0,3.140516705070117,-9.5766841,,VASP,B2,3.140516705070117
vasp-Ir1Nb1,Ir1Nb1,Ir,Nb,1.0,1.0,3.2185238362141138,-9.65209907,,VASP,B2,3.2185238362141138
vasp-Ir1Ni1,Ir1Ni1,Ir,Ni,1.0,1.0,2.9353973163642824,-7.02628171,,VASP,B2,2.9353973163642824
vasp-Ir1Os1,Ir1Os1,Ir,Os,1.0,1.0,3.1073606228354995,-9.24915789,,VASP,B2,3.1073606228354995
vasp-Ir1Pb1,Ir1Pb1,Ir,Pb,1.0,1.0,3.4024417853110367,-5.58508181,,VASP,B2,3.4024417853110367
vasp-Ir1Pd1,Ir1Pd1,Ir,Pd,1.0,1.0,3.1074073240504956,-6.61151297,,VASP,B2,3.1074073240504956
vasp-Ir1Pt1,Ir1Pt1,Ir,Pt,1.0,1.0,3.133845325105167,-7.08105154,,VASP,B2,3.133845325105167
vasp-Ir1Re1,Ir1Re1,Ir,Re,1.0,1.0,3.119686262530811,-10.027380815,,VASP,B2,3.119686262530811
vasp-Ir1Rh1,Ir1Rh1,Ir,Rh,1.0,1.0,3.085902195423951,-7.596876165,,VASP,B2,3.085902195423951
vasp-Ir1Ru1,Ir1Ru1,Ir,Ru,1.0,1.0,3.088531793120019,-8.44278595,,VASP,B2,3.088531793120019
vasp-Ir1Sc1,Ir1Sc1,Ir,Sc,1.0,1.0,3.2308521838396898,-8.568429485,,VASP,B2,3.2308521838396898
vasp-Ir1Si1,Ir1Si1,Ir,Si,1.0,1.0,3.006808432063672,-7.393243475,,VASP,B2,3.006808432063672
vasp-Ir1Sn1,Ir1Sn1,Ir,Sn,1.0,1.0,3.2915466736652577,-6.236991295,,VASP,B2,3.2915466736652577
vasp-Ir1Ta1,Ir1Ta1,Ir,Ta,1.0,1.0,3.212306095486857,-10.61423883,,VASP,B2,3.212306095486857
vasp-Ir1Tb1,Ir1Tb1,Ir,Tb,1.0,1.0,3.443229400784047,-7.484347545,,VASP,B2,3.443229400784047
vasp-Ir1Ti1,Ir1Ti1,Ir,Ti,1.0,1.0,3.120321294368496,-9.098259405,,VASP,B2,3.120321294368496
vasp-Ir1V1,Ir1V1,Ir,V,1.0,1.0,3.0553840720368832,-9.157002385,,VASP,B2,3.0553840720368832
vasp-Ir1W1,Ir1W1,Ir,W,1.0,1.0,3.1547772287707057,-10.51337397,,VASP,B2,3.1547772287707057
vasp-Ir1Y1,Ir1Y1,Ir,Y,1.0,1.0,3.4303201878337153,-8.442226425,,VASP,B2,3.4303201878337153
vasp-Ir1Zn1,Ir1Zn1,Ir,Zn,1.0,1.0,3.035875024494674,-5.08338919,,VASP,B2,3.035875024494674
vasp-Ir1Zr1,Ir1Zr1,Ir,Zr,1.0,1.0,3.3048362938106757,-9.484679395,,VASP,B2,3.3048362938106757
vasp-La1Ag1,La1Ag1,La,Ag,1.0,1.0,3.810218044803915,-4.081755685,,VASP,B2,3.810218044803915
vasp-La1Al1,La1Al1,La,Al,1.0,1.0,3.8020151490809444,-4.67335375,,VASP,B2,3.8020151490809444
vasp-La1As1,La1As1,La,As,1.0,1.0,3.746100942128942,-5.996813175,,VASP,B2,3.746100942128942
vasp-La1Au1,La1Au1,La,Au,1.0,1.0,3.7827325562670167,-4.840911435,,VASP,B2,3.7827325562670167
vasp-La1B1,La1B1,La,B,1.0,1.0,3.4052749874045616,-5.360117035,,VASP,B2,3.4052749874045616
vasp-La1Be1,La1Be1,La,Be,1.0,1.0,3.5982508970550615,-4.088504115,,VASP,B2,3.5982508970550615
vasp-La1Ca1,La1Ca1,La,Ca,1.0,1.0,4.294782566248205,-3.29273815,,VASP,B2,4.294782566248205
vasp-La1Cd1,La1Cd1,La,Cd,1.0,1.0,3.936733675936041,-3.14974942,,VASP,B2,3.936733675936041
vasp-La1Ce1,La1Ce1,La,Ce,1.0,1.0,4.089276290987632,-5.138027495,,VASP,B2,4.089276290987632
vasp-La1Co1,La1Co1,La,Co,1.0,1.0,3.489149784228479,-5.915501515,,VASP,B2,3.489149784228479
vasp-La1Cr1,La1Cr1,La,Cr,1.0,1.0,3.7284462569281622,-6.681833815,,VASP,B2,3.7284462569281622
vasp-La1Cu1,La1Cu1,La,Cu,1.0,1.0,3.6548589095629316,-4.456525275,,VASP,B2,3.6548589095629316
vasp-La1Dy1,La1Dy1,La,Dy,1.0,1.0,4.1116243690389505,-4.62781475,,VASP,B2,4.1116243690389505
vasp-La1Er1,La1Er1,La,Er,1.0,1.0,4.093207989483553,-4.61914367,,VASP,B2,4.093207989483553
vasp-La1Fe1,La1Fe1,La,Fe,1.0,1.0,3.54749223158866,-6.23572499,,VASP,B2,3.54749223158866
vasp-La1Ga1,La1Ga1,La,Ga,1.0,1.0,3.772888970734702,-4.458892365,,VASP,B2,3.772888970734702
vasp-La1Gd1,La1Gd1,La,Gd,1.0,1.0,4.131913566528429,-9.354651715,,VASP,B2,4.131913566528429
vasp-La1Ge1,La1Ge1,La,Ge,1.0,1.0,3.770485509911912,-5.31622743,,VASP,B2,3.770485509911912
vasp-La1Hf1,La1Hf1,La,Hf,1.0,1.0,3.826975898379213,-7.049361215,,VASP,B2,3.826975898379213
vasp-La1In1,La1In1,La,In,1.0,1.0,3.9599740776786096,-4.239818405,,VASP,B2,3.9599740776786096
vasp-La1Ir1,La1Ir1,La,Ir,1.0,1.0,3.5972757020616553,-7.442384835,,VASP,B2,3.5972757020616553
vasp-La1La1,La1La1,La,La,1.0,1.0,4.222412788647267,-4.746899015,,VASP,B2,4.222412788647267
vasp-La1Mg1,La1Mg1,La,Mg,1.0,1.0,3.957278956455051,-3.319231195,,VASP,B2,3.957278956455051
vasp-La1Mn1,La1Mn1,La,Mn,1.0,1.0,3.4896612449545934,-6.19589847,,VASP,B2,3.4896612449545934
vasp-La1Mo1,La1Mo1,La,Mo,1.0,1.0,3.6288508844318703,-7.122056545,,VASP,B2,3.6288508844318703
vasp-La1Na1,La1Na1,La,Na,1.0,1.0,4.173783272782133,-2.750708335,,VASP,B2,4.173783272782133
vasp-La1Nb1,La1Nb1,La,Nb,1.0,1.0,3.6985947992190416,-6.831578805,,VASP,B2,3.6985947992190416
vasp-La1Ni1,La1Ni1,La,Ni,1.0,1.0,3.5504773640005327,-5.415758735,,VASP,B2,3.5504773640005327
vasp-La1Os1,La1Os1,La,Os,1.0,1.0,3.575623294872212,-7.792730325,,VASP,B2,3.575623294872212
vasp-La1Pb1,La1Pb1,La,Pb,1.0,1.0,4.030937732993824,-4.7352556,,VASP,B2,4.030937732993824
vasp-La1Pd1,La1Pd1,La,Pd,1.0,1.0,3.687279151075084,-5.788021635,,VASP,B2,3.687279151075084
vasp-La1Pt1,La1Pt1,La,Pt,1.0,1.0,3.663297465685351,-6.552172805,,VASP,B2,3.663297465685351
vasp-La1Re1,La1Re1,La,Re,1.0,1.0,3.593499449219856,-7.824045245,,VASP,B2,3.593499449219856
vasp-La1Rh1,La1Rh1,La,Rh,1.0,1.0,3.5963415832174017,-6.695788715,,VASP,B2,3.5963415832174017
vasp-La1Ru1,La1Ru1,La,Ru,1.0,1.0,3.561587704228357,-7.06179923,,VASP,B2,3.561587704228357
vasp-La1Sb1,La1Sb1,La,Sb,1.0,1.0,3.96608978523267,-5.526102515,,VASP,B2,3.96608978523267
vasp-La1Sc1,La1Sc1,La,Sc,1.0,1.0,3.958541867090162,-5.49389501,,VASP,B2,3.958541867090162
vasp-La1Se1,La1Se1,La,Se,1.0,1.0,3.7136351574689415,-5.961894655,,VASP,B2,3.7136351574689415
vasp-La1Si1,La1Si1,La,Si,1.0,1.0,3.718843412117762,-5.567371565,,VASP,B2,3.718843412117762
vasp-La1Sn1,La1Sn1,La,Sn,1.0,1.0,3.9692781747898778,-4.992316655,,VASP,B2,3.9692781747898778
vasp-La1Sr1,La1Sr1,La,Sr,1.0,1.0,4.463134873210822,-3.02412726,,VASP,B2,4.463134873210822
vasp-La1Ta1,La1Ta1,La,Ta,1.0,1.0,3.6939687586041248,-7.53674447,,VASP,B2,3.6939687586041248
vasp-La1Tb1,La1Tb1,La,Tb,1.0,1.0,4.1212,-4.635234355,,VASP,B2,4.1212
vasp-La1Tc1,La1Tc1,La,Tc,1.0,1.0,3.5577473227322325,-7.165739885,,VASP,B2,3.5577473227322325
vasp-La1Ti1,La1Ti1,La,Ti,1.0,1.0,3.7122752291962815,-5.95622313,,VASP,B2,3.7122752291962815
vasp-La1V1,La1V1,La,V,1.0,1.0,3.716021844231988,-6.34459937,,VASP,B2,3.716021844231988
vasp-La1W1,La1W1,La,W,1.0,1.0,3.635147670971233,-7.787893625,,VASP,B2,3.635147670971233
vasp-La1Y1,La1Y1,La,Y,1.0,1.0,4.131735540233016,-5.57763154,,VASP,B2,4.131735540233016
vasp-La1Zn1,La1Zn1,La,Zn,1.0,1.0,3.756253854740351,-3.321785625,,VASP,B2,3.756253854740351
vasp-La1Zr1,La1Zr1,La,Zr,1.0,1.0,3.842871518274941,-6.4105685,,VASP,B2,3.842871518274941
vasp-Mg1Ag1,Mg1Ag1,Mg,Ag,1.0,1.0,3.3322195414480364,-2.406947685,,VASP,B2,3.3322195414480364
vasp-Mg1Al1,Mg1Al1,Mg,Al,1.0,1.0,3.402103614978337,-2.538205045,,VASP,B2,3.402103614978337
vasp-Mg1As1,Mg1As1,Mg,As,1.0,1.0,3.4001552295739783,-3.261358275,,VASP,B2,3.4001552295739783
vasp-Mg1Au1,Mg1Au1,Mg,Au,1.0,1.0,3.302268262958549,-2.9761982,,VASP,B2,3.302268262958549
vasp-Mg1B1,Mg1B1,Mg,B,1.0,1.0,2.907489728417003,-3.28235857,,VASP,B2,2.907489728417003
vasp-Mg1Be1,Mg1Be1,Mg,Be,1.0,1.0,3.0819268767513637,-2.24787916,,VASP,B2,3.0819268767513637
vasp-Mg1Ca1,Mg1Ca1,Mg,Ca,1.0,1.0,3.959727077863476,-1.79738241,,VASP,B2,3.959727077863476
vasp-Mg1Cd1,Mg1Cd1,Mg,Cd,1.0,1.0,3.5199257091285867,-1.23374136,,VASP,B2,3.5199257091285867
vasp-Mg1Ce1,Mg1Ce1,Mg,Ce,1.0,1.0,3.844814185690685,-3.624279095,,VASP,B2,3.844814185690685
vasp-Mg1Co1,Mg1Co1,Mg,Co,1.0,1.0,3.028301574141922,-4.01970064,,VASP,B2,3.028301574141922
vasp-Mg1Cr1,Mg1Cr1,Mg,Cr,1.0,1.0,3.329077182802735,-4.93124129,,VASP,B2,3.329077182802735
vasp-Mg1Cu1,Mg1Cu1,Mg,Cu,1.0,1.0,3.1547275078827313,-2.7541662,,VASP,B2,3.1547275078827313
vasp-Mg1Dy1,Mg1Dy1,Mg,Dy,1.0,1.0,3.78445,-3.102133015,,VASP,B2,3.78445
vasp-Mg1Er1,Mg1Er1,Mg,Er,1.0,1.0,3.7617642463491308,-3.066405275,,VASP,B2,3.7617642463491308
vasp-Mg1Fe1,Mg1Fe1,Mg,Fe,1.0,1.0,3.15308953079524,-4.515984785,,VASP,B2,3.15308953079524
vasp-Mg1Ga1,Mg1Ga1,Mg,Ga,1.0,1.0,3.3989784470644073,-2.32320564,,VASP,B2,3.3989784470644073
vasp-Mg1Gd1,Mg1Gd1,Mg,Gd,1.0,1.0,3.8241452929251363,-7.90630927,,VASP,B2,3.8241452929251363
vasp-Mg1Ge1,Mg1Ge1,Mg,Ge,1.0,1.0,3.403947390667081,-3.076793905,,VASP,B2,3.403947390667081
vasp-Mg1Hf1,Mg1Hf1,Mg,Hf,1.0,1.0,3.480017494150733,-5.499050725,,VASP,B2,3.480017494150733
vasp-Mg1In1,Mg1In1,Mg,In,1.0,1.0,3.6395169058935006,-2.08057181,,VASP,B2,3.6395169058935006
vasp-Mg1Ir1,Mg1Ir1,Mg,Ir,1.0,1.0,3.1167854908464143,-5.43866672,,VASP,B2,3.1167854908464143
vasp-Mg1La1,Mg1La1,Mg,La,1.0,1.0,3.957187052149256,-3.319231285,,VASP,B2,3.957187052149256
vasp-Mg1Mg1,Mg1Mg1,Mg,Mg,1.0,1.0,3.5789432993777983,-1.46554335,,VASP,B2,3.5789432993777983
vasp-Mg1Mn1,Mg1Mn1,Mg,Mn,1.0,1.0,3.2794592420111606,-4.93291011,,VASP,B2,3.2794592420111606
vasp-Mg1Mo1,Mg1Mo1,Mg,Mo,1.0,1.0,3.231233785998711,-5.407383735,,VASP,B2,3.231233785998711
vasp-Mg1Na1,Mg1Na1,Mg,Na,1.0,1.0,3.8498905014322937,-1.26953152,,VASP,B2,3.8498905014322937
vasp-Mg1Nb1,Mg1Nb1,Mg,Nb,1.0,1.0,3.3580019972022277,-5.254887,,VASP,B2,3.3580019972022277
vasp-Mg1Ni1,Mg1Ni1,Mg,Ni,1.0,1.0,3.047715651508936,-3.6612408,,VASP,B2,3.047715651508936
vasp-Mg1Os1,Mg1Os1,Mg,Os,1.0,1.0,3.1262792937994126,-5.81136312,,VASP,B2,3.1262792937994126
vasp-Mg1Pb1,Mg1Pb1,Mg,Pb,1.0,1.0,3.752299470529646,-2.58086545,,VASP,B2,3.752299470529646
vasp-Mg1Pd1,Mg1Pd1,Mg,Pd,1.0,1.0,3.1805601591360038,-4.10403867,,VASP,B2,3.1805601591360038
vasp-Mg1Pt1,Mg1Pt1,Mg,Pt,1.0,1.0,3.1667856448312115,-4.62987144,,VASP,B2,3.1667856448312115
vasp-Mg1Re1,Mg1Re1,Mg,Re,1.0,1.0,3.176464870023642,-6.02464001,,VASP,B2,3.176464870023642
vasp-Mg1Rh1,Mg1Rh1,Mg,Rh,1.0,1.0,3.1185104611400183,-4.82467825,,VASP,B2,3.1185104611400183
vasp-Mg1Ru1,Mg1Ru1,Mg,Ru,1.0,1.0,3.1288529318188854,-5.122494245,,VASP,B2,3.1288529318188854
vasp-Mg1Sb1,Mg1Sb1,Mg,Sb,1.0,1.0,3.648090074789809,-2.91612897,,VASP,B2,3.648090074789809
vasp-Mg1Sc1,Mg1Sc1,Mg,Sc,1.0,1.0,3.5957412602515593,-3.92883618,,VASP,B2,3.5957412602515593
vasp-Mg1Se1,Mg1Se1,Mg,Se,1.0,1.0,3.4507937835450377,-3.171924895,,VASP,B2,3.4507937835450377
vasp-Mg1Si1,Mg1Si1,Mg,Si,1.0,1.0,3.3023649821356895,-3.3168804,,VASP,B2,3.3023649821356895
vasp-Mg1Sn1,Mg1Sn1,Mg,Sn,1.0,1.0,3.6413561546031734,-2.77607655,,VASP,B2,3.6413561546031734
vasp-Mg1Sr1,Mg1Sr1,Mg,Sr,1.0,1.0,4.178488594649878,-1.62012565,,VASP,B2,4.178488594649878
vasp-Mg1Ta1,Mg1Ta1,Mg,Ta,1.0,1.0,3.3360273160993787,-6.000609815,,VASP,B2,3.3360273160993787
vasp-Mg1Tb1,Mg1Tb1,Mg,Tb,1.0,1.0,3.7958409806577835,-3.122782145,,VASP,B2,3.7958409806577835
vasp-Mg1Tc1,Mg1Tc1,Mg,Tc,1.0,1.0,3.1778758025924505,-5.33272723,,VASP,B2,3.1778758025924505
vasp-Mg1Ti1,Mg1Ti1,Mg,Ti,1.0,1.0,3.349843638737192,-4.36685871,,VASP,B2,3.349843638737192
vasp-Mg1V1,Mg1V1,Mg,V,1.0,1.0,3.229814645624414,-4.52794284,,VASP,B2,3.229814645624414
vasp-Mg1W1,Mg1W1,Mg,W,1.0,1.0,3.2219650210667536,-6.19781636,,VASP,B2,3.2219650210667536
vasp-Mg1Y1,Mg1Y1,Mg,Y,1.0,1.0,3.801158311263223,-4.079924095,,VASP,B2,3.801158311263223
vasp-Mg1Zn1,Mg1Zn1,Mg,Zn,1.0,1.0,3.3185278334850805,-1.388671625,,VASP,B2,3.3185278334850805
vasp-Mg1Zr1,Mg1Zr1,Mg,Zr,1.0,1.0,3.523094456226535,-4.92973456,,VASP,B2,3.523094456226535
vasp-Mn1Ag1,Mn1Ag1,Mn,Ag,1.0,1.0,3.2144259527451116,-5.55918447,,VASP,B2,3.2144259527451116
vasp-Mn1Al1,Mn1Al1,Mn,Al,1.0,1.0,2.911647784197188,-6.44761684,,VASP,B2,2.911647784197188
vasp-Mn1As1,Mn1As1,Mn,As,1.0,1.0,2.9330872752427535,-6.755900125,,VASP,B2,2.9330872752427535
vasp-Mn1Au1,Mn1Au1,Mn,Au,1.0,1.0,3.06933588741429,-5.45205326,,VASP,B2,3.06933588741429
vasp-Mn1B1,Mn1B1,Mn,B,1.0,1.0,2.5219034293177027,-7.908134005,,VASP,B2,2.5219034293177027
vasp-Mn1Be1,Mn1Be1,Mn,Be,1.0,1.0,2.7088892004346063,-6.47790323,,VASP,B2,2.7088892004346063
vasp-Mn1Ca1,Mn1Ca1,Mn,Ca,1.0,1.0,3.6889529526193177,-4.92605509,,VASP,B2,3.6889529526193177
vasp-Mn1Cd1,Mn1Cd1,Mn,Cd,1.0,1.0,3.3016842423859143,-4.60225031,,VASP,B2,3.3016842423859143
vasp-Mn1Ce1,Mn1Ce1,Mn,Ce,1.0,1.0,3.3462269924550054,-7.117337545,,VASP,B2,3.3462269924550054
vasp-Mn1Co1,Mn1Co1,Mn,Co,1.0,1.0,2.773600193952028,-7.634983055,,VASP,B2,2.773600193952028
vasp-Mn1Cr1,Mn1Cr1,Mn,Cr,1.0,1.0,2.8073527064766495,-9.17251366,,VASP,B2,2.8073527064766495
vasp-Mn1Cu1,Mn1Cu1,Mn,Cu,1.0,1.0,2.839587868306303,-5.804716105,,VASP,B2,2.839587868306303
vasp-Mn1Dy1,Mn1Dy1,Mn,Dy,1.0,1.0,3.514485562764039,-6.570870355,,VASP,B2,3.514485562764039
vasp-Mn1Er1,Mn1Er1,Mn,Er,1.0,1.0,3.4840007944870113,-6.565954675,,VASP,B2,3.4840007944870113
vasp-Mn1Fe1,Mn1Fe1,Mn,Fe,1.0,1.0,2.7693890154071807,-8.27595556,,VASP,B2,2.7693890154071807
vasp-Mn1Ga1,Mn1Ga1,Mn,Ga,1.0,1.0,2.9208716885407835,-5.854539255,,VASP,B2,2.9208716885407835
vasp-Mn1Gd1,Mn1Gd1,Mn,Gd,1.0,1.0,3.373036966235798,-10.32263102,,VASP,B2,3.373036966235798
vasp-Mn1Ge1,Mn1Ge1,Mn,Ge,1.0,1.0,2.9205260816021097,-6.634373165,,VASP,B2,2.9205260816021097
vasp-Mn1Hf1,Mn1Hf1,Mn,Hf,1.0,1.0,3.150348070256465,-9.618730885,,VASP,B2,3.150348070256465
vasp-Mn1In1,Mn1In1,Mn,In,1.0,1.0,3.1614443950663333,-5.158411725,,VASP,B2,3.1614443950663333
vasp-Mn1Ir1,Mn1Ir1,Mn,Ir,1.0,1.0,2.9571353117288677,-8.589515885,,VASP,B2,2.9571353117288677
vasp-Mn1La1,Mn1La1,Mn,La,1.0,1.0,3.4896426177581747,-6.19590011,,VASP,B2,3.4896426177581747
vasp-Mn1Mg1,Mn1Mg1,Mn,Mg,1.0,1.0,3.279459244546705,-4.93291011,,VASP,B2,3.279459244546705
vasp-Mn1Mn1,Mn1Mn1,Mn,Mn,1.0,1.0,2.788317954161439,-8.85018294,,VASP,B2,2.788317954161439
vasp-Mn1Mo1,Mn1Mo1,Mn,Mo,1.0,1.0,2.9793546333578087,-9.8021739,,VASP,B2,2.9793546333578087
vasp-Mn1Na1,Mn1Na1,Mn,Na,1.0,1.0,3.610032432744495,-4.203365815,,VASP,B2,3.610032432744495
vasp-Mn1Nb1,Mn1Nb1,Mn,Nb,1.0,1.0,3.0634604828558247,-9.661173485,,VASP,B2,3.0634604828558247
vasp-Mn1Ni1,Mn1Ni1,Mn,Ni,1.0,1.0,2.9165531831616947,-7.262975625,,VASP,B2,2.9165531831616947
vasp-Mn1Os1,Mn1Os1,Mn,Os,1.0,1.0,2.9448512737638066,-9.741209345,,VASP,B2,2.9448512737638066
vasp-Mn1Pb1,Mn1Pb1,Mn,Pb,1.0,1.0,3.539301506742872,-5.754115235,,VASP,B2,3.539301506742872
vasp-Mn1Pd1,Mn1Pd1,Mn,Pd,1.0,1.0,3.1187857051029044,-7.30253743,,VASP,B2,3.1187857051029044
vasp-Mn1Pt1,Mn1Pt1,Mn,Pt,1.0,1.0,3.1215335484775957,-7.858694445,,VASP,B2,3.1215335484775957
vasp-Mn1Re1,Mn1Re1,Mn,Re,1.0,1.0,2.9610685053000876,-10.46968671,,VASP,B2,2.9610685053000876
vasp-Mn1Rh1,Mn1Rh1,Mn,Rh,1.0,1.0,2.9438942024228614,-7.73339784,,VASP,B2,2.9438942024228614
vasp-Mn1Ru1,Mn1Ru1,Mn,Ru,1.0,1.0,2.920457303848086,-8.751933585,,VASP,B2,2.920457303848086
vasp-Mn1Sb1,Mn1Sb1,Mn,Sb,1.0,1.0,3.1669734751918983,-6.15388047,,VASP,B2,3.1669734751918983
vasp-Mn1Sc1,Mn1Sc1,Mn,Sc,1.0,1.0,3.236406694344946,-7.53931466,,VASP,B2,3.236406694344946
vasp-Mn1Se1,Mn1Se1,Mn,Se,1.0,1.0,2.9867707638327863,-5.967689065,,VASP,B2,2.9867707638327863
vasp-Mn1Si1,Mn1Si1,Mn,Si,1.0,1.0,2.7988815702720427,-7.536164785,,VASP,B2,2.7988815702720427
vasp-Mn1Sn1,Mn1Sn1,Mn,Sn,1.0,1.0,3.3373337268474166,-6.10544414,,VASP,B2,3.3373337268474166
vasp-Mn1Sr1,Mn1Sr1,Mn,Sr,1.0,1.0,3.925739283828168,-4.670601245,,VASP,B2,3.925739283828168
vasp-Mn1Ta1,Mn1Ta1,Mn,Ta,1.0,1.0,3.050535148893633,-10.687230275,,VASP,B2,3.050535148893633
vasp-Mn1Tb1,Mn1Tb1,Mn,Tb,1.0,1.0,3.5308215500971,-6.575058605,,VASP,B2,3.5308215500971
vasp-Mn1Tc1,Mn1Tc1,Mn,Tc,1.0,1.0,2.9340135239693574,-9.46924128,,VASP,B2,2.9340135239693574
vasp-Mn1Ti1,Mn1Ti1,Mn,Ti,1.0,1.0,2.9688186611850655,-8.625513025,,VASP,B2,2.9688186611850655
vasp-Mn1V1,Mn1V1,Mn,V,1.0,1.0,2.8566878564435276,-9.24365207,,VASP,B2,2.8566878564435276
vasp-Mn1W1,Mn1W1,Mn,W,1.0,1.0,2.986677552852849,-10.85841303,,VASP,B2,2.986677552852849
vasp-Mn1Y1,Mn1Y1,Mn,Y,1.0,1.0,3.5515288049210825,-7.51777027,,VASP,B2,3.5515288049210825
vasp-Mn1Zn1,Mn1Zn1,Mn,Zn,1.0,1.0,2.9046131578919177,-4.62826004,,VASP,B2,2.9046131578919177
vasp-Mn1Zr1,Mn1Zr1,Mn,Zr,1.0,1.0,3.187816678212924,-8.802796525,,VASP,B2,3.187816678212924
vasp-Mo1Ag1,Mo1Ag1,Mo,Ag,1.0,1.0,3.215206448389115,-5.8702555,,VASP,B2,3.215206448389115
vasp-Mo1Al1,Mo1Al1,Mo,Al,1.0,1.0,3.1232236194801866,-7.263802355,,VASP,B2,3.1232236194801866
vasp-Mo1As1,Mo1As1,Mo,As,1.0,1.0,3.118015753620283,-7.867630765,,VASP,B2,3.118015753620283
vasp-Mo1Au1,Mo1Au1,Mo,Au,1.0,1.0,3.2303377764860968,-6.484248665,,VASP,B2,3.2303377764860968
vasp-Mo1B1,Mo1B1,Mo,B,1.0,1.0,2.78030449467434,,,VASP,B2,2.78030449467434
vasp-Mo1Be1,Mo1Be1,Mo,Be,1.0,1.0,2.8860893694759175,-7.131225935,,VASP,B2,2.8860893694759175
vasp-Mo1Ca1,Mo1Ca1,Mo,Ca,1.0,1.0,3.615709742191505,-5.10100517,,VASP,B2,3.615709742191505
vasp-Mo1Cd1,Mo1Cd1,Mo,Cd,1.0,1.0,3.2842577577119973,-5.012500505,,VASP,B2,3.2842577577119973
vasp-Mo1Ce1,Mo1Ce1,Mo,Ce,1.0,1.0,4.0,,,VASP,B2,4.0
vasp-Mo1Co1,Mo1Co1,Mo,Co,1.0,1.0,2.9720801588246974,-8.6578237,,VASP,B2,2.9720801588246974
vasp-Mo1Cr1,Mo1Cr1,Mo,Cr,1.0,1.0,3.0038776861436998,-10.162225605,,VASP,B2,3.0038776861436998
vasp-Mo1Cu1,Mo1Cu1,Mo,Cu,1.0,1.0,3.028712839688291,-6.84257883,,VASP,B2,3.028712839688291
vasp-Mo1Dy1,Mo1Dy1,Mo,Dy,1.0,1.0,3.5008251317828205,-7.094085695,,VASP,B2,3.5008251317828205
vasp-Mo1Er1,Mo1Er1,Mo,Er,1.0,1.0,3.466965751371437,-7.113717775,,VASP,B2,3.466965751371437
vasp-Mo1Fe1,Mo1Fe1,Mo,Fe,1.0,1.0,2.9714051351070365,-9.24201127,,VASP,B2,2.9714051351070365
vasp-Mo1Ga1,Mo1Ga1,Mo,Ga,1.0,1.0,3.1121966987428453,-6.76130555,,VASP,B2,3.1121966987428453
vasp-Mo1Gd1,Mo1Gd1,Mo,Gd,1.0,1.0,3.9704232333994383,-11.261066215,,VASP,B2,3.9704232333994383
vasp-Mo1Ge1,Mo1Ge1,Mo,Ge,1.0,1.0,3.1302203730772344,-7.615377785,,VASP,B2,3.1302203730772344
vasp-Mo1Hf1,Mo1Hf1,Mo,Hf,1.0,1.0,3.3128196621856154,-10.446017985,,VASP,B2,3.3128196621856154
vasp-Mo1In1,Mo1In1,Mo,In,1.0,1.0,3.304919601250882,-6.16192461,,VASP,B2,3.304919601250882
vasp-Mo1Ir1,Mo1Ir1,Mo,Ir,1.0,1.0,3.140517859557632,-9.576684095,,VASP,B2,3.140517859557632
vasp-Mo1La1,Mo1La1,Mo,La,1.0,1.0,3.62883456340459,-7.12205659,,VASP,B2,3.62883456340459
vasp-Mo1Mg1,Mo1Mg1,Mo,Mg,1.0,1.0,3.2312337517750582,-5.407383735,,VASP,B2,3.2312337517750582
vasp-Mo1Mn1,Mo1Mn1,Mo,Mn,1.0,1.0,2.9791853529093415,-9.80217417,,VASP,B2,2.9791853529093415
vasp-Mo1Mo1,Mo1Mo1,Mo,Mo,1.0,1.0,3.1486145265196157,-10.950598585,,VASP,B2,3.1486145265196157
vasp-Mo1Na1,Mo1Na1,Mo,Na,1.0,1.0,3.3377177972384677,-4.191109615,,VASP,B2,3.3377177972384677
vasp-Mo1Nb1,Mo1Nb1,Mo,Nb,1.0,1.0,3.2341865902849047,-10.64664282,,VASP,B2,3.2341865902849047
vasp-Mo1Ni1,Mo1Ni1,Mo,Ni,1.0,1.0,2.9881462674016586,-7.930411765,,VASP,B2,2.9881462674016586
vasp-Mo1Os1,Mo1Os1,Mo,Os,1.0,1.0,3.1255602426508866,-10.70964404,,VASP,B2,3.1255602426508866
vasp-Mo1Pb1,Mo1Pb1,Mo,Pb,1.0,1.0,3.40968135782232,-6.333439405,,VASP,B2,3.40968135782232
vasp-Mo1Pd1,Mo1Pd1,Mo,Pd,1.0,1.0,3.151803336225131,-7.629498015,,VASP,B2,3.151803336225131
vasp-Mo1Pt1,Mo1Pt1,Mo,Pt,1.0,1.0,3.173659242355886,-8.27757741,,VASP,B2,3.173659242355886
vasp-Mo1Re1,Mo1Re1,Mo,Re,1.0,1.0,3.1243,,,VASP,B2,3.1243
vasp-Mo1Rh1,Mo1Rh1,Mo,Rh,1.0,1.0,3.1212809280162523,-8.77423899,,VASP,B2,3.1212809280162523
vasp-Mo1Ru1,Mo1Ru1,Mo,Ru,1.0,1.0,3.0997556563257342,-9.747417715,,VASP,B2,3.0997556563257342
vasp-Mo1Sb1,Mo1Sb1,Mo,Sb,1.0,1.0,3.3156302738264563,-7.29324546,,VASP,B2,3.3156302738264563
vasp-Mo1Sc1,Mo1Sc1,Mo,Sc,1.0,1.0,3.3057298343203048,-8.22559415,,VASP,B2,3.3057298343203048
vasp-Mo1Se1,Mo1Se1,Mo,Se,1.0,1.0,3.146697023804872,-7.14692092,,VASP,B2,3.146697023804872
vasp-Mo1Si1,Mo1Si1,Mo,Si,1.0,1.0,3.0379768784306362,-8.32267931,,VASP,B2,3.0379768784306362
vasp-Mo1Sn1,Mo1Sn1,Mo,Sn,1.0,1.0,3.3124906318369014,-7.01424399,,VASP,B2,3.3124906318369014
vasp-Mo1Sr1,Mo1Sr1,Mo,Sr,1.0,1.0,3.817052489508921,-4.71288303,,VASP,B2,3.817052489508921
vasp-Mo1Ta1,Mo1Ta1,Mo,Ta,1.0,1.0,3.2185843516971504,-11.633590505,,VASP,B2,3.2185843516971504
vasp-Mo1Tb1,Mo1Tb1,Mo,Tb,1.0,1.0,3.5127832369889784,-7.086100725,,VASP,B2,3.5127832369889784
vasp-Mo1Tc1,Mo1Tc1,Mo,Tc,1.0,1.0,3.1115270278943656,-10.55161431,,VASP,B2,3.1115270278943656
vasp-Mo1Ti1,Mo1Ti1,Mo,Ti,1.0,1.0,3.1543447467806445,-9.388481745,,VASP,B2,3.1543447467806445
vasp-Mo1V1,Mo1V1,Mo,V,1.0,1.0,3.0576648307145953,-10.086396135,,VASP,B2,3.0576648307145953
vasp-Mo1W1,Mo1W1,Mo,W,1.0,1.0,3.161951732221086,-11.989443155,,VASP,B2,3.161951732221086
vasp-Mo1Y1,Mo1Y1,Mo,Y,1.0,1.0,3.4939531350519544,-8.03885176,,VASP,B2,3.4939531350519544
vasp-Mo1Zn1,Mo1Zn1,Mo,Zn,1.0,1.0,3.0902379130393443,-5.619128695,,VASP,B2,3.0902379130393443
vasp-Mo1Zr1,Mo1Zr1,Mo,Zr,1.0,1.0,3.335454317182034,-9.676354405,,VASP,B2,3.335454317182034
vasp-Na1Ag1,Na1Ag1,Na,Ag,1.0,1.0,3.5711858868133284,-1.99517953,,VASP,B2,3.5711858868133284
vasp-Na1Al1,Na1Al1,Na,Al,1.0,1.0,3.607334373618228,-2.20516695,,VASP,B2,3.607334373618228
vasp-Na1As1,Na1As1,Na,As,1.0,1.0,3.4676534186984216,-3.15228026,,VASP,B2,3.4676534186984216
vasp-Na1B1,Na1B1,Na,B,1.0,1.0,3.1153352060645267,-2.442669655,,VASP,B2,3.1153352060645267
vasp-Na1Ca1,Na1Ca1,Na,Ca,1.0,1.0,4.265857277652914,-1.547663575,,VASP,B2,4.265857277652914
vasp-Na1Cd1,Na1Cd1,Na,Cd,1.0,1.0,3.734891880258603,-1.123186145,,VASP,B2,3.734891880258603
vasp-Na1Ce1,Na1Ce1,Na,Ce,1.0,1.0,4.096783009164515,-3.0000704,,VASP,B2,4.096783009164515
vasp-Na1Co1,Na1Co1,Na,Co,1.0,1.0,3.2963610051514807,-3.032961215,,VASP,B2,3.2963610051514807
vasp-Na1Cr1,Na1Cr1,Na,Cr,1.0,1.0,3.678140339990494,-4.29311455,,VASP,B2,3.678140339990494
vasp-Na1Cu1,Na1Cu1,Na,Cu,1.0,1.0,3.4176541788994204,-2.13599602,,VASP,B2,3.4176541788994204
vasp-Na1Fe1,Na1Fe1,Na,Fe,1.0,1.0,3.3960675509854203,-3.6595046,,VASP,B2,3.3960675509854203
vasp-Na1Ga1,Na1Ga1,Na,Ga,1.0,1.0,3.587282183428954,-2.057163965,,VASP,B2,3.587282183428954
vasp-Na1Gd1,Na1Gd1,Na,Gd,1.0,1.0,4.0,-7.30867892,,VASP,B2,4.0
vasp-Na1Ge1,Na1Ge1,Na,Ge,1.0,1.0,3.5231684851221408,-2.771641195,,VASP,B2,3.5231684851221408
vasp-Na1Hf1,Na1Hf1,Na,Hf,1.0,1.0,3.6089111077272915,-4.529908735,,VASP,B2,3.6089111077272915
vasp-Na1In1,Na1In1,Na,In,1.0,1.0,3.786886857916179,-2.00612901,,VASP,B2,3.786886857916179
vasp-Na1La1,Na1La1,Na,La,1.0,1.0,4.173910718886438,-2.750708265,,VASP,B2,4.173910718886438
vasp-Na1Mg1,Na1Mg1,Na,Mg,1.0,1.0,3.849890145269076,-1.26953152,,VASP,B2,3.849890145269076
vasp-Na1Mn1,Na1Mn1,Na,Mn,1.0,1.0,3.6100324041146212,-4.203365815,,VASP,B2,3.6100324041146212
vasp-Na1Mo1,Na1Mo1,Na,Mo,1.0,1.0,3.3377177352969625,-4.191109615,,VASP,B2,3.3377177352969625
vasp-Na1Na1,Na1Na1,Na,Na,1.0,1.0,4.200202809652169,-1.29451258,,VASP,B2,4.200202809652169
vasp-Na1Nb1,Na1Nb1,Na,Nb,1.0,1.0,3.4474322625899205,-4.200768065,,VASP,B2,3.4474322625899205
vasp-Na1Ni1,Na1Ni1,Na,Ni,1.0,1.0,3.2758370868836644,-2.628827565,,VASP,B2,3.2758370868836644
vasp-Na1Pd1,Na1Pd1,Na,Pd,1.0,1.0,3.342356726847229,-3.22220054,,VASP,B2,3.342356726847229
vasp-Na1Ru1,Na1Ru1,Na,Ru,1.0,1.0,3.2585670708502095,-3.849908385,,VASP,B2,3.2585670708502095
vasp-Na1Sb1,Na1Sb1,Na,Sb,1.0,1.0,3.73752153577339,-2.978593435,,VASP,B2,3.73752153577339
vasp-Na1Sc1,Na1Sc1,Na,Sc,1.0,1.0,3.8186002400373775,-3.211877455,,VASP,B2,3.8186002400373775
vasp-Na1Se1,Na1Se1,Na,Se,1.0,1.0,3.563752571160345,-2.983941605,,VASP,B2,3.563752571160345
vasp-Na1Si1,Na1Si1,Na,Si,1.0,1.0,3.4361703052996804,-2.8906055,,VASP,B2,3.4361703052996804
vasp-Na1Sn1,Na1Sn1,Na,Sn,1.0,1.0,3.7568452182783676,-2.661787765,,VASP,B2,3.7568452182783676
vasp-Na1Sr1,Na1Sr1,Na,Sr,1.0,1.0,4.490046929354586,-1.45222489,,VASP,B2,4.490046929354586
vasp-Na1Ta1,Na1Ta1,Na,Ta,1.0,1.0,3.4126925637918832,-4.8922967,,VASP,B2,3.4126925637918832
vasp-Na1Tc1,Na1Tc1,Na,Tc,1.0,1.0,3.2529340303986243,-4.025367905,,VASP,B2,3.2529340303986243
vasp-Na1Ti1,Na1Ti1,Na,Ti,1.0,1.0,3.5977169754442717,-3.41393586,,VASP,B2,3.5977169754442717
vasp-Na1V1,Na1V1,Na,V,1.0,1.0,3.6484475004215753,-3.73941582,,VASP,B2,3.6484475004215753
vasp-Na1W1,Na1W1,Na,W,1.0,1.0,3.3070844001375543,-4.8906351,,VASP,B2,3.3070844001375543
vasp-Na1Y1,Na1Y1,Na,Y,1.0,1.0,4.003517518925112,-3.449874085,,VASP,B2,4.003517518925112
vasp-Na1Zn1,Na1Zn1,Na,Zn,1.0,1.0,3.5920579735449856,-1.117884025,,VASP,B2,3.5920579735449856
vasp-Na1Zr1,Na1Zr1,Na,Zr,1.0,1.0,3.6498194473823817,-3.98905385,,VASP,B2,3.6498194473823817
vasp-Nb1Ag1,Nb1Ag1,Nb,Ag,1.0,1.0,3.316428209411754,-5.880335605,,VASP,B2,3.316428209411754
vasp-Nb1Al1,Nb1Al1,Nb,Al,1.0,1.0,3.237584861850108,-6.938725265,,VASP,B2,3.237584861850108
vasp-Nb1As1,Nb1As1,Nb,As,1.0,1.0,3.225650557379929,-7.803152175,,VASP,B2,3.225650557379929
vasp-Nb1Au1,Nb1Au1,Nb,Au,1.0,1.0,3.319251658732613,-6.531450285,,VASP,B2,3.319251658732613
vasp-Nb1B1,Nb1B1,Nb,B,1.0,1.0,2.8863850021227466,-8.198374445,,VASP,B2,2.8863850021227466
vasp-Nb1Be1,Nb1Be1,Nb,Be,1.0,1.0,3.006931100187258,-6.8473394,,VASP,B2,3.006931100187258
vasp-Nb1Ca1,Nb1Ca1,Nb,Ca,1.0,1.0,3.667591140108191,-4.88908182,,VASP,B2,3.667591140108191
vasp-Nb1Cd1,Nb1Cd1,Nb,Cd,1.0,1.0,3.3819090454808824,-4.9930394,,VASP,B2,3.3819090454808824
vasp-Nb1Ce1,Nb1Ce1,Nb,Ce,1.0,1.0,3.578037705657813,-7.584837345,,VASP,B2,3.578037705657813
vasp-Nb1Co1,Nb1Co1,Nb,Co,1.0,1.0,3.0670685282666006,-8.54056701,,VASP,B2,3.0670685282666006
vasp-Nb1Cr1,Nb1Cr1,Nb,Cr,1.0,1.0,3.1019956373953543,-9.751792005,,VASP,B2,3.1019956373953543
vasp-Nb1Cu1,Nb1Cu1,Nb,Cu,1.0,1.0,3.1385603613627833,-6.71096475,,VASP,B2,3.1385603613627833
vasp-Nb1Dy1,Nb1Dy1,Nb,Dy,1.0,1.0,3.5952627976138505,-6.786810165,,VASP,B2,3.5952627976138505
vasp-Nb1Er1,Nb1Er1,Nb,Er,1.0,1.0,3.5757943611262455,-6.79410036,,VASP,B2,3.5757943611262455
vasp-Nb1Fe1,Nb1Fe1,Nb,Fe,1.0,1.0,3.061287054198081,-9.140640435,,VASP,B2,3.061287054198081
vasp-Nb1Ga1,Nb1Ga1,Nb,Ga,1.0,1.0,3.2300587594792103,-6.53002888,,VASP,B2,3.2300587594792103
vasp-Nb1Gd1,Nb1Gd1,Nb,Gd,1.0,1.0,3.5910468738298618,-9.280403335,,VASP,B2,3.5910468738298618
vasp-Nb1Ge1,Nb1Ge1,Nb,Ge,1.0,1.0,3.238146764838613,-7.37395455,,VASP,B2,3.238146764838613
vasp-Nb1Hf1,Nb1Hf1,Nb,Hf,1.0,1.0,3.4127679520584513,-9.922690935,,VASP,B2,3.4127679520584513
vasp-Nb1In1,Nb1In1,Nb,In,1.0,1.0,3.4137805682370335,-5.99689079,,VASP,B2,3.4137805682370335
vasp-Nb1Ir1,Nb1Ir1,Nb,Ir,1.0,1.0,3.2185226685512043,-9.65209908,,VASP,B2,3.2185226685512043
vasp-Nb1La1,Nb1La1,Nb,La,1.0,1.0,3.6986386310242074,-6.8315786,,VASP,B2,3.6986386310242074
vasp-Nb1Mg1,Nb1Mg1,Nb,Mg,1.0,1.0,3.358002026507928,-5.254887,,VASP,B2,3.358002026507928
vasp-Nb1Mn1,Nb1Mn1,Nb,Mn,1.0,1.0,3.0635044257050397,-9.661173275,,VASP,B2,3.0635044257050397
vasp-Nb1Mo1,Nb1Mo1,Nb,Mo,1.0,1.0,3.234182020214276,-10.646642825,,VASP,B2,3.234182020214276
vasp-Nb1Na1,Nb1Na1,Nb,Na,1.0,1.0,3.44742353668399,-4.20076807,,VASP,B2,3.44742353668399
vasp-Nb1Nb1,Nb1Nb1,Nb,Nb,1.0,1.0,3.323661101447982,-10.0880485,,VASP,B2,3.323661101447982
vasp-Nb1Ni1,Nb1Ni1,Nb,Ni,1.0,1.0,3.0880087394794784,-7.81154391,,VASP,B2,3.0880087394794784
vasp-Nb1Os1,Nb1Os1,Nb,Os,1.0,1.0,3.1979234318000254,-10.74154553,,VASP,B2,3.1979234318000254
vasp-Nb1Pb1,Nb1Pb1,Nb,Pb,1.0,1.0,3.4969533377608815,-6.32207613,,VASP,B2,3.4969533377608815
vasp-Nb1Pd1,Nb1Pd1,Nb,Pd,1.0,1.0,3.2414075939251203,-7.6793249,,VASP,B2,3.2414075939251203
vasp-Nb1Pt1,Nb1Pt1,Nb,Pt,1.0,1.0,3.2553220758064434,-8.364631525,,VASP,B2,3.2553220758064434
vasp-Nb1Re1,Nb1Re1,Nb,Re,1.0,1.0,3.2109336264287864,-11.50716706,,VASP,B2,3.2109336264287864
vasp-Nb1Rh1,Nb1Rh1,Nb,Rh,1.0,1.0,3.2015844364456707,-8.839196035,,VASP,B2,3.2015844364456707
vasp-Nb1Ru1,Nb1Ru1,Nb,Ru,1.0,1.0,3.177779858062206,-9.80937112,,VASP,B2,3.177779858062206
vasp-Nb1Sb1,Nb1Sb1,Nb,Sb,1.0,1.0,3.421144868739575,-7.203503835,,VASP,B2,3.421144868739575
vasp-Nb1Sc1,Nb1Sc1,Nb,Sc,1.0,1.0,3.4297137465896412,-7.854688495,,VASP,B2,3.4297137465896412
vasp-Nb1Se1,Nb1Se1,Nb,Se,1.0,1.0,3.244238886725236,-7.16538358,,VASP,B2,3.244238886725236
vasp-Nb1Si1,Nb1Si1,Nb,Si,1.0,1.0,3.1650866365527808,-7.9129012,,VASP,B2,3.1650866365527808
vasp-Nb1Sn1,Nb1Sn1,Nb,Sn,1.0,1.0,3.4221349820025235,-6.809446135,,VASP,B2,3.4221349820025235
vasp-Nb1Sr1,Nb1Sr1,Nb,Sr,1.0,1.0,3.890346461906804,-4.4664587,,VASP,B2,3.890346461906804
vasp-Nb1Ta1,Nb1Ta1,Nb,Ta,1.0,1.0,3.3199346882998686,-10.98450953,,VASP,B2,3.3199346882998686
vasp-Nb1Tb1,Nb1Tb1,Nb,Tb,1.0,1.0,3.6045066181797942,-6.78569414,,VASP,B2,3.6045066181797942
vasp-Nb1Tc1,Nb1Tc1,Nb,Tc,1.0,1.0,3.1869664426865167,-10.563856665,,VASP,B2,3.1869664426865167
vasp-Nb1Ti1,Nb1Ti1,Nb,Ti,1.0,1.0,3.2593053301668538,-8.8740889,,VASP,B2,3.2593053301668538
vasp-Nb1V1,Nb1V1,Nb,V,1.0,1.0,3.1685600028985372,-9.46013992,,VASP,B2,3.1685600028985372
vasp-Nb1W1,Nb1W1,Nb,W,1.0,1.0,3.2393267407302146,-11.60119806,,VASP,B2,3.2393267407302146
vasp-Nb1Y1,Nb1Y1,Nb,Y,1.0,1.0,3.607851620135917,-7.722697235,,VASP,B2,3.607851620135917
vasp-Nb1Zn1,Nb1Zn1,Nb,Zn,1.0,1.0,3.193751790965883,-5.519737715,,VASP,B2,3.193751790965883
vasp-Nb1Zr1,Nb1Zr1,Nb,Zr,1.0,1.0,3.4350249521453926,-9.21221122,,VASP,B2,3.4350249521453926
vasp-Ni1Ag1,Ni1Ag1,Ni,Ag,1.0,1.0,3.0529580660896407,-3.82587506,,VASP,B2,3.0529580660896407
vasp-Ni1Al1,Ni1Al1,Ni,Al,1.0,1.0,2.8941167973920114,-5.286137455,,VASP,B2,2.8941167973920114
vasp-Ni1As1,Ni1As1,Ni,As,1.0,1.0,3.0328380307041725,-5.086373615,,VASP,B2,3.0328380307041725
vasp-Ni1Au1,Ni1Au1,Ni,Au,1.0,1.0,3.056192557936511,-4.246940435,,VASP,B2,3.056192557936511
vasp-Ni1B1,Ni1B1,Ni,B,1.0,1.0,2.5180196301562843,-5.98066374,,VASP,B2,2.5180196301562843
vasp-Ni1Be1,Ni1Be1,Ni,Be,1.0,1.0,2.604194448296858,-5.099941775,,VASP,B2,2.604194448296858
vasp-Ni1Ca1,Ni1Ca1,Ni,Ca,1.0,1.0,3.418507578957023,-3.711697915,,VASP,B2,3.418507578957023
vasp-Ni1Cd1,Ni1Cd1,Ni,Cd,1.0,1.0,3.13275104697267,-3.079581705,,VASP,B2,3.13275104697267
vasp-Ni1Ce1,Ni1Ce1,Ni,Ce,1.0,1.0,3.4093010719457992,-5.95755458,,VASP,B2,3.4093010719457992
vasp-Ni1Co1,Ni1Co1,Ni,Co,1.0,1.0,2.772740877973927,-5.98891284,,VASP,B2,2.772740877973927
vasp-Ni1Cr1,Ni1Cr1,Ni,Cr,1.0,1.0,2.8349171327587097,-7.11130718,,VASP,B2,2.8349171327587097
vasp-Ni1Cu1,Ni1Cu1,Ni,Cu,1.0,1.0,2.8372949304932504,-4.543525105,,VASP,B2,2.8372949304932504
vasp-Ni1Dy1,Ni1Dy1,Ni,Dy,1.0,1.0,3.3622632551496063,-5.41693609,,VASP,B2,3.3622632551496063
vasp-Ni1Er1,Ni1Er1,Ni,Er,1.0,1.0,3.330858355216264,-5.43721169,,VASP,B2,3.330858355216264
vasp-Ni1Fe1,Ni1Fe1,Ni,Fe,1.0,1.0,2.8505825153921176,-6.804666885,,VASP,B2,2.8505825153921176
vasp-Ni1Ga1,Ni1Ga1,Ni,Ga,1.0,1.0,2.916783465397768,-4.5999709,,VASP,B2,2.916783465397768
vasp-Ni1Gd1,Ni1Gd1,Ni,Gd,1.0,1.0,4.05579518246579,-9.325419705,,VASP,B2,4.05579518246579
vasp-Ni1Ge1,Ni1Ge1,Ni,Ge,1.0,1.0,2.9738608056035876,-5.07633946,,VASP,B2,2.9738608056035876
vasp-Ni1Hf1,Ni1Hf1,Ni,Hf,1.0,1.0,3.1673362664408593,-8.18074647,,VASP,B2,3.1673362664408593
vasp-Ni1In1,Ni1In1,Ni,In,1.0,1.0,3.155919258784965,-4.136567575,,VASP,B2,3.155919258784965
vasp-Ni1Ir1,Ni1Ir1,Ni,Ir,1.0,1.0,2.9353995890129783,-7.026281885,,VASP,B2,2.9353995890129783
vasp-Ni1La1,Ni1La1,Ni,La,1.0,1.0,3.550679756727413,-5.41576005,,VASP,B2,3.550679756727413
vasp-Ni1Mg1,Ni1Mg1,Ni,Mg,1.0,1.0,3.0477156269966743,-3.6612408,,VASP,B2,3.0477156269966743
vasp-Ni1Mn1,Ni1Mn1,Ni,Mn,1.0,1.0,2.7963907828067116,,,VASP,B2,2.7963907828067116
vasp-Ni1Mo1,Ni1Mo1,Ni,Mo,1.0,1.0,2.988146116524014,-7.930411765,,VASP,B2,2.988146116524014
vasp-Ni1Na1,Ni1Na1,Ni,Na,1.0,1.0,3.2758605955394104,-2.62882629,,VASP,B2,3.2758605955394104
vasp-Ni1Nb1,Ni1Nb1,Ni,Nb,1.0,1.0,3.08738049852368,-7.81154639,,VASP,B2,3.08738049852368
vasp-Ni1Ni1,Ni1Ni1,Ni,Ni,1.0,1.0,2.793804898285423,-5.376695605,,VASP,B2,2.793804898285423
vasp-Ni1Os1,Ni1Os1,Ni,Os,1.0,1.0,2.9269802655746333,-8.022417525,,VASP,B2,2.9269802655746333
vasp-Ni1Pb1,Ni1Pb1,Ni,Pb,1.0,1.0,3.3357171707047533,-4.19468032,,VASP,B2,3.3357171707047533
vasp-Ni1Pd1,Ni1Pd1,Ni,Pd,1.0,1.0,2.9859788171586823,-5.309016065,,VASP,B2,2.9859788171586823
vasp-Ni1Pt1,Ni1Pt1,Ni,Pt,1.0,1.0,2.9812708641543404,-5.795986565,,VASP,B2,2.9812708641543404
vasp-Ni1Re1,Ni1Re1,Ni,Re,1.0,1.0,2.9512111098662794,-8.610506405,,VASP,B2,2.9512111098662794
vasp-Ni1Rh1,Ni1Rh1,Ni,Rh,1.0,1.0,2.9263511295581592,-6.229592745,,VASP,B2,2.9263511295581592
vasp-Ni1Ru1,Ni1Ru1,Ni,Ru,1.0,1.0,2.912732597363098,-7.0891187,,VASP,B2,2.912732597363098
vasp-Ni1Sb1,Ni1Sb1,Ni,Sb,1.0,1.0,3.2686266793075203,-4.694914555,,VASP,B2,3.2686266793075203
vasp-Ni1Sc1,Ni1Sc1,Ni,Sc,1.0,1.0,3.1781001058852336,-6.35916716,,VASP,B2,3.1781001058852336
vasp-Ni1Se1,Ni1Se1,Ni,Se,1.0,1.0,3.077233319521291,-4.365242315,,VASP,B2,3.077233319521291
vasp-Ni1Si1,Ni1Si1,Ni,Si,1.0,1.0,2.843070001811747,-5.75530713,,VASP,B2,2.843070001811747
vasp-Ni1Sn1,Ni1Sn1,Ni,Sn,1.0,1.0,3.208149327902207,-4.663027845,,VASP,B2,3.208149327902207
vasp-Ni1Sr1,Ni1Sr1,Ni,Sr,1.0,1.0,3.628619056684893,-3.388556705,,VASP,B2,3.628619056684893
vasp-Ni1Ta1,Ni1Ta1,Ni,Ta,1.0,1.0,3.070026371209533,-8.74835776,,VASP,B2,3.070026371209533
vasp-Ni1Tb1,Ni1Tb1,Ni,Tb,1.0,1.0,3.378620690214363,-5.4086317,,VASP,B2,3.378620690214363
vasp-Ni1Tc1,Ni1Tc1,Ni,Tc,1.0,1.0,2.9372766698705775,-7.63284371,,VASP,B2,2.9372766698705775
vasp-Ni1Ti1,Ni1Ti1,Ni,Ti,1.0,1.0,3.003137897128978,-6.982645505,,VASP,B2,3.003137897128978
vasp-Ni1V1,Ni1V1,Ni,V,1.0,1.0,2.8979378880774584,-7.168066425,,VASP,B2,2.8979378880774584
vasp-Ni1W1,Ni1W1,Ni,W,1.0,1.0,2.992334833960519,-8.913236425,,VASP,B2,2.992334833960519
vasp-Ni1Y1,Ni1Y1,Ni,Y,1.0,1.0,3.394010780432572,-6.33050381,,VASP,B2,3.394010780432572
vasp-Ni1Zn1,Ni1Zn1,Ni,Zn,1.0,1.0,2.8962459579412956,-3.536745235,,VASP,B2,2.8962459579412956
vasp-Ni1Zr1,Ni1Zr1,Ni,Zr,1.0,1.0,3.207460780061166,-7.40919292,,VASP,B2,3.207460780061166
vasp-Os1Ag1,Os1Ag1,Os,Ag,1.0,1.0,3.1509093906954546,-5.76382158,,VASP,B2,3.1509093906954546
vasp-Os1Al1,Os1Al1,Os,Al,1.0,1.0,3.0188917752089797,-7.88948344,,VASP,B2,3.0188917752089797
vasp-Os1Au1,Os1Au1,Os,Au,1.0,1.0,3.1695861095458087,-6.29440313,,VASP,B2,3.1695861095458087
vasp-Os1Be1,Os1Be1,Os,Be,1.0,1.0,2.8055205589544454,-7.523076135,,VASP,B2,2.8055205589544454
vasp-Os1Ca1,Os1Ca1,Os,Ca,1.0,1.0,3.417825828881887,-5.621618305,,VASP,B2,3.417825828881887
vasp-Os1Co1,Os1Co1,Os,Co,1.0,1.0,2.933997515102209,-8.73504998,,VASP,B2,2.933997515102209
vasp-Os1Cr1,Os1Cr1,Os,Cr,1.0,1.0,2.9733731204873335,-10.14060642,,VASP,B2,2.9733731204873335
vasp-Os1Cu1,Os1Cu1,Os,Cu,1.0,1.0,2.9602888356965558,-6.890325085,,VASP,B2,2.9602888356965558
vasp-Os1Dy1,Os1Dy1,Os,Dy,1.0,1.0,3.4094004548787185,-7.92229674,,VASP,B2,3.4094004548787185
vasp-Os1Er1,Os1Er1,Os,Er,1.0,1.0,3.3806036545775373,-7.97120601,,VASP,B2,3.3806036545775373
vasp-Os1Fe1,Os1Fe1,Os,Fe,1.0,1.0,2.9616808037969258,-9.51887328,,VASP,B2,2.9616808037969258
vasp-Os1Ge1,Os1Ge1,Os,Ge,1.0,1.0,3.0585270279551624,-7.69986203,,VASP,B2,3.0585270279551624
vasp-Os1Hf1,Os1Hf1,Os,Hf,1.0,1.0,3.2560848285209434,-11.29317871,,VASP,B2,3.2560848285209434
vasp-Os1Ir1,Os1Ir1,Os,Ir,1.0,1.0,3.1073603206875426,-9.249157895,,VASP,B2,3.1073603206875426
vasp-Os1La1,Os1La1,Os,La,1.0,1.0,3.575629249390975,-7.79273028,,VASP,B2,3.575629249390975
vasp-Os1Mg1,Os1Mg1,Os,Mg,1.0,1.0,3.126293125439124,-5.81136303,,VASP,B2,3.126293125439124
vasp-Os1Mn1,Os1Mn1,Os,Mn,1.0,1.0,2.9454068643813285,-9.741208595,,VASP,B2,2.9454068643813285
vasp-Os1Mo1,Os1Mo1,Os,Mo,1.0,1.0,3.1255217659081813,-10.70964413,,VASP,B2,3.1255217659081813
vasp-Os1Nb1,Os1Nb1,Os,Nb,1.0,1.0,3.1979362863084226,-10.74154551,,VASP,B2,3.1979362863084226
vasp-Os1Ni1,Os1Ni1,Os,Ni,1.0,1.0,2.9269886487062946,-8.022417395,,VASP,B2,2.9269886487062946
vasp-Os1Os1,Os1Os1,Os,Os,1.0,1.0,3.02,,,VASP,B2,3.02
vasp-Os1Pb1,Os1Pb1,Os,Pb,1.0,1.0,3.359051080915058,-6.30368528,,VASP,B2,3.359051080915058
vasp-Os1Pd1,Os1Pd1,Os,Pd,1.0,1.0,3.099062385705548,-7.51405963,,VASP,B2,3.099062385705548
vasp-Os1Pt1,Os1Pt1,Os,Pt,1.0,1.0,3.127414369816873,-8.03714959,,VASP,B2,3.127414369816873
vasp-Os1Re1,Os1Re1,Os,Re,1.0,1.0,3.3132979876969544,-10.667142465,,VASP,B2,3.3132979876969544
vasp-Os1Rh1,Os1Rh1,Os,Rh,1.0,1.0,3.078707337024832,-8.580234835,,VASP,B2,3.078707337024832
vasp-Os1Ru1,Os1Ru1,Os,Ru,1.0,1.0,3.073891437102003,-9.488772715,,VASP,B2,3.073891437102003
vasp-Os1Sc1,Os1Sc1,Os,Sc,1.0,1.0,3.222651633177661,-9.058800705,,VASP,B2,3.222651633177661
vasp-Os1Si1,Os1Si1,Os,Si,1.0,1.0,2.960952190334075,-8.665386365,,VASP,B2,2.960952190334075
vasp-Os1Sn1,Os1Sn1,Os,Sn,1.0,1.0,3.255451328826353,-7.11478129,,VASP,B2,3.255451328826353
vasp-Os1Ta1,Os1Ta1,Os,Ta,1.0,1.0,3.191274626301375,-11.73084573,,VASP,B2,3.191274626301375
vasp-Os1Tb1,Os1Tb1,Os,Tb,1.0,1.0,3.4247690574610368,-7.89778591,,VASP,B2,3.4247690574610368
vasp-Os1Ti1,Os1Ti1,Os,Ti,1.0,1.0,3.096266435705373,-10.23499096,,VASP,B2,3.096266435705373
vasp-Os1V1,Os1V1,Os,V,1.0,1.0,3.022809519659287,-10.350980845,,VASP,B2,3.022809519659287
vasp-Os1W1,Os1W1,Os,W,1.0,1.0,3.1407147366064505,-11.664795925,,VASP,B2,3.1407147366064505
vasp-Os1Y1,Os1Y1,Os,Y,1.0,1.0,3.4146317873344296,-8.84631557,,VASP,B2,3.4146317873344296
vasp-Os1Zn1,Os1Zn1,Os,Zn,1.0,1.0,3.0309216624778483,-5.678897905,,VASP,B2,3.0309216624778483
vasp-Os1Zr1,Os1Zr1,Os,Zr,1.0,1.0,3.283477998133457,-10.447694395,,VASP,B2,3.283477998133457
vasp-Pb1Ag1,Pb1Ag1,Pb,Ag,1.0,1.0,3.6588638975483962,-3.049365675,,VASP,B2,3.6588638975483962
vasp-Pb1Al1,Pb1Al1,Pb,Al,1.0,1.0,3.6982478652429935,-3.368977565,,VASP,B2,3.6982478652429935
vasp-Pb1Au1,Pb1Au1,Pb,Au,1.0,1.0,3.656556527884048,-3.412487195,,VASP,B2,3.656556527884048
vasp-Pb1Be1,Pb1Be1,Pb,Be,1.0,1.0,3.4616606358671653,-2.852282575,,VASP,B2,3.4616606358671653
vasp-Pb1Ca1,Pb1Ca1,Pb,Ca,1.0,1.0,3.954558859092817,-3.26361433,,VASP,B2,3.954558859092817
vasp-Pb1Co1,Pb1Co1,Pb,Co,1.0,1.0,3.30932709825802,-4.708051195,,VASP,B2,3.30932709825802
vasp-Pb1Cr1,Pb1Cr1,Pb,Cr,1.0,1.0,3.5668503388687327,-5.885169905,,VASP,B2,3.5668503388687327
vasp-Pb1Cu1,Pb1Cu1,Pb,Cu,1.0,1.0,3.475735264508874,-3.34662603,,VASP,B2,3.475735264508874
vasp-Pb1Dy1,Pb1Dy1,Pb,Dy,1.0,1.0,3.860264676856458,-4.422534425,,VASP,B2,3.860264676856458
vasp-Pb1Er1,Pb1Er1,Pb,Er,1.0,1.0,3.8393126828377606,-4.36677553,,VASP,B2,3.8393126828377606
vasp-Pb1Fe1,Pb1Fe1,Pb,Fe,1.0,1.0,3.3980836392995757,-5.217816345,,VASP,B2,3.3980836392995757
vasp-Pb1Ge1,Pb1Ge1,Pb,Ge,1.0,1.0,3.7181124044013596,-3.76974785,,VASP,B2,3.7181124044013596
vasp-Pb1Hf1,Pb1Hf1,Pb,Hf,1.0,1.0,3.621371292860127,-6.50105853,,VASP,B2,3.621371292860127
vasp-Pb1Ir1,Pb1Ir1,Pb,Ir,1.0,1.0,3.4024421859225567,-5.58508179,,VASP,B2,3.4024421859225567
vasp-Pb1La1,Pb1La1,Pb,La,1.0,1.0,4.0311658693293895,-4.735255455,,VASP,B2,4.0311658693293895
vasp-Pb1Mg1,Pb1Mg1,Pb,Mg,1.0,1.0,3.7522988427486315,-2.58086545,,VASP,B2,3.7522988427486315
vasp-Pb1Mn1,Pb1Mn1,Pb,Mn,1.0,1.0,3.539313419893117,-5.75411524,,VASP,B2,3.539313419893117
vasp-Pb1Mo1,Pb1Mo1,Pb,Mo,1.0,1.0,3.4096804167702803,-6.333439395,,VASP,B2,3.4096804167702803
vasp-Pb1Nb1,Pb1Nb1,Pb,Nb,1.0,1.0,3.496871753289134,-6.322076305,,VASP,B2,3.496871753289134
vasp-Pb1Ni1,Pb1Ni1,Pb,Ni,1.0,1.0,3.335707128843487,-4.19468027,,VASP,B2,3.335707128843487
vasp-Pb1Os1,Pb1Os1,Pb,Os,1.0,1.0,3.3590483969577423,-6.303685275,,VASP,B2,3.3590483969577423
vasp-Pb1Pb1,Pb1Pb1,Pb,Pb,1.0,1.0,3.94,,,VASP,B2,3.94
vasp-Pb1Pd1,Pb1Pd1,Pb,Pd,1.0,1.0,3.4870279304232232,-4.53700576,,VASP,B2,3.4870279304232232
vasp-Pb1Pt1,Pb1Pt1,Pb,Pt,1.0,1.0,3.5053374711755696,-4.798151035,,VASP,B2,3.5053374711755696
vasp-Pb1Re1,Pb1Re1,Pb,Re,1.0,1.0,3.374865594354823,-6.670801195,,VASP,B2,3.374865594354823
vasp-Pb1Rh1,Pb1Rh1,Pb,Rh,1.0,1.0,3.3822139269222973,-5.276014965,,VASP,B2,3.3822139269222973
vasp-Pb1Ru1,Pb1Ru1,Pb,Ru,1.0,1.0,3.3430032812552883,-5.88167147,,VASP,B2,3.3430032812552883
vasp-Pb1Sc1,Pb1Sc1,Pb,Sc,1.0,1.0,3.691842921793609,-5.15651002,,VASP,B2,3.691842921793609
vasp-Pb1Si1,Pb1Si1,Pb,Si,1.0,1.0,3.634262755367441,-3.90841634,,VASP,B2,3.634262755367441
vasp-Pb1Sn1,Pb1Sn1,Pb,Sn,1.0,1.0,3.912162989607637,-3.62454221,,VASP,B2,3.912162989607637
vasp-Pb1Ta1,Pb1Ta1,Pb,Ta,1.0,1.0,3.490425461000323,-6.904222315,,VASP,B2,3.490425461000323
vasp-Pb1Tb1,Pb1Tb1,Pb,Tb,1.0,1.0,3.8717983852512967,-4.45178215,,VASP,B2,3.8717983852512967
vasp-Pb1Ti1,Pb1Ti1,Pb,Ti,1.0,1.0,3.52495949789936,-5.455522945,,VASP,B2,3.52495949789936
vasp-Pb1V1,Pb1V1,Pb,V,1.0,1.0,3.46105,,,VASP,B2,3.46105
vasp-Pb1W1,Pb1W1,Pb,W,1.0,1.0,3.4159734955149554,-6.913097995,,VASP,B2,3.4159734955149554
vasp-Pb1Y1,Pb1Y1,Pb,Y,1.0,1.0,3.867413105551526,-5.40265219,,VASP,B2,3.867413105551526
vasp-Pb1Zn1,Pb1Zn1,Pb,Zn,1.0,1.0,3.658291203484909,-2.16549285,,VASP,B2,3.658291203484909
vasp-Pb1Zr1,Pb1Zr1,Pb,Zr,1.0,1.0,3.6417247960926282,-6.02487345,,VASP,B2,3.6417247960926282
vasp-Pd1Ag1,Pd1Ag1,Pd,Ag,1.0,1.0,3.214776760720342,-3.99743786,,VASP,B2,3.214776760720342
vasp-Pd1Al1,Pd1Al1,Pd,Al,1.0,1.0,3.078064583732037,-5.37119942,,VASP,B2,3.078064583732037
vasp-Pd1As1,Pd1As1,Pd,As,1.0,1.0,3.2004201574699644,-5.15318498,,VASP,B2,3.2004201574699644
vasp-Pd1Au1,Pd1Au1,Pd,Au,1.0,1.0,3.216947447893119,-4.28936947,,VASP,B2,3.216947447893119
vasp-Pd1B1,Pd1B1,Pd,B,1.0,1.0,2.775033951619041,-5.45724996,,VASP,B2,2.775033951619041
vasp-Pd1Be1,Pd1Be1,Pd,Be,1.0,1.0,2.829151108167457,-5.07031651,,VASP,B2,2.829151108167457
vasp-Pd1Ca1,Pd1Ca1,Pd,Ca,1.0,1.0,3.5198397390323155,-4.27196104,,VASP,B2,3.5198397390323155
vasp-Pd1Cd1,Pd1Cd1,Pd,Cd,1.0,1.0,3.2822796205518405,-3.405415945,,VASP,B2,3.2822796205518405
vasp-Pd1Ce1,Pd1Ce1,Pd,Ce,1.0,1.0,3.5646406099769994,-6.186237585,,VASP,B2,3.5646406099769994
vasp-Pd1Co1,Pd1Co1,Pd,Co,1.0,1.0,2.99793141967183,-5.986676025,,VASP,B2,2.99793141967183
vasp-Pd1Cr1,Pd1Cr1,Pd,Cr,1.0,1.0,3.125235073285757,-7.220882425,,VASP,B2,3.125235073285757
vasp-Pd1Cu1,Pd1Cu1,Pd,Cu,1.0,1.0,3.01579720833049,-4.612707995,,VASP,B2,3.01579720833049
vasp-Pd1Dy1,Pd1Dy1,Pd,Dy,1.0,1.0,3.5088076315257757,-5.76227135,,VASP,B2,3.5088076315257757
vasp-Pd1Er1,Pd1Er1,Pd,Er,1.0,1.0,3.4784431470902684,-5.77547775,,VASP,B2,3.4784431470902684
vasp-Pd1Fe1,Pd1Fe1,Pd,Fe,1.0,1.0,3.0476532324785928,-6.707590765,,VASP,B2,3.0476532324785928
vasp-Pd1Ga1,Pd1Ga1,Pd,Ga,1.0,1.0,3.1070794157432866,-4.69518493,,VASP,B2,3.1070794157432866
vasp-Pd1Gd1,Pd1Gd1,Pd,Gd,1.0,1.0,3.9545570280178586,-9.914214925,,VASP,B2,3.9545570280178586
vasp-Pd1Ge1,Pd1Ge1,Pd,Ge,1.0,1.0,3.179038446256698,-5.12727936,,VASP,B2,3.179038446256698
vasp-Pd1Hf1,Pd1Hf1,Pd,Hf,1.0,1.0,3.3132097168891534,-8.25350859,,VASP,B2,3.3132097168891534
vasp-Pd1In1,Pd1In1,Pd,In,1.0,1.0,3.3014728230251977,-4.43280861,,VASP,B2,3.3014728230251977
vasp-Pd1Ir1,Pd1Ir1,Pd,Ir,1.0,1.0,3.1074073224721506,-6.61151297,,VASP,B2,3.1074073224721506
vasp-Pd1La1,Pd1La1,Pd,La,1.0,1.0,3.6872777107725514,-5.788021635,,VASP,B2,3.6872777107725514
vasp-Pd1Mg1,Pd1Mg1,Pd,Mg,1.0,1.0,3.180560335877734,-4.10403867,,VASP,B2,3.180560335877734
vasp-Pd1Mn1,Pd1Mn1,Pd,Mn,1.0,1.0,3.118785716359911,-7.30253743,,VASP,B2,3.118785716359911
vasp-Pd1Mo1,Pd1Mo1,Pd,Mo,1.0,1.0,3.151780323186766,-7.62949772,,VASP,B2,3.151780323186766
vasp-Pd1Na1,Pd1Na1,Pd,Na,1.0,1.0,3.3423567240727854,-3.22220054,,VASP,B2,3.3423567240727854
vasp-Pd1Nb1,Pd1Nb1,Pd,Nb,1.0,1.0,3.2414075782002905,-7.6793249,,VASP,B2,3.2414075782002905
vasp-Pd1Ni1,Pd1Ni1,Pd,Ni,1.0,1.0,2.9859819296253782,-5.30901608,,VASP,B2,2.9859819296253782
vasp-Pd1Os1,Pd1Os1,Pd,Os,1.0,1.0,3.0990602353969714,-7.514059645,,VASP,B2,3.0990602353969714
vasp-Pd1Pb1,Pd1Pb1,Pd,Pb,1.0,1.0,3.487028567654154,-4.537005765,,VASP,B2,3.487028567654154
vasp-Pd1Pd1,Pd1Pd1,Pd,Pd,1.0,1.0,3.1385909581765414,-5.18887983,,VASP,B2,3.1385909581765414
vasp-Pd1Pt1,Pd1Pt1,Pd,Pt,1.0,1.0,3.1441872455112563,-5.586145625,,VASP,B2,3.1441872455112563
vasp-Pd1Re1,Pd1Re1,Pd,Re,1.0,1.0,3.1202146150444023,-8.115174725,,VASP,B2,3.1202146150444023
vasp-Pd1Rh1,Pd1Rh1,Pd,Rh,1.0,1.0,3.1012673950928136,-5.97343418,,VASP,B2,3.1012673950928136
vasp-Pd1Ru1,Pd1Ru1,Pd,Ru,1.0,1.0,3.0854729476711538,-6.726804135,,VASP,B2,3.0854729476711538
vasp-Pd1Sb1,Pd1Sb1,Pd,Sb,1.0,1.0,3.413173931375847,-4.952017885,,VASP,B2,3.413173931375847
vasp-Pd1Sc1,Pd1Sc1,Pd,Sc,1.0,1.0,3.325427050617524,-6.612721605,,VASP,B2,3.325427050617524
vasp-Pd1Se1,Pd1Se1,Pd,Se,1.0,1.0,3.239116009197808,-4.451083385,,VASP,B2,3.239116009197808
vasp-Pd1Si1,Pd1Si1,Pd,Si,1.0,1.0,3.0509770388720954,-5.62187132,,VASP,B2,3.0509770388720954
vasp-Pd1Sn1,Pd1Sn1,Pd,Sn,1.0,1.0,3.368583537584409,-4.906359395,,VASP,B2,3.368583537584409
vasp-Pd1Sr1,Pd1Sr1,Pd,Sr,1.0,1.0,3.7252051356332627,-3.984290195,,VASP,B2,3.7252051356332627
vasp-Pd1Ta1,Pd1Ta1,Pd,Ta,1.0,1.0,3.221358979240184,-8.56566358,,VASP,B2,3.221358979240184
vasp-Pd1Tb1,Pd1Tb1,Pd,Tb,1.0,1.0,3.524778236138027,-5.75646901,,VASP,B2,3.524778236138027
vasp-Pd1Tc1,Pd1Tc1,Pd,Tc,1.0,1.0,3.105688578815049,-7.268711625,,VASP,B2,3.105688578815049
vasp-Pd1Ti1,Pd1Ti1,Pd,Ti,1.0,1.0,3.1695482661809717,-6.95599046,,VASP,B2,3.1695482661809717
vasp-Pd1V1,Pd1V1,Pd,V,1.0,1.0,3.123142967512074,-7.06441778,,VASP,B2,3.123142967512074
vasp-Pd1W1,Pd1W1,Pd,W,1.0,1.0,3.1531664431994897,-8.53991441,,VASP,B2,3.1531664431994897
vasp-Pd1Y1,Pd1Y1,Pd,Y,1.0,1.0,3.5251561322597285,-6.697669025,,VASP,B2,3.5251561322597285
vasp-Pd1Zn1,Pd1Zn1,Pd,Zn,1.0,1.0,3.07366569404446,-3.71695689,,VASP,B2,3.07366569404446
vasp-Pd1Zr1,Pd1Zr1,Pd,Zr,1.0,1.0,3.3520120445301544,-7.5082091,,VASP,B2,3.3520120445301544
vasp-Pt1Ag1,Pt1Ag1,Pt,Ag,1.0,1.0,3.2145471407941684,-4.232472755,,VASP,B2,3.2145471407941684
vasp-Pt1Al1,Pt1Al1,Pt,Al,1.0,1.0,3.0897736097424304,-5.848447005,,VASP,B2,3.0897736097424304
vasp-Pt1Au1,Pt1Au1,Pt,Au,1.0,1.0,3.2253695438802286,-4.5349994,,VASP,B2,3.2253695438802286
vasp-Pt1Be1,Pt1Be1,Pt,Be,1.0,1.0,2.8453958064015286,-5.672151935,,VASP,B2,2.8453958064015286
vasp-Pt1Ca1,Pt1Ca1,Pt,Ca,1.0,1.0,3.497796364958444,-4.85545471,,VASP,B2,3.497796364958444
vasp-Pt1Co1,Pt1Co1,Pt,Co,1.0,1.0,3.011134958195727,-6.475795045,,VASP,B2,3.011134958195727
vasp-Pt1Cr1,Pt1Cr1,Pt,Cr,1.0,1.0,3.112772697156715,-7.85434323,,VASP,B2,3.112772697156715
vasp-Pt1Cu1,Pt1Cu1,Pt,Cu,1.0,1.0,3.017267616850843,-5.01362066,,VASP,B2,3.017267616850843
vasp-Pt1Dy1,Pt1Dy1,Pt,Dy,1.0,1.0,3.4927540124177656,-6.52390434,,VASP,B2,3.4927540124177656
vasp-Pt1Er1,Pt1Er1,Pt,Er,1.0,1.0,3.4622845158498037,-6.5415217,,VASP,B2,3.4622845158498037
vasp-Pt1Fe1,Pt1Fe1,Pt,Fe,1.0,1.0,3.054833136708039,-7.235436265,,VASP,B2,3.054833136708039
vasp-Pt1Ge1,Pt1Ge1,Pt,Ge,1.0,1.0,3.191892580930933,-5.42670105,,VASP,B2,3.191892580930933
vasp-Pt1Hf1,Pt1Hf1,Pt,Hf,1.0,1.0,3.3269,-8.98178896,,VASP,B2,3.3269
vasp-Pt1Ir1,Pt1Ir1,Pt,Ir,1.0,1.0,3.133844093996731,-7.081051545,,VASP,B2,3.133844093996731
vasp-Pt1La1,Pt1La1,Pt,La,1.0,1.0,3.6632934989299497,-6.552172805,,VASP,B2,3.6632934989299497
vasp-Pt1Mg1,Pt1Mg1,Pt,Mg,1.0,1.0,3.1667682086193962,-4.629871765,,VASP,B2,3.1667682086193962
vasp-Pt1Mn1,Pt1Mn1,Pt,Mn,1.0,1.0,3.1214636995340284,-7.858693825,,VASP,B2,3.1214636995340284
vasp-Pt1Mo1,Pt1Mo1,Pt,Mo,1.0,1.0,3.1736597633423362,-8.277577415,,VASP,B2,3.1736597633423362
vasp-Pt1Nb1,Pt1Nb1,Pt,Nb,1.0,1.0,3.255336137880098,-8.36463148,,VASP,B2,3.255336137880098
vasp-Pt1Ni1,Pt1Ni1,Pt,Ni,1.0,1.0,2.981272106848468,-5.795986535,,VASP,B2,2.981272106848468
vasp-Pt1Os1,Pt1Os1,Pt,Os,1.0,1.0,3.127077190515063,-8.037151945,,VASP,B2,3.127077190515063
vasp-Pt1Pb1,Pt1Pb1,Pt,Pb,1.0,1.0,3.5053367438064273,-4.798151035,,VASP,B2,3.5053367438064273
vasp-Pt1Pd1,Pt1Pd1,Pt,Pd,1.0,1.0,3.144187388821677,-5.586145625,,VASP,B2,3.144187388821677
vasp-Pt1Pt1,Pt1Pt1,Pt,Pt,1.0,1.0,3.12,,,VASP,B2,3.12
vasp-Pt1Re1,Pt1Re1,Pt,Re,1.0,1.0,3.1445393283668084,-8.72172507,,VASP,B2,3.1445393283668084
vasp-Pt1Rh1,Pt1Rh1,Pt,Rh,1.0,1.0,3.116789668795441,-6.473899495,,VASP,B2,3.116789668795441
vasp-Pt1Ru1,Pt1Ru1,Pt,Ru,1.0,1.0,3.11110697454941,-7.25591926,,VASP,B2,3.11110697454941
vasp-Pt1Sc1,Pt1Sc1,Pt,Sc,1.0,1.0,3.3061466354580493,-7.383423385,,VASP,B2,3.3061466354580493
vasp-Pt1Si1,Pt1Si1,Pt,Si,1.0,1.0,3.080407344485718,-5.97543681,,VASP,B2,3.080407344485718
vasp-Pt1Sn1,Pt1Sn1,Pt,Sn,1.0,1.0,3.38138503341513,-5.184058365,,VASP,B2,3.38138503341513
vasp-Pt1Ta1,Pt1Ta1,Pt,Ta,1.0,1.0,3.2464665715916237,-9.25836757,,VASP,B2,3.2464665715916237
vasp-Pt1Tb1,Pt1Tb1,Pt,Tb,1.0,1.0,3.5091328408466556,-6.51533844,,VASP,B2,3.5091328408466556
vasp-Pt1Ti1,Pt1Ti1,Pt,Ti,1.0,1.0,3.1774410992435085,-7.731085615,,VASP,B2,3.1774410992435085
vasp-Pt1V1,Pt1V1,Pt,V,1.0,1.0,3.124789912449958,-7.78308627,,VASP,B2,3.124789912449958
vasp-Pt1W1,Pt1W1,Pt,W,1.0,1.0,3.183009725888951,-9.169626505,,VASP,B2,3.183009725888951
vasp-Pt1Y1,Pt1Y1,Pt,Y,1.0,1.0,3.4983114449738566,-7.46491608,,VASP,B2,3.4983114449738566
vasp-Pt1Zn1,Pt1Zn1,Pt,Zn,1.0,1.0,3.0809680654492335,-4.107555385,,VASP,B2,3.0809680654492335
vasp-Pt1Zr1,Pt1Zr1,Pt,Zr,1.0,1.0,3.353504165068127,-8.233551775,,VASP,B2,3.353504165068127
vasp-Re1Ag1,Re1Ag1,Re,Ag,1.0,1.0,3.1666718690436264,-6.34467246,,VASP,B2,3.1666718690436264
vasp-Re1Al1,Re1Al1,Re,Al,1.0,1.0,3.0625695454880613,-8.06228939,,VASP,B2,3.0625695454880613
vasp-Re1Au1,Re1Au1,Re,Au,1.0,1.0,3.184840646210912,-6.946418205,,VASP,B2,3.184840646210912
vasp-Re1Be1,Re1Be1,Re,Be,1.0,1.0,2.8345888199499147,-7.931848415,,VASP,B2,2.8345888199499147
vasp-Re1Ca1,Re1Ca1,Re,Ca,1.0,1.0,3.49550589883111,-5.708037645,,VASP,B2,3.49550589883111
vasp-Re1Co1,Re1Co1,Re,Co,1.0,1.0,2.9583749250410425,-9.37353856,,VASP,B2,2.9583749250410425
vasp-Re1Cr1,Re1Cr1,Re,Cr,1.0,1.0,2.9880074988028307,-10.903846505,,VASP,B2,2.9880074988028307
vasp-Re1Cu1,Re1Cu1,Re,Cu,1.0,1.0,2.99775,-7.483981985,,VASP,B2,2.99775
vasp-Re1Dy1,Re1Dy1,Re,Dy,1.0,1.0,3.441638502935826,-7.9548843,,VASP,B2,3.441638502935826
vasp-Re1Er1,Re1Er1,Re,Er,1.0,1.0,3.4152514066529505,-7.99869967,,VASP,B2,3.4152514066529505
vasp-Re1Fe1,Re1Fe1,Re,Fe,1.0,1.0,2.9807848042269143,-10.15946884,,VASP,B2,2.9807848042269143
vasp-Re1Ge1,Re1Ge1,Re,Ge,1.0,1.0,3.0804477654016273,-8.15575074,,VASP,B2,3.0804477654016273
vasp-Re1Hf1,Re1Hf1,Re,Hf,1.0,1.0,3.2762944502727316,-11.4813566,,VASP,B2,3.2762944502727316
vasp-Re1Ir1,Re1Ir1,Re,Ir,1.0,1.0,3.120032012951223,-10.027380005,,VASP,B2,3.120032012951223
vasp-Re1La1,Re1La1,Re,La,1.0,1.0,3.5934932441734246,-7.82404528,,VASP,B2,3.5934932441734246
vasp-Re1Mg1,Re1Mg1,Re,Mg,1.0,1.0,3.1764686448202095,-6.024640015,,VASP,B2,3.1764686448202095
vasp-Re1Mn1,Re1Mn1,Re,Mn,1.0,1.0,2.94415,-10.46578498,,VASP,B2,2.94415
vasp-Re1Mo1,Re1Mo1,Re,Mo,1.0,1.0,3.137149828667334,-11.565913575,,VASP,B2,3.137149828667334
vasp-Re1Nb1,Re1Nb1,Re,Nb,1.0,1.0,3.210975279576402,-11.50716701,,VASP,B2,3.210975279576402
vasp-Re1Ni1,Re1Ni1,Re,Ni,1.0,1.0,2.951152940134586,-8.610506405,,VASP,B2,2.951152940134586
vasp-Re1Os1,Re1Os1,Re,Os,1.0,1.0,3.1094420039575215,-11.173288075,,VASP,B2,3.1094420039575215
vasp-Re1Pb1,Re1Pb1,Re,Pb,1.0,1.0,3.37486545636525,-6.670801195,,VASP,B2,3.37486545636525
vasp-Re1Pd1,Re1Pd1,Re,Pd,1.0,1.0,3.1202143764629255,-8.115174725,,VASP,B2,3.1202143764629255
vasp-Re1Pt1,Re1Pt1,Re,Pt,1.0,1.0,3.144450263933849,-8.72172496,,VASP,B2,3.144450263933849
vasp-Re1Re1,Re1Re1,Re,Re,1.0,1.0,3.1,,,VASP,B2,3.1
vasp-Re1Rh1,Re1Rh1,Re,Rh,1.0,1.0,3.095415721175818,-9.286563145,,VASP,B2,3.095415721175818
vasp-Re1Ru1,Re1Ru1,Re,Ru,1.0,1.0,3.0895387598602606,-10.25295378,,VASP,B2,3.0895387598602606
vasp-Re1Sc1,Re1Sc1,Re,Sc,1.0,1.0,3.2578281625242007,-9.131471575,,VASP,B2,3.2578281625242007
vasp-Re1Si1,Re1Si1,Re,Si,1.0,1.0,2.9891480588915247,-9.072936665,,VASP,B2,2.9891480588915247
vasp-Re1Sn1,Re1Sn1,Re,Sn,1.0,1.0,3.2775371718279254,-7.47463914,,VASP,B2,3.2775371718279254
vasp-Re1Ta1,Re1Ta1,Re,Ta,1.0,1.0,3.204105007194827,-12.52834022,,VASP,B2,3.204105007194827
vasp-Re1Tb1,Re1Tb1,Re,Tb,1.0,1.0,3.455521378076997,-7.933365095,,VASP,B2,3.455521378076997
vasp-Re1Ti1,Re1Ti1,Re,Ti,1.0,1.0,3.11789661795807,-10.494234295,,VASP,B2,3.11789661795807
vasp-Re1V1,Re1V1,Re,V,1.0,1.0,3.038791009913931,-11.05244014,,VASP,B2,3.038791009913931
vasp-Re1W1,Re1W1,Re,W,1.0,1.0,3.150191066865695,-12.580974855,,VASP,B2,3.150191066865695
vasp-Re1Y1,Re1Y1,Re,Y,1.0,1.0,3.56325,,,VASP,B2,3.56325
vasp-Re1Zn1,Re1Zn1,Re,Zn,1.0,1.0,3.0467925874569555,-6.16122962,,VASP,B2,3.0467925874569555
vasp-Re1Zr1,Re1Zr1,Re,Zr,1.0,1.0,3.3018349731987438,-10.68259254,,VASP,B2,3.3018349731987438
vasp-Rh1Ag1,Rh1Ag1,Rh,Ag,1.0,1.0,3.179837366294137,-4.53216337,,VASP,B2,3.179837366294137
vasp-Rh1Al1,Rh1Al1,Rh,Al,1.0,1.0,3.001641934102596,-6.579076555,,VASP,B2,3.001641934102596
vasp-Rh1Au1,Rh1Au1,Rh,Au,1.0,1.0,3.1855984441419607,-4.960380985,,VASP,B2,3.1855984441419607
vasp-Rh1Be1,Rh1Be1,Rh,Be,1.0,1.0,2.7806136711002973,-6.11898525,,VASP,B2,2.7806136711002973
vasp-Rh1Ca1,Rh1Ca1,Rh,Ca,1.0,1.0,3.4263242220429615,-4.82803896,,VASP,B2,3.4263242220429615
vasp-Rh1Co1,Rh1Co1,Rh,Co,1.0,1.0,2.9673865980264473,-6.97610021,,VASP,B2,2.9673865980264473
vasp-Rh1Cr1,Rh1Cr1,Rh,Cr,1.0,1.0,3.027757133053409,-8.308270685,,VASP,B2,3.027757133053409
vasp-Rh1Cu1,Rh1Cu1,Rh,Cu,1.0,1.0,2.9725519367503406,-5.344094455,,VASP,B2,2.9725519367503406
vasp-Rh1Dy1,Rh1Dy1,Rh,Dy,1.0,1.0,3.4246111543329762,-6.751302545,,VASP,B2,3.4246111543329762
vasp-Rh1Er1,Rh1Er1,Rh,Er,1.0,1.0,3.3929878351549685,-6.791036505,,VASP,B2,3.3929878351549685
vasp-Rh1Fe1,Rh1Fe1,Rh,Fe,1.0,1.0,3.005842564908248,-7.79280411,,VASP,B2,3.005842564908248
vasp-Rh1Ge1,Rh1Ge1,Rh,Ge,1.0,1.0,3.07851388989015,-6.175029635,,VASP,B2,3.07851388989015
vasp-Rh1Hf1,Rh1Hf1,Rh,Hf,1.0,1.0,3.2674464368522065,-9.433359235,,VASP,B2,3.2674464368522065
vasp-Rh1Ir1,Rh1Ir1,Rh,Ir,1.0,1.0,3.0859252960020243,-7.59687603,,VASP,B2,3.0859252960020243
vasp-Rh1La1,Rh1La1,Rh,La,1.0,1.0,3.5957807292441335,-6.69579125,,VASP,B2,3.5957807292441335
vasp-Rh1Mg1,Rh1Mg1,Rh,Mg,1.0,1.0,3.1185094539576173,-4.82467829,,VASP,B2,3.1185094539576173
vasp-Rh1Mn1,Rh1Mn1,Rh,Mn,1.0,1.0,2.9439072315758663,-7.73339782,,VASP,B2,2.9439072315758663
vasp-Rh1Mo1,Rh1Mo1,Rh,Mo,1.0,1.0,3.121280234962802,-8.774238985,,VASP,B2,3.121280234962802
vasp-Rh1Nb1,Rh1Nb1,Rh,Nb,1.0,1.0,3.2014352346169135,-8.839196085,,VASP,B2,3.2014352346169135
vasp-Rh1Ni1,Rh1Ni1,Rh,Ni,1.0,1.0,2.926352077409595,-6.22959271,,VASP,B2,2.926352077409595
vasp-Rh1Os1,Rh1Os1,Rh,Os,1.0,1.0,3.078710821334116,-8.580234825,,VASP,B2,3.078710821334116
vasp-Rh1Pb1,Rh1Pb1,Rh,Pb,1.0,1.0,3.3822127279961247,-5.276014995,,VASP,B2,3.3822127279961247
vasp-Rh1Pd1,Rh1Pd1,Rh,Pd,1.0,1.0,3.1012673544210485,-5.97343418,,VASP,B2,3.1012673544210485
vasp-Rh1Pt1,Rh1Pt1,Rh,Pt,1.0,1.0,3.1167848485703007,-6.47389951,,VASP,B2,3.1167848485703007
vasp-Rh1Re1,Rh1Re1,Rh,Re,1.0,1.0,3.0951568956381164,-9.286564005,,VASP,B2,3.0951568956381164
vasp-Rh1Rh1,Rh1Rh1,Rh,Rh,1.0,1.0,3.02,,,VASP,B2,3.02
vasp-Rh1Ru1,Rh1Ru1,Rh,Ru,1.0,1.0,3.0640219603808583,-7.72826238,,VASP,B2,3.0640219603808583
vasp-Rh1Sc1,Rh1Sc1,Rh,Sc,1.0,1.0,3.2311552550253677,-7.7523622,,VASP,B2,3.2311552550253677
vasp-Rh1Si1,Rh1Si1,Rh,Si,1.0,1.0,2.9769772566025337,-6.870702825,,VASP,B2,2.9769772566025337
vasp-Rh1Sn1,Rh1Sn1,Rh,Sn,1.0,1.0,3.2700664210444046,-5.85368423,,VASP,B2,3.2700664210444046
vasp-Rh1Ta1,Rh1Ta1,Rh,Ta,1.0,1.0,3.1934078686675202,-9.78805508,,VASP,B2,3.1934078686675202
vasp-Rh1Tb1,Rh1Tb1,Rh,Tb,1.0,1.0,3.4409921380354427,-6.73196445,,VASP,B2,3.4409921380354427
vasp-Rh1Ti1,Rh1Ti1,Rh,Ti,1.0,1.0,3.109212879698485,-8.245824575,,VASP,B2,3.109212879698485
vasp-Rh1V1,Rh1V1,Rh,V,1.0,1.0,3.044350389648272,-8.309203275,,VASP,B2,3.044350389648272
vasp-Rh1W1,Rh1W1,Rh,W,1.0,1.0,3.132465385396907,-9.720926905,,VASP,B2,3.132465385396907
vasp-Rh1Y1,Rh1Y1,Rh,Y,1.0,1.0,3.432231598566324,-7.679573495,,VASP,B2,3.432231598566324
vasp-Rh1Zn1,Rh1Zn1,Rh,Zn,1.0,1.0,3.022198542174334,-4.546992515,,VASP,B2,3.022198542174334
vasp-Rh1Zr1,Rh1Zr1,Rh,Zr,1.0,1.0,3.29435,-8.647623305,,VASP,B2,3.29435
vasp-Ru1Ag1,Ru1Ag1,Ru,Ag,1.0,1.0,3.14856472186772,-5.11390425,,VASP,B2,3.14856472186772
vasp-Ru1Al1,Ru1Al1,Ru,Al,1.0,1.0,3.0053681115348145,-7.134592965,,VASP,B2,3.0053681115348145
vasp-Ru1As1,Ru1As1,Ru,As,1.0,1.0,3.086020180800105,-6.942032465,,VASP,B2,3.086020180800105
vasp-Ru1Au1,Ru1Au1,Ru,Au,1.0,1.0,3.1637304283451964,-5.62261451,,VASP,B2,3.1637304283451964
vasp-Ru1B1,Ru1B1,Ru,B,1.0,1.0,2.691995658081045,-7.938896295,,VASP,B2,2.691995658081045
vasp-Ru1Be1,Ru1Be1,Ru,Be,1.0,1.0,2.7847586095749373,-6.65667051,,VASP,B2,2.7847586095749373
vasp-Ru1Ca1,Ru1Ca1,Ru,Ca,1.0,1.0,3.418193087795908,-4.995024065,,VASP,B2,3.418193087795908
vasp-Ru1Cd1,Ru1Cd1,Ru,Cd,1.0,1.0,3.237315301323735,-4.45494798,,VASP,B2,3.237315301323735
vasp-Ru1Ce1,Ru1Ce1,Ru,Ce,1.0,1.0,3.446168983290251,-7.88075895,,VASP,B2,3.446168983290251
vasp-Ru1Co1,Ru1Co1,Ru,Co,1.0,1.0,2.903230926422415,-7.72579528,,VASP,B2,2.903230926422415
vasp-Ru1Cr1,Ru1Cr1,Ru,Cr,1.0,1.0,2.9500620846983034,-5.218725365,,VASP,B2,2.9500620846983034
vasp-Ru1Cu1,Ru1Cu1,Ru,Cu,1.0,1.0,2.9563429113225412,-6.057138125,,VASP,B2,2.9563429113225412
vasp-Ru1Dy1,Ru1Dy1,Ru,Dy,1.0,1.0,3.3958913768490206,-7.175195415,,VASP,B2,3.3958913768490206
vasp-Ru1Er1,Ru1Er1,Ru,Er,1.0,1.0,3.3684479264249365,-7.214752165,,VASP,B2,3.3684479264249365
vasp-Ru1Fe1,Ru1Fe1,Ru,Fe,1.0,1.0,2.9080971354677994,-8.26133918,,VASP,B2,2.9080971354677994
vasp-Ru1Ga1,Ru1Ga1,Ru,Ga,1.0,1.0,3.0235064646987198,-6.394139565,,VASP,B2,3.0235064646987198
vasp-Ru1Gd1,Ru1Gd1,Ru,Gd,1.0,1.0,3.356498868792531,-10.84857872,,VASP,B2,3.356498868792531
vasp-Ru1Ge1,Ru1Ge1,Ru,Ge,1.0,1.0,3.0456147369891924,-7.08044709,,VASP,B2,3.0456147369891924
vasp-Ru1Hf1,Ru1Hf1,Ru,Hf,1.0,1.0,3.2363673898975325,-10.421603515,,VASP,B2,3.2363673898975325
vasp-Ru1In1,Ru1In1,Ru,In,1.0,1.0,3.230992200551042,-5.80584979,,VASP,B2,3.230992200551042
vasp-Ru1Ir1,Ru1Ir1,Ru,Ir,1.0,1.0,3.0885315015984984,-8.44278596,,VASP,B2,3.0885315015984984
vasp-Ru1La1,Ru1La1,Ru,La,1.0,1.0,3.5612922822492297,-7.061800525,,VASP,B2,3.5612922822492297
vasp-Ru1Mg1,Ru1Mg1,Ru,Mg,1.0,1.0,3.1288529315850364,-5.122494245,,VASP,B2,3.1288529315850364
vasp-Ru1Mn1,Ru1Mn1,Ru,Mn,1.0,1.0,2.920359294250807,-8.75193421,,VASP,B2,2.920359294250807
vasp-Ru1Mo1,Ru1Mo1,Ru,Mo,1.0,1.0,3.09975566435425,-9.747417715,,VASP,B2,3.09975566435425
vasp-Ru1Na1,Ru1Na1,Ru,Na,1.0,1.0,3.2585667798536884,-3.849908385,,VASP,B2,3.2585667798536884
vasp-Ru1Nb1,Ru1Nb1,Ru,Nb,1.0,1.0,3.1777845602647306,-9.80937113,,VASP,B2,3.1777845602647306
vasp-Ru1Ni1,Ru1Ni1,Ru,Ni,1.0,1.0,2.9127419161578407,-7.08911871,,VASP,B2,2.9127419161578407
vasp-Ru1Os1,Ru1Os1,Ru,Os,1.0,1.0,3.0738290461278988,-9.48877324,,VASP,B2,3.0738290461278988
vasp-Ru1Pb1,Ru1Pb1,Ru,Pb,1.0,1.0,3.342388155894462,-5.88167334,,VASP,B2,3.342388155894462
vasp-Ru1Pd1,Ru1Pd1,Ru,Pd,1.0,1.0,3.085472938221743,-6.726804135,,VASP,B2,3.085472938221743
vasp-Ru1Pt1,Ru1Pt1,Ru,Pt,1.0,1.0,3.1109687871731695,-7.255919455,,VASP,B2,3.1109687871731695
vasp-Ru1Re1,Ru1Re1,Ru,Re,1.0,1.0,3.089538259941054,-10.252953785,,VASP,B2,3.089538259941054
vasp-Ru1Rh1,Ru1Rh1,Ru,Rh,1.0,1.0,3.064022029216739,-7.72826238,,VASP,B2,3.064022029216739
vasp-Ru1Ru1,Ru1Ru1,Ru,Ru,1.0,1.0,3.0460307735586727,-8.6260511,,VASP,B2,3.0460307735586727
vasp-Ru1Sb1,Ru1Sb1,Ru,Sb,1.0,1.0,3.2743973428004027,-6.53264416,,VASP,B2,3.2743973428004027
vasp-Ru1Sc1,Ru1Sc1,Ru,Sc,1.0,1.0,3.2161608609442665,-8.196019645,,VASP,B2,3.2161608609442665
vasp-Ru1Se1,Ru1Se1,Ru,Se,1.0,1.0,3.1356527917822525,-6.070481745,,VASP,B2,3.1356527917822525
vasp-Ru1Si1,Ru1Si1,Ru,Si,1.0,1.0,2.930959511073301,-7.94516962,,VASP,B2,2.930959511073301
vasp-Ru1Sn1,Ru1Sn1,Ru,Sn,1.0,1.0,3.225674216500426,-6.604339015,,VASP,B2,3.225674216500426
vasp-Ru1Sr1,Ru1Sr1,Ru,Sr,1.0,1.0,3.604227291677405,-4.542576085,,VASP,B2,3.604227291677405
vasp-Ru1Ta1,Ru1Ta1,Ru,Ta,1.0,1.0,3.1615450188068746,-10.837062735,,VASP,B2,3.1615450188068746
vasp-Ru1Tb1,Ru1Tb1,Ru,Tb,1.0,1.0,3.4105501545582055,-7.155989055,,VASP,B2,3.4105501545582055
vasp-Ru1Tc1,Ru1Tc1,Ru,Tc,1.0,1.0,3.0593710167567636,-9.339609715,,VASP,B2,3.0593710167567636
vasp-Ru1Ti1,Ru1Ti1,Ru,Ti,1.0,1.0,3.069645579933578,-9.236034375,,VASP,B2,3.069645579933578
vasp-Ru1V1,Ru1V1,Ru,V,1.0,1.0,2.993292982080262,-9.30886249,,VASP,B2,2.993292982080262
vasp-Ru1W1,Ru1W1,Ru,W,1.0,1.0,3.1093457263987094,-10.746136135,,VASP,B2,3.1093457263987094
vasp-Ru1Y1,Ru1Y1,Ru,Y,1.0,1.0,3.404689477962357,-8.057735695,,VASP,B2,3.404689477962357
vasp-Ru1Zn1,Ru1Zn1,Ru,Zn,1.0,1.0,3.0199826214320593,-5.02443043,,VASP,B2,3.0199826214320593
vasp-Ru1Zr1,Ru1Zr1,Ru,Zr,1.0,1.0,3.2652137057346877,-9.55433484,,VASP,B2,3.2652137057346877
vasp-Sb1Ag1,Sb1Ag1,Sb,Ag,1.0,1.0,3.573671859326974,-3.234062585,,VASP,B2,3.573671859326974
vasp-Sb1Al1,Sb1Al1,Sb,Al,1.0,1.0,3.564683394222909,-3.659472595,,VASP,B2,3.564683394222909
vasp-Sb1As1,Sb1As1,Sb,As,1.0,1.0,3.560340641008721,-4.072087,,VASP,B2,3.560340641008721
vasp-Sb1B1,Sb1B1,Sb,B,1.0,1.0,3.2048103504279974,-3.90227283,,VASP,B2,3.2048103504279974
vasp-Sb1Ca1,Sb1Ca1,Sb,Ca,1.0,1.0,3.878204646501264,-3.76885284,,VASP,B2,3.878204646501264
vasp-Sb1Cd1,Sb1Cd1,Sb,Cd,1.0,1.0,3.715959493006096,-2.289189005,,VASP,B2,3.715959493006096
vasp-Sb1Ce1,Sb1Ce1,Sb,Ce,1.0,1.0,3.848916276127945,-5.901168145,,VASP,B2,3.848916276127945
vasp-Sb1Co1,Sb1Co1,Sb,Co,1.0,1.0,3.179153500475018,-5.286773285,,VASP,B2,3.179153500475018
vasp-Sb1Cr1,Sb1Cr1,Sb,Cr,1.0,1.0,3.232237268623882,-6.37214118,,VASP,B2,3.232237268623882
vasp-Sb1Cu1,Sb1Cu1,Sb,Cu,1.0,1.0,3.385318871361876,-3.650287295,,VASP,B2,3.385318871361876
vasp-Sb1Fe1,Sb1Fe1,Sb,Fe,1.0,1.0,3.1762930907614306,-5.835896265,,VASP,B2,3.1762930907614306
vasp-Sb1Ga1,Sb1Ga1,Sb,Ga,1.0,1.0,3.6261377627301523,-3.39927833,,VASP,B2,3.6261377627301523
vasp-Sb1Gd1,Sb1Gd1,Sb,Gd,1.0,1.0,4.0,-9.912188565,,VASP,B2,4.0
vasp-Sb1Ge1,Sb1Ge1,Sb,Ge,1.0,1.0,3.59186195844361,-3.99436338,,VASP,B2,3.59186195844361
vasp-Sb1Hf1,Sb1Hf1,Sb,Hf,1.0,1.0,3.539990703990216,-7.36584827,,VASP,B2,3.539990703990216
vasp-Sb1In1,Sb1In1,Sb,In,1.0,1.0,3.826671838569171,-3.22146565,,VASP,B2,3.826671838569171
vasp-Sb1La1,Sb1La1,Sb,La,1.0,1.0,3.9663953430729673,-5.526101655,,VASP,B2,3.9663953430729673
vasp-Sb1Mg1,Sb1Mg1,Sb,Mg,1.0,1.0,3.648088305706982,-2.91612897,,VASP,B2,3.648088305706982
vasp-Sb1Mn1,Sb1Mn1,Sb,Mn,1.0,1.0,3.1669735428275847,-6.15388047,,VASP,B2,3.1669735428275847
vasp-Sb1Mo1,Sb1Mo1,Sb,Mo,1.0,1.0,3.3156299322967744,-7.29324546,,VASP,B2,3.3156299322967744
vasp-Sb1Na1,Sb1Na1,Sb,Na,1.0,1.0,3.737521481330861,-2.97859344,,VASP,B2,3.737521481330861
vasp-Sb1Nb1,Sb1Nb1,Sb,Nb,1.0,1.0,3.4211448281417627,-7.203503835,,VASP,B2,3.4211448281417627
vasp-Sb1Ni1,Sb1Ni1,Sb,Ni,1.0,1.0,3.2686268023401066,-4.694914555,,VASP,B2,3.2686268023401066
vasp-Sb1Pd1,Sb1Pd1,Sb,Pd,1.0,1.0,3.4131739372083225,-4.952017885,,VASP,B2,3.4131739372083225
vasp-Sb1Ru1,Sb1Ru1,Sb,Ru,1.0,1.0,3.2743973432431828,-6.53264416,,VASP,B2,3.2743973432431828
vasp-Sb1Sb1,Sb1Sb1,Sb,Sb,1.0,1.0,3.7827707422673176,-3.89449146,,VASP,B2,3.7827707422673176
vasp-Sb1Sc1,Sb1Sc1,Sb,Sc,1.0,1.0,3.6270312913937888,-5.825546065,,VASP,B2,3.6270312913937888
vasp-Sb1Se1,Sb1Se1,Sb,Se,1.0,1.0,3.6155391471195935,-3.72571223,,VASP,B2,3.6155391471195935
vasp-Sb1Si1,Sb1Si1,Sb,Si,1.0,1.0,3.4698635919581893,-4.22479067,,VASP,B2,3.4698635919581893
vasp-Sb1Sn1,Sb1Sn1,Sb,Sn,1.0,1.0,3.8034630113131764,-3.830418805,,VASP,B2,3.8034630113131764
vasp-Sb1Sr1,Sb1Sr1,Sb,Sr,1.0,1.0,4.062809526154506,-3.656063845,,VASP,B2,4.062809526154506
vasp-Sb1Ta1,Sb1Ta1,Sb,Ta,1.0,1.0,3.407405946575765,-7.853812,,VASP,B2,3.407405946575765
vasp-Sb1Tc1,Sb1Tc1,Sb,Tc,1.0,1.0,3.2611087000588963,-7.101025045,,VASP,B2,3.2611087000588963
vasp-Sb1Ti1,Sb1Ti1,Sb,Ti,1.0,1.0,3.416371791752056,-6.18597471,,VASP,B2,3.416371791752056
vasp-Sb1V1,Sb1V1,Sb,V,1.0,1.0,3.28892616915339,-6.363038055,,VASP,B2,3.28892616915339
vasp-Sb1W1,Sb1W1,Sb,W,1.0,1.0,3.322341338272033,-7.904453425,,VASP,B2,3.322341338272033
vasp-Sb1Y1,Sb1Y1,Sb,Y,1.0,1.0,3.8013611846048487,-6.132686195,,VASP,B2,3.8013611846048487
vasp-Sb1Zn1,Sb1Zn1,Sb,Zn,1.0,1.0,3.5349723791813585,-2.428986645,,VASP,B2,3.5349723791813585
vasp-Sb1Zr1,Sb1Zr1,Sb,Zr,1.0,1.0,3.5639013834458666,-6.873889915,,VASP,B2,3.5639013834458666
vasp-Sc1Ag1,Sc1Ag1,Sc,Ag,1.0,1.0,3.4372979488986344,-4.794347615,,VASP,B2,3.4372979488986344
vasp-Sc1Al1,Sc1Al1,Sc,Al,1.0,1.0,3.3816814210267068,-5.453819915,,VASP,B2,3.3816814210267068
vasp-Sc1As1,Sc1As1,Sc,As,1.0,1.0,3.390014953521978,-6.37674423,,VASP,B2,3.390014953521978
vasp-Sc1Au1,Sc1Au1,Sc,Au,1.0,1.0,3.4062992353290737,-5.547608175,,VASP,B2,3.4062992353290737
vasp-Sc1B1,Sc1B1,Sc,B,1.0,1.0,2.966896957958493,-6.46829854,,VASP,B2,2.966896957958493
vasp-Sc1Be1,Sc1Be1,Sc,Be,1.0,1.0,3.1743199606251395,-5.041763045,,VASP,B2,3.1743199606251395
vasp-Sc1Ca1,Sc1Ca1,Sc,Ca,1.0,1.0,3.973198667414058,-3.787497275,,VASP,B2,3.973198667414058
vasp-Sc1Cd1,Sc1Cd1,Sc,Cd,1.0,1.0,3.53743033242959,-3.822387755,,VASP,B2,3.53743033242959
vasp-Sc1Ce1,Sc1Ce1,Sc,Ce,1.0,1.0,3.8071383608422114,-5.854926325,,VASP,B2,3.8071383608422114
vasp-Sc1Co1,Sc1Co1,Sc,Co,1.0,1.0,3.119207252082881,-7.0391908,,VASP,B2,3.119207252082881
vasp-Sc1Cr1,Sc1Cr1,Sc,Cr,1.0,1.0,3.3158938820170896,-7.58471898,,VASP,B2,3.3158938820170896
vasp-Sc1Cu1,Sc1Cu1,Sc,Cu,1.0,1.0,3.2635934581729025,-5.28289057,,VASP,B2,3.2635934581729025
vasp-Sc1Dy1,Sc1Dy1,Sc,Dy,1.0,1.0,3.819391334798231,-5.306214125,,VASP,B2,3.819391334798231
vasp-Sc1Er1,Sc1Er1,Sc,Er,1.0,1.0,3.803283241038888,-5.272629675,,VASP,B2,3.803283241038888
vasp-Sc1Fe1,Sc1Fe1,Sc,Fe,1.0,1.0,3.1246329081856077,-7.241537415,,VASP,B2,3.1246329081856077
vasp-Sc1Ga1,Sc1Ga1,Sc,Ga,1.0,1.0,3.3677961648855197,-5.18498035,,VASP,B2,3.3677961648855197
vasp-Sc1Gd1,Sc1Gd1,Sc,Gd,1.0,1.0,3.84748059710341,-10.158327205,,VASP,B2,3.84748059710341
vasp-Sc1Ge1,Sc1Ge1,Sc,Ge,1.0,1.0,3.396903475575307,-5.91131849,,VASP,B2,3.396903475575307
vasp-Sc1Hf1,Sc1Hf1,Sc,Hf,1.0,1.0,3.575978043261946,-7.874464505,,VASP,B2,3.575978043261946
vasp-Sc1In1,Sc1In1,Sc,In,1.0,1.0,3.58137363472344,-4.816586385,,VASP,B2,3.58137363472344
vasp-Sc1Ir1,Sc1Ir1,Sc,Ir,1.0,1.0,3.230851694504306,-8.56842949,,VASP,B2,3.230851694504306
vasp-Sc1La1,Sc1La1,Sc,La,1.0,1.0,3.9596009311421367,-5.49389234,,VASP,B2,3.9596009311421367
vasp-Sc1Mg1,Sc1Mg1,Sc,Mg,1.0,1.0,3.595741680884384,-3.92883618,,VASP,B2,3.595741680884384
vasp-Sc1Mn1,Sc1Mn1,Sc,Mn,1.0,1.0,3.2364063498528313,-7.53931466,,VASP,B2,3.2364063498528313
vasp-Sc1Mo1,Sc1Mo1,Sc,Mo,1.0,1.0,3.306191448088211,-8.22559243,,VASP,B2,3.306191448088211
vasp-Sc1Na1,Sc1Na1,Sc,Na,1.0,1.0,3.818599620590897,-3.21187746,,VASP,B2,3.818599620590897
vasp-Sc1Nb1,Sc1Nb1,Sc,Nb,1.0,1.0,3.4297105441298257,-7.854688505,,VASP,B2,3.4297105441298257
vasp-Sc1Ni1,Sc1Ni1,Sc,Ni,1.0,1.0,3.178123491120515,-6.35916718,,VASP,B2,3.178123491120515
vasp-Sc1Os1,Sc1Os1,Sc,Os,1.0,1.0,3.2226326935836673,-9.058800685,,VASP,B2,3.2226326935836673
vasp-Sc1Pb1,Sc1Pb1,Sc,Pb,1.0,1.0,3.691842557121985,-5.15651002,,VASP,B2,3.691842557121985
vasp-Sc1Pd1,Sc1Pd1,Sc,Pd,1.0,1.0,3.3254270950937173,-6.612721605,,VASP,B2,3.3254270950937173
vasp-Sc1Pt1,Sc1Pt1,Sc,Pt,1.0,1.0,3.3061446414987836,-7.383423395,,VASP,B2,3.3061446414987836
vasp-Sc1Re1,Sc1Re1,Sc,Re,1.0,1.0,3.2578379031595524,-9.13147159,,VASP,B2,3.2578379031595524
vasp-Sc1Rh1,Sc1Rh1,Sc,Rh,1.0,1.0,3.2311889022644684,-7.752362075,,VASP,B2,3.2311889022644684
vasp-Sc1Ru1,Sc1Ru1,Sc,Ru,1.0,1.0,3.2161608616015904,-8.196019645,,VASP,B2,3.2161608616015904
vasp-Sc1Sb1,Sc1Sb1,Sc,Sb,1.0,1.0,3.6270331511111364,-5.825546065,,VASP,B2,3.6270331511111364
vasp-Sc1Sc1,Sc1Sc1,Sc,Sc,1.0,1.0,3.6770654486394885,-6.15432198,,VASP,B2,3.6770654486394885
vasp-Sc1Se1,Sc1Se1,Sc,Se,1.0,1.0,3.396383244542045,-6.199872205,,VASP,B2,3.396383244542045
vasp-Sc1Si1,Sc1Si1,Sc,Si,1.0,1.0,3.327831806907282,-6.242715245,,VASP,B2,3.327831806907282
vasp-Sc1Sn1,Sc1Sn1,Sc,Sn,1.0,1.0,3.6191171229648926,-5.469613465,,VASP,B2,3.6191171229648926
vasp-Sc1Sr1,Sc1Sr1,Sc,Sr,1.0,1.0,4.146954593258293,-3.51122186,,VASP,B2,4.146954593258293
vasp-Sc1Ta1,Sc1Ta1,Sc,Ta,1.0,1.0,3.424111063964202,-8.59519452,,VASP,B2,3.424111063964202
vasp-Sc1Tb1,Sc1Tb1,Sc,Tb,1.0,1.0,3.8288271790900645,-5.32584051,,VASP,B2,3.8288271790900645
vasp-Sc1Tc1,Sc1Tc1,Sc,Tc,1.0,1.0,3.2417213832379996,-8.316682285,,VASP,B2,3.2417213832379996
vasp-Sc1Ti1,Sc1Ti1,Sc,Ti,1.0,1.0,3.4617014820923075,-6.757859605,,VASP,B2,3.4617014820923075
vasp-Sc1V1,Sc1V1,Sc,V,1.0,1.0,3.3057655673800683,-7.10354828,,VASP,B2,3.3057655673800683
vasp-Sc1W1,Sc1W1,Sc,W,1.0,1.0,3.310865202060768,-9.000296495,,VASP,B2,3.310865202060768
vasp-Sc1Y1,Sc1Y1,Sc,Y,1.0,1.0,3.8360046013072018,-6.24687332,,VASP,B2,3.8360046013072018
vasp-Sc1Zn1,Sc1Zn1,Sc,Zn,1.0,1.0,3.350998244034643,-4.07949854,,VASP,B2,3.350998244034643
vasp-Sc1Zr1,Sc1Zr1,Sc,Zr,1.0,1.0,3.6002487187313017,-7.26166174,,VASP,B2,3.6002487187313017
vasp-Se1Ag1,Se1Ag1,Se,Ag,1.0,1.0,3.429388877599656,-2.89926551,,VASP,B2,3.429388877599656
vasp-Se1Al1,Se1Al1,Se,Al,1.0,1.0,3.3618720894972083,-3.67383231,,VASP,B2,3.3618720894972083
vasp-Se1As1,Se1As1,Se,As,1.0,1.0,3.3980671071610233,-3.675684075,,VASP,B2,3.3980671071610233
vasp-Se1B1,Se1B1,Se,B,1.0,1.0,3.009778008854891,-3.38504562,,VASP,B2,3.009778008854891
vasp-Se1Ca1,Se1Ca1,Se,Ca,1.0,1.0,3.6470137397448923,-4.40909435,,VASP,B2,3.6470137397448923
vasp-Se1Cd1,Se1Cd1,Se,Cd,1.0,1.0,3.556457310406121,-2.159151585,,VASP,B2,3.556457310406121
vasp-Se1Ce1,Se1Ce1,Se,Ce,1.0,1.0,4.0,-5.971283715,,VASP,B2,4.0
vasp-Se1Co1,Se1Co1,Se,Co,1.0,1.0,3.0276842291000143,-4.993255145,,VASP,B2,3.0276842291000143
vasp-Se1Cr1,Se1Cr1,Se,Cr,1.0,1.0,3.1163593944191637,-6.363082205,,VASP,B2,3.1163593944191637
vasp-Se1Cu1,Se1Cu1,Se,Cu,1.0,1.0,3.2220072914657036,-3.29578346,,VASP,B2,3.2220072914657036
vasp-Se1Fe1,Se1Fe1,Se,Fe,1.0,1.0,3.046530023436877,-5.63765693,,VASP,B2,3.046530023436877
vasp-Se1Ga1,Se1Ga1,Se,Ga,1.0,1.0,3.444079160513442,-3.278307925,,VASP,B2,3.444079160513442
vasp-Se1Gd1,Se1Gd1,Se,Gd,1.0,1.0,3.5906233200917095,-10.400182345,,VASP,B2,3.5906233200917095
vasp-Se1Ge1,Se1Ge1,Se,Ge,1.0,1.0,3.4940217971621976,-3.85455816,,VASP,B2,3.4940217971621976
vasp-Se1Hf1,Se1Hf1,Se,Hf,1.0,1.0,3.3225663276258692,-7.637356495,,VASP,B2,3.3225663276258692
vasp-Se1In1,Se1In1,Se,In,1.0,1.0,3.633315410493047,-3.217350475,,VASP,B2,3.633315410493047
vasp-Se1La1,Se1La1,Se,La,1.0,1.0,3.713571488007107,-5.961894775,,VASP,B2,3.713571488007107
vasp-Se1Mg1,Se1Mg1,Se,Mg,1.0,1.0,3.450791351993365,-3.171924895,,VASP,B2,3.450791351993365
vasp-Se1Mn1,Se1Mn1,Se,Mn,1.0,1.0,3.153995074673019,,,VASP,B2,3.153995074673019
vasp-Se1Mo1,Se1Mo1,Se,Mo,1.0,1.0,3.1466973520072647,-7.14692092,,VASP,B2,3.1466973520072647
vasp-Se1Na1,Se1Na1,Se,Na,1.0,1.0,3.563752889660188,-2.983941605,,VASP,B2,3.563752889660188
vasp-Se1Nb1,Se1Nb1,Se,Nb,1.0,1.0,3.244239865811275,-7.16538357,,VASP,B2,3.244239865811275
vasp-Se1Ni1,Se1Ni1,Se,Ni,1.0,1.0,3.07723325321927,-4.365242315,,VASP,B2,3.07723325321927
vasp-Se1Pd1,Se1Pd1,Se,Pd,1.0,1.0,3.23914353477741,-4.45108326,,VASP,B2,3.23914353477741
vasp-Se1Ru1,Se1Ru1,Se,Ru,1.0,1.0,3.135652792775095,-6.070481745,,VASP,B2,3.135652792775095
vasp-Se1Sb1,Se1Sb1,Se,Sb,1.0,1.0,3.6155386856627523,-3.72571223,,VASP,B2,3.6155386856627523
vasp-Se1Sc1,Se1Sc1,Se,Sc,1.0,1.0,3.3963833410842432,-6.199872205,,VASP,B2,3.3963833410842432
vasp-Se1Se1,Se1Se1,Se,Se,1.0,1.0,3.4603695590631567,-2.868941645,,VASP,B2,3.4603695590631567
vasp-Se1Si1,Se1Si1,Se,Si,1.0,1.0,3.291238917818007,-3.960969515,,VASP,B2,3.291238917818007
vasp-Se1Sn1,Se1Sn1,Se,Sn,1.0,1.0,3.6736315398991133,-3.85491801,,VASP,B2,3.6736315398991133
vasp-Se1Sr1,Se1Sr1,Se,Sr,1.0,1.0,3.8230062370167657,-4.364879325,,VASP,B2,3.8230062370167657
vasp-Se1Ta1,Se1Ta1,Se,Ta,1.0,1.0,3.223718186349064,-7.795026815,,VASP,B2,3.223718186349064
vasp-Se1Tc1,Se1Tc1,Se,Tc,1.0,1.0,3.1097332395709274,-6.731440385,,VASP,B2,3.1097332395709274
vasp-Se1Ti1,Se1Ti1,Se,Ti,1.0,1.0,3.1984429718230647,-6.476197405,,VASP,B2,3.1984429718230647
vasp-Se1V1,Se1V1,Se,V,1.0,1.0,3.1080323352178296,-6.46249037,,VASP,B2,3.1080323352178296
vasp-Se1W1,Se1W1,Se,W,1.0,1.0,3.1474572057481707,-7.744303475,,VASP,B2,3.1474572057481707
vasp-Se1Y1,Se1Y1,Se,Y,1.0,1.0,3.5528576776807257,-6.499871645,,VASP,B2,3.5528576776807257
vasp-Se1Zn1,Se1Zn1,Se,Zn,1.0,1.0,3.3553013482475924,-2.18827797,,VASP,B2,3.3553013482475924
vasp-Se1Zr1,Se1Zr1,Se,Zr,1.0,1.0,3.36226431618159,-7.143487585,,VASP,B2,3.36226431618159
vasp-Si1Ag1,Si1Ag1,Si,Ag,1.0,1.0,3.2624335854703093,-3.600981995,,VASP,B2,3.2624335854703093
vasp-Si1Al1,Si1Al1,Si,Al,1.0,1.0,3.1575706113407054,-4.281312325,,VASP,B2,3.1575706113407054
vasp-Si1As1,Si1As1,Si,As,1.0,1.0,3.2231890783494217,-4.50758172,,VASP,B2,3.2231890783494217
vasp-Si1Au1,Si1Au1,Si,Au,1.0,1.0,3.2574613180980365,-3.994801215,,VASP,B2,3.2574613180980365
vasp-Si1B1,Si1B1,Si,B,1.0,1.0,2.71288174167735,-4.849438835,,VASP,B2,2.71288174167735
vasp-Si1Be1,Si1Be1,Si,Be,1.0,1.0,2.8358622604061927,-4.07390885,,VASP,B2,2.8358622604061927
vasp-Si1Ca1,Si1Ca1,Si,Ca,1.0,1.0,3.616891674326178,-3.90363068,,VASP,B2,3.616891674326178
vasp-Si1Cd1,Si1Cd1,Si,Cd,1.0,1.0,3.429424715000843,-2.579492795,,VASP,B2,3.429424715000843
vasp-Si1Ce1,Si1Ce1,Si,Ce,1.0,1.0,3.5636127488428913,-6.094814015,,VASP,B2,3.5636127488428913
vasp-Si1Co1,Si1Co1,Si,Co,1.0,1.0,2.7807895517420347,-6.65210511,,VASP,B2,2.7807895517420347
vasp-Si1Cr1,Si1Cr1,Si,Cr,1.0,1.0,2.872415298711971,-7.515349255,,VASP,B2,2.872415298711971
vasp-Si1Cu1,Si1Cu1,Si,Cu,1.0,1.0,3.0011033726922753,-4.27339579,,VASP,B2,3.0011033726922753
vasp-Si1Dy1,Si1Dy1,Si,Dy,1.0,1.0,3.5290483340622325,-5.395782735,,VASP,B2,3.5290483340622325
vasp-Si1Er1,Si1Er1,Si,Er,1.0,1.0,3.497753571061117,-5.37392185,,VASP,B2,3.497753571061117
vasp-Si1Fe1,Si1Fe1,Si,Fe,1.0,1.0,2.762124213336765,-7.333774615,,VASP,B2,2.762124213336765
vasp-Si1Ga1,Si1Ga1,Si,Ga,1.0,1.0,3.244190007962583,-3.737070525,,VASP,B2,3.244190007962583
vasp-Si1Gd1,Si1Gd1,Si,Gd,1.0,1.0,3.557535930065552,-10.205733875,,VASP,B2,3.557535930065552
vasp-Si1Ge1,Si1Ge1,Si,Ge,1.0,1.0,3.2555309246102153,-4.45107346,,VASP,B2,3.2555309246102153
vasp-Si1Hf1,Si1Hf1,Si,Hf,1.0,1.0,3.284301195574098,-7.926708125,,VASP,B2,3.284301195574098
vasp-Si1In1,Si1In1,Si,In,1.0,1.0,3.4980648701933403,-3.47152473,,VASP,B2,3.4980648701933403
vasp-Si1Ir1,Si1Ir1,Si,Ir,1.0,1.0,3.006808718416572,-7.39324347,,VASP,B2,3.006808718416572
vasp-Si1La1,Si1La1,Si,La,1.0,1.0,3.71885993772809,-5.567371575,,VASP,B2,3.71885993772809
vasp-Si1Mg1,Si1Mg1,Si,Mg,1.0,1.0,3.302366027611038,-3.3168804,,VASP,B2,3.302366027611038
vasp-Si1Mn1,Si1Mn1,Si,Mn,1.0,1.0,2.7988871970641434,-7.536164815,,VASP,B2,2.7988871970641434
vasp-Si1Mo1,Si1Mo1,Si,Mo,1.0,1.0,3.037972685327465,-8.322679315,,VASP,B2,3.037972685327465
vasp-Si1Na1,Si1Na1,Si,Na,1.0,1.0,3.4361935274824233,-2.8906057,,VASP,B2,3.4361935274824233
vasp-Si1Nb1,Si1Nb1,Si,Nb,1.0,1.0,3.1651252301141097,-7.91290102,,VASP,B2,3.1651252301141097
vasp-Si1Ni1,Si1Ni1,Si,Ni,1.0,1.0,2.84307717038209,-5.75530713,,VASP,B2,2.84307717038209
vasp-Si1Os1,Si1Os1,Si,Os,1.0,1.0,2.9609654372818923,-8.66538642,,VASP,B2,2.9609654372818923
vasp-Si1Pb1,Si1Pb1,Si,Pb,1.0,1.0,3.634210930361547,-3.90841614,,VASP,B2,3.634210930361547
vasp-Si1Pd1,Si1Pd1,Si,Pd,1.0,1.0,3.0509770287407836,-5.62187132,,VASP,B2,3.0509770287407836
vasp-Si1Pt1,Si1Pt1,Si,Pt,1.0,1.0,3.0804087303873837,-5.975436805,,VASP,B2,3.0804087303873837
vasp-Si1Re1,Si1Re1,Si,Re,1.0,1.0,2.782888086110165,-8.44104526,,VASP,B2,2.782888086110165
vasp-Si1Rh1,Si1Rh1,Si,Rh,1.0,1.0,2.9769765479451373,-6.870702825,,VASP,B2,2.9769765479451373
vasp-Si1Ru1,Si1Ru1,Si,Ru,1.0,1.0,2.930959510968175,-7.94516962,,VASP,B2,2.930959510968175
vasp-Si1Sb1,Si1Sb1,Si,Sb,1.0,1.0,3.469863590262514,-4.22479067,,VASP,B2,3.469863590262514
vasp-Si1Sc1,Si1Sc1,Si,Sc,1.0,1.0,3.3278504734595233,-6.242715215,,VASP,B2,3.3278504734595233
vasp-Si1Se1,Si1Se1,Si,Se,1.0,1.0,3.291237134119801,-3.96096952,,VASP,B2,3.291237134119801
vasp-Si1Si1,Si1Si1,Si,Si,1.0,1.0,3.0942461494203437,-4.879426975,,VASP,B2,3.0942461494203437
vasp-Si1Sn1,Si1Sn1,Si,Sn,1.0,1.0,3.497303179539133,-4.15303634,,VASP,B2,3.497303179539133
vasp-Si1Sr1,Si1Sr1,Si,Sr,1.0,1.0,3.8319868253823293,-3.649350445,,VASP,B2,3.8319868253823293
vasp-Si1Ta1,Si1Ta1,Si,Ta,1.0,1.0,3.1493637810819233,-8.696296075,,VASP,B2,3.1493637810819233
vasp-Si1Tb1,Si1Tb1,Si,Tb,1.0,1.0,3.5455427322536934,-5.407216975,,VASP,B2,3.5455427322536934
vasp-Si1Tc1,Si1Tc1,Si,Tc,1.0,1.0,2.965992004378883,-8.32591645,,VASP,B2,2.965992004378883
vasp-Si1Ti1,Si1Ti1,Si,Ti,1.0,1.0,3.1083929265466703,-6.83971571,,VASP,B2,3.1083929265466703
vasp-Si1V1,Si1V1,Si,V,1.0,1.0,2.9695939939242857,-7.28926855,,VASP,B2,2.9695939939242857
vasp-Si1W1,Si1W1,Si,W,1.0,1.0,3.0499691378558054,-9.11107852,,VASP,B2,3.0499691378558054
vasp-Si1Y1,Si1Y1,Si,Y,1.0,1.0,3.537420663015322,-6.350947265,,VASP,B2,3.537420663015322
vasp-Si1Zn1,Si1Zn1,Si,Zn,1.0,1.0,3.175959984533002,-2.8664386,,VASP,B2,3.175959984533002
vasp-Si1Zr1,Si1Zr1,Si,Zr,1.0,1.0,3.323581416860261,-7.31827672,,VASP,B2,3.323581416860261
vasp-Sn1Ag1,Sn1Ag1,Sn,Ag,1.0,1.0,3.5645783071906365,-3.174912975,,VASP,B2,3.5645783071906365
vasp-Sn1Al1,Sn1Al1,Sn,Al,1.0,1.0,3.5672260247161716,-3.54989281,,VASP,B2,3.5672260247161716
vasp-Sn1As1,Sn1As1,Sn,As,1.0,1.0,3.579091340316233,-4.07907253,,VASP,B2,3.579091340316233
vasp-Sn1Au1,Sn1Au1,Sn,Au,1.0,1.0,3.5512091064061475,-3.58304988,,VASP,B2,3.5512091064061475
vasp-Sn1B1,Sn1B1,Sn,B,1.0,1.0,3.1838090069258156,-3.81284322,,VASP,B2,3.1838090069258156
vasp-Sn1Be1,Sn1Be1,Sn,Be,1.0,1.0,3.3165252802730376,-3.133014455,,VASP,B2,3.3165252802730376
vasp-Sn1Ca1,Sn1Ca1,Sn,Ca,1.0,1.0,3.893901158832582,-3.467566715,,VASP,B2,3.893901158832582
vasp-Sn1Cd1,Sn1Cd1,Sn,Cd,1.0,1.0,3.721741365391626,-2.24733718,,VASP,B2,3.721741365391626
vasp-Sn1Ce1,Sn1Ce1,Sn,Ce,1.0,1.0,3.8597977055731354,-5.386442055,,VASP,B2,3.8597977055731354
vasp-Sn1Co1,Sn1Co1,Sn,Co,1.0,1.0,3.14046352443735,-5.281095655,,VASP,B2,3.14046352443735
vasp-Sn1Cr1,Sn1Cr1,Sn,Cr,1.0,1.0,3.2442016980962674,-6.19804653,,VASP,B2,3.2442016980962674
vasp-Sn1Cu1,Sn1Cu1,Sn,Cu,1.0,1.0,3.3560117371174742,-3.56547861,,VASP,B2,3.3560117371174742
vasp-Sn1Dy1,Sn1Dy1,Sn,Dy,1.0,1.0,3.7891482475337845,-4.737698235,,VASP,B2,3.7891482475337845
vasp-Sn1Er1,Sn1Er1,Sn,Er,1.0,1.0,3.7655949355333966,-4.688928325,,VASP,B2,3.7655949355333966
vasp-Sn1Fe1,Sn1Fe1,Sn,Fe,1.0,1.0,3.1280482658468998,-5.75271365,,VASP,B2,3.1280482658468998
vasp-Sn1Ga1,Sn1Ga1,Sn,Ga,1.0,1.0,3.6164786017455084,-3.265442365,,VASP,B2,3.6164786017455084
vasp-Sn1Gd1,Sn1Gd1,Sn,Gd,1.0,1.0,3.822620873215734,-9.560389505,,VASP,B2,3.822620873215734
vasp-Sn1Ge1,Sn1Ge1,Sn,Ge,1.0,1.0,3.6149068647398495,-3.94261877,,VASP,B2,3.6149068647398495
vasp-Sn1Hf1,Sn1Hf1,Sn,Hf,1.0,1.0,3.541568185325325,-6.943102865,,VASP,B2,3.541568185325325
vasp-Sn1In1,Sn1In1,Sn,In,1.0,1.0,3.8144980112683298,-3.102945775,,VASP,B2,3.8144980112683298
vasp-Sn1Ir1,Sn1Ir1,Sn,Ir,1.0,1.0,3.291556928126168,-6.23699126,,VASP,B2,3.291556928126168
vasp-Sn1La1,Sn1La1,Sn,La,1.0,1.0,3.9692699196942867,-4.992316675,,VASP,B2,3.9692699196942867
vasp-Sn1Mg1,Sn1Mg1,Sn,Mg,1.0,1.0,3.641356137777225,-2.77607655,,VASP,B2,3.641356137777225
vasp-Sn1Mn1,Sn1Mn1,Sn,Mn,1.0,1.0,3.3373422128248826,-6.10544405,,VASP,B2,3.3373422128248826
vasp-Sn1Mo1,Sn1Mo1,Sn,Mo,1.0,1.0,3.312490272950695,-7.01424399,,VASP,B2,3.312490272950695
vasp-Sn1Na1,Sn1Na1,Sn,Na,1.0,1.0,3.756845334301863,-2.661787765,,VASP,B2,3.756845334301863
vasp-Sn1Nb1,Sn1Nb1,Sn,Nb,1.0,1.0,3.4221523754700724,-6.80944669,,VASP,B2,3.4221523754700724
vasp-Sn1Ni1,Sn1Ni1,Sn,Ni,1.0,1.0,3.2081492955469324,-4.663027845,,VASP,B2,3.2081492955469324
vasp-Sn1Os1,Sn1Os1,Sn,Os,1.0,1.0,3.2554434512370016,-7.114781305,,VASP,B2,3.2554434512370016
vasp-Sn1Pb1,Sn1Pb1,Sn,Pb,1.0,1.0,3.9121530442936283,-3.62454222,,VASP,B2,3.9121530442936283
vasp-Sn1Pd1,Sn1Pd1,Sn,Pd,1.0,1.0,3.3685835334259844,-4.906359395,,VASP,B2,3.3685835334259844
vasp-Sn1Pt1,Sn1Pt1,Sn,Pt,1.0,1.0,3.3813653160659594,-5.184058535,,VASP,B2,3.3813653160659594
vasp-Sn1Re1,Sn1Re1,Sn,Re,1.0,1.0,3.2775272431255797,-7.474639125,,VASP,B2,3.2775272431255797
vasp-Sn1Rh1,Sn1Rh1,Sn,Rh,1.0,1.0,3.270583838709375,-5.8536816,,VASP,B2,3.270583838709375
vasp-Sn1Ru1,Sn1Ru1,Sn,Ru,1.0,1.0,3.2256742164632897,-6.604339015,,VASP,B2,3.2256742164632897
vasp-Sn1Sb1,Sn1Sb1,Sn,Sb,1.0,1.0,3.803463012226536,-3.830418805,,VASP,B2,3.803463012226536
vasp-Sn1Sc1,Sn1Sc1,Sn,Sc,1.0,1.0,3.6191249394190623,-5.46961345,,VASP,B2,3.6191249394190623
vasp-Sn1Se1,Sn1Se1,Sn,Se,1.0,1.0,3.6736321479638923,-3.85491801,,VASP,B2,3.6736321479638923
vasp-Sn1Si1,Sn1Si1,Sn,Si,1.0,1.0,3.497303187135164,-4.15303634,,VASP,B2,3.497303187135164
vasp-Sn1Sn1,Sn1Sn1,Sn,Sn,1.0,1.0,3.807620738111042,-3.757892905,,VASP,B2,3.807620738111042
vasp-Sn1Sr1,Sn1Sr1,Sn,Sr,1.0,1.0,4.087903559399931,-3.299277485,,VASP,B2,4.087903559399931
vasp-Sn1Ta1,Sn1Ta1,Sn,Ta,1.0,1.0,3.4088673711660045,-7.463725275,,VASP,B2,3.4088673711660045
vasp-Sn1Tb1,Sn1Tb1,Sn,Tb,1.0,1.0,3.802477461599899,-4.762932895,,VASP,B2,3.802477461599899
vasp-Sn1Tc1,Sn1Tc1,Sn,Tc,1.0,1.0,3.2557960984859458,-6.913857695,,VASP,B2,3.2557960984859458
vasp-Sn1Ti1,Sn1Ti1,Sn,Ti,1.0,1.0,3.4192314484141866,-5.846565605,,VASP,B2,3.4192314484141866
vasp-Sn1V1,Sn1V1,Sn,V,1.0,1.0,3.28055463722104,-6.06000688,,VASP,B2,3.28055463722104
vasp-Sn1W1,Sn1W1,Sn,W,1.0,1.0,3.3210855434849433,-7.643390475,,VASP,B2,3.3210855434849433
vasp-Sn1Y1,Sn1Y1,Sn,Y,1.0,1.0,3.803148403311884,-5.68802338,,VASP,B2,3.803148403311884
vasp-Sn1Zn1,Sn1Zn1,Sn,Zn,1.0,1.0,3.5336968946768756,-2.37084072,,VASP,B2,3.5336968946768756
vasp-Sn1Zr1,Sn1Zr1,Sn,Zr,1.0,1.0,3.5764979519681788,-6.423034,,VASP,B2,3.5764979519681788
vasp-Sr1Ag1,Sr1Ag1,Sr,Ag,1.0,1.0,3.9275756069198993,-2.47148557,,VASP,B2,3.9275756069198993
vasp-Sr1Al1,Sr1Al1,Sr,Al,1.0,1.0,3.945218628465202,-2.768174835,,VASP,B2,3.945218628465202
vasp-Sr1As1,Sr1As1,Sr,As,1.0,1.0,3.83735908564139,-3.94962406,,VASP,B2,3.83735908564139
vasp-Sr1B1,Sr1B1,Sr,B,1.0,1.0,3.502990031710817,-3.236777,,VASP,B2,3.502990031710817
vasp-Sr1Ca1,Sr1Ca1,Sr,Ca,1.0,1.0,4.554759681604242,-1.740852965,,VASP,B2,4.554759681604242
vasp-Sr1Cd1,Sr1Cd1,Sr,Cd,1.0,1.0,4.069419866063511,-1.52023757,,VASP,B2,4.069419866063511
vasp-Sr1Ce1,Sr1Ce1,Sr,Ce,1.0,1.0,4.362505746797388,-3.26375753,,VASP,B2,4.362505746797388
vasp-Sr1Co1,Sr1Co1,Sr,Co,1.0,1.0,3.6528872198058,-3.64209912,,VASP,B2,3.6528872198058
vasp-Sr1Cr1,Sr1Cr1,Sr,Cr,1.0,1.0,4.04605703014261,-4.73388782,,VASP,B2,4.04605703014261
vasp-Sr1Cu1,Sr1Cu1,Sr,Cu,1.0,1.0,3.7921993829755,-2.67556788,,VASP,B2,3.7921993829755
vasp-Sr1Fe1,Sr1Fe1,Sr,Fe,1.0,1.0,3.781274440146959,-4.082153685,,VASP,B2,3.781274440146959
vasp-Sr1Ga1,Sr1Ga1,Sr,Ga,1.0,1.0,3.899130470485073,-2.616429845,,VASP,B2,3.899130470485073
vasp-Sr1Gd1,Sr1Gd1,Sr,Gd,1.0,1.0,4.0,,,VASP,B2,4.0
vasp-Sr1Ge1,Sr1Ge1,Sr,Ge,1.0,1.0,3.8780615231240914,-3.4953221,,VASP,B2,3.8780615231240914
vasp-Sr1Hf1,Sr1Hf1,Sr,Hf,1.0,1.0,3.9838287710016496,-4.758285505,,VASP,B2,3.9838287710016496
vasp-Sr1In1,Sr1In1,Sr,In,1.0,1.0,4.077918233918156,-2.51390643,,VASP,B2,4.077918233918156
vasp-Sr1La1,Sr1La1,Sr,La,1.0,1.0,4.462418954979765,-3.024128765,,VASP,B2,4.462418954979765
vasp-Sr1Mg1,Sr1Mg1,Sr,Mg,1.0,1.0,4.178474725076681,-1.62012564,,VASP,B2,4.178474725076681
vasp-Sr1Mn1,Sr1Mn1,Sr,Mn,1.0,1.0,3.9257381641254407,-4.670601245,,VASP,B2,3.9257381641254407
vasp-Sr1Mo1,Sr1Mo1,Sr,Mo,1.0,1.0,3.8170526010970853,-4.71288303,,VASP,B2,3.8170526010970853
vasp-Sr1Na1,Sr1Na1,Sr,Na,1.0,1.0,4.490186031652997,-1.452225045,,VASP,B2,4.490186031652997
vasp-Sr1Nb1,Sr1Nb1,Sr,Nb,1.0,1.0,3.8903458783264586,-4.4664587,,VASP,B2,3.8903458783264586
vasp-Sr1Ni1,Sr1Ni1,Sr,Ni,1.0,1.0,3.628625546190003,-3.388556715,,VASP,B2,3.628625546190003
vasp-Sr1Pd1,Sr1Pd1,Sr,Pd,1.0,1.0,3.7252051315787402,-3.984290195,,VASP,B2,3.7252051315787402
vasp-Sr1Ru1,Sr1Ru1,Sr,Ru,1.0,1.0,3.6042272861484017,-4.54257609,,VASP,B2,3.6042272861484017
vasp-Sr1Sb1,Sr1Sb1,Sr,Sb,1.0,1.0,4.062813609192743,-3.65606388,,VASP,B2,4.062813609192743
vasp-Sr1Sc1,Sr1Sc1,Sr,Sc,1.0,1.0,4.146947984217048,-3.51122191,,VASP,B2,4.146947984217048
vasp-Sr1Se1,Sr1Se1,Sr,Se,1.0,1.0,3.8230204554923506,-4.364879345,,VASP,B2,3.8230204554923506
vasp-Sr1Si1,Sr1Si1,Sr,Si,1.0,1.0,3.8318335423772325,-3.64935054,,VASP,B2,3.8318335423772325
vasp-Sr1Sn1,Sr1Sn1,Sr,Sn,1.0,1.0,4.087898875736686,-3.29927748,,VASP,B2,4.087898875736686
vasp-Sr1Sr1,Sr1Sr1,Sr,Sr,1.0,1.0,4.7133383558322635,-1.60403261,,VASP,B2,4.7133383558322635
vasp-Sr1Ta1,Sr1Ta1,Sr,Ta,1.0,1.0,3.828553006461077,-5.052346905,,VASP,B2,3.828553006461077
vasp-Sr1Tc1,Sr1Tc1,Sr,Tc,1.0,1.0,3.754608826484048,-4.657210055,,VASP,B2,3.754608826484048
vasp-Sr1Ti1,Sr1Ti1,Sr,Ti,1.0,1.0,4.041639963233284,-3.73996075,,VASP,B2,4.041639963233284
vasp-Sr1V1,Sr1V1,Sr,V,1.0,1.0,3.9963961404145523,-4.25246014,,VASP,B2,3.9963961404145523
vasp-Sr1W1,Sr1W1,Sr,W,1.0,1.0,3.7748909719289307,-5.26143873,,VASP,B2,3.7748909719289307
vasp-Sr1Y1,Sr1Y1,Sr,Y,1.0,1.0,4.311122153184671,-3.72469709,,VASP,B2,4.311122153184671
vasp-Sr1Zn1,Sr1Zn1,Sr,Zn,1.0,1.0,3.9171419993817533,-1.54506255,,VASP,B2,3.9171419993817533
vasp-Sr1Zr1,Sr1Zr1,Sr,Zr,1.0,1.0,4.027590759490091,-4.18891848,,VASP,B2,4.027590759490091
vasp-Ta1Ag1,Ta1Ag1,Ta,Ag,1.0,1.0,3.291052759441186,-6.67602943,,VASP,B2,3.291052759441186
vasp-Ta1Al1,Ta1Al1,Ta,Al,1.0,1.0,3.22146785704704,-7.7136251,,VASP,B2,3.22146785704704
vasp-Ta1As1,Ta1As1,Ta,As,1.0,1.0,3.2088185104669145,-8.53085546,,VASP,B2,3.2088185104669145
vasp-Ta1Au1,Ta1Au1,Ta,Au,1.0,1.0,3.3049675409198063,-7.323262585,,VASP,B2,3.3049675409198063
vasp-Ta1B1,Ta1B1,Ta,B,1.0,1.0,2.8738515827728683,-9.024852275,,VASP,B2,2.8738515827728683
vasp-Ta1Be1,Ta1Be1,Ta,Be,1.0,1.0,2.9935500199512615,-7.677621615,,VASP,B2,2.9935500199512615
vasp-Ta1Ca1,Ta1Ca1,Ta,Ca,1.0,1.0,3.643075009539593,-5.546782215,,VASP,B2,3.643075009539593
vasp-Ta1Cd1,Ta1Cd1,Ta,Cd,1.0,1.0,3.358398702775807,-5.67319648,,VASP,B2,3.358398702775807
vasp-Ta1Ce1,Ta1Ce1,Ta,Ce,1.0,1.0,3.564915102339472,-8.31999041,,VASP,B2,3.564915102339472
vasp-Ta1Co1,Ta1Co1,Ta,Co,1.0,1.0,3.0509389702576066,-9.541582005,,VASP,B2,3.0509389702576066
vasp-Ta1Cr1,Ta1Cr1,Ta,Cr,1.0,1.0,3.0843045527951687,-10.73203404,,VASP,B2,3.0843045527951687
vasp-Ta1Cu1,Ta1Cu1,Ta,Cu,1.0,1.0,3.1172908959726464,-7.593569135,,VASP,B2,3.1172908959726464
vasp-Ta1Dy1,Ta1Dy1,Ta,Dy,1.0,1.0,3.5903848598481023,-7.48275486,,VASP,B2,3.5903848598481023
vasp-Ta1Er1,Ta1Er1,Ta,Er,1.0,1.0,3.5714663625293888,-7.49291114,,VASP,B2,3.5714663625293888
vasp-Ta1Fe1,Ta1Fe1,Ta,Fe,1.0,1.0,3.0445745913270064,-10.164425185,,VASP,B2,3.0445745913270064
vasp-Ta1Ga1,Ta1Ga1,Ta,Ga,1.0,1.0,3.2194849972925277,-7.246188675,,VASP,B2,3.2194849972925277
vasp-Ta1Gd1,Ta1Gd1,Ta,Gd,1.0,1.0,4.0,-11.737536095,,VASP,B2,4.0
vasp-Ta1Ge1,Ta1Ge1,Ta,Ge,1.0,1.0,3.2231399091882222,-8.097092145,,VASP,B2,3.2231399091882222
vasp-Ta1Hf1,Ta1Hf1,Ta,Hf,1.0,1.0,3.412270247454363,-10.72093014,,VASP,B2,3.412270247454363
vasp-Ta1In1,Ta1In1,Ta,In,1.0,1.0,3.4028128406137883,-6.621529165,,VASP,B2,3.4028128406137883
vasp-Ta1Ir1,Ta1Ir1,Ta,Ir,1.0,1.0,3.2123113035653574,-10.61423882,,VASP,B2,3.2123113035653574
vasp-Ta1La1,Ta1La1,Ta,La,1.0,1.0,3.693967025694358,-7.536744465,,VASP,B2,3.693967025694358
vasp-Ta1Mg1,Ta1Mg1,Ta,Mg,1.0,1.0,3.3360270825059946,-6.000609815,,VASP,B2,3.3360270825059946
vasp-Ta1Mn1,Ta1Mn1,Ta,Mn,1.0,1.0,3.0505358759714776,-10.687230275,,VASP,B2,3.0505358759714776
vasp-Ta1Mo1,Ta1Mo1,Ta,Mo,1.0,1.0,3.2185843516897696,-11.633590505,,VASP,B2,3.2185843516897696
vasp-Ta1Na1,Ta1Na1,Ta,Na,1.0,1.0,3.412692569409729,-4.8922967,,VASP,B2,3.412692569409729
vasp-Ta1Nb1,Ta1Nb1,Ta,Nb,1.0,1.0,3.3199428257014674,-10.98450921,,VASP,B2,3.3199428257014674
vasp-Ta1Ni1,Ta1Ni1,Ta,Ni,1.0,1.0,3.0700280390204653,-8.748357765,,VASP,B2,3.0700280390204653
vasp-Ta1Os1,Ta1Os1,Ta,Os,1.0,1.0,3.1912584130356834,-11.730845765,,VASP,B2,3.1912584130356834
vasp-Ta1Pb1,Ta1Pb1,Ta,Pb,1.0,1.0,3.4903923754429385,-6.90422245,,VASP,B2,3.4903923754429385
vasp-Ta1Pd1,Ta1Pd1,Ta,Pd,1.0,1.0,3.221359011659697,-8.56566358,,VASP,B2,3.221359011659697
vasp-Ta1Pt1,Ta1Pt1,Ta,Pt,1.0,1.0,3.2464665719110988,-9.25836757,,VASP,B2,3.2464665719110988
vasp-Ta1Re1,Ta1Re1,Ta,Re,1.0,1.0,3.2040803464638437,-12.52834022,,VASP,B2,3.2040803464638437
vasp-Ta1Rh1,Ta1Rh1,Ta,Rh,1.0,1.0,3.1939093065175785,-9.78805203,,VASP,B2,3.1939093065175785
vasp-Ta1Ru1,Ta1Ru1,Ta,Ru,1.0,1.0,3.1615450342538454,-10.837062735,,VASP,B2,3.1615450342538454
vasp-Ta1Sb1,Ta1Sb1,Ta,Sb,1.0,1.0,3.4074059478120606,-7.853812,,VASP,B2,3.4074059478120606
vasp-Ta1Sc1,Ta1Sc1,Ta,Sc,1.0,1.0,3.423892070064917,-8.59519621,,VASP,B2,3.423892070064917
vasp-Ta1Se1,Ta1Se1,Ta,Se,1.0,1.0,3.223718195088709,-7.795026815,,VASP,B2,3.223718195088709
vasp-Ta1Si1,Ta1Si1,Ta,Si,1.0,1.0,3.149363774195738,-8.696296075,,VASP,B2,3.149363774195738
vasp-Ta1Sn1,Ta1Sn1,Ta,Sn,1.0,1.0,3.408867596737378,-7.46372528,,VASP,B2,3.408867596737378
vasp-Ta1Sr1,Ta1Sr1,Ta,Sr,1.0,1.0,3.8285530749702357,-5.052346905,,VASP,B2,3.8285530749702357
vasp-Ta1Ta1,Ta1Ta1,Ta,Ta,1.0,1.0,3.3119344394636787,-11.88653848,,VASP,B2,3.3119344394636787
vasp-Ta1Tb1,Ta1Tb1,Ta,Tb,1.0,1.0,3.5998845246110918,-7.47993748,,VASP,B2,3.5998845246110918
vasp-Ta1Tc1,Ta1Tc1,Ta,Tc,1.0,1.0,3.169037498012108,-11.61381715,,VASP,B2,3.169037498012108
vasp-Ta1Ti1,Ta1Ti1,Ta,Ti,1.0,1.0,3.260076821773022,-9.700244975,,VASP,B2,3.260076821773022
vasp-Ta1V1,Ta1V1,Ta,V,1.0,1.0,3.15784969233425,-10.395423045,,VASP,B2,3.15784969233425
vasp-Ta1W1,Ta1W1,Ta,W,1.0,1.0,3.227320838639778,-12.564885705,,VASP,B2,3.227320838639778
vasp-Ta1Y1,Ta1Y1,Ta,Y,1.0,1.0,3.5947222351598485,-8.424768775,,VASP,B2,3.5947222351598485
vasp-Ta1Zn1,Ta1Zn1,Ta,Zn,1.0,1.0,3.17334858585998,-6.27818293,,VASP,B2,3.17334858585998
vasp-Ta1Zr1,Ta1Zr1,Ta,Zr,1.0,1.0,3.4333571031556023,-10.001784415,,VASP,B2,3.4333571031556023
vasp-Tb1Ag1,Tb1Ag1,Tb,Ag,1.0,1.0,3.651432192649803,-3.96852855,,VASP,B2,3.651432192649803
vasp-Tb1Al1,Tb1Al1,Tb,Al,1.0,1.0,3.6128762457989643,-4.55181428,,VASP,B2,3.6128762457989643
vasp-Tb1Au1,Tb1Au1,Tb,Au,1.0,1.0,3.6118845440839293,-4.754302855,,VASP,B2,3.6118845440839293
vasp-Tb1Be1,Tb1Be1,Tb,Be,1.0,1.0,3.417868429795071,-4.044714035,,VASP,B2,3.417868429795071
vasp-Tb1Ca1,Tb1Ca1,Tb,Ca,1.0,1.0,4.141643640125425,-3.07163858,,VASP,B2,4.141643640125425
vasp-Tb1Co1,Tb1Co1,Tb,Co,1.0,1.0,3.3537674806518942,-5.91162255,,VASP,B2,3.3537674806518942
vasp-Tb1Cr1,Tb1Cr1,Tb,Cr,1.0,1.0,3.5526895231326856,-6.624482345,,VASP,B2,3.5526895231326856
vasp-Tb1Cu1,Tb1Cu1,Tb,Cu,1.0,1.0,3.4755457510028256,-4.400392065,,VASP,B2,3.4755457510028256
vasp-Tb1Dy1,Tb1Dy1,Tb,Dy,1.0,1.0,4.005,-4.41261276,,VASP,B2,4.005
vasp-Tb1Er1,Tb1Er1,Tb,Er,1.0,1.0,3.9845064818248934,-4.399132865,,VASP,B2,3.9845064818248934
vasp-Tb1Fe1,Tb1Fe1,Tb,Fe,1.0,1.0,3.4153727107539793,-6.210867085,,VASP,B2,3.4153727107539793
vasp-Tb1Ge1,Tb1Ge1,Tb,Ge,1.0,1.0,3.5993784042093844,-5.129406905,,VASP,B2,3.5993784042093844
vasp-Tb1Hf1,Tb1Hf1,Tb,Hf,1.0,1.0,3.7398988933473576,-6.87072934,,VASP,B2,3.7398988933473576
vasp-Tb1Ir1,Tb1Ir1,Tb,Ir,1.0,1.0,3.443358205103976,-7.48434718,,VASP,B2,3.443358205103976
vasp-Tb1La1,Tb1La1,Tb,La,1.0,1.0,4.1212,-4.63523436,,VASP,B2,4.1212
vasp-Tb1Mg1,Tb1Mg1,Tb,Mg,1.0,1.0,3.7958410444480086,-3.1227824,,VASP,B2,3.7958410444480086
vasp-Tb1Mn1,Tb1Mn1,Tb,Mn,1.0,1.0,3.5310892967526284,-6.57505823,,VASP,B2,3.5310892967526284
vasp-Tb1Mo1,Tb1Mo1,Tb,Mo,1.0,1.0,3.5127820520176933,-7.086100605,,VASP,B2,3.5127820520176933
vasp-Tb1Nb1,Tb1Nb1,Tb,Nb,1.0,1.0,3.6045128303686025,-6.785694175,,VASP,B2,3.6045128303686025
vasp-Tb1Ni1,Tb1Ni1,Tb,Ni,1.0,1.0,3.3791557812884445,-5.40863576,,VASP,B2,3.3791557812884445
vasp-Tb1Os1,Tb1Os1,Tb,Os,1.0,1.0,3.42485095644239,-7.897783875,,VASP,B2,3.42485095644239
vasp-Tb1Pb1,Tb1Pb1,Tb,Pb,1.0,1.0,3.871815670161977,-4.45178217,,VASP,B2,3.871815670161977
vasp-Tb1Pd1,Tb1Pd1,Tb,Pd,1.0,1.0,3.5247780495618892,-5.756468875,,VASP,B2,3.5247780495618892
vasp-Tb1Pt1,Tb1Pt1,Tb,Pt,1.0,1.0,3.5091337589916107,-6.515338415,,VASP,B2,3.5091337589916107
vasp-Tb1Re1,Tb1Re1,Tb,Re,1.0,1.0,3.4555243628012415,-7.93336487,,VASP,B2,3.4555243628012415
vasp-Tb1Rh1,Tb1Rh1,Tb,Rh,1.0,1.0,3.4409932675438344,-6.731964375,,VASP,B2,3.4409932675438344
vasp-Tb1Ru1,Tb1Ru1,Tb,Ru,1.0,1.0,3.4105556467649074,-7.155988805,,VASP,B2,3.4105556467649074
vasp-Tb1Sc1,Tb1Sc1,Tb,Sc,1.0,1.0,3.8289501698667463,-5.32584046,,VASP,B2,3.8289501698667463
vasp-Tb1Si1,Tb1Si1,Tb,Si,1.0,1.0,3.5455427276295746,-5.4072173,,VASP,B2,3.5455427276295746
vasp-Tb1Sn1,Tb1Sn1,Tb,Sn,1.0,1.0,3.802481574146104,-4.76293252,,VASP,B2,3.802481574146104
vasp-Tb1Ta1,Tb1Ta1,Tb,Ta,1.0,1.0,3.599884947838592,-7.47993747,,VASP,B2,3.599884947838592
vasp-Tb1Tb1,Tb1Tb1,Tb,Tb,1.0,1.0,4.02,,,VASP,B2,4.02
vasp-Tb1Ti1,Tb1Ti1,Tb,Ti,1.0,1.0,3.6387148479556135,-5.83757136,,VASP,B2,3.6387148479556135
vasp-Tb1V1,Tb1V1,Tb,V,1.0,1.0,3.6067452993513434,-6.31822391,,VASP,B2,3.6067452993513434
vasp-Tb1W1,Tb1W1,Tb,W,1.0,1.0,3.509415995193617,-7.81282438,,VASP,B2,3.509415995193617
vasp-Tb1Y1,Tb1Y1,Tb,Y,1.0,1.0,4.02325,-5.369722695,,VASP,B2,4.02325
vasp-Tb1Zn1,Tb1Zn1,Tb,Zn,1.0,1.0,3.5807144036903074,-3.18164727,,VASP,B2,3.5807144036903074
vasp-Tb1Zr1,Tb1Zr1,Tb,Zr,1.0,1.0,3.763886311447046,-6.26034069,,VASP,B2,3.763886311447046
vasp-Tc1Ag1,Tc1Ag1,Tc,Ag,1.0,1.0,3.1628801655545375,-5.59352591,,VASP,B2,3.1628801655545375
vasp-Tc1Al1,Tc1Al1,Tc,Al,1.0,1.0,3.05019108966309,-7.30975958,,VASP,B2,3.05019108966309
vasp-Tc1As1,Tc1As1,Tc,As,1.0,1.0,3.073044317947587,-7.56731133,,VASP,B2,3.073044317947587
vasp-Tc1B1,Tc1B1,Tc,B,1.0,1.0,2.7225628178169576,-8.42934475,,VASP,B2,2.7225628178169576
vasp-Tc1Ca1,Tc1Ca1,Tc,Ca,1.0,1.0,3.48767702477351,-5.09568925,,VASP,B2,3.48767702477351
vasp-Tc1Cd1,Tc1Cd1,Tc,Cd,1.0,1.0,3.239694409286668,-4.78326554,,VASP,B2,3.239694409286668
vasp-Tc1Ce1,Tc1Ce1,Tc,Ce,1.0,1.0,3.452385170964814,-8.0960656,,VASP,B2,3.452385170964814
vasp-Tc1Co1,Tc1Co1,Tc,Co,1.0,1.0,2.920936341261776,-8.35919733,,VASP,B2,2.920936341261776
vasp-Tc1Cr1,Tc1Cr1,Tc,Cr,1.0,1.0,2.9616649228005425,-9.856456235,,VASP,B2,2.9616649228005425
vasp-Tc1Cu1,Tc1Cu1,Tc,Cu,1.0,1.0,2.972824145834866,-6.592551315,,VASP,B2,2.972824145834866
vasp-Tc1Fe1,Tc1Fe1,Tc,Fe,1.0,1.0,2.9236935184350776,-8.933521565,,VASP,B2,2.9236935184350776
vasp-Tc1Ga1,Tc1Ga1,Tc,Ga,1.0,1.0,3.0582336963791286,-6.66870961,,VASP,B2,3.0582336963791286
vasp-Tc1Gd1,Tc1Gd1,Tc,Gd,1.0,1.0,4.000000000019889,-10.9809577,,VASP,B2,4.000000000019889
vasp-Tc1Ge1,Tc1Ge1,Tc,Ge,1.0,1.0,3.0683716346444725,-7.481410865,,VASP,B2,3.0683716346444725
vasp-Tc1Hf1,Tc1Hf1,Tc,Hf,1.0,1.0,3.257776391537292,-10.631402195,,VASP,B2,3.257776391537292
vasp-Tc1In1,Tc1In1,Tc,In,1.0,1.0,3.2654949838617493,-6.03781578,,VASP,B2,3.2654949838617493
vasp-Tc1La1,Tc1La1,Tc,La,1.0,1.0,3.5577160770865506,-7.165739915,,VASP,B2,3.5577160770865506
vasp-Tc1Mg1,Tc1Mg1,Tc,Mg,1.0,1.0,3.1778763353107293,-5.33272723,,VASP,B2,3.1778763353107293
vasp-Tc1Mn1,Tc1Mn1,Tc,Mn,1.0,1.0,2.933940368936216,-9.46924122,,VASP,B2,2.933940368936216
vasp-Tc1Mo1,Tc1Mo1,Tc,Mo,1.0,1.0,3.1115270231412135,-10.55161431,,VASP,B2,3.1115270231412135
vasp-Tc1Na1,Tc1Na1,Tc,Na,1.0,1.0,3.2529336054218687,-4.025367905,,VASP,B2,3.2529336054218687
vasp-Tc1Nb1,Tc1Nb1,Tc,Nb,1.0,1.0,3.186966949201125,-10.56385666,,VASP,B2,3.186966949201125
vasp-Tc1Ni1,Tc1Ni1,Tc,Ni,1.0,1.0,2.9364036129064246,-7.632843515,,VASP,B2,2.9364036129064246
vasp-Tc1Pd1,Tc1Pd1,Tc,Pd,1.0,1.0,3.1056878855095538,-7.268711575,,VASP,B2,3.1056878855095538
vasp-Tc1Ru1,Tc1Ru1,Tc,Ru,1.0,1.0,3.0593710183113068,-9.339609715,,VASP,B2,3.0593710183113068
vasp-Tc1Sb1,Tc1Sb1,Tc,Sb,1.0,1.0,3.261108700178073,-7.101025045,,VASP,B2,3.261108700178073
vasp-Tc1Sc1,Tc1Sc1,Tc,Sc,1.0,1.0,3.241721366226929,-8.316682285,,VASP,B2,3.241721366226929
vasp-Tc1Se1,Tc1Se1,Tc,Se,1.0,1.0,3.1097332402562126,-6.731440385,,VASP,B2,3.1097332402562126
vasp-Tc1Si1,Tc1Si1,Tc,Si,1.0,1.0,2.965991974210243,-8.32591645,,VASP,B2,2.965991974210243
vasp-Tc1Sn1,Tc1Sn1,Tc,Sn,1.0,1.0,3.2558023492323374,-6.91385764,,VASP,B2,3.2558023492323374
vasp-Tc1Sr1,Tc1Sr1,Tc,Sr,1.0,1.0,3.7546088321513142,-4.657210055,,VASP,B2,3.7546088321513142
vasp-Tc1Ta1,Tc1Ta1,Tc,Ta,1.0,1.0,3.1690374995177666,-11.61381715,,VASP,B2,3.1690374995177666
vasp-Tc1Tc1,Tc1Tc1,Tc,Tc,1.0,1.0,3.0711554690597893,-10.1209571,,VASP,B2,3.0711554690597893
vasp-Tc1Ti1,Tc1Ti1,Tc,Ti,1.0,1.0,3.0978641626597363,-9.527684945,,VASP,B2,3.0978641626597363
vasp-Tc1V1,Tc1V1,Tc,V,1.0,1.0,3.003878865669249,-10.01892694,,VASP,B2,3.003878865669249
vasp-Tc1W1,Tc1W1,Tc,W,1.0,1.0,3.119701783652167,-11.61183001,,VASP,B2,3.119701783652167
vasp-Tc1Y1,Tc1Y1,Tc,Y,1.0,1.0,3.426211584283478,-8.140292485,,VASP,B2,3.426211584283478
vasp-Tc1Zn1,Tc1Zn1,Tc,Zn,1.0,1.0,3.0374601329777,-5.419844135,,VASP,B2,3.0374601329777
vasp-Tc1Zr1,Tc1Zr1,Tc,Zr,1.0,1.0,3.292343481652594,-9.79459478,,VASP,B2,3.292343481652594
vasp-Ti1Ag1,Ti1Ag1,Ti,Ag,1.0,1.0,3.2791766245617033,-5.111150695,,VASP,B2,3.2791766245617033
vasp-Ti1Al1,Ti1Al1,Ti,Al,1.0,1.0,3.1840288429098855,-6.016139265,,VASP,B2,3.1840288429098855
vasp-Ti1As1,Ti1As1,Ti,As,1.0,1.0,3.187428912317019,-6.802392435,,VASP,B2,3.187428912317019
vasp-Ti1Au1,Ti1Au1,Ti,Au,1.0,1.0,3.272197110181213,-5.83958826,,VASP,B2,3.272197110181213
vasp-Ti1B1,Ti1B1,Ti,B,1.0,1.0,2.789730355868966,-7.25357644,,VASP,B2,2.789730355868966
vasp-Ti1Be1,Ti1Be1,Ti,Be,1.0,1.0,2.931122950784264,-5.92434436,,VASP,B2,2.931122950784264
vasp-Ti1Ca1,Ti1Ca1,Ti,Ca,1.0,1.0,3.7694041913723764,-4.057349445,,VASP,B2,3.7694041913723764
vasp-Ti1Cd1,Ti1Cd1,Ti,Cd,1.0,1.0,3.347410775070957,-4.185975975,,VASP,B2,3.347410775070957
vasp-Ti1Ce1,Ti1Ce1,Ti,Ce,1.0,1.0,3.576281925568387,-6.11609244,,VASP,B2,3.576281925568387
vasp-Ti1Co1,Ti1Co1,Ti,Co,1.0,1.0,2.962073592392771,-7.7718437,,VASP,B2,2.962073592392771
vasp-Ti1Cr1,Ti1Cr1,Ti,Cr,1.0,1.0,3.026810938293106,-8.527758095,,VASP,B2,3.026810938293106
vasp-Ti1Cu1,Ti1Cu1,Ti,Cu,1.0,1.0,3.0734088275681843,-5.773916145,,VASP,B2,3.0734088275681843
vasp-Ti1Dy1,Ti1Dy1,Ti,Dy,1.0,1.0,3.6331944920880854,-5.829996125,,VASP,B2,3.6331944920880854
vasp-Ti1Er1,Ti1Er1,Ti,Er,1.0,1.0,3.616222820497394,-5.8201618,,VASP,B2,3.616222820497394
vasp-Ti1Fe1,Ti1Fe1,Ti,Fe,1.0,1.0,2.948352375460648,-8.430469245,,VASP,B2,2.948352375460648
vasp-Ti1Ga1,Ti1Ga1,Ti,Ga,1.0,1.0,3.1705688618676593,-5.6595775,,VASP,B2,3.1705688618676593
vasp-Ti1Gd1,Ti1Gd1,Ti,Gd,1.0,1.0,3.636885838048131,-10.59963425,,VASP,B2,3.636885838048131
vasp-Ti1Ge1,Ti1Ge1,Ti,Ge,1.0,1.0,3.1983737874891363,-6.36975174,,VASP,B2,3.1983737874891363
vasp-Ti1Hf1,Ti1Hf1,Ti,Hf,1.0,1.0,3.392339982426757,-8.73336713,,VASP,B2,3.392339982426757
vasp-Ti1In1,Ti1In1,Ti,In,1.0,1.0,3.377127227719231,-5.16705311,,VASP,B2,3.377127227719231
vasp-Ti1Ir1,Ti1Ir1,Ti,Ir,1.0,1.0,3.120321300612872,-9.0982594,,VASP,B2,3.120321300612872
vasp-Ti1La1,Ti1La1,Ti,La,1.0,1.0,3.7124885927588602,-5.956222655,,VASP,B2,3.7124885927588602
vasp-Ti1Mg1,Ti1Mg1,Ti,Mg,1.0,1.0,3.349890340477927,-4.36685871,,VASP,B2,3.349890340477927
vasp-Ti1Mn1,Ti1Mn1,Ti,Mn,1.0,1.0,2.9688200353988714,-8.62551302,,VASP,B2,2.9688200353988714
vasp-Ti1Mo1,Ti1Mo1,Ti,Mo,1.0,1.0,3.154345188454731,-9.388481745,,VASP,B2,3.154345188454731
vasp-Ti1Na1,Ti1Na1,Ti,Na,1.0,1.0,3.597716975693764,-3.41393586,,VASP,B2,3.597716975693764
vasp-Ti1Nb1,Ti1Nb1,Ti,Nb,1.0,1.0,3.2593053559977108,-8.8740889,,VASP,B2,3.2593053559977108
vasp-Ti1Ni1,Ti1Ni1,Ti,Ni,1.0,1.0,3.0026391921952813,-6.9826451,,VASP,B2,3.0026391921952813
vasp-Ti1Os1,Ti1Os1,Ti,Os,1.0,1.0,3.0962732026471307,-10.234990935,,VASP,B2,3.0962732026471307
vasp-Ti1Pb1,Ti1Pb1,Ti,Pb,1.0,1.0,3.524965382660502,-5.455522945,,VASP,B2,3.524965382660502
vasp-Ti1Pd1,Ti1Pd1,Ti,Pd,1.0,1.0,3.16955223701819,-6.955990445,,VASP,B2,3.16955223701819
vasp-Ti1Pt1,Ti1Pt1,Ti,Pt,1.0,1.0,3.1774408515464683,-7.73108562,,VASP,B2,3.1774408515464683
vasp-Ti1Re1,Ti1Re1,Ti,Re,1.0,1.0,3.1179748307124733,-10.49423462,,VASP,B2,3.1179748307124733
vasp-Ti1Rh1,Ti1Rh1,Ti,Rh,1.0,1.0,3.1092333004763417,-8.245824515,,VASP,B2,3.1092333004763417
vasp-Ti1Ru1,Ti1Ru1,Ti,Ru,1.0,1.0,3.069645404492605,-9.23603438,,VASP,B2,3.069645404492605
vasp-Ti1Sb1,Ti1Sb1,Ti,Sb,1.0,1.0,3.416371782791994,-6.18597471,,VASP,B2,3.416371782791994
vasp-Ti1Sc1,Ti1Sc1,Ti,Sc,1.0,1.0,3.461701476845552,-6.757859605,,VASP,B2,3.461701476845552
vasp-Ti1Se1,Ti1Se1,Ti,Se,1.0,1.0,3.1984433699982433,-6.476197405,,VASP,B2,3.1984433699982433
vasp-Ti1Si1,Ti1Si1,Ti,Si,1.0,1.0,3.1083929430914,-6.83971571,,VASP,B2,3.1083929430914
vasp-Ti1Sn1,Ti1Sn1,Ti,Sn,1.0,1.0,3.4192314482914234,-5.846565605,,VASP,B2,3.4192314482914234
vasp-Ti1Sr1,Ti1Sr1,Ti,Sr,1.0,1.0,4.041642629155703,-3.739960755,,VASP,B2,4.041642629155703
vasp-Ti1Ta1,Ti1Ta1,Ti,Ta,1.0,1.0,3.2600768218519534,-9.700244975,,VASP,B2,3.2600768218519534
vasp-Ti1Tb1,Ti1Tb1,Ti,Tb,1.0,1.0,3.6387004425569183,-5.83757148,,VASP,B2,3.6387004425569183
vasp-Ti1Tc1,Ti1Tc1,Ti,Tc,1.0,1.0,3.0978635397785412,-9.527684945,,VASP,B2,3.0978635397785412
vasp-Ti1Ti1,Ti1Ti1,Ti,Ti,1.0,1.0,3.2396304402690235,-7.663792635,,VASP,B2,3.2396304402690235
vasp-Ti1V1,Ti1V1,Ti,V,1.0,1.0,3.1101834361815754,-8.226971195,,VASP,B2,3.1101834361815754
vasp-Ti1W1,Ti1W1,Ti,W,1.0,1.0,3.1700098150680085,-10.29215057,,VASP,B2,3.1700098150680085
vasp-Ti1Y1,Ti1Y1,Ti,Y,1.0,1.0,3.6590748829608137,-6.74542153,,VASP,B2,3.6590748829608137
vasp-Ti1Zn1,Ti1Zn1,Ti,Zn,1.0,1.0,3.139475961043802,-4.6311873,,VASP,B2,3.139475961043802
vasp-Ti1Zr1,Ti1Zr1,Ti,Zr,1.0,1.0,3.4113906995053194,-8.05391341,,VASP,B2,3.4113906995053194
vasp-V1Ag1,V1Ag1,V,Ag,1.0,1.0,3.211498835171728,-5.268704675,,VASP,B2,3.211498835171728
vasp-V1Al1,V1Al1,V,Al,1.0,1.0,3.0869383818181992,-6.35146325,,VASP,B2,3.0869383818181992
vasp-V1As1,V1As1,V,As,1.0,1.0,3.061613399822635,-7.014349165,,VASP,B2,3.061613399822635
vasp-V1Au1,V1Au1,V,Au,1.0,1.0,3.2093132485376143,-5.975474965,,VASP,B2,3.2093132485376143
vasp-V1B1,V1B1,V,B,1.0,1.0,2.655733609997351,-7.741336695,,VASP,B2,2.655733609997351
vasp-V1Be1,V1Be1,V,Be,1.0,1.0,2.7924689985880833,-6.32767191,,VASP,B2,2.7924689985880833
vasp-V1Ca1,V1Ca1,V,Ca,1.0,1.0,3.7812751678268177,-4.517140385,,VASP,B2,3.7812751678268177
vasp-V1Cd1,V1Cd1,V,Cd,1.0,1.0,3.335716557360387,-4.30266809,,VASP,B2,3.335716557360387
vasp-V1Ce1,V1Ce1,V,Ce,1.0,1.0,3.521312021941136,-7.009577035,,VASP,B2,3.521312021941136
vasp-V1Co1,V1Co1,V,Co,1.0,1.0,2.869537564387819,-7.97714816,,VASP,B2,2.869537564387819
vasp-V1Cr1,V1Cr1,V,Cr,1.0,1.0,2.8963770659384958,-9.31660702,,VASP,B2,2.8963770659384958
vasp-V1Cu1,V1Cu1,V,Cu,1.0,1.0,2.9571865546745295,-6.020142795,,VASP,B2,2.9571865546745295
vasp-V1Dy1,V1Dy1,V,Dy,1.0,1.0,3.5926500227985203,-6.31908527,,VASP,B2,3.5926500227985203
vasp-V1Er1,V1Er1,V,Er,1.0,1.0,3.5664013691039433,-6.32398902,,VASP,B2,3.5664013691039433
vasp-V1Fe1,V1Fe1,V,Fe,1.0,1.0,2.854763042254788,-8.67838197,,VASP,B2,2.854763042254788
vasp-V1Ga1,V1Ga1,V,Ga,1.0,1.0,3.065665907001162,-5.906353685,,VASP,B2,3.065665907001162
vasp-V1Gd1,V1Gd1,V,Gd,1.0,1.0,3.4846710619469796,-10.826683745,,VASP,B2,3.4846710619469796
vasp-V1Ge1,V1Ge1,V,Ge,1.0,1.0,3.061821121828473,-6.65778537,,VASP,B2,3.061821121828473
vasp-V1Hf1,V1Hf1,V,Hf,1.0,1.0,3.295284575765132,-9.284078155,,VASP,B2,3.295284575765132
vasp-V1In1,V1In1,V,In,1.0,1.0,3.3496556215216784,-5.370173085,,VASP,B2,3.3496556215216784
vasp-V1Ir1,V1Ir1,V,Ir,1.0,1.0,3.055384259399057,-9.15700239,,VASP,B2,3.055384259399057
vasp-V1La1,V1La1,V,La,1.0,1.0,3.7160377274289367,-6.34459932,,VASP,B2,3.7160377274289367
vasp-V1Mg1,V1Mg1,V,Mg,1.0,1.0,3.2918329421785373,-4.516577275,,VASP,B2,3.2918329421785373
vasp-V1Mn1,V1Mn1,V,Mn,1.0,1.0,2.856627910921036,-9.243651995,,VASP,B2,2.856627910921036
vasp-V1Mo1,V1Mo1,V,Mo,1.0,1.0,3.0576648369030073,-10.086396135,,VASP,B2,3.0576648369030073
vasp-V1Na1,V1Na1,V,Na,1.0,1.0,3.648447506586476,-3.73941582,,VASP,B2,3.648447506586476
vasp-V1Nb1,V1Nb1,V,Nb,1.0,1.0,3.1686360588727642,-9.46014061,,VASP,B2,3.1686360588727642
vasp-V1Ni1,V1Ni1,V,Ni,1.0,1.0,2.8994558996907394,-7.168077485,,VASP,B2,2.8994558996907394
vasp-V1Os1,V1Os1,V,Os,1.0,1.0,3.022809886377102,-10.35098086,,VASP,B2,3.022809886377102
vasp-V1Pb1,V1Pb1,V,Pb,1.0,1.0,3.385961270992206,-5.56765861,,VASP,B2,3.385961270992206
vasp-V1Pd1,V1Pd1,V,Pd,1.0,1.0,3.1231429661118555,-7.06441778,,VASP,B2,3.1231429661118555
vasp-V1Pt1,V1Pt1,V,Pt,1.0,1.0,3.124790000698234,-7.783086275,,VASP,B2,3.124790000698234
vasp-V1Re1,V1Re1,V,Re,1.0,1.0,3.038818235694618,-11.052440165,,VASP,B2,3.038818235694618
vasp-V1Rh1,V1Rh1,V,Rh,1.0,1.0,3.0443503903143627,-8.309203275,,VASP,B2,3.0443503903143627
vasp-V1Ru1,V1Ru1,V,Ru,1.0,1.0,2.993423108207504,-9.30886227,,VASP,B2,2.993423108207504
vasp-V1Sb1,V1Sb1,V,Sb,1.0,1.0,3.2889265130762504,-6.363038055,,VASP,B2,3.2889265130762504
vasp-V1Sc1,V1Sc1,V,Sc,1.0,1.0,3.305766511209124,-7.103548255,,VASP,B2,3.305766511209124
vasp-V1Se1,V1Se1,V,Se,1.0,1.0,3.108032334400219,-6.46249037,,VASP,B2,3.108032334400219
vasp-V1Si1,V1Si1,V,Si,1.0,1.0,2.9695965261492168,-7.28926854,,VASP,B2,2.9695965261492168
vasp-V1Sn1,V1Sn1,V,Sn,1.0,1.0,3.2805546357797253,-6.06000688,,VASP,B2,3.2805546357797253
vasp-V1Sr1,V1Sr1,V,Sr,1.0,1.0,3.996358289796796,-4.2524603,,VASP,B2,3.996358289796796
vasp-V1Ta1,V1Ta1,V,Ta,1.0,1.0,3.1578499367842108,-10.395423045,,VASP,B2,3.1578499367842108
vasp-V1Tb1,V1Tb1,V,Tb,1.0,1.0,3.606745085635852,-6.31822413,,VASP,B2,3.606745085635852
vasp-V1Tc1,V1Tc1,V,Tc,1.0,1.0,3.0038785637597814,-10.01892694,,VASP,B2,3.0038785637597814
vasp-V1Ti1,V1Ti1,V,Ti,1.0,1.0,3.1101834344726282,-8.226971195,,VASP,B2,3.1101834344726282
vasp-V1V1,V1V1,V,V,1.0,1.0,2.982144108739903,-8.951511885,,VASP,B2,2.982144108739903
vasp-V1W1,V1W1,V,W,1.0,1.0,3.064541188415898,-11.06994905,,VASP,B2,3.064541188415898
vasp-V1Y1,V1Y1,V,Y,1.0,1.0,3.6081323551614615,-7.22533647,,VASP,B2,3.6081323551614615
vasp-V1Zn1,V1Zn1,V,Zn,1.0,1.0,3.01992189589742,-4.83260428,,VASP,B2,3.01992189589742
vasp-V1Zr1,V1Zr1,V,Zr,1.0,1.0,3.3328315949785754,-8.562128475,,VASP,B2,3.3328315949785754
vasp-W1Ag1,W1Ag1,W,Ag,1.0,1.0,3.207852469911684,-6.70027357,,VASP,B2,3.207852469911684
vasp-W1Al1,W1Al1,W,Al,1.0,1.0,3.125348710418148,-8.055674675,,VASP,B2,3.125348710418148
vasp-W1As1,W1As1,W,As,1.0,1.0,3.124834481729522,-8.56115634,,VASP,B2,3.124834481729522
vasp-W1Au1,W1Au1,W,Au,1.0,1.0,3.2314010180910335,-7.291539895,,VASP,B2,3.2314010180910335
vasp-W1B1,W1B1,W,B,1.0,1.0,2.7960595442050957,-9.461820415,,VASP,B2,2.7960595442050957
vasp-W1Be1,W1Be1,W,Be,1.0,1.0,2.8962864420769034,-8.02765202,,VASP,B2,2.8962864420769034
vasp-W1Ca1,W1Ca1,W,Ca,1.0,1.0,3.5171544475085432,-5.719269625,,VASP,B2,3.5171544475085432
vasp-W1Cd1,W1Cd1,W,Cd,1.0,1.0,3.279352628785414,-5.697881095,,VASP,B2,3.279352628785414
vasp-W1Ce1,W1Ce1,W,Ce,1.0,1.0,3.4880502755115725,-8.738979195,,VASP,B2,3.4880502755115725
vasp-W1Co1,W1Co1,W,Co,1.0,1.0,2.934598091339205,-9.65542199,,VASP,B2,2.934598091339205
vasp-W1Cr1,W1Cr1,W,Cr,1.0,1.0,3.016356481622769,-11.220604125,,VASP,B2,3.016356481622769
vasp-W1Cu1,W1Cu1,W,Cu,1.0,1.0,3.027429565234147,-7.775848735,,VASP,B2,3.027429565234147
vasp-W1Dy1,W1Dy1,W,Dy,1.0,1.0,3.498151132906588,-7.82709258,,VASP,B2,3.498151132906588
vasp-W1Er1,W1Er1,W,Er,1.0,1.0,3.4749397371289112,-7.857618955,,VASP,B2,3.4749397371289112
vasp-W1Fe1,W1Fe1,W,Fe,1.0,1.0,2.9804022656264784,-10.274933925,,VASP,B2,2.9804022656264784
vasp-W1Ga1,W1Ga1,W,Ga,1.0,1.0,3.1259262306611166,-7.48825545,,VASP,B2,3.1259262306611166
vasp-W1Gd1,W1Gd1,W,Gd,1.0,1.0,3.8685835307920353,-9.9017304,,VASP,B2,3.8685835307920353
vasp-W1Ge1,W1Ge1,W,Ge,1.0,1.0,3.1344320308450824,-8.36730509,,VASP,B2,3.1344320308450824
vasp-W1Hf1,W1Hf1,W,Hf,1.0,1.0,3.3277536026758017,-11.303557615,,VASP,B2,3.3277536026758017
vasp-W1In1,W1In1,W,In,1.0,1.0,3.3172258653515665,-6.783141085,,VASP,B2,3.3172258653515665
vasp-W1Ir1,W1Ir1,W,Ir,1.0,1.0,3.1547782610247084,-10.51337397,,VASP,B2,3.1547782610247084
vasp-W1La1,W1La1,W,La,1.0,1.0,3.6351491937794838,-7.78789361,,VASP,B2,3.6351491937794838
vasp-W1Mg1,W1Mg1,W,Mg,1.0,1.0,3.221965021037934,-6.19781636,,VASP,B2,3.221965021037934
vasp-W1Mn1,W1Mn1,W,Mn,1.0,1.0,2.9866615916311976,-10.858413035,,VASP,B2,2.9866615916311976
vasp-W1Mo1,W1Mo1,W,Mo,1.0,1.0,3.1619517325442508,-11.989443155,,VASP,B2,3.1619517325442508
vasp-W1Na1,W1Na1,W,Na,1.0,1.0,3.3070843931638785,-4.8906351,,VASP,B2,3.3070843931638785
vasp-W1Nb1,W1Nb1,W,Nb,1.0,1.0,3.239286144557977,-11.601198125,,VASP,B2,3.239286144557977
vasp-W1Ni1,W1Ni1,W,Ni,1.0,1.0,2.9933027186581667,-8.913231845,,VASP,B2,2.9933027186581667
vasp-W1Os1,W1Os1,W,Os,1.0,1.0,3.1407130137974084,-11.664795935,,VASP,B2,3.1407130137974084
vasp-W1Pb1,W1Pb1,W,Pb,1.0,1.0,3.415981597455869,-6.913097985,,VASP,B2,3.415981597455869
vasp-W1Pd1,W1Pd1,W,Pd,1.0,1.0,3.1531645784001276,-8.539914405,,VASP,B2,3.1531645784001276
vasp-W1Pt1,W1Pt1,W,Pt,1.0,1.0,3.183016045028469,-9.16962648,,VASP,B2,3.183016045028469
vasp-W1Re1,W1Re1,W,Re,1.0,1.0,3.1501691991986522,-12.580975085,,VASP,B2,3.1501691991986522
vasp-W1Rh1,W1Rh1,W,Rh,1.0,1.0,3.1324654396898883,-9.720926905,,VASP,B2,3.1324654396898883
vasp-W1Ru1,W1Ru1,W,Ru,1.0,1.0,3.1094971383664616,-10.746135965,,VASP,B2,3.1094971383664616
vasp-W1Sb1,W1Sb1,W,Sb,1.0,1.0,3.322341553105858,-7.904453425,,VASP,B2,3.322341553105858
vasp-W1Sc1,W1Sc1,W,Sc,1.0,1.0,3.3108651904841366,-9.000296495,,VASP,B2,3.3108651904841366
vasp-W1Se1,W1Se1,W,Se,1.0,1.0,3.1474667705067443,-7.74430346,,VASP,B2,3.1474667705067443
vasp-W1Si1,W1Si1,W,Si,1.0,1.0,3.0499691047008826,-9.11107852,,VASP,B2,3.0499691047008826
vasp-W1Sn1,W1Sn1,W,Sn,1.0,1.0,3.3210829461931795,-7.64339046,,VASP,B2,3.3210829461931795
vasp-W1Sr1,W1Sr1,W,Sr,1.0,1.0,3.774891015251452,-5.26143873,,VASP,B2,3.774891015251452
vasp-W1Ta1,W1Ta1,W,Ta,1.0,1.0,3.2273208381913,-12.564885705,,VASP,B2,3.2273208381913
vasp-W1Tb1,W1Tb1,W,Tb,1.0,1.0,3.5094174145002133,-7.812824475,,VASP,B2,3.5094174145002133
vasp-W1Tc1,W1Tc1,W,Tc,1.0,1.0,3.1197017907132096,-11.61183001,,VASP,B2,3.1197017907132096
vasp-W1Ti1,W1Ti1,W,Ti,1.0,1.0,3.1698053592200717,-10.29215074,,VASP,B2,3.1698053592200717
vasp-W1V1,W1V1,W,V,1.0,1.0,3.0645411867670935,-11.06994905,,VASP,B2,3.0645411867670935
vasp-W1W1,W1W1,W,W,1.0,1.0,3.172385894399145,-13.02686999,,VASP,B2,3.172385894399145
vasp-W1Y1,W1Y1,W,Y,1.0,1.0,3.4955788730762416,-8.769208385,,VASP,B2,3.4955788730762416
vasp-W1Zn1,W1Zn1,W,Zn,1.0,1.0,3.091056893292852,-6.413002605,,VASP,B2,3.091056893292852
vasp-W1Zr1,W1Zr1,W,Zr,1.0,1.0,3.353451282652733,-10.52170304,,VASP,B2,3.353451282652733
vasp-Y1Ag1,Y1Ag1,Y,Ag,1.0,1.0,3.6408305220058415,-4.927036475,,VASP,B2,3.6408305220058415
vasp-Y1Al1,Y1Al1,Y,Al,1.0,1.0,3.6154301451489106,-5.512805185,,VASP,B2,3.6154301451489106
vasp-Y1As1,Y1As1,Y,As,1.0,1.0,3.5772649402724745,-6.63217104,,VASP,B2,3.5772649402724745
vasp-Y1Au1,Y1Au1,Y,Au,1.0,1.0,3.601611652834998,-5.70522854,,VASP,B2,3.601611652834998
vasp-Y1B1,Y1B1,Y,B,1.0,1.0,3.2135640742816958,-6.33837095,,VASP,B2,3.2135640742816958
vasp-Y1Be1,Y1Be1,Y,Be,1.0,1.0,3.416019244759295,-5.009711455,,VASP,B2,3.416019244759295
vasp-Y1Ca1,Y1Ca1,Y,Ca,1.0,1.0,4.1456639194699205,-4.006351855,,VASP,B2,4.1456639194699205
vasp-Y1Cd1,Y1Cd1,Y,Cd,1.0,1.0,3.742266911928686,-3.965354525,,VASP,B2,3.742266911928686
vasp-Y1Ce1,Y1Ce1,Y,Ce,1.0,1.0,4.007960859227378,-5.94681715,,VASP,B2,4.007960859227378
vasp-Y1Co1,Y1Co1,Y,Co,1.0,1.0,3.335335481521434,-6.87752219,,VASP,B2,3.335335481521434
vasp-Y1Cr1,Y1Cr1,Y,Cr,1.0,1.0,3.5354570223577904,-7.56432613,,VASP,B2,3.5354570223577904
vasp-Y1Cu1,Y1Cu1,Y,Cu,1.0,1.0,3.4766665935640826,-5.33373493,,VASP,B2,3.4766665935640826
vasp-Y1Dy1,Y1Dy1,Y,Dy,1.0,1.0,4.017290982041975,-5.3528235,,VASP,B2,4.017290982041975
vasp-Y1Er1,Y1Er1,Y,Er,1.0,1.0,3.998826640488899,-5.331044885,,VASP,B2,3.998826640488899
vasp-Y1Fe1,Y1Fe1,Y,Fe,1.0,1.0,3.39267742853831,-7.150529255,,VASP,B2,3.39267742853831
vasp-Y1Ga1,Y1Ga1,Y,Ga,1.0,1.0,3.5789984251158566,-5.28634289,,VASP,B2,3.5789984251158566
vasp-Y1Gd1,Y1Gd1,Y,Gd,1.0,1.0,4.026207189818861,-10.163698565,,VASP,B2,4.026207189818861
vasp-Y1Ge1,Y1Ge1,Y,Ge,1.0,1.0,3.595205896566788,-6.06175457,,VASP,B2,3.595205896566788
vasp-Y1Hf1,Y1Hf1,Y,Hf,1.0,1.0,3.7433340222259157,-7.812009035,,VASP,B2,3.7433340222259157
vasp-Y1In1,Y1In1,Y,In,1.0,1.0,3.7727906411987195,-5.001713485,,VASP,B2,3.7727906411987195
vasp-Y1Ir1,Y1Ir1,Y,Ir,1.0,1.0,3.430305267375896,-8.44222649,,VASP,B2,3.430305267375896
vasp-Y1La1,Y1La1,Y,La,1.0,1.0,4.130698072023824,-5.57763383,,VASP,B2,4.130698072023824
vasp-Y1Mg1,Y1Mg1,Y,Mg,1.0,1.0,3.801158255760597,-4.079924095,,VASP,B2,3.801158255760597
vasp-Y1Mn1,Y1Mn1,Y,Mn,1.0,1.0,3.5514340575466967,-7.517770775,,VASP,B2,3.5514340575466967
vasp-Y1Mo1,Y1Mo1,Y,Mo,1.0,1.0,3.4940322620374116,-8.038851565,,VASP,B2,3.4940322620374116
vasp-Y1Na1,Y1Na1,Y,Na,1.0,1.0,4.0035374901299585,-3.449874225,,VASP,B2,4.0035374901299585
vasp-Y1Nb1,Y1Nb1,Y,Nb,1.0,1.0,3.607868976948315,-7.722697265,,VASP,B2,3.607868976948315
vasp-Y1Ni1,Y1Ni1,Y,Ni,1.0,1.0,3.3932195084586922,-6.330505,,VASP,B2,3.3932195084586922
vasp-Y1Os1,Y1Os1,Y,Os,1.0,1.0,3.4146276272745886,-8.846315565,,VASP,B2,3.4146276272745886
vasp-Y1Pb1,Y1Pb1,Y,Pb,1.0,1.0,3.8674144763531073,-5.4026522,,VASP,B2,3.8674144763531073
vasp-Y1Pd1,Y1Pd1,Y,Pd,1.0,1.0,3.5253060901259423,-6.69766839,,VASP,B2,3.5253060901259423
vasp-Y1Pt1,Y1Pt1,Y,Pt,1.0,1.0,3.498310481286504,-7.464916075,,VASP,B2,3.498310481286504
vasp-Y1Re1,Y1Re1,Y,Re,1.0,1.0,3.56325,-8.807364325,,VASP,B2,3.56325
vasp-Y1Rh1,Y1Rh1,Y,Rh,1.0,1.0,3.4322310532645592,-7.679573505,,VASP,B2,3.4322310532645592
vasp-Y1Ru1,Y1Ru1,Y,Ru,1.0,1.0,3.404689536142656,-8.057735695,,VASP,B2,3.404689536142656
vasp-Y1Sb1,Y1Sb1,Y,Sb,1.0,1.0,3.801367466966249,-6.132686185,,VASP,B2,3.801367466966249
vasp-Y1Sc1,Y1Sc1,Y,Sc,1.0,1.0,3.8364046131581966,-6.24687395,,VASP,B2,3.8364046131581966
vasp-Y1Se1,Y1Se1,Y,Se,1.0,1.0,3.552853825847524,-6.499871655,,VASP,B2,3.552853825847524
vasp-Y1Si1,Y1Si1,Y,Si,1.0,1.0,3.5374250124614557,-6.35094729,,VASP,B2,3.5374250124614557
vasp-Y1Sn1,Y1Sn1,Y,Sn,1.0,1.0,3.8031561086614016,-5.68802324,,VASP,B2,3.8031561086614016
vasp-Y1Sr1,Y1Sr1,Y,Sr,1.0,1.0,4.311114623520624,-3.7246971,,VASP,B2,4.311114623520624
vasp-Y1Ta1,Y1Ta1,Y,Ta,1.0,1.0,3.594744774879296,-8.424768635,,VASP,B2,3.594744774879296
vasp-Y1Tb1,Y1Tb1,Y,Tb,1.0,1.0,4.02325,-5.369722705,,VASP,B2,4.02325
vasp-Y1Tc1,Y1Tc1,Y,Tc,1.0,1.0,3.4262115106865254,-8.140292485,,VASP,B2,3.4262115106865254
vasp-Y1Ti1,Y1Ti1,Y,Ti,1.0,1.0,3.6590747643502826,-6.74542153,,VASP,B2,3.6590747643502826
vasp-Y1V1,Y1V1,Y,V,1.0,1.0,3.608132315590587,-7.22533647,,VASP,B2,3.608132315590587
vasp-Y1W1,Y1W1,Y,W,1.0,1.0,3.495579329064723,-8.769208385,,VASP,B2,3.495579329064723
vasp-Y1Y1,Y1Y1,Y,Y,1.0,1.0,4.026450971189609,-6.306775665,,VASP,B2,4.026450971189609
vasp-Y1Zn1,Y1Zn1,Y,Zn,1.0,1.0,3.5749642864002684,-4.1536397,,VASP,B2,3.5749642864002684
vasp-Y1Zr1,Y1Zr1,Y,Zr,1.0,1.0,3.774259538217371,-7.201630955,,VASP,B2,3.774259538217371
vasp-Zn1Ag1,Zn1Ag1,Zn,Ag,1.0,1.0,3.1837651590588814,-2.022799725,,VASP,B2,3.1837651590588814
vasp-Zn1Al1,Zn1Al1,Zn,Al,1.0,1.0,3.1839602119674737,-2.321384555,,VASP,B2,3.1839602119674737
vasp-Zn1As1,Zn1As1,Zn,As,1.0,1.0,3.2865142713354913,-2.64639611,,VASP,B2,3.2865142713354913
vasp-Zn1Au1,Zn1Au1,Zn,Au,1.0,1.0,3.1875194267449722,-2.376205835,,VASP,B2,3.1875194267449722
vasp-Zn1B1,Zn1B1,Zn,B,1.0,1.0,2.8077141128112313,-2.700727505,,VASP,B2,2.8077141128112313
vasp-Zn1Be1,Zn1Be1,Zn,Be,1.0,1.0,2.8300351035736813,-2.19371766,,VASP,B2,2.8300351035736813
vasp-Zn1Ca1,Zn1Ca1,Zn,Ca,1.0,1.0,3.6663543208202314,-1.76990539,,VASP,B2,3.6663543208202314
vasp-Zn1Cd1,Zn1Cd1,Zn,Cd,1.0,1.0,3.3983970832127466,-0.839349565,,VASP,B2,3.3983970832127466
vasp-Zn1Ce1,Zn1Ce1,Zn,Ce,1.0,1.0,3.6041370158954966,-3.70802413,,VASP,B2,3.6041370158954966
vasp-Zn1Co1,Zn1Co1,Zn,Co,1.0,1.0,2.8755621777000124,-4.03978975,,VASP,B2,2.8755621777000124
vasp-Zn1Cr1,Zn1Cr1,Zn,Cr,1.0,1.0,3.1028637951545903,-4.97727893,,VASP,B2,3.1028637951545903
vasp-Zn1Cu1,Zn1Cu1,Zn,Cu,1.0,1.0,2.9666227662053015,-2.569935,,VASP,B2,2.9666227662053015
vasp-Zn1Dy1,Zn1Dy1,Zn,Dy,1.0,1.0,3.56513264724945,-3.171303715,,VASP,B2,3.56513264724945
vasp-Zn1Er1,Zn1Er1,Zn,Er,1.0,1.0,3.535789781323072,-3.15603532,,VASP,B2,3.535789781323072
vasp-Zn1Fe1,Zn1Fe1,Zn,Fe,1.0,1.0,2.9115686785522876,-4.56153467,,VASP,B2,2.9115686785522876
vasp-Zn1Ga1,Zn1Ga1,Zn,Ga,1.0,1.0,3.26674456967851,-1.91837451,,VASP,B2,3.26674456967851
vasp-Zn1Gd1,Zn1Gd1,Zn,Gd,1.0,1.0,3.6005413478353065,-7.972823765,,VASP,B2,3.6005413478353065
vasp-Zn1Ge1,Zn1Ge1,Zn,Ge,1.0,1.0,3.302368314652694,-2.612077525,,VASP,B2,3.302368314652694
vasp-Zn1Hf1,Zn1Hf1,Zn,Hf,1.0,1.0,3.293968645030735,-5.745031795,,VASP,B2,3.293968645030735
vasp-Zn1In1,Zn1In1,Zn,In,1.0,1.0,3.5114828002590235,-1.707540445,,VASP,B2,3.5114828002590235
vasp-Zn1Ir1,Zn1Ir1,Zn,Ir,1.0,1.0,3.03587695896535,-5.08338923,,VASP,B2,3.03587695896535
vasp-Zn1La1,Zn1La1,Zn,La,1.0,1.0,3.755659157842417,-3.32178504,,VASP,B2,3.755659157842417
vasp-Zn1Mg1,Zn1Mg1,Zn,Mg,1.0,1.0,3.318527962125139,-1.388671625,,VASP,B2,3.318527962125139
vasp-Zn1Mn1,Zn1Mn1,Zn,Mn,1.0,1.0,2.904614564628345,-4.628260035,,VASP,B2,2.904614564628345
vasp-Zn1Mo1,Zn1Mo1,Zn,Mo,1.0,1.0,3.090296997515712,-5.619128465,,VASP,B2,3.090296997515712
vasp-Zn1Na1,Zn1Na1,Zn,Na,1.0,1.0,3.5920603374064175,-1.117884025,,VASP,B2,3.5920603374064175
vasp-Zn1Nb1,Zn1Nb1,Zn,Nb,1.0,1.0,3.193610522552519,-5.51973723,,VASP,B2,3.193610522552519
vasp-Zn1Ni1,Zn1Ni1,Zn,Ni,1.0,1.0,2.8962456542117936,-3.536745235,,VASP,B2,2.8962456542117936
vasp-Zn1Os1,Zn1Os1,Zn,Os,1.0,1.0,3.0309532904530854,-5.67889813,,VASP,B2,3.0309532904530854
vasp-Zn1Pb1,Zn1Pb1,Zn,Pb,1.0,1.0,3.658272556906299,-2.16549283,,VASP,B2,3.658272556906299
vasp-Zn1Pd1,Zn1Pd1,Zn,Pd,1.0,1.0,3.073664698425901,-3.71695689,,VASP,B2,3.073664698425901
vasp-Zn1Pt1,Zn1Pt1,Zn,Pt,1.0,1.0,3.080968100768979,-4.10755542,,VASP,B2,3.080968100768979
vasp-Zn1Re1,Zn1Re1,Zn,Re,1.0,1.0,3.1286,-6.1042055,,VASP,B2,3.1286
vasp-Zn1Rh1,Zn1Rh1,Zn,Rh,1.0,1.0,3.022153347910881,-4.546992715,,VASP,B2,3.022153347910881
vasp-Zn1Ru1,Zn1Ru1,Zn,Ru,1.0,1.0,3.0199819164189257,-5.024430435,,VASP,B2,3.0199819164189257
vasp-Zn1Sb1,Zn1Sb1,Zn,Sb,1.0,1.0,3.5349723948201293,-2.428986645,,VASP,B2,3.5349723948201293
vasp-Zn1Sc1,Zn1Sc1,Zn,Sc,1.0,1.0,3.3509982507727654,-4.07949854,,VASP,B2,3.3509982507727654
vasp-Zn1Se1,Zn1Se1,Zn,Se,1.0,1.0,3.355287482113428,-2.18827802,,VASP,B2,3.355287482113428
vasp-Zn1Si1,Zn1Si1,Zn,Si,1.0,1.0,3.1759600389425873,-2.8664386,,VASP,B2,3.1759600389425873
vasp-Zn1Sn1,Zn1Sn1,Zn,Sn,1.0,1.0,3.5335688407572827,-2.37084135,,VASP,B2,3.5335688407572827
vasp-Zn1Sr1,Zn1Sr1,Zn,Sr,1.0,1.0,3.917147167034189,-1.54506252,,VASP,B2,3.917147167034189
vasp-Zn1Ta1,Zn1Ta1,Zn,Ta,1.0,1.0,3.173348616903965,-6.27818294,,VASP,B2,3.173348616903965
vasp-Zn1Tb1,Zn1Tb1,Zn,Tb,1.0,1.0,3.581930875816869,-3.18165217,,VASP,B2,3.581930875816869
vasp-Zn1Tc1,Zn1Tc1,Zn,Tc,1.0,1.0,3.0374600809237435,-5.41984415,,VASP,B2,3.0374600809237435
vasp-Zn1Ti1,Zn1Ti1,Zn,Ti,1.0,1.0,3.1394759764491775,-4.6311873,,VASP,B2,3.1394759764491775
vasp-Zn1V1,Zn1V1,Zn,V,1.0,1.0,3.0199214176584155,-4.83260428,,VASP,B2,3.0199214176584155
vasp-Zn1W1,Zn1W1,Zn,W,1.0,1.0,3.0910568910318608,-6.413002605,,VASP,B2,3.0910568910318608
vasp-Zn1Y1,Zn1Y1,Zn,Y,1.0,1.0,3.574964557890282,-4.1536397,,VASP,B2,3.574964557890282
vasp-Zn1Zn1,Zn1Zn1,Zn,Zn,1.0,1.0,3.157173636874806,-1.03570819,,VASP,B2,3.157173636874806
vasp-Zn1Zr1,Zn1Zr1,Zn,Zr,1.0,1.0,3.3405521608800006,-5.125035635,,VASP,B2,3.3405521608800006
vasp-Zr1Ag1,Zr1Ag1,Zr,Ag,1.0,1.0,3.4427762971642726,-5.634221485,,VASP,B2,3.4427762971642726
vasp-Zr1Al1,Zr1Al1,Zr,Al,1.0,1.0,3.3793801698842216,-6.448013315,,VASP,B2,3.3793801698842216
vasp-Zr1As1,Zr1As1,Zr,As,1.0,1.0,3.3579067353825405,-7.456071765,,VASP,B2,3.3579067353825405
vasp-Zr1Au1,Zr1Au1,Zr,Au,1.0,1.0,3.429298547941841,-6.348686135,,VASP,B2,3.429298547941841
vasp-Zr1B1,Zr1B1,Zr,B,1.0,1.0,3.0232614217548965,-7.50420677,,VASP,B2,3.0232614217548965
vasp-Zr1Be1,Zr1Be1,Zr,Be,1.0,1.0,3.1613481509843355,-6.24737185,,VASP,B2,3.1613481509843355
vasp-Zr1Ca1,Zr1Ca1,Zr,Ca,1.0,1.0,3.8548690240145684,-4.617522755,,VASP,B2,3.8548690240145684
vasp-Zr1Cd1,Zr1Cd1,Zr,Cd,1.0,1.0,3.5193372535025054,-4.740773895,,VASP,B2,3.5193372535025054
vasp-Zr1Ce1,Zr1Ce1,Zr,Ce,1.0,1.0,3.717851106228066,-6.975151575,,VASP,B2,3.717851106228066
vasp-Zr1Co1,Zr1Co1,Zr,Co,1.0,1.0,3.1837692839416682,-8.1210022,,VASP,B2,3.1837692839416682
vasp-Zr1Cr1,Zr1Cr1,Zr,Cr,1.0,1.0,3.2344866540624575,-8.73332475,,VASP,B2,3.2344866540624575
vasp-Zr1Cu1,Zr1Cu1,Zr,Cu,1.0,1.0,3.2675367041047663,-6.2781599,,VASP,B2,3.2675367041047663
vasp-Zr1Dy1,Zr1Dy1,Zr,Dy,1.0,1.0,3.757093953033723,-6.25122845,,VASP,B2,3.757093953033723
vasp-Zr1Er1,Zr1Er1,Zr,Er,1.0,1.0,3.742571146223821,-6.242180115,,VASP,B2,3.742571146223821
vasp-Zr1Fe1,Zr1Fe1,Zr,Fe,1.0,1.0,3.166513591555499,-8.626400515,,VASP,B2,3.166513591555499
vasp-Zr1Ga1,Zr1Ga1,Zr,Ga,1.0,1.0,3.3655011097901846,-6.14982584,,VASP,B2,3.3655011097901846
vasp-Zr1Gd1,Zr1Gd1,Zr,Gd,1.0,1.0,3.781270535831313,-11.04258754,,VASP,B2,3.781270535831313
vasp-Zr1Ge1,Zr1Ge1,Zr,Ge,1.0,1.0,3.3846428289556854,-6.923465325,,VASP,B2,3.3846428289556854
vasp-Zr1Hf1,Zr1Hf1,Zr,Hf,1.0,1.0,3.5529733649771487,-9.12548678,,VASP,B2,3.5529733649771487
vasp-Zr1In1,Zr1In1,Zr,In,1.0,1.0,3.5597915529505104,-5.71254527,,VASP,B2,3.5597915529505104
vasp-Zr1Ir1,Zr1Ir1,Zr,Ir,1.0,1.0,3.3048408688736717,-9.48467939,,VASP,B2,3.3048408688736717
vasp-Zr1La1,Zr1La1,Zr,La,1.0,1.0,3.8427863392615755,-6.41056842,,VASP,B2,3.8427863392615755
vasp-Zr1Mg1,Zr1Mg1,Zr,Mg,1.0,1.0,3.523101242518627,-4.929734555,,VASP,B2,3.523101242518627
vasp-Zr1Mn1,Zr1Mn1,Zr,Mn,1.0,1.0,3.1873943846466295,-8.80279711,,VASP,B2,3.1873943846466295
vasp-Zr1Mo1,Zr1Mo1,Zr,Mo,1.0,1.0,3.335454364872758,-9.676354405,,VASP,B2,3.335454364872758
vasp-Zr1Na1,Zr1Na1,Zr,Na,1.0,1.0,3.989604986963087,-3.788262095,,VASP,B2,3.989604986963087
vasp-Zr1Nb1,Zr1Nb1,Zr,Nb,1.0,1.0,3.4350246255356063,-9.21221122,,VASP,B2,3.4350246255356063
vasp-Zr1Ni1,Zr1Ni1,Zr,Ni,1.0,1.0,3.207465415703621,-7.409192885,,VASP,B2,3.207465415703621
vasp-Zr1Os1,Zr1Os1,Zr,Os,1.0,1.0,3.2834779870504542,-10.447694395,,VASP,B2,3.2834779870504542
vasp-Zr1Pb1,Zr1Pb1,Zr,Pb,1.0,1.0,3.641729494268247,-6.024873555,,VASP,B2,3.641729494268247
vasp-Zr1Pd1,Zr1Pd1,Zr,Pd,1.0,1.0,3.3520120511390403,-7.5082091,,VASP,B2,3.3520120511390403
vasp-Zr1Pt1,Zr1Pt1,Zr,Pt,1.0,1.0,3.3535016160831836,-8.23355178,,VASP,B2,3.3535016160831836
vasp-Zr1Re1,Zr1Re1,Zr,Re,1.0,1.0,3.3019912887796754,-10.68259228,,VASP,B2,3.3019912887796754
vasp-Zr1Rh1,Zr1Rh1,Zr,Rh,1.0,1.0,3.29435,-8.647623305,,VASP,B2,3.29435
vasp-Zr1Ru1,Zr1Ru1,Zr,Ru,1.0,1.0,3.26521370416661,-9.55433484,,VASP,B2,3.26521370416661
vasp-Zr1Sb1,Zr1Sb1,Zr,Sb,1.0,1.0,3.5639038678529187,-6.873889905,,VASP,B2,3.5639038678529187
vasp-Zr1Sc1,Zr1Sc1,Zr,Sc,1.0,1.0,3.600252486400209,-7.26166173,,VASP,B2,3.600252486400209
vasp-Zr1Se1,Zr1Se1,Zr,Se,1.0,1.0,3.3622640604931413,-7.143487585,,VASP,B2,3.3622640604931413
vasp-Zr1Si1,Zr1Si1,Zr,Si,1.0,1.0,3.323606661507141,-7.31827662,,VASP,B2,3.323606661507141
vasp-Zr1Sn1,Zr1Sn1,Zr,Sn,1.0,1.0,3.5764953247176243,-6.423034015,,VASP,B2,3.5764953247176243
vasp-Zr1Sr1,Zr1Sr1,Zr,Sr,1.0,1.0,4.027591062829223,-4.18891848,,VASP,B2,4.027591062829223
vasp-Zr1Ta1,Zr1Ta1,Zr,Ta,1.0,1.0,3.4333573805282547,-10.001784415,,VASP,B2,3.4333573805282547
vasp-Zr1Tb1,Zr1Tb1,Zr,Tb,1.0,1.0,3.7638909328478682,-6.260340685,,VASP,B2,3.7638909328478682
vasp-Zr1Tc1,Zr1Tc1,Zr,Tc,1.0,1.0,3.2923434957859024,-9.79459478,,VASP,B2,3.2923434957859024
vasp-Zr1Ti1,Zr1Ti1,Zr,Ti,1.0,1.0,3.4113907043666325,-8.05391341,,VASP,B2,3.4113907043666325
vasp-Zr1V1,Zr1V1,Zr,V,1.0,1.0,3.3328315433753244,-8.562128475,,VASP,B2,3.3328315433753244
vasp-Zr1W1,Zr1W1,Zr,W,1.0,1.0,3.3534512838217045,-10.52170304,,VASP,B2,3.3534512838217045
vasp-Zr1Y1,Zr1Y1,Zr,Y,1.0,1.0,3.774258987507853,-7.20163096,,VASP,B2,3.774258987507853
vasp-Zr1Zn1,Zr1Zn1,Zr,Zn,1.0,1.0,3.340552170556614,-5.125035635,,VASP,B2,3.340552170556614
vasp-Zr1Zr1,Zr1Zr1,Zr,Zr,1.0,1.0,3.5687167951213277,-8.468212555,,VASP,B2,3.5687167951213277
