directory,type,element_A,element_B,lattice_constant_A,energy_per_atom,magnetization
Ag1Ag1,B2,Ag,Ag,3.3008639381824243,-2.7175565,-1e-07
Ag1Al1,B2,Ag,Al,3.228309192849007,-3.20044005,-7e-07
Ag1As1,B2,Ag,As,3.3576427385396954,-3.4401994,-1e-07
Ag1Au1,B2,Ag,Au,3.300070106960072,-2.9866714,-1.5e-06
Ag1B1,B2,Ag,B,2.8923697743314714,-3.34914595,1e-06
Ag1Be1,B2,Ag,Be,2.9465642735615756,-3.08224605,4.78e-05
Ag1Ca1,B2,Ag,Ca,3.71172247036893,-2.66765955,2.8e-06
Ag1Cd1,B2,Ag,Cd,3.383705570571453,-1.8659447,-4e-07
Ag1Ce1,B2,Ag,Ce,3.716409477364642,-4.4009291,-1.2670651
Ag1Co1,B2,Ag,Co,3.066823507874242,-4.32951545,-1.6609289
Ag1Cr1,B2,Ag,Cr,3.2679070258326615,-5.5128255,4.2876755
Ag1Cu1,B2,Ag,Cu,3.108036572536563,-3.1384965,-1e-07
Ag1Dy1,B2,Ag,Dy,3.6339658181979595,-3.9629875,7e-07
Ag1Er1,B2,Ag,Er,3.601293770250497,-3.9533292,-1.4e-06
Ag1Fe1,B2,Ag,Fe,3.124836576513983,-4.96879355,-2.8923076
Ag1Ga1,B2,Ag,Ga,3.3101895900910945,-2.7981281,1.5e-06
Ag1Gd1,B2,Ag,Gd,3.669226558929017,-8.9792455,4.0855841
Ag1Ge1,B2,Ag,Ge,3.3551313803865996,-3.39458685,-7e-07
Ag1Hf1,B2,Ag,Hf,3.3999679212901897,-6.2614455,1.3e-06
Ag1In1,B2,Ag,In,3.512894804646917,-2.62422355,-2.1e-06
Ag1Ir1,B2,Ag,Ir,3.1743040904973103,-5.0025155,0.7530843
Ag1La1,B2,Ag,La,3.810284805640961,-4.08175565,0.2416071
Ag1Mg1,B2,Ag,Mg,3.330670747183015,-2.4069436,2e-07
Ag1Mn1,B2,Ag,Mn,3.0584300345497293,-4.83581745,-0.0001033
Ag1Mo1,B2,Ag,Mo,3.215206439857441,-5.8702555,4e-07
Ag1Na1,B2,Ag,Na,3.571239173708281,-1.9951791,-2e-07
Ag1Nb1,B2,Ag,Nb,3.316475510685323,-5.8803355,-0.0
Ag1Ni1,B2,Ag,Ni,3.0457545196043188,-3.78961955,-8e-06
Ag1Os1,B2,Ag,Os,3.150907906904845,-5.7638215,-1e-07
Ag1Pb1,B2,Ag,Pb,3.6588659538982102,-3.04936565,-3.6e-06
Ag1Pd1,B2,Ag,Pd,3.214776746330491,-3.99743785,0.0
Ag1Pt1,B2,Ag,Pt,3.2145466942223107,-4.23247275,-1.6e-05
Ag1Re1,B2,Ag,Re,3.1666109640984104,-6.3446725,1.13e-05
Ag1Rh1,B2,Ag,Rh,3.179837381277619,-4.53216335,1.1163335
Ag1Ru1,B2,Ag,Ru,3.148564403879979,-5.113904,0.0060453
Ag1Sb1,B2,Ag,Sb,3.5736853214366513,-3.2340624,1.4e-06
Ag1Sc1,B2,Ag,Sc,3.437297950448256,-4.7943476,0.0
Ag1Se1,B2,Ag,Se,3.4293892759389335,-2.8992655,-4e-07
Ag1Si1,B2,Ag,Si,3.262432337243844,-3.600982,1.4e-06
Ag1Sn1,B2,Ag,Sn,3.564578477497716,-3.17491295,1.1e-06
Ag1Sr1,B2,Ag,Sr,3.927575799062772,-2.47148555,3e-07
Ag1Ta1,B2,Ag,Ta,3.291143648145928,-6.676029,-0.0
Ag1Tb1,B2,Ag,Tb,3.651402481703355,-3.96852865,3.7e-06
Ag1Tc1,B2,Ag,Tc,3.1628797804634594,-5.593526,-0.0052559
Ag1Ti1,B2,Ag,Ti,3.2791766244975697,-5.1111505,1.1898849
Ag1V1,B2,Ag,V,3.2114988660669286,-5.2687045,2.4243268
Ag1W1,B2,Ag,W,3.2078375577853384,-6.7002735,-7e-07
Ag1Y1,B2,Ag,Y,3.640843634814146,-4.92703645,-3e-06
Ag1Zn1,B2,Ag,Zn,3.1827883974960534,-2.0228083,0.0
Ag1Zr1,B2,Ag,Zr,3.442752764472836,-5.6342215,4e-07
Al1Ag1,B2,Al,Ag,3.2283091947362603,-3.20044005,-7e-07
Al1Al1,B2,Al,Al,3.2253523268910893,-3.69174885,5e-07
Al1As1,B2,Al,As,3.2851338271952257,-4.0131196,1e-07
Al1Au1,B2,Al,Au,3.216845599282832,-3.73937445,-6e-07
Al1B1,B2,Al,B,2.7835875077909935,-4.41998045,-3.3e-06
Al1Be1,B2,Al,Be,2.908433420355546,-3.45840155,-4.1e-06
Al1Ca1,B2,Al,Ca,3.7078407400414273,-3.010061,-4.3e-06
Al1Cd1,B2,Al,Cd,3.464276294150575,-2.026361,6.8e-06
Al1Ce1,B2,Al,Ce,3.94412928361621,-4.91347545,-7.3141365
Al1Co1,B2,Al,Co,2.851416556524791,-5.989259,8e-07
Al1Cr1,B2,Al,Cr,3.0356144199448756,-6.6631615,-2.7010812
Al1Cu1,B2,Al,Cu,3.0008203631329526,-3.8857626,0.0
Al1Dy1,B2,Al,Dy,3.595643541327323,-4.5387779,-4.7e-06
Al1Er1,B2,Al,Er,3.5638187222179907,-4.5126755,-4e-07
Al1Fe1,B2,Al,Fe,2.8686221814482247,-6.3109135,0.0010756
Al1Ga1,B2,Al,Ga,3.314784420394747,-3.2699255,1e-07
Al1Gd1,B2,Al,Gd,3.643461472477475,-9.3198925,7.1804168
Al1Ge1,B2,Al,Ge,3.3142540595153096,-3.91188795,3.26e-05
Al1Hf1,B2,Al,Hf,3.350314829753942,-7.0532105,-5.6e-05
Al1In1,B2,Al,In,3.5754289409072504,-2.9604615,-5e-07
Al1Ir1,B2,Al,Ir,3.015987094765381,-7.2370205,-2.3e-06
Al1La1,B2,Al,La,3.8004196882268237,-4.6733602,-2.9e-05
Al1Mg1,B2,Al,Mg,3.4021043893174383,-2.53820505,-6.62e-05
Al1Mn1,B2,Al,Mn,2.9124599738319263,-6.429048,-0.0010298
Al1Mo1,B2,Al,Mo,3.123223618855336,-7.2638025,0.0011922
Al1Na1,B2,Al,Na,3.607334734227196,-2.20516695,2.5e-06
Al1Nb1,B2,Al,Nb,3.23758485413768,-6.9387255,-8e-07
Al1Ni1,B2,Al,Ni,2.887213950092794,-5.2868405,-1e-07
Al1Os1,B2,Al,Os,3.0188978470827834,-7.8894835,-0.0
Al1Pb1,B2,Al,Pb,3.6982648107062155,-3.3689776,-5.5e-06
Al1Pd1,B2,Al,Pd,3.078064553221627,-5.3711995,6.8e-06
Al1Pt1,B2,Al,Pt,3.0897734667720416,-5.848447,1.6e-06
Al1Re1,B2,Al,Re,3.062972145445526,-8.0622875,-9.1e-06
Al1Rh1,B2,Al,Rh,3.0016412273451296,-6.5790765,1e-07
Al1Ru1,B2,Al,Ru,3.005368089313447,-7.134593,-7e-07
Al1Sb1,B2,Al,Sb,3.5646834318559693,-3.6594726,-2.9e-06
Al1Sc1,B2,Al,Sc,3.3816816262867455,-5.45382,7e-06
Al1Se1,B2,Al,Se,3.361872075887248,-3.6738323,-4e-06
Al1Si1,B2,Al,Si,3.15757020169997,-4.2813123,-1.38e-05
Al1Sn1,B2,Al,Sn,3.567226141211986,-3.5498928,5.3e-06
Al1Sr1,B2,Al,Sr,3.9452157401742936,-2.76817485,1.5e-06
Al1Ta1,B2,Al,Ta,3.221467859277218,-7.713625,3.91e-05
Al1Tb1,B2,Al,Tb,3.6128758401079546,-4.5518143,-2.9e-06
Al1Tc1,B2,Al,Tc,3.050191089613727,-7.3097595,0.4622114
Al1Ti1,B2,Al,Ti,3.184028842937786,-6.0161395,1.23e-05
Al1V1,B2,Al,V,3.086937921727577,-6.351463,1.7789866
Al1W1,B2,Al,W,3.1253487103725677,-8.0556745,0.0058244
Al1Y1,B2,Al,Y,3.6156238006214427,-5.512805,-3.3e-06
Al1Zn1,B2,Al,Zn,3.1839601373245046,-2.32138455,-9e-07
Al1Zr1,B2,Al,Zr,3.379370576085408,-6.448013,9.98e-05
As1Ag1,B2,As,Ag,3.3576426960298007,-3.4401994,-1e-07
As1Al1,B2,As,Al,3.2851923327670987,-4.0131196,1.4e-06
As1As1,B2,As,As,3.367183386217988,-4.218037,3.48e-05
As1B1,B2,As,B,2.9425494272069246,-4.15679995,-1.32e-05
As1Ca1,B2,As,Ca,3.6385579606437406,-4.11901035,8.5e-06
As1Cd1,B2,As,Cd,3.4986610638559514,-2.4479721,-5.6e-06
As1Ce1,B2,As,Ce,3.6155824876102596,-6.424237,0.8969969
As1Co1,B2,As,Co,2.9699127746549623,-5.726566,-0.0046133
As1Cr1,B2,As,Cr,2.9843213584866044,-6.9561785,0.0030478
As1Cu1,B2,As,Cu,3.152650907189132,-3.93055445,1e-07
As1Fe1,B2,As,Fe,2.9461324771638617,-6.3296115,0.8929348
As1Ga1,B2,As,Ga,3.395445240993155,-3.57262995,-1.8e-06
As1Gd1,B2,As,Gd,3.607624304387354,-10.5069425,6.9932322
As1Ge1,B2,As,Ge,3.382811564797831,-4.2059064,-3.2e-06
As1Hf1,B2,As,Hf,3.325691266858836,-7.9805645,2.4e-06
As1In1,B2,As,In,3.5940621272622626,-3.396613,1.9e-06
As1La1,B2,As,La,3.7461018853266106,-5.996813,-5.2e-06
As1Mg1,B2,As,Mg,3.4001552370124655,-3.2613583,1e-07
As1Mn1,B2,As,Mn,2.9330873914023057,-6.7559,-2.9e-06
As1Mo1,B2,As,Mo,3.1180157528822283,-7.867631,1.8e-06
As1Na1,B2,As,Na,3.467653426601207,-3.15228025,-3.6e-06
As1Nb1,B2,As,Nb,3.2256505308913512,-7.803152,1.3e-06
As1Ni1,B2,As,Ni,3.0328381639278987,-5.0863735,-1e-07
As1Pd1,B2,As,Pd,3.2004201569147526,-5.153185,-0.0
As1Ru1,B2,As,Ru,3.0860201810257353,-6.9420325,-2.5e-06
As1Sb1,B2,As,Sb,3.5603401735622846,-4.072087,6.8e-06
As1Sc1,B2,As,Sc,3.3900088285875665,-6.3767445,-1e-07
As1Se1,B2,As,Se,3.398067340290984,-3.67568405,-2.5e-06
As1Si1,B2,As,Si,3.223189015390729,-4.5075817,0.0
As1Sn1,B2,As,Sn,3.5790913424532933,-4.07907255,-3.97e-05
As1Sr1,B2,As,Sr,3.8373591689548823,-3.94962405,0.0050338
As1Ta1,B2,As,Ta,3.20881851722185,-8.5308555,4.7e-06
As1Tc1,B2,As,Tc,3.073044318302111,-7.5673115,-1.5e-06
As1Ti1,B2,As,Ti,3.1874289122932584,-6.8023925,7e-07
As1V1,B2,As,V,3.0616133788553035,-7.014349,-4.2e-06
As1W1,B2,As,W,3.1248342784822647,-8.5611565,2e-07
As1Y1,B2,As,Y,3.5773423105355366,-6.632171,-2e-07
As1Zn1,B2,As,Zn,3.286526411088024,-2.64639595,-2.2e-06
As1Zr1,B2,As,Zr,3.3579063532367934,-7.456072,-8e-07
Au1Ag1,B2,Au,Ag,3.300070325201221,-2.9866714,-1.6e-06
Au1Al1,B2,Au,Al,3.2168451374362323,-3.73937445,-8e-07
Au1Be1,B2,Au,Be,2.960750585241561,-3.6147629,-6.8e-06
Au1Ca1,B2,Au,Ca,3.647295282355961,-3.360123,-1.7e-06
Au1Co1,B2,Au,Co,3.0744503614223095,-4.83543645,1.6713046
Au1Cr1,B2,Au,Cr,3.2286565277726624,-6.118107,3.9376442
Au1Cu1,B2,Au,Cu,3.099691565385454,-3.52598785,-1.6e-06
Au1Dy1,B2,Au,Dy,3.5955257134906122,-4.75251895,-3.07e-05
Au1Er1,B2,Au,Er,3.5644717806110546,-4.75006365,1.1e-06
Au1Fe1,B2,Au,Fe,3.1261436106763028,-5.4925065,2.9285458
Au1Ge1,B2,Au,Ge,3.349663176768322,-3.74288625,1.8e-06
Au1Hf1,B2,Au,Hf,3.397836713692834,-7.005463,-9.2e-06
Au1Ir1,B2,Au,Ir,3.1846378717569137,-5.426661,-0.0007485
Au1La1,B2,Au,La,3.7828184224998336,-4.84091135,1.74e-05
Au1Mg1,B2,Au,Mg,3.3022670602634516,-2.9761982,3.5e-06
Au1Mn1,B2,Au,Mn,3.216021780245466,-6.116026,4.1601905
Au1Mo1,B2,Au,Mo,3.2303378216772236,-6.4842485,1e-06
Au1Nb1,B2,Au,Nb,3.3192525749746737,-6.5314505,1.1e-06
Au1Ni1,B2,Au,Ni,3.0557187628709657,-4.2490445,-0.2712272
Au1Os1,B2,Au,Os,3.16958601937347,-6.294403,-0.0
Au1Pb1,B2,Au,Pb,3.6565559469357707,-3.4124872,-1.6e-05
Au1Pd1,B2,Au,Pd,3.21694744474474,-4.28936945,3e-07
Au1Pt1,B2,Au,Pt,3.225373561884098,-4.5349994,1e-07
Au1Re1,B2,Au,Re,3.184848830168656,-6.946418,3e-07
Au1Rh1,B2,Au,Rh,3.185598433116454,-4.960381,0.9667139
Au1Ru1,B2,Au,Ru,3.1637302504601053,-5.6226145,2.5e-06
Au1Sc1,B2,Au,Sc,3.4062993851605157,-5.547608,5e-07
Au1Si1,B2,Au,Si,3.2574669892450396,-3.99480155,5.6e-06
Au1Sn1,B2,Au,Sn,3.5512091088750917,-3.58304985,-6.1e-06
Au1Ta1,B2,Au,Ta,3.3049684367720973,-7.3232625,2e-07
Au1Tb1,B2,Au,Tb,3.6118855660766767,-4.7543029,-2.65e-05
Au1Ti1,B2,Au,Ti,3.2721971303870134,-5.8395885,0.9616162
Au1V1,B2,Au,V,3.209314045705441,-5.975475,2.4331796
Au1W1,B2,Au,W,3.2314140005235448,-7.29154,1e-07
Au1Y1,B2,Au,Y,3.601639592747965,-5.7052285,-2e-07
Au1Zn1,B2,Au,Zn,3.1875193120846963,-2.37620585,2.1e-06
Au1Zr1,B2,Au,Zr,3.4292986976996906,-6.348686,-0.0011485
B1Ag1,B2,B,Ag,2.892369783631572,-3.34914595,1e-06
B1Al1,B2,B,Al,2.783587507502313,-4.41998045,-3.3e-06
B1As1,B2,B,As,2.9425484414014225,-4.15679995,3.21e-05
B1B1,B2,B,B,2.3109968688527727,-5.009679,-0.0
B1Ca1,B2,B,Ca,3.2628184085318974,-3.5914395,3.7e-06
B1Cd1,B2,B,Cd,3.105141959106531,-2.24871055,0.0016329
B1Ce1,B2,B,Ce,3.236102017477239,-6.091376,0.5984704
B1Co1,B2,B,Co,2.478480816897001,-7.017756,-3e-07
B1Cr1,B2,B,Cr,2.5713618027670226,-7.96152,0.0
B1Cu1,B2,B,Cu,2.616034341183058,-4.3815492,0.0
B1Fe1,B2,B,Fe,2.485281413698459,-7.601256,0.0019034
B1Ga1,B2,B,Ga,2.927036926061866,-3.59065,6.2e-06
B1Gd1,B2,B,Gd,3.2452419495805764,-10.1380225,7.0660061
B1Ge1,B2,B,Ge,2.9228258849935402,-4.13865025,2.6e-05
B1Hf1,B2,B,Hf,2.9871330843243755,-8.1801885,-0.0003969
B1In1,B2,B,In,3.2078934579400706,-3.21517735,-9.63e-05
B1La1,B2,B,La,3.404419786136072,-5.360114,-3.22e-05
B1Mg1,B2,B,Mg,2.9074897276929956,-3.28235855,1.78e-05
B1Mn1,B2,B,Mn,2.5219034275620738,-7.908134,0.654422
B1Mo1,B2,B,Mo,2.7802494009901144,-8.589278,5e-07
B1Na1,B2,B,Na,3.1153391462922584,-2.44266965,1.3e-06
B1Nb1,B2,B,Nb,2.8864103967031616,-8.1983745,5e-07
B1Ni1,B2,B,Ni,2.518019533492723,-5.9806635,7e-07
B1Pd1,B2,B,Pd,2.775033950940212,-5.45725,-0.0
B1Ru1,B2,B,Ru,2.6919956582510896,-7.9388965,-1e-07
B1Sb1,B2,B,Sb,3.2048103704864546,-3.90227285,2.08e-05
B1Sc1,B2,B,Sc,2.9668940253707454,-6.4682985,5e-07
B1Se1,B2,B,Se,3.009778141533924,-3.3850456,1.19e-05
B1Si1,B2,B,Si,2.7128817428326184,-4.84943885,-2e-07
B1Sn1,B2,B,Sn,3.1838090022248275,-3.8128432,7.58e-05
B1Sr1,B2,B,Sr,3.502985922797984,-3.236777,0.0
B1Ta1,B2,B,Ta,2.87385186411768,-9.0248525,4.8e-06
B1Tc1,B2,B,Tc,2.722565189511297,-8.4293445,0.0
B1Ti1,B2,B,Ti,2.789729048269537,-7.253577,-0.0056151
B1V1,B2,B,V,2.655729370674093,-7.741337,0.0031887
B1W1,B2,B,W,2.7960596847628203,-9.4618205,-1e-07
B1Y1,B2,B,Y,3.213599986841454,-6.3383705,5e-06
B1Zn1,B2,B,Zn,2.8077141448671137,-2.7007275,-1e-07
B1Zr1,B2,B,Zr,3.023261363527487,-7.504207,-1.67e-05
Be1Ag1,B2,Be,Ag,2.946563395332976,-3.08224605,4.04e-05
Be1Al1,B2,Be,Al,2.9084334443640425,-3.45840155,-3.8e-06
Be1Au1,B2,Be,Au,2.9607537926012824,-3.61476285,-6.3e-06
Be1Ca1,B2,Be,Ca,3.5221429442988623,-2.4210048,-2.1e-06
Be1Co1,B2,Be,Co,2.592138426427753,-5.703079,0.4196254
Be1Cr1,B2,Be,Cr,2.7057336260200042,-6.410933,0.7596414
Be1Cu1,B2,Be,Cu,2.6872588852528576,-3.8590726,-1e-07
Be1Dy1,B2,Be,Dy,3.4024269790629074,-4.0435345,-6.32e-05
Be1Er1,B2,Be,Er,3.372713506761589,-4.04527755,2e-06
Be1Fe1,B2,Be,Fe,2.6391516706879092,-6.1616445,1.7015646
Be1Ge1,B2,Be,Ge,3.0291205042416185,-3.5652944,9.3e-06
Be1Hf1,B2,Be,Hf,3.1206718853393216,-6.9275175,-1.52e-05
Be1Ir1,B2,Be,Ir,2.800334751327607,-6.874757,-4e-07
Be1La1,B2,Be,La,3.5983553904222028,-4.08850375,-3.02e-05
Be1Mg1,B2,Be,Mg,3.081915075030933,-2.24787905,3.01e-05
Be1Mn1,B2,Be,Mn,2.711219562679442,-6.4774975,2.4824323
Be1Mo1,B2,Be,Mo,2.8860882741430984,-7.131226,-8.1e-06
Be1Nb1,B2,Be,Nb,3.008025611465174,-6.8473325,-2.5e-06
Be1Ni1,B2,Be,Ni,2.604723818504883,-5.1010015,-7e-07
Be1Os1,B2,Be,Os,2.8055210208319488,-7.523076,-1.06e-05
Be1Pb1,B2,Be,Pb,3.4616573547331386,-2.8522826,-1.97e-05
Be1Pd1,B2,Be,Pd,2.8291511012528914,-5.0703165,-3e-07
Be1Pt1,B2,Be,Pt,2.8453958362919334,-5.672152,-5e-07
Be1Re1,B2,Be,Re,2.834588503269816,-7.9318485,1.4e-06
Be1Rh1,B2,Be,Rh,2.780615481640101,-6.1189855,1.8e-06
Be1Ru1,B2,Be,Ru,2.7847590476837722,-6.6566705,2e-06
Be1Sc1,B2,Be,Sc,3.1743188617091427,-5.041763,-1.3e-06
Be1Si1,B2,Be,Si,2.8358616175774447,-4.07390885,1.3e-06
Be1Sn1,B2,Be,Sn,3.3165116122123353,-3.13301445,3.4e-06
Be1Ta1,B2,Be,Ta,2.9935555253334356,-7.6776215,-9e-07
Be1Tb1,B2,Be,Tb,3.417872568568895,-4.0447141,-1.5e-06
Be1Ti1,B2,Be,Ti,2.931124565164617,-5.9243445,-8e-07
Be1V1,B2,Be,V,2.7924722922544647,-6.327672,-1.3e-06
Be1W1,B2,Be,W,2.896289080102865,-8.027652,-1.1e-06
Be1Y1,B2,Be,Y,3.41602152651471,-5.0097115,1.2e-06
Be1Zn1,B2,Be,Zn,2.8300350553666083,-2.19371765,-5.7e-06
Be1Zr1,B2,Be,Zr,3.161356028185762,-6.247372,-6.5e-06
Ca1Ag1,B2,Ca,Ag,3.7116972000361574,-2.66765965,-7e-07
Ca1Al1,B2,Ca,Al,3.707842202972879,-3.010061,-4.7e-06
Ca1As1,B2,Ca,As,3.638557960549903,-4.11901035,8.5e-06
Ca1Au1,B2,Ca,Au,3.647292925075242,-3.36012305,-2.1e-06
Ca1B1,B2,Ca,B,3.2628191563808,-3.5914395,3.8e-06
Ca1Be1,B2,Ca,Be,3.522154583475306,-2.4210048,-9e-07
Ca1Ca1,B2,Ca,Ca,4.383829301251642,-1.90153395,1e-06
Ca1Cd1,B2,Ca,Cd,3.820417667491742,-1.71626555,5e-07
Ca1Ce1,B2,Ca,Ce,4.154843556267678,-3.503712,-0.0294685
Ca1Co1,B2,Ca,Co,3.3862085015987327,-3.9197998,-0.0003498
Ca1Cr1,B2,Ca,Cr,3.789810059913947,-4.979394,-4.6291976
Ca1Cu1,B2,Ca,Cu,3.560380043177237,-2.9072911,-5e-07
Ca1Dy1,B2,Ca,Dy,4.130257436183856,-3.0473828,3e-07
Ca1Er1,B2,Ca,Er,4.107388528740841,-3.0049246,-6e-06
Ca1Fe1,B2,Ca,Fe,3.5523897541176064,-4.4017951,-2.4023225
Ca1Ga1,B2,Ca,Ga,3.6741640453336153,-2.83901735,-2.5e-06
Ca1Gd1,B2,Ca,Gd,4.167895491276151,-7.831894,-7.5554643
Ca1Ge1,B2,Ca,Ge,3.6684179217785555,-3.7286222,9e-07
Ca1Hf1,B2,Ca,Hf,3.819631323718997,-5.1777695,7e-06
Ca1In1,B2,Ca,In,3.8753643933255426,-2.6899977,5.5e-06
Ca1Ir1,B2,Ca,Ir,3.4158310513735826,-5.3988915,-3.4e-06
Ca1La1,B2,Ca,La,4.294808951527061,-3.2927383,0.000136
Ca1Mg1,B2,Ca,Mg,3.9597181115355706,-1.7973824,1.35e-05
Ca1Mn1,B2,Ca,Mn,3.692153017130308,-4.9175915,-3.7905868
Ca1Mo1,B2,Ca,Mo,3.6157097165279786,-5.101005,2.3668711
Ca1Na1,B2,Ca,Na,4.265853618851984,-1.54766355,-6e-07
Ca1Nb1,B2,Ca,Nb,3.673301287564331,-4.8934913,0.7184329
Ca1Ni1,B2,Ca,Ni,3.420309365884341,-3.6935231,7e-07
Ca1Os1,B2,Ca,Os,3.4178249404660472,-5.6216185,1.03e-05
Ca1Pb1,B2,Ca,Pb,3.9545522274889504,-3.26361435,-1e-07
Ca1Pd1,B2,Ca,Pd,3.5198397979794365,-4.27196105,-0.0
Ca1Pt1,B2,Ca,Pt,3.4978383018225383,-4.8554549,1.7e-06
Ca1Re1,B2,Ca,Re,3.4954929195220923,-5.7080375,1.6964658
Ca1Rh1,B2,Ca,Rh,3.4262911049413862,-4.82804135,2e-07
Ca1Ru1,B2,Ca,Ru,3.4181932566553304,-4.99502405,3.05e-05
Ca1Sb1,B2,Ca,Sb,3.8782018251404327,-3.7688528,-1.17e-05
Ca1Sc1,B2,Ca,Sc,3.9731959961186214,-3.78749725,0.2778736
Ca1Se1,B2,Ca,Se,3.64700568104126,-4.4090945,-4e-07
Ca1Si1,B2,Ca,Si,3.6168916107344025,-3.9036307,-2e-07
Ca1Sn1,B2,Ca,Sn,3.8938319930793415,-3.46756645,-1.1e-06
Ca1Sr1,B2,Ca,Sr,4.555080351439244,-1.7408532,4.31e-05
Ca1Ta1,B2,Ca,Ta,3.6430750303407526,-5.546782,0.4855829
Ca1Tb1,B2,Ca,Tb,4.141987722361563,-3.0716392,-7e-07
Ca1Tc1,B2,Ca,Tc,3.487676891920147,-5.0956895,1.3197872
Ca1Ti1,B2,Ca,Ti,3.769399378304998,-4.0573494,1.6786085
Ca1V1,B2,Ca,V,3.7812753601262123,-4.5171404,4.3419347
Ca1W1,B2,Ca,W,3.517154449686732,-5.7192695,-1.89e-05
Ca1Y1,B2,Ca,Y,4.145457852742469,-4.00635115,6.9e-06
Ca1Zn1,B2,Ca,Zn,3.666332185075035,-1.7699054,-3e-07
Ca1Zr1,B2,Ca,Zr,3.854844197499542,-4.61752275,2.9e-06
Cd1Ag1,B2,Cd,Ag,3.3837028991202533,-1.8659447,1e-07
Cd1Al1,B2,Cd,Al,3.464276299862894,-2.026361,6.8e-06
Cd1As1,B2,Cd,As,3.4986617325254503,-2.4479721,-3e-06
Cd1B1,B2,Cd,B,3.105141957987849,-2.24871055,0.0016329
Cd1Ca1,B2,Cd,Ca,3.8203800325643877,-1.7162656,-1e-07
Cd1Cd1,B2,Cd,Cd,3.584003060023882,-0.7262462,-4e-07
Cd1Ce1,B2,Cd,Ce,3.8363177391649876,-3.4660443,1.3625726
Cd1Co1,B2,Cd,Co,3.124890332962847,-3.5119035,0.7842855
Cd1Cr1,B2,Cd,Cr,3.335261114963271,-4.63898565,3.7997935
Cd1Cu1,B2,Cd,Cu,3.200584068883823,-2.25655395,0.0
Cd1Fe1,B2,Cd,Fe,3.205302748159774,-4.09985845,2.8210645
Cd1Ga1,B2,Cd,Ga,3.499192114881254,-1.73028235,-2.74e-05
Cd1Gd1,B2,Cd,Gd,3.7707091331424087,-7.785269,-7.6056087
Cd1Ge1,B2,Cd,Ge,3.509354684355478,-2.4210438,3.2e-06
Cd1Hf1,B2,Cd,Hf,3.4747764687689164,-5.3004805,3.3e-06
Cd1In1,B2,Cd,In,3.7016306985966416,-1.5948671,-3e-07
Cd1La1,B2,Cd,La,3.9367461768811425,-3.14974945,0.3578597
Cd1Mg1,B2,Cd,Mg,3.5199257008715206,-1.23374135,5.5e-06
Cd1Mn1,B2,Cd,Mn,3.301684321411882,-4.6022503,3.8179649
Cd1Mo1,B2,Cd,Mo,3.2842577883898745,-5.0125005,0.4708783
Cd1Na1,B2,Cd,Na,3.734891704241073,-1.12318615,5.3e-06
Cd1Nb1,B2,Cd,Nb,3.3818741744528276,-4.99303965,-5e-07
Cd1Ni1,B2,Cd,Ni,3.132750185757104,-3.0795817,-2.4e-06
Cd1Pd1,B2,Cd,Pd,3.2822796202000695,-3.40541595,-0.0
Cd1Ru1,B2,Cd,Ru,3.237315331407408,-4.454948,1.1212281
Cd1Sb1,B2,Cd,Sb,3.715961469476514,-2.289189,6e-07
Cd1Sc1,B2,Cd,Sc,3.537430327110807,-3.82238775,6e-07
Cd1Se1,B2,Cd,Se,3.5564569950973928,-2.1591516,-0.0355183
Cd1Si1,B2,Cd,Si,3.429424717704184,-2.5794928,-3e-06
Cd1Sn1,B2,Cd,Sn,3.721734671263385,-2.24733715,-4e-07
Cd1Sr1,B2,Cd,Sr,4.069419397249426,-1.52023755,-1.4e-06
Cd1Ta1,B2,Cd,Ta,3.3583986959329337,-5.6731965,1.03e-05
Cd1Tc1,B2,Cd,Tc,3.239705678088738,-4.7832655,-3.9e-06
Cd1Ti1,B2,Cd,Ti,3.347411019117745,-4.185976,-3e-07
Cd1V1,B2,Cd,V,3.3357162635268645,-4.3026681,2.7925069
Cd1W1,B2,Cd,W,3.2793518876361247,-5.697881,-0.0
Cd1Y1,B2,Cd,Y,3.7422976510860106,-3.96535455,6.2e-06
Cd1Zn1,B2,Cd,Zn,3.3983970526870317,-0.83934955,-0.0
Cd1Zr1,B2,Cd,Zr,3.5185933349399496,-4.74077605,-2.6e-06
Ce1Ag1,B2,Ce,Ag,3.7163102823226257,-4.40093865,1.2661175
Ce1Al1,B2,Ce,Al,3.657710779813822,-5.0654245,-0.0010741
Ce1As1,B2,Ce,As,3.6165140029251295,-6.424241,0.8993194
Ce1B1,B2,Ce,B,3.2368118874396714,-6.091374,0.5984212
Ce1Ca1,B2,Ce,Ca,4.153766233589035,-3.5037043,0.0069581
Ce1Cd1,B2,Ce,Cd,3.8394211317664078,-3.4660682,-1.3654821
Ce1Ce1,B2,Ce,Ce,3.766972106247604,-5.7103095,1.32e-05
Ce1Cr1,B2,Ce,Cr,3.3775891687571318,-7.203529,0.4688624
Ce1Cu1,B2,Ce,Cu,3.502897155193142,-4.85663315,0.001458
Ce1Fe1,B2,Ce,Fe,3.3376073290404875,-6.976511,0.0005855
Ce1Ga1,B2,Ce,Ga,3.642620240801631,-4.8738276,-0.6660524
Ce1Gd1,B2,Ce,Gd,4.0,-9.763637,6.4667571
Ce1Ge1,B2,Ce,Ge,3.6331832755458104,-5.788621,1.0551047
Ce1Hf1,B2,Ce,Hf,4.0,-7.387513,-1.342324
Ce1In1,B2,Ce,In,3.8684566616363796,-4.55635575,1.0037719
Ce1La1,B2,Ce,La,4.087642149127288,-5.1380135,2.2026297
Ce1Mg1,B2,Ce,Mg,3.8423687302092167,-3.62431735,1.0079546
Ce1Mn1,B2,Ce,Mn,3.348830131999585,-14.410997,6.9253386
Ce1Mo1,B2,Ce,Mo,3.4713425742000767,-8.005106,2e-06
Ce1Na1,B2,Ce,Na,4.097504155116338,-3.00007675,2.2508553
Ce1Nb1,B2,Ce,Nb,3.5766869646158717,-7.584837,0.9752266
Ce1Ni1,B2,Ce,Ni,3.4084759610313258,-5.9575565,0.0004267
Ce1Pd1,B2,Ce,Pd,3.5639937161359025,-6.1862455,-0.0008601
Ce1Ru1,B2,Ce,Ru,3.4461078705854105,-7.880759,-5e-07
Ce1Sb1,B2,Ce,Sb,3.848980314114787,-5.901168,1.012226
Ce1Sc1,B2,Ce,Sc,3.811869086454562,-5.9398395,0.4119764
Ce1Se1,B2,Ce,Se,3.6418415909040105,-6.283535,-1.6284441
Ce1Si1,B2,Ce,Si,3.563884126383768,-6.0948365,-0.0632847
Ce1Sn1,B2,Ce,Sn,3.859768940329213,-5.3864425,1.4517665
Ce1Sr1,B2,Ce,Sr,4.363596906761102,-3.26376845,-1.63308
Ce1Ta1,B2,Ce,Ta,3.5629931480288857,-8.3200005,0.1655471
Ce1Tc1,B2,Ce,Tc,3.453408200623187,-8.0960595,-1e-07
Ce1Ti1,B2,Ce,Ti,3.561526585837861,-6.5668435,-0.0082115
Ce1V1,B2,Ce,V,3.520363938386183,-7.0095755,-2.4768081
Ce1W1,B2,Ce,W,3.4864330270876676,-8.738977,3.2e-06
Ce1Y1,B2,Ce,Y,4.01081493345811,-5.9468375,0.8412146
Ce1Zn1,B2,Ce,Zn,3.6047750921478423,-3.7080216,0.0034086
Ce1Zr1,B2,Ce,Zr,3.7127420666011868,-6.974147,0.0064224
Co1Ag1,B2,Co,Ag,3.0667254136135575,-4.3295158,-1.6607394
Co1Al1,B2,Co,Al,2.851419012518089,-5.989259,2e-07
Co1As1,B2,Co,As,2.969202987724116,-5.7265685,0.00065
Co1Au1,B2,Co,Au,3.0744508575636313,-4.83543645,1.6713051
Co1B1,B2,Co,B,2.4784214317202435,-7.0177565,-0.0
Co1Be1,B2,Co,Be,2.5921384929748807,-5.703079,0.4196255
Co1Ca1,B2,Co,Ca,3.4471553256751353,-3.96445805,1.1360639
Co1Cd1,B2,Co,Cd,3.124600013869129,-3.51190455,0.7833859
Co1Ce1,B2,Co,Ce,3.3535267639108954,-6.57909,-0.0001541
Co1Co1,B2,Co,Co,2.8009761798745,-6.9710815,3.3775617
Co1Cr1,B2,Co,Cr,2.8135896174936437,-7.911281,0.0094878
Co1Cu1,B2,Co,Cu,2.8314112909474622,-5.1283605,1.5025912
Co1Dy1,B2,Co,Dy,3.3358621015027285,-5.925261,0.351915
Co1Er1,B2,Co,Er,3.302278197651486,-5.9545735,0.3141531
Co1Fe1,B2,Co,Fe,2.7585311936374945,-7.176116,-9.78e-05
Co1Ga1,B2,Co,Ga,2.8794775227452716,-5.2791155,1.7e-06
Co1Gd1,B2,Co,Gd,3.3604174849279675,-10.682084,5.9021125
Co1Ge1,B2,Co,Ge,2.928528506251884,-5.8002195,0.8125776
Co1Hf1,B2,Co,Hf,3.146018738535315,-8.866343,0.005549
Co1In1,B2,Co,In,3.1268401356564546,-4.65312755,0.001572
Co1Ir1,B2,Co,Ir,2.955977695831357,-7.690251,2.1015635
Co1La1,B2,Co,La,3.4891797006001912,-5.9155055,0.0053755
Co1Mg1,B2,Co,Mg,3.019614308478978,-4.01529715,0.0004314
Co1Mn1,B2,Co,Mn,2.7755500530589274,-7.624122,-0.0032833
Co1Mo1,B2,Co,Mo,2.975144506112588,-8.6446105,0.0019307
Co1Na1,B2,Co,Na,3.300010383784005,-3.0329622,1.6928291
Co1Nb1,B2,Co,Nb,3.0663604839125504,-8.534125,0.0015726
Co1Ni1,B2,Co,Ni,2.7705192306082815,-5.9615165,-0.0014629
Co1Os1,B2,Co,Os,2.934081024151132,-8.733229,1.4385523
Co1Pb1,B2,Co,Pb,3.311853814048586,-4.7088749,1.0493476
Co1Pd1,B2,Co,Pd,2.999898431319846,-5.9429695,2.2477477
Co1Pt1,B2,Co,Pt,3.0107726523160427,-6.4764225,2.3077295
Co1Re1,B2,Co,Re,2.9586324369974513,-9.370154,1.7225193
Co1Rh1,B2,Co,Rh,2.9672963947494324,-6.9752265,3.130037
Co1Ru1,B2,Co,Ru,2.9064160247805897,-7.7086045,-0.0016541
Co1Sb1,B2,Co,Sb,3.1791383519371568,-5.2867735,-0.0001642
Co1Sc1,B2,Co,Sc,3.1184470209461295,-6.993196,-4.31e-05
Co1Se1,B2,Co,Se,3.027941014704845,-4.9932557,0.002736
Co1Si1,B2,Co,Si,2.776624518863483,-6.6319055,-0.0005658
Co1Sn1,B2,Co,Sn,3.1573494219655873,-5.281427,-0.7300623
Co1Sr1,B2,Co,Sr,3.652883555206079,-3.6420991,1.0862269
Co1Ta1,B2,Co,Ta,3.057107194612696,-9.5060435,-0.5747608
Co1Tb1,B2,Co,Tb,3.3537785887515383,-5.911623,0.3695061
Co1Tc1,B2,Co,Tc,2.9209908605661203,-8.3591975,0.0009329
Co1Ti1,B2,Co,Ti,2.970161733192225,-7.796074,-0.0012104
Co1V1,B2,Co,V,2.8770726748703277,-8.0152835,-0.0059641
Co1W1,B2,Co,W,3.002331990842149,-9.671465,-1.6639051
Co1Y1,B2,Co,Y,3.3359865538505082,-6.8775285,9.7e-06
Co1Zn1,B2,Co,Zn,2.8811841438252914,-4.02928345,0.6178471
Co1Zr1,B2,Co,Zr,3.176723947504606,-8.07291,-0.2092021
Cr1Ag1,B2,Cr,Ag,3.267944659750575,-5.5128255,4.2877349
Cr1Al1,B2,Cr,Al,3.0356112431657056,-6.6631615,-2.7010779
Cr1As1,B2,Cr,As,2.9843204664129477,-6.9561785,0.0041477
Cr1Au1,B2,Cr,Au,3.2286565351025636,-6.118107,3.9376442
Cr1B1,B2,Cr,B,2.571362217870389,,-8.823593
Cr1Be1,B2,Cr,Be,2.7057410252971605,-6.410933,0.7596635
Cr1Ca1,B2,Cr,Ca,3.789371426529253,-4.97939335,-4.6279899
Cr1Cd1,B2,Cr,Cd,3.3352611222281414,-4.63898565,3.7997936
Cr1Ce1,B2,Cr,Ce,3.385887535052748,-6.1609945,-0.2443866
Cr1Co1,B2,Cr,Co,2.8134471244944153,-7.9112755,-0.0007221
Cr1Cr1,B2,Cr,Cr,2.8363130492662827,-9.4796125,-1.3e-06
Cr1Cu1,B2,Cr,Cu,3.000131452538599,-6.1057555,-3.507487
Cr1Dy1,B2,Cr,Dy,3.530427084196465,-6.6236545,3.1904573
Cr1Er1,B2,Cr,Er,3.487214429181645,-6.628001,3.0493438
Cr1Fe1,B2,Cr,Fe,2.825662522122852,-8.693249,-1.8888738
Cr1Ga1,B2,Cr,Ga,2.970013077945714,-5.9372775,-0.0015767
Cr1Gd1,B2,Cr,Gd,3.422400593201662,-10.1385045,-7.333638
Cr1Ge1,B2,Cr,Ge,3.018470543507409,-6.7989485,1.8557615
Cr1Hf1,B2,Cr,Hf,3.208237796495214,-9.4965155,-0.0026776
Cr1In1,B2,Cr,In,3.354301020467121,-5.6191045,3.5880275
Cr1Ir1,B2,Cr,Ir,3.0405108313294695,-9.1173545,3.0072044
Cr1La1,B2,Cr,La,3.7281751469010738,-6.681837,3.3112865
Cr1Mg1,B2,Cr,Mg,3.325313069107689,-4.92959655,3.8110023
Cr1Mn1,B2,Cr,Mn,2.813189522360733,-9.1867055,0.0031542
Cr1Mo1,B2,Cr,Mo,3.0145396893745464,-10.1604115,-0.0125513
Cr1Na1,B2,Cr,Na,3.6781400561482345,-4.29311455,4.902392
Cr1Nb1,B2,Cr,Nb,3.1044184104618027,-9.744204,8e-07
Cr1Ni1,B2,Cr,Ni,2.8349860145268004,-7.1294625,-0.0004296
Cr1Os1,B2,Cr,Os,2.996983810472286,-10.159825,1.82452
Cr1Pb1,B2,Cr,Pb,3.567505042107288,-5.8860415,4.1652596
Cr1Pd1,B2,Cr,Pd,3.025814667056516,-6.82799,0.0015964
Cr1Pt1,B2,Cr,Pt,3.1146790326875777,-7.853157,3.6455912
Cr1Re1,B2,Cr,Re,2.9878096483651655,-10.902774,4.1e-06
Cr1Rh1,B2,Cr,Rh,3.0275290179277325,-8.3095935,3.08584
Cr1Ru1,B2,Cr,Ru,2.9546626288862194,-9.118311,0.0005948
Cr1Sb1,B2,Cr,Sb,3.232237283786062,-6.372141,1.1784181
Cr1Sc1,B2,Cr,Sc,3.312442502704267,-7.570649,2.9407547
Cr1Se1,B2,Cr,Se,3.1165456854945406,-6.363082,-2.1228224
Cr1Si1,B2,Cr,Si,2.883910082214781,-7.52271,-1.265417
Cr1Sn1,B2,Cr,Sn,3.402477046172346,-6.2455705,3.729779
Cr1Sr1,B2,Cr,Sr,4.046056929510688,-4.7338878,4.9014345
Cr1Ta1,B2,Cr,Ta,3.0976489165404955,-10.691888,2e-07
Cr1Tb1,B2,Cr,Tb,3.552678147744362,-6.6244825,3.2543231
Cr1Tc1,B2,Cr,Tc,2.961671032042714,-9.856456,1.5e-06
Cr1Ti1,B2,Cr,Ti,3.0337417981382386,-8.5496345,-0.0031775
Cr1V1,B2,Cr,V,2.913558049441254,-9.332951,-1e-07
Cr1W1,B2,Cr,W,3.026633886102609,-11.203317,-0.002046
Cr1Y1,B2,Cr,Y,3.5354565972700147,-7.564326,3.0387763
Cr1Zn1,B2,Cr,Zn,3.089017474405698,-4.9834928,-3.4454403
Cr1Zr1,B2,Cr,Zr,3.2343438087269107,-8.732081,0.0001431
Cu1Ag1,B2,Cu,Ag,3.1080172902053955,-3.13849655,-2e-07
Cu1Al1,B2,Cu,Al,3.0008248399506754,-3.8857626,0.0
Cu1As1,B2,Cu,As,3.1526047795368872,-3.9305543,-0.0
Cu1Au1,B2,Cu,Au,3.0996921819334196,-3.52598785,-7e-07
Cu1B1,B2,Cu,B,2.615380714151841,-4.38154625,0.0
Cu1Be1,B2,Cu,Be,2.6872575930982054,-3.8590726,-2e-07
Cu1Ca1,B2,Cu,Ca,3.558706830086676,-2.907299,-7e-07
Cu1Cd1,B2,Cu,Cd,3.1998006531702834,-2.25655275,0.0
Cu1Ce1,B2,Cu,Ce,3.504510281315893,-4.85664335,-0.0004563
Cu1Co1,B2,Cu,Co,2.8319667415736887,-5.128362,1.5032804
Cu1Cr1,B2,Cu,Cr,3.000472380240961,-6.1057555,3.5091693
Cu1Cu1,B2,Cu,Cu,2.895456157714211,-3.71027365,-0.0
Cu1Dy1,B2,Cu,Dy,3.462161855885552,-4.4017572,2.7e-06
Cu1Er1,B2,Cu,Er,3.4251310746015955,-4.40803205,1.4e-06
Cu1Fe1,B2,Cu,Fe,2.814861087869744,-5.4494665,0.0006842
Cu1Ga1,B2,Cu,Ga,3.0680211298886224,-3.30926035,-0.0
Cu1Gd1,B2,Cu,Gd,3.508935708698087,-9.1355565,-7.1386004
Cu1Ge1,B2,Cu,Ge,3.1351725930221654,-3.87926095,0.0
Cu1Hf1,B2,Cu,Hf,3.2294535627056216,-6.9539615,-1.2e-06
Cu1In1,B2,Cu,In,3.305491419754898,-2.9978787,-0.0
Cu1Ir1,B2,Cu,Ir,2.9772123243722377,-5.995371,0.7067229
Cu1La1,B2,Cu,La,3.654368738902945,-4.45653225,-5.16e-05
Cu1Mg1,B2,Cu,Mg,3.1547341421487376,-2.75416615,0.0
Cu1Mn1,B2,Cu,Mn,2.978663613904116,-6.1674975,-3.7971592
Cu1Mo1,B2,Cu,Mo,3.0287128304040474,-6.842579,2e-06
Cu1Na1,B2,Cu,Na,3.4176647097608894,-2.135996,0.0
Cu1Nb1,B2,Cu,Nb,3.1390188805515544,-6.7109655,-0.0
Cu1Ni1,B2,Cu,Ni,2.822899822228513,-4.53406095,-0.2002448
Cu1Os1,B2,Cu,Os,2.960290526346639,-6.890325,8e-07
Cu1Pb1,B2,Cu,Pb,3.4756670290848786,-3.3466263,-3e-07
Cu1Pd1,B2,Cu,Pd,3.0159035882155365,-4.6127085,-8e-07
Cu1Pt1,B2,Cu,Pt,3.0172669460916506,-5.013621,-2e-07
Cu1Re1,B2,Cu,Re,2.9802225895765058,-7.487237,8e-07
Cu1Rh1,B2,Cu,Rh,2.9725520443984634,-5.3440945,1.0139172
Cu1Ru1,B2,Cu,Ru,2.9563813370143284,-6.057138,-0.3666924
Cu1Sb1,B2,Cu,Sb,3.385307354692715,-3.6502873,-2e-07
Cu1Sc1,B2,Cu,Sc,3.2635934572434366,-5.2828905,-0.0
Cu1Se1,B2,Cu,Se,3.2202498378828373,-3.2957818,-0.0
Cu1Si1,B2,Cu,Si,3.0010951679814153,-4.27339575,-0.0
Cu1Sn1,B2,Cu,Sn,3.35703477605864,-3.5654802,-0.0
Cu1Sr1,B2,Cu,Sr,3.792173988830671,-2.67556795,3e-07
Cu1Ta1,B2,Cu,Ta,3.117365148801335,-7.5935685,-1e-07
Cu1Tb1,B2,Cu,Tb,3.4754099205751174,-4.4003967,-1e-07
Cu1Tc1,B2,Cu,Tc,2.972824143577113,-6.5925515,-0.0010643
Cu1Ti1,B2,Cu,Ti,3.0734744367088567,-5.773916,-0.0017571
Cu1V1,B2,Cu,V,2.957246151636036,-6.0201425,1e-07
Cu1W1,B2,Cu,W,3.0271223368494375,-7.7758485,-3e-07
Cu1Y1,B2,Cu,Y,3.476594149494616,-5.333735,-0.0
Cu1Zn1,B2,Cu,Zn,2.966632404855229,-2.569935,-0.0
Cu1Zr1,B2,Cu,Zr,3.2675348853949533,-6.27816,-2e-06
Dy1Ag1,B2,Dy,Ag,3.633968532763272,-3.96298735,7e-07
Dy1Al1,B2,Dy,Al,3.595637389466649,-4.5387779,-1e-06
Dy1Au1,B2,Dy,Au,3.5955262036155253,-4.7525189,-2.03e-05
Dy1Be1,B2,Dy,Be,3.4024247207841896,-4.04353445,4.97e-05
Dy1Ca1,B2,Dy,Ca,4.129452166004766,-3.047382,-7e-07
Dy1Co1,B2,Dy,Co,3.335822079004653,-5.9252605,0.3518981
Dy1Cr1,B2,Dy,Cr,3.5304241310285662,-6.623654,3.1904497
Dy1Cu1,B2,Dy,Cu,3.4621164709680396,-4.4017537,2e-06
Dy1Er1,B2,Dy,Er,3.97724856355788,-4.380654,7.58e-05
Dy1Fe1,B2,Dy,Fe,3.399968831719757,-6.217392,1.5686779
Dy1Ge1,B2,Dy,Ge,3.584372628967858,-5.1125105,-6e-07
Dy1Hf1,B2,Dy,Hf,3.734069429190492,-6.859682,1.38e-05
Dy1Ir1,B2,Dy,Ir,3.4266305848250935,-7.507181,-7e-07
Dy1La1,B2,Dy,La,4.11160281275517,-4.62781475,4.2e-06
Dy1Mg1,B2,Dy,Mg,3.78445,-3.1021333,0.0029001
Dy1Mn1,B2,Dy,Mn,3.514491416930966,-6.5708695,3.2006248
Dy1Mo1,B2,Dy,Mo,3.5008278586650854,-7.0940855,1.2299118
Dy1Nb1,B2,Dy,Nb,3.595263518332883,-6.78681,6.3e-06
Dy1Ni1,B2,Dy,Ni,3.3627388612187956,-5.41694,2e-07
Dy1Os1,B2,Dy,Os,3.4094819102848177,-7.9222965,-0.0
Dy1Pb1,B2,Dy,Pb,3.860263800762168,-4.42253445,-9e-07
Dy1Pd1,B2,Dy,Pd,3.508810461866016,-5.762271,1e-07
Dy1Pt1,B2,Dy,Pt,3.4927524429852173,-6.5239045,-1.7e-06
Dy1Re1,B2,Dy,Re,3.441476413507097,-7.954885,0.000406
Dy1Rh1,B2,Dy,Rh,3.4245708349132067,-6.7513025,0.0
Dy1Ru1,B2,Dy,Ru,3.395902108463679,-7.175195,-4e-07
Dy1Sc1,B2,Dy,Sc,3.8193723672874453,-5.306214,-0.0
Dy1Si1,B2,Dy,Si,3.5290480638324455,-5.395782,1e-06
Dy1Sn1,B2,Dy,Sn,3.789148449774384,-4.7376978,1.1e-06
Dy1Ta1,B2,Dy,Ta,3.5903878911907907,-7.482755,7.1e-06
Dy1Tb1,B2,Dy,Tb,4.005,-4.41261275,0.0010048
Dy1Ti1,B2,Dy,Ti,3.633252623666493,-5.8299955,1.2650441
Dy1V1,B2,Dy,V,3.5926499245546553,-6.319085,3.3520924
Dy1W1,B2,Dy,W,3.498151493440713,-7.8270925,0.0002303
Dy1Y1,B2,Dy,Y,4.0172706348215295,-5.3528235,5.57e-05
Dy1Zn1,B2,Dy,Zn,3.5651296003876483,-3.1713026,0.0002726
Dy1Zr1,B2,Dy,Zr,3.7570957320588967,-6.2512285,-1.4e-06
Er1Ag1,B2,Er,Ag,3.6012933851614837,-3.95332905,6.9e-06
Er1Al1,B2,Er,Al,3.563819812809304,-4.5126755,-7e-07
Er1Au1,B2,Er,Au,3.5644917333038473,-4.75006365,-1.03e-05
Er1Be1,B2,Er,Be,3.3727191782485266,-4.04527755,2e-06
Er1Ca1,B2,Er,Ca,4.107934325567243,-3.0049251,-1.1e-06
Er1Co1,B2,Er,Co,3.3022832875021115,-5.954573,0.314173
Er1Cr1,B2,Er,Cr,3.4872182198919304,-6.6280005,3.0493494
Er1Cu1,B2,Er,Cu,3.4251393647322494,-4.40802645,3e-07
Er1Dy1,B2,Er,Dy,3.9772458126981753,-4.380654,0.0001551
Er1Fe1,B2,Er,Fe,3.358209387367172,-6.2345445,1.4350856
Er1Ge1,B2,Er,Ge,3.5566129656911367,-5.0802215,1.1e-06
Er1Hf1,B2,Er,Hf,3.721394182799065,-6.8474415,3.37e-05
Er1Ir1,B2,Er,Ir,3.394827462372906,-7.5525615,0.0
Er1La1,B2,Er,La,4.09322523230842,-4.6191437,-1.25e-05
Er1Mg1,B2,Er,Mg,3.7617643386757975,-3.0664056,0.0001462
Er1Mn1,B2,Er,Mn,3.4839444466226492,-6.565954,3.1752253
Er1Mo1,B2,Er,Mo,3.466876813833249,-7.113719,0.0130872
Er1Nb1,B2,Er,Nb,3.575798264902449,-6.7941005,3e-07
Er1Ni1,B2,Er,Ni,3.3325074902661944,-5.4372295,3e-07
Er1Os1,B2,Er,Os,3.381078583119663,-7.971204,-3.4e-06
Er1Pb1,B2,Er,Pb,3.839316041567284,-4.36677555,-9.3e-06
Er1Pd1,B2,Er,Pd,3.478442789260424,-5.7754775,-1.2e-06
Er1Pt1,B2,Er,Pt,3.4622923239724495,-6.5415215,0.0
Er1Re1,B2,Er,Re,3.4152472517632475,-7.9986995,0.0021804
Er1Rh1,B2,Er,Rh,3.392841085692073,-6.7910355,-2e-07
Er1Ru1,B2,Er,Ru,3.368370785031498,-7.2147525,2e-07
Er1Sc1,B2,Er,Sc,3.8031886631482807,-5.2726295,-4.6e-06
Er1Si1,B2,Er,Si,3.4977542647500988,-5.373922,-4.4e-06
Er1Sn1,B2,Er,Sn,3.7645932054643336,-4.68893015,-3.8e-06
Er1Ta1,B2,Er,Ta,3.571484634343161,-7.492911,8.4e-06
Er1Tb1,B2,Er,Tb,3.9845081741434547,-4.39913285,0.0001171
Er1Ti1,B2,Er,Ti,3.6162341448934248,-5.8201615,1.4907078
Er1V1,B2,Er,V,3.5663878327074694,-6.323989,3.4256542
Er1W1,B2,Er,W,3.4749377168494777,-7.857619,0.0004377
Er1Y1,B2,Er,Y,3.9988348083958036,-5.331045,0.0024651
Er1Zn1,B2,Er,Zn,3.5358042385951634,-3.15603405,2.1e-06
Er1Zr1,B2,Er,Zr,3.742568474400217,-6.24218,-5.3e-06
Fe1Ag1,B2,Fe,Ag,3.1242301658990987,-4.96879085,-2.8919801
Fe1Al1,B2,Fe,Al,2.868608316268821,-6.3109135,0.0004111
Fe1As1,B2,Fe,As,2.9461438849215327,-6.3296115,0.8929482
Fe1Au1,B2,Fe,Au,3.1261435784332634,-5.4925065,2.9285457
Fe1B1,B2,Fe,B,2.4851809075764697,-7.6012575,-0.00699
Fe1Be1,B2,Fe,Be,2.639151437609016,-6.1616445,1.7015645
Fe1Ca1,B2,Fe,Ca,3.5525080574367096,-4.4017949,-2.4024295
Fe1Cd1,B2,Fe,Cd,3.2053026833240854,-4.09985845,2.8210645
Fe1Ce1,B2,Fe,Ce,3.3625785602583993,-6.9976665,0.2483323
Fe1Co1,B2,Fe,Co,2.84283214690319,-7.7036295,-4.5396668
Fe1Cr1,B2,Fe,Cr,2.8256773819461123,-8.693249,-1.8888582
Fe1Cu1,B2,Fe,Cu,2.8845967180337673,-5.737939,2.6839016
Fe1Dy1,B2,Fe,Dy,3.3999694056216105,-6.217394,1.5686936
Fe1Er1,B2,Fe,Er,3.354946514175222,-6.234559,1.4233544
Fe1Fe1,B2,Fe,Fe,2.8265688365624198,-8.250802,4.2134581
Fe1Ga1,B2,Fe,Ga,2.889516636241098,-5.645693,0.0032375
Fe1Gd1,B2,Fe,Gd,3.7058597854768833,-22.1122315,-4.8169054
Fe1Ge1,B2,Fe,Ge,2.893691638239438,-6.3769905,-0.0
Fe1Hf1,B2,Fe,Hf,3.1340080247005258,-9.4227575,4e-07
Fe1In1,B2,Fe,In,3.134604290909695,-4.9600411,-0.0010139
Fe1Ir1,B2,Fe,Ir,3.0166719477339377,-8.489317,4.1289207
Fe1La1,B2,Fe,La,3.5475661212353553,-6.2357255,1.3900651
Fe1Mg1,B2,Fe,Mg,3.137375567008669,-4.5107313,-2.4923829
Fe1Mn1,B2,Fe,Mn,2.771705901094128,-8.2790985,-0.0001317
Fe1Mo1,B2,Fe,Mo,2.9754974442889544,-9.2416315,-0.0010581
Fe1Na1,B2,Fe,Na,3.396067162054985,-3.6595046,3.0428934
Fe1Nb1,B2,Fe,Nb,3.078294433709398,-9.208953,-0.9927221
Fe1Ni1,B2,Fe,Ni,2.8466867055533354,-6.7968725,3.5170809
Fe1Os1,B2,Fe,Os,2.9622724960101214,-9.518657,2.6250461
Fe1Pb1,B2,Fe,Pb,3.4041973999804647,-5.2182855,2.6300255
Fe1Pd1,B2,Fe,Pd,2.967148321954579,-6.2057515,-0.0023581
Fe1Pt1,B2,Fe,Pt,2.995,-6.8060175,-0.0019051
Fe1Re1,B2,Fe,Re,2.9803760090533427,-10.1599045,2.4831383
Fe1Rh1,B2,Fe,Rh,3.006625845663974,-7.793348,4.2365519
Fe1Ru1,B2,Fe,Ru,2.9114148410937344,-8.2569635,-0.0012021
Fe1Sb1,B2,Fe,Sb,3.176388606456305,-5.835896,1.0588948
Fe1Sc1,B2,Fe,Sc,3.123124459840723,-7.24212,0.0005187
Fe1Se1,B2,Fe,Se,3.04652892265295,-5.637657,1.7961432
Fe1Si1,B2,Fe,Si,2.7584842979461994,-7.3340795,-1e-07
Fe1Sn1,B2,Fe,Sn,3.131192906505722,-5.735125,-2.77e-05
Fe1Sr1,B2,Fe,Sr,3.7812733174663338,-4.0821537,2.6158097
Fe1Ta1,B2,Fe,Ta,3.0512030500699865,-10.1269665,-0.0001924
Fe1Tb1,B2,Fe,Tb,3.415364498766344,-6.2108685,1.5974118
Fe1Tc1,B2,Fe,Tc,2.923788138606337,-8.9335215,-0.0005328
Fe1Ti1,B2,Fe,Ti,2.953706839513936,-8.4500885,8.2e-06
Fe1V1,B2,Fe,V,2.8661281466085815,-8.711223,0.0004852
Fe1W1,B2,Fe,W,2.9880629179458946,-10.260169,0.0022568
Fe1Y1,B2,Fe,Y,3.392675461566603,-7.1505295,1.1833091
Fe1Zn1,B2,Fe,Zn,2.943826710556939,-4.5582369,-2.3105859
Fe1Zr1,B2,Fe,Zr,3.165671218451102,-8.599427,1.48e-05
Ga1Ag1,B2,Ga,Ag,3.3101896015740273,-2.7981281,1.4e-06
Ga1Al1,B2,Ga,Al,3.314784422053444,-3.2699255,0.0
Ga1As1,B2,Ga,As,3.3954452535075137,-3.57262995,-1.1e-06
Ga1B1,B2,Ga,B,2.9270368651603853,-3.59065,-1.32e-05
Ga1Ca1,B2,Ga,Ca,3.674164120586562,-2.83901735,-2.9e-06
Ga1Cd1,B2,Ga,Cd,3.499192464476587,-1.73028235,-2.65e-05
Ga1Ce1,B2,Ga,Ce,3.6521640372095616,-4.6012658,-1.0348877
Ga1Co1,B2,Ga,Co,2.879225045838968,-5.2791165,4.16e-05
Ga1Cr1,B2,Ga,Cr,2.970013078379417,-5.9372775,-0.0015772
Ga1Cu1,B2,Ga,Cu,3.068021255967941,-3.30926035,-0.0
Ga1Fe1,B2,Ga,Fe,2.8895101506928453,-5.645692,0.0010415
Ga1Ga1,B2,Ga,Ga,3.36182010819898,-2.9237132,-1e-06
Ga1Gd1,B2,Ga,Gd,3.612822000059297,-9.089065,7.117831
Ga1Ge1,B2,Ga,Ge,3.3752985670838442,-3.47796285,-0.0001153
Ga1Hf1,B2,Ga,Hf,3.329680255352037,-6.697742,-6.78e-05
Ga1In1,B2,Ga,In,3.5985044114164886,-2.7238529,-2.06e-05
Ga1La1,B2,Ga,La,3.772602484468801,-4.45889095,4.09e-05
Ga1Mg1,B2,Ga,Mg,3.3989780870809834,-2.32320565,-8e-07
Ga1Mn1,B2,Ga,Mn,2.92087168944638,-5.8545395,-0.0013686
Ga1Mo1,B2,Ga,Mo,3.1121966987147083,-6.7613055,-4.84e-05
Ga1Na1,B2,Ga,Na,3.587282249228998,-2.05716395,-3.7e-06
Ga1Nb1,B2,Ga,Nb,3.2300587590107455,-6.530029,-0.0082168
Ga1Ni1,B2,Ga,Ni,2.9167834618556476,-4.5999709,-1.1e-06
Ga1Pd1,B2,Ga,Pd,3.1070794165077977,-4.69518495,-4e-07
Ga1Ru1,B2,Ga,Ru,3.023506481449025,-6.3941395,7e-07
Ga1Sb1,B2,Ga,Sb,3.6261376608255524,-3.3992783,8e-07
Ga1Sc1,B2,Ga,Sc,3.367796165454443,-5.1849805,0.0
Ga1Se1,B2,Ga,Se,3.44407791465371,-3.27830795,5e-07
Ga1Si1,B2,Ga,Si,3.244190156577429,-3.73707055,5.9e-06
Ga1Sn1,B2,Ga,Sn,3.6164786014145016,-3.26544235,1.66e-05
Ga1Sr1,B2,Ga,Sr,3.8991526961931036,-2.61642975,7e-07
Ga1Ta1,B2,Ga,Ta,3.219484996110819,-7.2461885,-1.11e-05
Ga1Tc1,B2,Ga,Tc,3.058233700204294,-6.6687095,0.5357941
Ga1Ti1,B2,Ga,Ti,3.170568813853116,-5.6595775,-2.54e-05
Ga1V1,B2,Ga,V,3.0656659135032167,-5.9063535,1.4151998
Ga1W1,B2,Ga,W,3.125926956233739,-7.4882555,-7.94e-05
Ga1Y1,B2,Ga,Y,3.578993967265798,-5.286343,-3.4e-06
Ga1Zn1,B2,Ga,Zn,3.2655318389892285,-1.91837775,-1e-07
Ga1Zr1,B2,Ga,Zr,3.3655010945813895,-6.149826,4e-07
Gd1Gd1,B2,Gd,Gd,4.10134684124495,-13.656868,12.0004103
Ge1Ag1,B2,Ge,Ag,3.355131477149772,-3.39458685,1.3e-06
Ge1Al1,B2,Ge,Al,3.314254058428524,-3.91188795,3.26e-05
Ge1As1,B2,Ge,As,3.3828115656365987,-4.2059064,-3.2e-06
Ge1Au1,B2,Ge,Au,3.3496671316140536,-3.7428863,-7e-07
Ge1B1,B2,Ge,B,2.9228258721930445,-4.13865025,2.63e-05
Ge1Be1,B2,Ge,Be,3.02913690247707,-3.56529435,5.7e-06
Ge1Ca1,B2,Ge,Ca,3.668418384606675,-3.7286222,8e-07
Ge1Cd1,B2,Ge,Cd,3.5093468247257267,-2.42104375,-5e-07
Ge1Ce1,B2,Ge,Ce,3.6334273920001516,-5.7886225,1.0545699
Ge1Co1,B2,Ge,Co,2.92853635492825,-5.8002195,-0.8125824
Ge1Cr1,B2,Ge,Cr,3.017688809380622,-6.79895,-1.8541461
Ge1Cu1,B2,Ge,Cu,3.135174506673076,-3.87926095,0.0
Ge1Dy1,B2,Ge,Dy,3.5842344843418887,-5.112512,-8.3e-06
Ge1Er1,B2,Ge,Er,3.5562227717060786,-5.080224,-1.8e-06
Ge1Fe1,B2,Ge,Fe,2.8930593325996945,-6.376989,0.0
Ge1Ga1,B2,Ge,Ga,3.3752985219473453,-3.47796285,-0.0001154
Ge1Gd1,B2,Ge,Gd,3.6161907457800666,-9.922549,7.1184968
Ge1Ge1,B2,Ge,Ge,3.3764312551115463,-4.16500745,2.4e-06
Ge1Hf1,B2,Ge,Hf,3.3478801695652045,-7.4863515,0.0003224
Ge1In1,B2,Ge,In,3.5775155798612364,-3.2914561,2.25e-05
Ge1Ir1,B2,Ge,Ir,3.1043628936227887,-6.619901,0.0042497
Ge1La1,B2,Ge,La,3.770414491879837,-5.3162275,-3.5e-06
Ge1Mg1,B2,Ge,Mg,3.4039473813672205,-3.0767939,1.6e-06
Ge1Mn1,B2,Ge,Mn,2.923101847487756,-6.636509,2.85e-05
Ge1Mo1,B2,Ge,Mo,3.130220373041202,-7.615378,2.7e-06
Ge1Na1,B2,Ge,Na,3.5231684208333434,-2.7716412,-1.3e-06
Ge1Nb1,B2,Ge,Nb,3.238151197507009,-7.3739545,-1e-07
Ge1Ni1,B2,Ge,Ni,2.974241720979547,-5.0792645,-0.0
Ge1Os1,B2,Ge,Os,3.0585529233674027,-7.699862,-2e-07
Ge1Pb1,B2,Ge,Pb,3.718089304716817,-3.76974805,-3.01e-05
Ge1Pd1,B2,Ge,Pd,3.1790384717724223,-5.1272795,0.0
Ge1Pt1,B2,Ge,Pt,3.191885717780703,-5.426701,-5.8e-06
Ge1Re1,B2,Ge,Re,3.080864198040988,-8.1557525,3e-07
Ge1Rh1,B2,Ge,Rh,3.0785696283680006,-6.17503,2.36e-05
Ge1Ru1,B2,Ge,Ru,3.0456147364741515,-7.080447,-0.0
Ge1Sb1,B2,Ge,Sb,3.591861973537384,-3.9943634,5e-07
Ge1Sc1,B2,Ge,Sc,3.396904584562091,-5.9113185,2e-07
Ge1Se1,B2,Ge,Se,3.4939956035431923,-3.85455795,1.9e-06
Ge1Si1,B2,Ge,Si,3.2555309290500296,-4.45107345,3.3e-06
Ge1Sn1,B2,Ge,Sn,3.614906874584241,-3.94261875,-3.94e-05
Ge1Sr1,B2,Ge,Sr,3.87807530900079,-3.4953221,1e-07
Ge1Ta1,B2,Ge,Ta,3.223139909105886,-8.097092,0.0001304
Ge1Tb1,B2,Ge,Tb,3.5993877645912136,-5.129408,1.4e-06
Ge1Tc1,B2,Ge,Tc,3.068371636808984,-7.481411,-0.0
Ge1Ti1,B2,Ge,Ti,3.1983737728851973,-6.3697515,5.8e-06
Ge1V1,B2,Ge,V,3.0618211510464444,-6.6577855,0.3520748
Ge1W1,B2,Ge,W,3.1344338260820335,-8.367305,3.1e-06
Ge1Y1,B2,Ge,Y,3.5951874516959648,-6.0617545,-1e-06
Ge1Zn1,B2,Ge,Zn,3.3024413498320717,-2.6120769,2e-06
Ge1Zr1,B2,Ge,Zr,3.384646212276156,-6.9234655,6e-06
Hf1Ag1,B2,Hf,Ag,3.3999679327086607,-6.2614455,1.3e-06
Hf1Al1,B2,Hf,Al,3.3503146472436427,-7.0532105,5.19e-05
Hf1As1,B2,Hf,As,3.3256912668580627,-7.9805645,2.4e-06
Hf1Au1,B2,Hf,Au,3.3978347699613507,-7.005463,-1.53e-05
Hf1B1,B2,Hf,B,2.987133044607126,-8.1801885,-0.0001315
Hf1Be1,B2,Hf,Be,3.12071633448656,-6.927517,1.38e-05
Hf1Ca1,B2,Hf,Ca,3.819631708590878,-5.1777695,6.5e-06
Hf1Cd1,B2,Hf,Cd,3.474779153471805,-5.3004805,-3e-07
Hf1Ce1,B2,Hf,Ce,3.68746508289424,-7.3372565,0.5129883
Hf1Co1,B2,Hf,Co,3.145372069571735,-8.8663435,-0.007581
Hf1Cr1,B2,Hf,Cr,3.2086938482862943,-9.4965135,-0.0005403
Hf1Cu1,B2,Hf,Cu,3.2359880682309567,-5.196924,9.84e-05
Hf1Dy1,B2,Hf,Dy,3.734068492434956,-6.859682,7.2e-06
Hf1Er1,B2,Hf,Er,3.72139016316539,-6.8474415,2.97e-05
Hf1Fe1,B2,Hf,Fe,3.1343268119754994,-9.4227545,-2e-07
Hf1Ga1,B2,Hf,Ga,3.3296802553075513,-6.697742,-6.78e-05
Hf1Gd1,B2,Hf,Gd,4.085927479326742,-11.49897,8.5624398
Hf1Ge1,B2,Hf,Ge,3.347880163364705,-7.4863515,0.0003224
Hf1Hf1,B2,Hf,Hf,3.5337501628821912,-9.7899175,8.8e-06
Hf1In1,B2,Hf,In,3.525607824782806,-6.203638,0.000343
Hf1Ir1,B2,Hf,Ir,3.280964899365974,-10.2759785,2.54e-05
Hf1La1,B2,Hf,La,3.8272553741704245,-7.0493605,-6.4e-06
Hf1Mg1,B2,Hf,Mg,3.480017523382117,-5.4990505,-3.1e-05
Hf1Mn1,B2,Hf,Mn,3.154974081646722,-9.577695,-0.000502
Hf1Mo1,B2,Hf,Mo,3.312819662124246,-10.446018,0.0004012
Hf1Na1,B2,Hf,Na,3.6089116075117027,-4.52990875,1e-07
Hf1Nb1,B2,Hf,Nb,3.4127679306889926,-9.922691,-2.9e-06
Hf1Ni1,B2,Hf,Ni,3.171152450341723,-8.1385555,0.0
Hf1Os1,B2,Hf,Os,3.256084183493762,-11.2931785,-2e-07
Hf1Pb1,B2,Hf,Pb,3.6223392356272544,-6.5010565,-1.2e-05
Hf1Pd1,B2,Hf,Pd,3.3132097162819445,-8.2535085,0.0
Hf1Pt1,B2,Hf,Pt,3.3269,-8.981789,-9.46e-05
Hf1Re1,B2,Hf,Re,3.2761893561057494,-11.481357,0.0
Hf1Rh1,B2,Hf,Rh,3.2674449923742452,-9.433359,-5e-07
Hf1Ru1,B2,Hf,Ru,3.2363673896666674,-10.4216035,-0.0
Hf1Sb1,B2,Hf,Sb,3.539990703966251,-7.3658485,-5e-07
Hf1Sc1,B2,Hf,Sc,3.575977693400316,-7.8744645,0.0002163
Hf1Se1,B2,Hf,Se,3.322566323893467,-7.6373565,-1.24e-05
Hf1Si1,B2,Hf,Si,3.284301169315935,-7.926708,-1.92e-05
Hf1Sn1,B2,Hf,Sn,3.541568185181695,-6.943103,2.9e-06
Hf1Sr1,B2,Hf,Sr,3.983827887751637,-4.7582855,2.6e-06
Hf1Ta1,B2,Hf,Ta,3.4122702474820743,-10.72093,-9.4e-05
Hf1Tb1,B2,Hf,Tb,3.739896181651875,-6.8707295,4e-06
Hf1Tc1,B2,Hf,Tc,3.257776391670298,-10.631402,-1e-07
Hf1Ti1,B2,Hf,Ti,3.3923399948309103,-8.733367,-0.0001323
Hf1V1,B2,Hf,V,3.2952845804812365,-9.284078,1.9912505
Hf1W1,B2,Hf,W,3.3277572061725924,-11.3035575,1e-07
Hf1Y1,B2,Hf,Y,3.7433247410348915,-7.812009,2.5e-06
Hf1Zn1,B2,Hf,Zn,3.293967075755046,-5.745032,-1.1e-06
Hf1Zr1,B2,Hf,Zr,3.5529839585414926,-9.125487,5e-07
In1Ag1,B2,In,Ag,3.5128947737211824,-2.62422355,-2.1e-06
In1Al1,B2,In,Al,3.5754288911526104,-2.9604615,-7e-07
In1As1,B2,In,As,3.594062230545051,-3.396613,1.6e-06
In1B1,B2,In,B,3.207893390154693,-3.21517735,-9.34e-05
In1Ca1,B2,In,Ca,3.875364466260822,-2.6899977,6.1e-06
In1Cd1,B2,In,Cd,3.701631218665132,-1.5948671,-3e-07
In1Ce1,B2,In,Ce,3.8685598394590093,-4.55635515,1.0040439
In1Co1,B2,In,Co,3.1268467536760998,-4.65312825,-0.0043435
In1Cr1,B2,In,Cr,3.3543010203316017,-5.6191045,3.5880275
In1Cu1,B2,In,Cu,3.305420094664767,-2.9978778,-0.0
In1Fe1,B2,In,Fe,3.1345566609830593,-4.96004125,0.0012939
In1Ga1,B2,In,Ga,3.5985047782190476,-2.7238529,-2.53e-05
In1Gd1,B2,In,Gd,3.7986641084558963,-8.813759,7.2021906
In1Ge1,B2,In,Ge,3.577515808295865,-3.2914561,1.08e-05
In1Hf1,B2,In,Hf,3.5256078277056755,-6.203638,0.000343
In1In1,B2,In,In,3.8098631550687116,-2.57263875,2e-06
In1La1,B2,In,La,3.9600253779452332,-4.2398183,-2.69e-05
In1Mg1,B2,In,Mg,3.6395168588855773,-2.0805718,-4.8e-06
In1Mn1,B2,In,Mn,3.1614495788987957,-5.1584115,9.15e-05
In1Mo1,B2,In,Mo,3.304919601175846,-6.1619245,-5e-07
In1Na1,B2,In,Na,3.7868867710806353,-2.006129,1.9e-06
In1Nb1,B2,In,Nb,3.413780569945142,-5.996891,0.5476445
In1Ni1,B2,In,Ni,3.1559177199815784,-4.13656755,-5e-07
In1Pd1,B2,In,Pd,3.3014728223988934,-4.4328086,9e-07
In1Ru1,B2,In,Ru,3.23099220029119,-5.80585,-3e-07
In1Sb1,B2,In,Sb,3.8266719007547207,-3.22146565,-1e-07
In1Sc1,B2,In,Sc,3.5813597837851043,-4.81658645,6e-07
In1Se1,B2,In,Se,3.633315405654936,-3.2173505,-4.7e-06
In1Si1,B2,In,Si,3.498065100035243,-3.47152475,1.02e-05
In1Sn1,B2,In,Sn,3.814498098084363,-3.1029458,-4.92e-05
In1Sr1,B2,In,Sr,4.077985258017825,-2.5139066,-2.3e-06
In1Ta1,B2,In,Ta,3.4028128405853235,-6.621529,1.3e-05
In1Tc1,B2,In,Tc,3.26549498401085,-6.037816,0.7869406
In1Ti1,B2,In,Ti,3.3771272314078504,-5.167053,-2.3e-06
In1V1,B2,In,V,3.349655621248254,-5.370173,2.5297577
In1W1,B2,In,W,3.3172258652485165,-6.783141,0.3248309
In1Y1,B2,In,Y,3.7727905678924305,-5.0017135,5e-07
In1Zn1,B2,In,Zn,3.511482811289258,-1.70754045,-1.9e-06
In1Zr1,B2,In,Zr,3.559793036518718,-5.7125455,2.4e-06
Ir1Ag1,B2,Ir,Ag,3.1743041993579886,-5.0025155,0.7530829
Ir1Al1,B2,Ir,Al,3.0159865377573456,-7.2370205,1.9e-06
Ir1Au1,B2,Ir,Au,3.184637434449682,-5.426661,-0.0008227
Ir1Be1,B2,Ir,Be,2.800334566798439,-6.874757,-4e-07
Ir1Ca1,B2,Ir,Ca,3.415832223282653,-5.3988915,-2.4e-06
Ir1Co1,B2,Ir,Co,2.955978022949316,-7.690251,2.1015651
Ir1Cr1,B2,Ir,Cr,3.0405109309833103,-9.1173545,3.0072045
Ir1Cu1,B2,Ir,Cu,2.977217949749445,-5.995371,0.706735
Ir1Dy1,B2,Ir,Dy,3.4266505785093977,-7.507181,-5.5e-06
Ir1Er1,B2,Ir,Er,3.39551989660989,-7.5525595,-3e-07
Ir1Fe1,B2,Ir,Fe,3.01667006000559,-8.489317,4.1288856
Ir1Ge1,B2,Ir,Ge,3.104362031761813,-6.619901,0.0042472
Ir1Hf1,B2,Ir,Hf,3.2809657337830114,-10.2759785,1.56e-05
Ir1La1,B2,Ir,La,3.597291502721321,-7.4423845,8.92e-05
Ir1Mg1,B2,Ir,Mg,3.1168907070757697,-5.438666,7e-07
Ir1Mn1,B2,Ir,Mn,3.0381975221961266,-9.050338,3.9754913
Ir1Mo1,B2,Ir,Mo,3.140516705070117,-9.576684,8e-07
Ir1Nb1,B2,Ir,Nb,3.2185238362141138,-9.652099,2.4e-06
Ir1Ni1,B2,Ir,Ni,2.9352186431270595,-7.027334,2e-07
Ir1Os1,B2,Ir,Os,3.1073606228354995,-9.249158,0.8569935
Ir1Pb1,B2,Ir,Pb,3.4024417853110367,-5.585082,-0.0027305
Ir1Pd1,B2,Ir,Pd,3.1074073240504956,-6.611513,8.4e-06
Ir1Pt1,B2,Ir,Pt,3.133845325105167,-7.0810515,-0.0001513
Ir1Re1,B2,Ir,Re,3.119686262530811,-10.027381,1.9e-06
Ir1Rh1,B2,Ir,Rh,3.085902195423951,-7.596876,0.0031834
Ir1Ru1,B2,Ir,Ru,3.088531793120019,-8.442786,1.2078077
Ir1Sc1,B2,Ir,Sc,3.2308521838396898,-8.5684295,0.0
Ir1Si1,B2,Ir,Si,3.006808432063672,-7.3932435,0.0008118
Ir1Sn1,B2,Ir,Sn,3.2915466736652577,-6.2369915,-1.4e-06
Ir1Ta1,B2,Ir,Ta,3.212306095486857,-10.614239,1.3e-06
Ir1Tb1,B2,Ir,Tb,3.443229400784047,-7.4843475,-3.9e-06
Ir1Ti1,B2,Ir,Ti,3.120321294368496,-9.0982595,-3e-07
Ir1V1,B2,Ir,V,3.0553840720368832,-9.1570025,1.7016025
Ir1W1,B2,Ir,W,3.1547772287707057,-10.513374,1.1e-06
Ir1Y1,B2,Ir,Y,3.4303201878337153,-8.4422265,-2e-07
Ir1Zn1,B2,Ir,Zn,3.035875024494674,-5.083389,1e-07
Ir1Zr1,B2,Ir,Zr,3.3048362938106757,-9.4846795,-2.7e-06
La1Ag1,B2,La,Ag,3.810218044803915,-4.0817557,0.2415634
La1Al1,B2,La,Al,3.8020151490809444,-4.67335375,3.76e-05
La1As1,B2,La,As,3.746100942128942,-5.996813,-2.3e-06
La1Au1,B2,La,Au,3.7827325562670167,-4.84091145,-5.7e-06
La1B1,B2,La,B,3.4052749874045616,-5.360117,2.21e-05
La1Be1,B2,La,Be,3.5982508970550615,-4.0885041,4.3e-05
La1Ca1,B2,La,Ca,4.294782566248205,-3.29273815,-9.49e-05
La1Cd1,B2,La,Cd,3.936733675936041,-3.1497494,0.3578542
La1Ce1,B2,La,Ce,4.089276290987632,-5.1380275,2.2058462
La1Co1,B2,La,Co,3.489149784228479,-5.9155015,0.0014378
La1Cr1,B2,La,Cr,3.7284462569281622,-6.681834,3.3125462
La1Cu1,B2,La,Cu,3.6548589095629316,-4.45652525,0.0022711
La1Dy1,B2,La,Dy,4.1116243690389505,-4.62781475,2.81e-05
La1Er1,B2,La,Er,4.093207989483553,-4.61914365,-7.05e-05
La1Fe1,B2,La,Fe,3.54749223158866,-6.235725,1.3897991
La1Ga1,B2,La,Ga,3.772888970734702,-4.45889235,-3.51e-05
La1Gd1,B2,La,Gd,4.131913566528429,-9.3546515,7.7987345
La1Ge1,B2,La,Ge,3.770485509911912,-5.3162275,7.33e-05
La1Hf1,B2,La,Hf,3.826975898379213,-7.049361,9e-07
La1In1,B2,La,In,3.9599740776786096,-4.2398184,-4.53e-05
La1Ir1,B2,La,Ir,3.5972757020616553,-7.442385,1.54e-05
La1La1,B2,La,La,4.222412788647267,-4.746899,1.1732223
La1Mg1,B2,La,Mg,3.957278956455051,-3.3192312,-2.19e-05
La1Mn1,B2,La,Mn,3.4896612449545934,-6.1958985,-0.0005465
La1Mo1,B2,La,Mo,3.6288508844318703,-7.1220565,1.6340214
La1Na1,B2,La,Na,4.173783272782133,-2.75070835,1.0570214
La1Nb1,B2,La,Nb,3.6985947992190416,-6.831579,0.6099007
La1Ni1,B2,La,Ni,3.5504773640005327,-5.4157585,8.9e-05
La1Os1,B2,La,Os,3.575623294872212,-7.7927305,-3.93e-05
La1Pb1,B2,La,Pb,4.030937732993824,-4.7352556,4.33e-05
La1Pd1,B2,La,Pd,3.687279151075084,-5.7880215,4e-06
La1Pt1,B2,La,Pt,3.663297465685351,-6.552173,4.8e-06
La1Re1,B2,La,Re,3.593499449219856,-7.824045,0.8558955
La1Rh1,B2,La,Rh,3.5963415832174017,-6.6957885,-2e-07
La1Ru1,B2,La,Ru,3.561587704228357,-7.061799,0.2436701
La1Sb1,B2,La,Sb,3.96608978523267,-5.5261025,-4.2e-06
La1Sc1,B2,La,Sc,3.958541867090162,-5.493895,1.15e-05
La1Se1,B2,La,Se,3.7136351574689415,-5.9618945,0.1835314
La1Si1,B2,La,Si,3.718843412117762,-5.5673715,3.1e-06
La1Sn1,B2,La,Sn,3.9692781747898778,-4.99231665,0.2262879
La1Sr1,B2,La,Sr,4.463134873210822,-3.02412725,2.42e-05
La1Ta1,B2,La,Ta,3.6939687586041248,-7.5367445,-1.22e-05
La1Tb1,B2,La,Tb,4.1212,-4.63523435,0.0001933
La1Tc1,B2,La,Tc,3.5577473227322325,-7.16574,0.279913
La1Ti1,B2,La,Ti,3.7122752291962815,-5.956223,1.7e-06
La1V1,B2,La,V,3.716021844231988,-6.3445995,2.9514929
La1W1,B2,La,W,3.635147670971233,-7.7878935,1.3493531
La1Y1,B2,La,Y,4.131735540233016,-5.5776315,6.24e-05
La1Zn1,B2,La,Zn,3.756253854740351,-3.3217856,1.54e-05
La1Zr1,B2,La,Zr,3.842871518274941,-6.4105685,1.97e-05
Mg1Ag1,B2,Mg,Ag,3.3322195414480364,-2.4069477,0.0
Mg1Al1,B2,Mg,Al,3.402103614978337,-2.53820505,-6.24e-05
Mg1As1,B2,Mg,As,3.4001552295739783,-3.2613583,-1e-07
Mg1Au1,B2,Mg,Au,3.302268262958549,-2.9761982,5.1e-06
Mg1B1,B2,Mg,B,2.907489728417003,-3.28235855,1.78e-05
Mg1Be1,B2,Mg,Be,3.0819268767513637,-2.24787915,3.03e-05
Mg1Ca1,B2,Mg,Ca,3.959727077863476,-1.7973824,1.64e-05
Mg1Cd1,B2,Mg,Cd,3.5199257091285867,-1.23374135,5.4e-06
Mg1Ce1,B2,Mg,Ce,3.844814185690685,-3.6242791,1.0106766
Mg1Co1,B2,Mg,Co,3.0214994200861742,-4.01533645,-0.0003051
Mg1Cr1,B2,Mg,Cr,3.326346457071615,-4.9295899,3.8121646
Mg1Cu1,B2,Mg,Cu,3.1547275078827313,-2.7541662,0.0
Mg1Dy1,B2,Mg,Dy,3.78445,-3.102133,0.0028952
Mg1Er1,B2,Mg,Er,3.7617642463491308,-3.06640525,0.000153
Mg1Fe1,B2,Mg,Fe,3.137781972480714,-4.51073285,-2.4929781
Mg1Ga1,B2,Mg,Ga,3.3989784470644073,-2.32320565,-7e-07
Mg1Gd1,B2,Mg,Gd,3.8241452929251363,-7.9063095,7.6417855
Mg1Ge1,B2,Mg,Ge,3.403947390667081,-3.0767939,1.5e-06
Mg1Hf1,B2,Mg,Hf,3.480017494150733,-5.4990505,-3.1e-05
Mg1In1,B2,Mg,In,3.6395169058935006,-2.0805718,-4.9e-06
Mg1Ir1,B2,Mg,Ir,3.1167854908464143,-5.4386665,1.1e-06
Mg1La1,B2,Mg,La,3.957187052149256,-3.3192313,1.88e-05
Mg1Mg1,B2,Mg,Mg,3.5789432993777983,-1.46554335,-1e-06
Mg1Mn1,B2,Mg,Mn,3.2479363345451535,-4.93593535,-3.4555766
Mg1Mo1,B2,Mg,Mo,3.231233785998711,-5.4073835,4e-07
Mg1Na1,B2,Mg,Na,3.8498905014322937,-1.2695315,0.0
Mg1Nb1,B2,Mg,Nb,3.3580019972022277,-5.254887,0.0001879
Mg1Ni1,B2,Mg,Ni,3.0366200621081227,-3.65900065,-2e-07
Mg1Os1,B2,Mg,Os,3.1262792937994126,-5.811363,-0.0
Mg1Pb1,B2,Mg,Pb,3.752299470529646,-2.58086545,6.56e-05
Mg1Pd1,B2,Mg,Pd,3.1805601591360038,-4.10403865,0.0
Mg1Pt1,B2,Mg,Pt,3.1667856448312115,-4.62987145,-9e-07
Mg1Re1,B2,Mg,Re,3.176464870023642,-6.02464,1.0587527
Mg1Rh1,B2,Mg,Rh,3.1185104611400183,-4.82467825,8e-07
Mg1Ru1,B2,Mg,Ru,3.1288529318188854,-5.122494,-3e-07
Mg1Sb1,B2,Mg,Sb,3.648090074789809,-2.91612895,-1.7e-06
Mg1Sc1,B2,Mg,Sc,3.5957412602515593,-3.9288362,-3.3e-06
Mg1Se1,B2,Mg,Se,3.4507937835450377,-3.1719249,7e-07
Mg1Si1,B2,Mg,Si,3.3023649821356895,-3.3168804,7.9e-06
Mg1Sn1,B2,Mg,Sn,3.6413561546031734,-2.77607655,7e-07
Mg1Sr1,B2,Mg,Sr,4.178488594649878,-1.62012565,-3.4e-06
Mg1Ta1,B2,Mg,Ta,3.3360273160993787,-6.00061,-1.8e-06
Mg1Tb1,B2,Mg,Tb,3.7958409806577835,-3.12278215,6.42e-05
Mg1Tc1,B2,Mg,Tc,3.1778758025924505,-5.332727,1.050287
Mg1Ti1,B2,Mg,Ti,3.349843638737192,-4.3668587,-1.4e-05
Mg1V1,B2,Mg,V,3.229814645624414,-4.52794285,0.9699256
Mg1W1,B2,Mg,W,3.2219650210667536,-6.1978165,-1e-07
Mg1Y1,B2,Mg,Y,3.801158311263223,-4.0799241,-1.8e-06
Mg1Zn1,B2,Mg,Zn,3.3185278334850805,-1.3886716,-2.7e-06
Mg1Zr1,B2,Mg,Zr,3.523094456226535,-4.92973455,-1e-07
Mn1Ag1,B2,Mn,Ag,3.221292557275013,-5.5342785,-4.1008737
Mn1Al1,B2,Mn,Al,2.9124846152599524,-6.429048,-0.0013248
Mn1As1,B2,Mn,As,2.9330872752427535,-6.7559,-2.9e-06
Mn1Au1,B2,Mn,Au,3.216022301149568,-6.116026,4.1601913
Mn1B1,B2,Mn,B,2.5219034293177027,-7.908134,0.654422
Mn1Be1,B2,Mn,Be,2.7112199621211692,-6.4774975,2.4824333
Mn1Ca1,B2,Mn,Ca,3.6918530186085667,-4.91759245,-3.7900167
Mn1Cd1,B2,Mn,Cd,3.3016842423859143,-4.6022503,3.8179648
Mn1Ce1,B2,Mn,Ce,3.3462269924550054,-7.1173375,0.0119099
Mn1Co1,B2,Mn,Co,2.77553452836003,-7.624122,-0.0016406
Mn1Cr1,B2,Mn,Cr,2.813479563253969,-9.186705,7.28e-05
Mn1Cu1,B2,Mn,Cu,2.9799754327084864,-6.167499,3.7994563
Mn1Dy1,B2,Mn,Dy,3.514485562764039,-6.5708705,3.2006179
Mn1Er1,B2,Mn,Er,3.4840007944870113,-6.5659545,3.1753204
Mn1Fe1,B2,Mn,Fe,2.7716998518261113,-8.2790985,0.0001307
Mn1Ga1,B2,Mn,Ga,2.9208716885407835,-5.8545395,-0.0013685
Mn1Gd1,B2,Mn,Gd,3.373036966235798,-10.322631,-6.5029022
Mn1Ge1,B2,Mn,Ge,2.922277760519744,-6.636503,0.0010058
Mn1Hf1,B2,Mn,Hf,3.155099912311659,-9.5776945,3.3e-06
Mn1In1,B2,Mn,In,3.1614443950663333,-5.1584115,4.45e-05
Mn1Ir1,B2,Mn,Ir,3.038197498021631,-9.050338,3.975491
Mn1La1,B2,Mn,La,3.4896426177581747,-6.1959,0.0030494
Mn1Mg1,B2,Mn,Mg,3.248596055646981,-4.9359319,-3.4572673
Mn1Mn1,B2,Mn,Mn,2.788317954161439,-8.850183,1.508024
Mn1Mo1,B2,Mn,Mo,2.9850587181466035,-9.7992815,-0.0
Mn1Na1,B2,Mn,Na,3.610032432744495,-4.2033658,4.3698714
Mn1Nb1,B2,Mn,Nb,3.070238157364082,-9.6511335,-1e-07
Mn1Ni1,B2,Mn,Ni,2.910469162667084,-7.2676965,-4.3469027
Mn1Os1,B2,Mn,Os,3.0008377885334245,-10.024841,2.989548
Mn1Pb1,B2,Mn,Pb,3.5449547044121408,-5.7538755,3.9788537
Mn1Pd1,B2,Mn,Pd,2.9877097583644314,-6.5579475,0.0008256
Mn1Pt1,B2,Mn,Pt,3.1231016204937543,-7.8549605,-4.4989198
Mn1Re1,B2,Mn,Re,2.99706666120582,-10.574767,1.992797
Mn1Rh1,B2,Mn,Rh,3.032717326149144,-8.2910775,4.0912648
Mn1Ru1,B2,Mn,Ru,2.925435707360642,-8.74796,0.0031148
Mn1Sb1,B2,Mn,Sb,3.1669734751918983,-6.1538805,1.17e-05
Mn1Sc1,B2,Mn,Sc,3.261590332946294,-7.5116615,2.3017256
Mn1Se1,B2,Mn,Se,2.9867707638327863,-5.967689,4.2e-06
Mn1Si1,B2,Mn,Si,2.794532979780124,-7.54353,-3.25e-05
Mn1Sn1,B2,Mn,Sn,3.3161674150342337,-6.0979255,3.0602786
Mn1Sr1,B2,Mn,Sr,3.925739283828168,-4.67060125,3.9126959
Mn1Ta1,B2,Mn,Ta,3.0600722341076945,-10.658718,-0.0
Mn1Tb1,B2,Mn,Tb,3.5308215500971,-6.5750585,3.2060965
Mn1Tc1,B2,Mn,Tc,2.9340135239693574,-9.4692415,0.0078797
Mn1Ti1,B2,Mn,Ti,2.9765381227469536,-8.6352565,3e-07
Mn1V1,B2,Mn,V,2.871799544074319,-9.278352,0.0
Mn1W1,B2,Mn,W,2.99694850990587,-10.830507,0.0040384
Mn1Y1,B2,Mn,Y,3.5515288049210825,-7.5177705,3.4962689
Mn1Zn1,B2,Mn,Zn,3.0016697347140915,-4.977535,2.9551603
Mn1Zr1,B2,Mn,Zr,3.1852527897235987,-8.784149,-6.05e-05
Mo1Ag1,B2,Mo,Ag,3.215206448389115,-5.8702555,3e-07
Mo1Al1,B2,Mo,Al,3.1232236194801866,-7.2638025,0.001192
Mo1As1,B2,Mo,As,3.118015753620283,-7.867631,1.8e-06
Mo1Au1,B2,Mo,Au,3.2303377764860968,-6.4842485,1e-06
Mo1B1,B2,Mo,B,2.78030449467434,,-2.2157213
Mo1Be1,B2,Mo,Be,2.8860893694759175,-7.131226,-8.5e-06
Mo1Ca1,B2,Mo,Ca,3.615709742191505,-5.101005,2.3668709
Mo1Cd1,B2,Mo,Cd,3.2842577577119973,-5.0125005,0.4708783
Mo1Co1,B2,Mo,Co,2.9751824050959965,-8.64461,0.0016059
Mo1Cr1,B2,Mo,Cr,3.0143617708671373,-10.160411,-0.00169
Mo1Cu1,B2,Mo,Cu,3.028712839688291,-6.842579,1.8e-06
Mo1Dy1,B2,Mo,Dy,3.5008251317828205,-7.0940855,1.2298938
Mo1Er1,B2,Mo,Er,3.466965751371437,-7.113718,-0.047317
Mo1Fe1,B2,Mo,Fe,2.975730933828109,-9.241633,0.0022159
Mo1Ga1,B2,Mo,Ga,3.1121966987428453,-6.7613055,-4.84e-05
Mo1Gd1,B2,Mo,Gd,3.9704232333994383,-11.261066,4.3321772
Mo1Ge1,B2,Mo,Ge,3.1302203730772344,-7.615378,2.7e-06
Mo1Hf1,B2,Mo,Hf,3.3128196621856154,-10.446018,0.0004012
Mo1In1,B2,Mo,In,3.304919601250882,-6.1619245,-5e-07
Mo1Ir1,B2,Mo,Ir,3.140517859557632,-9.576684,2e-07
Mo1La1,B2,Mo,La,3.62883456340459,-7.1220565,1.634017
Mo1Mg1,B2,Mo,Mg,3.2312337517750582,-5.4073835,-2e-07
Mo1Mn1,B2,Mo,Mn,2.9991619979961146,-9.8007305,-0.8933707
Mo1Mo1,B2,Mo,Mo,3.1486145265196157,-10.9505985,-3.9e-06
Mo1Na1,B2,Mo,Na,3.3377177972384677,-4.1911096,1.0963336
Mo1Nb1,B2,Mo,Nb,3.2341865902849047,-10.646643,0.0
Mo1Ni1,B2,Mo,Ni,2.988688159939514,-7.9219985,-0.0010923
Mo1Os1,B2,Mo,Os,3.1255602426508866,-10.709644,-2e-07
Mo1Pb1,B2,Mo,Pb,3.40968135782232,-6.3334395,0.0009229
Mo1Pd1,B2,Mo,Pd,3.151803336225131,-7.629498,3e-07
Mo1Pt1,B2,Mo,Pt,3.173659242355886,-8.2775775,3e-07
Mo1Rh1,B2,Mo,Rh,3.1212809280162523,-8.774239,5e-07
Mo1Ru1,B2,Mo,Ru,3.0997556563257342,-9.7474175,-0.0039257
Mo1Sb1,B2,Mo,Sb,3.3156302738264563,-7.2932455,3e-07
Mo1Sc1,B2,Mo,Sc,3.3057298343203048,-8.225594,1e-07
Mo1Se1,B2,Mo,Se,3.146697023804872,-7.146921,8.9e-06
Mo1Si1,B2,Mo,Si,3.0379768784306362,-8.3226795,-0.0
Mo1Sn1,B2,Mo,Sn,3.3124906318369014,-7.014244,0.4076691
Mo1Sr1,B2,Mo,Sr,3.817052489508921,-4.71288305,2.8971455
Mo1Ta1,B2,Mo,Ta,3.2185843516971504,-11.6335905,0.0
Mo1Tb1,B2,Mo,Tb,3.5127832369889784,-7.0861005,1.267138
Mo1Tc1,B2,Mo,Tc,3.1115270278943656,-10.5516145,1.2e-06
Mo1Ti1,B2,Mo,Ti,3.1543447467806445,-9.3884815,-0.0002751
Mo1V1,B2,Mo,V,3.0576648307145953,-10.086396,-3e-07
Mo1W1,B2,Mo,W,3.161951732221086,-11.989443,0.0
Mo1Y1,B2,Mo,Y,3.4939531350519544,-8.038852,0.000867
Mo1Zn1,B2,Mo,Zn,3.0902379130393443,-5.6191285,-0.0004677
Mo1Zr1,B2,Mo,Zr,3.335454317182034,-9.6763545,-0.000211
Na1Ag1,B2,Na,Ag,3.5711858868133284,-1.99517955,-2e-07
Na1Al1,B2,Na,Al,3.607334373618228,-2.20516695,-6.4e-06
Na1As1,B2,Na,As,3.4676534186984216,-3.15228025,-3.8e-06
Na1B1,B2,Na,B,3.1153352060645267,-2.44266965,5.5e-06
Na1Ca1,B2,Na,Ca,4.265857277652914,-1.5476636,-7e-07
Na1Cd1,B2,Na,Cd,3.734891880258603,-1.12318615,5.4e-06
Na1Ce1,B2,Na,Ce,4.096783009164515,-3.0000704,2.2513356
Na1Co1,B2,Na,Co,3.2963610051514807,-3.0329612,1.6921726
Na1Cr1,B2,Na,Cr,3.678140339990494,-4.29311455,4.9023922
Na1Cu1,B2,Na,Cu,3.4176541788994204,-2.135996,0.0
Na1Fe1,B2,Na,Fe,3.3960675509854203,-3.6595046,3.0428961
Na1Ga1,B2,Na,Ga,3.587282183428954,-2.05716395,-3.7e-06
Na1Gd1,B2,Na,Gd,4.0,-7.308679,8.0177432
Na1Ge1,B2,Na,Ge,3.5231684851221408,-2.7716412,-1.4e-06
Na1Hf1,B2,Na,Hf,3.6089111077272915,-4.52990875,-1.9e-06
Na1In1,B2,Na,In,3.786886857916179,-2.006129,1.1e-06
Na1La1,B2,Na,La,4.173910718886438,-2.75070825,1.0569993
Na1Mg1,B2,Na,Mg,3.849890145269076,-1.2695315,2e-07
Na1Mn1,B2,Na,Mn,3.6100324041146212,-4.2033658,4.3698714
Na1Mo1,B2,Na,Mo,3.3377177352969625,-4.1911096,1.0963332
Na1Na1,B2,Na,Na,4.200202809652169,-1.2945126,-9.5e-06
Na1Nb1,B2,Na,Nb,3.4474322625899205,-4.20076805,7e-07
Na1Ni1,B2,Na,Ni,3.2758370868836644,-2.62882755,-0.0026784
Na1Pd1,B2,Na,Pd,3.342356726847229,-3.22220055,0.0
Na1Ru1,B2,Na,Ru,3.2585670708502095,-3.8499084,1.2293819
Na1Sb1,B2,Na,Sb,3.73752153577339,-2.97859345,8e-07
Na1Sc1,B2,Na,Sc,3.8186002400373775,-3.21187745,0.7885309
Na1Se1,B2,Na,Se,3.563752571160345,-2.9839416,0.4700862
Na1Si1,B2,Na,Si,3.4361703052996804,-2.8906055,1.38e-05
Na1Sn1,B2,Na,Sn,3.7568452182783676,-2.66178775,1e-06
Na1Sr1,B2,Na,Sr,4.490046929354586,-1.4522249,-9e-07
Na1Ta1,B2,Na,Ta,3.4126925637918832,-4.8922967,-2.8e-06
Na1Tc1,B2,Na,Tc,3.2529340303986243,-4.0253679,-8.2e-06
Na1Ti1,B2,Na,Ti,3.5977169754442717,-3.41393585,1.7105726
Na1V1,B2,Na,V,3.6484475004215753,-3.7394158,4.0820237
Na1W1,B2,Na,W,3.3070844001375543,-4.8906351,0.917896
Na1Y1,B2,Na,Y,4.003517518925112,-3.4498741,0.2262596
Na1Zn1,B2,Na,Zn,3.5920579735449856,-1.11788405,-2.2e-06
Na1Zr1,B2,Na,Zr,3.6498194473823817,-3.98905385,-1e-06
Nb1Ag1,B2,Nb,Ag,3.316428209411754,-5.8803355,0.0
Nb1Al1,B2,Nb,Al,3.237584861850108,-6.9387255,-8e-07
Nb1As1,B2,Nb,As,3.225650557379929,-7.803152,1.3e-06
Nb1Au1,B2,Nb,Au,3.319251658732613,-6.5314505,8e-07
Nb1B1,B2,Nb,B,2.8863850021227466,-8.1983745,2e-06
Nb1Be1,B2,Nb,Be,3.006931100187258,-6.8473395,1.7e-06
Nb1Ca1,B2,Nb,Ca,3.667591140108191,-4.8890818,0.0032445
Nb1Cd1,B2,Nb,Cd,3.3819090454808824,-4.9930394,1e-07
Nb1Ce1,B2,Nb,Ce,3.578037705657813,-7.5848375,0.9787435
Nb1Co1,B2,Nb,Co,3.066321636301039,-8.534125,0.0021024
Nb1Cr1,B2,Nb,Cr,3.104439595542641,-9.744204,-5e-07
Nb1Cu1,B2,Nb,Cu,3.1385603613627833,-6.710965,3.3e-06
Nb1Dy1,B2,Nb,Dy,3.5952627976138505,-6.78681,9e-07
Nb1Er1,B2,Nb,Er,3.5757943611262455,-6.7941005,-4.8e-06
Nb1Fe1,B2,Nb,Fe,3.061530907382966,-9.133474,-0.001535
Nb1Ga1,B2,Nb,Ga,3.2300587594792103,-6.530029,-0.0082123
Nb1Gd1,B2,Nb,Gd,3.5910468738298618,-9.2804035,-1.8828176
Nb1Ge1,B2,Nb,Ge,3.238146764838613,-7.3739545,0.0
Nb1Hf1,B2,Nb,Hf,3.4127679520584513,-9.922691,-2.9e-06
Nb1In1,B2,Nb,In,3.4137805682370335,-5.996891,0.5476445
Nb1Ir1,B2,Nb,Ir,3.2185226685512043,-9.652099,2.1e-06
Nb1La1,B2,Nb,La,3.6986386310242074,-6.8315785,0.6098166
Nb1Mg1,B2,Nb,Mg,3.358002026507928,-5.254887,0.0001939
Nb1Mn1,B2,Nb,Mn,3.0694467701513233,-9.6511315,-1.3e-06
Nb1Mo1,B2,Nb,Mo,3.234182020214276,-10.646643,1e-07
Nb1Na1,B2,Nb,Na,3.44742353668399,-4.20076805,7e-07
Nb1Nb1,B2,Nb,Nb,3.323661101447982,-10.0880485,-3e-07
Nb1Ni1,B2,Nb,Ni,3.084286782511983,-7.805695,-4e-07
Nb1Os1,B2,Nb,Os,3.1979234318000254,-10.7415455,3e-07
Nb1Pb1,B2,Nb,Pb,3.4969533377608815,-6.322076,-2e-07
Nb1Pd1,B2,Nb,Pd,3.2414075939251203,-7.679325,9e-07
Nb1Pt1,B2,Nb,Pt,3.2553220758064434,-8.3646315,-0.0
Nb1Re1,B2,Nb,Re,3.2109336264287864,-11.507167,2.7e-06
Nb1Rh1,B2,Nb,Rh,3.2015844364456707,-8.839196,0.0
Nb1Ru1,B2,Nb,Ru,3.177779858062206,-9.809371,-3.2e-06
Nb1Sb1,B2,Nb,Sb,3.421144868739575,-7.203504,2e-07
Nb1Sc1,B2,Nb,Sc,3.4297137465896412,-7.8546885,6.13e-05
Nb1Se1,B2,Nb,Se,3.244238886725236,-7.1653835,0.0008962
Nb1Si1,B2,Nb,Si,3.1650866365527808,-7.912901,1e-07
Nb1Sn1,B2,Nb,Sn,3.4221349820025235,-6.809446,0.0967171
Nb1Sr1,B2,Nb,Sr,3.890346461906804,-4.4664587,2.1553935
Nb1Ta1,B2,Nb,Ta,3.3199346882998686,-10.9845095,1e-07
Nb1Tb1,B2,Nb,Tb,3.6045066181797942,-6.785694,-7e-07
Nb1Tc1,B2,Nb,Tc,3.1869664426865167,-10.5638565,-1e-07
Nb1Ti1,B2,Nb,Ti,3.2593053301668538,-8.874089,3.5e-06
Nb1V1,B2,Nb,V,3.1685600028985372,-9.46014,-0.0004068
Nb1W1,B2,Nb,W,3.2393267407302146,-11.601198,-1e-07
Nb1Y1,B2,Nb,Y,3.607851620135917,-7.722697,5e-07
Nb1Zn1,B2,Nb,Zn,3.193751790965883,-5.5197375,0.0
Nb1Zr1,B2,Nb,Zr,3.4350249521453926,-9.212211,0.0
Ni1Ag1,B2,Ni,Ag,3.046364697865999,-3.7896175,8.09e-05
Ni1Al1,B2,Ni,Al,2.8867703228142165,-5.286841,2e-07
Ni1As1,B2,Ni,As,3.0328380307041725,-5.0863735,-1e-07
Ni1Au1,B2,Ni,Au,3.0557182216688297,-4.2490445,-0.2712271
Ni1B1,B2,Ni,B,2.5180196301562843,-5.9806635,7e-07
Ni1Be1,B2,Ni,Be,2.604732754186703,-5.1010015,7e-07
Ni1Ca1,B2,Ni,Ca,3.4202451904399243,-3.6935233,-9e-07
Ni1Cd1,B2,Ni,Cd,3.13275104697267,-3.0795817,-2e-06
Ni1Ce1,B2,Ni,Ce,3.4093010719457992,-5.9575545,0.0011831
Ni1Co1,B2,Ni,Co,2.7707298142988557,-5.961516,-0.0009358
Ni1Cr1,B2,Ni,Cr,2.834851904511906,-7.129463,-0.0001687
Ni1Cu1,B2,Ni,Cu,2.8236780375154122,-4.53405755,0.2005421
Ni1Dy1,B2,Ni,Dy,3.3622632551496063,-5.416936,-5e-07
Ni1Er1,B2,Ni,Er,3.330858355216264,-5.4372115,-5e-07
Ni1Fe1,B2,Ni,Fe,2.846944149879366,-6.796873,3.5174292
Ni1Ga1,B2,Ni,Ga,2.916783465397768,-4.5999709,-1.1e-06
Ni1Gd1,B2,Ni,Gd,4.05579518246579,-9.3254195,7.1385126
Ni1Ge1,B2,Ni,Ge,2.9741181733346598,-5.0792655,-0.0
Ni1Hf1,B2,Ni,Hf,3.1718157757770262,-8.138555,1e-07
Ni1In1,B2,Ni,In,3.155919258784965,-4.13656755,-5e-07
Ni1Ir1,B2,Ni,Ir,2.935216418387169,-7.027334,2e-07
Ni1La1,B2,Ni,La,3.550679756727413,-5.41576,-9.1e-06
Ni1Mg1,B2,Ni,Mg,3.0365547161393316,-3.65900065,0.0
Ni1Mn1,B2,Ni,Mn,2.793830478016966,-6.88156,-0.0028328
Ni1Mo1,B2,Ni,Mo,2.9887984922349706,-7.922,0.0203781
Ni1Na1,B2,Ni,Na,3.2758605955394104,-2.6288263,-0.0027159
Ni1Nb1,B2,Ni,Nb,3.0840982797184067,-7.805696,0.0
Ni1Ni1,B2,Ni,Ni,2.793804898285423,-5.3766955,-0.0015769
Ni1Os1,B2,Ni,Os,2.9268291676143603,-8.0218545,-4e-07
Ni1Pb1,B2,Ni,Pb,3.336901203492508,-4.1950933,3e-07
Ni1Pd1,B2,Ni,Pd,2.980163862190329,-5.2755925,1.0424902
Ni1Pt1,B2,Ni,Pt,2.9809696773281025,-5.7959445,-0.007331
Ni1Re1,B2,Ni,Re,2.950918020201261,-8.611796,-1.71e-05
Ni1Rh1,B2,Ni,Rh,2.92659594468282,-6.229246,0.042186
Ni1Ru1,B2,Ni,Ru,2.912777803538309,-7.0865225,-3e-07
Ni1Sb1,B2,Ni,Sb,3.2686266793075203,-4.69491455,4.9e-06
Ni1Sc1,B2,Ni,Sc,3.162351726294943,-6.380561,-1.1e-06
Ni1Se1,B2,Ni,Se,3.077233319521291,-4.3652423,4e-06
Ni1Si1,B2,Ni,Si,2.836093772857607,-5.7542615,0.0
Ni1Sn1,B2,Ni,Sn,3.2015483599359142,-4.6539407,2.13e-05
Ni1Sr1,B2,Ni,Sr,3.628619056684893,-3.3885567,0.0
Ni1Ta1,B2,Ni,Ta,3.0726576416565923,-8.731577,1e-07
Ni1Tb1,B2,Ni,Tb,3.378620690214363,-5.4086315,-7e-07
Ni1Tc1,B2,Ni,Tc,2.9372766698705775,-7.6328435,-0.0017105
Ni1Ti1,B2,Ni,Ti,3.004290143948837,-7.0060705,0.0
Ni1V1,B2,Ni,V,2.913815703937623,-7.225751,1.3874918
Ni1W1,B2,Ni,W,2.9979914596635227,-8.8912305,3e-07
Ni1Y1,B2,Ni,Y,3.394010780432572,-6.330504,-0.0
Ni1Zn1,B2,Ni,Zn,2.886871100868377,-3.5395562,-2.6e-06
Ni1Zr1,B2,Ni,Zr,3.2040614575143493,-7.3708625,5e-07
Os1Ag1,B2,Os,Ag,3.1509093906954546,-5.7638215,-1e-07
Os1Al1,B2,Os,Al,3.0188917752089797,-7.8894835,-4e-07
Os1Au1,B2,Os,Au,3.1695861095458087,-6.294403,2e-07
Os1Be1,B2,Os,Be,2.8055205589544454,-7.523076,-1.1e-05
Os1Ca1,B2,Os,Ca,3.417825828881887,-5.6216185,1.88e-05
Os1Co1,B2,Os,Co,2.934081444179312,-8.733229,1.4385531
Os1Cr1,B2,Os,Cr,2.99686188569888,-10.159825,1.8247123
Os1Cu1,B2,Os,Cu,2.9602888356965558,-6.890325,1.1e-06
Os1Dy1,B2,Os,Dy,3.4094004548787185,-7.9222965,0.0
Os1Er1,B2,Os,Er,3.3806036545775373,-7.971206,-1.9e-06
Os1Fe1,B2,Os,Fe,2.962272446939252,-9.518657,2.6250459
Os1Ge1,B2,Os,Ge,3.0585270279551624,-7.699862,-2.6e-06
Os1Hf1,B2,Os,Hf,3.2560848285209434,-11.2931785,1e-07
Os1Ir1,B2,Os,Ir,3.1073603206875426,-9.249158,0.8569927
Os1La1,B2,Os,La,3.575629249390975,-7.7927305,5.6e-06
Os1Mg1,B2,Os,Mg,3.126293125439124,-5.811363,-0.0
Os1Mn1,B2,Os,Mn,3.0008377942341444,-10.024841,2.989548
Os1Mo1,B2,Os,Mo,3.1255217659081813,-10.709644,0.0
Os1Nb1,B2,Os,Nb,3.1979362863084226,-10.7415455,-2e-07
Os1Ni1,B2,Os,Ni,2.9268258515514978,-8.021854,2e-07
Os1Pb1,B2,Os,Pb,3.359051080915058,-6.3036855,-1e-07
Os1Pd1,B2,Os,Pd,3.099062385705548,-7.5140595,8e-07
Os1Pt1,B2,Os,Pt,3.127414369816873,-8.0371495,6e-07
Os1Re1,B2,Os,Re,3.3132979876969544,-10.6671425,-0.0770583
Os1Rh1,B2,Os,Rh,3.078707337024832,-8.580235,0.0011351
Os1Ru1,B2,Os,Ru,3.073891437102003,-9.4887725,1.14e-05
Os1Sc1,B2,Os,Sc,3.222651633177661,-9.0588005,-1e-06
Os1Si1,B2,Os,Si,2.960952190334075,-8.6653865,0.0
Os1Sn1,B2,Os,Sn,3.255451328826353,-7.1147815,-1e-07
Os1Ta1,B2,Os,Ta,3.191274626301375,-11.7308455,1e-07
Os1Tb1,B2,Os,Tb,3.4247690574610368,-7.897786,2e-06
Os1Ti1,B2,Os,Ti,3.096266435705373,-10.234991,1e-07
Os1V1,B2,Os,V,3.022809519659287,-10.350981,0.2930698
Os1W1,B2,Os,W,3.1407147366064505,-11.664796,-5e-07
Os1Y1,B2,Os,Y,3.4146317873344296,-8.8463155,2e-07
Os1Zn1,B2,Os,Zn,3.0309216624778483,-5.678898,2.5e-06
Os1Zr1,B2,Os,Zr,3.283477998133457,-10.4476945,0.0
Pb1Ag1,B2,Pb,Ag,3.6588638975483962,-3.04936565,-3.3e-06
Pb1Al1,B2,Pb,Al,3.6982478652429935,-3.36897755,-5.3e-06
Pb1Au1,B2,Pb,Au,3.656556527884048,-3.4124872,-1.58e-05
Pb1Be1,B2,Pb,Be,3.4616606358671653,-2.8522826,-1.15e-05
Pb1Ca1,B2,Pb,Ca,3.954558859092817,-3.26361435,0.0
Pb1Co1,B2,Pb,Co,3.31185405325132,-4.7088749,1.0493481
Pb1Cr1,B2,Pb,Cr,3.567504390080857,-5.8860415,4.1652582
Pb1Cu1,B2,Pb,Cu,3.475735264508874,-3.34662605,1e-07
Pb1Dy1,B2,Pb,Dy,3.860264676856458,-4.4225344,-1.1e-06
Pb1Er1,B2,Pb,Er,3.8393126828377606,-4.36677555,-7.4e-06
Pb1Fe1,B2,Pb,Fe,3.4041921460127575,-5.2182855,2.6300137
Pb1Ge1,B2,Pb,Ge,3.7181124044013596,-3.76974785,-3.39e-05
Pb1Hf1,B2,Pb,Hf,3.621371292860127,-6.5010585,-4e-07
Pb1Ir1,B2,Pb,Ir,3.4024421859225567,-5.585082,-0.002455
Pb1La1,B2,Pb,La,4.0311658693293895,-4.73525545,-9.91e-05
Pb1Mg1,B2,Pb,Mg,3.7522988427486315,-2.58086545,6.46e-05
Pb1Mn1,B2,Pb,Mn,3.544957280679383,-5.7538755,3.9788585
Pb1Mo1,B2,Pb,Mo,3.4096804167702803,-6.3334395,0.0009072
Pb1Nb1,B2,Pb,Nb,3.496871753289134,-6.3220765,6e-07
Pb1Ni1,B2,Pb,Ni,3.3369023856445854,-4.19509325,-5e-07
Pb1Os1,B2,Pb,Os,3.3590483969577423,-6.3036855,3e-07
Pb1Pd1,B2,Pb,Pd,3.4870279304232232,-4.53700575,2.3e-06
Pb1Pt1,B2,Pb,Pt,3.5053374711755696,-4.79815105,-8.9e-06
Pb1Re1,B2,Pb,Re,3.374865594354823,-6.670801,3.8e-06
Pb1Rh1,B2,Pb,Rh,3.3822139269222973,-5.276015,7.1e-06
Pb1Ru1,B2,Pb,Ru,3.3430032812552883,-5.8816715,0.0
Pb1Sc1,B2,Pb,Sc,3.691842921793609,-5.15651,0.285389
Pb1Si1,B2,Pb,Si,3.634262755367441,-3.90841635,6e-07
Pb1Sn1,B2,Pb,Sn,3.912162989607637,-3.6245422,-2e-07
Pb1Ta1,B2,Pb,Ta,3.490425461000323,-6.9042225,2e-07
Pb1Tb1,B2,Pb,Tb,3.8717983852512967,-4.45178215,1.6e-06
Pb1Ti1,B2,Pb,Ti,3.52495949789936,-5.455523,1.3459213
Pb1W1,B2,Pb,W,3.4159734955149554,-6.913098,-1.3e-06
Pb1Y1,B2,Pb,Y,3.867413105551526,-5.402652,1.3e-06
Pb1Zn1,B2,Pb,Zn,3.658291203484909,-2.16549285,-1.21e-05
Pb1Zr1,B2,Pb,Zr,3.6417247960926282,-6.0248735,-3.4e-06
Pd1Ag1,B2,Pd,Ag,3.214776760720342,-3.99743785,-0.0
Pd1Al1,B2,Pd,Al,3.078064583732037,-5.3711995,6.8e-06
Pd1As1,B2,Pd,As,3.2004201574699644,-5.153185,-0.0
Pd1Au1,B2,Pd,Au,3.216947447893119,-4.28936945,-2e-07
Pd1B1,B2,Pd,B,2.775033951619041,-5.45725,-0.0
Pd1Be1,B2,Pd,Be,2.829151108167457,-5.0703165,-2e-07
Pd1Ca1,B2,Pd,Ca,3.5198397390323155,-4.27196105,0.0
Pd1Cd1,B2,Pd,Cd,3.2822796205518405,-3.40541595,-0.0
Pd1Ce1,B2,Pd,Ce,3.5646406099769994,-6.1862375,0.0013689
Pd1Co1,B2,Pd,Co,2.99989882129415,-5.9429695,2.2477475
Pd1Cr1,B2,Pd,Cr,3.0254197745140226,-6.8279895,0.000351
Pd1Cu1,B2,Pd,Cu,3.01579720833049,-4.612708,4e-07
Pd1Dy1,B2,Pd,Dy,3.5088076315257757,-5.7622715,3e-07
Pd1Er1,B2,Pd,Er,3.4784431470902684,-5.7754775,1.2e-06
Pd1Fe1,B2,Pd,Fe,2.967155403777895,-6.2057515,-0.0004414
Pd1Ga1,B2,Pd,Ga,3.1070794157432866,-4.69518495,-4e-07
Pd1Gd1,B2,Pd,Gd,3.9545570280178586,-9.914215,7.1402746
Pd1Ge1,B2,Pd,Ge,3.179038446256698,-5.1272795,0.0
Pd1Hf1,B2,Pd,Hf,3.3132097168891534,-8.2535085,0.0
Pd1In1,B2,Pd,In,3.3014728230251977,-4.4328086,9e-07
Pd1Ir1,B2,Pd,Ir,3.1074073224721506,-6.611513,8.5e-06
Pd1La1,B2,Pd,La,3.6872777107725514,-5.7880215,1.28e-05
Pd1Mg1,B2,Pd,Mg,3.180560335877734,-4.10403865,0.0
Pd1Mn1,B2,Pd,Mn,2.9878741184713324,-6.557947,-0.0037083
Pd1Mo1,B2,Pd,Mo,3.151780323186766,-7.6294975,3e-07
Pd1Na1,B2,Pd,Na,3.3423567240727854,-3.22220055,0.0
Pd1Nb1,B2,Pd,Nb,3.2414075782002905,-7.679325,1e-06
Pd1Ni1,B2,Pd,Ni,2.980148703296638,-5.2755925,1.0424772
Pd1Os1,B2,Pd,Os,3.0990602353969714,-7.5140595,5e-07
Pd1Pb1,B2,Pd,Pb,3.487028567654154,-4.53700575,1.1e-06
Pd1Pd1,B2,Pd,Pd,3.1385909581765414,-5.18888,-5.7e-06
Pd1Pt1,B2,Pd,Pt,3.1441872455112563,-5.5861455,1.6e-06
Pd1Re1,B2,Pd,Re,3.1202146150444023,-8.1151745,5.4e-06
Pd1Rh1,B2,Pd,Rh,3.1012673950928136,-5.973434,0.4565571
Pd1Ru1,B2,Pd,Ru,3.0854729476711538,-6.726804,-9e-07
Pd1Sb1,B2,Pd,Sb,3.413173931375847,-4.9520179,-0.0
Pd1Sc1,B2,Pd,Sc,3.325427050617524,-6.6127215,0.0
Pd1Se1,B2,Pd,Se,3.239116009197808,-4.4510834,0.0
Pd1Si1,B2,Pd,Si,3.0509770388720954,-5.6218715,-0.0
Pd1Sn1,B2,Pd,Sn,3.368583537584409,-4.9063594,-0.0
Pd1Sr1,B2,Pd,Sr,3.7252051356332627,-3.9842902,0.0
Pd1Ta1,B2,Pd,Ta,3.221358979240184,-8.5656635,-0.0
Pd1Tb1,B2,Pd,Tb,3.524778236138027,-5.756469,-4e-07
Pd1Tc1,B2,Pd,Tc,3.105688578815049,-7.2687115,0.0049507
Pd1Ti1,B2,Pd,Ti,3.1695482661809717,-6.9559905,-6.4e-06
Pd1V1,B2,Pd,V,3.123142967512074,-7.064418,2.8752953
Pd1W1,B2,Pd,W,3.1531664431994897,-8.5399145,0.0
Pd1Y1,B2,Pd,Y,3.5251561322597285,-6.697669,1e-07
Pd1Zn1,B2,Pd,Zn,3.07366569404446,-3.7169569,-0.0
Pd1Zr1,B2,Pd,Zr,3.3520120445301544,-7.508209,2e-07
Pt1Ag1,B2,Pt,Ag,3.2145471407941684,-4.23247275,-1.74e-05
Pt1Al1,B2,Pt,Al,3.0897736097424304,-5.848447,1.4e-06
Pt1Au1,B2,Pt,Au,3.2253695438802286,-4.5349994,-2e-07
Pt1Be1,B2,Pt,Be,2.8453958064015286,-5.672152,-4e-07
Pt1Ca1,B2,Pt,Ca,3.497796364958444,-4.8554547,6.6e-06
Pt1Co1,B2,Pt,Co,3.010772667816699,-6.4764225,2.3077295
Pt1Cr1,B2,Pt,Cr,3.11467899792279,-7.853157,3.6455912
Pt1Cu1,B2,Pt,Cu,3.017267616850843,-5.0136205,-1e-07
Pt1Dy1,B2,Pt,Dy,3.4927540124177656,-6.5239045,-1.2e-06
Pt1Er1,B2,Pt,Er,3.4622845158498037,-6.5415215,0.0
Pt1Fe1,B2,Pt,Fe,2.995,-6.8060175,-0.0020216
Pt1Ge1,B2,Pt,Ge,3.191892580930933,-5.426701,1.9e-06
Pt1Hf1,B2,Pt,Hf,3.3269,-8.981789,-9.25e-05
Pt1Ir1,B2,Pt,Ir,3.133844093996731,-7.0810515,-0.0001025
Pt1La1,B2,Pt,La,3.6632934989299497,-6.552173,6.7e-06
Pt1Mg1,B2,Pt,Mg,3.1667682086193962,-4.62987175,-2e-07
Pt1Mn1,B2,Pt,Mn,3.123109492375571,-7.8549605,-4.4989318
Pt1Mo1,B2,Pt,Mo,3.1736597633423362,-8.2775775,4e-07
Pt1Nb1,B2,Pt,Nb,3.255336137880098,-8.3646315,4e-07
Pt1Ni1,B2,Pt,Ni,2.980961923780463,-5.7959445,-0.0077649
Pt1Os1,B2,Pt,Os,3.127077190515063,-8.037152,-1e-07
Pt1Pb1,B2,Pt,Pb,3.5053367438064273,-4.79815105,-9.8e-06
Pt1Pd1,B2,Pt,Pd,3.144187388821677,-5.5861455,1.5e-06
Pt1Re1,B2,Pt,Re,3.1445393283668084,-8.721725,-3.16e-05
Pt1Rh1,B2,Pt,Rh,3.116789668795441,-6.4738995,-0.0002442
Pt1Ru1,B2,Pt,Ru,3.11110697454941,-7.2559195,-2.5e-06
Pt1Sc1,B2,Pt,Sc,3.3061466354580493,-7.3834235,1e-07
Pt1Si1,B2,Pt,Si,3.080407344485718,-5.975437,-9e-07
Pt1Sn1,B2,Pt,Sn,3.38138503341513,-5.1840585,-2.04e-05
Pt1Ta1,B2,Pt,Ta,3.2464665715916237,-9.2583675,0.0
Pt1Tb1,B2,Pt,Tb,3.5091328408466556,-6.5153385,3e-07
Pt1Ti1,B2,Pt,Ti,3.1774410992435085,-7.7310855,-5.3e-06
Pt1V1,B2,Pt,V,3.124789912449958,-7.7830865,2.3615233
Pt1W1,B2,Pt,W,3.183009725888951,-9.1696265,-9e-07
Pt1Y1,B2,Pt,Y,3.4983114449738566,-7.464916,-1e-07
Pt1Zn1,B2,Pt,Zn,3.0809680654492335,-4.1075554,-3.2e-06
Pt1Zr1,B2,Pt,Zr,3.353504165068127,-8.233552,-3e-07
Re1Ag1,B2,Re,Ag,3.1666718690436264,-6.3446725,1e-07
Re1Al1,B2,Re,Al,3.0625695454880613,-8.0622895,1.7e-06
Re1Au1,B2,Re,Au,3.184840646210912,-6.946418,4e-07
Re1Be1,B2,Re,Be,2.8345888199499147,-7.9318485,2.1e-06
Re1Ca1,B2,Re,Ca,3.49550589883111,-5.7080375,1.6965499
Re1Co1,B2,Re,Co,2.958415527274153,-9.3701555,1.7217201
Re1Cr1,B2,Re,Cr,2.9877960163683905,-10.902774,-1.1e-06
Re1Cu1,B2,Re,Cu,2.99775,-7.483982,-0.4777878
Re1Dy1,B2,Re,Dy,3.441638502935826,-7.9548845,0.0006945
Re1Er1,B2,Re,Er,3.4152514066529505,-7.9986995,0.0006293
Re1Fe1,B2,Re,Fe,2.980369620863716,-10.1599045,2.4831088
Re1Ge1,B2,Re,Ge,3.0804477654016273,-8.1557505,1.7e-06
Re1Hf1,B2,Re,Hf,3.2762944502727316,-11.4813565,1.92e-05
Re1Ir1,B2,Re,Ir,3.120032012951223,-10.02738,-1e-06
Re1La1,B2,Re,La,3.5934932441734246,-7.8240455,0.8559513
Re1Mg1,B2,Re,Mg,3.1764686448202095,-6.02464,1.058767
Re1Mn1,B2,Re,Mn,2.997066569058835,-10.574767,1.9927968
Re1Mo1,B2,Re,Mo,3.137149828667334,-11.5659135,0.0002951
Re1Nb1,B2,Re,Nb,3.210975279576402,-11.507167,-9e-07
Re1Ni1,B2,Re,Ni,2.950921247672665,-8.611796,-1.77e-05
Re1Os1,B2,Re,Os,3.1094420039575215,-11.173288,-1e-07
Re1Pb1,B2,Re,Pb,3.37486545636525,-6.670801,-4e-07
Re1Pd1,B2,Re,Pd,3.1202143764629255,-8.1151745,6.2e-06
Re1Pt1,B2,Re,Pt,3.144450263933849,-8.721725,-2.3e-05
Re1Rh1,B2,Re,Rh,3.095415721175818,-9.286563,4.9e-06
Re1Ru1,B2,Re,Ru,3.0895387598602606,-10.252954,0.5543796
Re1Sc1,B2,Re,Sc,3.2578281625242007,-9.1314715,-1e-06
Re1Si1,B2,Re,Si,2.9891480588915247,-9.0729365,0.0
Re1Sn1,B2,Re,Sn,3.2775371718279254,-7.474639,-3e-07
Re1Ta1,B2,Re,Ta,3.204105007194827,-12.52834,8e-07
Re1Tb1,B2,Re,Tb,3.455521378076997,-7.933365,0.0019262
Re1Ti1,B2,Re,Ti,3.11789661795807,-10.4942345,-3.5e-06
Re1V1,B2,Re,V,3.038791009913931,-11.05244,-3.5e-06
Re1W1,B2,Re,W,3.150191066865695,-12.580975,-3.8e-06
Re1Zn1,B2,Re,Zn,3.0467925874569555,-6.1612295,-0.0
Re1Zr1,B2,Re,Zr,3.3018349731987438,-10.6825925,-2e-06
Rh1Ag1,B2,Rh,Ag,3.179837366294137,-4.53216335,1.1163335
Rh1Al1,B2,Rh,Al,3.001641934102596,-6.5790765,-0.0
Rh1Au1,B2,Rh,Au,3.1855984441419607,-4.960381,0.9667139
Rh1Be1,B2,Rh,Be,2.7806136711002973,-6.1189855,7e-07
Rh1Ca1,B2,Rh,Ca,3.4263242220429615,-4.82803895,-3e-07
Rh1Co1,B2,Rh,Co,2.9672964506369714,-6.9752265,3.130037
Rh1Cr1,B2,Rh,Cr,3.027530458882932,-8.3095935,3.0858426
Rh1Cu1,B2,Rh,Cu,2.9725519367503406,-5.3440945,1.013917
Rh1Dy1,B2,Rh,Dy,3.4246111543329762,-6.7513025,0.0
Rh1Er1,B2,Rh,Er,3.3929878351549685,-6.7910365,2e-07
Rh1Fe1,B2,Rh,Fe,3.006625815944234,-7.793348,4.2365519
Rh1Ge1,B2,Rh,Ge,3.07851388989015,-6.1750295,1.7e-05
Rh1Hf1,B2,Rh,Hf,3.2674464368522065,-9.433359,-0.0
Rh1Ir1,B2,Rh,Ir,3.0859252960020243,-7.596876,0.0026241
Rh1La1,B2,Rh,La,3.5957807292441335,-6.6957915,-1.6e-06
Rh1Mg1,B2,Rh,Mg,3.1185094539576173,-4.8246783,-2.2e-06
Rh1Mn1,B2,Rh,Mn,3.0327174442844322,-8.2910775,4.0912649
Rh1Mo1,B2,Rh,Mo,3.121280234962802,-8.774239,7e-07
Rh1Nb1,B2,Rh,Nb,3.2014352346169135,-8.839196,7e-07
Rh1Ni1,B2,Rh,Ni,2.9265970968668937,-6.2292455,0.0413963
Rh1Os1,B2,Rh,Os,3.078710821334116,-8.580235,0.0002723
Rh1Pb1,B2,Rh,Pb,3.3822127279961247,-5.276015,9.7e-06
Rh1Pd1,B2,Rh,Pd,3.1012673544210485,-5.973434,0.456557
Rh1Pt1,B2,Rh,Pt,3.1167848485703007,-6.4738995,-0.0002462
Rh1Re1,B2,Rh,Re,3.0951568956381164,-9.286564,-8.29e-05
Rh1Ru1,B2,Rh,Ru,3.0640219603808583,-7.7282625,0.8274334
Rh1Sc1,B2,Rh,Sc,3.2311552550253677,-7.752362,-1e-07
Rh1Si1,B2,Rh,Si,2.9769772566025337,-6.870703,-1.4e-06
Rh1Sn1,B2,Rh,Sn,3.2700664210444046,-5.853684,-1e-07
Rh1Ta1,B2,Rh,Ta,3.1934078686675202,-9.788055,-1e-07
Rh1Tb1,B2,Rh,Tb,3.4409921380354427,-6.7319645,-0.0
Rh1Ti1,B2,Rh,Ti,3.109212879698485,-8.2458245,-7.1e-06
Rh1V1,B2,Rh,V,3.044350389648272,-8.3092035,1.727422
Rh1W1,B2,Rh,W,3.132465385396907,-9.720927,-1e-07
Rh1Y1,B2,Rh,Y,3.432231598566324,-7.6795735,-2e-07
Rh1Zn1,B2,Rh,Zn,3.022198542174334,-4.5469925,-0.0
Rh1Zr1,B2,Rh,Zr,3.29435,-8.6476235,4e-05
Ru1Ag1,B2,Ru,Ag,3.14856472186772,-5.1139045,0.006132
Ru1Al1,B2,Ru,Al,3.0053681115348145,-7.134593,-7e-07
Ru1As1,B2,Ru,As,3.086020180800105,-6.9420325,-2.5e-06
Ru1Au1,B2,Ru,Au,3.1637304283451964,-5.6226145,2.1e-06
Ru1B1,B2,Ru,B,2.691995658081045,-7.9388965,-1e-07
Ru1Be1,B2,Ru,Be,2.7847586095749373,-6.6566705,1.5e-06
Ru1Ca1,B2,Ru,Ca,3.418193087795908,-4.99502405,3.02e-05
Ru1Cd1,B2,Ru,Cd,3.237315301323735,-4.454948,1.1212281
Ru1Ce1,B2,Ru,Ce,3.446168983290251,-7.880759,1.82e-05
Ru1Co1,B2,Ru,Co,2.923018870956355,-7.787744,-1.7159023
Ru1Cr1,B2,Ru,Cr,2.981592821280825,-9.1836995,1.8985403
Ru1Cu1,B2,Ru,Cu,2.9563429113225412,-6.057138,-0.3666689
Ru1Dy1,B2,Ru,Dy,3.3958913768490206,-7.1751955,-1.2e-06
Ru1Er1,B2,Ru,Er,3.3684479264249365,-7.214752,2e-07
Ru1Fe1,B2,Ru,Fe,2.911227186864576,-8.256963,0.001392
Ru1Ga1,B2,Ru,Ga,3.0235064646987198,-6.3941395,7e-07
Ru1Gd1,B2,Ru,Gd,3.356498868792531,-10.8485785,-6.6298385
Ru1Ge1,B2,Ru,Ge,3.0456147369891924,-7.080447,-0.0
Ru1Hf1,B2,Ru,Hf,3.2363673898975325,-10.4216035,-0.0
Ru1In1,B2,Ru,In,3.230992200551042,-5.80585,-3e-07
Ru1Ir1,B2,Ru,Ir,3.0885315015984984,-8.442786,1.2078056
Ru1La1,B2,Ru,La,3.5612922822492297,-7.0618005,0.2443892
Ru1Mg1,B2,Ru,Mg,3.1288529315850364,-5.122494,-5e-07
Ru1Mn1,B2,Ru,Mn,2.925430857506979,-8.7479605,0.0042725
Ru1Mo1,B2,Ru,Mo,3.09975566435425,-9.7474175,-0.0039251
Ru1Na1,B2,Ru,Na,3.2585667798536884,-3.8499084,1.2293818
Ru1Nb1,B2,Ru,Nb,3.1777845602647306,-9.809371,-1.9e-06
Ru1Ni1,B2,Ru,Ni,2.9127967241431554,-7.0865225,-1.1e-06
Ru1Os1,B2,Ru,Os,3.0738290461278988,-9.488773,1.48e-05
Ru1Pb1,B2,Ru,Pb,3.342388155894462,-5.8816735,-0.0
Ru1Pd1,B2,Ru,Pd,3.085472938221743,-6.726804,-8e-07
Ru1Pt1,B2,Ru,Pt,3.1109687871731695,-7.2559195,1e-07
Ru1Re1,B2,Ru,Re,3.089538259941054,-10.252954,0.5543742
Ru1Rh1,B2,Ru,Rh,3.064022029216739,-7.7282625,0.8274333
Ru1Ru1,B2,Ru,Ru,3.0460307735586727,-8.626051,0.0001177
Ru1Sb1,B2,Ru,Sb,3.2743973428004027,-6.532644,0.4749076
Ru1Sc1,B2,Ru,Sc,3.2161608609442665,-8.1960195,1.23e-05
Ru1Se1,B2,Ru,Se,3.1356527917822525,-6.0704815,1e-07
Ru1Si1,B2,Ru,Si,2.930959511073301,-7.9451695,0.0
Ru1Sn1,B2,Ru,Sn,3.225674216500426,-6.604339,-0.0
Ru1Sr1,B2,Ru,Sr,3.604227291677405,-4.5425761,-0.0402743
Ru1Ta1,B2,Ru,Ta,3.1615450188068746,-10.8370625,0.0
Ru1Tb1,B2,Ru,Tb,3.4105501545582055,-7.155989,4e-07
Ru1Tc1,B2,Ru,Tc,3.0593710167567636,-9.3396095,-3.2e-06
Ru1Ti1,B2,Ru,Ti,3.069645579933578,-9.2360345,4e-07
Ru1V1,B2,Ru,V,2.993292982080262,-9.3088625,0.0004964
Ru1W1,B2,Ru,W,3.1093457263987094,-10.746136,0.0016842
Ru1Y1,B2,Ru,Y,3.404689477962357,-8.0577355,3.7e-06
Ru1Zn1,B2,Ru,Zn,3.0199826214320593,-5.0244305,1.9e-06
Ru1Zr1,B2,Ru,Zr,3.2652137057346877,-9.554335,2e-07
Sb1Ag1,B2,Sb,Ag,3.573671859326974,-3.2340626,-1.5e-06
Sb1Al1,B2,Sb,Al,3.564683394222909,-3.6594726,2.2e-06
Sb1As1,B2,Sb,As,3.560340641008721,-4.072087,1.3e-05
Sb1B1,B2,Sb,B,3.2048103504279974,-3.90227285,2.07e-05
Sb1Ca1,B2,Sb,Ca,3.878204646501264,-3.76885285,-3.6e-06
Sb1Cd1,B2,Sb,Cd,3.715959493006096,-2.289189,1e-07
Sb1Ce1,B2,Sb,Ce,3.848916276127945,-5.901168,1.0127078
Sb1Co1,B2,Sb,Co,3.179153500475018,-5.2867735,-0.00016
Sb1Cr1,B2,Sb,Cr,3.232237268623882,-6.372141,1.1784181
Sb1Cu1,B2,Sb,Cu,3.385318871361876,-3.6502873,-2e-07
Sb1Fe1,B2,Sb,Fe,3.1762930907614306,-5.8358965,1.0590709
Sb1Ga1,B2,Sb,Ga,3.6261377627301523,-3.39927835,-2.1e-06
Sb1Gd1,B2,Sb,Gd,4.0,-9.9121885,7.202919
Sb1Ge1,B2,Sb,Ge,3.59186195844361,-3.9943634,5e-07
Sb1Hf1,B2,Sb,Hf,3.539990703990216,-7.3658485,-5e-07
Sb1In1,B2,Sb,In,3.826671838569171,-3.22146565,-5e-07
Sb1La1,B2,Sb,La,3.9663953430729673,-5.5261015,1.46e-05
Sb1Mg1,B2,Sb,Mg,3.648088305706982,-2.91612895,-1.1e-06
Sb1Mn1,B2,Sb,Mn,3.1669735428275847,-6.1538805,1.16e-05
Sb1Mo1,B2,Sb,Mo,3.3156299322967744,-7.2932455,2e-07
Sb1Na1,B2,Sb,Na,3.737521481330861,-2.97859345,8e-07
Sb1Nb1,B2,Sb,Nb,3.4211448281417627,-7.203504,2e-07
Sb1Ni1,B2,Sb,Ni,3.2686268023401066,-4.69491455,4.9e-06
Sb1Pd1,B2,Sb,Pd,3.4131739372083225,-4.9520179,-0.0
Sb1Ru1,B2,Sb,Ru,3.2743973432431828,-6.532644,0.4749076
Sb1Sb1,B2,Sb,Sb,3.7827707422673176,-3.89449145,-0.0
Sb1Sc1,B2,Sb,Sc,3.6270312913937888,-5.825546,-0.0
Sb1Se1,B2,Sb,Se,3.6155391471195935,-3.72571225,-2.1e-06
Sb1Si1,B2,Sb,Si,3.4698635919581893,-4.22479065,-4e-07
Sb1Sn1,B2,Sb,Sn,3.8034630113131764,-3.8304188,-1.4e-06
Sb1Sr1,B2,Sb,Sr,4.062809526154506,-3.65606385,-3.1e-06
Sb1Ta1,B2,Sb,Ta,3.407405946575765,-7.853812,1.1e-06
Sb1Tc1,B2,Sb,Tc,3.2611087000588963,-7.101025,-1e-07
Sb1Ti1,B2,Sb,Ti,3.416371791752056,-6.1859745,-2.2e-06
Sb1V1,B2,Sb,V,3.28892616915339,-6.363038,-2e-07
Sb1W1,B2,Sb,W,3.322341338272033,-7.9044535,5.49e-05
Sb1Y1,B2,Sb,Y,3.8013611846048487,-6.132686,1e-07
Sb1Zn1,B2,Sb,Zn,3.5349723791813585,-2.42898665,-1e-07
Sb1Zr1,B2,Sb,Zr,3.5639013834458666,-6.87389,6e-07
Sc1Ag1,B2,Sc,Ag,3.4372979488986344,-4.7943476,0.0
Sc1Al1,B2,Sc,Al,3.3816814210267068,-5.45382,7.6e-06
Sc1As1,B2,Sc,As,3.390014953521978,-6.376744,-0.0
Sc1Au1,B2,Sc,Au,3.4062992353290737,-5.547608,0.0
Sc1B1,B2,Sc,B,2.966896957958493,-6.4682985,-6e-07
Sc1Be1,B2,Sc,Be,3.1743199606251395,-5.041763,7.4e-06
Sc1Ca1,B2,Sc,Ca,3.973198667414058,-3.78749725,0.2778815
Sc1Cd1,B2,Sc,Cd,3.53743033242959,-3.82238775,6e-07
Sc1Ce1,B2,Sc,Ce,3.8071383608422114,-5.8549265,0.0162709
Sc1Co1,B2,Sc,Co,3.1193604452133745,-6.993199,5e-07
Sc1Cr1,B2,Sc,Cr,3.3121571821463323,-7.5706495,2.9406217
Sc1Cu1,B2,Sc,Cu,3.2635934581729025,-5.2828905,-0.0
Sc1Dy1,B2,Sc,Dy,3.819391334798231,-5.306214,1e-06
Sc1Er1,B2,Sc,Er,3.803283241038888,-5.2726295,1.7e-06
Sc1Fe1,B2,Sc,Fe,3.1221184503860515,-7.2421275,-0.00126
Sc1Ga1,B2,Sc,Ga,3.3677961648855197,-5.1849805,0.0
Sc1Gd1,B2,Sc,Gd,3.84748059710341,-10.158327,-6.0874214
Sc1Ge1,B2,Sc,Ge,3.396903475575307,-5.9113185,-6e-07
Sc1Hf1,B2,Sc,Hf,3.575978043261946,-7.8744645,0.0002274
Sc1In1,B2,Sc,In,3.58137363472344,-4.8165864,2e-07
Sc1Ir1,B2,Sc,Ir,3.230851694504306,-8.5684295,-1e-07
Sc1La1,B2,Sc,La,3.9596009311421367,-5.4938925,-6.7e-06
Sc1Mg1,B2,Sc,Mg,3.595741680884384,-3.9288362,-1.3e-06
Sc1Mn1,B2,Sc,Mn,3.1585466322204048,-7.305416,-0.0005877
Sc1Mo1,B2,Sc,Mo,3.306191448088211,-8.2255925,-0.0006241
Sc1Na1,B2,Sc,Na,3.818599620590897,-3.21187745,0.7885312
Sc1Nb1,B2,Sc,Nb,3.4297105441298257,-7.8546885,6.7e-05
Sc1Ni1,B2,Sc,Ni,3.1624602358244154,-6.3805605,-5e-07
Sc1Os1,B2,Sc,Os,3.2226326935836673,-9.0588005,2.1e-06
Sc1Pb1,B2,Sc,Pb,3.691842557121985,-5.15651,0.285392
Sc1Pd1,B2,Sc,Pd,3.3254270950937173,-6.6127215,0.0
Sc1Pt1,B2,Sc,Pt,3.3061446414987836,-7.3834235,1e-07
Sc1Re1,B2,Sc,Re,3.2578379031595524,-9.1314715,2e-07
Sc1Rh1,B2,Sc,Rh,3.2311889022644684,-7.752362,-1e-07
Sc1Ru1,B2,Sc,Ru,3.2161608616015904,-8.1960195,1.23e-05
Sc1Sb1,B2,Sc,Sb,3.6270331511111364,-5.825546,2e-07
Sc1Sc1,B2,Sc,Sc,3.6770654486394885,-6.154322,1.0554086
Sc1Se1,B2,Sc,Se,3.396383244542045,-6.199872,0.7463663
Sc1Si1,B2,Sc,Si,3.327831806907282,-6.242715,-0.0
Sc1Sn1,B2,Sc,Sn,3.6191171229648926,-5.4696135,-5e-07
Sc1Sr1,B2,Sc,Sr,4.146954593258293,-3.51122185,0.5374668
Sc1Ta1,B2,Sc,Ta,3.424111063964202,-8.5951945,-4e-06
Sc1Tb1,B2,Sc,Tb,3.8288271790900645,-5.3258405,-3e-07
Sc1Tc1,B2,Sc,Tc,3.2417213832379996,-8.3166825,4.8e-06
Sc1Ti1,B2,Sc,Ti,3.4617014820923075,-6.7578595,1.6502896
Sc1V1,B2,Sc,V,3.3057655673800683,-7.1035485,-0.0026234
Sc1W1,B2,Sc,W,3.310865202060768,-9.0002965,0.0
Sc1Y1,B2,Sc,Y,3.8360046013072018,-6.2468735,7e-07
Sc1Zn1,B2,Sc,Zn,3.350998244034643,-4.07949855,1e-07
Sc1Zr1,B2,Sc,Zr,3.6002487187313017,-7.2616615,0.0
Se1Ag1,B2,Se,Ag,3.429388877599656,-2.8992655,-4e-07
Se1Al1,B2,Se,Al,3.3618720894972083,-3.6738323,-4.7e-06
Se1As1,B2,Se,As,3.3980671071610233,-3.67568405,-1.8e-06
Se1B1,B2,Se,B,3.009778008854891,-3.3850456,1.19e-05
Se1Ca1,B2,Se,Ca,3.6470137397448923,-4.40909435,-6e-07
Se1Cd1,B2,Se,Cd,3.556457310406121,-2.1591516,-0.035766
Se1Ce1,B2,Se,Ce,4.0,-5.9712835,2.0072315
Se1Co1,B2,Se,Co,3.0276842291000143,-4.99325515,-0.0017412
Se1Cr1,B2,Se,Cr,3.1163593944191637,-6.363082,-2.1219632
Se1Cu1,B2,Se,Cu,3.2220072914657036,-3.29578345,-1e-07
Se1Fe1,B2,Se,Fe,3.046530023436877,-5.637657,1.7961433
Se1Ga1,B2,Se,Ga,3.444079160513442,-3.2783079,4e-07
Se1Gd1,B2,Se,Gd,3.5906233200917095,-10.4001825,7.6105308
Se1Ge1,B2,Se,Ge,3.4940217971621976,-3.85455815,-2.9e-06
Se1Hf1,B2,Se,Hf,3.3225663276258692,-7.6373565,-1.14e-05
Se1In1,B2,Se,In,3.633315410493047,-3.2173505,-1.4e-06
Se1La1,B2,Se,La,3.713571488007107,-5.961895,0.1834944
Se1Mg1,B2,Se,Mg,3.450791351993365,-3.1719249,1e-06
Se1Mn1,B2,Se,Mn,3.153995074673019,,-2.4352964
Se1Mo1,B2,Se,Mo,3.1466973520072647,-7.146921,8.9e-06
Se1Na1,B2,Se,Na,3.563752889660188,-2.9839416,0.4700869
Se1Nb1,B2,Se,Nb,3.244239865811275,-7.1653835,0.0006143
Se1Ni1,B2,Se,Ni,3.07723325321927,-4.3652423,4e-06
Se1Pd1,B2,Se,Pd,3.23914353477741,-4.45108325,7e-07
Se1Ru1,B2,Se,Ru,3.135652792775095,-6.0704815,1e-07
Se1Sb1,B2,Se,Sb,3.6155386856627523,-3.72571225,-2e-06
Se1Sc1,B2,Se,Sc,3.3963833410842432,-6.199872,0.746366
Se1Se1,B2,Se,Se,3.4603695590631567,-2.86894165,1.12e-05
Se1Si1,B2,Se,Si,3.291238917818007,-3.9609695,-4.6e-06
Se1Sn1,B2,Se,Sn,3.6736315398991133,-3.854918,-4.7e-06
Se1Sr1,B2,Se,Sr,3.8230062370167657,-4.3648793,1e-07
Se1Ta1,B2,Se,Ta,3.223718186349064,-7.795027,0.23674
Se1Tc1,B2,Se,Tc,3.1097332395709274,-6.7314405,1.4e-06
Se1Ti1,B2,Se,Ti,3.1984429718230647,-6.4761975,1.79e-05
Se1V1,B2,Se,V,3.1080323352178296,-6.4624905,1.0158868
Se1W1,B2,Se,W,3.1474572057481707,-7.7443035,-7e-07
Se1Y1,B2,Se,Y,3.5528576776807257,-6.4998715,0.43665
Se1Zn1,B2,Se,Zn,3.3553013482475924,-2.18827795,8.5e-06
Se1Zr1,B2,Se,Zr,3.36226431618159,-7.1434875,6e-07
Si1Ag1,B2,Si,Ag,3.2624335854703093,-3.600982,2.3e-06
Si1Al1,B2,Si,Al,3.1575706113407054,-4.2813123,-1.48e-05
Si1As1,B2,Si,As,3.2231890783494217,-4.5075817,2e-07
Si1Au1,B2,Si,Au,3.2574613180980365,-3.9948012,7e-07
Si1B1,B2,Si,B,2.71288174167735,-4.84943885,-3e-07
Si1Be1,B2,Si,Be,2.8358622604061927,-4.07390885,1.3e-06
Si1Ca1,B2,Si,Ca,3.616891674326178,-3.9036307,-2e-07
Si1Cd1,B2,Si,Cd,3.429424715000843,-2.5794928,-2.9e-06
Si1Ce1,B2,Si,Ce,3.5636127488428913,-6.094814,0.0038778
Si1Co1,B2,Si,Co,2.7769128833947785,-6.6319055,0.0039212
Si1Cr1,B2,Si,Cr,2.8839044539411307,-7.52271,1.2653844
Si1Cu1,B2,Si,Cu,3.0011033726922753,-4.2733958,0.0
Si1Dy1,B2,Si,Dy,3.5290483340622325,-5.3957825,8e-07
Si1Er1,B2,Si,Er,3.497753571061117,-5.373922,-3.2e-06
Si1Fe1,B2,Si,Fe,2.7582375647042943,-7.33408,-0.0
Si1Ga1,B2,Si,Ga,3.244190007962583,-3.73707055,-5.5e-06
Si1Gd1,B2,Si,Gd,3.557535930065552,-10.205734,-7.0940104
Si1Ge1,B2,Si,Ge,3.2555309246102153,-4.45107345,3.2e-06
Si1Hf1,B2,Si,Hf,3.284301195574098,-7.926708,-5.33e-05
Si1In1,B2,Si,In,3.4980648701933403,-3.47152475,-5.4e-06
Si1Ir1,B2,Si,Ir,3.006808718416572,-7.3932435,0.0008079
Si1La1,B2,Si,La,3.71885993772809,-5.5673715,1.26e-05
Si1Mg1,B2,Si,Mg,3.302366027611038,-3.3168804,1.02e-05
Si1Mn1,B2,Si,Mn,2.794808079043004,-7.543529,-1.3e-06
Si1Mo1,B2,Si,Mo,3.037972685327465,-8.3226795,0.0
Si1Na1,B2,Si,Na,3.4361935274824233,-2.8906057,3.3e-06
Si1Nb1,B2,Si,Nb,3.1651252301141097,-7.912901,2e-07
Si1Ni1,B2,Si,Ni,2.8359722487160806,-5.754261,0.0
Si1Os1,B2,Si,Os,2.9609654372818923,-8.6653865,0.0
Si1Pb1,B2,Si,Pb,3.634210930361547,-3.90841615,-1.48e-05
Si1Pd1,B2,Si,Pd,3.0509770287407836,-5.6218715,0.0
Si1Pt1,B2,Si,Pt,3.0804087303873837,-5.975437,-1.1e-06
Si1Re1,B2,Si,Re,2.782888086110165,-8.4410455,-0.8303889
Si1Rh1,B2,Si,Rh,2.9769765479451373,-6.870703,3e-07
Si1Ru1,B2,Si,Ru,2.930959510968175,-7.9451695,0.0
Si1Sb1,B2,Si,Sb,3.469863590262514,-4.22479065,-4e-07
Si1Sc1,B2,Si,Sc,3.3278504734595233,-6.242715,1e-07
Si1Se1,B2,Si,Se,3.291237134119801,-3.9609695,1.3e-06
Si1Si1,B2,Si,Si,3.0942461494203437,-4.87942695,-1.5e-06
Si1Sn1,B2,Si,Sn,3.497303179539133,-4.15303635,4e-07
Si1Sr1,B2,Si,Sr,3.8319868253823293,-3.64935045,1.3e-06
Si1Ta1,B2,Si,Ta,3.1493637810819233,-8.696296,-2.5e-06
Si1Tb1,B2,Si,Tb,3.5455427322536934,-5.407217,1.9e-06
Si1Tc1,B2,Si,Tc,2.965992004378883,-8.3259165,7e-07
Si1Ti1,B2,Si,Ti,3.1083929265466703,-6.8397155,-6.3e-06
Si1V1,B2,Si,V,2.9695939939242857,-7.2892685,0.3926738
Si1W1,B2,Si,W,3.0499691378558054,-9.1110785,0.0
Si1Y1,B2,Si,Y,3.537420663015322,-6.3509475,-1e-06
Si1Zn1,B2,Si,Zn,3.175959984533002,-2.8664386,-1e-07
Si1Zr1,B2,Si,Zr,3.323581416860261,-7.3182765,-1.16e-05
Sn1Ag1,B2,Sn,Ag,3.5645783071906365,-3.17491295,1.1e-06
Sn1Al1,B2,Sn,Al,3.5672260247161716,-3.5498928,-9.7e-06
Sn1As1,B2,Sn,As,3.579091340316233,-4.07907255,-3.97e-05
Sn1Au1,B2,Sn,Au,3.5512091064061475,-3.5830499,-1.1e-05
Sn1B1,B2,Sn,B,3.1838090069258156,-3.8128432,6.37e-05
Sn1Be1,B2,Sn,Be,3.3165252802730376,-3.13301445,4.6e-06
Sn1Ca1,B2,Sn,Ca,3.893901158832582,-3.4675667,-9e-07
Sn1Cd1,B2,Sn,Cd,3.721741365391626,-2.2473372,-5e-07
Sn1Ce1,B2,Sn,Ce,3.8597977055731354,-5.386442,1.4517608
Sn1Co1,B2,Sn,Co,3.157540800691458,-5.2814275,0.7292707
Sn1Cr1,B2,Sn,Cr,3.209520077402213,-6.07833,-0.000792
Sn1Cu1,B2,Sn,Cu,3.3560117371174742,-3.5654786,-0.0
Sn1Dy1,B2,Sn,Dy,3.7891482475337845,-4.73769825,6.1e-06
Sn1Er1,B2,Sn,Er,3.7655949355333966,-4.68892835,6e-07
Sn1Fe1,B2,Sn,Fe,3.1309078931988066,-5.7351245,-7.7e-06
Sn1Ga1,B2,Sn,Ga,3.6164786017455084,-3.26544235,1.64e-05
Sn1Gd1,B2,Sn,Gd,3.822620873215734,-9.5603895,7.2860754
Sn1Ge1,B2,Sn,Ge,3.6149068647398495,-3.94261875,-3.9e-05
Sn1Hf1,B2,Sn,Hf,3.541568185325325,-6.943103,2.9e-06
Sn1In1,B2,Sn,In,3.8144980112683298,-3.1029458,-4.03e-05
Sn1Ir1,B2,Sn,Ir,3.291556928126168,-6.2369915,-1.4e-06
Sn1La1,B2,Sn,La,3.9692699196942867,-4.99231665,0.2262866
Sn1Mg1,B2,Sn,Mg,3.641356137777225,-2.77607655,7e-07
Sn1Mn1,B2,Sn,Mn,3.3165286696817153,-6.0979245,-3.0623613
Sn1Mo1,B2,Sn,Mo,3.312490272950695,-7.014244,0.4076686
Sn1Na1,B2,Sn,Na,3.756845334301863,-2.66178775,5e-07
Sn1Nb1,B2,Sn,Nb,3.4221523754700724,-6.8094465,0.1084178
Sn1Ni1,B2,Sn,Ni,3.2016407744196664,-4.65394015,1.2e-06
Sn1Os1,B2,Sn,Os,3.2554434512370016,-7.1147815,1e-07
Sn1Pb1,B2,Sn,Pb,3.9121530442936283,-3.6245422,1.99e-05
Sn1Pd1,B2,Sn,Pd,3.3685835334259844,-4.9063594,-0.0
Sn1Pt1,B2,Sn,Pt,3.3813653160659594,-5.1840585,1.1e-06
Sn1Re1,B2,Sn,Re,3.2775272431255797,-7.474639,0.0
Sn1Rh1,B2,Sn,Rh,3.270583838709375,-5.8536815,0.0
Sn1Ru1,B2,Sn,Ru,3.2256742164632897,-6.604339,-0.0
Sn1Sb1,B2,Sn,Sb,3.803463012226536,-3.8304188,-1.4e-06
Sn1Sc1,B2,Sn,Sc,3.6191249394190623,-5.4696135,-8e-07
Sn1Se1,B2,Sn,Se,3.6736321479638923,-3.854918,5.1e-06
Sn1Si1,B2,Sn,Si,3.497303187135164,-4.15303635,4e-07
Sn1Sn1,B2,Sn,Sn,3.807620738111042,-3.7578929,4.72e-05
Sn1Sr1,B2,Sn,Sr,4.087903559399931,-3.2992775,-1e-07
Sn1Ta1,B2,Sn,Ta,3.4088673711660045,-7.4637255,-3.06e-05
Sn1Tb1,B2,Sn,Tb,3.802477461599899,-4.7629329,3.3e-06
Sn1Tc1,B2,Sn,Tc,3.2557960984859458,-6.9138575,-2e-07
Sn1Ti1,B2,Sn,Ti,3.4192314484141866,-5.8465655,1.4943275
Sn1V1,B2,Sn,V,3.28055463722104,-6.060007,0.0011717
Sn1W1,B2,Sn,W,3.3210855434849433,-7.6433905,0.0031734
Sn1Y1,B2,Sn,Y,3.803148403311884,-5.6880235,-3e-06
Sn1Zn1,B2,Sn,Zn,3.5336968946768756,-2.3708407,5.2e-06
Sn1Zr1,B2,Sn,Zr,3.5764979519681788,-6.423034,0.0
Sr1Ag1,B2,Sr,Ag,3.9275756069198993,-2.47148555,3e-07
Sr1Al1,B2,Sr,Al,3.945218628465202,-2.76817485,1.7e-06
Sr1As1,B2,Sr,As,3.83735908564139,-3.94962405,0.0050303
Sr1B1,B2,Sr,B,3.502990031710817,-3.236777,2e-07
Sr1Ca1,B2,Sr,Ca,4.554759681604242,-1.74085295,3.19e-05
Sr1Cd1,B2,Sr,Cd,4.069419866063511,-1.52023755,-1.3e-06
Sr1Ce1,B2,Sr,Ce,4.362505746797388,-3.26375755,1.633087
Sr1Co1,B2,Sr,Co,3.6528872198058,-3.6420991,1.086233
Sr1Cr1,B2,Sr,Cr,4.04605703014261,-4.7338878,4.9014347
Sr1Cu1,B2,Sr,Cu,3.7921993829755,-2.6755679,2e-07
Sr1Fe1,B2,Sr,Fe,3.781274440146959,-4.0821537,2.6158165
Sr1Ga1,B2,Sr,Ga,3.899130470485073,-2.61642985,6e-07
Sr1Ge1,B2,Sr,Ge,3.8780615231240914,-3.4953221,-4e-07
Sr1Hf1,B2,Sr,Hf,3.9838287710016496,-4.7582855,3.7e-06
Sr1In1,B2,Sr,In,4.077918233918156,-2.51390645,3.9e-06
Sr1La1,B2,Sr,La,4.462418954979765,-3.02412875,6.55e-05
Sr1Mg1,B2,Sr,Mg,4.178474725076681,-1.62012565,2.1e-06
Sr1Mn1,B2,Sr,Mn,3.9257381641254407,-4.67060125,3.9126946
Sr1Mo1,B2,Sr,Mo,3.8170526010970853,-4.71288305,2.8971459
Sr1Na1,B2,Sr,Na,4.490186031652997,-1.45222505,2.3e-06
Sr1Nb1,B2,Sr,Nb,3.8903458783264586,-4.4664587,2.155392
Sr1Ni1,B2,Sr,Ni,3.628625546190003,-3.3885567,0.0
Sr1Pd1,B2,Sr,Pd,3.7252051315787402,-3.9842902,0.0
Sr1Ru1,B2,Sr,Ru,3.6042272861484017,-4.5425761,-0.040276
Sr1Sb1,B2,Sr,Sb,4.062813609192743,-3.6560639,-1.71e-05
Sr1Sc1,B2,Sr,Sc,4.146947984217048,-3.5112219,0.5374587
Sr1Se1,B2,Sr,Se,3.8230204554923506,-4.36487935,2e-07
Sr1Si1,B2,Sr,Si,3.8318335423772325,-3.64935055,4e-07
Sr1Sn1,B2,Sr,Sn,4.087898875736686,-3.2992775,-1e-07
Sr1Sr1,B2,Sr,Sr,4.7133383558322635,-1.6040326,-4e-07
Sr1Ta1,B2,Sr,Ta,3.828553006461077,-5.052347,1.5253667
Sr1Tc1,B2,Sr,Tc,3.754608826484048,-4.65721005,2.6847796
Sr1Ti1,B2,Sr,Ti,4.041639963233284,-3.73996075,3.0730825
Sr1V1,B2,Sr,V,3.9963961404145523,-4.25246015,4.6214612
Sr1W1,B2,Sr,W,3.7748909719289307,-5.2614385,2.598747
Sr1Y1,B2,Sr,Y,4.311122153184671,-3.7246971,-4.23e-05
Sr1Zn1,B2,Sr,Zn,3.9171419993817533,-1.54506255,2.1e-06
Sr1Zr1,B2,Sr,Zr,4.027590759490091,-4.1889185,0.53316
Ta1Ag1,B2,Ta,Ag,3.291052759441186,-6.6760295,-5e-07
Ta1Al1,B2,Ta,Al,3.22146785704704,-7.713625,3.91e-05
Ta1As1,B2,Ta,As,3.2088185104669145,-8.5308555,4.7e-06
Ta1Au1,B2,Ta,Au,3.3049675409198063,-7.3232625,6e-07
Ta1B1,B2,Ta,B,2.8738515827728683,-9.0248525,5.8e-06
Ta1Be1,B2,Ta,Be,2.9935500199512615,-7.6776215,-3e-07
Ta1Ca1,B2,Ta,Ca,3.643075009539593,-5.546782,0.4855827
Ta1Cd1,B2,Ta,Cd,3.358398702775807,-5.6731965,1.03e-05
Ta1Ce1,B2,Ta,Ce,3.564915102339472,-8.3199905,0.1289612
Ta1Co1,B2,Ta,Co,3.05745089231399,-9.506055,-0.5786309
Ta1Cr1,B2,Ta,Cr,3.0977639293810775,-10.691888,-4.8e-06
Ta1Cu1,B2,Ta,Cu,3.1172908959726464,-7.593569,-2e-07
Ta1Dy1,B2,Ta,Dy,3.5903848598481023,-7.482755,-1.7e-06
Ta1Er1,B2,Ta,Er,3.5714663625293888,-7.492911,4.1e-05
Ta1Fe1,B2,Ta,Fe,3.0445745913270064,,-0.1010704
Ta1Ga1,B2,Ta,Ga,3.2194849972925277,-7.2461885,-1.13e-05
Ta1Gd1,B2,Ta,Gd,4.0,-11.737536,4.4078923
Ta1Ge1,B2,Ta,Ge,3.2231399091882222,-8.097092,0.0001305
Ta1Hf1,B2,Ta,Hf,3.412270247454363,-10.72093,-9.4e-05
Ta1In1,B2,Ta,In,3.4028128406137883,-6.621529,1.3e-05
Ta1Ir1,B2,Ta,Ir,3.2123113035653574,-10.614239,1e-07
Ta1La1,B2,Ta,La,3.693967025694358,-7.5367445,-4e-07
Ta1Mg1,B2,Ta,Mg,3.3360270825059946,-6.00061,-1.9e-06
Ta1Mn1,B2,Ta,Mn,3.060215383460067,-10.658718,5e-07
Ta1Mo1,B2,Ta,Mo,3.2185843516897696,-11.6335905,0.0
Ta1Na1,B2,Ta,Na,3.412692569409729,-4.8922967,-2.8e-06
Ta1Nb1,B2,Ta,Nb,3.3199428257014674,-10.984509,-1e-07
Ta1Ni1,B2,Ta,Ni,3.072789416766808,-8.731577,-0.0
Ta1Os1,B2,Ta,Os,3.1912584130356834,-11.730846,3e-07
Ta1Pb1,B2,Ta,Pb,3.4903923754429385,-6.9042225,-3e-06
Ta1Pd1,B2,Ta,Pd,3.221359011659697,-8.5656635,-0.0
Ta1Pt1,B2,Ta,Pt,3.2464665719110988,-9.2583675,0.0
Ta1Re1,B2,Ta,Re,3.2040803464638437,-12.52834,-3e-07
Ta1Rh1,B2,Ta,Rh,3.1939093065175785,-9.788052,1e-06
Ta1Ru1,B2,Ta,Ru,3.1615450342538454,-10.8370625,0.0
Ta1Sb1,B2,Ta,Sb,3.4074059478120606,-7.853812,1.1e-06
Ta1Sc1,B2,Ta,Sc,3.423892070064917,-8.595196,-5e-07
Ta1Se1,B2,Ta,Se,3.223718195088709,-7.795027,0.2367398
Ta1Si1,B2,Ta,Si,3.149363774195738,-8.696296,-2.6e-06
Ta1Sn1,B2,Ta,Sn,3.408867596737378,-7.4637255,-2.99e-05
Ta1Sr1,B2,Ta,Sr,3.8285530749702357,-5.052347,1.5253667
Ta1Ta1,B2,Ta,Ta,3.3119344394636787,-11.8865385,2e-07
Ta1Tb1,B2,Ta,Tb,3.5998845246110918,-7.4799375,1.2e-06
Ta1Tc1,B2,Ta,Tc,3.169037498012108,-11.613817,-0.0
Ta1Ti1,B2,Ta,Ti,3.260076821773022,-9.700245,1.67e-05
Ta1V1,B2,Ta,V,3.15784969233425,-10.395423,-1.12e-05
Ta1W1,B2,Ta,W,3.227320838639778,-12.5648855,-0.0
Ta1Y1,B2,Ta,Y,3.5947222351598485,-8.424769,-0.0
Ta1Zn1,B2,Ta,Zn,3.17334858585998,-6.278183,-8.2e-06
Ta1Zr1,B2,Ta,Zr,3.4333571031556023,-10.0017845,-1e-07
Tb1Ag1,B2,Tb,Ag,3.651432192649803,-3.96852855,-1.2e-06
Tb1Al1,B2,Tb,Al,3.6128762457989643,-4.5518143,-3e-06
Tb1Au1,B2,Tb,Au,3.6118845440839293,-4.75430285,-2.69e-05
Tb1Be1,B2,Tb,Be,3.417868429795071,-4.04471405,-2.4e-06
Tb1Ca1,B2,Tb,Ca,4.141643640125425,-3.0716386,3e-07
Tb1Co1,B2,Tb,Co,3.3537674806518942,-5.9116225,0.3695018
Tb1Cr1,B2,Tb,Cr,3.5526895231326856,-6.6244825,3.2543578
Tb1Cu1,B2,Tb,Cu,3.4755457510028256,-4.40039205,0.0
Tb1Dy1,B2,Tb,Dy,4.005,-4.41261275,0.0007165
Tb1Er1,B2,Tb,Er,3.9845064818248934,-4.39913285,0.0001271
Tb1Fe1,B2,Tb,Fe,3.4153727107539793,-6.210867,1.5974381
Tb1Ge1,B2,Tb,Ge,3.5993784042093844,-5.129407,-8e-07
Tb1Hf1,B2,Tb,Hf,3.7398988933473576,-6.8707295,-3e-07
Tb1Ir1,B2,Tb,Ir,3.443358205103976,-7.484347,2e-07
Tb1La1,B2,Tb,La,4.1212,-4.63523435,0.0001909
Tb1Mg1,B2,Tb,Mg,3.7958410444480086,-3.1227824,6.44e-05
Tb1Mn1,B2,Tb,Mn,3.5310892967526284,-6.575058,3.2065501
Tb1Mo1,B2,Tb,Mo,3.5127820520176933,-7.0861005,1.2671317
Tb1Nb1,B2,Tb,Nb,3.6045128303686025,-6.785694,-5e-07
Tb1Ni1,B2,Tb,Ni,3.3791557812884445,-5.408636,-1e-07
Tb1Os1,B2,Tb,Os,3.42485095644239,-7.897784,0.0
Tb1Pb1,B2,Tb,Pb,3.871815670161977,-4.45178215,1.6e-06
Tb1Pd1,B2,Tb,Pd,3.5247780495618892,-5.756469,-4e-07
Tb1Pt1,B2,Tb,Pt,3.5091337589916107,-6.5153385,3e-07
Tb1Re1,B2,Tb,Re,3.4555243628012415,-7.933365,0.0001511
Tb1Rh1,B2,Tb,Rh,3.4409932675438344,-6.7319645,0.0
Tb1Ru1,B2,Tb,Ru,3.4105556467649074,-7.155989,1e-07
Tb1Sc1,B2,Tb,Sc,3.8289501698667463,-5.3258405,-5e-07
Tb1Si1,B2,Tb,Si,3.5455427276295746,-5.4072175,-1.4e-06
Tb1Sn1,B2,Tb,Sn,3.802481574146104,-4.7629325,2.8e-06
Tb1Ta1,B2,Tb,Ta,3.599884947838592,-7.4799375,2.5e-06
Tb1Ti1,B2,Tb,Ti,3.6387148479556135,-5.8375715,1.1267668
Tb1V1,B2,Tb,V,3.6067452993513434,-6.318224,3.3181429
Tb1W1,B2,Tb,W,3.509415995193617,-7.8128245,0.0001061
Tb1Y1,B2,Tb,Y,4.02325,-5.3697225,0.0038775
Tb1Zn1,B2,Tb,Zn,3.5807144036903074,-3.18164725,0.0002237
Tb1Zr1,B2,Tb,Zr,3.763886311447046,-6.2603405,-6.7e-06
Tc1Ag1,B2,Tc,Ag,3.1628801655545375,-5.593526,-0.0036436
Tc1Al1,B2,Tc,Al,3.05019108966309,-7.3097595,0.4622114
Tc1As1,B2,Tc,As,3.073044317947587,-7.5673115,-1.5e-06
Tc1B1,B2,Tc,B,2.7225628178169576,-8.429345,-1e-07
Tc1Ca1,B2,Tc,Ca,3.48767702477351,-5.0956895,1.3197876
Tc1Cd1,B2,Tc,Cd,3.239694409286668,-4.78326555,4.5e-06
Tc1Ce1,B2,Tc,Ce,3.452385170964814,-8.0960655,-1e-07
Tc1Co1,B2,Tc,Co,2.920936341261776,-8.3591975,-0.0018945
Tc1Cr1,B2,Tc,Cr,2.9616649228005425,-9.856456,3e-07
Tc1Cu1,B2,Tc,Cu,2.972824145834866,-6.5925515,-0.0010647
Tc1Fe1,B2,Tc,Fe,2.9236935184350776,-8.9335215,-0.000204
Tc1Ga1,B2,Tc,Ga,3.0582336963791286,-6.6687095,0.5357941
Tc1Gd1,B2,Tc,Gd,4.000000000019889,-10.9809575,7.3424552
Tc1Ge1,B2,Tc,Ge,3.0683716346444725,-7.481411,-0.0
Tc1Hf1,B2,Tc,Hf,3.257776391537292,-10.631402,-1e-07
Tc1In1,B2,Tc,In,3.2654949838617493,-6.037816,0.7869406
Tc1La1,B2,Tc,La,3.5577160770865506,-7.16574,0.279357
Tc1Mg1,B2,Tc,Mg,3.1778763353107293,-5.332727,1.050292
Tc1Mn1,B2,Tc,Mn,2.933940368936216,-9.469241,-0.0066701
Tc1Mo1,B2,Tc,Mo,3.1115270231412135,-10.5516145,1.2e-06
Tc1Na1,B2,Tc,Na,3.2529336054218687,-4.0253679,-8.1e-06
Tc1Nb1,B2,Tc,Nb,3.186966949201125,-10.5638565,1e-07
Tc1Ni1,B2,Tc,Ni,2.9364036129064246,-7.6328435,0.0141553
Tc1Pd1,B2,Tc,Pd,3.1056878855095538,-7.2687115,0.0035982
Tc1Ru1,B2,Tc,Ru,3.0593710183113068,-9.3396095,-3.2e-06
Tc1Sb1,B2,Tc,Sb,3.261108700178073,-7.101025,-1e-07
Tc1Sc1,B2,Tc,Sc,3.241721366226929,-8.3166825,4.8e-06
Tc1Se1,B2,Tc,Se,3.1097332402562126,-6.7314405,1.4e-06
Tc1Si1,B2,Tc,Si,2.965991974210243,-8.3259165,-1.4e-06
Tc1Sn1,B2,Tc,Sn,3.2558023492323374,-6.9138575,2.1e-06
Tc1Sr1,B2,Tc,Sr,3.7546088321513142,-4.65721005,2.6847796
Tc1Ta1,B2,Tc,Ta,3.1690374995177666,-11.613817,-0.0
Tc1Tc1,B2,Tc,Tc,3.0711554690597893,-10.120957,1e-07
Tc1Ti1,B2,Tc,Ti,3.0978641626597363,-9.527685,1.8e-06
Tc1V1,B2,Tc,V,3.003878865669249,-10.018927,-1e-07
Tc1W1,B2,Tc,W,3.119701783652167,-11.61183,-7e-07
Tc1Y1,B2,Tc,Y,3.426211584283478,-8.1402925,-2.8e-06
Tc1Zn1,B2,Tc,Zn,3.0374601329777,-5.419844,-1.4e-06
Tc1Zr1,B2,Tc,Zr,3.292343481652594,-9.794595,3.5e-06
Ti1Ag1,B2,Ti,Ag,3.2791766245617033,-5.1111505,1.1898849
Ti1Al1,B2,Ti,Al,3.1840288429098855,-6.0161395,1.23e-05
Ti1As1,B2,Ti,As,3.187428912317019,-6.8023925,7e-07
Ti1Au1,B2,Ti,Au,3.272197110181213,-5.8395885,0.9616161
Ti1B1,B2,Ti,B,2.789730355868966,-7.2535765,0.0026941
Ti1Be1,B2,Ti,Be,2.931122950784264,-5.9243445,8e-06
Ti1Ca1,B2,Ti,Ca,3.7694041913723764,-4.05734945,1.6786156
Ti1Cd1,B2,Ti,Cd,3.347410775070957,-4.185976,-4e-07
Ti1Ce1,B2,Ti,Ce,3.576281925568387,-6.1160925,0.0840597
Ti1Co1,B2,Ti,Co,2.9701457788872085,-7.795746,0.0043728
Ti1Cr1,B2,Ti,Cr,3.03385649792256,-8.5496345,7.87e-05
Ti1Cu1,B2,Ti,Cu,3.0734088275681843,-5.773916,0.0048154
Ti1Dy1,B2,Ti,Dy,3.6331944920880854,-5.829996,1.2648251
Ti1Er1,B2,Ti,Er,3.616222820497394,-5.820162,1.4906397
Ti1Fe1,B2,Ti,Fe,2.9532220219433674,-8.450091,0.0
Ti1Ga1,B2,Ti,Ga,3.1705688618676593,-5.6595775,-2.54e-05
Ti1Gd1,B2,Ti,Gd,3.636885838048131,-10.599634,8.269905
Ti1Ge1,B2,Ti,Ge,3.1983737874891363,-6.3697515,5.9e-06
Ti1Hf1,B2,Ti,Hf,3.392339982426757,-8.733367,-0.0001324
Ti1In1,B2,Ti,In,3.377127227719231,-5.167053,-2.2e-06
Ti1Ir1,B2,Ti,Ir,3.120321300612872,-9.0982595,5e-07
Ti1La1,B2,Ti,La,3.7124885927588602,-5.9562225,-6.1e-06
Ti1Mg1,B2,Ti,Mg,3.349890340477927,-4.3668587,-1.43e-05
Ti1Mn1,B2,Ti,Mn,2.9765105410304193,-8.6352565,4e-06
Ti1Mo1,B2,Ti,Mo,3.154345188454731,-9.3884815,-0.0001294
Ti1Na1,B2,Ti,Na,3.597716975693764,-3.41393585,1.7105726
Ti1Nb1,B2,Ti,Nb,3.2593053559977108,-8.874089,3.5e-06
Ti1Ni1,B2,Ti,Ni,3.00388320499302,-7.0060715,-1e-07
Ti1Os1,B2,Ti,Os,3.0962732026471307,-10.234991,-1e-07
Ti1Pb1,B2,Ti,Pb,3.524965382660502,-5.455523,1.3459331
Ti1Pd1,B2,Ti,Pd,3.16955223701819,-6.9559905,-6.6e-06
Ti1Pt1,B2,Ti,Pt,3.1774408515464683,-7.7310855,-5.1e-06
Ti1Re1,B2,Ti,Re,3.1179748307124733,-10.4942345,-3e-07
Ti1Rh1,B2,Ti,Rh,3.1092333004763417,-8.2458245,-7.9e-06
Ti1Ru1,B2,Ti,Ru,3.069645404492605,-9.2360345,4e-07
Ti1Sb1,B2,Ti,Sb,3.416371782791994,-6.1859745,-2.2e-06
Ti1Sc1,B2,Ti,Sc,3.461701476845552,-6.7578595,1.6502911
Ti1Se1,B2,Ti,Se,3.1984433699982433,-6.4761975,-1.66e-05
Ti1Si1,B2,Ti,Si,3.1083929430914,-6.8397155,-4.9e-06
Ti1Sn1,B2,Ti,Sn,3.4192314482914234,-5.8465655,1.4943275
Ti1Sr1,B2,Ti,Sr,4.041642629155703,-3.73996075,3.0730883
Ti1Ta1,B2,Ti,Ta,3.2600768218519534,-9.700245,1.67e-05
Ti1Tb1,B2,Ti,Tb,3.6387004425569183,-5.8375715,1.1267007
Ti1Tc1,B2,Ti,Tc,3.0978635397785412,-9.527685,4.7e-06
Ti1Ti1,B2,Ti,Ti,3.2396304402690235,-7.6637925,-8.4e-06
Ti1V1,B2,Ti,V,3.1101834361815754,-8.226971,0.0122965
Ti1W1,B2,Ti,W,3.1700098150680085,-10.2921505,7e-07
Ti1Y1,B2,Ti,Y,3.6590748829608137,-6.7454215,1.8232928
Ti1Zn1,B2,Ti,Zn,3.139475961043802,-4.6311873,-2e-07
Ti1Zr1,B2,Ti,Zr,3.4113906995053194,-8.0539135,0.0005072
V1Ag1,B2,V,Ag,3.211498835171728,-5.2687045,2.4243268
V1Al1,B2,V,Al,3.0869383818181992,-6.3514635,1.7789869
V1As1,B2,V,As,3.061613399822635,-7.014349,-4.2e-06
V1Au1,B2,V,Au,3.2093132485376143,-5.975475,2.4331787
V1B1,B2,V,B,2.655733609997351,-7.7413365,-0.0010792
V1Be1,B2,V,Be,2.7924689985880833,-6.327672,4e-07
V1Ca1,B2,V,Ca,3.7812751678268177,-4.5171404,4.3419352
V1Cd1,B2,V,Cd,3.335716557360387,-4.3026681,2.7925083
V1Ce1,B2,V,Ce,3.521312021941136,-7.009577,2.4785904
V1Co1,B2,V,Co,2.8770971377665293,-8.015283,-0.0010541
V1Cr1,B2,V,Cr,2.913911168624261,-9.332948,2.99e-05
V1Cu1,B2,V,Cu,2.9571865546745295,-6.020143,4e-07
V1Dy1,B2,V,Dy,3.5926500227985203,-6.3190855,3.3520925
V1Er1,B2,V,Er,3.5664013691039433,-6.323989,3.425656
V1Fe1,B2,V,Fe,2.8640552541705735,-8.7112565,-8.54e-05
V1Ga1,B2,V,Ga,3.065665907001162,-5.9063535,1.4151998
V1Gd1,B2,V,Gd,3.4846710619469796,-10.8266835,7.0922056
V1Ge1,B2,V,Ge,3.061821121828473,-6.6577855,0.3520748
V1Hf1,B2,V,Hf,3.295284575765132,-9.284078,1.9912505
V1In1,B2,V,In,3.3496556215216784,-5.370173,2.5297578
V1Ir1,B2,V,Ir,3.055384259399057,-9.1570025,1.7016028
V1La1,B2,V,La,3.7160377274289367,-6.3445995,2.951516
V1Mg1,B2,V,Mg,3.2918329421785373,-4.51657725,2.1716381
V1Mn1,B2,V,Mn,2.8717893444255624,-9.278352,-0.0
V1Mo1,B2,V,Mo,3.0576648369030073,-10.086396,3e-07
V1Na1,B2,V,Na,3.648447506586476,-3.7394158,4.0820237
V1Nb1,B2,V,Nb,3.1686360588727642,-9.4601405,0.0095735
V1Ni1,B2,V,Ni,2.913326918995223,-7.225753,-1.3888182
V1Os1,B2,V,Os,3.022809886377102,-10.350981,0.2930225
V1Pb1,B2,V,Pb,3.385961270992206,-5.5676585,0.0001584
V1Pd1,B2,V,Pd,3.1231429661118555,-7.064418,2.8752953
V1Pt1,B2,V,Pt,3.124790000698234,-7.7830865,2.3615234
V1Re1,B2,V,Re,3.038818235694618,-11.05244,3e-07
V1Rh1,B2,V,Rh,3.0443503903143627,-8.3092035,1.727422
V1Ru1,B2,V,Ru,2.993423108207504,-9.3088625,-0.0008996
V1Sb1,B2,V,Sb,3.2889265130762504,-6.363038,-2e-07
V1Sc1,B2,V,Sc,3.305766511209124,-7.1035485,-0.00224
V1Se1,B2,V,Se,3.108032334400219,-6.4624905,1.0158868
V1Si1,B2,V,Si,2.9695965261492168,-7.2892685,0.3926736
V1Sn1,B2,V,Sn,3.2805546357797253,-6.060007,0.0011716
V1Sr1,B2,V,Sr,3.996358289796796,-4.2524603,4.6214357
V1Ta1,B2,V,Ta,3.1578499367842108,-10.395423,-1.16e-05
V1Tb1,B2,V,Tb,3.606745085635852,-6.318224,3.3181424
V1Tc1,B2,V,Tc,3.0038785637597814,-10.018927,1e-07
V1Ti1,B2,V,Ti,3.1101834344726282,-8.226971,0.0122965
V1V1,B2,V,V,2.982144108739903,-8.951512,-4.8e-06
V1W1,B2,V,W,3.064541188415898,-11.069949,-1.3e-06
V1Y1,B2,V,Y,3.6081323551614615,-7.2253365,3.3897121
V1Zn1,B2,V,Zn,3.01992189589742,-4.8326043,-0.0
V1Zr1,B2,V,Zr,3.3328315949785754,-8.5621285,2.0844539
W1Ag1,B2,W,Ag,3.207852469911684,-6.7002735,-2e-07
W1Al1,B2,W,Al,3.125348710418148,-8.0556745,0.0058244
W1As1,B2,W,As,3.124834481729522,-8.5611565,2e-07
W1Au1,B2,W,Au,3.2314010180910335,-7.29154,1e-07
W1B1,B2,W,B,2.7960595442050957,-9.4618205,4e-07
W1Be1,B2,W,Be,2.8962864420769034,-8.027652,-2.1e-06
W1Ca1,B2,W,Ca,3.5171544475085432,-5.7192695,-1.89e-05
W1Cd1,B2,W,Cd,3.279352628785414,-5.697881,-2e-07
W1Ce1,B2,W,Ce,3.4880502755115725,-8.738979,8e-07
W1Co1,B2,W,Co,3.0026227965846206,-9.6714605,1.6649856
W1Cr1,B2,W,Cr,3.026583791740698,-11.203318,0.0149909
W1Cu1,B2,W,Cu,3.027429565234147,-7.7758485,-0.0
W1Dy1,B2,W,Dy,3.498151132906588,-7.8270925,0.0001846
W1Er1,B2,W,Er,3.4749397371289112,-7.857619,0.0004389
W1Fe1,B2,W,Fe,2.9880491172339325,-10.260168,0.0012623
W1Ga1,B2,W,Ga,3.1259262306611166,-7.4882555,7.63e-05
W1Gd1,B2,W,Gd,3.8685835307920353,-9.9017305,0.388375
W1Ge1,B2,W,Ge,3.1344320308450824,-8.367305,1.6e-06
W1Hf1,B2,W,Hf,3.3277536026758017,-11.3035575,1e-07
W1In1,B2,W,In,3.3172258653515665,-6.783141,0.3248309
W1Ir1,B2,W,Ir,3.1547782610247084,-10.513374,0.0
W1La1,B2,W,La,3.6351491937794838,-7.7878935,1.3493585
W1Mg1,B2,W,Mg,3.221965021037934,-6.1978165,-1e-07
W1Mn1,B2,W,Mn,2.996542665585311,-10.8305065,-0.0011422
W1Mo1,B2,W,Mo,3.1619517325442508,-11.989443,0.0
W1Na1,B2,W,Na,3.3070843931638785,-4.8906351,0.917896
W1Nb1,B2,W,Nb,3.239286144557977,-11.601198,0.0
W1Ni1,B2,W,Ni,2.9981356310288945,-8.891231,-0.0
W1Os1,B2,W,Os,3.1407130137974084,-11.664796,-4e-07
W1Pb1,B2,W,Pb,3.415981597455869,-6.913098,1.5e-06
W1Pd1,B2,W,Pd,3.1531645784001276,-8.5399145,-3e-07
W1Pt1,B2,W,Pt,3.183016045028469,-9.1696265,-3e-07
W1Re1,B2,W,Re,3.1501691991986522,-12.580975,-9.39e-05
W1Rh1,B2,W,Rh,3.1324654396898883,-9.720927,-1e-07
W1Ru1,B2,W,Ru,3.1094971383664616,-10.746136,0.010022
W1Sb1,B2,W,Sb,3.322341553105858,-7.9044535,5.49e-05
W1Sc1,B2,W,Sc,3.3108651904841366,-9.0002965,0.0
W1Se1,B2,W,Se,3.1474667705067443,-7.7443035,2.5e-06
W1Si1,B2,W,Si,3.0499691047008826,-9.1110785,0.0
W1Sn1,B2,W,Sn,3.3210829461931795,-7.6433905,0.0031546
W1Sr1,B2,W,Sr,3.774891015251452,-5.2614385,2.5987475
W1Ta1,B2,W,Ta,3.2273208381913,-12.5648855,-0.0
W1Tb1,B2,W,Tb,3.5094174145002133,-7.8128245,0.0001083
W1Tc1,B2,W,Tc,3.1197017907132096,-11.61183,6e-07
W1Ti1,B2,W,Ti,3.1698053592200717,-10.2921505,-1e-07
W1V1,B2,W,V,3.0645411867670935,-11.069949,-1.3e-06
W1W1,B2,W,W,3.172385894399145,-13.02687,1e-07
W1Y1,B2,W,Y,3.4955788730762416,-8.7692085,1e-07
W1Zn1,B2,W,Zn,3.091056893292852,-6.4130025,-1e-07
W1Zr1,B2,W,Zr,3.353451282652733,-10.521703,-0.0
Y1Ag1,B2,Y,Ag,3.6408305220058415,-4.92703645,-2.7e-06
Y1Al1,B2,Y,Al,3.6154301451489106,-5.512805,-2.6e-06
Y1As1,B2,Y,As,3.5772649402724745,-6.632171,-0.0
Y1Au1,B2,Y,Au,3.601611652834998,-5.7052285,8e-07
Y1B1,B2,Y,B,3.2135640742816958,-6.338371,4.5e-06
Y1Be1,B2,Y,Be,3.416019244759295,-5.0097115,1.82e-05
Y1Ca1,B2,Y,Ca,4.1456639194699205,-4.00635185,-9.6e-06
Y1Cd1,B2,Y,Cd,3.742266911928686,-3.9653545,-5.7e-06
Y1Ce1,B2,Y,Ce,4.007960859227378,-5.946817,0.8394073
Y1Co1,B2,Y,Co,3.335335481521434,-6.877522,6.56e-05
Y1Cr1,B2,Y,Cr,3.5354570223577904,-7.564326,3.0387762
Y1Cu1,B2,Y,Cu,3.4766665935640826,-5.333735,-0.0
Y1Dy1,B2,Y,Dy,4.017290982041975,-5.3528235,0.0002858
Y1Er1,B2,Y,Er,3.998826640488899,-5.331045,0.0019648
Y1Fe1,B2,Y,Fe,3.39267742853831,-7.1505295,1.1833149
Y1Ga1,B2,Y,Ga,3.5789984251158566,-5.286343,-9e-07
Y1Gd1,B2,Y,Gd,4.026207189818861,-10.1636985,7.9339488
Y1Ge1,B2,Y,Ge,3.595205896566788,-6.0617545,1e-06
Y1Hf1,B2,Y,Hf,3.7433340222259157,-7.812009,-2.8e-06
Y1In1,B2,Y,In,3.7727906411987195,-5.0017135,5e-07
Y1Ir1,B2,Y,Ir,3.430305267375896,-8.4422265,-1e-07
Y1La1,B2,Y,La,4.130698072023824,-5.577634,3e-06
Y1Mg1,B2,Y,Mg,3.801158255760597,-4.0799241,-1.7e-06
Y1Mn1,B2,Y,Mn,3.5514340575466967,-7.517771,3.4962369
Y1Mo1,B2,Y,Mo,3.4940322620374116,-8.0388515,0.0013437
Y1Na1,B2,Y,Na,4.0035374901299585,-3.4498742,0.2269329
Y1Nb1,B2,Y,Nb,3.607868976948315,-7.7226975,-6e-07
Y1Ni1,B2,Y,Ni,3.3932195084586922,-6.330505,0.0
Y1Os1,B2,Y,Os,3.4146276272745886,-8.8463155,2e-07
Y1Pb1,B2,Y,Pb,3.8674144763531073,-5.402652,-6.3e-06
Y1Pd1,B2,Y,Pd,3.5253060901259423,-6.6976685,-5e-07
Y1Pt1,B2,Y,Pt,3.498310481286504,-7.464916,-1e-07
Y1Re1,B2,Y,Re,3.56325,-8.8073645,-0.4014451
Y1Rh1,B2,Y,Rh,3.4322310532645592,-7.6795735,-2e-07
Y1Ru1,B2,Y,Ru,3.404689536142656,-8.0577355,3.7e-06
Y1Sb1,B2,Y,Sb,3.801367466966249,-6.132686,0.0
Y1Sc1,B2,Y,Sc,3.8364046131581966,-6.246874,9e-07
Y1Se1,B2,Y,Se,3.552853825847524,-6.4998715,0.4366479
Y1Si1,B2,Y,Si,3.5374250124614557,-6.3509475,3.2e-06
Y1Sn1,B2,Y,Sn,3.8031561086614016,-5.688023,-3.2e-06
Y1Sr1,B2,Y,Sr,4.311114623520624,-3.7246971,-2.63e-05
Y1Ta1,B2,Y,Ta,3.594744774879296,-8.4247685,-1.3e-06
Y1Tb1,B2,Y,Tb,4.02325,-5.3697225,0.0037118
Y1Tc1,B2,Y,Tc,3.4262115106865254,-8.1402925,-2.8e-06
Y1Ti1,B2,Y,Ti,3.6590747643502826,-6.7454215,1.823292
Y1V1,B2,Y,V,3.608132315590587,-7.2253365,3.3897121
Y1W1,B2,Y,W,3.495579329064723,-8.7692085,1e-07
Y1Y1,B2,Y,Y,4.026450971189609,-6.3067755,0.0021122
Y1Zn1,B2,Y,Zn,3.5749642864002684,-4.1536397,8.8e-06
Y1Zr1,B2,Y,Zr,3.774259538217371,-7.201631,-6e-07
Zn1Ag1,B2,Zn,Ag,3.1837651590588814,-2.02279975,1e-07
Zn1Al1,B2,Zn,Al,3.1839602119674737,-2.32138455,-8e-07
Zn1As1,B2,Zn,As,3.2865142713354913,-2.6463961,-1.8e-06
Zn1Au1,B2,Zn,Au,3.1875194267449722,-2.37620585,2e-06
Zn1B1,B2,Zn,B,2.8077141128112313,-2.7007275,-1e-07
Zn1Be1,B2,Zn,Be,2.8300351035736813,-2.19371765,-5.7e-06
Zn1Ca1,B2,Zn,Ca,3.6663543208202314,-1.7699054,-1e-07
Zn1Cd1,B2,Zn,Cd,3.3983970832127466,-0.83934955,-0.0
Zn1Ce1,B2,Zn,Ce,3.6041370158954966,-3.70802415,-0.0004007
Zn1Co1,B2,Zn,Co,2.8756399656635656,-4.0165664,-0.0003136
Zn1Cr1,B2,Zn,Cr,3.0890908314298358,-4.9834929,-3.4455612
Zn1Cu1,B2,Zn,Cu,2.9666227662053015,-2.569935,2e-07
Zn1Dy1,B2,Zn,Dy,3.56513264724945,-3.1713037,0.0002433
Zn1Er1,B2,Zn,Er,3.535789781323072,-3.1560353,6.8e-06
Zn1Fe1,B2,Zn,Fe,2.9433173302971074,-4.55823665,-2.3095944
Zn1Ga1,B2,Zn,Ga,3.26674456967851,-1.9183745,-1.21e-05
Zn1Gd1,B2,Zn,Gd,3.6005413478353065,-7.972824,-7.5169251
Zn1Ge1,B2,Zn,Ge,3.302368314652694,-2.6120775,-5e-07
Zn1Hf1,B2,Zn,Hf,3.293968645030735,-5.745032,-1.2e-06
Zn1In1,B2,Zn,In,3.5114828002590235,-1.70754045,-1.8e-06
Zn1Ir1,B2,Zn,Ir,3.03587695896535,-5.083389,-1e-07
Zn1La1,B2,Zn,La,3.755659157842417,-3.32178505,6.16e-05
Zn1Mg1,B2,Zn,Mg,3.318527962125139,-1.3886716,-2.7e-06
Zn1Mn1,B2,Zn,Mn,3.000265896482784,-4.97752915,-2.9511665
Zn1Mo1,B2,Zn,Mo,3.090296997515712,-5.6191285,-0.0002269
Zn1Na1,B2,Zn,Na,3.5920603374064175,-1.117884,-2e-06
Zn1Nb1,B2,Zn,Nb,3.193610522552519,-5.519737,0.0
Zn1Ni1,B2,Zn,Ni,2.8871690763438336,-3.5395552,-4e-07
Zn1Os1,B2,Zn,Os,3.0309532904530854,-5.678898,-2.5e-06
Zn1Pb1,B2,Zn,Pb,3.658272556906299,-2.16549285,-1.2e-05
Zn1Pd1,B2,Zn,Pd,3.073664698425901,-3.7169569,0.0
Zn1Pt1,B2,Zn,Pt,3.080968100768979,-4.1075554,-3.5e-06
Zn1Re1,B2,Zn,Re,3.1286,-6.1042055,-0.2844812
Zn1Rh1,B2,Zn,Rh,3.022153347910881,-4.5469927,-0.0
Zn1Ru1,B2,Zn,Ru,3.0199819164189257,-5.0244305,-7.2e-06
Zn1Sb1,B2,Zn,Sb,3.5349723948201293,-2.42898665,1e-07
Zn1Sc1,B2,Zn,Sc,3.3509982507727654,-4.07949855,1e-07
Zn1Se1,B2,Zn,Se,3.355287482113428,-2.188278,-6.9e-06
Zn1Si1,B2,Zn,Si,3.1759600389425873,-2.8664386,-1e-07
Zn1Sn1,B2,Zn,Sn,3.5335688407572827,-2.37084135,-1.1e-06
Zn1Sr1,B2,Zn,Sr,3.917147167034189,-1.5450625,2.5e-06
Zn1Ta1,B2,Zn,Ta,3.173348616903965,-6.278183,-8.2e-06
Zn1Tb1,B2,Zn,Tb,3.581930875816869,-3.18165215,-9e-07
Zn1Tc1,B2,Zn,Tc,3.0374600809237435,-5.419844,-1.4e-06
Zn1Ti1,B2,Zn,Ti,3.1394759764491775,-4.6311873,-2e-07
Zn1V1,B2,Zn,V,3.0199214176584155,-4.8326043,0.0
Zn1W1,B2,Zn,W,3.0910568910318608,-6.4130025,-1e-07
Zn1Y1,B2,Zn,Y,3.574964557890282,-4.1536397,8.7e-06
Zn1Zn1,B2,Zn,Zn,3.157173636874806,-1.0357082,0.0
Zn1Zr1,B2,Zn,Zr,3.3405521608800006,-5.1250355,-5e-07
Zr1Ag1,B2,Zr,Ag,3.4427762971642726,-5.6342215,-7e-07
Zr1Al1,B2,Zr,Al,3.3793801698842216,-6.4480135,9.97e-05
Zr1As1,B2,Zr,As,3.3579067353825405,-7.456072,2e-07
Zr1Au1,B2,Zr,Au,3.429298547941841,-6.348686,-0.0011629
Zr1B1,B2,Zr,B,3.0232614217548965,-7.504207,-2.6e-06
Zr1Be1,B2,Zr,Be,3.1613481509843355,-6.247372,2e-07
Zr1Ca1,B2,Zr,Ca,3.8548690240145684,-4.61752275,3.2e-06
Zr1Cd1,B2,Zr,Cd,3.5193372535025054,-4.7407739,-1.4e-06
Zr1Ce1,B2,Zr,Ce,3.717851106228066,-6.9751515,-0.731864
Zr1Co1,B2,Zr,Co,3.1752968211880153,-8.0729015,0.2070655
Zr1Cr1,B2,Zr,Cr,3.234261878750737,-8.732082,-4.71e-05
Zr1Cu1,B2,Zr,Cu,3.2675367041047663,-6.27816,-1.8e-06
Zr1Dy1,B2,Zr,Dy,3.757093953033723,-6.2512285,1.5e-06
Zr1Er1,B2,Zr,Er,3.742571146223821,-6.24218,9.4e-06
Zr1Fe1,B2,Zr,Fe,3.165874366349712,-8.5994275,-0.0007859
Zr1Ga1,B2,Zr,Ga,3.3655011097901846,-6.149826,4e-07
Zr1Gd1,B2,Zr,Gd,3.781270535831313,-11.0425875,8.2888472
Zr1Ge1,B2,Zr,Ge,3.3846428289556854,-6.9234655,1.04e-05
Zr1Hf1,B2,Zr,Hf,3.5529733649771487,-9.125487,-6e-07
Zr1In1,B2,Zr,In,3.5597915529505104,-5.7125455,2.4e-06
Zr1Ir1,B2,Zr,Ir,3.3048408688736717,-9.4846795,-7e-07
Zr1La1,B2,Zr,La,3.8427863392615755,-6.4105685,3.3e-05
Zr1Mg1,B2,Zr,Mg,3.523101242518627,-4.92973455,-1e-07
Zr1Mn1,B2,Zr,Mn,3.184802754788334,-8.7841485,-8.06e-05
Zr1Mo1,B2,Zr,Mo,3.335454364872758,-9.6763545,-0.0002107
Zr1Na1,B2,Zr,Na,3.989604986963087,-3.7882621,-1643.5929042
Zr1Nb1,B2,Zr,Nb,3.4350246255356063,-9.212211,0.0
Zr1Ni1,B2,Zr,Ni,3.2039204460187882,-7.3708625,-0.0
Zr1Os1,B2,Zr,Os,3.2834779870504542,-10.4476945,0.0
Zr1Pb1,B2,Zr,Pb,3.641729494268247,-6.0248735,-4.4e-06
Zr1Pd1,B2,Zr,Pd,3.3520120511390403,-7.508209,2e-07
Zr1Pt1,B2,Zr,Pt,3.3535016160831836,-8.233552,0.0
Zr1Re1,B2,Zr,Re,3.3019912887796754,-10.6825925,2e-07
Zr1Rh1,B2,Zr,Rh,3.29435,-8.6476235,4.36e-05
Zr1Ru1,B2,Zr,Ru,3.26521370416661,-9.554335,2e-07
Zr1Sb1,B2,Zr,Sb,3.5639038678529187,-6.87389,4e-07
Zr1Sc1,B2,Zr,Sc,3.600252486400209,-7.2616615,-0.0
Zr1Se1,B2,Zr,Se,3.3622640604931413,-7.1434875,-2e-06
Zr1Si1,B2,Zr,Si,3.323606661507141,-7.3182765,4.6e-06
Zr1Sn1,B2,Zr,Sn,3.5764953247176243,-6.423034,-1e-07
Zr1Sr1,B2,Zr,Sr,4.027591062829223,-4.1889185,0.5331687
Zr1Ta1,B2,Zr,Ta,3.4333573805282547,-10.0017845,-4e-07
Zr1Tb1,B2,Zr,Tb,3.7638909328478682,-6.2603405,5e-07
Zr1Tc1,B2,Zr,Tc,3.2923434957859024,-9.794595,3.5e-06
Zr1Ti1,B2,Zr,Ti,3.4113907043666325,-8.0539135,0.0005072
Zr1V1,B2,Zr,V,3.3328315433753244,-8.5621285,2.0844541
Zr1W1,B2,Zr,W,3.3534512838217045,-10.521703,-0.0
Zr1Y1,B2,Zr,Y,3.774258987507853,-7.201631,-6e-07
Zr1Zn1,B2,Zr,Zn,3.340552170556614,-5.1250355,-5e-07
Zr1Zr1,B2,Zr,Zr,3.5687167951213277,-8.4682125,-1e-06
pure_Co,pure,Co,Co,2.8059029328974243,-6.9355085,3.4989505
pure_Cr,pure,Cr,Cr,2.846252677678994,-9.509926,-1.2e-06
pure_Fe,pure,Fe,Fe,2.833647538911447,-8.2577355,4.431345
pure_Mn,pure,Mn,Mn,2.782064436638164,-8.832485,-0.0002209
pure_Ni,pure,Ni,Ni,2.789180589877911,-5.3920645,1.0958592
