dir,status,volume_returncode,relax_returncode,static_returncode,energy_source,energy_eV,free_energy_TOTEN_eV,lattice_type,atoms_per_cubic_cell,natoms,volume_A3,a_lattice_A,a_bcc_A,cell_a_A,cell_b_A,cell_c_A,relax_converged,note,structure_root,case_dir
Ag12Al4,OK,0,0,0,static_OUTCAR,-48.0089265000,-48.0092841400,bcc,2.0,16,277.44705466,3.26109445,3.26109445,6.52218890,6.52218890,6.52218890,yes,CLEANED:0,BCC_SQS,Ag12Al4
Ag12Au4,OK,0,0,0,static_OUTCAR,-45.4887024500,-45.4864850400,bcc,2.0,16,286.86632217,3.29758900,3.29758900,6.59517801,6.59517801,6.59517801,yes,CLEANED:0,BCC_SQS,Ag12Au4
Ag12Be4,OK,0,0,0,static_OUTCAR,-44.8894555900,-44.8910208600,bcc,2.0,16,256.23938292,3.17579137,3.17579137,6.35158274,6.35158274,6.35158274,yes,CLEANED:0,BCC_SQS,Ag12Be4
Ag12Ca4,OK,0,0,0,static_OUTCAR,-41.5489491700,-41.5468649100,bcc,2.0,16,339.50800503,3.48808193,3.48808193,6.97616386,6.97616386,6.97616386,yes,CLEANED:0,BCC_SQS,Ag12Ca4
Ag12Co4,OK,0,0,0,static_OUTCAR,-56.6135719800,-56.6120681300,bcc,2.0,16,260.96883082,3.19521106,3.19521106,6.39042212,6.39042212,6.39042212,yes,CLEANED:0,BCC_SQS,Ag12Co4
Ag12Cr4,OK,0,0,0,static_OUTCAR,-65.3038283600,-65.3040747700,bcc,2.0,16,283.95907341,3.28641134,3.28641134,6.57282269,6.57282269,6.57282269,yes,CLEANED:0,BCC_SQS,Ag12Cr4
Ag12Cu4,OK,0,0,0,static_OUTCAR,-46.0773499500,-46.0757495700,bcc,2.0,16,264.20798666,3.20837644,3.20837644,6.41675288,6.41675288,6.41675288,yes,CLEANED:0,BCC_SQS,Ag12Cu4
Ag12Dy4,OK,0,0,0,static_OUTCAR,-52.0769869400,-52.0779692800,bcc,2.0,16,341.05600001,3.49337522,3.49337522,6.98675045,6.98675045,6.98675045,yes,CLEANED:0,BCC_SQS,Ag12Dy4
Ag12Er4,OK,0,0,0,static_OUTCAR,-51.9829736600,-51.9843759100,bcc,2.0,16,329.21940950,3.45248512,3.45248512,6.90497023,6.90497023,6.90497023,yes,CLEANED:0,BCC_SQS,Ag12Er4
Ag12Fe4,OK,0,0,0,static_OUTCAR,-61.6906020700,-61.6902518900,bcc,2.0,16,264.90031549,3.21117640,3.21117640,6.42235279,6.42235279,6.42235279,yes,CLEANED:0,BCC_SQS,Ag12Fe4
Ag12Ge4,OK,0,0,0,static_OUTCAR,-48.8507543100,-48.8506805000,bcc,2.0,16,290.50965951,3.31149063,3.31149063,6.62298125,6.62298125,6.62298125,yes,CLEANED:0,BCC_SQS,Ag12Ge4
Ag12Hf4,OK,0,0,0,static_OUTCAR,-70.9538774200,-70.9523382300,bcc,2.0,16,302.14915239,3.35513859,3.35513859,6.71027718,6.71027718,6.71027718,yes,CLEANED:0,BCC_SQS,Ag12Hf4
Ag12Ir4,OK,0,0,0,static_OUTCAR,-63.1230872100,-63.1210791100,bcc,2.0,16,268.66988771,3.22633656,3.22633656,6.45267311,6.45267311,6.45267311,yes,CLEANED:0,BCC_SQS,Ag12Ir4
Ag12La4,OK,0,0,0,static_OUTCAR,-53.0993493100,-53.0993386100,bcc,2.0,16,363.02316313,3.56682211,3.56682211,7.13364422,7.13364422,7.13364422,yes,CLEANED:0,BCC_SQS,Ag12La4
Ag12Mg4,OK,0,0,0,static_OUTCAR,-40.1482125800,-40.1504478000,bcc,2.0,16,291.22545842,3.31420817,3.31420817,6.62841634,6.62841634,6.62841634,yes,CLEANED:0,BCC_SQS,Ag12Mg4
Ag12Mn4,OK,0,0,0,static_OUTCAR,-65.2858232000,-65.2858309000,bcc,2.0,16,277.23225467,3.26025265,3.26025265,6.52050530,6.52050530,6.52050530,yes,CLEANED:0,BCC_SQS,Ag12Mn4
Ag12Mo4,OK,0,0,0,static_OUTCAR,-70.7787750900,-70.7783613500,bcc,2.0,16,273.64983351,3.24614863,3.24614863,6.49229725,6.49229725,6.49229725,yes,CLEANED:0,BCC_SQS,Ag12Mo4
Ag12Nb4,OK,0,0,0,static_OUTCAR,-69.0893026600,-69.0897819500,bcc,2.0,16,287.33842696,3.29939699,3.29939699,6.59879399,6.59879399,6.59879399,yes,CLEANED:0,BCC_SQS,Ag12Nb4
Ag12Ni4,OK,0,0,0,static_OUTCAR,-51.7101168500,-51.7093859700,bcc,2.0,16,258.07100093,3.18334034,3.18334034,6.36668068,6.36668068,6.36668068,yes,CLEANED:0,BCC_SQS,Ag12Ni4
Ag12Os4,OK,0,0,0,static_OUTCAR,-70.1028141100,-70.1020314300,bcc,2.0,16,266.21599804,3.21648394,3.21648394,6.43296789,6.43296789,6.43296789,yes,CLEANED:0,BCC_SQS,Ag12Os4
Ag12Pb4,OK,0,0,0,static_OUTCAR,-45.3297102100,-45.3298996900,bcc,2.0,16,339.48552896,3.48800495,3.48800495,6.97600991,6.97600991,6.97600991,yes,CLEANED:0,BCC_SQS,Ag12Pb4
Ag12Pd4,OK,0,0,0,static_OUTCAR,-53.5779639300,-53.5796163300,bcc,2.0,16,275.83944774,3.25478368,3.25478368,6.50956735,6.50956735,6.50956735,yes,CLEANED:0,BCC_SQS,Ag12Pd4
Ag12Pt4,OK,0,0,0,static_OUTCAR,-56.1957622600,-56.1953307600,bcc,2.0,16,275.10673084,3.25189921,3.25189921,6.50379842,6.50379842,6.50379842,yes,CLEANED:0,BCC_SQS,Ag12Pt4
Ag12Re4,OK,0,0,0,static_OUTCAR,-75.0262640700,-75.0256125800,bcc,2.0,16,267.29129542,3.22080879,3.22080879,6.44161758,6.44161758,6.44161758,yes,CLEANED:0,BCC_SQS,Ag12Re4
Ag12Rh4,OK,0,0,0,static_OUTCAR,-58.5970200900,-58.5945397300,bcc,2.0,16,269.35139530,3.22906223,3.22906223,6.45812445,6.45812445,6.45812445,yes,CLEANED:0,BCC_SQS,Ag12Rh4
Ag12Ru4,OK,0,0,0,static_OUTCAR,-63.9315273900,-63.9297037400,bcc,2.0,16,266.89829553,3.21922949,3.21922949,6.43845898,6.43845898,6.43845898,yes,CLEANED:0,BCC_SQS,Ag12Ru4
Ag12Sc4,OK,0,0,0,static_OUTCAR,-58.8148987800,-58.8177661000,bcc,2.0,16,304.50923666,3.36385160,3.36385160,6.72770320,6.72770320,6.72770320,yes,CLEANED:0,BCC_SQS,Ag12Sc4
Ag12Si4,OK,0,0,0,static_OUTCAR,-51.2441756500,-51.2457142500,bcc,2.0,16,277.23596866,3.26026721,3.26026721,6.52053442,6.52053442,6.52053442,yes,CLEANED:0,BCC_SQS,Ag12Si4
Ag12Sn4,OK,0,0,0,static_OUTCAR,-47.3230861500,-47.3232696300,bcc,2.0,16,319.16086304,3.41695989,3.41695989,6.83391979,6.83391979,6.83391979,yes,CLEANED:0,BCC_SQS,Ag12Sn4
Ag12Ta4,OK,0,0,0,static_OUTCAR,-75.1466373200,-75.1453564400,bcc,2.0,16,285.03138555,3.29054296,3.29054296,6.58108593,6.58108593,6.58108593,yes,CLEANED:0,BCC_SQS,Ag12Ta4
Ag12Tb4,OK,0,0,0,static_OUTCAR,-52.1349388600,-52.1363087700,bcc,2.0,16,336.07949682,3.47630076,3.47630076,6.95260153,6.95260153,6.95260153,yes,CLEANED:0,BCC_SQS,Ag12Tb4
Ag12Ti4,OK,0,0,0,static_OUTCAR,-61.9650985800,-61.9686292800,bcc,2.0,16,281.72193022,3.27775803,3.27775803,6.55551605,6.55551605,6.55551605,yes,CLEANED:0,BCC_SQS,Ag12Ti4
Ag12V4,OK,0,0,0,static_OUTCAR,-64.1359677400,-64.1380697600,bcc,2.0,16,275.05770902,3.25170604,3.25170604,6.50341209,6.50341209,6.50341209,yes,CLEANED:0,BCC_SQS,Ag12V4
Ag12W4,OK,0,0,0,static_OUTCAR,-77.0301045600,-77.0287335600,bcc,2.0,16,272.76836456,3.24265943,3.24265943,6.48531885,6.48531885,6.48531885,yes,CLEANED:0,BCC_SQS,Ag12W4
Ag12Y4,OK,0,0,0,static_OUTCAR,-59.7201456500,-59.7207299800,bcc,2.0,16,335.52478087,3.47438711,3.47438711,6.94877421,6.94877421,6.94877421,yes,CLEANED:0,BCC_SQS,Ag12Y4
Ag12Zn4,OK,0,0,0,static_OUTCAR,-37.0655882700,-37.0662852000,bcc,2.0,16,275.30845874,3.25269386,3.25269386,6.50538771,6.50538771,6.50538771,yes,CLEANED:0,BCC_SQS,Ag12Zn4
Ag12Zr4,OK,0,0,0,static_OUTCAR,-65.8626439200,-65.8644019100,bcc,2.0,16,306.28189655,3.37036638,3.37036638,6.74073275,6.74073275,6.74073275,yes,CLEANED:0,BCC_SQS,Ag12Zr4
Ag4Al12,OK,0,0,0,static_OUTCAR,-54.2685002900,-54.2672721900,bcc,2.0,16,277.74091568,3.26224538,3.26224538,6.52449077,6.52449077,6.52449077,yes,CLEANED:0,BCC_SQS,Ag4Al12
Ag4Au12,OK,0,0,0,static_OUTCAR,-49.5859892600,-49.5882923000,bcc,2.0,16,287.07169811,3.29837576,3.29837576,6.59675152,6.59675152,6.59675152,yes,CLEANED:0,BCC_SQS,Ag4Au12
Ag4Be12,OK,0,0,0,static_OUTCAR,-52.8234711100,-52.8235202900,bcc,2.0,16,179.91695958,2.82267389,2.82267389,5.64534777,5.64534777,5.64534777,yes,CLEANED:0,BCC_SQS,Ag4Be12
Ag4Ca12,OK,0,0,0,static_OUTCAR,-35.1743118400,-35.1756784700,bcc,2.0,16,542.73999430,4.07850137,4.07850137,8.15700275,8.15700275,8.15700275,yes,CLEANED:0,BCC_SQS,Ag4Ca12
Ag4Co12,OK,0,0,0,static_OUTCAR,-90.2213904400,-90.2221675600,bcc,2.0,16,205.90574359,2.95251984,2.95251984,5.90503968,5.90503968,5.90503968,yes,CLEANED:0,BCC_SQS,Ag4Co12
Ag4Cr12,OK,0,0,0,static_OUTCAR,-117.3028827300,-117.3008808800,bcc,2.0,16,210.12531263,2.97255201,2.97255201,5.94510402,5.94510402,5.94510402,yes,CLEANED:0,BCC_SQS,Ag4Cr12
Ag4Cu12,OK,0,0,0,static_OUTCAR,-54.2019515000,-54.2045209300,bcc,2.0,16,216.07502902,3.00034732,3.00034732,6.00069463,6.00069463,6.00069463,yes,CLEANED:0,BCC_SQS,Ag4Cu12
Ag4Dy12,OK,0,0,0,static_OUTCAR,-65.7662233000,-65.7677184100,bcc,2.0,16,444.71401966,3.81648545,3.81648545,7.63297090,7.63297090,7.63297090,yes,CLEANED:0,BCC_SQS,Ag4Dy12
Ag4Er12,OK,0,0,0,static_OUTCAR,-65.1521451400,-65.1536353300,bcc,2.0,16,444.11600001,3.81477397,3.81477397,7.62954795,7.62954795,7.62954795,yes,CLEANED:0,BCC_SQS,Ag4Er12
Ag4Fe12,OK,0,0,0,static_OUTCAR,-105.6591766100,-105.6583007100,bcc,2.0,16,207.10400000,2.95823611,2.95823611,5.91647221,5.91647221,5.91647221,yes,CLEANED:0,BCC_SQS,Ag4Fe12
Ag4Ge12,OK,0,0,0,static_OUTCAR,-60.3179044500,-60.3170654700,bcc,2.0,16,307.26555659,3.37397063,3.37397063,6.74794126,6.74794126,6.74794126,yes,CLEANED:0,BCC_SQS,Ag4Ge12
Ag4Hf12,OK,0,0,0,static_OUTCAR,-128.5139511400,-128.5156786400,bcc,2.0,16,334.80692648,3.47190752,3.47190752,6.94381505,6.94381505,6.94381505,yes,CLEANED:0,BCC_SQS,Ag4Hf12
Ag4Ir12,OK,0,0,0,static_OUTCAR,-109.1866482700,-109.1872307000,bcc,2.0,16,246.59490094,3.13543668,3.13543668,6.27087337,6.27087337,6.27087337,yes,CLEANED:0,BCC_SQS,Ag4Ir12
Ag4La12,OK,0,0,0,static_OUTCAR,-70.1303259300,-70.1321164800,bcc,2.0,16,500.68208034,3.97030637,3.97030637,7.94061274,7.94061274,7.94061274,yes,CLEANED:0,BCC_SQS,Ag4La12
Ag4Mg12,OK,0,0,0,static_OUTCAR,-30.1635759000,-30.1645245400,bcc,2.0,16,324.78040761,3.43689775,3.43689775,6.87379550,6.87379550,6.87379550,yes,CLEANED:0,BCC_SQS,Ag4Mg12
Ag4Mn12,OK,0,0,0,static_OUTCAR,-111.9424710500,-111.9423514900,bcc,2.0,16,213.55400784,2.98863295,2.98863295,5.97726589,5.97726589,5.97726589,yes,CLEANED:0,BCC_SQS,Ag4Mn12
Ag4Mo12,OK,0,0,0,static_OUTCAR,-136.0548458500,-136.0561166200,bcc,2.0,16,258.40910207,3.18472991,3.18472991,6.36945982,6.36945982,6.36945982,yes,CLEANED:0,BCC_SQS,Ag4Mo12
Ag4Nb12,OK,0,0,0,static_OUTCAR,-129.2152527800,-129.2165672800,bcc,2.0,16,291.02499653,3.31344756,3.31344756,6.62689512,6.62689512,6.62689512,yes,CLEANED:0,BCC_SQS,Ag4Nb12
Ag4Ni12,OK,0,0,0,static_OUTCAR,-73.0475245900,-73.0476661000,bcc,2.0,16,202.05214296,2.93398456,2.93398456,5.86796913,5.86796913,5.86796913,yes,CLEANED:0,BCC_SQS,Ag4Ni12
Ag4Os12,OK,0,0,0,static_OUTCAR,-133.7320832500,-133.7310709100,bcc,2.0,16,236.67200000,3.09280328,3.09280328,6.18560657,6.18560657,6.18560657,yes,CLEANED:0,BCC_SQS,Ag4Os12
Ag4Pb12,OK,0,0,0,static_OUTCAR,-51.6864376400,-51.6859134900,bcc,2.0,16,502.68531842,3.97559441,3.97559441,7.95118882,7.95118882,7.95118882,yes,CLEANED:0,BCC_SQS,Ag4Pb12
Ag4Pd12,OK,0,0,0,static_OUTCAR,-72.9446067400,-72.9471667200,bcc,2.0,16,255.33627002,3.17205596,3.17205596,6.34411193,6.34411193,6.34411193,yes,CLEANED:0,BCC_SQS,Ag4Pd12
Ag4Pt12,OK,0,0,0,static_OUTCAR,-82.2040001600,-82.2060380200,bcc,2.0,16,258.83815912,3.18649155,3.18649155,6.37298311,6.37298311,6.37298311,yes,CLEANED:0,BCC_SQS,Ag4Pt12
Ag4Re12,OK,0,0,0,static_OUTCAR,-151.8343603900,-151.8349062800,bcc,2.0,16,247.84842814,3.14074054,3.14074054,6.28148108,6.28148108,6.28148108,yes,CLEANED:0,BCC_SQS,Ag4Re12
Ag4Rh12,OK,0,0,0,static_OUTCAR,-92.1182742200,-92.1201515900,bcc,2.0,16,241.56408282,3.11396785,3.11396785,6.22793571,6.22793571,6.22793571,yes,CLEANED:0,BCC_SQS,Ag4Rh12
Ag4Ru12,OK,0,0,0,static_OUTCAR,-112.7890647300,-112.7876601500,bcc,2.0,16,237.80372600,3.09772520,3.09772520,6.19545041,6.19545041,6.19545041,yes,CLEANED:0,BCC_SQS,Ag4Ru12
Ag4Sc12,OK,0,0,0,static_OUTCAR,-86.2879794500,-86.2890288400,bcc,2.0,16,357.56585705,3.54885851,3.54885851,7.09771703,7.09771703,7.09771703,yes,CLEANED:0,BCC_SQS,Ag4Sc12
Ag4Si12,OK,0,0,0,static_OUTCAR,-69.0320592400,-69.0318599300,bcc,2.0,16,258.98426970,3.18709102,3.18709102,6.37418204,6.37418204,6.37418204,yes,CLEANED:0,BCC_SQS,Ag4Si12
Ag4Sn12,OK,0,0,0,static_OUTCAR,-55.4037136200,-55.4036861000,bcc,2.0,16,409.50181643,3.71297435,3.71297435,7.42594869,7.42594869,7.42594869,yes,CLEANED:0,BCC_SQS,Ag4Sn12
Ag4Ta12,OK,0,0,0,static_OUTCAR,-149.3790229700,-149.3785948200,bcc,2.0,16,289.12359306,3.30621568,3.30621568,6.61243137,6.61243137,6.61243137,yes,CLEANED:0,BCC_SQS,Ag4Ta12
Ag4Tb12,OK,0,0,0,static_OUTCAR,-66.1100305300,-66.1112156300,bcc,2.0,16,450.23487359,3.83221366,3.83221366,7.66442732,7.66442732,7.66442732,yes,CLEANED:0,BCC_SQS,Ag4Tb12
Ag4Ti12,OK,0,0,0,static_OUTCAR,-103.1930440500,-103.1932822500,bcc,2.0,16,273.69418252,3.24632398,3.24632398,6.49264796,6.49264796,6.49264796,yes,CLEANED:0,BCC_SQS,Ag4Ti12
Ag4V12,OK,0,0,0,static_OUTCAR,-115.1920249000,-115.1896605500,bcc,2.0,16,232.03829035,3.07248584,3.07248584,6.14497168,6.14497168,6.14497168,yes,CLEANED:0,BCC_SQS,Ag4V12
Ag4W12,OK,0,0,0,static_OUTCAR,-158.7988987100,-158.7975396500,bcc,2.0,16,262.46310437,3.20129791,3.20129791,6.40259583,6.40259583,6.40259583,yes,CLEANED:0,BCC_SQS,Ag4W12
Ag4Y12,OK,0,0,0,static_OUTCAR,-88.4957590400,-88.4967537800,bcc,2.0,16,453.79151125,3.84227808,3.84227808,7.68455617,7.68455617,7.68455617,yes,CLEANED:0,BCC_SQS,Ag4Y12
Ag4Zn12,OK,0,0,0,static_OUTCAR,-23.9661605100,-23.9656324100,bcc,2.0,16,252.64963187,3.16089130,3.16089130,6.32178260,6.32178260,6.32178260,yes,CLEANED:0,BCC_SQS,Ag4Zn12
Ag4Zr12,OK,0,0,0,static_OUTCAR,-112.5613253300,-112.5620224600,bcc,2.0,16,344.20313330,3.50408751,3.50408751,7.00817503,7.00817503,7.00817503,yes,CLEANED:0,BCC_SQS,Ag4Zr12
Ag8Ag8,OK,0,0,0,static_OUTCAR,-42.9252833000,-42.9246527600,bcc,2.0,16,286.55506879,3.29639593,3.29639593,6.59279186,6.59279186,6.59279186,yes,CLEANED:0,BCC_SQS,Ag8Ag8
Ag8Al8,OK,0,0,0,static_OUTCAR,-51.7177093500,-51.7173953400,bcc,2.0,16,275.42168167,3.25313969,3.25313969,6.50627939,6.50627939,6.50627939,yes,CLEANED:0,BCC_SQS,Ag8Al8
Ag8Au8,OK,0,0,0,static_OUTCAR,-47.6891240100,-47.6906093000,bcc,2.0,16,286.81355293,3.29738679,3.29738679,6.59477359,6.59477359,6.59477359,yes,CLEANED:0,BCC_SQS,Ag8Au8
Ag8Be8,OK,0,0,0,static_OUTCAR,-48.4454977500,-48.4456019100,bcc,2.0,16,220.69765047,3.02159260,3.02159260,6.04318519,6.04318519,6.04318519,yes,CLEANED:0,BCC_SQS,Ag8Be8
Ag8Ca8,OK,0,0,0,static_OUTCAR,-38.7221059900,-38.7213395300,bcc,2.0,16,423.21243188,3.75395858,3.75395858,7.50791716,7.50791716,7.50791716,yes,CLEANED:0,BCC_SQS,Ag8Ca8
Ag8Co8,OK,0,0,0,static_OUTCAR,-72.0771877600,-72.0767228800,bcc,2.0,16,233.91143933,3.08073133,3.08073133,6.16146265,6.16146265,6.16146265,yes,CLEANED:0,BCC_SQS,Ag8Co8
Ag8Cr8,OK,0,0,0,static_OUTCAR,-86.4360596000,-86.4357882900,bcc,2.0,16,264.64057610,3.21012651,3.21012651,6.42025303,6.42025303,6.42025303,yes,CLEANED:0,BCC_SQS,Ag8Cr8
Ag8Cu8,OK,0,0,0,static_OUTCAR,-49.7814492500,-49.7831405400,bcc,2.0,16,240.84196956,3.11086187,3.11086187,6.22172374,6.22172374,6.22172374,yes,CLEANED:0,BCC_SQS,Ag8Cu8
Ag8Dy8,OK,0,0,0,static_OUTCAR,-59.5470589000,-59.5460551200,bcc,2.0,16,386.88957886,3.64333424,3.64333424,7.28666847,7.28666847,7.28666847,yes,CLEANED:0,BCC_SQS,Ag8Dy8
Ag8Er8,OK,0,0,0,static_OUTCAR,-59.3282424700,-59.3268123200,bcc,2.0,16,379.17530964,3.61895643,3.61895643,7.23791286,7.23791286,7.23791286,no,CLEANED:0,BCC_SQS,Ag8Er8
Ag8Fe8,OK,0,0,0,static_OUTCAR,-82.3277533300,-82.3269086200,bcc,2.0,16,241.31274294,3.11288748,3.11288748,6.22577496,6.22577496,6.22577496,yes,CLEANED:0,BCC_SQS,Ag8Fe8
Ag8Ge8,OK,0,0,0,static_OUTCAR,-54.6105858500,-54.6109665400,bcc,2.0,16,299.51543584,3.34536165,3.34536165,6.69072330,6.69072330,6.69072330,yes,CLEANED:0,BCC_SQS,Ag8Ge8
Ag8Hf8,OK,0,0,0,static_OUTCAR,-99.7496192700,-99.7498757600,bcc,2.0,16,317.57529728,3.41129210,3.41129210,6.82258420,6.82258420,6.82258420,yes,CLEANED:0,BCC_SQS,Ag8Hf8
Ag8Ir8,OK,0,0,0,static_OUTCAR,-85.4597621100,-85.4596883100,bcc,2.0,16,255.94833359,3.17458851,3.17458851,6.34917702,6.34917702,6.34917702,yes,CLEANED:0,BCC_SQS,Ag8Ir8
Ag8La8,OK,0,0,0,static_OUTCAR,-62.0553219100,-62.0555214700,bcc,2.0,16,432.27784654,3.78057331,3.78057331,7.56114662,7.56114662,7.56114662,yes,CLEANED:0,BCC_SQS,Ag8La8
Ag8Mg8,OK,0,0,0,static_OUTCAR,-35.9529870500,-35.9516151000,bcc,2.0,16,302.38241063,3.35600176,3.35600176,6.71200351,6.71200351,6.71200351,yes,CLEANED:0,BCC_SQS,Ag8Mg8
Ag8Mn8,OK,0,0,0,static_OUTCAR,-88.0305112500,-88.0286105700,bcc,2.0,16,264.29461076,3.20872704,3.20872704,6.41745407,6.41745407,6.41745407,yes,CLEANED:0,BCC_SQS,Ag8Mn8
Ag8Mo8,OK,0,0,0,static_OUTCAR,-100.7882845700,-100.7880217800,bcc,2.0,16,264.06040548,3.20777895,3.20777895,6.41555790,6.41555790,6.41555790,yes,CLEANED:0,BCC_SQS,Ag8Mo8
Ag8Nb8,OK,0,0,0,static_OUTCAR,-98.0154535300,-98.0156125800,bcc,2.0,16,288.50430406,3.30385341,3.30385341,6.60770682,6.60770682,6.60770682,yes,CLEANED:0,BCC_SQS,Ag8Nb8
Ag8Ni8,OK,0,0,0,static_OUTCAR,-61.4949154300,-61.4941921000,bcc,2.0,16,229.88101073,3.06293446,3.06293446,6.12586892,6.12586892,6.12586892,yes,CLEANED:0,BCC_SQS,Ag8Ni8
Ag8Os8,OK,0,0,0,static_OUTCAR,-100.2731482800,-100.2740549100,bcc,2.0,16,252.49893992,3.16026274,3.16026274,6.32052548,6.32052548,6.32052548,yes,CLEANED:0,BCC_SQS,Ag8Os8
Ag8Pb8,OK,0,0,0,static_OUTCAR,-48.2929450000,-48.2939057900,bcc,2.0,16,413.57875620,3.72525562,3.72525562,7.45051124,7.45051124,7.45051124,no,CLEANED:0,BCC_SQS,Ag8Pb8
Ag8Pd8,OK,0,0,0,static_OUTCAR,-63.5048896700,-63.5056966100,bcc,2.0,16,265.04431992,3.21175817,3.21175817,6.42351635,6.42351635,6.42351635,yes,CLEANED:0,BCC_SQS,Ag8Pd8
Ag8Pt8,OK,0,0,0,static_OUTCAR,-69.2811042200,-69.2791478900,bcc,2.0,16,265.93578147,3.21535500,3.21535500,6.43071000,6.43071000,6.43071000,yes,CLEANED:0,BCC_SQS,Ag8Pt8
Ag8Re8,OK,0,0,0,static_OUTCAR,-111.1855635900,-111.1864409300,bcc,2.0,16,255.16019893,3.17132668,3.17132668,6.34265337,6.34265337,6.34265337,yes,CLEANED:0,BCC_SQS,Ag8Re8
Ag8Rh8,OK,0,0,0,static_OUTCAR,-74.8243093400,-74.8272820900,bcc,2.0,16,254.54287433,3.16876709,3.16876709,6.33753418,6.33753418,6.33753418,yes,CLEANED:0,BCC_SQS,Ag8Rh8
Ag8Ru8,OK,0,0,0,static_OUTCAR,-86.9957733900,-86.9955535000,bcc,2.0,16,251.03972761,3.15416317,3.15416317,6.30832634,6.30832634,6.30832634,yes,CLEANED:0,BCC_SQS,Ag8Ru8
Ag8Sc8,OK,0,0,0,static_OUTCAR,-73.4144477500,-73.4141424200,bcc,2.0,16,328.13286474,3.44868277,3.44868277,6.89736555,6.89736555,6.89736555,yes,CLEANED:0,BCC_SQS,Ag8Sc8
Ag8Si8,OK,0,0,0,static_OUTCAR,-59.9913424700,-59.9905216600,bcc,2.0,16,272.27537177,3.24070469,3.24070469,6.48140938,6.48140938,6.48140938,no,CLEANED:0,BCC_SQS,Ag8Si8
Ag8Sn8,OK,0,0,0,static_OUTCAR,-51.1634179500,-51.1647130100,bcc,2.0,16,366.45461287,3.57802526,3.57802526,7.15605052,7.15605052,7.15605052,yes,CLEANED:0,BCC_SQS,Ag8Sn8
Ag8Ta8,OK,0,0,0,static_OUTCAR,-110.8152767300,-110.8158913500,bcc,2.0,16,286.02227630,3.29435166,3.29435166,6.58870333,6.58870333,6.58870333,yes,CLEANED:0,BCC_SQS,Ag8Ta8
Ag8Tb8,OK,0,0,0,static_OUTCAR,-59.6997511000,-59.6990939200,bcc,2.0,16,391.03187569,3.65629076,3.65629076,7.31258152,7.31258152,7.31258152,yes,CLEANED:0,BCC_SQS,Ag8Tb8
Ag8Ti8,OK,0,0,0,static_OUTCAR,-82.6518040900,-82.6519692700,bcc,2.0,16,278.89600000,3.26676153,3.26676153,6.53352306,6.53352306,6.53352306,yes,CLEANED:0,BCC_SQS,Ag8Ti8
Ag8V8,OK,0,0,0,static_OUTCAR,-87.9009841100,-87.9005707700,bcc,2.0,16,257.37074730,3.18045849,3.18045849,6.36091699,6.36091699,6.36091699,yes,CLEANED:0,BCC_SQS,Ag8V8
Ag8W8,OK,0,0,0,static_OUTCAR,-114.9217143600,-114.9213099300,bcc,2.0,16,265.38995823,3.21315370,3.21315370,6.42630739,6.42630739,6.42630739,yes,CLEANED:0,BCC_SQS,Ag8W8
Ag8Y8,OK,0,0,0,static_OUTCAR,-74.7267507400,-74.7254744900,bcc,2.0,16,391.61358210,3.65810292,3.65810292,7.31620583,7.31620583,7.31620583,yes,CLEANED:0,BCC_SQS,Ag8Y8
Ag8Zn8,OK,0,0,0,static_OUTCAR,-30.8223794800,-30.8238396100,bcc,2.0,16,262.97488291,3.20337731,3.20337731,6.40675461,6.40675461,6.40675461,yes,CLEANED:0,BCC_SQS,Ag8Zn8
Ag8Zr8,OK,0,0,0,static_OUTCAR,-89.4479147200,-89.4491772600,bcc,2.0,16,324.83026578,3.43707361,3.43707361,6.87414722,6.87414722,6.87414722,yes,CLEANED:0,BCC_SQS,Ag8Zr8
Al12Au4,OK,0,0,0,static_OUTCAR,-58.8874638400,-58.8874966500,bcc,2.0,16,276.56930028,3.25765179,3.25765179,6.51530359,6.51530359,6.51530359,yes,CLEANED:0,BCC_SQS,Al12Au4
Al12Be4,OK,0,0,0,static_OUTCAR,-56.3545128300,-56.3552566600,bcc,2.0,16,238.72578661,3.10172375,3.10172375,6.20344750,6.20344750,6.20344750,yes,CLEANED:0,BCC_SQS,Al12Be4
Al12Ca4,OK,0,0,0,static_OUTCAR,-52.7530877300,-52.7533282900,bcc,2.0,16,334.03017150,3.46922049,3.46922049,6.93844099,6.93844099,6.93844099,yes,CLEANED:0,BCC_SQS,Al12Ca4
Al12Co4,OK,0,0,0,static_OUTCAR,-75.5354001100,-75.5353815200,bcc,2.0,16,223.46378360,3.03416402,3.03416402,6.06832803,6.06832803,6.06832803,yes,CLEANED:0,BCC_SQS,Al12Co4
Al12Cr4,OK,0,0,0,static_OUTCAR,-82.3166380000,-82.3169810800,bcc,2.0,16,229.56111995,3.06151306,3.06151306,6.12302611,6.12302611,6.12302611,yes,CLEANED:0,BCC_SQS,Al12Cr4
Al12Cu4,OK,0,0,0,static_OUTCAR,-58.8836674400,-58.8837706500,bcc,2.0,16,246.01774710,3.13298862,3.13298862,6.26597723,6.26597723,6.26597723,yes,CLEANED:0,BCC_SQS,Al12Cu4
Al12Dy4,OK,0,0,0,static_OUTCAR,-65.0176495100,-65.0159451500,bcc,2.0,16,325.19521761,3.43836033,3.43836033,6.87672066,6.87672066,6.87672066,yes,CLEANED:0,BCC_SQS,Al12Dy4
Al12Er4,OK,0,0,0,static_OUTCAR,-64.7797853500,-64.7776096900,bcc,2.0,16,321.15074687,3.42404647,3.42404647,6.84809293,6.84809293,6.84809293,yes,CLEANED:0,BCC_SQS,Al12Er4
Al12Fe4,OK,0,0,0,static_OUTCAR,-79.0893732800,-79.0885595800,bcc,2.0,16,228.73304249,3.05782744,3.05782744,6.11565488,6.11565488,6.11565488,yes,CLEANED:0,BCC_SQS,Al12Fe4
Al12Ge4,OK,0,0,0,static_OUTCAR,-60.3099289400,-60.3082472000,bcc,2.0,16,281.87328730,3.27834492,3.27834492,6.55668984,6.55668984,6.55668984,yes,CLEANED:0,BCC_SQS,Al12Ge4
Al12Hf4,OK,0,0,0,static_OUTCAR,-86.5945313900,-86.5947909500,bcc,2.0,16,286.95785547,3.29793970,3.29793970,6.59587940,6.59587940,6.59587940,yes,CLEANED:0,BCC_SQS,Al12Hf4
Al12Ir4,OK,0,0,0,static_OUTCAR,-86.4015982600,-86.4021824500,bcc,2.0,16,240.82973025,3.11080917,3.11080917,6.22161834,6.22161834,6.22161834,yes,CLEANED:0,BCC_SQS,Al12Ir4
Al12La4,OK,0,0,0,static_OUTCAR,-66.4913725600,-66.4931132500,bcc,2.0,16,355.40398430,3.54169182,3.54169182,7.08338364,7.08338364,7.08338364,yes,CLEANED:0,BCC_SQS,Al12La4
Al12Mg4,OK,0,0,0,static_OUTCAR,-49.5313167000,-49.5330869700,bcc,2.0,16,289.64031255,3.30818413,3.30818413,6.61636825,6.61636825,6.61636825,yes,CLEANED:0,BCC_SQS,Al12Mg4
Al12Mn4,OK,0,0,0,static_OUTCAR,-81.3069972600,-81.3063353100,bcc,2.0,16,234.15273906,3.08179031,3.08179031,6.16358062,6.16358062,6.16358062,yes,CLEANED:0,BCC_SQS,Al12Mn4
Al12Mo4,OK,0,0,0,static_OUTCAR,-89.3627804100,-89.3635137400,bcc,2.0,16,247.94174557,3.14113467,3.14113467,6.28226933,6.28226933,6.28226933,yes,CLEANED:0,BCC_SQS,Al12Mo4
Al12Nb4,OK,0,0,0,static_OUTCAR,-87.3960783900,-87.3950930700,bcc,2.0,16,265.94470016,3.21539094,3.21539094,6.43078189,6.43078189,6.43078189,yes,CLEANED:0,BCC_SQS,Al12Nb4
Al12Ni4,OK,0,0,0,static_OUTCAR,-69.6608452500,-69.6613946900,bcc,2.0,16,229.70290444,3.06214322,3.06214322,6.12428645,6.12428645,6.12428645,yes,CLEANED:0,BCC_SQS,Al12Ni4
Al12Os4,OK,0,0,0,static_OUTCAR,-92.6534385400,-92.6533135100,bcc,2.0,16,236.82673663,3.09347716,3.09347716,6.18695433,6.18695433,6.18695433,yes,CLEANED:0,BCC_SQS,Al12Os4
Al12Pb4,OK,0,0,0,static_OUTCAR,-55.3874677300,-55.3874966800,bcc,2.0,16,348.38706076,3.51822824,3.51822824,7.03645647,7.03645647,7.03645647,yes,CLEANED:0,BCC_SQS,Al12Pb4
Al12Pd4,OK,0,0,0,static_OUTCAR,-71.0067411700,-71.0078053800,bcc,2.0,16,253.15694097,3.16300553,3.16300553,6.32601105,6.32601105,6.32601105,yes,CLEANED:0,BCC_SQS,Al12Pd4
Al12Pt4,OK,0,0,0,static_OUTCAR,-75.7707633800,-75.7731810600,bcc,2.0,16,252.60085261,3.16068786,3.16068786,6.32137572,6.32137572,6.32137572,yes,CLEANED:0,BCC_SQS,Al12Pt4
Al12Re4,OK,0,0,0,static_OUTCAR,-94.6145281900,-94.6142836000,bcc,2.0,16,258.72400000,3.18602302,3.18602302,6.37204605,6.37204605,6.37204605,yes,CLEANED:0,BCC_SQS,Al12Re4
Al12Rh4,OK,0,0,0,static_OUTCAR,-80.8379354200,-80.8385240600,bcc,2.0,16,239.63810923,3.10566994,3.10566994,6.21133989,6.21133989,6.21133989,yes,CLEANED:0,BCC_SQS,Al12Rh4
Al12Ru4,OK,0,0,0,static_OUTCAR,-86.1579466900,-86.1582872000,bcc,2.0,16,255.76799999,3.17384276,3.17384276,6.34768552,6.34768552,6.34768552,yes,CLEANED:0,BCC_SQS,Al12Ru4
Al12Sc4,OK,0,0,0,static_OUTCAR,-72.2979588800,-72.2958680000,bcc,2.0,16,291.84093142,3.31654127,3.31654127,6.63308253,6.63308253,6.63308253,yes,CLEANED:0,BCC_SQS,Al12Sc4
Al12Si4,OK,0,0,0,static_OUTCAR,-63.8843747000,-63.8830403700,bcc,2.0,16,262.61969855,3.20193445,3.20193445,6.40386891,6.40386891,6.40386891,yes,CLEANED:0,BCC_SQS,Al12Si4
Al12Sn4,OK,0,0,0,static_OUTCAR,-57.3695153600,-57.3692602100,bcc,2.0,16,324.51940432,3.43597684,3.43597684,6.87195368,6.87195368,6.87195368,yes,CLEANED:0,BCC_SQS,Al12Sn4
Al12Ta4,OK,0,0,0,static_OUTCAR,-93.4487617900,-93.4488418200,bcc,2.0,16,264.85276142,3.21098423,3.21098423,6.42196846,6.42196846,6.42196846,yes,CLEANED:0,BCC_SQS,Al12Ta4
Al12Tb4,OK,0,0,0,static_OUTCAR,-65.1461932300,-65.1451250200,bcc,2.0,16,327.32459757,3.44584881,3.44584881,6.89169762,6.89169762,6.89169762,yes,CLEANED:0,BCC_SQS,Al12Tb4
Al12Ti4,OK,0,0,0,static_OUTCAR,-78.5526198000,-78.5539248600,bcc,2.0,16,260.54781033,3.19349186,3.19349186,6.38698372,6.38698372,6.38698372,yes,CLEANED:0,BCC_SQS,Al12Ti4
Al12V4,OK,0,0,0,static_OUTCAR,-82.1028902200,-82.1028616100,bcc,2.0,16,240.69237514,3.11021765,3.11021765,6.22043530,6.22043530,6.22043530,yes,CLEANED:0,BCC_SQS,Al12V4
Al12W4,OK,0,0,0,static_OUTCAR,-95.8801773800,-95.8812123700,bcc,2.0,16,249.05184001,3.14581556,3.14581556,6.29163112,6.29163112,6.29163112,yes,CLEANED:0,BCC_SQS,Al12W4
Al12Y4,OK,0,0,0,static_OUTCAR,-72.6930639200,-72.6909440800,bcc,2.0,16,326.56886618,3.44319483,3.44319483,6.88638965,6.88638965,6.88638965,yes,CLEANED:0,BCC_SQS,Al12Y4
Al12Zn4,OK,0,0,0,static_OUTCAR,-47.5436440200,-47.5463032200,bcc,2.0,16,266.56903476,3.21790514,3.21790514,6.43581028,6.43581028,6.43581028,yes,CLEANED:0,BCC_SQS,Al12Zn4
Al12Zr4,OK,0,0,0,static_OUTCAR,-81.7832596200,-81.7839845200,bcc,2.0,16,290.45701966,3.31129060,3.31129060,6.62258121,6.62258121,6.62258121,yes,CLEANED:0,BCC_SQS,Al12Zr4
Al4Au12,OK,0,0,0,static_OUTCAR,-56.8241845600,-56.8257187600,bcc,2.0,16,279.89511224,3.27065781,3.27065781,6.54131563,6.54131563,6.54131563,yes,CLEANED:0,BCC_SQS,Al4Au12
Al4Be12,OK,0,0,0,static_OUTCAR,-54.8135048800,-54.8141188600,bcc,2.0,16,171.66036637,2.77881744,2.77881744,5.55763488,5.55763488,5.55763488,yes,CLEANED:0,BCC_SQS,Al4Be12
Al4Ca12,OK,0,0,0,static_OUTCAR,-37.9962706700,-38.0006161700,bcc,2.0,16,533.82625967,4.05605014,4.05605014,8.11210029,8.11210029,8.11210029,yes,CLEANED:0,BCC_SQS,Al4Ca12
Al4Co12,OK,0,0,0,static_OUTCAR,-101.0257122100,-101.0227781700,bcc,2.0,16,198.33600000,2.91588587,2.91588587,5.83177174,5.83177174,5.83177174,yes,CLEANED:0,BCC_SQS,Al4Co12
Al4Cr12,OK,0,0,0,static_OUTCAR,-129.5991830200,-129.5976494300,bcc,2.0,16,194.88536394,2.89887671,2.89887671,5.79775343,5.79775343,5.79775343,yes,CLEANED:0,BCC_SQS,Al4Cr12
Al4Cu12,OK,0,0,0,static_OUTCAR,-61.7227177300,-61.7241802400,bcc,2.0,16,200.66141418,2.92723750,2.92723750,5.85447501,5.85447501,5.85447501,yes,CLEANED:0,BCC_SQS,Al4Cu12
Al4Dy12,OK,0,0,0,static_OUTCAR,-70.6709371900,-70.6720675300,bcc,2.0,16,441.03922055,3.80594413,3.80594413,7.61188825,7.61188825,7.61188825,yes,CLEANED:0,BCC_SQS,Al4Dy12
Al4Er12,OK,0,0,0,static_OUTCAR,-70.1448859100,-70.1452528600,bcc,2.0,16,429.93681635,3.77373630,3.77373630,7.54747261,7.54747261,7.54747261,yes,CLEANED:0,BCC_SQS,Al4Er12
Al4Fe12,OK,0,0,0,static_OUTCAR,-116.4477910000,-116.4489727000,bcc,2.0,16,202.15200000,2.93446782,2.93446782,5.86893565,5.86893565,5.86893565,yes,CLEANED:0,BCC_SQS,Al4Fe12
Al4Ge12,OK,0,0,0,static_OUTCAR,-64.7562886700,-64.7573707100,bcc,2.0,16,300.09895299,3.34753272,3.34753272,6.69506545,6.69506545,6.69506545,yes,CLEANED:0,BCC_SQS,Al4Ge12
Al4Hf12,OK,0,0,0,static_OUTCAR,-135.1031019000,-135.1021929300,bcc,2.0,16,333.50889532,3.46741490,3.46741490,6.93482981,6.93482981,6.93482981,yes,CLEANED:0,BCC_SQS,Al4Hf12
Al4Ir12,OK,0,0,0,static_OUTCAR,-122.9433949200,-122.9430317000,bcc,2.0,16,236.87292322,3.09367825,3.09367825,6.18735650,6.18735650,6.18735650,yes,CLEANED:0,BCC_SQS,Al4Ir12
Al4La12,OK,0,0,0,static_OUTCAR,-74.8144295200,-74.8128037000,bcc,2.0,16,498.83196697,3.96540999,3.96540999,7.93081998,7.93081998,7.93081998,yes,CLEANED:0,BCC_SQS,Al4La12
Al4Mg12,OK,0,0,0,static_OUTCAR,-32.0392748300,-32.0401074200,bcc,2.0,16,336.96451758,3.47934955,3.47934955,6.95869910,6.95869910,6.95869910,no,CLEANED:0,BCC_SQS,Al4Mg12
Al4Mn12,OK,0,0,0,static_OUTCAR,-123.7565129700,-123.7560898600,bcc,2.0,16,186.65073255,2.85745832,2.85745832,5.71491663,5.71491663,5.71491663,no,CLEANED:0,BCC_SQS,Al4Mn12
Al4Mo12,OK,0,0,0,static_OUTCAR,-147.0625944100,-147.0634173100,bcc,2.0,16,253.95600000,3.16632991,3.16632991,6.33265982,6.33265982,6.33265982,yes,CLEANED:0,BCC_SQS,Al4Mo12
Al4Nb12,OK,0,0,0,static_OUTCAR,-137.5100236200,-137.5096148300,bcc,2.0,16,284.93451177,3.29017014,3.29017014,6.58034027,6.58034027,6.58034027,yes,CLEANED:0,BCC_SQS,Al4Nb12
Al4Ni12,OK,0,0,0,static_OUTCAR,-85.0486597900,-85.0467832200,bcc,2.0,16,182.84878204,2.83792357,2.83792357,5.67584714,5.67584714,5.67584714,yes,CLEANED:0,BCC_SQS,Al4Ni12
Al4Os12,OK,0,0,0,static_OUTCAR,-147.0732752900,-147.0728613300,bcc,2.0,16,233.16376436,3.07744540,3.07744540,6.15489081,6.15489081,6.15489081,yes,CLEANED:0,BCC_SQS,Al4Os12
Al4Pb12,OK,0,0,0,static_OUTCAR,-54.8548909900,-54.8544500400,bcc,2.0,16,468.16286261,3.88241829,3.88241829,7.76483658,7.76483658,7.76483658,no,CLEANED:0,BCC_SQS,Al4Pb12
Al4Pd12,OK,0,0,0,static_OUTCAR,-85.8337442100,-85.8330504000,bcc,2.0,16,242.01119360,3.11588788,3.11588788,6.23177576,6.23177576,6.23177576,yes,CLEANED:0,BCC_SQS,Al4Pd12
Al4Pt12,OK,0,0,0,static_OUTCAR,-95.7770629300,-95.7777049900,bcc,2.0,16,248.77010059,3.14462888,3.14462888,6.28925775,6.28925775,6.28925775,yes,CLEANED:0,BCC_SQS,Al4Pt12
Al4Re12,OK,0,0,0,static_OUTCAR,-163.5769609000,-163.5753919600,bcc,2.0,16,237.18651903,3.09504289,3.09504289,6.19008578,6.19008578,6.19008578,yes,CLEANED:0,BCC_SQS,Al4Re12
Al4Rh12,OK,0,0,0,static_OUTCAR,-106.6205450700,-106.6248883200,bcc,2.0,16,229.09749346,3.05945064,3.05945064,6.11890127,6.11890127,6.11890127,yes,CLEANED:0,BCC_SQS,Al4Rh12
Al4Ru12,OK,0,0,0,static_OUTCAR,-125.9452569000,-125.9457208200,bcc,2.0,16,225.28913385,3.04240309,3.04240309,6.08480617,6.08480617,6.08480617,yes,CLEANED:0,BCC_SQS,Al4Ru12
Al4Sc12,OK,0,0,0,static_OUTCAR,-91.7744552800,-91.7763371000,bcc,2.0,16,364.83600000,3.57274949,3.57274949,7.14549898,7.14549898,7.14549898,yes,CLEANED:0,BCC_SQS,Al4Sc12
Al4Si12,OK,0,0,0,static_OUTCAR,-74.0275539000,-74.0289448700,bcc,2.0,16,243.45960187,3.12209160,3.12209160,6.24418319,6.24418319,6.24418319,yes,CLEANED:0,BCC_SQS,Al4Si12
Al4Sn12,OK,0,0,0,static_OUTCAR,-58.8424546000,-58.8411369800,bcc,2.0,16,408.79921907,3.71084963,3.71084963,7.42169927,7.42169927,7.42169927,yes,CLEANED:0,BCC_SQS,Al4Sn12
Al4Ta12,OK,0,0,0,static_OUTCAR,-157.5654429000,-157.5649125500,bcc,2.0,16,284.21415830,3.28739513,3.28739513,6.57479026,6.57479026,6.57479026,yes,CLEANED:0,BCC_SQS,Al4Ta12
Al4Tb12,OK,0,0,0,static_OUTCAR,-70.9920619900,-70.9929843000,bcc,2.0,16,446.71087683,3.82218919,3.82218919,7.64437838,7.64437838,7.64437838,yes,CLEANED:0,BCC_SQS,Al4Tb12
Al4Ti12,OK,0,0,0,static_OUTCAR,-110.6239621400,-110.6226119800,bcc,2.0,16,269.16304706,3.22830939,3.22830939,6.45661879,6.45661879,6.45661879,yes,CLEANED:0,BCC_SQS,Al4Ti12
Al4V12,OK,0,0,0,static_OUTCAR,-124.5523396300,-124.5517222000,bcc,2.0,16,222.38772495,3.02928598,3.02928598,6.05857196,6.05857196,6.05857196,yes,CLEANED:0,BCC_SQS,Al4V12
Al4W12,OK,0,0,0,static_OUTCAR,-169.8847384600,-169.8843928600,bcc,2.0,16,253.31299351,3.16365531,3.16365531,6.32731063,6.32731063,6.32731063,yes,CLEANED:0,BCC_SQS,Al4W12
Al4Y12,OK,0,0,0,static_OUTCAR,-93.4678915600,-93.4681205200,bcc,2.0,16,450.11632165,3.83187728,3.83187728,7.66375455,7.66375455,7.66375455,yes,CLEANED:0,BCC_SQS,Al4Y12
Al4Zn12,OK,0,0,0,static_OUTCAR,-26.3563829300,-26.3566594700,bcc,2.0,16,257.23888649,3.17991524,3.17991524,6.35983049,6.35983049,6.35983049,yes,CLEANED:0,BCC_SQS,Al4Zn12
Al4Zr12,OK,0,0,0,static_OUTCAR,-119.0731171900,-119.0748020900,bcc,2.0,16,342.38311945,3.49790051,3.49790051,6.99580102,6.99580102,6.99580102,yes,CLEANED:0,BCC_SQS,Al4Zr12
Al8Al8,OK,0,0,0,static_OUTCAR,-58.3679178800,-58.3692106600,bcc,2.0,16,272.56192099,3.24184116,3.24184116,6.48368231,6.48368231,6.48368231,yes,CLEANED:0,BCC_SQS,Al8Al8
Al8Au8,OK,0,0,0,static_OUTCAR,-58.9225924100,-58.9236485300,bcc,2.0,16,275.88601838,3.25496684,3.25496684,6.50993367,6.50993367,6.50993367,yes,CLEANED:0,BCC_SQS,Al8Au8
Al8Be8,OK,0,0,0,static_OUTCAR,-56.5103367300,-56.5114211900,bcc,2.0,16,206.63363080,2.95599485,2.95599485,5.91198970,5.91198970,5.91198970,yes,CLEANED:0,BCC_SQS,Al8Be8
Al8Ca8,OK,0,0,0,static_OUTCAR,-45.8687700900,-45.8682245200,bcc,2.0,16,417.29053844,3.73636691,3.73636691,7.47273381,7.47273381,7.47273381,yes,CLEANED:0,BCC_SQS,Al8Ca8
Al8Co8,OK,0,0,0,static_OUTCAR,-89.9704140200,-89.9701382500,bcc,2.0,16,198.30896483,2.91575337,2.91575337,5.83150675,5.83150675,5.83150675,yes,CLEANED:0,BCC_SQS,Al8Co8
Al8Cr8,OK,0,0,0,static_OUTCAR,-106.6463288700,-106.6468171100,bcc,2.0,16,218.25406713,3.01039941,3.01039941,6.02079881,6.02079881,6.02079881,yes,CLEANED:0,BCC_SQS,Al8Cr8
Al8Cu8,OK,0,0,0,static_OUTCAR,-61.3624398600,-61.3624640600,bcc,2.0,16,219.57046399,3.01643967,3.01643967,6.03287935,6.03287935,6.03287935,yes,CLEANED:0,BCC_SQS,Al8Cu8
Al8Dy8,OK,0,0,0,static_OUTCAR,-68.7965401500,-68.7970304000,bcc,2.0,16,378.77483799,3.61768191,3.61768191,7.23536382,7.23536382,7.23536382,yes,CLEANED:0,BCC_SQS,Al8Dy8
Al8Er8,OK,0,0,0,static_OUTCAR,-68.3793474600,-68.3803318600,bcc,2.0,16,381.32000000,3.62576678,3.62576678,7.25153356,7.25153356,7.25153356,yes,CLEANED:0,BCC_SQS,Al8Er8
Al8Fe8,OK,0,0,0,static_OUTCAR,-99.0076825300,-99.0069102800,bcc,2.0,16,205.34486823,2.94983657,2.94983657,5.89967314,5.89967314,5.89967314,yes,CLEANED:0,BCC_SQS,Al8Fe8
Al8Ge8,OK,0,0,0,static_OUTCAR,-62.5305703800,-62.5308271100,bcc,2.0,16,288.83561199,3.30511760,3.30511760,6.61023521,6.61023521,6.61023521,yes,CLEANED:0,BCC_SQS,Al8Ge8
Al8Hf8,OK,0,0,0,static_OUTCAR,-112.3371122800,-112.3361280300,bcc,2.0,16,309.33370852,3.38152358,3.38152358,6.76304716,6.76304716,6.76304716,yes,CLEANED:0,BCC_SQS,Al8Hf8
Al8Ir8,OK,0,0,0,static_OUTCAR,-108.4289088100,-108.4282231400,bcc,2.0,16,233.36488187,3.07832998,3.07832998,6.15665995,6.15665995,6.15665995,yes,CLEANED:0,BCC_SQS,Al8Ir8
Al8La8,OK,0,0,0,static_OUTCAR,-71.6501214400,-71.6512447800,bcc,2.0,16,424.62047655,3.75811716,3.75811716,7.51623432,7.51623432,7.51623432,yes,CLEANED:0,BCC_SQS,Al8La8
Al8Mg8,OK,0,0,0,static_OUTCAR,-41.0013934600,-41.0017394900,bcc,2.0,16,313.15075076,3.39537560,3.39537560,6.79075120,6.79075120,6.79075120,yes,CLEANED:0,BCC_SQS,Al8Mg8
Al8Mn8,OK,0,0,0,static_OUTCAR,-103.5441602200,-103.5432727700,bcc,2.0,16,208.58503112,2.96527096,2.96527096,5.93054191,5.93054191,5.93054191,yes,CLEANED:0,BCC_SQS,Al8Mn8
Al8Mo8,OK,0,0,0,static_OUTCAR,-118.2082147600,-118.2079348800,bcc,2.0,16,257.84800000,3.18242316,3.18242316,6.36484633,6.36484633,6.36484633,yes,CLEANED:0,BCC_SQS,Al8Mo8
Al8Nb8,OK,0,0,0,static_OUTCAR,-113.3929139900,-113.3928299500,bcc,2.0,16,274.88165556,3.25101213,3.25101213,6.50202427,6.50202427,6.50202427,yes,CLEANED:0,BCC_SQS,Al8Nb8
Al8Ni8,OK,0,0,0,static_OUTCAR,-80.1806770200,-80.1802147800,bcc,2.0,16,199.58349287,2.92198654,2.92198654,5.84397307,5.84397307,5.84397307,yes,CLEANED:0,BCC_SQS,Al8Ni8
Al8Os8,OK,0,0,0,static_OUTCAR,-121.8414169700,-121.8408748400,bcc,2.0,16,230.13119522,3.06404521,3.06404521,6.12809042,6.12809042,6.12809042,yes,CLEANED:0,BCC_SQS,Al8Os8
Al8Pb8,OK,0,0,0,static_OUTCAR,-54.7098161100,-54.7094103400,bcc,2.0,16,412.81020115,3.72294664,3.72294664,7.44589327,7.44589327,7.44589327,no,CLEANED:0,BCC_SQS,Al8Pb8
Al8Pd8,OK,0,0,0,static_OUTCAR,-81.8921010500,-81.8918030200,bcc,2.0,16,241.19637287,3.11238702,3.11238702,6.22477404,6.22477404,6.22477404,yes,CLEANED:0,BCC_SQS,Al8Pd8
Al8Pt8,OK,0,0,0,static_OUTCAR,-89.8794899300,-89.8798145800,bcc,2.0,16,244.96350459,3.12850702,3.12850702,6.25701403,6.25701403,6.25701403,no,CLEANED:0,BCC_SQS,Al8Pt8
Al8Re8,OK,0,0,0,static_OUTCAR,-129.7850478800,-129.7849667300,bcc,2.0,16,235.42485062,3.08736118,3.08736118,6.17472236,6.17472236,6.17472236,yes,CLEANED:0,BCC_SQS,Al8Re8
Al8Rh8,OK,0,0,0,static_OUTCAR,-97.9287297900,-97.9288683100,bcc,2.0,16,228.60959892,3.05727725,3.05727725,6.11455450,6.11455450,6.11455450,yes,CLEANED:0,BCC_SQS,Al8Rh8
Al8Ru8,OK,0,0,0,static_OUTCAR,-108.5946151600,-108.5942558900,bcc,2.0,16,225.70612980,3.04427903,3.04427903,6.08855805,6.08855805,6.08855805,yes,CLEANED:0,BCC_SQS,Al8Ru8
Al8Sc8,OK,0,0,0,static_OUTCAR,-83.4429047900,-83.4433634800,bcc,2.0,16,319.61059671,3.41856410,3.41856410,6.83712820,6.83712820,6.83712820,yes,CLEANED:0,BCC_SQS,Al8Sc8
Al8Si8,OK,0,0,0,static_OUTCAR,-68.8908977400,-68.8893012100,bcc,2.0,16,251.43486928,3.15581721,3.15581721,6.31163441,6.31163441,6.31163441,yes,CLEANED:0,BCC_SQS,Al8Si8
Al8Sn8,OK,0,0,0,static_OUTCAR,-57.8118526000,-57.8125191600,bcc,2.0,16,368.46951266,3.58457103,3.58457103,7.16914207,7.16914207,7.16914207,no,CLEANED:0,BCC_SQS,Al8Sn8
Al8Ta8,OK,0,0,0,static_OUTCAR,-126.2833627400,-126.2830397700,bcc,2.0,16,273.43273539,3.24528996,3.24528996,6.49057993,6.49057993,6.49057993,yes,CLEANED:0,BCC_SQS,Al8Ta8
Al8Tb8,OK,0,0,0,static_OUTCAR,-69.0177955400,-69.0179448100,bcc,2.0,16,382.64561765,3.62996345,3.62996345,7.25992690,7.25992690,7.25992690,yes,CLEANED:0,BCC_SQS,Al8Tb8
Al8Ti8,OK,0,0,0,static_OUTCAR,-96.2085543000,-96.2087859500,bcc,2.0,16,262.88804258,3.20302466,3.20302466,6.40604931,6.40604931,6.40604931,yes,CLEANED:0,BCC_SQS,Al8Ti8
Al8V8,OK,0,0,0,static_OUTCAR,-104.1749050300,-104.1737703200,bcc,2.0,16,229.69716321,3.06211771,3.06211771,6.12423542,6.12423542,6.12423542,yes,CLEANED:0,BCC_SQS,Al8V8
Al8W8,OK,0,0,0,static_OUTCAR,-132.4201253000,-132.4192614900,bcc,2.0,16,249.28990636,3.14681759,3.14681759,6.29363518,6.29363518,6.29363518,yes,CLEANED:0,BCC_SQS,Al8W8
Al8Y8,OK,0,0,0,static_OUTCAR,-83.9792653000,-83.9795501100,bcc,2.0,16,383.53747610,3.63278146,3.63278146,7.26556293,7.26556293,7.26556293,yes,CLEANED:0,BCC_SQS,Al8Y8
Al8Zn8,OK,0,0,0,static_OUTCAR,-37.0177342400,-37.0198041300,bcc,2.0,16,264.07050687,3.20781985,3.20781985,6.41563970,6.41563970,6.41563970,yes,CLEANED:0,BCC_SQS,Al8Zn8
Al8Zr8,OK,0,0,0,static_OUTCAR,-102.0831304600,-102.0831162100,bcc,2.0,16,316.21127995,3.40640115,3.40640115,6.81280229,6.81280229,6.81280229,yes,CLEANED:0,BCC_SQS,Al8Zr8
Au12Be4,OK,0,0,0,static_OUTCAR,-54.0080823000,-54.0082122300,bcc,2.0,16,261.31813101,3.19663600,3.19663600,6.39327199,6.39327199,6.39327199,yes,CLEANED:0,BCC_SQS,Au12Be4
Au12Ca4,OK,0,0,0,static_OUTCAR,-51.9580923200,-51.9578023300,bcc,2.0,16,325.74229194,3.44028736,3.44028736,6.88057473,6.88057473,6.88057473,yes,CLEANED:0,BCC_SQS,Au12Ca4
Au12Co4,OK,0,0,0,static_OUTCAR,-64.0587507200,-64.0572272700,bcc,2.0,16,266.20968196,3.21645851,3.21645851,6.43291701,6.43291701,6.43291701,yes,CLEANED:0,BCC_SQS,Au12Co4
Au12Cr4,OK,0,0,0,static_OUTCAR,-74.3070702900,-74.3043848700,bcc,2.0,16,281.74353261,3.27784180,3.27784180,6.55568361,6.55568361,6.55568361,yes,CLEANED:0,BCC_SQS,Au12Cr4
Au12Cu4,OK,0,0,0,static_OUTCAR,-53.3476202300,-53.3503594600,bcc,2.0,16,267.79379686,3.22282588,3.22282588,6.44565175,6.44565175,6.44565175,yes,CLEANED:0,BCC_SQS,Au12Cu4
Au12Dy4,OK,0,0,0,static_OUTCAR,-63.9671540500,-63.9672686900,bcc,2.0,16,325.78361049,3.44043282,3.44043282,6.88086564,6.88086564,6.88086564,yes,CLEANED:0,BCC_SQS,Au12Dy4
Au12Er4,OK,0,0,0,static_OUTCAR,-63.9110203900,-63.9106049000,bcc,2.0,16,321.79415078,3.42633156,3.42633156,6.85266311,6.85266311,6.85266311,yes,CLEANED:0,BCC_SQS,Au12Er4
Au12Fe4,OK,0,0,0,static_OUTCAR,-69.9273893300,-69.9260121400,bcc,2.0,16,268.99579939,3.22764060,3.22764060,6.45528121,6.45528121,6.45528121,yes,CLEANED:0,BCC_SQS,Au12Fe4
Au12Ge4,OK,0,0,0,static_OUTCAR,-55.4821218100,-55.4817039300,bcc,2.0,16,293.23339046,3.32180763,3.32180763,6.64361526,6.64361526,6.64361526,yes,CLEANED:0,BCC_SQS,Au12Ge4
Au12Hf4,OK,0,0,0,static_OUTCAR,-82.7415904900,-82.7423123800,bcc,2.0,16,300.23631405,3.34804339,3.34804339,6.69608678,6.69608678,6.69608678,yes,CLEANED:0,BCC_SQS,Au12Hf4
Au12Ir4,OK,0,0,0,static_OUTCAR,-69.2211717700,-69.2189762200,bcc,2.0,16,272.71972025,3.24246666,3.24246666,6.48493331,6.48493331,6.48493331,yes,CLEANED:0,BCC_SQS,Au12Ir4
Au12La4,OK,0,0,0,static_OUTCAR,-64.9542148200,-64.9542721900,bcc,2.0,16,354.46988708,3.53858626,3.53858626,7.07717252,7.07717252,7.07717252,yes,CLEANED:0,BCC_SQS,Au12La4
Au12Mg4,OK,0,0,0,static_OUTCAR,-49.2625884900,-49.2644269000,bcc,2.0,16,288.79375034,3.30495792,3.30495792,6.60991584,6.60991584,6.60991584,yes,CLEANED:0,BCC_SQS,Au12Mg4
Au12Mn4,OK,0,0,0,static_OUTCAR,-74.3829944200,-74.3822817700,bcc,2.0,16,278.13799205,3.26379928,3.26379928,6.52759857,6.52759857,6.52759857,yes,CLEANED:0,BCC_SQS,Au12Mn4
Au12Mo4,OK,0,0,0,static_OUTCAR,-79.4086660200,-79.4109580000,bcc,2.0,16,276.09200000,3.25577671,3.25577671,6.51155342,6.51155342,6.51155342,yes,CLEANED:0,BCC_SQS,Au12Mo4
Au12Nb4,OK,0,0,0,static_OUTCAR,-79.0690808200,-79.0682944200,bcc,2.0,16,288.01027389,3.30196651,3.30196651,6.60393302,6.60393302,6.60393302,yes,CLEANED:0,BCC_SQS,Au12Nb4
Au12Ni4,OK,0,0,0,static_OUTCAR,-58.9851761000,-58.9798195300,bcc,2.0,16,262.20351507,3.20024215,3.20024215,6.40048430,6.40048430,6.40048430,yes,CLEANED:0,BCC_SQS,Au12Ni4
Au12Os4,OK,0,0,0,static_OUTCAR,-76.6489909200,-76.6480856300,bcc,2.0,16,271.22315557,3.23652470,3.23652470,6.47304940,6.47304940,6.47304940,yes,CLEANED:0,BCC_SQS,Au12Os4
Au12Pb4,OK,0,0,0,static_OUTCAR,-52.1141459700,-52.1144757100,bcc,2.0,16,335.96000000,3.47588870,3.47588870,6.95177740,6.95177740,6.95177740,yes,CLEANED:0,BCC_SQS,Au12Pb4
Au12Pd4,OK,0,0,0,static_OUTCAR,-59.9888316000,-59.9884120200,bcc,2.0,16,277.55177957,3.26150471,3.26150471,6.52300942,6.52300942,6.52300942,yes,CLEANED:0,BCC_SQS,Au12Pd4
Au12Pt4,OK,0,0,0,static_OUTCAR,-62.0357262200,-62.0359228300,bcc,2.0,16,277.45912149,3.26114173,3.26114173,6.52228345,6.52228345,6.52228345,yes,CLEANED:0,BCC_SQS,Au12Pt4
Au12Re4,OK,0,0,0,static_OUTCAR,-82.7157578700,-82.7125371700,bcc,2.0,16,272.62026740,3.24207246,3.24207246,6.48414493,6.48414493,6.48414493,yes,CLEANED:0,BCC_SQS,Au12Re4
Au12Rh4,OK,0,0,0,static_OUTCAR,-65.1955816600,-65.1933948700,bcc,2.0,16,273.12332864,3.24406542,3.24406542,6.48813083,6.48813083,6.48813083,yes,CLEANED:0,BCC_SQS,Au12Rh4
Au12Ru4,OK,0,0,0,static_OUTCAR,-70.8439554400,-70.8421170800,bcc,2.0,16,271.32671886,3.23693659,3.23693659,6.47387318,6.47387318,6.47387318,yes,CLEANED:0,BCC_SQS,Au12Ru4
Au12Sc4,OK,0,0,0,static_OUTCAR,-70.3853888600,-70.3845066700,bcc,2.0,16,299.43740638,3.34507111,3.34507111,6.69014223,6.69014223,6.69014223,yes,CLEANED:0,BCC_SQS,Au12Sc4
Au12Si4,OK,0,0,0,static_OUTCAR,-59.3309170400,-59.3316464000,bcc,2.0,16,281.80777528,3.27809092,3.27809092,6.55618184,6.55618184,6.55618184,yes,CLEANED:0,BCC_SQS,Au12Si4
Au12Sn4,OK,0,0,0,static_OUTCAR,-53.9792770100,-53.9802908600,bcc,2.0,16,318.11768783,3.41323306,3.41323306,6.82646612,6.82646612,6.82646612,yes,CLEANED:0,BCC_SQS,Au12Sn4
Au12Ta4,OK,0,0,0,static_OUTCAR,-85.4561441400,-85.4555085400,bcc,2.0,16,286.38483603,3.29574304,3.29574304,6.59148608,6.59148608,6.59148608,yes,CLEANED:0,BCC_SQS,Au12Ta4
Au12Tb4,OK,0,0,0,static_OUTCAR,-64.0060772400,-64.0063579400,bcc,2.0,16,328.13952046,3.44870609,3.44870609,6.89741218,6.89741218,6.89741218,yes,CLEANED:0,BCC_SQS,Au12Tb4
Au12Ti4,OK,0,0,0,static_OUTCAR,-72.6013781500,-72.6038297700,bcc,2.0,16,281.47714868,3.27680843,3.27680843,6.55361686,6.55361686,6.55361686,yes,CLEANED:0,BCC_SQS,Au12Ti4
Au12V4,OK,0,0,0,static_OUTCAR,-73.5199969300,-73.5190913000,bcc,2.0,16,270.60235431,3.23405346,3.23405346,6.46810692,6.46810692,6.46810692,yes,CLEANED:0,BCC_SQS,Au12V4
Au12W4,OK,0,0,0,static_OUTCAR,-85.8680862500,-85.8695022000,bcc,2.0,16,276.90786639,3.25898055,3.25898055,6.51796110,6.51796110,6.51796110,yes,CLEANED:0,BCC_SQS,Au12W4
Au12Y4,OK,0,0,0,static_OUTCAR,-71.5313956600,-71.5316359000,bcc,2.0,16,326.90937557,3.44439114,3.44439114,6.88878227,6.88878227,6.88878227,yes,CLEANED:0,BCC_SQS,Au12Y4
Au12Zn4,OK,0,0,0,static_OUTCAR,-44.5129117700,-44.5141876300,bcc,2.0,16,277.99494618,3.26323967,3.26323967,6.52647933,6.52647933,6.52647933,yes,CLEANED:0,BCC_SQS,Au12Zn4
Au12Zr4,OK,0,0,0,static_OUTCAR,-77.1594675100,-77.1584783300,bcc,2.0,16,303.77893410,3.36116028,3.36116028,6.72232055,6.72232055,6.72232055,yes,CLEANED:0,BCC_SQS,Au12Zr4
Au4Be12,OK,0,0,0,static_OUTCAR,-57.1854636800,-57.1861087300,bcc,2.0,16,186.39450967,2.85615020,2.85615020,5.71230041,5.71230041,5.71230041,yes,CLEANED:0,BCC_SQS,Au4Be12
Au4Ca12,OK,0,0,0,static_OUTCAR,-41.7476980400,-41.7478786900,bcc,2.0,16,575.49200001,4.15894427,4.15894427,8.31788855,8.31788855,8.31788855,yes,CLEANED:0,BCC_SQS,Au4Ca12
Au4Co12,OK,0,0,0,static_OUTCAR,-93.7616511000,-93.7609738400,bcc,2.0,16,210.62159120,2.97489038,2.97489038,5.94978076,5.94978076,5.94978076,yes,CLEANED:0,BCC_SQS,Au4Co12
Au4Cr12,OK,0,0,0,static_OUTCAR,-121.8127711300,-121.8096612100,bcc,2.0,16,213.85436417,2.99003343,2.99003343,5.98006685,5.98006685,5.98006685,yes,CLEANED:0,BCC_SQS,Au4Cr12
Au4Cu12,OK,0,0,0,static_OUTCAR,-57.5064971000,-57.5088735800,bcc,2.0,16,219.48629225,3.01605418,3.01605418,6.03210835,6.03210835,6.03210835,yes,CLEANED:0,BCC_SQS,Au4Cu12
Au4Dy12,OK,0,0,0,static_OUTCAR,-71.9563075700,-71.9554575000,bcc,2.0,16,427.50520415,3.76660842,3.76660842,7.53321684,7.53321684,7.53321684,yes,CLEANED:0,BCC_SQS,Au4Dy12
Au4Er12,OK,0,0,0,static_OUTCAR,-71.4543832600,-71.4536292100,bcc,2.0,16,417.07098361,3.73571150,3.73571150,7.47142301,7.47142301,7.47142301,yes,CLEANED:0,BCC_SQS,Au4Er12
Au4Fe12,OK,0,0,0,static_OUTCAR,-110.1217473500,-110.1208091200,bcc,2.0,16,218.56500847,3.01182834,3.01182834,6.02365668,6.02365668,6.02365668,yes,CLEANED:0,BCC_SQS,Au4Fe12
Au4Ge12,OK,0,0,0,static_OUTCAR,-63.1255289600,-63.1248950300,bcc,2.0,16,306.14285125,3.36985628,3.36985628,6.73971255,6.73971255,6.73971255,yes,CLEANED:0,BCC_SQS,Au4Ge12
Au4Hf12,OK,0,0,0,static_OUTCAR,-134.5492444300,-134.5507779900,bcc,2.0,16,329.71332277,3.45421079,3.45421079,6.90842158,6.90842158,6.90842158,yes,CLEANED:0,BCC_SQS,Au4Hf12
Au4Ir12,OK,0,0,0,static_OUTCAR,-111.2930579800,-111.2918220700,bcc,2.0,16,249.69134041,3.14850580,3.14850580,6.29701160,6.29701160,6.29701160,yes,CLEANED:0,BCC_SQS,Au4Ir12
Au4La12,OK,0,0,0,static_OUTCAR,-76.1190899200,-76.1192598900,bcc,2.0,16,477.56839524,3.90824574,3.90824574,7.81649149,7.81649149,7.81649149,yes,CLEANED:0,BCC_SQS,Au4La12
Au4Mg12,OK,0,0,0,static_OUTCAR,-35.2563306800,-35.2564701500,bcc,2.0,16,314.62441072,3.40069338,3.40069338,6.80138676,6.80138676,6.80138676,yes,CLEANED:0,BCC_SQS,Au4Mg12
Au4Mn12,OK,0,0,0,static_OUTCAR,-116.8658882000,-116.8654292600,bcc,2.0,16,223.75818083,3.03549586,3.03549586,6.07099172,6.07099172,6.07099172,yes,CLEANED:0,BCC_SQS,Au4Mn12
Au4Mo12,OK,0,0,0,static_OUTCAR,-140.0796726500,-140.0789372200,bcc,2.0,16,260.51643542,3.19336367,3.19336367,6.38672734,6.38672734,6.38672734,yes,CLEANED:0,BCC_SQS,Au4Mo12
Au4Nb12,OK,0,0,0,static_OUTCAR,-134.5175131400,-134.5166203900,bcc,2.0,16,290.79174514,3.31256210,3.31256210,6.62512420,6.62512420,6.62512420,yes,CLEANED:0,BCC_SQS,Au4Nb12
Au4Ni12,OK,0,0,0,static_OUTCAR,-76.3903168400,-76.3895643400,bcc,2.0,16,206.54589512,2.95557642,2.95557642,5.91115285,5.91115285,5.91115285,yes,CLEANED:0,BCC_SQS,Au4Ni12
Au4Os12,OK,0,0,0,static_OUTCAR,-136.5507403200,-136.5497747400,bcc,2.0,16,247.08092863,3.13749527,3.13749527,6.27499053,6.27499053,6.27499053,yes,CLEANED:0,BCC_SQS,Au4Os12
Au4Pb12,OK,0,0,0,static_OUTCAR,-55.0775286600,-55.0785974200,bcc,2.0,16,468.45488232,3.88322535,3.88322535,7.76645070,7.76645070,7.76645070,no,CLEANED:0,BCC_SQS,Au4Pb12
Au4Pd12,OK,0,0,0,static_OUTCAR,-75.3635680000,-75.3678511300,bcc,2.0,16,257.01545231,3.17899430,3.17899430,6.35798860,6.35798860,6.35798860,yes,CLEANED:0,BCC_SQS,Au4Pd12
Au4Pt12,OK,0,0,0,static_OUTCAR,-84.1323080000,-84.1347752400,bcc,2.0,16,260.83616678,3.19466954,3.19466954,6.38933908,6.38933908,6.38933908,yes,CLEANED:0,BCC_SQS,Au4Pt12
Au4Re12,OK,0,0,0,static_OUTCAR,-155.0051711600,-155.0050905700,bcc,2.0,16,251.16229696,3.15467642,3.15467642,6.30935284,6.30935284,6.30935284,yes,CLEANED:0,BCC_SQS,Au4Re12
Au4Rh12,OK,0,0,0,static_OUTCAR,-94.7784108600,-94.7805120900,bcc,2.0,16,244.25736485,3.12549801,3.12549801,6.25099602,6.25099602,6.25099602,yes,CLEANED:0,BCC_SQS,Au4Rh12
Au4Ru12,OK,0,0,0,static_OUTCAR,-115.7942575400,-115.7933134400,bcc,2.0,16,241.18886521,3.11235472,3.11235472,6.22470945,6.22470945,6.22470945,yes,CLEANED:0,BCC_SQS,Au4Ru12
Au4Sc12,OK,0,0,0,static_OUTCAR,-92.6299144700,-92.6296050500,bcc,2.0,16,345.39606626,3.50813098,3.50813098,7.01626196,7.01626196,7.01626196,yes,CLEANED:0,BCC_SQS,Au4Sc12
Au4Si12,OK,0,0,0,static_OUTCAR,-72.8831313600,-72.8817702500,bcc,2.0,16,261.12576824,3.19585143,3.19585143,6.39170286,6.39170286,6.39170286,yes,CLEANED:0,BCC_SQS,Au4Si12
Au4Sn12,OK,0,0,0,static_OUTCAR,-58.5793153400,-58.5791039200,bcc,2.0,16,402.05148804,3.69031888,3.69031888,7.38063777,7.38063777,7.38063777,yes,CLEANED:0,BCC_SQS,Au4Sn12
Au4Ta12,OK,0,0,0,static_OUTCAR,-154.7626531500,-154.7624549300,bcc,2.0,16,288.92436093,3.30545608,3.30545608,6.61091217,6.61091217,6.61091217,yes,CLEANED:0,BCC_SQS,Au4Ta12
Au4Tb12,OK,0,0,0,static_OUTCAR,-72.2706621900,-72.2702290500,bcc,2.0,16,433.09735123,3.78296085,3.78296085,7.56592170,7.56592170,7.56592170,yes,CLEANED:0,BCC_SQS,Au4Tb12
Au4Ti12,OK,0,0,0,static_OUTCAR,-109.4776219200,-109.4794875200,bcc,2.0,16,270.55728500,3.23387390,3.23387390,6.46774781,6.46774781,6.46774781,yes,CLEANED:0,BCC_SQS,Au4Ti12
Au4V12,OK,0,0,0,static_OUTCAR,-120.8863269700,-120.8868784700,bcc,2.0,16,233.41163862,3.07853555,3.07853555,6.15707111,6.15707111,6.15707111,yes,CLEANED:0,BCC_SQS,Au4V12
Au4W12,OK,0,0,0,static_OUTCAR,-162.5885941500,-162.5881461300,bcc,2.0,16,262.71200000,3.20230953,3.20230953,6.40461906,6.40461906,6.40461906,yes,CLEANED:0,BCC_SQS,Au4W12
Au4Y12,OK,0,0,0,static_OUTCAR,-94.7163371900,-94.7139899500,bcc,2.0,16,435.82767769,3.79089370,3.79089370,7.58178740,7.58178740,7.58178740,yes,CLEANED:0,BCC_SQS,Au4Y12
Au4Zn12,OK,0,0,0,static_OUTCAR,-27.1924257200,-27.1913593300,bcc,2.0,16,254.31416925,3.16781777,3.16781777,6.33563553,6.33563553,6.33563553,yes,CLEANED:0,BCC_SQS,Au4Zn12
Au4Zr12,OK,0,0,0,static_OUTCAR,-118.5949272100,-118.5937224400,bcc,2.0,16,338.24096099,3.48373735,3.48373735,6.96747469,6.96747469,6.96747469,yes,CLEANED:0,BCC_SQS,Au4Zr12
Au8Au8,OK,0,0,0,static_OUTCAR,-51.2289035100,-51.2308094100,bcc,2.0,16,287.44483497,3.29980422,3.29980422,6.59960845,6.59960845,6.59960845,yes,CLEANED:0,BCC_SQS,Au8Au8
Au8Be8,OK,0,0,0,static_OUTCAR,-56.0127918200,-56.0127513400,bcc,2.0,16,228.18442577,3.05538075,3.05538075,6.11076149,6.11076149,6.11076149,yes,CLEANED:0,BCC_SQS,Au8Be8
Au8Ca8,OK,0,0,0,static_OUTCAR,-48.5403074600,-48.5407526200,bcc,2.0,16,391.55084128,3.65790755,3.65790755,7.31581510,7.31581510,7.31581510,yes,CLEANED:0,BCC_SQS,Au8Ca8
Au8Co8,OK,0,0,0,static_OUTCAR,-78.1324524600,-78.1314313700,bcc,2.0,16,240.16004271,3.10792303,3.10792303,6.21584607,6.21584607,6.21584607,yes,CLEANED:0,BCC_SQS,Au8Co8
Au8Cr8,OK,0,0,0,static_OUTCAR,-98.1760683100,-98.1767923900,bcc,2.0,16,263.37072394,3.20498379,3.20498379,6.40996757,6.40996757,6.40996757,yes,CLEANED:0,BCC_SQS,Au8Cr8
Au8Cu8,OK,0,0,0,static_OUTCAR,-55.5607779000,-55.5628366700,bcc,2.0,16,245.06143133,3.12892384,3.12892384,6.25784769,6.25784769,6.25784769,yes,CLEANED:0,BCC_SQS,Au8Cu8
Au8Dy8,OK,0,0,0,static_OUTCAR,-70.1096151700,-70.1095927800,bcc,2.0,16,370.01147895,3.58956430,3.58956430,7.17912859,7.17912859,7.17912859,yes,CLEANED:0,BCC_SQS,Au8Dy8
Au8Er8,OK,0,0,0,static_OUTCAR,-70.0136260200,-70.0122878000,bcc,2.0,16,362.77288691,3.56600224,3.56600224,7.13200448,7.13200448,7.13200448,yes,CLEANED:0,BCC_SQS,Au8Er8
Au8Fe8,OK,0,0,0,static_OUTCAR,-89.3454032000,-89.3458294000,bcc,2.0,16,245.20977305,3.12955506,3.12955506,6.25911011,6.25911011,6.25911011,yes,CLEANED:0,BCC_SQS,Au8Fe8
Au8Ge8,OK,0,0,0,static_OUTCAR,-59.6229087700,-59.6230187400,bcc,2.0,16,300.61944203,3.34946692,3.34946692,6.69893383,6.69893383,6.69893383,no,CLEANED:0,BCC_SQS,Au8Ge8
Au8Hf8,OK,0,0,0,static_OUTCAR,-109.7913420500,-109.7908117100,bcc,2.0,16,312.87952157,3.39439504,3.39439504,6.78879008,6.78879008,6.78879008,yes,CLEANED:0,BCC_SQS,Au8Hf8
Au8Ir8,OK,0,0,0,static_OUTCAR,-89.6415000900,-89.6428216300,bcc,2.0,16,260.22182425,3.19215945,3.19215945,6.38431890,6.38431890,6.38431890,yes,CLEANED:0,BCC_SQS,Au8Ir8
Au8La8,OK,0,0,0,static_OUTCAR,-72.1538971700,-72.1531539700,bcc,2.0,16,412.38378422,3.72166431,3.72166431,7.44332862,7.44332862,7.44332862,yes,CLEANED:0,BCC_SQS,Au8La8
Au8Mg8,OK,0,0,0,static_OUTCAR,-44.1107626600,-44.1103917500,bcc,2.0,16,294.50224292,3.32659201,3.32659201,6.65318402,6.65318402,6.65318402,yes,CLEANED:0,BCC_SQS,Au8Mg8
Au8Mn8,OK,0,0,0,static_OUTCAR,-95.8362748300,-95.8345217000,bcc,2.0,16,264.81221869,3.21082038,3.21082038,6.42164076,6.42164076,6.42164076,yes,CLEANED:0,BCC_SQS,Au8Mn8
Au8Mo8,OK,0,0,0,static_OUTCAR,-108.6840244700,-108.6846763200,bcc,2.0,16,267.19017274,3.22040257,3.22040257,6.44080514,6.44080514,6.44080514,no,CLEANED:0,BCC_SQS,Au8Mo8
Au8Nb8,OK,0,0,0,static_OUTCAR,-106.8880812000,-106.8903596000,bcc,2.0,16,288.68377814,3.30453836,3.30453836,6.60907672,6.60907672,6.60907672,yes,CLEANED:0,BCC_SQS,Au8Nb8
Au8Ni8,OK,0,0,0,static_OUTCAR,-67.2793486500,-67.2795616900,bcc,2.0,16,235.77303066,3.08888244,3.08888244,6.17776488,6.17776488,6.17776488,no,CLEANED:0,BCC_SQS,Au8Ni8
Au8Os8,OK,0,0,0,static_OUTCAR,-105.8773947800,-105.8776401900,bcc,2.0,16,257.92666414,3.18274676,3.18274676,6.36549352,6.36549352,6.36549352,yes,CLEANED:0,BCC_SQS,Au8Os8
Au8Pb8,OK,0,0,0,static_OUTCAR,-53.3783569500,-53.3785744300,bcc,2.0,16,399.60925075,3.68283150,3.68283150,7.36566299,7.36566299,7.36566299,no,CLEANED:0,BCC_SQS,Au8Pb8
Au8Pd8,OK,0,0,0,static_OUTCAR,-67.8456873300,-67.8474235900,bcc,2.0,16,267.40670364,3.22127227,3.22127227,6.44254455,6.44254455,6.44254455,yes,CLEANED:0,BCC_SQS,Au8Pd8
Au8Pt8,OK,0,0,0,static_OUTCAR,-72.8122559900,-72.8124777700,bcc,2.0,16,268.96673588,3.22752436,3.22752436,6.45504872,6.45504872,6.45504872,yes,CLEANED:0,BCC_SQS,Au8Pt8
Au8Re8,OK,0,0,0,static_OUTCAR,-117.5038801000,-117.5037606100,bcc,2.0,16,260.33511410,3.19262263,3.19262263,6.38524526,6.38524526,6.38524526,no,CLEANED:0,BCC_SQS,Au8Re8
Au8Rh8,OK,0,0,0,static_OUTCAR,-79.8205179100,-79.8213110200,bcc,2.0,16,258.32785686,3.18439611,3.18439611,6.36879222,6.36879222,6.36879222,yes,CLEANED:0,BCC_SQS,Au8Rh8
Au8Ru8,OK,0,0,0,static_OUTCAR,-92.8535795100,-92.8534755200,bcc,2.0,16,255.47200001,3.17261793,3.17261793,6.34523585,6.34523585,6.34523585,yes,CLEANED:0,BCC_SQS,Au8Ru8
Au8Sc8,OK,0,0,0,static_OUTCAR,-83.8770753100,-83.8752088600,bcc,2.0,16,341.33599999,3.49433096,3.49433096,6.98866192,6.98866192,6.98866192,yes,CLEANED:0,BCC_SQS,Au8Sc8
Au8Si8,OK,0,0,0,static_OUTCAR,-65.6752776900,-65.6749816200,bcc,2.0,16,260.96000000,3.19517502,3.19517502,6.39035004,6.39035004,6.39035004,no,CLEANED:0,BCC_SQS,Au8Si8
Au8Sn8,OK,0,0,0,static_OUTCAR,-56.6276850000,-56.6278712800,bcc,2.0,16,359.04664210,3.55375072,3.55375072,7.10750144,7.10750144,7.10750144,yes,CLEANED:0,BCC_SQS,Au8Sn8
Au8Ta8,OK,0,0,0,static_OUTCAR,-119.8976376400,-119.8984229200,bcc,2.0,16,286.59214855,3.29653811,3.29653811,6.59307621,6.59307621,6.59307621,yes,CLEANED:0,BCC_SQS,Au8Ta8
Au8Tb8,OK,0,0,0,static_OUTCAR,-70.1859118900,-70.1864067900,bcc,2.0,16,373.70790395,3.60147799,3.60147799,7.20295599,7.20295599,7.20295599,yes,CLEANED:0,BCC_SQS,Au8Tb8
Au8Ti8,OK,0,0,0,static_OUTCAR,-92.3997061400,-92.4004426000,bcc,2.0,16,275.10544189,3.25189413,3.25189413,6.50378826,6.50378826,6.50378826,yes,CLEANED:0,BCC_SQS,Au8Ti8
Au8V8,OK,0,0,0,static_OUTCAR,-96.6072214700,-96.6090381600,bcc,2.0,16,256.98188817,3.17885591,3.17885591,6.35771182,6.35771182,6.35771182,yes,CLEANED:0,BCC_SQS,Au8V8
Au8W8,OK,0,0,0,static_OUTCAR,-122.6187167000,-122.6171585300,bcc,2.0,16,268.85765978,3.22708800,3.22708800,6.45417601,6.45417601,6.45417601,yes,CLEANED:0,BCC_SQS,Au8W8
Au8Y8,OK,0,0,0,static_OUTCAR,-85.2493857500,-85.2486799300,bcc,2.0,16,373.28803885,3.60012872,3.60012872,7.20025744,7.20025744,7.20025744,yes,CLEANED:0,BCC_SQS,Au8Y8
Au8Zn8,OK,0,0,0,static_OUTCAR,-36.7503945300,-36.7512510400,bcc,2.0,16,268.31200000,3.22490335,3.22490335,6.44980670,6.44980670,6.44980670,yes,CLEANED:0,BCC_SQS,Au8Zn8
Au8Zr8,OK,0,0,0,static_OUTCAR,-99.3824011900,-99.3828209200,bcc,2.0,16,319.13090015,3.41685296,3.41685296,6.83370592,6.83370592,6.83370592,yes,CLEANED:0,BCC_SQS,Au8Zr8
Be12Ca4,OK,0,0,0,static_OUTCAR,-44.6981838700,-44.6973499400,bcc,2.0,16,229.67544243,3.06202119,3.06202119,6.12404238,6.12404238,6.12404238,yes,CLEANED:0,BCC_SQS,Be12Ca4
Be12Co4,OK,0,0,0,static_OUTCAR,-75.3432181400,-75.3428446900,bcc,2.0,16,136.50867101,2.57448333,2.57448333,5.14896666,5.14896666,5.14896666,yes,CLEANED:0,BCC_SQS,Be12Co4
Be12Cr4,OK,0,0,0,static_OUTCAR,-81.9842434700,-81.9847290500,bcc,2.0,16,147.05882126,2.63916797,2.63916797,5.27833593,5.27833593,5.27833593,yes,CLEANED:0,BCC_SQS,Be12Cr4
Be12Cu4,OK,0,0,0,static_OUTCAR,-60.4339021200,-60.4351252900,bcc,2.0,16,144.92821889,2.62636041,2.62636041,5.25272081,5.25272081,5.25272081,yes,CLEANED:0,BCC_SQS,Be12Cu4
Be12Dy4,OK,0,0,0,static_OUTCAR,-57.5824961300,-57.5833164800,bcc,2.0,16,234.02892997,3.08124704,3.08124704,6.16249409,6.16249409,6.16249409,yes,CLEANED:0,BCC_SQS,Be12Dy4
Be12Er4,OK,0,0,0,static_OUTCAR,-57.5810730100,-57.5825340500,bcc,2.0,16,229.34262415,3.06054143,3.06054143,6.12108287,6.12108287,6.12108287,yes,CLEANED:0,BCC_SQS,Be12Er4
Be12Fe4,OK,0,0,0,static_OUTCAR,-79.2097294400,-79.2093622400,bcc,2.0,16,139.43927924,2.59277630,2.59277630,5.18555259,5.18555259,5.18555259,yes,CLEANED:0,BCC_SQS,Be12Fe4
Be12Ge4,OK,0,0,0,static_OUTCAR,-55.5262273000,-55.5266360100,bcc,2.0,16,184.17074012,2.84474635,2.84474635,5.68949270,5.68949270,5.68949270,yes,CLEANED:0,BCC_SQS,Be12Ge4
Be12Hf4,OK,0,0,0,static_OUTCAR,-80.7897257600,-80.7906209600,bcc,2.0,16,207.88798336,2.96196416,2.96196416,5.92392833,5.92392833,5.92392833,yes,CLEANED:0,BCC_SQS,Be12Hf4
Be12Ir4,OK,0,0,0,static_OUTCAR,-83.8082946000,-83.8090848800,bcc,2.0,16,169.98708976,2.76975901,2.76975901,5.53951802,5.53951802,5.53951802,yes,CLEANED:0,BCC_SQS,Be12Ir4
Be12La4,OK,0,0,0,static_OUTCAR,-57.8805317900,-57.8819230700,bcc,2.0,16,267.07843246,3.21995358,3.21995358,6.43990716,6.43990716,6.43990716,yes,CLEANED:0,BCC_SQS,Be12La4
Be12Mg4,OK,0,0,0,static_OUTCAR,-45.0058537500,-45.0054515500,bcc,2.0,16,181.54639353,2.83116956,2.83116956,5.66233911,5.66233911,5.66233911,yes,CLEANED:0,BCC_SQS,Be12Mg4
Be12Mn4,OK,0,0,0,static_OUTCAR,-81.6386040800,-81.6388057400,bcc,2.0,16,141.53552384,2.60570446,2.60570446,5.21140892,5.21140892,5.21140892,yes,CLEANED:0,BCC_SQS,Be12Mn4
Be12Mo4,OK,0,0,0,static_OUTCAR,-86.3044636200,-86.3041092100,bcc,2.0,16,176.41915375,2.80426197,2.80426197,5.60852394,5.60852394,5.60852394,yes,CLEANED:0,BCC_SQS,Be12Mo4
Be12Nb4,OK,0,0,0,static_OUTCAR,-82.2168793900,-82.2176448500,bcc,2.0,16,192.70898773,2.88804526,2.88804526,5.77609051,5.77609051,5.77609051,yes,CLEANED:0,BCC_SQS,Be12Nb4
Be12Ni4,OK,0,0,0,static_OUTCAR,-70.0810143400,-70.0813542300,bcc,2.0,16,138.48548599,2.58685106,2.58685106,5.17370211,5.17370211,5.17370211,yes,CLEANED:0,BCC_SQS,Be12Ni4
Be12Os4,OK,0,0,0,static_OUTCAR,-89.7178899200,-89.7185176300,bcc,2.0,16,169.74159766,2.76842502,2.76842502,5.53685005,5.53685005,5.53685005,yes,CLEANED:0,BCC_SQS,Be12Os4
Be12Pb4,OK,0,0,0,static_OUTCAR,-47.7827186400,-47.7815491700,bcc,2.0,16,259.22435646,3.18807556,3.18807556,6.37615112,6.37615112,6.37615112,yes,CLEANED:0,BCC_SQS,Be12Pb4
Be12Pd4,OK,0,0,0,static_OUTCAR,-69.1184974500,-69.1180902200,bcc,2.0,16,159.12400000,2.70945474,2.70945474,5.41890947,5.41890947,5.41890947,yes,CLEANED:0,BCC_SQS,Be12Pd4
Be12Pt4,OK,0,0,0,static_OUTCAR,-73.9418419800,-73.9413357700,bcc,2.0,16,175.89234880,2.80146792,2.80146792,5.60293584,5.60293584,5.60293584,yes,CLEANED:0,BCC_SQS,Be12Pt4
Be12Re4,OK,0,0,0,static_OUTCAR,-93.4733548800,-93.4741332600,bcc,2.0,16,173.03915381,2.78623749,2.78623749,5.57247498,5.57247498,5.57247498,yes,CLEANED:0,BCC_SQS,Be12Re4
Be12Rh4,OK,0,0,0,static_OUTCAR,-77.7928999200,-77.7923125600,bcc,2.0,16,164.33100597,2.73869189,2.73869189,5.47738378,5.47738378,5.47738378,yes,CLEANED:0,BCC_SQS,Be12Rh4
Be12Ru4,OK,0,0,0,static_OUTCAR,-82.9750256200,-82.9743544200,bcc,2.0,16,163.76458948,2.73554169,2.73554169,5.47108338,5.47108338,5.47108338,yes,CLEANED:0,BCC_SQS,Be12Ru4
Be12Sc4,OK,0,0,0,static_OUTCAR,-66.3068682300,-66.3092962700,bcc,2.0,16,199.34548961,2.92082459,2.92082459,5.84164917,5.84164917,5.84164917,yes,CLEANED:0,BCC_SQS,Be12Sc4
Be12Si4,OK,0,0,0,static_OUTCAR,-60.0311507700,-60.0301426500,bcc,2.0,16,161.26379272,2.72154568,2.72154568,5.44309135,5.44309135,5.44309135,yes,CLEANED:0,BCC_SQS,Be12Si4
Be12Sn4,OK,0,0,0,static_OUTCAR,-50.3951674700,-50.3969004300,bcc,2.0,16,232.24200956,3.07338474,3.07338474,6.14676949,6.14676949,6.14676949,yes,CLEANED:0,BCC_SQS,Be12Sn4
Be12Ta4,OK,0,0,0,static_OUTCAR,-88.5028438600,-88.5040426500,bcc,2.0,16,193.99284715,2.89444461,2.89444461,5.78888922,5.78888922,5.78888922,yes,CLEANED:0,BCC_SQS,Be12Ta4
Be12Tb4,OK,0,0,0,static_OUTCAR,-57.5894412700,-57.5902717600,bcc,2.0,16,236.58662704,3.09243136,3.09243136,6.18486272,6.18486272,6.18486272,yes,CLEANED:0,BCC_SQS,Be12Tb4
Be12Ti4,OK,0,0,0,static_OUTCAR,-74.1224606300,-74.1212191200,bcc,2.0,16,175.75777409,2.80075327,2.80075327,5.60150655,5.60150655,5.60150655,yes,CLEANED:0,BCC_SQS,Be12Ti4
Be12V4,OK,0,0,0,static_OUTCAR,-79.3501205400,-79.3506310400,bcc,2.0,16,159.21026807,2.70994429,2.70994429,5.41988857,5.41988857,5.41988857,yes,CLEANED:0,BCC_SQS,Be12V4
Be12W4,OK,0,0,0,static_OUTCAR,-93.1922844400,-93.1907501900,bcc,2.0,16,181.11727790,2.82893715,2.82893715,5.65787429,5.65787429,5.65787429,yes,CLEANED:0,BCC_SQS,Be12W4
Be12Y4,OK,0,0,0,static_OUTCAR,-65.6771600300,-65.6775737900,bcc,2.0,16,234.79202470,3.08459240,3.08459240,6.16918481,6.16918481,6.16918481,yes,CLEANED:0,BCC_SQS,Be12Y4
Be12Zn4,OK,0,0,0,static_OUTCAR,-45.9084975500,-45.9074492600,bcc,2.0,16,157.24080189,2.69872369,2.69872369,5.39744737,5.39744737,5.39744737,yes,CLEANED:0,BCC_SQS,Be12Zn4
Be12Zr4,OK,0,0,0,static_OUTCAR,-75.5946218300,-75.5946954400,bcc,2.0,16,210.18408811,2.97282914,2.97282914,5.94565828,5.94565828,5.94565828,yes,CLEANED:0,BCC_SQS,Be12Zr4
Be4Ca12,OK,0,0,0,static_OUTCAR,-32.8386396800,-32.8411151400,bcc,2.0,16,516.68892477,4.01217365,4.01217365,8.02434731,8.02434731,8.02434731,yes,CLEANED:0,BCC_SQS,Be4Ca12
Be4Co12,OK,0,0,0,static_OUTCAR,-100.0795204800,-100.0791749100,bcc,2.0,16,164.04246866,2.73708806,2.73708806,5.47417612,5.47417612,5.47417612,yes,CLEANED:0,BCC_SQS,Be4Co12
Be4Cr12,OK,0,0,0,static_OUTCAR,-128.1251137500,-128.1249003100,bcc,2.0,16,174.10734045,2.79195897,2.79195897,5.58391794,5.58391794,5.58391794,yes,CLEANED:0,BCC_SQS,Be4Cr12
Be4Cu12,OK,0,0,0,static_OUTCAR,-59.8247119100,-59.8255167300,bcc,2.0,16,176.29354566,2.80359628,2.80359628,5.60719256,5.60719256,5.60719256,yes,CLEANED:0,BCC_SQS,Be4Cu12
Be4Dy12,OK,0,0,0,static_OUTCAR,-65.8768802400,-65.8766081300,bcc,2.0,16,420.64704676,3.74635808,3.74635808,7.49271617,7.49271617,7.49271617,yes,CLEANED:0,BCC_SQS,Be4Dy12
Be4Er12,OK,0,0,0,static_OUTCAR,-65.3788097000,-65.3791793100,bcc,2.0,16,409.45228707,3.71282464,3.71282464,7.42564929,7.42564929,7.42564929,yes,CLEANED:0,BCC_SQS,Be4Er12
Be4Fe12,OK,0,0,0,static_OUTCAR,-114.7089193500,-114.7081125200,bcc,2.0,16,168.50935668,2.76170961,2.76170961,5.52341922,5.52341922,5.52341922,yes,CLEANED:0,BCC_SQS,Be4Fe12
Be4Ge12,OK,0,0,0,static_OUTCAR,-62.0915621700,-62.0916943400,bcc,2.0,16,271.91382856,3.23926965,3.23926965,6.47853931,6.47853931,6.47853931,yes,CLEANED:0,BCC_SQS,Be4Ge12
Be4Hf12,OK,0,0,0,static_OUTCAR,-131.3286012500,-131.3300929500,bcc,2.0,16,313.51238008,3.39668210,3.39668210,6.79336420,6.79336420,6.79336420,yes,CLEANED:0,BCC_SQS,Be4Hf12
Be4Ir12,OK,0,0,0,static_OUTCAR,-119.7083620400,-119.7067172900,bcc,2.0,16,222.74996802,3.03092987,3.03092987,6.06185974,6.06185974,6.06185974,yes,CLEANED:0,BCC_SQS,Be4Ir12
Be4La12,OK,0,0,0,static_OUTCAR,-69.8872257600,-69.8881034300,bcc,2.0,16,471.52797385,3.89169825,3.89169825,7.78339649,7.78339649,7.78339649,yes,CLEANED:0,BCC_SQS,Be4La12
Be4Mg12,OK,0,0,0,static_OUTCAR,-28.7533793100,-28.7519755400,bcc,2.0,16,301.68865081,3.35343322,3.35343322,6.70686644,6.70686644,6.70686644,yes,CLEANED:0,BCC_SQS,Be4Mg12
Be4Mn12,OK,0,0,0,static_OUTCAR,-123.3219911900,-123.3216193800,bcc,2.0,16,163.15616918,2.73214978,2.73214978,5.46429956,5.46429956,5.46429956,yes,CLEANED:0,BCC_SQS,Be4Mn12
Be4Mo12,OK,0,0,0,static_OUTCAR,-143.5589664900,-143.5583635700,bcc,2.0,16,232.36444880,3.07392475,3.07392475,6.14784950,6.14784950,6.14784950,yes,CLEANED:0,BCC_SQS,Be4Mo12
Be4Nb12,OK,0,0,0,static_OUTCAR,-133.2086879900,-133.2087264300,bcc,2.0,16,267.45210790,3.22145458,3.22145458,6.44290916,6.44290916,6.44290916,yes,CLEANED:0,BCC_SQS,Be4Nb12
Be4Ni12,OK,0,0,0,static_OUTCAR,-82.7313128000,-82.7284579900,bcc,2.0,16,161.73097305,2.72417124,2.72417124,5.44834249,5.44834249,5.44834249,yes,CLEANED:0,BCC_SQS,Be4Ni12
Be4Os12,OK,0,0,0,static_OUTCAR,-145.1121093700,-145.1109620100,bcc,2.0,16,219.33574169,3.01536443,3.01536443,6.03072885,6.03072885,6.03072885,yes,CLEANED:0,BCC_SQS,Be4Os12
Be4Pb12,OK,0,0,0,static_OUTCAR,-51.3657133600,-51.3667968400,bcc,2.0,16,447.52056336,3.82449710,3.82449710,7.64899421,7.64899421,7.64899421,no,CLEANED:0,BCC_SQS,Be4Pb12
Be4Pd12,OK,0,0,0,static_OUTCAR,-80.9318463000,-80.9311868500,bcc,2.0,16,226.22250509,3.04659885,3.04659885,6.09319769,6.09319769,6.09319769,yes,CLEANED:0,BCC_SQS,Be4Pd12
Be4Pt12,OK,0,0,0,static_OUTCAR,-91.2182109200,-91.2169411500,bcc,2.0,16,234.48500578,3.08324732,3.08324732,6.16649465,6.16649465,6.16649465,yes,CLEANED:0,BCC_SQS,Be4Pt12
Be4Re12,OK,0,0,0,static_OUTCAR,-162.1453613000,-162.1439613200,bcc,2.0,16,223.85622366,3.03593915,3.03593915,6.07187829,6.07187829,6.07187829,yes,CLEANED:0,BCC_SQS,Be4Re12
Be4Rh12,OK,0,0,0,static_OUTCAR,-102.5685055600,-102.5681390000,bcc,2.0,16,213.62257021,2.98895275,2.98895275,5.97790550,5.97790550,5.97790550,yes,CLEANED:0,BCC_SQS,Be4Rh12
Be4Ru12,OK,0,0,0,static_OUTCAR,-123.2451749400,-123.2432010400,bcc,2.0,16,209.78622213,2.97095216,2.97095216,5.94190432,5.94190432,5.94190432,yes,CLEANED:0,BCC_SQS,Be4Ru12
Be4Sc12,OK,0,0,0,static_OUTCAR,-87.4416203900,-87.4422730800,bcc,2.0,16,332.45785229,3.46376859,3.46376859,6.92753717,6.92753717,6.92753717,yes,CLEANED:0,BCC_SQS,Be4Sc12
Be4Si12,OK,0,0,0,static_OUTCAR,-72.3139031500,-72.3146759400,bcc,2.0,16,212.30712626,2.98280499,2.98280499,5.96560999,5.96560999,5.96560999,yes,CLEANED:0,BCC_SQS,Be4Si12
Be4Sn12,OK,0,0,0,static_OUTCAR,-56.1795022000,-56.1809501800,bcc,2.0,16,384.81502248,3.63681054,3.63681054,7.27362108,7.27362108,7.27362108,yes,CLEANED:0,BCC_SQS,Be4Sn12
Be4Ta12,OK,0,0,0,static_OUTCAR,-153.5947011700,-153.5967241600,bcc,2.0,16,267.81539232,3.22291251,3.22291251,6.44582501,6.44582501,6.44582501,yes,CLEANED:0,BCC_SQS,Be4Ta12
Be4Tb12,OK,0,0,0,static_OUTCAR,-66.1813524500,-66.1809498200,bcc,2.0,16,426.20275288,3.76277937,3.76277937,7.52555874,7.52555874,7.52555874,yes,CLEANED:0,BCC_SQS,Be4Tb12
Be4Ti12,OK,0,0,0,static_OUTCAR,-107.3673008500,-107.3663669400,bcc,2.0,16,236.68400000,3.09285556,3.09285556,6.18571111,6.18571111,6.18571111,yes,CLEANED:0,BCC_SQS,Be4Ti12
Be4V12,OK,0,0,0,static_OUTCAR,-121.7590294100,-121.7600523300,bcc,2.0,16,200.02872667,2.92415773,2.92415773,5.84831545,5.84831545,5.84831545,yes,CLEANED:0,BCC_SQS,Be4V12
Be4W12,OK,0,0,0,static_OUTCAR,-166.6943264400,-166.6930032700,bcc,2.0,16,239.44267267,3.10482544,3.10482544,6.20965088,6.20965088,6.20965088,yes,CLEANED:0,BCC_SQS,Be4W12
Be4Y12,OK,0,0,0,static_OUTCAR,-88.4969606400,-88.4968432800,bcc,2.0,16,430.19967564,3.77450522,3.77450522,7.54901044,7.54901044,7.54901044,yes,CLEANED:0,BCC_SQS,Be4Y12
Be4Zn12,OK,0,0,0,static_OUTCAR,-25.1904688300,-25.1912823600,bcc,2.0,16,218.32763863,3.01073763,3.01073763,6.02147525,6.02147525,6.02147525,yes,CLEANED:0,BCC_SQS,Be4Zn12
Be4Zr12,OK,0,0,0,static_OUTCAR,-115.1196745500,-115.1193073300,bcc,2.0,16,321.56197147,3.42550731,3.42550731,6.85101462,6.85101462,6.85101462,yes,CLEANED:0,BCC_SQS,Be4Zr12
Be8Be8,OK,0,0,0,static_OUTCAR,-58.7299515800,-58.7305729600,bcc,2.0,16,125.48213731,2.50321013,2.50321013,5.00642025,5.00642025,5.00642025,yes,CLEANED:0,BCC_SQS,Be8Be8
Be8Ca8,OK,0,0,0,static_OUTCAR,-37.5316714700,-37.5316473200,bcc,2.0,16,359.78935338,3.55619942,3.55619942,7.11239884,7.11239884,7.11239884,yes,CLEANED:0,BCC_SQS,Be8Ca8
Be8Co8,OK,0,0,0,static_OUTCAR,-88.1943468400,-88.1950307000,bcc,2.0,16,149.78262846,2.65536252,2.65536252,5.31072503,5.31072503,5.31072503,yes,CLEANED:0,BCC_SQS,Be8Co8
Be8Cr8,OK,0,0,0,static_OUTCAR,-105.0028001200,-105.0028436300,bcc,2.0,16,161.50899322,2.72292434,2.72292434,5.44584868,5.44584868,5.44584868,yes,CLEANED:0,BCC_SQS,Be8Cr8
Be8Cu8,OK,0,0,0,static_OUTCAR,-60.1930876500,-60.1928677700,bcc,2.0,16,161.32251988,2.72187600,2.72187600,5.44375201,5.44375201,5.44375201,yes,CLEANED:0,BCC_SQS,Be8Cu8
Be8Dy8,OK,0,0,0,static_OUTCAR,-60.7653750900,-60.7649819600,bcc,2.0,16,326.84171854,3.44415350,3.44415350,6.88830701,6.88830701,6.88830701,yes,CLEANED:0,BCC_SQS,Be8Dy8
Be8Er8,OK,0,0,0,static_OUTCAR,-60.5293031600,-60.5292544100,bcc,2.0,16,320.03269589,3.42006837,3.42006837,6.84013673,6.84013673,6.84013673,yes,CLEANED:0,BCC_SQS,Be8Er8
Be8Fe8,OK,0,0,0,static_OUTCAR,-97.3280615800,-97.3284851300,bcc,2.0,16,153.64451978,2.67799048,2.67799048,5.35598096,5.35598096,5.35598096,yes,CLEANED:0,BCC_SQS,Be8Fe8
Be8Ge8,OK,0,0,0,static_OUTCAR,-59.6408844600,-59.6405017400,bcc,2.0,16,231.77186500,3.07130945,3.07130945,6.14261890,6.14261890,6.14261890,no,CLEANED:0,BCC_SQS,Be8Ge8
Be8Hf8,OK,0,0,0,static_OUTCAR,-105.6391784600,-105.6390974700,bcc,2.0,16,263.76063861,3.20656464,3.20656464,6.41312929,6.41312929,6.41312929,yes,CLEANED:0,BCC_SQS,Be8Hf8
Be8Ir8,OK,0,0,0,static_OUTCAR,-104.1276367600,-104.1270712700,bcc,2.0,16,198.32775785,2.91584548,2.91584548,5.83169095,5.83169095,5.83169095,yes,CLEANED:0,BCC_SQS,Be8Ir8
Be8La8,OK,0,0,0,static_OUTCAR,-63.2118018000,-63.2116522500,bcc,2.0,16,367.00073353,3.57980180,3.57980180,7.15960359,7.15960359,7.15960359,yes,CLEANED:0,BCC_SQS,Be8La8
Be8Mg8,OK,0,0,0,static_OUTCAR,-36.5584715300,-36.5589757300,bcc,2.0,16,240.71808917,3.11032841,3.11032841,6.22065681,6.22065681,6.22065681,yes,CLEANED:0,BCC_SQS,Be8Mg8
Be8Mn8,OK,0,0,0,static_OUTCAR,-102.8612532600,-102.8610227700,bcc,2.0,16,154.54874499,2.68323369,2.68323369,5.36646738,5.36646738,5.36646738,yes,CLEANED:0,BCC_SQS,Be8Mn8
Be8Mo8,OK,0,0,0,static_OUTCAR,-114.6626300800,-114.6617773900,bcc,2.0,16,206.91919408,2.95735593,2.95735593,5.91471186,5.91471186,5.91471186,yes,CLEANED:0,BCC_SQS,Be8Mo8
Be8Nb8,OK,0,0,0,static_OUTCAR,-107.9697655500,-107.9692668600,bcc,2.0,16,232.67330764,3.07528610,3.07528610,6.15057220,6.15057220,6.15057220,yes,CLEANED:0,BCC_SQS,Be8Nb8
Be8Ni8,OK,0,0,0,static_OUTCAR,-77.7382114300,-77.7375558800,bcc,2.0,16,150.10371195,2.65725856,2.65725856,5.31451712,5.31451712,5.31451712,yes,CLEANED:0,BCC_SQS,Be8Ni8
Be8Os8,OK,0,0,0,static_OUTCAR,-118.0936796300,-118.0925439700,bcc,2.0,16,196.75617307,2.90812315,2.90812315,5.81624630,5.81624630,5.81624630,yes,CLEANED:0,BCC_SQS,Be8Os8
Be8Pb8,OK,0,0,0,static_OUTCAR,-49.4652106100,-49.4653926900,bcc,2.0,16,361.46303996,3.56170520,3.56170520,7.12341039,7.12341039,7.12341039,no,CLEANED:0,BCC_SQS,Be8Pb8
Be8Pd8,OK,0,0,0,static_OUTCAR,-76.1150744600,-76.1153042200,bcc,2.0,16,200.38141870,2.92587535,2.92587535,5.85175070,5.85175070,5.85175070,yes,CLEANED:0,BCC_SQS,Be8Pd8
Be8Pt8,OK,0,0,0,static_OUTCAR,-84.3818813100,-84.3817441500,bcc,2.0,16,186.59200000,2.85715857,2.85715857,5.71431714,5.71431714,5.71431714,yes,CLEANED:0,BCC_SQS,Be8Pt8
Be8Re8,OK,0,0,0,static_OUTCAR,-127.2328862600,-127.2318616000,bcc,2.0,16,201.52386322,2.93142529,2.93142529,5.86285059,5.86285059,5.86285059,yes,CLEANED:0,BCC_SQS,Be8Re8
Be8Rh8,OK,0,0,0,static_OUTCAR,-92.0766564400,-92.0775256600,bcc,2.0,16,190.47212646,2.87682745,2.87682745,5.75365491,5.75365491,5.75365491,yes,CLEANED:0,BCC_SQS,Be8Rh8
Be8Ru8,OK,0,0,0,static_OUTCAR,-103.6917637600,-103.6896544100,bcc,2.0,16,188.62798034,2.86751287,2.86751287,5.73502574,5.73502574,5.73502574,yes,CLEANED:0,BCC_SQS,Be8Ru8
Be8Sc8,OK,0,0,0,static_OUTCAR,-76.3742739000,-76.3727308700,bcc,2.0,16,265.81633739,3.21487354,3.21487354,6.42974708,6.42974708,6.42974708,yes,CLEANED:0,BCC_SQS,Be8Sc8
Be8Si8,OK,0,0,0,static_OUTCAR,-66.5902053100,-66.5916751600,bcc,2.0,16,183.41600000,2.84085506,2.84085506,5.68171012,5.68171012,5.68171012,no,CLEANED:0,BCC_SQS,Be8Si8
Be8Sn8,OK,0,0,0,static_OUTCAR,-53.1147086800,-53.1146712500,bcc,2.0,16,317.43837147,3.41080176,3.41080176,6.82160352,6.82160352,6.82160352,yes,CLEANED:0,BCC_SQS,Be8Sn8
Be8Ta8,OK,0,0,0,static_OUTCAR,-121.1498378800,-121.1498943700,bcc,2.0,16,233.61085167,3.07941113,3.07941113,6.15882226,6.15882226,6.15882226,yes,CLEANED:0,BCC_SQS,Be8Ta8
Be8Tb8,OK,0,0,0,static_OUTCAR,-60.9256865500,-60.9252124500,bcc,2.0,16,330.48127787,3.45689051,3.45689051,6.91378103,6.91378103,6.91378103,yes,CLEANED:0,BCC_SQS,Be8Tb8
Be8Ti8,OK,0,0,0,static_OUTCAR,-91.1632184500,-91.1626266400,bcc,2.0,16,211.51435572,2.97908769,2.97908769,5.95817538,5.95817538,5.95817538,yes,CLEANED:0,BCC_SQS,Be8Ti8
Be8V8,OK,0,0,0,static_OUTCAR,-101.2663632200,-101.2668532300,bcc,2.0,16,180.08449933,2.82354978,2.82354978,5.64709956,5.64709956,5.64709956,yes,CLEANED:0,BCC_SQS,Be8V8
Be8W8,OK,0,0,0,static_OUTCAR,-129.2983500100,-129.2984856900,bcc,2.0,16,213.21261467,2.98703953,2.98703953,5.97407906,5.97407906,5.97407906,yes,CLEANED:0,BCC_SQS,Be8W8
Be8Y8,OK,0,0,0,static_OUTCAR,-75.8111948800,-75.8110240200,bcc,2.0,16,331.34095406,3.45988537,3.45988537,6.91977074,6.91977074,6.91977074,yes,CLEANED:0,BCC_SQS,Be8Y8
Be8Zn8,OK,0,0,0,static_OUTCAR,-35.4631964400,-35.4637490200,bcc,2.0,16,187.14974623,2.86000254,2.86000254,5.72000508,5.72000508,5.72000508,yes,CLEANED:0,BCC_SQS,Be8Zn8
Be8Zr8,OK,0,0,0,static_OUTCAR,-95.2476859200,-95.2482475700,bcc,2.0,16,268.58856757,3.22601101,3.22601101,6.45202202,6.45202202,6.45202202,yes,CLEANED:0,BCC_SQS,Be8Zr8
Ca12Co4,OK,0,0,0,static_OUTCAR,-47.0772801800,-47.0758113400,bcc,2.0,16,502.53975249,3.97521063,3.97521063,7.95042126,7.95042126,7.95042126,yes,CLEANED:0,BCC_SQS,Ca12Co4
Ca12Cr4,OK,0,0,0,static_OUTCAR,-54.5151687800,-54.5143339200,bcc,2.0,16,551.73608159,4.10091215,4.10091215,8.20182431,8.20182431,8.20182431,yes,CLEANED:0,BCC_SQS,Ca12Cr4
Ca12Cu4,OK,0,0,0,static_OUTCAR,-37.1449207800,-37.1473329500,bcc,2.0,16,520.01623337,4.02076760,4.02076760,8.04153520,8.04153520,8.04153520,yes,CLEANED:0,BCC_SQS,Ca12Cu4
Ca12Dy4,OK,0,0,0,static_OUTCAR,-39.7322165100,-39.7330385200,bcc,2.0,16,608.44837345,4.23686457,4.23686457,8.47372915,8.47372915,8.47372915,yes,CLEANED:0,BCC_SQS,Ca12Dy4
Ca12Er4,OK,0,0,0,static_OUTCAR,-39.4079879700,-39.4083978900,bcc,2.0,16,604.10836783,4.22676681,4.22676681,8.45353361,8.45353361,8.45353361,yes,CLEANED:0,BCC_SQS,Ca12Er4
Ca12Fe4,OK,0,0,0,static_OUTCAR,-50.8365889200,-50.8363059800,bcc,2.0,16,513.72220215,4.00447988,4.00447988,8.00895976,8.00895976,8.00895976,yes,CLEANED:0,BCC_SQS,Ca12Fe4
Ca12Ge4,OK,0,0,0,static_OUTCAR,-45.4590384000,-45.4603575900,bcc,2.0,16,581.27200001,4.17282148,4.17282148,8.34564296,8.34564296,8.34564296,yes,CLEANED:0,BCC_SQS,Ca12Ge4
Ca12Hf4,OK,0,0,0,static_OUTCAR,-57.4550969000,-57.4570903900,bcc,2.0,16,530.25338514,4.04698090,4.04698090,8.09396179,8.09396179,8.09396179,yes,CLEANED:0,BCC_SQS,Ca12Hf4
Ca12Ir4,OK,0,0,0,static_OUTCAR,-59.4456193700,-59.4461419800,bcc,2.0,16,428.06893107,3.76826330,3.76826330,7.53652660,7.53652660,7.53652660,yes,CLEANED:0,BCC_SQS,Ca12Ir4
Ca12La4,OK,0,0,0,static_OUTCAR,-41.6921203800,-41.6915305400,bcc,2.0,16,648.31599345,4.32745190,4.32745190,8.65490380,8.65490380,8.65490380,yes,CLEANED:0,BCC_SQS,Ca12La4
Ca12Mg4,OK,0,0,0,static_OUTCAR,-29.1349464500,-29.1354287200,bcc,2.0,16,589.69202619,4.19287346,4.19287346,8.38574693,8.38574693,8.38574693,yes,CLEANED:0,BCC_SQS,Ca12Mg4
Ca12Mn4,OK,0,0,0,static_OUTCAR,-54.0171795100,-54.0134904300,bcc,2.0,16,536.46690858,4.06272709,4.06272709,8.12545419,8.12545419,8.12545419,yes,CLEANED:0,BCC_SQS,Ca12Mn4
Ca12Mo4,OK,0,0,0,static_OUTCAR,-59.3914120500,-59.3934704900,bcc,2.0,16,457.02066917,3.85137037,3.85137037,7.70274074,7.70274074,7.70274074,yes,CLEANED:0,BCC_SQS,Ca12Mo4
Ca12Nb4,OK,0,0,0,static_OUTCAR,-57.1773340500,-57.1794113000,bcc,2.0,16,490.44508648,3.94306074,3.94306074,7.88612148,7.88612148,7.88612148,yes,CLEANED:0,BCC_SQS,Ca12Nb4
Ca12Ni4,OK,0,0,0,static_OUTCAR,-44.0923136700,-44.0961156000,bcc,2.0,16,484.59598672,3.92732289,3.92732289,7.85464578,7.85464578,7.85464578,yes,CLEANED:0,BCC_SQS,Ca12Ni4
Ca12Os4,OK,0,0,0,static_OUTCAR,-62.6823549100,-62.6809296200,bcc,2.0,16,419.04345536,3.74159140,3.74159140,7.48318280,7.48318280,7.48318280,yes,CLEANED:0,BCC_SQS,Ca12Os4
Ca12Pb4,OK,0,0,0,static_OUTCAR,-40.9111391500,-40.9142290400,bcc,2.0,16,579.88855900,4.16950838,4.16950838,8.33901676,8.33901676,8.33901676,yes,CLEANED:0,BCC_SQS,Ca12Pb4
Ca12Pd4,OK,0,0,0,static_OUTCAR,-48.3621245400,-48.3644671100,bcc,2.0,16,491.66355538,3.94632344,3.94632344,7.89264687,7.89264687,7.89264687,yes,CLEANED:0,BCC_SQS,Ca12Pd4
Ca12Pt4,OK,0,0,0,static_OUTCAR,-54.1682272900,-54.1674760300,bcc,2.0,16,459.74561027,3.85900968,3.85900968,7.71801936,7.71801936,7.71801936,yes,CLEANED:0,BCC_SQS,Ca12Pt4
Ca12Re4,OK,0,0,0,static_OUTCAR,-65.8377491400,-65.8394146700,bcc,2.0,16,424.66885034,3.75825987,3.75825987,7.51651974,7.51651974,7.51651974,yes,CLEANED:0,BCC_SQS,Ca12Re4
Ca12Rh4,OK,0,0,0,static_OUTCAR,-53.9379469500,-53.9376334400,bcc,2.0,16,454.36947032,3.84390860,3.84390860,7.68781719,7.68781719,7.68781719,yes,CLEANED:0,BCC_SQS,Ca12Rh4
Ca12Ru4,OK,0,0,0,static_OUTCAR,-55.8661266300,-55.8667730300,bcc,2.0,16,440.53622509,3.80449671,3.80449671,7.60899342,7.60899342,7.60899342,yes,CLEANED:0,BCC_SQS,Ca12Ru4
Ca12Sc4,OK,0,0,0,static_OUTCAR,-45.7287372500,-45.7282891100,bcc,2.0,16,575.48605999,4.15892997,4.15892997,8.31785993,8.31785993,8.31785993,yes,CLEANED:0,BCC_SQS,Ca12Sc4
Ca12Si4,OK,0,0,0,static_OUTCAR,-46.8711538300,-46.8733085600,bcc,2.0,16,504.03259659,3.97914299,3.97914299,7.95828598,7.95828598,7.95828598,yes,CLEANED:0,BCC_SQS,Ca12Si4
Ca12Sn4,OK,0,0,0,static_OUTCAR,-42.8175840400,-42.8208673500,bcc,2.0,16,554.33783182,4.10734810,4.10734810,8.21469619,8.21469619,8.21469619,yes,CLEANED:0,BCC_SQS,Ca12Sn4
Ca12Ta4,OK,0,0,0,static_OUTCAR,-62.7264848400,-62.7243083700,bcc,2.0,16,479.81817341,3.91437325,3.91437325,7.82874651,7.82874651,7.82874651,yes,CLEANED:0,BCC_SQS,Ca12Ta4
Ca12Tb4,OK,0,0,0,static_OUTCAR,-39.9178447300,-39.9192694700,bcc,2.0,16,610.86857345,4.24247474,4.24247474,8.48494948,8.48494948,8.48494948,yes,CLEANED:0,BCC_SQS,Ca12Tb4
Ca12Ti4,OK,0,0,0,static_OUTCAR,-48.4483231300,-48.4558568900,bcc,2.0,16,524.70286432,4.03281051,4.03281051,8.06562102,8.06562102,8.06562102,yes,CLEANED:0,BCC_SQS,Ca12Ti4
Ca12V4,OK,0,0,0,static_OUTCAR,-51.9891171100,-51.9888711800,bcc,2.0,16,537.19421621,4.06456226,4.06456226,8.12912452,8.12912452,8.12912452,yes,CLEANED:0,BCC_SQS,Ca12V4
Ca12W4,OK,0,0,0,static_OUTCAR,-65.8254261200,-65.8249838600,bcc,2.0,16,445.31196122,3.81819518,3.81819518,7.63639035,7.63639035,7.63639035,yes,CLEANED:0,BCC_SQS,Ca12W4
Ca12Y4,OK,0,0,0,static_OUTCAR,-47.3908683200,-47.3920634900,bcc,2.0,16,613.60742572,4.24880572,4.24880572,8.49761144,8.49761144,8.49761144,yes,CLEANED:0,BCC_SQS,Ca12Y4
Ca12Zn4,OK,0,0,0,static_OUTCAR,-27.8125775700,-27.8101374300,bcc,2.0,16,548.85974319,4.09377337,4.09377337,8.18754675,8.18754675,8.18754675,yes,CLEANED:0,BCC_SQS,Ca12Zn4
Ca12Zr4,OK,0,0,0,static_OUTCAR,-52.9754013400,-52.9756963500,bcc,2.0,16,541.07181142,4.07431848,4.07431848,8.14863696,8.14863696,8.14863696,yes,CLEANED:0,BCC_SQS,Ca12Zr4
Ca4Co12,OK,0,0,0,static_OUTCAR,-85.3853184900,-85.3845521700,bcc,2.0,16,228.30356035,3.05591239,3.05591239,6.11182478,6.11182478,6.11182478,yes,CLEANED:0,BCC_SQS,Ca4Co12
Ca4Cr12,OK,0,0,0,static_OUTCAR,-109.4310158200,-109.4301639700,bcc,2.0,16,304.99552132,3.36564127,3.36564127,6.73128255,6.73128255,6.73128255,no,CLEANED:0,BCC_SQS,Ca4Cr12
Ca4Cu12,OK,0,0,0,static_OUTCAR,-50.4664945400,-50.4660111500,bcc,2.0,16,260.07493913,3.19155872,3.19155872,6.38311744,6.38311744,6.38311744,yes,CLEANED:0,BCC_SQS,Ca4Cu12
Ca4Dy12,OK,0,0,0,static_OUTCAR,-60.0057744400,-60.0046077000,bcc,2.0,16,532.36353671,4.05234213,4.05234213,8.10468426,8.10468426,8.10468426,yes,CLEANED:0,BCC_SQS,Ca4Dy12
Ca4Er12,OK,0,0,0,static_OUTCAR,-59.3031683200,-59.3022422900,bcc,2.0,16,520.54409574,4.02212762,4.02212762,8.04425523,8.04425523,8.04425523,yes,CLEANED:0,BCC_SQS,Ca4Er12
Ca4Fe12,OK,0,0,0,static_OUTCAR,-99.3584136000,-99.3581932100,bcc,2.0,16,241.65784236,3.11437068,3.11437068,6.22874136,6.22874136,6.22874136,yes,CLEANED:0,BCC_SQS,Ca4Fe12
Ca4Ge12,OK,0,0,0,static_OUTCAR,-63.4616472300,-63.4605433900,bcc,2.0,16,343.70586998,3.50239927,3.50239927,7.00479855,7.00479855,7.00479855,yes,CLEANED:0,BCC_SQS,Ca4Ge12
Ca4Hf12,OK,0,0,0,static_OUTCAR,-120.9783835600,-120.9783807100,bcc,2.0,16,389.76476788,3.65233718,3.65233718,7.30467436,7.30467436,7.30467436,yes,CLEANED:0,BCC_SQS,Ca4Hf12
Ca4Ir12,OK,0,0,0,static_OUTCAR,-109.6984638700,-109.6979774600,bcc,2.0,16,264.58469375,3.20990055,3.20990055,6.41980109,6.41980109,6.41980109,yes,CLEANED:0,BCC_SQS,Ca4Ir12
Ca4La12,OK,0,0,0,static_OUTCAR,-64.7989161800,-64.7966988600,bcc,2.0,16,615.35720981,4.25284057,4.25284057,8.50568114,8.50568114,8.50568114,yes,CLEANED:0,BCC_SQS,Ca4La12
Ca4Mg12,OK,0,0,0,static_OUTCAR,-25.7959935500,-25.7981661500,bcc,2.0,16,428.82268334,3.77047375,3.77047375,7.54094749,7.54094749,7.54094749,yes,CLEANED:0,BCC_SQS,Ca4Mg12
Ca4Mn12,OK,0,0,0,static_OUTCAR,-105.6917189200,-105.6882897100,bcc,2.0,16,298.14178319,3.34023959,3.34023959,6.68047918,6.68047918,6.68047918,yes,CLEANED:0,BCC_SQS,Ca4Mn12
Ca4Mo12,OK,0,0,0,static_OUTCAR,-129.5120863200,-129.5133744100,bcc,2.0,16,279.07899571,3.26747586,3.26747586,6.53495173,6.53495173,6.53495173,yes,CLEANED:0,BCC_SQS,Ca4Mo12
Ca4Nb12,OK,0,0,0,static_OUTCAR,-121.7600370600,-121.7606202400,bcc,2.0,16,323.90247593,3.43379813,3.43379813,6.86759627,6.86759627,6.86759627,yes,CLEANED:0,BCC_SQS,Ca4Nb12
Ca4Ni12,OK,0,0,0,static_OUTCAR,-70.0894895300,-70.0900077000,bcc,2.0,16,225.61208041,3.04385613,3.04385613,6.08771226,6.08771226,6.08771226,yes,CLEANED:0,BCC_SQS,Ca4Ni12
Ca4Os12,OK,0,0,0,static_OUTCAR,-130.7685173100,-130.7682560300,bcc,2.0,16,258.83774483,3.18648985,3.18648985,6.37297971,6.37297971,6.37297971,yes,CLEANED:0,BCC_SQS,Ca4Os12
Ca4Pb12,OK,0,0,0,static_OUTCAR,-53.1223807300,-53.1238756200,bcc,2.0,16,535.25200001,4.05965789,4.05965789,8.11931579,8.11931579,8.11931579,no,CLEANED:0,BCC_SQS,Ca4Pb12
Ca4Pd12,OK,0,0,0,static_OUTCAR,-75.5284805900,-75.5291755700,bcc,2.0,16,282.95024290,3.28251481,3.28251481,6.56502963,6.56502963,6.56502963,yes,CLEANED:0,BCC_SQS,Ca4Pd12
Ca4Pt12,OK,0,0,0,static_OUTCAR,-85.4667337400,-85.4657081300,bcc,2.0,16,281.68458327,3.27761318,3.27761318,6.55522636,6.55522636,6.55522636,yes,CLEANED:0,BCC_SQS,Ca4Pt12
Ca4Re12,OK,0,0,0,static_OUTCAR,-147.2977699000,-147.2982203700,bcc,2.0,16,263.12331061,3.20397987,3.20397987,6.40795975,6.40795975,6.40795975,yes,CLEANED:0,BCC_SQS,Ca4Re12
Ca4Rh12,OK,0,0,0,static_OUTCAR,-93.0441850700,-93.0450638300,bcc,2.0,16,262.05665950,3.19964457,3.19964457,6.39928914,6.39928914,6.39928914,yes,CLEANED:0,BCC_SQS,Ca4Rh12
Ca4Ru12,OK,0,0,0,static_OUTCAR,-109.7873653200,-109.7906828300,bcc,2.0,16,255.04773162,3.17086067,3.17086067,6.34172134,6.34172134,6.34172134,yes,CLEANED:0,BCC_SQS,Ca4Ru12
Ca4Sc12,OK,0,0,0,static_OUTCAR,-79.6542601000,-79.6624096400,bcc,2.0,16,442.06015058,3.80887857,3.80887857,7.61775713,7.61775713,7.61775713,yes,CLEANED:0,BCC_SQS,Ca4Sc12
Ca4Si12,OK,0,0,0,static_OUTCAR,-71.4978256900,-71.4998145300,bcc,2.0,16,293.64005104,3.32334250,3.32334250,6.64668500,6.64668500,6.64668500,yes,CLEANED:0,BCC_SQS,Ca4Si12
Ca4Sn12,OK,0,0,0,static_OUTCAR,-57.2938475600,-57.2930285300,bcc,2.0,16,450.98739099,3.83434751,3.83434751,7.66869502,7.66869502,7.66869502,yes,CLEANED:0,BCC_SQS,Ca4Sn12
Ca4Ta12,OK,0,0,0,static_OUTCAR,-141.1773821800,-141.1778582500,bcc,2.0,16,320.77032982,3.42269396,3.42269396,6.84538791,6.84538791,6.84538791,yes,CLEANED:0,BCC_SQS,Ca4Ta12
Ca4Tb12,OK,0,0,0,static_OUTCAR,-60.4192446100,-60.4179458500,bcc,2.0,16,539.39283673,4.07009984,4.07009984,8.14019968,8.14019968,8.14019968,yes,CLEANED:0,BCC_SQS,Ca4Tb12
Ca4Ti12,OK,0,0,0,static_OUTCAR,-95.4971702700,-95.4975558000,bcc,2.0,16,329.38502204,3.45306394,3.45306394,6.90612788,6.90612788,6.90612788,yes,CLEANED:0,BCC_SQS,Ca4Ti12
Ca4V12,OK,0,0,0,static_OUTCAR,-106.2631532400,-106.2627975400,bcc,2.0,16,278.08630979,3.26359712,3.26359712,6.52719423,6.52719423,6.52719423,yes,CLEANED:0,BCC_SQS,Ca4V12
Ca4W12,OK,0,0,0,static_OUTCAR,-151.9568628900,-151.9584699500,bcc,2.0,16,282.03952350,3.27898927,3.27898927,6.55797853,6.55797853,6.55797853,yes,CLEANED:0,BCC_SQS,Ca4W12
Ca4Y12,OK,0,0,0,static_OUTCAR,-82.8417740700,-82.8413688500,bcc,2.0,16,544.43967619,4.08275444,4.08275444,8.16550888,8.16550888,8.16550888,yes,CLEANED:0,BCC_SQS,Ca4Y12
Ca4Zn12,OK,0,0,0,static_OUTCAR,-21.8680293000,-21.8693802700,bcc,2.0,16,320.78921913,3.42276114,3.42276114,6.84552228,6.84552228,6.84552228,yes,CLEANED:0,BCC_SQS,Ca4Zn12
Ca4Zr12,OK,0,0,0,static_OUTCAR,-105.5481852600,-105.5489685500,bcc,2.0,16,401.20755463,3.68773500,3.68773500,7.37547000,7.37547000,7.37547000,yes,CLEANED:0,BCC_SQS,Ca4Zr12
Ca8Ca8,OK,0,0,0,static_OUTCAR,-30.5660997200,-30.5799081800,bcc,2.0,16,674.45249704,4.38484043,4.38484043,8.76968086,8.76968086,8.76968086,yes,CLEANED:0,BCC_SQS,Ca8Ca8
Ca8Co8,OK,0,0,0,static_OUTCAR,-66.3847258200,-66.3855303000,bcc,2.0,16,325.83648171,3.44061892,3.44061892,6.88123785,6.88123785,6.88123785,no,CLEANED:0,BCC_SQS,Ca8Co8
Ca8Cr8,OK,0,0,0,static_OUTCAR,-78.5508849500,-78.5497596200,bcc,2.0,16,440.62169178,3.80474273,3.80474273,7.60948545,7.60948545,7.60948545,yes,CLEANED:0,BCC_SQS,Ca8Cr8
Ca8Cu8,OK,0,0,0,static_OUTCAR,-45.0699571400,-45.0698591600,bcc,2.0,16,372.22496027,3.59670790,3.59670790,7.19341579,7.19341579,7.19341579,yes,CLEANED:0,BCC_SQS,Ca8Cu8
Ca8Dy8,OK,0,0,0,static_OUTCAR,-49.4734612400,-49.4745609700,bcc,2.0,16,563.33477002,4.12944979,4.12944979,8.25889959,8.25889959,8.25889959,yes,CLEANED:0,BCC_SQS,Ca8Dy8
Ca8Er8,OK,0,0,0,static_OUTCAR,-48.8995613400,-48.8998374100,bcc,2.0,16,555.93195118,4.11128152,4.11128152,8.22256304,8.22256304,8.22256304,yes,CLEANED:0,BCC_SQS,Ca8Er8
Ca8Fe8,OK,0,0,0,static_OUTCAR,-75.0898457300,-75.0898187500,bcc,2.0,16,336.07376178,3.47628099,3.47628099,6.95256198,6.95256198,6.95256198,yes,CLEANED:0,BCC_SQS,Ca8Fe8
Ca8Ge8,OK,0,0,0,static_OUTCAR,-55.8626441200,-55.8628531100,bcc,2.0,16,404.80665621,3.69872934,3.69872934,7.39745869,7.39745869,7.39745869,yes,CLEANED:0,BCC_SQS,Ca8Ge8
Ca8Hf8,OK,0,0,0,static_OUTCAR,-88.0919924300,-88.0950212300,bcc,2.0,16,441.46876951,3.80717932,3.80717932,7.61435864,7.61435864,7.61435864,yes,CLEANED:0,BCC_SQS,Ca8Hf8
Ca8Ir8,OK,0,0,0,static_OUTCAR,-84.6564371600,-84.6550614100,bcc,2.0,16,307.93997587,3.37643734,3.37643734,6.75287468,6.75287468,6.75287468,yes,CLEANED:0,BCC_SQS,Ca8Ir8
Ca8La8,OK,0,0,0,static_OUTCAR,-53.1407750200,-53.1393528400,bcc,2.0,16,630.41318718,4.28724630,4.28724630,8.57449260,8.57449260,8.57449260,yes,CLEANED:0,BCC_SQS,Ca8La8
Ca8Mg8,OK,0,0,0,static_OUTCAR,-27.4449419000,-27.4436644900,bcc,2.0,16,507.34086994,3.98782986,3.98782986,7.97565972,7.97565972,7.97565972,yes,CLEANED:0,BCC_SQS,Ca8Mg8
Ca8Mn8,OK,0,0,0,static_OUTCAR,-79.8811359700,-79.8796124900,bcc,2.0,16,413.90136812,3.72622400,3.72622400,7.45244799,7.45244799,7.45244799,yes,CLEANED:0,BCC_SQS,Ca8Mn8
Ca8Mo8,OK,0,0,0,static_OUTCAR,-91.2939811200,-91.2931505400,bcc,2.0,16,338.36757907,3.48417200,3.48417200,6.96834399,6.96834399,6.96834399,yes,CLEANED:0,BCC_SQS,Ca8Mo8
Ca8Nb8,OK,0,0,0,static_OUTCAR,-87.0708255200,-87.0697871400,bcc,2.0,16,383.52640780,3.63274652,3.63274652,7.26549304,7.26549304,7.26549304,yes,CLEANED:0,BCC_SQS,Ca8Nb8
Ca8Ni8,OK,0,0,0,static_OUTCAR,-58.4357310200,-58.4344936600,bcc,2.0,16,328.33609036,3.44939460,3.44939460,6.89878919,6.89878919,6.89878919,yes,CLEANED:0,BCC_SQS,Ca8Ni8
Ca8Os8,OK,0,0,0,static_OUTCAR,-95.5117244700,-95.5113183500,bcc,2.0,16,302.02390574,3.35467494,3.35467494,6.70934988,6.70934988,6.70934988,no,CLEANED:0,BCC_SQS,Ca8Os8
Ca8Pb8,OK,0,0,0,static_OUTCAR,-48.6840049500,-48.6855257600,bcc,2.0,16,551.05813786,4.09923181,4.09923181,8.19846361,8.19846361,8.19846361,no,CLEANED:0,BCC_SQS,Ca8Pb8
Ca8Pd8,OK,0,0,0,static_OUTCAR,-63.9407255400,-63.9403029200,bcc,2.0,16,353.73836493,3.53615038,3.53615038,7.07230076,7.07230076,7.07230076,yes,CLEANED:0,BCC_SQS,Ca8Pd8
Ca8Pt8,OK,0,0,0,static_OUTCAR,-72.8758867900,-72.8753210900,bcc,2.0,16,334.15890936,3.46966612,3.46966612,6.93933225,6.93933225,6.93933225,yes,CLEANED:0,BCC_SQS,Ca8Pt8
Ca8Re8,OK,0,0,0,static_OUTCAR,-102.0640285500,-102.0634245600,bcc,2.0,16,309.97337169,3.38385283,3.38385283,6.76770566,6.76770566,6.76770566,yes,CLEANED:0,BCC_SQS,Ca8Re8
Ca8Rh8,OK,0,0,0,static_OUTCAR,-73.7977674200,-73.7988356300,bcc,2.0,16,317.78880964,3.41205642,3.41205642,6.82411285,6.82411285,6.82411285,no,CLEANED:0,BCC_SQS,Ca8Rh8
Ca8Ru8,OK,0,0,0,static_OUTCAR,-82.0376317300,-82.0365137200,bcc,2.0,16,308.95973568,3.38016032,3.38016032,6.76032064,6.76032064,6.76032064,yes,CLEANED:0,BCC_SQS,Ca8Ru8
Ca8Sc8,OK,0,0,0,static_OUTCAR,-61.8991317600,-61.9064879700,bcc,2.0,16,500.56868019,3.97000660,3.97000660,7.94001320,7.94001320,7.94001320,yes,CLEANED:0,BCC_SQS,Ca8Sc8
Ca8Si8,OK,0,0,0,static_OUTCAR,-61.2147394700,-61.2135925100,bcc,2.0,16,373.40824211,3.60051511,3.60051511,7.20103022,7.20103022,7.20103022,no,CLEANED:0,BCC_SQS,Ca8Si8
Ca8Sn8,OK,0,0,0,static_OUTCAR,-52.0669316200,-52.0677124000,bcc,2.0,16,480.29589644,3.91567192,3.91567192,7.83134383,7.83134383,7.83134383,yes,CLEANED:0,BCC_SQS,Ca8Sn8
Ca8Ta8,OK,0,0,0,static_OUTCAR,-99.0661830700,-99.0672786500,bcc,2.0,16,375.91028245,3.60853902,3.60853902,7.21707805,7.21707805,7.21707805,yes,CLEANED:0,BCC_SQS,Ca8Ta8
Ca8Tb8,OK,0,0,0,static_OUTCAR,-49.8050266200,-49.8058633100,bcc,2.0,16,567.24979958,4.13899392,4.13899392,8.27798783,8.27798783,8.27798783,yes,CLEANED:0,BCC_SQS,Ca8Tb8
Ca8Ti8,OK,0,0,0,static_OUTCAR,-70.3473704800,-70.3473643400,bcc,2.0,16,416.40095256,3.73370994,3.73370994,7.46741988,7.46741988,7.46741988,yes,CLEANED:0,BCC_SQS,Ca8Ti8
Ca8V8,OK,0,0,0,static_OUTCAR,-78.1040108100,-78.1033654300,bcc,2.0,16,399.05290954,3.68112161,3.68112161,7.36224322,7.36224322,7.36224322,no,CLEANED:0,BCC_SQS,Ca8V8
Ca8W8,OK,0,0,0,static_OUTCAR,-104.6042279600,-104.6034885700,bcc,2.0,16,333.44355353,3.46718844,3.46718844,6.93437688,6.93437688,6.93437688,yes,CLEANED:0,BCC_SQS,Ca8W8
Ca8Y8,OK,0,0,0,static_OUTCAR,-64.7497176200,-64.7523705600,bcc,2.0,16,573.92158798,4.15515783,4.15515783,8.31031566,8.31031566,8.31031566,yes,CLEANED:0,BCC_SQS,Ca8Y8
Ca8Zn8,OK,0,0,0,static_OUTCAR,-26.4683201600,-26.4673443700,bcc,2.0,16,426.06608681,3.76237714,3.76237714,7.52475428,7.52475428,7.52475428,yes,CLEANED:0,BCC_SQS,Ca8Zn8
Ca8Zr8,OK,0,0,0,static_OUTCAR,-78.1323942900,-78.1328540900,bcc,2.0,16,454.76990129,3.84503746,3.84503746,7.69007492,7.69007492,7.69007492,yes,CLEANED:0,BCC_SQS,Ca8Zr8
Co12Cr4,OK,0,0,0,static_OUTCAR,-119.9441208200,-119.9431559400,bcc,2.0,16,178.08171177,2.81304348,2.81304348,5.62608696,5.62608696,5.62608696,yes,CLEANED:0,BCC_SQS,Co12Cr4
Co12Cu4,OK,0,0,0,static_OUTCAR,-97.1897078900,-97.1864608100,bcc,2.0,16,179.60115913,2.82102141,2.82102141,5.64204283,5.64204283,5.64204283,yes,CLEANED:0,BCC_SQS,Co12Cu4
Co12Dy4,OK,0,0,0,static_OUTCAR,-99.4583461100,-99.4580678200,bcc,2.0,16,232.97640130,3.07662087,3.07662087,6.15324174,6.15324174,6.15324174,yes,CLEANED:0,BCC_SQS,Co12Dy4
Co12Er4,OK,0,0,0,static_OUTCAR,-99.8092365100,-99.8085731100,bcc,2.0,16,230.28537196,3.06472931,3.06472931,6.12945862,6.12945862,6.12945862,yes,CLEANED:0,BCC_SQS,Co12Er4
Co12Fe4,OK,0,0,0,static_OUTCAR,-117.0477511200,-117.0473537400,bcc,2.0,16,180.16283093,2.82395911,2.82395911,5.64791821,5.64791821,5.64791821,yes,CLEANED:0,BCC_SQS,Co12Fe4
Co12Ge4,OK,0,0,0,static_OUTCAR,-101.4172112300,-101.4170633300,bcc,2.0,16,189.76379312,2.87325688,2.87325688,5.74651376,5.74651376,5.74651376,yes,CLEANED:0,BCC_SQS,Co12Ge4
Co12Hf4,OK,0,0,0,static_OUTCAR,-124.1101518200,-124.1093831400,bcc,2.0,16,213.82974666,2.98991869,2.98991869,5.97983738,5.97983738,5.97983738,yes,CLEANED:0,BCC_SQS,Co12Hf4
Co12Ir4,OK,0,0,0,static_OUTCAR,-117.8787092600,-117.8784233500,bcc,2.0,16,197.62557076,2.91240019,2.91240019,5.82480037,5.82480037,5.82480037,yes,CLEANED:0,BCC_SQS,Co12Ir4
Co12La4,OK,0,0,0,static_OUTCAR,-98.8810723400,-98.8808351700,bcc,2.0,16,251.86405322,3.15761178,3.15761178,6.31522356,6.31522356,6.31522356,yes,CLEANED:0,BCC_SQS,Co12La4
Co12Mg4,OK,0,0,0,static_OUTCAR,-87.9502483600,-87.9504446700,bcc,2.0,16,196.55089220,2.90711142,2.90711142,5.81422284,5.81422284,5.81422284,yes,CLEANED:0,BCC_SQS,Co12Mg4
Co12Mn4,OK,0,0,0,static_OUTCAR,-119.0092198800,-119.0086922900,bcc,2.0,16,182.34775273,2.83532911,2.83532911,5.67065821,5.67065821,5.67065821,yes,CLEANED:0,BCC_SQS,Co12Mn4
Co12Mo4,OK,0,0,0,static_OUTCAR,-125.4869935600,-125.4870645000,bcc,2.0,16,197.30824952,2.91084057,2.91084057,5.82168113,5.82168113,5.82168113,yes,CLEANED:0,BCC_SQS,Co12Mo4
Co12Nb4,OK,0,0,0,static_OUTCAR,-123.1355376700,-123.1342436200,bcc,2.0,16,207.54992806,2.96035777,2.96035777,5.92071554,5.92071554,5.92071554,yes,CLEANED:0,BCC_SQS,Co12Nb4
Co12Ni4,OK,0,0,0,static_OUTCAR,-104.8204062600,-104.8194938300,bcc,2.0,16,176.37508324,2.80402844,2.80402844,5.60805689,5.60805689,5.60805689,yes,CLEANED:0,BCC_SQS,Co12Ni4
Co12Os4,OK,0,0,0,static_OUTCAR,-125.8237080000,-125.8233639700,bcc,2.0,16,195.75323529,2.90317347,2.90317347,5.80634695,5.80634695,5.80634695,yes,CLEANED:0,BCC_SQS,Co12Os4
Co12Pb4,OK,0,0,0,static_OUTCAR,-89.5686644300,-89.5676132100,bcc,2.0,16,212.25370668,2.98255480,2.98255480,5.96510960,5.96510960,5.96510960,no,CLEANED:0,BCC_SQS,Co12Pb4
Co12Pd4,OK,0,0,0,static_OUTCAR,-103.3109037200,-103.3112878000,bcc,2.0,16,198.97911576,2.91903411,2.91903411,5.83806822,5.83806822,5.83806822,yes,CLEANED:0,BCC_SQS,Co12Pd4
Co12Pt4,OK,0,0,0,static_OUTCAR,-107.8161289000,-107.8164808400,bcc,2.0,16,202.86692240,2.93792306,2.93792306,5.87584612,5.87584612,5.87584612,yes,CLEANED:0,BCC_SQS,Co12Pt4
Co12Re4,OK,0,0,0,static_OUTCAR,-130.9914644500,-130.9905333400,bcc,2.0,16,195.06687500,2.89977641,2.89977641,5.79955283,5.79955283,5.79955283,yes,CLEANED:0,BCC_SQS,Co12Re4
Co12Rh4,OK,0,0,0,static_OUTCAR,-111.6900820400,-111.6902620200,bcc,2.0,16,195.69135553,2.90286753,2.90286753,5.80573507,5.80573507,5.80573507,yes,CLEANED:0,BCC_SQS,Co12Rh4
Co12Ru4,OK,0,0,0,static_OUTCAR,-118.1606711100,-118.1601725400,bcc,2.0,16,193.59395426,2.89245937,2.89245937,5.78491875,5.78491875,5.78491875,yes,CLEANED:0,BCC_SQS,Co12Ru4
Co12Sc4,OK,0,0,0,static_OUTCAR,-108.9693411100,-108.9695095400,bcc,2.0,16,208.92580780,2.96688492,2.96688492,5.93376984,5.93376984,5.93376984,yes,CLEANED:0,BCC_SQS,Co12Sc4
Co12Si4,OK,0,0,0,static_OUTCAR,-108.3439388000,-108.3444978400,bcc,2.0,16,176.36344763,2.80396678,2.80396678,5.60793356,5.60793356,5.60793356,yes,CLEANED:0,BCC_SQS,Co12Si4
Co12Sn4,OK,0,0,0,static_OUTCAR,-95.9461410700,-95.9468977600,bcc,2.0,16,220.15990419,3.01913649,3.01913649,6.03827298,6.03827298,6.03827298,yes,CLEANED:0,BCC_SQS,Co12Sn4
Co12Ta4,OK,0,0,0,static_OUTCAR,-130.7731658600,-130.7720684500,bcc,2.0,16,207.23749822,2.95887159,2.95887159,5.91774318,5.91774318,5.91774318,yes,CLEANED:0,BCC_SQS,Co12Ta4
Co12Tb4,OK,0,0,0,static_OUTCAR,-99.3091761600,-99.3090026200,bcc,2.0,16,235.25450786,3.08661637,3.08661637,6.17323275,6.17323275,6.17323275,yes,CLEANED:0,BCC_SQS,Co12Tb4
Co12Ti4,OK,0,0,0,static_OUTCAR,-116.7224715200,-116.7221080500,bcc,2.0,16,193.16600082,2.89032647,2.89032647,5.78065294,5.78065294,5.78065294,yes,CLEANED:0,BCC_SQS,Co12Ti4
Co12V4,OK,0,0,0,static_OUTCAR,-119.9820850000,-119.9811213400,bcc,2.0,16,183.73637929,2.84250817,2.84250817,5.68501635,5.68501635,5.68501635,yes,CLEANED:0,BCC_SQS,Co12V4
Co12W4,OK,0,0,0,static_OUTCAR,-133.4373822400,-133.4366414000,bcc,2.0,16,199.62521032,2.92219011,2.92219011,5.84438022,5.84438022,5.84438022,yes,CLEANED:0,BCC_SQS,Co12W4
Co12Y4,OK,0,0,0,static_OUTCAR,-105.9197529100,-105.9201467300,bcc,2.0,16,234.40926017,3.08291530,3.08291530,6.16583059,6.16583059,6.16583059,yes,CLEANED:0,BCC_SQS,Co12Y4
Co12Zn4,OK,0,0,0,static_OUTCAR,-87.8287539800,-87.8285347200,bcc,2.0,16,185.35022810,2.85080632,2.85080632,5.70161264,5.70161264,5.70161264,yes,CLEANED:0,BCC_SQS,Co12Zn4
Co12Zr4,OK,0,0,0,static_OUTCAR,-117.7892345600,-117.7884493400,bcc,2.0,16,217.86509428,3.00860996,3.00860996,6.01721992,6.01721992,6.01721992,yes,CLEANED:0,BCC_SQS,Co12Zr4
Co4Cr12,OK,0,0,0,static_OUTCAR,-140.5079566600,-140.5081710100,bcc,2.0,16,184.23794401,2.84509232,2.84509232,5.69018465,5.69018465,5.69018465,yes,CLEANED:0,BCC_SQS,Co4Cr12
Co4Cu12,OK,0,0,0,static_OUTCAR,-70.9856100400,-70.9856681000,bcc,2.0,16,186.15621271,2.85493253,2.85493253,5.70986506,5.70986506,5.70986506,yes,CLEANED:0,BCC_SQS,Co4Cu12
Co4Dy12,OK,0,0,0,static_OUTCAR,-81.7176607300,-81.7177673900,bcc,2.0,16,396.77707114,3.67411033,3.67411033,7.34822066,7.34822066,7.34822066,yes,CLEANED:0,BCC_SQS,Co4Dy12
Co4Er12,OK,0,0,0,static_OUTCAR,-81.6632829900,-81.6637634800,bcc,2.0,16,396.54290682,3.67338741,3.67338741,7.34677482,7.34677482,7.34677482,yes,CLEANED:0,BCC_SQS,Co4Er12
Co4Fe12,OK,0,0,0,static_OUTCAR,-127.8314396700,-127.8305882400,bcc,2.0,16,184.86455360,2.84831414,2.84831414,5.69662829,5.69662829,5.69662829,yes,CLEANED:0,BCC_SQS,Co4Fe12
Co4Ge12,OK,0,0,0,static_OUTCAR,-78.7374443200,-78.7381241400,bcc,2.0,16,260.95686064,3.19516221,3.19516221,6.39032441,6.39032441,6.39032441,yes,CLEANED:0,BCC_SQS,Co4Ge12
Co4Hf12,OK,0,0,0,static_OUTCAR,-147.4877293000,-147.4865685500,bcc,2.0,16,303.28583727,3.35934067,3.35934067,6.71868134,6.71868134,6.71868134,yes,CLEANED:0,BCC_SQS,Co4Hf12
Co4Ir12,OK,0,0,0,static_OUTCAR,-129.5604494500,-129.5589604300,bcc,2.0,16,229.07519281,3.05935136,3.05935136,6.11870272,6.11870272,6.11870272,yes,CLEANED:0,BCC_SQS,Co4Ir12
Co4Mg12,OK,0,0,0,static_OUTCAR,-44.2769588900,-44.2770676800,bcc,2.0,16,285.24501690,3.29136485,3.29136485,6.58272969,6.58272969,6.58272969,yes,CLEANED:0,BCC_SQS,Co4Mg12
Co4Mn12,OK,0,0,0,static_OUTCAR,-133.8047347400,-133.8040293300,bcc,2.0,16,180.81075355,2.82734034,2.82734034,5.65468068,5.65468068,5.65468068,yes,CLEANED:0,BCC_SQS,Co4Mn12
Co4Mo12,OK,0,0,0,static_OUTCAR,-156.4665883500,-156.4667279800,bcc,2.0,16,236.06262864,3.09014660,3.09014660,6.18029321,6.18029321,6.18029321,yes,CLEANED:0,BCC_SQS,Co4Mo12
Co4Nb12,OK,0,0,0,static_OUTCAR,-148.4954868100,-148.4964157600,bcc,2.0,16,264.08359108,3.20787283,3.20787283,6.41574566,6.41574566,6.41574566,yes,CLEANED:0,BCC_SQS,Co4Nb12
Co4Ni12,OK,0,0,0,static_OUTCAR,-92.3646201300,-92.3650593000,bcc,2.0,16,174.96154045,2.79651746,2.79651746,5.59303493,5.59303493,5.59303493,yes,CLEANED:0,BCC_SQS,Co4Ni12
Co4Os12,OK,0,0,0,static_OUTCAR,-156.7352932700,-156.7345108200,bcc,2.0,16,222.77610924,3.03104843,3.03104843,6.06209687,6.06209687,6.06209687,yes,CLEANED:0,BCC_SQS,Co4Os12
Co4Pd12,OK,0,0,0,static_OUTCAR,-89.1169485200,-89.1147169800,bcc,2.0,16,234.26911839,3.08230080,3.08230080,6.16460160,6.16460160,6.16460160,yes,CLEANED:0,BCC_SQS,Co4Pd12
Co4Pt12,OK,0,0,0,static_OUTCAR,-98.4759009200,-98.4761117200,bcc,2.0,16,238.27286359,3.09976092,3.09976092,6.19952185,6.19952185,6.19952185,yes,CLEANED:0,BCC_SQS,Co4Pt12
Co4Re12,OK,0,0,0,static_OUTCAR,-174.2678796300,-174.2680619000,bcc,2.0,16,226.99557253,3.05006527,3.05006527,6.10013054,6.10013054,6.10013054,yes,CLEANED:0,BCC_SQS,Co4Re12
Co4Rh12,OK,0,0,0,static_OUTCAR,-110.9610371400,-110.9589676000,bcc,2.0,16,221.78752940,3.02655831,3.02655831,6.05311662,6.05311662,6.05311662,yes,CLEANED:0,BCC_SQS,Co4Rh12
Co4Ru12,OK,0,0,0,static_OUTCAR,-133.7781269900,-133.7783485500,bcc,2.0,16,215.06884372,2.99568288,2.99568288,5.99136576,5.99136576,5.99136576,yes,CLEANED:0,BCC_SQS,Co4Ru12
Co4Sc12,OK,0,0,0,static_OUTCAR,-103.6303241900,-103.6347558200,bcc,2.0,16,342.40400000,3.49797161,3.49797161,6.99594323,6.99594323,6.99594323,yes,CLEANED:0,BCC_SQS,Co4Sc12
Co4Si12,OK,0,0,0,static_OUTCAR,-91.0279524700,-91.0285718200,bcc,2.0,16,204.76006734,2.94703363,2.94703363,5.89406727,5.89406727,5.89406727,yes,CLEANED:0,BCC_SQS,Co4Si12
Co4Sn12,OK,0,0,0,static_OUTCAR,-71.8242256000,-71.8240023600,bcc,2.0,16,369.76026508,3.58875175,3.58875175,7.17750350,7.17750350,7.17750350,yes,CLEANED:0,BCC_SQS,Co4Sn12
Co4Ta12,OK,0,0,0,static_OUTCAR,-169.7880382400,-169.7868324100,bcc,2.0,16,261.88400000,3.19894171,3.19894171,6.39788341,6.39788341,6.39788341,yes,CLEANED:0,BCC_SQS,Co4Ta12
Co4Tb12,OK,0,0,0,static_OUTCAR,-81.8497970600,-81.8499148800,bcc,2.0,16,401.17742571,3.68764269,3.68764269,7.37528537,7.37528537,7.37528537,yes,CLEANED:0,BCC_SQS,Co4Tb12
Co4Ti12,OK,0,0,0,static_OUTCAR,-123.6027240800,-123.6032953700,bcc,2.0,16,239.95976875,3.10705887,3.10705887,6.21411775,6.21411775,6.21411775,yes,CLEANED:0,BCC_SQS,Co4Ti12
Co4V12,OK,0,0,0,static_OUTCAR,-137.5618640700,-137.5618780900,bcc,2.0,16,201.73482987,2.93244787,2.93244787,5.86489573,5.86489573,5.86489573,yes,CLEANED:0,BCC_SQS,Co4V12
Co4W12,OK,0,0,0,static_OUTCAR,-180.2679010700,-180.2680087700,bcc,2.0,16,241.95304233,3.11563830,3.11563830,6.23127659,6.23127659,6.23127659,yes,CLEANED:0,BCC_SQS,Co4W12
Co4Y12,OK,0,0,0,static_OUTCAR,-104.3024412800,-104.3032613900,bcc,2.0,16,406.40392448,3.70358772,3.70358772,7.40717544,7.40717544,7.40717544,yes,CLEANED:0,BCC_SQS,Co4Y12
Co4Zn12,OK,0,0,0,static_OUTCAR,-40.9820780600,-40.9813989000,bcc,2.0,16,212.62655486,2.98430018,2.98430018,5.96860036,5.96860036,5.96860036,yes,CLEANED:0,BCC_SQS,Co4Zn12
Co4Zr12,OK,0,0,0,static_OUTCAR,-130.6806885800,-130.6787718900,bcc,2.0,16,316.62800001,3.40789687,3.40789687,6.81579374,6.81579374,6.81579374,yes,CLEANED:0,BCC_SQS,Co4Zr12
Co8Co8,OK,0,0,0,static_OUTCAR,-111.1740173400,-111.1729956900,bcc,2.0,16,177.41101482,2.80950751,2.80950751,5.61901503,5.61901503,5.61901503,yes,CLEANED:0,BCC_SQS,Co8Co8
Co8Cr8,OK,0,0,0,static_OUTCAR,-129.9629916700,-129.9622959300,bcc,2.0,16,181.23287868,2.82953889,2.82953889,5.65907778,5.65907778,5.65907778,yes,CLEANED:0,BCC_SQS,Co8Cr8
Co8Cu8,OK,0,0,0,static_OUTCAR,-83.4664296900,-83.4673172100,bcc,2.0,16,182.85364179,2.83794871,2.83794871,5.67589742,5.67589742,5.67589742,yes,CLEANED:0,BCC_SQS,Co8Cu8
Co8Dy8,OK,0,0,0,static_OUTCAR,-88.9645590900,-88.9659050400,bcc,2.0,16,309.18592134,3.38098498,3.38098498,6.76196995,6.76196995,6.76196995,no,CLEANED:0,BCC_SQS,Co8Dy8
Co8Er8,OK,0,0,0,static_OUTCAR,-89.5641985900,-89.5641915100,bcc,2.0,16,297.77960377,3.33888648,3.33888648,6.67777296,6.67777296,6.67777296,no,CLEANED:0,BCC_SQS,Co8Er8
Co8Fe8,OK,0,0,0,static_OUTCAR,-122.6782939300,-122.6786252600,bcc,2.0,16,182.63240946,2.83680372,2.83680372,5.67360743,5.67360743,5.67360743,yes,CLEANED:0,BCC_SQS,Co8Fe8
Co8Ge8,OK,0,0,0,static_OUTCAR,-89.7825440900,-89.7828269500,bcc,2.0,16,217.18733226,3.00548687,3.00548687,6.01097373,6.01097373,6.01097373,yes,CLEANED:0,BCC_SQS,Co8Ge8
Co8Hf8,OK,0,0,0,static_OUTCAR,-135.5123712200,-135.5116182400,bcc,2.0,16,259.44794115,3.18899188,3.18899188,6.37798377,6.37798377,6.37798377,yes,CLEANED:0,BCC_SQS,Co8Hf8
Co8Ir8,OK,0,0,0,static_OUTCAR,-124.3569707400,-124.3564645600,bcc,2.0,16,214.47964428,2.99294474,2.99294474,5.98588947,5.98588947,5.98588947,yes,CLEANED:0,BCC_SQS,Co8Ir8
Co8La8,OK,0,0,0,static_OUTCAR,-91.4955043600,-91.4939269400,bcc,2.0,16,388.68000000,3.64894571,3.64894571,7.29789143,7.29789143,7.29789143,yes,CLEANED:0,BCC_SQS,Co8La8
Co8Mg8,OK,0,0,0,static_OUTCAR,-65.2300452100,-65.2291358100,bcc,2.0,16,230.47477771,3.06556931,3.06556931,6.13113861,6.13113861,6.13113861,yes,CLEANED:0,BCC_SQS,Co8Mg8
Co8Mn8,OK,0,0,0,static_OUTCAR,-126.3573304900,-126.3577398500,bcc,2.0,16,182.30767942,2.83512139,2.83512139,5.67024278,5.67024278,5.67024278,no,CLEANED:0,BCC_SQS,Co8Mn8
Co8Mo8,OK,0,0,0,static_OUTCAR,-140.4753962300,-140.4754397500,bcc,2.0,16,217.20356883,3.00556176,3.00556176,6.01112352,6.01112352,6.01112352,yes,CLEANED:0,BCC_SQS,Co8Mo8
Co8Nb8,OK,0,0,0,static_OUTCAR,-135.2730252600,-135.2730543500,bcc,2.0,16,236.35749314,3.09143270,3.09143270,6.18286539,6.18286539,6.18286539,yes,CLEANED:0,BCC_SQS,Co8Nb8
Co8Ni8,OK,0,0,0,static_OUTCAR,-98.4642808700,-98.4629016100,bcc,2.0,16,175.83528702,2.80116494,2.80116494,5.60232989,5.60232989,5.60232989,yes,CLEANED:0,BCC_SQS,Co8Ni8
Co8Os8,OK,0,0,0,static_OUTCAR,-141.9042072300,-141.9036637800,bcc,2.0,16,210.02683950,2.97208758,2.97208758,5.94417517,5.94417517,5.94417517,yes,CLEANED:0,BCC_SQS,Co8Os8
Co8Pd8,OK,0,0,0,static_OUTCAR,-96.2510947400,-96.2514645200,bcc,2.0,16,218.59088912,3.01194722,3.01194722,6.02389443,6.02389443,6.02389443,yes,CLEANED:0,BCC_SQS,Co8Pd8
Co8Pt8,OK,0,0,0,static_OUTCAR,-104.0475428400,-104.0471636900,bcc,2.0,16,224.12797553,3.03716715,3.03716715,6.07433430,6.07433430,6.07433430,yes,CLEANED:0,BCC_SQS,Co8Pt8
Co8Re8,OK,0,0,0,static_OUTCAR,-153.0343104700,-153.0341378900,bcc,2.0,16,212.46369512,2.98353805,2.98353805,5.96707610,5.96707610,5.96707610,yes,CLEANED:0,BCC_SQS,Co8Re8
Co8Rh8,OK,0,0,0,static_OUTCAR,-111.8905831900,-111.8907496500,bcc,2.0,16,210.18310133,2.97282449,2.97282449,5.94564897,5.94564897,5.94564897,yes,CLEANED:0,BCC_SQS,Co8Rh8
Co8Ru8,OK,0,0,0,static_OUTCAR,-125.9503675800,-125.9486132600,bcc,2.0,16,206.17505927,2.95380654,2.95380654,5.90761307,5.90761307,5.90761307,yes,CLEANED:0,BCC_SQS,Co8Ru8
Co8Sc8,OK,0,0,0,static_OUTCAR,-106.0445689300,-106.0454118600,bcc,2.0,16,253.49529648,3.16441407,3.16441407,6.32882813,6.32882813,6.32882813,yes,CLEANED:0,BCC_SQS,Co8Sc8
Co8Si8,OK,0,0,0,static_OUTCAR,-102.3479811200,-102.3460693900,bcc,2.0,16,182.86295453,2.83799689,2.83799689,5.67599378,5.67599378,5.67599378,yes,CLEANED:0,BCC_SQS,Co8Si8
Co8Sn8,OK,0,0,0,static_OUTCAR,-82.1141156800,-82.1124871600,bcc,2.0,16,283.95131296,3.28638141,3.28638141,6.57276281,6.57276281,6.57276281,yes,CLEANED:0,BCC_SQS,Co8Sn8
Co8Ta8,OK,0,0,0,static_OUTCAR,-149.6529432000,-149.6540551300,bcc,2.0,16,233.22400001,3.07771039,3.07771039,6.15542078,6.15542078,6.15542078,yes,CLEANED:0,BCC_SQS,Co8Ta8
Co8Tb8,OK,0,0,0,static_OUTCAR,-88.9550126100,-88.9563451500,bcc,2.0,16,312.68548648,3.39369320,3.39369320,6.78738641,6.78738641,6.78738641,no,CLEANED:0,BCC_SQS,Co8Tb8
Co8Ti8,OK,0,0,0,static_OUTCAR,-120.6842912300,-120.6839952500,bcc,2.0,16,214.31648779,2.99218562,2.99218562,5.98437125,5.98437125,5.98437125,yes,CLEANED:0,BCC_SQS,Co8Ti8
Co8V8,OK,0,0,0,static_OUTCAR,-128.8618441500,-128.8631044200,bcc,2.0,16,192.26126126,2.88580689,2.88580689,5.77161379,5.77161379,5.77161379,yes,CLEANED:0,BCC_SQS,Co8V8
Co8W8,OK,0,0,0,static_OUTCAR,-156.1385694500,-156.1380902100,bcc,2.0,16,221.60131434,3.02571103,3.02571103,6.05142206,6.05142206,6.05142206,yes,CLEANED:0,BCC_SQS,Co8W8
Co8Y8,OK,0,0,0,static_OUTCAR,-104.5882637900,-104.5874213800,bcc,2.0,16,309.82449957,3.38331102,3.38331102,6.76662204,6.76662204,6.76662204,no,CLEANED:0,BCC_SQS,Co8Y8
Co8Zn8,OK,0,0,0,static_OUTCAR,-64.4621914800,-64.4629105100,bcc,2.0,16,196.78296749,2.90825515,2.90825515,5.81651030,5.81651030,5.81651030,yes,CLEANED:0,BCC_SQS,Co8Zn8
Co8Zr8,OK,0,0,0,static_OUTCAR,-123.7820916700,-123.7828751200,bcc,2.0,16,264.76368479,3.21062421,3.21062421,6.42124843,6.42124843,6.42124843,yes,CLEANED:0,BCC_SQS,Co8Zr8
Cr12Cu4,OK,0,0,0,static_OUTCAR,-125.3857030200,-125.3835936400,bcc,2.0,16,186.94264269,2.85894717,2.85894717,5.71789434,5.71789434,5.71789434,yes,CLEANED:0,BCC_SQS,Cr12Cu4
Cr12Dy4,OK,0,0,0,static_OUTCAR,-121.1971588800,-121.1965609600,bcc,2.0,16,263.95600000,3.20735612,3.20735612,6.41471225,6.41471225,6.41471225,no,CLEANED:0,BCC_SQS,Cr12Dy4
Cr12Er4,OK,0,0,0,static_OUTCAR,-122.9951282300,-122.9949325700,bcc,2.0,16,232.11049967,3.07280452,3.07280452,6.14560904,6.14560904,6.14560904,yes,CLEANED:0,BCC_SQS,Cr12Er4
Cr12Fe4,OK,0,0,0,static_OUTCAR,-146.1148634400,-146.1155709100,bcc,2.0,16,184.06010089,2.84417658,2.84417658,5.68835316,5.68835316,5.68835316,yes,CLEANED:0,BCC_SQS,Cr12Fe4
Cr12Ge4,OK,0,0,0,static_OUTCAR,-130.7187425500,-130.7173392500,bcc,2.0,16,196.47538263,2.90673910,2.90673910,5.81347819,5.81347819,5.81347819,yes,CLEANED:0,BCC_SQS,Cr12Ge4
Cr12Hf4,OK,0,0,0,static_OUTCAR,-149.9784863500,-149.9785168600,bcc,2.0,16,221.71833427,3.02624353,3.02624353,6.05248705,6.05248705,6.05248705,yes,CLEANED:0,BCC_SQS,Cr12Hf4
Cr12Ir4,OK,0,0,0,static_OUTCAR,-148.8280220700,-148.8267495400,bcc,2.0,16,201.73252067,2.93243668,2.93243668,5.86487335,5.86487335,5.86487335,yes,CLEANED:0,BCC_SQS,Cr12Ir4
Cr12La4,OK,0,0,0,static_OUTCAR,-121.4023101800,-121.4025445500,bcc,2.0,16,244.65306863,3.12718490,3.12718490,6.25436980,6.25436980,6.25436980,yes,CLEANED:0,BCC_SQS,Cr12La4
Cr12Mg4,OK,0,0,0,static_OUTCAR,-113.8267823500,-113.8270000600,bcc,2.0,16,205.47904919,2.95047895,2.95047895,5.90095789,5.90095789,5.90095789,yes,CLEANED:0,BCC_SQS,Cr12Mg4
Cr12Mn4,OK,0,0,0,static_OUTCAR,-149.6488980200,-149.6474994400,bcc,2.0,16,181.34806031,2.83013820,2.83013820,5.66027639,5.66027639,5.66027639,yes,CLEANED:0,BCC_SQS,Cr12Mn4
Cr12Mo4,OK,0,0,0,static_OUTCAR,-156.6950687600,-156.6932281500,bcc,2.0,16,203.71797279,2.94202564,2.94202564,5.88405127,5.88405127,5.88405127,yes,CLEANED:0,BCC_SQS,Cr12Mo4
Cr12Nb4,OK,0,0,0,static_OUTCAR,-152.4907602900,-152.4937668700,bcc,2.0,16,213.80759777,2.98981545,2.98981545,5.97963091,5.97963091,5.97963091,yes,CLEANED:0,BCC_SQS,Cr12Nb4
Cr12Ni4,OK,0,0,0,static_OUTCAR,-134.2271810200,-134.2269274900,bcc,2.0,16,182.28221266,2.83498937,2.83498937,5.66997874,5.66997874,5.66997874,yes,CLEANED:0,BCC_SQS,Cr12Ni4
Cr12Os4,OK,0,0,0,static_OUTCAR,-157.6527372900,-157.6513889500,bcc,2.0,16,200.43775587,2.92614953,2.92614953,5.85229905,5.85229905,5.85229905,yes,CLEANED:0,BCC_SQS,Cr12Os4
Cr12Pd4,OK,0,0,0,static_OUTCAR,-131.6608435400,-131.6624295600,bcc,2.0,16,198.84400000,2.91837324,2.91837324,5.83674648,5.83674648,5.83674648,yes,CLEANED:0,BCC_SQS,Cr12Pd4
Cr12Pt4,OK,0,0,0,static_OUTCAR,-137.2724519100,-137.2728957800,bcc,2.0,16,206.34157876,2.95460155,2.95460155,5.90920309,5.90920309,5.90920309,yes,CLEANED:0,BCC_SQS,Cr12Pt4
Cr12Re4,OK,0,0,0,static_OUTCAR,-163.2573231100,-163.2575728200,bcc,2.0,16,202.21190879,2.93475768,2.93475768,5.86951535,5.86951535,5.86951535,yes,CLEANED:0,BCC_SQS,Cr12Re4
Cr12Rh4,OK,0,0,0,static_OUTCAR,-141.5644428700,-141.5649312800,bcc,2.0,16,198.49506557,2.91666517,2.91666517,5.83333035,5.83333035,5.83333035,yes,CLEANED:0,BCC_SQS,Cr12Rh4
Cr12Ru4,OK,0,0,0,static_OUTCAR,-149.3635154000,-149.3632188500,bcc,2.0,16,197.09757780,2.90980420,2.90980420,5.81960840,5.81960840,5.81960840,yes,CLEANED:0,BCC_SQS,Cr12Ru4
Cr12Sc4,OK,0,0,0,static_OUTCAR,-133.7630620800,-133.7629406900,bcc,2.0,16,216.18894015,3.00087447,3.00087447,6.00174894,6.00174894,6.00174894,yes,CLEANED:0,BCC_SQS,Cr12Sc4
Cr12Si4,OK,0,0,0,static_OUTCAR,-137.5559872300,-137.5563641500,bcc,2.0,16,185.58614612,2.85201533,2.85201533,5.70403066,5.70403066,5.70403066,yes,CLEANED:0,BCC_SQS,Cr12Si4
Cr12Sn4,OK,0,0,0,static_OUTCAR,-122.3103677000,-122.3072304100,bcc,2.0,16,247.42400000,3.13894673,3.13894673,6.27789346,6.27789346,6.27789346,yes,CLEANED:0,BCC_SQS,Cr12Sn4
Cr12Ta4,OK,0,0,0,static_OUTCAR,-160.0151533100,-160.0164586900,bcc,2.0,16,213.85649052,2.99004334,2.99004334,5.98008667,5.98008667,5.98008667,yes,CLEANED:0,BCC_SQS,Cr12Ta4
Cr12Tb4,OK,0,0,0,static_OUTCAR,-122.4092596800,-122.4091673600,bcc,2.0,16,235.35349920,3.08704925,3.08704925,6.17409849,6.17409849,6.17409849,yes,CLEANED:0,BCC_SQS,Cr12Tb4
Cr12Ti4,OK,0,0,0,static_OUTCAR,-144.7050256200,-144.7056235100,bcc,2.0,16,201.01578482,2.92895967,2.92895967,5.85791934,5.85791934,5.85791934,yes,CLEANED:0,BCC_SQS,Cr12Ti4
Cr12V4,OK,0,0,0,static_OUTCAR,-151.0673191000,-151.0674796200,bcc,2.0,16,190.73126181,2.87813149,2.87813149,5.75626299,5.75626299,5.75626299,yes,CLEANED:0,BCC_SQS,Cr12V4
Cr12W4,OK,0,0,0,static_OUTCAR,-164.7240043000,-164.7225725300,bcc,2.0,16,206.69792584,2.95630141,2.95630141,5.91260282,5.91260282,5.91260282,yes,CLEANED:0,BCC_SQS,Cr12W4
Cr12Y4,OK,0,0,0,static_OUTCAR,-130.3775975600,-130.3769657400,bcc,2.0,16,262.96482707,3.20333647,3.20333647,6.40667295,6.40667295,6.40667295,yes,CLEANED:0,BCC_SQS,Cr12Y4
Cr12Zn4,OK,0,0,0,static_OUTCAR,-115.8284302600,-115.8268186100,bcc,2.0,16,193.43625824,2.89167379,2.89167379,5.78334758,5.78334758,5.78334758,yes,CLEANED:0,BCC_SQS,Cr12Zn4
Cr12Zr4,OK,0,0,0,static_OUTCAR,-143.7138258900,-143.7142986100,bcc,2.0,16,223.03756425,3.03223374,3.03223374,6.06446748,6.06446748,6.06446748,yes,CLEANED:0,BCC_SQS,Cr12Zr4
Cr4Cu12,OK,0,0,0,static_OUTCAR,-79.4932615600,-79.4935622400,bcc,2.0,16,188.93472978,2.86906643,2.86906643,5.73813285,5.73813285,5.73813285,yes,CLEANED:0,BCC_SQS,Cr4Cu12
Cr4Dy12,OK,0,0,0,static_OUTCAR,-86.0736653300,-86.0735877900,bcc,2.0,16,444.53487004,3.81597290,3.81597290,7.63194581,7.63194581,7.63194581,yes,CLEANED:0,BCC_SQS,Cr4Dy12
Cr4Er12,OK,0,0,0,static_OUTCAR,-85.7578602100,-85.7580956500,bcc,2.0,16,431.99538288,3.77974968,3.77974968,7.55949937,7.55949937,7.55949937,yes,CLEANED:0,BCC_SQS,Cr4Er12
Cr4Fe12,OK,0,0,0,static_OUTCAR,-136.6797979700,-136.6788321700,bcc,2.0,16,182.56523586,2.83645587,2.83645587,5.67291175,5.67291175,5.67291175,yes,CLEANED:0,BCC_SQS,Cr4Fe12
Cr4Ge12,OK,0,0,0,static_OUTCAR,-86.5468757500,-86.5466597100,bcc,2.0,16,282.24426816,3.27978253,3.27978253,6.55956506,6.55956506,6.55956506,yes,CLEANED:0,BCC_SQS,Cr4Ge12
Cr4Hf12,OK,0,0,0,static_OUTCAR,-153.6436382800,-153.6442815200,bcc,2.0,16,309.91350161,3.38363496,3.38363496,6.76726992,6.76726992,6.76726992,yes,CLEANED:0,BCC_SQS,Cr4Hf12
Cr4Ir12,OK,0,0,0,static_OUTCAR,-141.1344807900,-141.1353958100,bcc,2.0,16,233.49159899,3.07888705,3.07888705,6.15777411,6.15777411,6.15777411,yes,CLEANED:0,BCC_SQS,Cr4Ir12
Cr4La12,OK,0,0,0,static_OUTCAR,-88.3669559300,-88.3661806900,bcc,2.0,16,658.91666038,4.35091067,4.35091067,8.70182135,8.70182135,8.70182135,yes,CLEANED:0,BCC_SQS,Cr4La12
Cr4Mg12,OK,0,0,0,static_OUTCAR,-51.3072030900,-51.3058624000,bcc,2.0,16,328.47824161,3.44989232,3.44989232,6.89978464,6.89978464,6.89978464,yes,CLEANED:0,BCC_SQS,Cr4Mg12
Cr4Mn12,OK,0,0,0,static_OUTCAR,-144.5025985800,-144.5025075100,bcc,2.0,16,178.35067644,2.81445899,2.81445899,5.62891798,5.62891798,5.62891798,yes,CLEANED:0,BCC_SQS,Cr4Mn12
Cr4Mo12,OK,0,0,0,static_OUTCAR,-168.1350917600,-168.1328427500,bcc,2.0,16,237.42775160,3.09609181,3.09609181,6.19218363,6.19218363,6.19218363,yes,CLEANED:0,BCC_SQS,Cr4Mo12
Cr4Nb12,OK,0,0,0,static_OUTCAR,-157.4975939100,-157.5008108900,bcc,2.0,16,267.83490162,3.22299076,3.22299076,6.44598153,6.44598153,6.44598153,yes,CLEANED:0,BCC_SQS,Cr4Nb12
Cr4Ni12,OK,0,0,0,static_OUTCAR,-102.3610764000,-102.3612557900,bcc,2.0,16,175.42782896,2.79899958,2.79899958,5.59799917,5.59799917,5.59799917,yes,CLEANED:0,BCC_SQS,Cr4Ni12
Cr4Os12,OK,0,0,0,static_OUTCAR,-165.4113834900,-165.4111389900,bcc,2.0,16,228.52209803,3.05688714,3.05688714,6.11377428,6.11377428,6.11377428,yes,CLEANED:0,BCC_SQS,Cr4Os12
Cr4Pb12,OK,0,0,0,static_OUTCAR,-72.7648455000,-72.7638453200,bcc,2.0,16,532.71792291,4.05324113,4.05324113,8.10648225,8.10648225,8.10648225,no,CLEANED:0,BCC_SQS,Cr4Pb12
Cr4Pd12,OK,0,0,0,static_OUTCAR,-98.7254569000,-98.7278242100,bcc,2.0,16,238.50976128,3.10078787,3.10078787,6.20157575,6.20157575,6.20157575,yes,CLEANED:0,BCC_SQS,Cr4Pd12
Cr4Pt12,OK,0,0,0,static_OUTCAR,-110.5580591500,-110.5569908700,bcc,2.0,16,247.48287946,3.13919570,3.13919570,6.27839140,6.27839140,6.27839140,yes,CLEANED:0,BCC_SQS,Cr4Pt12
Cr4Re12,OK,0,0,0,static_OUTCAR,-184.5162151500,-184.5159328500,bcc,2.0,16,230.90878153,3.06749234,3.06749234,6.13498469,6.13498469,6.13498469,yes,CLEANED:0,BCC_SQS,Cr4Re12
Cr4Rh12,OK,0,0,0,static_OUTCAR,-123.1619190800,-123.1617721900,bcc,2.0,16,221.50292718,3.02526317,3.02526317,6.05052635,6.05052635,6.05052635,yes,CLEANED:0,BCC_SQS,Cr4Rh12
Cr4Ru12,OK,0,0,0,static_OUTCAR,-143.1253567900,-143.1250877300,bcc,2.0,16,218.54033910,3.01171502,3.01171502,6.02343004,6.02343004,6.02343004,yes,CLEANED:0,BCC_SQS,Cr4Ru12
Cr4Sc12,OK,0,0,0,static_OUTCAR,-109.0848972200,-109.0853462900,bcc,2.0,16,353.32936682,3.53478700,3.53478700,7.06957400,7.06957400,7.06957400,yes,CLEANED:0,BCC_SQS,Cr4Sc12
Cr4Si12,OK,0,0,0,static_OUTCAR,-100.0644264400,-100.0646808500,bcc,2.0,16,206.97359227,2.95761507,2.95761507,5.91523014,5.91523014,5.91523014,yes,CLEANED:0,BCC_SQS,Cr4Si12
Cr4Sn12,OK,0,0,0,static_OUTCAR,-78.8832215200,-78.8839362100,bcc,2.0,16,393.94068336,3.66533451,3.66533451,7.33066902,7.33066902,7.33066902,yes,CLEANED:0,BCC_SQS,Cr4Sn12
Cr4Ta12,OK,0,0,0,static_OUTCAR,-178.5415170300,-178.5416091600,bcc,2.0,16,267.98740131,3.22360235,3.22360235,6.44720470,6.44720470,6.44720470,yes,CLEANED:0,BCC_SQS,Cr4Ta12
Cr4Tb12,OK,0,0,0,static_OUTCAR,-86.4467623300,-86.4466115000,bcc,2.0,16,435.69599999,3.79051188,3.79051188,7.58102376,7.58102376,7.58102376,yes,CLEANED:0,BCC_SQS,Cr4Tb12
Cr4Ti12,OK,0,0,0,static_OUTCAR,-130.2998816500,-130.3015585000,bcc,2.0,16,247.42516051,3.13895164,3.13895164,6.27790328,6.27790328,6.27790328,yes,CLEANED:0,BCC_SQS,Cr4Ti12
Cr4V12,OK,0,0,0,static_OUTCAR,-146.4277091000,-146.4259343400,bcc,2.0,16,206.44837914,2.95511122,2.95511122,5.91022243,5.91022243,5.91022243,yes,CLEANED:0,BCC_SQS,Cr4V12
Cr4W12,OK,0,0,0,static_OUTCAR,-192.3850187900,-192.3836257600,bcc,2.0,16,243.40512433,3.12185871,3.12185871,6.24371741,6.24371741,6.24371741,yes,CLEANED:0,BCC_SQS,Cr4W12
Cr4Y12,OK,0,0,0,static_OUTCAR,-110.2746889600,-110.2748718300,bcc,2.0,16,416.67412145,3.73452623,3.73452623,7.46905245,7.46905245,7.46905245,yes,CLEANED:0,BCC_SQS,Cr4Y12
Cr4Zn12,OK,0,0,0,static_OUTCAR,-49.0289523400,-49.0299257600,bcc,2.0,16,229.19234936,3.05987282,3.05987282,6.11974565,6.11974565,6.11974565,yes,CLEANED:0,BCC_SQS,Cr4Zn12
Cr4Zr12,OK,0,0,0,static_OUTCAR,-136.7034309400,-136.7050899600,bcc,2.0,16,333.62926393,3.46783200,3.46783200,6.93566400,6.93566400,6.93566400,yes,CLEANED:0,BCC_SQS,Cr4Zr12
Cr8Cr8,OK,0,0,0,static_OUTCAR,-152.2676984700,-152.2679612500,bcc,2.0,16,184.35000937,2.84566906,2.84566906,5.69133812,5.69133812,5.69133812,yes,CLEANED:0,BCC_SQS,Cr8Cr8
Cr8Cu8,OK,0,0,0,static_OUTCAR,-100.5783118900,-100.5781999900,bcc,2.0,16,201.38743745,2.93076365,2.93076365,5.86152730,5.86152730,5.86152730,yes,CLEANED:0,BCC_SQS,Cr8Cu8
Cr8Dy8,OK,0,0,0,static_OUTCAR,-103.1948485300,-103.1930678900,bcc,2.0,16,332.72585551,3.46469908,3.46469908,6.92939817,6.92939817,6.92939817,yes,CLEANED:0,BCC_SQS,Cr8Dy8
Cr8Er8,OK,0,0,0,static_OUTCAR,-104.2383172400,-104.2375081600,bcc,2.0,16,338.27506746,3.48385444,3.48385444,6.96770887,6.96770887,6.96770887,no,CLEANED:0,BCC_SQS,Cr8Er8
Cr8Fe8,OK,0,0,0,static_OUTCAR,-140.9116402500,-140.9108381100,bcc,2.0,16,182.42224290,2.83571514,2.83571514,5.67143027,5.67143027,5.67143027,yes,CLEANED:0,BCC_SQS,Cr8Fe8
Cr8Ge8,OK,0,0,0,static_OUTCAR,-107.2260796200,-107.2259741300,bcc,2.0,16,236.29133417,3.09114423,3.09114423,6.18228846,6.18228846,6.18228846,yes,CLEANED:0,BCC_SQS,Cr8Ge8
Cr8Hf8,OK,0,0,0,static_OUTCAR,-150.4199611700,-150.4185600200,bcc,2.0,16,282.65060103,3.28135569,3.28135569,6.56271137,6.56271137,6.56271137,yes,CLEANED:0,BCC_SQS,Cr8Hf8
Cr8Ir8,OK,0,0,0,static_OUTCAR,-146.4253488200,-146.4252511000,bcc,2.0,16,217.30340121,3.00602217,3.00602217,6.01204434,6.01204434,6.01204434,yes,CLEANED:0,BCC_SQS,Cr8Ir8
Cr8La8,OK,0,0,0,static_OUTCAR,-105.2691240400,-105.2684944800,bcc,2.0,16,425.87542966,3.76181586,3.76181586,7.52363171,7.52363171,7.52363171,yes,CLEANED:0,BCC_SQS,Cr8La8
Cr8Mg8,OK,0,0,0,static_OUTCAR,-81.1535246000,-81.1544243200,bcc,2.0,16,273.12873513,3.24408682,3.24408682,6.48817364,6.48817364,6.48817364,yes,CLEANED:0,BCC_SQS,Cr8Mg8
Cr8Mn8,OK,0,0,0,static_OUTCAR,-147.0840655500,-147.0827127100,bcc,2.0,16,180.02624492,2.82324529,2.82324529,5.64649058,5.64649058,5.64649058,yes,CLEANED:0,BCC_SQS,Cr8Mn8
Cr8Mo8,OK,0,0,0,static_OUTCAR,-162.0574357000,-162.0572165300,bcc,2.0,16,221.31387636,3.02440225,3.02440225,6.04880450,6.04880450,6.04880450,yes,CLEANED:0,BCC_SQS,Cr8Mo8
Cr8Nb8,OK,0,0,0,static_OUTCAR,-154.4551631800,-154.4546336600,bcc,2.0,16,242.95586071,3.11993681,3.11993681,6.23987361,6.23987361,6.23987361,yes,CLEANED:0,BCC_SQS,Cr8Nb8
Cr8Ni8,OK,0,0,0,static_OUTCAR,-118.1028855500,-118.1034605500,bcc,2.0,16,184.14564952,2.84461716,2.84461716,5.68923432,5.68923432,5.68923432,yes,CLEANED:0,BCC_SQS,Cr8Ni8
Cr8Os8,OK,0,0,0,static_OUTCAR,-162.9437139500,-162.9438475700,bcc,2.0,16,214.03368850,2.99086894,2.99086894,5.98173788,5.98173788,5.98173788,yes,CLEANED:0,BCC_SQS,Cr8Os8
Cr8Pd8,OK,0,0,0,static_OUTCAR,-113.4074388600,-113.4081354300,bcc,2.0,16,236.51441965,3.09211672,3.09211672,6.18423344,6.18423344,6.18423344,no,CLEANED:0,BCC_SQS,Cr8Pd8
Cr8Pt8,OK,0,0,0,static_OUTCAR,-122.4990715200,-122.4996757700,bcc,2.0,16,238.90591472,3.10250368,3.10250368,6.20500736,6.20500736,6.20500736,no,CLEANED:0,BCC_SQS,Cr8Pt8
Cr8Re8,OK,0,0,0,static_OUTCAR,-173.9782567400,-173.9776177900,bcc,2.0,16,217.37657079,3.00635952,3.00635952,6.01271904,6.01271904,6.01271904,yes,CLEANED:0,BCC_SQS,Cr8Re8
Cr8Rh8,OK,0,0,0,static_OUTCAR,-132.4603161200,-132.4594778300,bcc,2.0,16,220.36957667,3.02009462,3.02009462,6.04018925,6.04018925,6.04018925,yes,CLEANED:0,BCC_SQS,Cr8Rh8
Cr8Ru8,OK,0,0,0,static_OUTCAR,-147.1508384900,-147.1511715600,bcc,2.0,16,208.26518398,2.96375452,2.96375452,5.92750904,5.92750904,5.92750904,yes,CLEANED:0,BCC_SQS,Cr8Ru8
Cr8Sc8,OK,0,0,0,static_OUTCAR,-119.9381295700,-119.9392238400,bcc,2.0,16,290.27200000,3.31058736,3.31058736,6.62117472,6.62117472,6.62117472,yes,CLEANED:0,BCC_SQS,Cr8Sc8
Cr8Si8,OK,0,0,0,static_OUTCAR,-119.4746807900,-119.4746683300,bcc,2.0,16,190.89656412,2.87896272,2.87896272,5.75792545,5.75792545,5.75792545,yes,CLEANED:0,BCC_SQS,Cr8Si8
Cr8Sn8,OK,0,0,0,static_OUTCAR,-97.5719806500,-97.5717535600,bcc,2.0,16,335.78468516,3.47528399,3.47528399,6.95056797,6.95056797,6.95056797,yes,CLEANED:0,BCC_SQS,Cr8Sn8
Cr8Ta8,OK,0,0,0,static_OUTCAR,-168.8111489900,-168.8114383400,bcc,2.0,16,236.59200000,3.09245477,3.09245477,6.18490954,6.18490954,6.18490954,yes,CLEANED:0,BCC_SQS,Cr8Ta8
Cr8Tb8,OK,0,0,0,static_OUTCAR,-103.6981413100,-103.6984329900,bcc,2.0,16,349.48809897,3.52193066,3.52193066,7.04386132,7.04386132,7.04386132,yes,CLEANED:0,BCC_SQS,Cr8Tb8
Cr8Ti8,OK,0,0,0,static_OUTCAR,-136.9956647500,-136.9949043600,bcc,2.0,16,227.76146425,3.05349176,3.05349176,6.10698353,6.10698353,6.10698353,yes,CLEANED:0,BCC_SQS,Cr8Ti8
Cr8V8,OK,0,0,0,static_OUTCAR,-148.9534641900,-148.9543431800,bcc,2.0,16,197.90274736,2.91376113,2.91376113,5.82752226,5.82752226,5.82752226,yes,CLEANED:0,BCC_SQS,Cr8V8
Cr8W8,OK,0,0,0,static_OUTCAR,-178.1634499400,-178.1628079500,bcc,2.0,16,226.07500982,3.04593658,3.04593658,6.09187317,6.09187317,6.09187317,yes,CLEANED:0,BCC_SQS,Cr8W8
Cr8Y8,OK,0,0,0,static_OUTCAR,-116.5108979500,-116.5112804100,bcc,2.0,16,377.79804171,3.61456943,3.61456943,7.22913887,7.22913887,7.22913887,yes,CLEANED:0,BCC_SQS,Cr8Y8
Cr8Zn8,OK,0,0,0,static_OUTCAR,-82.4645734900,-82.4645840600,bcc,2.0,16,219.76739416,3.01734121,3.01734121,6.03468241,6.03468241,6.03468241,yes,CLEANED:0,BCC_SQS,Cr8Zn8
Cr8Zr8,OK,0,0,0,static_OUTCAR,-139.4664458200,-139.4662880900,bcc,2.0,16,271.96366651,3.23946755,3.23946755,6.47893509,6.47893509,6.47893509,yes,CLEANED:0,BCC_SQS,Cr8Zr8
Cu12Dy4,OK,0,0,0,static_OUTCAR,-62.6647200800,-62.6640915300,bcc,2.0,16,258.61719639,3.18558456,3.18558456,6.37116912,6.37116912,6.37116912,yes,CLEANED:0,BCC_SQS,Cu12Dy4
Cu12Er4,OK,0,0,0,static_OUTCAR,-62.7061404000,-62.7057526800,bcc,2.0,16,254.64644813,3.16919682,3.16919682,6.33839365,6.33839365,6.33839365,yes,CLEANED:0,BCC_SQS,Cu12Er4
Cu12Fe4,OK,0,0,0,static_OUTCAR,-76.0703774600,-76.0706547000,bcc,2.0,16,189.84857463,2.87368471,2.87368471,5.74736943,5.74736943,5.74736943,yes,CLEANED:0,BCC_SQS,Cu12Fe4
Cu12Ge4,OK,0,0,0,static_OUTCAR,-61.5179948400,-61.5181892500,bcc,2.0,16,209.95877091,2.97176647,2.97176647,5.94353294,5.94353294,5.94353294,yes,CLEANED:0,BCC_SQS,Cu12Ge4
Cu12Hf4,OK,0,0,0,static_OUTCAR,-84.2030047400,-84.2017339100,bcc,2.0,16,234.56477711,3.08359692,3.08359692,6.16719385,6.16719385,6.16719385,yes,CLEANED:0,BCC_SQS,Cu12Hf4
Cu12Ir4,OK,0,0,0,static_OUTCAR,-78.3677159700,-78.3660079200,bcc,2.0,16,205.14410630,2.94887492,2.94887492,5.89774985,5.89774985,5.89774985,yes,CLEANED:0,BCC_SQS,Cu12Ir4
Cu12La4,OK,0,0,0,static_OUTCAR,-63.1908524200,-63.1923040400,bcc,2.0,16,285.76505944,3.29336384,3.29336384,6.58672769,6.58672769,6.58672769,yes,CLEANED:0,BCC_SQS,Cu12La4
Cu12Mg4,OK,0,0,0,static_OUTCAR,-50.9432192600,-50.9451601400,bcc,2.0,16,214.22818373,2.99177462,2.99177462,5.98354923,5.98354923,5.98354923,yes,CLEANED:0,BCC_SQS,Cu12Mg4
Cu12Mn4,OK,0,0,0,static_OUTCAR,-78.6436932200,-78.6437814800,bcc,2.0,16,198.70583885,2.91769717,2.91769717,5.83539434,5.83539434,5.83539434,yes,CLEANED:0,BCC_SQS,Cu12Mn4
Cu12Mo4,OK,0,0,0,static_OUTCAR,-85.4322552300,-85.4326551400,bcc,2.0,16,209.31542550,2.96872805,2.96872805,5.93745610,5.93745610,5.93745610,yes,CLEANED:0,BCC_SQS,Cu12Mo4
Cu12Nb4,OK,0,0,0,static_OUTCAR,-83.1512815200,-83.1524832400,bcc,2.0,16,223.11230311,3.03257240,3.03257240,6.06514479,6.06514479,6.06514479,yes,CLEANED:0,BCC_SQS,Cu12Nb4
Cu12Ni4,OK,0,0,0,static_OUTCAR,-66.1636775000,-66.1610222000,bcc,2.0,16,184.04426748,2.84409502,2.84409502,5.68819005,5.68819005,5.68819005,yes,CLEANED:0,BCC_SQS,Cu12Ni4
Cu12Os4,OK,0,0,0,static_OUTCAR,-85.6104754100,-85.6086322700,bcc,2.0,16,203.49236018,2.94093916,2.94093916,5.88187833,5.88187833,5.88187833,yes,CLEANED:0,BCC_SQS,Cu12Os4
Cu12Pb4,OK,0,0,0,static_OUTCAR,-53.9857607800,-53.9851824500,bcc,2.0,16,235.26358153,3.08665606,3.08665606,6.17331211,6.17331211,6.17331211,no,CLEANED:0,BCC_SQS,Cu12Pb4
Cu12Pd4,OK,0,0,0,static_OUTCAR,-66.4103779300,-66.4098672000,bcc,2.0,16,206.89664662,2.95724851,2.95724851,5.91449702,5.91449702,5.91449702,yes,CLEANED:0,BCC_SQS,Cu12Pd4
Cu12Pt4,OK,0,0,0,static_OUTCAR,-70.1127681100,-70.1117952600,bcc,2.0,16,210.07291324,2.97230490,2.97230490,5.94460979,5.94460979,5.94460979,yes,CLEANED:0,BCC_SQS,Cu12Pt4
Cu12Re4,OK,0,0,0,static_OUTCAR,-90.6546268900,-90.6552669800,bcc,2.0,16,205.58758305,2.95099834,2.95099834,5.90199667,5.90199667,5.90199667,yes,CLEANED:0,BCC_SQS,Cu12Re4
Cu12Rh4,OK,0,0,0,static_OUTCAR,-72.8270909200,-72.8282041900,bcc,2.0,16,202.43412237,2.93583230,2.93583230,5.87166460,5.87166460,5.87166460,yes,CLEANED:0,BCC_SQS,Cu12Rh4
Cu12Ru4,OK,0,0,0,static_OUTCAR,-78.6073629100,-78.6037938100,bcc,2.0,16,200.83200000,2.92806677,2.92806677,5.85613353,5.85613353,5.85613353,yes,CLEANED:0,BCC_SQS,Cu12Ru4
Cu12Sc4,OK,0,0,0,static_OUTCAR,-70.4138458500,-70.4135226000,bcc,2.0,16,230.29157796,3.06475684,3.06475684,6.12951368,6.12951368,6.12951368,yes,CLEANED:0,BCC_SQS,Cu12Sc4
Cu12Si4,OK,0,0,0,static_OUTCAR,-66.0727230000,-66.0732638100,bcc,2.0,16,194.91714653,2.89903429,2.89903429,5.79806859,5.79806859,5.79806859,yes,CLEANED:0,BCC_SQS,Cu12Si4
Cu12Sn4,OK,0,0,0,static_OUTCAR,-58.2652683200,-58.2651909300,bcc,2.0,16,243.15485372,3.12078837,3.12078837,6.24157674,6.24157674,6.24157674,yes,CLEANED:0,BCC_SQS,Cu12Sn4
Cu12Ta4,OK,0,0,0,static_OUTCAR,-89.8866162900,-89.8872509000,bcc,2.0,16,222.43962209,3.02952160,3.02952160,6.05904321,6.05904321,6.05904321,yes,CLEANED:0,BCC_SQS,Cu12Ta4
Cu12Tb4,OK,0,0,0,static_OUTCAR,-62.6642344500,-62.6629565400,bcc,2.0,16,260.95581918,3.19515796,3.19515796,6.39031591,6.39031591,6.39031591,yes,CLEANED:0,BCC_SQS,Cu12Tb4
Cu12Ti4,OK,0,0,0,static_OUTCAR,-75.8233509500,-75.8236798400,bcc,2.0,16,210.47869133,2.97421744,2.97421744,5.94843488,5.94843488,5.94843488,yes,CLEANED:0,BCC_SQS,Cu12Ti4
Cu12V4,OK,0,0,0,static_OUTCAR,-78.8135728100,-78.8134553700,bcc,2.0,16,197.22156839,2.91041424,2.91041424,5.82082849,5.82082849,5.82082849,yes,CLEANED:0,BCC_SQS,Cu12V4
Cu12W4,OK,0,0,0,static_OUTCAR,-92.5325065800,-92.5337324600,bcc,2.0,16,211.60511955,2.97951375,2.97951375,5.95902751,5.95902751,5.95902751,yes,CLEANED:0,BCC_SQS,Cu12W4
Cu12Y4,OK,0,0,0,static_OUTCAR,-70.1400605300,-70.1395783800,bcc,2.0,16,260.60184519,3.19371261,3.19371261,6.38742522,6.38742522,6.38742522,yes,CLEANED:0,BCC_SQS,Cu12Y4
Cu12Zn4,OK,0,0,0,static_OUTCAR,-49.7494911900,-49.7506053400,bcc,2.0,16,197.95596878,2.91402230,2.91402230,5.82804461,5.82804461,5.82804461,yes,CLEANED:0,BCC_SQS,Cu12Zn4
Cu12Zr4,OK,0,0,0,static_OUTCAR,-78.5512930200,-78.5510053000,bcc,2.0,16,237.66141544,3.09710715,3.09710715,6.19421430,6.19421430,6.19421430,yes,CLEANED:0,BCC_SQS,Cu12Zr4
Cu4Dy12,OK,0,0,0,static_OUTCAR,-68.7770050600,-68.7779737200,bcc,2.0,16,429.02400001,3.77106369,3.77106369,7.54212737,7.54212737,7.54212737,yes,CLEANED:0,BCC_SQS,Cu4Dy12
Cu4Er12,OK,0,0,0,static_OUTCAR,-68.2737429000,-68.2718097400,bcc,2.0,16,411.56902954,3.71921170,3.71921170,7.43842341,7.43842341,7.43842341,yes,CLEANED:0,BCC_SQS,Cu4Er12
Cu4Fe12,OK,0,0,0,static_OUTCAR,-112.4348603300,-112.4344646700,bcc,2.0,16,188.79193692,2.86834345,2.86834345,5.73668690,5.73668690,5.73668690,yes,CLEANED:0,BCC_SQS,Cu4Fe12
Cu4Ge12,OK,0,0,0,static_OUTCAR,-64.2594455600,-64.2576028900,bcc,2.0,16,279.17084277,3.26783427,3.26783427,6.53566855,6.53566855,6.53566855,yes,CLEANED:0,BCC_SQS,Cu4Ge12
Cu4Hf12,OK,0,0,0,static_OUTCAR,-133.0138398300,-133.0139124900,bcc,2.0,16,316.36928010,3.40696841,3.40696841,6.81393682,6.81393682,6.81393682,yes,CLEANED:0,BCC_SQS,Cu4Hf12
Cu4Ir12,OK,0,0,0,static_OUTCAR,-116.0709911900,-116.0699856000,bcc,2.0,16,229.90456819,3.06303908,3.06303908,6.12607816,6.12607816,6.12607816,yes,CLEANED:0,BCC_SQS,Cu4Ir12
Cu4La12,CHECK,1,0,0,static_OUTCAR,47.8721530700,47.8749087400,bcc,2.0,16,499.18800001,3.96635318,3.96635318,7.93270637,7.93270637,7.93270637,yes,CLEANED:0;VOLUME_NONZERO,BCC_SQS,Cu4La12
Cu4Mg12,OK,0,0,0,static_OUTCAR,-32.7393930600,-32.7412486000,bcc,2.0,16,299.68921286,3.34600851,3.34600851,6.69201702,6.69201702,6.69201702,yes,CLEANED:0,BCC_SQS,Cu4Mg12
Cu4Mn12,OK,0,0,0,static_OUTCAR,-119.4613071700,-119.4621689000,bcc,2.0,16,184.87976716,2.84839228,2.84839228,5.69678455,5.69678455,5.69678455,no,CLEANED:0,BCC_SQS,Cu4Mn12
Cu4Mo12,OK,0,0,0,static_OUTCAR,-142.5775708000,-142.5779011000,bcc,2.0,16,240.18533449,3.10803213,3.10803213,6.21606426,6.21606426,6.21606426,yes,CLEANED:0,BCC_SQS,Cu4Mo12
Cu4Nb12,OK,0,0,0,static_OUTCAR,-134.1283332400,-134.1273574800,bcc,2.0,16,273.53617980,3.24569916,3.24569916,6.49139832,6.49139832,6.49139832,yes,CLEANED:0,BCC_SQS,Cu4Nb12
Cu4Ni12,OK,0,0,0,static_OUTCAR,-79.4010842200,-79.3995720400,bcc,2.0,16,176.76302011,2.80608276,2.80608276,5.61216552,5.61216552,5.61216552,yes,CLEANED:0,BCC_SQS,Cu4Ni12
Cu4Os12,OK,0,0,0,static_OUTCAR,-142.1903596900,-142.1903609400,bcc,2.0,16,226.95533214,3.04988503,3.04988503,6.09977005,6.09977005,6.09977005,yes,CLEANED:0,BCC_SQS,Cu4Os12
Cu4Pb12,OK,0,0,0,static_OUTCAR,-54.4474484200,-54.4444193200,bcc,2.0,16,431.40112854,3.77801574,3.77801574,7.55603149,7.55603149,7.55603149,yes,CLEANED:0,BCC_SQS,Cu4Pb12
Cu4Pd12,OK,0,0,0,static_OUTCAR,-77.5919136300,-77.5920193900,bcc,2.0,16,233.68800000,3.07975008,3.07975008,6.15950016,6.15950016,6.15950016,yes,CLEANED:0,BCC_SQS,Cu4Pd12
Cu4Pt12,OK,0,0,0,static_OUTCAR,-87.5695177800,-87.5685953300,bcc,2.0,16,241.32974913,3.11296061,3.11296061,6.22592121,6.22592121,6.22592121,yes,CLEANED:0,BCC_SQS,Cu4Pt12
Cu4Re12,OK,0,0,0,static_OUTCAR,-159.7625091400,-159.7643806200,bcc,2.0,16,231.65591101,3.07079718,3.07079718,6.14159436,6.14159436,6.14159436,yes,CLEANED:0,BCC_SQS,Cu4Re12
Cu4Rh12,OK,0,0,0,static_OUTCAR,-98.8616175500,-98.8617070000,bcc,2.0,16,222.58184901,3.03016715,3.03016715,6.06033431,6.06033431,6.06033431,yes,CLEANED:0,BCC_SQS,Cu4Rh12
Cu4Ru12,OK,0,0,0,static_OUTCAR,-120.1542474800,-120.1557219100,bcc,2.0,16,219.02722661,3.01394997,3.01394997,6.02789994,6.02789994,6.02789994,yes,CLEANED:0,BCC_SQS,Cu4Ru12
Cu4Sc12,OK,0,0,0,static_OUTCAR,-89.7566703000,-89.7554074500,bcc,2.0,16,335.14764079,3.47308485,3.47308485,6.94616969,6.94616969,6.94616969,yes,CLEANED:0,BCC_SQS,Cu4Sc12
Cu4Si12,OK,0,0,0,static_OUTCAR,-73.6725784300,-73.6719350800,bcc,2.0,16,224.81251318,3.04025607,3.04025607,6.08051214,6.08051214,6.08051214,yes,CLEANED:0,BCC_SQS,Cu4Si12
Cu4Sn12,OK,0,0,0,static_OUTCAR,-58.2913542700,-58.2918506800,bcc,2.0,16,385.67790353,3.63952682,3.63952682,7.27905363,7.27905363,7.27905363,yes,CLEANED:0,BCC_SQS,Cu4Sn12
Cu4Ta12,OK,0,0,0,static_OUTCAR,-154.5524015100,-154.5518307000,bcc,2.0,16,266.00399999,3.21562991,3.21562991,6.43125983,6.43125983,6.43125983,yes,CLEANED:0,BCC_SQS,Cu4Ta12
Cu4Tb12,OK,0,0,0,static_OUTCAR,-69.1129651300,-69.1121073900,bcc,2.0,16,428.78512780,3.77036367,3.77036367,7.54072734,7.54072734,7.54072734,yes,CLEANED:0,BCC_SQS,Cu4Tb12
Cu4Ti12,OK,0,0,0,static_OUTCAR,-108.2359674800,-108.2361284600,bcc,2.0,16,251.30370695,3.15526836,3.15526836,6.31053672,6.31053672,6.31053672,yes,CLEANED:0,BCC_SQS,Cu4Ti12
Cu4V12,OK,0,0,0,static_OUTCAR,-121.6155864900,-121.6146183700,bcc,2.0,16,209.57901678,2.96997370,2.96997370,5.93994740,5.93994740,5.93994740,yes,CLEANED:0,BCC_SQS,Cu4V12
Cu4W12,OK,0,0,0,static_OUTCAR,-165.7263675900,-165.7267634000,bcc,2.0,16,246.08379963,3.13326898,3.13326898,6.26653796,6.26653796,6.26653796,yes,CLEANED:0,BCC_SQS,Cu4W12
Cu4Y12,OK,0,0,0,static_OUTCAR,-91.4126375800,-91.4121891500,bcc,2.0,16,432.35189249,3.78078916,3.78078916,7.56157832,7.56157832,7.56157832,yes,CLEANED:0,BCC_SQS,Cu4Y12
Cu4Zn12,OK,0,0,0,static_OUTCAR,-28.4075770400,-28.4085262100,bcc,2.0,16,220.55237560,3.02092946,3.02092946,6.04185892,6.04185892,6.04185892,yes,CLEANED:0,BCC_SQS,Cu4Zn12
Cu4Zr12,OK,0,0,0,static_OUTCAR,-116.7073401700,-116.7054693400,bcc,2.0,16,320.74800000,3.42261453,3.42261453,6.84522906,6.84522906,6.84522906,yes,CLEANED:0,BCC_SQS,Cu4Zr12
Cu8Cu8,OK,0,0,0,static_OUTCAR,-59.3877344200,-59.3901793600,bcc,2.0,16,189.36531487,2.87124432,2.87124432,5.74248864,5.74248864,5.74248864,yes,CLEANED:0,BCC_SQS,Cu8Cu8
Cu8Dy8,OK,0,0,0,static_OUTCAR,-65.6099474100,-65.6119137000,bcc,2.0,16,337.70169405,3.48188495,3.48188495,6.96376991,6.96376991,6.96376991,yes,CLEANED:0,BCC_SQS,Cu8Dy8
Cu8Er8,OK,0,0,0,static_OUTCAR,-65.4971472400,-65.4977347400,bcc,2.0,16,344.69599999,3.50575923,3.50575923,7.01151845,7.01151845,7.01151845,yes,CLEANED:0,BCC_SQS,Cu8Er8
Cu8Fe8,OK,0,0,0,static_OUTCAR,-93.6852679900,-93.6847542400,bcc,2.0,16,189.54772090,2.87216593,2.87216593,5.74433187,5.74433187,5.74433187,yes,CLEANED:0,BCC_SQS,Cu8Fe8
Cu8Ge8,OK,0,0,0,static_OUTCAR,-62.4594867800,-62.4596290600,bcc,2.0,16,244.71558709,3.12745125,3.12745125,6.25490250,6.25490250,6.25490250,yes,CLEANED:0,BCC_SQS,Cu8Ge8
Cu8Hf8,OK,0,0,0,static_OUTCAR,-108.1570175200,-108.1587469200,bcc,2.0,16,276.74950216,3.25835916,3.25835916,6.51671832,6.51671832,6.51671832,yes,CLEANED:0,BCC_SQS,Cu8Hf8
Cu8Ir8,OK,0,0,0,static_OUTCAR,-97.4093479400,-97.4113094100,bcc,2.0,16,217.83848106,3.00848745,3.00848745,6.01697490,6.01697490,6.01697490,yes,CLEANED:0,BCC_SQS,Cu8Ir8
Cu8La8,OK,0,0,0,static_OUTCAR,-68.4716727100,-68.4708841900,bcc,2.0,16,396.92000000,3.67455144,3.67455144,7.34910289,7.34910289,7.34910289,yes,CLEANED:0,BCC_SQS,Cu8La8
Cu8Mg8,OK,0,0,0,static_OUTCAR,-41.9919450000,-41.9908021100,bcc,2.0,16,250.72460232,3.15284283,3.15284283,6.30568566,6.30568566,6.30568566,yes,CLEANED:0,BCC_SQS,Cu8Mg8
Cu8Mn8,OK,0,0,0,static_OUTCAR,-97.2766550900,-97.2768096200,bcc,2.0,16,199.09673025,2.91960913,2.91960913,5.83921827,5.83921827,5.83921827,yes,CLEANED:0,BCC_SQS,Cu8Mn8
Cu8Mo8,OK,0,0,0,static_OUTCAR,-112.9468522600,-112.9474153100,bcc,2.0,16,225.05102088,3.04133085,3.04133085,6.08266169,6.08266169,6.08266169,yes,CLEANED:0,BCC_SQS,Cu8Mo8
Cu8Nb8,OK,0,0,0,static_OUTCAR,-108.2225652600,-108.2230971700,bcc,2.0,16,249.09149436,3.14598251,3.14598251,6.29196502,6.29196502,6.29196502,yes,CLEANED:0,BCC_SQS,Cu8Nb8
Cu8Ni8,OK,0,0,0,static_OUTCAR,-72.6744957400,-72.6741646000,bcc,2.0,16,180.19149839,2.82410888,2.82410888,5.64821776,5.64821776,5.64821776,yes,CLEANED:0,BCC_SQS,Cu8Ni8
Cu8Os8,OK,0,0,0,static_OUTCAR,-113.5211857300,-113.5208475700,bcc,2.0,16,215.52933270,2.99781940,2.99781940,5.99563880,5.99563880,5.99563880,yes,CLEANED:0,BCC_SQS,Cu8Os8
Cu8Pb8,OK,0,0,0,static_OUTCAR,-52.8931748500,-52.8933690400,bcc,2.0,16,327.87920669,3.44779389,3.44779389,6.89558779,6.89558779,6.89558779,no,CLEANED:0,BCC_SQS,Cu8Pb8
Cu8Pd8,OK,0,0,0,static_OUTCAR,-72.4466103700,-72.4466490200,bcc,2.0,16,221.87704441,3.02696543,3.02696543,6.05393087,6.05393087,6.05393087,yes,CLEANED:0,BCC_SQS,Cu8Pd8
Cu8Pt8,OK,0,0,0,static_OUTCAR,-79.4078895700,-79.4083817200,bcc,2.0,16,226.84554076,3.04939315,3.04939315,6.09878629,6.09878629,6.09878629,yes,CLEANED:0,BCC_SQS,Cu8Pt8
Cu8Re8,OK,0,0,0,static_OUTCAR,-124.5012000800,-124.5010851400,bcc,2.0,16,215.19200000,2.99625459,2.99625459,5.99250917,5.99250917,5.99250917,yes,CLEANED:0,BCC_SQS,Cu8Re8
Cu8Rh8,OK,0,0,0,static_OUTCAR,-85.8801279400,-85.8819276800,bcc,2.0,16,212.89181824,2.98554069,2.98554069,5.97108138,5.97108138,5.97108138,yes,CLEANED:0,BCC_SQS,Cu8Rh8
Cu8Ru8,OK,0,0,0,static_OUTCAR,-99.0221564000,-99.0221299300,bcc,2.0,16,210.30375479,2.97339322,2.97339322,5.94678644,5.94678644,5.94678644,yes,CLEANED:0,BCC_SQS,Cu8Ru8
Cu8Sc8,OK,0,0,0,static_OUTCAR,-80.3533622100,-80.3517913100,bcc,2.0,16,279.88757198,3.27062844,3.27062844,6.54125689,6.54125689,6.54125689,yes,CLEANED:0,BCC_SQS,Cu8Sc8
Cu8Si8,OK,0,0,0,static_OUTCAR,-69.8789834100,-69.8786515600,bcc,2.0,16,211.41614231,2.97862652,2.97862652,5.95725305,5.95725305,5.95725305,yes,CLEANED:0,BCC_SQS,Cu8Si8
Cu8Sn8,OK,0,0,0,static_OUTCAR,-57.8590332600,-57.8602707100,bcc,2.0,16,318.22085244,3.41360199,3.41360199,6.82720397,6.82720397,6.82720397,no,CLEANED:0,BCC_SQS,Cu8Sn8
Cu8Ta8,OK,0,0,0,static_OUTCAR,-121.6229127000,-121.6236423700,bcc,2.0,16,248.40494092,3.14308950,3.14308950,6.28617900,6.28617900,6.28617900,yes,CLEANED:0,BCC_SQS,Cu8Ta8
Cu8Tb8,OK,0,0,0,static_OUTCAR,-65.7170298900,-65.7191109100,bcc,2.0,16,341.28278082,3.49414934,3.49414934,6.98829869,6.98829869,6.98829869,yes,CLEANED:0,BCC_SQS,Cu8Tb8
Cu8Ti8,OK,0,0,0,static_OUTCAR,-92.1001054600,-92.1023287600,bcc,2.0,16,230.16992649,3.06421709,3.06421709,6.12843418,6.12843418,6.12843418,yes,CLEANED:0,BCC_SQS,Cu8Ti8
Cu8V8,OK,0,0,0,static_OUTCAR,-99.5519499900,-99.5521719900,bcc,2.0,16,203.62626860,2.94158412,2.94158412,5.88316824,5.88316824,5.88316824,yes,CLEANED:0,BCC_SQS,Cu8V8
Cu8W8,OK,0,0,0,static_OUTCAR,-127.8296213400,-127.8299182200,bcc,2.0,16,229.29199885,3.06031622,3.06031622,6.12063244,6.12063244,6.12063244,yes,CLEANED:0,BCC_SQS,Cu8W8
Cu8Y8,OK,0,0,0,static_OUTCAR,-80.5505640500,-80.5517532300,bcc,2.0,16,360.32800000,3.55797322,3.55797322,7.11594644,7.11594644,7.11594644,yes,CLEANED:0,BCC_SQS,Cu8Y8
Cu8Zn8,OK,0,0,0,static_OUTCAR,-39.5670563900,-39.5680547100,bcc,2.0,16,208.28517286,2.96384933,2.96384933,5.92769867,5.92769867,5.92769867,yes,CLEANED:0,BCC_SQS,Cu8Zn8
Cu8Zr8,OK,0,0,0,static_OUTCAR,-97.4308554100,-97.4304553900,bcc,2.0,16,282.16201219,3.27946388,3.27946388,6.55892776,6.55892776,6.55892776,yes,CLEANED:0,BCC_SQS,Cu8Zr8
Dy12Er4,OK,0,0,0,static_OUTCAR,-70.2468421900,-70.2486435200,bcc,2.0,16,508.07850405,3.98976159,3.98976159,7.97952317,7.97952317,7.97952317,yes,CLEANED:0,BCC_SQS,Dy12Er4
Dy12Fe4,OK,0,0,0,static_OUTCAR,-84.1351243500,-84.1338383100,bcc,2.0,16,394.98299906,3.66856433,3.66856433,7.33712865,7.33712865,7.33712865,yes,CLEANED:0,BCC_SQS,Dy12Fe4
Dy12Ge4,OK,0,0,0,static_OUTCAR,-59.6038518100,-59.6003668200,bcc,2.0,16,861.74490091,4.75805632,4.75805632,9.51611264,9.51611264,9.51611264,no,CLEANED:0,BCC_SQS,Dy12Ge4
Dy12Hf4,OK,0,0,0,static_OUTCAR,-90.8912797400,-90.8912846600,bcc,2.0,16,458.33441059,3.85505719,3.85505719,7.71011439,7.71011439,7.71011439,yes,CLEANED:0,BCC_SQS,Dy12Hf4
Dy12Ir4,OK,0,0,0,static_OUTCAR,-94.0930307500,-94.0919921700,bcc,2.0,16,384.80953094,3.63679324,3.63679324,7.27358648,7.27358648,7.27358648,yes,CLEANED:0,BCC_SQS,Dy12Ir4
Dy12La4,OK,0,0,0,static_OUTCAR,-72.4541434400,-72.4545225600,bcc,2.0,16,535.25095289,4.05965525,4.05965525,8.11931049,8.11931049,8.11931049,yes,CLEANED:0,BCC_SQS,Dy12La4
Dy12Mg4,OK,0,0,0,static_OUTCAR,-59.7103456500,-59.7088211400,bcc,2.0,16,475.70854667,3.90316570,3.90316570,7.80633141,7.80633141,7.80633141,yes,CLEANED:0,BCC_SQS,Dy12Mg4
Dy12Mn4,OK,0,0,0,static_OUTCAR,-83.8149965000,-83.8142598700,bcc,2.0,16,439.52645492,3.80158768,3.80158768,7.60317535,7.60317535,7.60317535,yes,CLEANED:0,BCC_SQS,Dy12Mn4
Dy12Mo4,OK,0,0,0,static_OUTCAR,-94.1381615000,-94.1363842800,bcc,2.0,16,401.59402680,3.68891872,3.68891872,7.37783743,7.37783743,7.37783743,yes,CLEANED:0,BCC_SQS,Dy12Mo4
Dy12Nb4,OK,0,0,0,static_OUTCAR,-91.7129432700,-91.7118781100,bcc,2.0,16,454.40799999,3.84401724,3.84401724,7.68803449,7.68803449,7.68803449,yes,CLEANED:0,BCC_SQS,Dy12Nb4
Dy12Ni4,OK,0,0,0,static_OUTCAR,-77.0133727600,-77.0116279400,bcc,2.0,16,404.87268060,3.69893042,3.69893042,7.39786084,7.39786084,7.39786084,yes,CLEANED:0,BCC_SQS,Dy12Ni4
Dy12Os4,OK,0,0,0,static_OUTCAR,-97.5203824800,-97.5200116600,bcc,2.0,16,379.06427951,3.61860316,3.61860316,7.23720632,7.23720632,7.23720632,yes,CLEANED:0,BCC_SQS,Dy12Os4
Dy12Pb4,OK,0,0,0,static_OUTCAR,-64.6152930900,-64.6140421900,bcc,2.0,16,677.77342857,4.39202548,4.39202548,8.78405095,8.78405095,8.78405095,no,CLEANED:0,BCC_SQS,Dy12Pb4
Dy12Pd4,OK,0,0,0,static_OUTCAR,-79.8411169500,-79.8420156200,bcc,2.0,16,416.60921892,3.73433232,3.73433232,7.46866463,7.46866463,7.46866463,yes,CLEANED:0,BCC_SQS,Dy12Pd4
Dy12Pt4,OK,0,0,0,static_OUTCAR,-86.7492132700,-86.7489365300,bcc,2.0,16,441.80400000,3.80814274,3.80814274,7.61628548,7.61628548,7.61628548,yes,CLEANED:0,BCC_SQS,Dy12Pt4
Dy12Re4,OK,0,0,0,static_OUTCAR,-100.4247517700,-100.4245232700,bcc,2.0,16,383.56538602,3.63286958,3.63286958,7.26573916,7.26573916,7.26573916,yes,CLEANED:0,BCC_SQS,Dy12Re4
Dy12Rh4,OK,0,0,0,static_OUTCAR,-87.5636481100,-87.5636000900,bcc,2.0,16,396.15468385,3.67218824,3.67218824,7.34437649,7.34437649,7.34437649,yes,CLEANED:0,BCC_SQS,Dy12Rh4
Dy12Ru4,OK,0,0,0,static_OUTCAR,-91.6536152800,-91.6532652500,bcc,2.0,16,388.29680836,3.64774618,3.64774618,7.29549236,7.29549236,7.29549236,yes,CLEANED:0,BCC_SQS,Dy12Ru4
Dy12Sc4,OK,0,0,0,static_OUTCAR,-77.8568684900,-77.8560832500,bcc,2.0,16,481.89486328,3.92001236,3.92001236,7.84002473,7.84002473,7.84002473,yes,CLEANED:0,BCC_SQS,Dy12Sc4
Dy12Si4,OK,0,0,0,static_OUTCAR,-78.9303318300,-78.9292426400,bcc,2.0,16,422.59043072,3.75211860,3.75211860,7.50423720,7.50423720,7.50423720,yes,CLEANED:0,BCC_SQS,Dy12Si4
Dy12Sn4,OK,0,0,0,static_OUTCAR,-65.8778349800,-65.8791431400,bcc,2.0,16,681.96198749,4.40105430,4.40105430,8.80210860,8.80210860,8.80210860,no,CLEANED:0,BCC_SQS,Dy12Sn4
Dy12Ta4,OK,0,0,0,static_OUTCAR,-97.4925532600,-97.4930731400,bcc,2.0,16,420.46773873,3.74582569,3.74582569,7.49165138,7.49165138,7.49165138,yes,CLEANED:0,BCC_SQS,Dy12Ta4
Dy12Tb4,OK,0,0,0,static_OUTCAR,-70.4881677000,-70.4878682900,bcc,2.0,16,512.86952790,4.00226311,4.00226311,8.00452623,8.00452623,8.00452623,yes,CLEANED:0,BCC_SQS,Dy12Tb4
Dy12Ti4,OK,0,0,0,static_OUTCAR,-82.6344609800,-82.6316273700,bcc,2.0,16,449.79937620,3.83097767,3.83097767,7.66195534,7.66195534,7.66195534,yes,CLEANED:0,BCC_SQS,Dy12Ti4
Dy12V4,OK,0,0,0,static_OUTCAR,-85.2841397500,-85.2834669500,bcc,2.0,16,439.86194311,3.80255467,3.80255467,7.60510935,7.60510935,7.60510935,yes,CLEANED:0,BCC_SQS,Dy12V4
Dy12W4,OK,0,0,0,static_OUTCAR,-100.9882574700,-100.9870182200,bcc,2.0,16,396.07417001,3.67193945,3.67193945,7.34387890,7.34387890,7.34387890,yes,CLEANED:0,BCC_SQS,Dy12W4
Dy12Y4,OK,0,0,0,static_OUTCAR,-78.0109292000,-78.0109616100,bcc,2.0,16,514.66367654,4.00692466,4.00692466,8.01384933,8.01384933,8.01384933,yes,CLEANED:0,BCC_SQS,Dy12Y4
Dy12Zn4,OK,0,0,0,static_OUTCAR,-59.4583895800,-59.4569437600,bcc,2.0,16,440.42837496,3.80418622,3.80418622,7.60837244,7.60837244,7.60837244,yes,CLEANED:0,BCC_SQS,Dy12Zn4
Dy12Zr4,OK,0,0,0,static_OUTCAR,-85.9750220800,-85.9756604700,bcc,2.0,16,464.17749453,3.87137015,3.87137015,7.74274031,7.74274031,7.74274031,yes,CLEANED:0,BCC_SQS,Dy12Zr4
Dy4Er12,OK,0,0,0,static_OUTCAR,-69.9222289200,-69.9234767800,bcc,2.0,16,500.37574217,3.96949647,3.96949647,7.93899294,7.93899294,7.93899294,yes,CLEANED:0,BCC_SQS,Dy4Er12
Dy4Fe12,OK,0,0,0,static_OUTCAR,-113.1434665500,-113.1430450600,bcc,2.0,16,240.35258937,3.10875340,3.10875340,6.21750679,6.21750679,6.21750679,yes,CLEANED:0,BCC_SQS,Dy4Fe12
Dy4Hf12,OK,0,0,0,static_OUTCAR,-134.0241966400,-134.0240743000,bcc,2.0,16,379.77001313,3.62084745,3.62084745,7.24169489,7.24169489,7.24169489,yes,CLEANED:0,BCC_SQS,Dy4Hf12
Dy4Ir12,OK,0,0,0,static_OUTCAR,-124.8456487900,-124.8474341400,bcc,2.0,16,271.11591698,3.23609808,3.23609808,6.47219617,6.47219617,6.47219617,yes,CLEANED:0,BCC_SQS,Dy4Ir12
Dy4La12,OK,0,0,0,static_OUTCAR,-74.9090599600,-74.9106359600,bcc,2.0,16,581.00429043,4.17218077,4.17218077,8.34436155,8.34436155,8.34436155,yes,CLEANED:0,BCC_SQS,Dy4La12
Dy4Mg12,OK,0,0,0,static_OUTCAR,-36.1355201300,-36.1371040800,bcc,2.0,16,407.83395749,3.70792663,3.70792663,7.41585326,7.41585326,7.41585326,yes,CLEANED:0,BCC_SQS,Dy4Mg12
Dy4Mn12,OK,0,0,0,static_OUTCAR,-119.0195697100,-119.0175452400,bcc,2.0,16,282.60949569,3.28119661,3.28119661,6.56239322,6.56239322,6.56239322,no,CLEANED:0,BCC_SQS,Dy4Mn12
Dy4Mo12,OK,0,0,0,static_OUTCAR,-144.0527854900,-144.0560082500,bcc,2.0,16,281.44126196,3.27666916,3.27666916,6.55333833,6.55333833,6.55333833,yes,CLEANED:0,BCC_SQS,Dy4Mo12
Dy4Nb12,OK,0,0,0,static_OUTCAR,-135.4991543000,-135.4990527100,bcc,2.0,16,323.63515733,3.43285323,3.43285323,6.86570646,6.86570646,6.86570646,yes,CLEANED:0,BCC_SQS,Dy4Nb12
Dy4Ni12,OK,0,0,0,static_OUTCAR,-84.7279310500,-84.7283165700,bcc,2.0,16,229.84235651,3.06276277,3.06276277,6.12552554,6.12552554,6.12552554,yes,CLEANED:0,BCC_SQS,Dy4Ni12
Dy4Os12,OK,0,0,0,static_OUTCAR,-145.7885151200,-145.7900880400,bcc,2.0,16,266.55853748,3.21786290,3.21786290,6.43572580,6.43572580,6.43572580,yes,CLEANED:0,BCC_SQS,Dy4Os12
Dy4Pb12,OK,0,0,0,static_OUTCAR,-60.1686911800,-60.1716403900,bcc,2.0,16,590.62243757,4.19507747,4.19507747,8.39015493,8.39015493,8.39015493,no,CLEANED:0,BCC_SQS,Dy4Pb12
Dy4Pd12,OK,0,0,0,static_OUTCAR,-89.5346783200,-89.5352681300,bcc,2.0,16,285.69214200,3.29308370,3.29308370,6.58616740,6.58616740,6.58616740,yes,CLEANED:0,BCC_SQS,Dy4Pd12
Dy4Pt12,OK,0,0,0,static_OUTCAR,-100.6956742700,-100.6943087400,bcc,2.0,16,286.44529511,3.29597495,3.29597495,6.59194990,6.59194990,6.59194990,yes,CLEANED:0,BCC_SQS,Dy4Pt12
Dy4Re12,OK,0,0,0,static_OUTCAR,-161.1808299800,-161.1797424000,bcc,2.0,16,270.42621523,3.23335161,3.23335161,6.46670322,6.46670322,6.46670322,yes,CLEANED:0,BCC_SQS,Dy4Re12
Dy4Rh12,OK,0,0,0,static_OUTCAR,-107.8496565500,-107.8496663800,bcc,2.0,16,292.10800000,3.31755263,3.31755263,6.63510526,6.63510526,6.63510526,yes,CLEANED:0,BCC_SQS,Dy4Rh12
Dy4Ru12,OK,0,0,0,static_OUTCAR,-124.9026997200,-124.9020257000,bcc,2.0,16,261.84300024,3.19877476,3.19877476,6.39754952,6.39754952,6.39754952,yes,CLEANED:0,BCC_SQS,Dy4Ru12
Dy4Sc12,OK,0,0,0,static_OUTCAR,-91.5724322600,-91.5668893100,bcc,2.0,16,423.77354397,3.75561690,3.75561690,7.51123380,7.51123380,7.51123380,yes,CLEANED:0,BCC_SQS,Dy4Sc12
Dy4Si12,OK,0,0,0,static_OUTCAR,-84.2697448900,-84.2684127500,bcc,2.0,16,292.20526129,3.31792080,3.31792080,6.63584160,6.63584160,6.63584160,yes,CLEANED:0,BCC_SQS,Dy4Si12
Dy4Sn12,OK,0,0,0,static_OUTCAR,-67.7178703700,-67.7160132900,bcc,2.0,16,458.30800001,3.85498315,3.85498315,7.70996629,7.70996629,7.70996629,yes,CLEANED:0,BCC_SQS,Dy4Sn12
Dy4Ta12,OK,0,0,0,static_OUTCAR,-155.0822136700,-155.0839187600,bcc,2.0,16,320.86646779,3.42303586,3.42303586,6.84607172,6.84607172,6.84607172,yes,CLEANED:0,BCC_SQS,Dy4Ta12
Dy4Tb12,OK,0,0,0,static_OUTCAR,-70.7002144800,-70.6984516700,bcc,2.0,16,517.01200001,4.01300972,4.01300972,8.02601945,8.02601945,8.02601945,yes,CLEANED:0,BCC_SQS,Dy4Tb12
Dy4Ti12,OK,0,0,0,static_OUTCAR,-108.6347566900,-108.6313515500,bcc,2.0,16,323.43951714,3.43216136,3.43216136,6.86432272,6.86432272,6.86432272,yes,CLEANED:0,BCC_SQS,Dy4Ti12
Dy4V12,OK,0,0,0,static_OUTCAR,-119.7163979500,-119.7152551700,bcc,2.0,16,264.25178907,3.20855373,3.20855373,6.41710746,6.41710746,6.41710746,yes,CLEANED:0,BCC_SQS,Dy4V12
Dy4W12,OK,0,0,0,static_OUTCAR,-166.7938034100,-166.7921768400,bcc,2.0,16,284.98502324,3.29036454,3.29036454,6.58072909,6.58072909,6.58072909,yes,CLEANED:0,BCC_SQS,Dy4W12
Dy4Y12,OK,0,0,0,static_OUTCAR,-93.2932698600,-93.2950763600,bcc,2.0,16,523.18000000,4.02890520,4.02890520,8.05781040,8.05781040,8.05781040,yes,CLEANED:0,BCC_SQS,Dy4Y12
Dy4Zn12,OK,0,0,0,static_OUTCAR,-33.3882228500,-33.3906361500,bcc,2.0,16,311.12686889,3.38804506,3.38804506,6.77609011,6.77609011,6.77609011,yes,CLEANED:0,BCC_SQS,Dy4Zn12
Dy4Zr12,OK,0,0,0,static_OUTCAR,-118.2716046500,-118.2733951300,bcc,2.0,16,389.48589029,3.65146588,3.65146588,7.30293177,7.30293177,7.30293177,yes,CLEANED:0,BCC_SQS,Dy4Zr12
Dy8Dy8,OK,0,0,0,static_OUTCAR,-70.3833351800,-70.3834961000,bcc,2.0,16,510.55546735,3.99623465,3.99623465,7.99246931,7.99246931,7.99246931,yes,CLEANED:0,BCC_SQS,Dy8Dy8
Dy8Er8,OK,0,0,0,static_OUTCAR,-70.0927292500,-70.0940103800,bcc,2.0,16,503.98063994,3.97900626,3.97900626,7.95801252,7.95801252,7.95801252,yes,CLEANED:0,BCC_SQS,Dy8Er8
Dy8Fe8,OK,0,0,0,static_OUTCAR,-98.5284226500,-98.5285994300,bcc,2.0,16,322.03800953,3.42719684,3.42719684,6.85439368,6.85439368,6.85439368,yes,CLEANED:0,BCC_SQS,Dy8Fe8
Dy8Ge8,OK,0,0,0,static_OUTCAR,-67.1026247600,-67.1011204200,bcc,2.0,16,586.69931570,4.18576843,4.18576843,8.37153686,8.37153686,8.37153686,no,CLEANED:0,BCC_SQS,Dy8Ge8
Dy8Hf8,OK,0,0,0,static_OUTCAR,-112.7379994000,-112.7399240100,bcc,2.0,16,414.09328194,3.72679982,3.72679982,7.45359964,7.45359964,7.45359964,yes,CLEANED:0,BCC_SQS,Dy8Hf8
Dy8Ir8,OK,0,0,0,static_OUTCAR,-113.1704848900,-113.1701057400,bcc,2.0,16,313.30140806,3.39592002,3.39592002,6.79184004,6.79184004,6.79184004,yes,CLEANED:0,BCC_SQS,Dy8Ir8
Dy8La8,OK,0,0,0,static_OUTCAR,-73.9348694500,-73.9345239500,bcc,2.0,16,557.78325608,4.11584011,4.11584011,8.23168022,8.23168022,8.23168022,yes,CLEANED:0,BCC_SQS,Dy8La8
Dy8Mg8,OK,0,0,0,static_OUTCAR,-47.8000377800,-47.7997074500,bcc,2.0,16,442.74266737,3.81083779,3.81083779,7.62167558,7.62167558,7.62167558,yes,CLEANED:0,BCC_SQS,Dy8Mg8
Dy8Mn8,OK,0,0,0,static_OUTCAR,-103.7979953200,-103.7970940100,bcc,2.0,16,365.84906237,3.57605333,3.57605333,7.15210665,7.15210665,7.15210665,yes,CLEANED:0,BCC_SQS,Dy8Mn8
Dy8Mo8,OK,0,0,0,static_OUTCAR,-116.9183179800,-116.9185952600,bcc,2.0,16,330.31982949,3.45632750,3.45632750,6.91265499,6.91265499,6.91265499,yes,CLEANED:0,BCC_SQS,Dy8Mo8
Dy8Nb8,OK,0,0,0,static_OUTCAR,-112.3106247500,-112.3086603100,bcc,2.0,16,364.48765641,3.57161205,3.57161205,7.14322410,7.14322410,7.14322410,yes,CLEANED:0,BCC_SQS,Dy8Nb8
Dy8Ni8,OK,0,0,0,static_OUTCAR,-82.9598879500,-82.9600602900,bcc,2.0,16,307.61777862,3.37525934,3.37525934,6.75051869,6.75051869,6.75051869,yes,CLEANED:0,BCC_SQS,Dy8Ni8
Dy8Os8,OK,0,0,0,static_OUTCAR,-122.5334179000,-122.5323034600,bcc,2.0,16,306.72912608,3.37200604,3.37200604,6.74401207,6.74401207,6.74401207,yes,CLEANED:0,BCC_SQS,Dy8Os8
Dy8Pb8,OK,0,0,0,static_OUTCAR,-64.0889549100,-64.0864945200,bcc,2.0,16,627.31660495,4.28021514,4.28021514,8.56043028,8.56043028,8.56043028,no,CLEANED:0,BCC_SQS,Dy8Pb8
Dy8Pd8,OK,0,0,0,static_OUTCAR,-87.5624592400,-87.5621537700,bcc,2.0,16,341.47051107,3.49478990,3.49478990,6.98957981,6.98957981,6.98957981,yes,CLEANED:0,BCC_SQS,Dy8Pd8
Dy8Pt8,OK,0,0,0,static_OUTCAR,-98.1404460800,-98.1396305700,bcc,2.0,16,332.12659692,3.46261779,3.46261779,6.92523558,6.92523558,6.92523558,yes,CLEANED:0,BCC_SQS,Dy8Pt8
Dy8Re8,OK,0,0,0,static_OUTCAR,-129.5581851000,-129.5580689800,bcc,2.0,16,311.47417477,3.38930526,3.38930526,6.77861052,6.77861052,6.77861052,yes,CLEANED:0,BCC_SQS,Dy8Re8
Dy8Rh8,OK,0,0,0,static_OUTCAR,-101.5524122900,-101.5518036600,bcc,2.0,16,316.83620556,3.40864368,3.40864368,6.81728737,6.81728737,6.81728737,yes,CLEANED:0,BCC_SQS,Dy8Rh8
Dy8Ru8,OK,0,0,0,static_OUTCAR,-109.2022647400,-109.2023853000,bcc,2.0,16,308.98426116,3.38024976,3.38024976,6.76049952,6.76049952,6.76049952,no,CLEANED:0,BCC_SQS,Dy8Ru8
Dy8Sc8,OK,0,0,0,static_OUTCAR,-84.9401073900,-84.9408468700,bcc,2.0,16,452.25925874,3.83794865,3.83794865,7.67589730,7.67589730,7.67589730,yes,CLEANED:0,BCC_SQS,Dy8Sc8
Dy8Si8,OK,0,0,0,static_OUTCAR,-84.4474409600,-84.4480990100,bcc,2.0,16,349.28779203,3.52125768,3.52125768,7.04251535,7.04251535,7.04251535,yes,CLEANED:0,BCC_SQS,Dy8Si8
Dy8Sn8,OK,0,0,0,static_OUTCAR,-71.2467648700,-71.2478252200,bcc,2.0,16,538.78803288,4.06857805,4.06857805,8.13715609,8.13715609,8.13715609,no,CLEANED:0,BCC_SQS,Dy8Sn8
Dy8Ta8,OK,0,0,0,static_OUTCAR,-124.8589299800,-124.8578879200,bcc,2.0,16,360.69119383,3.55916824,3.55916824,7.11833648,7.11833648,7.11833648,yes,CLEANED:0,BCC_SQS,Dy8Ta8
Dy8Tb8,OK,0,0,0,static_OUTCAR,-70.5951476000,-70.5942536700,bcc,2.0,16,515.70699560,4.00963043,4.00963043,8.01926086,8.01926086,8.01926086,yes,CLEANED:0,BCC_SQS,Dy8Tb8
Dy8Ti8,OK,0,0,0,static_OUTCAR,-94.9626307000,-94.9619175500,bcc,2.0,16,387.54785025,3.64539938,3.64539938,7.29079875,7.29079875,7.29079875,yes,CLEANED:0,BCC_SQS,Dy8Ti8
Dy8V8,OK,0,0,0,static_OUTCAR,-102.0624586300,-102.0622519600,bcc,2.0,16,359.71666952,3.55595993,3.55595993,7.11191987,7.11191987,7.11191987,yes,CLEANED:0,BCC_SQS,Dy8V8
Dy8W8,OK,0,0,0,static_OUTCAR,-130.8052315000,-130.8057053300,bcc,2.0,16,329.12337125,3.45214937,3.45214937,6.90429874,6.90429874,6.90429874,yes,CLEANED:0,BCC_SQS,Dy8W8
Dy8Y8,OK,0,0,0,static_OUTCAR,-85.6483002300,-85.6487255400,bcc,2.0,16,518.08800000,4.01579174,4.01579174,8.03158348,8.03158348,8.03158348,yes,CLEANED:0,BCC_SQS,Dy8Y8
Dy8Zn8,OK,0,0,0,static_OUTCAR,-47.8113290200,-47.8127488700,bcc,2.0,16,373.47186472,3.60071959,3.60071959,7.20143917,7.20143917,7.20143917,yes,CLEANED:0,BCC_SQS,Dy8Zn8
Dy8Zr8,OK,0,0,0,static_OUTCAR,-102.2548277500,-102.2567288400,bcc,2.0,16,421.96326246,3.75026150,3.75026150,7.50052300,7.50052300,7.50052300,yes,CLEANED:0,BCC_SQS,Dy8Zr8
Er12Fe4,OK,0,0,0,static_OUTCAR,-83.9470956900,-83.9457084000,bcc,2.0,16,384.28891992,3.63515242,3.63515242,7.27030484,7.27030484,7.27030484,yes,CLEANED:0,BCC_SQS,Er12Fe4
Er12Ge4,OK,0,0,0,static_OUTCAR,-75.8848297600,-75.8839163900,bcc,2.0,16,424.23988836,3.75699402,3.75699402,7.51398805,7.51398805,7.51398805,yes,CLEANED:0,BCC_SQS,Er12Ge4
Er12Hf4,OK,0,0,0,static_OUTCAR,-90.4780625900,-90.4783167400,bcc,2.0,16,449.52159726,3.83018889,3.83018889,7.66037777,7.66037777,7.66037777,yes,CLEANED:0,BCC_SQS,Er12Hf4
Er12Ir4,OK,0,0,0,static_OUTCAR,-94.1302565500,-94.1287146900,bcc,2.0,16,376.40036724,3.61010653,3.61010653,7.22021305,7.22021305,7.22021305,yes,CLEANED:0,BCC_SQS,Er12Ir4
Er12La4,OK,0,0,0,static_OUTCAR,-71.4527250500,-71.4549961700,bcc,2.0,16,525.32863155,4.03441306,4.03441306,8.06882613,8.06882613,8.06882613,yes,CLEANED:0,BCC_SQS,Er12La4
Er12Mg4,OK,0,0,0,static_OUTCAR,-59.0596953400,-59.0604280400,bcc,2.0,16,463.39117354,3.86918287,3.86918287,7.73836575,7.73836575,7.73836575,yes,CLEANED:0,BCC_SQS,Er12Mg4
Er12Mn4,OK,0,0,0,static_OUTCAR,-85.6776291700,-85.6780604600,bcc,2.0,16,428.00975342,3.76808964,3.76808964,7.53617929,7.53617929,7.53617929,yes,CLEANED:0,BCC_SQS,Er12Mn4
Er12Mo4,OK,0,0,0,static_OUTCAR,-94.0388417200,-94.0374162600,bcc,2.0,16,393.96615343,3.66541350,3.66541350,7.33082700,7.33082700,7.33082700,yes,CLEANED:0,BCC_SQS,Er12Mo4
Er12Nb4,OK,0,0,0,static_OUTCAR,-91.2884556500,-91.2870894800,bcc,2.0,16,417.20463840,3.73611051,3.73611051,7.47222102,7.47222102,7.47222102,yes,CLEANED:0,BCC_SQS,Er12Nb4
Er12Ni4,OK,0,0,0,static_OUTCAR,-76.6722534800,-76.6732854100,bcc,2.0,16,393.45213341,3.66381868,3.66381868,7.32763736,7.32763736,7.32763736,yes,CLEANED:0,BCC_SQS,Er12Ni4
Er12Os4,OK,0,0,0,static_OUTCAR,-97.5868283000,-97.5875551500,bcc,2.0,16,371.06604979,3.59297127,3.59297127,7.18594254,7.18594254,7.18594254,yes,CLEANED:0,BCC_SQS,Er12Os4
Er12Pb4,OK,0,0,0,static_OUTCAR,-70.0247243900,-70.0282565000,bcc,2.0,16,495.13999999,3.95560280,3.95560280,7.91120559,7.91120559,7.91120559,yes,CLEANED:0,BCC_SQS,Er12Pb4
Er12Pd4,OK,0,0,0,static_OUTCAR,-79.5028930100,-79.5037059100,bcc,2.0,16,406.27030218,3.70318177,3.70318177,7.40636354,7.40636354,7.40636354,yes,CLEANED:0,BCC_SQS,Er12Pd4
Er12Pt4,OK,0,0,0,static_OUTCAR,-85.7565108000,-85.7575391700,bcc,2.0,16,392.29887449,3.66023547,3.66023547,7.32047094,7.32047094,7.32047094,yes,CLEANED:0,BCC_SQS,Er12Pt4
Er12Re4,OK,0,0,0,static_OUTCAR,-100.6022662500,-100.6010892000,bcc,2.0,16,432.25600001,3.78050962,3.78050962,7.56101924,7.56101924,7.56101924,yes,CLEANED:0,BCC_SQS,Er12Re4
Er12Rh4,OK,0,0,0,static_OUTCAR,-87.4837873800,-87.4840171700,bcc,2.0,16,387.47497536,3.64517087,3.64517087,7.29034174,7.29034174,7.29034174,yes,CLEANED:0,BCC_SQS,Er12Rh4
Er12Ru4,OK,0,0,0,static_OUTCAR,-91.6589416100,-91.6577098900,bcc,2.0,16,379.86280652,3.62114233,3.62114233,7.24228466,7.24228466,7.24228466,yes,CLEANED:0,BCC_SQS,Er12Ru4
Er12Sc4,OK,0,0,0,static_OUTCAR,-77.1170793400,-77.1162089500,bcc,2.0,16,470.96402325,3.89014613,3.89014613,7.78029226,7.78029226,7.78029226,yes,CLEANED:0,BCC_SQS,Er12Sc4
Er12Si4,OK,0,0,0,static_OUTCAR,-78.3583890700,-78.3573274800,bcc,2.0,16,411.46562977,3.71890022,3.71890022,7.43780043,7.43780043,7.43780043,yes,CLEANED:0,BCC_SQS,Er12Si4
Er12Sn4,OK,0,0,0,static_OUTCAR,-72.8455424400,-72.8482081100,bcc,2.0,16,454.35891711,3.84387884,3.84387884,7.68775767,7.68775767,7.68775767,yes,CLEANED:0,BCC_SQS,Er12Sn4
Er12Ta4,OK,0,0,0,static_OUTCAR,-97.2760942900,-97.2756576700,bcc,2.0,16,412.69528503,3.72260115,3.72260115,7.44520229,7.44520229,7.44520229,yes,CLEANED:0,BCC_SQS,Er12Ta4
Er12Tb4,OK,0,0,0,static_OUTCAR,-70.0547743800,-70.0554518700,bcc,2.0,16,502.54303015,3.97521927,3.97521927,7.95043854,7.95043854,7.95043854,yes,CLEANED:0,BCC_SQS,Er12Tb4
Er12Ti4,OK,0,0,0,static_OUTCAR,-82.1890970000,-82.1878841800,bcc,2.0,16,436.09886977,3.79167983,3.79167983,7.58335966,7.58335966,7.58335966,yes,CLEANED:0,BCC_SQS,Er12Ti4
Er12V4,OK,0,0,0,static_OUTCAR,-85.0400654700,-85.0394712700,bcc,2.0,16,428.16476413,3.76854448,3.76854448,7.53708896,7.53708896,7.53708896,yes,CLEANED:0,BCC_SQS,Er12V4
Er12W4,OK,0,0,0,static_OUTCAR,-100.9184446500,-100.9174659500,bcc,2.0,16,388.65114914,3.64885543,3.64885543,7.29771086,7.29771086,7.29771086,yes,CLEANED:0,BCC_SQS,Er12W4
Er12Y4,OK,0,0,0,static_OUTCAR,-77.5608170300,-77.5621638000,bcc,2.0,16,504.23349937,3.97967160,3.97967160,7.95934320,7.95934320,7.95934320,yes,CLEANED:0,BCC_SQS,Er12Y4
Er12Zn4,OK,0,0,0,static_OUTCAR,-58.8386867000,-58.8385906000,bcc,2.0,16,428.61438133,3.76986314,3.76986314,7.53972628,7.53972628,7.53972628,yes,CLEANED:0,BCC_SQS,Er12Zn4
Er12Zr4,OK,0,0,0,static_OUTCAR,-85.5369121700,-85.5371302200,bcc,2.0,16,456.15419486,3.84893487,3.84893487,7.69786974,7.69786974,7.69786974,yes,CLEANED:0,BCC_SQS,Er12Zr4
Er4Fe12,OK,0,0,0,static_OUTCAR,-113.4132306100,-113.4121642100,bcc,2.0,16,236.67853329,3.09283174,3.09283174,6.18566349,6.18566349,6.18566349,yes,CLEANED:0,BCC_SQS,Er4Fe12
Er4Ge12,OK,0,0,0,static_OUTCAR,-74.7641272100,-74.7657221300,bcc,2.0,16,333.45735966,3.46723629,3.46723629,6.93447259,6.93447259,6.93447259,yes,CLEANED:0,BCC_SQS,Er4Ge12
Er4Hf12,OK,0,0,0,static_OUTCAR,-134.0740860300,-134.0726020400,bcc,2.0,16,377.76905542,3.61447699,3.61447699,7.22895398,7.22895398,7.22895398,yes,CLEANED:0,BCC_SQS,Er4Hf12
Er4Ir12,OK,0,0,0,static_OUTCAR,-125.2636244300,-125.2647893300,bcc,2.0,16,268.48266717,3.22558697,3.22558697,6.45117393,6.45117393,6.45117393,yes,CLEANED:0,BCC_SQS,Er4Ir12
Er4La12,OK,0,0,0,static_OUTCAR,-74.9954419500,-74.9975180500,bcc,2.0,16,577.03155548,4.16264964,4.16264964,8.32529928,8.32529928,8.32529928,no,CLEANED:0,BCC_SQS,Er4La12
Er4Mg12,OK,0,0,0,static_OUTCAR,-35.8696971600,-35.8705812700,bcc,2.0,16,403.08586502,3.69348093,3.69348093,7.38696185,7.38696185,7.38696185,yes,CLEANED:0,BCC_SQS,Er4Mg12
Er4Mn12,OK,0,0,0,static_OUTCAR,-118.1073087300,-118.1067759200,bcc,2.0,16,247.51587274,3.13933520,3.13933520,6.27867039,6.27867039,6.27867039,yes,CLEANED:0,BCC_SQS,Er4Mn12
Er4Mo12,OK,0,0,0,static_OUTCAR,-144.4896109300,-144.4909849600,bcc,2.0,16,279.74604513,3.27007708,3.27007708,6.54015416,6.54015416,6.54015416,yes,CLEANED:0,BCC_SQS,Er4Mo12
Er4Nb12,OK,0,0,0,static_OUTCAR,-135.6989784700,-135.6989009300,bcc,2.0,16,321.76098548,3.42621384,3.42621384,6.85242769,6.85242769,6.85242769,yes,CLEANED:0,BCC_SQS,Er4Nb12
Er4Ni12,OK,0,0,0,static_OUTCAR,-84.5666799300,-84.5652107800,bcc,2.0,16,255.54400000,3.17291594,3.17291594,6.34583189,6.34583189,6.34583189,yes,CLEANED:0,BCC_SQS,Er4Ni12
Er4Os12,OK,0,0,0,static_OUTCAR,-146.3143928000,-146.3141662100,bcc,2.0,16,263.70151030,3.20632502,3.20632502,6.41265003,6.41265003,6.41265003,yes,CLEANED:0,BCC_SQS,Er4Os12
Er4Pb12,OK,0,0,0,static_OUTCAR,-61.9131432300,-61.9124701100,bcc,2.0,16,485.55835197,3.92992094,3.92992094,7.85984189,7.85984189,7.85984189,yes,CLEANED:0,BCC_SQS,Er4Pb12
Er4Pd12,OK,0,0,0,static_OUTCAR,-89.7037634100,-89.7047567300,bcc,2.0,16,282.26594777,3.27986650,3.27986650,6.55973300,6.55973300,6.55973300,yes,CLEANED:0,BCC_SQS,Er4Pd12
Er4Pt12,OK,0,0,0,static_OUTCAR,-100.9808697100,-100.9790588400,bcc,2.0,16,283.18232843,3.28341205,3.28341205,6.56682409,6.56682409,6.56682409,yes,CLEANED:0,BCC_SQS,Er4Pt12
Er4Re12,OK,0,0,0,static_OUTCAR,-160.7921842900,-160.7892481200,bcc,2.0,16,302.75199999,3.35736850,3.35736850,6.71473700,6.71473700,6.71473700,yes,CLEANED:0,BCC_SQS,Er4Re12
Er4Rh12,OK,0,0,0,static_OUTCAR,-108.3428815000,-108.3435435300,bcc,2.0,16,264.04823093,3.20772965,3.20772965,6.41545930,6.41545930,6.41545930,yes,CLEANED:0,BCC_SQS,Er4Rh12
Er4Ru12,OK,0,0,0,static_OUTCAR,-125.3274920700,-125.3285754100,bcc,2.0,16,258.98572440,3.18709699,3.18709699,6.37419397,6.37419397,6.37419397,yes,CLEANED:0,BCC_SQS,Er4Ru12
Er4Sc12,OK,0,0,0,static_OUTCAR,-91.3743817200,-91.3683590700,bcc,2.0,16,420.63814504,3.74633166,3.74633166,7.49266331,7.49266331,7.49266331,yes,CLEANED:0,BCC_SQS,Er4Sc12
Er4Si12,OK,0,0,0,static_OUTCAR,-84.0258330400,-84.0246136900,bcc,2.0,16,288.02030426,3.30200484,3.30200484,6.60400969,6.60400969,6.60400969,yes,CLEANED:0,BCC_SQS,Er4Si12
Er4Sn12,OK,0,0,0,static_OUTCAR,-67.2954026400,-67.2943422200,bcc,2.0,16,432.48371347,3.78117337,3.78117337,7.56234673,7.56234673,7.56234673,yes,CLEANED:0,BCC_SQS,Er4Sn12
Er4Ta12,OK,0,0,0,static_OUTCAR,-155.2992327800,-155.3012929400,bcc,2.0,16,318.83241894,3.41578738,3.41578738,6.83157475,6.83157475,6.83157475,yes,CLEANED:0,BCC_SQS,Er4Ta12
Er4Tb12,OK,0,0,0,static_OUTCAR,-70.5811379900,-70.5833440800,bcc,2.0,16,514.07588871,4.00539867,4.00539867,8.01079734,8.01079734,8.01079734,yes,CLEANED:0,BCC_SQS,Er4Tb12
Er4Ti12,OK,0,0,0,static_OUTCAR,-108.6035739200,-108.6007684900,bcc,2.0,16,317.64158338,3.41152943,3.41152943,6.82305885,6.82305885,6.82305885,yes,CLEANED:0,BCC_SQS,Er4Ti12
Er4V12,OK,0,0,0,static_OUTCAR,-119.9889706000,-119.9879100000,bcc,2.0,16,264.20316717,3.20835693,3.20835693,6.41671386,6.41671386,6.41671386,yes,CLEANED:0,BCC_SQS,Er4V12
Er4W12,OK,0,0,0,static_OUTCAR,-167.2771107300,-167.2765330900,bcc,2.0,16,283.31538068,3.28392620,3.28392620,6.56785240,6.56785240,6.56785240,yes,CLEANED:0,BCC_SQS,Er4W12
Er4Y12,OK,0,0,0,static_OUTCAR,-93.1788792400,-93.1799238200,bcc,2.0,16,518.83699193,4.01772600,4.01772600,8.03545200,8.03545200,8.03545200,yes,CLEANED:0,BCC_SQS,Er4Y12
Er4Zn12,OK,0,0,0,static_OUTCAR,-33.1742092900,-33.1764583600,bcc,2.0,16,306.57903406,3.37145594,3.37145594,6.74291188,6.74291188,6.74291188,yes,CLEANED:0,BCC_SQS,Er4Zn12
Er4Zr12,OK,0,0,0,static_OUTCAR,-118.0365560300,-118.0366083300,bcc,2.0,16,387.74516759,3.64601795,3.64601795,7.29203590,7.29203590,7.29203590,yes,CLEANED:0,BCC_SQS,Er4Zr12
Er8Er8,OK,0,0,0,static_OUTCAR,-69.7200689900,-69.7220317000,bcc,2.0,16,497.00800000,3.96057095,3.96057095,7.92114190,7.92114190,7.92114190,yes,CLEANED:0,BCC_SQS,Er8Er8
Er8Fe8,OK,0,0,0,static_OUTCAR,-98.3516238300,-98.3507329800,bcc,2.0,16,298.09858827,3.34007827,3.34007827,6.68015654,6.68015654,6.68015654,yes,CLEANED:0,BCC_SQS,Er8Fe8
Er8Ge8,OK,0,0,0,static_OUTCAR,-78.2286756100,-78.2291458200,bcc,2.0,16,367.05747727,3.57998628,3.57998628,7.15997257,7.15997257,7.15997257,yes,CLEANED:0,BCC_SQS,Er8Ge8
Er8Hf8,OK,0,0,0,static_OUTCAR,-112.6756755300,-112.6778222500,bcc,2.0,16,408.89863703,3.71115043,3.71115043,7.42230086,7.42230086,7.42230086,yes,CLEANED:0,BCC_SQS,Er8Hf8
Er8Ir8,OK,0,0,0,static_OUTCAR,-113.4860615900,-113.4862580000,bcc,2.0,16,307.37657116,3.37437692,3.37437692,6.74875383,6.74875383,6.74875383,no,CLEANED:0,BCC_SQS,Er8Ir8
Er8La8,OK,0,0,0,static_OUTCAR,-73.5522156700,-73.5526857000,bcc,2.0,16,550.46232202,4.09775388,4.09775388,8.19550776,8.19550776,8.19550776,yes,CLEANED:0,BCC_SQS,Er8La8
Er8Mg8,OK,0,0,0,static_OUTCAR,-47.3390023600,-47.3387711300,bcc,2.0,16,435.09740888,3.78877519,3.78877519,7.57755038,7.57755038,7.57755038,yes,CLEANED:0,BCC_SQS,Er8Mg8
Er8Mn8,OK,0,0,0,static_OUTCAR,-102.5056126100,-102.5053995900,bcc,2.0,16,357.55388694,3.54881891,3.54881891,7.09763782,7.09763782,7.09763782,yes,CLEANED:0,BCC_SQS,Er8Mn8
Er8Mo8,OK,0,0,0,static_OUTCAR,-117.2093985300,-117.2087094700,bcc,2.0,16,326.03018306,3.44130057,3.44130057,6.88260115,6.88260115,6.88260115,yes,CLEANED:0,BCC_SQS,Er8Mo8
Er8Nb8,OK,0,0,0,static_OUTCAR,-112.4054659100,-112.4030637000,bcc,2.0,16,360.64790804,3.55902586,3.55902586,7.11805172,7.11805172,7.11805172,yes,CLEANED:0,BCC_SQS,Er8Nb8
Er8Ni8,OK,0,0,0,static_OUTCAR,-83.0022854700,-83.0018002100,bcc,2.0,16,301.21824420,3.35168937,3.35168937,6.70337874,6.70337874,6.70337874,no,CLEANED:0,BCC_SQS,Er8Ni8
Er8Os8,OK,0,0,0,static_OUTCAR,-123.0378655800,-123.0367327100,bcc,2.0,16,301.34402052,3.35215581,3.35215581,6.70431163,6.70431163,6.70431163,yes,CLEANED:0,BCC_SQS,Er8Os8
Er8Pb8,OK,0,0,0,static_OUTCAR,-68.1090182100,-68.1103912800,bcc,2.0,16,465.21719441,3.87425846,3.87425846,7.74851692,7.74851692,7.74851692,yes,CLEANED:0,BCC_SQS,Er8Pb8
Er8Pd8,OK,0,0,0,static_OUTCAR,-87.5466059600,-87.5461005900,bcc,2.0,16,372.23200001,3.59673057,3.59673057,7.19346114,7.19346114,7.19346114,no,CLEANED:0,BCC_SQS,Er8Pd8
Er8Pt8,OK,0,0,0,static_OUTCAR,-98.2824403500,-98.2820030800,bcc,2.0,16,325.68388258,3.44008172,3.44008172,6.88016345,6.88016345,6.88016345,yes,CLEANED:0,BCC_SQS,Er8Pt8
Er8Re8,OK,0,0,0,static_OUTCAR,-129.9485157700,-129.9482259400,bcc,2.0,16,306.62827331,3.37163642,3.37163642,6.74327285,6.74327285,6.74327285,yes,CLEANED:0,BCC_SQS,Er8Re8
Er8Rh8,OK,0,0,0,static_OUTCAR,-101.6073761700,-101.6069983000,bcc,2.0,16,311.02910399,3.38769015,3.38769015,6.77538029,6.77538029,6.77538029,yes,CLEANED:0,BCC_SQS,Er8Rh8
Er8Ru8,OK,0,0,0,static_OUTCAR,-109.4076754100,-109.4066732400,bcc,2.0,16,303.25221438,3.35921652,3.35921652,6.71843305,6.71843305,6.71843305,no,CLEANED:0,BCC_SQS,Er8Ru8
Er8Sc8,OK,0,0,0,static_OUTCAR,-84.2213788900,-84.2189572900,bcc,2.0,16,445.22170386,3.81793720,3.81793720,7.63587439,7.63587439,7.63587439,no,CLEANED:0,BCC_SQS,Er8Sc8
Er8Si8,OK,0,0,0,static_OUTCAR,-84.0387715300,-84.0391104800,bcc,2.0,16,342.06080425,3.49680254,3.49680254,6.99360507,6.99360507,6.99360507,yes,CLEANED:0,BCC_SQS,Er8Si8
Er8Sn8,OK,0,0,0,static_OUTCAR,-72.8673541900,-72.8677675600,bcc,2.0,16,431.46624484,3.77820582,3.77820582,7.55641164,7.55641164,7.55641164,yes,CLEANED:0,BCC_SQS,Er8Sn8
Er8Ta8,OK,0,0,0,static_OUTCAR,-124.9837244100,-124.9839312800,bcc,2.0,16,356.96180355,3.54685897,3.54685897,7.09371793,7.09371793,7.09371793,yes,CLEANED:0,BCC_SQS,Er8Ta8
Er8Tb8,OK,0,0,0,static_OUTCAR,-70.3355833100,-70.3364728500,bcc,2.0,16,508.28729180,3.99030802,3.99030802,7.98061605,7.98061605,7.98061605,yes,CLEANED:0,BCC_SQS,Er8Tb8
Er8Ti8,OK,0,0,0,static_OUTCAR,-94.9551227900,-94.9561339100,bcc,2.0,16,373.19911746,3.59984283,3.59984283,7.19968567,7.19968567,7.19968567,yes,CLEANED:0,BCC_SQS,Er8Ti8
Er8V8,OK,0,0,0,static_OUTCAR,-102.1732633200,-102.1720757300,bcc,2.0,16,355.61851736,3.54240430,3.54240430,7.08480860,7.08480860,7.08480860,yes,CLEANED:0,BCC_SQS,Er8V8
Er8W8,OK,0,0,0,static_OUTCAR,-131.1418685900,-131.1425272000,bcc,2.0,16,324.57963055,3.43618938,3.43618938,6.87237876,6.87237876,6.87237876,yes,CLEANED:0,BCC_SQS,Er8W8
Er8Y8,OK,0,0,0,static_OUTCAR,-85.3737081400,-85.3743715800,bcc,2.0,16,511.48756992,3.99866510,3.99866510,7.99733020,7.99733020,7.99733020,yes,CLEANED:0,BCC_SQS,Er8Y8
Er8Zn8,OK,0,0,0,static_OUTCAR,-47.3817730700,-47.3834491900,bcc,2.0,16,366.08840552,3.57683299,3.57683299,7.15366598,7.15366598,7.15366598,yes,CLEANED:0,BCC_SQS,Er8Zn8
Er8Zr8,OK,0,0,0,static_OUTCAR,-102.1707635300,-102.1725962600,bcc,2.0,16,418.02179630,3.73854816,3.73854816,7.47709633,7.47709633,7.47709633,yes,CLEANED:0,BCC_SQS,Er8Zr8
Fe12Ge4,OK,0,0,0,static_OUTCAR,-117.3945282300,-117.3947573300,bcc,2.0,16,197.67263395,2.91263136,2.91263136,5.82526271,5.82526271,5.82526271,yes,CLEANED:0,BCC_SQS,Fe12Ge4
Fe12Hf4,OK,0,0,0,static_OUTCAR,-137.1541950300,-137.1542284900,bcc,2.0,16,221.22847541,3.02401318,3.02401318,6.04802636,6.04802636,6.04802636,no,CLEANED:0,BCC_SQS,Fe12Hf4
Fe12Ir4,OK,0,0,0,static_OUTCAR,-134.6858454200,-134.6858366800,bcc,2.0,16,205.41238218,2.95015982,2.95015982,5.90031964,5.90031964,5.90031964,yes,CLEANED:0,BCC_SQS,Fe12Ir4
Fe12La4,OK,0,0,0,static_OUTCAR,-112.7859661000,-112.7865507700,bcc,2.0,16,257.72583991,3.18192051,3.18192051,6.36384101,6.36384101,6.36384101,yes,CLEANED:0,BCC_SQS,Fe12La4
Fe12Mg4,OK,0,0,0,static_OUTCAR,-102.4143479100,-102.4136250300,bcc,2.0,16,207.29054667,2.95912404,2.95912404,5.91824808,5.91824808,5.91824808,yes,CLEANED:0,BCC_SQS,Fe12Mg4
Fe12Mn4,OK,0,0,0,static_OUTCAR,-134.3439026400,-134.3431750700,bcc,2.0,16,179.75639991,2.82183398,2.82183398,5.64366795,5.64366795,5.64366795,yes,CLEANED:0,BCC_SQS,Fe12Mn4
Fe12Mo4,OK,0,0,0,static_OUTCAR,-141.9866004200,-141.9860491200,bcc,2.0,16,202.63052299,2.93678144,2.93678144,5.87356287,5.87356287,5.87356287,yes,CLEANED:0,BCC_SQS,Fe12Mo4
Fe12Nb4,OK,0,0,0,static_OUTCAR,-138.9398589400,-138.9412388600,bcc,2.0,16,212.50716581,2.98374152,2.98374152,5.96748304,5.96748304,5.96748304,yes,CLEANED:0,BCC_SQS,Fe12Nb4
Fe12Ni4,OK,0,0,0,static_OUTCAR,-120.9524191200,-120.9522923300,bcc,2.0,16,185.45830136,2.85136029,2.85136029,5.70272058,5.70272058,5.70272058,yes,CLEANED:0,BCC_SQS,Fe12Ni4
Fe12Os4,OK,0,0,0,static_OUTCAR,-142.4374075800,-142.4388779500,bcc,2.0,16,202.06601948,2.93405173,2.93405173,5.86810346,5.86810346,5.86810346,yes,CLEANED:0,BCC_SQS,Fe12Os4
Fe12Pb4,OK,0,0,0,static_OUTCAR,-106.3418935500,-106.3413501900,bcc,2.0,16,236.32658994,3.09129796,3.09129796,6.18259592,6.18259592,6.18259592,no,CLEANED:0,BCC_SQS,Fe12Pb4
Fe12Pd4,OK,0,0,0,static_OUTCAR,-119.4730000500,-119.4734720700,bcc,2.0,16,208.51260068,2.96492769,2.96492769,5.92985538,5.92985538,5.92985538,yes,CLEANED:0,BCC_SQS,Fe12Pd4
Fe12Pt4,OK,0,0,0,static_OUTCAR,-124.5774845500,-124.5786826300,bcc,2.0,16,211.37031491,2.97841129,2.97841129,5.95682258,5.95682258,5.95682258,yes,CLEANED:0,BCC_SQS,Fe12Pt4
Fe12Re4,OK,0,0,0,static_OUTCAR,-148.3112947600,-148.3112291500,bcc,2.0,16,201.47563294,2.93119142,2.93119142,5.86238284,5.86238284,5.86238284,yes,CLEANED:0,BCC_SQS,Fe12Re4
Fe12Rh4,OK,0,0,0,static_OUTCAR,-128.1865536100,-128.1861063400,bcc,2.0,16,203.46516978,2.94080817,2.94080817,5.88161634,5.88161634,5.88161634,yes,CLEANED:0,BCC_SQS,Fe12Rh4
Fe12Ru4,OK,0,0,0,static_OUTCAR,-134.6618272000,-134.6609120500,bcc,2.0,16,199.67981119,2.92245651,2.92245651,5.84491302,5.84491302,5.84491302,yes,CLEANED:0,BCC_SQS,Fe12Ru4
Fe12Sc4,OK,0,0,0,static_OUTCAR,-122.9416435100,-122.9416102900,bcc,2.0,16,215.58015860,2.99805503,2.99805503,5.99611006,5.99611006,5.99611006,yes,CLEANED:0,BCC_SQS,Fe12Sc4
Fe12Si4,OK,0,0,0,static_OUTCAR,-123.6591105700,-123.6587151300,bcc,2.0,16,183.60372426,2.84182393,2.84182393,5.68364785,5.68364785,5.68364785,yes,CLEANED:0,BCC_SQS,Fe12Si4
Fe12Sn4,OK,0,0,0,static_OUTCAR,-111.9133798800,-111.9116187300,bcc,2.0,16,229.85627358,3.06282459,3.06282459,6.12564918,6.12564918,6.12564918,yes,CLEANED:0,BCC_SQS,Fe12Sn4
Fe12Ta4,OK,0,0,0,static_OUTCAR,-146.5602689100,-146.5607092800,bcc,2.0,16,211.74938346,2.98019070,2.98019070,5.96038141,5.96038141,5.96038141,yes,CLEANED:0,BCC_SQS,Fe12Ta4
Fe12Tb4,OK,0,0,0,static_OUTCAR,-113.0306994700,-113.0305319700,bcc,2.0,16,242.24477756,3.11689002,3.11689002,6.23378004,6.23378004,6.23378004,yes,CLEANED:0,BCC_SQS,Fe12Tb4
Fe12Ti4,OK,0,0,0,static_OUTCAR,-132.3060919200,-132.3047790600,bcc,2.0,16,197.58164350,2.91218439,2.91218439,5.82436877,5.82436877,5.82436877,yes,CLEANED:0,BCC_SQS,Fe12Ti4
Fe12V4,OK,0,0,0,static_OUTCAR,-136.4433159500,-136.4417337500,bcc,2.0,16,188.51949867,2.86696305,2.86696305,5.73392611,5.73392611,5.73392611,yes,CLEANED:0,BCC_SQS,Fe12V4
Fe12W4,OK,0,0,0,static_OUTCAR,-150.0211200300,-150.0207770100,bcc,2.0,16,205.06738475,2.94850726,2.94850726,5.89701453,5.89701453,5.89701453,yes,CLEANED:0,BCC_SQS,Fe12W4
Fe12Y4,OK,0,0,0,static_OUTCAR,-120.4940189400,-120.4941235700,bcc,2.0,16,242.41506288,3.11762019,3.11762019,6.23524038,6.23524038,6.23524038,yes,CLEANED:0,BCC_SQS,Fe12Y4
Fe12Zn4,OK,0,0,0,static_OUTCAR,-103.0559981300,-103.0560610100,bcc,2.0,16,193.52747195,2.89212824,2.89212824,5.78425647,5.78425647,5.78425647,yes,CLEANED:0,BCC_SQS,Fe12Zn4
Fe12Zr4,OK,0,0,0,static_OUTCAR,-132.3692570200,-132.3695682500,bcc,2.0,16,222.88322806,3.03153417,3.03153417,6.06306833,6.06306833,6.06306833,yes,CLEANED:0,BCC_SQS,Fe12Zr4
Fe4Ge12,OK,0,0,0,static_OUTCAR,-82.5977673300,-82.5961714500,bcc,2.0,16,268.96525367,3.22751843,3.22751843,6.45503686,6.45503686,6.45503686,yes,CLEANED:0,BCC_SQS,Fe4Ge12
Fe4Hf12,OK,0,0,0,static_OUTCAR,-150.9741419200,-150.9726592600,bcc,2.0,16,310.36287756,3.38526960,3.38526960,6.77053920,6.77053920,6.77053920,yes,CLEANED:0,BCC_SQS,Fe4Hf12
Fe4Ir12,OK,0,0,0,static_OUTCAR,-135.8504885200,-135.8497083400,bcc,2.0,16,227.70608788,3.05324428,3.05324428,6.10648855,6.10648855,6.10648855,yes,CLEANED:0,BCC_SQS,Fe4Ir12
Fe4La12,OK,0,0,0,static_OUTCAR,231.6583945800,231.6571920600,bcc,2.0,16,844.06888701,4.72529908,4.72529908,9.45059816,9.45059816,9.45059816,no,CLEANED:0,BCC_SQS,Fe4La12
Fe4Mg12,OK,0,0,0,static_OUTCAR,-48.5791399300,-48.5793231400,bcc,2.0,16,294.55468737,3.32678946,3.32678946,6.65357892,6.65357892,6.65357892,yes,CLEANED:0,BCC_SQS,Fe4Mg12
Fe4Mn12,OK,0,0,0,static_OUTCAR,-138.9973282800,-138.9975975700,bcc,2.0,16,177.18918769,2.80833606,2.80833606,5.61667212,5.61667212,5.61667212,yes,CLEANED:0,BCC_SQS,Fe4Mn12
Fe4Mo12,OK,0,0,0,static_OUTCAR,-162.4164567400,-162.4150615300,bcc,2.0,16,238.14895015,3.09922349,3.09922349,6.19844698,6.19844698,6.19844698,yes,CLEANED:0,BCC_SQS,Fe4Mo12
Fe4Nb12,OK,0,0,0,static_OUTCAR,-153.1164149100,-153.1180270700,bcc,2.0,16,263.50147112,3.20551406,3.20551406,6.41102811,6.41102811,6.41102811,yes,CLEANED:0,BCC_SQS,Fe4Nb12
Fe4Ni12,OK,0,0,0,static_OUTCAR,-98.2463524500,-98.2444367400,bcc,2.0,16,178.02613500,2.81275081,2.81275081,5.62550162,5.62550162,5.62550162,yes,CLEANED:0,BCC_SQS,Fe4Ni12
Fe4Os12,OK,0,0,0,static_OUTCAR,-162.4103260400,-162.4092763700,bcc,2.0,16,226.77425253,3.04907368,3.04907368,6.09814736,6.09814736,6.09814736,yes,CLEANED:0,BCC_SQS,Fe4Os12
Fe4Pd12,OK,0,0,0,static_OUTCAR,-95.8342638500,-95.8353750300,bcc,2.0,16,238.11971758,3.09909667,3.09909667,6.19819335,6.19819335,6.19819335,yes,CLEANED:0,BCC_SQS,Fe4Pd12
Fe4Pt12,OK,0,0,0,static_OUTCAR,-106.5007324900,-106.5017068300,bcc,2.0,16,238.29080672,3.09983873,3.09983873,6.19967746,6.19967746,6.19967746,yes,CLEANED:0,BCC_SQS,Fe4Pt12
Fe4Re12,OK,0,0,0,static_OUTCAR,-178.6327892100,-178.6333702400,bcc,2.0,16,231.43815644,3.06983470,3.06983470,6.13966941,6.13966941,6.13966941,yes,CLEANED:0,BCC_SQS,Fe4Re12
Fe4Rh12,OK,0,0,0,static_OUTCAR,-118.0507149600,-118.0512855900,bcc,2.0,16,224.88554320,3.04058524,3.04058524,6.08117049,6.08117049,6.08117049,yes,CLEANED:0,BCC_SQS,Fe4Rh12
Fe4Ru12,OK,0,0,0,static_OUTCAR,-139.6027717600,-139.6026557000,bcc,2.0,16,221.34263515,3.02453325,3.02453325,6.04906650,6.04906650,6.04906650,yes,CLEANED:0,BCC_SQS,Fe4Ru12
Fe4Sc12,OK,0,0,0,static_OUTCAR,-106.7662412700,-106.7662999000,bcc,2.0,16,329.39643319,3.45310381,3.45310381,6.90620763,6.90620763,6.90620763,yes,CLEANED:0,BCC_SQS,Fe4Sc12
Fe4Si12,OK,0,0,0,static_OUTCAR,-95.7987515500,-95.7986043900,bcc,2.0,16,209.73689945,2.97071931,2.97071931,5.94143862,5.94143862,5.94143862,yes,CLEANED:0,BCC_SQS,Fe4Si12
Fe4Sn12,OK,0,0,0,static_OUTCAR,-74.4459348900,-74.4463596100,bcc,2.0,16,377.63409951,3.61404652,3.61404652,7.22809304,7.22809304,7.22809304,yes,CLEANED:0,BCC_SQS,Fe4Sn12
Fe4Ta12,OK,0,0,0,static_OUTCAR,-174.4699910700,-174.4727834600,bcc,2.0,16,262.97343886,3.20337144,3.20337144,6.40674288,6.40674288,6.40674288,yes,CLEANED:0,BCC_SQS,Fe4Ta12
Fe4Tb12,OK,0,0,0,static_OUTCAR,-84.2457351400,-84.2446407100,bcc,2.0,16,398.77215736,3.68025813,3.68025813,7.36051625,7.36051625,7.36051625,yes,CLEANED:0,BCC_SQS,Fe4Tb12
Fe4Ti12,OK,0,0,0,static_OUTCAR,-127.6649057700,-127.6646811100,bcc,2.0,16,238.19553669,3.09942556,3.09942556,6.19885113,6.19885113,6.19885113,yes,CLEANED:0,BCC_SQS,Fe4Ti12
Fe4V12,OK,0,0,0,static_OUTCAR,-142.7968319500,-142.7963397600,bcc,2.0,16,199.90337804,2.92354679,2.92354679,5.84709358,5.84709358,5.84709358,yes,CLEANED:0,BCC_SQS,Fe4V12
Fe4W12,OK,0,0,0,static_OUTCAR,-186.3893022200,-186.3895484400,bcc,2.0,16,243.71952234,3.12320226,3.12320226,6.24640452,6.24640452,6.24640452,yes,CLEANED:0,BCC_SQS,Fe4W12
Fe4Y12,OK,0,0,0,static_OUTCAR,-106.9486711400,-106.9491537100,bcc,2.0,16,430.58047639,3.77561859,3.77561859,7.55123718,7.55123718,7.55123718,yes,CLEANED:0,BCC_SQS,Fe4Y12
Fe4Zn12,OK,0,0,0,static_OUTCAR,-45.6779133800,-45.6779237400,bcc,2.0,16,219.10614676,3.01431192,3.01431192,6.02862385,6.02862385,6.02862385,yes,CLEANED:0,BCC_SQS,Fe4Zn12
Fe4Zr12,OK,0,0,0,static_OUTCAR,-134.1395159400,-134.1399786900,bcc,2.0,16,318.94254064,3.41618059,3.41618059,6.83236118,6.83236118,6.83236118,yes,CLEANED:0,BCC_SQS,Fe4Zr12
Fe8Fe8,OK,0,0,0,static_OUTCAR,-132.3334655700,-132.3346247700,bcc,2.0,16,180.99200000,2.82828474,2.82828474,5.65656949,5.65656949,5.65656949,yes,CLEANED:0,BCC_SQS,Fe8Fe8
Fe8Ge8,OK,0,0,0,static_OUTCAR,-99.3659132800,-99.3666323000,bcc,2.0,16,225.83944935,3.04487830,3.04487830,6.08975661,6.08975661,6.08975661,yes,CLEANED:0,BCC_SQS,Fe8Ge8
Fe8Hf8,OK,0,0,0,static_OUTCAR,-134.4356672700,-134.4360440200,bcc,2.0,16,261.49975359,3.19737640,3.19737640,6.39475281,6.39475281,6.39475281,yes,CLEANED:0,BCC_SQS,Fe8Hf8
Fe8Ir8,OK,0,0,0,static_OUTCAR,-135.7336152000,-135.7339016900,bcc,2.0,16,220.31471616,3.01984399,3.01984399,6.03968797,6.03968797,6.03968797,yes,CLEANED:0,BCC_SQS,Fe8Ir8
Fe8Mg8,OK,0,0,0,static_OUTCAR,-74.6790497500,-74.6789865400,bcc,2.0,16,273.76800000,3.24661581,3.24661581,6.49323161,6.49323161,6.49323161,yes,CLEANED:0,BCC_SQS,Fe8Mg8
Fe8Mn8,OK,0,0,0,static_OUTCAR,-136.5375688100,-136.5372002200,bcc,2.0,16,179.46617143,2.82031448,2.82031448,5.64062896,5.64062896,5.64062896,yes,CLEANED:0,BCC_SQS,Fe8Mn8
Fe8Mo8,OK,0,0,0,static_OUTCAR,-151.7361730500,-151.7356601500,bcc,2.0,16,221.25197056,3.02412023,3.02412023,6.04824046,6.04824046,6.04824046,yes,CLEANED:0,BCC_SQS,Fe8Mo8
Fe8Nb8,OK,0,0,0,static_OUTCAR,-145.5355477500,-145.5340886000,bcc,2.0,16,241.03319394,3.11168498,3.11168498,6.22336995,6.22336995,6.22336995,yes,CLEANED:0,BCC_SQS,Fe8Nb8
Fe8Ni8,OK,0,0,0,static_OUTCAR,-109.8404899300,-109.8404722600,bcc,2.0,16,182.10253440,2.83405757,2.83405757,5.66811513,5.66811513,5.66811513,yes,CLEANED:0,BCC_SQS,Fe8Ni8
Fe8Os8,OK,0,0,0,static_OUTCAR,-152.2138559700,-152.2145893900,bcc,2.0,16,215.19850941,2.99628480,2.99628480,5.99256959,5.99256959,5.99256959,yes,CLEANED:0,BCC_SQS,Fe8Os8
Fe8Pd8,OK,0,0,0,static_OUTCAR,-107.6783523300,-107.6782969000,bcc,2.0,16,225.58650384,3.04374110,3.04374110,6.08748220,6.08748220,6.08748220,yes,CLEANED:0,BCC_SQS,Fe8Pd8
Fe8Pt8,OK,0,0,0,static_OUTCAR,-116.2063746900,-116.2052203900,bcc,2.0,16,225.37657924,3.04279667,3.04279667,6.08559334,6.08559334,6.08559334,yes,CLEANED:0,BCC_SQS,Fe8Pt8
Fe8Re8,OK,0,0,0,static_OUTCAR,-163.7027287900,-163.7013278800,bcc,2.0,16,217.31325472,3.00606760,3.00606760,6.01213521,6.01213521,6.01213521,yes,CLEANED:0,BCC_SQS,Fe8Re8
Fe8Rh8,OK,0,0,0,static_OUTCAR,-123.2501666900,-123.2504664200,bcc,2.0,16,216.69686362,3.00322276,3.00322276,6.00644551,6.00644551,6.00644551,yes,CLEANED:0,BCC_SQS,Fe8Rh8
Fe8Ru8,OK,0,0,0,static_OUTCAR,-136.6901279300,-136.6896121600,bcc,2.0,16,211.55836463,2.97929429,2.97929429,5.95858859,5.95858859,5.95858859,yes,CLEANED:0,BCC_SQS,Fe8Ru8
Fe8Sc8,OK,0,0,0,static_OUTCAR,-114.4652065600,-114.4653695200,bcc,2.0,16,263.03609938,3.20362585,3.20362585,6.40725170,6.40725170,6.40725170,yes,CLEANED:0,BCC_SQS,Fe8Sc8
Fe8Si8,OK,0,0,0,static_OUTCAR,-111.3153550100,-111.3133134600,bcc,2.0,16,187.38484368,2.86119961,2.86119961,5.72239923,5.72239923,5.72239923,yes,CLEANED:0,BCC_SQS,Fe8Si8
Fe8Sn8,OK,0,0,0,static_OUTCAR,-91.6032737100,-91.6027478600,bcc,2.0,16,297.08734147,3.33629712,3.33629712,6.67259423,6.67259423,6.67259423,yes,CLEANED:0,BCC_SQS,Fe8Sn8
Fe8Ta8,OK,0,0,0,static_OUTCAR,-159.9915869400,-159.9905955100,bcc,2.0,16,239.53698876,3.10523305,3.10523305,6.21046610,6.21046610,6.21046610,yes,CLEANED:0,BCC_SQS,Fe8Ta8
Fe8Tb8,OK,0,0,0,static_OUTCAR,-97.8900697100,-97.8911048800,bcc,2.0,16,322.14888268,3.42759011,3.42759011,6.85518022,6.85518022,6.85518022,yes,CLEANED:0,BCC_SQS,Fe8Tb8
Fe8Ti8,OK,0,0,0,static_OUTCAR,-130.3251319300,-130.3247078400,bcc,2.0,16,215.76370831,2.99890566,2.99890566,5.99781132,5.99781132,5.99781132,yes,CLEANED:0,BCC_SQS,Fe8Ti8
Fe8V8,OK,0,0,0,static_OUTCAR,-139.4851866500,-139.4854952100,bcc,2.0,16,193.58713224,2.89242540,2.89242540,5.78485080,5.78485080,5.78485080,yes,CLEANED:0,BCC_SQS,Fe8V8
Fe8W8,OK,0,0,0,static_OUTCAR,-167.6318169000,-167.6315005100,bcc,2.0,16,225.36552928,3.04274694,3.04274694,6.08549388,6.08549388,6.08549388,yes,CLEANED:0,BCC_SQS,Fe8W8
Fe8Y8,OK,0,0,0,static_OUTCAR,-111.0977558300,-111.0976182000,bcc,2.0,16,324.44379493,3.43570997,3.43570997,6.87141994,6.87141994,6.87141994,yes,CLEANED:0,BCC_SQS,Fe8Y8
Fe8Zn8,OK,0,0,0,static_OUTCAR,-74.3677099200,-74.3674487100,bcc,2.0,16,204.52687589,2.94591446,2.94591446,5.89182893,5.89182893,5.89182893,yes,CLEANED:0,BCC_SQS,Fe8Zn8
Fe8Zr8,OK,0,0,0,static_OUTCAR,-132.3025678900,-132.3017945800,bcc,2.0,16,268.61300144,3.22610883,3.22610883,6.45221767,6.45221767,6.45221767,yes,CLEANED:0,BCC_SQS,Fe8Zr8
Ge12Hf4,OK,0,0,0,static_OUTCAR,-93.6689227100,-93.6693090700,bcc,2.0,16,304.83447201,3.36504877,3.36504877,6.73009755,6.73009755,6.73009755,yes,CLEANED:0,BCC_SQS,Ge12Hf4
Ge12Ir4,OK,0,0,0,static_OUTCAR,-87.0132803700,-87.0154800200,bcc,2.0,16,271.07756139,3.23594547,3.23594547,6.47189094,6.47189094,6.47189094,yes,CLEANED:0,BCC_SQS,Ge12Ir4
Ge12La4,OK,0,0,0,static_OUTCAR,-77.3663571000,-77.3678159600,bcc,2.0,16,363.90595770,3.56971102,3.56971102,7.13942203,7.13942203,7.13942203,yes,CLEANED:0,BCC_SQS,Ge12La4
Ge12Mg4,OK,0,0,0,static_OUTCAR,-57.6304648400,-57.6303746000,bcc,2.0,16,312.13556311,3.39170253,3.39170253,6.78340506,6.78340506,6.78340506,yes,CLEANED:0,BCC_SQS,Ge12Mg4
Ge12Mn4,OK,0,0,0,static_OUTCAR,-85.5791891400,-85.5803368700,bcc,2.0,16,278.18440161,3.26398080,3.26398080,6.52796161,6.52796161,6.52796161,yes,CLEANED:0,BCC_SQS,Ge12Mn4
Ge12Mo4,OK,0,0,0,static_OUTCAR,-93.3193936000,-93.3206339700,bcc,2.0,16,272.61602798,3.24205566,3.24205566,6.48411132,6.48411132,6.48411132,yes,CLEANED:0,BCC_SQS,Ge12Mo4
Ge12Nb4,OK,0,0,0,static_OUTCAR,-91.4627805300,-91.4619574900,bcc,2.0,16,287.03411465,3.29823181,3.29823181,6.59646363,6.59646363,6.59646363,yes,CLEANED:0,BCC_SQS,Ge12Nb4
Ge12Ni4,OK,0,0,0,static_OUTCAR,-73.7481125400,-73.7480746200,bcc,2.0,16,263.22445880,3.20439037,3.20439037,6.40878074,6.40878074,6.40878074,yes,CLEANED:0,BCC_SQS,Ge12Ni4
Ge12Os4,OK,0,0,0,static_OUTCAR,-93.4941541900,-93.4942036000,bcc,2.0,16,267.52458461,3.22174555,3.22174555,6.44349110,6.44349110,6.44349110,yes,CLEANED:0,BCC_SQS,Ge12Os4
Ge12Pd4,OK,0,0,0,static_OUTCAR,-74.1679766400,-74.1682959800,bcc,2.0,16,283.52335282,3.28472954,3.28472954,6.56945908,6.56945908,6.56945908,yes,CLEANED:0,BCC_SQS,Ge12Pd4
Ge12Pt4,OK,0,0,0,static_OUTCAR,-78.0487766100,-78.0501386400,bcc,2.0,16,282.95113627,3.28251827,3.28251827,6.56503654,6.56503654,6.56503654,yes,CLEANED:0,BCC_SQS,Ge12Pt4
Ge12Re4,OK,0,0,0,static_OUTCAR,-97.5859269500,-97.5865450200,bcc,2.0,16,268.45631138,3.22548142,3.22548142,6.45096283,6.45096283,6.45096283,yes,CLEANED:0,BCC_SQS,Ge12Re4
Ge12Rh4,OK,0,0,0,static_OUTCAR,-82.8008861200,-82.8012140900,bcc,2.0,16,270.06523106,3.23191227,3.23191227,6.46382453,6.46382453,6.46382453,yes,CLEANED:0,BCC_SQS,Ge12Rh4
Ge12Ru4,OK,0,0,0,static_OUTCAR,-88.4881973000,-88.4866432300,bcc,2.0,16,265.98729687,3.21556261,3.21556261,6.43112521,6.43112521,6.43112521,yes,CLEANED:0,BCC_SQS,Ge12Ru4
Ge12Sc4,OK,0,0,0,static_OUTCAR,-81.0105081300,-81.0123365700,bcc,2.0,16,307.88151784,3.37622367,3.37622367,6.75244735,6.75244735,6.75244735,yes,CLEANED:0,BCC_SQS,Ge12Sc4
Ge12Si4,OK,0,0,0,static_OUTCAR,-69.2151377100,-69.2153166900,bcc,2.0,16,293.87126785,3.32421455,3.32421455,6.64842911,6.64842911,6.64842911,yes,CLEANED:0,BCC_SQS,Ge12Si4
Ge12Sn4,OK,0,0,0,static_OUTCAR,-65.1358190400,-65.1369592300,bcc,2.0,16,341.36000000,3.49441285,3.49441285,6.98882571,6.98882571,6.98882571,yes,CLEANED:0,BCC_SQS,Ge12Sn4
Ge12Ta4,OK,0,0,0,static_OUTCAR,-97.2450018100,-97.2452304000,bcc,2.0,16,303.55200001,3.36032310,3.36032310,6.72064620,6.72064620,6.72064620,yes,CLEANED:0,BCC_SQS,Ge12Ta4
Ge12Tb4,OK,0,0,0,static_OUTCAR,-75.3953616700,-75.3975463500,bcc,2.0,16,360.92800000,3.55994698,3.55994698,7.11989395,7.11989395,7.11989395,yes,CLEANED:0,BCC_SQS,Ge12Tb4
Ge12Ti4,OK,0,0,0,static_OUTCAR,-84.5007989000,-84.5024509800,bcc,2.0,16,281.35173849,3.27632170,3.27632170,6.55264341,6.55264341,6.55264341,yes,CLEANED:0,BCC_SQS,Ge12Ti4
Ge12V4,OK,0,0,0,static_OUTCAR,-86.1018779000,-86.1005520800,bcc,2.0,16,266.18348913,3.21635301,3.21635301,6.43270602,6.43270602,6.43270602,yes,CLEANED:0,BCC_SQS,Ge12V4
Ge12W4,OK,0,0,0,static_OUTCAR,-98.8429273800,-98.8432159900,bcc,2.0,16,273.25241533,3.24457642,3.24457642,6.48915284,6.48915284,6.48915284,yes,CLEANED:0,BCC_SQS,Ge12W4
Ge12Y4,OK,0,0,0,static_OUTCAR,-82.8988726600,-82.9008944700,bcc,2.0,16,339.41709877,3.48777058,3.48777058,6.97554116,6.97554116,6.97554116,yes,CLEANED:0,BCC_SQS,Ge12Y4
Ge12Zn4,OK,0,0,0,static_OUTCAR,-53.8201476200,-53.8192347200,bcc,2.0,16,297.61899814,3.33828610,3.33828610,6.67657221,6.67657221,6.67657221,yes,CLEANED:0,BCC_SQS,Ge12Zn4
Ge12Zr4,OK,0,0,0,static_OUTCAR,-89.3474763500,-89.3484441100,bcc,2.0,16,307.82395314,3.37601324,3.37601324,6.75202648,6.75202648,6.75202648,yes,CLEANED:0,BCC_SQS,Ge12Zr4
Ge4Hf12,OK,0,0,0,static_OUTCAR,-139.3787958300,-139.3782101700,bcc,2.0,16,331.41548519,3.46014477,3.46014477,6.92028954,6.92028954,6.92028954,yes,CLEANED:0,BCC_SQS,Ge4Hf12
Ge4Ir12,OK,0,0,0,static_OUTCAR,-120.7825886000,-120.7808188900,bcc,2.0,16,242.97121677,3.12000254,3.12000254,6.24000507,6.24000507,6.24000507,yes,CLEANED:0,BCC_SQS,Ge4Ir12
Ge4La12,OK,0,0,0,static_OUTCAR,-81.2636043500,-81.2657016100,bcc,2.0,16,488.17378361,3.93696441,3.93696441,7.87392882,7.87392882,7.87392882,yes,CLEANED:0,BCC_SQS,Ge4La12
Ge4Mg12,OK,0,0,0,static_OUTCAR,-36.3656492000,-36.3662732100,bcc,2.0,16,340.13917120,3.49024211,3.49024211,6.98048422,6.98048422,6.98048422,yes,CLEANED:0,BCC_SQS,Ge4Mg12
Ge4Mn12,OK,0,0,0,static_OUTCAR,-124.5089166500,-124.5074207500,bcc,2.0,16,200.98241920,2.92879761,2.92879761,5.85759521,5.85759521,5.85759521,yes,CLEANED:0,BCC_SQS,Ge4Mn12
Ge4Mo12,OK,0,0,0,static_OUTCAR,-147.7597423600,-147.7597731000,bcc,2.0,16,250.10279067,3.15023426,3.15023426,6.30046852,6.30046852,6.30046852,yes,CLEANED:0,BCC_SQS,Ge4Mo12
Ge4Nb12,OK,0,0,0,static_OUTCAR,-140.1285824100,-140.1285718500,bcc,2.0,16,297.41200000,3.33751198,3.33751198,6.67502396,6.67502396,6.67502396,yes,CLEANED:0,BCC_SQS,Ge4Nb12
Ge4Ni12,OK,0,0,0,static_OUTCAR,-85.2579787700,-85.2587316200,bcc,2.0,16,187.71692596,2.86288882,2.86288882,5.72577764,5.72577764,5.72577764,yes,CLEANED:0,BCC_SQS,Ge4Ni12
Ge4Os12,OK,0,0,0,static_OUTCAR,-145.3553609100,-145.3563146700,bcc,2.0,16,239.01456447,3.10297393,3.10297393,6.20594785,6.20594785,6.20594785,yes,CLEANED:0,BCC_SQS,Ge4Os12
Ge4Pb12,OK,0,0,0,static_OUTCAR,-58.1063556800,-58.1069764800,bcc,2.0,16,509.97538556,3.99472060,3.99472060,7.98944120,7.98944120,7.98944120,no,CLEANED:0,BCC_SQS,Ge4Pb12
Ge4Pd12,OK,0,0,0,static_OUTCAR,-85.3408802300,-85.3398977900,bcc,2.0,16,248.97059083,3.14547343,3.14547343,6.29094686,6.29094686,6.29094686,yes,CLEANED:0,BCC_SQS,Ge4Pd12
Ge4Pt12,OK,0,0,0,static_OUTCAR,-93.5567171700,-93.5563018600,bcc,2.0,16,255.77543527,3.17387351,3.17387351,6.34774703,6.34774703,6.34774703,yes,CLEANED:0,BCC_SQS,Ge4Pt12
Ge4Re12,OK,0,0,0,static_OUTCAR,-162.0595547900,-162.0600405700,bcc,2.0,16,242.40361422,3.11757111,3.11757111,6.23514222,6.23514222,6.23514222,yes,CLEANED:0,BCC_SQS,Ge4Re12
Ge4Rh12,OK,0,0,0,static_OUTCAR,-106.2883652600,-106.2875458300,bcc,2.0,16,242.10400000,3.11628612,3.11628612,6.23257225,6.23257225,6.23257225,yes,CLEANED:0,BCC_SQS,Ge4Rh12
Ge4Ru12,OK,0,0,0,static_OUTCAR,-126.0188171700,-126.0204539300,bcc,2.0,16,229.98336374,3.06338897,3.06338897,6.12677795,6.12677795,6.12677795,yes,CLEANED:0,BCC_SQS,Ge4Ru12
Ge4Sc12,OK,0,0,0,static_OUTCAR,-97.2600048300,-97.2605724800,bcc,2.0,16,348.37241054,3.51817892,3.51817892,7.03635784,7.03635784,7.03635784,yes,CLEANED:0,BCC_SQS,Ge4Sc12
Ge4Si12,OK,0,0,0,static_OUTCAR,-76.6671166000,-76.6667310600,bcc,2.0,16,254.83599999,3.16998298,3.16998298,6.33996597,6.33996597,6.33996597,yes,CLEANED:0,BCC_SQS,Ge4Si12
Ge4Sn12,OK,0,0,0,static_OUTCAR,-61.6506785500,-61.6538021400,bcc,2.0,16,414.87872533,3.72915464,3.72915464,7.45830928,7.45830928,7.45830928,yes,CLEANED:0,BCC_SQS,Ge4Sn12
Ge4Ta12,OK,0,0,0,static_OUTCAR,-160.0381814000,-160.0393519200,bcc,2.0,16,284.19019120,3.28730272,3.28730272,6.57460544,6.57460544,6.57460544,yes,CLEANED:0,BCC_SQS,Ge4Ta12
Ge4Tb12,OK,0,0,0,static_OUTCAR,-76.8701997800,-76.8683528900,bcc,2.0,16,441.24199007,3.80652730,3.80652730,7.61305461,7.61305461,7.61305461,yes,CLEANED:0,BCC_SQS,Ge4Tb12
Ge4Ti12,OK,0,0,0,static_OUTCAR,-114.9663691300,-114.9654550500,bcc,2.0,16,265.16357781,3.21223982,3.21223982,6.42447963,6.42447963,6.42447963,yes,CLEANED:0,BCC_SQS,Ge4Ti12
Ge4V12,OK,0,0,0,static_OUTCAR,-127.8323087600,-127.8318850800,bcc,2.0,16,220.90295266,3.02252924,3.02252924,6.04505848,6.04505848,6.04505848,yes,CLEANED:0,BCC_SQS,Ge4V12
Ge4W12,OK,0,0,0,static_OUTCAR,-169.2676888100,-169.2662061200,bcc,2.0,16,255.73593528,3.17371012,3.17371012,6.34742025,6.34742025,6.34742025,yes,CLEANED:0,BCC_SQS,Ge4W12
Ge4Y12,OK,0,0,0,static_OUTCAR,-99.5674411900,-99.5708301700,bcc,2.0,16,443.90275764,3.81416332,3.81416332,7.62832664,7.62832664,7.62832664,yes,CLEANED:0,BCC_SQS,Ge4Y12
Ge4Zn12,OK,0,0,0,static_OUTCAR,-28.8428248800,-28.8426599200,bcc,2.0,16,271.06949343,3.23591336,3.23591336,6.47182673,6.47182673,6.47182673,yes,CLEANED:0,BCC_SQS,Ge4Zn12
Ge4Zr12,OK,0,0,0,static_OUTCAR,-123.2628045000,-123.2614440100,bcc,2.0,16,339.17226854,3.48693177,3.48693177,6.97386354,6.97386354,6.97386354,yes,CLEANED:0,BCC_SQS,Ge4Zr12
Ge8Ge8,OK,0,0,0,static_OUTCAR,-66.7506939800,-66.7496415400,bcc,2.0,16,313.84390035,3.39787894,3.39787894,6.79575788,6.79575788,6.79575788,yes,CLEANED:0,BCC_SQS,Ge8Ge8
Ge8Hf8,OK,0,0,0,static_OUTCAR,-118.8541583900,-118.8530137500,bcc,2.0,16,310.80567567,3.38687877,3.38687877,6.77375753,6.77375753,6.77375753,yes,CLEANED:0,BCC_SQS,Ge8Hf8
Ge8Ir8,OK,0,0,0,static_OUTCAR,-104.6457160700,-104.6448267700,bcc,2.0,16,250.92786338,3.15369460,3.15369460,6.30738919,6.30738919,6.30738919,yes,CLEANED:0,BCC_SQS,Ge8Ir8
Ge8La8,OK,0,0,0,static_OUTCAR,-80.5911444800,-80.5911319400,bcc,2.0,16,415.52550504,3.73109150,3.73109150,7.46218300,7.46218300,7.46218300,no,CLEANED:0,BCC_SQS,Ge8La8
Ge8Mg8,OK,0,0,0,static_OUTCAR,-47.5230779100,-47.5239754400,bcc,2.0,16,322.00993072,3.42709723,3.42709723,6.85419446,6.85419446,6.85419446,yes,CLEANED:0,BCC_SQS,Ge8Mg8
Ge8Mn8,OK,0,0,0,static_OUTCAR,-105.6244351700,-105.6248516300,bcc,2.0,16,238.66023804,3.10143984,3.10143984,6.20287967,6.20287967,6.20287967,yes,CLEANED:0,BCC_SQS,Ge8Mn8
Ge8Mo8,OK,0,0,0,static_OUTCAR,-121.2606234200,-121.2619440300,bcc,2.0,16,254.25694940,3.16758017,3.16758017,6.33516033,6.33516033,6.33516033,yes,CLEANED:0,BCC_SQS,Ge8Mo8
Ge8Nb8,OK,0,0,0,static_OUTCAR,-118.3618098500,-118.3613247300,bcc,2.0,16,279.66027655,3.26974285,3.26974285,6.53948570,6.53948570,6.53948570,yes,CLEANED:0,BCC_SQS,Ge8Nb8
Ge8Ni8,OK,0,0,0,static_OUTCAR,-80.3904090300,-80.3908959400,bcc,2.0,16,218.59259187,3.01195504,3.01195504,6.02391007,6.02391007,6.02391007,yes,CLEANED:0,BCC_SQS,Ge8Ni8
Ge8Os8,OK,0,0,0,static_OUTCAR,-119.9121281100,-119.9105749900,bcc,2.0,16,246.09475707,3.13331548,3.13331548,6.26663097,6.26663097,6.26663097,no,CLEANED:0,BCC_SQS,Ge8Os8
Ge8Pd8,OK,0,0,0,static_OUTCAR,-81.0267939800,-81.0279303800,bcc,2.0,16,261.06209202,3.19559163,3.19559163,6.39118327,6.39118327,6.39118327,yes,CLEANED:0,BCC_SQS,Ge8Pd8
Ge8Pt8,OK,0,0,0,static_OUTCAR,-86.8091152100,-86.8111174500,bcc,2.0,16,265.79811089,3.21480006,3.21480006,6.42960012,6.42960012,6.42960012,yes,CLEANED:0,BCC_SQS,Ge8Pt8
Ge8Re8,OK,0,0,0,static_OUTCAR,-128.9491744900,-128.9500688700,bcc,2.0,16,248.37065236,3.14294487,3.14294487,6.28588975,6.28588975,6.28588975,yes,CLEANED:0,BCC_SQS,Ge8Re8
Ge8Rh8,OK,0,0,0,static_OUTCAR,-96.8548889900,-96.8545962700,bcc,2.0,16,244.83928762,3.12797812,3.12797812,6.25595624,6.25595624,6.25595624,yes,CLEANED:0,BCC_SQS,Ge8Rh8
Ge8Ru8,OK,0,0,0,static_OUTCAR,-108.3954480400,-108.3960856200,bcc,2.0,16,239.94195902,3.10698200,3.10698200,6.21396401,6.21396401,6.21396401,no,CLEANED:0,BCC_SQS,Ge8Ru8
Ge8Sc8,OK,0,0,0,static_OUTCAR,-91.4922910300,-91.4935523300,bcc,2.0,16,316.81196523,3.40855675,3.40855675,6.81711351,6.81711351,6.81711351,yes,CLEANED:0,BCC_SQS,Ge8Sc8
Ge8Si8,OK,0,0,0,static_OUTCAR,-72.7738798200,-72.7752585900,bcc,2.0,16,272.30163463,3.24080888,3.24080888,6.48161776,6.48161776,6.48161776,no,CLEANED:0,BCC_SQS,Ge8Si8
Ge8Sn8,OK,0,0,0,static_OUTCAR,-63.4892520200,-63.4893718900,bcc,2.0,16,383.00096181,3.63108676,3.63108676,7.26217352,7.26217352,7.26217352,yes,CLEANED:0,BCC_SQS,Ge8Sn8
Ge8Ta8,OK,0,0,0,static_OUTCAR,-130.6507544300,-130.6497140200,bcc,2.0,16,278.64738772,3.26579056,3.26579056,6.53158112,6.53158112,6.53158112,yes,CLEANED:0,BCC_SQS,Ge8Ta8
Ge8Tb8,OK,0,0,0,static_OUTCAR,-77.6122138900,-77.6124939900,bcc,2.0,16,377.35131696,3.61314420,3.61314420,7.22628840,7.22628840,7.22628840,yes,CLEANED:0,BCC_SQS,Ge8Tb8
Ge8Ti8,OK,0,0,0,static_OUTCAR,-102.5021279900,-102.5021539100,bcc,2.0,16,264.20755320,3.20837468,3.20837468,6.41674937,6.41674937,6.41674937,yes,CLEANED:0,BCC_SQS,Ge8Ti8
Ge8V8,OK,0,0,0,static_OUTCAR,-108.4752885100,-108.4754689700,bcc,2.0,16,236.28115030,3.09109982,3.09109982,6.18219964,6.18219964,6.18219964,yes,CLEANED:0,BCC_SQS,Ge8V8
Ge8W8,OK,0,0,0,static_OUTCAR,-134.1511128000,-134.1509511100,bcc,2.0,16,258.38717614,3.18463983,3.18463983,6.36927967,6.36927967,6.36927967,yes,CLEANED:0,BCC_SQS,Ge8W8
Ge8Y8,OK,0,0,0,static_OUTCAR,-92.7777530500,-92.7774682100,bcc,2.0,16,377.74498042,3.61440021,3.61440021,7.22880041,7.22880041,7.22880041,yes,CLEANED:0,BCC_SQS,Ge8Y8
Ge8Zn8,OK,0,0,0,static_OUTCAR,-41.4954232300,-41.4962503700,bcc,2.0,16,288.20236678,3.30270045,3.30270045,6.60540090,6.60540090,6.60540090,yes,CLEANED:0,BCC_SQS,Ge8Zn8
Ge8Zr8,OK,0,0,0,static_OUTCAR,-109.1480440900,-109.1481201100,bcc,2.0,16,316.56773431,3.40768064,3.40768064,6.81536128,6.81536128,6.81536128,yes,CLEANED:0,BCC_SQS,Ge8Zr8
Hf12Ir4,OK,0,0,0,static_OUTCAR,-160.2003857900,-160.2007104700,bcc,2.0,16,308.28957728,3.37771461,3.37771461,6.75542921,6.75542921,6.75542921,yes,CLEANED:0,BCC_SQS,Hf12Ir4
Hf12La4,OK,0,0,0,static_OUTCAR,-134.3752593800,-134.3749580100,bcc,2.0,16,393.33496826,3.66345496,3.66345496,7.32690993,7.32690993,7.32690993,yes,CLEANED:0,BCC_SQS,Hf12La4
Hf12Mg4,OK,0,0,0,static_OUTCAR,-122.6008683500,-122.5993553800,bcc,2.0,16,351.43555819,3.52846032,3.52846032,7.05692064,7.05692064,7.05692064,yes,CLEANED:0,BCC_SQS,Hf12Mg4
Hf12Mn4,OK,0,0,0,static_OUTCAR,-153.1179568500,-153.1170347600,bcc,2.0,16,321.54834735,3.42545893,3.42545893,6.85091786,6.85091786,6.85091786,yes,CLEANED:0,BCC_SQS,Hf12Mn4
Hf12Mo4,OK,0,0,0,static_OUTCAR,-161.5315377000,-161.5325562500,bcc,2.0,16,321.21758450,3.42428399,3.42428399,6.84856797,6.84856797,6.84856797,yes,CLEANED:0,BCC_SQS,Hf12Mo4
Hf12Nb4,OK,0,0,0,static_OUTCAR,-157.8307398600,-157.8299891200,bcc,2.0,16,336.61454021,3.47814456,3.47814456,6.95628912,6.95628912,6.95628912,yes,CLEANED:0,BCC_SQS,Hf12Nb4
Hf12Ni4,OK,0,0,0,static_OUTCAR,-142.0245941300,-142.0245771800,bcc,2.0,16,306.52688744,3.37126477,3.37126477,6.74252955,6.74252955,6.74252955,yes,CLEANED:0,BCC_SQS,Hf12Ni4
Hf12Os4,OK,0,0,0,static_OUTCAR,-166.2113617000,-166.2086118500,bcc,2.0,16,307.29009200,3.37406043,3.37406043,6.74812086,6.74812086,6.74812086,yes,CLEANED:0,BCC_SQS,Hf12Os4
Hf12Pb4,OK,0,0,0,static_OUTCAR,-131.3704460200,-131.3728456100,bcc,2.0,16,378.98008352,3.61833522,3.61833522,7.23667045,7.23667045,7.23667045,no,CLEANED:0,BCC_SQS,Hf12Pb4
Hf12Pd4,OK,0,0,0,static_OUTCAR,-143.6234126000,-143.6217517100,bcc,2.0,16,320.19585382,3.42064947,3.42064947,6.84129894,6.84129894,6.84129894,yes,CLEANED:0,BCC_SQS,Hf12Pd4
Hf12Pt4,OK,0,0,0,static_OUTCAR,-150.2214246000,-150.2231825900,bcc,2.0,16,315.75692562,3.40476885,3.40476885,6.80953769,6.80953769,6.80953769,yes,CLEANED:0,BCC_SQS,Hf12Pt4
Hf12Re4,OK,0,0,0,static_OUTCAR,-168.9885743000,-168.9892976000,bcc,2.0,16,311.65715612,3.38996883,3.38996883,6.77993767,6.77993767,6.77993767,yes,CLEANED:0,BCC_SQS,Hf12Re4
Hf12Rh4,OK,0,0,0,static_OUTCAR,-153.0011735900,-153.0016442100,bcc,2.0,16,311.26479286,3.38854563,3.38854563,6.77709125,6.77709125,6.77709125,yes,CLEANED:0,BCC_SQS,Hf12Rh4
Hf12Ru4,OK,0,0,0,static_OUTCAR,-158.6987166300,-158.6971671700,bcc,2.0,16,309.05092391,3.38049283,3.38049283,6.76098567,6.76098567,6.76098567,yes,CLEANED:0,BCC_SQS,Hf12Ru4
Hf12Sc4,OK,0,0,0,static_OUTCAR,-142.1698353800,-142.1694252700,bcc,2.0,16,361.19601378,3.56082793,3.56082793,7.12165585,7.12165585,7.12165585,yes,CLEANED:0,BCC_SQS,Hf12Sc4
Hf12Si4,OK,0,0,0,static_OUTCAR,-143.1153129000,-143.1150832300,bcc,2.0,16,321.33463627,3.42469987,3.42469987,6.84939975,6.84939975,6.84939975,yes,CLEANED:0,BCC_SQS,Hf12Si4
Hf12Sn4,OK,0,0,0,static_OUTCAR,-135.4743733400,-135.4744750500,bcc,2.0,16,356.20481796,3.54435000,3.54435000,7.08869999,7.08869999,7.08869999,yes,CLEANED:0,BCC_SQS,Hf12Sn4
Hf12Ta4,OK,0,0,0,static_OUTCAR,-164.1367692200,-164.1369622800,bcc,2.0,16,335.79916772,3.47533395,3.47533395,6.95066790,6.95066790,6.95066790,yes,CLEANED:0,BCC_SQS,Hf12Ta4
Hf12Tb4,OK,0,0,0,static_OUTCAR,-134.0212766400,-134.0218452700,bcc,2.0,16,381.31437012,3.62574894,3.62574894,7.25149788,7.25149788,7.25149788,yes,CLEANED:0,BCC_SQS,Hf12Tb4
Hf12Ti4,OK,0,0,0,static_OUTCAR,-148.6273292000,-148.6251405100,bcc,2.0,16,336.01517925,3.47607899,3.47607899,6.95215798,6.95215798,6.95215798,yes,CLEANED:0,BCC_SQS,Hf12Ti4
Hf12V4,OK,0,0,0,static_OUTCAR,-152.3863888200,-152.3855202300,bcc,2.0,16,324.54709390,3.43607456,3.43607456,6.87214912,6.87214912,6.87214912,yes,CLEANED:0,BCC_SQS,Hf12V4
Hf12W4,OK,0,0,0,static_OUTCAR,-168.7625301500,-168.7621531600,bcc,2.0,16,320.90423933,3.42317017,3.42317017,6.84634034,6.84634034,6.84634034,yes,CLEANED:0,BCC_SQS,Hf12W4
Hf12Y4,OK,0,0,0,static_OUTCAR,-141.5252301100,-141.5244544100,bcc,2.0,16,382.61568547,3.62986880,3.62986880,7.25973760,7.25973760,7.25973760,yes,CLEANED:0,BCC_SQS,Hf12Y4
Hf12Zn4,OK,0,0,0,static_OUTCAR,-123.0675570200,-123.0692007000,bcc,2.0,16,328.30630200,3.44929028,3.44929028,6.89858055,6.89858055,6.89858055,yes,CLEANED:0,BCC_SQS,Hf12Zn4
Hf12Zr4,OK,0,0,0,static_OUTCAR,-150.6872548800,-150.6911492900,bcc,2.0,16,357.74692756,3.54945746,3.54945746,7.09891491,7.09891491,7.09891491,yes,CLEANED:0,BCC_SQS,Hf12Zr4
Hf4Ir12,OK,0,0,0,static_OUTCAR,-149.5353657900,-149.5353071500,bcc,2.0,16,257.66130593,3.18165490,3.18165490,6.36330981,6.36330981,6.36330981,yes,CLEANED:0,BCC_SQS,Hf4Ir12
Hf4La12,OK,0,0,0,static_OUTCAR,-94.9681808500,-94.9675908800,bcc,2.0,16,509.77056739,3.99418574,3.99418574,7.98837148,7.98837148,7.98837148,yes,CLEANED:0,BCC_SQS,Hf4La12
Hf4Mg12,OK,0,0,0,static_OUTCAR,-55.4595808300,-55.4604773500,bcc,2.0,16,354.01559066,3.53707390,3.53707390,7.07414780,7.07414780,7.07414780,yes,CLEANED:0,BCC_SQS,Hf4Mg12
Hf4Mn12,OK,0,0,0,static_OUTCAR,-144.6283912300,-144.6277693300,bcc,2.0,16,220.26938808,3.01963687,3.01963687,6.03927374,6.03927374,6.03927374,yes,CLEANED:0,BCC_SQS,Hf4Mn12
Hf4Mo12,OK,0,0,0,static_OUTCAR,-171.0607564400,-171.0600147000,bcc,2.0,16,268.79920103,3.22685409,3.22685409,6.45370819,6.45370819,6.45370819,yes,CLEANED:0,BCC_SQS,Hf4Mo12
Hf4Nb12,OK,0,0,0,static_OUTCAR,-160.0464823900,-160.0421777800,bcc,2.0,16,306.71611582,3.37195836,3.37195836,6.74391672,6.74391672,6.74391672,yes,CLEANED:0,BCC_SQS,Hf4Nb12
Hf4Ni12,OK,0,0,0,static_OUTCAR,-108.6853622800,-108.6850757800,bcc,2.0,16,213.53535415,2.98854593,2.98854593,5.97709185,5.97709185,5.97709185,yes,CLEANED:0,BCC_SQS,Hf4Ni12
Hf4Os12,OK,0,0,0,static_OUTCAR,-172.0258062300,-172.0269868500,bcc,2.0,16,254.47495306,3.16848522,3.16848522,6.33697044,6.33697044,6.33697044,yes,CLEANED:0,BCC_SQS,Hf4Os12
Hf4Pb12,OK,0,0,0,static_OUTCAR,-78.7944396300,-78.7947372700,bcc,2.0,16,474.28910245,3.89927968,3.89927968,7.79855936,7.79855936,7.79855936,no,CLEANED:0,BCC_SQS,Hf4Pb12
Hf4Pd12,OK,0,0,0,static_OUTCAR,-110.8575281700,-110.8583627900,bcc,2.0,16,266.98012984,3.21955848,3.21955848,6.43911695,6.43911695,6.43911695,yes,CLEANED:0,BCC_SQS,Hf4Pd12
Hf4Pt12,OK,0,0,0,static_OUTCAR,-122.8862298600,-122.8866762000,bcc,2.0,16,269.97733742,3.23156162,3.23156162,6.46312323,6.46312323,6.46312323,yes,CLEANED:0,BCC_SQS,Hf4Pt12
Hf4Re12,OK,0,0,0,static_OUTCAR,-188.1817209000,-188.1824591500,bcc,2.0,16,258.79619475,3.18631934,3.18631934,6.37263868,6.37263868,6.37263868,yes,CLEANED:0,BCC_SQS,Hf4Re12
Hf4Rh12,OK,0,0,0,static_OUTCAR,-132.6540128400,-132.6551755900,bcc,2.0,16,252.18838992,3.15896660,3.15896660,6.31793320,6.31793320,6.31793320,yes,CLEANED:0,BCC_SQS,Hf4Rh12
Hf4Ru12,OK,0,0,0,static_OUTCAR,-150.3408910600,-150.3430894800,bcc,2.0,16,248.79227469,3.14472231,3.14472231,6.28944461,6.28944461,6.28944461,yes,CLEANED:0,BCC_SQS,Hf4Ru12
Hf4Sc12,OK,0,0,0,static_OUTCAR,-112.9053522200,-112.9061161400,bcc,2.0,16,382.54798112,3.62965468,3.62965468,7.25930936,7.25930936,7.25930936,yes,CLEANED:0,BCC_SQS,Hf4Sc12
Hf4Si12,OK,0,0,0,static_OUTCAR,-104.5550315600,-104.5546769300,bcc,2.0,16,261.10160835,3.19575286,3.19575286,6.39150573,6.39150573,6.39150573,yes,CLEANED:0,BCC_SQS,Hf4Si12
Hf4Sn12,OK,0,0,0,static_OUTCAR,-85.0687515600,-85.0709529000,bcc,2.0,16,394.86233128,3.66819071,3.66819071,7.33638141,7.33638141,7.33638141,yes,CLEANED:0,BCC_SQS,Hf4Sn12
Hf4Ta12,OK,0,0,0,static_OUTCAR,-180.1356278400,-180.1377424700,bcc,2.0,16,305.64300374,3.36802126,3.36802126,6.73604252,6.73604252,6.73604252,yes,CLEANED:0,BCC_SQS,Hf4Ta12
Hf4Tb12,OK,0,0,0,static_OUTCAR,-91.1649882900,-91.1648427200,bcc,2.0,16,462.96269274,3.86798994,3.86798994,7.73597988,7.73597988,7.73597988,yes,CLEANED:0,BCC_SQS,Hf4Tb12
Hf4Ti12,OK,0,0,0,static_OUTCAR,-131.9998291200,-131.9971464600,bcc,2.0,16,295.94353596,3.33200996,3.33200996,6.66401991,6.66401991,6.66401991,yes,CLEANED:0,BCC_SQS,Hf4Ti12
Hf4V12,OK,0,0,0,static_OUTCAR,-145.0819310400,-145.0824344300,bcc,2.0,16,249.24448962,3.14662648,3.14662648,6.29325296,6.29325296,6.29325296,yes,CLEANED:0,BCC_SQS,Hf4V12
Hf4W12,OK,0,0,0,static_OUTCAR,-194.3432809700,-194.3455787800,bcc,2.0,16,272.65812756,3.24222254,3.24222254,6.48444507,6.48444507,6.48444507,yes,CLEANED:0,BCC_SQS,Hf4W12
Hf4Y12,OK,0,0,0,static_OUTCAR,-113.6889787100,-113.6893399900,bcc,2.0,16,468.56370584,3.88352602,3.88352602,7.76705205,7.76705205,7.76705205,yes,CLEANED:0,BCC_SQS,Hf4Y12
Hf4Zn12,OK,0,0,0,static_OUTCAR,-53.4357514700,-53.4350701000,bcc,2.0,16,274.82774828,3.25079960,3.25079960,6.50159920,6.50159920,6.50159920,yes,CLEANED:0,BCC_SQS,Hf4Zn12
Hf4Zr12,OK,0,0,0,static_OUTCAR,-140.2532969300,-140.2504365300,bcc,2.0,16,362.65372195,3.56561174,3.56561174,7.13122347,7.13122347,7.13122347,yes,CLEANED:0,BCC_SQS,Hf4Zr12
Hf8Hf8,OK,0,0,0,static_OUTCAR,-155.8985535000,-155.9014160500,bcc,2.0,16,355.32452262,3.54142785,3.54142785,7.08285570,7.08285570,7.08285570,yes,CLEANED:0,BCC_SQS,Hf8Hf8
Hf8Ir8,OK,0,0,0,static_OUTCAR,-158.9913970600,-158.9918524700,bcc,2.0,16,279.38434266,3.26866710,3.26866710,6.53733421,6.53733421,6.53733421,yes,CLEANED:0,BCC_SQS,Hf8Ir8
Hf8La8,OK,0,0,0,static_OUTCAR,-113.8836690000,-113.8836047400,bcc,2.0,16,443.13715674,3.81196929,3.81196929,7.62393858,7.62393858,7.62393858,yes,CLEANED:0,BCC_SQS,Hf8La8
Hf8Mg8,OK,0,0,0,static_OUTCAR,-88.9883464200,-88.9881632100,bcc,2.0,16,350.13194027,3.52409208,3.52409208,7.04818417,7.04818417,7.04818417,yes,CLEANED:0,BCC_SQS,Hf8Mg8
Hf8Mn8,OK,0,0,0,static_OUTCAR,-148.8327250500,-148.8340102500,bcc,2.0,16,267.11077003,3.22008353,3.22008353,6.44016706,6.44016706,6.44016706,yes,CLEANED:0,BCC_SQS,Hf8Mn8
Hf8Mo8,OK,0,0,0,static_OUTCAR,-165.9277111400,-165.9295056100,bcc,2.0,16,292.55374768,3.31923927,3.31923927,6.63847853,6.63847853,6.63847853,yes,CLEANED:0,BCC_SQS,Hf8Mo8
Hf8Nb8,OK,0,0,0,static_OUTCAR,-158.7900522400,-158.7906051600,bcc,2.0,16,321.11280780,3.42391163,3.42391163,6.84782326,6.84782326,6.84782326,yes,CLEANED:0,BCC_SQS,Hf8Nb8
Hf8Ni8,OK,0,0,0,static_OUTCAR,-126.8521001100,-126.8509141600,bcc,2.0,16,259.40703798,3.18882429,3.18882429,6.37764858,6.37764858,6.37764858,yes,CLEANED:0,BCC_SQS,Hf8Ni8
Hf8Os8,OK,0,0,0,static_OUTCAR,-171.5070547500,-171.5063705800,bcc,2.0,16,275.68420119,3.25417295,3.25417295,6.50834590,6.50834590,6.50834590,yes,CLEANED:0,BCC_SQS,Hf8Os8
Hf8Pb8,OK,0,0,0,static_OUTCAR,-104.8151915000,-104.8166567800,bcc,2.0,16,416.39197181,3.73368310,3.73368310,7.46736619,7.46736619,7.46736619,no,CLEANED:0,BCC_SQS,Hf8Pb8
Hf8Pd8,OK,0,0,0,static_OUTCAR,-128.9935204000,-128.9935907400,bcc,2.0,16,292.09753011,3.31751299,3.31751299,6.63502599,6.63502599,6.63502599,yes,CLEANED:0,BCC_SQS,Hf8Pd8
Hf8Pt8,OK,0,0,0,static_OUTCAR,-140.4112654000,-140.4108015800,bcc,2.0,16,290.66926070,3.31209694,3.31209694,6.62419388,6.62419388,6.62419388,yes,CLEANED:0,BCC_SQS,Hf8Pt8
Hf8Re8,OK,0,0,0,static_OUTCAR,-180.4702069100,-180.4699569300,bcc,2.0,16,279.58162924,3.26943631,3.26943631,6.53887262,6.53887262,6.53887262,yes,CLEANED:0,BCC_SQS,Hf8Re8
Hf8Rh8,OK,0,0,0,static_OUTCAR,-146.3297381600,-146.3317738200,bcc,2.0,16,278.56131706,3.26545427,3.26545427,6.53090855,6.53090855,6.53090855,yes,CLEANED:0,BCC_SQS,Hf8Rh8
Hf8Ru8,OK,0,0,0,static_OUTCAR,-156.8572270400,-156.8560571000,bcc,2.0,16,274.36366301,3.24896876,3.24896876,6.49793752,6.49793752,6.49793752,yes,CLEANED:0,BCC_SQS,Hf8Ru8
Hf8Sc8,OK,0,0,0,static_OUTCAR,-127.4287656300,-127.4298670000,bcc,2.0,16,370.29065943,3.59046687,3.59046687,7.18093373,7.18093373,7.18093373,no,CLEANED:0,BCC_SQS,Hf8Sc8
Hf8Si8,OK,0,0,0,static_OUTCAR,-127.1109687000,-127.1119486700,bcc,2.0,16,288.50998046,3.30387508,3.30387508,6.60775016,6.60775016,6.60775016,yes,CLEANED:0,BCC_SQS,Hf8Si8
Hf8Sn8,OK,0,0,0,static_OUTCAR,-111.6623293800,-111.6618754600,bcc,2.0,16,364.91498864,3.57300731,3.57300731,7.14601463,7.14601463,7.14601463,yes,CLEANED:0,BCC_SQS,Hf8Sn8
Hf8Ta8,OK,0,0,0,static_OUTCAR,-171.8501102000,-171.8499719100,bcc,2.0,16,319.34963595,3.41763343,3.41763343,6.83526687,6.83526687,6.83526687,yes,CLEANED:0,BCC_SQS,Hf8Ta8
Hf8Tb8,OK,0,0,0,static_OUTCAR,-112.9872419400,-112.9856440100,bcc,2.0,16,416.90750541,3.73522335,3.73522335,7.47044669,7.47044669,7.47044669,yes,CLEANED:0,BCC_SQS,Hf8Tb8
Hf8Ti8,OK,0,0,0,static_OUTCAR,-140.2697519200,-140.2708422900,bcc,2.0,16,316.36421529,3.40695023,3.40695023,6.81390045,6.81390045,6.81390045,yes,CLEANED:0,BCC_SQS,Hf8Ti8
Hf8V8,OK,0,0,0,static_OUTCAR,-148.1913737000,-148.1908623200,bcc,2.0,16,292.35650202,3.31849313,3.31849313,6.63698627,6.63698627,6.63698627,yes,CLEANED:0,BCC_SQS,Hf8V8
Hf8W8,OK,0,0,0,static_OUTCAR,-180.7003386100,-180.7010339200,bcc,2.0,16,294.50392682,3.32659835,3.32659835,6.65319670,6.65319670,6.65319670,yes,CLEANED:0,BCC_SQS,Hf8W8
Hf8Y8,OK,0,0,0,static_OUTCAR,-128.0606747600,-128.0610075600,bcc,2.0,16,420.63581564,3.74632474,3.74632474,7.49264948,7.49264948,7.49264948,yes,CLEANED:0,BCC_SQS,Hf8Y8
Hf8Zn8,OK,0,0,0,static_OUTCAR,-88.9119368700,-88.9146348400,bcc,2.0,16,301.47044028,3.35262451,3.35262451,6.70524903,6.70524903,6.70524903,yes,CLEANED:0,BCC_SQS,Hf8Zn8
Hf8Zr8,OK,0,0,0,static_OUTCAR,-146.2547698300,-146.2530433700,bcc,2.0,16,360.12336544,3.55729955,3.55729955,7.11459910,7.11459910,7.11459910,yes,CLEANED:0,BCC_SQS,Hf8Zr8
Ir12La4,OK,0,0,0,static_OUTCAR,-123.5038621600,-123.5045558500,bcc,2.0,16,322.37200001,3.42838123,3.42838123,6.85676246,6.85676246,6.85676246,yes,CLEANED:0,BCC_SQS,Ir12La4
Ir12Mg4,OK,0,0,0,static_OUTCAR,-110.7284112700,-110.7301654200,bcc,2.0,16,242.37413579,3.11744473,3.11744473,6.23488946,6.23488946,6.23488946,yes,CLEANED:0,BCC_SQS,Ir12Mg4
Ir12Mn4,OK,0,0,0,static_OUTCAR,-139.6206926900,-139.6210805800,bcc,2.0,16,228.20981475,3.05549406,3.05549406,6.11098812,6.11098812,6.11098812,yes,CLEANED:0,BCC_SQS,Ir12Mn4
Ir12Mo4,OK,0,0,0,static_OUTCAR,-147.9417145500,-147.9426164700,bcc,2.0,16,242.89910723,3.11969385,3.11969385,6.23938771,6.23938771,6.23938771,yes,CLEANED:0,BCC_SQS,Ir12Mo4
Ir12Nb4,OK,0,0,0,static_OUTCAR,-147.4173042500,-147.4181446100,bcc,2.0,16,251.19248994,3.15480283,3.15480283,6.30960565,6.30960565,6.30960565,yes,CLEANED:0,BCC_SQS,Ir12Nb4
Ir12Ni4,OK,0,0,0,static_OUTCAR,-123.7434531300,-123.7423000100,bcc,2.0,16,226.76087056,3.04901370,3.04901370,6.09802741,6.09802741,6.09802741,yes,CLEANED:0,BCC_SQS,Ir12Ni4
Ir12Os4,OK,0,0,0,static_OUTCAR,-144.4063213300,-144.4067550200,bcc,2.0,16,240.06516908,3.10751372,3.10751372,6.21502745,6.21502745,6.21502745,yes,CLEANED:0,BCC_SQS,Ir12Os4
Ir12Pb4,OK,0,0,0,static_OUTCAR,-110.6658125800,-110.6662685800,bcc,2.0,16,279.50151490,3.26912399,3.26912399,6.53824799,6.53824799,6.53824799,yes,CLEANED:0,BCC_SQS,Ir12Pb4
Ir12Pd4,OK,0,0,0,static_OUTCAR,-121.4107970200,-121.4113815900,bcc,2.0,16,240.64260038,3.11000324,3.11000324,6.22000648,6.22000648,6.22000648,yes,CLEANED:0,BCC_SQS,Ir12Pd4
Ir12Pt4,OK,0,0,0,static_OUTCAR,-124.3634594200,-124.3652848100,bcc,2.0,16,232.88399999,3.07621408,3.07621408,6.15242815,6.15242815,6.15242815,yes,CLEANED:0,BCC_SQS,Ir12Pt4
Ir12Re4,OK,0,0,0,static_OUTCAR,-151.7840763400,-151.7837141200,bcc,2.0,16,241.05462412,3.11177719,3.11177719,6.22355438,6.22355438,6.22355438,yes,CLEANED:0,BCC_SQS,Ir12Re4
Ir12Rh4,OK,0,0,0,static_OUTCAR,-129.4428887800,-129.4436943100,bcc,2.0,16,227.05200000,3.05031798,3.05031798,6.10063596,6.10063596,6.10063596,yes,CLEANED:0,BCC_SQS,Ir12Rh4
Ir12Ru4,OK,0,0,0,static_OUTCAR,-137.3736071000,-137.3744275300,bcc,2.0,16,237.70463531,3.09729488,3.09729488,6.19458976,6.19458976,6.19458976,yes,CLEANED:0,BCC_SQS,Ir12Ru4
Ir12Sc4,OK,0,0,0,static_OUTCAR,-133.9369858700,-133.9380137300,bcc,2.0,16,252.35484435,3.15966146,3.15966146,6.31932292,6.31932292,6.31932292,yes,CLEANED:0,BCC_SQS,Ir12Sc4
Ir12Si4,OK,0,0,0,static_OUTCAR,-128.0672799500,-128.0653407300,bcc,2.0,16,234.15322623,3.08179245,3.08179245,6.16358489,6.16358489,6.16358489,yes,CLEANED:0,BCC_SQS,Ir12Si4
Ir12Sn4,OK,0,0,0,static_OUTCAR,-116.0559391700,-116.0565761700,bcc,2.0,16,261.68024378,3.19811186,3.19811186,6.39622371,6.39622371,6.39622371,yes,CLEANED:0,BCC_SQS,Ir12Sn4
Ir12Ta4,OK,0,0,0,static_OUTCAR,-155.3261494100,-155.3249212900,bcc,2.0,16,250.78016308,3.15307570,3.15307570,6.30615140,6.30615140,6.30615140,yes,CLEANED:0,BCC_SQS,Ir12Ta4
Ir12Tb4,OK,0,0,0,static_OUTCAR,-124.6350290000,-124.6372627200,bcc,2.0,16,272.72360423,3.24248205,3.24248205,6.48496410,6.48496410,6.48496410,yes,CLEANED:0,BCC_SQS,Ir12Tb4
Ir12Ti4,OK,0,0,0,static_OUTCAR,-141.2961572300,-141.2973842500,bcc,2.0,16,241.24798715,3.11260901,3.11260901,6.22521802,6.22521802,6.22521802,yes,CLEANED:0,BCC_SQS,Ir12Ti4
Ir12V4,OK,0,0,0,static_OUTCAR,-143.2382065400,-143.2390676200,bcc,2.0,16,234.07591129,3.08145322,3.08145322,6.16290643,6.16290643,6.16290643,yes,CLEANED:0,BCC_SQS,Ir12V4
Ir12W4,OK,0,0,0,static_OUTCAR,-155.8596645500,-155.8606464100,bcc,2.0,16,244.65878037,3.12720923,3.12720923,6.25441847,6.25441847,6.25441847,yes,CLEANED:0,BCC_SQS,Ir12W4
Ir12Y4,OK,0,0,0,static_OUTCAR,-132.2329213000,-132.2345463700,bcc,2.0,16,271.42957900,3.23734558,3.23734558,6.47469116,6.47469116,6.47469116,yes,CLEANED:0,BCC_SQS,Ir12Y4
Ir12Zn4,OK,0,0,0,static_OUTCAR,-107.6523763500,-107.6522859100,bcc,2.0,16,236.05229902,3.09010153,3.09010153,6.18020306,6.18020306,6.18020306,yes,CLEANED:0,BCC_SQS,Ir12Zn4
Ir12Zr4,OK,0,0,0,static_OUTCAR,-143.6151736900,-143.6146483100,bcc,2.0,16,259.92424244,3.19094217,3.19094217,6.38188434,6.38188434,6.38188434,yes,CLEANED:0,BCC_SQS,Ir12Zr4
Ir4La12,OK,0,0,0,static_OUTCAR,-96.4073483900,-96.4080644500,bcc,2.0,16,417.94495963,3.73831909,3.73831909,7.47663818,7.47663818,7.47663818,yes,CLEANED:0,BCC_SQS,Ir4La12
Ir4Mg12,OK,0,0,0,static_OUTCAR,-55.4562102500,-55.4547424700,bcc,2.0,16,278.39404827,3.26480054,3.26480054,6.52960107,6.52960107,6.52960107,yes,CLEANED:0,BCC_SQS,Ir4Mg12
Ir4Mn12,OK,0,0,0,static_OUTCAR,-142.0447956900,-142.0449501200,bcc,2.0,16,187.59600000,2.86227393,2.86227393,5.72454787,5.72454787,5.72454787,no,CLEANED:0,BCC_SQS,Ir4Mn12
Ir4Mo12,OK,0,0,0,static_OUTCAR,-165.5280874000,-165.5266705100,bcc,2.0,16,248.96548426,3.14545192,3.14545192,6.29090385,6.29090385,6.29090385,yes,CLEANED:0,BCC_SQS,Ir4Mo12
Ir4Nb12,OK,0,0,0,static_OUTCAR,-160.4644375900,-160.4650075100,bcc,2.0,16,275.72531446,3.25433471,3.25433471,6.50866941,6.50866941,6.50866941,yes,CLEANED:0,BCC_SQS,Ir4Nb12
Ir4Ni12,OK,0,0,0,static_OUTCAR,-99.0849958300,-99.0824966700,bcc,2.0,16,193.44624755,2.89172357,2.89172357,5.78344713,5.78344713,5.78344713,yes,CLEANED:0,BCC_SQS,Ir4Ni12
Ir4Os12,OK,0,0,0,static_OUTCAR,-162.5374526600,-162.5370111400,bcc,2.0,16,238.35874301,3.10013329,3.10013329,6.20026658,6.20026658,6.20026658,yes,CLEANED:0,BCC_SQS,Ir4Os12
Ir4Pb12,OK,0,0,0,static_OUTCAR,-72.7132761000,-72.7135164200,bcc,2.0,16,421.54822862,3.74903154,3.74903154,7.49806308,7.49806308,7.49806308,no,CLEANED:0,BCC_SQS,Ir4Pb12
Ir4Pd12,OK,0,0,0,static_OUTCAR,-94.7589328600,-94.7579442300,bcc,2.0,16,242.80479146,3.11929002,3.11929002,6.23858003,6.23858003,6.23858003,yes,CLEANED:0,BCC_SQS,Ir4Pd12
Ir4Pt12,OK,0,0,0,static_OUTCAR,-104.5867371700,-104.5903738000,bcc,2.0,16,249.88700157,3.14932799,3.14932799,6.29865598,6.29865598,6.29865598,yes,CLEANED:0,BCC_SQS,Ir4Pt12
Ir4Re12,OK,0,0,0,static_OUTCAR,-181.7141796900,-181.7142534000,bcc,2.0,16,242.48390922,3.11791530,3.11791530,6.23583059,6.23583059,6.23583059,yes,CLEANED:0,BCC_SQS,Ir4Re12
Ir4Rh12,OK,0,0,0,static_OUTCAR,-116.0538250600,-116.0610703700,bcc,2.0,16,233.31768142,3.07812242,3.07812242,6.15624484,6.15624484,6.15624484,yes,CLEANED:0,BCC_SQS,Ir4Rh12
Ir4Ru12,OK,0,0,0,static_OUTCAR,-140.9578209700,-140.9561515000,bcc,2.0,16,230.93626088,3.06761402,3.06761402,6.13522804,6.13522804,6.13522804,yes,CLEANED:0,BCC_SQS,Ir4Ru12
Ir4Sc12,OK,0,0,0,static_OUTCAR,-116.4532431900,-116.4523128000,bcc,2.0,16,313.58199469,3.39693349,3.39693349,6.79386698,6.79386698,6.79386698,yes,CLEANED:0,BCC_SQS,Ir4Sc12
Ir4Si12,OK,0,0,0,static_OUTCAR,-99.1230174100,-99.1222118200,bcc,2.0,16,230.33526575,3.06495063,3.06495063,6.12990126,6.12990126,6.12990126,yes,CLEANED:0,BCC_SQS,Ir4Si12
Ir4Sn12,OK,0,0,0,static_OUTCAR,-80.0097281300,-80.0132574800,bcc,2.0,16,356.32277298,3.54474118,3.54474118,7.08948236,7.08948236,7.08948236,yes,CLEANED:0,BCC_SQS,Ir4Sn12
Ir4Ta12,OK,0,0,0,static_OUTCAR,-181.9370603800,-181.9366369900,bcc,2.0,16,274.66375383,3.25015287,3.25015287,6.50030574,6.50030574,6.50030574,yes,CLEANED:0,BCC_SQS,Ir4Ta12
Ir4Tb12,OK,0,0,0,static_OUTCAR,-94.0994555900,-94.0989375700,bcc,2.0,16,389.05964273,3.65013336,3.65013336,7.30026672,7.30026672,7.30026672,yes,CLEANED:0,BCC_SQS,Ir4Tb12
Ir4Ti12,OK,0,0,0,static_OUTCAR,-136.0911546700,-136.0903208200,bcc,2.0,16,251.24240904,3.15501180,3.15501180,6.31002359,6.31002359,6.31002359,yes,CLEANED:0,BCC_SQS,Ir4Ti12
Ir4V12,OK,0,0,0,static_OUTCAR,-148.8673406300,-148.8681443700,bcc,2.0,16,218.62218667,3.01209096,3.01209096,6.02418191,6.02418191,6.02418191,yes,CLEANED:0,BCC_SQS,Ir4V12
Ir4W12,OK,0,0,0,static_OUTCAR,-189.1196324300,-189.1200288500,bcc,2.0,16,254.10822432,3.16696243,3.16696243,6.33392486,6.33392486,6.33392486,yes,CLEANED:0,BCC_SQS,Ir4W12
Ir4Y12,OK,0,0,0,static_OUTCAR,-116.8330581500,-116.8328109600,bcc,2.0,16,391.79032163,3.65865315,3.65865315,7.31730629,7.31730629,7.31730629,yes,CLEANED:0,BCC_SQS,Ir4Y12
Ir4Zn12,OK,0,0,0,static_OUTCAR,-49.7832018100,-49.7838510000,bcc,2.0,16,230.82144542,3.06710556,3.06710556,6.13421112,6.13421112,6.13421112,yes,CLEANED:0,BCC_SQS,Ir4Zn12
Ir4Zr12,OK,0,0,0,static_OUTCAR,-143.3173584400,-143.3182067300,bcc,2.0,16,314.92098889,3.40176159,3.40176159,6.80352318,6.80352318,6.80352318,yes,CLEANED:0,BCC_SQS,Ir4Zr12
Ir8Ir8,OK,0,0,0,static_OUTCAR,-131.2862290700,-131.3121084100,bcc,2.0,16,241.30999729,3.11287568,3.11287568,6.22575135,6.22575135,6.22575135,yes,CLEANED:0,BCC_SQS,Ir8Ir8
Ir8La8,OK,0,0,0,static_OUTCAR,-113.0106682700,-113.0097229200,bcc,2.0,16,415.40000001,3.73071582,3.73071582,7.46143163,7.46143163,7.46143163,no,CLEANED:0,BCC_SQS,Ir8La8
Ir8Mg8,OK,0,0,0,static_OUTCAR,-84.7954005600,-84.7952121400,bcc,2.0,16,249.69096489,3.14850422,3.14850422,6.29700845,6.29700845,6.29700845,yes,CLEANED:0,BCC_SQS,Ir8Mg8
Ir8Mn8,OK,0,0,0,static_OUTCAR,-141.4637692900,-141.4642830900,bcc,2.0,16,227.30115053,3.05143331,3.05143331,6.10286661,6.10286661,6.10286661,yes,CLEANED:0,BCC_SQS,Ir8Mn8
Ir8Mo8,OK,0,0,0,static_OUTCAR,-158.0459328400,-158.0455695900,bcc,2.0,16,245.92390874,3.13259023,3.13259023,6.26518045,6.26518045,6.26518045,yes,CLEANED:0,BCC_SQS,Ir8Mo8
Ir8Nb8,OK,0,0,0,static_OUTCAR,-154.9221173500,-154.9238095300,bcc,2.0,16,263.32357380,3.20479252,3.20479252,6.40958503,6.40958503,6.40958503,yes,CLEANED:0,BCC_SQS,Ir8Nb8
Ir8Ni8,OK,0,0,0,static_OUTCAR,-112.2882402200,-112.2884172600,bcc,2.0,16,210.28126626,2.97328723,2.97328723,5.94657446,5.94657446,5.94657446,yes,CLEANED:0,BCC_SQS,Ir8Ni8
Ir8Os8,OK,0,0,0,static_OUTCAR,-156.2851569200,-156.2837858700,bcc,2.0,16,239.13650925,3.10350155,3.10350155,6.20700309,6.20700309,6.20700309,yes,CLEANED:0,BCC_SQS,Ir8Os8
Ir8Pd8,OK,0,0,0,static_OUTCAR,-108.6647477200,-108.6635217700,bcc,2.0,16,241.14871921,3.11218203,3.11218203,6.22436406,6.22436406,6.22436406,yes,CLEANED:0,BCC_SQS,Ir8Pd8
Ir8Pt8,OK,0,0,0,static_OUTCAR,-115.7429586400,-115.7437943300,bcc,2.0,16,246.65270468,3.13568165,3.13568165,6.27136331,6.27136331,6.27136331,yes,CLEANED:0,BCC_SQS,Ir8Pt8
Ir8Re8,OK,0,0,0,static_OUTCAR,-169.0265964600,-169.0264707100,bcc,2.0,16,241.85742767,3.11522783,3.11522783,6.23045566,6.23045566,6.23045566,yes,CLEANED:0,BCC_SQS,Ir8Re8
Ir8Rh8,OK,0,0,0,static_OUTCAR,-125.3971561200,-125.3963389300,bcc,2.0,16,235.70084876,3.08856719,3.08856719,6.17713437,6.17713437,6.17713437,yes,CLEANED:0,BCC_SQS,Ir8Rh8
Ir8Ru8,OK,0,0,0,static_OUTCAR,-141.4563883300,-141.4568541800,bcc,2.0,16,234.29778445,3.08242651,3.08242651,6.16485303,6.16485303,6.16485303,yes,CLEANED:0,BCC_SQS,Ir8Ru8
Ir8Sc8,OK,0,0,0,static_OUTCAR,-128.8286949700,-128.8288049000,bcc,2.0,16,271.07314723,3.23592790,3.23592790,6.47185581,6.47185581,6.47185581,yes,CLEANED:0,BCC_SQS,Ir8Sc8
Ir8Si8,OK,0,0,0,static_OUTCAR,-116.8798054800,-116.8800144900,bcc,2.0,16,228.75173486,3.05791073,3.05791073,6.11582146,6.11582146,6.11582146,yes,CLEANED:0,BCC_SQS,Ir8Si8
Ir8Sn8,OK,0,0,0,static_OUTCAR,-97.5305694600,-97.5302724400,bcc,2.0,16,296.90588654,3.33561773,3.33561773,6.67123546,6.67123546,6.67123546,no,CLEANED:0,BCC_SQS,Ir8Sn8
Ir8Ta8,OK,0,0,0,static_OUTCAR,-169.6092753000,-169.6111532900,bcc,2.0,16,262.45459774,3.20126333,3.20126333,6.40252665,6.40252665,6.40252665,yes,CLEANED:0,BCC_SQS,Ir8Ta8
Ir8Tb8,OK,0,0,0,static_OUTCAR,-111.6583401900,-111.6581015600,bcc,2.0,16,317.18194733,3.40988311,3.40988311,6.81976621,6.81976621,6.81976621,yes,CLEANED:0,BCC_SQS,Ir8Tb8
Ir8Ti8,OK,0,0,0,static_OUTCAR,-141.8764723100,-141.8763224100,bcc,2.0,16,243.16620261,3.12083692,3.12083692,6.24167384,6.24167384,6.24167384,yes,CLEANED:0,BCC_SQS,Ir8Ti8
Ir8V8,OK,0,0,0,static_OUTCAR,-147.2244694100,-147.2227096600,bcc,2.0,16,226.67182953,3.04861457,3.04861457,6.09722914,6.09722914,6.09722914,yes,CLEANED:0,BCC_SQS,Ir8V8
Ir8W8,OK,0,0,0,static_OUTCAR,-173.5670122500,-173.5656767100,bcc,2.0,16,249.48988336,3.14765881,3.14765881,6.29531762,6.29531762,6.29531762,yes,CLEANED:0,BCC_SQS,Ir8W8
Ir8Y8,OK,0,0,0,static_OUTCAR,-126.7431083100,-126.7430955500,bcc,2.0,16,315.59660265,3.40419250,3.40419250,6.80838500,6.80838500,6.80838500,yes,CLEANED:0,BCC_SQS,Ir8Y8
Ir8Zn8,OK,0,0,0,static_OUTCAR,-79.6864363800,-79.6856608400,bcc,2.0,16,231.55766513,3.07036301,3.07036301,6.14072601,6.14072601,6.14072601,yes,CLEANED:0,BCC_SQS,Ir8Zn8
Ir8Zr8,OK,0,0,0,static_OUTCAR,-145.6219535000,-145.6212776200,bcc,2.0,16,283.95259580,3.28638635,3.28638635,6.57277271,6.57277271,6.57277271,yes,CLEANED:0,BCC_SQS,Ir8Zr8
La12Mg4,OK,0,0,0,static_OUTCAR,-64.2877712000,-64.2880886600,bcc,2.0,16,544.26692447,4.08232257,4.08232257,8.16464515,8.16464515,8.16464515,yes,CLEANED:0,BCC_SQS,La12Mg4
La12Mo4,OK,0,0,0,static_OUTCAR,-96.7841684900,-96.7831289200,bcc,2.0,16,436.46059426,3.79272788,3.79272788,7.58545576,7.58545576,7.58545576,yes,CLEANED:0,BCC_SQS,La12Mo4
La12Nb4,OK,0,0,0,static_OUTCAR,-94.8240042500,-94.8243946900,bcc,2.0,16,466.85776699,3.87880727,3.87880727,7.75761453,7.75761453,7.75761453,yes,CLEANED:0,BCC_SQS,La12Nb4
La12Ni4,CHECK,1,0,0,static_OUTCAR,-29.7240206300,-29.7248520900,bcc,2.0,16,494.85600001,3.95484637,3.95484637,7.90969274,7.90969274,7.90969274,yes,CLEANED:0;VOLUME_NONZERO,BCC_SQS,La12Ni4
La12Os4,OK,0,0,0,static_OUTCAR,-99.7907141200,-99.7911636400,bcc,2.0,16,410.78006829,3.71683366,3.71683366,7.43366732,7.43366732,7.43366732,yes,CLEANED:0,BCC_SQS,La12Os4
La12Pb4,OK,0,0,0,static_OUTCAR,-75.8227613100,-75.8229444000,bcc,2.0,16,545.82204749,4.08620699,4.08620699,8.17241398,8.17241398,8.17241398,yes,CLEANED:0,BCC_SQS,La12Pb4
La12Pd4,OK,0,0,0,static_OUTCAR,-83.4444085200,-83.4451924000,bcc,2.0,16,457.87726218,3.85377507,3.85377507,7.70755015,7.70755015,7.70755015,yes,CLEANED:0,BCC_SQS,La12Pd4
La12Pt4,OK,0,0,0,static_OUTCAR,-89.2155974100,-89.2173842100,bcc,2.0,16,439.15556866,3.80051808,3.80051808,7.60103615,7.60103615,7.60103615,yes,CLEANED:0,BCC_SQS,La12Pt4
La12Re4,OK,0,0,0,static_OUTCAR,-102.7007049800,-102.7021343600,bcc,2.0,16,415.45929082,3.73089331,3.73089331,7.46178661,7.46178661,7.46178661,yes,CLEANED:0,BCC_SQS,La12Re4
La12Rh4,OK,0,0,0,static_OUTCAR,-90.4689762900,-90.4703074600,bcc,2.0,16,431.12238819,3.77720187,3.77720187,7.55440375,7.55440375,7.55440375,yes,CLEANED:0,BCC_SQS,La12Rh4
La12Ru4,OK,0,0,0,static_OUTCAR,-94.0216970600,-94.0207602600,bcc,2.0,16,420.25147180,3.74518336,3.74518336,7.49036672,7.49036672,7.49036672,yes,CLEANED:0,BCC_SQS,La12Ru4
La12Sc4,OK,0,0,0,static_OUTCAR,-81.7866859200,-81.7880353500,bcc,2.0,16,544.47666592,4.08284690,4.08284690,8.16569380,8.16569380,8.16569380,yes,CLEANED:0,BCC_SQS,La12Sc4
La12Si4,OK,0,0,0,static_OUTCAR,-83.5099168700,-83.5108338200,bcc,2.0,16,473.60692076,3.89740930,3.89740930,7.79481861,7.79481861,7.79481861,yes,CLEANED:0,BCC_SQS,La12Si4
La12Sn4,OK,0,0,0,static_OUTCAR,-78.1850487300,-78.1859104300,bcc,2.0,16,526.58667662,4.03763100,4.03763100,8.07526201,8.07526201,8.07526201,yes,CLEANED:0,BCC_SQS,La12Sn4
La12Ta4,OK,0,0,0,static_OUTCAR,-100.6940645200,-100.6921115100,bcc,2.0,16,462.92460902,3.86788388,3.86788388,7.73576776,7.73576776,7.73576776,yes,CLEANED:0,BCC_SQS,La12Ta4
La12Tb4,OK,0,0,0,static_OUTCAR,-75.0332854700,-75.0353127100,bcc,2.0,16,582.98002163,4.17690465,4.17690465,8.35380931,8.35380931,8.35380931,yes,CLEANED:0,BCC_SQS,La12Tb4
La12W4,OK,0,0,0,static_OUTCAR,-103.4565495500,-103.4560683800,bcc,2.0,16,431.89661628,3.77946161,3.77946161,7.55892322,7.55892322,7.55892322,yes,CLEANED:0,BCC_SQS,La12W4
La12Y4,OK,0,0,0,static_OUTCAR,-82.4887358800,-82.4899173700,bcc,2.0,16,584.29949307,4.18005351,4.18005351,8.36010701,8.36010701,8.36010701,yes,CLEANED:0,BCC_SQS,La12Y4
La12Zn4,OK,0,0,0,static_OUTCAR,-63.9485087400,-63.9523486400,bcc,2.0,16,499.98508890,3.96846318,3.96846318,7.93692636,7.93692636,7.93692636,yes,CLEANED:0,BCC_SQS,La12Zn4
La12Zr4,OK,0,0,0,static_OUTCAR,-90.1339888100,-90.1340880700,bcc,2.0,16,515.12704919,4.00812683,4.00812683,8.01625367,8.01625367,8.01625367,yes,CLEANED:0,BCC_SQS,La12Zr4
La4Mg12,OK,0,0,0,static_OUTCAR,-37.7728062200,-37.7728986700,bcc,2.0,16,437.12757904,3.79465887,3.79465887,7.58931774,7.58931774,7.58931774,yes,CLEANED:0,BCC_SQS,La4Mg12
La4Mn12,OK,0,0,0,static_OUTCAR,-119.1865295300,-119.1870759600,bcc,2.0,16,301.98018954,3.35451307,3.35451307,6.70902615,6.70902615,6.70902615,yes,CLEANED:0,BCC_SQS,La4Mn12
La4Mo12,OK,0,0,0,static_OUTCAR,-142.7068806900,-142.7040743200,bcc,2.0,16,290.76704628,3.31246831,3.31246831,6.62493663,6.62493663,6.62493663,yes,CLEANED:0,BCC_SQS,La4Mo12
La4Nb12,OK,0,0,0,static_OUTCAR,-135.2505925600,-135.2499659600,bcc,2.0,16,330.21487296,3.45596138,3.45596138,6.91192277,6.91192277,6.91192277,yes,CLEANED:0,BCC_SQS,La4Nb12
La4Ni12,OK,0,0,0,static_OUTCAR,-84.5949457100,-84.5966880900,bcc,2.0,16,250.39843327,3.15147505,3.15147505,6.30295010,6.30295010,6.30295010,yes,CLEANED:0,BCC_SQS,La4Ni12
La4Os12,OK,0,0,0,static_OUTCAR,-143.8987804800,-143.8989216800,bcc,2.0,16,281.32752091,3.27622770,3.27622770,6.55245539,6.55245539,6.55245539,yes,CLEANED:0,BCC_SQS,La4Os12
La4Pb12,OK,0,0,0,static_OUTCAR,-65.4371637000,-65.4353223800,bcc,2.0,16,510.80913421,3.99689638,3.99689638,7.99379276,7.99379276,7.99379276,yes,CLEANED:0,BCC_SQS,La4Pb12
La4Pd12,OK,0,0,0,static_OUTCAR,-89.4824727000,-89.4831792900,bcc,2.0,16,335.95600000,3.47587491,3.47587491,6.95174981,6.95174981,6.95174981,yes,CLEANED:0,BCC_SQS,La4Pd12
La4Pt12,OK,0,0,0,static_OUTCAR,-100.3611179600,-100.3617565400,bcc,2.0,16,305.89697918,3.36895389,3.36895389,6.73790778,6.73790778,6.73790778,yes,CLEANED:0,BCC_SQS,La4Pt12
La4Re12,OK,0,0,0,static_OUTCAR,-158.5165233300,-158.5169619600,bcc,2.0,16,282.78231653,3.28186531,3.28186531,6.56373062,6.56373062,6.56373062,yes,CLEANED:0,BCC_SQS,La4Re12
La4Rh12,OK,0,0,0,static_OUTCAR,-107.8895115900,-107.8902010100,bcc,2.0,16,282.29042082,3.27996129,3.27996129,6.55992258,6.55992258,6.55992258,yes,CLEANED:0,BCC_SQS,La4Rh12
La4Ru12,OK,0,0,0,static_OUTCAR,-123.9259969800,-123.9247886100,bcc,2.0,16,275.48422559,3.25338592,3.25338592,6.50677184,6.50677184,6.50677184,yes,CLEANED:0,BCC_SQS,La4Ru12
La4Sc12,OK,0,0,0,static_OUTCAR,-92.8057029400,-92.8031936900,bcc,2.0,16,443.94357578,3.81428022,3.81428022,7.62856045,7.62856045,7.62856045,yes,CLEANED:0,BCC_SQS,La4Sc12
La4Si12,OK,0,0,0,static_OUTCAR,-85.9645535100,-85.9655131400,bcc,2.0,16,320.95992096,3.42336815,3.42336815,6.84673630,6.84673630,6.84673630,yes,CLEANED:0,BCC_SQS,La4Si12
La4Sn12,OK,0,0,0,static_OUTCAR,-70.4284613500,-70.4276333200,bcc,2.0,16,460.92503183,3.86230680,3.86230680,7.72461361,7.72461361,7.72461361,yes,CLEANED:0,BCC_SQS,La4Sn12
La4Ta12,OK,0,0,0,static_OUTCAR,-154.6005930800,-154.6000777000,bcc,2.0,16,329.24134079,3.45256178,3.45256178,6.90512355,6.90512355,6.90512355,yes,CLEANED:0,BCC_SQS,La4Ta12
La4Tb12,OK,0,0,0,static_OUTCAR,-72.7917679200,-72.7911450700,bcc,2.0,16,540.77536401,4.07357425,4.07357425,8.14714851,8.14714851,8.14714851,yes,CLEANED:0,BCC_SQS,La4Tb12
La4Ti12,OK,0,0,0,static_OUTCAR,-108.9367801900,-108.9354885400,bcc,2.0,16,329.89875461,3.45485822,3.45485822,6.90971644,6.90971644,6.90971644,yes,CLEANED:0,BCC_SQS,La4Ti12
La4V12,OK,0,0,0,static_OUTCAR,-119.9653250300,-119.9654203200,bcc,2.0,16,309.66400006,3.38272670,3.38272670,6.76545339,6.76545339,6.76545339,yes,CLEANED:0,BCC_SQS,La4V12
La4W12,OK,0,0,0,static_OUTCAR,-164.6739261400,-164.6727461000,bcc,2.0,16,294.50166188,3.32658982,3.32658982,6.65317964,6.65317964,6.65317964,yes,CLEANED:0,BCC_SQS,La4W12
La4Zn12,OK,0,0,0,static_OUTCAR,-34.6445139400,-34.6454760700,bcc,2.0,16,345.88560042,3.50978757,3.50978757,7.01957514,7.01957514,7.01957514,yes,CLEANED:0,BCC_SQS,La4Zn12
La4Zr12,OK,0,0,0,static_OUTCAR,-118.8413047600,-118.8411056700,bcc,2.0,16,401.00516614,3.68711480,3.68711480,7.37422961,7.37422961,7.37422961,no,CLEANED:0,BCC_SQS,La4Zr12
La8La8,OK,0,0,0,static_OUTCAR,-76.0264777100,-76.0443944500,bcc,2.0,16,604.66985834,4.22807593,4.22807593,8.45615186,8.45615186,8.45615186,yes,CLEANED:0,BCC_SQS,La8La8
La8Mg8,OK,0,0,0,static_OUTCAR,-51.2827075000,-51.2816809500,bcc,2.0,16,492.51379945,3.94859695,3.94859695,7.89719389,7.89719389,7.89719389,yes,CLEANED:0,BCC_SQS,La8Mg8
La8Mn8,OK,0,0,0,static_OUTCAR,-105.6570351200,-105.6576416000,bcc,2.0,16,404.93573810,3.69912244,3.69912244,7.39824489,7.39824489,7.39824489,yes,CLEANED:0,BCC_SQS,La8Mn8
La8Mo8,OK,0,0,0,static_OUTCAR,-115.2564249900,-115.2567939100,bcc,2.0,16,347.71816178,3.51597514,3.51597514,7.03195029,7.03195029,7.03195029,no,CLEANED:0,BCC_SQS,La8Mo8
La8Nb8,OK,0,0,0,static_OUTCAR,-113.8401690200,-113.8382876000,bcc,2.0,16,447.68799999,3.82497401,3.82497401,7.64994803,7.64994803,7.64994803,yes,CLEANED:0,BCC_SQS,La8Nb8
La8Ni8,OK,0,0,0,static_OUTCAR,-84.8967300400,-84.8961681700,bcc,2.0,16,388.25600000,3.64761839,3.64761839,7.29523678,7.29523678,7.29523678,no,CLEANED:0,BCC_SQS,La8Ni8
La8Os8,OK,0,0,0,static_OUTCAR,-122.8464222400,-122.8468000500,bcc,2.0,16,333.43802758,3.46716929,3.46716929,6.93433858,6.93433858,6.93433858,yes,CLEANED:0,BCC_SQS,La8Os8
La8Pb8,OK,0,0,0,static_OUTCAR,-73.0879821400,-73.0875713000,bcc,2.0,16,518.42859660,4.01667156,4.01667156,8.03334311,8.03334311,8.03334311,yes,CLEANED:0,BCC_SQS,La8Pb8
La8Pd8,OK,0,0,0,static_OUTCAR,-88.8630090500,-88.8632561800,bcc,2.0,16,374.92179482,3.60537326,3.60537326,7.21074652,7.21074652,7.21074652,yes,CLEANED:0,BCC_SQS,La8Pd8
La8Pt8,OK,0,0,0,static_OUTCAR,-99.1639599700,-99.1632189100,bcc,2.0,16,366.86297855,3.57935384,3.57935384,7.15870769,7.15870769,7.15870769,yes,CLEANED:0,BCC_SQS,La8Pt8
La8Re8,OK,0,0,0,static_OUTCAR,-131.2356554000,-131.2347418400,bcc,2.0,16,334.86105332,3.47209461,3.47209461,6.94418922,6.94418922,6.94418922,no,CLEANED:0,BCC_SQS,La8Re8
La8Rh8,OK,0,0,0,static_OUTCAR,-102.7560768000,-102.7563974100,bcc,2.0,16,344.25896036,3.50427695,3.50427695,7.00855390,7.00855390,7.00855390,yes,CLEANED:0,BCC_SQS,La8Rh8
La8Ru8,OK,0,0,0,static_OUTCAR,-110.3546082600,-110.3546175800,bcc,2.0,16,333.21014712,3.46637926,3.46637926,6.93275851,6.93275851,6.93275851,no,CLEANED:0,BCC_SQS,La8Ru8
La8Sc8,OK,0,0,0,static_OUTCAR,-87.2882094600,-87.2871247100,bcc,2.0,16,492.01445564,3.94726204,3.94726204,7.89452409,7.89452409,7.89452409,yes,CLEANED:0,BCC_SQS,La8Sc8
La8Si8,OK,0,0,0,static_OUTCAR,-87.5889717600,-87.5887660800,bcc,2.0,16,390.32214359,3.65407733,3.65407733,7.30815467,7.30815467,7.30815467,yes,CLEANED:0,BCC_SQS,La8Si8
La8Sn8,OK,0,0,0,static_OUTCAR,-77.4013867300,-77.4044103700,bcc,2.0,16,485.02023351,3.92846863,3.92846863,7.85693726,7.85693726,7.85693726,yes,CLEANED:0,BCC_SQS,La8Sn8
La8Ta8,OK,0,0,0,static_OUTCAR,-125.5444448800,-125.5439731900,bcc,2.0,16,382.82948761,3.63054478,3.63054478,7.26108957,7.26108957,7.26108957,yes,CLEANED:0,BCC_SQS,La8Ta8
La8Tb8,OK,0,0,0,static_OUTCAR,-74.1483663700,-74.1473784400,bcc,2.0,16,560.96725493,4.12365675,4.12365675,8.24731351,8.24731351,8.24731351,yes,CLEANED:0,BCC_SQS,La8Tb8
La8Ti8,OK,0,0,0,static_OUTCAR,-103.3202567800,-103.3189220400,bcc,2.0,16,409.18199981,3.71200750,3.71200750,7.42401499,7.42401499,7.42401499,yes,CLEANED:0,BCC_SQS,La8Ti8
La8V8,OK,0,0,0,static_OUTCAR,-104.2520713400,-104.2525299700,bcc,2.0,16,406.92799999,3.70517901,3.70517901,7.41035803,7.41035803,7.41035803,no,CLEANED:0,BCC_SQS,La8V8
La8Y8,OK,0,0,0,static_OUTCAR,-89.1067272700,-89.1048548000,bcc,2.0,16,564.65702477,4.13267814,4.13267814,8.26535628,8.26535628,8.26535628,yes,CLEANED:0,BCC_SQS,La8Y8
La8Zn8,OK,0,0,0,static_OUTCAR,-51.0628501000,-51.0629732100,bcc,2.0,16,418.97220320,3.74137932,3.74137932,7.48275864,7.48275864,7.48275864,yes,CLEANED:0,BCC_SQS,La8Zn8
La8Zr8,OK,0,0,0,static_OUTCAR,-103.8616450700,-103.8611186400,bcc,2.0,16,449.91055109,3.83129327,3.83129327,7.66258655,7.66258655,7.66258655,yes,CLEANED:0,BCC_SQS,La8Zr8
Mg12Mn4,OK,0,0,0,static_OUTCAR,-51.0502668200,-51.0505694400,bcc,2.0,16,317.11572228,3.40964577,3.40964577,6.81929154,6.81929154,6.81929154,yes,CLEANED:0,BCC_SQS,Mg12Mn4
Mg12Mo4,OK,0,0,0,static_OUTCAR,-58.2975309200,-58.2975591700,bcc,2.0,16,298.11050077,3.34012276,3.34012276,6.68024552,6.68024552,6.68024552,yes,CLEANED:0,BCC_SQS,Mg12Mo4
Mg12Nb4,OK,0,0,0,static_OUTCAR,-55.4953844300,-55.4954324800,bcc,2.0,16,322.61632309,3.42924713,3.42924713,6.85849425,6.85849425,6.85849425,yes,CLEANED:0,BCC_SQS,Mg12Nb4
Mg12Ni4,OK,0,0,0,static_OUTCAR,-39.8053200700,-39.8044678500,bcc,2.0,16,318.67200000,3.41521440,3.41521440,6.83042880,6.83042880,6.83042880,yes,CLEANED:0,BCC_SQS,Mg12Ni4
Mg12Os4,OK,0,0,0,static_OUTCAR,-60.2971608700,-60.2959445500,bcc,2.0,16,276.31815625,3.25666544,3.25666544,6.51333088,6.51333088,6.51333088,yes,CLEANED:0,BCC_SQS,Mg12Os4
Mg12Pb4,OK,0,0,0,static_OUTCAR,-32.1290490000,-32.1270798300,bcc,2.0,16,403.86032328,3.69584487,3.69584487,7.39168974,7.39168974,7.39168974,yes,CLEANED:0,BCC_SQS,Mg12Pb4
Mg12Pd4,OK,0,0,0,static_OUTCAR,-43.9642183200,-43.9652430500,bcc,2.0,16,298.60606819,3.34197257,3.34197257,6.68394514,6.68394514,6.68394514,yes,CLEANED:0,BCC_SQS,Mg12Pd4
Mg12Pt4,OK,0,0,0,static_OUTCAR,-48.6848289700,-48.6848389600,bcc,2.0,16,290.16852453,3.31019393,3.31019393,6.62038786,6.62038786,6.62038786,yes,CLEANED:0,BCC_SQS,Mg12Pt4
Mg12Re4,OK,0,0,0,static_OUTCAR,-64.3202114600,-64.3223676600,bcc,2.0,16,281.92586073,3.27854873,3.27854873,6.55709745,6.55709745,6.55709745,yes,CLEANED:0,BCC_SQS,Mg12Re4
Mg12Rh4,OK,0,0,0,static_OUTCAR,-50.1328148300,-50.1323240700,bcc,2.0,16,284.56248718,3.28873758,3.28873758,6.57747515,6.57747515,6.57747515,yes,CLEANED:0,BCC_SQS,Mg12Rh4
Mg12Ru4,OK,0,0,0,static_OUTCAR,-53.7744975000,-53.7733463100,bcc,2.0,16,280.82472243,3.27427474,3.27427474,6.54854947,6.54854947,6.54854947,yes,CLEANED:0,BCC_SQS,Mg12Ru4
Mg12Sc4,OK,0,0,0,static_OUTCAR,-42.8305476800,-42.8284515100,bcc,2.0,16,370.91542128,3.59248503,3.59248503,7.18497007,7.18497007,7.18497007,yes,CLEANED:0,BCC_SQS,Mg12Sc4
Mg12Si4,OK,0,0,0,static_OUTCAR,-37.9733893700,-37.9746922900,bcc,2.0,16,323.77608155,3.43335143,3.43335143,6.86670285,6.86670285,6.86670285,yes,CLEANED:0,BCC_SQS,Mg12Si4
Mg12Sn4,OK,0,0,0,static_OUTCAR,-33.7714050400,-33.7720233800,bcc,2.0,16,382.44950467,3.62934320,3.62934320,7.25868641,7.25868641,7.25868641,yes,CLEANED:0,BCC_SQS,Mg12Sn4
Mg12Ta4,OK,0,0,0,static_OUTCAR,-61.2152208600,-61.2153921100,bcc,2.0,16,319.47770363,3.41809023,3.41809023,6.83618045,6.83618045,6.83618045,yes,CLEANED:0,BCC_SQS,Mg12Ta4
Mg12Tb4,OK,0,0,0,static_OUTCAR,-36.2846188900,-36.2861141400,bcc,2.0,16,409.72899555,3.71366083,3.71366083,7.42732167,7.42732167,7.42732167,yes,CLEANED:0,BCC_SQS,Mg12Tb4
Mg12Ti4,OK,0,0,0,static_OUTCAR,-46.8880180000,-46.8852966200,bcc,2.0,16,330.09126863,3.45553012,3.45553012,6.91106025,6.91106025,6.91106025,yes,CLEANED:0,BCC_SQS,Mg12Ti4
Mg12V4,OK,0,0,0,static_OUTCAR,-50.0735243700,-50.0744975700,bcc,2.0,16,321.49558355,3.42527156,3.42527156,6.85054311,6.85054311,6.85054311,yes,CLEANED:0,BCC_SQS,Mg12V4
Mg12W4,OK,0,0,0,static_OUTCAR,-64.8190805800,-64.8189365000,bcc,2.0,16,295.53954110,3.33049308,3.33049308,6.66098616,6.66098616,6.66098616,yes,CLEANED:0,BCC_SQS,Mg12W4
Mg12Y4,OK,0,0,0,static_OUTCAR,-43.8556397500,-43.8565437500,bcc,2.0,16,409.83429533,3.71397894,3.71397894,7.42795788,7.42795788,7.42795788,yes,CLEANED:0,BCC_SQS,Mg12Y4
Mg12Zn4,OK,0,0,0,static_OUTCAR,-22.3082102000,-22.3090803800,bcc,2.0,16,328.25785299,3.44912059,3.44912059,6.89824119,6.89824119,6.89824119,yes,CLEANED:0,BCC_SQS,Mg12Zn4
Mg12Zr4,OK,0,0,0,static_OUTCAR,-50.7866929900,-50.7861908700,bcc,2.0,16,359.51129516,3.55528307,3.55528307,7.11056613,7.11056613,7.11056613,yes,CLEANED:0,BCC_SQS,Mg12Zr4
Mg4Mn12,OK,0,0,0,static_OUTCAR,-109.1489841800,-109.1488362200,bcc,2.0,16,201.81261513,2.93282472,2.93282472,5.86564943,5.86564943,5.86564943,no,CLEANED:0,BCC_SQS,Mg4Mn12
Mg4Mo12,OK,0,0,0,static_OUTCAR,-133.4841743900,-133.4848952100,bcc,2.0,16,257.26329693,3.18001583,3.18001583,6.36003165,6.36003165,6.36003165,yes,CLEANED:0,BCC_SQS,Mg4Mo12
Mg4Nb12,OK,0,0,0,static_OUTCAR,-124.5387360200,-124.5384872900,bcc,2.0,16,297.11593926,3.33640416,3.33640416,6.67280833,6.67280833,6.67280833,yes,CLEANED:0,BCC_SQS,Mg4Nb12
Mg4Ni12,OK,0,0,0,static_OUTCAR,-71.5406940200,-71.5376803300,bcc,2.0,16,194.02170716,2.89458814,2.89458814,5.78917628,5.78917628,5.78917628,yes,CLEANED:0,BCC_SQS,Mg4Ni12
Mg4Os12,OK,0,0,0,static_OUTCAR,-134.3628315800,-134.3610668000,bcc,2.0,16,238.14334977,3.09919919,3.09919919,6.19839839,6.19839839,6.19839839,yes,CLEANED:0,BCC_SQS,Mg4Os12
Mg4Pb12,OK,0,0,0,static_OUTCAR,-48.2482193200,-48.2503586100,bcc,2.0,16,485.25744343,3.92910896,3.92910896,7.85821793,7.85821793,7.85821793,yes,CLEANED:0,BCC_SQS,Mg4Pb12
Mg4Pd12,OK,0,0,0,static_OUTCAR,-74.3989044300,-74.4007101700,bcc,2.0,16,253.08959137,3.16272501,3.16272501,6.32545002,6.32545002,6.32545002,yes,CLEANED:0,BCC_SQS,Mg4Pd12
Mg4Pt12,OK,0,0,0,static_OUTCAR,-84.2223093800,-84.2239800700,bcc,2.0,16,256.13807691,3.17537279,3.17537279,6.35074558,6.35074558,6.35074558,yes,CLEANED:0,BCC_SQS,Mg4Pt12
Mg4Re12,OK,0,0,0,static_OUTCAR,-151.3648419500,-151.3651392500,bcc,2.0,16,243.25027395,3.12119654,3.12119654,6.24239308,6.24239308,6.24239308,yes,CLEANED:0,BCC_SQS,Mg4Re12
Mg4Rh12,OK,0,0,0,static_OUTCAR,-93.7582526500,-93.7617985300,bcc,2.0,16,237.36126098,3.09580277,3.09580277,6.19160554,6.19160554,6.19160554,yes,CLEANED:0,BCC_SQS,Mg4Rh12
Mg4Ru12,OK,0,0,0,static_OUTCAR,-112.5862629100,-112.5858444000,bcc,2.0,16,232.25916421,3.07346042,3.07346042,6.14692083,6.14692083,6.14692083,yes,CLEANED:0,BCC_SQS,Mg4Ru12
Mg4Sc12,OK,0,0,0,static_OUTCAR,-79.9083734300,-79.9106895200,bcc,2.0,16,387.28112833,3.64456289,3.64456289,7.28912579,7.28912579,7.28912579,yes,CLEANED:0,BCC_SQS,Mg4Sc12
Mg4Si12,OK,0,0,0,static_OUTCAR,-66.0042775000,-66.0063209700,bcc,2.0,16,258.05427729,3.18327158,3.18327158,6.36654316,6.36654316,6.36654316,yes,CLEANED:0,BCC_SQS,Mg4Si12
Mg4Sn12,OK,0,0,0,static_OUTCAR,-51.6838910600,-51.6835841300,bcc,2.0,16,420.37116497,3.74553889,3.74553889,7.49107778,7.49107778,7.49107778,yes,CLEANED:0,BCC_SQS,Mg4Sn12
Mg4Ta12,OK,0,0,0,static_OUTCAR,-144.3306278000,-144.3311090500,bcc,2.0,16,295.33131120,3.32971070,3.32971070,6.65942141,6.65942141,6.65942141,yes,CLEANED:0,BCC_SQS,Mg4Ta12
Mg4Tb12,OK,0,0,0,static_OUTCAR,-60.0955135300,-60.0934385500,bcc,2.0,16,482.22187121,3.92089885,3.92089885,7.84179771,7.84179771,7.84179771,yes,CLEANED:0,BCC_SQS,Mg4Tb12
Mg4Ti12,OK,0,0,0,static_OUTCAR,-97.1136794900,-97.1123697800,bcc,2.0,16,288.50065036,3.30383946,3.30383946,6.60767893,6.60767893,6.60767893,yes,CLEANED:0,BCC_SQS,Mg4Ti12
Mg4V12,OK,0,0,0,static_OUTCAR,-109.7436958300,-109.7442026700,bcc,2.0,16,236.24029485,3.09092165,3.09092165,6.18184330,6.18184330,6.18184330,yes,CLEANED:0,BCC_SQS,Mg4V12
Mg4W12,OK,0,0,0,static_OUTCAR,-156.4498650100,-156.4507292800,bcc,2.0,16,261.61604265,3.19785029,3.19785029,6.39570058,6.39570058,6.39570058,yes,CLEANED:0,BCC_SQS,Mg4W12
Mg4Y12,OK,0,0,0,static_OUTCAR,-82.5454613800,-82.5423786800,bcc,2.0,16,486.10245167,3.93138831,3.93138831,7.86277661,7.86277661,7.86277661,yes,CLEANED:0,BCC_SQS,Mg4Y12
Mg4Zn12,OK,0,0,0,static_OUTCAR,-19.0684851600,-19.0685420400,bcc,2.0,16,268.46066656,3.22549886,3.22549886,6.45099771,6.45099771,6.45099771,yes,CLEANED:0,BCC_SQS,Mg4Zn12
Mg4Zr12,OK,0,0,0,static_OUTCAR,-106.7952994000,-106.7951795300,bcc,2.0,16,362.09784937,3.56378903,3.56378903,7.12757805,7.12757805,7.12757805,yes,CLEANED:0,BCC_SQS,Mg4Zr12
Mg8Mg8,OK,0,0,0,static_OUTCAR,-23.6406923900,-23.6427009600,bcc,2.0,16,366.54400000,3.57831616,3.57831616,7.15663231,7.15663231,7.15663231,yes,CLEANED:0,BCC_SQS,Mg8Mg8
Mg8Mn8,OK,0,0,0,static_OUTCAR,-78.7059303500,-78.7057946900,bcc,2.0,16,280.03402389,3.27119880,3.27119880,6.54239760,6.54239760,6.54239760,yes,CLEANED:0,BCC_SQS,Mg8Mn8
Mg8Mo8,OK,0,0,0,static_OUTCAR,-93.7418591600,-93.7417206300,bcc,2.0,16,270.41851752,3.23332093,3.23332093,6.46664186,6.46664186,6.46664186,yes,CLEANED:0,BCC_SQS,Mg8Mo8
Mg8Nb8,OK,0,0,0,static_OUTCAR,-88.8593373300,-88.8593599000,bcc,2.0,16,304.44855277,3.36362813,3.36362813,6.72725626,6.72725626,6.72725626,yes,CLEANED:0,BCC_SQS,Mg8Nb8
Mg8Ni8,OK,0,0,0,static_OUTCAR,-55.5518138300,-55.5515760300,bcc,2.0,16,270.79999999,3.23484064,3.23484064,6.46968129,6.46968129,6.46968129,yes,CLEANED:0,BCC_SQS,Mg8Ni8
Mg8Os8,OK,0,0,0,static_OUTCAR,-96.7304029300,-96.7305415400,bcc,2.0,16,293.48000001,3.32273858,3.32273858,6.64547717,6.64547717,6.64547717,yes,CLEANED:0,BCC_SQS,Mg8Os8
Mg8Pb8,OK,0,0,0,static_OUTCAR,-40.3113073800,-40.3120915700,bcc,2.0,16,443.41615843,3.81276914,3.81276914,7.62553827,7.62553827,7.62553827,no,CLEANED:0,BCC_SQS,Mg8Pb8
Mg8Pd8,OK,0,0,0,static_OUTCAR,-61.3075969400,-61.3079637400,bcc,2.0,16,266.58385687,3.21796478,3.21796478,6.43592956,6.43592956,6.43592956,yes,CLEANED:0,BCC_SQS,Mg8Pd8
Mg8Pt8,OK,0,0,0,static_OUTCAR,-69.0683736700,-69.0702285900,bcc,2.0,16,305.02400000,3.36574603,3.36574603,6.73149205,6.73149205,6.73149205,yes,CLEANED:0,BCC_SQS,Mg8Pt8
Mg8Re8,OK,0,0,0,static_OUTCAR,-105.5918420100,-105.5922932000,bcc,2.0,16,254.16772445,3.16720960,3.16720960,6.33441919,6.33441919,6.33441919,yes,CLEANED:0,BCC_SQS,Mg8Re8
Mg8Rh8,OK,0,0,0,static_OUTCAR,-73.7557426000,-73.7568131300,bcc,2.0,16,250.19559283,3.15062385,3.15062385,6.30124770,6.30124770,6.30124770,yes,CLEANED:0,BCC_SQS,Mg8Rh8
Mg8Ru8,OK,0,0,0,static_OUTCAR,-83.1353915900,-83.1333752100,bcc,2.0,16,246.72163117,3.13597371,3.13597371,6.27194743,6.27194743,6.27194743,yes,CLEANED:0,BCC_SQS,Mg8Ru8
Mg8Sc8,OK,0,0,0,static_OUTCAR,-61.4374185500,-61.4389223100,bcc,2.0,16,377.92161586,3.61496349,3.61496349,7.22992698,7.22992698,7.22992698,yes,CLEANED:0,BCC_SQS,Mg8Sc8
Mg8Si8,OK,0,0,0,static_OUTCAR,-52.6563181800,-52.6562240100,bcc,2.0,16,286.58495348,3.29651052,3.29651052,6.59302104,6.59302104,6.59302104,yes,CLEANED:0,BCC_SQS,Mg8Si8
Mg8Sn8,OK,0,0,0,static_OUTCAR,-43.0158362300,-43.0154724100,bcc,2.0,16,402.18415460,3.69072474,3.69072474,7.38144949,7.38144949,7.38144949,yes,CLEANED:0,BCC_SQS,Mg8Sn8
Mg8Ta8,OK,0,0,0,static_OUTCAR,-101.4492105900,-101.4494380400,bcc,2.0,16,301.75173129,3.35366693,3.35366693,6.70733385,6.70733385,6.70733385,yes,CLEANED:0,BCC_SQS,Mg8Ta8
Mg8Tb8,OK,0,0,0,static_OUTCAR,-48.1952431000,-48.1955049500,bcc,2.0,16,446.33544969,3.82111814,3.82111814,7.64223627,7.64223627,7.64223627,yes,CLEANED:0,BCC_SQS,Mg8Tb8
Mg8Ti8,OK,0,0,0,static_OUTCAR,-71.5873979700,-71.5884747800,bcc,2.0,16,306.04157313,3.36948463,3.36948463,6.73896926,6.73896926,6.73896926,yes,CLEANED:0,BCC_SQS,Mg8Ti8
Mg8V8,OK,0,0,0,static_OUTCAR,-78.4131739800,-78.4130736500,bcc,2.0,16,266.45856748,3.21746057,3.21746057,6.43492115,6.43492115,6.43492115,yes,CLEANED:0,BCC_SQS,Mg8V8
Mg8W8,OK,0,0,0,static_OUTCAR,-108.1152862900,-108.1151182700,bcc,2.0,16,270.86613826,3.23510397,3.23510397,6.47020795,6.47020795,6.47020795,yes,CLEANED:0,BCC_SQS,Mg8W8
Mg8Y8,OK,0,0,0,static_OUTCAR,-63.1795561600,-63.1799300300,bcc,2.0,16,448.40171659,3.82700556,3.82700556,7.65401112,7.65401112,7.65401112,yes,CLEANED:0,BCC_SQS,Mg8Y8
Mg8Zn8,OK,0,0,0,static_OUTCAR,-21.2076900800,-21.2070250600,bcc,2.0,16,296.17389359,3.33287426,3.33287426,6.66574852,6.66574852,6.66574852,yes,CLEANED:0,BCC_SQS,Mg8Zn8
Mg8Zr8,OK,0,0,0,static_OUTCAR,-78.7644733300,-78.7648930700,bcc,2.0,16,358.15512683,3.55080695,3.55080695,7.10161391,7.10161391,7.10161391,yes,CLEANED:0,BCC_SQS,Mg8Zr8
Mn12Mo4,OK,0,0,0,static_OUTCAR,-149.2456026200,-149.2452558800,bcc,2.0,16,198.93435102,2.91881519,2.91881519,5.83763039,5.83763039,5.83763039,yes,CLEANED:0,BCC_SQS,Mn12Mo4
Mn12Nb4,OK,0,0,0,static_OUTCAR,-145.9740360400,-145.9743737900,bcc,2.0,16,213.37770198,2.98781027,2.98781027,5.97562054,5.97562054,5.97562054,yes,CLEANED:0,BCC_SQS,Mn12Nb4
Mn12Ni4,OK,0,0,0,static_OUTCAR,-127.5048254800,-127.5046056300,bcc,2.0,16,181.64984576,2.83170722,2.83170722,5.66341445,5.66341445,5.66341445,yes,CLEANED:0,BCC_SQS,Mn12Ni4
Mn12Os4,OK,0,0,0,static_OUTCAR,-150.3058686000,-150.3043115100,bcc,2.0,16,199.69967551,2.92255341,2.92255341,5.84510683,5.84510683,5.84510683,yes,CLEANED:0,BCC_SQS,Mn12Os4
Mn12Pb4,OK,0,0,0,static_OUTCAR,-112.7739623800,-112.7720632500,bcc,2.0,16,302.27436721,3.35560200,3.35560200,6.71120400,6.71120400,6.71120400,no,CLEANED:0,BCC_SQS,Mn12Pb4
Mn12Pd4,OK,0,0,0,static_OUTCAR,-124.4991974800,-124.4990685600,bcc,2.0,16,192.12400000,2.88511998,2.88511998,5.77023995,5.77023995,5.77023995,yes,CLEANED:0,BCC_SQS,Mn12Pd4
Mn12Pt4,OK,0,0,0,static_OUTCAR,-129.6875785300,-129.6879594700,bcc,2.0,16,213.26294763,2.98727456,2.98727456,5.97454912,5.97454912,5.97454912,yes,CLEANED:0,BCC_SQS,Mn12Pt4
Mn12Re4,OK,0,0,0,static_OUTCAR,-155.8321087100,-155.8320822300,bcc,2.0,16,199.23608308,2.92029014,2.92029014,5.84058029,5.84058029,5.84058029,yes,CLEANED:0,BCC_SQS,Mn12Re4
Mn12Rh4,OK,0,0,0,static_OUTCAR,-133.5519669800,-133.5523367500,bcc,2.0,16,200.10272104,2.92451825,2.92451825,5.84903650,5.84903650,5.84903650,yes,CLEANED:0,BCC_SQS,Mn12Rh4
Mn12Ru4,OK,0,0,0,static_OUTCAR,-141.4900269600,-141.4920425500,bcc,2.0,16,196.24825701,2.90561860,2.90561860,5.81123720,5.81123720,5.81123720,no,CLEANED:0,BCC_SQS,Mn12Ru4
Mn12Sc4,OK,0,0,0,static_OUTCAR,-128.9517666100,-128.9515057500,bcc,2.0,16,202.71657064,2.93719708,2.93719708,5.87439416,5.87439416,5.87439416,yes,CLEANED:0,BCC_SQS,Mn12Sc4
Mn12Si4,OK,0,0,0,static_OUTCAR,-131.3438591700,-131.3415859300,bcc,2.0,16,178.81057695,2.81687606,2.81687606,5.63375212,5.63375212,5.63375212,no,CLEANED:0,BCC_SQS,Mn12Si4
Mn12Sn4,OK,0,0,0,static_OUTCAR,-117.6313783500,-117.6320951000,bcc,2.0,16,258.81893751,3.18641268,3.18641268,6.37282535,6.37282535,6.37282535,yes,CLEANED:0,BCC_SQS,Mn12Sn4
Mn12Ta4,OK,0,0,0,static_OUTCAR,-153.5782692100,-153.5779177900,bcc,2.0,16,211.73004972,2.98010000,2.98010000,5.96020000,5.96020000,5.96020000,yes,CLEANED:0,BCC_SQS,Mn12Ta4
Mn12Tb4,OK,0,0,0,static_OUTCAR,-119.3626712000,-119.3621152400,bcc,2.0,16,284.90630435,3.29006156,3.29006156,6.58012312,6.58012312,6.58012312,yes,CLEANED:0,BCC_SQS,Mn12Tb4
Mn12Ti4,OK,0,0,0,static_OUTCAR,-139.2538061100,-139.2536463900,bcc,2.0,16,191.80123519,2.88350342,2.88350342,5.76700684,5.76700684,5.76700684,yes,CLEANED:0,BCC_SQS,Mn12Ti4
Mn12V4,OK,0,0,0,static_OUTCAR,-144.1649103200,-144.1637395600,bcc,2.0,16,184.33384039,2.84558586,2.84558586,5.69117173,5.69117173,5.69117173,yes,CLEANED:0,BCC_SQS,Mn12V4
Mn12W4,OK,0,0,0,static_OUTCAR,-157.3884986100,-157.3877027900,bcc,2.0,16,201.80130137,2.93276991,2.93276991,5.86553982,5.86553982,5.86553982,yes,CLEANED:0,BCC_SQS,Mn12W4
Mn12Y4,OK,0,0,0,static_OUTCAR,-127.2515768000,-127.2516903200,bcc,2.0,16,266.09805531,3.21600887,3.21600887,6.43201774,6.43201774,6.43201774,yes,CLEANED:0,BCC_SQS,Mn12Y4
Mn12Zn4,OK,0,0,0,static_OUTCAR,-110.2541916000,-110.2538362900,bcc,2.0,16,191.29298166,2.88095417,2.88095417,5.76190834,5.76190834,5.76190834,yes,CLEANED:0,BCC_SQS,Mn12Zn4
Mn12Zr4,OK,0,0,0,static_OUTCAR,-138.8488549300,-138.8479269900,bcc,2.0,16,222.79252897,3.03112290,3.03112290,6.06224580,6.06224580,6.06224580,yes,CLEANED:0,BCC_SQS,Mn12Zr4
Mn4Mo12,OK,0,0,0,static_OUTCAR,-165.5091563000,-165.5120392700,bcc,2.0,16,238.15818474,3.09926355,3.09926355,6.19852709,6.19852709,6.19852709,yes,CLEANED:0,BCC_SQS,Mn4Mo12
Mn4Nb12,OK,0,0,0,static_OUTCAR,-156.3669602800,-156.3662646900,bcc,2.0,16,264.08017170,3.20785899,3.20785899,6.41571797,6.41571797,6.41571797,yes,CLEANED:0,BCC_SQS,Mn4Nb12
Mn4Ni12,OK,0,0,0,static_OUTCAR,-100.9747158200,-100.9721440100,bcc,2.0,16,181.83603179,2.83267437,2.83267437,5.66534874,5.66534874,5.66534874,yes,CLEANED:0,BCC_SQS,Mn4Ni12
Mn4Os12,OK,0,0,0,static_OUTCAR,-165.7076037100,-165.7063026800,bcc,2.0,16,224.73265308,3.03989603,3.03989603,6.07979207,6.07979207,6.07979207,yes,CLEANED:0,BCC_SQS,Mn4Os12
Mn4Pb12,OK,0,0,0,static_OUTCAR,-73.0534872400,-73.0532801500,bcc,2.0,16,454.97365658,3.84561162,3.84561162,7.69122324,7.69122324,7.69122324,no,CLEANED:0,BCC_SQS,Mn4Pb12
Mn4Pd12,OK,0,0,0,static_OUTCAR,-99.6078109400,-99.6073805300,bcc,2.0,16,229.01200000,3.05907002,3.05907002,6.11814004,6.11814004,6.11814004,yes,CLEANED:0,BCC_SQS,Mn4Pd12
Mn4Pt12,OK,0,0,0,static_OUTCAR,-110.7335028000,-110.7342702400,bcc,2.0,16,239.72170775,3.10603104,3.10603104,6.21206209,6.21206209,6.21206209,yes,CLEANED:0,BCC_SQS,Mn4Pt12
Mn4Re12,OK,0,0,0,static_OUTCAR,-182.5641077400,-182.5647920400,bcc,2.0,16,233.36107692,3.07831325,3.07831325,6.15662649,6.15662649,6.15662649,yes,CLEANED:0,BCC_SQS,Mn4Re12
Mn4Rh12,OK,0,0,0,static_OUTCAR,-121.7035573200,-121.7026073000,bcc,2.0,16,229.00477990,3.05903787,3.05903787,6.11807574,6.11807574,6.11807574,yes,CLEANED:0,BCC_SQS,Mn4Rh12
Mn4Ru12,OK,0,0,0,static_OUTCAR,-142.8839935300,-142.8846581700,bcc,2.0,16,215.93587604,2.99970310,2.99970310,5.99940620,5.99940620,5.99940620,yes,CLEANED:0,BCC_SQS,Mn4Ru12
Mn4Sc12,OK,0,0,0,static_OUTCAR,-108.9120619100,-108.9100906900,bcc,2.0,16,349.20608524,3.52098308,3.52098308,7.04196617,7.04196617,7.04196617,yes,CLEANED:0,BCC_SQS,Mn4Sc12
Mn4Si12,OK,0,0,0,static_OUTCAR,-98.8712291000,-98.8701554300,bcc,2.0,16,212.54716776,2.98392872,2.98392872,5.96785745,5.96785745,5.96785745,yes,CLEANED:0,BCC_SQS,Mn4Si12
Mn4Sn12,OK,0,0,0,static_OUTCAR,-77.9417206400,-77.9420422800,bcc,2.0,16,391.49977294,3.65774851,3.65774851,7.31549703,7.31549703,7.31549703,yes,CLEANED:0,BCC_SQS,Mn4Sn12
Mn4Ta12,OK,0,0,0,static_OUTCAR,-177.6415570600,-177.6389930000,bcc,2.0,16,263.59835734,3.20590688,3.20590688,6.41181377,6.41181377,6.41181377,yes,CLEANED:0,BCC_SQS,Mn4Ta12
Mn4Tb12,OK,0,0,0,static_OUTCAR,-83.9160042000,-83.9142802900,bcc,2.0,16,446.26753849,3.82092433,3.82092433,7.64184866,7.64184866,7.64184866,yes,CLEANED:0,BCC_SQS,Mn4Tb12
Mn4Ti12,OK,0,0,0,static_OUTCAR,-129.7696032900,-129.7732544600,bcc,2.0,16,250.42160148,3.15157225,3.15157225,6.30314449,6.30314449,6.30314449,yes,CLEANED:0,BCC_SQS,Mn4Ti12
Mn4V12,OK,0,0,0,static_OUTCAR,-145.9823210500,-145.9837315200,bcc,2.0,16,201.23906096,2.93004370,2.93004370,5.86008741,5.86008741,5.86008741,yes,CLEANED:0,BCC_SQS,Mn4V12
Mn4W12,OK,0,0,0,static_OUTCAR,-189.5446929900,-189.5441906300,bcc,2.0,16,240.79359183,3.11065356,3.11065356,6.22130713,6.22130713,6.22130713,yes,CLEANED:0,BCC_SQS,Mn4W12
Mn4Y12,OK,0,0,0,static_OUTCAR,-109.6927251800,-109.6926795100,bcc,2.0,16,450.80976130,3.83384404,3.83384404,7.66768807,7.66768807,7.66768807,yes,CLEANED:0,BCC_SQS,Mn4Y12
Mn4Zn12,OK,0,0,0,static_OUTCAR,-48.2000853900,-48.2001249300,bcc,2.0,16,228.05636062,3.05480904,3.05480904,6.10961809,6.10961809,6.10961809,yes,CLEANED:0,BCC_SQS,Mn4Zn12
Mn4Zr12,OK,0,0,0,static_OUTCAR,-136.5039638200,-136.5035806200,bcc,2.0,16,331.01917101,3.45876498,3.45876498,6.91752996,6.91752996,6.91752996,yes,CLEANED:0,BCC_SQS,Mn4Zr12
Mn8Mn8,OK,0,0,0,static_OUTCAR,-141.6097569500,-141.6117426200,bcc,2.0,16,174.85536834,2.79595168,2.79595168,5.59190335,5.59190335,5.59190335,yes,CLEANED:0,BCC_SQS,Mn8Mn8
Mn8Mo8,OK,0,0,0,static_OUTCAR,-156.9691494900,-156.9693174900,bcc,2.0,16,220.25842191,3.01958676,3.01958676,6.03917352,6.03917352,6.03917352,yes,CLEANED:0,BCC_SQS,Mn8Mo8
Mn8Nb8,OK,0,0,0,static_OUTCAR,-150.6428649700,-150.6434748700,bcc,2.0,16,237.16153702,3.09493422,3.09493422,6.18986844,6.18986844,6.18986844,yes,CLEANED:0,BCC_SQS,Mn8Nb8
Mn8Ni8,OK,0,0,0,static_OUTCAR,-114.8228391100,-114.8233332200,bcc,2.0,16,188.30200225,2.86586008,2.86586008,5.73172017,5.73172017,5.73172017,yes,CLEANED:0,BCC_SQS,Mn8Ni8
Mn8Os8,OK,0,0,0,static_OUTCAR,-158.5201668600,-158.5199482400,bcc,2.0,16,214.68582492,2.99390348,2.99390348,5.98780695,5.98780695,5.98780695,no,CLEANED:0,BCC_SQS,Mn8Os8
Mn8Pb8,OK,0,0,0,static_OUTCAR,-91.7679030600,-91.7685912400,bcc,2.0,16,368.92892570,3.58606018,3.58606018,7.17212036,7.17212036,7.17212036,no,CLEANED:0,BCC_SQS,Mn8Pb8
Mn8Pd8,OK,0,0,0,static_OUTCAR,-113.7115851000,-113.7115854200,bcc,2.0,16,243.68219096,3.12304279,3.12304279,6.24608558,6.24608558,6.24608558,yes,CLEANED:0,BCC_SQS,Mn8Pd8
Mn8Pt8,OK,0,0,0,static_OUTCAR,-122.3200004200,-122.3188143900,bcc,2.0,16,240.84108917,3.11085808,3.11085808,6.22171616,6.22171616,6.22171616,yes,CLEANED:0,BCC_SQS,Mn8Pt8
Mn8Re8,OK,0,0,0,static_OUTCAR,-169.5557953600,-169.5553415200,bcc,2.0,16,219.39404140,3.01563156,3.01563156,6.03126313,6.03126313,6.03126313,yes,CLEANED:0,BCC_SQS,Mn8Re8
Mn8Rh8,OK,0,0,0,static_OUTCAR,-128.7440116000,-128.7426450500,bcc,2.0,16,225.16162957,3.04182902,3.04182902,6.08365804,6.08365804,6.08365804,yes,CLEANED:0,BCC_SQS,Mn8Rh8
Mn8Ru8,OK,0,0,0,static_OUTCAR,-142.5280702000,-142.5281946700,bcc,2.0,16,215.38643144,2.99715671,2.99715671,5.99431342,5.99431342,5.99431342,yes,CLEANED:0,BCC_SQS,Mn8Ru8
Mn8Sc8,OK,0,0,0,static_OUTCAR,-119.0192205000,-119.0173371300,bcc,2.0,16,298.24195448,3.34061364,3.34061364,6.68122728,6.68122728,6.68122728,yes,CLEANED:0,BCC_SQS,Mn8Sc8
Mn8Si8,OK,0,0,0,static_OUTCAR,-116.4041361000,-116.4030674200,bcc,2.0,16,205.41600000,2.95017714,2.95017714,5.90035428,5.90035428,5.90035428,yes,CLEANED:0,BCC_SQS,Mn8Si8
Mn8Sn8,OK,0,0,0,static_OUTCAR,-97.3468602200,-97.3463443900,bcc,2.0,16,323.42814637,3.43212114,3.43212114,6.86424228,6.86424228,6.86424228,yes,CLEANED:0,BCC_SQS,Mn8Sn8
Mn8Ta8,OK,0,0,0,static_OUTCAR,-165.4785523100,-165.4774077600,bcc,2.0,16,235.45511143,3.08749345,3.08749345,6.17498691,6.17498691,6.17498691,yes,CLEANED:0,BCC_SQS,Mn8Ta8
Mn8Tb8,OK,0,0,0,static_OUTCAR,-103.1942566200,-103.1927405300,bcc,2.0,16,369.47087466,3.58781527,3.58781527,7.17563054,7.17563054,7.17563054,yes,CLEANED:0,BCC_SQS,Mn8Tb8
Mn8Ti8,OK,0,0,0,static_OUTCAR,-135.5723220200,-135.5723883200,bcc,2.0,16,211.76756489,2.98027600,2.98027600,5.96055200,5.96055200,5.96055200,yes,CLEANED:0,BCC_SQS,Mn8Ti8
Mn8V8,OK,0,0,0,static_OUTCAR,-146.1227826200,-146.1224096200,bcc,2.0,16,190.35431864,2.87623422,2.87623422,5.75246844,5.75246844,5.75246844,yes,CLEANED:0,BCC_SQS,Mn8V8
Mn8W8,OK,0,0,0,static_OUTCAR,-173.0870639500,-173.0871421200,bcc,2.0,16,224.20089545,3.03749649,3.03749649,6.07499299,6.07499299,6.07499299,yes,CLEANED:0,BCC_SQS,Mn8W8
Mn8Y8,OK,0,0,0,static_OUTCAR,-118.1613609500,-118.1634029500,bcc,2.0,16,368.52407190,3.58474795,3.58474795,7.16949589,7.16949589,7.16949589,yes,CLEANED:0,BCC_SQS,Mn8Y8
Mn8Zn8,OK,0,0,0,static_OUTCAR,-78.8760901200,-78.8763788500,bcc,2.0,16,215.75114889,2.99884747,2.99884747,5.99769494,5.99769494,5.99769494,yes,CLEANED:0,BCC_SQS,Mn8Zn8
Mn8Zr8,OK,0,0,0,static_OUTCAR,-136.8904410400,-136.8899349200,bcc,2.0,16,265.43405708,3.21333166,3.21333166,6.42666332,6.42666332,6.42666332,yes,CLEANED:0,BCC_SQS,Mn8Zr8
Mo12Nb4,OK,0,0,0,static_OUTCAR,-172.4144478300,-172.4148503800,bcc,2.0,16,260.92207132,3.19502021,3.19502021,6.39004043,6.39004043,6.39004043,yes,CLEANED:0,BCC_SQS,Mo12Nb4
Mo12Ni4,OK,0,0,0,static_OUTCAR,-150.8268100000,-150.8278241300,bcc,2.0,16,235.66500702,3.08841062,3.08841062,6.17682125,6.17682125,6.17682125,yes,CLEANED:0,BCC_SQS,Mo12Ni4
Mo12Os4,OK,0,0,0,static_OUTCAR,-173.8112078200,-173.8101219400,bcc,2.0,16,247.83950341,3.14070284,3.14070284,6.28140569,6.28140569,6.28140569,yes,CLEANED:0,BCC_SQS,Mo12Os4
Mo12Pb4,OK,0,0,0,static_OUTCAR,-136.5481753200,-136.5477222000,bcc,2.0,16,298.14191298,3.34024008,3.34024008,6.68048015,6.68048015,6.68048015,no,CLEANED:0,BCC_SQS,Mo12Pb4
Mo12Pd4,OK,0,0,0,static_OUTCAR,-149.7929016300,-149.7945339800,bcc,2.0,16,251.02153149,3.15408696,3.15408696,6.30817392,6.30817392,6.30817392,yes,CLEANED:0,BCC_SQS,Mo12Pd4
Mo12Pt4,OK,0,0,0,static_OUTCAR,-154.9278916900,-154.9262430300,bcc,2.0,16,253.14311808,3.16294796,3.16294796,6.32589591,6.32589591,6.32589591,yes,CLEANED:0,BCC_SQS,Mo12Pt4
Mo12Re4,OK,0,0,0,static_OUTCAR,-180.0088727300,-180.0102790700,bcc,2.0,16,249.51516886,3.14776514,3.14776514,6.29553029,6.29553029,6.29553029,yes,CLEANED:0,BCC_SQS,Mo12Re4
Mo12Rh4,OK,0,0,0,static_OUTCAR,-158.8175188600,-158.8196771800,bcc,2.0,16,247.02553614,3.13726079,3.13726079,6.27452157,6.27452157,6.27452157,yes,CLEANED:0,BCC_SQS,Mo12Rh4
Mo12Ru4,OK,0,0,0,static_OUTCAR,-166.0485590500,-166.0468309900,bcc,2.0,16,245.90092785,3.13249265,3.13249265,6.26498529,6.26498529,6.26498529,yes,CLEANED:0,BCC_SQS,Mo12Ru4
Mo12Sc4,OK,0,0,0,static_OUTCAR,-154.6237359800,-154.6237686200,bcc,2.0,16,266.00631039,3.21563922,3.21563922,6.43127845,6.43127845,6.43127845,yes,CLEANED:0,BCC_SQS,Mo12Sc4
Mo12Si4,OK,0,0,0,static_OUTCAR,-153.2122105000,-153.2093932300,bcc,2.0,16,241.08841422,3.11192258,3.11192258,6.22384517,6.22384517,6.22384517,yes,CLEANED:0,BCC_SQS,Mo12Si4
Mo12Sn4,OK,0,0,0,static_OUTCAR,-142.7618289200,-142.7611584100,bcc,2.0,16,272.05523676,3.23983108,3.23983108,6.47966217,6.47966217,6.47966217,yes,CLEANED:0,BCC_SQS,Mo12Sn4
Mo12Ta4,OK,0,0,0,static_OUTCAR,-179.9089194300,-179.9088757200,bcc,2.0,16,260.71226649,3.19416362,3.19416362,6.38832725,6.38832725,6.38832725,yes,CLEANED:0,BCC_SQS,Mo12Ta4
Mo12Tb4,OK,0,0,0,static_OUTCAR,-143.8544703100,-143.8576621500,bcc,2.0,16,282.40537146,3.28040644,3.28040644,6.56081287,6.56081287,6.56081287,yes,CLEANED:0,BCC_SQS,Mo12Tb4
Mo12Ti4,OK,0,0,0,static_OUTCAR,-163.9968204200,-163.9962205400,bcc,2.0,16,251.53740373,3.15624613,3.15624613,6.31249225,6.31249225,6.31249225,yes,CLEANED:0,BCC_SQS,Mo12Ti4
Mo12V4,OK,0,0,0,static_OUTCAR,-168.4294925100,-168.4281966300,bcc,2.0,16,243.02513681,3.12023332,3.12023332,6.24046663,6.24046663,6.24046663,yes,CLEANED:0,BCC_SQS,Mo12V4
Mo12W4,OK,0,0,0,static_OUTCAR,-182.9333179300,-182.9345908500,bcc,2.0,16,254.45226704,3.16839106,3.16839106,6.33678212,6.33678212,6.33678212,yes,CLEANED:0,BCC_SQS,Mo12W4
Mo12Y4,OK,0,0,0,static_OUTCAR,-151.3515313300,-151.3543008700,bcc,2.0,16,282.48780304,3.28072558,3.28072558,6.56145116,6.56145116,6.56145116,yes,CLEANED:0,BCC_SQS,Mo12Y4
Mo12Zn4,OK,0,0,0,static_OUTCAR,-133.4162174600,-133.4154907100,bcc,2.0,16,247.00232309,3.13716251,3.13716251,6.27432503,6.27432503,6.27432503,yes,CLEANED:0,BCC_SQS,Mo12Zn4
Mo12Zr4,OK,0,0,0,static_OUTCAR,-164.9265961600,-164.9257760300,bcc,2.0,16,270.89153147,3.23520506,3.23520506,6.47041013,6.47041013,6.47041013,yes,CLEANED:0,BCC_SQS,Mo12Zr4
Mo4Nb12,OK,0,0,0,static_OUTCAR,-165.4162505300,-165.4193000000,bcc,2.0,16,281.14814241,3.27553122,3.27553122,6.55106245,6.55106245,6.55106245,yes,CLEANED:0,BCC_SQS,Mo4Nb12
Mo4Ni12,OK,0,0,0,static_OUTCAR,-108.5900026600,-108.5898043100,bcc,2.0,16,194.73866146,2.89814914,2.89814914,5.79629829,5.79629829,5.79629829,yes,CLEANED:0,BCC_SQS,Mo4Ni12
Mo4Os12,OK,0,0,0,static_OUTCAR,-173.5153945400,-173.5161650400,bcc,2.0,16,240.63684297,3.10997844,3.10997844,6.21995688,6.21995688,6.21995688,yes,CLEANED:0,BCC_SQS,Mo4Os12
Mo4Pb12,OK,0,0,0,static_OUTCAR,-78.1684264500,-78.1676590400,bcc,2.0,16,434.94164075,3.78832300,3.78832300,7.57664600,7.57664600,7.57664600,no,CLEANED:0,BCC_SQS,Mo4Pb12
Mo4Pd12,OK,0,0,0,static_OUTCAR,-105.9447345900,-105.9462143700,bcc,2.0,16,246.40054183,3.13461271,3.13461271,6.26922542,6.26922542,6.26922542,yes,CLEANED:0,BCC_SQS,Mo4Pd12
Mo4Pt12,OK,0,0,0,static_OUTCAR,-117.6381096800,-117.6381887400,bcc,2.0,16,245.14400000,3.12927522,3.12927522,6.25855043,6.25855043,6.25855043,yes,CLEANED:0,BCC_SQS,Mo4Pt12
Mo4Re12,OK,0,0,0,static_OUTCAR,-189.2800641200,-189.2792446300,bcc,2.0,16,244.81935978,3.12789326,3.12789326,6.25578651,6.25578651,6.25578651,yes,CLEANED:0,BCC_SQS,Mo4Re12
Mo4Rh12,OK,0,0,0,static_OUTCAR,-130.0093784900,-130.0085534400,bcc,2.0,16,235.62581348,3.08823940,3.08823940,6.17647881,6.17647881,6.17647881,yes,CLEANED:0,BCC_SQS,Mo4Rh12
Mo4Ru12,OK,0,0,0,static_OUTCAR,-151.0596843300,-151.0578281900,bcc,2.0,16,233.32069177,3.07813566,3.07813566,6.15627132,6.15627132,6.15627132,yes,CLEANED:0,BCC_SQS,Mo4Ru12
Mo4Sc12,OK,0,0,0,static_OUTCAR,-117.0139566300,-117.0104872000,bcc,2.0,16,332.24767479,3.46303851,3.46303851,6.92607702,6.92607702,6.92607702,yes,CLEANED:0,BCC_SQS,Mo4Sc12
Mo4Si12,OK,0,0,0,static_OUTCAR,-106.5157931300,-106.5159117900,bcc,2.0,16,229.38057447,3.06071024,3.06071024,6.12142048,6.12142048,6.12142048,yes,CLEANED:0,BCC_SQS,Mo4Si12
Mo4Sn12,OK,0,0,0,static_OUTCAR,-83.5398670000,-83.5380038600,bcc,2.0,16,361.62746688,3.56224518,3.56224518,7.12449036,7.12449036,7.12449036,yes,CLEANED:0,BCC_SQS,Mo4Sn12
Mo4Ta12,OK,0,0,0,static_OUTCAR,-186.4540290600,-186.4555201000,bcc,2.0,16,280.78884560,3.27413529,3.27413529,6.54827059,6.54827059,6.54827059,yes,CLEANED:0,BCC_SQS,Mo4Ta12
Mo4Tb12,OK,0,0,0,static_OUTCAR,-94.3971558700,-94.3965086300,bcc,2.0,16,452.55200000,3.83877656,3.83877656,7.67755311,7.67755311,7.67755311,yes,CLEANED:0,BCC_SQS,Mo4Tb12
Mo4Ti12,OK,0,0,0,static_OUTCAR,-137.4704753500,-137.4734175700,bcc,2.0,16,262.89994626,3.20307300,3.20307300,6.40614600,6.40614600,6.40614600,yes,CLEANED:0,BCC_SQS,Mo4Ti12
Mo4V12,OK,0,0,0,static_OUTCAR,-152.5132063400,-152.5131976700,bcc,2.0,16,224.37537810,3.03828426,3.03828426,6.07656852,6.07656852,6.07656852,yes,CLEANED:0,BCC_SQS,Mo4V12
Mo4W12,OK,0,0,0,static_OUTCAR,-199.2026086600,-199.2045262600,bcc,2.0,16,257.12318541,3.17943842,3.17943842,6.35887684,6.35887684,6.35887684,yes,CLEANED:0,BCC_SQS,Mo4W12
Mo4Y12,OK,0,0,0,static_OUTCAR,-116.7712311900,-116.7697274800,bcc,2.0,16,410.85648946,3.71706414,3.71706414,7.43412827,7.43412827,7.43412827,yes,CLEANED:0,BCC_SQS,Mo4Y12
Mo4Zn12,OK,0,0,0,static_OUTCAR,-55.2740315200,-55.2730849600,bcc,2.0,16,238.44454764,3.10050524,3.10050524,6.20101048,6.20101048,6.20101048,yes,CLEANED:0,BCC_SQS,Mo4Zn12
Mo4Zr12,OK,0,0,0,static_OUTCAR,-144.8490079300,-144.8491164200,bcc,2.0,16,328.07951215,3.44849585,3.44849585,6.89699170,6.89699170,6.89699170,yes,CLEANED:0,BCC_SQS,Mo4Zr12
Mo8Mo8,OK,0,0,0,static_OUTCAR,-174.8145818500,-174.8137852200,bcc,2.0,16,252.65958139,3.16093279,3.16093279,6.32186558,6.32186558,6.32186558,yes,CLEANED:0,BCC_SQS,Mo8Mo8
Mo8Nb8,OK,0,0,0,static_OUTCAR,-169.3187057300,-169.3177348600,bcc,2.0,16,270.36078159,3.23309080,3.23309080,6.46618161,6.46618161,6.46618161,yes,CLEANED:0,BCC_SQS,Mo8Nb8
Mo8Ni8,OK,0,0,0,static_OUTCAR,-129.6477225400,-129.6486009900,bcc,2.0,16,215.78193376,2.99899009,2.99899009,5.99798019,5.99798019,5.99798019,yes,CLEANED:0,BCC_SQS,Mo8Ni8
Mo8Os8,OK,0,0,0,static_OUTCAR,-174.4918894200,-174.4923333100,bcc,2.0,16,243.83295260,3.12368671,3.12368671,6.24737343,6.24737343,6.24737343,yes,CLEANED:0,BCC_SQS,Mo8Os8
Mo8Pb8,OK,0,0,0,static_OUTCAR,-104.2635374200,-104.2629956100,bcc,2.0,16,349.80674100,3.52300070,3.52300070,7.04600139,7.04600139,7.04600139,no,CLEANED:0,BCC_SQS,Mo8Pb8
Mo8Pd8,OK,0,0,0,static_OUTCAR,-127.8097678200,-127.8100083400,bcc,2.0,16,248.74979160,3.14454330,3.14454330,6.28908660,6.28908660,6.28908660,yes,CLEANED:0,BCC_SQS,Mo8Pd8
Mo8Pt8,OK,0,0,0,static_OUTCAR,-137.7216932600,-137.7221621800,bcc,2.0,16,252.96409550,3.16220217,3.16220217,6.32440434,6.32440434,6.32440434,yes,CLEANED:0,BCC_SQS,Mo8Pt8
Mo8Re8,OK,0,0,0,static_OUTCAR,-184.9141526900,-184.9127471600,bcc,2.0,16,246.96923297,3.13702242,3.13702242,6.27404483,6.27404483,6.27404483,yes,CLEANED:0,BCC_SQS,Mo8Re8
Mo8Rh8,OK,0,0,0,static_OUTCAR,-145.5664701700,-145.5665090100,bcc,2.0,16,241.06144063,3.11180652,3.11180652,6.22361305,6.22361305,6.22361305,yes,CLEANED:0,BCC_SQS,Mo8Rh8
Mo8Ru8,OK,0,0,0,static_OUTCAR,-159.0299827400,-159.0302248100,bcc,2.0,16,239.30257892,3.10421979,3.10421979,6.20843959,6.20843959,6.20843959,yes,CLEANED:0,BCC_SQS,Mo8Ru8
Mo8Sc8,OK,0,0,0,static_OUTCAR,-134.5659386800,-134.5652212700,bcc,2.0,16,291.27062586,3.31437950,3.31437950,6.62875900,6.62875900,6.62875900,yes,CLEANED:0,BCC_SQS,Mo8Sc8
Mo8Si8,OK,0,0,0,static_OUTCAR,-131.8045630600,-131.8051527700,bcc,2.0,16,232.17621732,3.07309450,3.07309450,6.14618899,6.14618899,6.14618899,yes,CLEANED:0,BCC_SQS,Mo8Si8
Mo8Sn8,OK,0,0,0,static_OUTCAR,-110.7086375900,-110.7085272100,bcc,2.0,16,304.14019519,3.36249214,3.36249214,6.72498428,6.72498428,6.72498428,yes,CLEANED:0,BCC_SQS,Mo8Sn8
Mo8Ta8,OK,0,0,0,static_OUTCAR,-183.8047596500,-183.8013809700,bcc,2.0,16,269.68897084,3.23041065,3.23041065,6.46082129,6.46082129,6.46082129,yes,CLEANED:0,BCC_SQS,Mo8Ta8
Mo8Tb8,OK,0,0,0,static_OUTCAR,-116.9478460700,-116.9482629000,bcc,2.0,16,332.26808990,3.46310944,3.46310944,6.92621888,6.92621888,6.92621888,yes,CLEANED:0,BCC_SQS,Mo8Tb8
Mo8Ti8,OK,0,0,0,static_OUTCAR,-150.8810119900,-150.8822329200,bcc,2.0,16,255.65419977,3.17337197,3.17337197,6.34674394,6.34674394,6.34674394,yes,CLEANED:0,BCC_SQS,Mo8Ti8
Mo8V8,OK,0,0,0,static_OUTCAR,-160.9220829800,-160.9213716100,bcc,2.0,16,231.23200000,3.06892294,3.06892294,6.13784587,6.13784587,6.13784587,yes,CLEANED:0,BCC_SQS,Mo8V8
Mo8W8,OK,0,0,0,static_OUTCAR,-191.0789944100,-191.0770177100,bcc,2.0,16,255.90867847,3.17442455,3.17442455,6.34884910,6.34884910,6.34884910,yes,CLEANED:0,BCC_SQS,Mo8W8
Mo8Y8,OK,0,0,0,static_OUTCAR,-132.3699805800,-132.3702782500,bcc,2.0,16,389.16799999,3.65047220,3.65047220,7.30094440,7.30094440,7.30094440,yes,CLEANED:0,BCC_SQS,Mo8Y8
Mo8Zn8,OK,0,0,0,static_OUTCAR,-93.5210162000,-93.5203999000,bcc,2.0,16,241.30596672,3.11285834,3.11285834,6.22571669,6.22571669,6.22571669,yes,CLEANED:0,BCC_SQS,Mo8Zn8
Mo8Zr8,OK,0,0,0,static_OUTCAR,-154.3239254000,-154.3244423300,bcc,2.0,16,296.06045401,3.33244869,3.33244869,6.66489738,6.66489738,6.66489738,yes,CLEANED:0,BCC_SQS,Mo8Zr8
Nb12Ni4,OK,0,0,0,static_OUTCAR,-142.8512649100,-142.8509622500,bcc,2.0,16,267.13907545,3.22019727,3.22019727,6.44039454,6.44039454,6.44039454,yes,CLEANED:0,BCC_SQS,Nb12Ni4
Nb12Os4,OK,0,0,0,static_OUTCAR,-168.4785005700,-168.4793156300,bcc,2.0,16,274.39376452,3.24908757,3.24908757,6.49817514,6.49817514,6.49817514,yes,CLEANED:0,BCC_SQS,Nb12Os4
Nb12Pb4,OK,0,0,0,static_OUTCAR,-131.6686510400,-131.6679288900,bcc,2.0,16,319.85168494,3.41942345,3.41942345,6.83884689,6.83884689,6.83884689,yes,CLEANED:0,BCC_SQS,Nb12Pb4
Nb12Pd4,OK,0,0,0,static_OUTCAR,-143.6599347000,-143.6589935800,bcc,2.0,16,281.16276516,3.27558801,3.27558801,6.55117602,6.55117602,6.55117602,yes,CLEANED:0,BCC_SQS,Nb12Pd4
Nb12Pt4,OK,0,0,0,static_OUTCAR,-149.7693858800,-149.7703084700,bcc,2.0,16,281.21239957,3.27578075,3.27578075,6.55156150,6.55156150,6.55156150,yes,CLEANED:0,BCC_SQS,Nb12Pt4
Nb12Re4,OK,0,0,0,static_OUTCAR,-173.1361263000,-173.1361445500,bcc,2.0,16,275.77379942,3.25452545,3.25452545,6.50905090,6.50905090,6.50905090,no,CLEANED:0,BCC_SQS,Nb12Re4
Nb12Rh4,OK,0,0,0,static_OUTCAR,-153.0476140500,-153.0490008200,bcc,2.0,16,275.56588374,3.25370734,3.25370734,6.50741468,6.50741468,6.50741468,yes,CLEANED:0,BCC_SQS,Nb12Rh4
Nb12Ru4,OK,0,0,0,static_OUTCAR,-160.2010677300,-160.2022763600,bcc,2.0,16,273.64457112,3.24612782,3.24612782,6.49225564,6.49225564,6.49225564,yes,CLEANED:0,BCC_SQS,Nb12Ru4
Nb12Sc4,OK,0,0,0,static_OUTCAR,-144.5851749100,-144.5847149000,bcc,2.0,16,306.28812242,3.37038921,3.37038921,6.74077843,6.74077843,6.74077843,yes,CLEANED:0,BCC_SQS,Nb12Sc4
Nb12Si4,OK,0,0,0,static_OUTCAR,-144.6333526000,-144.6325272100,bcc,2.0,16,276.09346671,3.25578247,3.25578247,6.51156495,6.51156495,6.51156495,yes,CLEANED:0,BCC_SQS,Nb12Si4
Nb12Sn4,OK,0,0,0,static_OUTCAR,-136.5209533800,-136.5193449200,bcc,2.0,16,308.22867849,3.37749218,3.37749218,6.75498436,6.75498436,6.75498436,yes,CLEANED:0,BCC_SQS,Nb12Sn4
Nb12Ta4,OK,0,0,0,static_OUTCAR,-168.3438973600,-168.3439707000,bcc,2.0,16,292.45103889,3.31885079,3.31885079,6.63770157,6.63770157,6.63770157,yes,CLEANED:0,BCC_SQS,Nb12Ta4
Nb12Tb4,OK,0,0,0,static_OUTCAR,-135.4124631300,-135.4121327900,bcc,2.0,16,324.32306813,3.43528377,3.43528377,6.87056754,6.87056754,6.87056754,yes,CLEANED:0,BCC_SQS,Nb12Tb4
Nb12Ti4,OK,0,0,0,static_OUTCAR,-152.0244933400,-152.0237412900,bcc,2.0,16,288.44164352,3.30361420,3.30361420,6.60722841,6.60722841,6.60722841,yes,CLEANED:0,BCC_SQS,Nb12Ti4
Nb12V4,OK,0,0,0,static_OUTCAR,-156.2425906600,-156.2411734400,bcc,2.0,16,275.52804627,3.25355842,3.25355842,6.50711683,6.50711683,6.50711683,yes,CLEANED:0,BCC_SQS,Nb12V4
Nb12W4,OK,0,0,0,static_OUTCAR,-173.0999505400,-173.1027726100,bcc,2.0,16,282.30909328,3.28003361,3.28003361,6.56006721,6.56006721,6.56006721,yes,CLEANED:0,BCC_SQS,Nb12W4
Nb12Y4,OK,0,0,0,static_OUTCAR,-142.9177613600,-142.9176129300,bcc,2.0,16,325.21051594,3.43841425,3.43841425,6.87682850,6.87682850,6.87682850,yes,CLEANED:0,BCC_SQS,Nb12Y4
Nb12Zn4,OK,0,0,0,static_OUTCAR,-124.5327358600,-124.5341669800,bcc,2.0,16,282.03024990,3.27895333,3.27895333,6.55790666,6.55790666,6.55790666,yes,CLEANED:0,BCC_SQS,Nb12Zn4
Nb12Zr4,OK,0,0,0,static_OUTCAR,-154.2995627200,-154.3013304900,bcc,2.0,16,308.13795976,3.37716079,3.37716079,6.75432158,6.75432158,6.75432158,yes,CLEANED:0,BCC_SQS,Nb12Zr4
Nb4Ni12,OK,0,0,0,static_OUTCAR,-106.9325776000,-106.9318357000,bcc,2.0,16,205.52067079,2.95067815,2.95067815,5.90135630,5.90135630,5.90135630,yes,CLEANED:0,BCC_SQS,Nb4Ni12
Nb4Os12,OK,0,0,0,static_OUTCAR,-171.0392431900,-171.0382179500,bcc,2.0,16,238.79200000,3.10201049,3.10201049,6.20402098,6.20402098,6.20402098,yes,CLEANED:0,BCC_SQS,Nb4Os12
Nb4Pb12,OK,0,0,0,static_OUTCAR,-77.4824244100,-77.4832569600,bcc,2.0,16,440.63200000,3.80477240,3.80477240,7.60954479,7.60954479,7.60954479,yes,CLEANED:0,BCC_SQS,Nb4Pb12
Nb4Pd12,OK,0,0,0,static_OUTCAR,-106.2764108900,-106.2758192800,bcc,2.0,16,257.23315618,3.17989163,3.17989163,6.35978326,6.35978326,6.35978326,yes,CLEANED:0,BCC_SQS,Nb4Pd12
Nb4Pt12,OK,0,0,0,static_OUTCAR,-118.9203819800,-118.9197049900,bcc,2.0,16,262.11221852,3.19987068,3.19987068,6.39974135,6.39974135,6.39974135,yes,CLEANED:0,BCC_SQS,Nb4Pt12
Nb4Re12,OK,0,0,0,static_OUTCAR,-187.8273119200,-187.8286078700,bcc,2.0,16,252.79665138,3.16150430,3.16150430,6.32300860,6.32300860,6.32300860,yes,CLEANED:0,BCC_SQS,Nb4Re12
Nb4Rh12,OK,0,0,0,static_OUTCAR,-129.8691423400,-129.8685510700,bcc,2.0,16,244.88304292,3.12816444,3.12816444,6.25632889,6.25632889,6.25632889,yes,CLEANED:0,BCC_SQS,Nb4Rh12
Nb4Ru12,OK,0,0,0,static_OUTCAR,-149.2638667400,-149.2631904100,bcc,2.0,16,242.07984203,3.11618247,3.11618247,6.23236494,6.23236494,6.23236494,yes,CLEANED:0,BCC_SQS,Nb4Ru12
Nb4Sc12,OK,0,0,0,static_OUTCAR,-113.5180707900,-113.5181452800,bcc,2.0,16,354.87531363,3.53993484,3.53993484,7.07986967,7.07986967,7.07986967,yes,CLEANED:0,BCC_SQS,Nb4Sc12
Nb4Si12,OK,0,0,0,static_OUTCAR,-103.7361778400,-103.7344989400,bcc,2.0,16,245.03509454,3.12881175,3.12881175,6.25762350,6.25762350,6.25762350,yes,CLEANED:0,BCC_SQS,Nb4Si12
Nb4Sn12,OK,0,0,0,static_OUTCAR,-83.0077737500,-83.0098620900,bcc,2.0,16,375.42028467,3.60697043,3.60697043,7.21394087,7.21394087,7.21394087,yes,CLEANED:0,BCC_SQS,Nb4Sn12
Nb4Ta12,OK,0,0,0,static_OUTCAR,-182.1188289400,-182.1170561800,bcc,2.0,16,292.54906574,3.31922156,3.31922156,6.63844312,6.63844312,6.63844312,yes,CLEANED:0,BCC_SQS,Nb4Ta12
Nb4Tb12,OK,0,0,0,static_OUTCAR,-91.6966855000,-91.6986004800,bcc,2.0,16,428.90672278,3.77072004,3.77072004,7.54144008,7.54144008,7.54144008,yes,CLEANED:0,BCC_SQS,Nb4Tb12
Nb4Ti12,OK,0,0,0,static_OUTCAR,-133.0483945200,-133.0471442300,bcc,2.0,16,278.20628264,3.26406638,3.26406638,6.52813276,6.52813276,6.52813276,yes,CLEANED:0,BCC_SQS,Nb4Ti12
Nb4V12,OK,0,0,0,static_OUTCAR,-147.3772749400,-147.3789040700,bcc,2.0,16,236.77297345,3.09324306,3.09324306,6.18648612,6.18648612,6.18648612,yes,CLEANED:0,BCC_SQS,Nb4V12
Nb4W12,OK,0,0,0,static_OUTCAR,-196.5162847600,-196.5180938600,bcc,2.0,16,265.70867525,3.21443945,3.21443945,6.42887889,6.42887889,6.42887889,no,CLEANED:0,BCC_SQS,Nb4W12
Nb4Y12,OK,0,0,0,static_OUTCAR,-114.2890609300,-114.2876880500,bcc,2.0,16,439.14934878,3.80050013,3.80050013,7.60100027,7.60100027,7.60100027,yes,CLEANED:0,BCC_SQS,Nb4Y12
Nb4Zn12,OK,0,0,0,static_OUTCAR,-52.9702230200,-52.9705951200,bcc,2.0,16,255.55240096,3.17295071,3.17295071,6.34590143,6.34590143,6.34590143,yes,CLEANED:0,BCC_SQS,Nb4Zn12
Nb4Zr12,OK,0,0,0,static_OUTCAR,-141.5199805600,-141.5196066900,bcc,2.0,16,343.58819922,3.50199954,3.50199954,7.00399907,7.00399907,7.00399907,yes,CLEANED:0,BCC_SQS,Nb4Zr12
Nb8Nb8,OK,0,0,0,static_OUTCAR,-161.4890260600,-161.4834073900,bcc,2.0,16,292.53182391,3.31915635,3.31915635,6.63831270,6.63831270,6.63831270,yes,CLEANED:0,BCC_SQS,Nb8Nb8
Nb8Ni8,OK,0,0,0,static_OUTCAR,-125.3948445500,-125.3959985300,bcc,2.0,16,237.12235562,3.09476377,3.09476377,6.18952755,6.18952755,6.18952755,yes,CLEANED:0,BCC_SQS,Nb8Ni8
Nb8Os8,OK,0,0,0,static_OUTCAR,-170.7643922000,-170.7649113200,bcc,2.0,16,260.54498184,3.19348030,3.19348030,6.38696061,6.38696061,6.38696061,yes,CLEANED:0,BCC_SQS,Nb8Os8
Nb8Pb8,OK,0,0,0,static_OUTCAR,-102.6491894500,-102.6487746500,bcc,2.0,16,360.56622906,3.55875716,3.55875716,7.11751432,7.11751432,7.11751432,yes,CLEANED:0,BCC_SQS,Nb8Pb8
Nb8Pd8,OK,0,0,0,static_OUTCAR,-125.3268087600,-125.3254569700,bcc,2.0,16,270.68800000,3.23439462,3.23439462,6.46878923,6.46878923,6.46878923,yes,CLEANED:0,BCC_SQS,Nb8Pd8
Nb8Pt8,OK,0,0,0,static_OUTCAR,-135.9922458400,-135.9933094400,bcc,2.0,16,271.44218411,3.23739569,3.23739569,6.47479139,6.47479139,6.47479139,yes,CLEANED:0,BCC_SQS,Nb8Pt8
Nb8Re8,OK,0,0,0,static_OUTCAR,-181.8691669500,-181.8695718900,bcc,2.0,16,264.02715873,3.20764432,3.20764432,6.41528863,6.41528863,6.41528863,yes,CLEANED:0,BCC_SQS,Nb8Re8
Nb8Rh8,OK,0,0,0,static_OUTCAR,-143.1191888500,-143.1188284600,bcc,2.0,16,259.83051030,3.19055856,3.19055856,6.38111711,6.38111711,6.38111711,yes,CLEANED:0,BCC_SQS,Nb8Rh8
Nb8Ru8,OK,0,0,0,static_OUTCAR,-155.1533087800,-155.1529875900,bcc,2.0,16,257.23665629,3.17990605,3.17990605,6.35981211,6.35981211,6.35981211,yes,CLEANED:0,BCC_SQS,Nb8Ru8
Nb8Sc8,OK,0,0,0,static_OUTCAR,-128.5399486800,-128.5369186400,bcc,2.0,16,345.91200000,3.50987686,3.50987686,7.01975373,7.01975373,7.01975373,yes,CLEANED:0,BCC_SQS,Nb8Sc8
Nb8Si8,OK,0,0,0,static_OUTCAR,-127.3989777800,-127.3981801600,bcc,2.0,16,258.12334125,3.18355554,3.18355554,6.36711107,6.36711107,6.36711107,yes,CLEANED:0,BCC_SQS,Nb8Si8
Nb8Sn8,OK,0,0,0,static_OUTCAR,-109.3438689400,-109.3437694900,bcc,2.0,16,330.16098810,3.45577339,3.45577339,6.91154678,6.91154678,6.91154678,yes,CLEANED:0,BCC_SQS,Nb8Sn8
Nb8Ta8,OK,0,0,0,static_OUTCAR,-175.2067368800,-175.2099117000,bcc,2.0,16,292.23199999,3.31802200,3.31802200,6.63604400,6.63604400,6.63604400,yes,CLEANED:0,BCC_SQS,Nb8Ta8
Nb8Tb8,OK,0,0,0,static_OUTCAR,-112.6249779000,-112.6255008400,bcc,2.0,16,366.14652511,3.57702226,3.57702226,7.15404453,7.15404453,7.15404453,yes,CLEANED:0,BCC_SQS,Nb8Tb8
Nb8Ti8,OK,0,0,0,static_OUTCAR,-142.5580360500,-142.5575328300,bcc,2.0,16,282.96821896,3.28258433,3.28258433,6.56516865,6.56516865,6.56516865,yes,CLEANED:0,BCC_SQS,Nb8Ti8
Nb8V8,OK,0,0,0,static_OUTCAR,-151.4924252600,-151.4937697600,bcc,2.0,16,253.16000000,3.16301827,3.16301827,6.32603653,6.32603653,6.32603653,yes,CLEANED:0,BCC_SQS,Nb8V8
Nb8W8,OK,0,0,0,static_OUTCAR,-185.0161027800,-185.0144968000,bcc,2.0,16,272.59784621,3.24198358,3.24198358,6.48396716,6.48396716,6.48396716,yes,CLEANED:0,BCC_SQS,Nb8W8
Nb8Y8,OK,0,0,0,static_OUTCAR,-127.6451739100,-127.6455862900,bcc,2.0,16,368.72169628,3.58538862,3.58538862,7.17077723,7.17077723,7.17077723,yes,CLEANED:0,BCC_SQS,Nb8Y8
Nb8Zn8,OK,0,0,0,static_OUTCAR,-88.9825272700,-88.9838019000,bcc,2.0,16,268.34522225,3.22503644,3.22503644,6.45007289,6.45007289,6.45007289,yes,CLEANED:0,BCC_SQS,Nb8Zn8
Nb8Zr8,OK,0,0,0,static_OUTCAR,-147.6478228800,-147.6505520700,bcc,2.0,16,325.49049760,3.43940070,3.43940070,6.87880141,6.87880141,6.87880141,yes,CLEANED:0,BCC_SQS,Nb8Zr8
Ni12Os4,OK,0,0,0,static_OUTCAR,-108.0035192300,-108.0018737300,bcc,2.0,16,191.16813948,2.88032731,2.88032731,5.76065462,5.76065462,5.76065462,yes,CLEANED:0,BCC_SQS,Ni12Os4
Ni12Pb4,OK,0,0,0,static_OUTCAR,-74.7917722000,-74.7919175700,bcc,2.0,16,220.55179909,3.02092683,3.02092683,6.04185365,6.04185365,6.04185365,no,CLEANED:0,BCC_SQS,Ni12Pb4
Ni12Pd4,OK,0,0,0,static_OUTCAR,-85.0262541300,-85.0225791800,bcc,2.0,16,195.45398773,2.90169336,2.90169336,5.80338672,5.80338672,5.80338672,yes,CLEANED:0,BCC_SQS,Ni12Pd4
Ni12Pt4,OK,0,0,0,static_OUTCAR,-89.3489770100,-89.3458432100,bcc,2.0,16,197.02566690,2.90945028,2.90945028,5.81890056,5.81890056,5.81890056,yes,CLEANED:0,BCC_SQS,Ni12Pt4
Ni12Re4,OK,0,0,0,static_OUTCAR,-114.2166758800,-114.2178008900,bcc,2.0,16,192.50892790,2.88704551,2.88704551,5.77409101,5.77409101,5.77409101,yes,CLEANED:0,BCC_SQS,Ni12Re4
Ni12Rh4,OK,0,0,0,static_OUTCAR,-92.6461164800,-92.6433778900,bcc,2.0,16,186.33600000,2.85585132,2.85585132,5.71170264,5.71170264,5.71170264,yes,CLEANED:0,BCC_SQS,Ni12Rh4
Ni12Ru4,OK,0,0,0,static_OUTCAR,-99.6297883000,-99.6289880500,bcc,2.0,16,188.87294643,2.86875365,2.86875365,5.73750731,5.73750731,5.73750731,yes,CLEANED:0,BCC_SQS,Ni12Ru4
Ni12Sc4,OK,0,0,0,static_OUTCAR,-93.5342183600,-93.5337142200,bcc,2.0,16,206.62565172,2.95595680,2.95595680,5.91191361,5.91191361,5.91191361,yes,CLEANED:0,BCC_SQS,Ni12Sc4
Ni12Si4,OK,0,0,0,static_OUTCAR,-91.8566771700,-91.8567442300,bcc,2.0,16,175.12016661,2.79736235,2.79736235,5.59472469,5.59472469,5.59472469,yes,CLEANED:0,BCC_SQS,Ni12Si4
Ni12Sn4,OK,0,0,0,static_OUTCAR,-80.3966338500,-80.3974736500,bcc,2.0,16,216.80176134,3.00370727,3.00370727,6.00741455,6.00741455,6.00741455,yes,CLEANED:0,BCC_SQS,Ni12Sn4
Ni12Ta4,OK,0,0,0,static_OUTCAR,-114.6421916200,-114.6436586400,bcc,2.0,16,205.19209777,2.94910486,2.94910486,5.89820972,5.89820972,5.89820972,yes,CLEANED:0,BCC_SQS,Ni12Ta4
Ni12Tb4,OK,0,0,0,static_OUTCAR,-84.6098516800,-84.6105026900,bcc,2.0,16,231.85641109,3.07168286,3.07168286,6.14336572,6.14336572,6.14336572,yes,CLEANED:0,BCC_SQS,Ni12Tb4
Ni12Ti4,OK,0,0,0,static_OUTCAR,-100.4568111300,-100.4569362900,bcc,2.0,16,191.62522862,2.88262113,2.88262113,5.76524227,5.76524227,5.76524227,yes,CLEANED:0,BCC_SQS,Ni12Ti4
Ni12V4,OK,0,0,0,static_OUTCAR,-102.8593396100,-102.8601757600,bcc,2.0,16,181.78956321,2.83243305,2.83243305,5.66486610,5.66486610,5.66486610,yes,CLEANED:0,BCC_SQS,Ni12V4
Ni12W4,OK,0,0,0,static_OUTCAR,-116.6547404600,-116.6559705600,bcc,2.0,16,197.51821988,2.91187275,2.91187275,5.82374550,5.82374550,5.82374550,yes,CLEANED:0,BCC_SQS,Ni12W4
Ni12Y4,OK,0,0,0,static_OUTCAR,-91.9646436300,-91.9644333100,bcc,2.0,16,231.14284070,3.06852844,3.06852844,6.13705688,6.13705688,6.13705688,yes,CLEANED:0,BCC_SQS,Ni12Y4
Ni12Zn4,OK,0,0,0,static_OUTCAR,-70.8584189600,-70.8580864600,bcc,2.0,16,182.38435948,2.83551883,2.83551883,5.67103765,5.67103765,5.67103765,yes,CLEANED:0,BCC_SQS,Ni12Zn4
Ni12Zr4,OK,0,0,0,static_OUTCAR,-102.3785882700,-102.3783287800,bcc,2.0,16,215.99877418,2.99999432,2.99999432,5.99998865,5.99998865,5.99998865,yes,CLEANED:0,BCC_SQS,Ni12Zr4
Ni4Os12,OK,0,0,0,static_OUTCAR,-150.9172066600,-150.9149109200,bcc,2.0,16,223.71327138,3.03529277,3.03529277,6.07058554,6.07058554,6.07058554,yes,CLEANED:0,BCC_SQS,Ni4Os12
Ni4Pb12,OK,0,0,0,static_OUTCAR,-58.7082506800,-58.7085766500,bcc,2.0,16,353.66146350,3.53589411,3.53589411,7.07178822,7.07178822,7.07178822,no,CLEANED:0,BCC_SQS,Ni4Pb12
Ni4Pd12,OK,0,0,0,static_OUTCAR,-83.2630139300,-83.2632525100,bcc,2.0,16,232.38576722,3.07401876,3.07401876,6.14803751,6.14803751,6.14803751,yes,CLEANED:0,BCC_SQS,Ni4Pd12
Ni4Pt12,OK,0,0,0,static_OUTCAR,-93.9233338000,-93.9211281600,bcc,2.0,16,236.90213867,3.09380544,3.09380544,6.18761087,6.18761087,6.18761087,yes,CLEANED:0,BCC_SQS,Ni4Pt12
Ni4Re12,OK,0,0,0,static_OUTCAR,-168.6368179700,-168.6350909200,bcc,2.0,16,228.26102922,3.05572261,3.05572261,6.11144523,6.11144523,6.11144523,yes,CLEANED:0,BCC_SQS,Ni4Re12
Ni4Rh12,OK,0,0,0,static_OUTCAR,-105.8101648100,-105.8125539600,bcc,2.0,16,219.12019623,3.01437635,3.01437635,6.02875270,6.02875270,6.02875270,yes,CLEANED:0,BCC_SQS,Ni4Rh12
Ni4Ru12,OK,0,0,0,static_OUTCAR,-126.4636281300,-126.4638599700,bcc,2.0,16,216.35908882,3.00166153,3.00166153,6.00332306,6.00332306,6.00332306,yes,CLEANED:0,BCC_SQS,Ni4Ru12
Ni4Sc12,OK,0,0,0,static_OUTCAR,-98.4050580100,-98.4051620000,bcc,2.0,16,319.62602859,3.41861912,3.41861912,6.83723824,6.83723824,6.83723824,yes,CLEANED:0,BCC_SQS,Ni4Sc12
Ni4Si12,OK,0,0,0,static_OUTCAR,-84.3107237400,-84.3105456800,bcc,2.0,16,210.41907071,2.97393659,2.97393659,5.94787317,5.94787317,5.94787317,yes,CLEANED:0,BCC_SQS,Ni4Si12
Ni4Sn12,OK,0,0,0,static_OUTCAR,-66.0358775900,-66.0334573400,bcc,2.0,16,366.33524586,3.57763672,3.57763672,7.15527344,7.15527344,7.15527344,yes,CLEANED:0,BCC_SQS,Ni4Sn12
Ni4Ta12,OK,0,0,0,static_OUTCAR,-163.8234451600,-163.8227685600,bcc,2.0,16,266.18010473,3.21633938,3.21633938,6.43267876,6.43267876,6.43267876,yes,CLEANED:0,BCC_SQS,Ni4Ta12
Ni4Tb12,OK,0,0,0,static_OUTCAR,-77.2161871400,-77.2147613600,bcc,2.0,16,408.54020214,3.71006573,3.71006573,7.42013146,7.42013146,7.42013146,yes,CLEANED:0,BCC_SQS,Ni4Tb12
Ni4Ti12,OK,0,0,0,static_OUTCAR,-117.6351103900,-117.6338022100,bcc,2.0,16,242.21414515,3.11675864,3.11675864,6.23351727,6.23351727,6.23351727,yes,CLEANED:0,BCC_SQS,Ni4Ti12
Ni4V12,OK,0,0,0,static_OUTCAR,-131.1194383800,-131.1190382000,bcc,2.0,16,203.24120283,2.93972873,2.93972873,5.87945746,5.87945746,5.87945746,yes,CLEANED:0,BCC_SQS,Ni4V12
Ni4W12,OK,0,0,0,static_OUTCAR,-174.5281363100,-174.5278682100,bcc,2.0,16,241.83822587,3.11514539,3.11514539,6.23029077,6.23029077,6.23029077,yes,CLEANED:0,BCC_SQS,Ni4W12
Ni4Y12,OK,0,0,0,static_OUTCAR,-99.6003472300,-99.6011523100,bcc,2.0,16,414.35965859,3.72759877,3.72759877,7.45519754,7.45519754,7.45519754,yes,CLEANED:0,BCC_SQS,Ni4Y12
Ni4Zn12,OK,0,0,0,static_OUTCAR,-36.6602259000,-36.6617495600,bcc,2.0,16,212.19416728,2.98227590,2.98227590,5.96455179,5.96455179,5.96455179,yes,CLEANED:0,BCC_SQS,Ni4Zn12
Ni4Zr12,OK,0,0,0,static_OUTCAR,-125.4086975900,-125.4081891400,bcc,2.0,16,314.59498266,3.40058735,3.40058735,6.80117470,6.80117470,6.80117470,yes,CLEANED:0,BCC_SQS,Ni4Zr12
Ni8Ni8,OK,0,0,0,static_OUTCAR,-86.3170748600,-86.3136777400,bcc,2.0,16,173.45327859,2.78845844,2.78845844,5.57691687,5.57691687,5.57691687,yes,CLEANED:0,BCC_SQS,Ni8Ni8
Ni8Os8,OK,0,0,0,static_OUTCAR,-130.0744991800,-130.0739062700,bcc,2.0,16,207.91931884,2.96211298,2.96211298,5.92422596,5.92422596,5.92422596,yes,CLEANED:0,BCC_SQS,Ni8Os8
Ni8Pd8,OK,0,0,0,static_OUTCAR,-84.0566904800,-84.0553104400,bcc,2.0,16,214.53787801,2.99321559,2.99321559,5.98643117,5.98643117,5.98643117,yes,CLEANED:0,BCC_SQS,Ni8Pd8
Ni8Pt8,OK,0,0,0,static_OUTCAR,-91.9059303600,-91.9049468100,bcc,2.0,16,218.30141156,3.01061706,3.01061706,6.02123413,6.02123413,6.02123413,no,CLEANED:0,BCC_SQS,Ni8Pt8
Ni8Re8,OK,0,0,0,static_OUTCAR,-141.6377567900,-141.6374084600,bcc,2.0,16,211.16252013,2.97743496,2.97743496,5.95486992,5.95486992,5.95486992,yes,CLEANED:0,BCC_SQS,Ni8Re8
Ni8Rh8,OK,0,0,0,static_OUTCAR,-99.6153337500,-99.6154043000,bcc,2.0,16,204.63403754,2.94642888,2.94642888,5.89285775,5.89285775,5.89285775,yes,CLEANED:0,BCC_SQS,Ni8Rh8
Ni8Ru8,OK,0,0,0,static_OUTCAR,-114.5245404600,-114.5238193600,bcc,2.0,16,202.48828084,2.93609409,2.93609409,5.87218818,5.87218818,5.87218818,yes,CLEANED:0,BCC_SQS,Ni8Ru8
Ni8Sc8,OK,0,0,0,static_OUTCAR,-96.6537435400,-96.6539717700,bcc,2.0,16,255.60976062,3.17318809,3.17318809,6.34637618,6.34637618,6.34637618,yes,CLEANED:0,BCC_SQS,Ni8Sc8
Ni8Si8,OK,0,0,0,static_OUTCAR,-90.5495033600,-90.5496150100,bcc,2.0,16,188.10640720,2.86486746,2.86486746,5.72973491,5.72973491,5.72973491,yes,CLEANED:0,BCC_SQS,Ni8Si8
Ni8Sn8,OK,0,0,0,static_OUTCAR,-72.4029555000,-72.4021097200,bcc,2.0,16,283.59959889,3.28502396,3.28502396,6.57004792,6.57004792,6.57004792,no,CLEANED:0,BCC_SQS,Ni8Sn8
Ni8Ta8,OK,0,0,0,static_OUTCAR,-138.7723238500,-138.7712618600,bcc,2.0,16,237.05411532,3.09446687,3.09446687,6.18893374,6.18893374,6.18893374,yes,CLEANED:0,BCC_SQS,Ni8Ta8
Ni8Tb8,OK,0,0,0,static_OUTCAR,-80.8179306700,-80.8186670700,bcc,2.0,16,312.03933438,3.39135395,3.39135395,6.78270790,6.78270790,6.78270790,yes,CLEANED:0,BCC_SQS,Ni8Tb8
Ni8Ti8,OK,0,0,0,static_OUTCAR,-109.3714193800,-109.3707963000,bcc,2.0,16,215.41817658,2.99730395,2.99730395,5.99460790,5.99460790,5.99460790,yes,CLEANED:0,BCC_SQS,Ni8Ti8
Ni8V8,OK,0,0,0,static_OUTCAR,-116.8991125300,-116.8994953100,bcc,2.0,16,192.61168113,2.88755908,2.88755908,5.77511815,5.77511815,5.77511815,yes,CLEANED:0,BCC_SQS,Ni8V8
Ni8W8,OK,0,0,0,static_OUTCAR,-145.0392096500,-145.0385892700,bcc,2.0,16,220.55923097,3.02096076,3.02096076,6.04192152,6.04192152,6.04192152,yes,CLEANED:0,BCC_SQS,Ni8W8
Ni8Y8,OK,0,0,0,static_OUTCAR,-95.6592320700,-95.6600022600,bcc,2.0,16,313.12799991,3.39529337,3.39529337,6.79058674,6.79058674,6.79058674,yes,CLEANED:0,BCC_SQS,Ni8Y8
Ni8Zn8,OK,0,0,0,static_OUTCAR,-54.5527790400,-54.5522541700,bcc,2.0,16,194.96269818,2.89926011,2.89926011,5.79852021,5.79852021,5.79852021,yes,CLEANED:0,BCC_SQS,Ni8Zn8
Ni8Zr8,OK,0,0,0,static_OUTCAR,-113.7342292700,-113.7348149800,bcc,2.0,16,264.61486347,3.21002255,3.21002255,6.42004509,6.42004509,6.42004509,yes,CLEANED:0,BCC_SQS,Ni8Zr8
Os12Pd4,OK,0,0,0,static_OUTCAR,-147.6306144300,-147.6307122000,bcc,2.0,16,238.00653046,3.09860556,3.09860556,6.19721112,6.19721112,6.19721112,yes,CLEANED:0,BCC_SQS,Os12Pd4
Os12Pt4,OK,0,0,0,static_OUTCAR,-151.3407797700,-151.3407256500,bcc,2.0,16,241.36150809,3.11309716,3.11309716,6.22619431,6.22619431,6.22619431,yes,CLEANED:0,BCC_SQS,Os12Pt4
Os12Re4,OK,0,0,0,static_OUTCAR,-178.2637861300,-178.2663789800,bcc,2.0,16,239.10037568,3.10334523,3.10334523,6.20669045,6.20669045,6.20669045,yes,CLEANED:0,BCC_SQS,Os12Re4
Os12Rh4,OK,0,0,0,static_OUTCAR,-157.0131324100,-157.0140154900,bcc,2.0,16,235.43847449,3.08742073,3.08742073,6.17484146,6.17484146,6.17484146,yes,CLEANED:0,BCC_SQS,Os12Rh4
Os12Ru4,OK,0,0,0,static_OUTCAR,-164.5604266800,-164.5625987600,bcc,2.0,16,235.14180724,3.08612341,3.08612341,6.17224681,6.17224681,6.17224681,yes,CLEANED:0,BCC_SQS,Os12Ru4
Os12Sc4,OK,0,0,0,static_OUTCAR,-156.6479183800,-156.6505823700,bcc,2.0,16,248.20726092,3.14225552,3.14225552,6.28451105,6.28451105,6.28451105,yes,CLEANED:0,BCC_SQS,Os12Sc4
Os12Si4,OK,0,0,0,static_OUTCAR,-152.7032879300,-152.7030588800,bcc,2.0,16,230.35438256,3.06503542,3.06503542,6.13007084,6.13007084,6.13007084,yes,CLEANED:0,BCC_SQS,Os12Si4
Os12Sn4,OK,0,0,0,static_OUTCAR,-139.1230256200,-139.1244649200,bcc,2.0,16,257.60120807,3.18140752,3.18140752,6.36281503,6.36281503,6.36281503,yes,CLEANED:0,BCC_SQS,Os12Sn4
Os12Ta4,OK,0,0,0,static_OUTCAR,-179.0815238700,-179.0807731300,bcc,2.0,16,248.20433806,3.14224319,3.14224319,6.28448638,6.28448638,6.28448638,yes,CLEANED:0,BCC_SQS,Os12Ta4
Os12Tb4,OK,0,0,0,static_OUTCAR,-145.5311229700,-145.5330820500,bcc,2.0,16,268.02569376,3.22375588,3.22375588,6.44751176,6.44751176,6.44751176,yes,CLEANED:0,BCC_SQS,Os12Tb4
Os12Ti4,OK,0,0,0,static_OUTCAR,-165.1806121000,-165.1800056400,bcc,2.0,16,238.10528595,3.09903406,3.09903406,6.19806813,6.19806813,6.19806813,yes,CLEANED:0,BCC_SQS,Os12Ti4
Os12V4,OK,0,0,0,static_OUTCAR,-168.5679985300,-168.5683606100,bcc,2.0,16,231.13183869,3.06847976,3.06847976,6.13695951,6.13695951,6.13695951,yes,CLEANED:0,BCC_SQS,Os12V4
Os12W4,OK,0,0,0,static_OUTCAR,-181.2407930800,-181.2398859300,bcc,2.0,16,242.57785482,3.11831790,3.11831790,6.23663581,6.23663581,6.23663581,yes,CLEANED:0,BCC_SQS,Os12W4
Os12Y4,OK,0,0,0,static_OUTCAR,-153.1793415200,-153.1806176000,bcc,2.0,16,266.64166591,3.21819737,3.21819737,6.43639474,6.43639474,6.43639474,yes,CLEANED:0,BCC_SQS,Os12Y4
Os12Zn4,OK,0,0,0,static_OUTCAR,-132.4897135200,-132.4889128700,bcc,2.0,16,232.53494706,3.07467640,3.07467640,6.14935280,6.14935280,6.14935280,yes,CLEANED:0,BCC_SQS,Os12Zn4
Os12Zr4,OK,0,0,0,static_OUTCAR,-165.6723555700,-165.6730044500,bcc,2.0,16,256.63703293,3.17743333,3.17743333,6.35486665,6.35486665,6.35486665,yes,CLEANED:0,BCC_SQS,Os12Zr4
Os4Pb12,OK,0,0,0,static_OUTCAR,-78.2365642600,-78.2364401600,bcc,2.0,16,404.19698222,3.69687154,3.69687154,7.39374308,7.39374308,7.39374308,no,CLEANED:0,BCC_SQS,Os4Pb12
Os4Pd12,OK,0,0,0,static_OUTCAR,-103.3281062500,-103.3282388400,bcc,2.0,16,241.57145600,3.11399953,3.11399953,6.22799907,6.22799907,6.22799907,yes,CLEANED:0,BCC_SQS,Os4Pd12
Os4Pt12,OK,0,0,0,static_OUTCAR,-113.0849958800,-113.0841058600,bcc,2.0,16,237.73200000,3.09741373,3.09741373,6.19482746,6.19482746,6.19482746,yes,CLEANED:0,BCC_SQS,Os4Pt12
Os4Re12,OK,0,0,0,static_OUTCAR,-190.3956788800,-190.3981083600,bcc,2.0,16,241.63697852,3.11428105,3.11428105,6.22856210,6.22856210,6.22856210,yes,CLEANED:0,BCC_SQS,Os4Re12
Os4Rh12,OK,0,0,0,static_OUTCAR,-127.4488681900,-127.4502220000,bcc,2.0,16,232.00331422,3.07233146,3.07233146,6.14466291,6.14466291,6.14466291,yes,CLEANED:0,BCC_SQS,Os4Rh12
Os4Ru12,OK,0,0,0,static_OUTCAR,-149.9063853900,-149.9082591700,bcc,2.0,16,229.92332916,3.06312240,3.06312240,6.12624479,6.12624479,6.12624479,yes,CLEANED:0,BCC_SQS,Os4Ru12
Os4Sc12,OK,0,0,0,static_OUTCAR,-121.4620837100,-121.4596937800,bcc,2.0,16,311.09614339,3.38793352,3.38793352,6.77586705,6.77586705,6.77586705,yes,CLEANED:0,BCC_SQS,Os4Sc12
Os4Si12,OK,0,0,0,static_OUTCAR,-107.2301099500,-107.2284279000,bcc,2.0,16,225.82070828,3.04479408,3.04479408,6.08958815,6.08958815,6.08958815,yes,CLEANED:0,BCC_SQS,Os4Si12
Os4Sn12,OK,0,0,0,static_OUTCAR,-84.1626947600,-84.1619771200,bcc,2.0,16,351.67375875,3.52925733,3.52925733,7.05851466,7.05851466,7.05851466,yes,CLEANED:0,BCC_SQS,Os4Sn12
Os4Ta12,OK,0,0,0,static_OUTCAR,-190.0699062400,-190.0703673300,bcc,2.0,16,273.21432391,3.24442565,3.24442565,6.48885129,6.48885129,6.48885129,yes,CLEANED:0,BCC_SQS,Os4Ta12
Os4Tb12,OK,0,0,0,static_OUTCAR,-97.5324351800,-97.5310980400,bcc,2.0,16,382.74316745,3.63027189,3.63027189,7.26054379,7.26054379,7.26054379,yes,CLEANED:0,BCC_SQS,Os4Tb12
Os4Ti12,OK,0,0,0,static_OUTCAR,-142.7990250500,-142.7974268400,bcc,2.0,16,250.84851067,3.15336212,3.15336212,6.30672424,6.30672424,6.30672424,yes,CLEANED:0,BCC_SQS,Os4Ti12
Os4V12,OK,0,0,0,static_OUTCAR,-157.3761694300,-157.3753949400,bcc,2.0,16,217.35959635,3.00628127,3.00628127,6.01256253,6.01256253,6.01256253,yes,CLEANED:0,BCC_SQS,Os4V12
Os4W12,OK,0,0,0,static_OUTCAR,-197.5296039000,-197.5300223700,bcc,2.0,16,246.62400001,3.13556001,3.13556001,6.27112002,6.27112002,6.27112002,yes,CLEANED:0,BCC_SQS,Os4W12
Os4Y12,OK,0,0,0,static_OUTCAR,-120.0366498800,-120.0382918300,bcc,2.0,16,386.14296739,3.64098912,3.64098912,7.28197824,7.28197824,7.28197824,yes,CLEANED:0,BCC_SQS,Os4Y12
Os4Zn12,OK,0,0,0,static_OUTCAR,-55.1745854500,-55.1735745800,bcc,2.0,16,229.58081913,3.06160063,3.06160063,6.12320125,6.12320125,6.12320125,yes,CLEANED:0,BCC_SQS,Os4Zn12
Os4Zr12,OK,0,0,0,static_OUTCAR,-149.1583244800,-149.1579926300,bcc,2.0,16,312.93716061,3.39460347,3.39460347,6.78920693,6.78920693,6.78920693,yes,CLEANED:0,BCC_SQS,Os4Zr12
Os8Os8,OK,0,0,0,static_OUTCAR,-165.5075626700,-165.5116137600,bcc,2.0,16,237.98912147,3.09853001,3.09853001,6.19706001,6.19706001,6.19706001,yes,CLEANED:0,BCC_SQS,Os8Os8
Os8Pd8,OK,0,0,0,static_OUTCAR,-125.2157786700,-125.2158446700,bcc,2.0,16,239.07172723,3.10322128,3.10322128,6.20644255,6.20644255,6.20644255,yes,CLEANED:0,BCC_SQS,Os8Pd8
Os8Pt8,OK,0,0,0,static_OUTCAR,-133.3653991900,-133.3654515800,bcc,2.0,16,245.02278720,3.12875937,3.12875937,6.25751874,6.25751874,6.25751874,yes,CLEANED:0,BCC_SQS,Os8Pt8
Os8Re8,OK,0,0,0,static_OUTCAR,-185.4418065100,-185.4410199000,bcc,2.0,16,240.39905492,3.10895371,3.10895371,6.21790743,6.21790743,6.21790743,yes,CLEANED:0,BCC_SQS,Os8Re8
Os8Rh8,OK,0,0,0,static_OUTCAR,-143.6160210900,-143.6154045000,bcc,2.0,16,233.55804381,3.07917908,3.07917908,6.15835816,6.15835816,6.15835816,yes,CLEANED:0,BCC_SQS,Os8Rh8
Os8Ru8,OK,0,0,0,static_OUTCAR,-159.1130725700,-159.1135904600,bcc,2.0,16,232.47404451,3.07440795,3.07440795,6.14881590,6.14881590,6.14881590,yes,CLEANED:0,BCC_SQS,Os8Ru8
Os8Sc8,OK,0,0,0,static_OUTCAR,-141.1606163600,-141.1620146700,bcc,2.0,16,267.40263927,3.22125595,3.22125595,6.44251191,6.44251191,6.44251191,yes,CLEANED:0,BCC_SQS,Os8Sc8
Os8Si8,OK,0,0,0,static_OUTCAR,-131.7890138100,-131.7893946400,bcc,2.0,16,223.91957162,3.03622549,3.03622549,6.07245099,6.07245099,6.07245099,yes,CLEANED:0,BCC_SQS,Os8Si8
Os8Sn8,OK,0,0,0,static_OUTCAR,-109.5243409800,-109.5247387500,bcc,2.0,16,291.25536267,3.31432160,3.31432160,6.62864321,6.62864321,6.62864321,yes,CLEANED:0,BCC_SQS,Os8Sn8
Os8Ta8,OK,0,0,0,static_OUTCAR,-185.1657681400,-185.1661656300,bcc,2.0,16,259.74281003,3.19019955,3.19019955,6.38039910,6.38039910,6.38039910,yes,CLEANED:0,BCC_SQS,Os8Ta8
Os8Tb8,OK,0,0,0,static_OUTCAR,-122.8455688400,-122.8445042600,bcc,2.0,16,370.23200000,3.59027726,3.59027726,7.18055453,7.18055453,7.18055453,no,CLEANED:0,BCC_SQS,Os8Tb8
Os8Ti8,OK,0,0,0,static_OUTCAR,-157.3132170100,-157.3126713000,bcc,2.0,16,240.05262118,3.10745958,3.10745958,6.21491916,6.21491916,6.21491916,yes,CLEANED:0,BCC_SQS,Os8Ti8
Os8V8,OK,0,0,0,static_OUTCAR,-163.7431186200,-163.7442942500,bcc,2.0,16,223.93365446,3.03628914,3.03628914,6.07257829,6.07257829,6.07257829,yes,CLEANED:0,BCC_SQS,Os8V8
Os8W8,OK,0,0,0,static_OUTCAR,-189.3204108800,-189.3208396000,bcc,2.0,16,247.48549140,3.13920675,3.13920675,6.27841349,6.27841349,6.27841349,yes,CLEANED:0,BCC_SQS,Os8W8
Os8Y8,OK,0,0,0,static_OUTCAR,-137.8903438600,-137.8912074300,bcc,2.0,16,309.19064173,3.38100218,3.38100218,6.76200437,6.76200437,6.76200437,yes,CLEANED:0,BCC_SQS,Os8Y8
Os8Zn8,OK,0,0,0,static_OUTCAR,-94.3786203500,-94.3773401500,bcc,2.0,16,228.97493465,3.05890497,3.05890497,6.11780995,6.11780995,6.11780995,yes,CLEANED:0,BCC_SQS,Os8Zn8
Os8Zr8,OK,0,0,0,static_OUTCAR,-159.4889516900,-159.4883481600,bcc,2.0,16,280.17541131,3.27174924,3.27174924,6.54349848,6.54349848,6.54349848,yes,CLEANED:0,BCC_SQS,Os8Zr8
Pb12Pd4,OK,0,0,0,static_OUTCAR,-63.5282285200,-63.5294666100,bcc,2.0,16,429.01600000,3.77104025,3.77104025,7.54208049,7.54208049,7.54208049,no,CLEANED:0,BCC_SQS,Pb12Pd4
Pb12Pt4,OK,0,0,0,static_OUTCAR,-66.6368310100,-66.6373986200,bcc,2.0,16,428.02800000,3.76814319,3.76814319,7.53628638,7.53628638,7.53628638,no,CLEANED:0,BCC_SQS,Pb12Pt4
Pb12Re4,OK,0,0,0,static_OUTCAR,-82.4227116400,-82.4234466300,bcc,2.0,16,400.05634786,3.68420448,3.68420448,7.36840896,7.36840896,7.36840896,yes,CLEANED:0,BCC_SQS,Pb12Re4
Pb12Rh4,OK,0,0,0,static_OUTCAR,-68.8351274100,-68.8332857400,bcc,2.0,16,397.22856591,3.67550340,3.67550340,7.35100679,7.35100679,7.35100679,no,CLEANED:0,BCC_SQS,Pb12Rh4
Pb12Ru4,OK,0,0,0,static_OUTCAR,-72.4997442600,-72.4997805000,bcc,2.0,16,400.95208546,3.68695211,3.68695211,7.37390422,7.37390422,7.37390422,no,CLEANED:0,BCC_SQS,Pb12Ru4
Pb12Sc4,OK,0,0,0,static_OUTCAR,-67.9525081600,-67.9515569500,bcc,2.0,16,466.62799999,3.87817084,3.87817084,7.75634167,7.75634167,7.75634167,yes,CLEANED:0,BCC_SQS,Pb12Sc4
Pb12Si4,OK,0,0,0,static_OUTCAR,-60.2029414500,-60.2034612200,bcc,2.0,16,462.82411677,3.86760398,3.86760398,7.73520795,7.73520795,7.73520795,yes,CLEANED:0,BCC_SQS,Pb12Si4
Pb12Sn4,OK,0,0,0,static_OUTCAR,-57.0428845700,-57.0431574900,bcc,2.0,16,536.83788320,4.06366336,4.06366336,8.12732671,8.12732671,8.12732671,yes,CLEANED:0,BCC_SQS,Pb12Sn4
Pb12Ta4,OK,0,0,0,static_OUTCAR,-82.4373220300,-82.4377338500,bcc,2.0,16,439.64176893,3.80192011,3.80192011,7.60384022,7.60384022,7.60384022,no,CLEANED:0,BCC_SQS,Pb12Ta4
Pb12Tb4,OK,0,0,0,static_OUTCAR,-62.5304648600,-62.5320944000,bcc,2.0,16,497.16399999,3.96098528,3.96098528,7.92197057,7.92197057,7.92197057,no,CLEANED:0,BCC_SQS,Pb12Tb4
Pb12Ti4,OK,0,0,0,static_OUTCAR,-70.1748955900,-70.1753021800,bcc,2.0,16,438.94999342,3.79992496,3.79992496,7.59984991,7.59984991,7.59984991,yes,CLEANED:0,BCC_SQS,Pb12Ti4
Pb12V4,OK,0,0,0,static_OUTCAR,-70.9425017200,-70.9414607200,bcc,2.0,16,450.56297948,3.83314433,3.83314433,7.66628867,7.66628867,7.66628867,no,CLEANED:0,BCC_SQS,Pb12V4
Pb12W4,OK,0,0,0,static_OUTCAR,-83.8841680000,-83.8871548700,bcc,2.0,16,426.31567644,3.76311166,3.76311166,7.52622332,7.52622332,7.52622332,no,CLEANED:0,BCC_SQS,Pb12W4
Pb12Y4,OK,0,0,0,static_OUTCAR,-70.2514609700,-70.2506236400,bcc,2.0,16,516.90966616,4.01274494,4.01274494,8.02548987,8.02548987,8.02548987,yes,CLEANED:0,BCC_SQS,Pb12Y4
Pb12Zn4,OK,0,0,0,static_OUTCAR,-45.1962725100,-45.1976950500,bcc,2.0,16,469.34031245,3.88567038,3.88567038,7.77134076,7.77134076,7.77134076,yes,CLEANED:0,BCC_SQS,Pb12Zn4
Pb4Pd12,OK,0,0,0,static_OUTCAR,-78.4044036500,-78.4068492800,bcc,2.0,16,282.60128298,3.28116483,3.28116483,6.56232965,6.56232965,6.56232965,yes,CLEANED:0,BCC_SQS,Pb4Pd12
Pb4Pt12,OK,0,0,0,static_OUTCAR,-85.6239617900,-85.6250714900,bcc,2.0,16,287.97544023,3.30183339,3.30183339,6.60366677,6.60366677,6.60366677,yes,CLEANED:0,BCC_SQS,Pb4Pt12
Pb4Re12,OK,0,0,0,static_OUTCAR,-148.9481590700,-148.9476503700,bcc,2.0,16,272.57107394,3.24187744,3.24187744,6.48375489,6.48375489,6.48375489,yes,CLEANED:0,BCC_SQS,Pb4Re12
Pb4Rh12,OK,0,0,0,static_OUTCAR,-96.3627042100,-96.3611433100,bcc,2.0,16,258.80162554,3.18634163,3.18634163,6.37268326,6.37268326,6.37268326,yes,CLEANED:0,BCC_SQS,Pb4Rh12
Pb4Sc12,OK,0,0,0,static_OUTCAR,-90.9455547600,-90.9522212800,bcc,2.0,16,397.51031026,3.67637217,3.67637217,7.35274435,7.35274435,7.35274435,yes,CLEANED:0,BCC_SQS,Pb4Sc12
Pb4Si12,OK,0,0,0,static_OUTCAR,-72.7930662900,-72.7947868200,bcc,2.0,16,323.31443963,3.43171889,3.43171889,6.86343777,6.86343777,6.86343777,yes,CLEANED:0,BCC_SQS,Pb4Si12
Pb4Sn12,OK,0,0,0,static_OUTCAR,-59.0630326500,-59.0669304000,bcc,2.0,16,475.48695284,3.90255955,3.90255955,7.80511911,7.80511911,7.80511911,no,CLEANED:0,BCC_SQS,Pb4Sn12
Pb4Ta12,OK,0,0,0,static_OUTCAR,-150.5403021100,-150.5398610800,bcc,2.0,16,327.46509020,3.44634174,3.44634174,6.89268349,6.89268349,6.89268349,yes,CLEANED:0,BCC_SQS,Pb4Ta12
Pb4Tb12,OK,0,0,0,static_OUTCAR,-64.5571105800,-64.5562680900,bcc,2.0,16,693.06865347,4.42481811,4.42481811,8.84963623,8.84963623,8.84963623,no,CLEANED:0,BCC_SQS,Pb4Tb12
Pb4Ti12,OK,0,0,0,static_OUTCAR,-106.5311321400,-106.5335489300,bcc,2.0,16,310.75872676,3.38670822,3.38670822,6.77341644,6.77341644,6.77341644,yes,CLEANED:0,BCC_SQS,Pb4Ti12
Pb4V12,OK,0,0,0,static_OUTCAR,-114.3614221900,-114.3610882800,bcc,2.0,16,310.60251085,3.38614064,3.38614064,6.77228127,6.77228127,6.77228127,no,CLEANED:0,BCC_SQS,Pb4V12
Pb4Y12,OK,0,0,0,static_OUTCAR,-93.7307516700,-93.7318142200,bcc,2.0,16,494.37350568,3.95356060,3.95356060,7.90712121,7.90712121,7.90712121,yes,CLEANED:0,BCC_SQS,Pb4Y12
Pb4Zn12,OK,0,0,0,static_OUTCAR,-24.8489423000,-24.8502494600,bcc,2.0,16,342.71002453,3.49901341,3.49901341,6.99802682,6.99802682,6.99802682,yes,CLEANED:0,BCC_SQS,Pb4Zn12
Pb4Zr12,OK,0,0,0,static_OUTCAR,-116.3408277800,-116.3400584700,bcc,2.0,16,394.35412585,3.66661632,3.66661632,7.33323264,7.33323264,7.33323264,no,CLEANED:0,BCC_SQS,Pb4Zr12
Pb8Pb8,OK,0,0,0,static_OUTCAR,-56.0790605500,-56.0788264400,bcc,2.0,16,563.66963926,4.13026787,4.13026787,8.26053574,8.26053574,8.26053574,yes,CLEANED:0,BCC_SQS,Pb8Pb8
Pb8Pd8,OK,0,0,0,static_OUTCAR,-71.7506462300,-71.7503375100,bcc,2.0,16,344.78711468,3.50606809,3.50606809,7.01213619,7.01213619,7.01213619,no,CLEANED:0,BCC_SQS,Pb8Pd8
Pb8Pt8,OK,0,0,0,static_OUTCAR,-75.7263532100,-75.7245043000,bcc,2.0,16,345.59340838,3.50879898,3.50879898,7.01759796,7.01759796,7.01759796,no,CLEANED:0,BCC_SQS,Pb8Pt8
Pb8Re8,OK,0,0,0,static_OUTCAR,-112.1113122000,-112.1115940900,bcc,2.0,16,322.92850137,3.43035287,3.43035287,6.86070574,6.86070574,6.86070574,no,CLEANED:0,BCC_SQS,Pb8Re8
Pb8Sc8,OK,0,0,0,static_OUTCAR,-80.9318530600,-80.9336653500,bcc,2.0,16,418.67303076,3.74048858,3.74048858,7.48097716,7.48097716,7.48097716,yes,CLEANED:0,BCC_SQS,Pb8Sc8
Pb8Si8,OK,0,0,0,static_OUTCAR,-66.1442775100,-66.1433921700,bcc,2.0,16,400.14306004,3.68447064,3.68447064,7.36894129,7.36894129,7.36894129,no,CLEANED:0,BCC_SQS,Pb8Si8
Pb8Sn8,OK,0,0,0,static_OUTCAR,-58.1047711300,-58.1059752100,bcc,2.0,16,503.55549921,3.97788709,3.97788709,7.95577419,7.95577419,7.95577419,no,CLEANED:0,BCC_SQS,Pb8Sn8
Pb8Tb8,OK,0,0,0,static_OUTCAR,-61.2069573900,-61.2073890300,bcc,2.0,16,704.35751068,4.44871299,4.44871299,8.89742597,8.89742597,8.89742597,no,CLEANED:0,BCC_SQS,Pb8Tb8
Pb8Ti8,OK,0,0,0,static_OUTCAR,-88.2640307000,-88.2614519100,bcc,2.0,16,359.72220032,3.55597816,3.55597816,7.11195632,7.11195632,7.11195632,yes,CLEANED:0,BCC_SQS,Pb8Ti8
Pb8Y8,OK,0,0,0,static_OUTCAR,-83.3856553500,-83.3840913500,bcc,2.0,16,501.62593987,3.97279967,3.97279967,7.94559935,7.94559935,7.94559935,no,CLEANED:0,BCC_SQS,Pb8Y8
Pb8Zn8,OK,0,0,0,static_OUTCAR,-34.9687887100,-34.9677405900,bcc,2.0,16,412.64923311,3.72246267,3.72246267,7.44492535,7.44492535,7.44492535,yes,CLEANED:0,BCC_SQS,Pb8Zn8
Pd12Pt4,OK,0,0,0,static_OUTCAR,-86.3114174200,-86.3125787300,bcc,2.0,16,247.22480142,3.13810413,3.13810413,6.27620825,6.27620825,6.27620825,yes,CLEANED:0,BCC_SQS,Pd12Pt4
Pd12Re4,OK,0,0,0,static_OUTCAR,-110.1635011700,-110.1634469700,bcc,2.0,16,242.47870902,3.11789301,3.11789301,6.23578602,6.23578602,6.23578602,yes,CLEANED:0,BCC_SQS,Pd12Re4
Pd12Rh4,OK,0,0,0,static_OUTCAR,-89.3291977200,-89.3276373100,bcc,2.0,16,242.06889738,3.11613551,3.11613551,6.23227101,6.23227101,6.23227101,yes,CLEANED:0,BCC_SQS,Pd12Rh4
Pd12Ru4,OK,0,0,0,static_OUTCAR,-96.0325390400,-96.0321050400,bcc,2.0,16,240.82877241,3.11080505,3.11080505,6.22161010,6.22161010,6.22161010,yes,CLEANED:0,BCC_SQS,Pd12Ru4
Pd12Sc4,OK,0,0,0,static_OUTCAR,-96.7397646800,-96.7417926500,bcc,2.0,16,263.54284027,3.20568180,3.20568180,6.41136360,6.41136360,6.41136360,yes,CLEANED:0,BCC_SQS,Pd12Sc4
Pd12Si4,OK,0,0,0,static_OUTCAR,-90.5752519200,-90.5748952800,bcc,2.0,16,237.25488061,3.09534021,3.09534021,6.19068042,6.19068042,6.19068042,yes,CLEANED:0,BCC_SQS,Pd12Si4
Pd12Sn4,OK,0,0,0,static_OUTCAR,-82.3325820900,-82.3326452500,bcc,2.0,16,296.03600000,3.33235694,3.33235694,6.66471387,6.66471387,6.66471387,yes,CLEANED:0,BCC_SQS,Pd12Sn4
Pd12Ta4,OK,0,0,0,static_OUTCAR,-113.9269386600,-113.9264235700,bcc,2.0,16,256.08842223,3.17516759,3.17516759,6.35033517,6.35033517,6.35033517,yes,CLEANED:0,BCC_SQS,Pd12Ta4
Pd12Tb4,OK,0,0,0,static_OUTCAR,-89.4251758100,-89.4260170400,bcc,2.0,16,287.41156380,3.29967690,3.29967690,6.59935381,6.59935381,6.59935381,yes,CLEANED:0,BCC_SQS,Pd12Tb4
Pd12Ti4,OK,0,0,0,static_OUTCAR,-100.4177985200,-100.4170535600,bcc,2.0,16,248.65241452,3.14413292,3.14413292,6.28826584,6.28826584,6.28826584,yes,CLEANED:0,BCC_SQS,Pd12Ti4
Pd12V4,OK,0,0,0,static_OUTCAR,-100.0967250200,-100.0984588800,bcc,2.0,16,239.78622341,3.10630966,3.10630966,6.21261931,6.21261931,6.21261931,yes,CLEANED:0,BCC_SQS,Pd12V4
Pd12W4,OK,0,0,0,static_OUTCAR,-113.7654990000,-113.7661643600,bcc,2.0,16,247.39746517,3.13883451,3.13883451,6.27766903,6.27766903,6.27766903,yes,CLEANED:0,BCC_SQS,Pd12W4
Pd12Y4,OK,0,0,0,static_OUTCAR,-96.8454549500,-96.8467430100,bcc,2.0,16,286.69363241,3.29692717,3.29692717,6.59385434,6.59385434,6.59385434,yes,CLEANED:0,BCC_SQS,Pd12Y4
Pd12Zn4,OK,0,0,0,static_OUTCAR,-71.0544119700,-71.0537724000,bcc,2.0,16,242.23174172,3.11683411,3.11683411,6.23366822,6.23366822,6.23366822,yes,CLEANED:0,BCC_SQS,Pd12Zn4
Pd12Zr4,OK,0,0,0,static_OUTCAR,-104.5901222500,-104.5909716000,bcc,2.0,16,269.74850172,3.23064832,3.23064832,6.46129664,6.46129664,6.46129664,yes,CLEANED:0,BCC_SQS,Pd12Zr4
Pd4Pt12,OK,0,0,0,static_OUTCAR,-93.1198891200,-93.1170531100,bcc,2.0,16,250.54197265,3.15207712,3.15207712,6.30415425,6.30415425,6.30415425,yes,CLEANED:0,BCC_SQS,Pd4Pt12
Pd4Re12,OK,0,0,0,static_OUTCAR,-166.1850574700,-166.1839794400,bcc,2.0,16,242.41738878,3.11763016,3.11763016,6.23526032,6.23526032,6.23526032,yes,CLEANED:0,BCC_SQS,Pd4Re12
Pd4Rh12,OK,0,0,0,static_OUTCAR,-104.2698403200,-104.2667791900,bcc,2.0,16,234.72634950,3.08430477,3.08430477,6.16860954,6.16860954,6.16860954,yes,CLEANED:0,BCC_SQS,Pd4Rh12
Pd4Ru12,OK,0,0,0,static_OUTCAR,-125.7370541000,-125.7368313700,bcc,2.0,16,231.45802077,3.06992253,3.06992253,6.13984506,6.13984506,6.13984506,yes,CLEANED:0,BCC_SQS,Pd4Ru12
Pd4Sc12,OK,0,0,0,static_OUTCAR,-100.9365420800,-100.9372467600,bcc,2.0,16,334.69504555,3.47152075,3.47152075,6.94304150,6.94304150,6.94304150,no,CLEANED:0,BCC_SQS,Pd4Sc12
Pd4Si12,OK,0,0,0,static_OUTCAR,-83.5010750900,-83.5007125600,bcc,2.0,16,238.30687444,3.09990840,3.09990840,6.19981680,6.19981680,6.19981680,yes,CLEANED:0,BCC_SQS,Pd4Si12
Pd4Sn12,OK,0,0,0,static_OUTCAR,-68.3527747000,-68.3531316100,bcc,2.0,16,378.13945292,3.61565792,3.61565792,7.23131584,7.23131584,7.23131584,yes,CLEANED:0,BCC_SQS,Pd4Sn12
Pd4Ta12,OK,0,0,0,static_OUTCAR,-164.4992197000,-164.4984744600,bcc,2.0,16,279.73179479,3.27002155,3.27002155,6.54004310,6.54004310,6.54004310,yes,CLEANED:0,BCC_SQS,Pd4Ta12
Pd4Tb12,OK,0,0,0,static_OUTCAR,-80.0581951600,-80.0589856300,bcc,2.0,16,451.89999999,3.83693214,3.83693214,7.67386428,7.67386428,7.67386428,yes,CLEANED:0,BCC_SQS,Pd4Tb12
Pd4Ti12,OK,0,0,0,static_OUTCAR,-118.4821059300,-118.4817285300,bcc,2.0,16,259.99592909,3.19123549,3.19123549,6.38247099,6.38247099,6.38247099,yes,CLEANED:0,BCC_SQS,Pd4Ti12
Pd4V12,OK,0,0,0,static_OUTCAR,-130.4405108600,-130.4409055800,bcc,2.0,16,222.42458332,3.02945333,3.02945333,6.05890666,6.05890666,6.05890666,yes,CLEANED:0,BCC_SQS,Pd4V12
Pd4W12,OK,0,0,0,static_OUTCAR,-173.2494335000,-173.2492833300,bcc,2.0,16,255.73352911,3.17370017,3.17370017,6.34740034,6.34740034,6.34740034,yes,CLEANED:0,BCC_SQS,Pd4W12
Pd4Y12,OK,0,0,0,static_OUTCAR,-102.4529668900,-102.4548230500,bcc,2.0,16,425.26338840,3.76001291,3.76001291,7.52002582,7.52002582,7.52002582,yes,CLEANED:0,BCC_SQS,Pd4Y12
Pd4Zn12,OK,0,0,0,static_OUTCAR,-38.0967309400,-38.0980258100,bcc,2.0,16,235.85964230,3.08926063,3.08926063,6.17852126,6.17852126,6.17852126,yes,CLEANED:0,BCC_SQS,Pd4Zn12
Pd4Zr12,OK,0,0,0,static_OUTCAR,-127.2155544400,-127.2136993400,bcc,2.0,16,328.11008701,3.44860297,3.44860297,6.89720595,6.89720595,6.89720595,yes,CLEANED:0,BCC_SQS,Pd4Zr12
Pd8Pd8,OK,0,0,0,static_OUTCAR,-82.7137083100,-82.7174240900,bcc,2.0,16,246.14296073,3.13352005,3.13352005,6.26704010,6.26704010,6.26704010,yes,CLEANED:0,BCC_SQS,Pd8Pd8
Pd8Pt8,OK,0,0,0,static_OUTCAR,-89.8323864600,-89.8303107100,bcc,2.0,16,248.85793396,3.14499893,3.14499893,6.28999785,6.28999785,6.28999785,yes,CLEANED:0,BCC_SQS,Pd8Pt8
Pd8Re8,OK,0,0,0,static_OUTCAR,-137.8433054500,-137.8429334700,bcc,2.0,16,241.83985543,3.11515238,3.11515238,6.23030477,6.23030477,6.23030477,no,CLEANED:0,BCC_SQS,Pd8Re8
Pd8Rh8,OK,0,0,0,static_OUTCAR,-96.9392188100,-96.9393019400,bcc,2.0,16,238.33005409,3.10000891,3.10000891,6.20001781,6.20001781,6.20001781,yes,CLEANED:0,BCC_SQS,Pd8Rh8
Pd8Ru8,OK,0,0,0,static_OUTCAR,-111.4807045900,-111.4802218800,bcc,2.0,16,235.82590615,3.08911333,3.08911333,6.17822666,6.17822666,6.17822666,yes,CLEANED:0,BCC_SQS,Pd8Ru8
Pd8Sc8,OK,0,0,0,static_OUTCAR,-100.9085743100,-100.9084032600,bcc,2.0,16,291.67983593,3.31593091,3.31593091,6.63186182,6.63186182,6.63186182,yes,CLEANED:0,BCC_SQS,Pd8Sc8
Pd8Si8,OK,0,0,0,static_OUTCAR,-89.5674369800,-89.5674066400,bcc,2.0,16,235.73192683,3.08870293,3.08870293,6.17740585,6.17740585,6.17740585,yes,CLEANED:0,BCC_SQS,Pd8Si8
Pd8Sn8,OK,0,0,0,static_OUTCAR,-76.2955773900,-76.2959770500,bcc,2.0,16,316.46055522,3.40729602,3.40729602,6.81459204,6.81459204,6.81459204,yes,CLEANED:0,BCC_SQS,Pd8Sn8
Pd8Ta8,OK,0,0,0,static_OUTCAR,-139.0511956400,-139.0507104500,bcc,2.0,16,268.16806301,3.22432657,3.22432657,6.44865315,6.44865315,6.44865315,yes,CLEANED:0,BCC_SQS,Pd8Ta8
Pd8Tb8,OK,0,0,0,static_OUTCAR,-85.8760240500,-85.8750679600,bcc,2.0,16,345.39669875,3.50813312,3.50813312,7.01626625,7.01626625,7.01626625,yes,CLEANED:0,BCC_SQS,Pd8Tb8
Pd8Ti8,OK,0,0,0,static_OUTCAR,-110.4871262300,-110.4872246900,bcc,2.0,16,253.37744284,3.16392360,3.16392360,6.32784719,6.32784719,6.32784719,yes,CLEANED:0,BCC_SQS,Pd8Ti8
Pd8V8,OK,0,0,0,static_OUTCAR,-115.3958906000,-115.3951995500,bcc,2.0,16,231.57254572,3.07042878,3.07042878,6.14085755,6.14085755,6.14085755,yes,CLEANED:0,BCC_SQS,Pd8V8
Pd8W8,OK,0,0,0,static_OUTCAR,-142.7650393600,-142.7658299600,bcc,2.0,16,251.30306981,3.15526569,3.15526569,6.31053139,6.31053139,6.31053139,yes,CLEANED:0,BCC_SQS,Pd8W8
Pd8Y8,OK,0,0,0,static_OUTCAR,-100.8939834900,-100.8925330500,bcc,2.0,16,345.45928831,3.50834501,3.50834501,7.01669003,7.01669003,7.01669003,yes,CLEANED:0,BCC_SQS,Pd8Y8
Pd8Zn8,OK,0,0,0,static_OUTCAR,-56.2567808900,-56.2563159600,bcc,2.0,16,249.65600000,3.14835725,3.14835725,6.29671450,6.29671450,6.29671450,yes,CLEANED:0,BCC_SQS,Pd8Zn8
Pd8Zr8,OK,0,0,0,static_OUTCAR,-116.5170393800,-116.5177924400,bcc,2.0,16,297.89163164,3.33930514,3.33930514,6.67861027,6.67861027,6.67861027,yes,CLEANED:0,BCC_SQS,Pd8Zr8
Pt12Re4,OK,0,0,0,static_OUTCAR,-121.1500296100,-121.1494640000,bcc,2.0,16,250.05397700,3.15002930,3.15002930,6.30005860,6.30005860,6.30005860,yes,CLEANED:0,BCC_SQS,Pt12Re4
Pt12Rh4,OK,0,0,0,static_OUTCAR,-99.7186585800,-99.7227777100,bcc,2.0,16,247.97815565,3.14128842,3.14128842,6.28257683,6.28257683,6.28257683,yes,CLEANED:0,BCC_SQS,Pt12Rh4
Pt12Ru4,OK,0,0,0,static_OUTCAR,-106.7757331100,-106.7747823300,bcc,2.0,16,247.46517841,3.13912086,3.13912086,6.27824172,6.27824172,6.27824172,yes,CLEANED:0,BCC_SQS,Pt12Ru4
Pt12Sc4,OK,0,0,0,static_OUTCAR,-108.5147049400,-108.5133006100,bcc,2.0,16,266.07005745,3.21589607,3.21589607,6.43179215,6.43179215,6.43179215,yes,CLEANED:0,BCC_SQS,Pt12Sc4
Pt12Si4,OK,0,0,0,static_OUTCAR,-99.9368600400,-99.9382947300,bcc,2.0,16,245.75176819,3.13185914,3.13185914,6.26371829,6.26371829,6.26371829,yes,CLEANED:0,BCC_SQS,Pt12Si4
Pt12Sn4,OK,0,0,0,static_OUTCAR,-90.7936460300,-90.7925431000,bcc,2.0,16,274.52445468,3.24960332,3.24960332,6.49920665,6.49920665,6.49920665,yes,CLEANED:0,BCC_SQS,Pt12Sn4
Pt12Ta4,OK,0,0,0,static_OUTCAR,-126.6850687000,-126.6857396400,bcc,2.0,16,261.30413046,3.19657891,3.19657891,6.39315781,6.39315781,6.39315781,yes,CLEANED:0,BCC_SQS,Pt12Ta4
Pt12Tb4,OK,0,0,0,static_OUTCAR,-100.5401620300,-100.5392134500,bcc,2.0,16,287.97826020,3.30184416,3.30184416,6.60368833,6.60368833,6.60368833,yes,CLEANED:0,BCC_SQS,Pt12Tb4
Pt12Ti4,OK,0,0,0,static_OUTCAR,-113.0577892800,-113.0589618600,bcc,2.0,16,253.32428312,3.16370231,3.16370231,6.32740462,6.32740462,6.32740462,yes,CLEANED:0,BCC_SQS,Pt12Ti4
Pt12V4,OK,0,0,0,static_OUTCAR,-112.9851565600,-112.9845198600,bcc,2.0,16,245.00930219,3.12870197,3.12870197,6.25740394,6.25740394,6.25740394,yes,CLEANED:0,BCC_SQS,Pt12V4
Pt12W4,OK,0,0,0,static_OUTCAR,-125.7489385000,-125.7483706600,bcc,2.0,16,253.64709026,3.16504556,3.16504556,6.33009112,6.33009112,6.33009112,yes,CLEANED:0,BCC_SQS,Pt12W4
Pt12Y4,OK,0,0,0,static_OUTCAR,-108.0687185900,-108.0675250000,bcc,2.0,16,286.86984019,3.29760248,3.29760248,6.59520497,6.59520497,6.59520497,yes,CLEANED:0,BCC_SQS,Pt12Y4
Pt12Zn4,OK,0,0,0,static_OUTCAR,-80.1585190400,-80.1601245400,bcc,2.0,16,248.19984374,3.14222422,3.14222422,6.28444845,6.28444845,6.28444845,yes,CLEANED:0,BCC_SQS,Pt12Zn4
Pt12Zr4,OK,0,0,0,static_OUTCAR,-117.1158823900,-117.1161303000,bcc,2.0,16,272.67771832,3.24230019,3.24230019,6.48460038,6.48460038,6.48460038,yes,CLEANED:0,BCC_SQS,Pt12Zr4
Pt4Re12,OK,0,0,0,static_OUTCAR,-170.7622999900,-170.7604342700,bcc,2.0,16,245.38140203,3.13028504,3.13028504,6.26057008,6.26057008,6.26057008,yes,CLEANED:0,BCC_SQS,Pt4Re12
Pt4Rh12,OK,0,0,0,static_OUTCAR,-106.9085376900,-106.9102929300,bcc,2.0,16,237.07771825,3.09456957,3.09456957,6.18913914,6.18913914,6.18913914,yes,CLEANED:0,BCC_SQS,Pt4Rh12
Pt4Ru12,OK,0,0,0,static_OUTCAR,-130.0168185800,-130.0160143600,bcc,2.0,16,234.49536878,3.08329274,3.08329274,6.16658549,6.16658549,6.16658549,yes,CLEANED:0,BCC_SQS,Pt4Ru12
Pt4Sc12,OK,0,0,0,static_OUTCAR,-107.4727187000,-107.4744532500,bcc,2.0,16,359.30400000,3.55459961,3.55459961,7.10919921,7.10919921,7.10919921,yes,CLEANED:0,BCC_SQS,Pt4Sc12
Pt4Si12,OK,0,0,0,static_OUTCAR,-88.4013034300,-88.4009645900,bcc,2.0,16,240.88447901,3.11104488,3.11104488,6.22208977,6.22208977,6.22208977,yes,CLEANED:0,BCC_SQS,Pt4Si12
Pt4Sn12,OK,0,0,0,static_OUTCAR,-71.3453453400,-71.3454481500,bcc,2.0,16,372.13436259,3.59641607,3.59641607,7.19283213,7.19283213,7.19283213,yes,CLEANED:0,BCC_SQS,Pt4Sn12
Pt4Ta12,OK,0,0,0,static_OUTCAR,-170.7422355700,-170.7442278300,bcc,2.0,16,279.83248824,3.27041387,3.27041387,6.54082774,6.54082774,6.54082774,yes,CLEANED:0,BCC_SQS,Pt4Ta12
Pt4Tb12,OK,0,0,0,static_OUTCAR,-86.1795110100,-86.1798175800,bcc,2.0,16,406.10194494,3.70267017,3.70267017,7.40534034,7.40534034,7.40534034,yes,CLEANED:0,BCC_SQS,Pt4Tb12
Pt4Ti12,OK,0,0,0,static_OUTCAR,-125.4663999000,-125.4666936900,bcc,2.0,16,265.13999999,3.21214461,3.21214461,6.42428921,6.42428921,6.42428921,yes,CLEANED:0,BCC_SQS,Pt4Ti12
Pt4V12,OK,0,0,0,static_OUTCAR,-137.0628477200,-137.0641880200,bcc,2.0,16,224.10171688,3.03704853,3.03704853,6.07409707,6.07409707,6.07409707,yes,CLEANED:0,BCC_SQS,Pt4V12
Pt4W12,OK,0,0,0,static_OUTCAR,-178.2302359400,-178.2296317300,bcc,2.0,16,257.86612810,3.18249774,3.18249774,6.36499548,6.36499548,6.36499548,yes,CLEANED:0,BCC_SQS,Pt4W12
Pt4Y12,OK,0,0,0,static_OUTCAR,-108.6597546700,-108.6600020300,bcc,2.0,16,409.14074545,3.71188274,3.71188274,7.42376548,7.42376548,7.42376548,yes,CLEANED:0,BCC_SQS,Pt4Y12
Pt4Zn12,OK,0,0,0,static_OUTCAR,-41.6947348500,-41.6945113200,bcc,2.0,16,237.97591684,3.09847270,3.09847270,6.19694540,6.19694540,6.19694540,yes,CLEANED:0,BCC_SQS,Pt4Zn12
Pt4Zr12,OK,0,0,0,static_OUTCAR,-133.7809784300,-133.7824469300,bcc,2.0,16,323.12423272,3.43104579,3.43104579,6.86209158,6.86209158,6.86209158,yes,CLEANED:0,BCC_SQS,Pt4Zr12
Pt8Pt8,OK,0,0,0,static_OUTCAR,-96.2113875800,-96.2106594900,bcc,2.0,16,252.77590540,3.16141781,3.16141781,6.32283562,6.32283562,6.32283562,yes,CLEANED:0,BCC_SQS,Pt8Pt8
Pt8Re8,OK,0,0,0,static_OUTCAR,-146.8133321800,-146.8127019300,bcc,2.0,16,247.40823414,3.13888006,3.13888006,6.27776012,6.27776012,6.27776012,no,CLEANED:0,BCC_SQS,Pt8Re8
Pt8Rh8,OK,0,0,0,static_OUTCAR,-103.4111582600,-103.4066523500,bcc,2.0,16,242.43623245,3.11771094,3.11771094,6.23542187,6.23542187,6.23542187,yes,CLEANED:0,BCC_SQS,Pt8Rh8
Pt8Ru8,OK,0,0,0,static_OUTCAR,-119.6329901500,-119.6319390500,bcc,2.0,16,241.13237248,3.11211171,3.11211171,6.22422342,6.22422342,6.22422342,yes,CLEANED:0,BCC_SQS,Pt8Ru8
Pt8Sc8,OK,0,0,0,static_OUTCAR,-111.5710601900,-111.5703128600,bcc,2.0,16,286.91905354,3.29779104,3.29779104,6.59558209,6.59558209,6.59558209,yes,CLEANED:0,BCC_SQS,Pt8Sc8
Pt8Si8,OK,0,0,0,static_OUTCAR,-96.3713434700,-96.3710482000,bcc,2.0,16,241.89764591,3.11540050,3.11540050,6.23080100,6.23080100,6.23080100,no,CLEANED:0,BCC_SQS,Pt8Si8
Pt8Sn8,OK,0,0,0,static_OUTCAR,-81.6154307700,-81.6153901000,bcc,2.0,16,315.17469342,3.40267485,3.40267485,6.80534969,6.80534969,6.80534969,no,CLEANED:0,BCC_SQS,Pt8Sn8
Pt8Ta8,OK,0,0,0,static_OUTCAR,-149.4733609600,-149.4717143800,bcc,2.0,16,270.65391959,3.23425887,3.23425887,6.46851774,6.46851774,6.46851774,yes,CLEANED:0,BCC_SQS,Pt8Ta8
Pt8Tb8,OK,0,0,0,static_OUTCAR,-96.0911205500,-96.0886271100,bcc,2.0,16,336.82851141,3.47888137,3.47888137,6.95776274,6.95776274,6.95776274,yes,CLEANED:0,BCC_SQS,Pt8Tb8
Pt8Ti8,OK,0,0,0,static_OUTCAR,-121.4653434600,-121.4663985900,bcc,2.0,16,254.43227209,3.16830807,3.16830807,6.33661613,6.33661613,6.33661613,yes,CLEANED:0,BCC_SQS,Pt8Ti8
Pt8V8,OK,0,0,0,static_OUTCAR,-125.8164107400,-125.8159510300,bcc,2.0,16,236.49933893,3.09205100,3.09205100,6.18410199,6.18410199,6.18410199,yes,CLEANED:0,BCC_SQS,Pt8V8
Pt8W8,OK,0,0,0,static_OUTCAR,-152.5171428500,-152.5170071300,bcc,2.0,16,255.77745614,3.17388187,3.17388187,6.34776375,6.34776375,6.34776375,yes,CLEANED:0,BCC_SQS,Pt8W8
Pt8Y8,OK,0,0,0,static_OUTCAR,-111.1827247800,-111.1810211800,bcc,2.0,16,335.74132601,3.47513439,3.47513439,6.95026879,6.95026879,6.95026879,yes,CLEANED:0,BCC_SQS,Pt8Y8
Pt8Zn8,OK,0,0,0,static_OUTCAR,-62.9312649900,-62.9314544500,bcc,2.0,16,242.13445615,3.11641679,3.11641679,6.23283359,6.23283359,6.23283359,yes,CLEANED:0,BCC_SQS,Pt8Zn8
Pt8Zr8,OK,0,0,0,static_OUTCAR,-127.1110566800,-127.1110836800,bcc,2.0,16,296.33467360,3.33347724,3.33347724,6.66695448,6.66695448,6.66695448,yes,CLEANED:0,BCC_SQS,Pt8Zr8
Re12Rh4,OK,0,0,0,static_OUTCAR,-175.5328118800,-175.5334867300,bcc,2.0,16,239.73236256,3.10607706,3.10607706,6.21215412,6.21215412,6.21215412,yes,CLEANED:0,BCC_SQS,Re12Rh4
Re12Ru4,OK,0,0,0,static_OUTCAR,-179.6151219800,-179.6166824900,bcc,2.0,16,239.10308248,3.10335694,3.10335694,6.20671387,6.20671387,6.20671387,yes,CLEANED:0,BCC_SQS,Re12Ru4
Re12Sc4,OK,0,0,0,static_OUTCAR,-173.2538857500,-173.2533286400,bcc,2.0,16,252.93560412,3.16208345,3.16208345,6.32416689,6.32416689,6.32416689,yes,CLEANED:0,BCC_SQS,Re12Sc4
Re12Si4,OK,0,0,0,static_OUTCAR,-168.7805478900,-168.7787810700,bcc,2.0,16,233.69681064,3.07978878,3.07978878,6.15957756,6.15957756,6.15957756,yes,CLEANED:0,BCC_SQS,Re12Si4
Re12Sn4,OK,0,0,0,static_OUTCAR,-155.6450109500,-155.6444537800,bcc,2.0,16,261.11310303,3.19579976,3.19579976,6.39159952,6.39159952,6.39159952,yes,CLEANED:0,BCC_SQS,Re12Sn4
Re12Ta4,OK,0,0,0,static_OUTCAR,-195.5328964600,-195.5310483300,bcc,2.0,16,252.33338501,3.15957190,3.15957190,6.31914379,6.31914379,6.31914379,no,CLEANED:0,BCC_SQS,Re12Ta4
Re12Tb4,OK,0,0,0,static_OUTCAR,-160.8517921700,-160.8506688500,bcc,2.0,16,271.75650490,3.23864481,3.23864481,6.47728962,6.47728962,6.47728962,yes,CLEANED:0,BCC_SQS,Re12Tb4
Re12Ti4,OK,0,0,0,static_OUTCAR,-182.2118914200,-182.2121160700,bcc,2.0,16,242.52042157,3.11807178,3.11807178,6.23614357,6.23614357,6.23614357,yes,CLEANED:0,BCC_SQS,Re12Ti4
Re12V4,OK,0,0,0,static_OUTCAR,-185.4786273400,-185.4780699400,bcc,2.0,16,235.43262282,3.08739515,3.08739515,6.17479031,6.17479031,6.17479031,yes,CLEANED:0,BCC_SQS,Re12V4
Re12W4,OK,0,0,0,static_OUTCAR,-197.2016712300,-197.2015461300,bcc,2.0,16,246.53096945,3.13516570,3.13516570,6.27033140,6.27033140,6.27033140,yes,CLEANED:0,BCC_SQS,Re12W4
Re12Y4,OK,0,0,0,static_OUTCAR,-168.5932271600,-168.5929564700,bcc,2.0,16,270.41892918,3.23332257,3.23332257,6.46664514,6.46664514,6.46664514,yes,CLEANED:0,BCC_SQS,Re12Y4
Re12Zn4,OK,0,0,0,static_OUTCAR,-149.8046339300,-149.8043693500,bcc,2.0,16,236.92157884,3.09389006,3.09389006,6.18778012,6.18778012,6.18778012,yes,CLEANED:0,BCC_SQS,Re12Zn4
Re12Zr4,OK,0,0,0,static_OUTCAR,-181.7198666700,-181.7205569600,bcc,2.0,16,260.88196725,3.19485651,3.19485651,6.38971303,6.38971303,6.38971303,no,CLEANED:0,BCC_SQS,Re12Zr4
Re4Rh12,OK,0,0,0,static_OUTCAR,-134.4318892800,-134.4326629800,bcc,2.0,16,233.07662288,3.07706197,3.07706197,6.15412395,6.15412395,6.15412395,yes,CLEANED:0,BCC_SQS,Re4Rh12
Re4Ru12,OK,0,0,0,static_OUTCAR,-156.2538310800,-156.2560350800,bcc,2.0,16,231.33613557,3.06938356,3.06938356,6.13876713,6.13876713,6.13876713,yes,CLEANED:0,BCC_SQS,Re4Ru12
Re4Sc12,OK,0,0,0,static_OUTCAR,-124.2540316900,-124.2535849300,bcc,2.0,16,316.68234375,3.40809183,3.40809183,6.81618365,6.81618365,6.81618365,yes,CLEANED:0,BCC_SQS,Re4Sc12
Re4Si12,OK,0,0,0,static_OUTCAR,-111.8799985900,-111.8806602500,bcc,2.0,16,226.40536183,3.04741949,3.04741949,6.09483897,6.09483897,6.09483897,yes,CLEANED:0,BCC_SQS,Re4Si12
Re4Sn12,OK,0,0,0,static_OUTCAR,-87.3620291500,-87.3619637000,bcc,2.0,16,352.67812265,3.53261394,3.53261394,7.06522787,7.06522787,7.06522787,yes,CLEANED:0,BCC_SQS,Re4Sn12
Re4Ta12,OK,0,0,0,static_OUTCAR,-194.4537316400,-194.4535330200,bcc,2.0,16,274.94199670,3.25125000,3.25125000,6.50250000,6.50250000,6.50250000,yes,CLEANED:0,BCC_SQS,Re4Ta12
Re4Tb12,OK,0,0,0,static_OUTCAR,-100.4747456800,-100.4742862100,bcc,2.0,16,387.07638108,3.64392051,3.64392051,7.28784103,7.28784103,7.28784103,yes,CLEANED:0,BCC_SQS,Re4Tb12
Re4Ti12,OK,0,0,0,static_OUTCAR,-145.7071754600,-145.7096267500,bcc,2.0,16,255.51938821,3.17281408,3.17281408,6.34562816,6.34562816,6.34562816,yes,CLEANED:0,BCC_SQS,Re4Ti12
Re4V12,OK,0,0,0,static_OUTCAR,-161.2388693000,-161.2401931600,bcc,2.0,16,220.22824124,3.01944883,3.01944883,6.03889767,6.03889767,6.03889767,yes,CLEANED:0,BCC_SQS,Re4V12
Re4W12,OK,0,0,0,static_OUTCAR,-204.2136780400,-204.2144017700,bcc,2.0,16,254.14637607,3.16712092,3.16712092,6.33424184,6.33424184,6.33424184,yes,CLEANED:0,BCC_SQS,Re4W12
Re4Y12,OK,0,0,0,static_OUTCAR,-122.9994705500,-122.9986490200,bcc,2.0,16,391.18630283,3.65677201,3.65677201,7.31354402,7.31354402,7.31354402,yes,CLEANED:0,BCC_SQS,Re4Y12
Re4Zn12,OK,0,0,0,static_OUTCAR,-60.1724245200,-60.1723288700,bcc,2.0,16,232.34567168,3.07384195,3.07384195,6.14768390,6.14768390,6.14768390,yes,CLEANED:0,BCC_SQS,Re4Zn12
Re4Zr12,OK,0,0,0,static_OUTCAR,-152.1177923300,-152.1169865400,bcc,2.0,16,317.52866004,3.41112511,3.41112511,6.82225021,6.82225021,6.82225021,yes,CLEANED:0,BCC_SQS,Re4Zr12
Re8Re8,OK,0,0,0,static_OUTCAR,-193.1948002300,-193.1936283000,bcc,2.0,16,242.83172423,3.11940535,3.11940535,6.23881069,6.23881069,6.23881069,yes,CLEANED:0,BCC_SQS,Re8Re8
Re8Rh8,OK,0,0,0,static_OUTCAR,-155.8981980500,-155.8977303300,bcc,2.0,16,236.42064384,3.09170800,3.09170800,6.18341600,6.18341600,6.18341600,yes,CLEANED:0,BCC_SQS,Re8Rh8
Re8Ru8,OK,0,0,0,static_OUTCAR,-170.3070273500,-170.3068866200,bcc,2.0,16,235.21857138,3.08645920,3.08645920,6.17291840,6.17291840,6.17291840,no,CLEANED:0,BCC_SQS,Re8Ru8
Re8Sc8,OK,0,0,0,static_OUTCAR,-148.5448632300,-148.5438805200,bcc,2.0,16,274.42497890,3.24921077,3.24921077,6.49842154,6.49842154,6.49842154,yes,CLEANED:0,BCC_SQS,Re8Sc8
Re8Si8,OK,0,0,0,static_OUTCAR,-141.7231089900,-141.7226259500,bcc,2.0,16,226.60292380,3.04830562,3.04830562,6.09661125,6.09661125,6.09661125,yes,CLEANED:0,BCC_SQS,Re8Si8
Re8Sn8,OK,0,0,0,static_OUTCAR,-120.5373399900,-120.5370376300,bcc,2.0,16,339.88800001,3.48938279,3.48938279,6.97876558,6.97876558,6.97876558,no,CLEANED:0,BCC_SQS,Re8Sn8
Re8Ta8,OK,0,0,0,static_OUTCAR,-196.8810781800,-196.8821559000,bcc,2.0,16,262.96702728,3.20334541,3.20334541,6.40669082,6.40669082,6.40669082,yes,CLEANED:0,BCC_SQS,Re8Ta8
Re8Tb8,OK,0,0,0,static_OUTCAR,-129.2959074400,-129.2959053100,bcc,2.0,16,313.96166474,3.39830389,3.39830389,6.79660777,6.79660777,6.79660777,yes,CLEANED:0,BCC_SQS,Re8Tb8
Re8Ti8,OK,0,0,0,static_OUTCAR,-166.5694526200,-166.5692914900,bcc,2.0,16,244.97779376,3.12856785,3.12856785,6.25713569,6.25713569,6.25713569,yes,CLEANED:0,BCC_SQS,Re8Ti8
Re8V8,OK,0,0,0,static_OUTCAR,-175.3543958900,-175.3529962300,bcc,2.0,16,227.40583370,3.05190168,3.05190168,6.10380336,6.10380336,6.10380336,yes,CLEANED:0,BCC_SQS,Re8V8
Re8W8,OK,0,0,0,static_OUTCAR,-200.8758490700,-200.8738129000,bcc,2.0,16,250.30026800,3.15106317,3.15106317,6.30212633,6.30212633,6.30212633,yes,CLEANED:0,BCC_SQS,Re8W8
Re8Y8,OK,0,0,0,static_OUTCAR,-145.0867502800,-145.0873105500,bcc,2.0,16,383.13600000,3.63151346,3.63151346,7.26302692,7.26302692,7.26302692,yes,CLEANED:0,BCC_SQS,Re8Y8
Re8Zn8,OK,0,0,0,static_OUTCAR,-103.8579185000,-103.8563356100,bcc,2.0,16,232.99109128,3.07668553,3.07668553,6.15337107,6.15337107,6.15337107,yes,CLEANED:0,BCC_SQS,Re8Zn8
Re8Zr8,OK,0,0,0,static_OUTCAR,-168.4530284900,-168.4531412900,bcc,2.0,16,283.72959537,3.28552582,3.28552582,6.57105163,6.57105163,6.57105163,yes,CLEANED:0,BCC_SQS,Re8Zr8
Rh12Ru4,OK,0,0,0,static_OUTCAR,-119.8102863900,-119.8112085300,bcc,2.0,16,230.33074789,3.06493059,3.06493059,6.12986118,6.12986118,6.12986118,yes,CLEANED:0,BCC_SQS,Rh12Ru4
Rh12Sc4,OK,0,0,0,static_OUTCAR,-116.8287708400,-116.8309488200,bcc,2.0,16,247.43187894,3.13898005,3.13898005,6.27796010,6.27796010,6.27796010,yes,CLEANED:0,BCC_SQS,Rh12Sc4
Rh12Si4,OK,0,0,0,static_OUTCAR,-112.9353041100,-112.9348190800,bcc,2.0,16,224.13370623,3.03719303,3.03719303,6.07438607,6.07438607,6.07438607,yes,CLEANED:0,BCC_SQS,Rh12Si4
Rh12Sn4,OK,0,0,0,static_OUTCAR,-101.6421568000,-101.6407659000,bcc,2.0,16,275.57600000,3.25374716,3.25374716,6.50749431,6.50749431,6.50749431,yes,CLEANED:0,BCC_SQS,Rh12Sn4
Rh12Ta4,OK,0,0,0,static_OUTCAR,-138.0064377200,-138.0045086000,bcc,2.0,16,244.18782223,3.12520136,3.12520136,6.25040272,6.25040272,6.25040272,yes,CLEANED:0,BCC_SQS,Rh12Ta4
Rh12Tb4,OK,0,0,0,static_OUTCAR,-107.6612185800,-107.6611881600,bcc,2.0,16,295.14400000,3.32900661,3.32900661,6.65801322,6.65801322,6.65801322,yes,CLEANED:0,BCC_SQS,Rh12Tb4
Rh12Ti4,OK,0,0,0,static_OUTCAR,-123.6429670600,-123.6445540200,bcc,2.0,16,234.64780157,3.08396069,3.08396069,6.16792139,6.16792139,6.16792139,yes,CLEANED:0,BCC_SQS,Rh12Ti4
Rh12V4,OK,0,0,0,static_OUTCAR,-125.1319996100,-125.1324958400,bcc,2.0,16,226.57843712,3.04819582,3.04819582,6.09639164,6.09639164,6.09639164,yes,CLEANED:0,BCC_SQS,Rh12V4
Rh12W4,OK,0,0,0,static_OUTCAR,-138.1927904000,-138.1922406600,bcc,2.0,16,237.21311447,3.09515857,3.09515857,6.19031713,6.19031713,6.19031713,yes,CLEANED:0,BCC_SQS,Rh12W4
Rh12Y4,OK,0,0,0,static_OUTCAR,-115.0084549200,-115.0090844000,bcc,2.0,16,267.80441120,3.22286846,3.22286846,6.44573691,6.44573691,6.44573691,yes,CLEANED:0,BCC_SQS,Rh12Y4
Rh12Zn4,OK,0,0,0,static_OUTCAR,-91.3661417100,-91.3664927500,bcc,2.0,16,228.93500796,3.05872717,3.05872717,6.11745434,6.11745434,6.11745434,yes,CLEANED:0,BCC_SQS,Rh12Zn4
Rh12Zr4,OK,0,0,0,static_OUTCAR,-126.1871945900,-126.1892877800,bcc,2.0,16,254.62543796,3.16910966,3.16910966,6.33821932,6.33821932,6.33821932,yes,CLEANED:0,BCC_SQS,Rh12Zr4
Rh4Ru12,OK,0,0,0,static_OUTCAR,-134.7817994500,-134.7817703900,bcc,2.0,16,228.37818983,3.05624533,3.05624533,6.11249066,6.11249066,6.11249066,yes,CLEANED:0,BCC_SQS,Rh4Ru12
Rh4Sc12,OK,0,0,0,static_OUTCAR,-109.4264492900,-109.4261443100,bcc,2.0,16,320.49120853,3.42170090,3.42170090,6.84340181,6.84340181,6.84340181,yes,CLEANED:0,BCC_SQS,Rh4Sc12
Rh4Si12,OK,0,0,0,static_OUTCAR,-94.1810549500,-94.1813094700,bcc,2.0,16,226.61736854,3.04837039,3.04837039,6.09674079,6.09674079,6.09674079,yes,CLEANED:0,BCC_SQS,Rh4Si12
Rh4Sn12,OK,0,0,0,static_OUTCAR,-75.9650763400,-75.9673921300,bcc,2.0,16,361.83028238,3.56291101,3.56291101,7.12582201,7.12582201,7.12582201,yes,CLEANED:0,BCC_SQS,Rh4Sn12
Rh4Ta12,OK,0,0,0,static_OUTCAR,-174.3904540900,-174.3913594400,bcc,2.0,16,274.40189097,3.24911965,3.24911965,6.49823929,6.49823929,6.49823929,yes,CLEANED:0,BCC_SQS,Rh4Ta12
Rh4Tb12,OK,0,0,0,static_OUTCAR,-87.5537732200,-87.5548883600,bcc,2.0,16,400.79880396,3.68648222,3.68648222,7.37296443,7.37296443,7.37296443,yes,CLEANED:0,BCC_SQS,Rh4Tb12
Rh4Ti12,OK,0,0,0,static_OUTCAR,-128.3760872900,-128.3750785200,bcc,2.0,16,252.03755842,3.15833669,3.15833669,6.31667338,6.31667338,6.31667338,yes,CLEANED:0,BCC_SQS,Rh4Ti12
Rh4V12,OK,0,0,0,static_OUTCAR,-140.8494187700,-140.8508428100,bcc,2.0,16,216.83928842,3.00388057,3.00388057,6.00776115,6.00776115,6.00776115,yes,CLEANED:0,BCC_SQS,Rh4V12
Rh4W12,OK,0,0,0,static_OUTCAR,-182.6437678600,-182.6432142900,bcc,2.0,16,252.19405991,3.15899027,3.15899027,6.31798055,6.31798055,6.31798055,yes,CLEANED:0,BCC_SQS,Rh4W12
Rh4Y12,OK,0,0,0,static_OUTCAR,-110.2537062600,-110.2545226400,bcc,2.0,16,404.77150524,3.69862228,3.69862228,7.39724456,7.39724456,7.39724456,yes,CLEANED:0,BCC_SQS,Rh4Y12
Rh4Zn12,OK,0,0,0,static_OUTCAR,-45.2214518000,-45.2221897600,bcc,2.0,16,228.60222476,3.05724438,3.05724438,6.11448876,6.11448876,6.11448876,yes,CLEANED:0,BCC_SQS,Rh4Zn12
Rh4Zr12,OK,0,0,0,static_OUTCAR,-136.1515644100,-136.1521086500,bcc,2.0,16,318.42164296,3.41431981,3.41431981,6.82863961,6.82863961,6.82863961,yes,CLEANED:0,BCC_SQS,Rh4Zr12
Rh8Rh8,OK,0,0,0,static_OUTCAR,-110.4251247900,-110.4295250600,bcc,2.0,16,231.64550509,3.07075120,3.07075120,6.14150240,6.14150240,6.14150240,yes,CLEANED:0,BCC_SQS,Rh8Rh8
Rh8Ru8,OK,0,0,0,static_OUTCAR,-128.7803249800,-128.7796464400,bcc,2.0,16,229.30068153,3.06035485,3.06035485,6.12070970,6.12070970,6.12070970,yes,CLEANED:0,BCC_SQS,Rh8Ru8
Rh8Sc8,OK,0,0,0,static_OUTCAR,-115.6655934600,-115.6656857900,bcc,2.0,16,309.04000000,3.38045300,3.38045300,6.76090601,6.76090601,6.76090601,yes,CLEANED:0,BCC_SQS,Rh8Sc8
Rh8Si8,OK,0,0,0,static_OUTCAR,-107.6467407600,-107.6472108300,bcc,2.0,16,220.76856317,3.02191619,3.02191619,6.04383237,6.04383237,6.04383237,yes,CLEANED:0,BCC_SQS,Rh8Si8
Rh8Sn8,OK,0,0,0,static_OUTCAR,-89.5868272600,-89.5866570300,bcc,2.0,16,295.63011128,3.33083326,3.33083326,6.66166653,6.66166653,6.66166653,yes,CLEANED:0,BCC_SQS,Rh8Sn8
Rh8Ta8,OK,0,0,0,static_OUTCAR,-156.5944189600,-156.5948344900,bcc,2.0,16,259.12762754,3.18767897,3.18767897,6.37535794,6.37535794,6.37535794,yes,CLEANED:0,BCC_SQS,Rh8Ta8
Rh8Tb8,OK,0,0,0,static_OUTCAR,-99.6665733600,-99.6676634000,bcc,2.0,16,320.58313641,3.42202803,3.42202803,6.84405605,6.84405605,6.84405605,yes,CLEANED:0,BCC_SQS,Rh8Tb8
Rh8Ti8,OK,0,0,0,static_OUTCAR,-128.4647258900,-128.4664980200,bcc,2.0,16,240.53573722,3.10954282,3.10954282,6.21908563,6.21908563,6.21908563,yes,CLEANED:0,BCC_SQS,Rh8Ti8
Rh8V8,OK,0,0,0,static_OUTCAR,-133.5407818000,-133.5406956200,bcc,2.0,16,221.90688850,3.02710114,3.02710114,6.05420229,6.05420229,6.05420229,yes,CLEANED:0,BCC_SQS,Rh8V8
Rh8W8,OK,0,0,0,static_OUTCAR,-160.6959380600,-160.6960063400,bcc,2.0,16,244.70341651,3.12739940,3.12739940,6.25479880,6.25479880,6.25479880,yes,CLEANED:0,BCC_SQS,Rh8W8
Rh8Y8,OK,0,0,0,static_OUTCAR,-114.6053593800,-114.6062519500,bcc,2.0,16,320.20233055,3.42067253,3.42067253,6.84134507,6.84134507,6.84134507,yes,CLEANED:0,BCC_SQS,Rh8Y8
Rh8Zn8,OK,0,0,0,static_OUTCAR,-69.6368973400,-69.6382104100,bcc,2.0,16,226.75101439,3.04896953,3.04896953,6.09793905,6.09793905,6.09793905,yes,CLEANED:0,BCC_SQS,Rh8Zn8
Rh8Zr8,OK,0,0,0,static_OUTCAR,-132.9288824000,-132.9279045500,bcc,2.0,16,283.50919157,3.28467485,3.28467485,6.56934970,6.56934970,6.56934970,yes,CLEANED:0,BCC_SQS,Rh8Zr8
Ru12Sc4,OK,0,0,0,static_OUTCAR,-134.7410489500,-134.7419170900,bcc,2.0,16,242.78106682,3.11918842,3.11918842,6.23837683,6.23837683,6.23837683,yes,CLEANED:0,BCC_SQS,Ru12Sc4
Ru12Si4,OK,0,0,0,static_OUTCAR,-132.6872057100,-132.6878582500,bcc,2.0,16,220.61124543,3.02119822,3.02119822,6.04239644,6.04239644,6.04239644,yes,CLEANED:0,BCC_SQS,Ru12Si4
Ru12Sn4,OK,0,0,0,static_OUTCAR,-120.4654157800,-120.4673857800,bcc,2.0,16,251.10708276,3.15444523,3.15444523,6.30889047,6.30889047,6.30889047,yes,CLEANED:0,BCC_SQS,Ru12Sn4
Ru12Ta4,OK,0,0,0,static_OUTCAR,-157.0726360600,-157.0730356000,bcc,2.0,16,241.71992022,3.11463733,3.11463733,6.22927467,6.22927467,6.22927467,yes,CLEANED:0,BCC_SQS,Ru12Ta4
Ru12Tb4,OK,0,0,0,static_OUTCAR,-124.6995083900,-124.6987727200,bcc,2.0,16,263.28830479,3.20464943,3.20464943,6.40929886,6.40929886,6.40929886,yes,CLEANED:0,BCC_SQS,Ru12Tb4
Ru12Ti4,OK,0,0,0,static_OUTCAR,-141.7253086900,-141.7259647900,bcc,2.0,16,231.16533732,3.06862799,3.06862799,6.13725598,6.13725598,6.13725598,yes,CLEANED:0,BCC_SQS,Ru12Ti4
Ru12V4,OK,0,0,0,static_OUTCAR,-145.8591247500,-145.8601617400,bcc,2.0,16,223.40661112,3.03390523,3.03390523,6.06781047,6.06781047,6.06781047,yes,CLEANED:0,BCC_SQS,Ru12V4
Ru12W4,OK,0,0,0,static_OUTCAR,-159.0539170600,-159.0543506000,bcc,2.0,16,235.23881259,3.08654773,3.08654773,6.17309546,6.17309546,6.17309546,yes,CLEANED:0,BCC_SQS,Ru12W4
Ru12Y4,OK,0,0,0,static_OUTCAR,-132.2309958600,-132.2303804300,bcc,2.0,16,262.21204827,3.20027687,3.20027687,6.40055373,6.40055373,6.40055373,yes,CLEANED:0,BCC_SQS,Ru12Y4
Ru12Zn4,OK,0,0,0,static_OUTCAR,-111.3602154500,-111.3571565800,bcc,2.0,16,224.99437041,3.04107563,3.04107563,6.08215127,6.08215127,6.08215127,yes,CLEANED:0,BCC_SQS,Ru12Zn4
Ru12Zr4,OK,0,0,0,static_OUTCAR,-143.9822898800,-143.9840690400,bcc,2.0,16,250.92223666,3.15367102,3.15367102,6.30734205,6.30734205,6.30734205,yes,CLEANED:0,BCC_SQS,Ru12Zr4
Ru4Sc12,OK,0,0,0,static_OUTCAR,-114.2344209100,-114.2332460300,bcc,2.0,16,316.19839486,3.40635488,3.40635488,6.81270976,6.81270976,6.81270976,yes,CLEANED:0,BCC_SQS,Ru4Sc12
Ru4Si12,OK,0,0,0,static_OUTCAR,-101.2300394200,-101.2304638500,bcc,2.0,16,221.90489919,3.02709210,3.02709210,6.05418420,6.05418420,6.05418420,yes,CLEANED:0,BCC_SQS,Ru4Si12
Ru4Sn12,OK,0,0,0,static_OUTCAR,-79.9111488300,-79.9113540800,bcc,2.0,16,354.99542796,3.54033418,3.54033418,7.08066835,7.08066835,7.08066835,yes,CLEANED:0,BCC_SQS,Ru4Sn12
Ru4Ta12,OK,0,0,0,static_OUTCAR,-181.7439956500,-181.7459281000,bcc,2.0,16,272.46582507,3.24146012,3.24146012,6.48292025,6.48292025,6.48292025,yes,CLEANED:0,BCC_SQS,Ru4Ta12
Ru4Tb12,OK,0,0,0,static_OUTCAR,-91.6845391000,-91.6835544900,bcc,2.0,16,392.32088687,3.66030393,3.66030393,7.32060785,7.32060785,7.32060785,yes,CLEANED:0,BCC_SQS,Ru4Tb12
Ru4Ti12,OK,0,0,0,static_OUTCAR,-134.7233519600,-134.7205498200,bcc,2.0,16,250.27772901,3.15096858,3.15096858,6.30193716,6.30193716,6.30193716,yes,CLEANED:0,BCC_SQS,Ru4Ti12
Ru4V12,OK,0,0,0,static_OUTCAR,-148.6539234900,-148.6540778700,bcc,2.0,16,214.66804776,2.99382084,2.99382084,5.98764167,5.98764167,5.98764167,yes,CLEANED:0,BCC_SQS,Ru4V12
Ru4W12,OK,0,0,0,static_OUTCAR,-190.0595473500,-190.0600905200,bcc,2.0,16,248.06400000,3.14165086,3.14165086,6.28330171,6.28330171,6.28330171,yes,CLEANED:0,BCC_SQS,Ru4W12
Ru4Y12,OK,0,0,0,static_OUTCAR,-115.3394359400,-115.3384569900,bcc,2.0,16,452.74800000,3.83933067,3.83933067,7.67866133,7.67866133,7.67866133,yes,CLEANED:0,BCC_SQS,Ru4Y12
Ru4Zn12,OK,0,0,0,static_OUTCAR,-49.4518588600,-49.4518889700,bcc,2.0,16,227.30306425,3.05144187,3.05144187,6.10288374,6.10288374,6.10288374,yes,CLEANED:0,BCC_SQS,Ru4Zn12
Ru4Zr12,OK,0,0,0,static_OUTCAR,-141.6731908400,-141.6713522300,bcc,2.0,16,315.41660734,3.40354520,3.40354520,6.80709041,6.80709041,6.80709041,yes,CLEANED:0,BCC_SQS,Ru4Zr12
Ru8Ru8,OK,0,0,0,static_OUTCAR,-137.7362832100,-137.7388672700,bcc,2.0,16,227.59834935,3.05276266,3.05276266,6.10552531,6.10552531,6.10552531,yes,CLEANED:0,BCC_SQS,Ru8Ru8
Ru8Sc8,OK,0,0,0,static_OUTCAR,-126.5943768000,-126.5935589300,bcc,2.0,16,267.40411464,3.22126188,3.22126188,6.44252375,6.44252375,6.44252375,yes,CLEANED:0,BCC_SQS,Ru8Sc8
Ru8Si8,OK,0,0,0,static_OUTCAR,-120.0770541600,-120.0769279000,bcc,2.0,16,216.35670113,3.00165049,3.00165049,6.00330097,6.00330097,6.00330097,yes,CLEANED:0,BCC_SQS,Ru8Si8
Ru8Sn8,OK,0,0,0,static_OUTCAR,-98.9964818800,-98.9977952700,bcc,2.0,16,289.32352716,3.30697761,3.30697761,6.61395522,6.61395522,6.61395522,yes,CLEANED:0,BCC_SQS,Ru8Sn8
Ru8Ta8,OK,0,0,0,static_OUTCAR,-170.0396624900,-170.0384217100,bcc,2.0,16,256.43299259,3.17659103,3.17659103,6.35318205,6.35318205,6.35318205,yes,CLEANED:0,BCC_SQS,Ru8Ta8
Ru8Tb8,OK,0,0,0,static_OUTCAR,-108.7024060700,-108.7038653100,bcc,2.0,16,312.68852459,3.39370420,3.39370420,6.78740839,6.78740839,6.78740839,yes,CLEANED:0,BCC_SQS,Ru8Tb8
Ru8Ti8,OK,0,0,0,static_OUTCAR,-141.3803279700,-141.3806257800,bcc,2.0,16,249.26400000,3.14670858,3.14670858,6.29341716,6.29341716,6.29341716,yes,CLEANED:0,BCC_SQS,Ru8Ti8
Ru8V8,OK,0,0,0,static_OUTCAR,-147.8732478000,-147.8733333300,bcc,2.0,16,218.94186118,3.01355836,3.01355836,6.02711672,6.02711672,6.02711672,yes,CLEANED:0,BCC_SQS,Ru8V8
Ru8W8,OK,0,0,0,static_OUTCAR,-174.1880611600,-174.1874817500,bcc,2.0,16,243.01848123,3.12020483,3.12020483,6.24040966,6.24040966,6.24040966,yes,CLEANED:0,BCC_SQS,Ru8W8
Ru8Y8,OK,0,0,0,static_OUTCAR,-123.6744345300,-123.6756662800,bcc,2.0,16,312.38710428,3.39261338,3.39261338,6.78522675,6.78522675,6.78522675,yes,CLEANED:0,BCC_SQS,Ru8Y8
Ru8Zn8,OK,0,0,0,static_OUTCAR,-81.2551836600,-81.2540653200,bcc,2.0,16,224.06937692,3.03690244,3.03690244,6.07380487,6.07380487,6.07380487,yes,CLEANED:0,BCC_SQS,Ru8Zn8
Ru8Zr8,OK,0,0,0,static_OUTCAR,-144.5741171500,-144.5738760600,bcc,2.0,16,278.85107412,3.26658611,3.26658611,6.53317223,6.53317223,6.53317223,yes,CLEANED:0,BCC_SQS,Ru8Zr8
Sc12Si4,OK,0,0,0,static_OUTCAR,-99.9912067500,-99.9924410200,bcc,2.0,16,335.61094283,3.47468449,3.47468449,6.94936897,6.94936897,6.94936897,yes,CLEANED:0,BCC_SQS,Sc12Si4
Sc12Sn4,OK,0,0,0,static_OUTCAR,-93.9566631800,-93.9639961100,bcc,2.0,16,380.62548492,3.62356419,3.62356419,7.24712837,7.24712837,7.24712837,yes,CLEANED:0,BCC_SQS,Sc12Sn4
Sc12Ta4,OK,0,0,0,static_OUTCAR,-119.7007982800,-119.7002316800,bcc,2.0,16,352.60882532,3.53238255,3.53238255,7.06476509,7.06476509,7.06476509,yes,CLEANED:0,BCC_SQS,Sc12Ta4
Sc12Tb4,OK,0,0,0,static_OUTCAR,-91.6914757700,-91.6862736800,bcc,2.0,16,425.35147621,3.76027250,3.76027250,7.52054501,7.52054501,7.52054501,yes,CLEANED:0,BCC_SQS,Sc12Tb4
Sc12Ti4,OK,0,0,0,static_OUTCAR,-103.9491545200,-103.9480204900,bcc,2.0,16,362.59903421,3.56543250,3.56543250,7.13086500,7.13086500,7.13086500,yes,CLEANED:0,BCC_SQS,Sc12Ti4
Sc12V4,OK,0,0,0,static_OUTCAR,-108.2174929000,-108.2163357600,bcc,2.0,16,351.23079799,3.52777492,3.52777492,7.05554983,7.05554983,7.05554983,yes,CLEANED:0,BCC_SQS,Sc12V4
Sc12W4,OK,0,0,0,static_OUTCAR,-124.0805349200,-124.0783623500,bcc,2.0,16,330.30235679,3.45626655,3.45626655,6.91253310,6.91253310,6.91253310,yes,CLEANED:0,BCC_SQS,Sc12W4
Sc12Y4,OK,0,0,0,static_OUTCAR,-99.1379069600,-99.1319522500,bcc,2.0,16,427.59788146,3.76688058,3.76688058,7.53376117,7.53376117,7.53376117,yes,CLEANED:0,BCC_SQS,Sc12Y4
Sc12Zn4,OK,0,0,0,static_OUTCAR,-80.1374339800,-80.1358757100,bcc,2.0,16,361.39200001,3.56147185,3.56147185,7.12294370,7.12294370,7.12294370,yes,CLEANED:0,BCC_SQS,Sc12Zn4
Sc12Zr4,OK,0,0,0,static_OUTCAR,-107.7443440200,-107.7422577800,bcc,2.0,16,386.65138620,3.64258640,3.64258640,7.28517280,7.28517280,7.28517280,yes,CLEANED:0,BCC_SQS,Sc12Zr4
Sc4Si12,OK,0,0,0,static_OUTCAR,-90.6009770000,-90.6004460500,bcc,2.0,16,259.22674882,3.18808537,3.18808537,6.37617074,6.37617074,6.37617074,yes,CLEANED:0,BCC_SQS,Sc4Si12
Sc4Sn12,OK,0,0,0,static_OUTCAR,-73.3282586700,-73.3270686600,bcc,2.0,16,409.17908656,3.71199869,3.71199869,7.42399737,7.42399737,7.42399737,yes,CLEANED:0,BCC_SQS,Sc4Sn12
Sc4Ta12,OK,0,0,0,static_OUTCAR,-164.3796222300,-164.3787052400,bcc,2.0,16,317.38400000,3.41060701,3.41060701,6.82121403,6.82121403,6.82121403,yes,CLEANED:0,BCC_SQS,Sc4Ta12
Sc4Tb12,OK,0,0,0,static_OUTCAR,-78.1862710500,-78.1858918900,bcc,2.0,16,487.89021991,3.93620198,3.93620198,7.87240395,7.87240395,7.87240395,yes,CLEANED:0,BCC_SQS,Sc4Tb12
Sc4Ti12,OK,0,0,0,static_OUTCAR,-116.4364798900,-116.4343867100,bcc,2.0,16,299.92470881,3.34688471,3.34688471,6.69376943,6.69376943,6.69376943,yes,CLEANED:0,BCC_SQS,Sc4Ti12
Sc4V12,OK,0,0,0,static_OUTCAR,-129.2818199600,-129.2823041700,bcc,2.0,16,249.78282957,3.14889030,3.14889030,6.29778060,6.29778060,6.29778060,yes,CLEANED:0,BCC_SQS,Sc4V12
Sc4W12,OK,0,0,0,static_OUTCAR,-177.7936008500,-177.7945524200,bcc,2.0,16,270.13842991,3.23220423,3.23220423,6.46440847,6.46440847,6.46440847,yes,CLEANED:0,BCC_SQS,Sc4W12
Sc4Y12,OK,0,0,0,static_OUTCAR,-100.5224143700,-100.5218915700,bcc,2.0,16,492.77212385,3.94928718,3.94928718,7.89857435,7.89857435,7.89857435,yes,CLEANED:0,BCC_SQS,Sc4Y12
Sc4Zn12,OK,0,0,0,static_OUTCAR,-40.4735372800,-40.4751932100,bcc,2.0,16,276.08741860,3.25575870,3.25575870,6.51151740,6.51151740,6.51151740,yes,CLEANED:0,BCC_SQS,Sc4Zn12
Sc4Zr12,OK,0,0,0,static_OUTCAR,-126.1228540700,-126.1231635000,bcc,2.0,16,369.98118303,3.58946632,3.58946632,7.17893265,7.17893265,7.17893265,yes,CLEANED:0,BCC_SQS,Sc4Zr12
Sc8Sc8,OK,0,0,0,static_OUTCAR,-98.3298306300,-98.3270843500,bcc,2.0,16,397.90400001,3.67758545,3.67758545,7.35517090,7.35517090,7.35517090,yes,CLEANED:0,BCC_SQS,Sc8Sc8
Sc8Si8,OK,0,0,0,static_OUTCAR,-98.6818158400,-98.6814925800,bcc,2.0,16,290.42958725,3.31118635,3.31118635,6.62237271,6.62237271,6.62237271,yes,CLEANED:0,BCC_SQS,Sc8Si8
Sc8Sn8,OK,0,0,0,static_OUTCAR,-86.2660542300,-86.2667191500,bcc,2.0,16,382.14691775,3.62838580,3.62838580,7.25677159,7.25677159,7.25677159,no,CLEANED:0,BCC_SQS,Sc8Sn8
Sc8Ta8,OK,0,0,0,static_OUTCAR,-141.3030865400,-141.3050329500,bcc,2.0,16,322.92161260,3.43032848,3.43032848,6.86065695,6.86065695,6.86065695,yes,CLEANED:0,BCC_SQS,Sc8Ta8
Sc8Tb8,OK,0,0,0,static_OUTCAR,-85.0157254900,-85.0138946800,bcc,2.0,16,455.92224820,3.84828239,3.84828239,7.69656477,7.69656477,7.69656477,yes,CLEANED:0,BCC_SQS,Sc8Tb8
Sc8Ti8,OK,0,0,0,static_OUTCAR,-110.5067802800,-110.5071912700,bcc,2.0,16,329.72610715,3.45425543,3.45425543,6.90851087,6.90851087,6.90851087,yes,CLEANED:0,BCC_SQS,Sc8Ti8
Sc8V8,OK,0,0,0,static_OUTCAR,-117.7174093100,-117.7181881800,bcc,2.0,16,302.22221456,3.35540900,3.35540900,6.71081801,6.71081801,6.71081801,yes,CLEANED:0,BCC_SQS,Sc8V8
Sc8W8,OK,0,0,0,static_OUTCAR,-148.8862955800,-148.8868031500,bcc,2.0,16,291.94006426,3.31691674,3.31691674,6.63383349,6.63383349,6.63383349,yes,CLEANED:0,BCC_SQS,Sc8W8
Sc8Y8,OK,0,0,0,static_OUTCAR,-99.9208925000,-99.9215980500,bcc,2.0,16,459.28629889,3.85772413,3.85772413,7.71544826,7.71544826,7.71544826,yes,CLEANED:0,BCC_SQS,Sc8Y8
Sc8Zn8,OK,0,0,0,static_OUTCAR,-61.2853218700,-61.2842603800,bcc,2.0,16,311.82267040,3.39056884,3.39056884,6.78113768,6.78113768,6.78113768,yes,CLEANED:0,BCC_SQS,Sc8Zn8
Sc8Zr8,OK,0,0,0,static_OUTCAR,-117.0372735100,-117.0389583900,bcc,2.0,16,377.92346328,3.61496938,3.61496938,7.22993876,7.22993876,7.22993876,yes,CLEANED:0,BCC_SQS,Sc8Zr8
Si12Sn4,OK,0,0,0,static_OUTCAR,-74.5023801100,-74.5030590200,bcc,2.0,16,293.85338804,3.32414713,3.32414713,6.64829427,6.64829427,6.64829427,yes,CLEANED:0,BCC_SQS,Si12Sn4
Si12Ta4,OK,0,0,0,static_OUTCAR,-109.7779651500,-109.7768331500,bcc,2.0,16,244.51618525,3.12660157,3.12660157,6.25320314,6.25320314,6.25320314,yes,CLEANED:0,BCC_SQS,Si12Ta4
Si12Tb4,OK,0,0,0,static_OUTCAR,-84.3941645400,-84.3935033400,bcc,2.0,16,294.39370187,3.32618328,3.32618328,6.65236656,6.65236656,6.65236656,yes,CLEANED:0,BCC_SQS,Si12Tb4
Si12Ti4,OK,0,0,0,static_OUTCAR,-96.0330548400,-96.0329509100,bcc,2.0,16,232.48315302,3.07444810,3.07444810,6.14889621,6.14889621,6.14889621,yes,CLEANED:0,BCC_SQS,Si12Ti4
Si12V4,OK,0,0,0,static_OUTCAR,-98.9956034600,-98.9964477300,bcc,2.0,16,216.02333609,3.00010803,3.00010803,6.00021607,6.00021607,6.00021607,yes,CLEANED:0,BCC_SQS,Si12V4
Si12W4,OK,0,0,0,static_OUTCAR,-112.6392961300,-112.6385517500,bcc,2.0,16,232.18406955,3.07312914,3.07312914,6.14625828,6.14625828,6.14625828,yes,CLEANED:0,BCC_SQS,Si12W4
Si12Y4,OK,0,0,0,static_OUTCAR,-91.9728104400,-91.9717259700,bcc,2.0,16,293.04719218,3.32110438,3.32110438,6.64220877,6.64220877,6.64220877,yes,CLEANED:0,BCC_SQS,Si12Y4
Si12Zn4,OK,0,0,0,static_OUTCAR,-62.8273187100,-62.8280784100,bcc,2.0,16,243.94717996,3.12417442,3.12417442,6.24834883,6.24834883,6.24834883,no,CLEANED:0,BCC_SQS,Si12Zn4
Si12Zr4,OK,0,0,0,static_OUTCAR,-99.8408707100,-99.8410917000,bcc,2.0,16,264.45449028,3.20937392,3.20937392,6.41874785,6.41874785,6.41874785,yes,CLEANED:0,BCC_SQS,Si12Zr4
Si4Sn12,OK,0,0,0,static_OUTCAR,-64.0074898700,-64.0085040200,bcc,2.0,16,403.08086657,3.69346566,3.69346566,7.38693132,7.38693132,7.38693132,yes,CLEANED:0,BCC_SQS,Si4Sn12
Si4Ta12,OK,0,0,0,static_OUTCAR,-164.7006484200,-164.7017668000,bcc,2.0,16,275.58537098,3.25378404,3.25378404,6.50756808,6.50756808,6.50756808,yes,CLEANED:0,BCC_SQS,Si4Ta12
Si4Tb12,OK,0,0,0,static_OUTCAR,-79.2593089100,-79.2581677400,bcc,2.0,16,427.95868535,3.76793977,3.76793977,7.53587955,7.53587955,7.53587955,yes,CLEANED:0,BCC_SQS,Si4Tb12
Si4Ti12,OK,0,0,0,static_OUTCAR,-118.9152106500,-118.9127325800,bcc,2.0,16,254.50999860,3.16863066,3.16863066,6.33726133,6.33726133,6.33726133,yes,CLEANED:0,BCC_SQS,Si4Ti12
Si4V12,OK,0,0,0,static_OUTCAR,-133.2511564600,-133.2519213500,bcc,2.0,16,210.68484962,2.97518818,2.97518818,5.95037636,5.95037636,5.95037636,yes,CLEANED:0,BCC_SQS,Si4V12
Si4W12,OK,0,0,0,static_OUTCAR,-175.0389880400,-175.0378531900,bcc,2.0,16,247.00597900,3.13717799,3.13717799,6.27435598,6.27435598,6.27435598,yes,CLEANED:0,BCC_SQS,Si4W12
Si4Y12,OK,0,0,0,static_OUTCAR,-102.0148448400,-102.0183377200,bcc,2.0,16,430.68185018,3.77591487,3.77591487,7.55182974,7.55182974,7.55182974,yes,CLEANED:0,BCC_SQS,Si4Y12
Si4Zn12,OK,0,0,0,static_OUTCAR,-31.3229937100,-31.3254891000,bcc,2.0,16,253.24070403,3.16335434,3.16335434,6.32670868,6.32670868,6.32670868,yes,CLEANED:0,BCC_SQS,Si4Zn12
Si4Zr12,OK,0,0,0,static_OUTCAR,-127.1187915600,-127.1203811500,bcc,2.0,16,328.96643447,3.45160058,3.45160058,6.90320116,6.90320116,6.90320116,yes,CLEANED:0,BCC_SQS,Si4Zr12
Si8Si8,OK,0,0,0,static_OUTCAR,-78.4843857600,-78.4848543300,bcc,2.0,16,234.62465880,3.08385930,3.08385930,6.16771861,6.16771861,6.16771861,yes,CLEANED:0,BCC_SQS,Si8Si8
Si8Sn8,OK,0,0,0,static_OUTCAR,-68.4340227400,-68.4349488500,bcc,2.0,16,349.64374033,3.52245340,3.52245340,7.04490681,7.04490681,7.04490681,no,CLEANED:0,BCC_SQS,Si8Sn8
Si8Ta8,OK,0,0,0,static_OUTCAR,-139.4494960000,-139.4487732200,bcc,2.0,16,257.61812826,3.18147717,3.18147717,6.36295434,6.36295434,6.36295434,yes,CLEANED:0,BCC_SQS,Si8Ta8
Si8Tb8,OK,0,0,0,static_OUTCAR,-82.7162961000,-82.7168238200,bcc,2.0,16,352.09342416,3.53066064,3.53066064,7.06132127,7.06132127,7.06132127,yes,CLEANED:0,BCC_SQS,Si8Tb8
Si8Ti8,OK,0,0,0,static_OUTCAR,-110.7465818700,-110.7458277900,bcc,2.0,16,238.87754906,3.10238088,3.10238088,6.20476177,6.20476177,6.20476177,yes,CLEANED:0,BCC_SQS,Si8Ti8
Si8V8,OK,0,0,0,static_OUTCAR,-118.4109821700,-118.4107108500,bcc,2.0,16,209.09541459,2.96768754,2.96768754,5.93537509,5.93537509,5.93537509,yes,CLEANED:0,BCC_SQS,Si8V8
Si8W8,OK,0,0,0,static_OUTCAR,-145.0342525900,-145.0345121500,bcc,2.0,16,236.69014274,3.09288231,3.09288231,6.18576462,6.18576462,6.18576462,yes,CLEANED:0,BCC_SQS,Si8W8
Si8Y8,OK,0,0,0,static_OUTCAR,-97.5071037800,-97.5065983800,bcc,2.0,16,351.50667448,3.52869831,3.52869831,7.05739662,7.05739662,7.05739662,yes,CLEANED:0,BCC_SQS,Si8Y8
Si8Zn8,OK,0,0,0,static_OUTCAR,-46.5501917300,-46.5502206700,bcc,2.0,16,251.18538439,3.15477308,3.15477308,6.30954616,6.30954616,6.30954616,yes,CLEANED:0,BCC_SQS,Si8Zn8
Si8Zr8,OK,0,0,0,static_OUTCAR,-115.9474679900,-115.9465284500,bcc,2.0,16,294.11367951,3.32512834,3.32512834,6.65025668,6.65025668,6.65025668,yes,CLEANED:0,BCC_SQS,Si8Zr8
Sn12Ta4,OK,0,0,0,static_OUTCAR,-88.2236553200,-88.2247911000,bcc,2.0,16,371.98670106,3.59594032,3.59594032,7.19188064,7.19188064,7.19188064,yes,CLEANED:0,BCC_SQS,Sn12Ta4
Sn12Tb4,OK,0,0,0,static_OUTCAR,-68.0498797000,-68.0486659400,bcc,2.0,16,438.37606036,3.79826808,3.79826808,7.59653617,7.59653617,7.59653617,yes,CLEANED:0,BCC_SQS,Sn12Tb4
Sn12Ti4,OK,0,0,0,static_OUTCAR,-75.7317021200,-75.7327345200,bcc,2.0,16,380.38608406,3.62280433,3.62280433,7.24560865,7.24560865,7.24560865,yes,CLEANED:0,BCC_SQS,Sn12Ti4
Sn12V4,OK,0,0,0,static_OUTCAR,-77.4132122300,-77.4126896300,bcc,2.0,16,385.05837121,3.63757699,3.63757699,7.27515398,7.27515398,7.27515398,yes,CLEANED:0,BCC_SQS,Sn12V4
Sn12W4,OK,0,0,0,static_OUTCAR,-89.2111227100,-89.2099215100,bcc,2.0,16,359.93037021,3.55666397,3.55666397,7.11332794,7.11332794,7.11332794,yes,CLEANED:0,BCC_SQS,Sn12W4
Sn12Y4,OK,0,0,0,static_OUTCAR,-75.5977189400,-75.5966270100,bcc,2.0,16,438.07351385,3.79739409,3.79739409,7.59478817,7.59478817,7.59478817,yes,CLEANED:0,BCC_SQS,Sn12Y4
Sn12Zn4,OK,0,0,0,static_OUTCAR,-48.4613031500,-48.4610562300,bcc,2.0,16,408.83858170,3.71096873,3.71096873,7.42193747,7.42193747,7.42193747,yes,CLEANED:0,BCC_SQS,Sn12Zn4
Sn12Zr4,OK,0,0,0,static_OUTCAR,-80.9618008400,-80.9644322100,bcc,2.0,16,398.62559954,3.67980721,3.67980721,7.35961442,7.35961442,7.35961442,yes,CLEANED:0,BCC_SQS,Sn12Zr4
Sn4Ta12,OK,0,0,0,static_OUTCAR,-155.8594929000,-155.8595031200,bcc,2.0,16,305.82075391,3.36867404,3.36867404,6.73734807,6.73734807,6.73734807,yes,CLEANED:0,BCC_SQS,Sn4Ta12
Sn4Tb12,OK,0,0,0,static_OUTCAR,-73.8290684500,-73.8308310600,bcc,2.0,16,471.82256313,3.89250853,3.89250853,7.78501706,7.78501706,7.78501706,yes,CLEANED:0,BCC_SQS,Sn4Tb12
Sn4Ti12,OK,0,0,0,static_OUTCAR,-110.7424101900,-110.7421311300,bcc,2.0,16,295.29731758,3.32958295,3.32958295,6.65916589,6.65916589,6.65916589,yes,CLEANED:0,BCC_SQS,Sn4Ti12
Sn4V12,OK,0,0,0,static_OUTCAR,-122.0989672400,-122.1001405800,bcc,2.0,16,249.79687635,3.14894933,3.14894933,6.29789866,6.29789866,6.29789866,yes,CLEANED:0,BCC_SQS,Sn4V12
Sn4W12,OK,0,0,0,static_OUTCAR,-163.9531203800,-163.9516504900,bcc,2.0,16,275.39329222,3.25302792,3.25302792,6.50605583,6.50605583,6.50605583,yes,CLEANED:0,BCC_SQS,Sn4W12
Sn4Y12,OK,0,0,0,static_OUTCAR,-96.1709982800,-96.1718960000,bcc,2.0,16,506.64799999,3.98601365,3.98601365,7.97202731,7.97202731,7.97202731,yes,CLEANED:0,BCC_SQS,Sn4Y12
Sn4Zn12,OK,0,0,0,static_OUTCAR,-26.4988394400,-26.4993604700,bcc,2.0,16,316.09116198,3.40596977,3.40596977,6.81193953,6.81193953,6.81193953,yes,CLEANED:0,BCC_SQS,Sn4Zn12
Sn4Zr12,OK,0,0,0,static_OUTCAR,-120.2222529000,-120.2215233600,bcc,2.0,16,366.09634055,3.57685883,3.57685883,7.15371767,7.15371767,7.15371767,yes,CLEANED:0,BCC_SQS,Sn4Zr12
Sn8Sn8,OK,0,0,0,static_OUTCAR,-60.2759083800,-60.2762295700,bcc,2.0,16,447.56486206,3.82462329,3.82462329,7.64924658,7.64924658,7.64924658,yes,CLEANED:0,BCC_SQS,Sn8Sn8
Sn8Ta8,OK,0,0,0,static_OUTCAR,-121.9303043900,-121.9300732300,bcc,2.0,16,327.79211530,3.44748860,3.44748860,6.89497720,6.89497720,6.89497720,yes,CLEANED:0,BCC_SQS,Sn8Ta8
Sn8Tb8,OK,0,0,0,static_OUTCAR,-73.0595192900,-73.0600907400,bcc,2.0,16,443.29952856,3.81243482,3.81243482,7.62486964,7.62486964,7.62486964,yes,CLEANED:0,BCC_SQS,Sn8Tb8
Sn8Ti8,OK,0,0,0,static_OUTCAR,-94.6158700700,-94.6161811800,bcc,2.0,16,326.11450532,3.44159723,3.44159723,6.88319445,6.88319445,6.88319445,yes,CLEANED:0,BCC_SQS,Sn8Ti8
Sn8V8,OK,0,0,0,static_OUTCAR,-99.5331595600,-99.5302297400,bcc,2.0,16,307.84506850,3.37609043,3.37609043,6.75218087,6.75218087,6.75218087,yes,CLEANED:0,BCC_SQS,Sn8V8
Sn8W8,OK,0,0,0,static_OUTCAR,-124.0187967200,-124.0185611000,bcc,2.0,16,305.09768099,3.36601701,3.36601701,6.73203402,6.73203402,6.73203402,yes,CLEANED:0,BCC_SQS,Sn8W8
Sn8Y8,OK,0,0,0,static_OUTCAR,-88.2252291800,-88.2248963600,bcc,2.0,16,443.45271343,3.81287391,3.81287391,7.62574781,7.62574781,7.62574781,yes,CLEANED:0,BCC_SQS,Sn8Y8
Sn8Zn8,OK,0,0,0,static_OUTCAR,-37.7978541300,-37.7975215000,bcc,2.0,16,369.27408075,3.58717816,3.58717816,7.17435631,7.17435631,7.17435631,no,CLEANED:0,BCC_SQS,Sn8Zn8
Sn8Zr8,OK,0,0,0,static_OUTCAR,-102.7584949700,-102.7571701100,bcc,2.0,16,371.71541592,3.59506595,3.59506595,7.19013190,7.19013190,7.19013190,yes,CLEANED:0,BCC_SQS,Sn8Zr8
Ta12Tb4,OK,0,0,0,static_OUTCAR,-154.9871656200,-154.9886152800,bcc,2.0,16,321.76478650,3.42622733,3.42622733,6.85245467,6.85245467,6.85245467,yes,CLEANED:0,BCC_SQS,Ta12Tb4
Ta12Ti4,OK,0,0,0,static_OUTCAR,-172.3163131000,-172.3222561600,bcc,2.0,16,288.28489413,3.30301566,3.30301566,6.60603133,6.60603133,6.60603133,yes,CLEANED:0,BCC_SQS,Ta12Ti4
Ta12V4,OK,0,0,0,static_OUTCAR,-177.0186129800,-177.0189992100,bcc,2.0,16,276.27747576,3.25650561,3.25650561,6.51301122,6.51301122,6.51301122,yes,CLEANED:0,BCC_SQS,Ta12V4
Ta12W4,OK,0,0,0,static_OUTCAR,-194.1245238200,-194.1267657800,bcc,2.0,16,281.91285886,3.27849833,3.27849833,6.55699665,6.55699665,6.55699665,yes,CLEANED:0,BCC_SQS,Ta12W4
Ta12Y4,OK,0,0,0,static_OUTCAR,-162.5126711200,-162.5142192600,bcc,2.0,16,322.20667154,3.42779505,3.42779505,6.85559010,6.85559010,6.85559010,yes,CLEANED:0,BCC_SQS,Ta12Y4
Ta12Zn4,OK,0,0,0,static_OUTCAR,-144.5086598500,-144.5093640200,bcc,2.0,16,281.15243675,3.27554790,3.27554790,6.55109580,6.55109580,6.55109580,yes,CLEANED:0,BCC_SQS,Ta12Zn4
Ta12Zr4,OK,0,0,0,static_OUTCAR,-174.4245533300,-174.4247296000,bcc,2.0,16,306.96291061,3.37286252,3.37286252,6.74572503,6.74572503,6.74572503,yes,CLEANED:0,BCC_SQS,Ta12Zr4
Ta4Tb12,OK,0,0,0,static_OUTCAR,-97.6521180700,-97.6524096700,bcc,2.0,16,424.04589467,3.75642128,3.75642128,7.51284256,7.51284256,7.51284256,yes,CLEANED:0,BCC_SQS,Ta4Tb12
Ta4Ti12,OK,0,0,0,static_OUTCAR,-139.5211265200,-139.5188610500,bcc,2.0,16,278.38196940,3.26475332,3.26475332,6.52950664,6.52950664,6.52950664,yes,CLEANED:0,BCC_SQS,Ta4Ti12
Ta4V12,OK,0,0,0,static_OUTCAR,-154.3778517200,-154.3803362700,bcc,2.0,16,237.56188089,3.09667472,3.09667472,6.19334945,6.19334945,6.19334945,yes,CLEANED:0,BCC_SQS,Ta4V12
Ta4W12,OK,0,0,0,static_OUTCAR,-203.9035503300,-203.9027639600,bcc,2.0,16,265.41182503,3.21324194,3.21324194,6.42648388,6.42648388,6.42648388,yes,CLEANED:0,BCC_SQS,Ta4W12
Ta4Y12,OK,0,0,0,static_OUTCAR,-120.2133205800,-120.2131607700,bcc,2.0,16,429.89844405,3.77362403,3.77362403,7.54724806,7.54724806,7.54724806,yes,CLEANED:0,BCC_SQS,Ta4Y12
Ta4Zn12,OK,0,0,0,static_OUTCAR,-58.8255596200,-58.8258711000,bcc,2.0,16,254.75614663,3.16965184,3.16965184,6.33930368,6.33930368,6.33930368,yes,CLEANED:0,BCC_SQS,Ta4Zn12
Ta4Zr12,OK,0,0,0,static_OUTCAR,-147.8878673700,-147.8870196900,bcc,2.0,16,341.77257990,3.49582011,3.49582011,6.99164022,6.99164022,6.99164022,yes,CLEANED:0,BCC_SQS,Ta4Zr12
Ta8Ta8,OK,0,0,0,static_OUTCAR,-189.0288376100,-189.0279868100,bcc,2.0,16,292.77339801,3.32006976,3.32006976,6.64013952,6.64013952,6.64013952,yes,CLEANED:0,BCC_SQS,Ta8Ta8
Ta8Tb8,OK,0,0,0,static_OUTCAR,-125.2610298400,-125.2617880800,bcc,2.0,16,361.97035434,3.56337071,3.56337071,7.12674141,7.12674141,7.12674141,yes,CLEANED:0,BCC_SQS,Ta8Tb8
Ta8Ti8,OK,0,0,0,static_OUTCAR,-155.8623297900,-155.8622390500,bcc,2.0,16,282.59897008,3.28115588,3.28115588,6.56231175,6.56231175,6.56231175,yes,CLEANED:0,BCC_SQS,Ta8Ti8
Ta8V8,OK,0,0,0,static_OUTCAR,-165.4681148500,-165.4694579300,bcc,2.0,16,257.81789650,3.18229931,3.18229931,6.36459862,6.36459862,6.36459862,yes,CLEANED:0,BCC_SQS,Ta8V8
Ta8W8,OK,0,0,0,static_OUTCAR,-199.3183384000,-199.3196324500,bcc,2.0,16,272.19989896,3.24040523,3.24040523,6.48081046,6.48081046,6.48081046,yes,CLEANED:0,BCC_SQS,Ta8W8
Ta8Y8,OK,0,0,0,static_OUTCAR,-140.3344616800,-140.3356226200,bcc,2.0,16,364.57740671,3.57190518,3.57190518,7.14381036,7.14381036,7.14381036,yes,CLEANED:0,BCC_SQS,Ta8Y8
Ta8Zn8,OK,0,0,0,static_OUTCAR,-101.8451643600,-101.8444827900,bcc,2.0,16,267.22868378,3.22055729,3.22055729,6.44111457,6.44111457,6.44111457,yes,CLEANED:0,BCC_SQS,Ta8Zn8
Ta8Zr8,OK,0,0,0,static_OUTCAR,-160.7835421500,-160.7835977700,bcc,2.0,16,323.56168954,3.43259345,3.43259345,6.86518690,6.86518690,6.86518690,yes,CLEANED:0,BCC_SQS,Ta8Zr8
Tb12Ti4,OK,0,0,0,static_OUTCAR,-82.8807075100,-82.8781796100,bcc,2.0,16,454.95727671,3.84556547,3.84556547,7.69113094,7.69113094,7.69113094,yes,CLEANED:0,BCC_SQS,Tb12Ti4
Tb12V4,OK,0,0,0,static_OUTCAR,-85.4506074700,-85.4497553800,bcc,2.0,16,445.50921525,3.81875886,3.81875886,7.63751771,7.63751771,7.63751771,yes,CLEANED:0,BCC_SQS,Tb12V4
Tb12W4,OK,0,0,0,static_OUTCAR,-101.0717743000,-101.0700454400,bcc,2.0,16,399.58558320,3.68275879,3.68275879,7.36551758,7.36551758,7.36551758,yes,CLEANED:0,BCC_SQS,Tb12W4
Tb12Y4,OK,0,0,0,static_OUTCAR,-78.3325503800,-78.3315361300,bcc,2.0,16,522.10399999,4.02614129,4.02614129,8.05228257,8.05228257,8.05228257,yes,CLEANED:0,BCC_SQS,Tb12Y4
Tb12Zn4,OK,0,0,0,static_OUTCAR,-59.8245899900,-59.8227148100,bcc,2.0,16,446.39468692,3.82128717,3.82128717,7.64257435,7.64257435,7.64257435,yes,CLEANED:0,BCC_SQS,Tb12Zn4
Tb12Zr4,OK,0,0,0,static_OUTCAR,-86.2589871000,-86.2599049700,bcc,2.0,16,468.39897100,3.88307085,3.88307085,7.76614171,7.76614171,7.76614171,yes,CLEANED:0,BCC_SQS,Tb12Zr4
Tb4Ti12,OK,0,0,0,static_OUTCAR,-108.6352215700,-108.6319609000,bcc,2.0,16,324.36915126,3.43544647,3.43544647,6.87089294,6.87089294,6.87089294,yes,CLEANED:0,BCC_SQS,Tb4Ti12
Tb4V12,OK,0,0,0,static_OUTCAR,-119.6270048000,-119.6259285000,bcc,2.0,16,265.23860107,3.21254274,3.21254274,6.42508547,6.42508547,6.42508547,yes,CLEANED:0,BCC_SQS,Tb4V12
Tb4W12,OK,0,0,0,static_OUTCAR,-166.5635355100,-166.5617405000,bcc,2.0,16,285.80667722,3.29352371,3.29352371,6.58704743,6.58704743,6.58704743,yes,CLEANED:0,BCC_SQS,Tb4W12
Tb4Y12,OK,0,0,0,static_OUTCAR,-93.4061981300,-93.4070092900,bcc,2.0,16,526.21600000,4.03668339,4.03668339,8.07336677,8.07336677,8.07336677,yes,CLEANED:0,BCC_SQS,Tb4Y12
Tb4Zn12,OK,0,0,0,static_OUTCAR,-33.5048269400,-33.5070454700,bcc,2.0,16,313.58994163,3.39696219,3.39696219,6.79392437,6.79392437,6.79392437,yes,CLEANED:0,BCC_SQS,Tb4Zn12
Tb4Zr12,OK,0,0,0,static_OUTCAR,-118.3387556200,-118.3402799800,bcc,2.0,16,402.66399999,3.69219196,3.69219196,7.38438392,7.38438392,7.38438392,yes,CLEANED:0,BCC_SQS,Tb4Zr12
Tb8Tb8,OK,0,0,0,static_OUTCAR,-70.8078907000,-70.8051903500,bcc,2.0,16,520.04799999,4.02084947,4.02084947,8.04169894,8.04169894,8.04169894,yes,CLEANED:0,BCC_SQS,Tb8Tb8
Tb8Ti8,OK,0,0,0,static_OUTCAR,-95.0370767500,-95.0361871700,bcc,2.0,16,390.10988463,3.65341485,3.65341485,7.30682969,7.30682969,7.30682969,yes,CLEANED:0,BCC_SQS,Tb8Ti8
Tb8V8,OK,0,0,0,static_OUTCAR,-102.1089585600,-102.1087794600,bcc,2.0,16,363.43763753,3.56817904,3.56817904,7.13635808,7.13635808,7.13635808,yes,CLEANED:0,BCC_SQS,Tb8V8
Tb8W8,OK,0,0,0,static_OUTCAR,-130.6649944100,-130.6648227500,bcc,2.0,16,331.28605685,3.45969428,3.45969428,6.91938856,6.91938856,6.91938856,yes,CLEANED:0,BCC_SQS,Tb8W8
Tb8Y8,OK,0,0,0,static_OUTCAR,-85.8719622600,-85.8707424700,bcc,2.0,16,524.15999999,4.03141923,4.03141923,8.06283846,8.06283846,8.06283846,yes,CLEANED:0,BCC_SQS,Tb8Y8
Tb8Zn8,OK,0,0,0,static_OUTCAR,-48.0709528300,-48.0719365700,bcc,2.0,16,377.43551265,3.61341290,3.61341290,7.22682581,7.22682581,7.22682581,yes,CLEANED:0,BCC_SQS,Tb8Zn8
Tb8Zr8,OK,0,0,0,static_OUTCAR,-102.3326689300,-102.3344406100,bcc,2.0,16,424.22254897,3.75694284,3.75694284,7.51388568,7.51388568,7.51388568,yes,CLEANED:0,BCC_SQS,Tb8Zr8
Ti12V4,OK,0,0,0,static_OUTCAR,-128.2748579500,-128.2738771300,bcc,2.0,16,261.86617129,3.19886911,3.19886911,6.39773822,6.39773822,6.39773822,yes,CLEANED:0,BCC_SQS,Ti12V4
Ti12W4,OK,0,0,0,static_OUTCAR,-144.8333609600,-144.8353242200,bcc,2.0,16,264.64947012,3.21016248,3.21016248,6.42032495,6.42032495,6.42032495,yes,CLEANED:0,BCC_SQS,Ti12W4
Ti12Y4,OK,0,0,0,static_OUTCAR,-116.0598851700,-116.0565290800,bcc,2.0,16,322.60255551,3.42919834,3.42919834,6.85839669,6.85839669,6.85839669,yes,CLEANED:0,BCC_SQS,Ti12Y4
Ti12Zn4,OK,0,0,0,static_OUTCAR,-98.3500896300,-98.3490989100,bcc,2.0,16,263.20417939,3.20430808,3.20430808,6.40861616,6.40861616,6.40861616,yes,CLEANED:0,BCC_SQS,Ti12Zn4
Ti12Zr4,OK,0,0,0,static_OUTCAR,-126.3915495100,-126.3901640900,bcc,2.0,16,297.83064793,3.33907725,3.33907725,6.67815450,6.67815450,6.67815450,yes,CLEANED:0,BCC_SQS,Ti12Zr4
Ti4V12,OK,0,0,0,static_OUTCAR,-138.1537733500,-138.1557838400,bcc,2.0,16,228.67629047,3.05757452,3.05757452,6.11514904,6.11514904,6.11514904,yes,CLEANED:0,BCC_SQS,Ti4V12
Ti4W12,OK,0,0,0,static_OUTCAR,-187.5847772200,-187.5870889300,bcc,2.0,16,256.70261152,3.17770395,3.17770395,6.35540789,6.35540789,6.35540789,yes,CLEANED:0,BCC_SQS,Ti4W12
Ti4Y12,OK,0,0,0,static_OUTCAR,-105.1527536000,-105.1503078100,bcc,2.0,16,452.99609320,3.84003182,3.84003182,7.68006364,7.68006364,7.68006364,yes,CLEANED:0,BCC_SQS,Ti4Y12
Ti4Zn12,OK,0,0,0,static_OUTCAR,-45.2434255000,-45.2438750000,bcc,2.0,16,256.98000000,3.17884813,3.17884813,6.35769625,6.35769625,6.35769625,yes,CLEANED:0,BCC_SQS,Ti4Zn12
Ti4Zr12,OK,0,0,0,static_OUTCAR,-132.2088813400,-132.2077096300,bcc,2.0,16,343.27966028,3.50095097,3.50095097,7.00190193,7.00190193,7.00190193,yes,CLEANED:0,BCC_SQS,Ti4Zr12
Ti8Ti8,OK,0,0,0,static_OUTCAR,-123.1057876900,-123.1053522200,bcc,2.0,16,274.94403669,3.25125804,3.25125804,6.50251608,6.50251608,6.50251608,yes,CLEANED:0,BCC_SQS,Ti8Ti8
Ti8V8,OK,0,0,0,static_OUTCAR,-132.9593405900,-132.9600802100,bcc,2.0,16,244.12112110,3.12491678,3.12491678,6.24983356,6.24983356,6.24983356,yes,CLEANED:0,BCC_SQS,Ti8V8
Ti8W8,OK,0,0,0,static_OUTCAR,-165.9842013300,-165.9838280700,bcc,2.0,16,259.25189519,3.18818845,3.18818845,6.37637690,6.37637690,6.37637690,yes,CLEANED:0,BCC_SQS,Ti8W8
Ti8Y8,OK,0,0,0,static_OUTCAR,-110.2593755100,-110.2606838200,bcc,2.0,16,384.58049672,3.63607157,3.63607157,7.27214314,7.27214314,7.27214314,yes,CLEANED:0,BCC_SQS,Ti8Y8
Ti8Zn8,OK,0,0,0,static_OUTCAR,-72.5699175000,-72.5711475100,bcc,2.0,16,253.84983931,3.16588865,3.16588865,6.33177729,6.33177729,6.33177729,yes,CLEANED:0,BCC_SQS,Ti8Zn8
Ti8Zr8,OK,0,0,0,static_OUTCAR,-129.1861406400,-129.1861172700,bcc,2.0,16,320.67859207,3.42236764,3.42236764,6.84473527,6.84473527,6.84473527,yes,CLEANED:0,BCC_SQS,Ti8Zr8
V12W4,OK,0,0,0,static_OUTCAR,-160.2323794900,-160.2311323500,bcc,2.0,16,227.18164329,3.05089843,3.05089843,6.10179687,6.10179687,6.10179687,yes,CLEANED:0,BCC_SQS,V12W4
V12Y4,OK,0,0,0,static_OUTCAR,-127.1751061200,-127.1740434600,bcc,2.0,16,269.93314469,3.23138528,3.23138528,6.46277056,6.46277056,6.46277056,yes,CLEANED:0,BCC_SQS,V12Y4
V12Zn4,OK,0,0,0,static_OUTCAR,-111.5679189000,-111.5665367400,bcc,2.0,16,218.70406262,3.01246693,3.01246693,6.02493386,6.02493386,6.02493386,yes,CLEANED:0,BCC_SQS,V12Zn4
V12Zr4,OK,0,0,0,static_OUTCAR,-139.2158327900,-139.2168965100,bcc,2.0,16,250.18400000,3.15057519,3.15057519,6.30115037,6.30115037,6.30115037,yes,CLEANED:0,BCC_SQS,V12Zr4
V4W12,OK,0,0,0,static_OUTCAR,-192.5666348400,-192.5664373700,bcc,2.0,16,248.33159682,3.14278013,3.14278013,6.28556025,6.28556025,6.28556025,yes,CLEANED:0,BCC_SQS,V4W12
V4Y12,OK,0,0,0,static_OUTCAR,-107.8807823100,-107.8789215200,bcc,2.0,16,449.78808736,3.83094562,3.83094562,7.66189124,7.66189124,7.66189124,yes,CLEANED:0,BCC_SQS,V4Y12
V4Zn12,OK,0,0,0,static_OUTCAR,-48.2060407100,-48.2059589900,bcc,2.0,16,229.79074228,3.06253349,3.06253349,6.12506699,6.12506699,6.12506699,yes,CLEANED:0,BCC_SQS,V4Zn12
V4Zr12,OK,0,0,0,static_OUTCAR,-135.8897718000,-135.8881813700,bcc,2.0,16,332.99426791,3.46563050,3.46563050,6.93126100,6.93126100,6.93126100,yes,CLEANED:0,BCC_SQS,V4Zr12
V8V8,OK,0,0,0,static_OUTCAR,-143.8703233000,-143.8739988100,bcc,2.0,16,215.52995510,2.99782229,2.99782229,5.99564457,5.99564457,5.99564457,yes,CLEANED:0,BCC_SQS,V8V8
V8W8,OK,0,0,0,static_OUTCAR,-176.5347931600,-176.5365696700,bcc,2.0,16,233.87999999,3.08059330,3.08059330,6.16118659,6.16118659,6.16118659,yes,CLEANED:0,BCC_SQS,V8W8
V8Y8,OK,0,0,0,static_OUTCAR,-116.6523109600,-116.6520661000,bcc,2.0,16,370.67119593,3.59169638,3.59169638,7.18339277,7.18339277,7.18339277,yes,CLEANED:0,BCC_SQS,V8Y8
V8Zn8,OK,0,0,0,static_OUTCAR,-80.0286557000,-80.0286550800,bcc,2.0,16,222.20396735,3.02845139,3.02845139,6.05690278,6.05690278,6.05690278,yes,CLEANED:0,BCC_SQS,V8Zn8
V8Zr8,OK,0,0,0,static_OUTCAR,-136.9760700900,-136.9763426400,bcc,2.0,16,290.36644525,3.31094638,3.31094638,6.62189275,6.62189275,6.62189275,yes,CLEANED:0,BCC_SQS,V8Zr8
W12Y4,OK,0,0,0,static_OUTCAR,-174.1378131500,-174.1370133100,bcc,2.0,16,285.93213773,3.29400556,3.29400556,6.58801112,6.58801112,6.58801112,yes,CLEANED:0,BCC_SQS,W12Y4
W12Zn4,OK,0,0,0,static_OUTCAR,-156.1839957200,-156.1828153300,bcc,2.0,16,252.32514312,3.15953750,3.15953750,6.31907499,6.31907499,6.31907499,yes,CLEANED:0,BCC_SQS,W12Zn4
W12Zr4,OK,0,0,0,static_OUTCAR,-188.2668574400,-188.2674590500,bcc,2.0,16,274.33855858,3.24886966,3.24886966,6.49773932,6.49773932,6.49773932,yes,CLEANED:0,BCC_SQS,W12Zr4
W4Y12,OK,0,0,0,static_OUTCAR,-123.6455441600,-123.6451128400,bcc,2.0,16,404.61983478,3.69816026,3.69816026,7.39632052,7.39632052,7.39632052,yes,CLEANED:0,BCC_SQS,W4Y12
W4Zn12,OK,0,0,0,static_OUTCAR,-61.5774435600,-61.5778619300,bcc,2.0,16,239.97268633,3.10711463,3.10711463,6.21422925,6.21422925,6.21422925,yes,CLEANED:0,BCC_SQS,W4Zn12
W4Zr12,OK,0,0,0,static_OUTCAR,-152.1160848800,-152.1169041800,bcc,2.0,16,327.49130146,3.44643369,3.44643369,6.89286739,6.89286739,6.89286739,yes,CLEANED:0,BCC_SQS,W4Zr12
W8W8,OK,0,0,0,static_OUTCAR,-207.3207902100,-207.3219892300,bcc,2.0,16,258.76622528,3.18619634,3.18619634,6.37239268,6.37239268,6.37239268,yes,CLEANED:0,BCC_SQS,W8W8
W8Y8,OK,0,0,0,static_OUTCAR,-146.3440564600,-146.3433438600,bcc,2.0,16,332.26952160,3.46311441,3.46311441,6.92622882,6.92622882,6.92622882,yes,CLEANED:0,BCC_SQS,W8Y8
W8Zn8,OK,0,0,0,static_OUTCAR,-107.6513900100,-107.6508546600,bcc,2.0,16,244.62524507,3.12706635,3.12706635,6.25413269,6.25413269,6.25413269,yes,CLEANED:0,BCC_SQS,W8Zn8
W8Zr8,OK,0,0,0,static_OUTCAR,-169.1714752200,-169.1703163000,bcc,2.0,16,297.65819811,3.33843266,3.33843266,6.67686532,6.67686532,6.67686532,yes,CLEANED:0,BCC_SQS,W8Zr8
Y12Zn4,OK,0,0,0,static_OUTCAR,-82.1752261400,-82.1747631300,bcc,2.0,16,450.30544278,3.83241387,3.83241387,7.66482774,7.66482774,7.66482774,yes,CLEANED:0,BCC_SQS,Y12Zn4
Y12Zr4,OK,0,0,0,static_OUTCAR,-108.7407180500,-108.7406144200,bcc,2.0,16,473.85468429,3.89808882,3.89808882,7.79617764,7.79617764,7.79617764,yes,CLEANED:0,BCC_SQS,Y12Zr4
Y4Zn12,OK,0,0,0,static_OUTCAR,-41.0631350500,-41.0650918000,bcc,2.0,16,313.25235831,3.39574279,3.39574279,6.79148558,6.79148558,6.79148558,yes,CLEANED:0,BCC_SQS,Y4Zn12
Y4Zr12,OK,0,0,0,static_OUTCAR,-125.7780013300,-125.7791005500,bcc,2.0,16,392.52518113,3.66093916,3.66093916,7.32187833,7.32187833,7.32187833,yes,CLEANED:0,BCC_SQS,Y4Zr12
Y8Y8,OK,0,0,0,static_OUTCAR,-100.9501200500,-100.9533293500,bcc,2.0,16,526.89444719,4.03841747,4.03841747,8.07683493,8.07683493,8.07683493,yes,CLEANED:0,BCC_SQS,Y8Y8
Y8Zn8,OK,0,0,0,static_OUTCAR,-63.1877194800,-63.1895114400,bcc,2.0,16,379.13420547,3.61882565,3.61882565,7.23765131,7.23765131,7.23765131,yes,CLEANED:0,BCC_SQS,Y8Zn8
Y8Zr8,OK,0,0,0,static_OUTCAR,-117.4038775200,-117.4054808700,bcc,2.0,16,428.96445300,3.77088921,3.77088921,7.54177842,7.54177842,7.54177842,yes,CLEANED:0,BCC_SQS,Y8Zr8
Zn12Zr4,OK,0,0,0,static_OUTCAR,-48.6619726300,-48.6599254100,bcc,2.0,16,278.58545845,3.26554860,3.26554860,6.53109721,6.53109721,6.53109721,yes,CLEANED:0,BCC_SQS,Zn12Zr4
Zn4Zr12,OK,0,0,0,static_OUTCAR,-107.1261821100,-107.1259531000,bcc,2.0,16,337.57871668,3.48146225,3.48146225,6.96292450,6.96292450,6.96292450,yes,CLEANED:0,BCC_SQS,Zn4Zr12
Zn8Zn8,OK,0,0,0,static_OUTCAR,-16.3247861600,-16.3259923400,bcc,2.0,16,247.57546951,3.13958714,3.13958714,6.27917428,6.27917428,6.27917428,yes,CLEANED:0,BCC_SQS,Zn8Zn8
Zn8Zr8,OK,0,0,0,static_OUTCAR,-78.4700734500,-78.4706353600,bcc,2.0,16,306.29304575,3.37040727,3.37040727,6.74081454,6.74081454,6.74081454,yes,CLEANED:0,BCC_SQS,Zn8Zr8
Zr8Zr8,OK,0,0,0,static_OUTCAR,-135.0124805500,-135.0073572400,bcc,2.0,16,365.09474982,3.57359392,3.57359392,7.14718783,7.14718783,7.14718783,yes,CLEANED:0,BCC_SQS,Zr8Zr8
Ag16Ag16,SKIP,,,,static_OUTCAR,-87.0597856000,-87.0665044500,fcc,4.0,32,570.88000001,4.14780452,,8.29560904,8.29560904,8.29560904,yes,SKIP_EXISTING_OUTCAR,FCC_SQS,Ag16Ag16
Ag16Al16,SKIP,,,,static_OUTCAR,-104.1393145200,-104.1391433700,fcc,4.0,32,545.07886960,4.08435159,,8.16870318,8.16870318,8.16870318,yes,SKIP_EXISTING_OUTCAR,FCC_SQS,Ag16Al16
Ag16Au16,SKIP,,,,static_OUTCAR,-96.4941003100,-96.4960321800,fcc,4.0,32,571.31828811,4.14886573,,8.29773146,8.29773146,8.29773146,yes,SKIP_EXISTING_OUTCAR,FCC_SQS,Ag16Au16
Ag16Be16,SKIP,,,,static_OUTCAR,-97.0317900700,-97.0322015900,fcc,4.0,32,442.76084635,3.81088995,,7.62177990,7.62177990,7.62177990,no,SKIP_EXISTING_OUTCAR,FCC_SQS,Ag16Be16
Ag16Ca16,SKIP,,,,static_OUTCAR,-80.0742867500,-80.0736964800,fcc,4.0,32,851.02359372,4.73824163,,9.47648327,9.47648327,9.47648327,yes,SKIP_EXISTING_OUTCAR,FCC_SQS,Ag16Ca16
Ag16Co16,SKIP,,,,static_OUTCAR,-145.0913534200,-145.0884993300,fcc,4.0,32,462.19042628,3.86583802,,7.73167604,7.73167604,7.73167604,yes,SKIP_EXISTING_OUTCAR,FCC_SQS,Ag16Co16
Ag16Cr16,SKIP,,,,relax_OUTCAR,-182.1275525900,-182.1252077500,fcc,4.0,32,510.87276885,3.99706235,,7.99412469,7.99412469,7.99412469,yes,SKIP_EXISTING_OUTCAR,FCC_SQS,Ag16Cr16
Ag16Cu16,SKIP,,,,static_OUTCAR,-100.3649987800,-100.3668795000,fcc,4.0,32,479.93140898,3.91468116,,7.82936231,7.82936231,7.82936231,yes,SKIP_EXISTING_OUTCAR,FCC_SQS,Ag16Cu16
Ag16Dy16,SKIP,,,,static_OUTCAR,-120.1408068500,-120.1404931700,fcc,4.0,32,774.69823541,4.59213020,,9.18426040,9.18426040,9.18426040,no,SKIP_EXISTING_OUTCAR,FCC_SQS,Ag16Dy16
Ag16Er16,SKIP,,,,static_OUTCAR,-119.6874105400,-119.6865824900,fcc,4.0,32,782.44800001,4.60739202,,9.21478404,9.21478404,9.21478404,no,SKIP_EXISTING_OUTCAR,FCC_SQS,Ag16Er16
Ag16Fe16,SKIP,,,,static_OUTCAR,-165.3448984700,-165.3442505200,fcc,4.0,32,480.46443182,3.91612987,,7.83225973,7.83225973,7.83225973,yes,SKIP_EXISTING_OUTCAR,FCC_SQS,Ag16Fe16
Ag16Ge16,SKIP,,,,static_OUTCAR,-109.9686717100,-109.9692139400,fcc,4.0,32,592.99205843,4.20068030,,8.40136060,8.40136060,8.40136060,yes,SKIP_EXISTING_OUTCAR,FCC_SQS,Ag16Ge16
Ag16Hf16,SKIP,,,,static_OUTCAR,-200.0355530100,-200.0342700400,fcc,4.0,32,639.13855320,4.30693525,,8.61387050,8.61387050,8.61387050,yes,SKIP_EXISTING_OUTCAR,FCC_SQS,Ag16Hf16
Ag16Ir16,SKIP,,,,static_OUTCAR,-174.0439816700,-174.0455830800,fcc,4.0,32,502.41612802,3.97488463,,7.94976927,7.94976927,7.94976927,yes,SKIP_EXISTING_OUTCAR,FCC_SQS,Ag16Ir16
Ag16La16,SKIP,,,,relax_OUTCAR,-125.3071195600,-125.3037087600,fcc,4.0,32,856.49137335,4.74836763,,9.49673525,9.49673525,9.49673525,no,SKIP_EXISTING_OUTCAR,FCC_SQS,Ag16La16
Ag16Mg16,SKIP,,,,static_OUTCAR,-71.5046385100,-71.5081422800,fcc,4.0,32,651.98400000,4.33559776,,8.67119553,8.67119553,8.67119553,yes,SKIP_EXISTING_OUTCAR,FCC_SQS,Ag16Mg16
Ag16Mn16,SKIP,,,,static_OUTCAR,-176.5480383300,-176.5487766400,fcc,4.0,32,526.44670849,4.03727323,,8.07454647,8.07454647,8.07454647,yes,SKIP_EXISTING_OUTCAR,FCC_SQS,Ag16Mn16
Ag16Mo16,SKIP,,,,static_OUTCAR,-203.3571301600,-203.3579187900,fcc,4.0,32,525.54631070,4.03497023,,8.06994046,8.06994046,8.06994046,yes,SKIP_EXISTING_OUTCAR,FCC_SQS,Ag16Mo16
Ag16Nb16,SKIP,,,,static_OUTCAR,-196.2245568200,-196.2241184200,fcc,4.0,32,577.89605373,4.16472740,,8.32945481,8.32945481,8.32945481,yes,SKIP_EXISTING_OUTCAR,FCC_SQS,Ag16Nb16
Ag16Ni16,SKIP,,,,static_OUTCAR,-123.9619263100,-123.9652238000,fcc,4.0,32,457.19705954,3.85186579,,7.70373159,7.70373159,7.70373159,yes,SKIP_EXISTING_OUTCAR,FCC_SQS,Ag16Ni16
Ag16Os16,SKIP,,,,static_OUTCAR,-203.7357132700,-203.7357975900,fcc,4.0,32,496.29896797,3.95868667,,7.91737333,7.91737333,7.91737333,yes,SKIP_EXISTING_OUTCAR,FCC_SQS,Ag16Os16
Ag16Pb16,SKIP,,,,static_OUTCAR,-97.0999925900,-97.1015840600,fcc,4.0,32,812.68133099,4.66598601,,9.33197201,9.33197201,9.33197201,no,SKIP_EXISTING_OUTCAR,FCC_SQS,Ag16Pb16
Ag16Pd16,SKIP,,,,static_OUTCAR,-128.5201587400,-128.5203052200,fcc,4.0,32,525.28955475,4.03431303,,8.06862606,8.06862606,8.06862606,yes,SKIP_EXISTING_OUTCAR,FCC_SQS,Ag16Pd16
Ag16Pt16,SKIP,,,,static_OUTCAR,-140.4680455400,-140.4666620800,fcc,4.0,32,525.58607493,4.03507199,,8.07014399,8.07014399,8.07014399,yes,SKIP_EXISTING_OUTCAR,FCC_SQS,Ag16Pt16
Ag16Re16,SKIP,,,,static_OUTCAR,-225.0100618900,-225.0109760200,fcc,4.0,32,505.10948213,3.98197484,,7.96394968,7.96394968,7.96394968,yes,SKIP_EXISTING_OUTCAR,FCC_SQS,Ag16Re16
Ag16Rh16,SKIP,,,,static_OUTCAR,-152.5008843600,-152.5005415900,fcc,4.0,32,501.86550835,3.97343202,,7.94686404,7.94686404,7.94686404,yes,SKIP_EXISTING_OUTCAR,FCC_SQS,Ag16Rh16
Ag16Ru16,SKIP,,,,static_OUTCAR,-176.2897329500,-176.2904860100,fcc,4.0,32,493.55644083,3.95138135,,7.90276270,7.90276270,7.90276270,yes,SKIP_EXISTING_OUTCAR,FCC_SQS,Ag16Ru16
Ag16Sc16,SKIP,,,,static_OUTCAR,-146.5355345700,-146.5371040400,fcc,4.0,32,658.70158316,4.35043723,,8.70087446,8.70087446,8.70087446,yes,SKIP_EXISTING_OUTCAR,FCC_SQS,Ag16Sc16
Ag16Si16,SKIP,,,,static_OUTCAR,-120.6885116700,-120.6888604000,fcc,4.0,32,535.48906345,4.06025715,,8.12051429,8.12051429,8.12051429,no,SKIP_EXISTING_OUTCAR,FCC_SQS,Ag16Si16
Ag16Sn16,SKIP,,,,static_OUTCAR,-103.1075461500,-103.1081942100,fcc,4.0,32,724.43203134,4.49058119,,8.98116237,8.98116237,8.98116237,yes,SKIP_EXISTING_OUTCAR,FCC_SQS,Ag16Sn16
Ag16Ta16,SKIP,,,,static_OUTCAR,-222.7323900000,-222.7320408500,fcc,4.0,32,573.53285504,4.15421948,,8.30843897,8.30843897,8.30843897,yes,SKIP_EXISTING_OUTCAR,FCC_SQS,Ag16Ta16
Ag16Tb16,SKIP,,,,static_OUTCAR,-120.6302037000,-120.6294611000,fcc,4.0,32,782.33998789,4.60718000,,9.21436001,9.21436001,9.21436001,no,SKIP_EXISTING_OUTCAR,FCC_SQS,Ag16Tb16
Ag16Ti16,SKIP,,,,static_OUTCAR,-165.4976492600,-165.4974589600,fcc,4.0,32,554.64934256,4.10811733,,8.21623466,8.21623466,8.21623466,yes,SKIP_EXISTING_OUTCAR,FCC_SQS,Ag16Ti16
Ag16V16,SKIP,,,,,,,fcc,4.0,32,503.87269845,3.97872217,,7.95744433,7.95744433,7.95744433,,SKIP_EXISTING_OUTCAR;LATTICE_FROM_VOLUME_CONTCAR,FCC_SQS,Ag16V16
Ag16W16,SKIP,,,,static_OUTCAR,-231.8468792300,-231.8474011600,fcc,4.0,32,528.83353124,4.04336548,,8.08673096,8.08673096,8.08673096,yes,SKIP_EXISTING_OUTCAR,FCC_SQS,Ag16W16
Ag16Y16,SKIP,,,,static_OUTCAR,-150.9593142300,-150.9589994800,fcc,4.0,32,785.49272403,4.61336050,,9.22672101,9.22672101,9.22672101,no,SKIP_EXISTING_OUTCAR,FCC_SQS,Ag16Y16
Ag16Zn16,SKIP,,,,static_OUTCAR,-62.2727294400,-62.2738746000,fcc,4.0,32,526.28664484,4.03686402,,8.07372804,8.07372804,8.07372804,yes,SKIP_EXISTING_OUTCAR,FCC_SQS,Ag16Zn16
Ag16Zr16,SKIP,,,,static_OUTCAR,-178.9581020200,-178.9575884300,fcc,4.0,32,654.09920100,4.34028130,,8.68056259,8.68056259,8.68056259,yes,SKIP_EXISTING_OUTCAR,FCC_SQS,Ag16Zr16
Ag24Al8,OK,0,0,0,static_OUTCAR,-96.7452856100,-96.7446113300,fcc,4.0,32,552.14625569,4.10192814,,8.20385628,8.20385628,8.20385628,yes,CLEANED:0,FCC_SQS,Ag24Al8
Ag24Au8,OK,0,0,0,static_OUTCAR,-92.1662490100,-92.1707475400,fcc,4.0,32,570.42839002,4.14671049,,8.29342097,8.29342097,8.29342097,yes,CLEANED:0,FCC_SQS,Ag24Au8
Ag24Be8,OK,0,0,0,static_OUTCAR,-90.2736533800,-90.2738797800,fcc,4.0,32,510.22845640,3.99538127,,7.99076255,7.99076255,7.99076255,yes,CLEANED:0,FCC_SQS,Ag24Be8
Ag24Ca8,OK,0,0,0,static_OUTCAR,-84.1777168500,-84.1754425500,fcc,4.0,32,671.98529914,4.37948720,,8.75897441,8.75897441,8.75897441,no,CLEANED:0,FCC_SQS,Ag24Ca8
Ag24Co8,OK,0,0,0,static_OUTCAR,-112.6997290500,-112.6981463500,fcc,4.0,32,519.94442972,4.02058253,,8.04116505,8.04116505,8.04116505,yes,CLEANED:0,FCC_SQS,Ag24Co8
Ag24Cr8,OK,0,0,0,static_OUTCAR,-131.9083002100,-131.9072204100,fcc,4.0,32,561.99984610,4.12618539,,8.25237077,8.25237077,8.25237077,yes,CLEANED:0,FCC_SQS,Ag24Cr8
Ag24Cu8,OK,0,0,0,static_OUTCAR,-93.0841853400,-93.0847069600,fcc,4.0,32,526.32473787,4.03696142,,8.07392283,8.07392283,8.07392283,yes,CLEANED:0,FCC_SQS,Ag24Cu8
Ag24Dy8,OK,0,0,0,static_OUTCAR,-104.4419080900,-104.4422715200,fcc,4.0,32,664.15245466,4.36240449,,8.72480898,8.72480898,8.72480898,yes,CLEANED:0,FCC_SQS,Ag24Dy8
Ag24Er8,OK,0,0,0,static_OUTCAR,-104.3648509800,-104.3657370700,fcc,4.0,32,655.36909448,4.34308828,,8.68617655,8.68617655,8.68617655,yes,CLEANED:0,FCC_SQS,Ag24Er8
Ag24Fe8,OK,0,0,0,static_OUTCAR,-123.4797290700,-123.4785963000,fcc,4.0,32,529.52654499,4.04513093,,8.09026186,8.09026186,8.09026186,yes,CLEANED:0,FCC_SQS,Ag24Fe8
Ag24Ge8,OK,0,0,0,static_OUTCAR,-98.5265413500,-98.5260438000,fcc,4.0,32,576.17683260,4.16059333,,8.32118666,8.32118666,8.32118666,yes,CLEANED:0,FCC_SQS,Ag24Ge8
Ag24Hf8,OK,0,0,0,static_OUTCAR,-142.1707778500,-142.1697522600,fcc,4.0,32,601.77608177,4.22132035,,8.44264071,8.44264071,8.44264071,yes,CLEANED:0,FCC_SQS,Ag24Hf8
Ag24Ir8,OK,0,0,0,static_OUTCAR,-127.5176430000,-127.5174545700,fcc,4.0,32,531.35335962,4.04977736,,8.09955472,8.09955472,8.09955472,yes,CLEANED:0,FCC_SQS,Ag24Ir8
Ag24La8,OK,0,0,0,static_OUTCAR,-107.2677937000,-107.2685816200,fcc,4.0,32,723.20665457,4.48804782,,8.97609564,8.97609564,8.97609564,no,CLEANED:0,FCC_SQS,Ag24La8
Ag24Mg8,OK,0,0,0,static_OUTCAR,-81.1703300800,-81.1709712600,fcc,4.0,32,578.09943770,4.16521592,,8.33043185,8.33043185,8.33043185,yes,CLEANED:0,FCC_SQS,Ag24Mg8
Ag24Mn8,OK,0,0,0,static_OUTCAR,-131.7676033400,-131.7668496800,fcc,4.0,32,552.47533403,4.10274289,,8.20548579,8.20548579,8.20548579,yes,CLEANED:0,FCC_SQS,Ag24Mn8
Ag24Mo8,OK,0,0,0,static_OUTCAR,-140.6857586100,-140.6864702800,fcc,4.0,32,543.92186680,4.08145968,,8.16291936,8.16291936,8.16291936,yes,CLEANED:0,FCC_SQS,Ag24Mo8
Ag24Nb8,OK,0,0,0,static_OUTCAR,-138.2153954300,-138.2155811700,fcc,4.0,32,572.00433990,4.15052575,,8.30105149,8.30105149,8.30105149,yes,CLEANED:0,FCC_SQS,Ag24Nb8
Ag24Ni8,OK,0,0,0,static_OUTCAR,-104.0608392300,-104.0583838100,fcc,4.0,32,511.81395259,3.99951544,,7.99903089,7.99903089,7.99903089,yes,CLEANED:0,FCC_SQS,Ag24Ni8
Ag24Os8,OK,0,0,0,static_OUTCAR,-140.2592004900,-140.2600486900,fcc,4.0,32,526.36929668,4.03707534,,8.07415067,8.07415067,8.07415067,yes,CLEANED:0,FCC_SQS,Ag24Os8
Ag24Pb8,OK,0,0,0,static_OUTCAR,-90.8401239400,-90.8389749200,fcc,4.0,32,687.98584952,4.41397470,,8.82794940,8.82794940,8.82794940,yes,CLEANED:0,FCC_SQS,Ag24Pb8
Ag24Pd8,OK,0,0,0,static_OUTCAR,-108.4393072100,-108.4361345600,fcc,4.0,32,546.03333446,4.08673418,,8.17346835,8.17346835,8.17346835,yes,CLEANED:0,FCC_SQS,Ag24Pd8
Ag24Pt8,OK,0,0,0,static_OUTCAR,-113.8547796400,-113.8562197900,fcc,4.0,32,544.58572433,4.08311948,,8.16623896,8.16623896,8.16623896,yes,CLEANED:0,FCC_SQS,Ag24Pt8
Ag24Re8,OK,0,0,0,static_OUTCAR,-149.5304311900,-149.5315680200,fcc,4.0,32,529.97902575,4.04628279,,8.09256558,8.09256558,8.09256558,yes,CLEANED:0,FCC_SQS,Ag24Re8
Ag24Rh8,OK,0,0,0,static_OUTCAR,-118.2718400500,-118.2702186000,fcc,4.0,32,533.43047254,4.05504749,,8.11009498,8.11009498,8.11009498,yes,CLEANED:0,FCC_SQS,Ag24Rh8
Ag24Ru8,OK,0,0,0,static_OUTCAR,-127.9671105900,-127.9686428100,fcc,4.0,32,528.67527683,4.04296211,,8.08592422,8.08592422,8.08592422,yes,CLEANED:0,FCC_SQS,Ag24Ru8
Ag24Sc8,OK,0,0,0,static_OUTCAR,-118.2926370600,-118.2929930600,fcc,4.0,32,606.18650547,4.23160796,,8.46321593,8.46321593,8.46321593,yes,CLEANED:0,FCC_SQS,Ag24Sc8
Ag24Si8,OK,0,0,0,static_OUTCAR,-103.2420966500,-103.2408621500,fcc,4.0,32,549.84712933,4.09622677,,8.19245354,8.19245354,8.19245354,yes,CLEANED:0,FCC_SQS,Ag24Si8
Ag24Sn8,OK,0,0,0,static_OUTCAR,-95.1649753200,-95.1655584700,fcc,4.0,32,632.04033675,4.29093171,,8.58186342,8.58186342,8.58186342,yes,CLEANED:0,FCC_SQS,Ag24Sn8
Ag24Ta8,OK,0,0,0,static_OUTCAR,-150.2749025000,-150.2734077300,fcc,4.0,32,568.16951025,4.14122963,,8.28245926,8.28245926,8.28245926,yes,CLEANED:0,FCC_SQS,Ag24Ta8
Ag24Tb8,OK,0,0,0,static_OUTCAR,-105.0352067900,-105.0365706300,fcc,4.0,32,668.90884146,4.37279364,,8.74558729,8.74558729,8.74558729,yes,CLEANED:0,FCC_SQS,Ag24Tb8
Ag24Ti8,OK,0,0,0,static_OUTCAR,-124.4793353400,-124.4809257600,fcc,4.0,32,560.58633701,4.12272317,,8.24544634,8.24544634,8.24544634,yes,CLEANED:0,FCC_SQS,Ag24Ti8
Ag24W8,OK,0,0,0,static_OUTCAR,-153.2049768500,-153.2044439500,fcc,4.0,32,543.48184470,4.08035878,,8.16071755,8.16071755,8.16071755,yes,CLEANED:0,FCC_SQS,Ag24W8
Ag24Y8,OK,0,0,0,static_OUTCAR,-120.0468222500,-120.0481058300,fcc,4.0,32,667.75167251,4.37027064,,8.74054128,8.74054128,8.74054128,yes,CLEANED:0,FCC_SQS,Ag24Y8
Ag24Zn8,OK,0,0,0,static_OUTCAR,-74.7993242400,-74.7989600000,fcc,4.0,32,548.56775794,4.09304730,,8.18609461,8.18609461,8.18609461,yes,CLEANED:0,FCC_SQS,Ag24Zn8
Ag24Zr8,OK,0,0,0,static_OUTCAR,-131.9222635700,-131.9216264500,fcc,4.0,32,610.26112319,4.24106803,,8.48213606,8.48213606,8.48213606,yes,CLEANED:0,FCC_SQS,Ag24Zr8
Ag8Al24,OK,0,0,0,static_OUTCAR,-111.6286461700,-111.6292345200,fcc,4.0,32,539.55527919,4.07050838,,8.14101676,8.14101676,8.14101676,yes,CLEANED:0,FCC_SQS,Ag8Al24
Ag8Au24,OK,0,0,0,static_OUTCAR,-100.1541685700,-100.1587344800,fcc,4.0,32,572.88029459,4.15264334,,8.30528668,8.30528668,8.30528668,yes,CLEANED:0,FCC_SQS,Ag8Au24
Ag8Be24,OK,0,0,0,static_OUTCAR,-105.4592460100,-105.4598729600,fcc,4.0,32,359.02180920,3.55366879,,7.10733758,7.10733758,7.10733758,yes,CLEANED:0,FCC_SQS,Ag8Be24
Ag8Co24,OK,0,0,0,static_OUTCAR,-181.6895231000,-181.6893960500,fcc,4.0,32,405.53704445,3.70095253,,7.40190506,7.40190506,7.40190506,yes,CLEANED:0,FCC_SQS,Ag8Co24
Ag8Cu24,OK,0,0,0,static_OUTCAR,-109.2299591900,-109.2318225400,fcc,4.0,32,431.29600001,3.77770883,,7.55541766,7.55541766,7.55541766,yes,CLEANED:0,FCC_SQS,Ag8Cu24
Ag8Dy24,OK,0,0,0,static_OUTCAR,-131.8331049800,-131.8318911500,fcc,4.0,32,887.19102616,4.80443569,,9.60887138,9.60887138,9.60887138,yes,CLEANED:0,FCC_SQS,Ag8Dy24
Ag8Er24,OK,0,0,0,static_OUTCAR,-130.8593163300,-130.8589696900,fcc,4.0,32,864.80782954,4.76368689,,9.52737379,9.52737379,9.52737379,yes,CLEANED:0,FCC_SQS,Ag8Er24
Ag8Fe24,OK,0,0,0,static_OUTCAR,-210.4360408500,-210.4381117100,fcc,4.0,32,431.83214861,3.77927355,,7.55854710,7.55854710,7.55854710,yes,CLEANED:0,FCC_SQS,Ag8Fe24
Ag8Ge24,OK,0,0,0,static_OUTCAR,-121.6524421300,-121.6516879700,fcc,4.0,32,612.25559274,4.24568326,,8.49136652,8.49136652,8.49136652,yes,CLEANED:0,FCC_SQS,Ag8Ge24
Ag8Hf24,OK,0,0,0,static_OUTCAR,-257.6992430400,-257.7008540600,fcc,4.0,32,675.95768271,4.38809991,,8.77619982,8.77619982,8.77619982,yes,CLEANED:0,FCC_SQS,Ag8Hf24
Ag8Ir24,OK,0,0,0,static_OUTCAR,-225.2956592600,-225.2965102500,fcc,4.0,32,481.20742612,3.91814747,,7.83629494,7.83629494,7.83629494,yes,CLEANED:0,FCC_SQS,Ag8Ir24
Ag8Mg24,OK,0,0,0,static_OUTCAR,-60.3688010600,-60.3713875200,fcc,4.0,32,659.43382304,4.35204867,,8.70409735,8.70409735,8.70409735,yes,CLEANED:0,FCC_SQS,Ag8Mg24
Ag8Mo24,OK,0,0,0,static_OUTCAR,-269.0739976200,-269.0732557800,fcc,4.0,32,515.53033062,4.00917252,,8.01834504,8.01834504,8.01834504,yes,CLEANED:0,FCC_SQS,Ag8Mo24
Ag8Nb24,OK,0,0,0,static_OUTCAR,-255.0343140300,-255.0356415500,fcc,4.0,32,588.33117839,4.18964564,,8.37929129,8.37929129,8.37929129,yes,CLEANED:0,FCC_SQS,Ag8Nb24
Ag8Ni24,OK,0,0,0,static_OUTCAR,-147.3979295400,-147.3980730100,fcc,4.0,32,401.22266570,3.68778130,,7.37556259,7.37556259,7.37556259,yes,CLEANED:0,FCC_SQS,Ag8Ni24
Ag8Os24,OK,0,0,0,static_OUTCAR,-274.8743702600,-274.8725259200,fcc,4.0,32,475.92300594,3.90375216,,7.80750432,7.80750432,7.80750432,yes,CLEANED:0,FCC_SQS,Ag8Os24
Ag8Pd24,OK,0,0,0,static_OUTCAR,-147.3906651600,-147.3965316500,fcc,4.0,32,507.35117549,3.98785686,,7.97571372,7.97571372,7.97571372,yes,CLEANED:0,FCC_SQS,Ag8Pd24
Ag8Pt24,OK,0,0,0,static_OUTCAR,-167.0814466000,-167.0828896000,fcc,4.0,32,511.06362147,3.99756003,,7.99512005,7.99512005,7.99512005,yes,CLEANED:0,FCC_SQS,Ag8Pt24
Ag8Re24,OK,0,0,0,static_OUTCAR,-305.7300889400,-305.7289259200,fcc,4.0,32,490.39256790,3.94291999,,7.88583998,7.88583998,7.88583998,yes,CLEANED:0,FCC_SQS,Ag8Re24
Ag8Rh24,OK,0,0,0,static_OUTCAR,-189.8813930400,-189.8826447600,fcc,4.0,32,474.15374805,3.89890871,,7.79781743,7.79781743,7.79781743,yes,CLEANED:0,FCC_SQS,Ag8Rh24
Ag8Ru24,OK,0,0,0,static_OUTCAR,-230.7253380200,-230.7253262400,fcc,4.0,32,464.98493689,3.87361362,,7.74722724,7.74722724,7.74722724,yes,CLEANED:0,FCC_SQS,Ag8Ru24
Ag8Sc24,OK,0,0,0,static_OUTCAR,-173.0324798600,-173.0325794600,fcc,4.0,32,717.95332300,4.47715443,,8.95430885,8.95430885,8.95430885,yes,CLEANED:0,FCC_SQS,Ag8Sc24
Ag8Si24,OK,0,0,0,static_OUTCAR,-138.6888959400,-138.6906660500,fcc,4.0,32,498.44799999,3.96439230,,7.92878459,7.92878459,7.92878459,no,CLEANED:0,FCC_SQS,Ag8Si24
Ag8Sn24,OK,0,0,0,static_OUTCAR,-111.4695690200,-111.4703205100,fcc,4.0,32,814.45911970,4.66938590,,9.33877181,9.33877181,9.33877181,yes,CLEANED:0,FCC_SQS,Ag8Sn24
Ag8Ta24,OK,0,0,0,static_OUTCAR,-295.8447129300,-295.8450806100,fcc,4.0,32,584.72380754,4.18106510,,8.36213021,8.36213021,8.36213021,yes,CLEANED:0,FCC_SQS,Ag8Ta24
Ag8Tb24,OK,0,0,0,static_OUTCAR,-132.3643245000,-132.3644315200,fcc,4.0,32,899.16865181,4.82596006,,9.65192012,9.65192012,9.65192012,yes,CLEANED:0,FCC_SQS,Ag8Tb24
Ag8Ti24,OK,0,0,0,static_OUTCAR,-206.8862453200,-206.8875612400,fcc,4.0,32,553.06512683,4.10420233,,8.20840466,8.20840466,8.20840466,yes,CLEANED:0,FCC_SQS,Ag8Ti24
Ag8W24,OK,0,0,0,static_OUTCAR,-314.3597589100,-314.3584617600,fcc,4.0,32,524.35290125,4.03191372,,8.06382743,8.06382743,8.06382743,yes,CLEANED:0,FCC_SQS,Ag8W24
Ag8Y24,OK,0,0,0,static_OUTCAR,-177.3517957000,-177.3517201400,fcc,4.0,32,907.47265926,4.84077081,,9.68154161,9.68154161,9.68154161,yes,CLEANED:0,FCC_SQS,Ag8Y24
Ag8Zn24,OK,0,0,0,static_OUTCAR,-48.5093226600,-48.5105966900,fcc,4.0,32,520.50400000,4.02202434,,8.04404869,8.04404869,8.04404869,yes,CLEANED:0,FCC_SQS,Ag8Zn24
Ag8Zr24,OK,0,0,0,static_OUTCAR,-225.1954145300,-225.1951311700,fcc,4.0,32,696.92363793,4.43300685,,8.86601371,8.86601371,8.86601371,yes,CLEANED:0,FCC_SQS,Ag8Zr24
Al16Al16,SKIP,,,,static_OUTCAR,-119.9914393200,-119.9962781700,fcc,4.0,32,529.65098356,4.04544777,,8.09089554,8.09089554,8.09089554,yes,SKIP_EXISTING_OUTCAR,FCC_SQS,Al16Al16
Al16Au16,SKIP,,,,static_OUTCAR,-119.1471572800,-119.1457134100,fcc,4.0,32,541.82083583,4.07619769,,8.15239538,8.15239538,8.15239538,yes,SKIP_EXISTING_OUTCAR,FCC_SQS,Al16Au16
Al16Be16,SKIP,,,,static_OUTCAR,-112.9297332900,-112.9298339700,fcc,4.0,32,395.31200000,3.66958262,,7.33916524,7.33916524,7.33916524,yes,SKIP_EXISTING_OUTCAR,FCC_SQS,Al16Be16
Al16Ca16,SKIP,,,,static_OUTCAR,-93.6791018600,-93.6777732300,fcc,4.0,32,838.51852749,4.71491888,,9.42983776,9.42983776,9.42983776,yes,SKIP_EXISTING_OUTCAR,FCC_SQS,Al16Ca16
Al16Co16,SKIP,,,,static_OUTCAR,-179.8325592200,-179.8310035100,fcc,4.0,32,397.38852542,3.67599669,,7.35199338,7.35199338,7.35199338,yes,SKIP_EXISTING_OUTCAR,FCC_SQS,Al16Co16
Al16Cr16,SKIP,,,,,,,fcc,4.0,32,442.97615414,3.81150757,,7.62301515,7.62301515,7.62301515,,SKIP_EXISTING_OUTCAR;LATTICE_FROM_VOLUME_CONTCAR,FCC_SQS,Al16Cr16
Al16Cu16,SKIP,,,,static_OUTCAR,-123.2893475500,-123.2891967700,fcc,4.0,32,436.99540567,3.79427637,,7.58855274,7.58855274,7.58855274,yes,SKIP_EXISTING_OUTCAR,FCC_SQS,Al16Cu16
Al16Dy16,SKIP,,,,static_OUTCAR,-138.5607712400,-138.5618188500,fcc,4.0,32,763.09809527,4.56909436,,9.13818873,9.13818873,9.13818873,yes,SKIP_EXISTING_OUTCAR,FCC_SQS,Al16Dy16
Al16Er16,SKIP,,,,static_OUTCAR,-137.8303357500,-137.8304269800,fcc,4.0,32,747.72355180,4.53820062,,9.07640125,9.07640125,9.07640125,no,SKIP_EXISTING_OUTCAR,FCC_SQS,Al16Er16
Al16Fe16,SKIP,,,,static_OUTCAR,-197.0951382200,-197.0942969700,fcc,4.0,32,417.21334316,3.73613649,,7.47227299,7.47227299,7.47227299,yes,SKIP_EXISTING_OUTCAR,FCC_SQS,Al16Fe16
Al16Ge16,SKIP,,,,static_OUTCAR,-126.5494472700,-126.5492220200,fcc,4.0,32,573.10653210,4.15318991,,8.30637982,8.30637982,8.30637982,yes,SKIP_EXISTING_OUTCAR,FCC_SQS,Al16Ge16
Al16Hf16,SKIP,,,,static_OUTCAR,-225.0837934900,-225.0838494400,fcc,4.0,32,621.30181334,4.26649143,,8.53298287,8.53298287,8.53298287,yes,SKIP_EXISTING_OUTCAR,FCC_SQS,Al16Hf16
Al16Ir16,SKIP,,,,static_OUTCAR,-218.2039145100,-218.2027316400,fcc,4.0,32,462.36921394,3.86633642,,7.73267285,7.73267285,7.73267285,yes,SKIP_EXISTING_OUTCAR,FCC_SQS,Al16Ir16
Al16La16,SKIP,,,,static_OUTCAR,-144.2274437800,-144.2267998000,fcc,4.0,32,850.79892493,4.73782464,,9.47564927,9.47564927,9.47564927,yes,SKIP_EXISTING_OUTCAR,FCC_SQS,Al16La16
Al16Mg16,SKIP,,,,static_OUTCAR,-83.0954865300,-83.0937168500,fcc,4.0,32,622.32100821,4.26882310,,8.53764621,8.53764621,8.53764621,yes,SKIP_EXISTING_OUTCAR,FCC_SQS,Al16Mg16
Al16Mn16,SKIP,,,,static_OUTCAR,-206.4509736500,-206.4511222700,fcc,4.0,32,439.31200001,3.80096928,,7.60193856,7.60193856,7.60193856,yes,SKIP_EXISTING_OUTCAR,FCC_SQS,Al16Mn16
Al16Mo16,SKIP,,,,static_OUTCAR,-235.6579592000,-235.6587321700,fcc,4.0,32,497.66907361,3.96232616,,7.92465233,7.92465233,7.92465233,yes,SKIP_EXISTING_OUTCAR,FCC_SQS,Al16Mo16
Al16Nb16,SKIP,,,,static_OUTCAR,-226.3221189500,-226.3220727600,fcc,4.0,32,559.55200000,4.12018600,,8.24037199,8.24037199,8.24037199,yes,SKIP_EXISTING_OUTCAR,FCC_SQS,Al16Nb16
Al16Ni16,SKIP,,,,static_OUTCAR,-159.4696423300,-159.4703200100,fcc,4.0,32,440.68800000,3.80493357,,7.60986715,7.60986715,7.60986715,yes,SKIP_EXISTING_OUTCAR,FCC_SQS,Al16Ni16
Al16Os16,SKIP,,,,static_OUTCAR,-243.3761475100,-243.3758521200,fcc,4.0,32,461.39191294,3.86361044,,7.72722087,7.72722087,7.72722087,yes,SKIP_EXISTING_OUTCAR,FCC_SQS,Al16Os16
Al16Pb16,SKIP,,,,static_OUTCAR,-110.3328683400,-110.3322541600,fcc,4.0,32,837.76785621,4.71351148,,9.42702295,9.42702295,9.42702295,no,SKIP_EXISTING_OUTCAR,FCC_SQS,Al16Pb16
Al16Pd16,SKIP,,,,static_OUTCAR,-164.7553424000,-164.7557663700,fcc,4.0,32,480.36606164,3.91586258,,7.83172517,7.83172517,7.83172517,yes,SKIP_EXISTING_OUTCAR,FCC_SQS,Al16Pd16
Al16Pt16,SKIP,,,,static_OUTCAR,-182.0058167800,-182.0071367800,fcc,4.0,32,509.13600000,3.99252772,,7.98505543,7.98505543,7.98505543,yes,SKIP_EXISTING_OUTCAR,FCC_SQS,Al16Pt16
Al16Re16,SKIP,,,,static_OUTCAR,-259.1897165600,-259.1891330700,fcc,4.0,32,475.39163116,3.90229875,,7.80459750,7.80459750,7.80459750,yes,SKIP_EXISTING_OUTCAR,FCC_SQS,Al16Re16
Al16Rh16,SKIP,,,,static_OUTCAR,-196.0779292000,-196.0788146800,fcc,4.0,32,455.48412378,3.84704930,,7.69409861,7.69409861,7.69409861,yes,SKIP_EXISTING_OUTCAR,FCC_SQS,Al16Rh16
Al16Ru16,SKIP,,,,static_OUTCAR,-216.5564952700,-216.5561463800,fcc,4.0,32,453.03510604,3.84014205,,7.68028411,7.68028411,7.68028411,yes,SKIP_EXISTING_OUTCAR,FCC_SQS,Al16Ru16
Al16Sc16,SKIP,,,,static_OUTCAR,-167.4790928100,-167.4796806800,fcc,4.0,32,643.06097650,4.31572791,,8.63145582,8.63145582,8.63145582,yes,SKIP_EXISTING_OUTCAR,FCC_SQS,Al16Sc16
Al16Si16,SKIP,,,,static_OUTCAR,-139.4798661500,-139.4798540000,fcc,4.0,32,490.17055615,3.94232488,,7.88464976,7.88464976,7.88464976,yes,SKIP_EXISTING_OUTCAR,FCC_SQS,Al16Si16
Al16Sn16,SKIP,,,,static_OUTCAR,-116.6956752300,-116.6951654700,fcc,4.0,32,747.42367585,4.53759386,,9.07518771,9.07518771,9.07518771,no,SKIP_EXISTING_OUTCAR,FCC_SQS,Al16Sn16
Al16Ta16,SKIP,,,,static_OUTCAR,-252.2300056800,-252.2305024600,fcc,4.0,32,551.20333834,4.09959182,,8.19918363,8.19918363,8.19918363,yes,SKIP_EXISTING_OUTCAR,FCC_SQS,Al16Ta16
Al16Tb16,SKIP,,,,static_OUTCAR,-139.0091044800,-139.0103624400,fcc,4.0,32,770.98950029,4.58479046,,9.16958093,9.16958093,9.16958093,yes,SKIP_EXISTING_OUTCAR,FCC_SQS,Al16Tb16
Al16Ti16,SKIP,,,,static_OUTCAR,-192.5923087600,-192.5932845800,fcc,4.0,32,528.52808544,4.04258687,,8.08517374,8.08517374,8.08517374,yes,SKIP_EXISTING_OUTCAR,FCC_SQS,Al16Ti16
Al16V16,SKIP,,,,static_OUTCAR,-206.8680348100,-206.8691234200,fcc,4.0,32,463.50423687,3.86949753,,7.73899506,7.73899506,7.73899506,yes,SKIP_EXISTING_OUTCAR,FCC_SQS,Al16V16
Al16W16,SKIP,,,,static_OUTCAR,-264.2124099200,-264.2123524900,fcc,4.0,32,503.53467109,3.97783225,,7.95566449,7.95566449,7.95566449,yes,SKIP_EXISTING_OUTCAR,FCC_SQS,Al16W16
Al16Y16,SKIP,,,,static_OUTCAR,-169.7144737400,-169.7141294500,fcc,4.0,32,772.23867197,4.58726525,,9.17453050,9.17453050,9.17453050,no,SKIP_EXISTING_OUTCAR,FCC_SQS,Al16Y16
Al16Zn16,SKIP,,,,static_OUTCAR,-76.9124298900,-76.9123534300,fcc,4.0,32,510.58966134,3.99632387,,7.99264773,7.99264773,7.99264773,yes,SKIP_EXISTING_OUTCAR,FCC_SQS,Al16Zn16
Al16Zr16,SKIP,,,,static_OUTCAR,-204.3523086100,-204.3527465000,fcc,4.0,32,636.78264701,4.30163685,,8.60327371,8.60327371,8.60327371,yes,SKIP_EXISTING_OUTCAR,FCC_SQS,Al16Zr16
Al24Au8,OK,0,0,0,static_OUTCAR,-120.3885708500,-120.3869842200,fcc,4.0,32,532.39097405,4.05241175,,8.10482350,8.10482350,8.10482350,yes,CLEANED:0,FCC_SQS,Al24Au8
Al24Be8,OK,0,0,0,static_OUTCAR,-115.2959855700,-115.2993111800,fcc,4.0,32,471.49639639,3.89161137,,7.78322274,7.78322274,7.78322274,yes,CLEANED:0,FCC_SQS,Al24Be8
Al24Ca8,OK,0,0,0,static_OUTCAR,-106.8229048000,-106.8239723500,fcc,4.0,32,664.99802061,4.36425504,,8.72851007,8.72851007,8.72851007,no,CLEANED:0,FCC_SQS,Al24Ca8
Al24Co8,OK,0,0,0,static_OUTCAR,-152.9588690100,-152.9583782900,fcc,4.0,32,446.04175697,3.82027984,,7.64055969,7.64055969,7.64055969,yes,CLEANED:0,FCC_SQS,Al24Co8
Al24Cr8,OK,0,0,0,static_OUTCAR,-166.3458408700,-166.3466434700,fcc,4.0,32,489.76799999,3.94124537,,7.88249073,7.88249073,7.88249073,yes,CLEANED:0,FCC_SQS,Al24Cr8
Al24Cu8,OK,0,0,0,static_OUTCAR,-121.6446922400,-121.6452032700,fcc,4.0,32,482.11510992,3.92060948,,7.84121895,7.84121895,7.84121895,yes,CLEANED:0,FCC_SQS,Al24Cu8
Al24Dy8,OK,0,0,0,static_OUTCAR,-131.9183659900,-131.9183835000,fcc,4.0,32,649.04779783,4.32907953,,8.65815906,8.65815906,8.65815906,no,CLEANED:0,FCC_SQS,Al24Dy8
Al24Er8,OK,0,0,0,static_OUTCAR,-131.3026390700,-131.3014856800,fcc,4.0,32,639.64319288,4.30806848,,8.61613697,8.61613697,8.61613697,no,CLEANED:0,FCC_SQS,Al24Er8
Al24Fe8,OK,0,0,0,static_OUTCAR,-159.8675975700,-159.8675328000,fcc,4.0,32,457.52211015,3.85277842,,7.70555685,7.70555685,7.70555685,yes,CLEANED:0,FCC_SQS,Al24Fe8
Al24Ge8,OK,0,0,0,static_OUTCAR,-122.8543387700,-122.8544784000,fcc,4.0,32,550.59593869,4.09808541,,8.19617082,8.19617082,8.19617082,yes,CLEANED:0,FCC_SQS,Al24Ge8
Al24Hf8,OK,0,0,0,static_OUTCAR,-174.7918645000,-174.7918520300,fcc,4.0,32,574.13139545,4.15566410,,8.31132820,8.31132820,8.31132820,yes,CLEANED:0,FCC_SQS,Al24Hf8
Al24Ir8,OK,0,0,0,static_OUTCAR,-174.7048258000,-174.7032105500,fcc,4.0,32,475.26381396,3.90194899,,7.80389797,7.80389797,7.80389797,yes,CLEANED:0,FCC_SQS,Al24Ir8
Al24La8,OK,0,0,0,static_OUTCAR,-135.3705978500,-135.3700501500,fcc,4.0,32,712.21458873,4.46519359,,8.93038718,8.93038718,8.93038718,no,CLEANED:0,FCC_SQS,Al24La8
Al24Mg8,OK,0,0,0,static_OUTCAR,-101.4858388000,-101.4862295500,fcc,4.0,32,571.43291957,4.14914319,,8.29828638,8.29828638,8.29828638,yes,CLEANED:0,FCC_SQS,Al24Mg8
Al24Mn8,OK,0,0,0,static_OUTCAR,-165.4769009900,-165.4775495000,fcc,4.0,32,472.00613552,3.89301328,,7.78602657,7.78602657,7.78602657,yes,CLEANED:0,FCC_SQS,Al24Mn8
Al24Mo8,OK,0,0,0,static_OUTCAR,-180.4421888600,-180.4429751200,fcc,4.0,32,498.44152491,3.96437513,,7.92875026,7.92875026,7.92875026,yes,CLEANED:0,FCC_SQS,Al24Mo8
Al24Nb8,OK,0,0,0,static_OUTCAR,-175.9550881700,-175.9563397600,fcc,4.0,32,533.74833568,4.05585278,,8.11170556,8.11170556,8.11170556,yes,CLEANED:0,FCC_SQS,Al24Nb8
Al24Ni8,OK,0,0,0,static_OUTCAR,-141.7066280800,-141.7070618500,fcc,4.0,32,454.17338034,3.84335555,,7.68671110,7.68671110,7.68671110,yes,CLEANED:0,FCC_SQS,Al24Ni8
Al24Os8,OK,0,0,0,static_OUTCAR,-186.1424527100,-186.1422352600,fcc,4.0,32,473.68953133,3.89763590,,7.79527180,7.79527180,7.79527180,yes,CLEANED:0,FCC_SQS,Al24Os8
Al24Pb8,OK,0,0,0,static_OUTCAR,-112.0460817900,-112.0446543900,fcc,4.0,32,688.38548825,4.41482920,,8.82965840,8.82965840,8.82965840,no,CLEANED:0,FCC_SQS,Al24Pb8
Al24Pd8,OK,0,0,0,static_OUTCAR,-144.3590954700,-144.3589456300,fcc,4.0,32,495.08613491,3.95545935,,7.91091870,7.91091870,7.91091870,yes,CLEANED:0,FCC_SQS,Al24Pd8
Al24Pt8,OK,0,0,0,static_OUTCAR,-154.0642685600,-154.0638237700,fcc,4.0,32,491.49298638,3.94586703,,7.89173406,7.89173406,7.89173406,yes,CLEANED:0,FCC_SQS,Al24Pt8
Al24Re8,OK,0,0,0,static_OUTCAR,-191.9575629800,-191.9559713500,fcc,4.0,32,482.00425076,3.92030895,,7.84061789,7.84061789,7.84061789,no,CLEANED:0,FCC_SQS,Al24Re8
Al24Rh8,OK,0,0,0,static_OUTCAR,-163.7249285700,-163.7234384200,fcc,4.0,32,474.61141774,3.90016276,,7.80032553,7.80032553,7.80032553,yes,CLEANED:0,FCC_SQS,Al24Rh8
Al24Ru8,OK,0,0,0,static_OUTCAR,-174.1822267900,-174.1812006900,fcc,4.0,32,471.81794643,3.89249583,,7.78499167,7.78499167,7.78499167,yes,CLEANED:0,FCC_SQS,Al24Ru8
Al24Sc8,OK,0,0,0,static_OUTCAR,-146.4464491200,-146.4464910900,fcc,4.0,32,582.05059047,4.17468376,,8.34936752,8.34936752,8.34936752,yes,CLEANED:0,FCC_SQS,Al24Sc8
Al24Si8,OK,0,0,0,static_OUTCAR,-129.5588455200,-129.5598043400,fcc,4.0,32,517.02400000,4.01304077,,8.02608154,8.02608154,8.02608154,yes,CLEANED:0,FCC_SQS,Al24Si8
Al24Sn8,OK,0,0,0,static_OUTCAR,-115.8803424800,-115.8817354500,fcc,4.0,32,633.69126831,4.29466453,,8.58932906,8.58932906,8.58932906,yes,CLEANED:0,FCC_SQS,Al24Sn8
Al24Ta8,OK,0,0,0,static_OUTCAR,-188.0687241600,-188.0691715500,fcc,4.0,32,531.30379099,4.04965142,,8.09930285,8.09930285,8.09930285,yes,CLEANED:0,FCC_SQS,Al24Ta8
Al24Tb8,OK,0,0,0,static_OUTCAR,-132.2147807800,-132.2141316300,fcc,4.0,32,654.31585127,4.34076044,,8.68152087,8.68152087,8.68152087,no,CLEANED:0,FCC_SQS,Al24Tb8
Al24Ti8,OK,0,0,0,static_OUTCAR,-158.8932722500,-158.8947722600,fcc,4.0,32,522.13212200,4.02621357,,8.05242714,8.05242714,8.05242714,yes,CLEANED:0,FCC_SQS,Al24Ti8
Al24V8,OK,0,0,0,static_OUTCAR,-165.2187068100,-165.2198079500,fcc,4.0,32,485.44965122,3.92962766,,7.85925532,7.85925532,7.85925532,yes,CLEANED:0,FCC_SQS,Al24V8
Al24W8,OK,0,0,0,static_OUTCAR,-193.6102356400,-193.6101247800,fcc,4.0,32,500.07062967,3.96868948,,7.93737897,7.93737897,7.93737897,yes,CLEANED:0,FCC_SQS,Al24W8
Al24Y8,OK,0,0,0,static_OUTCAR,-147.4378738300,-147.4366767500,fcc,4.0,32,652.17002453,4.33601007,,8.67202014,8.67202014,8.67202014,no,CLEANED:0,FCC_SQS,Al24Y8
Al24Zn8,OK,0,0,0,static_OUTCAR,-98.1582734000,-98.1580538900,fcc,4.0,32,519.58998680,4.01966872,,8.03933743,8.03933743,8.03933743,yes,CLEANED:0,FCC_SQS,Al24Zn8
Al24Zr8,OK,0,0,0,static_OUTCAR,-164.9553028200,-164.9567888100,fcc,4.0,32,582.49502574,4.17574604,,8.35149208,8.35149208,8.35149208,yes,CLEANED:0,FCC_SQS,Al24Zr8
Al8Au24,OK,0,0,0,static_OUTCAR,-113.6446073700,-113.6449228000,fcc,4.0,32,555.35101313,4.10984895,,8.21969790,8.21969790,8.21969790,yes,CLEANED:0,FCC_SQS,Al8Au24
Al8Be24,OK,0,0,0,static_OUTCAR,-113.0709489200,-113.0707341600,fcc,4.0,32,344.35217958,3.50459322,,7.00918644,7.00918644,7.00918644,no,CLEANED:0,FCC_SQS,Al8Be24
Al8Ca24,OK,0,0,0,static_OUTCAR,-76.5012729300,-76.5019460500,fcc,4.0,32,1066.43176680,5.10835451,,10.21670902,10.21670902,10.21670902,yes,CLEANED:0,FCC_SQS,Al8Ca24
Al8Co24,OK,0,0,0,static_OUTCAR,-203.8982020200,-203.8978657700,fcc,4.0,32,365.87632497,3.57614215,,7.15228430,7.15228430,7.15228430,yes,CLEANED:0,FCC_SQS,Al8Co24
Al8Cr24,OK,0,0,0,static_OUTCAR,-252.9369334800,-252.9354508200,fcc,4.0,32,397.60500023,3.67666406,,7.35332813,7.35332813,7.35332813,yes,CLEANED:0,FCC_SQS,Al8Cr24
Al8Cu24,OK,0,0,0,static_OUTCAR,-123.9902897200,-123.9902540900,fcc,4.0,32,400.70530246,3.68619552,,7.37239105,7.37239105,7.37239105,yes,CLEANED:0,FCC_SQS,Al8Cu24
Al8Dy24,OK,0,0,0,static_OUTCAR,-141.6156090200,-141.6158956300,fcc,4.0,32,894.67200001,4.81790190,,9.63580380,9.63580380,9.63580380,yes,CLEANED:0,FCC_SQS,Al8Dy24
Al8Er24,OK,0,0,0,static_OUTCAR,-140.6117928200,-140.6123890400,fcc,4.0,32,857.46727371,4.75017040,,9.50034080,9.50034080,9.50034080,yes,CLEANED:0,FCC_SQS,Al8Er24
Al8Fe24,OK,0,0,0,static_OUTCAR,-231.1790021600,-231.1777734400,fcc,4.0,32,389.21620594,3.65062292,,7.30124584,7.30124584,7.30124584,yes,CLEANED:0,FCC_SQS,Al8Fe24
Al8Ge24,OK,0,0,0,static_OUTCAR,-130.3772809500,-130.3765580400,fcc,4.0,32,599.94367771,4.21703137,,8.43406273,8.43406273,8.43406273,yes,CLEANED:0,FCC_SQS,Al8Ge24
Al8Hf24,OK,0,0,0,static_OUTCAR,-271.8697493100,-271.8689712200,fcc,4.0,32,668.52785099,4.37196328,,8.74392657,8.74392657,8.74392657,yes,CLEANED:0,FCC_SQS,Al8Hf24
Al8Ir24,OK,0,0,0,static_OUTCAR,-252.4200382800,-252.4205260600,fcc,4.0,32,461.25228475,3.86322066,,7.72644131,7.72644131,7.72644131,yes,CLEANED:0,FCC_SQS,Al8Ir24
Al8La24,OK,0,0,0,static_OUTCAR,-150.2010650800,-150.1999130900,fcc,4.0,32,997.89585322,4.99649063,,9.99298125,9.99298125,9.99298125,no,CLEANED:0,FCC_SQS,Al8La24
Al8Mg24,OK,0,0,0,static_OUTCAR,-65.4760027300,-65.4749662500,fcc,4.0,32,676.56043941,4.38940382,,8.77880765,8.77880765,8.77880765,yes,CLEANED:0,FCC_SQS,Al8Mg24
Al8Mo24,OK,0,0,0,static_OUTCAR,-288.6687903400,-288.6695095600,fcc,4.0,32,502.91569251,3.97620164,,7.95240328,7.95240328,7.95240328,yes,CLEANED:0,FCC_SQS,Al8Mo24
Al8Nb24,OK,0,0,0,static_OUTCAR,-273.0733400800,-273.0731870400,fcc,4.0,32,578.38774476,4.16590823,,8.33181645,8.33181645,8.33181645,yes,CLEANED:0,FCC_SQS,Al8Nb24
Al8Ni24,OK,0,0,0,static_OUTCAR,-172.0758486800,-172.0715495100,fcc,4.0,32,363.54773307,3.56853931,,7.13707861,7.13707861,7.13707861,yes,CLEANED:0,FCC_SQS,Al8Ni24
Al8Os24,OK,0,0,0,static_OUTCAR,-299.3081368200,-299.3095930000,fcc,4.0,32,459.61937372,3.85865645,,7.71731289,7.71731289,7.71731289,yes,CLEANED:0,FCC_SQS,Al8Os24
Al8Pb24,OK,0,0,0,static_OUTCAR,-110.3135345800,-110.3128957100,fcc,4.0,32,940.21345701,4.89830126,,9.79660252,9.79660252,9.79660252,no,CLEANED:0,FCC_SQS,Al8Pb24
Al8Pd24,OK,0,0,0,static_OUTCAR,-172.7660019000,-172.7671959000,fcc,4.0,32,478.68152427,3.91127987,,7.82255974,7.82255974,7.82255974,yes,CLEANED:0,FCC_SQS,Al8Pd24
Al8Pt24,OK,0,0,0,static_OUTCAR,-194.5167427200,-194.5162327200,fcc,4.0,32,488.39855668,3.93756856,,7.87513711,7.87513711,7.87513711,yes,CLEANED:0,FCC_SQS,Al8Pt24
Al8Re24,OK,0,0,0,static_OUTCAR,-326.9200473700,-326.9206813400,fcc,4.0,32,476.69213075,3.90585394,,7.81170788,7.81170788,7.81170788,yes,CLEANED:0,FCC_SQS,Al8Re24
Al8Rh24,OK,0,0,0,static_OUTCAR,-216.9353807300,-216.9356689600,fcc,4.0,32,449.59622837,3.83040084,,7.66080168,7.66080168,7.66080168,yes,CLEANED:0,FCC_SQS,Al8Rh24
Al8Ru24,OK,0,0,0,static_OUTCAR,-255.5748068700,-255.5746330900,fcc,4.0,32,445.58097483,3.81896388,,7.63792776,7.63792776,7.63792776,yes,CLEANED:0,FCC_SQS,Al8Ru24
Al8Sc24,OK,0,0,0,static_OUTCAR,-184.3771226700,-184.3769250100,fcc,4.0,32,710.82196357,4.46228136,,8.92456272,8.92456272,8.92456272,yes,CLEANED:0,FCC_SQS,Al8Sc24
Al8Si24,OK,0,0,0,static_OUTCAR,-148.9755534100,-148.9768407600,fcc,4.0,32,475.48116474,3.90254372,,7.80508744,7.80508744,7.80508744,no,CLEANED:0,FCC_SQS,Al8Si24
Al8Sn24,OK,0,0,0,static_OUTCAR,-118.0568515500,-118.0541026600,fcc,4.0,32,820.47192753,4.68084844,,9.36169689,9.36169689,9.36169689,yes,CLEANED:0,FCC_SQS,Al8Sn24
Al8Ta24,OK,0,0,0,static_OUTCAR,-313.9202323200,-313.9199333400,fcc,4.0,32,575.18813354,4.15821215,,8.31642431,8.31642431,8.31642431,yes,CLEANED:0,FCC_SQS,Al8Ta24
Al8Tb24,OK,0,0,0,static_OUTCAR,-142.2304069400,-142.2300535500,fcc,4.0,32,912.88800001,4.85038081,,9.70076162,9.70076162,9.70076162,yes,CLEANED:0,FCC_SQS,Al8Tb24
Al8Ti24,OK,0,0,0,static_OUTCAR,-222.4016728600,-222.4018222400,fcc,4.0,32,540.18227000,4.07208448,,8.14416896,8.14416896,8.14416896,yes,CLEANED:0,FCC_SQS,Al8Ti24
Al8V24,OK,0,0,0,static_OUTCAR,-246.1477783000,-246.1482312300,fcc,4.0,32,450.19049103,3.83208773,,7.66417547,7.66417547,7.66417547,yes,CLEANED:0,FCC_SQS,Al8V24
Al8W24,OK,0,0,0,static_OUTCAR,-333.9949438700,-333.9944102500,fcc,4.0,32,513.03124856,4.00268374,,8.00536748,8.00536748,8.00536748,yes,CLEANED:0,FCC_SQS,Al8W24
Al8Y24,OK,0,0,0,static_OUTCAR,-187.0803018000,-187.0803348400,fcc,4.0,32,898.07861012,4.82400914,,9.64801828,9.64801828,9.64801828,yes,CLEANED:0,FCC_SQS,Al8Y24
Al8Zn24,OK,0,0,0,static_OUTCAR,-55.8657196200,-55.8649386400,fcc,4.0,32,499.57570501,3.96737977,,7.93475954,7.93475954,7.93475954,yes,CLEANED:0,FCC_SQS,Al8Zn24
Al8Zr24,OK,0,0,0,static_OUTCAR,-239.5699737400,-239.5710371600,fcc,4.0,32,689.39436978,4.41698491,,8.83396981,8.83396981,8.83396981,yes,CLEANED:0,FCC_SQS,Al8Zr24
Au16Au16,SKIP,,,,static_OUTCAR,-103.0487636200,-103.0534917100,fcc,4.0,32,574.79395131,4.15726205,,8.31452410,8.31452410,8.31452410,yes,SKIP_EXISTING_OUTCAR,FCC_SQS,Au16Au16
Au16Be16,SKIP,,,,static_OUTCAR,-111.7048410700,-111.7044857100,fcc,4.0,32,455.59577899,3.84736363,,7.69472726,7.69472726,7.69472726,no,SKIP_EXISTING_OUTCAR,FCC_SQS,Au16Be16
Au16Ca16,SKIP,,,,static_OUTCAR,-101.6221139200,-101.6225605900,fcc,4.0,32,785.79400803,4.61395026,,9.22790053,9.22790053,9.22790053,no,SKIP_EXISTING_OUTCAR,FCC_SQS,Au16Ca16
Au16Co16,SKIP,,,,static_OUTCAR,-157.5567146500,-157.5564089600,fcc,4.0,32,473.01330514,3.89578030,,7.79156059,7.79156059,7.79156059,yes,SKIP_EXISTING_OUTCAR,FCC_SQS,Au16Co16
Au16Cr16,SKIP,,,,static_OUTCAR,-193.9660390200,-193.9663769200,fcc,4.0,32,509.66048124,3.99389820,,7.98779640,7.98779640,7.98779640,no,SKIP_EXISTING_OUTCAR,FCC_SQS,Au16Cr16
Au16Cu16,SKIP,,,,static_OUTCAR,-111.8074843900,-111.8064861500,fcc,4.0,32,489.57764878,3.94073470,,7.88146941,7.88146941,7.88146941,yes,SKIP_EXISTING_OUTCAR,FCC_SQS,Au16Cu16
Au16Dy16,SKIP,,,,static_OUTCAR,-142.1174750300,-142.1167035800,fcc,4.0,32,740.72731099,4.52400202,,9.04800404,9.04800404,9.04800404,no,SKIP_EXISTING_OUTCAR,FCC_SQS,Au16Dy16
Au16Er16,SKIP,,,,static_OUTCAR,-141.5695254500,-141.5704543400,fcc,4.0,32,726.89110253,4.49565651,,8.99131303,8.99131303,8.99131303,no,SKIP_EXISTING_OUTCAR,FCC_SQS,Au16Er16
Au16Fe16,SKIP,,,,static_OUTCAR,-179.1724373800,-179.1714224100,fcc,4.0,32,487.31551228,3.93465583,,7.86931165,7.86931165,7.86931165,yes,SKIP_EXISTING_OUTCAR,FCC_SQS,Au16Fe16
Au16Ge16,SKIP,,,,static_OUTCAR,-119.8961425300,-119.8956774500,fcc,4.0,32,594.68380625,4.20467122,,8.40934243,8.40934243,8.40934243,yes,SKIP_EXISTING_OUTCAR,FCC_SQS,Au16Ge16
Au16Hf16,SKIP,,,,static_OUTCAR,-220.1406535900,-220.1401334900,fcc,4.0,32,628.38882067,4.28265235,,8.56530469,8.56530469,8.56530469,yes,SKIP_EXISTING_OUTCAR,FCC_SQS,Au16Hf16
Au16Ir16,SKIP,,,,static_OUTCAR,-182.8078936700,-182.8073091700,fcc,4.0,32,512.40025488,4.00104206,,8.00208412,8.00208412,8.00208412,yes,SKIP_EXISTING_OUTCAR,FCC_SQS,Au16Ir16
Au16La16,SKIP,,,,relax_OUTCAR,-145.7364582300,-145.7363906600,fcc,4.0,32,818.57275373,4.67723401,,9.35446803,9.35446803,9.35446803,no,SKIP_EXISTING_OUTCAR,FCC_SQS,Au16La16
Au16Mg16,SKIP,,,,static_OUTCAR,-88.5943916000,-88.5952154000,fcc,4.0,32,587.47789753,4.18761919,,8.37523839,8.37523839,8.37523839,yes,SKIP_EXISTING_OUTCAR,FCC_SQS,Au16Mg16
Au16Mn16,SKIP,,,,static_OUTCAR,-192.1062742000,-192.1069040600,fcc,4.0,32,525.62599736,4.03517416,,8.07034831,8.07034831,8.07034831,yes,SKIP_EXISTING_OUTCAR,FCC_SQS,Au16Mn16
Au16Mo16,SKIP,,,,static_OUTCAR,-219.1241445900,-219.1252051700,fcc,4.0,32,529.69833636,4.04556833,,8.09113666,8.09113666,8.09113666,yes,SKIP_EXISTING_OUTCAR,FCC_SQS,Au16Mo16
Au16Nb16,SKIP,,,,static_OUTCAR,-214.0874972100,-214.0871128500,fcc,4.0,32,576.25784652,4.16078832,,8.32157664,8.32157664,8.32157664,yes,SKIP_EXISTING_OUTCAR,FCC_SQS,Au16Nb16
Au16Ni16,SKIP,,,,static_OUTCAR,-135.4638600900,-135.4705808700,fcc,4.0,32,459.82399999,3.85922900,,7.71845800,7.71845800,7.71845800,yes,SKIP_EXISTING_OUTCAR,FCC_SQS,Au16Ni16
Au16Os16,SKIP,,,,static_OUTCAR,-214.7501236600,-214.7508960800,fcc,4.0,32,505.43148896,3.98282083,,7.96564165,7.96564165,7.96564165,yes,SKIP_EXISTING_OUTCAR,FCC_SQS,Au16Os16
Au16Pb16,SKIP,,,,,,,fcc,4.0,32,779.44452868,4.60148922,,9.20297843,9.20297843,9.20297843,,SKIP_EXISTING_OUTCAR;LATTICE_FROM_VOLUME_CONTCAR,FCC_SQS,Au16Pb16
Au16Pd16,SKIP,,,,static_OUTCAR,-137.2885018700,-137.2854783400,fcc,4.0,32,530.51051132,4.04763493,,8.09526987,8.09526987,8.09526987,yes,SKIP_EXISTING_OUTCAR,FCC_SQS,Au16Pd16
Au16Pt16,SKIP,,,,static_OUTCAR,-147.5490911200,-147.5472177400,fcc,4.0,32,533.23131441,4.05454277,,8.10908554,8.10908554,8.10908554,yes,SKIP_EXISTING_OUTCAR,FCC_SQS,Au16Pt16
Au16Re16,SKIP,,,,static_OUTCAR,-238.2710024100,-238.2693877300,fcc,4.0,32,512.95308227,4.00248045,,8.00496089,8.00496089,8.00496089,yes,SKIP_EXISTING_OUTCAR,FCC_SQS,Au16Re16
Au16Rh16,SKIP,,,,static_OUTCAR,-162.6107713300,-162.6114388000,fcc,4.0,32,509.95608759,3.99467021,,7.98934043,7.98934043,7.98934043,yes,SKIP_EXISTING_OUTCAR,FCC_SQS,Au16Rh16
Au16Ru16,SKIP,,,,static_OUTCAR,-188.4329709700,-188.4342926100,fcc,4.0,32,501.29341037,3.97192162,,7.94384324,7.94384324,7.94384324,yes,SKIP_EXISTING_OUTCAR,FCC_SQS,Au16Ru16
Au16Sc16,SKIP,,,,static_OUTCAR,-167.6783417200,-167.6771726700,fcc,4.0,32,634.59376655,4.29670237,,8.59340474,8.59340474,8.59340474,yes,SKIP_EXISTING_OUTCAR,FCC_SQS,Au16Sc16
Au16Si16,SKIP,,,,static_OUTCAR,-133.1930078900,-133.1924988000,fcc,4.0,32,543.02534798,4.07921603,,8.15843205,8.15843205,8.15843205,no,SKIP_EXISTING_OUTCAR,FCC_SQS,Au16Si16
Au16Sn16,SKIP,,,,static_OUTCAR,-114.4608993300,-114.4609851300,fcc,4.0,32,710.64113713,4.46190294,,8.92380588,8.92380588,8.92380588,no,SKIP_EXISTING_OUTCAR,FCC_SQS,Au16Sn16
Au16Ta16,SKIP,,,,static_OUTCAR,-240.7627717900,-240.7625982500,fcc,4.0,32,572.61946908,4.15201303,,8.30402606,8.30402606,8.30402606,yes,SKIP_EXISTING_OUTCAR,FCC_SQS,Au16Ta16
Au16Tb16,SKIP,,,,static_OUTCAR,-142.3551642400,-142.3545505600,fcc,4.0,32,748.13303518,4.53902891,,9.07805781,9.07805781,9.07805781,no,SKIP_EXISTING_OUTCAR,FCC_SQS,Au16Tb16
Au16Ti16,SKIP,,,,static_OUTCAR,-184.9722063200,-184.9726594100,fcc,4.0,32,549.64642552,4.09572831,,8.19145663,8.19145663,8.19145663,yes,SKIP_EXISTING_OUTCAR,FCC_SQS,Au16Ti16
Au16V16,SKIP,,,,,,,fcc,4.0,32,507.38519017,3.98794598,,7.97589196,7.97589196,7.97589196,,SKIP_EXISTING_OUTCAR;LATTICE_FROM_VOLUME_CONTCAR,FCC_SQS,Au16V16
Au16W16,SKIP,,,,static_OUTCAR,-247.4000772800,-247.4001326800,fcc,4.0,32,533.71464402,4.05576744,,8.11153487,8.11153487,8.11153487,yes,SKIP_EXISTING_OUTCAR,FCC_SQS,Au16W16
Au16Y16,SKIP,,,,static_OUTCAR,-174.1323192100,-174.1325789700,fcc,4.0,32,748.35209498,4.53947188,,9.07894377,9.07894377,9.07894377,no,SKIP_EXISTING_OUTCAR,FCC_SQS,Au16Y16
Au16Zn16,SKIP,,,,static_OUTCAR,-73.9097309000,-73.9113381600,fcc,4.0,32,529.94578429,4.04619819,,8.09239638,8.09239638,8.09239638,yes,SKIP_EXISTING_OUTCAR,FCC_SQS,Au16Zn16
Au16Zr16,SKIP,,,,static_OUTCAR,-198.8411219300,-198.8411628000,fcc,4.0,32,641.23519246,4.31163962,,8.62327924,8.62327924,8.62327924,yes,SKIP_EXISTING_OUTCAR,FCC_SQS,Au16Zr16
Au24Be8,OK,0,0,0,static_OUTCAR,-109.0414891400,-109.0414031400,fcc,4.0,32,520.05139838,4.02085823,,8.04171646,8.04171646,8.04171646,yes,CLEANED:0,FCC_SQS,Au24Be8
Au24Ca8,OK,0,0,0,static_OUTCAR,-106.1497083000,-106.1509847000,fcc,4.0,32,645.65607156,4.32152554,,8.64305108,8.64305108,8.64305108,no,CLEANED:0,FCC_SQS,Au24Ca8
Au24Co8,OK,0,0,0,static_OUTCAR,-128.0380556400,-128.0353184400,fcc,4.0,32,528.93789791,4.04363145,,8.08726291,8.08726291,8.08726291,yes,CLEANED:0,FCC_SQS,Au24Co8
Au24Cr8,OK,0,0,0,static_OUTCAR,-150.1598199500,-150.1599195800,fcc,4.0,32,554.48072160,4.10770098,,8.21540195,8.21540195,8.21540195,yes,CLEANED:0,FCC_SQS,Au24Cr8
Au24Cu8,OK,0,0,0,static_OUTCAR,-107.6353430500,-107.6357671600,fcc,4.0,32,534.35763541,4.05739551,,8.11479102,8.11479102,8.11479102,yes,CLEANED:0,FCC_SQS,Au24Cu8
Au24Dy8,OK,0,0,0,static_OUTCAR,-130.0635384700,-130.0635997200,fcc,4.0,32,647.19510846,4.32495653,,8.64991305,8.64991305,8.64991305,no,CLEANED:0,FCC_SQS,Au24Dy8
Au24Er8,OK,0,0,0,static_OUTCAR,-129.2096478300,-129.2088167500,fcc,4.0,32,638.71671685,4.30598751,,8.61197501,8.61197501,8.61197501,no,CLEANED:0,FCC_SQS,Au24Er8
Au24Fe8,OK,0,0,0,static_OUTCAR,-140.1326393100,-140.1325968600,fcc,4.0,32,537.35924825,4.06497844,,8.12995689,8.12995689,8.12995689,yes,CLEANED:0,FCC_SQS,Au24Fe8
Au24Ge8,OK,0,0,0,static_OUTCAR,-111.4686010100,-111.4698919900,fcc,4.0,32,582.41152426,4.17554650,,8.35109300,8.35109300,8.35109300,yes,CLEANED:0,FCC_SQS,Au24Ge8
Au24Hf8,OK,0,0,0,static_OUTCAR,-165.5866514800,-165.5844859100,fcc,4.0,32,596.11357835,4.20803822,,8.41607644,8.41607644,8.41607644,yes,CLEANED:0,FCC_SQS,Au24Hf8
Au24Ir8,OK,0,0,0,static_OUTCAR,-139.8968453200,-139.8976480900,fcc,4.0,32,541.45350156,4.07527631,,8.15055262,8.15055262,8.15055262,yes,CLEANED:0,FCC_SQS,Au24Ir8
Au24La8,OK,0,0,0,static_OUTCAR,-133.1514171900,-133.1504009500,fcc,4.0,32,704.24121996,4.44846814,,8.89693628,8.89693628,8.89693628,no,CLEANED:0,FCC_SQS,Au24La8
Au24Mg8,OK,0,0,0,static_OUTCAR,-99.7781544100,-99.7779092400,fcc,4.0,32,573.31497776,4.15369337,,8.30738675,8.30738675,8.30738675,yes,CLEANED:0,FCC_SQS,Au24Mg8
Au24Mn8,OK,0,0,0,static_OUTCAR,-149.8815127500,-149.8811018000,fcc,4.0,32,554.63706848,4.10808702,,8.21617405,8.21617405,8.21617405,yes,CLEANED:0,FCC_SQS,Au24Mn8
Au24Mo8,OK,0,0,0,static_OUTCAR,-158.6855065800,-158.6847416600,fcc,4.0,32,549.38724027,4.09508443,,8.19016887,8.19016887,8.19016887,yes,CLEANED:0,FCC_SQS,Au24Mo8
Au24Nb8,OK,0,0,0,static_OUTCAR,-158.3930923000,-158.3935316200,fcc,4.0,32,572.98967625,4.15290762,,8.30581523,8.30581523,8.30581523,yes,CLEANED:0,FCC_SQS,Au24Nb8
Au24Ni8,OK,0,0,0,static_OUTCAR,-118.8379344700,-118.8398527200,fcc,4.0,32,521.73007793,4.02517991,,8.05035981,8.05035981,8.05035981,yes,CLEANED:0,FCC_SQS,Au24Ni8
Au24Os8,OK,0,0,0,static_OUTCAR,-153.9479511600,-153.9497000200,fcc,4.0,32,537.15157152,4.06445470,,8.12890941,8.12890941,8.12890941,yes,CLEANED:0,FCC_SQS,Au24Os8
Au24Pb8,OK,0,0,0,static_OUTCAR,-104.2707903800,-104.2713284800,fcc,4.0,32,666.45111010,4.36743151,,8.73486302,8.73486302,8.73486302,no,CLEANED:0,FCC_SQS,Au24Pb8
Au24Pd8,OK,0,0,0,static_OUTCAR,-121.0722430400,-121.0702041600,fcc,4.0,32,551.47415589,4.10026311,,8.20052622,8.20052622,8.20052622,yes,CLEANED:0,FCC_SQS,Au24Pd8
Au24Pt8,OK,0,0,0,static_OUTCAR,-125.1874063800,-125.1886758500,fcc,4.0,32,552.54239990,4.10290890,,8.20581780,8.20581780,8.20581780,yes,CLEANED:0,FCC_SQS,Au24Pt8
Au24Re8,OK,0,0,0,static_OUTCAR,-165.3080259400,-165.3098821500,fcc,4.0,32,539.49461865,4.07035583,,8.14071166,8.14071166,8.14071166,yes,CLEANED:0,FCC_SQS,Au24Re8
Au24Rh8,OK,0,0,0,static_OUTCAR,-131.7763732200,-131.7746870600,fcc,4.0,32,541.03270238,4.07422031,,8.14844063,8.14844063,8.14844063,yes,CLEANED:0,FCC_SQS,Au24Rh8
Au24Ru8,OK,0,0,0,static_OUTCAR,-142.4776014700,-142.4790451000,fcc,4.0,32,537.31286738,4.06486149,,8.12972297,8.12972297,8.12972297,yes,CLEANED:0,FCC_SQS,Au24Ru8
Au24Sc8,OK,0,0,0,static_OUTCAR,-141.5744215200,-141.5730780200,fcc,4.0,32,594.73422005,4.20479003,,8.40958006,8.40958006,8.40958006,yes,CLEANED:0,FCC_SQS,Au24Sc8
Au24Si8,OK,0,0,0,static_OUTCAR,-118.8390658200,-118.8397234300,fcc,4.0,32,559.01459176,4.11886653,,8.23773306,8.23773306,8.23773306,yes,CLEANED:0,FCC_SQS,Au24Si8
Au24Sn8,OK,0,0,0,static_OUTCAR,-108.3391816300,-108.3388539700,fcc,4.0,32,629.40189326,4.28495257,,8.56990514,8.56990514,8.56990514,yes,CLEANED:0,FCC_SQS,Au24Sn8
Au24Ta8,OK,0,0,0,static_OUTCAR,-170.9562218400,-170.9567724400,fcc,4.0,32,569.87246310,4.14536295,,8.29072590,8.29072590,8.29072590,yes,CLEANED:0,FCC_SQS,Au24Ta8
Au24Tb8,OK,0,0,0,static_OUTCAR,-130.2107618200,-130.2109425400,fcc,4.0,32,651.97461422,4.33557696,,8.67115392,8.67115392,8.67115392,no,CLEANED:0,FCC_SQS,Au24Tb8
Au24Ti8,OK,0,0,0,static_OUTCAR,-146.2615728200,-146.2590334000,fcc,4.0,32,559.58622077,4.12026999,,8.24053998,8.24053998,8.24053998,yes,CLEANED:0,FCC_SQS,Au24Ti8
Au24W8,OK,0,0,0,static_OUTCAR,-171.4551222200,-171.4556475000,fcc,4.0,32,549.75543537,4.09599906,,8.19199812,8.19199812,8.19199812,yes,CLEANED:0,FCC_SQS,Au24W8
Au24Y8,OK,0,0,0,static_OUTCAR,-145.2452695000,-145.2453753800,fcc,4.0,32,649.38941518,4.32983892,,8.65967783,8.65967783,8.65967783,no,CLEANED:0,FCC_SQS,Au24Y8
Au24Zn8,OK,0,0,0,static_OUTCAR,-89.7014793500,-89.7009773300,fcc,4.0,32,552.61613422,4.10309140,,8.20618280,8.20618280,8.20618280,yes,CLEANED:0,FCC_SQS,Au24Zn8
Au24Zr8,OK,0,0,0,static_OUTCAR,-154.9077401000,-154.9056261700,fcc,4.0,32,603.38985898,4.22509041,,8.45018082,8.45018082,8.45018082,yes,CLEANED:0,FCC_SQS,Au24Zr8
Au8Be24,OK,0,0,0,static_OUTCAR,-114.4527411300,-114.4530260900,fcc,4.0,32,369.70433952,3.58857081,,7.17714162,7.17714162,7.17714162,yes,CLEANED:0,FCC_SQS,Au8Be24
Au8Ca24,OK,0,0,0,static_OUTCAR,-83.2485456300,-83.2476446100,fcc,4.0,32,1028.57138881,5.04717253,,10.09434506,10.09434506,10.09434506,yes,CLEANED:0,FCC_SQS,Au8Ca24
Au8Co24,OK,0,0,0,static_OUTCAR,-189.5525984800,-189.5520340200,fcc,4.0,32,412.53058187,3.72210586,,7.44421172,7.44421172,7.44421172,yes,CLEANED:0,FCC_SQS,Au8Co24
Au8Cu24,OK,0,0,0,static_OUTCAR,-115.9938884400,-115.9966805100,fcc,4.0,32,436.95842515,3.79416934,,7.58833868,7.58833868,7.58833868,yes,CLEANED:0,FCC_SQS,Au8Cu24
Au8Dy24,OK,0,0,0,static_OUTCAR,-144.2333166700,-144.2333723200,fcc,4.0,32,856.73449898,4.74881688,,9.49763376,9.49763376,9.49763376,yes,CLEANED:0,FCC_SQS,Au8Dy24
Au8Er24,OK,0,0,0,static_OUTCAR,-143.4308127000,-143.4307570300,fcc,4.0,32,835.49840418,4.70925144,,9.41850288,9.41850288,9.41850288,yes,CLEANED:0,FCC_SQS,Au8Er24
Au8Fe24,OK,0,0,0,static_OUTCAR,-219.0774524400,-219.0748279900,fcc,4.0,32,437.38486034,3.79540320,,7.59080641,7.59080641,7.59080641,yes,CLEANED:0,FCC_SQS,Au8Fe24
Au8Ge24,OK,0,0,0,static_OUTCAR,-127.8338619200,-127.8351292100,fcc,4.0,32,610.00910446,4.24048414,,8.48096828,8.48096828,8.48096828,no,CLEANED:0,FCC_SQS,Au8Ge24
Au8Hf24,OK,0,0,0,static_OUTCAR,-269.3639119700,-269.3637686800,fcc,4.0,32,666.81594946,4.36822833,,8.73645665,8.73645665,8.73645665,yes,CLEANED:0,FCC_SQS,Au8Hf24
Au8Ir24,OK,0,0,0,static_OUTCAR,-230.1199315800,-230.1200841500,fcc,4.0,32,487.01571971,3.93384881,,7.86769761,7.86769761,7.86769761,yes,CLEANED:0,FCC_SQS,Au8Ir24
Au8Mg24,OK,0,0,0,static_OUTCAR,-70.6139081200,-70.6134395000,fcc,4.0,32,634.54855364,4.29660033,,8.59320065,8.59320065,8.59320065,yes,CLEANED:0,FCC_SQS,Au8Mg24
Au8Mo24,OK,0,0,0,static_OUTCAR,-279.0002877800,-278.9999136400,fcc,4.0,32,517.13114065,4.01331795,,8.02663591,8.02663591,8.02663591,yes,CLEANED:0,FCC_SQS,Au8Mo24
Au8Nb24,OK,0,0,0,static_OUTCAR,-266.0480884600,-266.0483706300,fcc,4.0,32,586.13915099,4.18443585,,8.36887171,8.36887171,8.36887171,yes,CLEANED:0,FCC_SQS,Au8Nb24
Au8Ni24,OK,0,0,0,static_OUTCAR,-154.3960299300,-154.3976263500,fcc,4.0,32,409.37180653,3.71258137,,7.42516274,7.42516274,7.42516274,yes,CLEANED:0,FCC_SQS,Au8Ni24
Au8Os24,OK,0,0,0,static_OUTCAR,-281.6171234000,-281.6167168300,fcc,4.0,32,480.59666649,3.91648910,,7.83297820,7.83297820,7.83297820,yes,CLEANED:0,FCC_SQS,Au8Os24
Au8Pd24,OK,0,0,0,static_OUTCAR,-152.0075647100,-152.0202930000,fcc,4.0,32,510.87169981,3.99705956,,7.99411911,7.99411911,7.99411911,yes,CLEANED:0,FCC_SQS,Au8Pd24
Au8Pt24,OK,0,0,0,static_OUTCAR,-170.3519684100,-170.3541608800,fcc,4.0,32,507.63999999,3.98861345,,7.97722690,7.97722690,7.97722690,yes,CLEANED:0,FCC_SQS,Au8Pt24
Au8Re24,OK,0,0,0,static_OUTCAR,-314.1155703600,-314.1148778300,fcc,4.0,32,494.00540971,3.95257912,,7.90515825,7.90515825,7.90515825,yes,CLEANED:0,FCC_SQS,Au8Re24
Au8Rh24,OK,0,0,0,static_OUTCAR,-195.8721575400,-195.8726673600,fcc,4.0,32,479.12337447,3.91248294,,7.82496589,7.82496589,7.82496589,yes,CLEANED:0,FCC_SQS,Au8Rh24
Au8Ru24,OK,0,0,0,static_OUTCAR,-238.4098915900,-238.4099507800,fcc,4.0,32,469.46421254,3.88601228,,7.77202455,7.77202455,7.77202455,yes,CLEANED:0,FCC_SQS,Au8Ru24
Au8Sc24,OK,0,0,0,static_OUTCAR,-185.6844561300,-185.6862728800,fcc,4.0,32,695.79776285,4.43061840,,8.86123681,8.86123681,8.86123681,yes,CLEANED:0,FCC_SQS,Au8Sc24
Au8Si24,OK,0,0,0,static_OUTCAR,-146.8669701900,-146.8669181200,fcc,4.0,32,518.64204991,4.01722274,,8.03444549,8.03444549,8.03444549,no,CLEANED:0,FCC_SQS,Au8Si24
Au8Sn24,OK,0,0,0,static_OUTCAR,-118.2583814900,-118.2572471400,fcc,4.0,32,802.46947717,4.64635989,,9.29271977,9.29271977,9.29271977,no,CLEANED:0,FCC_SQS,Au8Sn24
Au8Ta24,OK,0,0,0,static_OUTCAR,-306.9171037100,-306.9156368400,fcc,4.0,32,582.74802913,4.17635052,,8.35270105,8.35270105,8.35270105,yes,CLEANED:0,FCC_SQS,Au8Ta24
Au8Tb24,OK,0,0,0,static_OUTCAR,-144.7677375400,-144.7679120200,fcc,4.0,32,867.98929587,4.76952132,,9.53904263,9.53904263,9.53904263,yes,CLEANED:0,FCC_SQS,Au8Tb24
Au8Ti24,OK,0,0,0,static_OUTCAR,-218.9264978300,-218.9282865000,fcc,4.0,32,547.59797979,4.09063393,,8.18126787,8.18126787,8.18126787,yes,CLEANED:0,FCC_SQS,Au8Ti24
Au8V24,OK,0,0,0,static_OUTCAR,-238.5773578700,-238.5761565700,fcc,4.0,32,470.15745504,3.88792412,,7.77584823,7.77584823,7.77584823,yes,CLEANED:0,FCC_SQS,Au8V24
Au8W24,OK,0,0,0,static_OUTCAR,-324.0724278900,-324.0726118200,fcc,4.0,32,525.94484063,4.03598990,,8.07197980,8.07197980,8.07197980,yes,CLEANED:0,FCC_SQS,Au8W24
Au8Y24,OK,0,0,0,static_OUTCAR,-189.8959416000,-189.8966872400,fcc,4.0,32,874.37550046,4.78118995,,9.56237990,9.56237990,9.56237990,yes,CLEANED:0,FCC_SQS,Au8Y24
Au8Zn24,OK,0,0,0,static_OUTCAR,-55.4760961600,-55.4767304700,fcc,4.0,32,504.93442685,3.98151478,,7.96302955,7.96302955,7.96302955,yes,CLEANED:0,FCC_SQS,Au8Zn24
Au8Zr24,OK,0,0,0,static_OUTCAR,-236.8582956300,-236.8577970300,fcc,4.0,32,686.34990850,4.41047330,,8.82094661,8.82094661,8.82094661,yes,CLEANED:0,FCC_SQS,Au8Zr24
Be16Be16,SKIP,,,,static_OUTCAR,-117.9531606500,-117.9523967800,fcc,4.0,32,253.17178307,3.16306734,,6.32613468,6.32613468,6.32613468,yes,SKIP_EXISTING_OUTCAR,FCC_SQS,Be16Be16
Be16Ca16,SKIP,,,,static_OUTCAR,-81.3629810900,-81.3621516500,fcc,4.0,32,730.32447499,4.50272361,,9.00544722,9.00544722,9.00544722,no,SKIP_EXISTING_OUTCAR,FCC_SQS,Be16Ca16
Be16Co16,SKIP,,,,static_OUTCAR,-175.6828685900,-175.6820064600,fcc,4.0,32,300.65243526,3.34958945,,6.69917889,6.69917889,6.69917889,yes,SKIP_EXISTING_OUTCAR,FCC_SQS,Be16Co16
Be16Cr16,SKIP,,,,static_OUTCAR,-208.2390965100,-208.2390292400,fcc,4.0,32,327.07669629,3.44497868,,6.88995736,6.88995736,6.88995736,yes,SKIP_EXISTING_OUTCAR,FCC_SQS,Be16Cr16
Be16Cu16,SKIP,,,,static_OUTCAR,-120.0901619500,-120.0906982300,fcc,4.0,32,324.09521641,3.43447910,,6.86895820,6.86895820,6.86895820,yes,SKIP_EXISTING_OUTCAR,FCC_SQS,Be16Cu16
Be16Dy16,SKIP,,,,static_OUTCAR,-127.2797649200,-127.2798988600,fcc,4.0,32,661.87412269,4.35741046,,8.71482092,8.71482092,8.71482092,no,SKIP_EXISTING_OUTCAR,FCC_SQS,Be16Dy16
Be16Er16,SKIP,,,,static_OUTCAR,-126.3998476300,-126.3990062700,fcc,4.0,32,649.52408038,4.33013819,,8.66027638,8.66027638,8.66027638,no,SKIP_EXISTING_OUTCAR,FCC_SQS,Be16Er16
Be16Fe16,SKIP,,,,static_OUTCAR,-194.0254500200,-194.0249887200,fcc,4.0,32,309.46060674,3.38198592,,6.76397184,6.76397184,6.76397184,yes,SKIP_EXISTING_OUTCAR,FCC_SQS,Be16Fe16
Be16Ge16,SKIP,,,,static_OUTCAR,-121.8997035800,-121.8999391100,fcc,4.0,32,457.20690253,3.85189344,,7.70378687,7.70378687,7.70378687,no,SKIP_EXISTING_OUTCAR,FCC_SQS,Be16Ge16
Be16Hf16,SKIP,,,,static_OUTCAR,-215.0390849600,-215.0381104100,fcc,4.0,32,537.34576716,4.06494445,,8.12988890,8.12988890,8.12988890,no,SKIP_EXISTING_OUTCAR,FCC_SQS,Be16Hf16
Be16Ir16,SKIP,,,,static_OUTCAR,-208.2790740700,-208.2789305100,fcc,4.0,32,396.37969479,3.67288337,,7.34576673,7.34576673,7.34576673,no,SKIP_EXISTING_OUTCAR,FCC_SQS,Be16Ir16
Be16La16,SKIP,,,,static_OUTCAR,-131.6804189800,-131.6793546400,fcc,4.0,32,730.19923408,4.50246621,,9.00493242,9.00493242,9.00493242,no,SKIP_EXISTING_OUTCAR,FCC_SQS,Be16La16
Be16Mg16,SKIP,,,,static_OUTCAR,-75.0758663000,-75.0758541900,fcc,4.0,32,490.60862370,3.94349896,,7.88699791,7.88699791,7.88699791,no,SKIP_EXISTING_OUTCAR,FCC_SQS,Be16Mg16
Be16Mn16,SKIP,,,,static_OUTCAR,-203.9383290300,-203.9373549200,fcc,4.0,32,312.64885383,3.39356067,,6.78712134,6.78712134,6.78712134,yes,SKIP_EXISTING_OUTCAR,FCC_SQS,Be16Mn16
Be16Mo16,SKIP,,,,static_OUTCAR,-228.6166238100,-228.6165114600,fcc,4.0,32,419.32999821,3.74244404,,7.48488808,7.48488808,7.48488808,yes,SKIP_EXISTING_OUTCAR,FCC_SQS,Be16Mo16
Be16Nb16,SKIP,,,,static_OUTCAR,-216.6063908000,-216.6041808500,fcc,4.0,32,474.95278138,3.90109760,,7.80219520,7.80219520,7.80219520,no,SKIP_EXISTING_OUTCAR,FCC_SQS,Be16Nb16
Be16Ni16,SKIP,,,,static_OUTCAR,-155.0594378300,-155.0606776400,fcc,4.0,32,301.54180561,3.35288904,,6.70577808,6.70577808,6.70577808,yes,SKIP_EXISTING_OUTCAR,FCC_SQS,Be16Ni16
Be16Os16,SKIP,,,,static_OUTCAR,-235.5122340800,-235.5123740800,fcc,4.0,32,395.62912773,3.67056363,,7.34112726,7.34112726,7.34112726,yes,SKIP_EXISTING_OUTCAR,FCC_SQS,Be16Os16
Be16Pb16,SKIP,,,,,,,fcc,4.0,32,722.68040300,4.48695896,,8.97391791,8.97391791,8.97391791,,SKIP_EXISTING_OUTCAR;LATTICE_FROM_VOLUME_CONTCAR,FCC_SQS,Be16Pb16
Be16Pd16,SKIP,,,,static_OUTCAR,-153.0623579400,-153.0618135700,fcc,4.0,32,400.91117636,3.68682671,,7.37365343,7.37365343,7.37365343,no,SKIP_EXISTING_OUTCAR,FCC_SQS,Be16Pd16
Be16Pt16,SKIP,,,,static_OUTCAR,-171.1340800100,-171.1339906300,fcc,4.0,32,414.89638508,3.72920755,,7.45841510,7.45841510,7.45841510,yes,SKIP_EXISTING_OUTCAR,FCC_SQS,Be16Pt16
Be16Re16,SKIP,,,,static_OUTCAR,-253.3166816800,-253.3173689200,fcc,4.0,32,407.11947669,3.70576007,,7.41152014,7.41152014,7.41152014,yes,SKIP_EXISTING_OUTCAR,FCC_SQS,Be16Re16
Be16Rh16,SKIP,,,,static_OUTCAR,-184.7894536700,-184.7898780300,fcc,4.0,32,381.44426251,3.62616059,,7.25232118,7.25232118,7.25232118,yes,SKIP_EXISTING_OUTCAR,FCC_SQS,Be16Rh16
Be16Ru16,SKIP,,,,static_OUTCAR,-207.7980684800,-207.7981771000,fcc,4.0,32,378.76898917,3.61766329,,7.23532658,7.23532658,7.23532658,yes,SKIP_EXISTING_OUTCAR,FCC_SQS,Be16Ru16
Be16Sc16,SKIP,,,,static_OUTCAR,-157.3730353300,-157.3735962900,fcc,4.0,32,540.60527934,4.07314714,,8.14629427,8.14629427,8.14629427,yes,SKIP_EXISTING_OUTCAR,FCC_SQS,Be16Sc16
Be16Si16,SKIP,,,,static_OUTCAR,-135.7543477100,-135.7541515100,fcc,4.0,32,363.88544800,3.56964395,,7.13928791,7.13928791,7.13928791,no,SKIP_EXISTING_OUTCAR,FCC_SQS,Be16Si16
Be16Sn16,SKIP,,,,static_OUTCAR,-110.8880695100,-110.8877625600,fcc,4.0,32,626.43884824,4.27821788,,8.55643576,8.55643576,8.55643576,no,SKIP_EXISTING_OUTCAR,FCC_SQS,Be16Sn16
Be16Ta16,SKIP,,,,static_OUTCAR,-245.3326003100,-245.3311632300,fcc,4.0,32,420.22400000,3.74510175,,7.49020351,7.49020351,7.49020351,no,SKIP_EXISTING_OUTCAR,FCC_SQS,Be16Ta16
Be16Tb16,SKIP,,,,static_OUTCAR,-127.8056219700,-127.8031869200,fcc,4.0,32,668.25636399,4.37137139,,8.74274278,8.74274278,8.74274278,no,SKIP_EXISTING_OUTCAR,FCC_SQS,Be16Tb16
Be16Ti16,SKIP,,,,static_OUTCAR,-183.8097512100,-183.8079337800,fcc,4.0,32,429.88811033,3.77359379,,7.54718759,7.54718759,7.54718759,no,SKIP_EXISTING_OUTCAR,FCC_SQS,Be16Ti16
Be16V16,SKIP,,,,static_OUTCAR,-201.4160866700,-201.4152552200,fcc,4.0,32,365.73692697,3.57568793,,7.15137585,7.15137585,7.15137585,yes,SKIP_EXISTING_OUTCAR,FCC_SQS,Be16V16
Be16W16,SKIP,,,,static_OUTCAR,-257.8383964500,-257.8374706100,fcc,4.0,32,431.89971942,3.77947066,,7.55894132,7.55894132,7.55894132,yes,SKIP_EXISTING_OUTCAR,FCC_SQS,Be16W16
Be16Y16,SKIP,,,,static_OUTCAR,-158.0288777800,-158.0283893200,fcc,4.0,32,672.86232431,4.38139164,,8.76278327,8.76278327,8.76278327,no,SKIP_EXISTING_OUTCAR,FCC_SQS,Be16Y16
Be16Zn16,SKIP,,,,static_OUTCAR,-71.7592826700,-71.7578774600,fcc,4.0,32,374.79747466,3.60497472,,7.20994943,7.20994943,7.20994943,no,SKIP_EXISTING_OUTCAR,FCC_SQS,Be16Zn16
Be16Zr16,SKIP,,,,static_OUTCAR,-194.1678161400,-194.1684252000,fcc,4.0,32,548.80016332,4.09362524,,8.18725048,8.18725048,8.18725048,yes,SKIP_EXISTING_OUTCAR,FCC_SQS,Be16Zr16
Be24Ca8,OK,0,0,0,static_OUTCAR,-98.5875679700,-98.5881834200,fcc,4.0,32,467.72840512,3.88121695,,7.76243390,7.76243390,7.76243390,no,CLEANED:0,FCC_SQS,Be24Ca8
Be24Co8,OK,0,0,0,static_OUTCAR,-149.7987108200,-149.7986038400,fcc,4.0,32,277.00486937,3.25936106,,6.51872211,6.51872211,6.51872211,yes,CLEANED:0,FCC_SQS,Be24Co8
Be24Cr8,OK,0,0,0,static_OUTCAR,-163.4009943600,-163.4004983600,fcc,4.0,32,296.23096507,3.33308832,,6.66617665,6.66617665,6.66617665,yes,CLEANED:0,FCC_SQS,Be24Cr8
Be24Cu8,OK,0,0,0,static_OUTCAR,-120.0612490700,-120.0609116400,fcc,4.0,32,290.85112990,3.31278758,,6.62557516,6.62557516,6.62557516,yes,CLEANED:0,FCC_SQS,Be24Cu8
Be24Dy8,OK,0,0,0,static_OUTCAR,-122.8552836300,-122.8547278600,fcc,4.0,32,472.71802913,3.89496949,,7.78993897,7.78993897,7.78993897,no,CLEANED:0,FCC_SQS,Be24Dy8
Be24Er8,OK,0,0,0,static_OUTCAR,-122.7992336700,-122.7982779700,fcc,4.0,32,463.79516519,3.87030695,,7.74061390,7.74061390,7.74061390,no,CLEANED:0,FCC_SQS,Be24Er8
Be24Fe8,OK,0,0,0,static_OUTCAR,-157.7510617000,-157.7503462600,fcc,4.0,32,285.01599999,3.29048376,,6.58096751,6.58096751,6.58096751,yes,CLEANED:0,FCC_SQS,Be24Fe8
Be24Ge8,OK,0,0,0,static_OUTCAR,-116.1567545700,-116.1566130300,fcc,4.0,32,358.57555563,3.55219581,,7.10439162,7.10439162,7.10439162,no,CLEANED:0,FCC_SQS,Be24Ge8
Be24Hf8,OK,0,0,0,static_OUTCAR,-168.1306137900,-168.1319959400,fcc,4.0,32,371.06400000,3.59296466,,7.18592931,7.18592931,7.18592931,no,CLEANED:0,FCC_SQS,Be24Hf8
Be24Ir8,OK,0,0,0,static_OUTCAR,-168.1952312300,-168.1955765100,fcc,4.0,32,340.88421492,3.49278860,,6.98557721,6.98557721,6.98557721,yes,CLEANED:0,FCC_SQS,Be24Ir8
Be24La8,OK,0,0,0,static_OUTCAR,-125.0049500000,-125.0044488600,fcc,4.0,32,533.07894351,4.05415654,,8.10831308,8.10831308,8.10831308,no,CLEANED:0,FCC_SQS,Be24La8
Be24Mg8,OK,0,0,0,static_OUTCAR,-93.7144786300,-93.7141325400,fcc,4.0,32,369.26486679,3.58714832,,7.17429664,7.17429664,7.17429664,yes,CLEANED:0,FCC_SQS,Be24Mg8
Be24Mn8,OK,0,0,0,static_OUTCAR,-162.1191987700,-162.1190440400,fcc,4.0,32,284.89978913,3.29003648,,6.58007296,6.58007296,6.58007296,yes,CLEANED:0,FCC_SQS,Be24Mn8
Be24Mo8,OK,0,0,0,static_OUTCAR,-173.1461415500,-173.1459213800,fcc,4.0,32,354.70825562,3.53937927,,7.07875854,7.07875854,7.07875854,yes,CLEANED:0,FCC_SQS,Be24Mo8
Be24Nb8,OK,0,0,0,static_OUTCAR,-168.3394989600,-168.3391063600,fcc,4.0,32,386.68916110,3.64270502,,7.28541004,7.28541004,7.28541004,no,CLEANED:0,FCC_SQS,Be24Nb8
Be24Ni8,OK,0,0,0,static_OUTCAR,-139.4147128200,-139.4145107300,fcc,4.0,32,278.95273766,3.26698304,,6.53396609,6.53396609,6.53396609,yes,CLEANED:0,FCC_SQS,Be24Ni8
Be24Os8,OK,0,0,0,static_OUTCAR,-179.7214642700,-179.7211950700,fcc,4.0,32,339.89409340,3.48940364,,6.97880729,6.97880729,6.97880729,yes,CLEANED:0,FCC_SQS,Be24Os8
Be24Pb8,OK,0,0,0,static_OUTCAR,-103.6039943600,-103.6035397300,fcc,4.0,32,503.19383876,3.97693454,,7.95386908,7.95386908,7.95386908,no,CLEANED:0,FCC_SQS,Be24Pb8
Be24Pd8,OK,0,0,0,static_OUTCAR,-137.4925082500,-137.4921634000,fcc,4.0,32,339.55972964,3.48825906,,6.97651812,6.97651812,6.97651812,yes,CLEANED:0,FCC_SQS,Be24Pd8
Be24Pt8,OK,0,0,0,static_OUTCAR,-147.9818870800,-147.9819390800,fcc,4.0,32,350.62677098,3.52575147,,7.05150293,7.05150293,7.05150293,yes,CLEANED:0,FCC_SQS,Be24Pt8
Be24Re8,OK,0,0,0,static_OUTCAR,-186.5575409000,-186.5567981100,fcc,4.0,32,347.24624499,3.51438382,,7.02876763,7.02876763,7.02876763,yes,CLEANED:0,FCC_SQS,Be24Re8
Be24Rh8,OK,0,0,0,static_OUTCAR,-155.6585756100,-155.6590739600,fcc,4.0,32,329.74286417,3.45431395,,6.90862790,6.90862790,6.90862790,yes,CLEANED:0,FCC_SQS,Be24Rh8
Be24Ru8,OK,0,0,0,static_OUTCAR,-165.6539199800,-165.6532383800,fcc,4.0,32,328.33728280,3.44939877,,6.89879754,6.89879754,6.89879754,yes,CLEANED:0,FCC_SQS,Be24Ru8
Be24Sc8,OK,0,0,0,static_OUTCAR,-138.4878491900,-138.4878397300,fcc,4.0,32,403.49508407,3.69473040,,7.38946079,7.38946079,7.38946079,no,CLEANED:0,FCC_SQS,Be24Sc8
Be24Si8,OK,0,0,0,static_OUTCAR,-124.4830592200,-124.4833472600,fcc,4.0,32,318.41947548,3.41431206,,6.82862412,6.82862412,6.82862412,yes,CLEANED:0,FCC_SQS,Be24Si8
Be24Sn8,OK,0,0,0,static_OUTCAR,-108.9319703600,-108.9314455400,fcc,4.0,32,451.74784415,3.83650145,,7.67300291,7.67300291,7.67300291,no,CLEANED:0,FCC_SQS,Be24Sn8
Be24Ta8,OK,0,0,0,static_OUTCAR,-181.5012853200,-181.5017391500,fcc,4.0,32,387.94241700,3.64663610,,7.29327220,7.29327220,7.29327220,no,CLEANED:0,FCC_SQS,Be24Ta8
Be24Tb8,OK,0,0,0,static_OUTCAR,-123.1491223000,-123.1478305100,fcc,4.0,32,477.58393428,3.90828813,,7.81657627,7.81657627,7.81657627,no,CLEANED:0,FCC_SQS,Be24Tb8
Be24Ti8,OK,0,0,0,static_OUTCAR,-151.5778239800,-151.5755819400,fcc,4.0,32,354.70210395,3.53935881,,7.07871762,7.07871762,7.07871762,yes,CLEANED:0,FCC_SQS,Be24Ti8
Be24V8,OK,0,0,0,static_OUTCAR,-159.1501199900,-159.1505765200,fcc,4.0,32,319.84165422,3.41938770,,6.83877540,6.83877540,6.83877540,yes,CLEANED:0,FCC_SQS,Be24V8
Be24W8,OK,0,0,0,static_OUTCAR,-187.5614916000,-187.5623056700,fcc,4.0,32,363.29990720,3.56772825,,7.13545649,7.13545649,7.13545649,yes,CLEANED:0,FCC_SQS,Be24W8
Be24Y8,OK,0,0,0,static_OUTCAR,-138.9348815600,-138.9335883500,fcc,4.0,32,458.65599999,3.85595861,,7.71191723,7.71191723,7.71191723,no,CLEANED:0,FCC_SQS,Be24Y8
Be24Zn8,OK,0,0,0,static_OUTCAR,-92.6266493200,-92.6283813200,fcc,4.0,32,315.64555519,3.40436850,,6.80873700,6.80873700,6.80873700,yes,CLEANED:0,FCC_SQS,Be24Zn8
Be24Zr8,OK,0,0,0,static_OUTCAR,-157.5315631800,-157.5318722800,fcc,4.0,32,423.75995733,3.75557676,,7.51115352,7.51115352,7.51115352,no,CLEANED:0,FCC_SQS,Be24Zr8
Be8Ca24,OK,0,0,0,static_OUTCAR,-68.1013822800,-68.1020278600,fcc,4.0,32,1044.01724831,5.07231126,,10.14462251,10.14462251,10.14462251,no,CLEANED:0,FCC_SQS,Be8Ca24
Be8Co24,OK,0,0,0,static_OUTCAR,-200.4069026200,-200.4065191000,fcc,4.0,32,325.19322394,3.43835331,,6.87670661,6.87670661,6.87670661,yes,CLEANED:0,FCC_SQS,Be8Co24
Be8Cr24,OK,0,0,0,static_OUTCAR,-252.3314145800,-252.3323866200,fcc,4.0,32,353.43633830,3.53514369,,7.07028738,7.07028738,7.07028738,yes,CLEANED:0,FCC_SQS,Be8Cr24
Be8Cu24,OK,0,0,0,static_OUTCAR,-119.9350053600,-119.9347663600,fcc,4.0,32,352.20153253,3.53102196,,7.06204391,7.06204391,7.06204391,yes,CLEANED:0,FCC_SQS,Be8Cu24
Be8Dy24,OK,0,0,0,static_OUTCAR,-133.0313389900,-133.0314039000,fcc,4.0,32,837.24078230,4.71252278,,9.42504556,9.42504556,9.42504556,no,CLEANED:0,FCC_SQS,Be8Dy24
Be8Er24,OK,0,0,0,static_OUTCAR,-131.9655890100,-131.9644894000,fcc,4.0,32,816.23132177,4.67277019,,9.34554039,9.34554039,9.34554039,no,CLEANED:0,FCC_SQS,Be8Er24
Be8Ge24,OK,0,0,0,static_OUTCAR,-127.6550125700,-127.6541172300,fcc,4.0,32,544.58545284,4.08311880,,8.16623761,8.16623761,8.16623761,no,CLEANED:0,FCC_SQS,Be8Ge24
Be8Hf24,OK,0,0,0,static_OUTCAR,-262.6384814700,-262.6375355200,fcc,4.0,32,631.68758300,4.29013328,,8.58026656,8.58026656,8.58026656,no,CLEANED:0,FCC_SQS,Be8Hf24
Be8Ir24,OK,0,0,0,static_OUTCAR,-244.2268824900,-244.2273991500,fcc,4.0,32,433.98699548,3.78554933,,7.57109866,7.57109866,7.57109866,yes,CLEANED:0,FCC_SQS,Be8Ir24
Be8Mg24,OK,0,0,0,static_OUTCAR,-58.5089543100,-58.5083266400,fcc,4.0,32,608.80510457,4.23769243,,8.47538486,8.47538486,8.47538486,no,CLEANED:0,FCC_SQS,Be8Mg24
Be8Mo24,OK,0,0,0,static_OUTCAR,-284.2519815700,-284.2522332700,fcc,4.0,32,468.82443618,3.88424621,,7.76849243,7.76849243,7.76849243,yes,CLEANED:0,FCC_SQS,Be8Mo24
Be8Nb24,OK,0,0,0,static_OUTCAR,-265.7691460600,-265.7684251000,fcc,4.0,32,542.49493581,4.07788744,,8.15577488,8.15577488,8.15577488,yes,CLEANED:0,FCC_SQS,Be8Nb24
Be8Ni24,OK,0,0,0,static_OUTCAR,-166.5895017400,-166.5861597500,fcc,4.0,32,321.97897358,3.42698740,,6.85397481,6.85397481,6.85397481,yes,CLEANED:0,FCC_SQS,Be8Ni24
Be8Os24,OK,0,0,0,static_OUTCAR,-293.2506150700,-293.2508851500,fcc,4.0,32,432.28158144,3.78058420,,7.56116840,7.56116840,7.56116840,yes,CLEANED:0,FCC_SQS,Be8Os24
Be8Pd24,OK,0,0,0,static_OUTCAR,-162.7111397500,-162.7086846500,fcc,4.0,32,447.59875604,3.82471983,,7.64943967,7.64943967,7.64943967,no,CLEANED:0,FCC_SQS,Be8Pd24
Be8Pt24,OK,0,0,0,static_OUTCAR,-184.6332438700,-184.6332477600,fcc,4.0,32,460.79325619,3.86193870,,7.72387740,7.72387740,7.72387740,no,CLEANED:0,FCC_SQS,Be8Pt24
Be8Rh24,OK,0,0,0,static_OUTCAR,-207.5882400700,-207.5884123600,fcc,4.0,32,418.73378249,3.74066949,,7.48133899,7.48133899,7.48133899,yes,CLEANED:0,FCC_SQS,Be8Rh24
Be8Ru24,OK,0,0,0,static_OUTCAR,-248.6038370900,-248.6037096000,fcc,4.0,32,414.11345828,3.72686035,,7.45372070,7.45372070,7.45372070,yes,CLEANED:0,FCC_SQS,Be8Ru24
Be8Sc24,OK,0,0,0,static_OUTCAR,-175.6856507400,-175.6848779500,fcc,4.0,32,666.44189891,4.36741139,,8.73482277,8.73482277,8.73482277,no,CLEANED:0,FCC_SQS,Be8Sc24
Be8Si24,OK,0,0,0,static_OUTCAR,-146.5972447000,-146.5971555000,fcc,4.0,32,411.47898849,3.71894046,,7.43788092,7.43788092,7.43788092,no,CLEANED:0,FCC_SQS,Be8Si24
Be8Sn24,OK,0,0,0,static_OUTCAR,-113.7356419900,-113.7362288100,fcc,4.0,32,779.29635241,4.60119761,,9.20239522,9.20239522,9.20239522,no,CLEANED:0,FCC_SQS,Be8Sn24
Be8Ta24,OK,0,0,0,static_OUTCAR,-306.9199055200,-306.9199765300,fcc,4.0,32,542.16701036,4.07706561,,8.15413122,8.15413122,8.15413122,yes,CLEANED:0,FCC_SQS,Be8Ta24
Be8Tb24,OK,0,0,0,static_OUTCAR,-133.7288074600,-133.7305149000,fcc,4.0,32,848.13130372,4.73286774,,9.46573549,9.46573549,9.46573549,no,CLEANED:0,FCC_SQS,Be8Tb24
Be8Ti24,OK,0,0,0,static_OUTCAR,-214.3988935500,-214.4007871900,fcc,4.0,32,494.09149881,3.95280871,,7.90561743,7.90561743,7.90561743,yes,CLEANED:0,FCC_SQS,Be8Ti24
Be8V24,OK,0,0,0,static_OUTCAR,-242.5001212700,-242.4976444000,fcc,4.0,32,405.69542579,3.70143427,,7.40286854,7.40286854,7.40286854,yes,CLEANED:0,FCC_SQS,Be8V24
Be8W24,OK,0,0,0,static_OUTCAR,-330.0831506900,-330.0834437600,fcc,4.0,32,483.13166452,3.92336312,,7.84672623,7.84672623,7.84672623,yes,CLEANED:0,FCC_SQS,Be8W24
Be8Y24,OK,0,0,0,static_OUTCAR,-178.9789705800,-178.9788723500,fcc,4.0,32,858.16455423,4.75145764,,9.50291528,9.50291528,9.50291528,no,CLEANED:0,FCC_SQS,Be8Y24
Be8Zn24,OK,0,0,0,static_OUTCAR,-51.5671890300,-51.5664883900,fcc,4.0,32,428.86051212,3.77058461,,7.54116923,7.54116923,7.54116923,yes,CLEANED:0,FCC_SQS,Be8Zn24
Be8Zr24,OK,0,0,0,static_OUTCAR,-230.6430526600,-230.6431395800,fcc,4.0,32,650.00098608,4.33119772,,8.66239543,8.66239543,8.66239543,no,CLEANED:0,FCC_SQS,Be8Zr24
Ca16Ca16,SKIP,,,,static_OUTCAR,-61.6729477600,-61.6751372300,fcc,4.0,32,1344.80000001,5.51894295,,11.03788589,11.03788589,11.03788589,yes,SKIP_EXISTING_OUTCAR,FCC_SQS,Ca16Ca16
Ca16Co16,SKIP,,,,relax_OUTCAR,-136.0205654200,-136.0142276000,fcc,4.0,32,659.78961750,4.35283124,,8.70566248,8.70566248,8.70566248,no,SKIP_EXISTING_OUTCAR,FCC_SQS,Ca16Co16
Ca16Cr16,SKIP,,,,static_OUTCAR,-156.3343691700,-156.3346215100,fcc,4.0,32,881.27086481,4.79372528,,9.58745056,9.58745056,9.58745056,yes,SKIP_EXISTING_OUTCAR,FCC_SQS,Ca16Cr16
Ca16Cu16,SKIP,,,,,,,fcc,4.0,32,746.88822078,4.53651002,,9.07302004,9.07302004,9.07302004,,SKIP_EXISTING_OUTCAR;LATTICE_FROM_VOLUME_CONTCAR,FCC_SQS,Ca16Cu16
Ca16Dy16,SKIP,,,,static_OUTCAR,-99.6444261900,-99.6438477100,fcc,4.0,32,1132.50795118,5.21175219,,10.42350438,10.42350438,10.42350438,yes,SKIP_EXISTING_OUTCAR,FCC_SQS,Ca16Dy16
Ca16Er16,SKIP,,,,static_OUTCAR,-98.4351830300,-98.4358270300,fcc,4.0,32,1118.40054198,5.19002115,,10.38004229,10.38004229,10.38004229,yes,SKIP_EXISTING_OUTCAR,FCC_SQS,Ca16Er16
Ca16Fe16,SKIP,,,,,,,fcc,4.0,32,707.81179754,4.45597354,,8.91194708,8.91194708,8.91194708,,SKIP_EXISTING_OUTCAR;LATTICE_FROM_VOLUME_CONTCAR,FCC_SQS,Ca16Fe16
Ca16Ge16,SKIP,,,,,,,fcc,4.0,32,818.50030483,4.67709602,,9.35419204,9.35419204,9.35419204,,SKIP_EXISTING_OUTCAR;LATTICE_FROM_VOLUME_CONTCAR,FCC_SQS,Ca16Ge16
Ca16Hf16,SKIP,,,,static_OUTCAR,-177.0068122900,-177.0084636700,fcc,4.0,32,882.41769809,4.79580380,,9.59160760,9.59160760,9.59160760,yes,SKIP_EXISTING_OUTCAR,FCC_SQS,Ca16Hf16
Ca16Ir16,SKIP,,,,static_OUTCAR,-170.8845335700,-170.8845736700,fcc,4.0,32,618.49830031,4.26006450,,8.52012900,8.52012900,8.52012900,no,SKIP_EXISTING_OUTCAR,FCC_SQS,Ca16Ir16
Ca16La16,SKIP,,,,static_OUTCAR,-107.0023672900,-107.0024331500,fcc,4.0,32,1258.81273514,5.39871474,,10.79742947,10.79742947,10.79742947,yes,SKIP_EXISTING_OUTCAR,FCC_SQS,Ca16La16
Ca16Mg16,SKIP,,,,static_OUTCAR,-54.5901785000,-54.5921093400,fcc,4.0,32,1026.39556690,5.04361112,,10.08722224,10.08722224,10.08722224,yes,SKIP_EXISTING_OUTCAR,FCC_SQS,Ca16Mg16
Ca16Mn16,SKIP,,,,relax_OUTCAR,-158.8128150400,-158.8098477100,fcc,4.0,32,830.53221193,4.69990231,,9.39980463,9.39980463,9.39980463,no,SKIP_EXISTING_OUTCAR,FCC_SQS,Ca16Mn16
Ca16Mo16,SKIP,,,,static_OUTCAR,-182.6235108600,-182.6232406300,fcc,4.0,32,683.05505330,4.40340442,,8.80680884,8.80680884,8.80680884,yes,SKIP_EXISTING_OUTCAR,FCC_SQS,Ca16Mo16
Ca16Nb16,SKIP,,,,,,,fcc,4.0,32,767.35510694,4.57757498,,9.15514996,9.15514996,9.15514996,,SKIP_EXISTING_OUTCAR;LATTICE_FROM_VOLUME_CONTCAR,FCC_SQS,Ca16Nb16
Ca16Ni16,SKIP,,,,,,,fcc,4.0,32,771.02910859,4.58486898,,9.16973795,9.16973795,9.16973795,,SKIP_EXISTING_OUTCAR;LATTICE_FROM_VOLUME_CONTCAR,FCC_SQS,Ca16Ni16
Ca16Os16,SKIP,,,,static_OUTCAR,-192.7596168500,-192.7581983200,fcc,4.0,32,609.68849568,4.23974111,,8.47948221,8.47948221,8.47948221,no,SKIP_EXISTING_OUTCAR,FCC_SQS,Ca16Os16
Ca16Pb16,SKIP,,,,,,,fcc,4.0,32,1058.79215999,5.09612701,,10.19225402,10.19225402,10.19225402,,SKIP_EXISTING_OUTCAR;LATTICE_FROM_VOLUME_CONTCAR,FCC_SQS,Ca16Pb16
Ca16Pd16,SKIP,,,,static_OUTCAR,-128.2125422400,-128.2121826900,fcc,4.0,32,709.67516872,4.45988035,,8.91976070,8.91976070,8.91976070,no,SKIP_EXISTING_OUTCAR,FCC_SQS,Ca16Pd16
Ca16Pt16,SKIP,,,,static_OUTCAR,-147.9036312400,-147.9025696500,fcc,4.0,32,915.90400001,4.85571650,,9.71143301,9.71143301,9.71143301,no,SKIP_EXISTING_OUTCAR,FCC_SQS,Ca16Pt16
Ca16Re16,SKIP,,,,relax_OUTCAR,-206.3817523900,-206.3825494700,fcc,4.0,32,627.81672508,4.28135229,,8.56270457,8.56270457,8.56270457,no,SKIP_EXISTING_OUTCAR,FCC_SQS,Ca16Re16
Ca16Rh16,SKIP,,,,static_OUTCAR,-148.9748723100,-148.9754220700,fcc,4.0,32,642.44468577,4.31434878,,8.62869756,8.62869756,8.62869756,no,SKIP_EXISTING_OUTCAR,FCC_SQS,Ca16Rh16
Ca16Ru16,SKIP,,,,static_OUTCAR,-166.2343782800,-166.2339011700,fcc,4.0,32,625.38609180,4.27581996,,8.55163992,8.55163992,8.55163992,no,SKIP_EXISTING_OUTCAR,FCC_SQS,Ca16Ru16
Ca16Sc16,SKIP,,,,relax_OUTCAR,-124.0259950000,-124.0346915600,fcc,4.0,32,1014.37800033,5.02384939,,10.04769879,10.04769879,10.04769879,yes,SKIP_EXISTING_OUTCAR,FCC_SQS,Ca16Sc16
Ca16Si16,SKIP,,,,static_OUTCAR,-125.1991584000,-125.1971121600,fcc,4.0,32,752.03902165,4.54691459,,9.09382918,9.09382918,9.09382918,no,SKIP_EXISTING_OUTCAR,FCC_SQS,Ca16Si16
Ca16Sn16,SKIP,,,,,,,fcc,4.0,32,967.00874526,4.94439856,,9.88879713,9.88879713,9.88879713,,SKIP_EXISTING_OUTCAR;LATTICE_FROM_VOLUME_CONTCAR,FCC_SQS,Ca16Sn16
Ca16Ta16,SKIP,,,,static_OUTCAR,-198.5502185500,-198.5492438800,fcc,4.0,32,750.54826234,4.54390817,,9.08781633,9.08781633,9.08781633,yes,SKIP_EXISTING_OUTCAR,FCC_SQS,Ca16Ta16
Ca16Tb16,SKIP,,,,static_OUTCAR,-100.3398018300,-100.3391848400,fcc,4.0,32,1141.31136010,5.22522165,,10.45044330,10.45044330,10.45044330,yes,SKIP_EXISTING_OUTCAR,FCC_SQS,Ca16Tb16
Ca16Ti16,SKIP,,,,relax_OUTCAR,-140.4647746500,-140.4595197500,fcc,4.0,32,813.94265313,4.66839871,,9.33679742,9.33679742,9.33679742,yes,SKIP_EXISTING_OUTCAR,FCC_SQS,Ca16Ti16
Ca16V16,SKIP,,,,,,,fcc,4.0,32,818.80231379,4.67767120,,9.35534240,9.35534240,9.35534240,,SKIP_EXISTING_OUTCAR;LATTICE_FROM_VOLUME_CONTCAR,FCC_SQS,Ca16V16
Ca16W16,SKIP,,,,,,,fcc,4.0,32,927.76000001,4.87657849,,9.75315699,9.75315699,9.75315699,,SKIP_EXISTING_OUTCAR;LATTICE_FROM_VOLUME_CONTCAR,FCC_SQS,Ca16W16
Ca16Y16,SKIP,,,,static_OUTCAR,-130.0876963200,-130.0866680200,fcc,4.0,32,1154.28920214,5.24495237,,10.48990474,10.48990474,10.48990474,yes,SKIP_EXISTING_OUTCAR,FCC_SQS,Ca16Y16
Ca16Zn16,SKIP,,,,static_OUTCAR,-53.4762115000,-53.4753723600,fcc,4.0,32,866.23325254,4.76630271,,9.53260543,9.53260543,9.53260543,no,SKIP_EXISTING_OUTCAR,FCC_SQS,Ca16Zn16
Ca16Zr16,SKIP,,,,static_OUTCAR,-157.0032112500,-157.0046434700,fcc,4.0,32,908.73383426,4.84301228,,9.68602456,9.68602456,9.68602456,yes,SKIP_EXISTING_OUTCAR,FCC_SQS,Ca16Zr16
Ca24Cr8,OK,0,0,0,static_OUTCAR,-108.9704983000,-108.9718569900,fcc,4.0,32,1106.80285400,5.17201880,,10.34403759,10.34403759,10.34403759,yes,CLEANED:0,FCC_SQS,Ca24Cr8
Ca24Cu8,OK,0,0,0,static_OUTCAR,-76.1199692100,-76.1203405500,fcc,4.0,32,1044.29475524,5.07276063,,10.14552127,10.14552127,10.14552127,yes,CLEANED:0,FCC_SQS,Ca24Cu8
Ca24Dy8,OK,0,0,0,static_OUTCAR,-79.3599934900,-79.3596138200,fcc,4.0,32,1238.95749421,5.37017955,,10.74035911,10.74035911,10.74035911,yes,CLEANED:0,FCC_SQS,Ca24Dy8
Ca24Er8,OK,0,0,0,static_OUTCAR,-78.7701138100,-78.7713461000,fcc,4.0,32,1231.54275224,5.35944521,,10.71889041,10.71889041,10.71889041,yes,CLEANED:0,FCC_SQS,Ca24Er8
Ca24Hf8,OK,0,0,0,static_OUTCAR,-114.9302256500,-114.9294834800,fcc,4.0,32,1066.16660273,5.10793108,,10.21586217,10.21586217,10.21586217,yes,CLEANED:0,FCC_SQS,Ca24Hf8
Ca24Ir8,OK,0,0,0,static_OUTCAR,-121.4105859700,-121.4105065000,fcc,4.0,32,866.15740314,4.76616359,,9.53232719,9.53232719,9.53232719,yes,CLEANED:0,FCC_SQS,Ca24Ir8
Ca24La8,OK,0,0,0,static_OUTCAR,-83.3852319400,-83.3861721200,fcc,4.0,32,1305.34537889,5.46443356,,10.92886711,10.92886711,10.92886711,yes,CLEANED:0,FCC_SQS,Ca24La8
Ca24Mg8,OK,0,0,0,static_OUTCAR,-58.1532786100,-58.1544729400,fcc,4.0,32,1183.09864888,5.28822986,,10.57645971,10.57645971,10.57645971,yes,CLEANED:0,FCC_SQS,Ca24Mg8
Ca24Pd8,OK,0,0,0,static_OUTCAR,-98.7713532700,-98.7733606100,fcc,4.0,32,986.49200297,4.97738453,,9.95476907,9.95476907,9.95476907,yes,CLEANED:0,FCC_SQS,Ca24Pd8
Ca24Pt8,OK,0,0,0,static_OUTCAR,-110.3799496900,-110.3790617900,fcc,4.0,32,923.97422619,4.86993641,,9.73987281,9.73987281,9.73987281,yes,CLEANED:0,FCC_SQS,Ca24Pt8
Ca24Rh8,OK,0,0,0,static_OUTCAR,-109.7856714500,-109.7825046300,fcc,4.0,32,917.10810493,4.85784345,,9.71568690,9.71568690,9.71568690,yes,CLEANED:0,FCC_SQS,Ca24Rh8
Ca24Sc8,OK,0,0,0,static_OUTCAR,-91.0340121000,-91.0330374300,fcc,4.0,32,1171.86502935,5.27143921,,10.54287842,10.54287842,10.54287842,yes,CLEANED:0,FCC_SQS,Ca24Sc8
Ca24Si8,OK,0,0,0,static_OUTCAR,-94.9378054800,-94.9370507400,fcc,4.0,32,1002.19708591,5.00365913,,10.00731826,10.00731826,10.00731826,no,CLEANED:0,FCC_SQS,Ca24Si8
Ca24Tb8,OK,0,0,0,static_OUTCAR,-79.7134823800,-79.7131734000,fcc,4.0,32,1242.99147032,5.37600157,,10.75200315,10.75200315,10.75200315,yes,CLEANED:0,FCC_SQS,Ca24Tb8
Ca24V8,OK,0,0,0,static_OUTCAR,-102.8846629000,-102.8822984900,fcc,4.0,32,1078.44246296,5.12746059,,10.25492118,10.25492118,10.25492118,no,CLEANED:0,FCC_SQS,Ca24V8
Ca24Y8,OK,0,0,0,static_OUTCAR,-94.7023305500,-94.7073715500,fcc,4.0,32,1250.32130156,5.38654817,,10.77309634,10.77309634,10.77309634,yes,CLEANED:0,FCC_SQS,Ca24Y8
Ca24Zr8,OK,0,0,0,static_OUTCAR,-105.3760944600,-105.3770396300,fcc,4.0,32,1082.31636201,5.13359274,,10.26718549,10.26718549,10.26718549,yes,CLEANED:0,FCC_SQS,Ca24Zr8
Ca8Dy24,OK,0,0,0,static_OUTCAR,-121.4565273200,-121.4536137300,fcc,4.0,32,1057.10409635,5.09341727,,10.18683453,10.18683453,10.18683453,yes,CLEANED:0,FCC_SQS,Ca8Dy24
Ca8Er24,OK,0,0,0,static_OUTCAR,-119.9079392200,-119.9032557600,fcc,4.0,32,1033.57097196,5.05533693,,10.11067385,10.11067385,10.11067385,yes,CLEANED:0,FCC_SQS,Ca8Er24
Ca8Ge24,OK,0,0,0,static_OUTCAR,-128.2195721700,-128.2193616100,fcc,4.0,32,688.73802449,4.41558271,,8.83116543,8.83116543,8.83116543,yes,CLEANED:0,FCC_SQS,Ca8Ge24
Ca8Hf24,OK,0,0,0,static_OUTCAR,-243.8611697400,-243.8612017100,fcc,4.0,32,778.02678831,4.59869762,,9.19739525,9.19739525,9.19739525,yes,CLEANED:0,FCC_SQS,Ca8Hf24
Ca8Ir24,OK,0,0,0,static_OUTCAR,-225.0476387400,-225.0479848600,fcc,4.0,32,680.21600000,4.39729517,,8.79459034,8.79459034,8.79459034,no,CLEANED:0,FCC_SQS,Ca8Ir24
Ca8La24,OK,0,0,0,static_OUTCAR,-131.2863601400,-131.2870041700,fcc,4.0,32,1220.08754888,5.34277645,,10.68555289,10.68555289,10.68555289,yes,CLEANED:0,FCC_SQS,Ca8La24
Ca8Mg24,OK,0,0,0,static_OUTCAR,-51.2411037800,-51.2430887600,fcc,4.0,32,871.77581028,4.77644677,,9.55289354,9.55289354,9.55289354,yes,CLEANED:0,FCC_SQS,Ca8Mg24
Ca8Mo24,OK,0,0,0,static_OUTCAR,-255.4509143100,-255.4489442800,fcc,4.0,32,572.10074435,4.15075891,,8.30151782,8.30151782,8.30151782,yes,CLEANED:0,FCC_SQS,Ca8Mo24
Ca8Nb24,OK,0,0,0,static_OUTCAR,-241.0704980800,-241.0700217300,fcc,4.0,32,660.37462455,4.35411735,,8.70823470,8.70823470,8.70823470,no,CLEANED:0,FCC_SQS,Ca8Nb24
Ca8Pd24,OK,0,0,0,static_OUTCAR,-152.1267320000,-152.1231004100,fcc,4.0,32,562.88282685,4.12834519,,8.25669039,8.25669039,8.25669039,yes,CLEANED:0,FCC_SQS,Ca8Pd24
Ca8Pt24,OK,0,0,0,static_OUTCAR,-173.4376015600,-173.4374871100,fcc,4.0,32,556.01385573,4.11148341,,8.22296682,8.22296682,8.22296682,yes,CLEANED:0,FCC_SQS,Ca8Pt24
Ca8Rh24,OK,0,0,0,static_OUTCAR,-188.4886151900,-188.4900982400,fcc,4.0,32,518.13968176,4.01592527,,8.03185053,8.03185053,8.03185053,yes,CLEANED:0,FCC_SQS,Ca8Rh24
Ca8Ru24,OK,0,0,0,static_OUTCAR,-222.8246207300,-222.8239865500,fcc,4.0,32,508.16014046,3.98997526,,7.97995053,7.97995053,7.97995053,yes,CLEANED:0,FCC_SQS,Ca8Ru24
Ca8Sc24,OK,0,0,0,static_OUTCAR,-159.7208958300,-159.7231449300,fcc,4.0,32,886.52914320,4.80324062,,9.60648124,9.60648124,9.60648124,yes,CLEANED:0,FCC_SQS,Ca8Sc24
Ca8Si24,OK,0,0,0,static_OUTCAR,-145.2143815700,-145.2146838700,fcc,4.0,32,590.42169475,4.19460213,,8.38920427,8.38920427,8.38920427,no,CLEANED:0,FCC_SQS,Ca8Si24
Ca8Sn24,OK,0,0,0,static_OUTCAR,-115.5802633700,-115.5786427400,fcc,4.0,32,905.40567310,4.83709267,,9.67418535,9.67418535,9.67418535,yes,CLEANED:0,FCC_SQS,Ca8Sn24
Ca8Ta24,OK,0,0,0,static_OUTCAR,-280.6765388300,-280.6736869100,fcc,4.0,32,772.01600001,4.58682430,,9.17364860,9.17364860,9.17364860,no,CLEANED:0,FCC_SQS,Ca8Ta24
Ca8Tb24,OK,0,0,0,static_OUTCAR,-122.3559622900,-122.3540754700,fcc,4.0,32,1071.03442315,5.11569308,,10.23138616,10.23138616,10.23138616,yes,CLEANED:0,FCC_SQS,Ca8Tb24
Ca8Ti24,OK,0,0,0,static_OUTCAR,-190.9905947600,-190.9902382900,fcc,4.0,32,652.96761469,4.33777697,,8.67555393,8.67555393,8.67555393,no,CLEANED:0,FCC_SQS,Ca8Ti24
Ca8Y24,OK,0,0,0,static_OUTCAR,-166.8417888800,-166.8376104200,fcc,4.0,32,1083.66710696,5.13572745,,10.27145490,10.27145490,10.27145490,yes,CLEANED:0,FCC_SQS,Ca8Y24
Ca8Zn24,OK,0,0,0,static_OUTCAR,-46.6341511100,-46.6345239600,fcc,4.0,32,652.09611535,4.33584627,,8.67169253,8.67169253,8.67169253,no,CLEANED:0,FCC_SQS,Ca8Zn24
Ca8Zr24,OK,0,0,0,static_OUTCAR,-212.1392114500,-212.1402833200,fcc,4.0,32,804.62912109,4.65052432,,9.30104864,9.30104864,9.30104864,yes,CLEANED:0,FCC_SQS,Ca8Zr24
Co16Co16,SKIP,,,,static_OUTCAR,-224.6421596400,-224.6393017200,fcc,4.0,32,347.46875631,3.51513431,,7.03026863,7.03026863,7.03026863,yes,SKIP_EXISTING_OUTCAR,FCC_SQS,Co16Co16
Co16Cr16,SKIP,,,,static_OUTCAR,-260.6703095500,-260.6699351100,fcc,4.0,32,350.97163583,3.52690702,,7.05381405,7.05381405,7.05381405,yes,SKIP_EXISTING_OUTCAR,FCC_SQS,Co16Cr16
Co16Cu16,SKIP,,,,static_OUTCAR,-168.5595609200,-168.5593051700,fcc,4.0,32,362.34604536,3.56460309,,7.12920619,7.12920619,7.12920619,yes,SKIP_EXISTING_OUTCAR,FCC_SQS,Co16Cu16
Co16Dy16,SKIP,,,,,,,fcc,4.0,32,617.47438087,4.25771236,,8.51542473,8.51542473,8.51542473,,SKIP_EXISTING_OUTCAR;LATTICE_FROM_VOLUME_CONTCAR,FCC_SQS,Co16Dy16
Co16Er16,SKIP,,,,,,,fcc,4.0,32,608.95798026,4.23804711,,8.47609421,8.47609421,8.47609421,,SKIP_EXISTING_OUTCAR;LATTICE_FROM_VOLUME_CONTCAR,FCC_SQS,Co16Er16
Co16Fe16,SKIP,,,,static_OUTCAR,-243.3314603400,-243.3268281000,fcc,4.0,32,363.38099757,3.56799367,,7.13598734,7.13598734,7.13598734,yes,SKIP_EXISTING_OUTCAR,FCC_SQS,Co16Fe16
Co16Ge16,SKIP,,,,,,,fcc,4.0,32,427.26396795,3.76589980,,7.53179961,7.53179961,7.53179961,,SKIP_EXISTING_OUTCAR;LATTICE_FROM_VOLUME_CONTCAR,FCC_SQS,Co16Ge16
Co16Hf16,SKIP,,,,,,,fcc,4.0,32,523.97448318,4.03094356,,8.06188711,8.06188711,8.06188711,,SKIP_EXISTING_OUTCAR;LATTICE_FROM_VOLUME_CONTCAR,FCC_SQS,Co16Hf16
Co16Ir16,SKIP,,,,static_OUTCAR,-252.8007839400,-252.8002922500,fcc,4.0,32,413.61956187,3.72537813,,7.45075627,7.45075627,7.45075627,yes,SKIP_EXISTING_OUTCAR,FCC_SQS,Co16Ir16
Co16La16,SKIP,,,,,,,fcc,4.0,32,75368.99356479,21.12034021,,42.24068043,42.24068043,42.24068043,,SKIP_EXISTING_OUTCAR;LATTICE_FROM_VOLUME_CONTCAR,FCC_SQS,Co16La16
Co16Mg16,SKIP,,,,static_OUTCAR,-130.4818424900,-130.4808713600,fcc,4.0,32,463.77365894,3.87024713,,7.74049426,7.74049426,7.74049426,yes,SKIP_EXISTING_OUTCAR,FCC_SQS,Co16Mg16
Co16Mn16,SKIP,,,,,,,fcc,,,,,,,,,,SKIP_EXISTING_OUTCAR;NO_RELAX_CONTCAR,FCC_SQS,Co16Mn16
Co16Mo16,SKIP,,,,static_OUTCAR,-282.0199615400,-282.0180884900,fcc,4.0,32,429.31977420,3.77193009,,7.54386018,7.54386018,7.54386018,yes,SKIP_EXISTING_OUTCAR,FCC_SQS,Co16Mo16
Co16Nb16,SKIP,,,,,,,fcc,4.0,32,477.57890872,3.90827442,,7.81654885,7.81654885,7.81654885,,SKIP_EXISTING_OUTCAR;LATTICE_FROM_VOLUME_CONTCAR,FCC_SQS,Co16Nb16
Co16Ni16,SKIP,,,,static_OUTCAR,-200.4624921100,-200.4618423300,fcc,4.0,32,345.40457487,3.50815979,,7.01631958,7.01631958,7.01631958,yes,SKIP_EXISTING_OUTCAR,FCC_SQS,Co16Ni16
Co16Os16,SKIP,,,,static_OUTCAR,-286.7132576500,-286.7143744100,fcc,4.0,32,409.54243158,3.71309709,,7.42619419,7.42619419,7.42619419,yes,SKIP_EXISTING_OUTCAR,FCC_SQS,Co16Os16
Co16Pb16,SKIP,,,,,,,fcc,4.0,32,594.55231665,4.20436130,,8.40872259,8.40872259,8.40872259,,SKIP_EXISTING_OUTCAR;LATTICE_FROM_VOLUME_CONTCAR,FCC_SQS,Co16Pb16
Co16Pd16,SKIP,,,,static_OUTCAR,-194.3522372100,-194.3508582400,fcc,4.0,32,428.04783389,3.76820139,,7.53640278,7.53640278,7.53640278,yes,SKIP_EXISTING_OUTCAR,FCC_SQS,Co16Pd16
Co16Pt16,SKIP,,,,static_OUTCAR,-211.0992161900,-211.0994059200,fcc,4.0,32,437.33515298,3.79525942,,7.59051884,7.59051884,7.59051884,yes,SKIP_EXISTING_OUTCAR,FCC_SQS,Co16Pt16
Co16Re16,SKIP,,,,static_OUTCAR,-307.7750060400,-307.7747959900,fcc,4.0,32,418.57236625,3.74018877,,7.48037754,7.48037754,7.48037754,yes,SKIP_EXISTING_OUTCAR,FCC_SQS,Co16Re16
Co16Rh16,SKIP,,,,static_OUTCAR,-226.6931896300,-226.6907070100,fcc,4.0,32,408.27255376,3.70925536,,7.41851072,7.41851072,7.41851072,yes,SKIP_EXISTING_OUTCAR,FCC_SQS,Co16Rh16
Co16Ru16,SKIP,,,,static_OUTCAR,-255.0637252700,-255.0642570500,fcc,4.0,32,398.23122436,3.67859329,,7.35718657,7.35718657,7.35718657,yes,SKIP_EXISTING_OUTCAR,FCC_SQS,Co16Ru16
Co16Sc16,SKIP,,,,,,,fcc,4.0,32,512.66752319,4.00173759,,8.00347517,8.00347517,8.00347517,,SKIP_EXISTING_OUTCAR;LATTICE_FROM_VOLUME_CONTCAR,FCC_SQS,Co16Sc16
Co16Si16,SKIP,,,,static_OUTCAR,-207.1618805700,-207.1621383200,fcc,4.0,32,357.28440768,3.54792714,,7.09585427,7.09585427,7.09585427,yes,SKIP_EXISTING_OUTCAR,FCC_SQS,Co16Si16
Co16Sn16,SKIP,,,,,,,fcc,4.0,32,566.54498954,4.13727897,,8.27455793,8.27455793,8.27455793,,SKIP_EXISTING_OUTCAR;LATTICE_FROM_VOLUME_CONTCAR,FCC_SQS,Co16Sn16
Co16Ta16,SKIP,,,,static_OUTCAR,-300.5309591300,-300.5302556300,fcc,4.0,32,476.85973855,3.90631166,,7.81262332,7.81262332,7.81262332,yes,SKIP_EXISTING_OUTCAR,FCC_SQS,Co16Ta16
Co16Tb16,SKIP,,,,,,,fcc,4.0,32,627.54662516,4.28073822,,8.56147644,8.56147644,8.56147644,,SKIP_EXISTING_OUTCAR;LATTICE_FROM_VOLUME_CONTCAR,FCC_SQS,Co16Tb16
Co16Ti16,SKIP,,,,static_OUTCAR,-242.3566570500,-242.3567317900,fcc,4.0,32,430.03928376,3.77403608,,7.54807216,7.54807216,7.54807216,yes,SKIP_EXISTING_OUTCAR,FCC_SQS,Co16Ti16
Co16V16,SKIP,,,,static_OUTCAR,-257.4667547300,-257.4663852000,fcc,4.0,32,381.04157127,3.62488409,,7.24976818,7.24976818,7.24976818,yes,SKIP_EXISTING_OUTCAR,FCC_SQS,Co16V16
Co16W16,SKIP,,,,static_OUTCAR,-313.7316826500,-313.7303357100,fcc,4.0,32,438.68981502,3.79917403,,7.59834807,7.59834807,7.59834807,yes,SKIP_EXISTING_OUTCAR,FCC_SQS,Co16W16
Co16Y16,SKIP,,,,,,,fcc,4.0,32,704.17600000,4.44833081,,8.89666163,8.89666163,8.89666163,,SKIP_EXISTING_OUTCAR;LATTICE_FROM_VOLUME_CONTCAR,FCC_SQS,Co16Y16
Co16Zn16,SKIP,,,,static_OUTCAR,-129.4242637600,-129.4241810600,fcc,4.0,32,391.39089072,3.65740939,,7.31481878,7.31481878,7.31481878,yes,SKIP_EXISTING_OUTCAR,FCC_SQS,Co16Zn16
Co16Zr16,SKIP,,,,,,,fcc,4.0,32,534.20710030,4.05701447,,8.11402893,8.11402893,8.11402893,,SKIP_EXISTING_OUTCAR;LATTICE_FROM_VOLUME_CONTCAR,FCC_SQS,Co16Zr16
Co24Cr8,OK,0,0,0,static_OUTCAR,-241.9269828300,-241.9249585000,fcc,4.0,32,346.00455366,3.51018987,,7.02037975,7.02037975,7.02037975,yes,CLEANED:0,FCC_SQS,Co24Cr8
Co24Cu8,OK,0,0,0,static_OUTCAR,-195.8242791900,-195.8254954200,fcc,4.0,32,355.59701981,3.54233292,,7.08466584,7.08466584,7.08466584,yes,CLEANED:0,FCC_SQS,Co24Cu8
Co24Fe8,OK,0,0,0,static_OUTCAR,-234.3593828200,-234.3598208400,fcc,4.0,32,354.86578704,3.53990316,,7.07980632,7.07980632,7.07980632,yes,CLEANED:0,FCC_SQS,Co24Fe8
Co24Ge8,OK,0,0,0,static_OUTCAR,-204.6987102900,-204.6994562300,fcc,4.0,32,371.36152854,3.59392471,,7.18784942,7.18784942,7.18784942,yes,CLEANED:0,FCC_SQS,Co24Ge8
Co24Hf8,OK,0,0,0,static_OUTCAR,-249.5065056900,-249.5059412400,fcc,4.0,32,426.28475006,3.76302066,,7.52604133,7.52604133,7.52604133,yes,CLEANED:0,FCC_SQS,Co24Hf8
Co24Ir8,OK,0,0,0,static_OUTCAR,-238.2790353800,-238.2776076400,fcc,4.0,32,384.33545171,3.63529913,,7.27059827,7.27059827,7.27059827,yes,CLEANED:0,FCC_SQS,Co24Ir8
Co24Mg8,OK,0,0,0,static_OUTCAR,-176.1869913500,-176.1866310500,fcc,4.0,32,391.30902791,3.65715438,,7.31430876,7.31430876,7.31430876,yes,CLEANED:0,FCC_SQS,Co24Mg8
Co24Mn8,OK,0,0,0,static_OUTCAR,-238.1674470800,-238.1681616500,fcc,4.0,32,346.59327070,3.51217958,,7.02435915,7.02435915,7.02435915,yes,CLEANED:0,FCC_SQS,Co24Mn8
Co24Mo8,OK,0,0,0,static_OUTCAR,-252.4649648900,-252.4641989500,fcc,4.0,32,385.29882424,3.63833401,,7.27666801,7.27666801,7.27666801,yes,CLEANED:0,FCC_SQS,Co24Mo8
Co24Nb8,OK,0,0,0,static_OUTCAR,-247.6475914700,-247.6473709300,fcc,4.0,32,407.88621032,3.70808498,,7.41616996,7.41616996,7.41616996,yes,CLEANED:0,FCC_SQS,Co24Nb8
Co24Ni8,OK,0,0,0,static_OUTCAR,-212.5872371700,-212.5869755800,fcc,4.0,32,346.22341189,3.51092982,,7.02185964,7.02185964,7.02185964,yes,CLEANED:0,FCC_SQS,Co24Ni8
Co24Os8,OK,0,0,0,static_OUTCAR,-254.7648557100,-254.7624825700,fcc,4.0,32,377.75306907,3.61442600,,7.22885201,7.22885201,7.22885201,yes,CLEANED:0,FCC_SQS,Co24Os8
Co24Pd8,OK,0,0,0,static_OUTCAR,-208.6994383600,-208.6970028200,fcc,4.0,32,389.63667758,3.65193704,,7.30387408,7.30387408,7.30387408,yes,CLEANED:0,FCC_SQS,Co24Pd8
Co24Pt8,OK,0,0,0,static_OUTCAR,-218.4067350600,-218.4056680900,fcc,4.0,32,395.71143786,3.67081817,,7.34163633,7.34163633,7.34163633,yes,CLEANED:0,FCC_SQS,Co24Pt8
Co24Re8,OK,0,0,0,static_OUTCAR,-265.2532403600,-265.2497787600,fcc,4.0,32,381.51539055,3.62638596,,7.25277193,7.25277193,7.25277193,yes,CLEANED:0,FCC_SQS,Co24Re8
Co24Rh8,OK,0,0,0,static_OUTCAR,-225.2359261600,-225.2348884400,fcc,4.0,32,382.43006070,3.62928170,,7.25856339,7.25856339,7.25856339,yes,CLEANED:0,FCC_SQS,Co24Rh8
Co24Ru8,OK,0,0,0,static_OUTCAR,-238.6303002200,-238.6292528100,fcc,4.0,32,372.95126801,3.59904575,,7.19809150,7.19809150,7.19809150,yes,CLEANED:0,FCC_SQS,Co24Ru8
Co24Sc8,OK,0,0,0,static_OUTCAR,-218.9640566100,-218.9632529000,fcc,4.0,32,414.57640148,3.72824860,,7.45649720,7.45649720,7.45649720,yes,CLEANED:0,FCC_SQS,Co24Sc8
Co24Si8,OK,0,0,0,static_OUTCAR,-218.7280148300,-218.7263812100,fcc,4.0,32,344.43172243,3.50486304,,7.00972609,7.00972609,7.00972609,yes,CLEANED:0,FCC_SQS,Co24Si8
Co24Sn8,OK,0,0,0,static_OUTCAR,-193.4061361200,-193.4050691400,fcc,4.0,32,432.64043578,3.78163005,,7.56326010,7.56326010,7.56326010,yes,CLEANED:0,FCC_SQS,Co24Sn8
Co24Ta8,OK,0,0,0,static_OUTCAR,-263.2286762900,-263.2282541100,fcc,4.0,32,406.28127457,3.70321511,,7.40643022,7.40643022,7.40643022,yes,CLEANED:0,FCC_SQS,Co24Ta8
Co24Ti8,OK,0,0,0,static_OUTCAR,-234.4282315700,-234.4268942600,fcc,4.0,32,400.03200000,3.68412974,,7.36825947,7.36825947,7.36825947,yes,CLEANED:0,FCC_SQS,Co24Ti8
Co24V8,OK,0,0,0,static_OUTCAR,-241.8399386300,-241.8381886900,fcc,4.0,32,358.39683597,3.55160556,,7.10321111,7.10321111,7.10321111,yes,CLEANED:0,FCC_SQS,Co24V8
Co24W8,OK,0,0,0,static_OUTCAR,-268.6650914600,-268.6640584700,fcc,4.0,32,390.32421808,3.65408381,,7.30816761,7.30816761,7.30816761,yes,CLEANED:0,FCC_SQS,Co24W8
Co24Zn8,OK,0,0,0,static_OUTCAR,-176.6703619200,-176.6717517700,fcc,4.0,32,366.75381845,3.57899880,,7.15799759,7.15799759,7.15799759,yes,CLEANED:0,FCC_SQS,Co24Zn8
Co24Zr8,OK,0,0,0,static_OUTCAR,-236.9488050700,-236.9491093100,fcc,4.0,32,431.12277629,3.77720301,,7.55440601,7.55440601,7.55440601,yes,CLEANED:0,FCC_SQS,Co24Zr8
Co8Cr24,OK,0,0,0,static_OUTCAR,-278.1004233100,-278.0983882200,fcc,4.0,32,363.86140249,3.56956532,,7.13913065,7.13913065,7.13913065,yes,CLEANED:0,FCC_SQS,Co8Cr24
Co8Cu24,OK,0,0,0,static_OUTCAR,-142.8463751100,-142.8449787700,fcc,4.0,32,369.43689233,3.58770527,,7.17541054,7.17541054,7.17541054,yes,CLEANED:0,FCC_SQS,Co8Cu24
Co8Fe24,OK,0,0,0,static_OUTCAR,-251.5245969500,-251.5255709600,fcc,4.0,32,372.93302008,3.59898705,,7.19797410,7.19797410,7.19797410,yes,CLEANED:0,FCC_SQS,Co8Fe24
Co8Hf24,OK,0,0,0,static_OUTCAR,-295.3604327100,-295.3590034500,fcc,4.0,32,617.58400000,4.25796430,,8.51592861,8.51592861,8.51592861,no,CLEANED:0,FCC_SQS,Co8Hf24
Co8Ir24,OK,0,0,0,static_OUTCAR,-267.9636847900,-267.9627789700,fcc,4.0,32,440.22240897,3.80359312,,7.60718624,7.60718624,7.60718624,yes,CLEANED:0,FCC_SQS,Co8Ir24
Co8Mg24,OK,0,0,0,static_OUTCAR,-87.3837937100,-87.3826561900,fcc,4.0,32,577.32366245,4.16335193,,8.32670386,8.32670386,8.32670386,yes,CLEANED:0,FCC_SQS,Co8Mg24
Co8Mo24,OK,0,0,0,static_OUTCAR,-310.4399615000,-310.4390262600,fcc,4.0,32,471.16979456,3.89071260,,7.78142520,7.78142520,7.78142520,yes,CLEANED:0,FCC_SQS,Co8Mo24
Co8Ni24,OK,0,0,0,static_OUTCAR,-188.2522452600,-188.2516478900,fcc,4.0,32,344.79653083,3.50610001,,7.01220002,7.01220002,7.01220002,no,CLEANED:0,FCC_SQS,Co8Ni24
Co8Os24,OK,0,0,0,static_OUTCAR,-320.4938842800,-320.4927634800,fcc,4.0,32,434.98148612,3.78843868,,7.57687736,7.57687736,7.57687736,yes,CLEANED:0,FCC_SQS,Co8Os24
Co8Pd24,OK,0,0,0,static_OUTCAR,-180.9176679800,-180.9165165100,fcc,4.0,32,461.59919006,3.86418892,,7.72837783,7.72837783,7.72837783,yes,CLEANED:0,FCC_SQS,Co8Pd24
Co8Pt24,OK,0,0,0,static_OUTCAR,-203.4959713500,-203.4947613900,fcc,4.0,32,471.41640651,3.89139129,,7.78278257,7.78278257,7.78278257,yes,CLEANED:0,FCC_SQS,Co8Pt24
Co8Re24,OK,0,0,0,static_OUTCAR,-351.0531999300,-351.0528011500,fcc,4.0,32,444.95200000,3.81716610,,7.63433221,7.63433221,7.63433221,yes,CLEANED:0,FCC_SQS,Co8Re24
Co8Rh24,OK,0,0,0,static_OUTCAR,-228.8271550500,-228.8268655700,fcc,4.0,32,429.47057156,3.77237167,,7.54474333,7.54474333,7.54474333,yes,CLEANED:0,FCC_SQS,Co8Rh24
Co8Ru24,OK,0,0,0,static_OUTCAR,-273.0962833300,-273.0955290600,fcc,4.0,32,420.04447290,3.74456835,,7.48913670,7.48913670,7.48913670,yes,CLEANED:0,FCC_SQS,Co8Ru24
Co8Si24,OK,0,0,0,static_OUTCAR,-186.3331695400,-186.3328087600,fcc,4.0,32,393.62326935,3.66434981,,7.32869961,7.32869961,7.32869961,no,CLEANED:0,FCC_SQS,Co8Si24
Co8Ti24,OK,0,0,0,static_OUTCAR,-245.5621052300,-245.5608803400,fcc,4.0,32,488.08878433,3.93673590,,7.87347180,7.87347180,7.87347180,yes,CLEANED:0,FCC_SQS,Co8Ti24
Co8V24,OK,0,0,0,static_OUTCAR,-270.5381537300,-270.5375119100,fcc,4.0,32,411.29497300,3.71838600,,7.43677200,7.43677200,7.43677200,yes,CLEANED:0,FCC_SQS,Co8V24
Co8W24,OK,0,0,0,static_OUTCAR,-357.5294698700,-357.5293384300,fcc,4.0,32,482.85744065,3.92262068,,7.84524136,7.84524136,7.84524136,yes,CLEANED:0,FCC_SQS,Co8W24
Co8Zn24,OK,0,0,0,static_OUTCAR,-82.4174105800,-82.4164700000,fcc,4.0,32,424.05973154,3.75646214,,7.51292427,7.51292427,7.51292427,yes,CLEANED:0,FCC_SQS,Co8Zn24
Co8Zr24,OK,0,0,0,static_OUTCAR,-262.2987066700,-262.2990944900,fcc,4.0,32,638.81215518,4.30620196,,8.61240393,8.61240393,8.61240393,no,CLEANED:0,FCC_SQS,Co8Zr24
Cr16Cr16,SKIP,,,,static_OUTCAR,-291.9450433000,-291.9367540700,fcc,4.0,32,378.93155186,3.61818076,,7.23636153,7.23636153,7.23636153,yes,SKIP_EXISTING_OUTCAR,FCC_SQS,Cr16Cr16
Cr16Cu16,SKIP,,,,static_OUTCAR,-202.2483160500,-202.2474012400,fcc,4.0,32,376.48042629,3.61036246,,7.22072492,7.22072492,7.22072492,yes,SKIP_EXISTING_OUTCAR,FCC_SQS,Cr16Cu16
Cr16Dy16,SKIP,,,,static_OUTCAR,-206.7012328700,-206.7005336800,fcc,4.0,32,750.46179771,4.54373367,,9.08746734,9.08746734,9.08746734,no,SKIP_EXISTING_OUTCAR,FCC_SQS,Cr16Dy16
Cr16Er16,SKIP,,,,,,,fcc,4.0,32,735.28105431,4.51288704,,9.02577408,9.02577408,9.02577408,,SKIP_EXISTING_OUTCAR;LATTICE_FROM_VOLUME_CONTCAR,FCC_SQS,Cr16Er16
Cr16Fe16,SKIP,,,,,,,fcc,4.0,32,357.56865558,3.54886777,,7.09773554,7.09773554,7.09773554,,SKIP_EXISTING_OUTCAR;LATTICE_FROM_VOLUME_CONTCAR,FCC_SQS,Cr16Fe16
Cr16Ge16,SKIP,,,,,,,fcc,,,,,,,,,,SKIP_EXISTING_OUTCAR;NO_RELAX_CONTCAR,FCC_SQS,Cr16Ge16
Cr16Hf16,SKIP,,,,,,,fcc,4.0,32,583.25521532,4.17756178,,8.35512356,8.35512356,8.35512356,,SKIP_EXISTING_OUTCAR;LATTICE_FROM_VOLUME_CONTCAR,FCC_SQS,Cr16Hf16
Cr16Ir16,SKIP,,,,static_OUTCAR,-295.9869310400,-295.9862740500,fcc,4.0,32,429.04827033,3.77113480,,7.54226959,7.54226959,7.54226959,yes,SKIP_EXISTING_OUTCAR,FCC_SQS,Cr16Ir16
Cr16La16,SKIP,,,,,,,fcc,4.0,32,833.97741056,4.70639203,,9.41278406,9.41278406,9.41278406,,SKIP_EXISTING_OUTCAR;LATTICE_FROM_VOLUME_CONTCAR,FCC_SQS,Cr16La16
Cr16Mg16,SKIP,,,,static_OUTCAR,-161.7336032400,-161.7341408300,fcc,4.0,32,576.17045209,4.16057797,,8.32115594,8.32115594,8.32115594,yes,SKIP_EXISTING_OUTCAR,FCC_SQS,Cr16Mg16
Cr16Mn16,SKIP,,,,,,,fcc,4.0,32,356.32000000,3.54473199,,7.08946397,7.08946397,7.08946397,,SKIP_EXISTING_OUTCAR;LATTICE_FROM_VOLUME_CONTCAR,FCC_SQS,Cr16Mn16
Cr16Mo16,SKIP,,,,,,,fcc,4.0,32,452.05605534,3.83737376,,7.67474752,7.67474752,7.67474752,,SKIP_EXISTING_OUTCAR;LATTICE_FROM_VOLUME_CONTCAR,FCC_SQS,Cr16Mo16
Cr16Nb16,SKIP,,,,,,,fcc,4.0,32,513.70985784,4.00444781,,8.00889561,8.00889561,8.00889561,,SKIP_EXISTING_OUTCAR;LATTICE_FROM_VOLUME_CONTCAR,FCC_SQS,Cr16Nb16
Cr16Ni16,SKIP,,,,relax_OUTCAR,-237.2642437300,-237.2595722800,fcc,4.0,32,357.69599999,3.54928902,,7.09857804,7.09857804,7.09857804,yes,SKIP_EXISTING_OUTCAR,FCC_SQS,Cr16Ni16
Cr16Os16,SKIP,,,,static_OUTCAR,-326.7685043700,-326.7674934900,fcc,4.0,32,425.88960826,3.76185760,,7.52371520,7.52371520,7.52371520,yes,SKIP_EXISTING_OUTCAR,FCC_SQS,Cr16Os16
Cr16Pb16,SKIP,,,,,,,fcc,,,,,,,,,,SKIP_EXISTING_OUTCAR;NO_RELAX_CONTCAR,FCC_SQS,Cr16Pb16
Cr16Pd16,SKIP,,,,,,,fcc,4.0,32,445.50912792,3.81875861,,7.63751722,7.63751722,7.63751722,,SKIP_EXISTING_OUTCAR;LATTICE_FROM_VOLUME_CONTCAR,FCC_SQS,Cr16Pd16
Cr16Pt16,SKIP,,,,,,,fcc,4.0,32,461.43314338,3.86372552,,7.72745103,7.72745103,7.72745103,,SKIP_EXISTING_OUTCAR;LATTICE_FROM_VOLUME_CONTCAR,FCC_SQS,Cr16Pt16
Cr16Re16,SKIP,,,,,,,fcc,4.0,32,438.51155506,3.79865937,,7.59731874,7.59731874,7.59731874,,SKIP_EXISTING_OUTCAR;LATTICE_FROM_VOLUME_CONTCAR,FCC_SQS,Cr16Re16
Cr16Rh16,SKIP,,,,static_OUTCAR,-267.4359992400,-267.4349308300,fcc,4.0,32,421.22298235,3.74806710,,7.49613420,7.49613420,7.49613420,yes,SKIP_EXISTING_OUTCAR,FCC_SQS,Cr16Rh16
Cr16Ru16,SKIP,,,,static_OUTCAR,-294.4862582200,-294.4830120200,fcc,4.0,32,413.97219189,3.72643652,,7.45287304,7.45287304,7.45287304,yes,SKIP_EXISTING_OUTCAR,FCC_SQS,Cr16Ru16
Cr16Sc16,SKIP,,,,,,,fcc,4.0,32,613.19273807,4.24784836,,8.49569673,8.49569673,8.49569673,,SKIP_EXISTING_OUTCAR;LATTICE_FROM_VOLUME_CONTCAR,FCC_SQS,Cr16Sc16
Cr16Si16,SKIP,,,,static_OUTCAR,-239.8206138000,-239.8196305500,fcc,4.0,32,387.70690875,3.64589803,,7.29179606,7.29179606,7.29179606,yes,SKIP_EXISTING_OUTCAR,FCC_SQS,Cr16Si16
Cr16Sn16,SKIP,,,,,,,fcc,4.0,32,669.69803229,4.37451267,,8.74902534,8.74902534,8.74902534,,SKIP_EXISTING_OUTCAR;LATTICE_FROM_VOLUME_CONTCAR,FCC_SQS,Cr16Sn16
Cr16Ta16,SKIP,,,,,,,fcc,4.0,32,508.43960033,3.99070655,,7.98141310,7.98141310,7.98141310,,SKIP_EXISTING_OUTCAR;LATTICE_FROM_VOLUME_CONTCAR,FCC_SQS,Cr16Ta16
Cr16Tb16,SKIP,,,,static_OUTCAR,-206.8690915200,-206.8689434100,fcc,4.0,32,759.60110651,4.56210420,,9.12420840,9.12420840,9.12420840,no,SKIP_EXISTING_OUTCAR,FCC_SQS,Cr16Tb16
Cr16Ti16,SKIP,,,,,,,fcc,4.0,32,463.86073410,3.87048933,,7.74097866,7.74097866,7.74097866,,SKIP_EXISTING_OUTCAR;LATTICE_FROM_VOLUME_CONTCAR,FCC_SQS,Cr16Ti16
Cr16V16,SKIP,,,,relax_OUTCAR,-289.8933238000,-289.8936495900,fcc,4.0,32,411.41489516,3.71874736,,7.43749472,7.43749472,7.43749472,yes,SKIP_EXISTING_OUTCAR,FCC_SQS,Cr16V16
Cr16W16,SKIP,,,,,,,fcc,4.0,32,462.15684795,3.86574440,,7.73148880,7.73148880,7.73148880,,SKIP_EXISTING_OUTCAR;LATTICE_FROM_VOLUME_CONTCAR,FCC_SQS,Cr16W16
Cr16Y16,SKIP,,,,,,,fcc,4.0,32,763.60313535,4.57010213,,9.14020426,9.14020426,9.14020426,,SKIP_EXISTING_OUTCAR;LATTICE_FROM_VOLUME_CONTCAR,FCC_SQS,Cr16Y16
Cr16Zn16,SKIP,,,,static_OUTCAR,-161.6677641400,-161.6666737100,fcc,4.0,32,445.20356994,3.81788536,,7.63577072,7.63577072,7.63577072,yes,SKIP_EXISTING_OUTCAR,FCC_SQS,Cr16Zn16
Cr16Zr16,SKIP,,,,,,,fcc,4.0,32,603.53087173,4.22541952,,8.45083904,8.45083904,8.45083904,,SKIP_EXISTING_OUTCAR;LATTICE_FROM_VOLUME_CONTCAR,FCC_SQS,Cr16Zr16
Cr24Cu8,OK,0,0,0,static_OUTCAR,-247.7550270900,-247.7539856300,fcc,4.0,32,375.91492534,3.60855388,,7.21710776,7.21710776,7.21710776,yes,CLEANED:0,FCC_SQS,Cr24Cu8
Cr24Ni8,OK,0,0,0,static_OUTCAR,-266.4339837400,-266.4326720300,fcc,4.0,32,366.53010010,3.57827092,,7.15654185,7.15654185,7.15654185,yes,CLEANED:0,FCC_SQS,Cr24Ni8
Cr24Ru8,OK,0,0,0,static_OUTCAR,-294.6769235700,-294.6765883700,fcc,4.0,32,397.14891815,3.67525772,,7.35051545,7.35051545,7.35051545,yes,CLEANED:0,FCC_SQS,Cr24Ru8
Cr24Si8,OK,0,0,0,static_OUTCAR,-270.7897558000,-270.7888481600,fcc,4.0,32,377.99004376,3.61518166,,7.23036331,7.23036331,7.23036331,yes,CLEANED:0,FCC_SQS,Cr24Si8
Cr24Zn8,OK,0,0,0,static_OUTCAR,-227.5118356900,-227.5105849200,fcc,4.0,32,390.91153606,3.65591565,,7.31183129,7.31183129,7.31183129,yes,CLEANED:0,FCC_SQS,Cr24Zn8
Cr8Cu24,OK,0,0,0,static_OUTCAR,-159.3960184400,-159.3945808400,fcc,4.0,32,397.58906750,3.67661495,,7.35322990,7.35322990,7.35322990,yes,CLEANED:0,FCC_SQS,Cr8Cu24
Cr8Dy24,OK,0,0,0,static_OUTCAR,-174.2005247500,-174.2004689700,fcc,4.0,32,883.83727580,4.79837415,,9.59674830,9.59674830,9.59674830,yes,CLEANED:0,FCC_SQS,Cr8Dy24
Cr8Fe24,OK,0,0,0,static_OUTCAR,-270.5578183800,-270.5584200600,fcc,4.0,32,351.03041029,3.52710389,,7.05420777,7.05420777,7.05420777,yes,CLEANED:0,FCC_SQS,Cr8Fe24
Cr8Hf24,OK,0,0,0,static_OUTCAR,-305.9309972900,-305.9297657500,fcc,4.0,32,649.52400375,4.33013802,,8.66027604,8.66027604,8.66027604,yes,CLEANED:0,FCC_SQS,Cr8Hf24
Cr8Ir24,OK,0,0,0,static_OUTCAR,-291.9024726200,-291.9015088600,fcc,4.0,32,435.33600000,3.78946760,,7.57893521,7.57893521,7.57893521,yes,CLEANED:0,FCC_SQS,Cr8Ir24
Cr8Mg24,OK,0,0,0,static_OUTCAR,-102.4088890100,-102.4107867700,fcc,4.0,32,665.37446813,4.36507840,,8.73015680,8.73015680,8.73015680,yes,CLEANED:0,FCC_SQS,Cr8Mg24
Cr8Mn24,OK,0,0,0,static_OUTCAR,-287.8077287600,-287.8070546200,fcc,4.0,32,351.92198499,3.53008750,,7.06017500,7.06017500,7.06017500,yes,CLEANED:0,FCC_SQS,Cr8Mn24
Cr8Ni24,OK,0,0,0,static_OUTCAR,-207.1666380000,-207.1659742700,fcc,4.0,32,350.70228626,3.52600456,,7.05200913,7.05200913,7.05200913,yes,CLEANED:0,FCC_SQS,Cr8Ni24
Cr8Pd24,OK,0,0,0,static_OUTCAR,-201.3713326700,-201.3721605000,fcc,4.0,32,476.34970284,3.90491847,,7.80983694,7.80983694,7.80983694,yes,CLEANED:0,FCC_SQS,Cr8Pd24
Cr8Pt24,OK,0,0,0,static_OUTCAR,-227.6461009700,-227.6463750500,fcc,4.0,32,480.57273608,3.91642410,,7.83284819,7.83284819,7.83284819,yes,CLEANED:0,FCC_SQS,Cr8Pt24
Cr8Re24,OK,0,0,0,static_OUTCAR,-369.2271216500,-369.2267840800,fcc,4.0,32,462.16267355,3.86576064,,7.73152128,7.73152128,7.73152128,yes,CLEANED:0,FCC_SQS,Cr8Re24
Cr8Ru24,OK,0,0,0,static_OUTCAR,-293.7265470500,-293.7265266400,fcc,4.0,32,428.77914747,3.77034614,,7.54069229,7.54069229,7.54069229,yes,CLEANED:0,FCC_SQS,Cr8Ru24
Cr8Sc24,OK,0,0,0,static_OUTCAR,-217.3039465500,-217.3027299800,fcc,4.0,32,706.56168225,4.45334866,,8.90669732,8.90669732,8.90669732,yes,CLEANED:0,FCC_SQS,Cr8Sc24
Cr8Si24,OK,0,0,0,static_OUTCAR,-203.0156851700,-203.0166595100,fcc,4.0,32,408.33147487,3.70943379,,7.41886758,7.41886758,7.41886758,yes,CLEANED:0,FCC_SQS,Cr8Si24
Cr8Y24,OK,0,0,0,static_OUTCAR,-216.3357616200,-216.3340109100,fcc,4.0,32,906.21770551,4.83853833,,9.67707665,9.67707665,9.67707665,yes,CLEANED:0,FCC_SQS,Cr8Y24
Cr8Zn24,OK,0,0,0,static_OUTCAR,-98.0389199600,-98.0386128000,fcc,4.0,32,468.98560754,3.88469127,,7.76938254,7.76938254,7.76938254,yes,CLEANED:0,FCC_SQS,Cr8Zn24
Cr8Zr24,OK,0,0,0,static_OUTCAR,-272.2453291500,-272.2438753000,fcc,4.0,32,682.00953516,4.40115658,,8.80231316,8.80231316,8.80231316,yes,CLEANED:0,FCC_SQS,Cr8Zr24
Cu16Cu16,SKIP,,,,static_OUTCAR,-120.0044748700,-120.0008331200,fcc,4.0,32,378.18244425,3.61579494,,7.23158988,7.23158988,7.23158988,yes,SKIP_EXISTING_OUTCAR,FCC_SQS,Cu16Cu16
Cu16Dy16,SKIP,,,,,,,fcc,4.0,32,677.49698156,4.39142826,,8.78285652,8.78285652,8.78285652,,SKIP_EXISTING_OUTCAR;LATTICE_FROM_VOLUME_CONTCAR,FCC_SQS,Cu16Dy16
Cu16Er16,SKIP,,,,,,,fcc,4.0,32,664.56644656,4.36331072,,8.72662144,8.72662144,8.72662144,,SKIP_EXISTING_OUTCAR;LATTICE_FROM_VOLUME_CONTCAR,FCC_SQS,Cu16Er16
Cu16Fe16,SKIP,,,,static_OUTCAR,-188.1885584300,-188.1878071700,fcc,4.0,32,378.69540369,3.61742900,,7.23485800,7.23485800,7.23485800,yes,SKIP_EXISTING_OUTCAR,FCC_SQS,Cu16Fe16
Cu16Ge16,SKIP,,,,,,,fcc,4.0,32,483.01845648,3.92305665,,7.84611330,7.84611330,7.84611330,,SKIP_EXISTING_OUTCAR;LATTICE_FROM_VOLUME_CONTCAR,FCC_SQS,Cu16Ge16
Cu16Hf16,SKIP,,,,,,,fcc,4.0,32,559.34486510,4.11967753,,8.23935506,8.23935506,8.23935506,,SKIP_EXISTING_OUTCAR;LATTICE_FROM_VOLUME_CONTCAR,FCC_SQS,Cu16Hf16
Cu16Ir16,SKIP,,,,static_OUTCAR,-198.3134447300,-198.3139638300,fcc,4.0,32,429.86914635,3.77353830,,7.54707661,7.54707661,7.54707661,yes,SKIP_EXISTING_OUTCAR,FCC_SQS,Cu16Ir16
Cu16La16,SKIP,,,,,,,fcc,,,,,,,,,,SKIP_EXISTING_OUTCAR;NO_RELAX_CONTCAR,FCC_SQS,Cu16La16
Cu16Mg16,SKIP,,,,static_OUTCAR,-83.7321120300,-83.7313040800,fcc,4.0,32,502.83706345,3.97599441,,7.95198881,7.95198881,7.95198881,yes,SKIP_EXISTING_OUTCAR,FCC_SQS,Cu16Mg16
Cu16Mn16,SKIP,,,,,,,fcc,,,,,,,,,,SKIP_EXISTING_OUTCAR;NO_RELAX_CONTCAR,FCC_SQS,Cu16Mn16
Cu16Mo16,SKIP,,,,static_OUTCAR,-226.0352133800,-226.0355299300,fcc,4.0,32,451.76280479,3.83654381,,7.67308761,7.67308761,7.67308761,yes,SKIP_EXISTING_OUTCAR,FCC_SQS,Cu16Mo16
Cu16Nb16,SKIP,,,,static_OUTCAR,-216.1223326700,-216.1224799100,fcc,4.0,32,503.91470340,3.97883272,,7.95766545,7.95766545,7.95766545,yes,SKIP_EXISTING_OUTCAR,FCC_SQS,Cu16Nb16
Cu16Ni16,SKIP,,,,static_OUTCAR,-147.0894600200,-147.0871902600,fcc,4.0,32,357.88179929,3.54990345,,7.09980691,7.09980691,7.09980691,yes,SKIP_EXISTING_OUTCAR,FCC_SQS,Cu16Ni16
Cu16Os16,SKIP,,,,static_OUTCAR,-229.4928776800,-229.4936098400,fcc,4.0,32,426.95704968,3.76499786,,7.52999572,7.52999572,7.52999572,yes,SKIP_EXISTING_OUTCAR,FCC_SQS,Cu16Os16
Cu16Pb16,SKIP,,,,,,,fcc,4.0,32,661.34188710,4.35624217,,8.71248433,8.71248433,8.71248433,,SKIP_EXISTING_OUTCAR;LATTICE_FROM_VOLUME_CONTCAR,FCC_SQS,Cu16Pb16
Cu16Pd16,SKIP,,,,static_OUTCAR,-146.0664405000,-146.0698672200,fcc,4.0,32,440.90820663,3.80556723,,7.61113446,7.61113446,7.61113446,yes,SKIP_EXISTING_OUTCAR,FCC_SQS,Cu16Pd16
Cu16Pt16,SKIP,,,,static_OUTCAR,-160.7317652500,-160.7317930600,fcc,4.0,32,449.37273052,3.82976603,,7.65953206,7.65953206,7.65953206,yes,SKIP_EXISTING_OUTCAR,FCC_SQS,Cu16Pt16
Cu16Re16,SKIP,,,,static_OUTCAR,-249.9864651100,-249.9857719200,fcc,4.0,32,437.10573337,3.79459566,,7.58919131,7.58919131,7.58919131,yes,SKIP_EXISTING_OUTCAR,FCC_SQS,Cu16Re16
Cu16Rh16,SKIP,,,,static_OUTCAR,-174.2768457100,-174.2762598600,fcc,4.0,32,412.56000000,3.72219433,,7.44438867,7.44438867,7.44438867,yes,SKIP_EXISTING_OUTCAR,FCC_SQS,Cu16Rh16
Cu16Ru16,SKIP,,,,static_OUTCAR,-200.3400902200,-200.3391581800,fcc,4.0,32,415.96231169,3.73239844,,7.46479687,7.46479687,7.46479687,yes,SKIP_EXISTING_OUTCAR,FCC_SQS,Cu16Ru16
Cu16Sc16,SKIP,,,,,,,fcc,4.0,32,562.30770992,4.12693869,,8.25387738,8.25387738,8.25387738,,SKIP_EXISTING_OUTCAR;LATTICE_FROM_VOLUME_CONTCAR,FCC_SQS,Cu16Sc16
Cu16Si16,SKIP,,,,static_OUTCAR,-141.7814913800,-141.7815042900,fcc,4.0,32,411.64119059,3.71942906,,7.43885811,7.43885811,7.43885811,yes,SKIP_EXISTING_OUTCAR,FCC_SQS,Cu16Si16
Cu16Sn16,SKIP,,,,static_OUTCAR,-118.1227762200,-118.1233051100,fcc,4.0,32,627.93714286,4.28162600,,8.56325199,8.56325199,8.56325199,no,SKIP_EXISTING_OUTCAR,FCC_SQS,Cu16Sn16
Cu16Ta16,SKIP,,,,static_OUTCAR,-243.5688902600,-243.5690002800,fcc,4.0,32,502.62725959,3.97544135,,7.95088270,7.95088270,7.95088270,yes,SKIP_EXISTING_OUTCAR,FCC_SQS,Cu16Ta16
Cu16Tb16,SKIP,,,,,,,fcc,4.0,32,684.47357609,4.40645054,,8.81290108,8.81290108,8.81290108,,SKIP_EXISTING_OUTCAR;LATTICE_FROM_VOLUME_CONTCAR,FCC_SQS,Cu16Tb16
Cu16Ti16,SKIP,,,,static_OUTCAR,-184.4368136200,-184.4369939300,fcc,4.0,32,464.73600000,3.87292223,,7.74584446,7.74584446,7.74584446,yes,SKIP_EXISTING_OUTCAR,FCC_SQS,Cu16Ti16
Cu16V16,SKIP,,,,static_OUTCAR,-199.1737538300,-199.1737229900,fcc,4.0,32,410.34637248,3.71552514,,7.43105027,7.43105027,7.43105027,yes,SKIP_EXISTING_OUTCAR,FCC_SQS,Cu16V16
Cu16W16,SKIP,,,,static_OUTCAR,-256.0233336900,-256.0234991900,fcc,4.0,32,460.96215243,3.86241048,,7.72482097,7.72482097,7.72482097,yes,SKIP_EXISTING_OUTCAR,FCC_SQS,Cu16W16
Cu16Y16,SKIP,,,,,,,fcc,4.0,32,687.64368368,4.41324282,,8.82648565,8.82648565,8.82648565,,SKIP_EXISTING_OUTCAR;LATTICE_FROM_VOLUME_CONTCAR,FCC_SQS,Cu16Y16
Cu16Zn16,SKIP,,,,static_OUTCAR,-79.5958261900,-79.5956942500,fcc,4.0,32,416.16621178,3.73300820,,7.46601639,7.46601639,7.46601639,yes,SKIP_EXISTING_OUTCAR,FCC_SQS,Cu16Zn16
Cu16Zr16,SKIP,,,,,,,fcc,4.0,32,571.09259192,4.14831933,,8.29663865,8.29663865,8.29663865,,SKIP_EXISTING_OUTCAR;LATTICE_FROM_VOLUME_CONTCAR,FCC_SQS,Cu16Zr16
Cu24Fe8,OK,0,0,0,static_OUTCAR,-152.7001625900,-152.6988033900,fcc,4.0,32,377.96544270,3.61510322,,7.23020645,7.23020645,7.23020645,yes,CLEANED:0,FCC_SQS,Cu24Fe8
Cu24Ge8,OK,0,0,0,static_OUTCAR,-123.9279966700,-123.9287370400,fcc,4.0,32,416.97028115,3.73541081,,7.47082163,7.47082163,7.47082163,yes,CLEANED:0,FCC_SQS,Cu24Ge8
Cu24Ir8,OK,0,0,0,static_OUTCAR,-158.2931113200,-158.2936096900,fcc,4.0,32,406.66806088,3.70438991,,7.40877982,7.40877982,7.40877982,yes,CLEANED:0,FCC_SQS,Cu24Ir8
Cu24Mg8,OK,0,0,0,static_OUTCAR,-101.8225042500,-101.8203289500,fcc,4.0,32,471.84800001,3.89257848,,7.78515696,7.78515696,7.78515696,yes,CLEANED:0,FCC_SQS,Cu24Mg8
Cu24Mn8,OK,0,0,0,static_OUTCAR,-157.9136388200,-157.9132669000,fcc,4.0,32,387.78476736,3.64614207,,7.29228413,7.29228413,7.29228413,yes,CLEANED:0,FCC_SQS,Cu24Mn8
Cu24Mo8,OK,0,0,0,static_OUTCAR,-170.3742477100,-170.3745025100,fcc,4.0,32,417.76868204,3.73779344,,7.47558688,7.47558688,7.47558688,yes,CLEANED:0,FCC_SQS,Cu24Mo8
Cu24Nb8,OK,0,0,0,static_OUTCAR,-165.8716005000,-165.8712124900,fcc,4.0,32,445.24590275,3.81800637,,7.63601273,7.63601273,7.63601273,yes,CLEANED:0,FCC_SQS,Cu24Nb8
Cu24Ni8,OK,0,0,0,static_OUTCAR,-133.5977600000,-133.6036409800,fcc,4.0,32,366.38545607,3.57780016,,7.15560033,7.15560033,7.15560033,yes,CLEANED:0,FCC_SQS,Cu24Ni8
Cu24Os8,OK,0,0,0,static_OUTCAR,-172.6810792300,-172.6832258200,fcc,4.0,32,404.15762770,3.69675156,,7.39350311,7.39350311,7.39350311,yes,CLEANED:0,FCC_SQS,Cu24Os8
Cu24Pd8,OK,0,0,0,static_OUTCAR,-133.8375603900,-133.8416421400,fcc,4.0,32,410.83076127,3.71698655,,7.43397309,7.43397309,7.43397309,yes,CLEANED:0,FCC_SQS,Cu24Pd8
Cu24Pt8,OK,0,0,0,static_OUTCAR,-141.5506760300,-141.5523052900,fcc,4.0,32,416.72135253,3.73466733,,7.46933466,7.46933466,7.46933466,yes,CLEANED:0,FCC_SQS,Cu24Pt8
Cu24Re8,OK,0,0,0,static_OUTCAR,-182.0733206700,-182.0739134900,fcc,4.0,32,409.49120389,3.71294227,,7.42588454,7.42588454,7.42588454,yes,CLEANED:0,FCC_SQS,Cu24Re8
Cu24Rh8,OK,0,0,0,static_OUTCAR,-146.9834471300,-146.9829112700,fcc,4.0,32,401.36455925,3.68821598,,7.37643195,7.37643195,7.37643195,yes,CLEANED:0,FCC_SQS,Cu24Rh8
Cu24Ru8,OK,0,0,0,static_OUTCAR,-158.5873572800,-158.5877782900,fcc,4.0,32,398.72193041,3.68010361,,7.36020721,7.36020721,7.36020721,yes,CLEANED:0,FCC_SQS,Cu24Ru8
Cu24Si8,OK,0,0,0,static_OUTCAR,-133.0564196800,-133.0563775800,fcc,4.0,32,386.75171182,3.64290142,,7.28580284,7.28580284,7.28580284,yes,CLEANED:0,FCC_SQS,Cu24Si8
Cu24Sn8,OK,0,0,0,static_OUTCAR,-116.5809960800,-116.5813743200,fcc,4.0,32,482.34921982,3.92124398,,7.84248795,7.84248795,7.84248795,yes,CLEANED:0,FCC_SQS,Cu24Sn8
Cu24Ta8,OK,0,0,0,static_OUTCAR,-179.3016363300,-179.2995760000,fcc,4.0,32,444.06376182,3.81462440,,7.62924880,7.62924880,7.62924880,yes,CLEANED:0,FCC_SQS,Cu24Ta8
Cu24Ti8,OK,0,0,0,static_OUTCAR,-151.7624519900,-151.7624695400,fcc,4.0,32,420.33548227,3.74543291,,7.49086581,7.49086581,7.49086581,yes,CLEANED:0,FCC_SQS,Cu24Ti8
Cu24V8,OK,0,0,0,static_OUTCAR,-157.4896213100,-157.4887518400,fcc,4.0,32,395.16477574,3.66912702,,7.33825403,7.33825403,7.33825403,yes,CLEANED:0,FCC_SQS,Cu24V8
Cu24W8,OK,0,0,0,static_OUTCAR,-184.5770292900,-184.5779340200,fcc,4.0,32,422.54266536,3.75197723,,7.50395445,7.50395445,7.50395445,yes,CLEANED:0,FCC_SQS,Cu24W8
Cu24Zn8,OK,0,0,0,static_OUTCAR,-100.3962431400,-100.3965024500,fcc,4.0,32,395.11568181,3.66897506,,7.33795013,7.33795013,7.33795013,yes,CLEANED:0,FCC_SQS,Cu24Zn8
Cu8Fe24,OK,0,0,0,static_OUTCAR,-223.9743241900,-223.9738764300,fcc,4.0,32,376.43358201,3.61021271,,7.22042542,7.22042542,7.22042542,yes,CLEANED:0,FCC_SQS,Cu8Fe24
Cu8Hf24,OK,0,0,0,static_OUTCAR,-265.4488105000,-265.4486110000,fcc,4.0,32,639.21597169,4.30710914,,8.61421829,8.61421829,8.61421829,yes,CLEANED:0,FCC_SQS,Cu8Hf24
Cu8Ir24,OK,0,0,0,static_OUTCAR,-239.6519308700,-239.6518781300,fcc,4.0,32,448.25624050,3.82659165,,7.65318329,7.65318329,7.65318329,yes,CLEANED:0,FCC_SQS,Cu8Ir24
Cu8Mg24,OK,0,0,0,static_OUTCAR,-65.2574774800,-65.2574716800,fcc,4.0,32,646.00800001,4.32231058,,8.64462116,8.64462116,8.64462116,no,CLEANED:0,FCC_SQS,Cu8Mg24
Cu8Mo24,OK,0,0,0,static_OUTCAR,-282.1244972800,-282.1242796500,fcc,4.0,32,481.79685440,3.91974659,,7.83949318,7.83949318,7.83949318,yes,CLEANED:0,FCC_SQS,Cu8Mo24
Cu8Nb24,OK,0,0,0,static_OUTCAR,-265.8519221500,-265.8537026400,fcc,4.0,32,554.07887785,4.10670843,,8.21341685,8.21341685,8.21341685,yes,CLEANED:0,FCC_SQS,Cu8Nb24
Cu8Ni24,OK,0,0,0,static_OUTCAR,-160.9539253100,-160.9545427100,fcc,4.0,32,351.04638872,3.52715740,,7.05431481,7.05431481,7.05431481,yes,CLEANED:0,FCC_SQS,Cu8Ni24
Cu8Os24,OK,0,0,0,static_OUTCAR,-290.0765727300,-290.0762720200,fcc,4.0,32,445.35812850,3.81832712,,7.63665424,7.63665424,7.63665424,yes,CLEANED:0,FCC_SQS,Cu8Os24
Cu8Pd24,OK,0,0,0,static_OUTCAR,-156.9147387100,-156.9097651400,fcc,4.0,32,466.55765668,3.87797595,,7.75595190,7.75595190,7.75595190,yes,CLEANED:0,FCC_SQS,Cu8Pd24
Cu8Pt24,OK,0,0,0,static_OUTCAR,-178.5215243700,-178.5197569700,fcc,4.0,32,475.36498460,3.90222584,,7.80445168,7.80445168,7.80445168,yes,CLEANED:0,FCC_SQS,Cu8Pt24
Cu8Re24,OK,0,0,0,static_OUTCAR,-320.7492947600,-320.7491155200,fcc,4.0,32,460.44084006,3.86095391,,7.72190781,7.72190781,7.72190781,yes,CLEANED:0,FCC_SQS,Cu8Re24
Cu8Rh24,OK,0,0,0,static_OUTCAR,-202.2828844700,-202.2838640300,fcc,4.0,32,426.45600000,3.76352450,,7.52704900,7.52704900,7.52704900,yes,CLEANED:0,FCC_SQS,Cu8Rh24
Cu8Ru24,OK,0,0,0,static_OUTCAR,-244.6938036500,-244.6938076300,fcc,4.0,32,429.83388947,3.77343513,,7.54687027,7.54687027,7.54687027,yes,CLEANED:0,FCC_SQS,Cu8Ru24
Cu8Sc24,OK,0,0,0,static_OUTCAR,-180.2669569200,-180.2688572000,fcc,4.0,32,672.28911809,4.38014712,,8.76029425,8.76029425,8.76029425,yes,CLEANED:0,FCC_SQS,Cu8Sc24
Cu8Si24,OK,0,0,0,static_OUTCAR,-149.3894388800,-149.3899360500,fcc,4.0,32,439.61830080,3.80185246,,7.60370492,7.60370492,7.60370492,no,CLEANED:0,FCC_SQS,Cu8Si24
Cu8Ta24,OK,0,0,0,static_OUTCAR,-307.0358309900,-307.0360733200,fcc,4.0,32,552.55494880,4.10293996,,8.20587992,8.20587992,8.20587992,yes,CLEANED:0,FCC_SQS,Cu8Ta24
Cu8Ti24,OK,0,0,0,static_OUTCAR,-216.2117902100,-216.2134234700,fcc,4.0,32,508.42254359,3.99066192,,7.98132385,7.98132385,7.98132385,yes,CLEANED:0,FCC_SQS,Cu8Ti24
Cu8V24,OK,0,0,0,static_OUTCAR,-240.2735760300,-240.2711035300,fcc,4.0,32,425.59236212,3.76098221,,7.52196442,7.52196442,7.52196442,yes,CLEANED:0,FCC_SQS,Cu8V24
Cu8W24,OK,0,0,0,static_OUTCAR,-328.1450850000,-328.1462196200,fcc,4.0,32,494.20672574,3.95311597,,7.90623193,7.90623193,7.90623193,yes,CLEANED:0,FCC_SQS,Cu8W24
Cu8Zn24,OK,0,0,0,static_OUTCAR,-57.2027676100,-57.2030481000,fcc,4.0,32,442.45319740,3.81000709,,7.62001418,7.62001418,7.62001418,yes,CLEANED:0,FCC_SQS,Cu8Zn24
Cu8Zr24,OK,0,0,0,static_OUTCAR,-232.8751364200,-232.8746512600,fcc,4.0,32,658.50390491,4.35000199,,8.70000399,8.70000399,8.70000399,yes,CLEANED:0,FCC_SQS,Cu8Zr24
Dy16Dy16,SKIP,,,,static_OUTCAR,-144.8120409400,-144.8193796100,fcc,4.0,32,1009.33897198,5.01551675,,10.03103350,10.03103350,10.03103350,yes,SKIP_EXISTING_OUTCAR,FCC_SQS,Dy16Dy16
Dy16Er16,SKIP,,,,static_OUTCAR,-143.9896715600,-143.9914763900,fcc,4.0,32,990.83562809,4.98467915,,9.96935830,9.96935830,9.96935830,yes,SKIP_EXISTING_OUTCAR,FCC_SQS,Dy16Er16
Dy16Fe16,SKIP,,,,,,,fcc,4.0,32,658.63051188,4.35028076,,8.70056152,8.70056152,8.70056152,,SKIP_EXISTING_OUTCAR;LATTICE_FROM_VOLUME_CONTCAR,FCC_SQS,Dy16Fe16
Dy16Ge16,SKIP,,,,,,,fcc,4.0,32,1215.77165515,5.33646922,,10.67293844,10.67293844,10.67293844,,SKIP_EXISTING_OUTCAR;LATTICE_FROM_VOLUME_CONTCAR,FCC_SQS,Dy16Ge16
Dy16Hf16,SKIP,,,,static_OUTCAR,-226.2444318700,-226.2416424600,fcc,4.0,32,826.50928990,4.69230159,,9.38460317,9.38460317,9.38460317,yes,SKIP_EXISTING_OUTCAR,FCC_SQS,Dy16Hf16
Dy16Ir16,SKIP,,,,static_OUTCAR,-226.0611802400,-226.0599083700,fcc,4.0,32,628.48697457,4.28287532,,8.56575063,8.56575063,8.56575063,no,SKIP_EXISTING_OUTCAR,FCC_SQS,Dy16Ir16
Dy16La16,SKIP,,,,static_OUTCAR,-150.0297326800,-150.0262049600,fcc,4.0,32,1095.75881105,5.15475856,,10.30951711,10.30951711,10.30951711,yes,SKIP_EXISTING_OUTCAR,FCC_SQS,Dy16La16
Dy16Mg16,SKIP,,,,static_OUTCAR,-96.4752189600,-96.4726822800,fcc,4.0,32,893.79255423,4.81632275,,9.63264550,9.63264550,9.63264550,yes,SKIP_EXISTING_OUTCAR,FCC_SQS,Dy16Mg16
Dy16Mn16,SKIP,,,,,,,fcc,4.0,32,722.64666987,4.48688914,,8.97377829,8.97377829,8.97377829,,SKIP_EXISTING_OUTCAR;LATTICE_FROM_VOLUME_CONTCAR,FCC_SQS,Dy16Mn16
Dy16Mo16,SKIP,,,,static_OUTCAR,-233.6438535100,-233.6436891700,fcc,4.0,32,672.97883918,4.38164452,,8.76328904,8.76328904,8.76328904,yes,SKIP_EXISTING_OUTCAR,FCC_SQS,Dy16Mo16
Dy16Nb16,SKIP,,,,static_OUTCAR,-223.1992335800,-223.1975107100,fcc,4.0,32,739.30223602,4.52109894,,9.04219787,9.04219787,9.04219787,yes,SKIP_EXISTING_OUTCAR,FCC_SQS,Dy16Nb16
Dy16Ni16,SKIP,,,,,,,fcc,4.0,32,617.62056260,4.25804833,,8.51609666,8.51609666,8.51609666,,SKIP_EXISTING_OUTCAR;LATTICE_FROM_VOLUME_CONTCAR,FCC_SQS,Dy16Ni16
Dy16Os16,SKIP,,,,static_OUTCAR,-245.5895038800,-245.5888407500,fcc,4.0,32,620.97752886,4.26574902,,8.53149803,8.53149803,8.53149803,no,SKIP_EXISTING_OUTCAR,FCC_SQS,Dy16Os16
Dy16Pb16,SKIP,,,,,,,fcc,,,,,,,,,,SKIP_EXISTING_OUTCAR;NO_RELAX_CONTCAR,FCC_SQS,Dy16Pb16
Dy16Pd16,SKIP,,,,static_OUTCAR,-176.6915438200,-176.6912000300,fcc,4.0,32,683.54545158,4.40445797,,8.80891594,8.80891594,8.80891594,no,SKIP_EXISTING_OUTCAR,FCC_SQS,Dy16Pd16
Dy16Pt16,SKIP,,,,static_OUTCAR,-198.7510563200,-198.7509321100,fcc,4.0,32,663.16875468,4.36024965,,8.72049931,8.72049931,8.72049931,no,SKIP_EXISTING_OUTCAR,FCC_SQS,Dy16Pt16
Dy16Re16,SKIP,,,,static_OUTCAR,-259.1089879500,-259.1102542400,fcc,4.0,32,635.46959952,4.29867816,,8.59735632,8.59735632,8.59735632,no,SKIP_EXISTING_OUTCAR,FCC_SQS,Dy16Re16
Dy16Rh16,SKIP,,,,static_OUTCAR,-202.3282654500,-202.3282193500,fcc,4.0,32,638.81576116,4.30621007,,8.61242013,8.61242013,8.61242013,no,SKIP_EXISTING_OUTCAR,FCC_SQS,Dy16Rh16
Dy16Ru16,SKIP,,,,static_OUTCAR,-218.0071169300,-218.0078273800,fcc,4.0,32,627.08353880,4.27968500,,8.55937000,8.55937000,8.55937000,yes,SKIP_EXISTING_OUTCAR,FCC_SQS,Dy16Ru16
Dy16Sc16,SKIP,,,,static_OUTCAR,-170.8836053800,-170.8839722000,fcc,4.0,32,893.66014627,4.81608490,,9.63216981,9.63216981,9.63216981,yes,SKIP_EXISTING_OUTCAR,FCC_SQS,Dy16Sc16
Dy16Si16,SKIP,,,,static_OUTCAR,-170.9613180400,-170.9633581300,fcc,4.0,32,701.59497970,4.44288933,,8.88577866,8.88577866,8.88577866,no,SKIP_EXISTING_OUTCAR,FCC_SQS,Dy16Si16
Dy16Sn16,SKIP,,,,,,,fcc,4.0,32,1049.09222127,5.08051682,,10.16103363,10.16103363,10.16103363,,SKIP_EXISTING_OUTCAR;LATTICE_FROM_VOLUME_CONTCAR,FCC_SQS,Dy16Sn16
Dy16Ta16,SKIP,,,,static_OUTCAR,-248.9576425000,-248.9567290200,fcc,4.0,32,730.41036222,4.50290011,,9.00580022,9.00580022,9.00580022,yes,SKIP_EXISTING_OUTCAR,FCC_SQS,Dy16Ta16
Dy16Tb16,SKIP,,,,static_OUTCAR,-145.2901246800,-145.3004820100,fcc,4.0,32,1014.05866086,5.02332215,,10.04664430,10.04664430,10.04664430,yes,SKIP_EXISTING_OUTCAR,FCC_SQS,Dy16Tb16
Dy16Ti16,SKIP,,,,static_OUTCAR,-189.6633690800,-189.6613557700,fcc,4.0,32,748.59731890,4.53996767,,9.07993534,9.07993534,9.07993534,yes,SKIP_EXISTING_OUTCAR,FCC_SQS,Dy16Ti16
Dy16V16,SKIP,,,,,,,fcc,4.0,32,708.22997449,4.45685090,,8.91370180,8.91370180,8.91370180,,SKIP_EXISTING_OUTCAR;LATTICE_FROM_VOLUME_CONTCAR,FCC_SQS,Dy16V16
Dy16W16,SKIP,,,,static_OUTCAR,-261.6012297500,-261.6003767600,fcc,4.0,32,669.41722578,4.37390117,,8.74780234,8.74780234,8.74780234,yes,SKIP_EXISTING_OUTCAR,FCC_SQS,Dy16W16
Dy16Y16,SKIP,,,,static_OUTCAR,-174.9307177400,-174.9303772500,fcc,4.0,32,1020.85549624,5.03452028,,10.06904056,10.06904056,10.06904056,yes,SKIP_EXISTING_OUTCAR,FCC_SQS,Dy16Y16
Dy16Zn16,SKIP,,,,static_OUTCAR,-95.3847684000,-95.3849122200,fcc,4.0,32,757.07534442,4.55704208,,9.11408415,9.11408415,9.11408415,no,SKIP_EXISTING_OUTCAR,FCC_SQS,Dy16Zn16
Dy16Zr16,SKIP,,,,static_OUTCAR,-205.4617130300,-205.4634642800,fcc,4.0,32,847.57921454,4.73184057,,9.46368114,9.46368114,9.46368114,yes,SKIP_EXISTING_OUTCAR,FCC_SQS,Dy16Zr16
Dy24Er8,OK,0,0,0,static_OUTCAR,-144.4068360300,-144.4098880700,fcc,4.0,32,998.36706221,4.99727695,,9.99455391,9.99455391,9.99455391,yes,CLEANED:0,FCC_SQS,Dy24Er8
Dy24Hf8,OK,0,0,0,static_OUTCAR,-184.6015829500,-184.6010281100,fcc,4.0,32,902.35429496,4.83165260,,9.66330521,9.66330521,9.66330521,yes,CLEANED:0,FCC_SQS,Dy24Hf8
Dy24Ir8,OK,0,0,0,static_OUTCAR,-191.7703485500,-191.7684810100,fcc,4.0,32,777.06188784,4.59679575,,9.19359150,9.19359150,9.19359150,no,CLEANED:0,FCC_SQS,Dy24Ir8
Dy24La8,OK,0,0,0,static_OUTCAR,-147.2457250800,-147.2466649100,fcc,4.0,32,1051.38404459,5.08421372,,10.16842744,10.16842744,10.16842744,yes,CLEANED:0,FCC_SQS,Dy24La8
Dy24Mg8,OK,0,0,0,static_OUTCAR,-120.3301075000,-120.3280109600,fcc,4.0,32,948.45680950,4.91257496,,9.82514993,9.82514993,9.82514993,yes,CLEANED:0,FCC_SQS,Dy24Mg8
Dy24Nb8,OK,0,0,0,static_OUTCAR,-182.2479130500,-182.2481890200,fcc,4.0,32,854.89578515,4.74541716,,9.49083432,9.49083432,9.49083432,yes,CLEANED:0,FCC_SQS,Dy24Nb8
Dy24Os8,OK,0,0,0,static_OUTCAR,-199.5518807300,-199.5514337400,fcc,4.0,32,768.06155784,4.57897930,,9.15795861,9.15795861,9.15795861,yes,CLEANED:0,FCC_SQS,Dy24Os8
Dy24Pd8,OK,0,0,0,static_OUTCAR,-161.3093281100,-161.3099796000,fcc,4.0,32,833.46116493,4.70542072,,9.41084144,9.41084144,9.41084144,yes,CLEANED:0,FCC_SQS,Dy24Pd8
Dy24Pt8,OK,0,0,0,static_OUTCAR,-173.9906988600,-173.9897533600,fcc,4.0,32,806.51788026,4.65416030,,9.30832061,9.30832061,9.30832061,yes,CLEANED:0,FCC_SQS,Dy24Pt8
Dy24Rh8,OK,0,0,0,static_OUTCAR,-178.5921297200,-178.5905555200,fcc,4.0,32,797.84672567,4.63742067,,9.27484134,9.27484134,9.27484134,no,CLEANED:0,FCC_SQS,Dy24Rh8
Dy24Ru8,OK,0,0,0,static_OUTCAR,-186.6420558100,-186.6419908500,fcc,4.0,32,784.67617349,4.61176136,,9.22352272,9.22352272,9.22352272,yes,CLEANED:0,FCC_SQS,Dy24Ru8
Dy24Sc8,OK,0,0,0,static_OUTCAR,-157.6858606700,-157.6769911200,fcc,4.0,32,948.81150774,4.91318728,,9.82637456,9.82637456,9.82637456,yes,CLEANED:0,FCC_SQS,Dy24Sc8
Dy24Si8,OK,0,0,0,static_OUTCAR,-159.9162952500,-159.9176568800,fcc,4.0,32,837.64741430,4.71328558,,9.42657117,9.42657117,9.42657117,yes,CLEANED:0,FCC_SQS,Dy24Si8
Dy24Ta8,OK,0,0,0,static_OUTCAR,-194.5007168900,-194.4991285000,fcc,4.0,32,844.30108876,4.72573235,,9.45146470,9.45146470,9.45146470,yes,CLEANED:0,FCC_SQS,Dy24Ta8
Dy24Tb8,OK,0,0,0,static_OUTCAR,-145.0523801800,-145.0614156600,fcc,4.0,32,1009.26468849,5.01539371,,10.03078741,10.03078741,10.03078741,yes,CLEANED:0,FCC_SQS,Dy24Tb8
Dy24Ti8,OK,0,0,0,static_OUTCAR,-165.4836314400,-165.4833296200,fcc,4.0,32,873.55440667,4.77969287,,9.55938573,9.55938573,9.55938573,yes,CLEANED:0,FCC_SQS,Dy24Ti8
Dy24V8,OK,0,0,0,static_OUTCAR,-170.2092310700,-170.2081331500,fcc,4.0,32,873.32075819,4.77926669,,9.55853338,9.55853338,9.55853338,no,CLEANED:0,FCC_SQS,Dy24V8
Dy24W8,OK,0,0,0,static_OUTCAR,-200.3760835600,-200.3758983500,fcc,4.0,32,801.39551290,4.64428618,,9.28857236,9.28857236,9.28857236,no,CLEANED:0,FCC_SQS,Dy24W8
Dy24Y8,OK,0,0,0,static_OUTCAR,-159.8659028100,-159.8687960100,fcc,4.0,32,1013.44479363,5.02230831,,10.04461662,10.04461662,10.04461662,yes,CLEANED:0,FCC_SQS,Dy24Y8
Dy24Zn8,OK,0,0,0,static_OUTCAR,-119.1444145500,-119.1452081800,fcc,4.0,32,878.84988504,4.78933157,,9.57866313,9.57866313,9.57866313,yes,CLEANED:0,FCC_SQS,Dy24Zn8
Dy24Zr8,OK,0,0,0,static_OUTCAR,-174.5909173900,-174.5888380100,fcc,4.0,32,915.06842958,4.85423945,,9.70847889,9.70847889,9.70847889,yes,CLEANED:0,FCC_SQS,Dy24Zr8
Dy8Er24,OK,0,0,0,static_OUTCAR,-143.5782081800,-143.5785166300,fcc,4.0,32,983.04462841,4.97157981,,9.94315962,9.94315962,9.94315962,yes,CLEANED:0,FCC_SQS,Dy8Er24
Dy8Hf24,OK,0,0,0,static_OUTCAR,-269.6807662600,-269.6858787900,fcc,4.0,32,768.13256812,4.57912041,,9.15824083,9.15824083,9.15824083,yes,CLEANED:0,FCC_SQS,Dy8Hf24
Dy8Ir24,OK,0,0,0,static_OUTCAR,-255.3715604100,-255.3709469000,fcc,4.0,32,533.52012054,4.05527464,,8.11054928,8.11054928,8.11054928,yes,CLEANED:0,FCC_SQS,Dy8Ir24
Dy8La24,OK,0,0,0,static_OUTCAR,-152.9867374900,-152.9862805700,fcc,4.0,32,1139.72800064,5.22280419,,10.44560838,10.44560838,10.44560838,yes,CLEANED:0,FCC_SQS,Dy8La24
Dy8Mg24,OK,0,0,0,static_OUTCAR,-72.5594522600,-72.5580640300,fcc,4.0,32,820.78555354,4.68144479,,9.36288957,9.36288957,9.36288957,yes,CLEANED:0,FCC_SQS,Dy8Mg24
Dy8Nb24,OK,0,0,0,static_OUTCAR,-267.5633181600,-267.5662511400,fcc,4.0,32,661.21035469,4.35595335,,8.71190669,8.71190669,8.71190669,yes,CLEANED:0,FCC_SQS,Dy8Nb24
Dy8Os24,OK,0,0,0,static_OUTCAR,-297.0802021800,-297.0799121500,fcc,4.0,32,528.53371378,4.04260122,,8.08520244,8.08520244,8.08520244,yes,CLEANED:0,FCC_SQS,Dy8Os24
Dy8Pd24,OK,0,0,0,static_OUTCAR,-180.2433821800,-180.2453205600,fcc,4.0,32,569.87031328,4.14535774,,8.29071548,8.29071548,8.29071548,yes,CLEANED:0,FCC_SQS,Dy8Pd24
Dy8Pt24,OK,0,0,0,static_OUTCAR,-203.6210587300,-203.6206574800,fcc,4.0,32,566.67947666,4.13760631,,8.27521262,8.27521262,8.27521262,yes,CLEANED:0,FCC_SQS,Dy8Pt24
Dy8Rh24,OK,0,0,0,static_OUTCAR,-219.5418513500,-219.5410180100,fcc,4.0,32,529.04425373,4.04390246,,8.08780492,8.08780492,8.08780492,yes,CLEANED:0,FCC_SQS,Dy8Rh24
Dy8Ru24,OK,0,0,0,static_OUTCAR,-253.2523421100,-253.2520705300,fcc,4.0,32,520.54899373,4.02214023,,8.04428046,8.04428046,8.04428046,yes,CLEANED:0,FCC_SQS,Dy8Ru24
Dy8Sc24,OK,0,0,0,static_OUTCAR,-184.4473547400,-184.4505959700,fcc,4.0,32,839.24415901,4.71627855,,9.43255709,9.43255709,9.43255709,yes,CLEANED:0,FCC_SQS,Dy8Sc24
Dy8Si24,OK,0,0,0,static_OUTCAR,-171.2851415000,-171.2847964200,fcc,4.0,32,586.77784293,4.18595517,,8.37191034,8.37191034,8.37191034,no,CLEANED:0,FCC_SQS,Dy8Si24
Dy8Ta24,OK,0,0,0,static_OUTCAR,-307.6386361700,-307.6384504100,fcc,4.0,32,656.71727260,4.34606433,,8.69212867,8.69212867,8.69212867,yes,CLEANED:0,FCC_SQS,Dy8Ta24
Dy8Tb24,OK,0,0,0,static_OUTCAR,-145.5328440600,-145.5435121600,fcc,4.0,32,1017.52203757,5.02903447,,10.05806894,10.05806894,10.05806894,yes,CLEANED:0,FCC_SQS,Dy8Tb24
Dy8Ti24,OK,0,0,0,static_OUTCAR,-217.0175193700,-217.0166972000,fcc,4.0,32,642.85952168,4.31527719,,8.63055439,8.63055439,8.63055439,yes,CLEANED:0,FCC_SQS,Dy8Ti24
Dy8Y24,OK,0,0,0,static_OUTCAR,-190.0059691800,-190.0036827700,fcc,4.0,32,1028.44912499,5.04697254,,10.09394508,10.09394508,10.09394508,yes,CLEANED:0,FCC_SQS,Dy8Y24
Dy8Zn24,OK,0,0,0,static_OUTCAR,-68.4235687400,-68.4223873000,fcc,4.0,32,630.66776842,4.28782333,,8.57564666,8.57564666,8.57564666,no,CLEANED:0,FCC_SQS,Dy8Zn24
Dy8Zr24,OK,0,0,0,static_OUTCAR,-237.6805914800,-237.6827939000,fcc,4.0,32,799.25600001,4.64014949,,9.28029899,9.28029899,9.28029899,yes,CLEANED:0,FCC_SQS,Dy8Zr24
Er16Er16,SKIP,,,,static_OUTCAR,-143.1518718000,-143.1538969300,fcc,4.0,32,976.07459881,4.95980202,,9.91960404,9.91960404,9.91960404,yes,SKIP_EXISTING_OUTCAR,FCC_SQS,Er16Er16
Er16Fe16,SKIP,,,,,,,fcc,4.0,32,617.28054161,4.25726679,,8.51453357,8.51453357,8.51453357,,SKIP_EXISTING_OUTCAR;LATTICE_FROM_VOLUME_CONTCAR,FCC_SQS,Er16Fe16
Er16Ge16,SKIP,,,,static_OUTCAR,-157.3336623100,-157.3331384600,fcc,4.0,32,740.30028898,4.52313251,,9.04626501,9.04626501,9.04626501,no,SKIP_EXISTING_OUTCAR,FCC_SQS,Er16Ge16
Er16Hf16,SKIP,,,,static_OUTCAR,-225.9672313900,-225.9641860300,fcc,4.0,32,850.09600001,4.73651949,,9.47303898,9.47303898,9.47303898,yes,SKIP_EXISTING_OUTCAR,FCC_SQS,Er16Hf16
Er16Ir16,SKIP,,,,static_OUTCAR,-225.3403171000,-225.3404478600,fcc,4.0,32,617.09151375,4.25683218,,8.51366436,8.51366436,8.51366436,yes,SKIP_EXISTING_OUTCAR,FCC_SQS,Er16Ir16
Er16La16,SKIP,,,,static_OUTCAR,-149.1550587100,-149.1525137900,fcc,4.0,32,1079.64985058,5.12937338,,10.25874677,10.25874677,10.25874677,yes,SKIP_EXISTING_OUTCAR,FCC_SQS,Er16La16
Er16Mg16,SKIP,,,,static_OUTCAR,-95.7059789300,-95.7031293000,fcc,4.0,32,877.56137339,4.78698982,,9.57397964,9.57397964,9.57397964,yes,SKIP_EXISTING_OUTCAR,FCC_SQS,Er16Mg16
Er16Mn16,SKIP,,,,,,,fcc,4.0,32,704.87382574,4.44979973,,8.89959947,8.89959947,8.89959947,,SKIP_EXISTING_OUTCAR;LATTICE_FROM_VOLUME_CONTCAR,FCC_SQS,Er16Mn16
Er16Mo16,SKIP,,,,static_OUTCAR,-233.8327341800,-233.8325786700,fcc,4.0,32,663.19545752,4.36030818,,8.72061635,8.72061635,8.72061635,yes,SKIP_EXISTING_OUTCAR,FCC_SQS,Er16Mo16
Er16Nb16,SKIP,,,,static_OUTCAR,-223.5197348700,-223.5186699000,fcc,4.0,32,729.55066698,4.50113277,,9.00226555,9.00226555,9.00226555,no,SKIP_EXISTING_OUTCAR,FCC_SQS,Er16Nb16
Er16Ni16,SKIP,,,,,,,fcc,4.0,32,606.52914675,4.23240511,,8.46481021,8.46481021,8.46481021,,SKIP_EXISTING_OUTCAR;LATTICE_FROM_VOLUME_CONTCAR,FCC_SQS,Er16Ni16
Er16Os16,SKIP,,,,static_OUTCAR,-246.3347749600,-246.3341820800,fcc,4.0,32,610.20038908,4.24092733,,8.48185467,8.48185467,8.48185467,no,SKIP_EXISTING_OUTCAR,FCC_SQS,Er16Os16
Er16Pb16,SKIP,,,,static_OUTCAR,-136.0944428000,-136.0958603800,fcc,4.0,32,938.58390989,4.89546976,,9.79093953,9.79093953,9.79093953,yes,SKIP_EXISTING_OUTCAR,FCC_SQS,Er16Pb16
Er16Pd16,SKIP,,,,static_OUTCAR,-177.1667994700,-177.1665377400,fcc,4.0,32,670.84699632,4.37701294,,8.75402589,8.75402589,8.75402589,no,SKIP_EXISTING_OUTCAR,FCC_SQS,Er16Pd16
Er16Pt16,SKIP,,,,static_OUTCAR,-198.5430806100,-198.5435477100,fcc,4.0,32,651.39133238,4.33428365,,8.66856730,8.66856730,8.66856730,no,SKIP_EXISTING_OUTCAR,FCC_SQS,Er16Pt16
Er16Re16,SKIP,,,,static_OUTCAR,-259.4459088000,-259.4452056200,fcc,4.0,32,625.42969360,4.27591933,,8.55183866,8.55183866,8.55183866,no,SKIP_EXISTING_OUTCAR,FCC_SQS,Er16Re16
Er16Rh16,SKIP,,,,static_OUTCAR,-202.6266374500,-202.6261308100,fcc,4.0,32,627.71948217,4.28113123,,8.56226246,8.56226246,8.56226246,no,SKIP_EXISTING_OUTCAR,FCC_SQS,Er16Rh16
Er16Ru16,SKIP,,,,static_OUTCAR,-218.7013620900,-218.7031569200,fcc,4.0,32,616.09859603,4.25454783,,8.50909567,8.50909567,8.50909567,no,SKIP_EXISTING_OUTCAR,FCC_SQS,Er16Ru16
Er16Sc16,SKIP,,,,static_OUTCAR,-170.1594796000,-170.1651300700,fcc,4.0,32,879.74662395,4.79095995,,9.58191991,9.58191991,9.58191991,yes,SKIP_EXISTING_OUTCAR,FCC_SQS,Er16Sc16
Er16Si16,SKIP,,,,static_OUTCAR,-169.6800590000,-169.6796497100,fcc,4.0,32,687.52372713,4.41298619,,8.82597237,8.82597237,8.82597237,no,SKIP_EXISTING_OUTCAR,FCC_SQS,Er16Si16
Er16Sn16,SKIP,,,,static_OUTCAR,-145.4456890400,-145.4474361300,fcc,4.0,32,868.78921022,4.77098602,,9.54197204,9.54197204,9.54197204,yes,SKIP_EXISTING_OUTCAR,FCC_SQS,Er16Sn16
Er16Ta16,SKIP,,,,static_OUTCAR,-249.1375135900,-249.1366375500,fcc,4.0,32,721.16233426,4.48381497,,8.96762995,8.96762995,8.96762995,yes,SKIP_EXISTING_OUTCAR,FCC_SQS,Er16Ta16
Er16Tb16,SKIP,,,,static_OUTCAR,-144.4655978200,-144.4692025100,fcc,4.0,32,998.74436661,4.99790640,,9.99581280,9.99581280,9.99581280,yes,SKIP_EXISTING_OUTCAR,FCC_SQS,Er16Tb16
Er16Ti16,SKIP,,,,static_OUTCAR,-189.4520385000,-189.4515249300,fcc,4.0,32,736.78492025,4.51596167,,9.03192334,9.03192334,9.03192334,yes,SKIP_EXISTING_OUTCAR,FCC_SQS,Er16Ti16
Er16V16,SKIP,,,,,,,fcc,4.0,32,688.94588789,4.41602688,,8.83205376,8.83205376,8.83205376,,SKIP_EXISTING_OUTCAR;LATTICE_FROM_VOLUME_CONTCAR,FCC_SQS,Er16V16
Er16W16,SKIP,,,,static_OUTCAR,-261.8919187200,-261.8920276200,fcc,4.0,32,660.03909758,4.35337981,,8.70675961,8.70675961,8.70675961,yes,SKIP_EXISTING_OUTCAR,FCC_SQS,Er16W16
Er16Y16,SKIP,,,,static_OUTCAR,-174.0418749100,-174.0422532400,fcc,4.0,32,1005.28742499,5.00879689,,10.01759378,10.01759378,10.01759378,yes,SKIP_EXISTING_OUTCAR,FCC_SQS,Er16Y16
Er16Zn16,SKIP,,,,static_OUTCAR,-94.4182721400,-94.4168604600,fcc,4.0,32,741.95899836,4.52650815,,9.05301630,9.05301630,9.05301630,no,SKIP_EXISTING_OUTCAR,FCC_SQS,Er16Zn16
Er16Zr16,SKIP,,,,static_OUTCAR,-205.2310231700,-205.2311438600,fcc,4.0,32,835.64123211,4.70951977,,9.41903955,9.41903955,9.41903955,yes,SKIP_EXISTING_OUTCAR,FCC_SQS,Er16Zr16
Er24Ge8,OK,0,0,0,static_OUTCAR,-155.3399035600,-155.3392414000,fcc,4.0,32,841.73823922,4.72094590,,9.44189179,9.44189179,9.44189179,no,CLEANED:0,FCC_SQS,Er24Ge8
Er24Hf8,OK,0,0,0,static_OUTCAR,-183.8293022300,-183.8307113900,fcc,4.0,32,884.26251920,4.79914358,,9.59828716,9.59828716,9.59828716,yes,CLEANED:0,FCC_SQS,Er24Hf8
Er24Ir8,OK,0,0,0,static_OUTCAR,-191.7440824300,-191.7424204800,fcc,4.0,32,758.76172008,4.56042315,,9.12084630,9.12084630,9.12084630,no,CLEANED:0,FCC_SQS,Er24Ir8
Er24La8,OK,0,0,0,static_OUTCAR,-145.9554336100,-145.9567792700,fcc,4.0,32,1028.20011395,5.04656518,,10.09313036,10.09313036,10.09313036,yes,CLEANED:0,FCC_SQS,Er24La8
Er24Mg8,OK,0,0,0,static_OUTCAR,-119.1258706200,-119.1245861400,fcc,4.0,32,926.52771034,4.87441845,,9.74883689,9.74883689,9.74883689,yes,CLEANED:0,FCC_SQS,Er24Mg8
Er24Nb8,OK,0,0,0,static_OUTCAR,-181.7141613300,-181.7152562200,fcc,4.0,32,835.47152227,4.70920093,,9.41840187,9.41840187,9.41840187,yes,CLEANED:0,FCC_SQS,Er24Nb8
Er24Pb8,OK,0,0,0,static_OUTCAR,-141.7397860200,-141.7402748300,fcc,4.0,32,940.67885656,4.89910934,,9.79821867,9.79821867,9.79821867,yes,CLEANED:0,FCC_SQS,Er24Pb8
Er24Pd8,OK,0,0,0,static_OUTCAR,-160.7368569700,-160.7374008600,fcc,4.0,32,812.50080413,4.66564049,,9.33128097,9.33128097,9.33128097,no,CLEANED:0,FCC_SQS,Er24Pd8
Er24Pt8,OK,0,0,0,static_OUTCAR,-175.0147791500,-175.0160601900,fcc,4.0,32,867.26400000,4.76819247,,9.53638494,9.53638494,9.53638494,no,CLEANED:0,FCC_SQS,Er24Pt8
Er24Sc8,OK,0,0,0,static_OUTCAR,-156.5137437900,-156.5124047900,fcc,4.0,32,927.06389349,4.87535854,,9.75071708,9.75071708,9.75071708,yes,CLEANED:0,FCC_SQS,Er24Sc8
Er24Si8,OK,0,0,0,static_OUTCAR,-159.7788837200,-159.7792664700,fcc,4.0,32,816.67335762,4.67361357,,9.34722713,9.34722713,9.34722713,no,CLEANED:0,FCC_SQS,Er24Si8
Er24Sn8,OK,0,0,0,static_OUTCAR,-147.4935449800,-147.4951224600,fcc,4.0,32,906.06415737,4.83826503,,9.67653006,9.67653006,9.67653006,yes,CLEANED:0,FCC_SQS,Er24Sn8
Er24Ta8,OK,0,0,0,static_OUTCAR,-194.0070192100,-194.0065052200,fcc,4.0,32,825.91963871,4.69118545,,9.38237091,9.38237091,9.38237091,yes,CLEANED:0,FCC_SQS,Er24Ta8
Er24Tb8,OK,0,0,0,static_OUTCAR,-143.8236755100,-143.8233086100,fcc,4.0,32,986.78491363,4.97787712,,9.95575423,9.95575423,9.95575423,yes,CLEANED:0,FCC_SQS,Er24Tb8
Er24Ti8,OK,0,0,0,static_OUTCAR,-164.6623470600,-164.6640632300,fcc,4.0,32,852.04290102,4.74013261,,9.48026522,9.48026522,9.48026522,yes,CLEANED:0,FCC_SQS,Er24Ti8
Er24W8,OK,0,0,0,static_OUTCAR,-200.0058366000,-200.0053736800,fcc,4.0,32,783.94961550,4.61033753,,9.22067505,9.22067505,9.22067505,no,CLEANED:0,FCC_SQS,Er24W8
Er24Y8,OK,0,0,0,static_OUTCAR,-158.5760656300,-158.5770278100,fcc,4.0,32,990.19154990,4.98359884,,9.96719768,9.96719768,9.96719768,yes,CLEANED:0,FCC_SQS,Er24Y8
Er24Zn8,OK,0,0,0,static_OUTCAR,-118.0697626700,-118.0708190900,fcc,4.0,32,856.43831127,4.74826957,,9.49653913,9.49653913,9.49653913,yes,CLEANED:0,FCC_SQS,Er24Zn8
Er24Zr8,OK,0,0,0,static_OUTCAR,-173.7969303500,-173.7982599700,fcc,4.0,32,896.35723601,4.82092506,,9.64185012,9.64185012,9.64185012,yes,CLEANED:0,FCC_SQS,Er24Zr8
Er8Ge24,OK,0,0,0,static_OUTCAR,-151.1946187100,-151.1955103500,fcc,4.0,32,665.40768400,4.36515103,,8.73030207,8.73030207,8.73030207,no,CLEANED:0,FCC_SQS,Er8Ge24
Er8Hf24,OK,0,0,0,static_OUTCAR,-269.7518790800,-269.7573560900,fcc,4.0,32,763.75059052,4.57039628,,9.14079256,9.14079256,9.14079256,yes,CLEANED:0,FCC_SQS,Er8Hf24
Er8Ir24,OK,0,0,0,static_OUTCAR,-255.6727281300,-255.6719677000,fcc,4.0,32,592.52000001,4.19956534,,8.39913067,8.39913067,8.39913067,no,CLEANED:0,FCC_SQS,Er8Ir24
Er8La24,OK,0,0,0,static_OUTCAR,-152.5738488300,-152.5722632700,fcc,4.0,32,1132.15156849,5.21120545,,10.42241089,10.42241089,10.42241089,yes,CLEANED:0,FCC_SQS,Er8La24
Er8Mg24,OK,0,0,0,static_OUTCAR,-72.0439610100,-72.0432226700,fcc,4.0,32,810.36024261,4.66153962,,9.32307924,9.32307924,9.32307924,yes,CLEANED:0,FCC_SQS,Er8Mg24
Er8Nb24,OK,0,0,0,static_OUTCAR,-267.8612236500,-267.8600261300,fcc,4.0,32,657.24198717,4.34722152,,8.69444304,8.69444304,8.69444304,yes,CLEANED:0,FCC_SQS,Er8Nb24
Er8Os24,OK,0,0,0,static_OUTCAR,-298.1426350100,-298.1431870600,fcc,4.0,32,523.42522099,4.02953457,,8.05906914,8.05906914,8.05906914,yes,CLEANED:0,FCC_SQS,Er8Os24
Er8Pb24,OK,0,0,0,static_OUTCAR,-125.9693529000,-125.9680780800,fcc,4.0,32,982.80800001,4.97118088,,9.94236175,9.94236175,9.94236175,yes,CLEANED:0,FCC_SQS,Er8Pb24
Er8Pd24,OK,0,0,0,static_OUTCAR,-180.7656296700,-180.7675272400,fcc,4.0,32,562.74093963,4.12799828,,8.25599657,8.25599657,8.25599657,yes,CLEANED:0,FCC_SQS,Er8Pd24
Er8Pt24,OK,0,0,0,static_OUTCAR,-204.4370500800,-204.4360019600,fcc,4.0,32,560.12687207,4.12159651,,8.24319302,8.24319302,8.24319302,yes,CLEANED:0,FCC_SQS,Er8Pt24
Er8Rh24,OK,0,0,0,static_OUTCAR,-220.3298079400,-220.3286530800,fcc,4.0,32,523.31393860,4.02924898,,8.05849797,8.05849797,8.05849797,yes,CLEANED:0,FCC_SQS,Er8Rh24
Er8Ru24,OK,0,0,0,static_OUTCAR,-254.0382251500,-254.0382411000,fcc,4.0,32,515.31647612,4.00861808,,8.01723615,8.01723615,8.01723615,yes,CLEANED:0,FCC_SQS,Er8Ru24
Er8Sc24,OK,0,0,0,static_OUTCAR,-184.1000134800,-184.1117110700,fcc,4.0,32,832.95530989,4.70446857,,9.40893714,9.40893714,9.40893714,yes,CLEANED:0,FCC_SQS,Er8Sc24
Er8Si24,OK,0,0,0,static_OUTCAR,-170.6932721600,-170.6934677600,fcc,4.0,32,576.98200468,4.16253048,,8.32506097,8.32506097,8.32506097,no,CLEANED:0,FCC_SQS,Er8Si24
Er8Sn24,OK,0,0,0,static_OUTCAR,-136.5707582700,-136.5696656900,fcc,4.0,32,859.35474396,4.75365323,,9.50730645,9.50730645,9.50730645,yes,CLEANED:0,FCC_SQS,Er8Sn24
Er8Ta24,OK,0,0,0,static_OUTCAR,-308.0220029000,-308.0217629600,fcc,4.0,32,652.90325202,4.33763444,,8.67526888,8.67526888,8.67526888,yes,CLEANED:0,FCC_SQS,Er8Ta24
Er8Tb24,OK,0,0,0,static_OUTCAR,-145.1260245800,-145.1320261000,fcc,4.0,32,1010.41411805,5.01729696,,10.03459391,10.03459391,10.03459391,yes,CLEANED:0,FCC_SQS,Er8Tb24
Er8Ti24,OK,0,0,0,static_OUTCAR,-217.0672821900,-217.0669297700,fcc,4.0,32,638.39553936,4.30526563,,8.61053126,8.61053126,8.61053126,yes,CLEANED:0,FCC_SQS,Er8Ti24
Er8Y24,OK,0,0,0,static_OUTCAR,-189.5452895300,-189.5444666600,fcc,4.0,32,1020.61279560,5.03412128,,10.06824255,10.06824255,10.06824255,yes,CLEANED:0,FCC_SQS,Er8Y24
Er8Zn24,OK,0,0,0,static_OUTCAR,-67.7818882000,-67.7824182500,fcc,4.0,32,620.32691071,4.26425871,,8.52851742,8.52851742,8.52851742,no,CLEANED:0,FCC_SQS,Er8Zn24
Er8Zr24,OK,0,0,0,static_OUTCAR,-237.7122346400,-237.7127003400,fcc,4.0,32,785.37186133,4.61312387,,9.22624775,9.22624775,9.22624775,yes,CLEANED:0,FCC_SQS,Er8Zr24
Fe16Fe16,SKIP,,,,static_OUTCAR,-259.6074479400,-259.6001820600,fcc,4.0,32,383.41719905,3.63240168,,7.26480336,7.26480336,7.26480336,yes,SKIP_EXISTING_OUTCAR,FCC_SQS,Fe16Fe16
Fe16Ge16,SKIP,,,,,,,fcc,4.0,32,450.27012720,3.83231368,,7.66462736,7.66462736,7.66462736,,SKIP_EXISTING_OUTCAR;LATTICE_FROM_VOLUME_CONTCAR,FCC_SQS,Fe16Ge16
Fe16Hf16,SKIP,,,,,,,fcc,4.0,32,547.77255432,4.09106859,,8.18213717,8.18213717,8.18213717,,SKIP_EXISTING_OUTCAR;LATTICE_FROM_VOLUME_CONTCAR,FCC_SQS,Fe16Hf16
Fe16Ir16,SKIP,,,,static_OUTCAR,-273.9934468000,-273.9929920500,fcc,4.0,32,426.37902331,3.76329804,,7.52659608,7.52659608,7.52659608,yes,SKIP_EXISTING_OUTCAR,FCC_SQS,Fe16Ir16
Fe16La16,SKIP,,,,,,,fcc,,,,,,,,,,SKIP_EXISTING_OUTCAR;NO_RELAX_CONTCAR,FCC_SQS,Fe16La16
Fe16Mg16,SKIP,,,,static_OUTCAR,-148.8909351500,-148.8894607600,fcc,4.0,32,492.06016489,3.94738428,,7.89476855,7.89476855,7.89476855,yes,SKIP_EXISTING_OUTCAR,FCC_SQS,Fe16Mg16
Fe16Mn16,SKIP,,,,,,,fcc,,,,,,,,,,SKIP_EXISTING_OUTCAR;NO_RELAX_CONTCAR,FCC_SQS,Fe16Mn16
Fe16Mo16,SKIP,,,,,,,fcc,4.0,32,439.75989541,3.80226059,,7.60452118,7.60452118,7.60452118,,SKIP_EXISTING_OUTCAR;LATTICE_FROM_VOLUME_CONTCAR,FCC_SQS,Fe16Mo16
Fe16Nb16,SKIP,,,,,,,fcc,4.0,32,494.05281277,3.95270555,,7.90541109,7.90541109,7.90541109,,SKIP_EXISTING_OUTCAR;LATTICE_FROM_VOLUME_CONTCAR,FCC_SQS,Fe16Nb16
Fe16Ni16,SKIP,,,,static_OUTCAR,-220.6485405300,-220.6490193400,fcc,4.0,32,360.07040677,3.55712517,,7.11425034,7.11425034,7.11425034,yes,SKIP_EXISTING_OUTCAR,FCC_SQS,Fe16Ni16
Fe16Os16,SKIP,,,,static_OUTCAR,-307.1307488700,-307.1291637000,fcc,4.0,32,417.46577521,3.73688985,,7.47377970,7.47377970,7.47377970,yes,SKIP_EXISTING_OUTCAR,FCC_SQS,Fe16Os16
Fe16Pb16,SKIP,,,,,,,fcc,4.0,32,655.11135668,4.34251886,,8.68503773,8.68503773,8.68503773,,SKIP_EXISTING_OUTCAR;LATTICE_FROM_VOLUME_CONTCAR,FCC_SQS,Fe16Pb16
Fe16Pd16,SKIP,,,,static_OUTCAR,-215.2399793500,-215.2396645800,fcc,4.0,32,445.01287054,3.81734016,,7.63468032,7.63468032,7.63468032,yes,SKIP_EXISTING_OUTCAR,FCC_SQS,Fe16Pd16
Fe16Pt16,SKIP,,,,static_OUTCAR,-234.1760135100,-234.1765621400,fcc,4.0,32,450.36823184,3.83259199,,7.66518397,7.66518397,7.66518397,yes,SKIP_EXISTING_OUTCAR,FCC_SQS,Fe16Pt16
Fe16Re16,SKIP,,,,static_OUTCAR,-326.7591119900,-326.7595818300,fcc,4.0,32,426.80812917,3.76456007,,7.52912015,7.52912015,7.52912015,yes,SKIP_EXISTING_OUTCAR,FCC_SQS,Fe16Re16
Fe16Rh16,SKIP,,,,static_OUTCAR,-247.1354883100,-247.1350428900,fcc,4.0,32,421.23037549,3.74808903,,7.49617806,7.49617806,7.49617806,yes,SKIP_EXISTING_OUTCAR,FCC_SQS,Fe16Rh16
Fe16Ru16,SKIP,,,,static_OUTCAR,-275.1099469100,-275.1085832800,fcc,4.0,32,407.48746412,3.70687626,,7.41375251,7.41375251,7.41375251,yes,SKIP_EXISTING_OUTCAR,FCC_SQS,Fe16Ru16
Fe16Sc16,SKIP,,,,,,,fcc,4.0,32,578.89599999,4.16712813,,8.33425625,8.33425625,8.33425625,,SKIP_EXISTING_OUTCAR;LATTICE_FROM_VOLUME_CONTCAR,FCC_SQS,Fe16Sc16
Fe16Si16,SKIP,,,,static_OUTCAR,-224.6381381800,-224.6384123700,fcc,4.0,32,364.51362250,3.57169686,,7.14339372,7.14339372,7.14339372,yes,SKIP_EXISTING_OUTCAR,FCC_SQS,Fe16Si16
Fe16Sn16,SKIP,,,,static_OUTCAR,-187.2238277100,-187.2237480200,fcc,4.0,32,593.80900303,4.20260846,,8.40521692,8.40521692,8.40521692,no,SKIP_EXISTING_OUTCAR,FCC_SQS,Fe16Sn16
Fe16Ta16,SKIP,,,,relax_OUTCAR,-317.0677807800,-317.0682461800,fcc,4.0,32,493.96315512,3.95246643,,7.90493285,7.90493285,7.90493285,yes,SKIP_EXISTING_OUTCAR,FCC_SQS,Fe16Ta16
Fe16Tb16,SKIP,,,,,,,fcc,4.0,32,664.46882881,4.36309707,,8.72619414,8.72619414,8.72619414,,SKIP_EXISTING_OUTCAR;LATTICE_FROM_VOLUME_CONTCAR,FCC_SQS,Fe16Tb16
Fe16Ti16,SKIP,,,,,,,fcc,4.0,32,447.03191286,3.82310460,,7.64620920,7.64620920,7.64620920,,SKIP_EXISTING_OUTCAR;LATTICE_FROM_VOLUME_CONTCAR,FCC_SQS,Fe16Ti16
Fe16V16,SKIP,,,,,,,fcc,4.0,32,389.21225112,3.65061055,,7.30122111,7.30122111,7.30122111,,SKIP_EXISTING_OUTCAR;LATTICE_FROM_VOLUME_CONTCAR,FCC_SQS,Fe16V16
Fe16W16,SKIP,,,,,,,fcc,4.0,32,450.44578552,3.83281197,,7.66562393,7.66562393,7.66562393,,SKIP_EXISTING_OUTCAR;LATTICE_FROM_VOLUME_CONTCAR,FCC_SQS,Fe16W16
Fe16Y16,SKIP,,,,,,,fcc,4.0,32,668.86667204,4.37270175,,8.74540350,8.74540350,8.74540350,,SKIP_EXISTING_OUTCAR;LATTICE_FROM_VOLUME_CONTCAR,FCC_SQS,Fe16Y16
Fe16Zn16,SKIP,,,,static_OUTCAR,-148.2834525700,-148.2826758200,fcc,4.0,32,409.61767914,3.71332449,,7.42664898,7.42664898,7.42664898,yes,SKIP_EXISTING_OUTCAR,FCC_SQS,Fe16Zn16
Fe16Zr16,SKIP,,,,,,,fcc,4.0,32,560.87505998,4.12343083,,8.24686167,8.24686167,8.24686167,,SKIP_EXISTING_OUTCAR;LATTICE_FROM_VOLUME_CONTCAR,FCC_SQS,Fe16Zr16
Fe24Ge8,OK,0,0,0,static_OUTCAR,-233.0232741900,-233.0234847300,fcc,4.0,32,396.50708556,3.67327679,,7.34655359,7.34655359,7.34655359,yes,CLEANED:0,FCC_SQS,Fe24Ge8
Fe24Ir8,OK,0,0,0,static_OUTCAR,-267.1112428500,-267.1101850900,fcc,4.0,32,396.23099006,3.67242401,,7.34484801,7.34484801,7.34484801,yes,CLEANED:0,FCC_SQS,Fe24Ir8
Fe24Mg8,OK,0,0,0,static_OUTCAR,-203.1219118100,-203.1206861800,fcc,4.0,32,421.71801999,3.74953482,,7.49906963,7.49906963,7.49906963,yes,CLEANED:0,FCC_SQS,Fe24Mg8
Fe24Ni8,OK,0,0,0,static_OUTCAR,-240.6118251300,-240.6094199000,fcc,4.0,32,367.42185050,3.58117050,,7.16234099,7.16234099,7.16234099,yes,CLEANED:0,FCC_SQS,Fe24Ni8
Fe24Os8,OK,0,0,0,static_OUTCAR,-283.5118133000,-283.5130778700,fcc,4.0,32,387.29498913,3.64460637,,7.28921275,7.28921275,7.28921275,yes,CLEANED:0,FCC_SQS,Fe24Os8
Fe24Pd8,OK,0,0,0,static_OUTCAR,-237.8099565900,-237.8097963400,fcc,4.0,32,415.49501371,3.73100024,,7.46200047,7.46200047,7.46200047,yes,CLEANED:0,FCC_SQS,Fe24Pd8
Fe24Pt8,OK,0,0,0,static_OUTCAR,-248.0222564100,-248.0212118000,fcc,4.0,32,420.02601379,3.74451350,,7.48902700,7.48902700,7.48902700,yes,CLEANED:0,FCC_SQS,Fe24Pt8
Fe24Rh8,OK,0,0,0,static_OUTCAR,-253.7642959300,-253.7648614500,fcc,4.0,32,406.55162402,3.70403633,,7.40807266,7.40807266,7.40807266,yes,CLEANED:0,FCC_SQS,Fe24Rh8
Fe24Ru8,OK,0,0,0,static_OUTCAR,-267.7958126800,-267.7957000500,fcc,4.0,32,380.88229381,3.62437895,,7.24875789,7.24875789,7.24875789,yes,CLEANED:0,FCC_SQS,Fe24Ru8
Fe24Si8,OK,0,0,0,static_OUTCAR,-246.3196520400,-246.3200736900,fcc,4.0,32,360.66626308,3.55908624,,7.11817247,7.11817247,7.11817247,yes,CLEANED:0,FCC_SQS,Fe24Si8
Fe24Ta8,OK,0,0,0,static_OUTCAR,-289.5078040100,-289.5084881600,fcc,4.0,32,425.12101679,3.75959327,,7.51918653,7.51918653,7.51918653,yes,CLEANED:0,FCC_SQS,Fe24Ta8
Fe24Ti8,OK,0,0,0,static_OUTCAR,-260.6568751800,-260.6585507700,fcc,4.0,32,404.22467939,3.69695598,,7.39391196,7.39391196,7.39391196,yes,CLEANED:0,FCC_SQS,Fe24Ti8
Fe24V8,OK,0,0,0,static_OUTCAR,-269.2664250600,-269.2647017900,fcc,4.0,32,364.91171182,3.57299662,,7.14599324,7.14599324,7.14599324,yes,CLEANED:0,FCC_SQS,Fe24V8
Fe24Zn8,OK,0,0,0,static_OUTCAR,-204.8104825300,-204.8091623800,fcc,4.0,32,390.68688602,3.65521518,,7.31043036,7.31043036,7.31043036,yes,CLEANED:0,FCC_SQS,Fe24Zn8
Fe8Hf24,OK,0,0,0,static_OUTCAR,-302.0496967500,-302.0497258600,fcc,4.0,32,635.94531198,4.29975055,,8.59950111,8.59950111,8.59950111,no,CLEANED:0,FCC_SQS,Fe8Hf24
Fe8Ir24,OK,0,0,0,static_OUTCAR,-279.4977886900,-279.4976962700,fcc,4.0,32,445.03197900,3.81739480,,7.63478960,7.63478960,7.63478960,yes,CLEANED:0,FCC_SQS,Fe8Ir24
Fe8Mg24,OK,0,0,0,static_OUTCAR,-96.1562772000,-96.1565292100,fcc,4.0,32,594.65459056,4.20460236,,8.40920472,8.40920472,8.40920472,yes,CLEANED:0,FCC_SQS,Fe8Mg24
Fe8Ni24,OK,0,0,0,static_OUTCAR,-199.3052613500,-199.3054843600,fcc,4.0,32,351.64551263,3.52916284,,7.05832568,7.05832568,7.05832568,yes,CLEANED:0,FCC_SQS,Fe8Ni24
Fe8Os24,OK,0,0,0,static_OUTCAR,-330.7032961800,-330.7043229300,fcc,4.0,32,435.58462729,3.79018887,,7.58037775,7.58037775,7.58037775,yes,CLEANED:0,FCC_SQS,Fe8Os24
Fe8Pd24,OK,0,0,0,static_OUTCAR,-193.8234425600,-193.8258906000,fcc,4.0,32,470.37669572,3.88852835,,7.77705671,7.77705671,7.77705671,yes,CLEANED:0,FCC_SQS,Fe8Pd24
Fe8Pt24,OK,0,0,0,static_OUTCAR,-217.1419830200,-217.1436413900,fcc,4.0,32,468.32603087,3.88286928,,7.76573857,7.76573857,7.76573857,yes,CLEANED:0,FCC_SQS,Fe8Pt24
Fe8Rh24,OK,0,0,0,static_OUTCAR,-240.1782759500,-240.1776243400,fcc,4.0,32,436.73549790,3.79352399,,7.58704799,7.58704799,7.58704799,yes,CLEANED:0,FCC_SQS,Fe8Rh24
Fe8Ru24,OK,0,0,0,static_OUTCAR,-283.3684650700,-283.3679049100,fcc,4.0,32,426.88323987,3.76478089,,7.52956179,7.52956179,7.52956179,yes,CLEANED:0,FCC_SQS,Fe8Ru24
Fe8Si24,OK,0,0,0,static_OUTCAR,-193.8496592400,-193.8494655400,fcc,4.0,32,392.27385659,3.66015766,,7.32031532,7.32031532,7.32031532,no,CLEANED:0,FCC_SQS,Fe8Si24
Fe8Zn24,OK,0,0,0,static_OUTCAR,-91.7101242600,-91.7110526500,fcc,4.0,32,436.98324742,3.79424118,,7.58848237,7.58848237,7.58848237,yes,CLEANED:0,FCC_SQS,Fe8Zn24
Ge16Ge16,SKIP,,,,static_OUTCAR,-134.1748496900,-134.1812727900,fcc,4.0,32,618.87145362,4.26092106,,8.52184211,8.52184211,8.52184211,yes,SKIP_EXISTING_OUTCAR,FCC_SQS,Ge16Ge16
Ge16Hf16,SKIP,,,,static_OUTCAR,-239.2690293600,-239.2685082900,fcc,4.0,32,622.94318677,4.27024524,,8.54049049,8.54049049,8.54049049,yes,SKIP_EXISTING_OUTCAR,FCC_SQS,Ge16Hf16
Ge16Ir16,SKIP,,,,,,,fcc,4.0,32,492.35656553,3.94817671,,7.89635342,7.89635342,7.89635342,,SKIP_EXISTING_OUTCAR;LATTICE_FROM_VOLUME_CONTCAR,FCC_SQS,Ge16Ir16
Ge16La16,SKIP,,,,,,,fcc,4.0,32,831.69300276,4.70209090,,9.40418179,9.40418179,9.40418179,,SKIP_EXISTING_OUTCAR;LATTICE_FROM_VOLUME_CONTCAR,FCC_SQS,Ge16La16
Ge16Mg16,SKIP,,,,static_OUTCAR,-96.5186855800,-96.5187501200,fcc,4.0,32,637.82868802,4.30399099,,8.60798199,8.60798199,8.60798199,yes,SKIP_EXISTING_OUTCAR,FCC_SQS,Ge16Mg16
Ge16Mn16,SKIP,,,,static_OUTCAR,-212.3900724000,-212.3896411300,fcc,4.0,32,471.80826988,3.89246922,,7.78493845,7.78493845,7.78493845,yes,SKIP_EXISTING_OUTCAR,FCC_SQS,Ge16Mn16
Ge16Mo16,SKIP,,,,static_OUTCAR,-242.0380309800,-242.0375547600,fcc,4.0,32,507.82410255,3.98909557,,7.97819113,7.97819113,7.97819113,yes,SKIP_EXISTING_OUTCAR,FCC_SQS,Ge16Mo16
Ge16Nb16,SKIP,,,,static_OUTCAR,-237.2703357500,-237.2701918700,fcc,4.0,32,560.19114261,4.12175415,,8.24350829,8.24350829,8.24350829,yes,SKIP_EXISTING_OUTCAR,FCC_SQS,Ge16Nb16
Ge16Ni16,SKIP,,,,,,,fcc,4.0,32,432.33903477,3.78075168,,7.56150336,7.56150336,7.56150336,,SKIP_EXISTING_OUTCAR;LATTICE_FROM_VOLUME_CONTCAR,FCC_SQS,Ge16Ni16
Ge16Os16,SKIP,,,,,,,fcc,4.0,32,482.41846887,3.92143162,,7.84286324,7.84286324,7.84286324,,SKIP_EXISTING_OUTCAR;LATTICE_FROM_VOLUME_CONTCAR,FCC_SQS,Ge16Os16
Ge16Pb16,SKIP,,,,,,,fcc,4.0,32,851.72113221,4.73953584,,9.47907168,9.47907168,9.47907168,,SKIP_EXISTING_OUTCAR;LATTICE_FROM_VOLUME_CONTCAR,FCC_SQS,Ge16Pb16
Ge16Pd16,SKIP,,,,static_OUTCAR,-163.2510751900,-163.2506116600,fcc,4.0,32,517.44059850,4.01411833,,8.02823667,8.02823667,8.02823667,no,SKIP_EXISTING_OUTCAR,FCC_SQS,Ge16Pd16
Ge16Pt16,SKIP,,,,static_OUTCAR,-175.9068541500,-175.9051099600,fcc,4.0,32,525.30654132,4.03435651,,8.06871303,8.06871303,8.06871303,no,SKIP_EXISTING_OUTCAR,FCC_SQS,Ge16Pt16
Ge16Re16,SKIP,,,,,,,fcc,4.0,32,491.17756053,3.94502273,,7.89004547,7.89004547,7.89004547,,SKIP_EXISTING_OUTCAR;LATTICE_FROM_VOLUME_CONTCAR,FCC_SQS,Ge16Re16
Ge16Rh16,SKIP,,,,,,,fcc,4.0,32,482.99031948,3.92298047,,7.84596095,7.84596095,7.84596095,,SKIP_EXISTING_OUTCAR;LATTICE_FROM_VOLUME_CONTCAR,FCC_SQS,Ge16Rh16
Ge16Ru16,SKIP,,,,static_OUTCAR,-218.2970735700,-218.2959147600,fcc,4.0,32,472.23959156,3.89365501,,7.78731002,7.78731002,7.78731002,yes,SKIP_EXISTING_OUTCAR,FCC_SQS,Ge16Ru16
Ge16Sc16,SKIP,,,,static_OUTCAR,-187.2870055500,-187.2905624100,fcc,4.0,32,636.87399167,4.30184253,,8.60368506,8.60368506,8.60368506,no,SKIP_EXISTING_OUTCAR,FCC_SQS,Ge16Sc16
Ge16Si16,SKIP,,,,static_OUTCAR,-146.2565990600,-146.2559215300,fcc,4.0,32,561.27628040,4.12441383,,8.24882765,8.24882765,8.24882765,no,SKIP_EXISTING_OUTCAR,FCC_SQS,Ge16Si16
Ge16Sn16,SKIP,,,,static_OUTCAR,-127.2935777400,-127.2941969500,fcc,4.0,32,758.70064388,4.56030079,,9.12060157,9.12060157,9.12060157,no,SKIP_EXISTING_OUTCAR,FCC_SQS,Ge16Sn16
Ge16Ta16,SKIP,,,,static_OUTCAR,-261.6333936300,-261.6341781500,fcc,4.0,32,557.97263712,4.11630587,,8.23261174,8.23261174,8.23261174,yes,SKIP_EXISTING_OUTCAR,FCC_SQS,Ge16Ta16
Ge16Tb16,SKIP,,,,static_OUTCAR,-161.2861189000,-161.2856972200,fcc,4.0,32,758.26396146,4.55942570,,9.11885140,9.11885140,9.11885140,no,SKIP_EXISTING_OUTCAR,FCC_SQS,Ge16Tb16
Ge16Ti16,SKIP,,,,static_OUTCAR,-206.3872179600,-206.3852188100,fcc,4.0,32,530.07591980,4.04652936,,8.09305873,8.09305873,8.09305873,yes,SKIP_EXISTING_OUTCAR,FCC_SQS,Ge16Ti16
Ge16V16,SKIP,,,,static_OUTCAR,-217.3013544600,-217.3009474200,fcc,4.0,32,470.01245508,3.88752439,,7.77504878,7.77504878,7.77504878,yes,SKIP_EXISTING_OUTCAR,FCC_SQS,Ge16V16
Ge16W16,SKIP,,,,static_OUTCAR,-267.5529617600,-267.5516268800,fcc,4.0,32,515.33832611,4.00867473,,8.01734946,8.01734946,8.01734946,no,SKIP_EXISTING_OUTCAR,FCC_SQS,Ge16W16
Ge16Y16,SKIP,,,,relax_OUTCAR,-191.8651926000,-191.8652375300,fcc,4.0,32,759.05121020,4.56100306,,9.12200611,9.12200611,9.12200611,no,SKIP_EXISTING_OUTCAR,FCC_SQS,Ge16Y16
Ge16Zn16,SKIP,,,,static_OUTCAR,-83.6794962500,-83.6810884500,fcc,4.0,32,566.06535364,4.13611110,,8.27222220,8.27222220,8.27222220,no,SKIP_EXISTING_OUTCAR,FCC_SQS,Ge16Zn16
Ge16Zr16,SKIP,,,,static_OUTCAR,-219.8702512900,-219.8709644300,fcc,4.0,32,635.52124095,4.29879460,,8.59758920,8.59758920,8.59758920,yes,SKIP_EXISTING_OUTCAR,FCC_SQS,Ge16Zr16
Ge24Hf8,OK,0,0,0,static_OUTCAR,-190.4377567100,-190.4375342100,fcc,4.0,32,638.37600000,4.30522171,,8.61044342,8.61044342,8.61044342,yes,CLEANED:0,FCC_SQS,Ge24Hf8
Ge24Mg8,OK,0,0,0,static_OUTCAR,-116.6278933500,-116.6276940000,fcc,4.0,32,628.54373813,4.28300425,,8.56600851,8.56600851,8.56600851,yes,CLEANED:0,FCC_SQS,Ge24Mg8
Ge24Mo8,OK,0,0,0,static_OUTCAR,-189.9062383400,-189.9055645500,fcc,4.0,32,537.62853927,4.06565737,,8.13131474,8.13131474,8.13131474,yes,CLEANED:0,FCC_SQS,Ge24Mo8
Ge24Sc8,OK,0,0,0,static_OUTCAR,-165.2252105200,-165.2264028100,fcc,4.0,32,612.07455782,4.24526476,,8.49052951,8.49052951,8.49052951,yes,CLEANED:0,FCC_SQS,Ge24Sc8
Ge24Si8,OK,0,0,0,static_OUTCAR,-139.6771167200,-139.6784089300,fcc,4.0,32,593.85530429,4.20271769,,8.40543537,8.40543537,8.40543537,no,CLEANED:0,FCC_SQS,Ge24Si8
Ge24Sn8,OK,0,0,0,static_OUTCAR,-130.5511714800,-130.5498616000,fcc,4.0,32,690.36036241,4.41904700,,8.83809399,8.83809399,8.83809399,yes,CLEANED:0,FCC_SQS,Ge24Sn8
Ge24Ta8,OK,0,0,0,static_OUTCAR,-198.8081200700,-198.8090696900,fcc,4.0,32,565.17523526,4.13394200,,8.26788400,8.26788400,8.26788400,no,CLEANED:0,FCC_SQS,Ge24Ta8
Ge24Tb8,OK,0,0,0,static_OUTCAR,-153.2900682200,-153.2892756500,fcc,4.0,32,674.82487427,4.38564726,,8.77129453,8.77129453,8.77129453,no,CLEANED:0,FCC_SQS,Ge24Tb8
Ge24Ti8,OK,0,0,0,static_OUTCAR,-173.3010189200,-173.3021646000,fcc,4.0,32,556.96629139,4.11382969,,8.22765938,8.22765938,8.22765938,yes,CLEANED:0,FCC_SQS,Ge24Ti8
Ge24Y8,OK,0,0,0,static_OUTCAR,-168.5531123800,-168.5521792000,fcc,4.0,32,674.34325520,4.38460368,,8.76920735,8.76920735,8.76920735,no,CLEANED:0,FCC_SQS,Ge24Y8
Ge24Zn8,OK,0,0,0,static_OUTCAR,-108.3626718000,-108.3622579400,fcc,4.0,32,599.76587298,4.21661473,,8.43322945,8.43322945,8.43322945,yes,CLEANED:0,FCC_SQS,Ge24Zn8
Ge24Zr8,OK,0,0,0,static_OUTCAR,-181.4638280500,-181.4629993100,fcc,4.0,32,610.25890908,4.24106290,,8.48212580,8.48212580,8.48212580,no,CLEANED:0,FCC_SQS,Ge24Zr8
Ge8Hf24,OK,0,0,0,static_OUTCAR,-280.2049482000,-280.2047791800,fcc,4.0,32,660.94540721,4.35537146,,8.71074292,8.71074292,8.71074292,yes,CLEANED:0,FCC_SQS,Ge8Hf24
Ge8Ir24,OK,0,0,0,static_OUTCAR,-246.7554241900,-246.7556803900,fcc,4.0,32,471.99359207,3.89297880,,7.78595760,7.78595760,7.78595760,yes,CLEANED:0,FCC_SQS,Ge8Ir24
Ge8Mg24,OK,0,0,0,static_OUTCAR,-73.4649183600,-73.4646101400,fcc,4.0,32,671.94122603,4.37939146,,8.75878291,8.75878291,8.75878291,yes,CLEANED:0,FCC_SQS,Ge8Mg24
Ge8Nb24,OK,0,0,0,static_OUTCAR,-280.1535416500,-280.1533449100,fcc,4.0,32,574.52019953,4.15660196,,8.31320393,8.31320393,8.31320393,yes,CLEANED:0,FCC_SQS,Ge8Nb24
Ge8Ni24,OK,0,0,0,static_OUTCAR,-171.8510991400,-171.8499163900,fcc,4.0,32,371.99178358,3.59595670,,7.19191340,7.19191340,7.19191340,yes,CLEANED:0,FCC_SQS,Ge8Ni24
Ge8Os24,OK,0,0,0,static_OUTCAR,-295.6424910400,-295.6412160500,fcc,4.0,32,484.56800001,3.92724728,,7.85449457,7.85449457,7.85449457,yes,CLEANED:0,FCC_SQS,Ge8Os24
Ge8Pd24,OK,0,0,0,static_OUTCAR,-170.8779851300,-170.8791808000,fcc,4.0,32,493.27155890,3.95062095,,7.90124191,7.90124191,7.90124191,yes,CLEANED:0,FCC_SQS,Ge8Pd24
Ge8Pt24,OK,0,0,0,static_OUTCAR,-188.5975110400,-188.5973616300,fcc,4.0,32,506.01324258,3.98434832,,7.96869664,7.96869664,7.96869664,yes,CLEANED:0,FCC_SQS,Ge8Pt24
Ge8Rh24,OK,0,0,0,static_OUTCAR,-215.4179305300,-215.4197932900,fcc,4.0,32,457.75217057,3.85342409,,7.70684819,7.70684819,7.70684819,yes,CLEANED:0,FCC_SQS,Ge8Rh24
Ge8Ru24,OK,0,0,0,static_OUTCAR,-255.5908886900,-255.5907588300,fcc,4.0,32,450.09757758,3.83182408,,7.66364817,7.66364817,7.66364817,yes,CLEANED:0,FCC_SQS,Ge8Ru24
Ge8Sc24,OK,0,0,0,static_OUTCAR,-195.2675754300,-195.2663221400,fcc,4.0,32,692.84339600,4.42433868,,8.84867737,8.84867737,8.84867737,yes,CLEANED:0,FCC_SQS,Ge8Sc24
Ge8Si24,OK,0,0,0,static_OUTCAR,-152.3782557400,-152.3762402100,fcc,4.0,32,516.15981658,4.01080365,,8.02160730,8.02160730,8.02160730,no,CLEANED:0,FCC_SQS,Ge8Si24
Ge8Sn24,OK,0,0,0,static_OUTCAR,-123.8845157400,-123.8835988000,fcc,4.0,32,821.33000355,4.68247967,,9.36495934,9.36495934,9.36495934,yes,CLEANED:0,FCC_SQS,Ge8Sn24
Ge8Ta24,OK,0,0,0,static_OUTCAR,-319.7911498100,-319.7907093900,fcc,4.0,32,572.54647082,4.15183659,,8.30367317,8.30367317,8.30367317,yes,CLEANED:0,FCC_SQS,Ge8Ta24
Ge8Tb24,OK,0,0,0,static_OUTCAR,-153.7543319300,-153.7540025800,fcc,4.0,32,873.32535810,4.77927508,,9.55855016,9.55855016,9.55855016,yes,CLEANED:0,FCC_SQS,Ge8Tb24
Ge8Ti24,OK,0,0,0,static_OUTCAR,-231.6168720300,-231.6174505000,fcc,4.0,32,530.46545528,4.04752034,,8.09504068,8.09504068,8.09504068,yes,CLEANED:0,FCC_SQS,Ge8Ti24
Ge8V24,OK,0,0,0,static_OUTCAR,-253.9713363900,-253.9712841500,fcc,4.0,32,446.78818986,3.82240968,,7.64481937,7.64481937,7.64481937,yes,CLEANED:0,FCC_SQS,Ge8V24
Ge8W24,OK,0,0,0,static_OUTCAR,-335.7288299500,-335.7272234200,fcc,4.0,32,513.66747593,4.00433768,,8.00867536,8.00867536,8.00867536,yes,CLEANED:0,FCC_SQS,Ge8W24
Ge8Zn24,OK,0,0,0,static_OUTCAR,-59.0169620200,-59.0183464500,fcc,4.0,32,528.06769070,4.04141271,,8.08282542,8.08282542,8.08282542,yes,CLEANED:0,FCC_SQS,Ge8Zn24
Ge8Zr24,OK,0,0,0,static_OUTCAR,-249.0789563500,-249.0783633400,fcc,4.0,32,679.29795760,4.39531603,,8.79063207,8.79063207,8.79063207,yes,CLEANED:0,FCC_SQS,Ge8Zr24
Hf16Hf16,SKIP,,,,static_OUTCAR,-315.2435244800,-315.2462582400,fcc,4.0,32,717.85807615,4.47695643,,8.95391286,8.95391286,8.95391286,yes,SKIP_EXISTING_OUTCAR,FCC_SQS,Hf16Hf16
Hf16Ir16,SKIP,,,,static_OUTCAR,-318.2462069200,-318.2467013900,fcc,4.0,32,559.46107137,4.11996280,,8.23992561,8.23992561,8.23992561,yes,SKIP_EXISTING_OUTCAR,FCC_SQS,Hf16Ir16
Hf16La16,SKIP,,,,,,,fcc,,,,,,,,,,SKIP_EXISTING_OUTCAR;NO_RELAX_CONTCAR,FCC_SQS,Hf16La16
Hf16Mg16,SKIP,,,,static_OUTCAR,-178.8645820700,-178.8656082400,fcc,4.0,32,702.27801233,4.44433064,,8.88866128,8.88866128,8.88866128,yes,SKIP_EXISTING_OUTCAR,FCC_SQS,Hf16Mg16
Hf16Mn16,SKIP,,,,,,,fcc,4.0,32,581.22156011,4.17270078,,8.34540156,8.34540156,8.34540156,,SKIP_EXISTING_OUTCAR;LATTICE_FROM_VOLUME_CONTCAR,FCC_SQS,Hf16Mn16
Hf16Mo16,SKIP,,,,static_OUTCAR,-326.3913408200,-326.3904145500,fcc,4.0,32,601.55859857,4.22081176,,8.44162352,8.44162352,8.44162352,yes,SKIP_EXISTING_OUTCAR,FCC_SQS,Hf16Mo16
Hf16Nb16,SKIP,,,,static_OUTCAR,-314.7755284500,-314.7760607400,fcc,4.0,32,655.84105446,4.34413058,,8.68826115,8.68826115,8.68826115,yes,SKIP_EXISTING_OUTCAR,FCC_SQS,Hf16Nb16
Hf16Ni16,SKIP,,,,,,,fcc,4.0,32,528.14400001,4.04160737,,8.08321475,8.08321475,8.08321475,,SKIP_EXISTING_OUTCAR;LATTICE_FROM_VOLUME_CONTCAR,FCC_SQS,Hf16Ni16
Hf16Os16,SKIP,,,,static_OUTCAR,-342.7289176200,-342.7291423300,fcc,4.0,32,558.63724721,4.11793955,,8.23587911,8.23587911,8.23587911,yes,SKIP_EXISTING_OUTCAR,FCC_SQS,Hf16Os16
Hf16Pb16,SKIP,,,,,,,fcc,4.0,32,831.49906589,4.70172538,,9.40345077,9.40345077,9.40345077,,SKIP_EXISTING_OUTCAR;LATTICE_FROM_VOLUME_CONTCAR,FCC_SQS,Hf16Pb16
Hf16Pd16,SKIP,,,,static_OUTCAR,-257.3124519500,-257.3123904600,fcc,4.0,32,585.31906079,4.18248341,,8.36496681,8.36496681,8.36496681,yes,SKIP_EXISTING_OUTCAR,FCC_SQS,Hf16Pd16
Hf16Pt16,SKIP,,,,static_OUTCAR,-279.7490545300,-279.7482913500,fcc,4.0,32,579.76233332,4.16920583,,8.33841166,8.33841166,8.33841166,yes,SKIP_EXISTING_OUTCAR,FCC_SQS,Hf16Pt16
Hf16Re16,SKIP,,,,,,,fcc,4.0,32,573.32631107,4.15372074,,8.30744149,8.30744149,8.30744149,,SKIP_EXISTING_OUTCAR;LATTICE_FROM_VOLUME_CONTCAR,FCC_SQS,Hf16Re16
Hf16Rh16,SKIP,,,,static_OUTCAR,-292.2486292000,-292.2474573200,fcc,4.0,32,560.53359866,4.12259388,,8.24518776,8.24518776,8.24518776,yes,SKIP_EXISTING_OUTCAR,FCC_SQS,Hf16Rh16
Hf16Ru16,SKIP,,,,static_OUTCAR,-313.3779698400,-313.3774969300,fcc,4.0,32,557.04697026,4.11402832,,8.22805663,8.22805663,8.22805663,yes,SKIP_EXISTING_OUTCAR,FCC_SQS,Hf16Ru16
Hf16Sc16,SKIP,,,,static_OUTCAR,-256.7563192400,-256.7542188800,fcc,4.0,32,737.48716687,4.51739597,,9.03479194,9.03479194,9.03479194,yes,SKIP_EXISTING_OUTCAR,FCC_SQS,Hf16Sc16
Hf16Si16,SKIP,,,,static_OUTCAR,-253.7227742500,-253.7223184700,fcc,4.0,32,579.55421536,4.16870690,,8.33741379,8.33741379,8.33741379,yes,SKIP_EXISTING_OUTCAR,FCC_SQS,Hf16Si16
Hf16Sn16,SKIP,,,,static_OUTCAR,-225.0674163500,-225.0671921800,fcc,4.0,32,731.90775780,4.50597510,,9.01195021,9.01195021,9.01195021,yes,SKIP_EXISTING_OUTCAR,FCC_SQS,Hf16Sn16
Hf16Ta16,SKIP,,,,static_OUTCAR,-341.9639386800,-341.9648755500,fcc,4.0,32,653.11216903,4.33809704,,8.67619409,8.67619409,8.67619409,yes,SKIP_EXISTING_OUTCAR,FCC_SQS,Hf16Ta16
Hf16Tb16,SKIP,,,,static_OUTCAR,-226.4721303800,-226.4710346900,fcc,4.0,32,832.57223624,4.70374727,,9.40749454,9.40749454,9.40749454,yes,SKIP_EXISTING_OUTCAR,FCC_SQS,Hf16Tb16
Hf16Ti16,SKIP,,,,static_OUTCAR,-280.4584361500,-280.4583276900,fcc,4.0,32,639.13302746,4.30692284,,8.61384568,8.61384568,8.61384568,yes,SKIP_EXISTING_OUTCAR,FCC_SQS,Hf16Ti16
Hf16V16,SKIP,,,,,,,fcc,4.0,32,586.39407343,4.18504239,,8.37008479,8.37008479,8.37008479,,SKIP_EXISTING_OUTCAR;LATTICE_FROM_VOLUME_CONTCAR,FCC_SQS,Hf16V16
Hf16W16,SKIP,,,,static_OUTCAR,-356.0704495500,-356.0698544100,fcc,4.0,32,604.35282894,4.22733687,,8.45467374,8.45467374,8.45467374,yes,SKIP_EXISTING_OUTCAR,FCC_SQS,Hf16W16
Hf16Y16,SKIP,,,,static_OUTCAR,-256.2346585300,-256.2317038300,fcc,4.0,32,837.40060945,4.71282263,,9.42564526,9.42564526,9.42564526,yes,SKIP_EXISTING_OUTCAR,FCC_SQS,Hf16Y16
Hf16Zn16,SKIP,,,,static_OUTCAR,-178.1141850800,-178.1145114700,fcc,4.0,32,607.19660603,4.23395706,,8.46791413,8.46791413,8.46791413,yes,SKIP_EXISTING_OUTCAR,FCC_SQS,Hf16Zn16
Hf16Zr16,SKIP,,,,static_OUTCAR,-293.3663860600,-293.3746334500,fcc,4.0,32,727.63956528,4.49719901,,8.99439802,8.99439802,8.99439802,yes,SKIP_EXISTING_OUTCAR,FCC_SQS,Hf16Zr16
Hf24Ir8,OK,0,0,0,static_OUTCAR,-319.6666254500,-319.6680027300,fcc,4.0,32,629.46899899,4.28510485,,8.57020970,8.57020970,8.57020970,no,CLEANED:0,FCC_SQS,Hf24Ir8
Hf24La8,OK,0,0,0,static_OUTCAR,-270.8146590900,-270.8134752900,fcc,4.0,32,788.99098046,4.62019902,,9.24039804,9.24039804,9.24039804,yes,CLEANED:0,FCC_SQS,Hf24La8
Hf24Mg8,OK,0,0,0,static_OUTCAR,-247.2167244200,-247.2165150800,fcc,4.0,32,707.83433537,4.45602084,,8.91204167,8.91204167,8.91204167,yes,CLEANED:0,FCC_SQS,Hf24Mg8
Hf24Mn8,OK,0,0,0,static_OUTCAR,-305.7472966300,-305.7465188200,fcc,4.0,32,641.89260864,4.31311260,,8.62622520,8.62622520,8.62622520,no,CLEANED:0,FCC_SQS,Hf24Mn8
Hf24Mo8,OK,0,0,0,static_OUTCAR,-320.4167829100,-320.4161103400,fcc,4.0,32,654.73368458,4.34168422,,8.68336843,8.68336843,8.68336843,yes,CLEANED:0,FCC_SQS,Hf24Mo8
Hf24Nb8,OK,0,0,0,static_OUTCAR,-314.8195544400,-314.8183348700,fcc,4.0,32,683.62151025,4.40462133,,8.80924266,8.80924266,8.80924266,no,CLEANED:0,FCC_SQS,Hf24Nb8
Hf24Ni8,OK,0,0,0,static_OUTCAR,-284.7127121500,-284.7126165000,fcc,4.0,32,623.18863233,4.27080601,,8.54161202,8.54161202,8.54161202,yes,CLEANED:0,FCC_SQS,Hf24Ni8
Hf24Os8,OK,0,0,0,static_OUTCAR,-330.9279344300,-330.9264694400,fcc,4.0,32,627.30958295,4.28019917,,8.56039834,8.56039834,8.56039834,no,CLEANED:0,FCC_SQS,Hf24Os8
Hf24Pb8,OK,0,0,0,static_OUTCAR,-265.5688542100,-265.5688550200,fcc,4.0,32,739.55530643,4.52161475,,9.04322950,9.04322950,9.04322950,yes,CLEANED:0,FCC_SQS,Hf24Pb8
Hf24Pd8,OK,0,0,0,static_OUTCAR,-287.1481498300,-287.1484781100,fcc,4.0,32,649.91260723,4.33100141,,8.66200282,8.66200282,8.66200282,yes,CLEANED:0,FCC_SQS,Hf24Pd8
Hf24Pt8,OK,0,0,0,static_OUTCAR,-300.2523032700,-300.2531427200,fcc,4.0,32,642.30708569,4.31404074,,8.62808148,8.62808148,8.62808148,yes,CLEANED:0,FCC_SQS,Hf24Pt8
Hf24Re8,OK,0,0,0,static_OUTCAR,-335.1609618800,-335.1613452700,fcc,4.0,32,636.17353913,4.30026485,,8.60052971,8.60052971,8.60052971,no,CLEANED:0,FCC_SQS,Hf24Re8
Hf24Rh8,OK,0,0,0,static_OUTCAR,-305.1462851700,-305.1461553200,fcc,4.0,32,634.47578531,4.29643608,,8.59287216,8.59287216,8.59287216,yes,CLEANED:0,FCC_SQS,Hf24Rh8
Hf24Ru8,OK,0,0,0,static_OUTCAR,-316.8488265500,-316.8485331000,fcc,4.0,32,642.72000001,4.31496498,,8.62992997,8.62992997,8.62992997,no,CLEANED:0,FCC_SQS,Hf24Ru8
Hf24Sc8,OK,0,0,0,static_OUTCAR,-285.8706330100,-285.8756985900,fcc,4.0,32,726.57533744,4.49500544,,8.99001088,8.99001088,8.99001088,yes,CLEANED:0,FCC_SQS,Hf24Sc8
Hf24Si8,OK,0,0,0,static_OUTCAR,-288.5352316400,-288.5367757300,fcc,4.0,32,642.17933636,4.31375471,,8.62750942,8.62750942,8.62750942,yes,CLEANED:0,FCC_SQS,Hf24Si8
Hf24Sn8,OK,0,0,0,static_OUTCAR,-273.6660858800,-273.6669950700,fcc,4.0,32,712.25181800,4.46527139,,8.93054279,8.93054279,8.93054279,yes,CLEANED:0,FCC_SQS,Hf24Sn8
Hf24Ta8,OK,0,0,0,static_OUTCAR,-327.8883675600,-327.8903990500,fcc,4.0,32,680.96375012,4.39890587,,8.79781174,8.79781174,8.79781174,yes,CLEANED:0,FCC_SQS,Hf24Ta8
Hf24Tb8,OK,0,0,0,static_OUTCAR,-269.6652136600,-269.6726054700,fcc,4.0,32,770.62695458,4.58407171,,9.16814342,9.16814342,9.16814342,yes,CLEANED:0,FCC_SQS,Hf24Tb8
Hf24Ti8,OK,0,0,0,static_OUTCAR,-297.6287209700,-297.6328500300,fcc,4.0,32,679.19637772,4.39509694,,8.79019387,8.79019387,8.79019387,yes,CLEANED:0,FCC_SQS,Hf24Ti8
Hf24W8,OK,0,0,0,static_OUTCAR,-334.6461871200,-334.6467791000,fcc,4.0,32,654.79059419,4.34181001,,8.68362001,8.68362001,8.68362001,no,CLEANED:0,FCC_SQS,Hf24W8
Hf24Y8,OK,0,0,0,static_OUTCAR,-284.5587408300,-284.5662787400,fcc,4.0,32,772.82203841,4.58842007,,9.17684013,9.17684013,9.17684013,yes,CLEANED:0,FCC_SQS,Hf24Y8
Hf24Zn8,OK,0,0,0,static_OUTCAR,-246.6264809900,-246.6256296200,fcc,4.0,32,662.72733218,4.35928201,,8.71856402,8.71856402,8.71856402,yes,CLEANED:0,FCC_SQS,Hf24Zn8
Hf24Zr8,OK,0,0,0,static_OUTCAR,-304.3287122400,-304.3299465600,fcc,4.0,32,722.78036094,4.48716582,,8.97433164,8.97433164,8.97433164,yes,CLEANED:0,FCC_SQS,Hf24Zr8
Hf8Ir24,OK,0,0,0,static_OUTCAR,-306.7223182600,-306.7220531400,fcc,4.0,32,505.53360463,3.98308903,,7.96617807,7.96617807,7.96617807,yes,CLEANED:0,FCC_SQS,Hf8Ir24
Hf8La24,OK,0,0,0,static_OUTCAR,-191.4079246300,-191.4082138000,fcc,4.0,32,1011.66061314,5.01935930,,10.03871860,10.03871860,10.03871860,yes,CLEANED:0,FCC_SQS,Hf8La24
Hf8Mg24,OK,0,0,0,static_OUTCAR,-112.1117325300,-112.1129314700,fcc,4.0,32,707.33790142,4.45497886,,8.90995772,8.90995772,8.90995772,yes,CLEANED:0,FCC_SQS,Hf8Mg24
Hf8Mo24,OK,0,0,0,static_OUTCAR,-333.3020296500,-333.3026753000,fcc,4.0,32,551.64000001,4.10067409,,8.20134818,8.20134818,8.20134818,yes,CLEANED:0,FCC_SQS,Hf8Mo24
Hf8Nb24,OK,0,0,0,static_OUTCAR,-315.4842186000,-315.4846601700,fcc,4.0,32,629.23176848,4.28456647,,8.56913294,8.56913294,8.56913294,no,CLEANED:0,FCC_SQS,Hf8Nb24
Hf8Ni24,OK,0,0,0,static_OUTCAR,-218.5343251900,-218.5326799500,fcc,4.0,32,427.48179660,3.76653967,,7.53307935,7.53307935,7.53307935,yes,CLEANED:0,FCC_SQS,Hf8Ni24
Hf8Os24,OK,0,0,0,static_OUTCAR,-350.1020032100,-350.1013667300,fcc,4.0,32,504.44721485,3.98023377,,7.96046755,7.96046755,7.96046755,yes,CLEANED:0,FCC_SQS,Hf8Os24
Hf8Pd24,OK,0,0,0,static_OUTCAR,-223.4539959000,-223.4525107200,fcc,4.0,32,529.15264033,4.04417860,,8.08835720,8.08835720,8.08835720,yes,CLEANED:0,FCC_SQS,Hf8Pd24
Hf8Pt24,OK,0,0,0,static_OUTCAR,-250.0066138000,-250.0052799800,fcc,4.0,32,532.23997462,4.05202859,,8.10405718,8.10405718,8.10405718,yes,CLEANED:0,FCC_SQS,Hf8Pt24
Hf8Rh24,OK,0,0,0,static_OUTCAR,-268.7328472100,-268.7321724400,fcc,4.0,32,498.70384160,3.96507046,,7.93014091,7.93014091,7.93014091,yes,CLEANED:0,FCC_SQS,Hf8Rh24
Hf8Ru24,OK,0,0,0,static_OUTCAR,-304.2244393100,-304.2239121400,fcc,4.0,32,494.36727428,3.95354399,,7.90708798,7.90708798,7.90708798,yes,CLEANED:0,FCC_SQS,Hf8Ru24
Hf8Sc24,OK,0,0,0,static_OUTCAR,-227.6198992800,-227.6138753400,fcc,4.0,32,758.25830297,4.55941436,,9.11882872,9.11882872,9.11882872,yes,CLEANED:0,FCC_SQS,Hf8Sc24
Hf8Si24,OK,0,0,0,static_OUTCAR,-211.9812691500,-211.9813682400,fcc,4.0,32,518.43110521,4.01667803,,8.03335607,8.03335607,8.03335607,no,CLEANED:0,FCC_SQS,Hf8Si24
Hf8Sn24,OK,0,0,0,static_OUTCAR,-172.1221096700,-172.1213188200,fcc,4.0,32,784.37308244,4.61116750,,9.22233500,9.22233500,9.22233500,yes,CLEANED:0,FCC_SQS,Hf8Sn24
Hf8Ta24,OK,0,0,0,static_OUTCAR,-356.7113365400,-356.7102480400,fcc,4.0,32,627.75055524,4.28120187,,8.56240373,8.56240373,8.56240373,yes,CLEANED:0,FCC_SQS,Hf8Ta24
Hf8Tb24,OK,0,0,0,static_OUTCAR,-185.1624909500,-185.1627229600,fcc,4.0,32,912.28647333,4.84931523,,9.69863046,9.69863046,9.69863046,yes,CLEANED:0,FCC_SQS,Hf8Tb24
Hf8Ti24,OK,0,0,0,static_OUTCAR,-263.8922448500,-263.8920804800,fcc,4.0,32,597.30064397,4.21082958,,8.42165916,8.42165916,8.42165916,yes,CLEANED:0,FCC_SQS,Hf8Ti24
Hf8Y24,OK,0,0,0,static_OUTCAR,-229.6908373400,-229.6924384400,fcc,4.0,32,923.60904568,4.86929474,,9.73858949,9.73858949,9.73858949,yes,CLEANED:0,FCC_SQS,Hf8Y24
Hf8Zn24,OK,0,0,0,static_OUTCAR,-107.6272264800,-107.6257332600,fcc,4.0,32,549.75702217,4.09600300,,8.19200600,8.19200600,8.19200600,yes,CLEANED:0,FCC_SQS,Hf8Zn24
Hf8Zr24,OK,0,0,0,static_OUTCAR,-282.4049363200,-282.4202917100,fcc,4.0,32,732.64472959,4.50748698,,9.01497396,9.01497396,9.01497396,yes,CLEANED:0,FCC_SQS,Hf8Zr24
Ir16Ir16,SKIP,,,,static_OUTCAR,-283.2797722400,-283.2667509200,fcc,4.0,32,464.66246939,3.87271796,,7.74543592,7.74543592,7.74543592,yes,SKIP_EXISTING_OUTCAR,FCC_SQS,Ir16Ir16
Ir16La16,SKIP,,,,,,,fcc,4.0,32,681.50880845,4.40007922,,8.80015844,8.80015844,8.80015844,,SKIP_EXISTING_OUTCAR;LATTICE_FROM_VOLUME_CONTCAR,FCC_SQS,Ir16La16
Ir16Mg16,SKIP,,,,static_OUTCAR,-171.3240570800,-171.3242089300,fcc,4.0,32,498.80222650,3.96533118,,7.93066237,7.93066237,7.93066237,yes,SKIP_EXISTING_OUTCAR,FCC_SQS,Ir16Mg16
Ir16Mn16,SKIP,,,,,,,fcc,4.0,32,434.51605188,3.78708697,,7.57417395,7.57417395,7.57417395,,SKIP_EXISTING_OUTCAR;LATTICE_FROM_VOLUME_CONTCAR,FCC_SQS,Ir16Mn16
Ir16Mo16,SKIP,,,,static_OUTCAR,-320.5856896400,-320.5858117500,fcc,4.0,32,482.74515617,3.92231660,,7.84463320,7.84463320,7.84463320,yes,SKIP_EXISTING_OUTCAR,FCC_SQS,Ir16Mo16
Ir16Nb16,SKIP,,,,static_OUTCAR,-312.6674005900,-312.6675810100,fcc,4.0,32,522.17864404,4.02633315,,8.05266629,8.05266629,8.05266629,yes,SKIP_EXISTING_OUTCAR,FCC_SQS,Ir16Nb16
Ir16Ni16,SKIP,,,,static_OUTCAR,-228.6128069600,-228.6121590800,fcc,4.0,32,412.85986177,3.72309592,,7.44619184,7.44619184,7.44619184,yes,SKIP_EXISTING_OUTCAR,FCC_SQS,Ir16Ni16
Ir16Os16,SKIP,,,,static_OUTCAR,-319.9634861800,-319.9654730300,fcc,4.0,32,461.77850252,3.86468921,,7.72937842,7.72937842,7.72937842,yes,SKIP_EXISTING_OUTCAR,FCC_SQS,Ir16Os16
Ir16Pb16,SKIP,,,,,,,fcc,4.0,32,659.89971964,4.35307335,,8.70614671,8.70614671,8.70614671,,SKIP_EXISTING_OUTCAR;LATTICE_FROM_VOLUME_CONTCAR,FCC_SQS,Ir16Pb16
Ir16Pd16,SKIP,,,,static_OUTCAR,-222.0465784300,-222.0481246200,fcc,4.0,32,472.13329998,3.89336286,,7.78672572,7.78672572,7.78672572,yes,SKIP_EXISTING_OUTCAR,FCC_SQS,Ir16Pd16
Ir16Pt16,SKIP,,,,static_OUTCAR,-237.4615110900,-237.4611920400,fcc,4.0,32,480.81519936,3.91708264,,7.83416527,7.83416527,7.83416527,yes,SKIP_EXISTING_OUTCAR,FCC_SQS,Ir16Pt16
Ir16Re16,SKIP,,,,static_OUTCAR,-343.2341659900,-343.2344766600,fcc,4.0,32,470.73835280,3.88952469,,7.77904937,7.77904937,7.77904937,yes,SKIP_EXISTING_OUTCAR,FCC_SQS,Ir16Re16
Ir16Rh16,SKIP,,,,static_OUTCAR,-258.4037896700,-258.4035112500,fcc,4.0,32,456.41217039,3.84966031,,7.69932063,7.69932063,7.69932063,yes,SKIP_EXISTING_OUTCAR,FCC_SQS,Ir16Rh16
Ir16Ru16,SKIP,,,,static_OUTCAR,-289.7816497400,-289.7842306900,fcc,4.0,32,452.77549435,3.83940838,,7.67881677,7.67881677,7.67881677,yes,SKIP_EXISTING_OUTCAR,FCC_SQS,Ir16Ru16
Ir16Sc16,SKIP,,,,static_OUTCAR,-258.7989909500,-258.7975176800,fcc,4.0,32,545.25916139,4.08480186,,8.16960371,8.16960371,8.16960371,yes,SKIP_EXISTING_OUTCAR,FCC_SQS,Ir16Sc16
Ir16Si16,SKIP,,,,static_OUTCAR,-238.0115909300,-238.0130503400,fcc,4.0,32,445.92200890,3.81993794,,7.63987587,7.63987587,7.63987587,yes,SKIP_EXISTING_OUTCAR,FCC_SQS,Ir16Si16
Ir16Sn16,SKIP,,,,,,,fcc,4.0,32,584.34694550,4.18016666,,8.36033332,8.36033332,8.36033332,,SKIP_EXISTING_OUTCAR;LATTICE_FROM_VOLUME_CONTCAR,FCC_SQS,Ir16Sn16
Ir16Ta16,SKIP,,,,static_OUTCAR,-342.5984877400,-342.6001196500,fcc,4.0,32,521.17287869,4.02374645,,8.04749290,8.04749290,8.04749290,yes,SKIP_EXISTING_OUTCAR,FCC_SQS,Ir16Ta16
Ir16Tb16,SKIP,,,,,,,fcc,4.0,32,749.39200000,4.54157358,,9.08314717,9.08314717,9.08314717,,SKIP_EXISTING_OUTCAR;LATTICE_FROM_VOLUME_CONTCAR,FCC_SQS,Ir16Tb16
Ir16Ti16,SKIP,,,,static_OUTCAR,-284.9174601700,-284.9174543900,fcc,4.0,32,487.21551876,3.93438669,,7.86877338,7.86877338,7.86877338,yes,SKIP_EXISTING_OUTCAR,FCC_SQS,Ir16Ti16
Ir16V16,SKIP,,,,relax_OUTCAR,-296.3491669800,-296.3501477500,fcc,4.0,32,449.05787836,3.82887138,,7.65774276,7.65774276,7.65774276,yes,SKIP_EXISTING_OUTCAR,FCC_SQS,Ir16V16
Ir16W16,SKIP,,,,static_OUTCAR,-352.2546517100,-352.2548334200,fcc,4.0,32,489.85633302,3.94148229,,7.88296459,7.88296459,7.88296459,yes,SKIP_EXISTING_OUTCAR,FCC_SQS,Ir16W16
Ir16Y16,SKIP,,,,,,,fcc,4.0,32,631.78374230,4.29035096,,8.58070192,8.58070192,8.58070192,,SKIP_EXISTING_OUTCAR;LATTICE_FROM_VOLUME_CONTCAR,FCC_SQS,Ir16Y16
Ir16Zn16,SKIP,,,,static_OUTCAR,-162.0175982300,-162.0179699100,fcc,4.0,32,458.04638614,3.85424950,,7.70849900,7.70849900,7.70849900,yes,SKIP_EXISTING_OUTCAR,FCC_SQS,Ir16Zn16
Ir16Zr16,SKIP,,,,static_OUTCAR,-293.7525480400,-293.7532095100,fcc,4.0,32,568.25033450,4.14142599,,8.28285197,8.28285197,8.28285197,yes,SKIP_EXISTING_OUTCAR,FCC_SQS,Ir16Zr16
Ir24La8,OK,0,0,0,static_OUTCAR,-251.3925711600,-251.3918580700,fcc,4.0,32,566.28063878,4.13663538,,8.27327076,8.27327076,8.27327076,yes,CLEANED:0,FCC_SQS,Ir24La8
Ir24Mg8,OK,0,0,0,static_OUTCAR,-228.6218294800,-228.6220827100,fcc,4.0,32,473.52337016,3.89718011,,7.79436021,7.79436021,7.79436021,yes,CLEANED:0,FCC_SQS,Ir24Mg8
Ir24Mn8,OK,0,0,0,static_OUTCAR,-288.3195224400,-288.3196644800,fcc,4.0,32,450.84913491,3.83395565,,7.66791130,7.66791130,7.66791130,yes,CLEANED:0,FCC_SQS,Ir24Mn8
Ir24Mo8,OK,0,0,0,static_OUTCAR,-305.2189934700,-305.2192386700,fcc,4.0,32,471.87365290,3.89264902,,7.78529804,7.78529804,7.78529804,yes,CLEANED:0,FCC_SQS,Ir24Mo8
Ir24Nb8,OK,0,0,0,static_OUTCAR,-303.0914075600,-303.0912104600,fcc,4.0,32,490.00567438,3.94188280,,7.88376560,7.88376560,7.88376560,yes,CLEANED:0,FCC_SQS,Ir24Nb8
Ir24Ni8,OK,0,0,0,static_OUTCAR,-255.5299668800,-255.5303670600,fcc,4.0,32,431.54400000,3.77843276,,7.55686553,7.55686553,7.55686553,yes,CLEANED:0,FCC_SQS,Ir24Ni8
Ir24Os8,OK,0,0,0,static_OUTCAR,-301.7445142800,-301.7444780100,fcc,4.0,32,462.78706679,3.86750077,,7.73500154,7.73500154,7.73500154,yes,CLEANED:0,FCC_SQS,Ir24Os8
Ir24Pd8,OK,0,0,0,static_OUTCAR,-251.8766710000,-251.8770268500,fcc,4.0,32,467.35977518,3.88019705,,7.76039410,7.76039410,7.76039410,yes,CLEANED:0,FCC_SQS,Ir24Pd8
Ir24Pt8,OK,0,0,0,static_OUTCAR,-259.9545849200,-259.9541084700,fcc,4.0,32,472.33422578,3.89391508,,7.78783017,7.78783017,7.78783017,yes,CLEANED:0,FCC_SQS,Ir24Pt8
Ir24Re8,OK,0,0,0,static_OUTCAR,-314.6146245600,-314.6140731400,fcc,4.0,32,466.73710580,3.87847307,,7.75694615,7.75694615,7.75694615,yes,CLEANED:0,FCC_SQS,Ir24Re8
Ir24Rh8,OK,0,0,0,static_OUTCAR,-271.0162394000,-271.0113732300,fcc,4.0,32,460.34883405,3.86069672,,7.72139344,7.72139344,7.72139344,yes,CLEANED:0,FCC_SQS,Ir24Rh8
Ir24Ru8,OK,0,0,0,static_OUTCAR,-286.9309357500,-286.9368368900,fcc,4.0,32,458.21252348,3.85471543,,7.70943087,7.70943087,7.70943087,yes,CLEANED:0,FCC_SQS,Ir24Ru8
Ir24Sc8,OK,0,0,0,static_OUTCAR,-275.5303552900,-275.5301798400,fcc,4.0,32,494.30646609,3.95338189,,7.90676377,7.90676377,7.90676377,yes,CLEANED:0,FCC_SQS,Ir24Sc8
Ir24Si8,OK,0,0,0,static_OUTCAR,-262.2620781300,-262.2631165800,fcc,4.0,32,453.02292753,3.84010764,,7.68021529,7.68021529,7.68021529,yes,CLEANED:0,FCC_SQS,Ir24Si8
Ir24Sn8,OK,0,0,0,static_OUTCAR,-239.2197282900,-239.2180491000,fcc,4.0,32,509.25270638,3.99283275,,7.98566551,7.98566551,7.98566551,yes,CLEANED:0,FCC_SQS,Ir24Sn8
Ir24Ta8,OK,0,0,0,static_OUTCAR,-319.0028561900,-319.0027917600,fcc,4.0,32,489.35496633,3.94013714,,7.88027427,7.88027427,7.88027427,yes,CLEANED:0,FCC_SQS,Ir24Ta8
Ir24Tb8,OK,0,0,0,static_OUTCAR,-254.6612381100,-254.6606640500,fcc,4.0,32,536.33829194,4.06240239,,8.12480478,8.12480478,8.12480478,yes,CLEANED:0,FCC_SQS,Ir24Tb8
Ir24Ti8,OK,0,0,0,static_OUTCAR,-290.5036483500,-290.5024901300,fcc,4.0,32,470.76024424,3.88958498,,7.77916996,7.77916996,7.77916996,yes,CLEANED:0,FCC_SQS,Ir24Ti8
Ir24V8,OK,0,0,0,static_OUTCAR,-294.7830446500,-294.7842567300,fcc,4.0,32,454.93792760,3.84551095,,7.69102191,7.69102191,7.69102191,yes,CLEANED:0,FCC_SQS,Ir24V8
Ir24W8,OK,0,0,0,static_OUTCAR,-321.2172344600,-321.2162824500,fcc,4.0,32,475.67024234,3.90306094,,7.80612188,7.80612188,7.80612188,yes,CLEANED:0,FCC_SQS,Ir24W8
Ir24Y8,OK,0,0,0,static_OUTCAR,-270.0962764800,-270.0961561100,fcc,4.0,32,533.57021125,4.05540155,,8.11080310,8.11080310,8.11080310,yes,CLEANED:0,FCC_SQS,Ir24Y8
Ir24Zn8,OK,0,0,0,static_OUTCAR,-222.3172167000,-222.3169321300,fcc,4.0,32,460.41033554,3.86086864,,7.72173728,7.72173728,7.72173728,yes,CLEANED:0,FCC_SQS,Ir24Zn8
Ir24Zr8,OK,0,0,0,static_OUTCAR,-293.9439627000,-293.9431704300,fcc,4.0,32,509.41011596,3.99324411,,7.98648821,7.98648821,7.98648821,yes,CLEANED:0,FCC_SQS,Ir24Zr8
Ir8Mg24,OK,0,0,0,static_OUTCAR,-111.2117990000,-111.2112100100,fcc,4.0,32,561.65529032,4.12534197,,8.25068395,8.25068395,8.25068395,yes,CLEANED:0,FCC_SQS,Ir8Mg24
Ir8Mo24,OK,0,0,0,static_OUTCAR,-330.7780276400,-330.7768948300,fcc,4.0,32,489.76799999,3.94124537,,7.88249073,7.88249073,7.88249073,yes,CLEANED:0,FCC_SQS,Ir8Mo24
Ir8Nb24,OK,0,0,0,static_OUTCAR,-316.0377681000,-316.0362187000,fcc,4.0,32,560.36852272,4.12218914,,8.24437828,8.24437828,8.24437828,yes,CLEANED:0,FCC_SQS,Ir8Nb24
Ir8Ni24,OK,0,0,0,static_OUTCAR,-201.9344930700,-201.9348494200,fcc,4.0,32,381.58311354,3.62660053,,7.25320105,7.25320105,7.25320105,yes,CLEANED:0,FCC_SQS,Ir8Ni24
Ir8Os24,OK,0,0,0,static_OUTCAR,-337.7262923400,-337.7270880100,fcc,4.0,32,461.40394966,3.86364403,,7.72728807,7.72728807,7.72728807,yes,CLEANED:0,FCC_SQS,Ir8Os24
Ir8Pd24,OK,0,0,0,static_OUTCAR,-193.5927967900,-193.5928204500,fcc,4.0,32,478.98403106,3.91210362,,7.82420724,7.82420724,7.82420724,yes,CLEANED:0,FCC_SQS,Ir8Pd24
Ir8Pt24,OK,0,0,0,static_OUTCAR,-215.6531847600,-215.6545739800,fcc,4.0,32,489.72417504,3.94112781,,7.88225561,7.88225561,7.88225561,yes,CLEANED:0,FCC_SQS,Ir8Pt24
Ir8Re24,OK,0,0,0,static_OUTCAR,-369.7254392100,-369.7253190700,fcc,4.0,32,476.04800179,3.90409389,,7.80818777,7.80818777,7.80818777,yes,CLEANED:0,FCC_SQS,Ir8Re24
Ir8Rh24,OK,0,0,0,static_OUTCAR,-245.5147307000,-245.5158113500,fcc,4.0,32,452.73407596,3.83929131,,7.67858261,7.67858261,7.67858261,yes,CLEANED:0,FCC_SQS,Ir8Rh24
Ir8Ru24,OK,0,0,0,static_OUTCAR,-291.2365715400,-291.2409232200,fcc,4.0,32,453.93600000,3.84268584,,7.68537168,7.68537168,7.68537168,yes,CLEANED:0,FCC_SQS,Ir8Ru24
Ir8Sc24,OK,0,0,0,static_OUTCAR,-232.2633949200,-232.2619644600,fcc,4.0,32,633.48256635,4.29419300,,8.58838601,8.58838601,8.58838601,no,CLEANED:0,FCC_SQS,Ir8Sc24
Ir8Si24,OK,0,0,0,static_OUTCAR,-201.5674078600,-201.5669160200,fcc,4.0,32,446.08774560,3.82041113,,7.64082227,7.64082227,7.64082227,no,CLEANED:0,FCC_SQS,Ir8Si24
Ir8Ta24,OK,0,0,0,static_OUTCAR,-359.1279681500,-359.1285015600,fcc,4.0,32,558.72358782,4.11815169,,8.23630338,8.23630338,8.23630338,yes,CLEANED:0,FCC_SQS,Ir8Ta24
Ir8Tb24,OK,0,0,0,static_OUTCAR,-191.1505539700,-191.1499785500,fcc,4.0,32,787.30862420,4.61691282,,9.23382564,9.23382564,9.23382564,no,CLEANED:0,FCC_SQS,Ir8Tb24
Ir8Ti24,OK,0,0,0,static_OUTCAR,-269.3161702600,-269.3157990900,fcc,4.0,32,513.27066615,4.00330629,,8.00661259,8.00661259,8.00661259,yes,CLEANED:0,FCC_SQS,Ir8Ti24
Ir8W24,OK,0,0,0,static_OUTCAR,-378.1016838500,-378.1014068600,fcc,4.0,32,507.10290187,3.98720626,,7.97441253,7.97441253,7.97441253,yes,CLEANED:0,FCC_SQS,Ir8W24
Ir8Y24,OK,0,0,0,static_OUTCAR,-236.1708562400,-236.1694593100,fcc,4.0,32,791.29981081,4.62470134,,9.24940268,9.24940268,9.24940268,no,CLEANED:0,FCC_SQS,Ir8Y24
Ir8Zn24,OK,0,0,0,static_OUTCAR,-100.8210770000,-100.8210223100,fcc,4.0,32,459.19529563,3.85746932,,7.71493865,7.71493865,7.71493865,yes,CLEANED:0,FCC_SQS,Ir8Zn24
Ir8Zr24,OK,0,0,0,static_OUTCAR,-284.2328040200,-284.2320558500,fcc,4.0,32,644.26185143,4.31841269,,8.63682537,8.63682537,8.63682537,yes,CLEANED:0,FCC_SQS,Ir8Zr24
La16La16,SKIP,,,,static_OUTCAR,-156.4039130500,-156.4172805600,fcc,4.0,32,1177.80788643,5.28033517,,10.56067034,10.56067034,10.56067034,yes,SKIP_EXISTING_OUTCAR,FCC_SQS,La16La16
La16Mg16,SKIP,,,,,,,fcc,4.0,32,986.40465924,4.97723763,,9.95447526,9.95447526,9.95447526,,SKIP_EXISTING_OUTCAR;LATTICE_FROM_VOLUME_CONTCAR,FCC_SQS,La16Mg16
La16Mn16,SKIP,,,,,,,fcc,4.0,32,798.54203265,4.63876742,,9.27753483,9.27753483,9.27753483,,SKIP_EXISTING_OUTCAR;LATTICE_FROM_VOLUME_CONTCAR,FCC_SQS,La16Mn16
La16Mo16,SKIP,,,,,,,fcc,4.0,32,715.88975996,4.47286085,,8.94572170,8.94572170,8.94572170,,SKIP_EXISTING_OUTCAR;LATTICE_FROM_VOLUME_CONTCAR,FCC_SQS,La16Mo16
La16Nb16,SKIP,,,,,,,fcc,4.0,32,895.37599999,4.81916527,,9.63833055,9.63833055,9.63833055,,SKIP_EXISTING_OUTCAR;LATTICE_FROM_VOLUME_CONTCAR,FCC_SQS,La16Nb16
La16Ni16,SKIP,,,,,,,fcc,,,,,,,,,,SKIP_EXISTING_OUTCAR;NO_RELAX_CONTCAR,FCC_SQS,La16Ni16
La16Os16,SKIP,,,,,,,fcc,4.0,32,671.06645929,4.37749019,,8.75498039,8.75498039,8.75498039,,SKIP_EXISTING_OUTCAR;LATTICE_FROM_VOLUME_CONTCAR,FCC_SQS,La16Os16
La16Pb16,SKIP,,,,,,,fcc,4.0,32,1037.69503590,5.06205179,,10.12410358,10.12410358,10.12410358,,SKIP_EXISTING_OUTCAR;LATTICE_FROM_VOLUME_CONTCAR,FCC_SQS,La16Pb16
La16Pd16,SKIP,,,,,,,fcc,4.0,32,743.88264778,4.53041667,,9.06083335,9.06083335,9.06083335,,SKIP_EXISTING_OUTCAR;LATTICE_FROM_VOLUME_CONTCAR,FCC_SQS,La16Pd16
La16Pt16,SKIP,,,,,,,fcc,4.0,32,726.31420247,4.49446687,,8.98893373,8.98893373,8.98893373,,SKIP_EXISTING_OUTCAR;LATTICE_FROM_VOLUME_CONTCAR,FCC_SQS,La16Pt16
La16Re16,SKIP,,,,,,,fcc,4.0,32,682.45054780,4.40210503,,8.80421005,8.80421005,8.80421005,,SKIP_EXISTING_OUTCAR;LATTICE_FROM_VOLUME_CONTCAR,FCC_SQS,La16Re16
La16Rh16,SKIP,,,,,,,fcc,4.0,32,689.48702729,4.41718278,,8.83436557,8.83436557,8.83436557,,SKIP_EXISTING_OUTCAR;LATTICE_FROM_VOLUME_CONTCAR,FCC_SQS,La16Rh16
La16Ru16,SKIP,,,,,,,fcc,4.0,32,672.45910505,4.38051626,,8.76103253,8.76103253,8.76103253,,SKIP_EXISTING_OUTCAR;LATTICE_FROM_VOLUME_CONTCAR,FCC_SQS,La16Ru16
La16Sc16,SKIP,,,,,,,fcc,4.0,32,969.06067507,4.94789332,,9.89578665,9.89578665,9.89578665,,SKIP_EXISTING_OUTCAR;LATTICE_FROM_VOLUME_CONTCAR,FCC_SQS,La16Sc16
La16Si16,SKIP,,,,,,,fcc,4.0,32,838.60799999,4.71508658,,9.43017315,9.43017315,9.43017315,,SKIP_EXISTING_OUTCAR;LATTICE_FROM_VOLUME_CONTCAR,FCC_SQS,La16Si16
La16Sn16,SKIP,,,,,,,fcc,4.0,32,969.17910282,4.94809487,,9.89618975,9.89618975,9.89618975,,SKIP_EXISTING_OUTCAR;LATTICE_FROM_VOLUME_CONTCAR,FCC_SQS,La16Sn16
La16Ta16,SKIP,,,,,,,fcc,4.0,32,777.17443156,4.59701766,,9.19403533,9.19403533,9.19403533,,SKIP_EXISTING_OUTCAR;LATTICE_FROM_VOLUME_CONTCAR,FCC_SQS,La16Ta16
La16Tb16,SKIP,,,,relax_OUTCAR,-150.5118003400,-150.5211882100,fcc,4.0,32,1104.13566589,5.16786092,,10.33572184,10.33572184,10.33572184,yes,SKIP_EXISTING_OUTCAR,FCC_SQS,La16Tb16
La16Ti16,SKIP,,,,,,,fcc,4.0,32,801.58996169,4.64466178,,9.28932355,9.28932355,9.28932355,,SKIP_EXISTING_OUTCAR;LATTICE_FROM_VOLUME_CONTCAR,FCC_SQS,La16Ti16
La16V16,SKIP,,,,,,,fcc,4.0,32,780.90910270,4.60436948,,9.20873895,9.20873895,9.20873895,,SKIP_EXISTING_OUTCAR;LATTICE_FROM_VOLUME_CONTCAR,FCC_SQS,La16V16
La16W16,SKIP,,,,,,,fcc,4.0,32,715.93891407,4.47296322,,8.94592644,8.94592644,8.94592644,,SKIP_EXISTING_OUTCAR;LATTICE_FROM_VOLUME_CONTCAR,FCC_SQS,La16W16
La16Y16,SKIP,,,,relax_OUTCAR,-180.3000040100,-180.3024477300,fcc,4.0,32,1110.99961177,5.17854761,,10.35709522,10.35709522,10.35709522,yes,SKIP_EXISTING_OUTCAR,FCC_SQS,La16Y16
La16Zn16,SKIP,,,,,,,fcc,4.0,32,841.85598485,4.72116602,,9.44233203,9.44233203,9.44233203,,SKIP_EXISTING_OUTCAR;LATTICE_FROM_VOLUME_CONTCAR,FCC_SQS,La16Zn16
La16Zr16,SKIP,,,,,,,fcc,4.0,32,902.40436463,4.83174197,,9.66348394,9.66348394,9.66348394,,SKIP_EXISTING_OUTCAR;LATTICE_FROM_VOLUME_CONTCAR,FCC_SQS,La16Zr16
La24Mg8,OK,0,0,0,static_OUTCAR,-129.3257021500,-129.3247341500,fcc,4.0,32,1085.25386386,5.13823289,,10.27646578,10.27646578,10.27646578,yes,CLEANED:0,FCC_SQS,La24Mg8
La24Sc8,OK,0,0,0,static_OUTCAR,-165.5925293200,-165.5896670500,fcc,4.0,32,1072.45018786,5.11794618,,10.23589235,10.23589235,10.23589235,yes,CLEANED:0,FCC_SQS,La24Sc8
La24Ta8,OK,0,0,0,static_OUTCAR,-200.7407449900,-200.7411485500,fcc,4.0,32,926.03533287,4.87355483,,9.74710967,9.74710967,9.74710967,yes,CLEANED:0,FCC_SQS,La24Ta8
La24Tb8,OK,0,0,0,static_OUTCAR,-153.2339006400,-153.2351397500,fcc,4.0,32,1143.41243172,5.22842610,,10.45685221,10.45685221,10.45685221,yes,CLEANED:0,FCC_SQS,La24Tb8
La24Y8,OK,0,0,0,static_OUTCAR,-168.2116309900,-168.2212801500,fcc,4.0,32,1148.59899471,5.23631963,,10.47263926,10.47263926,10.47263926,yes,CLEANED:0,FCC_SQS,La24Y8
La24Zr8,OK,0,0,0,static_OUTCAR,-181.3998119500,-181.3996870600,fcc,4.0,32,1023.07715516,5.03816980,,10.07633959,10.07633959,10.07633959,yes,CLEANED:0,FCC_SQS,La24Zr8
La8Mg24,OK,0,0,0,static_OUTCAR,-75.6649851500,-75.6649982500,fcc,4.0,32,883.55530076,4.79786382,,9.59572763,9.59572763,9.59572763,yes,CLEANED:0,FCC_SQS,La8Mg24
La8Mo24,OK,0,0,0,static_OUTCAR,-282.6053324000,-282.6068074800,fcc,4.0,32,595.28544677,4.20608869,,8.41217738,8.41217738,8.41217738,yes,CLEANED:0,FCC_SQS,La8Mo24
La8Pb24,OK,0,0,0,static_OUTCAR,-132.2732672100,-132.2735565600,fcc,4.0,32,1016.05701776,5.02661972,,10.05323945,10.05323945,10.05323945,yes,CLEANED:0,FCC_SQS,La8Pb24
La8Pd24,OK,0,0,0,static_OUTCAR,-180.3213763100,-180.3200221600,fcc,4.0,32,607.44388880,4.23453175,,8.46906350,8.46906350,8.46906350,yes,CLEANED:0,FCC_SQS,La8Pd24
La8Pt24,OK,0,0,0,static_OUTCAR,-202.7870307600,-202.7876016500,fcc,4.0,32,606.98647632,4.23346860,,8.46693720,8.46693720,8.46693720,no,CLEANED:0,FCC_SQS,La8Pt24
La8Sc24,OK,0,0,0,static_OUTCAR,-186.7868682600,-186.7881802500,fcc,4.0,32,897.58399999,4.82312338,,9.64624676,9.64624676,9.64624676,yes,CLEANED:0,FCC_SQS,La8Sc24
La8Si24,OK,0,0,0,static_OUTCAR,-174.9820931300,-174.9816110600,fcc,4.0,32,645.39758941,4.32094877,,8.64189754,8.64189754,8.64189754,no,CLEANED:0,FCC_SQS,La8Si24
La8Ta24,OK,0,0,0,static_OUTCAR,-307.0980118800,-307.0985306100,fcc,4.0,32,673.28407690,4.38230687,,8.76461374,8.76461374,8.76461374,yes,CLEANED:0,FCC_SQS,La8Ta24
La8Tb24,OK,0,0,0,static_OUTCAR,-148.0244906700,-148.0231305700,fcc,4.0,32,1063.28689412,5.10332811,,10.20665622,10.20665622,10.20665622,yes,CLEANED:0,FCC_SQS,La8Tb24
La8Ti24,OK,0,0,0,static_OUTCAR,-218.0747872300,-218.0732089700,fcc,4.0,32,659.18124863,4.35149297,,8.70298593,8.70298593,8.70298593,yes,CLEANED:0,FCC_SQS,La8Ti24
La8W24,OK,0,0,0,static_OUTCAR,-325.9044784700,-325.9036610000,fcc,4.0,32,605.40542332,4.22978968,,8.45957936,8.45957936,8.45957936,no,CLEANED:0,FCC_SQS,La8W24
La8Y24,OK,0,0,0,static_OUTCAR,-192.6276340400,-192.6269035700,fcc,4.0,32,1074.21476011,5.12075160,,10.24150320,10.24150320,10.24150320,yes,CLEANED:0,FCC_SQS,La8Y24
La8Zn24,OK,0,0,0,static_OUTCAR,-72.2748399900,-72.2764733300,fcc,4.0,32,701.18137602,4.44201610,,8.88403220,8.88403220,8.88403220,no,CLEANED:0,FCC_SQS,La8Zn24
La8Zr24,OK,0,0,0,static_OUTCAR,-238.8019571000,-238.8024241800,fcc,4.0,32,846.03200000,4.72895957,,9.45791914,9.45791914,9.45791914,yes,CLEANED:0,FCC_SQS,La8Zr24
Mg16Mg16,SKIP,,,,static_OUTCAR,-47.8329853300,-47.8380221200,fcc,4.0,32,733.08800001,4.50839585,,9.01679170,9.01679170,9.01679170,yes,SKIP_EXISTING_OUTCAR,FCC_SQS,Mg16Mg16
Mg16Mn16,SKIP,,,,,,,fcc,4.0,32,558.52392516,4.11766109,,8.23532217,8.23532217,8.23532217,,SKIP_EXISTING_OUTCAR;LATTICE_FROM_VOLUME_CONTCAR,FCC_SQS,Mg16Mn16
Mg16Mo16,SKIP,,,,,,,fcc,4.0,32,545.28304076,4.08486149,,8.16972297,8.16972297,8.16972297,,SKIP_EXISTING_OUTCAR;LATTICE_FROM_VOLUME_CONTCAR,FCC_SQS,Mg16Mo16
Mg16Nb16,SKIP,,,,static_OUTCAR,-177.6281679700,-177.6279782400,fcc,4.0,32,614.21414029,4.25020562,,8.50041124,8.50041124,8.50041124,yes,SKIP_EXISTING_OUTCAR,FCC_SQS,Mg16Nb16
Mg16Ni16,SKIP,,,,,,,fcc,4.0,32,460.02547060,3.85979255,,7.71958510,7.71958510,7.71958510,,SKIP_EXISTING_OUTCAR;LATTICE_FROM_VOLUME_CONTCAR,FCC_SQS,Mg16Ni16
Mg16Os16,SKIP,,,,,,,fcc,4.0,32,586.95999999,4.18638828,,8.37277657,8.37277657,8.37277657,,SKIP_EXISTING_OUTCAR;LATTICE_FROM_VOLUME_CONTCAR,FCC_SQS,Mg16Os16
Mg16Pb16,SKIP,,,,,,,fcc,4.0,32,876.25849116,4.78461963,,9.56923925,9.56923925,9.56923925,,SKIP_EXISTING_OUTCAR;LATTICE_FROM_VOLUME_CONTCAR,FCC_SQS,Mg16Pb16
Mg16Pd16,SKIP,,,,static_OUTCAR,-123.1783867900,-123.1776974200,fcc,4.0,32,533.86718752,4.05615380,,8.11230760,8.11230760,8.11230760,yes,SKIP_EXISTING_OUTCAR,FCC_SQS,Mg16Pd16
Mg16Pt16,SKIP,,,,static_OUTCAR,-139.7689929400,-139.7698889800,fcc,4.0,32,525.54541871,4.03496795,,8.06993590,8.06993590,8.06993590,yes,SKIP_EXISTING_OUTCAR,FCC_SQS,Mg16Pt16
Mg16Re16,SKIP,,,,,,,fcc,4.0,32,511.86781303,3.99965573,,7.99931147,7.99931147,7.99931147,,SKIP_EXISTING_OUTCAR;LATTICE_FROM_VOLUME_CONTCAR,FCC_SQS,Mg16Re16
Mg16Rh16,SKIP,,,,relax_OUTCAR,-147.2860052300,-147.2882960200,fcc,4.0,32,501.73136628,3.97307797,,7.94615595,7.94615595,7.94615595,yes,SKIP_EXISTING_OUTCAR,FCC_SQS,Mg16Rh16
Mg16Ru16,SKIP,,,,relax_OUTCAR,-166.8456597300,-166.8470834200,fcc,4.0,32,495.65419543,3.95697160,,7.91394320,7.91394320,7.91394320,yes,SKIP_EXISTING_OUTCAR,FCC_SQS,Mg16Ru16
Mg16Sc16,SKIP,,,,static_OUTCAR,-123.6238259200,-123.6240046100,fcc,4.0,32,762.18902121,4.56727927,,9.13455853,9.13455853,9.13455853,yes,SKIP_EXISTING_OUTCAR,FCC_SQS,Mg16Sc16
Mg16Si16,SKIP,,,,static_OUTCAR,-105.8381713600,-105.8392375100,fcc,4.0,32,568.82554181,4.14282289,,8.28564578,8.28564578,8.28564578,yes,SKIP_EXISTING_OUTCAR,FCC_SQS,Mg16Si16
Mg16Sn16,SKIP,,,,static_OUTCAR,-87.6932761900,-87.6927680700,fcc,4.0,32,792.91516799,4.62784615,,9.25569231,9.25569231,9.25569231,yes,SKIP_EXISTING_OUTCAR,FCC_SQS,Mg16Sn16
Mg16Ta16,SKIP,,,,static_OUTCAR,-203.6099556200,-203.6103124300,fcc,4.0,32,607.24241751,4.23406354,,8.46812708,8.46812708,8.46812708,yes,SKIP_EXISTING_OUTCAR,FCC_SQS,Mg16Ta16
Mg16Tb16,SKIP,,,,relax_OUTCAR,-96.8213931300,-96.8217967700,fcc,4.0,32,899.91640087,4.82729745,,9.65459490,9.65459490,9.65459490,yes,SKIP_EXISTING_OUTCAR,FCC_SQS,Mg16Tb16
Mg16Ti16,SKIP,,,,static_OUTCAR,-144.0898595000,-144.0889627600,fcc,4.0,32,638.89600001,4.30639035,,8.61278071,8.61278071,8.61278071,yes,SKIP_EXISTING_OUTCAR,FCC_SQS,Mg16Ti16
Mg16V16,SKIP,,,,,,,fcc,,,,,,,,,,SKIP_EXISTING_OUTCAR;NO_RELAX_CONTCAR,FCC_SQS,Mg16V16
Mg16W16,SKIP,,,,,,,fcc,4.0,32,546.50987252,4.08792270,,8.17584540,8.17584540,8.17584540,,SKIP_EXISTING_OUTCAR;LATTICE_FROM_VOLUME_CONTCAR,FCC_SQS,Mg16W16
Mg16Y16,SKIP,,,,relax_OUTCAR,-126.8998070500,-126.9007463100,fcc,4.0,32,906.24616341,4.83858897,,9.67717795,9.67717795,9.67717795,yes,SKIP_EXISTING_OUTCAR,FCC_SQS,Mg16Y16
Mg16Zn16,SKIP,,,,static_OUTCAR,-42.2160874400,-42.2162625300,fcc,4.0,32,594.71302038,4.20474007,,8.40948013,8.40948013,8.40948013,yes,SKIP_EXISTING_OUTCAR,FCC_SQS,Mg16Zn16
Mg16Zr16,SKIP,,,,static_OUTCAR,-158.7295877100,-158.7280508500,fcc,4.0,32,721.63253127,4.48478924,,8.96957848,8.96957848,8.96957848,yes,SKIP_EXISTING_OUTCAR,FCC_SQS,Mg16Zr16
Mg24Mn8,OK,0,0,0,static_OUTCAR,-102.0420283400,-102.0417992500,fcc,4.0,32,638.08632547,4.30457042,,8.60914084,8.60914084,8.60914084,yes,CLEANED:0,FCC_SQS,Mg24Mn8
Mg24Mo8,OK,0,0,0,static_OUTCAR,-115.1022035200,-115.1004445800,fcc,4.0,32,598.25852436,4.21307932,,8.42615865,8.42615865,8.42615865,yes,CLEANED:0,FCC_SQS,Mg24Mo8
Mg24Nb8,OK,0,0,0,static_OUTCAR,-111.0348119200,-111.0345143900,fcc,4.0,32,646.19867963,4.32273580,,8.64547161,8.64547161,8.64547161,yes,CLEANED:0,FCC_SQS,Mg24Nb8
Mg24Ni8,OK,0,0,0,static_OUTCAR,-79.9349502600,-79.9351929800,fcc,4.0,32,570.88423503,4.14781478,,8.29562955,8.29562955,8.29562955,yes,CLEANED:0,FCC_SQS,Mg24Ni8
Mg24Os8,OK,0,0,0,static_OUTCAR,-119.9975220700,-119.9983464700,fcc,4.0,32,557.75311267,4.11576597,,8.23153194,8.23153194,8.23153194,yes,CLEANED:0,FCC_SQS,Mg24Os8
Mg24Pb8,OK,0,0,0,static_OUTCAR,-65.3183573800,-65.3187359800,fcc,4.0,32,801.30024790,4.64410215,,9.28820429,9.28820429,9.28820429,yes,CLEANED:0,FCC_SQS,Mg24Pb8
Mg24Pd8,OK,0,0,0,static_OUTCAR,-88.1616143300,-88.1637985600,fcc,4.0,32,600.98945210,4.21948021,,8.43896042,8.43896042,8.43896042,yes,CLEANED:0,FCC_SQS,Mg24Pd8
Mg24Pt8,OK,0,0,0,static_OUTCAR,-97.6546545000,-97.6555919700,fcc,4.0,32,671.56800001,4.37858047,,8.75716094,8.75716094,8.75716094,no,CLEANED:0,FCC_SQS,Mg24Pt8
Mg24Re8,OK,0,0,0,static_OUTCAR,-126.7499608300,-126.7490429400,fcc,4.0,32,567.34052827,4.13921457,,8.27842915,8.27842915,8.27842915,yes,CLEANED:0,FCC_SQS,Mg24Re8
Mg24Rh8,OK,0,0,0,static_OUTCAR,-100.8095314500,-100.8091300900,fcc,4.0,32,574.22788234,4.15589688,,8.31179376,8.31179376,8.31179376,yes,CLEANED:0,FCC_SQS,Mg24Rh8
Mg24Ru8,OK,0,0,0,static_OUTCAR,-107.1342572000,-107.1344299800,fcc,4.0,32,566.91306225,4.13817474,,8.27634948,8.27634948,8.27634948,yes,CLEANED:0,FCC_SQS,Mg24Ru8
Mg24Sc8,OK,0,0,0,static_OUTCAR,-85.9285992600,-85.9275240200,fcc,4.0,32,746.36707590,4.53545465,,9.07090930,9.07090930,9.07090930,yes,CLEANED:0,FCC_SQS,Mg24Sc8
Mg24Si8,OK,0,0,0,static_OUTCAR,-77.1820382000,-77.1838821600,fcc,4.0,32,642.50533632,4.31448454,,8.62896908,8.62896908,8.62896908,yes,CLEANED:0,FCC_SQS,Mg24Si8
Mg24Sn8,OK,0,0,0,static_OUTCAR,-68.9634030800,-68.9636000200,fcc,4.0,32,755.38546147,4.55364893,,9.10729786,9.10729786,9.10729786,yes,CLEANED:0,FCC_SQS,Mg24Sn8
Mg24Ta8,OK,0,0,0,static_OUTCAR,-122.7441178900,-122.7444947100,fcc,4.0,32,639.85219607,4.30853765,,8.61707531,8.61707531,8.61707531,yes,CLEANED:0,FCC_SQS,Mg24Ta8
Mg24Tb8,OK,0,0,0,static_OUTCAR,-72.6183260600,-72.6191673300,fcc,4.0,32,825.37437845,4.69015288,,9.38030575,9.38030575,9.38030575,yes,CLEANED:0,FCC_SQS,Mg24Tb8
Mg24Ti8,OK,0,0,0,static_OUTCAR,-94.0461315100,-94.0475489000,fcc,4.0,32,661.91018069,4.35748959,,8.71497917,8.71497917,8.71497917,yes,CLEANED:0,FCC_SQS,Mg24Ti8
Mg24V8,OK,0,0,0,static_OUTCAR,-100.2708325000,-100.2705703300,fcc,4.0,32,641.88358294,4.31309238,,8.62618476,8.62618476,8.62618476,yes,CLEANED:0,FCC_SQS,Mg24V8
Mg24W8,OK,0,0,0,static_OUTCAR,-128.3629101000,-128.3622644500,fcc,4.0,32,593.18180508,4.20112830,,8.40225660,8.40225660,8.40225660,yes,CLEANED:0,FCC_SQS,Mg24W8
Mg24Y8,OK,0,0,0,static_OUTCAR,-87.7567905100,-87.7573911800,fcc,4.0,32,825.92749778,4.69120033,,9.38240067,9.38240067,9.38240067,yes,CLEANED:0,FCC_SQS,Mg24Y8
Mg24Zn8,OK,0,0,0,static_OUTCAR,-45.0600230800,-45.0622103500,fcc,4.0,32,660.55290714,4.35450915,,8.70901829,8.70901829,8.70901829,yes,CLEANED:0,FCC_SQS,Mg24Zn8
Mg24Zr8,OK,0,0,0,static_OUTCAR,-102.2013107800,-102.2025735100,fcc,4.0,32,719.99555398,4.48139552,,8.96279104,8.96279104,8.96279104,yes,CLEANED:0,FCC_SQS,Mg24Zr8
Mg8Mo24,OK,0,0,0,static_OUTCAR,-260.9392157400,-260.9400974400,fcc,4.0,32,521.57060233,4.02476974,,8.04953948,8.04953948,8.04953948,yes,CLEANED:0,FCC_SQS,Mg8Mo24
Mg8Nb24,OK,0,0,0,static_OUTCAR,-245.7523964800,-245.7519808200,fcc,4.0,32,603.51934222,4.22539261,,8.45078523,8.45078523,8.45078523,no,CLEANED:0,FCC_SQS,Mg8Nb24
Mg8Ni24,OK,0,0,0,static_OUTCAR,-144.4702633300,-144.4712576000,fcc,4.0,32,387.08184032,3.64393765,,7.28787529,7.28787529,7.28787529,yes,CLEANED:0,FCC_SQS,Mg8Ni24
Mg8Os24,OK,0,0,0,static_OUTCAR,-273.3017654200,-273.3018622000,fcc,4.0,32,471.90340386,3.89273083,,7.78546165,7.78546165,7.78546165,yes,CLEANED:0,FCC_SQS,Mg8Os24
Mg8Pb24,OK,0,0,0,static_OUTCAR,-97.6022973500,-97.6026865800,fcc,4.0,32,956.50847344,4.92643713,,9.85287426,9.85287426,9.85287426,no,CLEANED:0,FCC_SQS,Mg8Pb24
Mg8Pd24,OK,0,0,0,static_OUTCAR,-150.5130826200,-150.5105442800,fcc,4.0,32,501.67660503,3.97293342,,7.94586684,7.94586684,7.94586684,yes,CLEANED:0,FCC_SQS,Mg8Pd24
Mg8Pt24,OK,0,0,0,static_OUTCAR,-172.6315391300,-172.6300896400,fcc,4.0,32,503.84961685,3.97866141,,7.95732282,7.95732282,7.95732282,yes,CLEANED:0,FCC_SQS,Mg8Pt24
Mg8Re24,OK,0,0,0,static_OUTCAR,-300.1617727900,-300.1614114800,fcc,4.0,32,490.09314438,3.94211734,,7.88423467,7.88423467,7.88423467,yes,CLEANED:0,FCC_SQS,Mg8Re24
Mg8Rh24,OK,0,0,0,static_OUTCAR,-191.1429484500,-191.1431037600,fcc,4.0,32,467.08195434,3.87942804,,7.75885608,7.75885608,7.75885608,yes,CLEANED:0,FCC_SQS,Mg8Rh24
Mg8Ru24,OK,0,0,0,static_OUTCAR,-226.0414324700,-226.0405051900,fcc,4.0,32,522.53599999,4.02725142,,8.05450284,8.05450284,8.05450284,yes,CLEANED:0,FCC_SQS,Mg8Ru24
Mg8Sc24,OK,0,0,0,static_OUTCAR,-160.9476554000,-160.9497796700,fcc,4.0,32,777.11264509,4.59689584,,9.19379167,9.19379167,9.19379167,yes,CLEANED:0,FCC_SQS,Mg8Sc24
Mg8Si24,OK,0,0,0,static_OUTCAR,-133.5628556400,-133.5613217300,fcc,4.0,32,509.10796461,3.99245443,,7.98490887,7.98490887,7.98490887,no,CLEANED:0,FCC_SQS,Mg8Si24
Mg8Sn24,OK,0,0,0,static_OUTCAR,-104.5506864100,-104.5496853200,fcc,4.0,32,847.24184052,4.73121266,,9.46242532,9.46242532,9.46242532,yes,CLEANED:0,FCC_SQS,Mg8Sn24
Mg8Ta24,OK,0,0,0,static_OUTCAR,-286.3184654000,-286.3187359100,fcc,4.0,32,598.90629340,4.21459936,,8.42919871,8.42919871,8.42919871,yes,CLEANED:0,FCC_SQS,Mg8Ta24
Mg8Tb24,OK,0,0,0,static_OUTCAR,-121.0828770200,-121.0808369600,fcc,4.0,32,959.14870244,4.93096575,,9.86193149,9.86193149,9.86193149,yes,CLEANED:0,FCC_SQS,Mg8Tb24
Mg8Ti24,OK,0,0,0,static_OUTCAR,-195.3340161300,-195.3342582600,fcc,4.0,32,579.23410572,4.16793924,,8.33587849,8.33587849,8.33587849,yes,CLEANED:0,FCC_SQS,Mg8Ti24
Mg8V24,OK,0,0,0,static_OUTCAR,-217.1066929300,-217.1057728900,fcc,4.0,32,478.61772602,3.91110610,,7.82221220,7.82221220,7.82221220,yes,CLEANED:0,FCC_SQS,Mg8V24
Mg8W24,OK,0,0,0,static_OUTCAR,-306.1844338300,-306.1850751700,fcc,4.0,32,529.83804298,4.04592397,,8.09184793,8.09184793,8.09184793,yes,CLEANED:0,FCC_SQS,Mg8W24
Mg8Y24,OK,0,0,0,static_OUTCAR,-165.6959770200,-165.6956295900,fcc,4.0,32,970.86568969,4.95096347,,9.90192694,9.90192694,9.90192694,yes,CLEANED:0,FCC_SQS,Mg8Y24
Mg8Zn24,OK,0,0,0,static_OUTCAR,-38.8738130600,-38.8726906100,fcc,4.0,32,533.74289258,4.05583899,,8.11167798,8.11167798,8.11167798,yes,CLEANED:0,FCC_SQS,Mg8Zn24
Mg8Zr24,OK,0,0,0,static_OUTCAR,-214.8369465300,-214.8365821700,fcc,4.0,32,729.69304564,4.50142557,,9.00285114,9.00285114,9.00285114,yes,CLEANED:0,FCC_SQS,Mg8Zr24
Mn16Mn16,SKIP,,,,static_OUTCAR,-285.2753311800,-285.2826617500,fcc,4.0,32,343.50142380,3.50170469,,7.00340939,7.00340939,7.00340939,yes,SKIP_EXISTING_OUTCAR,FCC_SQS,Mn16Mn16
Mn16Mo16,SKIP,,,,,,,fcc,,,,,,,,,,SKIP_EXISTING_OUTCAR;NO_RELAX_CONTCAR,FCC_SQS,Mn16Mo16
Mn16Nb16,SKIP,,,,,,,fcc,,,,,,,,,,SKIP_EXISTING_OUTCAR;NO_RELAX_CONTCAR,FCC_SQS,Mn16Nb16
Mn16Ni16,SKIP,,,,,,,fcc,,,,,,,,,,SKIP_EXISTING_OUTCAR;NO_RELAX_CONTCAR,FCC_SQS,Mn16Ni16
Mn16Os16,SKIP,,,,,,,fcc,,,,,,,,,,SKIP_EXISTING_OUTCAR;NO_RELAX_CONTCAR,FCC_SQS,Mn16Os16
Mn16Pb16,SKIP,,,,,,,fcc,,,,,,,,,,SKIP_EXISTING_OUTCAR;NO_RELAX_CONTCAR,FCC_SQS,Mn16Pb16
Mn16Pd16,SKIP,,,,,,,fcc,,,,,,,,,,SKIP_EXISTING_OUTCAR;NO_RELAX_CONTCAR,FCC_SQS,Mn16Pd16
Mn16Pt16,SKIP,,,,,,,fcc,,,,,,,,,,SKIP_EXISTING_OUTCAR;NO_RELAX_CONTCAR,FCC_SQS,Mn16Pt16
Mn16Re16,SKIP,,,,,,,fcc,,,,,,,,,,SKIP_EXISTING_OUTCAR;NO_RELAX_CONTCAR,FCC_SQS,Mn16Re16
Mn16Rh16,SKIP,,,,,,,fcc,,,,,,,,,,SKIP_EXISTING_OUTCAR;NO_RELAX_CONTCAR,FCC_SQS,Mn16Rh16
Mn16Ru16,SKIP,,,,,,,fcc,,,,,,,,,,SKIP_EXISTING_OUTCAR;NO_RELAX_CONTCAR,FCC_SQS,Mn16Ru16
Mn16Sc16,SKIP,,,,,,,fcc,,,,,,,,,,SKIP_EXISTING_OUTCAR;NO_RELAX_CONTCAR,FCC_SQS,Mn16Sc16
Mn16Si16,SKIP,,,,,,,fcc,,,,,,,,,,SKIP_EXISTING_OUTCAR;NO_RELAX_CONTCAR,FCC_SQS,Mn16Si16
Mn16Sn16,SKIP,,,,,,,fcc,,,,,,,,,,SKIP_EXISTING_OUTCAR;NO_RELAX_CONTCAR,FCC_SQS,Mn16Sn16
Mn16Ta16,SKIP,,,,,,,fcc,,,,,,,,,,SKIP_EXISTING_OUTCAR;NO_RELAX_CONTCAR,FCC_SQS,Mn16Ta16
Mn16Tb16,SKIP,,,,,,,fcc,,,,,,,,,,SKIP_EXISTING_OUTCAR;NO_RELAX_CONTCAR,FCC_SQS,Mn16Tb16
Mn16Ti16,SKIP,,,,,,,fcc,,,,,,,,,,SKIP_EXISTING_OUTCAR;NO_RELAX_CONTCAR,FCC_SQS,Mn16Ti16
Mn16V16,SKIP,,,,,,,fcc,,,,,,,,,,SKIP_EXISTING_OUTCAR;NO_RELAX_CONTCAR,FCC_SQS,Mn16V16
Mn16Zn16,OK,0,0,0,static_OUTCAR,-157.1771287900,-157.1770771200,fcc,4.0,32,436.39683975,3.79254320,,7.58508640,7.58508640,7.58508640,yes,CLEANED:0,FCC_SQS,Mn16Zn16
Mn24Sn8,OK,0,0,0,static_OUTCAR,-235.6414632800,-235.6402301800,fcc,4.0,32,509.02032477,3.99222533,,7.98445065,7.98445065,7.98445065,yes,CLEANED:0,FCC_SQS,Mn24Sn8
Mn8Ni24,OK,0,0,0,static_OUTCAR,-204.1623434600,-204.1654012400,fcc,4.0,32,360.09493592,3.55720594,,7.11441188,7.11441188,7.11441188,yes,CLEANED:0,FCC_SQS,Mn8Ni24
Mn8Os24,OK,0,0,0,static_OUTCAR,-338.3481613900,-338.3477484000,fcc,4.0,32,445.08293287,3.81754048,,7.63508097,7.63508097,7.63508097,yes,CLEANED:0,FCC_SQS,Mn8Os24
Mn8Pd24,OK,0,0,0,static_OUTCAR,-202.1880770600,-202.1863928100,fcc,4.0,32,487.76586506,3.93586753,,7.87173505,7.87173505,7.87173505,yes,CLEANED:0,FCC_SQS,Mn8Pd24
Mn8Pt24,OK,0,0,0,static_OUTCAR,-224.4777051000,-224.4763968100,fcc,4.0,32,483.63488603,3.92472481,,7.84944963,7.84944963,7.84944963,yes,CLEANED:0,FCC_SQS,Mn8Pt24
Mn8Rh24,OK,0,0,0,static_OUTCAR,-248.0256430200,-248.0270169500,fcc,4.0,32,444.15922600,3.81489773,,7.62979547,7.62979547,7.62979547,yes,CLEANED:0,FCC_SQS,Mn8Rh24
Mn8Ru24,OK,0,0,0,static_OUTCAR,-290.2799030100,-290.2792059700,fcc,4.0,32,429.17294688,3.77150004,,7.54300009,7.54300009,7.54300009,yes,CLEANED:0,FCC_SQS,Mn8Ru24
Mn8Sc24,OK,0,0,0,static_OUTCAR,-216.9351848800,-216.9312574700,fcc,4.0,32,696.58960176,4.43229849,,8.86459698,8.86459698,8.86459698,yes,CLEANED:0,FCC_SQS,Mn8Sc24
Mn8Si24,OK,0,0,0,static_OUTCAR,-200.5018324500,-200.4996575700,fcc,4.0,32,403.29014886,3.69410477,,7.38820955,7.38820955,7.38820955,no,CLEANED:0,FCC_SQS,Mn8Si24
Mn8Sn24,OK,0,0,0,static_OUTCAR,-158.2696817100,-158.2692088800,fcc,4.0,32,780.90814720,4.60436760,,9.20873519,9.20873519,9.20873519,no,CLEANED:0,FCC_SQS,Mn8Sn24
Mn8Tb24,OK,0,0,0,static_OUTCAR,-174.4869745200,-174.4867914500,fcc,4.0,32,884.68737045,4.79991205,,9.59982411,9.59982411,9.59982411,yes,CLEANED:0,FCC_SQS,Mn8Tb24
Mn8Zn24,OK,0,0,0,static_OUTCAR,-97.0574222900,-97.0585653200,fcc,4.0,32,455.61371166,3.84741411,,7.69482821,7.69482821,7.69482821,yes,CLEANED:0,FCC_SQS,Mn8Zn24
Mn8Zr24,OK,0,0,0,static_OUTCAR,-271.6033584900,-271.6033373500,fcc,4.0,32,676.67751960,4.38965701,,8.77931401,8.77931401,8.77931401,yes,CLEANED:0,FCC_SQS,Mn8Zr24
Mo16Mo16,OK,0,0,0,static_OUTCAR,-336.1154778000,-336.1180022100,fcc,4.0,32,512.62187375,4.00161881,,8.00323762,8.00323762,8.00323762,yes,CLEANED:0,FCC_SQS,Mo16Mo16
Mo16Ni16,OK,0,0,0,static_OUTCAR,-260.0106959300,-260.0098055900,fcc,4.0,32,425.12000000,3.75959027,,7.51918054,7.51918054,7.51918054,yes,CLEANED:0,FCC_SQS,Mo16Ni16
Mo16Os16,OK,0,0,0,static_OUTCAR,-350.2759625000,-350.2757326500,fcc,4.0,32,483.73629590,3.92499911,,7.84999822,7.84999822,7.84999822,yes,CLEANED:0,FCC_SQS,Mo16Os16
Mo16Pd16,OK,0,0,0,static_OUTCAR,-256.9763710700,-256.9773103900,fcc,4.0,32,491.83172892,3.94677333,,7.89354667,7.89354667,7.89354667,yes,CLEANED:0,FCC_SQS,Mo16Pd16
Mo16Pt16,OK,0,0,0,static_OUTCAR,-277.9976214200,-277.9980046600,fcc,4.0,32,496.81460691,3.96005718,,7.92011435,7.92011435,7.92011435,yes,CLEANED:0,FCC_SQS,Mo16Pt16
Mo16Re16,OK,0,0,0,static_OUTCAR,-366.6661472600,-366.6700456200,fcc,4.0,32,496.07085445,3.95808006,,7.91616013,7.91616013,7.91616013,yes,CLEANED:0,FCC_SQS,Mo16Re16
Mo16Rh16,OK,0,0,0,static_OUTCAR,-292.5681286200,-292.5677157100,fcc,4.0,32,476.19181048,3.90448697,,7.80897395,7.80897395,7.80897395,yes,CLEANED:0,FCC_SQS,Mo16Rh16
Mo16Ru16,OK,0,0,0,static_OUTCAR,-318.4062237200,-318.4055770600,fcc,4.0,32,475.21688932,3.90182056,,7.80364113,7.80364113,7.80364113,yes,CLEANED:0,FCC_SQS,Mo16Ru16
Mo16Sc16,OK,0,0,0,static_OUTCAR,-266.1675930000,-266.1690434900,fcc,4.0,32,592.82007395,4.20027416,,8.40054831,8.40054831,8.40054831,yes,CLEANED:0,FCC_SQS,Mo16Sc16
Mo16Si16,OK,0,0,0,static_OUTCAR,-265.2218113800,-265.2234969800,fcc,4.0,32,465.60654010,3.87533896,,7.75067793,7.75067793,7.75067793,yes,CLEANED:0,FCC_SQS,Mo16Si16
Mo16Ta16,OK,0,0,0,static_OUTCAR,-356.8682924200,-356.8678482400,fcc,4.0,32,557.75770083,4.11577725,,8.23155451,8.23155451,8.23155451,yes,CLEANED:0,FCC_SQS,Mo16Ta16
Mo16Tb16,OK,0,0,0,static_OUTCAR,-234.2794554900,-234.2791850200,fcc,4.0,32,677.15236867,4.39068356,,8.78136712,8.78136712,8.78136712,yes,CLEANED:0,FCC_SQS,Mo16Tb16
Mo16Ti16,OK,0,0,0,static_OUTCAR,-295.4931050500,-295.4937236300,fcc,4.0,32,525.60637416,4.03512394,,8.07024788,8.07024788,8.07024788,yes,CLEANED:0,FCC_SQS,Mo16Ti16
Mo16V16,OK,0,0,0,static_OUTCAR,-312.2490093300,-312.2491826600,fcc,4.0,32,482.36907804,3.92129779,,7.84259557,7.84259557,7.84259557,yes,CLEANED:0,FCC_SQS,Mo16V16
Mo16W16,OK,0,0,0,static_OUTCAR,-367.6475754600,-367.6457262700,fcc,4.0,32,519.17637662,4.01860184,,8.03720368,8.03720368,8.03720368,yes,CLEANED:0,FCC_SQS,Mo16W16
Mo16Y16,OK,0,0,0,static_OUTCAR,-264.3094047800,-264.3080804200,fcc,4.0,32,679.09483740,4.39487790,,8.78975580,8.78975580,8.78975580,yes,CLEANED:0,FCC_SQS,Mo16Y16
Mo16Zn16,OK,0,0,0,static_OUTCAR,-186.3481532600,-186.3479284600,fcc,4.0,32,484.39297191,3.92677438,,7.85354876,7.85354876,7.85354876,yes,CLEANED:0,FCC_SQS,Mo16Zn16
Mo16Zr16,OK,0,0,0,static_OUTCAR,-303.6358880600,-303.6342336900,fcc,4.0,32,610.28573915,4.24112505,,8.48225011,8.48225011,8.48225011,yes,CLEANED:0,FCC_SQS,Mo16Zr16
Mo24Ni8,OK,0,0,0,static_OUTCAR,-300.3734246800,-300.3724857800,fcc,4.0,32,472.20411961,3.89355752,,7.78711504,7.78711504,7.78711504,yes,CLEANED:0,FCC_SQS,Mo24Ni8
Mo24Pd8,OK,0,0,0,static_OUTCAR,-298.4296998200,-298.4293936300,fcc,4.0,32,500.06198707,3.96866662,,7.93733324,7.93733324,7.93733324,yes,CLEANED:0,FCC_SQS,Mo24Pd8
Mo24Pt8,OK,0,0,0,static_OUTCAR,-310.4818393700,-310.4817991300,fcc,4.0,32,502.42587666,3.97491034,,7.94982069,7.94982069,7.94982069,yes,CLEANED:0,FCC_SQS,Mo24Pt8
Mo24Rh8,OK,0,0,0,static_OUTCAR,-316.6322473600,-316.6329906700,fcc,4.0,32,493.05786999,3.95005039,,7.90010078,7.90010078,7.90010078,yes,CLEANED:0,FCC_SQS,Mo24Rh8
Mo24Ru8,OK,0,0,0,static_OUTCAR,-328.8675571500,-328.8682135100,fcc,4.0,32,492.84039399,3.94946955,,7.89893910,7.89893910,7.89893910,yes,CLEANED:0,FCC_SQS,Mo24Ru8
Mo24Si8,OK,0,0,0,static_OUTCAR,-304.2753657900,-304.2733176500,fcc,4.0,32,486.79660490,3.93325875,,7.86651751,7.86651751,7.86651751,yes,CLEANED:0,FCC_SQS,Mo24Si8
Mo24Ta8,OK,0,0,0,static_OUTCAR,-348.8154886400,-348.8159347800,fcc,4.0,32,534.81335213,4.05854861,,8.11709721,8.11709721,8.11709721,yes,CLEANED:0,FCC_SQS,Mo24Ta8
Mo24Ti8,OK,0,0,0,static_OUTCAR,-318.1860694100,-318.1867911300,fcc,4.0,32,518.04114179,4.01567067,,8.03134133,8.03134133,8.03134133,yes,CLEANED:0,FCC_SQS,Mo24Ti8
Mo24V8,OK,0,0,0,static_OUTCAR,-326.3135942800,-326.3169293900,fcc,4.0,32,497.88849564,3.96290841,,7.92581681,7.92581681,7.92581681,yes,CLEANED:0,FCC_SQS,Mo24V8
Mo24W8,OK,0,0,0,static_OUTCAR,-351.9013231200,-351.8995140100,fcc,4.0,32,516.17074410,4.01083195,,8.02166391,8.02166391,8.02166391,yes,CLEANED:0,FCC_SQS,Mo24W8
Mo24Zn8,OK,0,0,0,static_OUTCAR,-262.5104698600,-262.5114510800,fcc,4.0,32,496.05736933,3.95804420,,7.91608840,7.91608840,7.91608840,yes,CLEANED:0,FCC_SQS,Mo24Zn8
Mo8Ni24,OK,0,0,0,static_OUTCAR,-219.0256261900,-219.0255832800,fcc,4.0,32,386.38168435,3.64173926,,7.28347852,7.28347852,7.28347852,yes,CLEANED:0,FCC_SQS,Mo8Ni24
Mo8Os24,OK,0,0,0,static_OUTCAR,-353.7113913900,-353.7112497800,fcc,4.0,32,471.68591314,3.89213271,,7.78426542,7.78426542,7.78426542,yes,CLEANED:0,FCC_SQS,Mo8Os24
Mo8Pd24,OK,0,0,0,static_OUTCAR,-214.8007040200,-214.8012769700,fcc,4.0,32,486.10541676,3.93139630,,7.86279260,7.86279260,7.86279260,yes,CLEANED:0,FCC_SQS,Mo8Pd24
Mo8Pt24,OK,0,0,0,static_OUTCAR,-241.1293691100,-241.1290815700,fcc,4.0,32,495.22370744,3.95582569,,7.91165138,7.91165138,7.91165138,yes,CLEANED:0,FCC_SQS,Mo8Pt24
Mo8Re24,OK,0,0,0,static_OUTCAR,-380.9484538100,-380.9483002200,fcc,4.0,32,489.03648030,3.93928217,,7.87856433,7.87856433,7.87856433,yes,CLEANED:0,FCC_SQS,Mo8Re24
Mo8Rh24,OK,0,0,0,static_OUTCAR,-265.3912194800,-265.3925045100,fcc,4.0,32,461.00603376,3.86253304,,7.72506608,7.72506608,7.72506608,yes,CLEANED:0,FCC_SQS,Mo8Rh24
Mo8Ru24,OK,0,0,0,static_OUTCAR,-306.2459676600,-306.2446341700,fcc,4.0,32,458.40868945,3.85526544,,7.71053087,7.71053087,7.71053087,yes,CLEANED:0,FCC_SQS,Mo8Ru24
Mo8Sc24,OK,0,0,0,static_OUTCAR,-231.8825689200,-231.8808061900,fcc,4.0,32,668.56200254,4.37203773,,8.74407546,8.74407546,8.74407546,no,CLEANED:0,FCC_SQS,Mo8Sc24
Mo8Si24,OK,0,0,0,static_OUTCAR,-216.5100332100,-216.5114404400,fcc,4.0,32,450.68241176,3.83348299,,7.66696599,7.66696599,7.66696599,yes,CLEANED:0,FCC_SQS,Mo8Si24
Mo8Tb24,OK,0,0,0,static_OUTCAR,-187.6132753600,-187.6132407300,fcc,4.0,32,823.53165881,4.68665988,,9.37331977,9.37331977,9.37331977,yes,CLEANED:0,FCC_SQS,Mo8Tb24
Mo8Ti24,OK,0,0,0,static_OUTCAR,-271.8544155800,-271.8530378600,fcc,4.0,32,536.60896225,4.06308566,,8.12617132,8.12617132,8.12617132,no,CLEANED:0,FCC_SQS,Mo8Ti24
Mo8W24,OK,0,0,0,static_OUTCAR,-383.3364026300,-383.3297051600,fcc,4.0,32,522.67213175,4.02760112,,8.05520223,8.05520223,8.05520223,yes,CLEANED:0,FCC_SQS,Mo8W24
Mo8Zn24,OK,0,0,0,static_OUTCAR,-110.3964836600,-110.3966328800,fcc,4.0,32,476.31241719,3.90481658,,7.80963316,7.80963316,7.80963316,yes,CLEANED:0,FCC_SQS,Mo8Zn24
Mo8Zr24,OK,0,0,0,static_OUTCAR,-286.6236313800,-286.6213169800,fcc,4.0,32,670.51963726,4.37630086,,8.75260173,8.75260173,8.75260173,yes,CLEANED:0,FCC_SQS,Mo8Zr24
Nb16Nb16,OK,0,0,0,static_OUTCAR,-312.7476122200,-312.7399835900,fcc,4.0,32,606.20847380,4.23165908,,8.46331816,8.46331816,8.46331816,yes,CLEANED:0,FCC_SQS,Nb16Nb16
Nb16Ni16,OK,0,0,0,static_OUTCAR,-249.9418152000,-249.9425075800,fcc,4.0,32,477.92051630,3.90920605,,7.81841210,7.81841210,7.81841210,yes,CLEANED:0,FCC_SQS,Nb16Ni16
Nb16Os16,OK,0,0,0,static_OUTCAR,-340.2414293400,-340.2424673200,fcc,4.0,32,522.36241268,4.02680542,,8.05361083,8.05361083,8.05361083,yes,CLEANED:0,FCC_SQS,Nb16Os16
Nb16Pd16,OK,0,0,0,static_OUTCAR,-251.0349233900,-251.0356110300,fcc,4.0,32,537.63013050,4.06566138,,8.13132276,8.13132276,8.13132276,yes,CLEANED:0,FCC_SQS,Nb16Pd16
Nb16Pt16,OK,0,0,0,static_OUTCAR,-272.6291717900,-272.6289031600,fcc,4.0,32,538.61332383,4.06813824,,8.13627647,8.13627647,8.13627647,yes,CLEANED:0,FCC_SQS,Nb16Pt16
Nb16Rh16,OK,0,0,0,static_OUTCAR,-285.0487039800,-285.0479451500,fcc,4.0,32,518.69302573,4.01735435,,8.03470870,8.03470870,8.03470870,yes,CLEANED:0,FCC_SQS,Nb16Rh16
Nb16Ru16,OK,0,0,0,static_OUTCAR,-309.2176519000,-309.2171876000,fcc,4.0,32,516.81977342,4.01251231,,8.02502463,8.02502463,8.02502463,yes,CLEANED:0,FCC_SQS,Nb16Ru16
Nb16Sc16,OK,0,0,0,static_OUTCAR,-255.4149275300,-255.4133494600,fcc,4.0,32,657.48443177,4.34775599,,8.69551198,8.69551198,8.69551198,yes,CLEANED:0,FCC_SQS,Nb16Sc16
Nb16Si16,OK,0,0,0,static_OUTCAR,-256.8327291900,-256.8313246400,fcc,4.0,32,520.05136359,4.02085814,,8.04171628,8.04171628,8.04171628,no,CLEANED:0,FCC_SQS,Nb16Si16
Nb16Sn16,OK,0,0,0,static_OUTCAR,-220.3111481900,-220.3121503900,fcc,4.0,32,660.47198373,4.35433132,,8.70866263,8.70866263,8.70866263,yes,CLEANED:0,FCC_SQS,Nb16Sn16
Nb16Ta16,OK,0,0,0,static_OUTCAR,-341.4960594500,-341.4907176000,fcc,4.0,32,603.64734249,4.22569131,,8.45138263,8.45138263,8.45138263,yes,CLEANED:0,FCC_SQS,Nb16Ta16
Nb16Tb16,OK,0,0,0,static_OUTCAR,-224.0169957400,-224.0151188400,fcc,4.0,32,744.07273754,4.53080254,,9.06160508,9.06160508,9.06160508,yes,CLEANED:0,FCC_SQS,Nb16Tb16
Nb16Y16,OK,0,0,0,static_OUTCAR,-254.0315333400,-254.0290135900,fcc,4.0,32,747.79179047,4.53833867,,9.07667735,9.07667735,9.07667735,yes,CLEANED:0,FCC_SQS,Nb16Y16
Nb16Zn16,OK,0,0,0,static_OUTCAR,-177.5552416100,-177.5558497100,fcc,4.0,32,541.22413068,4.07470077,,8.14940154,8.14940154,8.14940154,yes,CLEANED:0,FCC_SQS,Nb16Zn16
Nb24Pb8,OK,0,0,0,static_OUTCAR,-260.9549883700,-260.9532336200,fcc,4.0,32,641.15356681,4.31145666,,8.62291333,8.62291333,8.62291333,no,CLEANED:0,FCC_SQS,Nb24Pb8
Nb24Pd8,OK,0,0,0,static_OUTCAR,-283.9879887600,-283.9871851500,fcc,4.0,32,569.70817646,4.14496456,,8.28992912,8.28992912,8.28992912,yes,CLEANED:0,FCC_SQS,Nb24Pd8
Nb24Pt8,OK,0,0,0,static_OUTCAR,-296.4466128200,-296.4454490200,fcc,4.0,32,568.66929322,4.14244353,,8.28488706,8.28488706,8.28488706,yes,CLEANED:0,FCC_SQS,Nb24Pt8
Nb24Rh8,OK,0,0,0,static_OUTCAR,-301.6141164300,-301.6128299900,fcc,4.0,32,560.91575627,4.12353056,,8.24706112,8.24706112,8.24706112,yes,CLEANED:0,FCC_SQS,Nb24Rh8
Nb24Sc8,OK,0,0,0,static_OUTCAR,-284.7196073300,-284.7191244600,fcc,4.0,32,625.99043636,4.27719684,,8.55439368,8.55439368,8.55439368,no,CLEANED:0,FCC_SQS,Nb24Sc8
Nb24Si8,OK,0,0,0,static_OUTCAR,-290.2344580000,-290.2324452300,fcc,4.0,32,558.40048299,4.11735771,,8.23471542,8.23471542,8.23471542,yes,CLEANED:0,FCC_SQS,Nb24Si8
Nb24Sn8,OK,0,0,0,static_OUTCAR,-270.9314705800,-270.9317712800,fcc,4.0,32,620.04303417,4.26360813,,8.52721627,8.52721627,8.52721627,no,CLEANED:0,FCC_SQS,Nb24Sn8
Nb24Ta8,OK,0,0,0,static_OUTCAR,-327.1371012200,-327.1231639600,fcc,4.0,32,604.57686428,4.22785917,,8.45571833,8.45571833,8.45571833,yes,CLEANED:0,FCC_SQS,Nb24Ta8
Nb24Tb8,OK,0,0,0,static_OUTCAR,-267.3936146800,-267.3926868100,fcc,4.0,32,663.35257200,4.36065248,,8.72130495,8.72130495,8.72130495,no,CLEANED:0,FCC_SQS,Nb24Tb8
Nb24Ti8,OK,0,0,0,static_OUTCAR,-299.5319350500,-299.5324110800,fcc,4.0,32,592.59436500,4.19974102,,8.39948204,8.39948204,8.39948204,yes,CLEANED:0,FCC_SQS,Nb24Ti8
Nb24Y8,OK,0,0,0,static_OUTCAR,-282.2581081700,-282.2597191700,fcc,4.0,32,664.61821961,4.36342403,,8.72684805,8.72684805,8.72684805,yes,CLEANED:0,FCC_SQS,Nb24Y8
Nb24Zn8,OK,0,0,0,static_OUTCAR,-247.3820647600,-247.3825976100,fcc,4.0,32,569.77652370,4.14513031,,8.29026062,8.29026062,8.29026062,yes,CLEANED:0,FCC_SQS,Nb24Zn8
Nb24Zr8,OK,0,0,0,static_OUTCAR,-303.6250577200,-303.6259123100,fcc,4.0,32,632.82821247,4.29271394,,8.58542788,8.58542788,8.58542788,no,CLEANED:0,FCC_SQS,Nb24Zr8
Nb8Ni24,OK,0,0,0,static_OUTCAR,-215.3595389300,-215.3588006700,fcc,4.0,32,409.55155130,3.71312466,,7.42624931,7.42624931,7.42624931,yes,CLEANED:0,FCC_SQS,Nb8Ni24
Nb8Os24,OK,0,0,0,static_OUTCAR,-349.2665636700,-349.2655559300,fcc,4.0,32,489.91800268,3.94164769,,7.88329538,7.88329538,7.88329538,yes,CLEANED:0,FCC_SQS,Nb8Os24
Nb8Pd24,OK,0,0,0,static_OUTCAR,-215.2934291700,-215.2921063600,fcc,4.0,32,508.20237758,3.99008581,,7.98017161,7.98017161,7.98017161,yes,CLEANED:0,FCC_SQS,Nb8Pd24
Nb8Pt24,OK,0,0,0,static_OUTCAR,-242.0295787500,-242.0298290500,fcc,4.0,32,514.54805527,4.00662458,,8.01324917,8.01324917,8.01324917,yes,CLEANED:0,FCC_SQS,Nb8Pt24
Nb8Rh24,OK,0,0,0,static_OUTCAR,-263.6730415200,-263.6727796800,fcc,4.0,32,481.57668789,3.91914943,,7.83829886,7.83829886,7.83829886,yes,CLEANED:0,FCC_SQS,Nb8Rh24
Nb8Ru24,OK,0,0,0,static_OUTCAR,-302.3445353600,-302.3436133700,fcc,4.0,32,478.08823690,3.90966330,,7.81932659,7.81932659,7.81932659,yes,CLEANED:0,FCC_SQS,Nb8Ru24
Nb8Sc24,OK,0,0,0,static_OUTCAR,-226.6209927100,-226.6193788500,fcc,4.0,32,743.81600000,4.53028137,,9.06056274,9.06056274,9.06056274,yes,CLEANED:0,FCC_SQS,Nb8Sc24
Nb8Si24,OK,0,0,0,static_OUTCAR,-211.1757389100,-211.1761467100,fcc,4.0,32,484.08352411,3.92593801,,7.85187603,7.85187603,7.85187603,no,CLEANED:0,FCC_SQS,Nb8Si24
Nb8Sn24,OK,0,0,0,static_OUTCAR,-168.8043103500,-168.8047790500,fcc,4.0,32,741.67186803,4.52592417,,9.05184834,9.05184834,9.05184834,no,CLEANED:0,FCC_SQS,Nb8Sn24
Nb8Ta24,OK,0,0,0,static_OUTCAR,-355.8133204400,-355.8245851300,fcc,4.0,32,603.67593791,4.22575804,,8.45151608,8.45151608,8.45151608,yes,CLEANED:0,FCC_SQS,Nb8Ta24
Nb8Tb24,OK,0,0,0,static_OUTCAR,-182.9408327600,-182.9396002400,fcc,4.0,32,864.03938706,4.76227552,,9.52455104,9.52455104,9.52455104,yes,CLEANED:0,FCC_SQS,Nb8Tb24
Nb8Ti24,OK,0,0,0,static_OUTCAR,-265.0222696300,-265.0211146200,fcc,4.0,32,566.07142828,4.13612590,,8.27225179,8.27225179,8.27225179,yes,CLEANED:0,FCC_SQS,Nb8Ti24
Nb8Zn24,OK,0,0,0,static_OUTCAR,-106.9575581200,-106.9576659800,fcc,4.0,32,510.05656971,3.99493257,,7.98986513,7.98986513,7.98986513,yes,CLEANED:0,FCC_SQS,Nb8Zn24
Nb8Zr24,OK,0,0,0,static_OUTCAR,-281.2135951000,-281.2152347500,fcc,4.0,32,700.68391821,4.44096538,,8.88193076,8.88193076,8.88193076,yes,CLEANED:0,FCC_SQS,Nb8Zr24
Ni16Ni16,OK,0,0,0,static_OUTCAR,-175.7705858900,-175.7660341100,fcc,4.0,32,344.06069990,3.50360411,,7.00720822,7.00720822,7.00720822,yes,CLEANED:0,FCC_SQS,Ni16Ni16
Ni16Os16,OK,0,0,0,static_OUTCAR,-262.9764536700,-262.9765094100,fcc,4.0,32,410.83280030,3.71699270,,7.43398539,7.43398539,7.43398539,yes,CLEANED:0,FCC_SQS,Ni16Os16
Ni16Pd16,OK,0,0,0,static_OUTCAR,-170.0834766400,-170.0883050800,fcc,4.0,32,425.70968351,3.76132777,,7.52265555,7.52265555,7.52265555,yes,CLEANED:0,FCC_SQS,Ni16Pd16
Ni16Pt16,OK,0,0,0,static_OUTCAR,-186.8167190300,-186.8169493600,fcc,4.0,32,425.67516846,3.76122612,,7.52245224,7.52245224,7.52245224,yes,CLEANED:0,FCC_SQS,Ni16Pt16
Ni16Re16,OK,0,0,0,static_OUTCAR,-284.6042883000,-284.6029969200,fcc,4.0,32,420.53076252,3.74601284,,7.49202567,7.49202567,7.49202567,yes,CLEANED:0,FCC_SQS,Ni16Re16
Ni16Rh16,OK,0,0,0,static_OUTCAR,-202.6616089000,-202.6594639500,fcc,4.0,32,404.72000515,3.69846541,,7.39693083,7.39693083,7.39693083,yes,CLEANED:0,FCC_SQS,Ni16Rh16
Ni16Ru16,OK,0,0,0,static_OUTCAR,-231.7631557200,-231.7639586300,fcc,4.0,32,398.26125518,3.67868575,,7.35737151,7.35737151,7.35737151,yes,CLEANED:0,FCC_SQS,Ni16Ru16
Ni16Si16,OK,0,0,0,static_OUTCAR,-181.9817039500,-181.9823201700,fcc,4.0,32,368.79851741,3.58563760,,7.17127520,7.17127520,7.17127520,yes,CLEANED:0,FCC_SQS,Ni16Si16
Ni16Ta16,OK,0,0,0,static_OUTCAR,-278.4708829600,-278.4716836600,fcc,4.0,32,478.73023875,3.91141255,,7.82282509,7.82282509,7.82282509,yes,CLEANED:0,FCC_SQS,Ni16Ta16
Ni16Ti16,OK,0,0,0,static_OUTCAR,-219.6154744700,-219.6160469000,fcc,4.0,32,434.28704399,3.78642154,,7.57284308,7.57284308,7.57284308,yes,CLEANED:0,FCC_SQS,Ni16Ti16
Ni16V16,OK,0,0,0,static_OUTCAR,-234.3059671600,-234.3064487300,fcc,4.0,32,386.54969870,3.64226704,,7.28453408,7.28453408,7.28453408,yes,CLEANED:0,FCC_SQS,Ni16V16
Ni16W16,OK,0,0,0,static_OUTCAR,-290.9572870100,-290.9583902100,fcc,4.0,32,442.38331229,3.80980648,,7.61961296,7.61961296,7.61961296,yes,CLEANED:0,FCC_SQS,Ni16W16
Ni16Zn16,OK,0,0,0,static_OUTCAR,-110.1073777600,-110.1075717600,fcc,4.0,32,388.37816009,3.64800091,,7.29600181,7.29600181,7.29600181,yes,CLEANED:0,FCC_SQS,Ni16Zn16
Ni24Os8,OK,0,0,0,static_OUTCAR,-219.2492729000,-219.2487844600,fcc,4.0,32,377.52585200,3.61370117,,7.22740234,7.22740234,7.22740234,yes,CLEANED:0,FCC_SQS,Ni24Os8
Ni24Pd8,OK,0,0,0,static_OUTCAR,-172.3566218400,-172.3544775000,fcc,4.0,32,386.31200000,3.64152032,,7.28304063,7.28304063,7.28304063,yes,CLEANED:0,FCC_SQS,Ni24Pd8
Ni24Pt8,OK,0,0,0,static_OUTCAR,-181.6370781400,-181.6376101400,fcc,4.0,32,392.81616618,3.66184358,,7.32368715,7.32368715,7.32368715,yes,CLEANED:0,FCC_SQS,Ni24Pt8
Ni24Re8,OK,0,0,0,static_OUTCAR,-230.2586254600,-230.2583636800,fcc,4.0,32,382.17655846,3.62847960,,7.25695921,7.25695921,7.25695921,yes,CLEANED:0,FCC_SQS,Ni24Re8
Ni24Rh8,OK,0,0,0,static_OUTCAR,-188.9760161000,-188.9732779000,fcc,4.0,32,377.97736502,3.61514123,,7.23028247,7.23028247,7.23028247,yes,CLEANED:0,FCC_SQS,Ni24Rh8
Ni24Ru8,OK,0,0,0,static_OUTCAR,-203.2177642800,-203.2169681300,fcc,4.0,32,371.70049487,3.59501785,,7.19003569,7.19003569,7.19003569,yes,CLEANED:0,FCC_SQS,Ni24Ru8
Ni24Sc8,OK,0,0,0,static_OUTCAR,-188.3896891100,-188.3884905300,fcc,4.0,32,412.29701569,3.72140327,,7.44280654,7.44280654,7.44280654,yes,CLEANED:0,FCC_SQS,Ni24Sc8
Ni24Si8,OK,0,0,0,static_OUTCAR,-185.3503873300,-185.3493307100,fcc,4.0,32,347.07537647,3.51380728,,7.02761457,7.02761457,7.02761457,yes,CLEANED:0,FCC_SQS,Ni24Si8
Ni24Ta8,OK,0,0,0,static_OUTCAR,-230.2259620600,-230.2264360800,fcc,4.0,32,408.53302131,3.71004399,,7.42008799,7.42008799,7.42008799,yes,CLEANED:0,FCC_SQS,Ni24Ta8
Ni24Ti8,OK,0,0,0,static_OUTCAR,-202.3116914100,-202.3111527200,fcc,4.0,32,398.76000001,3.68022073,,7.36044145,7.36044145,7.36044145,yes,CLEANED:0,FCC_SQS,Ni24Ti8
Ni24V8,OK,0,0,0,static_OUTCAR,-207.5016249100,-207.5012937400,fcc,4.0,32,361.45928502,3.56169286,,7.12338573,7.12338573,7.12338573,yes,CLEANED:0,FCC_SQS,Ni24V8
Ni24W8,OK,0,0,0,static_OUTCAR,-234.3196209900,-234.3195397700,fcc,4.0,32,392.49782616,3.66085412,,7.32170824,7.32170824,7.32170824,yes,CLEANED:0,FCC_SQS,Ni24W8
Ni24Zn8,OK,0,0,0,static_OUTCAR,-143.6531146100,-143.6518619600,fcc,4.0,32,362.79252043,3.56606657,,7.13213314,7.13213314,7.13213314,yes,CLEANED:0,FCC_SQS,Ni24Zn8
Ni8Os24,OK,0,0,0,static_OUTCAR,-308.2343459700,-308.2337811000,fcc,4.0,32,437.69576143,3.79630227,,7.59260454,7.59260454,7.59260454,yes,CLEANED:0,FCC_SQS,Ni8Os24
Ni8Pd24,OK,0,0,0,static_OUTCAR,-168.4486087700,-168.4524734500,fcc,4.0,32,460.17006219,3.86019690,,7.72039381,7.72039381,7.72039381,yes,CLEANED:0,FCC_SQS,Ni8Pd24
Ni8Pt24,OK,0,0,0,static_OUTCAR,-190.9447723200,-190.9455269800,fcc,4.0,32,467.14587947,3.87960501,,7.75921003,7.75921003,7.75921003,yes,CLEANED:0,FCC_SQS,Ni8Pt24
Ni8Re24,OK,0,0,0,static_OUTCAR,-339.3768095900,-339.3760297700,fcc,4.0,32,452.52656509,3.83870464,,7.67740927,7.67740927,7.67740927,yes,CLEANED:0,FCC_SQS,Ni8Re24
Ni8Rh24,OK,0,0,0,static_OUTCAR,-217.0419475200,-217.0400026100,fcc,4.0,32,427.60657921,3.76690612,,7.53381225,7.53381225,7.53381225,yes,CLEANED:0,FCC_SQS,Ni8Rh24
Ni8Ru24,OK,0,0,0,static_OUTCAR,-261.5171225100,-261.5164340100,fcc,4.0,32,421.22635040,3.74807709,,7.49615418,7.49615418,7.49615418,yes,CLEANED:0,FCC_SQS,Ni8Ru24
Ni8Sc24,OK,0,0,0,static_OUTCAR,-197.9216593500,-197.9208128700,fcc,4.0,32,643.72504201,4.31721296,,8.63442593,8.63442593,8.63442593,no,CLEANED:0,FCC_SQS,Ni8Sc24
Ni8Si24,OK,0,0,0,static_OUTCAR,-171.8203360300,-171.8207823000,fcc,4.0,32,408.79753260,3.71084453,,7.42168906,7.42168906,7.42168906,no,CLEANED:0,FCC_SQS,Ni8Si24
Ni8Ti24,OK,0,0,0,static_OUTCAR,-233.9875130400,-233.9858556800,fcc,4.0,32,492.31030634,3.94805306,,7.89610611,7.89610611,7.89610611,yes,CLEANED:0,FCC_SQS,Ni8Ti24
Ni8V24,OK,0,0,0,static_OUTCAR,-258.6912070500,-258.6904816500,fcc,4.0,32,414.70218654,3.72862562,,7.45725124,7.45725124,7.45725124,yes,CLEANED:0,FCC_SQS,Ni8V24
Ni8W24,OK,0,0,0,static_OUTCAR,-346.2664729700,-346.2669170700,fcc,4.0,32,485.78527970,3.93053307,,7.86106614,7.86106614,7.86106614,yes,CLEANED:0,FCC_SQS,Ni8W24
Ni8Zn24,OK,0,0,0,static_OUTCAR,-73.8951455300,-73.8944614300,fcc,4.0,32,423.91966543,3.75604851,,7.51209701,7.51209701,7.51209701,yes,CLEANED:0,FCC_SQS,Ni8Zn24
Ni8Zr24,OK,0,0,0,static_OUTCAR,-250.8937711600,-250.8939922200,fcc,4.0,32,639.68328313,4.30815849,,8.61631697,8.61631697,8.61631697,no,CLEANED:0,FCC_SQS,Ni8Zr24
Os16Os16,OK,0,0,0,static_OUTCAR,-354.9177616100,-354.9198741500,fcc,4.0,32,461.02099808,3.86257483,,7.72514967,7.72514967,7.72514967,yes,CLEANED:0,FCC_SQS,Os16Os16
Os16Pd16,OK,0,0,0,static_OUTCAR,-256.1651828400,-256.1635282800,fcc,4.0,32,467.40438325,3.88032050,,7.76064100,7.76064100,7.76064100,yes,CLEANED:0,FCC_SQS,Os16Pd16
Os16Pt16,OK,0,0,0,static_OUTCAR,-273.7129806000,-273.7127780100,fcc,4.0,32,475.92467292,3.90375672,,7.80751343,7.80751343,7.80751343,yes,CLEANED:0,FCC_SQS,Os16Pt16
Os16Re16,OK,0,0,0,static_OUTCAR,-375.7172344100,-375.7160702700,fcc,4.0,32,471.42019617,3.89140171,,7.78280343,7.78280343,7.78280343,yes,CLEANED:0,FCC_SQS,Os16Re16
Os16Rh16,OK,0,0,0,static_OUTCAR,-293.7371233700,-293.7382949100,fcc,4.0,32,453.45283389,3.84132198,,7.68264396,7.68264396,7.68264396,yes,CLEANED:0,FCC_SQS,Os16Rh16
Os16Ru16,OK,0,0,0,static_OUTCAR,-323.6792076400,-323.6829643700,fcc,4.0,32,451.73711274,3.83647108,,7.67294215,7.67294215,7.67294215,yes,CLEANED:0,FCC_SQS,Os16Ru16
Os16Sc16,OK,0,0,0,static_OUTCAR,-281.8301053500,-281.8321337300,fcc,4.0,32,542.21076344,4.07717528,,8.15435056,8.15435056,8.15435056,yes,CLEANED:0,FCC_SQS,Os16Sc16
Os16Si16,OK,0,0,0,static_OUTCAR,-267.7829501200,-267.7821978000,fcc,4.0,32,438.78026707,3.79943513,,7.59887026,7.59887026,7.59887026,yes,CLEANED:0,FCC_SQS,Os16Si16
Os16Ta16,OK,0,0,0,static_OUTCAR,-370.5339007700,-370.5340898500,fcc,4.0,32,522.26494947,4.02655496,,8.05310992,8.05310992,8.05310992,yes,CLEANED:0,FCC_SQS,Os16Ta16
Os16Tb16,OK,0,0,0,static_OUTCAR,-246.1770477500,-246.1779950800,fcc,4.0,32,625.47555735,4.27602385,,8.55204769,8.55204769,8.55204769,no,CLEANED:0,FCC_SQS,Os16Tb16
Os16Ti16,OK,0,0,0,static_OUTCAR,-311.1672554700,-311.1677261900,fcc,4.0,32,487.45313132,3.93502618,,7.87005236,7.87005236,7.87005236,yes,CLEANED:0,FCC_SQS,Os16Ti16
Os16W16,OK,0,0,0,static_OUTCAR,-382.2826883800,-382.2838467700,fcc,4.0,32,491.29643116,3.94534096,,7.89068191,7.89068191,7.89068191,yes,CLEANED:0,FCC_SQS,Os16W16
Os16Y16,OK,0,0,0,static_OUTCAR,-276.4412515000,-276.4412402400,fcc,4.0,32,624.16014266,4.27302416,,8.54604832,8.54604832,8.54604832,no,CLEANED:0,FCC_SQS,Os16Y16
Os16Zn16,OK,0,0,0,static_OUTCAR,-190.0778646400,-190.0773815700,fcc,4.0,32,472.27200000,3.89374408,,7.78748816,7.78748816,7.78748816,yes,CLEANED:0,FCC_SQS,Os16Zn16
Os24Pd8,OK,0,0,0,static_OUTCAR,-304.1888063900,-304.1883156700,fcc,4.0,32,463.23299505,3.86874258,,7.73748515,7.73748515,7.73748515,yes,CLEANED:0,FCC_SQS,Os24Pd8
Os24Pt8,OK,0,0,0,static_OUTCAR,-313.2872793700,-313.2867449500,fcc,4.0,32,452.37599999,3.83827885,,7.67655770,7.67655770,7.67655770,yes,CLEANED:0,FCC_SQS,Os24Pt8
Os24Re8,OK,0,0,0,static_OUTCAR,-365.6997925600,-365.7025809000,fcc,4.0,32,465.99114464,3.87640572,,7.75281144,7.75281144,7.75281144,yes,CLEANED:0,FCC_SQS,Os24Re8
Os24Rh8,OK,0,0,0,static_OUTCAR,-324.3704610800,-324.3710577800,fcc,4.0,32,457.15746059,3.85175459,,7.70350917,7.70350917,7.70350917,yes,CLEANED:0,FCC_SQS,Os24Rh8
Os24Ru8,OK,0,0,0,static_OUTCAR,-339.4132167200,-339.4161406100,fcc,4.0,32,456.39867412,3.84962237,,7.69924473,7.69924473,7.69924473,yes,CLEANED:0,FCC_SQS,Os24Ru8
Os24Sc8,OK,0,0,0,static_OUTCAR,-318.5122095700,-318.5128252400,fcc,4.0,32,493.43556518,3.95105875,,7.90211750,7.90211750,7.90211750,yes,CLEANED:0,FCC_SQS,Os24Sc8
Os24Si8,OK,0,0,0,static_OUTCAR,-310.6631795600,-310.6634727500,fcc,4.0,32,449.14874797,3.82912963,,7.65825926,7.65825926,7.65825926,yes,CLEANED:0,FCC_SQS,Os24Si8
Os24Sn8,OK,0,0,0,static_OUTCAR,-286.6008432000,-286.6003348900,fcc,4.0,32,503.20033033,3.97695164,,7.95390328,7.95390328,7.95390328,yes,CLEANED:0,FCC_SQS,Os24Sn8
Os24Ta8,OK,0,0,0,static_OUTCAR,-364.8362792300,-364.8370891500,fcc,4.0,32,489.10733327,3.93947240,,7.87894481,7.87894481,7.87894481,yes,CLEANED:0,FCC_SQS,Os24Ta8
Os24Tb8,OK,0,0,0,static_OUTCAR,-296.5577838000,-296.5576879800,fcc,4.0,32,531.85976791,4.05106350,,8.10212700,8.10212700,8.10212700,yes,CLEANED:0,FCC_SQS,Os24Tb8
Os24Ti8,OK,0,0,0,static_OUTCAR,-335.1184101900,-335.1176836800,fcc,4.0,32,471.26844144,3.89098411,,7.78196822,7.78196822,7.78196822,yes,CLEANED:0,FCC_SQS,Os24Ti8
Os24V8,OK,0,0,0,static_OUTCAR,-341.8314481800,-341.8293480200,fcc,4.0,32,454.96906033,3.84559867,,7.69119734,7.69119734,7.69119734,yes,CLEANED:0,FCC_SQS,Os24V8
Os24W8,OK,0,0,0,static_OUTCAR,-369.8854623100,-369.8845659600,fcc,4.0,32,475.47580602,3.90252906,,7.80505812,7.80505812,7.80505812,yes,CLEANED:0,FCC_SQS,Os24W8
Os24Y8,OK,0,0,0,static_OUTCAR,-311.9732863200,-311.9730412800,fcc,4.0,32,529.42150558,4.04486344,,8.08972688,8.08972688,8.08972688,yes,CLEANED:0,FCC_SQS,Os24Y8
Os24Zn8,OK,0,0,0,static_OUTCAR,-270.2548321900,-270.2556072300,fcc,4.0,32,457.44157752,3.85255236,,7.70510471,7.70510471,7.70510471,yes,CLEANED:0,FCC_SQS,Os24Zn8
Os24Zr8,OK,0,0,0,static_OUTCAR,-337.1694594900,-337.1693398300,fcc,4.0,32,508.15650814,3.98996576,,7.97993151,7.97993151,7.97993151,yes,CLEANED:0,FCC_SQS,Os24Zr8
Os8Pd24,OK,0,0,0,static_OUTCAR,-210.4840151100,-210.4853680000,fcc,4.0,32,474.74287447,3.90052282,,7.80104563,7.80104563,7.80104563,yes,CLEANED:0,FCC_SQS,Os8Pd24
Os8Pt24,OK,0,0,0,static_OUTCAR,-234.0895909400,-234.0881698000,fcc,4.0,32,486.81956005,3.93332058,,7.86664116,7.86664116,7.86664116,yes,CLEANED:0,FCC_SQS,Os8Pt24
Os8Re24,OK,0,0,0,static_OUTCAR,-385.3361067500,-385.3351368900,fcc,4.0,32,476.56724276,3.90551281,,7.81102562,7.81102562,7.81102562,yes,CLEANED:0,FCC_SQS,Os8Re24
Os8Rh24,OK,0,0,0,static_OUTCAR,-263.2522388300,-263.2517167900,fcc,4.0,32,450.63847922,3.83335843,,7.66671685,7.66671685,7.66671685,yes,CLEANED:0,FCC_SQS,Os8Rh24
Os8Ru24,OK,0,0,0,static_OUTCAR,-307.8149106600,-307.8186695300,fcc,4.0,32,446.98747017,3.82297790,,7.64595580,7.64595580,7.64595580,yes,CLEANED:0,FCC_SQS,Os8Ru24
Os8Sc24,OK,0,0,0,static_OUTCAR,-241.7298018300,-241.7285646700,fcc,4.0,32,628.90281039,4.28381969,,8.56763938,8.56763938,8.56763938,no,CLEANED:0,FCC_SQS,Os8Sc24
Os8Si24,OK,0,0,0,static_OUTCAR,-218.1678105000,-218.1669575500,fcc,4.0,32,465.93600001,3.87625280,,7.75250561,7.75250561,7.75250561,no,CLEANED:0,FCC_SQS,Os8Si24
Os8Ta24,OK,0,0,0,static_OUTCAR,-372.3353429500,-372.3360917600,fcc,4.0,32,559.27605623,4.11950859,,8.23901719,8.23901719,8.23901719,yes,CLEANED:0,FCC_SQS,Os8Ta24
Os8Tb24,OK,0,0,0,static_OUTCAR,-197.3402792500,-197.3403457800,fcc,4.0,32,776.98819203,4.59665043,,9.19330086,9.19330086,9.19330086,yes,CLEANED:0,FCC_SQS,Os8Tb24
Os8Ti24,OK,0,0,0,static_OUTCAR,-281.7189688000,-281.7197292800,fcc,4.0,32,513.15568598,4.00300734,,8.00601467,8.00601467,8.00601467,yes,CLEANED:0,FCC_SQS,Os8Ti24
Os8V24,OK,0,0,0,static_OUTCAR,-305.7406055900,-305.7398587800,fcc,4.0,32,446.36123558,3.82119172,,7.64238344,7.64238344,7.64238344,yes,CLEANED:0,FCC_SQS,Os8V24
Os8W24,OK,0,0,0,static_OUTCAR,-392.3229909300,-392.3236641600,fcc,4.0,32,508.26458961,3.99024862,,7.98049723,7.98049723,7.98049723,yes,CLEANED:0,FCC_SQS,Os8W24
Os8Zn24,OK,0,0,0,static_OUTCAR,-111.9597928600,-111.9602389600,fcc,4.0,32,456.94885166,3.85116862,,7.70233724,7.70233724,7.70233724,yes,CLEANED:0,FCC_SQS,Os8Zn24
Os8Zr24,OK,0,0,0,static_OUTCAR,-295.8009983200,-295.8006148700,fcc,4.0,32,642.96532825,4.31551393,,8.63102785,8.63102785,8.63102785,yes,CLEANED:0,FCC_SQS,Os8Zr24
Pb16Pb16,OK,0,0,0,static_OUTCAR,-113.6002825500,-113.6009901700,fcc,4.0,32,1090.16710308,5.14597527,,10.29195055,10.29195055,10.29195055,yes,CLEANED:0,FCC_SQS,Pb16Pb16
Pb16Sc16,OK,0,0,0,static_OUTCAR,-162.7501618200,-162.7504568500,fcc,4.0,32,847.14209318,4.73102698,,9.46205396,9.46205396,9.46205396,yes,CLEANED:0,FCC_SQS,Pb16Sc16
Pb16Ti16,OK,0,0,0,static_OUTCAR,-177.2083486300,-177.2075607300,fcc,4.0,32,726.79243853,4.49545310,,8.99090620,8.99090620,8.99090620,yes,CLEANED:0,FCC_SQS,Pb16Ti16
Pb24Zn8,OK,0,0,0,static_OUTCAR,-90.8261794700,-90.8253672900,fcc,4.0,32,927.92903458,4.87687464,,9.75374928,9.75374928,9.75374928,no,CLEANED:0,FCC_SQS,Pb24Zn8
Pb8Sc24,OK,0,0,0,static_OUTCAR,-183.5222199500,-183.5218221200,fcc,4.0,32,790.98299233,4.62408405,,9.24816810,9.24816810,9.24816810,yes,CLEANED:0,FCC_SQS,Pb8Sc24
Pb8Si24,OK,0,0,0,static_OUTCAR,-145.1725222400,-145.1723678400,fcc,4.0,32,649.05968758,4.32910597,,8.65821193,8.65821193,8.65821193,no,CLEANED:0,FCC_SQS,Pb8Si24
Pb8Ti24,OK,0,0,0,static_OUTCAR,-213.9357725800,-213.9363590800,fcc,4.0,32,618.10754155,4.25916716,,8.51833432,8.51833432,8.51833432,yes,CLEANED:0,FCC_SQS,Pb8Ti24
Pb8Zn24,OK,0,0,0,static_OUTCAR,-51.5584597500,-51.5606416500,fcc,4.0,32,673.55218587,4.38288849,,8.76577697,8.76577697,8.76577697,no,CLEANED:0,FCC_SQS,Pb8Zn24
Pd16Pd16,OK,0,0,0,static_OUTCAR,-166.9995799900,-167.0037705500,fcc,4.0,32,489.57309068,3.94072247,,7.88144495,7.88144495,7.88144495,yes,CLEANED:0,FCC_SQS,Pd16Pd16
Pd16Pt16,OK,0,0,0,static_OUTCAR,-181.6692968300,-181.6735414500,fcc,4.0,32,492.80367454,3.94937146,,7.89874292,7.89874292,7.89874292,yes,CLEANED:0,FCC_SQS,Pd16Pt16
Pd16Re16,OK,0,0,0,static_OUTCAR,-279.1310420800,-279.1295582300,fcc,4.0,32,476.34139539,3.90489577,,7.80979154,7.80979154,7.80979154,yes,CLEANED:0,FCC_SQS,Pd16Re16
Pd16Rh16,OK,0,0,0,static_OUTCAR,-197.4688698500,-197.4729552500,fcc,4.0,32,467.94773109,3.88182351,,7.76364703,7.76364703,7.76364703,yes,CLEANED:0,FCC_SQS,Pd16Rh16
Pd16Ru16,OK,0,0,0,static_OUTCAR,-226.1431104500,-226.1432389000,fcc,4.0,32,461.11049723,3.86282477,,7.72564954,7.72564954,7.72564954,yes,CLEANED:0,FCC_SQS,Pd16Ru16
Pd16Sc16,OK,0,0,0,static_OUTCAR,-202.5596669700,-202.5616801700,fcc,4.0,32,584.68282029,4.18096741,,8.36193482,8.36193482,8.36193482,yes,CLEANED:0,FCC_SQS,Pd16Sc16
Pd16Si16,OK,0,0,0,static_OUTCAR,-179.8663887500,-179.8655790300,fcc,4.0,32,465.33456144,3.87458424,,7.74916848,7.74916848,7.74916848,no,CLEANED:0,FCC_SQS,Pd16Si16
Pd16Sn16,OK,0,0,0,static_OUTCAR,-154.3689067000,-154.3693172900,fcc,4.0,32,630.57510239,4.28761331,,8.57522663,8.57522663,8.57522663,no,CLEANED:0,FCC_SQS,Pd16Sn16
Pd16Ta16,OK,0,0,0,static_OUTCAR,-279.0786325800,-279.0794591300,fcc,4.0,32,535.65245390,4.06067007,,8.12134013,8.12134013,8.12134013,yes,CLEANED:0,FCC_SQS,Pd16Ta16
Pd16Tb16,OK,0,0,0,static_OUTCAR,-176.2895976900,-176.2906169400,fcc,4.0,32,689.78148544,4.41781151,,8.83562301,8.83562301,8.83562301,yes,CLEANED:0,FCC_SQS,Pd16Tb16
Pd16Ti16,OK,0,0,0,static_OUTCAR,-221.3733607600,-221.3730638000,fcc,4.0,32,505.69846933,3.98352198,,7.96704395,7.96704395,7.96704395,yes,CLEANED:0,FCC_SQS,Pd16Ti16
Pd16V16,OK,0,0,0,static_OUTCAR,-231.1794062100,-231.1795851200,fcc,4.0,32,461.03896714,3.86262502,,7.72525003,7.72525003,7.72525003,yes,CLEANED:0,FCC_SQS,Pd16V16
Pd16W16,OK,0,0,0,static_OUTCAR,-287.4792731600,-287.4800310300,fcc,4.0,32,498.17697600,3.96367364,,7.92734728,7.92734728,7.92734728,yes,CLEANED:0,FCC_SQS,Pd16W16
Pd16Y16,OK,0,0,0,static_OUTCAR,-206.4289391400,-206.4298129300,fcc,4.0,32,691.42209517,4.42131125,,8.84262249,8.84262249,8.84262249,no,CLEANED:0,FCC_SQS,Pd16Y16
Pd16Zn16,OK,0,0,0,static_OUTCAR,-113.5451107300,-113.5463334500,fcc,4.0,32,472.37826922,3.89403611,,7.78807222,7.78807222,7.78807222,yes,CLEANED:0,FCC_SQS,Pd16Zn16
Pd16Zr16,OK,0,0,0,static_OUTCAR,-233.9552693100,-233.9558911200,fcc,4.0,32,596.67151274,4.20935065,,8.41870131,8.41870131,8.41870131,yes,CLEANED:0,FCC_SQS,Pd16Zr16
Pd24Pt8,OK,0,0,0,static_OUTCAR,-174.4865831700,-174.4887103100,fcc,4.0,32,490.73445968,3.94383608,,7.88767217,7.88767217,7.88767217,yes,CLEANED:0,FCC_SQS,Pd24Pt8
Pd24Re8,OK,0,0,0,static_OUTCAR,-223.0051032300,-223.0051457000,fcc,4.0,32,477.77669858,3.90881389,,7.81762778,7.81762778,7.81762778,yes,CLEANED:0,FCC_SQS,Pd24Re8
Pd24Rh8,OK,0,0,0,static_OUTCAR,-181.5044222500,-181.5117579300,fcc,4.0,32,478.18701506,3.90993254,,7.81986507,7.81986507,7.81986507,yes,CLEANED:0,FCC_SQS,Pd24Rh8
Pd24Ru8,OK,0,0,0,static_OUTCAR,-195.7273999600,-195.7289325400,fcc,4.0,32,473.06774545,3.89592975,,7.79185950,7.79185950,7.79185950,yes,CLEANED:0,FCC_SQS,Pd24Ru8
Pd24Sc8,OK,0,0,0,static_OUTCAR,-195.5536367000,-195.5537579000,fcc,4.0,32,522.33793119,4.02674251,,8.05348501,8.05348501,8.05348501,yes,CLEANED:0,FCC_SQS,Pd24Sc8
Pd24Si8,OK,0,0,0,static_OUTCAR,-182.1091434000,-182.1080313300,fcc,4.0,32,470.43394963,3.88868612,,7.77737223,7.77737223,7.77737223,yes,CLEANED:0,FCC_SQS,Pd24Si8
Pd24Sn8,OK,0,0,0,static_OUTCAR,-166.8206598800,-166.8193783300,fcc,4.0,32,538.12109973,4.06689860,,8.13379721,8.13379721,8.13379721,yes,CLEANED:0,FCC_SQS,Pd24Sn8
Pd24Ta8,OK,0,0,0,static_OUTCAR,-229.7214314600,-229.7219701600,fcc,4.0,32,506.44462415,3.98548023,,7.97096047,7.97096047,7.97096047,yes,CLEANED:0,FCC_SQS,Pd24Ta8
Pd24Tb8,OK,0,0,0,static_OUTCAR,-180.1223790700,-180.1228212100,fcc,4.0,32,572.22311581,4.15105483,,8.30210967,8.30210967,8.30210967,yes,CLEANED:0,FCC_SQS,Pd24Tb8
Pd24Ti8,OK,0,0,0,static_OUTCAR,-203.0550301100,-203.0563418200,fcc,4.0,32,490.22774900,3.94247821,,7.88495641,7.88495641,7.88495641,yes,CLEANED:0,FCC_SQS,Pd24Ti8
Pd24V8,OK,0,0,0,static_OUTCAR,-203.4930863400,-203.4915562700,fcc,4.0,32,477.38400000,3.90774267,,7.81548534,7.81548534,7.81548534,yes,CLEANED:0,FCC_SQS,Pd24V8
Pd24W8,OK,0,0,0,static_OUTCAR,-229.5224153500,-229.5224282500,fcc,4.0,32,488.94373331,3.93903312,,7.87806624,7.87806624,7.87806624,yes,CLEANED:0,FCC_SQS,Pd24W8
Pd24Y8,OK,0,0,0,static_OUTCAR,-195.1003223900,-195.1006794800,fcc,4.0,32,570.58161076,4.14708173,,8.29416346,8.29416346,8.29416346,yes,CLEANED:0,FCC_SQS,Pd24Y8
Pd24Zn8,OK,0,0,0,static_OUTCAR,-143.8243574500,-143.8246952500,fcc,4.0,32,479.28179514,3.91291411,,7.82582823,7.82582823,7.82582823,yes,CLEANED:0,FCC_SQS,Pd24Zn8
Pd24Zr8,OK,0,0,0,static_OUTCAR,-210.8187848500,-210.8197672000,fcc,4.0,32,534.20975262,4.05702118,,8.11404236,8.11404236,8.11404236,yes,CLEANED:0,FCC_SQS,Pd24Zr8
Pd8Pt24,OK,0,0,0,static_OUTCAR,-188.6079582400,-188.6079630100,fcc,4.0,32,495.22359097,3.95582538,,7.91165076,7.91165076,7.91165076,yes,CLEANED:0,FCC_SQS,Pd8Pt24
Pd8Re24,OK,0,0,0,static_OUTCAR,-336.0526878700,-336.0519883000,fcc,4.0,32,478.12565205,3.90976528,,7.81953057,7.81953057,7.81953057,yes,CLEANED:0,FCC_SQS,Pd8Re24
Pd8Rh24,OK,0,0,0,static_OUTCAR,-214.3566376800,-214.3544350900,fcc,4.0,32,458.16812950,3.85459094,,7.70918188,7.70918188,7.70918188,yes,CLEANED:0,FCC_SQS,Pd8Rh24
Pd8Ru24,OK,0,0,0,static_OUTCAR,-258.2262035100,-258.2268401600,fcc,4.0,32,450.59471054,3.83323432,,7.66646863,7.66646863,7.66646863,yes,CLEANED:0,FCC_SQS,Pd8Ru24
Pd8Sc24,OK,0,0,0,static_OUTCAR,-201.6909419200,-201.6917213100,fcc,4.0,32,673.24161539,4.38221474,,8.76442948,8.76442948,8.76442948,yes,CLEANED:0,FCC_SQS,Pd8Sc24
Pd8Si24,OK,0,0,0,static_OUTCAR,-170.0121527700,-170.0117878100,fcc,4.0,32,468.35397193,3.88294650,,7.76589300,7.76589300,7.76589300,no,CLEANED:0,FCC_SQS,Pd8Si24
Pd8Sn24,OK,0,0,0,static_OUTCAR,-138.9051833500,-138.9051160000,fcc,4.0,32,752.39553529,4.54763298,,9.09526596,9.09526596,9.09526596,no,CLEANED:0,FCC_SQS,Pd8Sn24
Pd8Ta24,OK,0,0,0,static_OUTCAR,-325.5889268800,-325.5894001000,fcc,4.0,32,567.16587348,4.13878978,,8.27757956,8.27757956,8.27757956,yes,CLEANED:0,FCC_SQS,Pd8Ta24
Pd8Tb24,OK,0,0,0,static_OUTCAR,-161.5002497200,-161.5019606800,fcc,4.0,32,844.14650638,4.72544392,,9.45088784,9.45088784,9.45088784,no,CLEANED:0,FCC_SQS,Pd8Tb24
Pd8Ti24,OK,0,0,0,static_OUTCAR,-236.0207781900,-236.0216828200,fcc,4.0,32,527.36516156,4.03961972,,8.07923943,8.07923943,8.07923943,yes,CLEANED:0,FCC_SQS,Pd8Ti24
Pd8W24,OK,0,0,0,static_OUTCAR,-344.3170184400,-344.3180879200,fcc,4.0,32,510.75561366,3.99675678,,7.99351356,7.99351356,7.99351356,yes,CLEANED:0,FCC_SQS,Pd8W24
Pd8Y24,OK,0,0,0,static_OUTCAR,-206.7140768900,-206.7118882000,fcc,4.0,32,851.70616923,4.73950809,,9.47901617,9.47901617,9.47901617,no,CLEANED:0,FCC_SQS,Pd8Y24
Pd8Zn24,OK,0,0,0,static_OUTCAR,-77.2229333300,-77.2233025500,fcc,4.0,32,469.88804815,3.88718136,,7.77436273,7.77436273,7.77436273,yes,CLEANED:0,FCC_SQS,Pd8Zn24
Pd8Zr24,OK,0,0,0,static_OUTCAR,-253.2546650300,-253.2567738400,fcc,4.0,32,667.44162242,4.36959413,,8.73918827,8.73918827,8.73918827,yes,CLEANED:0,FCC_SQS,Pd8Zr24
Pt16Pt16,OK,0,0,0,static_OUTCAR,-195.1326262600,-195.1451244500,fcc,4.0,32,499.18000881,3.96633202,,7.93266404,7.93266404,7.93266404,yes,CLEANED:0,FCC_SQS,Pt16Pt16
Pt16Re16,OK,0,0,0,static_OUTCAR,-298.0400669600,-298.0399283900,fcc,4.0,32,483.84248120,3.92528628,,7.85057256,7.85057256,7.85057256,yes,CLEANED:0,FCC_SQS,Pt16Re16
Pt16Rh16,OK,0,0,0,static_OUTCAR,-214.1942972900,-214.1934016000,fcc,4.0,32,474.58639677,3.90009423,,7.80018845,7.80018845,7.80018845,yes,CLEANED:0,FCC_SQS,Pt16Rh16
Pt16Ru16,OK,0,0,0,static_OUTCAR,-244.6749261500,-244.6749721700,fcc,4.0,32,468.53115410,3.88343609,,7.76687218,7.76687218,7.76687218,yes,CLEANED:0,FCC_SQS,Pt16Ru16
Pt16Sc16,OK,0,0,0,static_OUTCAR,-223.8417324000,-223.8427449100,fcc,4.0,32,571.43545562,4.14914933,,8.29829866,8.29829866,8.29829866,yes,CLEANED:0,FCC_SQS,Pt16Sc16
Pt16Si16,OK,0,0,0,static_OUTCAR,-196.0324235100,-196.0317084400,fcc,4.0,32,477.24588845,3.90736579,,7.81473157,7.81473157,7.81473157,no,CLEANED:0,FCC_SQS,Pt16Si16
Pt16Sn16,OK,0,0,0,static_OUTCAR,-166.2958079100,-166.2958451700,fcc,4.0,32,624.43331938,4.27364746,,8.54729492,8.54729492,8.54729492,no,CLEANED:0,FCC_SQS,Pt16Sn16
Pt16Ta16,OK,0,0,0,static_OUTCAR,-300.9833174900,-300.9843137200,fcc,4.0,32,536.68504710,4.06327768,,8.12655536,8.12655536,8.12655536,yes,CLEANED:0,FCC_SQS,Pt16Ta16
Pt16Tb16,OK,0,0,0,static_OUTCAR,-197.9720404100,-197.9711917700,fcc,4.0,32,668.52210151,4.37195075,,8.74390150,8.74390150,8.74390150,no,CLEANED:0,FCC_SQS,Pt16Tb16
Pt16Ti16,OK,0,0,0,static_OUTCAR,-244.3155712900,-244.3150674300,fcc,4.0,32,504.95939773,3.98158041,,7.96316082,7.96316082,7.96316082,yes,CLEANED:0,FCC_SQS,Pt16Ti16
Pt16V16,OK,0,0,0,static_OUTCAR,-253.6711715200,-253.6723232700,fcc,4.0,32,464.30872353,3.87173495,,7.74346990,7.74346990,7.74346990,yes,CLEANED:0,FCC_SQS,Pt16V16
Pt16W16,OK,0,0,0,static_OUTCAR,-308.1904259700,-308.1906939000,fcc,4.0,32,498.86399999,3.96549487,,7.93098974,7.93098974,7.93098974,yes,CLEANED:0,FCC_SQS,Pt16W16
Pt16Y16,OK,0,0,0,static_OUTCAR,-228.1818155200,-228.1812021700,fcc,4.0,32,667.29819372,4.36928111,,8.73856223,8.73856223,8.73856223,no,CLEANED:0,FCC_SQS,Pt16Y16
Pt16Zn16,OK,0,0,0,static_OUTCAR,-127.4329367000,-127.4328581800,fcc,4.0,32,478.94570732,3.91199928,,7.82399856,7.82399856,7.82399856,yes,CLEANED:0,FCC_SQS,Pt16Zn16
Pt16Zr16,OK,0,0,0,static_OUTCAR,-255.7909325300,-255.7920648300,fcc,4.0,32,590.02588480,4.19366459,,8.38732918,8.38732918,8.38732918,yes,CLEANED:0,FCC_SQS,Pt16Zr16
Pt24Re8,OK,0,0,0,static_OUTCAR,-247.9473924900,-247.9465160900,fcc,4.0,32,489.33978232,3.94009638,,7.88019277,7.88019277,7.88019277,yes,CLEANED:0,FCC_SQS,Pt24Re8
Pt24Rh8,OK,0,0,0,static_OUTCAR,-204.6326389600,-204.6361296900,fcc,4.0,32,487.32583003,3.93468360,,7.86936719,7.86936719,7.86936719,yes,CLEANED:0,FCC_SQS,Pt24Rh8
Pt24Ru8,OK,0,0,0,static_OUTCAR,-220.0499285500,-220.0492660400,fcc,4.0,32,483.81468179,3.92521110,,7.85042221,7.85042221,7.85042221,yes,CLEANED:0,FCC_SQS,Pt24Ru8
Pt24Sc8,OK,0,0,0,static_OUTCAR,-221.0350291800,-221.0351340900,fcc,4.0,32,523.15058833,4.02882970,,8.05765941,8.05765941,8.05765941,yes,CLEANED:0,FCC_SQS,Pt24Sc8
Pt24Si8,OK,0,0,0,static_OUTCAR,-202.4012542800,-202.4008218200,fcc,4.0,32,485.24980363,3.92908834,,7.85817669,7.85817669,7.85817669,yes,CLEANED:0,FCC_SQS,Pt24Si8
Pt24Sn8,OK,0,0,0,static_OUTCAR,-183.3088642900,-183.3070644500,fcc,4.0,32,543.33362310,4.07998780,,8.15997561,8.15997561,8.15997561,yes,CLEANED:0,FCC_SQS,Pt24Sn8
Pt24Ta8,OK,0,0,0,static_OUTCAR,-256.9027070400,-256.9026219400,fcc,4.0,32,513.60186454,4.00416718,,8.00833436,8.00833436,8.00833436,yes,CLEANED:0,FCC_SQS,Pt24Ta8
Pt24Tb8,OK,0,0,0,static_OUTCAR,-203.5715365200,-203.5707634900,fcc,4.0,32,569.44940707,4.14433690,,8.28867380,8.28867380,8.28867380,yes,CLEANED:0,FCC_SQS,Pt24Tb8
Pt24Ti8,OK,0,0,0,static_OUTCAR,-230.4605598100,-230.4621542200,fcc,4.0,32,496.05568525,3.95803972,,7.91607944,7.91607944,7.91607944,yes,CLEANED:0,FCC_SQS,Pt24Ti8
Pt24V8,OK,0,0,0,static_OUTCAR,-230.6820993400,-230.6821782400,fcc,4.0,32,481.67784958,3.91942384,,7.83884767,7.83884767,7.83884767,yes,CLEANED:0,FCC_SQS,Pt24V8
Pt24W8,OK,0,0,0,static_OUTCAR,-255.8983551800,-255.8996136200,fcc,4.0,32,498.08341572,3.96342549,,7.92685098,7.92685098,7.92685098,yes,CLEANED:0,FCC_SQS,Pt24W8
Pt24Y8,OK,0,0,0,static_OUTCAR,-218.7951209000,-218.7938905900,fcc,4.0,32,566.67947933,4.13760632,,8.27521264,8.27521264,8.27521264,yes,CLEANED:0,FCC_SQS,Pt24Y8
Pt24Zn8,OK,0,0,0,static_OUTCAR,-164.1057866600,-164.1060241300,fcc,4.0,32,488.78128041,3.93859682,,7.87719364,7.87719364,7.87719364,yes,CLEANED:0,FCC_SQS,Pt24Zn8
Pt24Zr8,OK,0,0,0,static_OUTCAR,-237.3583351300,-237.3594188600,fcc,4.0,32,537.28485610,4.06479085,,8.12958170,8.12958170,8.12958170,yes,CLEANED:0,FCC_SQS,Pt24Zr8
Pt8Re24,OK,0,0,0,static_OUTCAR,-346.9688221000,-346.9697121500,fcc,4.0,32,481.54075855,3.91905196,,7.83810393,7.83810393,7.83810393,yes,CLEANED:0,FCC_SQS,Pt8Re24
Pt8Rh24,OK,0,0,0,static_OUTCAR,-223.4962699400,-223.4925790200,fcc,4.0,32,461.94076221,3.86514182,,7.73028363,7.73028363,7.73028363,yes,CLEANED:0,FCC_SQS,Pt8Rh24
Pt8Ru24,OK,0,0,0,static_OUTCAR,-268.7999760500,-268.7997052100,fcc,4.0,32,454.65582169,3.84471592,,7.68943185,7.68943185,7.68943185,yes,CLEANED:0,FCC_SQS,Pt8Ru24
Pt8Sc24,OK,0,0,0,static_OUTCAR,-214.9449509200,-214.9448106700,fcc,4.0,32,654.45279793,4.34106325,,8.68212651,8.68212651,8.68212651,no,CLEANED:0,FCC_SQS,Pt8Sc24
Pt8Si24,OK,0,0,0,static_OUTCAR,-179.9982021100,-179.9977690900,fcc,4.0,32,472.73979104,3.89502926,,7.79005851,7.79005851,7.79005851,no,CLEANED:0,FCC_SQS,Pt8Si24
Pt8Sn24,OK,0,0,0,static_OUTCAR,-146.4566878600,-146.4568953700,fcc,4.0,32,740.84532967,4.52424227,,9.04848455,9.04848455,9.04848455,no,CLEANED:0,FCC_SQS,Pt8Sn24
Pt8Ta24,OK,0,0,0,static_OUTCAR,-338.1735527400,-338.1722940000,fcc,4.0,32,557.56800000,4.11531059,,8.23062118,8.23062118,8.23062118,yes,CLEANED:0,FCC_SQS,Pt8Ta24
Pt8Tb24,OK,0,0,0,static_OUTCAR,-174.1561132700,-174.1567497200,fcc,4.0,32,816.25438353,4.67281420,,9.34562840,9.34562840,9.34562840,no,CLEANED:0,FCC_SQS,Pt8Tb24
Pt8Ti24,OK,0,0,0,static_OUTCAR,-249.4170195500,-249.4163806400,fcc,4.0,32,523.86782842,4.03067004,,8.06134008,8.06134008,8.06134008,yes,CLEANED:0,FCC_SQS,Pt8Ti24
Pt8V24,OK,0,0,0,static_OUTCAR,-270.0011523600,-270.0016930500,fcc,4.0,32,440.35200000,3.80396631,,7.60793262,7.60793262,7.60793262,yes,CLEANED:0,FCC_SQS,Pt8V24
Pt8W24,OK,0,0,0,static_OUTCAR,-356.3281549800,-356.3279057000,fcc,4.0,32,512.80883332,4.00210523,,8.00421046,8.00421046,8.00421046,yes,CLEANED:0,FCC_SQS,Pt8W24
Pt8Y24,OK,0,0,0,static_OUTCAR,-218.5777096000,-218.5782118900,fcc,4.0,32,821.27375923,4.68237278,,9.36474556,9.36474556,9.36474556,no,CLEANED:0,FCC_SQS,Pt8Y24
Pt8Zn24,OK,0,0,0,static_OUTCAR,-84.4325040400,-84.4334561100,fcc,4.0,32,472.76272913,3.89509225,,7.79018450,7.79018450,7.79018450,yes,CLEANED:0,FCC_SQS,Pt8Zn24
Pt8Zr24,OK,0,0,0,static_OUTCAR,-265.9632154900,-265.9639157300,fcc,4.0,32,658.60036907,4.35021439,,8.70042879,8.70042879,8.70042879,yes,CLEANED:0,FCC_SQS,Pt8Zr24
Re16Re16,OK,0,0,0,static_OUTCAR,-394.5984899400,-394.6034773700,fcc,4.0,32,482.31892410,3.92116188,,7.84232376,7.84232376,7.84232376,yes,CLEANED:0,FCC_SQS,Re16Re16
Re16Rh16,OK,0,0,0,static_OUTCAR,-316.2607962000,-316.2600687800,fcc,4.0,32,463.11600045,3.86841685,,7.73683370,7.73683370,7.73683370,yes,CLEANED:0,FCC_SQS,Re16Rh16
Re16Ru16,OK,0,0,0,static_OUTCAR,-344.2940682500,-344.2950098000,fcc,4.0,32,462.53899300,3.86680960,,7.73361920,7.73361920,7.73361920,yes,CLEANED:0,FCC_SQS,Re16Ru16
Re16Si16,OK,0,0,0,static_OUTCAR,-285.1240799500,-285.1240354000,fcc,4.0,32,475.15200000,3.90164296,,7.80328593,7.80328593,7.80328593,no,CLEANED:0,FCC_SQS,Re16Si16
Re16Ta16,OK,0,0,0,static_OUTCAR,-385.3609536700,-385.3595482300,fcc,4.0,32,535.46433738,4.06019465,,8.12038930,8.12038930,8.12038930,yes,CLEANED:0,FCC_SQS,Re16Ta16
Re16Tb16,OK,0,0,0,static_OUTCAR,-259.1202135500,-259.1201704300,fcc,4.0,32,640.35238899,4.30966007,,8.61932013,8.61932013,8.61932013,yes,CLEANED:0,FCC_SQS,Re16Tb16
Re16W16,OK,0,0,0,static_OUTCAR,-398.5922677000,-398.5915195700,fcc,4.0,32,503.47455799,3.97767395,,7.95534789,7.95534789,7.95534789,yes,CLEANED:0,FCC_SQS,Re16W16
Re16Zn16,OK,0,0,0,static_OUTCAR,-208.4144378600,-208.4137706200,fcc,4.0,32,465.68147720,3.87554686,,7.75109372,7.75109372,7.75109372,yes,CLEANED:0,FCC_SQS,Re16Zn16
Re24Rh8,OK,0,0,0,static_OUTCAR,-355.8905197100,-355.8907030600,fcc,4.0,32,472.19661494,3.89353689,,7.78707379,7.78707379,7.78707379,yes,CLEANED:0,FCC_SQS,Re24Rh8
Re24Ru8,OK,0,0,0,static_OUTCAR,-369.6790985300,-369.6782388900,fcc,4.0,32,472.57406756,3.89457406,,7.78914811,7.78914811,7.78914811,yes,CLEANED:0,FCC_SQS,Re24Ru8
Re24Si8,OK,0,0,0,static_OUTCAR,-339.8243993700,-339.8247416600,fcc,4.0,32,465.39991835,3.87476563,,7.74953126,7.74953126,7.74953126,no,CLEANED:0,FCC_SQS,Re24Si8
Re24V8,OK,0,0,0,static_OUTCAR,-367.5404508500,-367.5387117500,fcc,4.0,32,463.19999999,3.86865072,,7.73730144,7.73730144,7.73730144,yes,CLEANED:0,FCC_SQS,Re24V8
Re24W8,OK,0,0,0,static_OUTCAR,-397.0082432100,-397.0083689300,fcc,4.0,32,493.02525799,3.94996330,,7.89992660,7.89992660,7.89992660,yes,CLEANED:0,FCC_SQS,Re24W8
Re24Zn8,OK,0,0,0,static_OUTCAR,-299.2592364600,-299.2583079900,fcc,4.0,32,472.83834808,3.89529992,,7.79059983,7.79059983,7.79059983,yes,CLEANED:0,FCC_SQS,Re24Zn8
Re8Rh24,OK,0,0,0,static_OUTCAR,-275.5708786900,-275.5713845100,fcc,4.0,32,454.67426898,3.84476792,,7.68953584,7.68953584,7.68953584,yes,CLEANED:0,FCC_SQS,Re8Rh24
Re8Ru24,OK,0,0,0,static_OUTCAR,-318.3854529200,-318.3828139500,fcc,4.0,32,452.20797508,3.83780358,,7.67560716,7.67560716,7.67560716,yes,CLEANED:0,FCC_SQS,Re8Ru24
Re8Sc24,OK,0,0,0,static_OUTCAR,-246.3075099500,-246.3060812000,fcc,4.0,32,639.53957079,4.30783584,,8.61567167,8.61567167,8.61567167,no,CLEANED:0,FCC_SQS,Re8Sc24
Re8Si24,OK,0,0,0,static_OUTCAR,-225.7581854100,-225.7572137400,fcc,4.0,32,440.26152712,3.80370578,,7.60741156,7.60741156,7.60741156,yes,CLEANED:0,FCC_SQS,Re8Si24
Re8Zn24,OK,0,0,0,static_OUTCAR,-120.1808177900,-120.1812142600,fcc,4.0,32,463.17261036,3.86857446,,7.73714893,7.73714893,7.73714893,yes,CLEANED:0,FCC_SQS,Re8Zn24
Rh16Rh16,OK,0,0,0,static_OUTCAR,-232.2850126200,-232.2836670900,fcc,4.0,32,449.46308539,3.83002269,,7.66004539,7.66004539,7.66004539,yes,CLEANED:0,FCC_SQS,Rh16Rh16
Rh16Ru16,OK,0,0,0,static_OUTCAR,-262.4784438100,-262.4808908800,fcc,4.0,32,444.88529979,3.81697536,,7.63395072,7.63395072,7.63395072,yes,CLEANED:0,FCC_SQS,Rh16Ru16
Rh16Sc16,OK,0,0,0,static_OUTCAR,-233.8481811300,-233.8476317100,fcc,4.0,32,549.90824131,4.09637852,,8.19275705,8.19275705,8.19275705,yes,CLEANED:0,FCC_SQS,Rh16Sc16
Rh16Si16,OK,0,0,0,static_OUTCAR,-218.2644790000,-218.2638590700,fcc,4.0,32,432.71435496,3.78184541,,7.56369081,7.56369081,7.56369081,yes,CLEANED:0,FCC_SQS,Rh16Si16
Rh16Ta16,OK,0,0,0,static_OUTCAR,-314.9379271700,-314.9386732200,fcc,4.0,32,517.65479358,4.01467214,,8.02934428,8.02934428,8.02934428,yes,CLEANED:0,FCC_SQS,Rh16Ta16
Rh16Tb16,OK,0,0,0,static_OUTCAR,-204.1052858600,-204.1051934900,fcc,4.0,32,644.29909550,4.31849590,,8.63699180,8.63699180,8.63699180,yes,CLEANED:0,FCC_SQS,Rh16Tb16
Rh16Ti16,OK,0,0,0,static_OUTCAR,-257.3699024500,-257.3705841900,fcc,4.0,32,483.38920867,3.92406014,,7.84812028,7.84812028,7.84812028,yes,CLEANED:0,FCC_SQS,Rh16Ti16
Rh16V16,OK,0,0,0,static_OUTCAR,-267.6198998900,-267.6197029400,fcc,4.0,32,441.38723502,3.80694493,,7.61388985,7.61388985,7.61388985,yes,CLEANED:0,FCC_SQS,Rh16V16
Rh16W16,OK,0,0,0,static_OUTCAR,-324.4623336900,-324.4615582800,fcc,4.0,32,483.77988832,3.92511701,,7.85023402,7.85023402,7.85023402,yes,CLEANED:0,FCC_SQS,Rh16W16
Rh16Y16,OK,0,0,0,static_OUTCAR,-234.0103450400,-234.0100717000,fcc,4.0,32,644.58778512,4.31914080,,8.63828159,8.63828159,8.63828159,yes,CLEANED:0,FCC_SQS,Rh16Y16
Rh16Zn16,OK,0,0,0,static_OUTCAR,-140.8248109600,-140.8243895800,fcc,4.0,32,449.57832721,3.83035000,,7.66070001,7.66070001,7.66070001,yes,CLEANED:0,FCC_SQS,Rh16Zn16
Rh16Zr16,OK,0,0,0,static_OUTCAR,-268.0882284200,-268.0888475100,fcc,4.0,32,570.04349060,4.14577761,,8.29155521,8.29155521,8.29155521,yes,CLEANED:0,FCC_SQS,Rh16Zr16
Rh24Ru8,OK,0,0,0,static_OUTCAR,-247.5443745600,-247.5462457700,fcc,4.0,32,446.76048435,3.82233067,,7.64466134,7.64466134,7.64466134,yes,CLEANED:0,FCC_SQS,Rh24Ru8
Rh24Sc8,OK,0,0,0,static_OUTCAR,-237.4474879000,-237.4488345400,fcc,4.0,32,488.29806886,3.93729849,,7.87459697,7.87459697,7.87459697,yes,CLEANED:0,FCC_SQS,Rh24Sc8
Rh24Si8,OK,0,0,0,static_OUTCAR,-229.0888228100,-229.0881650300,fcc,4.0,32,437.47761022,3.79567146,,7.59134293,7.59134293,7.59134293,yes,CLEANED:0,FCC_SQS,Rh24Si8
Rh24Sn8,OK,0,0,0,static_OUTCAR,-208.7695178600,-208.7706532800,fcc,4.0,32,500.45440141,3.96970446,,7.93940892,7.93940892,7.93940892,yes,CLEANED:0,FCC_SQS,Rh24Sn8
Rh24Ta8,OK,0,0,0,static_OUTCAR,-280.0247252100,-280.0257883900,fcc,4.0,32,480.12070196,3.91519576,,7.83039152,7.83039152,7.83039152,yes,CLEANED:0,FCC_SQS,Rh24Ta8
Rh24Tb8,OK,0,0,0,static_OUTCAR,-218.9889361900,-218.9893529900,fcc,4.0,32,531.75348197,4.05079363,,8.10158726,8.10158726,8.10158726,yes,CLEANED:0,FCC_SQS,Rh24Tb8
Rh24Ti8,OK,0,0,0,static_OUTCAR,-251.0499933100,-251.0485387100,fcc,4.0,32,461.22974184,3.86315772,,7.72631544,7.72631544,7.72631544,yes,CLEANED:0,FCC_SQS,Rh24Ti8
Rh24V8,OK,0,0,0,static_OUTCAR,-254.5527334800,-254.5544097300,fcc,4.0,32,443.43510370,3.81282344,,7.62564687,7.62564687,7.62564687,yes,CLEANED:0,FCC_SQS,Rh24V8
Rh24W8,OK,0,0,0,static_OUTCAR,-281.7679670800,-281.7684914300,fcc,4.0,32,464.78370723,3.87305475,,7.74610950,7.74610950,7.74610950,yes,CLEANED:0,FCC_SQS,Rh24W8
Rh24Y8,OK,0,0,0,static_OUTCAR,-233.9776574300,-233.9780583300,fcc,4.0,32,530.11471959,4.04662809,,8.09325618,8.09325618,8.09325618,yes,CLEANED:0,FCC_SQS,Rh24Y8
Rh24Zn8,OK,0,0,0,static_OUTCAR,-186.9195590100,-186.9187900300,fcc,4.0,32,456.19200000,3.84904120,,7.69808239,7.69808239,7.69808239,yes,CLEANED:0,FCC_SQS,Rh24Zn8
Rh24Zr8,OK,0,0,0,static_OUTCAR,-256.0061642900,-256.0051300000,fcc,4.0,32,502.75317647,3.97577329,,7.95154659,7.95154659,7.95154659,yes,CLEANED:0,FCC_SQS,Rh24Zr8
Rh8Ru24,OK,0,0,0,static_OUTCAR,-277.2980913300,-277.2993789400,fcc,4.0,32,443.46629645,3.81291284,,7.62582567,7.62582567,7.62582567,yes,CLEANED:0,FCC_SQS,Rh8Ru24
Rh8Sc24,OK,0,0,0,static_OUTCAR,-219.0224022700,-219.0219341200,fcc,4.0,32,646.53072714,4.32347608,,8.64695217,8.64695217,8.64695217,yes,CLEANED:0,FCC_SQS,Rh8Sc24
Rh8Si24,OK,0,0,0,static_OUTCAR,-190.4915166000,-190.4917172500,fcc,4.0,32,440.18135565,3.80347488,,7.60694976,7.60694976,7.60694976,no,CLEANED:0,FCC_SQS,Rh8Si24
Rh8Sn24,OK,0,0,0,static_OUTCAR,-154.3954567200,-154.3942012000,fcc,4.0,32,717.04243497,4.47526019,,8.95052039,8.95052039,8.95052039,no,CLEANED:0,FCC_SQS,Rh8Sn24
Rh8Ta24,OK,0,0,0,static_OUTCAR,-344.2781195000,-344.2775385900,fcc,4.0,32,558.53521148,4.11768882,,8.23537764,8.23537764,8.23537764,yes,CLEANED:0,FCC_SQS,Rh8Ta24
Rh8Tb24,OK,0,0,0,static_OUTCAR,-176.7635201600,-176.7638289000,fcc,4.0,32,808.47782434,4.65792733,,9.31585465,9.31585465,9.31585465,no,CLEANED:0,FCC_SQS,Rh8Tb24
Rh8Ti24,OK,0,0,0,static_OUTCAR,-254.3115435600,-254.3090386400,fcc,4.0,32,513.70841466,4.00444406,,8.00888811,8.00888811,8.00888811,yes,CLEANED:0,FCC_SQS,Rh8Ti24
Rh8W24,OK,0,0,0,static_OUTCAR,-363.4436170800,-363.4429699500,fcc,4.0,32,504.41500469,3.98014906,,7.96029811,7.96029811,7.96029811,yes,CLEANED:0,FCC_SQS,Rh8W24
Rh8Y24,OK,0,0,0,static_OUTCAR,-222.1859080400,-222.1851348700,fcc,4.0,32,815.14711457,4.67070032,,9.34140063,9.34140063,9.34140063,yes,CLEANED:0,FCC_SQS,Rh8Y24
Rh8Zn24,OK,0,0,0,static_OUTCAR,-91.4929580300,-91.4921019000,fcc,4.0,32,455.14820474,3.84610334,,7.69220668,7.69220668,7.69220668,yes,CLEANED:0,FCC_SQS,Rh8Zn24
Rh8Zr24,OK,0,0,0,static_OUTCAR,-270.3562604900,-270.3551287300,fcc,4.0,32,650.34355553,4.33195847,,8.66391694,8.66391694,8.66391694,yes,CLEANED:0,FCC_SQS,Rh8Zr24
Ru16Ru16,OK,0,0,0,static_OUTCAR,-291.7942778300,-291.7983687900,fcc,4.0,32,442.44051062,3.80997067,,7.61994134,7.61994134,7.61994134,yes,CLEANED:0,FCC_SQS,Ru16Ru16
Ru16Sc16,OK,0,0,0,static_OUTCAR,-252.3823516100,-252.3817184100,fcc,4.0,32,542.76564803,4.07856563,,8.15713126,8.15713126,8.15713126,yes,CLEANED:0,FCC_SQS,Ru16Sc16
Ru16Si16,OK,0,0,0,static_OUTCAR,-243.0793245400,-243.0802996900,fcc,4.0,32,425.24579925,3.75996107,,7.51992214,7.51992214,7.51992214,yes,CLEANED:0,FCC_SQS,Ru16Si16
Ru16Ta16,OK,0,0,0,static_OUTCAR,-339.6509122500,-339.6494922700,fcc,4.0,32,516.62004433,4.01199536,,8.02399071,8.02399071,8.02399071,yes,CLEANED:0,FCC_SQS,Ru16Ta16
Ru16Tb16,OK,0,0,0,static_OUTCAR,-220.0355326500,-220.0341678900,fcc,4.0,32,631.76827815,4.29031595,,8.58063191,8.58063191,8.58063191,no,CLEANED:0,FCC_SQS,Ru16Tb16
Ru16Ti16,OK,0,0,0,static_OUTCAR,-280.2090300400,-280.2073359600,fcc,4.0,32,498.52799999,3.96460438,,7.92920876,7.92920876,7.92920876,yes,CLEANED:0,FCC_SQS,Ru16Ti16
Ru16V16,OK,0,0,0,static_OUTCAR,-293.1916214000,-293.1903397200,fcc,4.0,32,440.59685597,3.80467124,,7.60934248,7.60934248,7.60934248,yes,CLEANED:0,FCC_SQS,Ru16V16
Ru16W16,OK,0,0,0,static_OUTCAR,-350.5982598600,-350.5970590600,fcc,4.0,32,483.55322193,3.92450390,,7.84900780,7.84900780,7.84900780,yes,CLEANED:0,FCC_SQS,Ru16W16
Ru16Y16,OK,0,0,0,static_OUTCAR,-250.1619474400,-250.1609968700,fcc,4.0,32,631.60257829,4.28994083,,8.57988167,8.57988167,8.57988167,no,CLEANED:0,FCC_SQS,Ru16Y16
Ru16Zn16,OK,0,0,0,static_OUTCAR,-162.6390278100,-162.6397293900,fcc,4.0,32,478.03200000,3.90950999,,7.81901999,7.81901999,7.81901999,yes,CLEANED:0,FCC_SQS,Ru16Zn16
Ru24Sc8,OK,0,0,0,static_OUTCAR,-272.5501069900,-272.5494151700,fcc,4.0,32,483.42159820,3.92414778,,7.84829556,7.84829556,7.84829556,yes,CLEANED:0,FCC_SQS,Ru24Sc8
Ru24Si8,OK,0,0,0,static_OUTCAR,-268.6174638100,-268.6182296500,fcc,4.0,32,432.24644161,3.78048176,,7.56096351,7.56096351,7.56096351,yes,CLEANED:0,FCC_SQS,Ru24Si8
Ru24Sn8,OK,0,0,0,static_OUTCAR,-246.7362693900,-246.7364130600,fcc,4.0,32,492.75520663,3.94924198,,7.89848396,7.89848396,7.89848396,yes,CLEANED:0,FCC_SQS,Ru24Sn8
Ru24Ta8,OK,0,0,0,static_OUTCAR,-317.8952554600,-317.8950474300,fcc,4.0,32,477.53516540,3.90815510,,7.81631019,7.81631019,7.81631019,yes,CLEANED:0,FCC_SQS,Ru24Ta8
Ru24Tb8,OK,0,0,0,static_OUTCAR,-252.8305062300,-252.8301427800,fcc,4.0,32,523.69364602,4.03022327,,8.06044653,8.06044653,8.06044653,yes,CLEANED:0,FCC_SQS,Ru24Tb8
Ru24Ti8,OK,0,0,0,static_OUTCAR,-288.0645402200,-288.0642275000,fcc,4.0,32,458.28899459,3.85492986,,7.70985972,7.70985972,7.70985972,yes,CLEANED:0,FCC_SQS,Ru24Ti8
Ru24V8,OK,0,0,0,static_OUTCAR,-294.2439353400,-294.2439785800,fcc,4.0,32,440.61183237,3.80471435,,7.60942870,7.60942870,7.60942870,yes,CLEANED:0,FCC_SQS,Ru24V8
Ru24W8,OK,0,0,0,static_OUTCAR,-322.6468661600,-322.6467509700,fcc,4.0,32,462.35213200,3.86628881,,7.73257762,7.73257762,7.73257762,yes,CLEANED:0,FCC_SQS,Ru24W8
Ru24Y8,OK,0,0,0,static_OUTCAR,-267.9482026800,-267.9479011800,fcc,4.0,32,522.02636004,4.02594171,,8.05188341,8.05188341,8.05188341,yes,CLEANED:0,FCC_SQS,Ru24Y8
Ru24Zn8,OK,0,0,0,static_OUTCAR,-226.6163615100,-226.6175114400,fcc,4.0,32,443.01800056,3.81162759,,7.62325518,7.62325518,7.62325518,yes,CLEANED:0,FCC_SQS,Ru24Zn8
Ru24Zr8,OK,0,0,0,static_OUTCAR,-291.4658777700,-291.4660206600,fcc,4.0,32,497.78988550,3.96264676,,7.92529353,7.92529353,7.92529353,yes,CLEANED:0,FCC_SQS,Ru24Zr8
Ru8Sc24,OK,0,0,0,static_OUTCAR,-227.9995293400,-227.9980485800,fcc,4.0,32,638.27235747,4.30498871,,8.60997741,8.60997741,8.60997741,no,CLEANED:0,FCC_SQS,Ru8Sc24
Ru8Si24,OK,0,0,0,static_OUTCAR,-204.7137464300,-204.7140622100,fcc,4.0,32,429.49874623,3.77245416,,7.54490832,7.54490832,7.54490832,yes,CLEANED:0,FCC_SQS,Ru8Si24
Ru8Ta24,OK,0,0,0,static_OUTCAR,-356.4905808400,-356.4894551400,fcc,4.0,32,558.15823004,4.11676221,,8.23352441,8.23352441,8.23352441,yes,CLEANED:0,FCC_SQS,Ru8Ta24
Ru8Tb24,OK,0,0,0,static_OUTCAR,-185.2610884500,-185.2598441300,fcc,4.0,32,795.84042222,4.63353025,,9.26706049,9.26706049,9.26706049,no,CLEANED:0,FCC_SQS,Ru8Tb24
Ru8Ti24,OK,0,0,0,static_OUTCAR,-266.1677631100,-266.1655622000,fcc,4.0,32,511.76258685,3.99938164,,7.99876328,7.99876328,7.99876328,yes,CLEANED:0,FCC_SQS,Ru8Ti24
Ru8W24,OK,0,0,0,static_OUTCAR,-376.2245205300,-376.2246947500,fcc,4.0,32,504.65728384,3.98078620,,7.96157240,7.96157240,7.96157240,yes,CLEANED:0,FCC_SQS,Ru8W24
Ru8Y24,OK,0,0,0,static_OUTCAR,-232.2711369200,-232.2703523300,fcc,4.0,32,905.49600000,4.83725352,,9.67450705,9.67450705,9.67450705,no,CLEANED:0,FCC_SQS,Ru8Y24
Ru8Zn24,OK,0,0,0,static_OUTCAR,-100.3306512300,-100.3306553200,fcc,4.0,32,452.91493359,3.83980248,,7.67960496,7.67960496,7.67960496,yes,CLEANED:0,FCC_SQS,Ru8Zn24
Ru8Zr24,OK,0,0,0,static_OUTCAR,-280.8365017700,-280.8368180400,fcc,4.0,32,646.54317558,4.32350383,,8.64700767,8.64700767,8.64700767,yes,CLEANED:0,FCC_SQS,Ru8Zr24
Sc16Sc16,OK,0,0,0,static_OUTCAR,-198.3611582200,-198.3883835700,fcc,4.0,32,786.76394993,4.61584789,,9.23169577,9.23169577,9.23169577,yes,CLEANED:0,FCC_SQS,Sc16Sc16
Sc16Si16,OK,0,0,0,static_OUTCAR,-197.9564451500,-197.9568340000,fcc,4.0,32,635.05599999,4.29774535,,8.59549070,8.59549070,8.59549070,no,CLEANED:0,FCC_SQS,Sc16Si16
Sc16Sn16,OK,0,0,0,static_OUTCAR,-172.9645871500,-172.9670963400,fcc,4.0,32,771.07218335,4.58495435,,9.16990871,9.16990871,9.16990871,yes,CLEANED:0,FCC_SQS,Sc16Sn16
Sc16Ta16,OK,0,0,0,static_OUTCAR,-281.7682248700,-281.7695123300,fcc,4.0,32,652.33530057,4.33637632,,8.67275265,8.67275265,8.67275265,yes,CLEANED:0,FCC_SQS,Sc16Ta16
Sc16Tb16,OK,0,0,0,static_OUTCAR,-171.3214800300,-171.3198653200,fcc,4.0,32,900.72912452,4.82875020,,9.65750041,9.65750041,9.65750041,yes,CLEANED:0,FCC_SQS,Sc16Tb16
Sc16Ti16,OK,0,0,0,static_OUTCAR,-220.7919100100,-220.7893110800,fcc,4.0,32,670.25600000,4.37572723,,8.75145445,8.75145445,8.75145445,yes,CLEANED:0,FCC_SQS,Sc16Ti16
Sc16V16,OK,0,0,0,static_OUTCAR,-234.5760564100,-234.5751330000,fcc,4.0,32,605.04566186,4.22895167,,8.45790333,8.45790333,8.45790333,yes,CLEANED:0,FCC_SQS,Sc16V16
Sc16W16,OK,0,0,0,static_OUTCAR,-295.1651667800,-295.1661042600,fcc,4.0,32,594.11326218,4.20332612,,8.40665224,8.40665224,8.40665224,no,CLEANED:0,FCC_SQS,Sc16W16
Sc16Y16,OK,0,0,0,static_OUTCAR,-200.7951557800,-200.7980671900,fcc,4.0,32,909.38182445,4.84416314,,9.68832628,9.68832628,9.68832628,yes,CLEANED:0,FCC_SQS,Sc16Y16
Sc16Zn16,OK,0,0,0,static_OUTCAR,-123.0975571100,-123.0954339500,fcc,4.0,32,629.40307338,4.28495525,,8.56991050,8.56991050,8.56991050,yes,CLEANED:0,FCC_SQS,Sc16Zn16
Sc16Zr16,OK,0,0,0,static_OUTCAR,-235.4990996300,-235.4960575000,fcc,4.0,32,753.80061010,4.55046208,,9.10092415,9.10092415,9.10092415,yes,CLEANED:0,FCC_SQS,Sc16Zr16
Sc24Si8,OK,0,0,0,static_OUTCAR,-202.9010926600,-202.9010711800,fcc,4.0,32,669.24740987,4.37353128,,8.74706257,8.74706257,8.74706257,no,CLEANED:0,FCC_SQS,Sc24Si8
Sc24Sn8,OK,0,0,0,static_OUTCAR,-189.6124452300,-189.6141348800,fcc,4.0,32,759.44339385,4.56178844,,9.12357688,9.12357688,9.12357688,yes,CLEANED:0,FCC_SQS,Sc24Sn8
Sc24Ta8,OK,0,0,0,static_OUTCAR,-239.7269048700,-239.7255811500,fcc,4.0,32,703.56545085,4.44704481,,8.89408963,8.89408963,8.89408963,yes,CLEANED:0,FCC_SQS,Sc24Ta8
Sc24Tb8,OK,0,0,0,static_OUTCAR,-184.6634714100,-184.6665063100,fcc,4.0,32,842.43712273,4.72225211,,9.44450423,9.44450423,9.44450423,yes,CLEANED:0,FCC_SQS,Sc24Tb8
Sc24Ti8,OK,0,0,0,static_OUTCAR,-209.1122926700,-209.1093060100,fcc,4.0,32,718.61806275,4.47853577,,8.95707154,8.95707154,8.95707154,yes,CLEANED:0,FCC_SQS,Sc24Ti8
Sc24V8,OK,0,0,0,static_OUTCAR,-215.0007480500,-214.9981062000,fcc,4.0,32,693.40987306,4.42554415,,8.85108831,8.85108831,8.85108831,yes,CLEANED:0,FCC_SQS,Sc24V8
Sc24W8,OK,0,0,0,static_OUTCAR,-245.7560785600,-245.7556929600,fcc,4.0,32,663.88207656,4.36181243,,8.72362486,8.72362486,8.72362486,no,CLEANED:0,FCC_SQS,Sc24W8
Sc24Y8,OK,0,0,0,static_OUTCAR,-199.3113514500,-199.3205201200,fcc,4.0,32,847.34865906,4.73141149,,9.46282297,9.46282297,9.46282297,yes,CLEANED:0,FCC_SQS,Sc24Y8
Sc24Zn8,OK,0,0,0,static_OUTCAR,-160.9223364900,-160.9243146900,fcc,4.0,32,705.27324201,4.45064007,,8.90128013,8.90128013,8.90128013,yes,CLEANED:0,FCC_SQS,Sc24Zn8
Sc24Zr8,OK,0,0,0,static_OUTCAR,-217.2283515900,-217.2269267900,fcc,4.0,32,766.95114414,4.57677158,,9.15354315,9.15354315,9.15354315,yes,CLEANED:0,FCC_SQS,Sc24Zr8
Sc8Si24,OK,0,0,0,static_OUTCAR,-183.1114783500,-183.1113611200,fcc,4.0,32,516.31070966,4.01119445,,8.02238890,8.02238890,8.02238890,yes,CLEANED:0,FCC_SQS,Sc8Si24
Sc8Sn24,OK,0,0,0,static_OUTCAR,-149.0868792100,-149.0862684900,fcc,4.0,32,812.54378549,4.66572275,,9.33144551,9.33144551,9.33144551,yes,CLEANED:0,FCC_SQS,Sc8Sn24
Sc8Ta24,OK,0,0,0,static_OUTCAR,-325.7381513900,-325.7403012700,fcc,4.0,32,622.64752318,4.26956955,,8.53913910,8.53913910,8.53913910,no,CLEANED:0,FCC_SQS,Sc8Ta24
Sc8Tb24,OK,0,0,0,static_OUTCAR,-158.3685046000,-158.3627066600,fcc,4.0,32,959.94215522,4.93232508,,9.86465016,9.86465016,9.86465016,yes,CLEANED:0,FCC_SQS,Sc8Tb24
Sc8Ti24,OK,0,0,0,static_OUTCAR,-233.6300541200,-233.6330108300,fcc,4.0,32,600.67892769,4.21875337,,8.43750673,8.43750673,8.43750673,yes,CLEANED:0,FCC_SQS,Sc8Ti24
Sc8Y24,OK,0,0,0,static_OUTCAR,-202.6381054000,-202.6389653500,fcc,4.0,32,991.36000001,4.98555833,,9.97111666,9.97111666,9.97111666,yes,CLEANED:0,FCC_SQS,Sc8Y24
Sc8Zn24,OK,0,0,0,static_OUTCAR,-81.4019419200,-81.4018623000,fcc,4.0,32,555.73813084,4.11080368,,8.22160735,8.22160735,8.22160735,no,CLEANED:0,FCC_SQS,Sc8Zn24
Sc8Zr24,OK,0,0,0,static_OUTCAR,-253.4170483700,-253.4209493700,fcc,4.0,32,746.75581177,4.53624192,,9.07248385,9.07248385,9.07248385,yes,CLEANED:0,FCC_SQS,Sc8Zr24
Si16Si16,OK,0,0,0,static_OUTCAR,-156.3786701400,-156.3770336200,fcc,4.0,32,457.78911458,3.85352776,,7.70705551,7.70705551,7.70705551,yes,CLEANED:0,FCC_SQS,Si16Si16
Si16Sn16,OK,0,0,0,static_OUTCAR,-138.2152526600,-138.2158100000,fcc,4.0,32,707.38719035,4.45508234,,8.91016467,8.91016467,8.91016467,no,CLEANED:0,FCC_SQS,Si16Sn16
Si16Ta16,OK,0,0,0,static_OUTCAR,-280.3806012400,-280.3805999300,fcc,4.0,32,517.24225786,4.01360538,,8.02721077,8.02721077,8.02721077,yes,CLEANED:0,FCC_SQS,Si16Ta16
Si16Tb16,OK,0,0,0,static_OUTCAR,-170.8513364100,-170.8504979200,fcc,4.0,32,706.02221864,4.45221499,,8.90442997,8.90442997,8.90442997,no,CLEANED:0,FCC_SQS,Si16Tb16
Si16Ti16,OK,0,0,0,static_OUTCAR,-222.3598973400,-222.3586889600,fcc,4.0,32,479.80066089,3.91432563,,7.82865126,7.82865126,7.82865126,yes,CLEANED:0,FCC_SQS,Si16Ti16
Si16V16,OK,0,0,0,static_OUTCAR,-237.5815420600,-237.5818922100,fcc,4.0,32,419.65421206,3.74340831,,7.48681662,7.48681662,7.48681662,yes,CLEANED:0,FCC_SQS,Si16V16
Si16W16,OK,0,0,0,static_OUTCAR,-290.2906097100,-290.2916017800,fcc,4.0,32,474.98887739,3.90119643,,7.80239285,7.80239285,7.80239285,yes,CLEANED:0,FCC_SQS,Si16W16
Si16Y16,OK,0,0,0,static_OUTCAR,-203.0383252600,-203.0374571500,fcc,4.0,32,705.89515069,4.45194787,,8.90389574,8.90389574,8.90389574,no,CLEANED:0,FCC_SQS,Si16Y16
Si16Zn16,OK,0,0,0,static_OUTCAR,-95.2627198400,-95.2618990000,fcc,4.0,32,489.68844247,3.94103195,,7.88206390,7.88206390,7.88206390,no,CLEANED:0,FCC_SQS,Si16Zn16
Si16Zr16,OK,0,0,0,static_OUTCAR,-235.2227649000,-235.2237619200,fcc,4.0,32,591.08590395,4.19617448,,8.39234897,8.39234897,8.39234897,no,CLEANED:0,FCC_SQS,Si16Zr16
Si24Sn8,OK,0,0,0,static_OUTCAR,-147.8965101900,-147.8960870900,fcc,4.0,32,605.50439011,4.23002015,,8.46004030,8.46004030,8.46004030,no,CLEANED:0,FCC_SQS,Si24Sn8
Si24Ta8,OK,0,0,0,static_OUTCAR,-223.4466509800,-223.4468091800,fcc,4.0,32,481.88002795,3.91997214,,7.83994427,7.83994427,7.83994427,yes,CLEANED:0,FCC_SQS,Si24Ta8
Si24Tb8,OK,0,0,0,static_OUTCAR,-170.7226912100,-170.7215059200,fcc,4.0,32,588.49988883,4.19004608,,8.38009216,8.38009216,8.38009216,no,CLEANED:0,FCC_SQS,Si24Tb8
Si24Ti8,OK,0,0,0,static_OUTCAR,-195.5486995600,-195.5481856800,fcc,4.0,32,458.65208447,3.85594764,,7.71189528,7.71189528,7.71189528,yes,CLEANED:0,FCC_SQS,Si24Ti8
Si24V8,OK,0,0,0,static_OUTCAR,-202.0584655500,-202.0595689600,fcc,4.0,32,424.03792866,3.75639776,,7.51279551,7.51279551,7.51279551,yes,CLEANED:0,FCC_SQS,Si24V8
Si24W8,OK,0,0,0,static_OUTCAR,-228.1853604000,-228.1855841400,fcc,4.0,32,455.32077628,3.84658937,,7.69317874,7.69317874,7.69317874,yes,CLEANED:0,FCC_SQS,Si24W8
Si24Y8,OK,0,0,0,static_OUTCAR,-185.8786955500,-185.8783939400,fcc,4.0,32,584.65708572,4.18090607,,8.36181213,8.36181213,8.36181213,no,CLEANED:0,FCC_SQS,Si24Y8
Si24Zn8,OK,0,0,0,static_OUTCAR,-126.0726129200,-126.0714673800,fcc,4.0,32,478.28254499,3.91019289,,7.82038578,7.82038578,7.82038578,no,CLEANED:0,FCC_SQS,Si24Zn8
Si24Zr8,OK,0,0,0,static_OUTCAR,-202.7843597500,-202.7846470700,fcc,4.0,32,524.64867804,4.03267168,,8.06534336,8.06534336,8.06534336,yes,CLEANED:0,FCC_SQS,Si24Zr8
Si8Sn24,OK,0,0,0,static_OUTCAR,-128.3854886300,-128.3864401600,fcc,4.0,32,799.10924530,4.63986548,,9.27973096,9.27973096,9.27973096,no,CLEANED:0,FCC_SQS,Si8Sn24
Si8Ta24,OK,0,0,0,static_OUTCAR,-329.6267502000,-329.6262536500,fcc,4.0,32,554.39200001,4.10748188,,8.21496375,8.21496375,8.21496375,yes,CLEANED:0,FCC_SQS,Si8Ta24
Si8Tb24,OK,0,0,0,static_OUTCAR,-160.2063432100,-160.2055878700,fcc,4.0,32,848.54765378,4.73364208,,9.46728415,9.46728415,9.46728415,no,CLEANED:0,FCC_SQS,Si8Tb24
Si8Ti24,OK,0,0,0,static_OUTCAR,-239.8434634600,-239.8438089100,fcc,4.0,32,510.19501101,3.99529397,,7.99058795,7.99058795,7.99058795,yes,CLEANED:0,FCC_SQS,Si8Ti24
Si8V24,OK,0,0,0,static_OUTCAR,-264.8820593700,-264.8819741200,fcc,4.0,32,427.53355491,3.76669168,,7.53338336,7.53338336,7.53338336,yes,CLEANED:0,FCC_SQS,Si8V24
Si8W24,OK,0,0,0,static_OUTCAR,-347.9037183000,-347.9022483000,fcc,4.0,32,501.61600000,3.97277343,,7.94554686,7.94554686,7.94554686,yes,CLEANED:0,FCC_SQS,Si8W24
Si8Y24,OK,0,0,0,static_OUTCAR,-204.8517112400,-204.8524063600,fcc,4.0,32,854.65193768,4.74496593,,9.48993185,9.48993185,9.48993185,no,CLEANED:0,FCC_SQS,Si8Y24
Si8Zn24,OK,0,0,0,static_OUTCAR,-64.4574955400,-64.4586309000,fcc,4.0,32,489.79986332,3.94133083,,7.88266167,7.88266167,7.88266167,yes,CLEANED:0,FCC_SQS,Si8Zn24
Si8Zr24,OK,0,0,0,static_OUTCAR,-255.9590057000,-255.9589968300,fcc,4.0,32,660.56395438,4.35453342,,8.70906684,8.70906684,8.70906684,yes,CLEANED:0,FCC_SQS,Si8Zr24
Sn16Sn16,OK,0,0,0,static_OUTCAR,-121.2070912300,-121.2168602800,fcc,4.0,32,883.55200001,4.79785784,,9.59571568,9.59571568,9.59571568,yes,CLEANED:0,FCC_SQS,Sn16Sn16
Sn16Ta16,OK,0,0,0,static_OUTCAR,-243.8869240200,-243.8879626600,fcc,4.0,32,654.32298259,4.34077621,,8.68155241,8.68155241,8.68155241,yes,CLEANED:0,FCC_SQS,Sn16Ta16
Sn16Ti16,OK,0,0,0,static_OUTCAR,-190.6063303200,-190.6066979100,fcc,4.0,32,653.27410584,4.33845555,,8.67691110,8.67691110,8.67691110,yes,CLEANED:0,FCC_SQS,Sn16Ti16
Sn16W16,OK,0,0,0,static_OUTCAR,-249.1063561400,-249.1047093900,fcc,4.0,32,607.27410508,4.23413719,,8.46827438,8.46827438,8.46827438,yes,CLEANED:0,FCC_SQS,Sn16W16
Sn16Y16,OK,0,0,0,static_OUTCAR,-177.9448829000,-177.9454413900,fcc,4.0,32,885.68141687,4.80170913,,9.60341826,9.60341826,9.60341826,yes,CLEANED:0,FCC_SQS,Sn16Y16
Sn16Zn16,OK,0,0,0,static_OUTCAR,-75.8947748400,-75.8949209900,fcc,4.0,32,726.43298165,4.49471186,,8.98942371,8.98942371,8.98942371,no,CLEANED:0,FCC_SQS,Sn16Zn16
Sn16Zr16,OK,0,0,0,static_OUTCAR,-206.8194538500,-206.8192808200,fcc,4.0,32,746.25430926,4.53522622,,9.07045244,9.07045244,9.07045244,yes,CLEANED:0,FCC_SQS,Sn16Zr16
Sn24Ta8,OK,0,0,0,static_OUTCAR,-180.3229593500,-180.3235289100,fcc,4.0,32,807.93599999,4.65688655,,9.31377309,9.31377309,9.31377309,no,CLEANED:0,FCC_SQS,Sn24Ta8
Sn24Tb8,OK,0,0,0,static_OUTCAR,-138.4053394600,-138.4040759200,fcc,4.0,32,869.52841063,4.77233875,,9.54467750,9.54467750,9.54467750,no,CLEANED:0,FCC_SQS,Sn24Tb8
Sn24Ti8,OK,0,0,0,static_OUTCAR,-155.3332870800,-155.3326349200,fcc,4.0,32,753.15691745,4.54916645,,9.09833290,9.09833290,9.09833290,yes,CLEANED:0,FCC_SQS,Sn24Ti8
Sn24Y8,OK,0,0,0,static_OUTCAR,-153.5867741500,-153.5858581600,fcc,4.0,32,868.43366855,4.77033511,,9.54067021,9.54067021,9.54067021,no,CLEANED:0,FCC_SQS,Sn24Y8
Sn24Zn8,OK,0,0,0,static_OUTCAR,-97.6506816800,-97.6526808400,fcc,4.0,32,825.18095929,4.68978648,,9.37957296,9.37957296,9.37957296,yes,CLEANED:0,FCC_SQS,Sn24Zn8
Sn24Zr8,OK,0,0,0,static_OUTCAR,-165.1595508300,-165.1605343200,fcc,4.0,32,790.25965251,4.62267407,,9.24534815,9.24534815,9.24534815,yes,CLEANED:0,FCC_SQS,Sn24Zr8
Sn8Ta24,OK,0,0,0,static_OUTCAR,-308.7216649100,-308.7220554300,fcc,4.0,32,656.70399999,4.34603505,,8.69207011,8.69207011,8.69207011,yes,CLEANED:0,FCC_SQS,Sn8Ta24
Sn8Tb24,OK,0,0,0,static_OUTCAR,-149.4340600700,-149.4348438700,fcc,4.0,32,937.58727996,4.89373641,,9.78747282,9.78747282,9.78747282,yes,CLEANED:0,FCC_SQS,Sn8Tb24
Sn8Ti24,OK,0,0,0,static_OUTCAR,-222.5655913200,-222.5676893900,fcc,4.0,32,591.03928584,4.19606416,,8.39212833,8.39212833,8.39212833,yes,CLEANED:0,FCC_SQS,Sn8Ti24
Sn8W24,OK,0,0,0,static_OUTCAR,-324.3802129800,-324.3782180000,fcc,4.0,32,553.46136459,4.10518223,,8.21036447,8.21036447,8.21036447,yes,CLEANED:0,FCC_SQS,Sn8W24
Sn8Y24,OK,0,0,0,static_OUTCAR,-194.5581944800,-194.5587245500,fcc,4.0,32,942.39362240,4.90208439,,9.80416879,9.80416879,9.80416879,yes,CLEANED:0,FCC_SQS,Sn8Y24
Sn8Zn24,OK,0,0,0,static_OUTCAR,-54.6258156100,-54.6270698400,fcc,4.0,32,617.74667311,4.25833812,,8.51667625,8.51667625,8.51667625,yes,CLEANED:0,FCC_SQS,Sn8Zn24
Sn8Zr24,OK,0,0,0,static_OUTCAR,-242.6034330600,-242.6034853400,fcc,4.0,32,732.85655712,4.50792135,,9.01584270,9.01584270,9.01584270,yes,CLEANED:0,FCC_SQS,Sn8Zr24
Ta16Ta16,OK,0,0,0,static_OUTCAR,-370.2519031300,-370.2716563700,fcc,4.0,32,603.89877873,4.22627794,,8.45255588,8.45255588,8.45255588,yes,CLEANED:0,FCC_SQS,Ta16Ta16
Ta16Tb16,OK,0,0,0,static_OUTCAR,-249.5379189300,-249.5363819200,fcc,4.0,32,735.01383008,4.51234026,,9.02468053,9.02468053,9.02468053,yes,CLEANED:0,FCC_SQS,Ta16Tb16
Ta16Ti16,OK,0,0,0,static_OUTCAR,-309.7065241200,-309.7092712300,fcc,4.0,32,578.32976032,4.16576901,,8.33153802,8.33153802,8.33153802,yes,CLEANED:0,FCC_SQS,Ta16Ti16
Ta16V16,OK,0,0,0,static_OUTCAR,-326.0180430000,-326.0189164300,fcc,4.0,32,531.73261810,4.05074065,,8.10148130,8.10148130,8.10148130,yes,CLEANED:0,FCC_SQS,Ta16V16
Ta16W16,OK,0,0,0,static_OUTCAR,-387.0191753900,-387.0184078400,fcc,4.0,32,562.44225408,4.12726782,,8.25453563,8.25453563,8.25453563,yes,CLEANED:0,FCC_SQS,Ta16W16
Ta16Y16,OK,0,0,0,static_OUTCAR,-279.6025750200,-279.6005756900,fcc,4.0,32,738.36500230,4.51918762,,9.03837524,9.03837524,9.03837524,yes,CLEANED:0,FCC_SQS,Ta16Y16
Ta16Zn16,OK,0,0,0,static_OUTCAR,-203.2314030900,-203.2308355000,fcc,4.0,32,538.16116352,4.06699953,,8.13399906,8.13399906,8.13399906,yes,CLEANED:0,FCC_SQS,Ta16Zn16
Ta16Zr16,OK,0,0,0,static_OUTCAR,-319.5083517900,-319.5085577300,fcc,4.0,32,662.18445375,4.35809137,,8.71618274,8.71618274,8.71618274,yes,CLEANED:0,FCC_SQS,Ta16Zr16
Ta24Tb8,OK,0,0,0,static_OUTCAR,-307.2110635000,-307.2110767000,fcc,4.0,32,658.54694622,4.35009677,,8.70019353,8.70019353,8.70019353,yes,CLEANED:0,FCC_SQS,Ta24Tb8
Ta24Ti8,OK,0,0,0,static_OUTCAR,-341.1195452200,-341.1213986400,fcc,4.0,32,590.35657648,4.19444792,,8.38889584,8.38889584,8.38889584,yes,CLEANED:0,FCC_SQS,Ta24Ti8
Ta24V8,OK,0,0,0,static_OUTCAR,-348.9082529200,-348.9080500200,fcc,4.0,32,569.51310007,4.14449141,,8.28898282,8.28898282,8.28898282,yes,CLEANED:0,FCC_SQS,Ta24V8
Ta24W8,OK,0,0,0,static_OUTCAR,-379.3036287500,-379.3049397900,fcc,4.0,32,582.45216894,4.17564363,,8.35128726,8.35128726,8.35128726,yes,CLEANED:0,FCC_SQS,Ta24W8
Ta24Y8,OK,0,0,0,static_OUTCAR,-322.3072561800,-322.3096589100,fcc,4.0,32,659.43823951,4.35205839,,8.70411678,8.70411678,8.70411678,yes,CLEANED:0,FCC_SQS,Ta24Y8
Ta24Zn8,OK,0,0,0,static_OUTCAR,-287.8736139000,-287.8722340700,fcc,4.0,32,567.40040892,4.13936020,,8.27872039,8.27872039,8.27872039,yes,CLEANED:0,FCC_SQS,Ta24Zn8
Ta24Zr8,OK,0,0,0,static_OUTCAR,-344.9943214800,-344.9958461500,fcc,4.0,32,631.49278042,4.28969223,,8.57938446,8.57938446,8.57938446,yes,CLEANED:0,FCC_SQS,Ta24Zr8
Ta8Tb24,OK,0,0,0,static_OUTCAR,-195.1683332600,-195.1677428800,fcc,4.0,32,853.50900280,4.74284982,,9.48569964,9.48569964,9.48569964,yes,CLEANED:0,FCC_SQS,Ta8Tb24
Ta8Ti24,OK,0,0,0,static_OUTCAR,-278.6531011200,-278.6524272700,fcc,4.0,32,565.29818376,4.13424174,,8.26848349,8.26848349,8.26848349,yes,CLEANED:0,FCC_SQS,Ta8Ti24
Ta8V24,OK,0,0,0,static_OUTCAR,-304.2469261300,-304.2464148500,fcc,4.0,32,490.09591626,3.94212477,,7.88424954,7.88424954,7.88424954,yes,CLEANED:0,FCC_SQS,Ta8V24
Ta8W24,OK,0,0,0,static_OUTCAR,-394.8187987800,-394.8188075400,fcc,4.0,32,543.47999137,4.08035414,,8.16070828,8.16070828,8.16070828,yes,CLEANED:0,FCC_SQS,Ta8W24
Ta8Y24,OK,0,0,0,static_OUTCAR,-239.9851147800,-239.9842586000,fcc,4.0,32,860.76166925,4.75624602,,9.51249204,9.51249204,9.51249204,yes,CLEANED:0,FCC_SQS,Ta8Y24
Ta8Zn24,OK,0,0,0,static_OUTCAR,-118.8126077400,-118.8123172200,fcc,4.0,32,507.80603086,3.98904825,,7.97809650,7.97809650,7.97809650,yes,CLEANED:0,FCC_SQS,Ta8Zn24
Ta8Zr24,OK,0,0,0,static_OUTCAR,-294.2553566200,-294.2530401100,fcc,4.0,32,697.75528931,4.43476948,,8.86953896,8.86953896,8.86953896,yes,CLEANED:0,FCC_SQS,Ta8Zr24
Tb16Tb16,OK,0,0,0,static_OUTCAR,-145.7748489700,-145.7858941700,fcc,4.0,32,1022.28505087,5.03686922,,10.07373843,10.07373843,10.07373843,yes,CLEANED:0,FCC_SQS,Tb16Tb16
Tb16Ti16,OK,0,0,0,static_OUTCAR,-189.8455515900,-189.8435926200,fcc,4.0,32,754.76511083,4.55240205,,9.10480409,9.10480409,9.10480409,yes,CLEANED:0,FCC_SQS,Tb16Ti16
Tb16W16,OK,0,0,0,static_OUTCAR,-261.5710054200,-261.5712677800,fcc,4.0,32,674.21704220,4.38433011,,8.76866022,8.76866022,8.76866022,yes,CLEANED:0,FCC_SQS,Tb16W16
Tb16Y16,OK,0,0,0,static_OUTCAR,-175.4352535600,-175.4372096300,fcc,4.0,32,1029.00431104,5.04788055,,10.09576109,10.09576109,10.09576109,yes,CLEANED:0,FCC_SQS,Tb16Y16
Tb16Zn16,OK,0,0,0,static_OUTCAR,-95.7983256400,-95.7991727700,fcc,4.0,32,764.98270531,4.57285268,,9.14570535,9.14570535,9.14570535,no,CLEANED:0,FCC_SQS,Tb16Zn16
Tb16Zr16,OK,0,0,0,static_OUTCAR,-205.6523835100,-205.6548876600,fcc,4.0,32,853.80718172,4.74340207,,9.48680414,9.48680414,9.48680414,yes,CLEANED:0,FCC_SQS,Tb16Zr16
Tb24Ti8,OK,0,0,0,static_OUTCAR,-165.9890442800,-165.9889258600,fcc,4.0,32,882.85154814,4.79658964,,9.59317928,9.59317928,9.59317928,yes,CLEANED:0,FCC_SQS,Tb24Ti8
Tb24V8,OK,0,0,0,static_OUTCAR,-170.6734716000,-170.6718719800,fcc,4.0,32,881.08250534,4.79338373,,9.58676745,9.58676745,9.58676745,yes,CLEANED:0,FCC_SQS,Tb24V8
Tb24W8,OK,0,0,0,static_OUTCAR,-200.6604309500,-200.6604409100,fcc,4.0,32,809.97857737,4.66080767,,9.32161534,9.32161534,9.32161534,no,CLEANED:0,FCC_SQS,Tb24W8
Tb24Y8,OK,0,0,0,static_OUTCAR,-160.6041742600,-160.6106472200,fcc,4.0,32,1025.44694447,5.04205683,,10.08411365,10.08411365,10.08411365,yes,CLEANED:0,FCC_SQS,Tb24Y8
Tb24Zn8,OK,0,0,0,static_OUTCAR,-119.8096752900,-119.8098275800,fcc,4.0,32,890.71727204,4.81079254,,9.62158508,9.62158508,9.62158508,yes,CLEANED:0,FCC_SQS,Tb24Zn8
Tb24Zr8,OK,0,0,0,static_OUTCAR,-175.1093320400,-175.1049114300,fcc,4.0,32,925.02961104,4.87178988,,9.74357977,9.74357977,9.74357977,yes,CLEANED:0,FCC_SQS,Tb24Zr8
Tb8Ti24,OK,0,0,0,static_OUTCAR,-217.0340661800,-217.0332282900,fcc,4.0,32,645.03583141,4.32014129,,8.64028259,8.64028259,8.64028259,yes,CLEANED:0,FCC_SQS,Tb8Ti24
Tb8W24,OK,0,0,0,static_OUTCAR,-326.9345980000,-326.9344026000,fcc,4.0,32,590.12113589,4.19389025,,8.38778049,8.38778049,8.38778049,yes,CLEANED:0,FCC_SQS,Tb8W24
Tb8Y24,OK,0,0,0,static_OUTCAR,-190.2709550500,-190.2679517400,fcc,4.0,32,1032.38570558,5.05340375,,10.10680751,10.10680751,10.10680751,yes,CLEANED:0,FCC_SQS,Tb8Y24
Tb8Zn24,OK,0,0,0,static_OUTCAR,-68.7320722800,-68.7314359000,fcc,4.0,32,636.06821966,4.30002754,,8.60005507,8.60005507,8.60005507,no,CLEANED:0,FCC_SQS,Tb8Zn24
Tb8Zr24,OK,0,0,0,static_OUTCAR,-237.6950000000,-237.6971995500,fcc,4.0,32,792.92564047,4.62786653,,9.25573305,9.25573305,9.25573305,yes,CLEANED:0,FCC_SQS,Tb8Zr24
Ti16Ti16,OK,0,0,0,static_OUTCAR,-247.8172006100,-247.8147849900,fcc,4.0,32,554.49242022,4.10772987,,8.21545973,8.21545973,8.21545973,yes,CLEANED:0,FCC_SQS,Ti16Ti16
Ti16V16,OK,0,0,0,static_OUTCAR,-263.7349653100,-263.7350481600,fcc,4.0,32,495.96011090,3.95778551,,7.91557101,7.91557101,7.91557101,yes,CLEANED:0,FCC_SQS,Ti16V16
Ti16W16,OK,0,0,0,static_OUTCAR,-325.5588683100,-325.5572347100,fcc,4.0,32,532.38805151,4.05240433,,8.10480866,8.10480866,8.10480866,yes,CLEANED:0,FCC_SQS,Ti16W16
Ti16Y16,OK,0,0,0,static_OUTCAR,-219.6790768100,-219.6789504200,fcc,4.0,32,760.53744981,4.56397797,,9.12795593,9.12795593,9.12795593,yes,CLEANED:0,FCC_SQS,Ti16Y16
Ti16Zn16,OK,0,0,0,static_OUTCAR,-145.3019898900,-145.3019064900,fcc,4.0,32,510.45151246,3.99596341,,7.99192682,7.99192682,7.99192682,yes,CLEANED:0,FCC_SQS,Ti16Zn16
Ti16Zr16,OK,0,0,0,static_OUTCAR,-258.2441557000,-258.2425058600,fcc,4.0,32,635.88800000,4.29962138,,8.59924277,8.59924277,8.59924277,yes,CLEANED:0,FCC_SQS,Ti16Zr16
Ti24V8,OK,0,0,0,static_OUTCAR,-254.9143273500,-254.9106239300,fcc,4.0,32,523.69415921,4.03022458,,8.06044917,8.06044917,8.06044917,yes,CLEANED:0,FCC_SQS,Ti24V8
Ti24W8,OK,0,0,0,static_OUTCAR,-286.4102897900,-286.4116549800,fcc,4.0,32,539.30895124,4.06988884,,8.13977767,8.13977767,8.13977767,yes,CLEANED:0,FCC_SQS,Ti24W8
Ti24Y8,OK,0,0,0,static_OUTCAR,-231.7071712400,-231.7089797700,fcc,4.0,32,648.35339347,4.32753511,,8.65507023,8.65507023,8.65507023,yes,CLEANED:0,FCC_SQS,Ti24Y8
Ti24Zn8,OK,0,0,0,static_OUTCAR,-197.3652347300,-197.3649080800,fcc,4.0,32,531.15846109,4.04928215,,8.09856430,8.09856430,8.09856430,yes,CLEANED:0,FCC_SQS,Ti24Zn8
Ti24Zr8,OK,0,0,0,static_OUTCAR,-252.7802856400,-252.7778540100,fcc,4.0,32,602.14332077,4.22217888,,8.44435776,8.44435776,8.44435776,yes,CLEANED:0,FCC_SQS,Ti24Zr8
Ti8V24,OK,0,0,0,static_OUTCAR,-273.4556750500,-273.4551793000,fcc,4.0,32,469.38918632,3.88580525,,7.77161051,7.77161051,7.77161051,yes,CLEANED:0,FCC_SQS,Ti8V24
Ti8W24,OK,0,0,0,static_OUTCAR,-363.7782805300,-363.7790345100,fcc,4.0,32,528.53190794,4.04259662,,8.08519323,8.08519323,8.08519323,yes,CLEANED:0,FCC_SQS,Ti8W24
Ti8Y24,OK,0,0,0,static_OUTCAR,-210.5088799300,-210.5101737100,fcc,4.0,32,891.73804548,4.81262958,,9.62525917,9.62525917,9.62525917,yes,CLEANED:0,FCC_SQS,Ti8Y24
Ti8Zn24,OK,0,0,0,static_OUTCAR,-91.3073612400,-91.3097444100,fcc,4.0,32,493.82858628,3.95210748,,7.90421495,7.90421495,7.90421495,yes,CLEANED:0,FCC_SQS,Ti8Zn24
Ti8Zr24,OK,0,0,0,static_OUTCAR,-264.6130925400,-264.6173527700,fcc,4.0,32,695.17199854,4.42928978,,8.85857956,8.85857956,8.85857956,yes,CLEANED:0,FCC_SQS,Ti8Zr24
V16V16,OK,0,0,0,static_OUTCAR,-280.0232083600,-280.0222269200,fcc,4.0,32,444.78980997,3.81670225,,7.63340450,7.63340450,7.63340450,yes,CLEANED:0,FCC_SQS,V16V16
V16W16,OK,0,0,0,static_OUTCAR,-342.7640840600,-342.7657463000,fcc,4.0,32,491.02138049,3.94460456,,7.88920911,7.88920911,7.88920911,yes,CLEANED:0,FCC_SQS,V16W16
V16Zn16,OK,0,0,0,static_OUTCAR,-158.6307623400,-158.6312144200,fcc,4.0,32,448.57053811,3.82748578,,7.65497157,7.65497157,7.65497157,yes,CLEANED:0,FCC_SQS,V16Zn16
V24Zn8,OK,0,0,0,static_OUTCAR,-220.6873209700,-220.6867274200,fcc,4.0,32,441.85868097,3.80829984,,7.61659969,7.61659969,7.61659969,yes,CLEANED:0,FCC_SQS,V24Zn8
V8W24,OK,0,0,0,static_OUTCAR,-372.5640090500,-372.5650067500,fcc,4.0,32,509.50785862,3.99349949,,7.98699898,7.98699898,7.98699898,yes,CLEANED:0,FCC_SQS,V8W24
V8Zn24,OK,0,0,0,static_OUTCAR,-96.8540708700,-96.8542224000,fcc,4.0,32,460.58820220,3.86136576,,7.72273151,7.72273151,7.72273151,yes,CLEANED:0,FCC_SQS,V8Zn24
W16W16,OK,0,0,0,static_OUTCAR,-398.9856029300,-398.9909404700,fcc,4.0,32,526.48743039,4.03737733,,8.07475466,8.07475466,8.07475466,yes,CLEANED:0,FCC_SQS,W16W16
W16Y16,OK,0,0,0,static_OUTCAR,-292.5356512300,-292.5377883300,fcc,4.0,32,675.03989740,4.38611302,,8.77222604,8.77222604,8.77222604,yes,CLEANED:0,FCC_SQS,W16Y16
W16Zn16,OK,0,0,0,static_OUTCAR,-214.5485968000,-214.5499941600,fcc,4.0,32,491.40356159,3.94562770,,7.89125541,7.89125541,7.89125541,yes,CLEANED:0,FCC_SQS,W16Zn16
W16Zr16,OK,0,0,0,static_OUTCAR,-333.1686028600,-333.1675711100,fcc,4.0,32,613.09939972,4.24763282,,8.49526564,8.49526564,8.49526564,yes,CLEANED:0,FCC_SQS,W16Zr16
W24Y8,OK,0,0,0,static_OUTCAR,-342.6811517800,-342.6812601300,fcc,4.0,32,590.35578776,4.19444605,,8.38889210,8.38889210,8.38889210,yes,CLEANED:0,FCC_SQS,W24Y8
W24Zn8,OK,0,0,0,static_OUTCAR,-307.6278676600,-307.6261634500,fcc,4.0,32,506.87076133,3.98659775,,7.97319551,7.97319551,7.97319551,yes,CLEANED:0,FCC_SQS,W24Zn8
W24Zr8,OK,0,0,0,static_OUTCAR,-366.2815781200,-366.2829705100,fcc,4.0,32,567.12194119,4.13868292,,8.27736583,8.27736583,8.27736583,yes,CLEANED:0,FCC_SQS,W24Zr8
W8Y24,OK,0,0,0,static_OUTCAR,-246.1525677000,-246.1517038600,fcc,4.0,32,815.90343390,4.67214441,,9.34428882,9.34428882,9.34428882,yes,CLEANED:0,FCC_SQS,W8Y24
W8Zn24,OK,0,0,0,static_OUTCAR,-123.2144129700,-123.2141822600,fcc,4.0,32,479.10981975,3.91244605,,7.82489210,7.82489210,7.82489210,yes,CLEANED:0,FCC_SQS,W8Zn24
W8Zr24,OK,0,0,0,static_OUTCAR,-300.7262994800,-300.7257964500,fcc,4.0,32,669.83656897,4.37481429,,8.74962858,8.74962858,8.74962858,yes,CLEANED:0,FCC_SQS,W8Zr24
Y16Y16,OK,0,0,0,static_OUTCAR,-205.0917840900,-205.0898791400,fcc,4.0,32,1035.23625805,5.05805052,,10.11610103,10.11610103,10.11610103,yes,CLEANED:0,FCC_SQS,Y16Y16
Y16Zn16,OK,0,0,0,static_OUTCAR,-126.3323267600,-126.3344336700,fcc,4.0,32,769.08654362,4.58101530,,9.16203059,9.16203059,9.16203059,no,CLEANED:0,FCC_SQS,Y16Zn16
Y16Zr16,OK,0,0,0,static_OUTCAR,-235.4603813400,-235.4608928500,fcc,4.0,32,858.42783626,4.75194350,,9.50388700,9.50388700,9.50388700,yes,CLEANED:0,FCC_SQS,Y16Zr16
Y24Zn8,OK,0,0,0,static_OUTCAR,-164.9409894300,-164.9422058600,fcc,4.0,32,900.09600953,4.82761858,,9.65523715,9.65523715,9.65523715,yes,CLEANED:0,FCC_SQS,Y24Zn8
Y24Zr8,OK,0,0,0,static_OUTCAR,-219.6624523400,-219.6642731200,fcc,4.0,32,935.94880477,4.89088407,,9.78176815,9.78176815,9.78176815,yes,CLEANED:0,FCC_SQS,Y24Zr8
Y8Zn24,OK,0,0,0,static_OUTCAR,-84.5562710000,-84.5567618300,fcc,4.0,32,634.92450969,4.29744871,,8.59489741,8.59489741,8.59489741,no,CLEANED:0,FCC_SQS,Y8Zn24
Y8Zr24,OK,0,0,0,static_OUTCAR,-252.6338075300,-252.6356680700,fcc,4.0,32,795.53480700,4.63293705,,9.26587411,9.26587411,9.26587411,yes,CLEANED:0,FCC_SQS,Y8Zr24
Zn16Zn16,OK,0,0,0,static_OUTCAR,-34.5436893700,-34.5467946900,fcc,4.0,32,484.95173100,3.92828368,,7.85656735,7.85656735,7.85656735,yes,CLEANED:0,FCC_SQS,Zn16Zn16
Zn16Zr16,OK,0,0,0,static_OUTCAR,-157.2521649900,-157.2525334900,fcc,4.0,32,623.18364647,4.27079462,,8.54158924,8.54158924,8.54158924,yes,CLEANED:0,FCC_SQS,Zn16Zr16
Zn24Zr8,OK,0,0,0,static_OUTCAR,-97.7092250800,-97.7102410300,fcc,4.0,32,559.60868117,4.12032511,,8.24065023,8.24065023,8.24065023,yes,CLEANED:0,FCC_SQS,Zn24Zr8
Zn8Zr24,OK,0,0,0,static_OUTCAR,-214.5237196600,-214.5244206900,fcc,4.0,32,681.88099949,4.40088007,,8.80176015,8.80176015,8.80176015,yes,CLEANED:0,FCC_SQS,Zn8Zr24
Zr16Zr16,OK,0,0,0,static_OUTCAR,-271.3792553700,-271.4105213000,fcc,4.0,32,740.13851651,4.52280301,,9.04560603,9.04560603,9.04560603,yes,CLEANED:0,FCC_SQS,Zr16Zr16
Ag64Ag64,OK,0,0,0,static_OUTCAR,-343.7928143900,-343.7892564600,bcc,2.0,128,2290.91988755,3.29566689,3.29566689,13.18266758,13.18266758,13.18266758,yes,CLEANED:0,BCC_SQS,Ag64Ag64
Al64Al64,OK,0,0,0,static_OUTCAR,-467.2667244900,-467.2557214400,bcc,2.0,128,2180.09872004,3.24164457,3.24164457,12.96657829,12.96657829,12.96657829,yes,CLEANED:0,BCC_SQS,Al64Al64
Au64Au64,OK,0,0,0,static_OUTCAR,-409.8684726400,-409.8708645400,bcc,2.0,128,2299.88420027,3.29995992,3.29995992,13.19983968,13.19983968,13.19983968,yes,CLEANED:0,BCC_SQS,Au64Au64
Be64Be64,OK,0,0,0,static_OUTCAR,-469.1545753300,-469.1587066100,bcc,2.0,128,1003.23084744,2.50268948,2.50268948,10.01075791,10.01075791,10.01075791,yes,CLEANED:0,BCC_SQS,Be64Be64
Ca64Ca64,OK,0,0,0,static_OUTCAR,-244.5274287000,-244.6395425300,bcc,2.0,128,5379.20000002,4.38038792,4.38038792,17.52155168,17.52155168,17.52155168,yes,CLEANED:0,BCC_SQS,Ca64Ca64
Co64Co64,OK,0,0,0,static_OUTCAR,-889.4117573000,-889.4041705400,bcc,2.0,128,1417.06105595,2.80803724,2.80803724,11.23214896,11.23214896,11.23214896,yes,CLEANED:0,BCC_SQS,Co64Co64
Cr64Cr64,OK,0,0,0,static_OUTCAR,-1218.1680534900,-1218.1701512700,bcc,2.0,128,1474.56179244,2.84551580,2.84551580,11.38206319,11.38206319,11.38206319,yes,CLEANED:0,BCC_SQS,Cr64Cr64
Cu64Cu64,OK,0,0,0,static_OUTCAR,-475.1479147900,-475.1674652900,bcc,2.0,128,1514.75589533,2.87113905,2.87113905,11.48455620,11.48455620,11.48455620,yes,CLEANED:0,BCC_SQS,Cu64Cu64
Be96Cu32,OK,0,0,0,static_OUTCAR,-482.6907159500,-482.6905288500,bcc,2.0,128,1158.29741842,2.62550815,2.62550815,10.50203262,10.50203262,10.50203262,yes,CLEANED:0,BCC_SQS,Be96Cu32
Be96Si32,OK,0,0,0,static_OUTCAR,-497.4578575300,-497.4576642000,bcc,2.0,128,1252.38400002,2.69475433,2.69475433,10.77901733,10.77901733,10.77901733,no,CLEANED:0,BCC_SQS,Be96Si32
Fe64Fe64,OK,0,0,0,static_OUTCAR,-1058.7039821800,-1058.7132505900,bcc,2.0,128,1447.93600002,2.82828474,2.82828474,11.31313897,11.31313897,11.31313897,yes,CLEANED:0,BCC_SQS,Fe64Fe64
Ge64Ge64,OK,0,0,0,static_OUTCAR,-535.1523851400,-535.1508266100,bcc,2.0,128,2502.20400482,3.39401883,3.39401883,13.57607530,13.57607530,13.57607530,yes,CLEANED:0,BCC_SQS,Ge64Ge64
Hf64Hf64,OK,0,0,0,static_OUTCAR,-1247.2458283900,-1247.2156504100,bcc,2.0,128,2843.07001092,3.54162461,3.54162461,14.16649844,14.16649844,14.16649844,yes,CLEANED:0,BCC_SQS,Hf64Hf64
Ir64Ir64,OK,0,0,0,static_OUTCAR,-1050.3045928000,-1050.5115284900,bcc,2.0,128,1928.26114877,3.11168261,3.11168261,12.44673043,12.44673043,12.44673043,yes,CLEANED:0,BCC_SQS,Ir64Ir64
Mg64Mg64,OK,0,0,0,static_OUTCAR,-188.6472901500,-188.6508494600,bcc,2.0,128,2932.35199998,3.57831616,3.57831616,14.31326462,14.31326462,14.31326462,yes,CLEANED:0,BCC_SQS,Mg64Mg64
Mn64Mn64,OK,0,0,0,static_OUTCAR,-1132.9100970000,-1132.9257790800,bcc,2.0,128,1398.97989519,2.79604292,2.79604292,11.18417167,11.18417167,11.18417167,yes,CLEANED:0,BCC_SQS,Mn64Mn64
Mo64Mo64,OK,0,0,0,static_OUTCAR,-1398.6442704000,-1398.6181102200,bcc,2.0,128,2021.39786631,3.16099598,3.16099598,12.64398390,12.64398390,12.64398390,yes,CLEANED:0,BCC_SQS,Mo64Mo64
Nb64Nb64,OK,0,0,0,static_OUTCAR,-1292.0811209100,-1292.0685805600,bcc,2.0,128,2340.42825102,3.31923845,3.31923845,13.27695380,13.27695380,13.27695380,yes,CLEANED:0,BCC_SQS,Nb64Nb64
Ni64Ni64,OK,0,0,0,static_OUTCAR,-690.5305188900,-690.5032278200,bcc,2.0,128,1385.54410269,2.78706305,2.78706305,11.14825219,11.14825219,11.14825219,yes,CLEANED:0,BCC_SQS,Ni64Ni64
Os64Os64,OK,0,0,0,static_OUTCAR,-1324.0933750600,-1324.1258070400,bcc,2.0,128,1902.71268993,3.09787874,3.09787874,12.39151494,12.39151494,12.39151494,yes,CLEANED:0,BCC_SQS,Os64Os64
Pd64Pd64,OK,0,0,0,static_OUTCAR,-661.7310035900,-661.7607044000,bcc,2.0,128,1971.21463848,3.13461817,3.13461817,12.53847270,12.53847270,12.53847270,yes,CLEANED:0,BCC_SQS,Pd64Pd64
Pt64Pt64,OK,0,0,0,static_OUTCAR,-768.4195848800,-768.4065803900,bcc,2.0,128,2023.37633584,3.16202693,3.16202693,12.64810771,12.64810771,12.64810771,yes,CLEANED:0,BCC_SQS,Pt64Pt64
Rh64Rh64,OK,0,0,0,static_OUTCAR,-883.4388853500,-883.4740926100,bcc,2.0,128,1853.59118242,3.07098711,3.07098711,12.28394844,12.28394844,12.28394844,yes,CLEANED:0,BCC_SQS,Rh64Rh64
Ru64Ru64,OK,0,0,0,static_OUTCAR,-1101.9239246400,-1101.9446021400,bcc,2.0,128,1820.68237096,3.05270429,3.05270429,12.21081718,12.21081718,12.21081718,yes,CLEANED:0,BCC_SQS,Ru64Ru64
Sc64Sc64,OK,0,0,0,static_OUTCAR,-786.4128664800,-786.4347820400,bcc,2.0,128,3183.23199998,3.67758545,3.67758545,14.71034181,14.71034181,14.71034181,yes,CLEANED:0,BCC_SQS,Sc64Sc64
Si64Si64,OK,0,0,0,static_OUTCAR,-627.8808487500,-627.8844285200,bcc,2.0,128,1885.62495560,3.08857710,3.08857710,12.35430842,12.35430842,12.35430842,yes,CLEANED:0,BCC_SQS,Si64Si64
Sn64Sn64,OK,0,0,0,static_OUTCAR,-483.0462535300,-483.0468859000,bcc,2.0,128,3579.70884118,3.82433484,3.82433484,15.29733937,15.29733937,15.29733937,yes,CLEANED:0,BCC_SQS,Sn64Sn64
Ta64Ta64,OK,0,0,0,static_OUTCAR,-1511.8055040000,-1511.8294817500,bcc,2.0,128,2342.25483598,3.32010172,3.32010172,13.28040689,13.28040689,13.28040689,yes,CLEANED:0,BCC_SQS,Ta64Ta64
Ti64Ti64,OK,0,0,0,static_OUTCAR,-984.7421172300,-984.7247779000,bcc,2.0,128,2199.73100378,3.25134609,3.25134609,13.00538436,13.00538436,13.00538436,yes,CLEANED:0,BCC_SQS,Ti64Ti64
V64V64,OK,0,0,0,static_OUTCAR,-1150.9924852900,-1151.0217605400,bcc,2.0,128,1724.46737509,2.99795426,2.99795426,11.99181705,11.99181705,11.99181705,yes,CLEANED:0,BCC_SQS,V64V64
W64W64,OK,0,0,0,static_OUTCAR,-1658.4766945400,-1658.4694238000,bcc,2.0,128,2069.89585960,3.18607631,3.18607631,12.74430526,12.74430526,12.74430526,yes,CLEANED:0,BCC_SQS,W64W64
Zn64Zn64,OK,0,0,0,static_OUTCAR,-130.6225161600,-130.6328718200,bcc,2.0,128,1978.77838517,3.13862234,3.13862234,12.55448935,12.55448935,12.55448935,yes,CLEANED:0,BCC_SQS,Zn64Zn64
Zr64Zr64,OK,0,0,0,static_OUTCAR,-1079.8540643900,-1079.8370641900,bcc,2.0,128,2919.98828758,3.57327997,3.57327997,14.29311989,14.29311989,14.29311989,yes,CLEANED:0,BCC_SQS,Zr64Zr64
Ag64Au64,OK,0,0,0,static_OUTCAR,-381.9154181800,-381.9278137700,bcc,2.0,128,2293.31700883,3.29681598,3.29681598,13.18726390,13.18726390,13.18726390,yes,CLEANED:20,BCC_SQS,Ag64Au64
Ag64Mg64,OK,0,0,0,static_OUTCAR,-287.5491467500,-287.5446576600,bcc,2.0,128,2422.66271765,3.35766730,3.35766730,13.43066919,13.43066919,13.43066919,yes,CLEANED:20,BCC_SQS,Ag64Mg64
Ag64Pd64,OK,0,0,0,static_OUTCAR,-507.5675109800,-507.5728567000,bcc,2.0,128,2119.77449518,3.21146527,3.21146527,12.84586107,12.84586107,12.84586107,yes,CLEANED:20,BCC_SQS,Ag64Pd64
Ag64Si64,OK,0,0,0,static_OUTCAR,-484.9639632600,-484.9625098900,bcc,2.0,128,2168.27896566,3.23577559,3.23577559,12.94310235,12.94310235,12.94310235,no,CLEANED:20,BCC_SQS,Ag64Si64
Al64Be64,OK,0,0,0,static_OUTCAR,-452.8945082000,-452.8927965000,bcc,2.0,128,1656.50384302,2.95804079,2.95804079,11.83216315,11.83216315,11.83216315,no,CLEANED:20,BCC_SQS,Al64Be64
Al64Mg64,OK,0,0,0,static_OUTCAR,-329.8811498000,-329.8816124400,bcc,2.0,128,2502.70405441,3.39424490,3.39424490,13.57697961,13.57697961,13.57697961,yes,CLEANED:20,BCC_SQS,Al64Mg64
Al64Mo64,OK,0,0,0,static_OUTCAR,-951.8034480600,-951.8031062900,bcc,2.0,128,1968.53303414,3.13319610,3.13319610,12.53278441,12.53278441,12.53278441,yes,CLEANED:20,BCC_SQS,Al64Mo64
Al64Nb64,OK,0,0,0,static_OUTCAR,-908.4776004300,-908.4768483100,bcc,2.0,128,2201.80039934,3.25236534,3.25236534,13.00946136,13.00946136,13.00946136,yes,CLEANED:20,BCC_SQS,Al64Nb64
Al64Pd64,OK,0,0,0,static_OUTCAR,-655.8800598500,-655.8794201600,bcc,2.0,128,2052.35199998,3.17704933,3.17704933,12.70819732,12.70819732,12.70819732,no,CLEANED:20,BCC_SQS,Al64Pd64
Al64Si64,OK,0,0,0,static_OUTCAR,-557.4325917600,-557.4341155800,bcc,2.0,128,2011.74013142,3.15595379,3.15595379,12.62381515,12.62381515,12.62381515,no,CLEANED:26,BCC_SQS,Al64Si64
Al64Ta64,OK,0,0,0,static_OUTCAR,-1010.7140988800,-1010.7136816500,bcc,2.0,128,2191.00871848,3.24704303,3.24704303,12.98817212,12.98817212,12.98817212,yes,CLEANED:20,BCC_SQS,Al64Ta64
Al64W64,OK,0,0,0,static_OUTCAR,-1064.5847398000,-1064.5846408700,bcc,2.0,128,1993.16271419,3.14620918,3.14620918,12.58483671,12.58483671,12.58483671,yes,CLEANED:20,BCC_SQS,Al64W64
Al64Zn64,OK,0,0,0,static_OUTCAR,-302.3034851200,-302.3031092900,bcc,2.0,128,2069.95200002,3.18610512,3.18610512,12.74442047,12.74442047,12.74442047,no,CLEANED:20,BCC_SQS,Al64Zn64
Au64Pd64,OK,0,0,0,static_OUTCAR,-542.7036848100,-542.6902848200,bcc,2.0,128,2140.18127081,3.22173782,3.22173782,12.88695127,12.88695127,12.88695127,yes,CLEANED:20,BCC_SQS,Au64Pd64
Be64Co64,OK,0,0,0,static_OUTCAR,-705.7161700000,-705.7127557600,bcc,2.0,128,1222.33600000,2.67302821,2.67302821,10.69211286,10.69211286,10.69211286,yes,CLEANED:20,BCC_SQS,Be64Co64
