dir,status,volume_returncode,relax_returncode,static_returncode,energy_source,energy_eV,free_energy_TOTEN_eV,lattice_type,atoms_per_cubic_cell,natoms,volume_A3,a_lattice_A,a_bcc_A,cell_a_A,cell_b_A,cell_c_A,relax_converged,note,structure_root,case_dir,pair,omega_sf,dh_local,dh_chen,radius_diff_A,en_diff,vec_diff
Ag8Al8,OK,0.0,0.0,0.0,static_OUTCAR,-51.71770935,-51.71739534,bcc,2.0,16.0,275.42168167,3.25313969,3.25313969,6.50627939,6.50627939,6.50627939,yes,CLEANED:0,BCC_SQS,Ag8Al8,Ag-Al,-0.014797665946898752,-0.06694429750000008,-0.041630628749999676,0.026861271168886036,0.31999999999999984,8
Ag8Au8,OK,0.0,0.0,0.0,static_OUTCAR,-47.68912401,-47.6906093,bcc,2.0,16.0,286.81355293,3.29738679,3.29738679,6.59477359,6.59477359,6.59477359,yes,CLEANED:0,BCC_SQS,Ag8Au8,Ag-Au,-0.0006494738022741845,-0.038251912812500066,-0.03839772749999959,0.0016781499054441262,0.6100000000000001,0
Ag8Be8,OK,0.0,0.0,0.0,static_OUTCAR,-48.44549775,-48.44560191,bcc,2.0,16.0,220.69765047,3.0215926,3.0215926,6.04318519,6.04318519,6.04318519,yes,CLEANED:0,BCC_SQS,Ag8Be8,Ag-Be,0.07125107734294006,0.14888248062499976,,0.3905428867058185,0.3599999999999999,9
Ag8Ca8,OK,0.0,0.0,0.0,static_OUTCAR,-39.7405773,-39.7408982,bcc,2.0,16.0,416.88283095,3.73514966,3.73514966,7.47029931,7.47029931,7.47029931,yes,CLEANED:5|SRC:recalc2,BCC_SQS,Ag8Ca8,Ag-Ca,-0.1324046848893474,-0.18718036187499987,,0.5359201504515338,0.9299999999999999,9
Ag8Co8,OK,0.0,0.0,0.0,static_OUTCAR,-72.07718776,-72.07672288,bcc,2.0,16.0,233.91143933,3.08073133,3.08073133,6.16146265,6.16146265,6.16146265,yes,CLEANED:0,BCC_SQS,Ag8Co8,Ag-Co,0.008312665917282773,0.3107789099999998,0.32101505124999985,0.2397304729456471,0.050000000000000044,2
Ag8Cr8,OK,0.0,0.0,0.0,static_OUTCAR,-86.4360596,-86.43578829,bcc,2.0,16.0,264.6405761,3.21012651,3.21012651,6.42025303,6.42025303,6.42025303,yes,CLEANED:0,BCC_SQS,Ag8Cr8,Ag-Cr,0.12396569233888241,0.6975269553125001,0.5182003971875,0.22192551977560027,0.27,5
Ag8Cu8,OK,0.0,0.0,0.0,static_OUTCAR,-49.78144925,-49.78314054,bcc,2.0,16.0,240.84196956,3.11086187,3.11086187,6.22172374,6.22172374,6.22172374,yes,CLEANED:0,BCC_SQS,Ag8Cu8,Ag-Cu,0.012110335379367855,0.08594122562500006,0.10146244968750029,0.209332965864222,0.030000000000000027,0
Ag8Fe8,OK,0.0,0.0,0.0,static_OUTCAR,-82.32775333,-82.32690862,bcc,2.0,16.0,241.31274294,3.11288748,3.11288748,6.22577496,6.22577496,6.22577496,yes,CLEANED:0,BCC_SQS,Ag8Fe8,Ag-Fe,0.03225005159164514,0.3313513190624997,0.3345777462499999,0.23048508097402776,0.09999999999999987,3
Ag8Hf8,OK,0.0,0.0,0.0,static_OUTCAR,-99.74961927,-99.74987576,bcc,2.0,16.0,317.57529728,3.4112921,3.4112921,6.8225842,6.8225842,6.8225842,yes,CLEANED:0,BCC_SQS,Ag8Hf8,Ag-Hf,-0.010483269666229197,-0.021106304375000384,-0.016934164999999446,0.12064698061787515,0.6299999999999999,7
Ag8Ir8,OK,0.0,0.0,0.0,static_OUTCAR,-85.45976211,-85.45968831,bcc,2.0,16.0,255.94833359,3.17458851,3.17458851,6.34917702,6.34917702,6.34917702,yes,CLEANED:0,BCC_SQS,Ag8Ir8,Ag-Ir,-0.03025091055671401,0.10287462968749939,0.10567881187500028,0.09036032845020436,0.27000000000000024,2
Ag8Mg8,OK,0.0,0.0,0.0,static_OUTCAR,-35.95298705,-35.9516151,bcc,2.0,16.0,302.38241063,3.35600176,3.35600176,6.71200351,6.71200351,6.71200351,yes,CLEANED:0,BCC_SQS,Ag8Mg8,Ag-Mg,-0.07400752786181304,-0.16687495031249977,-0.17517353593749974,0.1388097693835395,0.6199999999999999,9
Ag8Mn8,OK,0.0,0.0,0.0,static_OUTCAR,-88.03051125,-88.02861057,bcc,2.0,16.0,264.29461076,3.20872704,3.20872704,6.41745407,6.41745407,6.41745407,yes,CLEANED:0,BCC_SQS,Ag8Mn8,Ag-Mn,0.14559441873022208,0.26481305468749916,0.26252726812499994,0.24640499372388924,0.3799999999999999,4
Ag8Mo8,OK,0.0,0.0,0.0,static_OUTCAR,-100.78828457,-100.78802178,bcc,2.0,16.0,264.06040548,3.20777895,3.20777895,6.4155579,6.4155579,6.4155579,yes,CLEANED:0,BCC_SQS,Ag8Mo8,Ag-Mo,-0.02057406863166038,0.5051030003124994,0.46814744593750035,0.06669832630979378,0.2300000000000002,5
Ag8Nb8,OK,0.0,0.0,0.0,static_OUTCAR,-98.01545353,-98.01561258,bcc,2.0,16.0,288.50430406,3.30385341,3.30385341,6.60770682,6.60770682,6.60770682,yes,CLEANED:0,BCC_SQS,Ag8Nb8,Ag-Nb,-0.0035888993624256117,0.2619813218749991,0.30537169343750037,0.011206605520506452,0.32999999999999985,6
Ag8Ni8,OK,0.0,0.0,0.0,static_OUTCAR,-61.49491543,-61.4941921,bcc,2.0,16.0,229.88101073,3.06293446,3.06293446,6.12586892,6.12586892,6.12586892,yes,CLEANED:0,BCC_SQS,Ag8Ni8,Ag-Ni,-0.0005354814133329648,0.19539147812500035,0.21181119406249937,0.25009445954908527,0.020000000000000018,1
Ag8Os8,OK,0.0,0.0,0.0,static_OUTCAR,-100.27314828,-100.27405491,bcc,2.0,16.0,252.49893992,3.16026274,3.16026274,6.32052548,6.32052548,6.32052548,yes,CLEANED:0,BCC_SQS,Ag8Os8,Ag-Os,-0.037263419904263094,0.24645466906249958,0.21676892187499952,0.09742374179713931,0.27000000000000024,3
Ag8Pb8,OK,0.0,0.0,0.0,static_OUTCAR,-48.43321284,-48.43215069,bcc,2.0,16.0,410.82476246,3.71696845,3.71696845,7.43393691,7.43393691,7.43393691,yes,CLEANED:5|SRC:recalc2,BCC_SQS,Ag8Pb8,Ag-Pb,-0.03360897755551899,0.06680994281249975,0.0892152934374999,0.41057561986943236,0.40000000000000013,7
Ag8Pd8,OK,0.0,0.0,0.0,static_OUTCAR,-63.50488967,-63.50569661,bcc,2.0,16.0,265.04431992,3.21175817,3.21175817,6.42351635,6.42351635,6.42351635,yes,CLEANED:0,BCC_SQS,Ag8Pd8,Ag-Pd,-0.0048984406462910845,-0.042837116562499666,-0.03377914375000035,0.08019560686494875,0.27000000000000024,1
Ag8Pt8,OK,0.0,0.0,0.0,static_OUTCAR,-69.28110422,-69.27914789,bcc,2.0,16.0,265.93578147,3.215355,3.215355,6.43071,6.43071,6.43071,yes,CLEANED:0,BCC_SQS,Ag8Pt8,Ag-Pt,-0.013830860096998904,0.01795195124999971,0.025258793749999953,0.06645951507143644,0.34999999999999987,1
Ag8Re8,OK,0.0,0.0,0.0,static_OUTCAR,-111.18556359,-111.18644093,bcc,2.0,16.0,255.16019893,3.17132668,3.17132668,6.34265337,6.34265337,6.34265337,yes,CLEANED:0,BCC_SQS,Ag8Re8,Ag-Re,-0.036016000798266404,0.42965488593749956,0.4528700984375007,0.0871452982106411,0.030000000000000027,4
Ag8Rh8,OK,0.0,0.0,0.0,static_OUTCAR,-74.82430934,-74.82728209,bcc,2.0,16.0,254.54287433,3.16876709,3.16876709,6.33753418,6.33753418,6.33753418,yes,CLEANED:0,BCC_SQS,Ag8Rh8,Ag-Rh,-0.017589376931316802,0.11568091906250011,0.10284343656249995,0.11110126284003607,0.34999999999999987,2
Ag8Ru8,OK,0.0,0.0,0.0,static_OUTCAR,-86.99577339,-86.9955535,bcc,2.0,16.0,251.03972761,3.15416317,3.15416317,6.30832634,6.30832634,6.30832634,yes,CLEANED:0,BCC_SQS,Ag8Ru8,Ag-Ru,-0.02348319099711273,0.20843811656250022,0.18004386093750036,0.119958327312635,0.27000000000000024,3
Ag8Sc8,OK,0.0,0.0,0.0,static_OUTCAR,-73.48043429,-73.47846327,bcc,2.0,16.0,324.98021438,3.43760241,3.43760241,6.87520481,6.87520481,6.87520481,yes,CLEANED:5|SRC:recalc2,BCC_SQS,Ag8Sc8,Ag-Sc,-0.05040278025753006,-0.17830483281250054,-0.17844217406249996,0.1876872415200912,0.5699999999999998,8
Ag8Sn8,OK,0.0,0.0,0.0,static_OUTCAR,-51.16341795,-51.16471301,bcc,2.0,16.0,366.45461287,3.57802526,3.57802526,7.15605052,7.15605052,7.15605052,yes,CLEANED:0,BCC_SQS,Ag8Sn8,Ag-Sn,-0.0016491925353370011,0.027323618124999616,0.03704722687499995,0.26008463144450844,0.030000000000000027,7
Ag8Ta8,OK,0.0,0.0,0.0,static_OUTCAR,-110.81527673,-110.81589135,bcc,2.0,16.0,286.0222763,3.29435166,3.29435166,6.58870333,6.58870333,6.58870333,yes,CLEANED:0,BCC_SQS,Ag8Ta8,Ag-Ta,-0.012573030012203133,0.3226114828125004,0.35728131156249976,0.01165634187628295,0.42999999999999994,6
Ag8Ti8,OK,0.0,0.0,0.0,static_OUTCAR,-82.65180409,-82.65196927,bcc,2.0,16.0,278.896,3.26676153,3.26676153,6.53352306,6.53352306,6.53352306,yes,CLEANED:0,BCC_SQS,Ag8Ti8,Ag-Ti,-0.006602157410083423,0.022733212812499737,0.04453254906250059,0.0222246563443933,0.3899999999999999,7
Ag8V8,OK,0.0,0.0,0.0,static_OUTCAR,-87.90098411,-87.90057077,bcc,2.0,16.0,257.3707473,3.18045849,3.18045849,6.36091699,6.36091699,6.36091699,yes,CLEANED:0,BCC_SQS,Ag8V8,Ag-V,0.02520782359119492,0.3435511993749998,0.34303284375000054,0.14700945517767905,0.30000000000000004,6
Ag8W8,OK,0.0,0.0,0.0,static_OUTCAR,-114.92171436,-114.92130993,bcc,2.0,16.0,265.38995823,3.2131537,3.2131537,6.42630739,6.42630739,6.42630739,yes,CLEANED:0,BCC_SQS,Ag8W8,Ag-W,-0.026665706562585545,0.6375826496875003,0.6045033753125004,0.05425924859660136,0.42999999999999994,5
Ag8Zn8,OK,0.0,0.0,0.0,static_OUTCAR,-30.82237948,-30.82383961,bcc,2.0,16.0,262.97488291,3.20337731,3.20337731,6.40675461,6.40675461,6.40675461,yes,CLEANED:0,BCC_SQS,Ag8Zn8,Ag-Zn,-0.015316054584778593,-0.07483404687500017,-0.06975670218750007,0.07720833816608375,0.28,1
Ag8Zr8,OK,0.0,0.0,0.0,static_OUTCAR,-89.44791472,-89.44917726,bcc,2.0,16.0,324.83026578,3.43707361,3.43707361,6.87414722,6.87414722,6.87414722,yes,CLEANED:0,BCC_SQS,Ag8Zr8,Ag-Zr,-0.003052693322685601,-0.029939549687500566,-0.013468003125000294,0.13648466873318998,0.5999999999999999,7
Al8Au8,OK,0.0,0.0,0.0,static_OUTCAR,-58.92259241,-58.92364853,bcc,2.0,16.0,275.88601838,3.25496684,3.25496684,6.50993367,6.50993367,6.50993367,yes,CLEANED:0,BCC_SQS,Al8Au8,Al-Au,-0.014704678313895485,-0.25776135718749993,-0.3186656128124996,0.028539421074330162,0.9299999999999999,8
Al8Be8,OK,0.0,0.0,0.0,static_OUTCAR,-56.51033673,-56.51142119,bcc,2.0,16.0,206.6336308,2.95599485,2.95599485,5.9119897,5.9119897,5.9119897,yes,CLEANED:0,BCC_SQS,Al8Be8,Al-Be,0.03824502082763541,0.12741237500000002,,0.36368161553693246,0.040000000000000036,1
Al8Ca8,OK,0.0,0.0,0.0,static_OUTCAR,-45.95166494,-45.95113929,bcc,2.0,16.0,410.11953613,3.71484037,3.71484037,7.42968075,7.42968075,7.42968075,yes,CLEANED:5|SRC:recalc2,BCC_SQS,Al8Ca8,Al-Ca,-0.13386844313703364,-0.0927910087499999,,0.5627814216204199,0.6100000000000001,1
Al8Co8,OK,0.0,0.0,0.0,static_OUTCAR,-89.97041402,-89.97013825,bcc,2.0,16.0,198.30896483,2.91575337,2.91575337,5.83150675,5.83150675,5.83150675,yes,CLEANED:0,BCC_SQS,Al8Co8,Al-Co,-0.11857381167592929,-0.32496540062500046,-0.3203127696875008,0.21286920177676105,0.2699999999999998,6
Al8Cr8,OK,0.0,0.0,0.0,static_OUTCAR,-106.64632887,-106.64681711,bcc,2.0,16.0,218.25406713,3.01039941,3.01039941,6.02079881,6.02079881,6.02079881,yes,CLEANED:0,BCC_SQS,Al8Cr8,Al-Cr,-0.044655861981813115,-0.08303254343750055,-0.10793908781250039,0.19506424860671423,0.04999999999999982,3
Al8Cu8,OK,0.0,0.0,0.0,static_OUTCAR,-61.36243986,-61.36246406,bcc,2.0,16.0,219.57046399,3.01643967,3.01643967,6.03287935,6.03287935,6.03287935,yes,CLEANED:0,BCC_SQS,Al8Cu8,Al-Cu,-0.049328781918600725,-0.15528835687499987,-0.1456861974999999,0.18247169469533597,0.2899999999999998,8
Al8Fe8,OK,0.0,0.0,0.0,static_OUTCAR,-99.00768253,-99.00691028,bcc,2.0,16.0,205.34486823,2.94983657,2.94983657,5.89967314,5.89967314,5.89967314,yes,CLEANED:0,BCC_SQS,Al8Fe8,Al-Fe,-0.0945073618511282,-0.2285619253125004,-0.2428381503125001,0.20362380980514172,0.21999999999999997,5
Al8Hf8,OK,0.0,0.0,0.0,static_OUTCAR,-112.33711228,-112.33612803,bcc,2.0,16.0,309.33370852,3.38152358,3.38152358,6.76304716,6.76304716,6.76304716,yes,CLEANED:0,BCC_SQS,Al8Hf8,Al-Hf,-0.014682633561883698,-0.32524228687500045,-0.3468545715625,0.1475082517867612,0.31000000000000005,1
Al8Ir8,OK,0.0,0.0,0.0,static_OUTCAR,-108.42890881,-108.42822314,bcc,2.0,16.0,233.36488187,3.07832998,3.07832998,6.15665995,6.15665995,6.15665995,yes,CLEANED:0,BCC_SQS,Al8Ir8,Al-Ir,-0.09173911409245968,-0.8501147084375003,-0.8512521140624996,0.06349905728131833,0.5900000000000001,6
Al8Mg8,OK,0.0,0.0,0.0,static_OUTCAR,-41.00139346,-41.00173949,bcc,2.0,16.0,313.15075076,3.3953756,3.3953756,6.7907512,6.7907512,6.7907512,yes,CLEANED:0,BCC_SQS,Al8Mg8,Al-Mg,-0.020034894137994256,0.00018197968750000015,0.005697321249999998,0.16567104055242554,0.30000000000000004,1
Al8Mn8,OK,0.0,0.0,0.0,static_OUTCAR,-103.54416022,-103.54327277,bcc,2.0,16.0,208.58503112,2.96527096,2.96527096,5.93054191,5.93054191,5.93054191,yes,CLEANED:0,BCC_SQS,Al8Mn8,Al-Mn,-0.06760406406130337,-0.22220767531250019,-0.22501353249999934,0.2195437225550032,0.06000000000000005,4
Al8Mo8,OK,0.0,0.0,0.0,static_OUTCAR,-119.18026471,-119.17979349,bcc,2.0,16.0,245.44083309,3.13053774,3.13053774,6.26107547,6.26107547,6.26107547,yes,CLEANED:5|SRC:recalc2,BCC_SQS,Al8Mo8,Al-Mo,-0.0653816266934839,-0.16181342781250052,-0.21073471124999976,0.03983705514090774,0.55,3
Al8Nb8,OK,0.0,0.0,0.0,static_OUTCAR,-113.39291399,-113.39282995,bcc,2.0,16.0,274.88165556,3.25101213,3.25101213,6.50202427,6.50202427,6.50202427,yes,CLEANED:0,BCC_SQS,Al8Nb8,Al-Nb,-0.0271290098649259,-0.21652762625000044,-0.25658332437499975,0.03806787668939249,0.010000000000000009,2
Al8Ni8,OK,0.0,0.0,0.0,static_OUTCAR,-80.18067702,-80.18021478,bcc,2.0,16.0,199.58349287,2.92198654,2.92198654,5.84397307,5.84397307,5.84397307,yes,CLEANED:0,BCC_SQS,Al8Ni8,Al-Ni,-0.1050372585600572,-0.4898862906249999,-0.5000264953125004,0.22323318838019923,0.2999999999999998,7
Al8Os8,OK,0.0,0.0,0.0,static_OUTCAR,-122.47119706,-122.47242817,bcc,2.0,16.0,231.48227489,3.07002976,3.07002976,6.14005951,6.14005951,6.14005951,yes,CLEANED:5|SRC:recalc2,BCC_SQS,Al8Os8,Al-Os,-0.09320614144809661,-0.6583410490624999,-0.5960726825,0.07056247062825327,0.5900000000000001,5
Al8Pb8,OK,0.0,0.0,0.0,static_OUTCAR,-54.33335901,-54.33310093,bcc,2.0,16.0,412.12194415,3.72087646,3.72087646,7.44175292,7.44175292,7.44175292,yes,CLEANED:5|SRC:recalc2,BCC_SQS,Al8Pb8,Al-Pb,-0.01433534982393658,0.1806331378124999,0.18334213437500058,0.4374368910383184,0.72,1
Al8Pd8,OK,0.0,0.0,0.0,static_OUTCAR,-81.89210105,-81.89180302,bcc,2.0,16.0,241.19637287,3.11238702,3.11238702,6.22477404,6.22477404,6.22477404,yes,CLEANED:0,BCC_SQS,Al8Pd8,Al-Pd,-0.07000538699306381,-0.7094554971874993,-0.74204192875,0.05333433569606272,0.5900000000000001,7
Al8Pt8,OK,0.0,0.0,0.0,static_OUTCAR,-90.43422817,-90.43438951,bcc,2.0,16.0,245.85182294,3.13228412,3.13228412,6.26456824,6.26456824,6.26456824,yes,CLEANED:5|SRC:recalc2,BCC_SQS,Al8Pt8,Al-Pt,-0.06402390770359374,-0.8215359649999998,-0.8885180412500002,0.0395982439025504,0.6699999999999997,7
Al8Re8,OK,0.0,0.0,0.0,static_OUTCAR,-129.78504788,-129.78496673,bcc,2.0,16.0,235.42485062,3.08736118,3.08736118,6.17472236,6.17472236,6.17472236,yes,CLEANED:0,BCC_SQS,Al8Re8,Al-Re,-0.08642703376947147,-0.25023055156250074,-0.287489156875,0.06028402704175506,0.2899999999999998,4
Al8Rh8,OK,0.0,0.0,0.0,static_OUTCAR,-97.92872979,-97.92886831,bcc,2.0,16.0,228.60959892,3.05727725,3.05727725,6.1145545,6.1145545,6.1145545,yes,CLEANED:0,BCC_SQS,Al8Rh8,Al-Rh,-0.09319225741142621,-0.8457630284375002,-0.8423316200000004,0.08423999167115004,0.6699999999999997,6
Al8Ru8,OK,0.0,0.0,0.0,static_OUTCAR,-108.59461516,-108.59425589,bcc,2.0,16.0,225.7061298,3.04427903,3.04427903,6.08855805,6.08855805,6.08855805,yes,CLEANED:0,BCC_SQS,Al8Ru8,Al-Ru,-0.09746478005312569,-0.6589071634375001,-0.6366163284374995,0.09309705614374897,0.5900000000000001,5
Al8Sc8,OK,0.0,0.0,0.0,static_OUTCAR,-83.44290479,-83.44336348,bcc,2.0,16.0,319.61059671,3.4185641,3.4185641,6.8371282,6.8371282,6.8371282,yes,CLEANED:0,BCC_SQS,Al8Sc8,Al-Sc,-0.04660151485909754,-0.3183769084375001,-0.3390974353124996,0.21454851268897723,0.25,0
Al8Sn8,OK,0.0,0.0,0.0,static_OUTCAR,-57.27444287,-57.27320625,bcc,2.0,16.0,369.04828642,3.58644687,3.58644687,7.17289375,7.17289375,7.17289375,yes,CLEANED:5|SRC:recalc2,BCC_SQS,Al8Sn8,Al-Sn,0.024953647347889806,0.12796689124999983,0.10296315937499978,0.2869459026133945,0.34999999999999987,1
Al8Ta8,OK,0.0,0.0,0.0,static_OUTCAR,-126.28336274,-126.28303977,bcc,2.0,16.0,273.43273539,3.24528996,3.24528996,6.49057993,6.49057993,6.49057993,yes,CLEANED:0,BCC_SQS,Al8Ta8,Al-Ta,-0.03267060733560858,-0.16156156218749995,-0.19420836656249918,0.038517613045168986,0.1100000000000001,2
Al8Ti8,OK,0.0,0.0,0.0,static_OUTCAR,-96.2085543,-96.20878595,bcc,2.0,16.0,262.88804258,3.20302466,3.20302466,6.40604931,6.40604931,6.40604931,yes,CLEANED:0,BCC_SQS,Al8Ti8,Al-Ti,-0.039688832998417134,-0.3419813446875004,-0.3558270421875003,0.004636614824492735,0.07000000000000006,1
Al8V8,OK,0.0,0.0,0.0,static_OUTCAR,-104.17490503,-104.17377032,bcc,2.0,16.0,229.69716321,3.06211771,3.06211771,6.12423542,6.12423542,6.12423542,yes,CLEANED:0,BCC_SQS,Al8V8,Al-V,-0.05879538479494865,-0.19098652750000067,-0.2081785646875005,0.12014818400879301,0.019999999999999796,2
Al8W8,OK,0.0,0.0,0.0,static_OUTCAR,-132.4201253,-132.41926149,bcc,2.0,16.0,249.28990636,3.14681759,3.14681759,6.29363518,6.29363518,6.29363518,yes,CLEANED:0,BCC_SQS,Al8W8,Al-W,-0.061634855559408896,0.02651429656250137,-0.07685932218750047,0.027397977427715325,0.7499999999999998,3
Al8Zn8,OK,0.0,0.0,0.0,static_OUTCAR,-37.01773424,-37.01980413,bcc,2.0,16.0,264.07050687,3.20781985,3.20781985,6.4156397,6.4156397,6.4156397,yes,CLEANED:0,BCC_SQS,Al8Zn8,Al-Zn,0.015387517579357544,0.020538611249999672,0.00019791312500005986,0.05034706699719771,0.039999999999999813,9
Al8Zr8,OK,0.0,0.0,0.0,static_OUTCAR,-102.08313046,-102.08311621,bcc,2.0,16.0,316.21127995,3.40640115,3.40640115,6.81280229,6.81280229,6.81280229,yes,CLEANED:0,BCC_SQS,Al8Zr8,Al-Zr,-0.008208352785443533,-0.3370582028125009,-0.3654690028124996,0.16334593990207602,0.28,1
Au8Be8,OK,0.0,0.0,0.0,static_OUTCAR,-56.01279182,-56.01275134,bcc,2.0,16.0,228.18442577,3.05538075,3.05538075,6.11076149,6.11076149,6.11076149,yes,CLEANED:0,BCC_SQS,Au8Be8,Au-Be,0.10520475090336961,-0.0645852671874998,,0.3922210366112626,0.97,9
Au8Ca8,OK,0.0,0.0,0.0,static_OUTCAR,-49.95134166,-49.95164253,bcc,2.0,16.0,385.19389863,3.63800371,3.63800371,7.27600742,7.27600742,7.27600742,yes,CLEANED:5|SRC:recalc2,BCC_SQS,Au8Ca8,Au-Ca,-0.19909560862365414,-0.5658650028124996,,0.5342420005460897,1.54,9
Au8Co8,OK,0.0,0.0,0.0,static_OUTCAR,-78.13245246,-78.13143137,bcc,2.0,16.0,240.16004271,3.10792303,3.10792303,6.21584607,6.21584607,6.21584607,yes,CLEANED:0,BCC_SQS,Au8Co8,Au-Co,0.03326673341205889,0.19181299781250072,0.20921041999999979,0.24140862285109121,0.6600000000000001,2
Au8Cr8,OK,0.0,0.0,0.0,static_OUTCAR,-98.17606831,-98.17679239,bcc,2.0,16.0,263.37072394,3.20498379,3.20498379,6.40996757,6.40996757,6.40996757,yes,CLEANED:0,BCC_SQS,Au8Cr8,Au-Cr,0.11646291645442955,0.22326454249999994,0.4100048209375,0.2236036696810444,0.8800000000000001,5
Au8Cu8,OK,0.0,0.0,0.0,static_OUTCAR,-55.5607779,-55.56283667,bcc,2.0,16.0,245.06143133,3.12892384,3.12892384,6.25784769,6.25784769,6.25784769,yes,CLEANED:0,BCC_SQS,Au8Cu8,Au-Cu,0.027920363743236715,-0.015778683437499996,-0.0022170434374997328,0.21101111576966614,0.6400000000000001,0
Au8Fe8,OK,0.0,0.0,0.0,static_OUTCAR,-89.3454032,-89.3458294,bcc,2.0,16.0,245.20977305,3.12955506,3.12955506,6.25911011,6.25911011,6.25911011,yes,CLEANED:0,BCC_SQS,Au8Fe8,Au-Fe,0.04692780219003887,0.15223633374999945,0.16301554093749981,0.23216323087947188,0.71,3
Au8Hf8,OK,0.0,0.0,0.0,static_OUTCAR,-109.79134205,-109.79081171,bcc,2.0,16.0,312.87952157,3.39439504,3.39439504,6.78879008,6.78879008,6.78879008,yes,CLEANED:0,BCC_SQS,Au8Hf8,Au-Hf,-0.02646410294631732,-0.3892258465624998,-0.40920658562500023,0.11896883071243103,1.24,7
Au8Ir8,OK,0.0,0.0,0.0,static_OUTCAR,-89.64150009,-89.64282163,bcc,2.0,16.0,260.22182425,3.19215945,3.19215945,6.3843189,6.3843189,6.3843189,yes,CLEANED:0,BCC_SQS,Au8Ir8,Au-Ir,-0.015718407195403704,0.10100413750000037,0.08922470656249981,0.09203847835564849,0.33999999999999986,2
Au8Mg8,OK,0.0,0.0,0.0,static_OUTCAR,-44.11076266,-44.11039175,bcc,2.0,16.0,294.50224292,3.32659201,3.32659201,6.65318402,6.65318402,6.65318402,yes,CLEANED:0,BCC_SQS,Au8Mg8,Au-Mg,-0.09936614458101709,-0.4172477943749997,-0.46462050593749993,0.13713161947809538,1.23,9
Au8Mn8,OK,0.0,0.0,0.0,static_OUTCAR,-95.83627483,-95.8345217,bcc,2.0,16.0,264.81221869,3.21082038,3.21082038,6.42164076,6.42164076,6.42164076,yes,CLEANED:0,BCC_SQS,Au8Mn8,Au-Mn,0.14562882211162484,0.036440962500000396,0.028137670000000448,0.24808314362933337,0.99,4
Au8Mo8,OK,0.0,0.0,0.0,static_OUTCAR,-108.11208491,-108.11211955,bcc,2.0,16.0,267.79671658,3.22283759,3.22283759,6.44567518,6.44567518,6.44567518,yes,CLEANED:5|SRC:recalc2,BCC_SQS,Au8Mo8,Au-Mo,-0.008352057608418445,0.3068536106250006,0.2587912274999997,0.0683764762152379,0.3799999999999999,5
Au8Nb8,OK,0.0,0.0,0.0,static_OUTCAR,-106.8880812,-106.8903596,bcc,2.0,16.0,288.68377814,3.30453836,3.30453836,6.60907672,6.60907672,6.60907672,yes,CLEANED:0,BCC_SQS,Au8Nb8,Au-Nb,-0.00449863379853682,-0.03306977593750027,-0.01404210374999959,0.009528455615062326,0.94,6
Au8Ni8,OK,0.0,0.0,0.0,static_OUTCAR,-67.01287442,-67.0121289,bcc,2.0,16.0,235.37760154,3.08715462,3.08715462,6.17430925,6.17430925,6.17430925,yes,CLEANED:5|SRC:recalc2,BCC_SQS,Au8Ni8,Au-Ni,0.02138669964140967,0.11000717281249983,0.11319707999999906,0.2517726094545294,0.6300000000000001,1
Au8Os8,OK,0.0,0.0,0.0,static_OUTCAR,-105.87739478,-105.87764019,bcc,2.0,16.0,257.92666414,3.18274676,3.18274676,6.36549352,6.36549352,6.36549352,yes,CLEANED:0,BCC_SQS,Au8Os8,Au-Os,-0.018233743827506078,0.15567739437500006,0.12948333187499994,0.09910189170258343,0.33999999999999986,3
Au8Pb8,OK,0.0,0.0,0.0,static_OUTCAR,-54.14889237,-54.14905497,bcc,2.0,16.0,393.02618461,3.66249606,3.66249606,7.32499212,7.32499212,7.32499212,yes,CLEANED:5|SRC:recalc2,BCC_SQS,Au8Pb8,Au-Pb,-0.07644342445105463,-0.030931896249999813,-0.01208623218749949,0.40889746996398824,0.20999999999999996,7
Au8Pd8,OK,0.0,0.0,0.0,static_OUTCAR,-67.84568733,-67.84742359,bcc,2.0,16.0,267.40670364,3.22127227,3.22127227,6.44254455,6.44254455,6.44254455,yes,CLEANED:0,BCC_SQS,Au8Pd8,Au-Pd,0.00229692581029166,-0.05464883875000037,-0.049753650625000034,0.08187375677039288,0.33999999999999986,1
Au8Pt8,OK,0.0,0.0,0.0,static_OUTCAR,-72.81225599,-72.81247777,bcc,2.0,16.0,268.96673588,3.22752436,3.22752436,6.45504872,6.45504872,6.45504872,yes,CLEANED:0,BCC_SQS,Au8Pt8,Au-Pt,-0.004233951862776304,0.056743097187499814,0.05336279531249932,0.06813766497688056,0.26000000000000023,1
Au8Re8,OK,0.0,0.0,0.0,static_OUTCAR,-116.49830822,-116.500503,bcc,2.0,16.0,261.68249169,3.19812101,3.19812101,6.39624203,6.39624203,6.39624203,yes,CLEANED:5|SRC:recalc2,BCC_SQS,Au8Re8,Au-Re,-0.013033907873331354,0.35709647812500034,0.3366910959375007,0.08882344811608522,0.6400000000000001,4
Au8Rh8,OK,0.0,0.0,0.0,static_OUTCAR,-79.82051791,-79.82131102,bcc,2.0,16.0,258.32785686,3.18439611,3.18439611,6.36879222,6.36879222,6.36879222,yes,CLEANED:0,BCC_SQS,Au8Rh8,Au-Rh,-0.004690178475905777,0.06290601499999937,0.0634039503124999,0.1127794127454802,0.26000000000000023,2
Au8Ru8,OK,0.0,0.0,0.0,static_OUTCAR,-92.85357951,-92.85347552,bcc,2.0,16.0,255.47200001,3.17261793,3.17261793,6.34523585,6.34523585,6.34523585,yes,CLEANED:0,BCC_SQS,Au8Ru8,Au-Ru,-0.007958913785864594,0.10181336562500043,0.17078706562500034,0.12163647721807913,0.33999999999999986,3
Au8Sc8,OK,0.0,0.0,0.0,static_OUTCAR,-84.27939834,-84.28002024,bcc,2.0,16.0,313.36743804,3.39615857,3.39615857,6.79231715,6.79231715,6.79231715,yes,CLEANED:5|SRC:recalc2,BCC_SQS,Au8Sc8,Au-Sc,-0.0855242701356754,-0.5937519543749996,-0.6117276812499997,0.18600909161464707,1.18,8
Au8Sn8,OK,0.0,0.0,0.0,static_OUTCAR,-56.627685,-56.62787128,bcc,2.0,16.0,359.0466421,3.55375072,3.55375072,7.10750144,7.10750144,7.10750144,yes,CLEANED:0,BCC_SQS,Au8Sn8,Au-Sn,-0.023015224014533726,-0.0547049409375,-0.06147037124999999,0.2584064815390643,0.5800000000000001,7
Au8Ta8,OK,0.0,0.0,0.0,static_OUTCAR,-119.89763764,-119.89842292,bcc,2.0,16.0,286.59214855,3.29653811,3.29653811,6.59307621,6.59307621,6.59307621,yes,CLEANED:0,BCC_SQS,Au8Ta8,Au-Ta,-0.012122914241894421,0.01445205750000067,0.03190007062500033,0.009978191970838823,1.04,6
Au8Ti8,OK,0.0,0.0,0.0,static_OUTCAR,-92.39970614,-92.4004426,bcc,2.0,16.0,275.10544189,3.25189413,3.25189413,6.50378826,6.50378826,6.50378826,yes,CLEANED:0,BCC_SQS,Au8Ti8,Au-Ti,-0.02165403423445104,-0.3270225337500001,-0.3194546709374997,0.023902806249837427,1.0,7
Au8V8,OK,0.0,0.0,0.0,static_OUTCAR,-96.60722147,-96.60903816,bcc,2.0,16.0,256.98188817,3.17885591,3.17885591,6.35771182,6.35771182,6.35771182,yes,CLEANED:0,BCC_SQS,Au8V8,Au-V,0.02184798619523384,0.05889949593750021,0.07138226000000003,0.14868760508312318,0.9100000000000001,6
Au8W8,OK,0.0,0.0,0.0,static_OUTCAR,-122.6187167,-122.61715853,bcc,2.0,16.0,268.85765978,3.227088,3.227088,6.45417601,6.45417601,6.45417601,yes,CLEANED:0,BCC_SQS,Au8W8,Au-W,-0.015553952140975408,0.4160081350000002,0.39715063687499885,0.05593739850204549,0.18000000000000016,5
Au8Zn8,OK,0.0,0.0,0.0,static_OUTCAR,-36.90711791,-36.90700321,bcc,2.0,16.0,265.98556357,3.21555562,3.21555562,6.43111124,6.43111124,6.43111124,yes,CLEANED:5|SRC:recalc2,BCC_SQS,Au8Zn8,Au-Zn,-0.005699180600189748,-0.19564206718749988,-0.20369791406249993,0.07888648807152787,0.8900000000000001,1
Au8Zr8,OK,0.0,0.0,0.0,static_OUTCAR,-99.38240119,-99.38282092,bcc,2.0,16.0,319.13090015,3.41685296,3.41685296,6.83370592,6.83370592,6.83370592,yes,CLEANED:0,BCC_SQS,Au8Zr8,Au-Zr,-0.021880334653712696,-0.3913568224999997,-0.40188917718749995,0.13480651882774586,1.21,7
Be8Ca8,OK,0.0,0.0,0.0,static_OUTCAR,-39.16328796,-39.16179045,bcc,2.0,16.0,347.13104708,3.51399514,3.51399514,7.02799029,7.02799029,7.02799029,yes,CLEANED:5|SRC:recalc2,BCC_SQS,Be8Ca8,Be-Ca,-0.1321014688604726,0.3427961056250002,,0.9264630371573523,0.5700000000000001,0
Be8Co8,OK,0.0,0.0,0.0,static_OUTCAR,-88.19434684,-88.1950307,bcc,2.0,16.0,149.78262846,2.65536252,2.65536252,5.31072503,5.31072503,5.31072503,yes,CLEANED:0,BCC_SQS,Be8Co8,Be-Co,-0.010987026899081688,-0.2026476487499993,,0.1508124137601714,0.30999999999999983,7
Be8Cr8,OK,0.0,0.0,0.0,static_OUTCAR,-105.00280012,-105.00284363,bcc,2.0,16.0,161.50899322,2.72292434,2.72292434,5.44584868,5.44584868,5.44584868,yes,CLEANED:0,BCC_SQS,Be8Cr8,Be-Cr,0.042558010526966346,0.03100155656249992,,0.16861736693021823,0.08999999999999986,4
Be8Cu8,OK,0.0,0.0,0.0,static_OUTCAR,-60.19308765,-60.19286777,bcc,2.0,16.0,161.32251988,2.721876,2.721876,5.44375201,5.44375201,5.44375201,yes,CLEANED:0,BCC_SQS,Be8Cu8,Be-Cu,0.024766240050569144,-0.07089029062500041,,0.18120992084159648,0.32999999999999985,9
Be8Fe8,OK,0.0,0.0,0.0,static_OUTCAR,-97.32806158,-97.32848513,bcc,2.0,16.0,153.64451978,2.67799048,2.67799048,5.35598096,5.35598096,5.35598096,yes,CLEANED:0,BCC_SQS,Be8Fe8,Be-Fe,0.002658959275169478,-0.11227206281250002,,0.16005780573179074,0.26,6
Be8Hf8,OK,0.0,0.0,0.0,static_OUTCAR,-105.63917846,-105.63909747,bcc,2.0,16.0,263.76063861,3.20656464,3.20656464,6.41312929,6.41312929,6.41312929,yes,CLEANED:0,BCC_SQS,Be8Hf8,Be-Hf,0.09715883988961625,0.1046921300000001,,0.5111898673236936,0.27,2
Be8Ir8,OK,0.0,0.0,0.0,static_OUTCAR,-104.64569824,-104.64584568,bcc,2.0,16.0,199.36067623,2.92089876,2.92089876,5.84179751,5.84179751,5.84179751,yes,CLEANED:5|SRC:recalc2,BCC_SQS,Be8Ir8,Be-Ir,0.08704989787968041,-0.6023504946875002,,0.30018255825561413,0.6300000000000001,7
Be8Mg8,OK,0.0,0.0,0.0,static_OUTCAR,-36.55847153,-36.55897573,bcc,2.0,16.0,240.71808917,3.11032841,3.11032841,6.22065681,6.22065681,6.22065681,yes,CLEANED:0,BCC_SQS,Be8Mg8,Be-Mg,-0.021523163439847427,0.2891781534375002,,0.529352656089358,0.26,0
Be8Mn8,OK,0.0,0.0,0.0,static_OUTCAR,-103.12301634,-103.12316353,bcc,2.0,16.0,151.0951501,2.66309614,2.66309614,5.32619229,5.32619229,5.32619229,yes,CLEANED:5|SRC:recalc2,BCC_SQS,Be8Mn8,Be-Mn,0.006169041545411125,-0.18457262968750054,,0.14413789298192925,0.020000000000000018,5
Be8Mo8,OK,0.0,0.0,0.0,static_OUTCAR,-114.66263008,-114.66177739,bcc,2.0,16.0,206.91919408,2.95735593,2.95735593,5.91471186,5.91471186,5.91471186,yes,CLEANED:0,BCC_SQS,Be8Mo8,Be-Mo,0.09440024121834618,0.13185228968750007,,0.3238445603960247,0.5900000000000001,4
Be8Nb8,OK,0.0,0.0,0.0,static_OUTCAR,-107.96976555,-107.96926686,bcc,2.0,16.0,232.67330764,3.0752861,3.0752861,6.1505722,6.1505722,6.1505722,yes,CLEANED:0,BCC_SQS,Be8Nb8,Be-Nb,0.11323223253562312,0.1337327043749994,,0.40174949222632494,0.030000000000000027,3
Be8Ni8,OK,0.0,0.0,0.0,static_OUTCAR,-77.73821143,-77.73755588,bcc,2.0,16.0,150.10371195,2.65725856,2.65725856,5.31451712,5.31451712,5.31451712,yes,CLEANED:0,BCC_SQS,Be8Ni8,Be-Ni,0.00425512646659934,-0.32591863812500055,,0.14044842715673322,0.33999999999999986,8
Be8Os8,OK,0.0,0.0,0.0,static_OUTCAR,-118.09367963,-118.09254397,bcc,2.0,16.0,196.75617307,2.90812315,2.90812315,5.8162463,5.8162463,5.8162463,yes,CLEANED:0,BCC_SQS,Be8Os8,Be-Os,0.08265051674466267,-0.3734326565624997,,0.2931191449086792,0.6300000000000001,6
Be8Pb8,OK,0.0,0.0,0.0,static_OUTCAR,-50.236589,-50.23596867,bcc,2.0,16.0,362.69049343,3.56573225,3.56573225,7.13146449,7.13146449,7.13146449,yes,CLEANED:5|SRC:recalc2,BCC_SQS,Be8Pb8,Be-Pb,0.05257072755484657,0.44799481656249984,,0.8011185065752509,0.76,2
Be8Pd8,OK,0.0,0.0,0.0,static_OUTCAR,-76.11507446,-76.11530422,bcc,2.0,16.0,200.3814187,2.92587535,2.92587535,5.8517507,5.8517507,5.8517507,yes,CLEANED:0,BCC_SQS,Be8Pd8,Be-Pd,0.07840627426316552,-0.3370777821875004,,0.31034727984086974,0.6300000000000001,8
Be8Pt8,OK,0.0,0.0,0.0,static_OUTCAR,-86.16775248,-86.16687206,bcc,2.0,16.0,209.4259062,2.96925028,2.96925028,5.93850055,5.93850055,5.93850055,yes,CLEANED:5|SRC:recalc2,BCC_SQS,Be8Pt8,Be-Pt,0.1073176644154586,-0.5435676812500008,,0.32408337163438206,0.7099999999999997,8
Be8Re8,OK,0.0,0.0,0.0,static_OUTCAR,-127.23288626,-127.2318616,bcc,2.0,16.0,201.52386322,2.93142529,2.93142529,5.86285059,5.86285059,5.86285059,yes,CLEANED:0,BCC_SQS,Be8Re8,Be-Re,0.0943050711009632,-0.07940689718749994,,0.3033975884951774,0.32999999999999985,5
Be8Rh8,OK,0.0,0.0,0.0,static_OUTCAR,-92.07665644,-92.07752566,bcc,2.0,16.0,190.47212646,2.87682745,2.87682745,5.75365491,5.75365491,5.75365491,yes,CLEANED:0,BCC_SQS,Be8Rh8,Be-Rh,0.06668935050769395,-0.46869489093749994,,0.2794416238657824,0.7099999999999997,7
Be8Ru8,OK,0.0,0.0,0.0,static_OUTCAR,-103.69176376,-103.68965441,bcc,2.0,16.0,188.62798034,2.86751287,2.86751287,5.73502574,5.73502574,5.73502574,yes,CLEANED:0,BCC_SQS,Be8Ru8,Be-Ru,0.06847015038607845,-0.34116539781249955,,0.2705845593931835,0.6300000000000001,6
Be8Sc8,OK,0.0,0.0,0.0,static_OUTCAR,-77.60605934,-77.60748544,bcc,2.0,16.0,263.05430573,3.20369976,3.20369976,6.40739953,6.40739953,6.40739953,yes,CLEANED:5|SRC:recalc2,BCC_SQS,Be8Sc8,Be-Sc,0.005201655041802342,0.05773948531250017,,0.5782301282259097,0.20999999999999996,1
Be8Sn8,OK,0.0,0.0,0.0,static_OUTCAR,-53.11470868,-53.11467125,bcc,2.0,16.0,317.43837147,3.41080176,3.41080176,6.82160352,6.82160352,6.82160352,yes,CLEANED:0,BCC_SQS,Be8Sn8,Be-Sn,0.10789646161305229,0.39926383124999987,,0.6506275181503269,0.3899999999999999,2
Be8Ta8,OK,0.0,0.0,0.0,static_OUTCAR,-121.14983788,-121.14989437,bcc,2.0,16.0,233.61085167,3.07941113,3.07941113,6.15882226,6.15882226,6.15882226,yes,CLEANED:0,BCC_SQS,Be8Ta8,Be-Ta,0.11707237295147055,0.17059729468750007,,0.40219922858210144,0.07000000000000006,3
Be8Ti8,OK,0.0,0.0,0.0,static_OUTCAR,-91.16321845,-91.16262664,bcc,2.0,16.0,211.51435572,2.97908769,2.97908769,5.95817538,5.95817538,5.95817538,yes,CLEANED:0,BCC_SQS,Be8Ti8,Be-Ti,0.05644620383881297,-0.01533430093749999,,0.3683182303614252,0.030000000000000027,2
Be8V8,OK,0.0,0.0,0.0,static_OUTCAR,-101.26636322,-101.26685323,bcc,2.0,16.0,180.08449933,2.82354978,2.82354978,5.64709956,5.64709956,5.64709956,yes,CLEANED:0,BCC_SQS,Be8V8,Be-V,0.056176618590309715,0.002110888749999873,,0.24353343152813944,0.05999999999999983,3
Be8W8,OK,0.0,0.0,0.0,static_OUTCAR,-129.29835001,-129.29848569,bcc,2.0,16.0,213.21261467,2.98703953,2.98703953,5.97407906,5.97407906,5.97407906,yes,CLEANED:0,BCC_SQS,Be8W8,Be-W,0.10976459721444141,0.2329388053125001,,0.33628363810921713,0.7899999999999998,4
Be8Zn8,OK,0.0,0.0,0.0,static_OUTCAR,-35.46319644,-35.46374902,bcc,2.0,16.0,187.14974623,2.86000254,2.86000254,5.72000508,5.72000508,5.72000508,yes,CLEANED:0,BCC_SQS,Be8Zn8,Be-Zn,0.0033289379905319283,0.12901077687499996,,0.31333454853973475,0.07999999999999985,10
Be8Zr8,OK,0.0,0.0,0.0,static_OUTCAR,-95.24768592,-95.24824757,bcc,2.0,16.0,268.58856757,3.22601101,3.22601101,6.45202202,6.45202202,6.45202202,yes,CLEANED:0,BCC_SQS,Be8Zr8,Be-Zr,0.09499071242965272,0.10147063406250023,,0.5270275554390085,0.24,2
Ca8Co8,OK,0.0,0.0,0.0,static_OUTCAR,-65.12341156,-65.12237701,bcc,2.0,16.0,316.25829928,3.40656998,3.40656998,6.81313996,6.81313996,6.81313996,yes,CLEANED:5|SRC:recalc2,BCC_SQS,Ca8Co8,Ca-Co,-0.25749067807948167,0.3591654356250009,,0.7756506233971809,0.8799999999999999,7
Ca8Cr8,OK,0.0,0.0,0.0,static_OUTCAR,-78.55088495,-78.54975962,bcc,2.0,16.0,440.62169178,3.80474273,3.80474273,7.60948545,7.60948545,7.60948545,yes,CLEANED:0,BCC_SQS,Ca8Cr8,Ca-Cr,0.026130428104836633,0.8041258840625005,,0.7578456702271341,0.6599999999999999,4
Ca8Cu8,OK,0.0,0.0,0.0,static_OUTCAR,-45.06995714,-45.06985916,bcc,2.0,16.0,372.22496027,3.5967079,3.5967079,7.19341579,7.19341579,7.19341579,yes,CLEANED:0,BCC_SQS,Ca8Cu8,Ca-Cu,-0.13818642047454888,-0.0058150043750000435,,0.7452531163157559,0.8999999999999999,9
Ca8Fe8,OK,0.0,0.0,0.0,static_OUTCAR,-75.08984573,-75.08981875,bcc,2.0,16.0,336.07376178,3.47628099,3.47628099,6.95256198,6.95256198,6.95256198,yes,CLEANED:0,BCC_SQS,Ca8Fe8,Ca-Fe,-0.21427102998995526,0.39749605718750036,,0.7664052314255616,0.8300000000000001,6
Ca8Hf8,OK,0.0,0.0,0.0,static_OUTCAR,-88.09199243,-88.09502123,bcc,2.0,16.0,441.46876951,3.80717932,3.80717932,7.61435864,7.61435864,7.61435864,yes,CLEANED:0,BCC_SQS,Ca8Hf8,Ca-Hf,-0.14259347202026484,0.3212708862499998,,0.4152731698336587,0.30000000000000004,2
Ca8Ir8,OK,0.0,0.0,0.0,static_OUTCAR,-84.65643716,-84.65506141,bcc,2.0,16.0,307.93997587,3.37643734,3.37643734,6.75287468,6.75287468,6.75287468,yes,CLEANED:0,BCC_SQS,Ca8Ir8,Ca-Ir,-0.32746759607075115,-0.2331420478124997,,0.6262804789017382,1.2000000000000002,7
Ca8Mg8,OK,0.0,0.0,0.0,static_OUTCAR,-27.4449419,-27.44366449,bcc,2.0,16.0,507.34086994,3.98782986,3.98782986,7.97565972,7.97565972,7.97565972,yes,CLEANED:0,BCC_SQS,Ca8Mg8,Ca-Mg,-0.02527843007620512,-0.021346615312499928,,0.39711038106799434,0.31000000000000005,0
Ca8Mn8,OK,0.0,0.0,0.0,static_OUTCAR,-79.88113597,-79.87961249,bcc,2.0,16.0,413.90136812,3.726224,3.726224,7.45244799,7.45244799,7.45244799,yes,CLEANED:0,BCC_SQS,Ca8Mn8,Ca-Mn,-0.025320770025340843,0.3879245228124999,,0.7823251441754231,0.55,5
Ca8Mo8,OK,0.0,0.0,0.0,static_OUTCAR,-91.29398112,-91.29315054,bcc,2.0,16.0,338.36757907,3.484172,3.484172,6.96834399,6.96834399,6.96834399,yes,CLEANED:0,BCC_SQS,Ca8Mo8,Ca-Mo,-0.27006111355381757,0.7122724790625004,,0.6026184767613276,1.1600000000000001,4
Ca8Nb8,OK,0.0,0.0,0.0,static_OUTCAR,-87.07082552,-87.06978714,bcc,2.0,16.0,383.5264078,3.63274652,3.63274652,7.26549304,7.26549304,7.26549304,yes,CLEANED:0,BCC_SQS,Ca8Nb8,Ca-Nb,-0.206757752962923,0.5597960856249999,,0.5247135449310274,0.6000000000000001,3
Ca8Ni8,OK,0.0,0.0,0.0,static_OUTCAR,-58.43573102,-58.43449366,bcc,2.0,16.0,328.33609036,3.4493946,3.4493946,6.89878919,6.89878919,6.89878919,yes,CLEANED:0,BCC_SQS,Ca8Ni8,Ca-Ni,-0.22553637492080067,0.00036601687500015245,,0.7860146100006191,0.9099999999999999,8
Ca8Os8,OK,0.0,0.0,0.0,static_OUTCAR,-94.57864525,-94.57820901,bcc,2.0,16.0,301.01382646,3.350931,3.350931,6.70186201,6.70186201,6.70186201,yes,CLEANED:5|SRC:recalc2,BCC_SQS,Ca8Os8,Ca-Os,-0.3402014543099208,0.21613662156250069,,0.6333438922486732,1.2000000000000002,6
Ca8Pd8,OK,0.0,0.0,0.0,static_OUTCAR,-64.27892559,-64.27849765,bcc,2.0,16.0,347.8446831,3.51640153,3.51640153,7.03280307,7.03280307,7.03280307,yes,CLEANED:5|SRC:recalc2,BCC_SQS,Ca8Pd8,Ca-Pd,-0.24430501983444525,-0.47743884843750006,,0.6161157573164826,1.2000000000000002,8
Ca8Pt8,OK,0.0,0.0,0.0,static_OUTCAR,-72.87588679,-72.87532109,bcc,2.0,16.0,334.15890936,3.46966612,3.46966612,6.93933225,6.93933225,6.93933225,yes,CLEANED:0,BCC_SQS,Ca8Pt8,Ca-Pt,-0.27923064375366125,-0.59294644625,,0.6023796655229703,1.2799999999999998,8
Ca8Re8,OK,0.0,0.0,0.0,static_OUTCAR,-102.06402855,-102.06342456,bcc,2.0,16.0,309.97337169,3.38385283,3.38385283,6.76770566,6.76770566,6.76770566,yes,CLEANED:0,BCC_SQS,Ca8Re8,Ca-Re,-0.324149779310855,0.6135263390625001,,0.623065448662175,0.8999999999999999,5
Ca8Rh8,OK,0.0,0.0,0.0,static_OUTCAR,-74.4158094,-74.41617302,bcc,2.0,16.0,315.68962347,3.40452693,3.40452693,6.80905385,6.80905385,6.80905385,yes,CLEANED:5|SRC:recalc2,BCC_SQS,Ca8Rh8,Ca-Rh,-0.30318878812690003,-0.2450123215625002,,0.6470214132915699,1.2799999999999998,7
Ca8Ru8,OK,0.0,0.0,0.0,static_OUTCAR,-82.03763173,-82.03651372,bcc,2.0,16.0,308.95973568,3.38016032,3.38016032,6.76032064,6.76032064,6.76032064,yes,CLEANED:0,BCC_SQS,Ca8Ru8,Ca-Ru,-0.3149837685614857,0.1320974834375006,,0.6558784777641689,1.2000000000000002,6
Ca8Sc8,OK,0.0,0.0,0.0,static_OUTCAR,-61.89913176,-61.90648797,bcc,2.0,16.0,500.56868019,3.9700066,3.9700066,7.9400132,7.9400132,7.9400132,yes,CLEANED:0,BCC_SQS,Ca8Sc8,Ca-Sc,-0.06641367573742543,0.15930208843750027,,0.34823290893144265,0.3600000000000001,1
Ca8Sn8,OK,0.0,0.0,0.0,static_OUTCAR,-52.06693162,-52.0677124,bcc,2.0,16.0,480.29589644,3.91567192,3.91567192,7.83134383,7.83134383,7.83134383,yes,CLEANED:0,BCC_SQS,Ca8Sn8,Ca-Sn,-0.14387082776462906,-0.41537047312499986,,0.2758355190070254,0.96,2
Ca8Ta8,OK,0.0,0.0,0.0,static_OUTCAR,-99.06618307,-99.06727865,bcc,2.0,16.0,375.91028245,3.60853902,3.60853902,7.21707805,7.21707805,7.21707805,yes,CLEANED:0,BCC_SQS,Ca8Ta8,Ca-Ta,-0.22270426303967467,0.6707053496875011,,0.5242638085752509,0.5,3
Ca8Ti8,OK,0.0,0.0,0.0,static_OUTCAR,-70.34737048,-70.34736434,bcc,2.0,16.0,416.40095256,3.73370994,3.73370994,7.46741988,7.46741988,7.46741988,yes,CLEANED:0,BCC_SQS,Ca8Ti8,Ca-Ti,-0.12280919981024342,0.40553582656250065,,0.5581448067959272,0.54,2
Ca8V8,OK,0.0,0.0,0.0,static_OUTCAR,-76.13568639,-76.13521098,bcc,2.0,16.0,389.38817515,3.6511605,3.6511605,7.30232099,7.30232099,7.30232099,yes,CLEANED:5|SRC:recalc2,BCC_SQS,Ca8V8,Ca-V,-0.12495313988787123,0.69265782,,0.6829296056292129,0.6299999999999999,3
Ca8W8,OK,0.0,0.0,0.0,static_OUTCAR,-104.90275035,-104.9031891,bcc,2.0,16.0,331.70641758,3.46115697,3.46115697,6.92231394,6.92231394,6.92231394,yes,CLEANED:5|SRC:recalc2,BCC_SQS,Ca8W8,Ca-W,-0.28911323862990806,0.8775434134375004,,0.5901793990481352,1.3599999999999999,4
Ca8Zn8,OK,0.0,0.0,0.0,static_OUTCAR,-26.46832016,-26.46734437,bcc,2.0,16.0,426.06608681,3.76237714,3.76237714,7.52475428,7.52475428,7.52475428,yes,CLEANED:0,BCC_SQS,Ca8Zn8,Ca-Zn,-0.07580658663915879,-0.1889298262500001,,0.6131284886176176,0.6499999999999999,10
Ca8Zr8,OK,0.0,0.0,0.0,static_OUTCAR,-78.13239429,-78.13285409,bcc,2.0,16.0,454.76990129,3.84503746,3.84503746,7.69007492,7.69007492,7.69007492,yes,CLEANED:0,BCC_SQS,Ca8Zr8,Ca-Zr,-0.12506160222413507,0.2910559903125005,,0.39943548171834387,0.33000000000000007,2
Co8Cr8,OK,0.0,0.0,0.0,static_OUTCAR,-129.96299167,-129.96229593,bcc,2.0,16.0,181.23287868,2.82953889,2.82953889,5.65907778,5.65907778,5.65907778,yes,CLEANED:0,BCC_SQS,Co8Cr8,Co-Cr,0.001948062734447217,0.10986663968749966,0.10937956625000034,0.017804953170046822,0.21999999999999997,3
Co8Cu8,OK,0.0,0.0,0.0,static_OUTCAR,-83.46642969,-83.46731721,bcc,2.0,16.0,182.85364179,2.83794871,2.83794871,5.67589742,5.67589742,5.67589742,yes,CLEANED:0,BCC_SQS,Co8Cu8,Co-Cu,-0.0029147085661267932,0.11340288687499989,0.10347529968749924,0.03039750708142508,0.020000000000000018,2
Co8Fe8,OK,0.0,0.0,0.0,static_OUTCAR,-122.67829393,-122.67862526,bcc,2.0,16.0,182.63240946,2.83680372,2.83680372,5.67360743,5.67360743,5.67360743,yes,CLEANED:0,BCC_SQS,Co8Fe8,Co-Fe,0.019145497711413557,-0.05778452968749992,-0.059470028750000736,0.009245391971619332,0.04999999999999982,1
Co8Hf8,OK,0.0,0.0,0.0,static_OUTCAR,-138.27758666,-138.27756098,bcc,2.0,16.0,255.51200723,3.17278353,3.17278353,6.34556706,6.34556706,6.34556706,yes,CLEANED:5|SRC:recalc2,BCC_SQS,Co8Hf8,Co-Hf,-0.04075478629477617,-0.296331327499999,-0.18841438625000073,0.36037745356352224,0.5799999999999998,5
Co8Ir8,OK,0.0,0.0,0.0,static_OUTCAR,-124.35697074,-124.35646456,bcc,2.0,16.0,214.47964428,2.99294474,2.99294474,5.98588947,5.98588947,5.98588947,yes,CLEANED:0,BCC_SQS,Co8Ir8,Co-Ir,0.024451308040185853,-0.19542797093749975,-0.14311710937499988,0.14937014449544272,0.3200000000000003,0
Co8Mg8,OK,0.0,0.0,0.0,static_OUTCAR,-65.23004521,-65.22913581,bcc,2.0,16.0,230.47477771,3.06556931,3.06556931,6.13113861,6.13113861,6.13113861,yes,CLEANED:0,BCC_SQS,Co8Mg8,Co-Mg,-0.15259618376248865,0.13608185343750012,0.12921826968749972,0.3785402423291866,0.5699999999999998,7
Co8Mn8,OK,0.0,0.0,0.0,static_OUTCAR,-126.12533399,-126.1244939,bcc,2.0,16.0,182.19771547,2.83455125,2.83455125,5.6691025,5.6691025,5.6691025,yes,CLEANED:5|SRC:recalc2,BCC_SQS,Co8Mn8,Co-Mn,0.03443146539047104,0.016659572187499805,-0.024329610312499028,0.0066745207782421545,0.32999999999999985,2
Co8Mo8,OK,0.0,0.0,0.0,static_OUTCAR,-140.47890174,-140.47866033,bcc,2.0,16.0,215.18181508,2.99620731,2.99620731,5.99241463,5.99241463,5.99241463,yes,CLEANED:5|SRC:recalc2,BCC_SQS,Co8Mo8,Co-Mo,0.0006813624381262403,0.1572123659375002,0.11354153437499903,0.1730321466358533,0.28000000000000025,3
Co8Nb8,OK,0.0,0.0,0.0,static_OUTCAR,-135.76982807,-135.7697115,bcc,2.0,16.0,234.2260582,3.08211194,3.08211194,6.16422388,6.16422388,6.16422388,yes,CLEANED:5|SRC:recalc2,BCC_SQS,Co8Nb8,Co-Nb,-0.003172135432531741,0.03510585187500048,0.0017754740625015586,0.25093707846615354,0.2799999999999998,4
Co8Ni8,OK,0.0,0.0,0.0,static_OUTCAR,-98.46428087,-98.46290161,bcc,2.0,16.0,175.83528702,2.80116494,2.80116494,5.60232989,5.60232989,5.60232989,yes,CLEANED:0,BCC_SQS,Co8Ni8,Co-Ni,0.0022979842780920623,0.017579076875001043,-0.005389160312499364,0.01036398660343818,0.030000000000000027,1
Co8Os8,OK,0.0,0.0,0.0,static_OUTCAR,-141.90420723,-141.90366378,bcc,2.0,16.0,210.0268395,2.97208758,2.97208758,5.94417517,5.94417517,5.94417517,yes,CLEANED:0,BCC_SQS,Co8Os8,Co-Os,0.011202554605690524,-0.22271357656249968,-0.23816381062499836,0.14230673114850778,0.3200000000000003,1
Co8Pd8,OK,0.0,0.0,0.0,static_OUTCAR,-96.25109474,-96.25146452,bcc,2.0,16.0,218.59088912,3.01194722,3.01194722,6.02389443,6.02389443,6.02389443,yes,CLEANED:0,BCC_SQS,Co8Pd8,Co-Pd,0.0321748902776885,0.04329800531249983,0.05757705531249968,0.15953486608069833,0.3200000000000003,1
Co8Pt8,OK,0.0,0.0,0.0,static_OUTCAR,-104.04754284,-104.04716369,bcc,2.0,16.0,224.12797553,3.03716715,3.03716715,6.0743343,6.0743343,6.0743343,yes,CLEANED:0,BCC_SQS,Co8Pt8,Co-Pt,0.04200274343710724,-0.022177523750000816,-0.025276646562499394,0.17327095787421065,0.3999999999999999,1
Co8Re8,OK,0.0,0.0,0.0,static_OUTCAR,-153.03431047,-153.03413789,bcc,2.0,16.0,212.46369512,2.98353805,2.98353805,5.9670761,5.9670761,5.9670761,yes,CLEANED:0,BCC_SQS,Co8Re8,Co-Re,0.011147488712333693,-0.05311885531249949,-0.06554998937499867,0.152585174735006,0.020000000000000018,2
Co8Rh8,OK,0.0,0.0,0.0,static_OUTCAR,-111.89058319,-111.89074965,bcc,2.0,16.0,210.18310133,2.97282449,2.97282449,5.94564897,5.94564897,5.94564897,yes,CLEANED:0,BCC_SQS,Co8Rh8,Co-Rh,0.027648215343171446,-0.06818825781249949,-0.04582189249999935,0.128629210105611,0.3999999999999999,0
Co8Ru8,OK,0.0,0.0,0.0,static_OUTCAR,-125.95036758,-125.94861326,bcc,2.0,16.0,206.17505927,2.95380654,2.95380654,5.90761307,5.90761307,5.90761307,yes,CLEANED:0,BCC_SQS,Co8Ru8,Co-Ru,0.01812490035889324,-0.09345108156249982,-0.1324031874999987,0.11977214563301208,0.3200000000000003,1
Co8Sc8,OK,0.0,0.0,0.0,static_OUTCAR,-107.69815383,-107.69839176,bcc,2.0,16.0,250.00629997,3.14982908,3.14982908,6.29965817,6.29965817,6.29965817,yes,CLEANED:5|SRC:recalc2,BCC_SQS,Co8Sc8,Co-Sc,-0.1308890137557963,-0.18413936531249941,-0.11248412281249998,0.4274177144657383,0.5199999999999998,6
Co8Sn8,OK,0.0,0.0,0.0,static_OUTCAR,-82.11411568,-82.11248716,bcc,2.0,16.0,283.95131296,3.28638141,3.28638141,6.57276281,6.57276281,6.57276281,yes,CLEANED:0,BCC_SQS,Co8Sn8,Co-Sn,-0.09132072624134016,0.22567794875000047,0.2505901778124997,0.49981510439015553,0.08000000000000007,5
Co8Ta8,OK,0.0,0.0,0.0,static_OUTCAR,-150.45606741,-150.45499039,bcc,2.0,16.0,234.42453234,3.08298225,3.08298225,6.16596449,6.16596449,6.16596449,yes,CLEANED:5|SRC:recalc2,BCC_SQS,Co8Ta8,Co-Ta,-0.002840051931884794,-0.022164995937499654,-0.04468576187500162,0.25138681482193004,0.3799999999999999,4
Co8Ti8,OK,0.0,0.0,0.0,static_OUTCAR,-121.65996085,-121.66083087,bcc,2.0,16.0,211.79145301,2.98038806,2.98038806,5.96077611,5.96077611,5.96077611,yes,CLEANED:5|SRC:recalc2,BCC_SQS,Co8Ti8,Co-Ti,-0.06360522645642205,-0.2825036459375001,-0.24509074031249956,0.2175058166012538,0.33999999999999986,5
Co8V8,OK,0.0,0.0,0.0,static_OUTCAR,-128.96269307,-128.96180508,bcc,2.0,16.0,190.49300517,2.87693256,2.87693256,5.75386513,5.75386513,5.75386513,yes,CLEANED:5|SRC:recalc2,BCC_SQS,Co8V8,Co-V,-0.030424314324958086,-0.09003267187499997,-0.09993239781250018,0.09272101776796804,0.25,4
Co8W8,OK,0.0,0.0,0.0,static_OUTCAR,-156.2425801,-156.24236844,bcc,2.0,16.0,219.39916494,3.01565504,3.01565504,6.03131008,6.03131008,6.03131008,yes,CLEANED:5|SRC:recalc2,BCC_SQS,Co8W8,Co-W,0.0060092309708756324,0.18780147968750072,0.13059955499999987,0.18547122434904573,0.48,3
Co8Zn8,OK,0.0,0.0,0.0,static_OUTCAR,-64.46219148,-64.46291051,bcc,2.0,16.0,196.78296749,2.90825515,2.90825515,5.8165103,5.8165103,5.8165103,yes,CLEANED:0,BCC_SQS,Co8Zn8,Co-Zn,-0.07393305554066062,-0.04454935812499983,-0.04413632687499991,0.16252213477956334,0.22999999999999998,3
Co8Zr8,OK,0.0,0.0,0.0,static_OUTCAR,-126.47597976,-126.47557222,bcc,2.0,16.0,260.53372749,3.19343432,3.19343432,6.38686864,6.38686864,6.38686864,yes,CLEANED:14|SRC:recalc2,BCC_SQS,Co8Zr8,Co-Zr,-0.0395172015807542,-0.21142067593750014,-0.08443280093750083,0.3762151416788371,0.5499999999999998,5
Cr8Cu8,OK,0.0,0.0,0.0,static_OUTCAR,-100.93382266,-100.93349052,bcc,2.0,16.0,188.47473861,2.86673614,2.86673614,5.73347227,5.73347227,5.73347227,yes,CLEANED:14|SRC:recalc2,BCC_SQS,Cr8Cu8,Cr-Cu,0.008654055025913415,0.3058683615624993,0.2819938474999999,0.012592553911378257,0.24,5
Cr8Fe8,OK,0.0,0.0,0.0,static_OUTCAR,-140.91164025,-140.91083811,bcc,2.0,16.0,182.4222429,2.83571514,2.83571514,5.67143027,5.67143027,5.67143027,yes,CLEANED:0,BCC_SQS,Cr8Fe8,Cr-Fe,-0.0013618022489611603,0.08680886062499837,0.08182399562499931,0.00855956119842749,0.17000000000000015,2
Cr8Hf8,OK,0.0,0.0,0.0,static_OUTCAR,-150.54611818,-150.54610229,bcc,2.0,16.0,274.0488697,3.24772571,3.24772571,6.49545141,6.49545141,6.49545141,yes,CLEANED:14|SRC:recalc2,BCC_SQS,Cr8Hf8,Cr-Hf,0.015607939435163325,0.22106298781249833,0.16424522718750012,0.3425725003934754,0.3599999999999999,2
Cr8Ir8,OK,0.0,0.0,0.0,static_OUTCAR,-146.42534882,-146.4252511,bcc,2.0,16.0,217.30340121,3.00602217,3.00602217,6.01204434,6.01204434,6.01204434,yes,CLEANED:0,BCC_SQS,Cr8Ir8,Cr-Ir,0.021018643095465448,-0.2905240656250001,-0.2325307690624996,0.1315651913253959,0.5400000000000003,3
Cr8Mg8,OK,0.0,0.0,0.0,static_OUTCAR,-81.1535246,-81.15442432,bcc,2.0,16.0,273.12873513,3.24408682,3.24408682,6.48817364,6.48817364,6.48817364,yes,CLEANED:0,BCC_SQS,Cr8Mg8,Cr-Mg,-0.008416390505502835,0.4250419268750001,0.44307894406249915,0.36073528915913977,0.34999999999999987,4
Cr8Mn8,OK,0.0,0.0,0.0,static_OUTCAR,-147.08406555,-147.08271271,bcc,2.0,16.0,180.02624492,2.82324529,2.82324529,5.64649058,5.64649058,5.64649058,yes,CLEANED:0,BCC_SQS,Cr8Mn8,Cr-Mn,0.0023582946764341963,-0.009083614999999767,-0.022393356562499633,0.024479473948288977,0.10999999999999988,1
Cr8Mo8,OK,0.0,0.0,0.0,static_OUTCAR,-162.0574357,-162.05721653,bcc,2.0,16.0,221.31387636,3.02440225,3.02440225,6.0488045,6.0488045,6.0488045,yes,CLEANED:0,BCC_SQS,Cr8Mo8,Cr-Mo,0.012855923711489832,0.09273152874999901,0.09387202749999979,0.1552271934658065,0.5000000000000002,0
Cr8Nb8,OK,0.0,0.0,0.0,static_OUTCAR,-154.45516318,-154.45463366,bcc,2.0,16.0,242.95586071,3.11993681,3.11993681,6.23987361,6.23987361,6.23987361,yes,CLEANED:0,BCC_SQS,Cr8Nb8,Cr-Nb,0.018935273918681845,0.15144994281249957,0.1312969812500011,0.23313212529610672,0.05999999999999983,1
Cr8Ni8,OK,0.0,0.0,0.0,static_OUTCAR,-118.10288555,-118.10346055,bcc,2.0,16.0,184.14564952,2.84461716,2.84461716,5.68923432,5.68923432,5.68923432,yes,CLEANED:0,BCC_SQS,Cr8Ni8,Cr-Ni,0.029312226670126257,0.07434381968750081,0.05743809937499833,0.028168939773485002,0.25,4
Cr8Os8,OK,0.0,0.0,0.0,static_OUTCAR,-162.94371395,-162.94384757,bcc,2.0,16.0,214.0336885,2.99086894,2.99086894,5.98173788,5.98173788,5.98173788,yes,CLEANED:0,BCC_SQS,Cr8Os8,Cr-Os,0.013563143317094455,-0.25350521124999936,-0.26474958124999937,0.12450177797846096,0.5400000000000003,2
Cr8Pd8,OK,0.0,0.0,0.0,static_OUTCAR,-114.30314719,-114.30314716,bcc,2.0,16.0,218.29271269,3.01057708,3.01057708,6.02115415,6.02115415,6.02115415,yes,CLEANED:14|SRC:recalc2,BCC_SQS,Cr8Pd8,Cr-Pd,0.01415227588637463,0.1992222624999993,0.15483165500000062,0.1417299129106515,0.5400000000000003,4
Cr8Pt8,OK,0.0,0.0,0.0,static_OUTCAR,-125.06835092,-125.06796846,bcc,2.0,16.0,228.44366264,3.05653736,3.05653736,6.11307473,6.11307473,6.11307473,yes,CLEANED:14|SRC:recalc2,BCC_SQS,Cr8Pt8,Cr-Pt,0.045207593149442456,-0.051800493437500705,-0.0732248018750008,0.15546600470416383,0.6199999999999999,4
Cr8Re8,OK,0.0,0.0,0.0,static_OUTCAR,-173.97825674,-173.97761779,bcc,2.0,16.0,217.37657079,3.00635952,3.00635952,6.01271904,6.01271904,6.01271904,yes,CLEANED:0,BCC_SQS,Cr8Re8,Cr-Re,0.017724091140773314,-0.07793796187500135,-0.05666120562499799,0.13478022156495917,0.24,1
Cr8Rh8,OK,0.0,0.0,0.0,static_OUTCAR,-132.78503623,-132.78656012,bcc,2.0,16.0,210.60249708,2.97480048,2.97480048,5.94960096,5.94960096,5.94960096,yes,CLEANED:14|SRC:recalc2,BCC_SQS,Cr8Rh8,Cr-Rh,0.012522922769401515,-0.08991403749999982,-0.10000376281250212,0.11082425693556419,0.6199999999999999,3
Cr8Ru8,OK,0.0,0.0,0.0,static_OUTCAR,-147.15083849,-147.15117156,bcc,2.0,16.0,208.26518398,2.96375452,2.96375452,5.92750904,5.92750904,5.92750904,yes,CLEANED:0,BCC_SQS,Cr8Ru8,Cr-Ru,0.011122775811602075,-0.13430297812499958,-0.14887316968750142,0.10196719246296526,0.5400000000000003,2
Cr8Sc8,OK,0.0,0.0,0.0,static_OUTCAR,-120.18231086,-120.18096499,bcc,2.0,16.0,269.15355441,3.22827144,3.22827144,6.45654288,6.45654288,6.45654288,yes,CLEANED:14|SRC:recalc2,BCC_SQS,Cr8Sc8,Cr-Sc,-0.07547719698280116,0.319778355625,0.28692427718750046,0.40961276129569146,0.2999999999999998,3
Cr8Sn8,OK,0.0,0.0,0.0,static_OUTCAR,-99.88033533,-99.87993817,bcc,2.0,16.0,316.85628443,3.40871569,3.40871569,6.81743138,6.81743138,6.81743138,yes,CLEANED:14|SRC:recalc2,BCC_SQS,Cr8Sn8,Cr-Sn,0.002844841150726461,0.3994667559375005,0.4687194240624999,0.4820101512201087,0.30000000000000004,2
Cr8Ta8,OK,0.0,0.0,0.0,static_OUTCAR,-168.81114899,-168.81143834,bcc,2.0,16.0,236.592,3.09245477,3.09245477,6.18490954,6.18490954,6.18490954,yes,CLEANED:0,BCC_SQS,Cr8Ta8,Cr-Ta,-0.008256579574731443,0.11481994062500078,0.10204845374999927,0.23358186165188322,0.15999999999999992,1
Cr8Ti8,OK,0.0,0.0,0.0,static_OUTCAR,-136.99566475,-136.99490436,bcc,2.0,16.0,227.76146425,3.05349176,3.05349176,6.10698353,6.10698353,6.10698353,yes,CLEANED:0,BCC_SQS,Cr8Ti8,Cr-Ti,-0.008210682442653326,0.04319239562499888,0.01474906781249885,0.19970086343120697,0.11999999999999988,2
Cr8V8,OK,0.0,0.0,0.0,static_OUTCAR,-148.95346419,-148.95434318,bcc,2.0,16.0,197.90274736,2.91376113,2.91376113,5.82752226,5.82752226,5.82752226,yes,CLEANED:0,BCC_SQS,Cr8V8,Cr-V,-0.010189232049673418,-0.055278331562499616,-0.05545517187499982,0.07491606459792122,0.030000000000000027,1
Cr8W8,OK,0.0,0.0,0.0,static_OUTCAR,-178.16344994,-178.16280795,bcc,2.0,16.0,226.07500982,3.04593658,3.04593658,6.09187317,6.09187317,6.09187317,yes,CLEANED:0,BCC_SQS,Cr8W8,Cr-W,0.020386942033697744,0.10192465000000084,0.1014375646874992,0.1676662711789989,0.7,0
Cr8Zn8,OK,0.0,0.0,0.0,static_OUTCAR,-82.46457349,-82.46458406,bcc,2.0,16.0,219.76739416,3.01734121,3.01734121,6.03468241,6.03468241,6.03468241,yes,CLEANED:0,BCC_SQS,Cr8Zn8,Cr-Zn,0.017617181231658865,0.11447930156249964,0.14274477812499953,0.14471718160951652,0.010000000000000009,6
Cr8Zr8,OK,0.0,0.0,0.0,static_OUTCAR,-139.46644582,-139.46628809,bcc,2.0,16.0,271.96366651,3.23946755,3.23946755,6.47893509,6.47893509,6.47893509,yes,CLEANED:0,BCC_SQS,Cr8Zr8,Cr-Zr,-0.010041821452867977,0.26085273062500036,0.2666421303124995,0.35841018850879025,0.32999999999999985,2
Cu8Fe8,OK,0.0,0.0,0.0,static_OUTCAR,-93.68526799,-93.68475424,bcc,2.0,16.0,189.5477209,2.87216593,2.87216593,5.74433187,5.74433187,5.74433187,yes,CLEANED:0,BCC_SQS,Cu8Fe8,Cu-Fe,0.023593774388031764,0.13595825031250008,0.1359591928124999,0.021152115109805747,0.06999999999999984,3
Cu8Hf8,OK,0.0,0.0,0.0,static_OUTCAR,-108.72358756,-108.72285734,bcc,2.0,16.0,274.653053,3.25011066,3.25011066,6.50022132,6.50022132,6.50022132,yes,CLEANED:14|SRC:recalc2,BCC_SQS,Cu8Hf8,Cu-Hf,0.00847504064197784,-0.0675277249999997,-0.04425409312499973,0.32997994648209716,0.5999999999999999,7
Cu8Ir8,OK,0.0,0.0,0.0,static_OUTCAR,-97.40934794,-97.41130941,bcc,2.0,16.0,217.83848106,3.00848745,3.00848745,6.0169749,6.0169749,6.0169749,yes,CLEANED:0,BCC_SQS,Cu8Ir8,Cu-Ir,0.011613505159872847,-0.12952288718750005,-0.1608737146874999,0.11897263741401765,0.30000000000000027,2
Cu8Mg8,OK,0.0,0.0,0.0,static_OUTCAR,-41.991945,-41.99080211,bcc,2.0,16.0,250.72460232,3.15284283,3.15284283,6.30568566,6.30568566,6.30568566,yes,CLEANED:0,BCC_SQS,Cu8Mg8,Cu-Mg,-0.09796581703750648,-0.0298582246875001,-0.021437986875000092,0.3481427352477615,0.5899999999999999,9
Cu8Mn8,OK,0.0,0.0,0.0,static_OUTCAR,-97.27665509,-97.27680962,bcc,2.0,16.0,199.09673025,2.91960913,2.91960913,5.83921827,5.83921827,5.83921827,yes,CLEANED:0,BCC_SQS,Cu8Mn8,Cu-Mn,0.09327525551428448,0.20138066218749895,0.10683397218750024,0.037072027859667234,0.34999999999999987,4
Cu8Mo8,OK,0.0,0.0,0.0,static_OUTCAR,-112.94685226,-112.94741531,bcc,2.0,16.0,225.05102088,3.04133085,3.04133085,6.08266169,6.08266169,6.08266169,yes,CLEANED:0,BCC_SQS,Cu8Mo8,Cu-Mo,0.01827305558655464,0.25964411718749947,0.2589075659375002,0.14263463955442823,0.26000000000000023,5
Cu8Nb8,OK,0.0,0.0,0.0,static_OUTCAR,-108.22256526,-108.22309717,bcc,2.0,16.0,249.09149436,3.14598251,3.14598251,6.29196502,6.29196502,6.29196502,yes,CLEANED:0,BCC_SQS,Cu8Nb8,Cu-Nb,0.033795282497900474,0.1384884362499994,0.15608663656250066,0.22053957138472846,0.2999999999999998,6
Cu8Ni8,OK,0.0,0.0,0.0,static_OUTCAR,-72.67449574,-72.6741646,bcc,2.0,16.0,180.19149839,2.82410888,2.82410888,5.64821776,5.64821776,5.64821776,yes,CLEANED:0,BCC_SQS,Cu8Ni8,Cu-Ni,-0.006712987492655948,0.01111930625000035,0.014494401562499704,0.04076149368486326,0.010000000000000009,1
Cu8Os8,OK,0.0,0.0,0.0,static_OUTCAR,-113.52118573,-113.52084757,bcc,2.0,16.0,215.5293327,2.9978194,2.9978194,5.9956388,5.9956388,5.9956388,yes,CLEANED:0,BCC_SQS,Cu8Os8,Cu-Os,0.008667814687321817,-0.0670960740625004,-0.12131062968749973,0.1119092240670827,0.30000000000000027,3
Cu8Pd8,OK,0.0,0.0,0.0,static_OUTCAR,-72.44661037,-72.44664902,bcc,2.0,16.0,221.87704441,3.02696543,3.02696543,6.05393087,6.05393087,6.05393087,yes,CLEANED:0,BCC_SQS,Cu8Pd8,Cu-Pd,0.018933769303556267,-0.08724306281250005,-0.08379994625000009,0.12913735899927326,0.30000000000000027,1
Cu8Pt8,OK,0.0,0.0,0.0,static_OUTCAR,-79.40788957,-79.40838172,bcc,2.0,16.0,226.84554076,3.04939315,3.04939315,6.09878629,6.09878629,6.09878629,yes,CLEANED:0,BCC_SQS,Cu8Pt8,Cu-Pt,0.026122561571949702,-0.10052053562499985,-0.10182845000000018,0.14287345079278557,0.3799999999999999,1
Cu8Re8,OK,0.0,0.0,0.0,static_OUTCAR,-124.50120008,-124.50108514,bcc,2.0,16.0,215.192,2.99625459,2.99625459,5.99250917,5.99250917,5.99250917,yes,CLEANED:0,BCC_SQS,Cu8Re8,Cu-Re,-0.004194936420146265,0.11187920281250019,0.13918171499999943,0.12218766765358091,0.0,4
Cu8Rh8,OK,0.0,0.0,0.0,static_OUTCAR,-85.88012794,-85.88192768,bcc,2.0,16.0,212.89181824,2.98554069,2.98554069,5.97108138,5.97108138,5.97108138,yes,CLEANED:0,BCC_SQS,Cu8Rh8,Cu-Rh,0.01133656498532141,-0.06085614593749966,-0.06823751562499947,0.09823170302418593,0.3799999999999999,2
Cu8Ru8,OK,0.0,0.0,0.0,static_OUTCAR,-99.0221564,-99.02212993,bcc,2.0,16.0,210.30375479,2.97339322,2.97339322,5.94678644,5.94678644,5.94678644,yes,CLEANED:0,BCC_SQS,Cu8Ru8,Cu-Ru,0.008738999756289124,-0.0287592240624992,-0.07255589781249938,0.089374638551587,0.30000000000000027,3
Cu8Sc8,OK,0.0,0.0,0.0,static_OUTCAR,-81.44998953,-81.45150438,bcc,2.0,16.0,275.43186406,3.25317978,3.25317978,6.50635957,6.50635957,6.50635957,yes,CLEANED:14|SRC:recalc2,BCC_SQS,Cu8Sc8,Cu-Sc,-0.061991297412566086,-0.16195043781249918,-0.10618451343749946,0.3970202073843132,0.5399999999999998,8
Cu8Sn8,OK,0.0,0.0,0.0,static_OUTCAR,-58.835378,-58.83436817,bcc,2.0,16.0,317.52925614,3.41112724,3.41112724,6.82225448,6.82225448,6.82225448,yes,CLEANED:14|SRC:recalc2,BCC_SQS,Cu8Sn8,Cu-Sn,-0.0029385711617896395,0.062277712499999804,0.13346447531250005,0.46941759730873045,0.06000000000000005,7
Cu8Ta8,OK,0.0,0.0,0.0,static_OUTCAR,-121.6229127,-121.62364237,bcc,2.0,16.0,248.40494092,3.1430895,3.1430895,6.286179,6.286179,6.286179,yes,CLEANED:0,BCC_SQS,Cu8Ta8,Cu-Ta,0.030429352732045743,0.1615858321874999,0.16721705249999985,0.22098930774050496,0.3999999999999999,6
Cu8Ti8,OK,0.0,0.0,0.0,static_OUTCAR,-92.10010546,-92.10232876,bcc,2.0,16.0,230.16992649,3.06421709,3.06421709,6.12843418,6.12843418,6.12843418,yes,CLEANED:0,BCC_SQS,Cu8Ti8,Cu-Ti,-0.008549253997713285,-0.0533340253124992,-0.05002507437499926,0.1871083095198287,0.3599999999999999,7
Cu8V8,OK,0.0,0.0,0.0,static_OUTCAR,-99.55194999,-99.55217199,bcc,2.0,16.0,203.6262686,2.94158412,2.94158412,5.88316824,5.88316824,5.88316824,yes,CLEANED:0,BCC_SQS,Cu8V8,Cu-V,0.005821918418989448,0.12981742937500051,0.1487553856249999,0.06232351068654296,0.27,6
Cu8W8,OK,0.0,0.0,0.0,static_OUTCAR,-127.82962134,-127.82991822,bcc,2.0,16.0,229.29199885,3.06031622,3.06031622,6.12063244,6.12063244,6.12063244,yes,CLEANED:0,BCC_SQS,Cu8W8,Cu-W,0.02332452999514683,0.3452900609374998,0.3477901396875005,0.15507371726762065,0.45999999999999996,5
Cu8Zn8,OK,0.0,0.0,0.0,static_OUTCAR,-39.56705639,-39.56805471,bcc,2.0,16.0,208.28517286,2.96384933,2.96384933,5.92769867,5.92769867,5.92769867,yes,CLEANED:0,BCC_SQS,Cu8Zn8,Cu-Zn,-0.04662059342641763,-0.10692475624999975,-0.10238222249999973,0.13212462769813826,0.25,1
Cu8Zr8,OK,0.0,0.0,0.0,static_OUTCAR,-97.94511675,-97.94443467,bcc,2.0,16.0,279.80057039,3.27028952,3.27028952,6.54057904,6.54057904,6.54057904,yes,CLEANED:14|SRC:recalc2,BCC_SQS,Cu8Zr8,Cu-Zr,0.009272220701547654,-0.046563079062500456,-0.013978090625000661,0.345817634597412,0.5699999999999998,7
Fe8Hf8,OK,0.0,0.0,0.0,static_OUTCAR,-134.43566727,-134.43604402,bcc,2.0,16.0,261.49975359,3.1973764,3.1973764,6.39475281,6.39475281,6.39475281,yes,CLEANED:0,BCC_SQS,Fe8Hf8,Fe-Hf,-0.02483051496333551,0.6050213915624987,-0.01981943781250095,0.3511320615919029,0.53,4
Fe8Ir8,OK,0.0,0.0,0.0,static_OUTCAR,-135.7336152,-135.73390169,bcc,2.0,16.0,220.31471616,3.01984399,3.01984399,6.03968797,6.03968797,6.03968797,yes,CLEANED:0,BCC_SQS,Fe8Ir8,Fe-Ir,0.04339888313958001,-0.24523549250000087,-0.23996274875000267,0.1401247525238234,0.3700000000000001,1
Fe8Mg8,OK,0.0,0.0,0.0,static_OUTCAR,-74.67904975,-74.67898654,bcc,2.0,16.0,273.768,3.24661581,3.24661581,6.49323161,6.49323161,6.49323161,yes,CLEANED:0,BCC_SQS,Fe8Mg8,Fe-Mg,0.0,0.20675182687499927,0.21769522218749948,0.36929485035756726,0.52,6
Fe8Mn8,OK,0.0,0.0,0.0,static_OUTCAR,-136.53756881,-136.53720022,bcc,2.0,16.0,179.46617143,2.82031448,2.82031448,5.64062896,5.64062896,5.64062896,yes,CLEANED:0,BCC_SQS,Fe8Mn8,Fe-Mn,0.008669375677530415,0.027127653124997764,0.010850466874998688,0.015919912749861487,0.28,1
Fe8Mo8,OK,0.0,0.0,0.0,static_OUTCAR,-151.73617305,-151.73566015,bcc,2.0,16.0,221.25197056,3.02412023,3.02412023,6.04824046,6.04824046,6.04824046,yes,CLEANED:0,BCC_SQS,Fe8Mo8,Fe-Mo,0.02041353037760218,0.11486566625000094,0.13135813062499935,0.16378675466423398,0.33000000000000007,2
Fe8Nb8,OK,0.0,0.0,0.0,static_OUTCAR,-145.55811553,-145.55791315,bcc,2.0,16.0,239.05780342,3.10316103,3.10316103,6.20632206,6.20632206,6.20632206,yes,CLEANED:14|SRC:recalc2,BCC_SQS,Fe8Nb8,Fe-Nb,0.00969704732506278,0.08457064281249771,0.05781009000000026,0.2416916864945342,0.22999999999999998,3
Fe8Ni8,OK,0.0,0.0,0.0,static_OUTCAR,-109.84048993,-109.84047226,bcc,2.0,16.0,182.1025344,2.83405757,2.83405757,5.66811513,5.66811513,5.66811513,yes,CLEANED:0,BCC_SQS,Fe8Ni8,Fe-Ni,0.02753539347124304,-0.03220123218750093,-0.0330587375000011,0.019609378575057512,0.07999999999999985,2
Fe8Os8,OK,0.0,0.0,0.0,static_OUTCAR,-152.21385597,-152.21458939,bcc,2.0,16.0,215.19850941,2.9962848,2.9962848,5.99256959,5.99256959,5.99256959,yes,CLEANED:0,BCC_SQS,Fe8Os8,Fe-Os,0.027246806037339526,-0.2058338656249994,-0.26192652843750075,0.13306133917688845,0.3700000000000001,0
Fe8Pd8,OK,0.0,0.0,0.0,static_OUTCAR,-107.67835233,-107.6782969,bcc,2.0,16.0,225.58650384,3.0437411,3.0437411,6.0874822,6.0874822,6.0874822,yes,CLEANED:0,BCC_SQS,Fe8Pd8,Fe-Pd,0.05627740447402741,-0.009672836874999646,-0.009163317812500793,0.150289474109079,0.3700000000000001,2
Fe8Pt8,OK,0.0,0.0,0.0,static_OUTCAR,-116.20637469,-116.20522039,bcc,2.0,16.0,225.37657924,3.04279667,3.04279667,6.08559334,6.08559334,6.08559334,yes,CLEANED:0,BCC_SQS,Fe8Pt8,Fe-Pt,0.039157468472308984,-0.12087175718750043,-0.12431927781250085,0.16402556590259132,0.44999999999999973,2
Fe8Re8,OK,0.0,0.0,0.0,static_OUTCAR,-163.70272879,-163.70132788,bcc,2.0,16.0,217.31325472,3.0060676,3.0060676,6.01213521,6.01213521,6.01213521,yes,CLEANED:0,BCC_SQS,Fe8Re8,Fe-Re,0.025488863865812256,-0.05866224312500101,-0.0376760484375005,0.14333978276338666,0.06999999999999984,1
Fe8Rh8,OK,0.0,0.0,0.0,static_OUTCAR,-123.25016669,-123.25046642,bcc,2.0,16.0,216.69686362,3.00322276,3.00322276,6.00644551,6.00644551,6.00644551,yes,CLEANED:0,BCC_SQS,Fe8Rh8,Fe-Rh,0.050301346566819866,-0.11692946937500093,-0.11909690406250117,0.11938381813399168,0.44999999999999973,1
Fe8Ru8,OK,0.0,0.0,0.0,static_OUTCAR,-136.69012793,-136.68961216,bcc,2.0,16.0,211.55836463,2.97929429,2.97929429,5.95858859,5.95858859,5.95858859,yes,CLEANED:0,BCC_SQS,Fe8Ru8,Fe-Ru,0.03555243028404631,-0.10345334624999936,-0.15262673312499864,0.11052675366139275,0.3700000000000001,0
Fe8Sc8,OK,0.0,0.0,0.0,static_OUTCAR,-114.60167222,-114.60258352,bcc,2.0,16.0,260.09010602,3.19162076,3.19162076,6.38324152,6.38324152,6.38324152,yes,CLEANED:14|SRC:recalc2,BCC_SQS,Fe8Sc8,Fe-Sc,-0.10142717857609257,0.04562349249999986,0.056367168437500226,0.41817232249411895,0.47,5
Fe8Sn8,OK,0.0,0.0,0.0,static_OUTCAR,-91.60327371,-91.60274786,bcc,2.0,16.0,297.08734147,3.33629712,3.33629712,6.67259423,6.67259423,6.67259423,yes,CLEANED:0,BCC_SQS,Fe8Sn8,Fe-Sn,-0.05470018894920269,0.29383832906249996,0.28748401218749997,0.4905697124185362,0.1299999999999999,4
Fe8Ta8,OK,0.0,0.0,0.0,static_OUTCAR,-159.99158694,-159.99059551,bcc,2.0,16.0,239.53698876,3.10523305,3.10523305,6.2104661,6.2104661,6.2104661,yes,CLEANED:0,BCC_SQS,Fe8Ta8,Fe-Ta,0.011205080684022357,0.04309779062500141,0.018112248750000504,0.2421414228503107,0.33000000000000007,3
Fe8Ti8,OK,0.0,0.0,0.0,static_OUTCAR,-130.32513193,-130.32470784,bcc,2.0,16.0,215.76370831,2.99890566,2.99890566,5.99781132,5.99781132,5.99781132,yes,CLEANED:0,BCC_SQS,Fe8Ti8,Fe-Ti,-0.0535351849948109,-0.16284408125000027,-0.16438259781249975,0.20826042462963446,0.29000000000000004,4
Fe8V8,OK,0.0,0.0,0.0,static_OUTCAR,-139.48518665,-139.48549521,bcc,2.0,16.0,193.58713224,2.8924254,2.8924254,5.7848508,5.7848508,5.7848508,yes,CLEANED:0,BCC_SQS,Fe8V8,Fe-V,-0.023574206925421358,-0.08645576343750072,-0.10770677031250031,0.08347562579634871,0.20000000000000018,3
Fe8W8,OK,0.0,0.0,0.0,static_OUTCAR,-167.6318169,-167.63150051,bcc,2.0,16.0,225.36552928,3.04274694,3.04274694,6.08549388,6.08549388,6.08549388,yes,CLEANED:0,BCC_SQS,Fe8W8,Fe-W,0.02495196826168157,0.13720693687499974,0.15007730781250217,0.1762258323774264,0.5299999999999998,2
Fe8Zn8,OK,0.0,0.0,0.0,static_OUTCAR,-74.36770992,-74.36744871,bcc,2.0,16.0,204.52687589,2.94591446,2.94591446,5.89182893,5.89182893,5.89182893,yes,CLEANED:0,BCC_SQS,Fe8Zn8,Fe-Zn,-0.04553242865659143,-0.0024115034375000732,-0.004186321250000624,0.153276742807944,0.18000000000000016,4
Fe8Zr8,OK,0.0,0.0,0.0,static_OUTCAR,-133.13009343,-133.12916904,bcc,2.0,16.0,265.97022614,3.21549381,3.21549381,6.43098763,6.43098763,6.43098763,yes,CLEANED:14|SRC:recalc2,BCC_SQS,Fe8Zr8,Fe-Zr,-0.025904854026696036,0.03392997687500099,0.06089515656249844,0.36696974970721774,0.5,4
Hf8Ir8,OK,0.0,0.0,0.0,static_OUTCAR,-159.14802523,-159.14971903,bcc,2.0,16.0,277.42870568,3.26102256,3.26102256,6.52204511,6.52204511,6.52204511,yes,CLEANED:14|SRC:recalc2,BCC_SQS,Hf8Ir8,Hf-Ir,-0.0700212729164613,-0.9722271215625007,-0.9689575046874985,0.21100730906807952,0.9000000000000001,5
Hf8Mg8,OK,0.0,0.0,0.0,static_OUTCAR,-88.98834642,-88.98816321,bcc,2.0,16.0,350.13194027,3.52409208,3.52409208,7.04818417,7.04818417,7.04818417,yes,CLEANED:0,BCC_SQS,Hf8Mg8,Hf-Mg,-0.029928777059826186,0.04882978281249972,0.03971221968749994,0.01816278876566435,0.010000000000000009,2
Hf8Mn8,OK,0.0,0.0,0.0,static_OUTCAR,-149.23606604,-149.23612176,bcc,2.0,16.0,278.10092952,3.26365431,3.26365431,6.52730861,6.52730861,6.52730861,yes,CLEANED:14|SRC:recalc2,BCC_SQS,Hf8Mn8,Hf-Mn,0.04908139392628027,-0.030119425937501276,-0.006979407812499616,0.3670519743417644,0.25,3
Hf8Mo8,OK,0.0,0.0,0.0,static_OUTCAR,-165.92771114,-165.92950561,bcc,2.0,16.0,292.55374768,3.31923927,3.31923927,6.63847853,6.63847853,6.63847853,yes,CLEANED:0,BCC_SQS,Hf8Mo8,Hf-Mo,-0.03762698481607623,-0.03569646656250036,-0.08050643781250066,0.18734530692766893,0.8600000000000001,2
Hf8Nb8,OK,0.0,0.0,0.0,static_OUTCAR,-158.79005224,-158.79060516,bcc,2.0,16.0,321.1128078,3.42391163,3.42391163,6.84782326,6.84782326,6.84782326,yes,CLEANED:0,BCC_SQS,Hf8Nb8,Hf-Nb,-0.008691326341339295,-0.006016403750001231,-0.03373093499999946,0.1094403750973687,0.30000000000000004,1
Hf8Ni8,OK,0.0,0.0,0.0,static_OUTCAR,-127.55018353,-127.55119522,bcc,2.0,16.0,256.84382081,3.17828651,3.17828651,6.35657303,6.35657303,6.35657303,yes,CLEANED:14|SRC:recalc2,BCC_SQS,Hf8Ni8,Hf-Ni,-0.02853780842438778,-0.40264808437500044,-0.31041009875000114,0.3707414401669604,0.6099999999999999,6
Hf8Os8,OK,0.0,0.0,0.0,static_OUTCAR,-171.50705475,-171.50637058,bcc,2.0,16.0,275.68420119,3.25417295,3.25417295,6.5083459,6.5083459,6.5083459,yes,CLEANED:0,BCC_SQS,Hf8Os8,Hf-Os,-0.0706965736045627,-0.6752497915625,-0.6291838487499994,0.21807072241501446,0.9000000000000001,4
Hf8Pd8,OK,0.0,0.0,0.0,static_OUTCAR,-128.9935204,-128.99359074,bcc,2.0,16.0,292.09753011,3.31751299,3.31751299,6.63502599,6.63502599,6.63502599,yes,CLEANED:0,BCC_SQS,Hf8Pd8,Hf-Pd,-0.028717135353348765,-0.6054618434374994,-0.6112724934375002,0.2008425874828239,0.9000000000000001,6
Hf8Pt8,OK,0.0,0.0,0.0,static_OUTCAR,-140.4112654,-140.41080158,bcc,2.0,16.0,290.6692607,3.31209694,3.31209694,6.62419388,6.62419388,6.62419388,yes,CLEANED:0,BCC_SQS,Hf8Pt8,Hf-Pt,-0.04400902447501617,-0.8972684287499995,-0.9198170662500003,0.1871064956893116,0.9799999999999998,6
Hf8Re8,OK,0.0,0.0,0.0,static_OUTCAR,-180.47020691,-180.46995693,bcc,2.0,16.0,279.58162924,3.26943631,3.26943631,6.53887262,6.53887262,6.53887262,yes,CLEANED:0,BCC_SQS,Hf8Re8,Hf-Re,-0.06518863353069408,-0.3702206278125004,-0.3361729753124987,0.20779227882851625,0.5999999999999999,3
Hf8Rh8,OK,0.0,0.0,0.0,static_OUTCAR,-146.34262755,-146.34159307,bcc,2.0,16.0,276.84697805,3.25874167,3.25874167,6.51748333,6.51748333,6.51748333,yes,CLEANED:14|SRC:recalc2,BCC_SQS,Hf8Rh8,Hf-Rh,-0.05669126197094409,-0.823799275312501,-0.8175725512500023,0.23174824345791123,0.9799999999999998,5
Hf8Ru8,OK,0.0,0.0,0.0,static_OUTCAR,-156.85722704,-156.8560571,bcc,2.0,16.0,274.36366301,3.24896876,3.24896876,6.49793752,6.49793752,6.49793752,yes,CLEANED:0,BCC_SQS,Hf8Ru8,Hf-Ru,-0.05866221346648389,-0.6274880428124998,-0.6043983740625016,0.24060530793051016,0.9000000000000001,4
Hf8Sc8,OK,0.0,0.0,0.0,static_OUTCAR,-127.54014655,-127.53884421,bcc,2.0,16.0,370.60420183,3.59147999,3.59147999,7.18295997,7.18295997,7.18295997,yes,CLEANED:14|SRC:recalc2,BCC_SQS,Hf8Sc8,Hf-Sc,-0.015958130379914604,-0.02662215531250034,-0.03307836968749811,0.06704026090221604,0.06000000000000005,1
Hf8Sn8,OK,0.0,0.0,0.0,static_OUTCAR,-111.66232938,-111.66187546,bcc,2.0,16.0,364.91498864,3.57300731,3.57300731,7.14601463,7.14601463,7.14601463,yes,CLEANED:0,BCC_SQS,Hf8Sn8,Hf-Sn,-0.09099560760679198,-0.2234436525000003,-0.3070508184374994,0.13943765082663329,0.6599999999999999,0
Hf8Ta8,OK,0.0,0.0,0.0,static_OUTCAR,-171.8501102,-171.84997191,bcc,2.0,16.0,319.34963595,3.41763343,3.41763343,6.83526687,6.83526687,6.83526687,yes,CLEANED:0,BCC_SQS,Hf8Ta8,Hf-Ta,-0.014501896134559105,0.038349084687501644,0.012443224062499425,0.1089906387415922,0.19999999999999996,1
Hf8Ti8,OK,0.0,0.0,0.0,static_OUTCAR,-140.26975192,-140.27084229,bcc,2.0,16.0,316.36421529,3.40695023,3.40695023,6.81390045,6.81390045,6.81390045,yes,CLEANED:0,BCC_SQS,Hf8Ti8,Hf-Ti,0.0039028938278200084,-0.04797383281250056,-0.04450427218750086,0.14287163696226846,0.24,0
Hf8V8,OK,0.0,0.0,0.0,static_OUTCAR,-148.1913737,-148.19086232,bcc,2.0,16.0,292.35650202,3.31849313,3.31849313,6.63698627,6.63698627,6.63698627,yes,CLEANED:0,BCC_SQS,Hf8V8,Hf-V,0.024276811097902112,0.10581654374999871,0.08218343468750078,0.2676564357955542,0.32999999999999985,1
Hf8W8,OK,0.0,0.0,0.0,static_OUTCAR,-180.70033861,-180.70103392,bcc,2.0,16.0,294.50392682,3.32659835,3.32659835,6.6531967,6.6531967,6.6531967,yes,CLEANED:0,BCC_SQS,Hf8W8,Hf-W,-0.0408455824253593,0.056833327812499945,0.005865399375000635,0.17490622921447652,1.0599999999999998,2
Hf8Zn8,OK,0.0,0.0,0.0,static_OUTCAR,-88.91193687,-88.91463484,bcc,2.0,16.0,301.47044028,3.35262451,3.35262451,6.70524903,6.70524903,6.70524903,yes,CLEANED:0,BCC_SQS,Hf8Zn8,Hf-Zn,6.781958954011544e-05,-0.17501669000000053,-0.1624118665625005,0.1978553187839589,0.34999999999999987,8
Hf8Zr8,OK,0.0,0.0,0.0,static_OUTCAR,-146.25476983,-146.25304337,bcc,2.0,16.0,360.12336544,3.55729955,3.55729955,7.1145991,7.1145991,7.1145991,yes,CLEANED:0,BCC_SQS,Hf8Zr8,Hf-Zr,-0.00023950158831208032,-0.04995330031249878,-0.038145179999999,0.01583768811531483,0.030000000000000027,0
Ir8Mg8,OK,0.0,0.0,0.0,static_OUTCAR,-84.79540056,-84.79521214,bcc,2.0,16.0,249.69096489,3.14850422,3.14850422,6.29700845,6.29700845,6.29700845,yes,CLEANED:0,BCC_SQS,Ir8Mg8,Ir-Mg,-0.17845085825478135,-0.45824623937500064,-0.4035791112500009,0.22917009783374387,0.8900000000000001,7
Ir8Mn8,OK,0.0,0.0,0.0,static_OUTCAR,-141.46376929,-141.46428309,bcc,2.0,16.0,227.30115053,3.05143331,3.05143331,6.10286661,6.10286661,6.10286661,yes,CLEANED:0,BCC_SQS,Ir8Mn8,Ir-Mn,0.09235976514242927,-0.31348601749999894,-0.31650006968750155,0.15604466527368488,0.6500000000000001,2
Ir8Mo8,OK,0.0,0.0,0.0,static_OUTCAR,-158.04593284,-158.04556959,bcc,2.0,16.0,245.92390874,3.13259023,3.13259023,6.26518045,6.26518045,6.26518045,yes,CLEANED:0,BCC_SQS,Ir8Mo8,Ir-Mo,-0.0042953276711287965,-0.3122204612500017,-0.3841691187500018,0.023662002140410587,0.040000000000000036,3
Ir8Nb8,OK,0.0,0.0,0.0,static_OUTCAR,-154.92211735,-154.92380953,bcc,2.0,16.0,263.3235738,3.20479252,3.20479252,6.40958503,6.40958503,6.40958503,yes,CLEANED:0,BCC_SQS,Ir8Nb8,Ir-Nb,-0.013477163673365624,-0.5334056115625003,-0.623632816875002,0.10156693397071082,0.6000000000000001,4
Ir8Ni8,OK,0.0,0.0,0.0,static_OUTCAR,-112.28824022,-112.28841726,bcc,2.0,16.0,210.28126626,2.97328723,2.97328723,5.94657446,5.94657446,5.94657446,yes,CLEANED:0,BCC_SQS,Ir8Ni8,Ir-Ni,0.01398208804213853,-0.21791176593750095,-0.21750007312500053,0.1597341310988809,0.29000000000000026,1
Ir8Os8,OK,0.0,0.0,0.0,static_OUTCAR,-156.28515692,-156.28378587,bcc,2.0,16.0,239.13650925,3.10350155,3.10350155,6.20700309,6.20700309,6.20700309,yes,CLEANED:0,BCC_SQS,Ir8Os8,Ir-Os,-0.002140834856226434,-0.4930163156250007,-0.4730767640624993,0.007063413346934944,0.0,1
Ir8Pd8,OK,0.0,0.0,0.0,static_OUTCAR,-108.66474772,-108.66352177,bcc,2.0,16.0,241.14871921,3.11218203,3.11218203,6.22436406,6.22436406,6.22436406,yes,CLEANED:0,BCC_SQS,Ir8Pd8,Ir-Pd,-0.010576445409094148,-0.10404868937499945,-0.10285085968750085,0.01016472158525561,0.0,1
Ir8Pt8,OK,0.0,0.0,0.0,static_OUTCAR,-115.74295864,-115.74379433,bcc,2.0,16.0,246.65270468,3.13568165,3.13568165,6.27136331,6.27136331,6.27136331,yes,CLEANED:0,BCC_SQS,Ir8Pt8,Ir-Pt,-0.0015796713198063274,-0.12463439468749993,-0.12780438531250038,0.023900813378767927,0.07999999999999963,1
Ir8Re8,OK,0.0,0.0,0.0,static_OUTCAR,-169.02659646,-169.02647071,bcc,2.0,16.0,241.85742767,3.11522783,3.11522783,6.23045566,6.23045566,6.23045566,yes,CLEANED:0,BCC_SQS,Ir8Re8,Ir-Re,-0.0008816967450354582,-0.4241301131250008,-0.45115393593749964,0.0032150302395632657,0.30000000000000027,2
Ir8Rh8,OK,0.0,0.0,0.0,static_OUTCAR,-125.39715612,-125.39633893,bcc,2.0,16.0,235.70084876,3.08856719,3.08856719,6.17713437,6.17713437,6.17713437,yes,CLEANED:0,BCC_SQS,Ir8Rh8,Ir-Rh,-0.0032853087704465267,-0.28384244937500114,-0.2695788275000002,0.02074093438983171,0.07999999999999963,0
Ir8Ru8,OK,0.0,0.0,0.0,static_OUTCAR,-141.45638833,-141.45685418,bcc,2.0,16.0,234.29778445,3.08242651,3.08242651,6.16485303,6.16485303,6.16485303,yes,CLEANED:0,BCC_SQS,Ir8Ru8,Ir-Ru,-0.000667033850519478,-0.4340707618750006,-0.424158419687501,0.02959799886243064,0.0,1
Ir8Sc8,OK,0.0,0.0,0.0,static_OUTCAR,-128.82869497,-128.8288049,bcc,2.0,16.0,271.07314723,3.2359279,3.2359279,6.47185581,6.47185581,6.47185581,yes,CLEANED:0,BCC_SQS,Ir8Sc8,Ir-Sc,-0.151854782983489,-0.8762915699999994,-0.9301940856250006,0.27804756997029556,0.8400000000000001,6
Ir8Sn8,OK,0.0,0.0,0.0,static_OUTCAR,-100.11472089,-100.11354761,bcc,2.0,16.0,297.23321392,3.33684308,3.33684308,6.67368616,6.67368616,6.67368616,yes,CLEANED:14|SRC:recalc2,BCC_SQS,Ir8Sn8,Ir-Sn,-0.13704728838425115,-0.27085326031250023,-0.07923994875000062,0.3504449598947128,0.2400000000000002,5
Ir8Ta8,OK,0.0,0.0,0.0,static_OUTCAR,-169.6092753,-169.61115329,bcc,2.0,16.0,262.45459774,3.20126333,3.20126333,6.40252665,6.40252665,6.40252665,yes,CLEANED:0,BCC_SQS,Ir8Ta8,Ir-Ta,-0.017177466853929756,-0.5907338725000013,-0.6884089909375,0.10201667032648731,0.7000000000000002,4
Ir8Ti8,OK,0.0,0.0,0.0,static_OUTCAR,-141.87647231,-141.87632241,bcc,2.0,16.0,243.16620261,3.12083692,3.12083692,6.24167384,6.24167384,6.24167384,yes,CLEANED:0,BCC_SQS,Ir8Ti8,Ir-Ti,-0.057959118555108886,-0.9175289956250001,-0.9066116900000001,0.06813567210581106,0.6600000000000001,5
Ir8V8,OK,0.0,0.0,0.0,static_OUTCAR,-147.22446941,-147.22270966,bcc,2.0,16.0,226.67182953,3.04861457,3.04861457,6.09722914,6.09722914,6.09722914,yes,CLEANED:0,BCC_SQS,Ir8V8,Ir-V,-0.007653212709853497,-0.6028870765625012,-0.5965499718750014,0.056649126727474686,0.5700000000000003,4
Ir8W8,OK,0.0,0.0,0.0,static_OUTCAR,-173.56701225,-173.56567671,bcc,2.0,16.0,249.48988336,3.14765881,3.14765881,6.29531762,6.29531762,6.29531762,yes,CLEANED:0,BCC_SQS,Ir8W8,Ir-W,-0.0021925774522234165,-0.2664689131249993,-0.35760569625000116,0.036101079853603,0.1599999999999997,3
Ir8Zn8,OK,0.0,0.0,0.0,static_OUTCAR,-79.68643638,-79.68566084,bcc,2.0,16.0,231.55766513,3.07036301,3.07036301,6.14072601,6.14072601,6.14072601,yes,CLEANED:0,BCC_SQS,Ir8Zn8,Ir-Zn,-0.05271201189243453,-0.36755804781250045,-0.35293415000000117,0.013151990284120618,0.5500000000000003,3
Ir8Zr8,OK,0.0,0.0,0.0,static_OUTCAR,-147.04846626,-147.04944019,bcc,2.0,16.0,281.48928785,3.27685553,3.27685553,6.55371107,6.55371107,6.55371107,yes,CLEANED:14|SRC:recalc2,BCC_SQS,Ir8Zr8,Ir-Zr,-0.07161251889428674,-0.8686944656250013,-0.8305266193750018,0.22684499718339435,0.8700000000000001,5
Mg8Mn8,OK,0.0,0.0,0.0,static_OUTCAR,-78.70593035,-78.70579469,bcc,2.0,16.0,280.03402389,3.2711988,3.2711988,6.5423976,6.5423976,6.5423976,yes,CLEANED:0,BCC_SQS,Mg8Mn8,Mg-Mn,0.034482270448967414,0.24495589499999948,0.2135258212500002,0.38521476310742875,0.24,5
Mg8Mo8,OK,0.0,0.0,0.0,static_OUTCAR,-93.74185916,-93.74172063,bcc,2.0,16.0,270.41851752,3.23332093,3.23332093,6.46664186,6.46664186,6.46664186,yes,CLEANED:0,BCC_SQS,Mg8Mo8,Mg-Mo,-0.1265602278560489,0.34286112249999956,0.26051898875000035,0.20550809569333328,0.8500000000000001,4
Mg8Nb8,OK,0.0,0.0,0.0,static_OUTCAR,-88.85933733,-88.8593599,bcc,2.0,16.0,304.44855277,3.36362813,3.36362813,6.72725626,6.72725626,6.72725626,yes,CLEANED:0,BCC_SQS,Mg8Nb8,Mg-Nb,-0.07613497043832124,0.23159511843749936,0.2300950984375003,0.12760316386303305,0.29000000000000004,3
Mg8Ni8,OK,0.0,0.0,0.0,static_OUTCAR,-56.20193961,-56.20237454,bcc,2.0,16.0,227.78588875,3.05360091,3.05360091,6.10720182,6.10720182,6.10720182,yes,CLEANED:14|SRC:recalc2,BCC_SQS,Mg8Ni8,Mg-Ni,-0.15634430845734157,-0.07644099906249968,-0.05182151906250043,0.3889042289326248,0.5999999999999999,8
Mg8Os8,OK,0.0,0.0,0.0,static_OUTCAR,-98.17275442,-98.1728052,bcc,2.0,16.0,246.07412642,3.13322792,3.13322792,6.26645585,6.26645585,6.26645585,yes,CLEANED:14|SRC:recalc2,BCC_SQS,Mg8Os8,Mg-Os,-0.18590357523624465,-0.22491418062500035,-0.20308759156249945,0.2362335111806788,0.8900000000000001,6
Mg8Pb8,OK,0.0,0.0,0.0,static_OUTCAR,-40.15692719,-40.15650281,bcc,2.0,16.0,445.44547243,3.81857672,3.81857672,7.63715344,7.63715344,7.63715344,yes,CLEANED:14|SRC:recalc2,BCC_SQS,Mg8Pb8,Mg-Pb,-0.042272756214671164,-0.018565669999999646,-0.02907239468749978,0.27176585048589286,1.02,2
Mg8Pd8,OK,0.0,0.0,0.0,static_OUTCAR,-61.30759694,-61.30796374,bcc,2.0,16.0,266.58385687,3.21796478,3.21796478,6.43592956,6.43592956,6.43592956,yes,CLEANED:0,BCC_SQS,Mg8Pd8,Mg-Pd,-0.1297877253585665,-0.5081497868750002,-0.5438956003125006,0.21900537624848826,0.8900000000000001,8
Mg8Pt8,OK,0.0,0.0,0.0,static_OUTCAR,-70.13198295,-70.1309438,bcc,2.0,16.0,264.26393148,3.20860287,3.20860287,6.41720575,6.41720575,6.41720575,yes,CLEANED:14|SRC:recalc2,BCC_SQS,Mg8Pt8,Mg-Pt,-0.14659958714125312,-0.6378714353124999,-0.6623796390625003,0.20526928445497594,0.9699999999999998,8
Mg8Re8,OK,0.0,0.0,0.0,static_OUTCAR,-105.59184201,-105.5922932,bcc,2.0,16.0,254.16772445,3.1672096,3.1672096,6.33441919,6.33441919,6.33441919,yes,CLEANED:0,BCC_SQS,Mg8Re8,Mg-Re,-0.16580948553156305,0.1766190187500003,0.09570696031250048,0.2259550675941806,0.5899999999999999,5
Mg8Rh8,OK,0.0,0.0,0.0,static_OUTCAR,-73.7557426,-73.75681313,bcc,2.0,16.0,250.19559283,3.15062385,3.15062385,6.3012477,6.3012477,6.3012477,yes,CLEANED:0,BCC_SQS,Mg8Rh8,Mg-Rh,-0.1634905303383513,-0.420177125625,-0.4027142125000003,0.24991103222357558,0.9699999999999998,7
Mg8Ru8,OK,0.0,0.0,0.0,static_OUTCAR,-83.13539159,-83.13337521,bcc,2.0,16.0,246.72163117,3.13597371,3.13597371,6.27194743,6.27194743,6.27194743,yes,CLEANED:0,BCC_SQS,Mg8Ru8,Mg-Ru,-0.1694864658615334,-0.15293148687499958,-0.20018959093749977,0.2587680966961745,0.8900000000000001,6
Mg8Sc8,OK,0.0,0.0,0.0,static_OUTCAR,-61.43741855,-61.43892231,bcc,2.0,16.0,377.92161586,3.61496349,3.61496349,7.22992698,7.22992698,7.22992698,yes,CLEANED:0,BCC_SQS,Mg8Sc8,Mg-Sc,-0.011256185234165668,-0.028259814999999744,-0.05524618874999998,0.04887747213655169,0.050000000000000044,1
Mg8Sn8,OK,0.0,0.0,0.0,static_OUTCAR,-43.01583623,-43.01547241,bcc,2.0,16.0,402.1841546,3.69072474,3.69072474,7.38144949,7.38144949,7.38144949,yes,CLEANED:0,BCC_SQS,Mg8Sn8,Mg-Sn,-0.011964681032156728,-0.0660959903124998,-0.10282501156250001,0.12127486206096894,0.6499999999999999,2
Mg8Ta8,OK,0.0,0.0,0.0,static_OUTCAR,-101.44921059,-101.44943804,bcc,2.0,16.0,301.75173129,3.35366693,3.35366693,6.70733385,6.70733385,6.70733385,yes,CLEANED:0,BCC_SQS,Mg8Ta8,Mg-Ta,-0.08465412197290974,0.30534715062499984,0.31342461437500013,0.12715342750725656,0.18999999999999995,3
Mg8Ti8,OK,0.0,0.0,0.0,static_OUTCAR,-71.58739797,-71.58847478,bcc,2.0,16.0,306.04157313,3.36948463,3.36948463,6.73896926,6.73896926,6.73896926,yes,CLEANED:0,BCC_SQS,Mg8Ti8,Mg-Ti,-0.04583856400771799,0.11161512937500007,0.09781924906250072,0.1610344257279328,0.22999999999999998,2
Mg8V8,OK,0.0,0.0,0.0,static_OUTCAR,-78.41317398,-78.41307365,bcc,2.0,16.0,266.45856748,3.21746057,3.21746057,6.43492115,6.43492115,6.43492115,yes,CLEANED:0,BCC_SQS,Mg8V8,Mg-V,-0.08445115901390024,0.33389586656250003,0.33380099031249966,0.28581922456121855,0.31999999999999984,3
Mg8W8,OK,0.0,0.0,0.0,static_OUTCAR,-108.11528629,-108.11511827,bcc,2.0,16.0,270.86613826,3.23510397,3.23510397,6.47020795,6.47020795,6.47020795,yes,CLEANED:0,BCC_SQS,Mg8W8,Mg-W,-0.13365837528496446,0.4603409381250003,0.38953573437500033,0.19306901798014087,1.0499999999999998,4
Mg8Zn8,OK,0.0,0.0,0.0,static_OUTCAR,-21.20769008,-21.20702506,bcc,2.0,16.0,296.17389359,3.33287426,3.33287426,6.66574852,6.66574852,6.66574852,yes,CLEANED:0,BCC_SQS,Mg8Zn8,Mg-Zn,-0.03545186793600845,-0.07655942531249993,-0.0647730003125,0.21601810754962325,0.33999999999999986,10
Mg8Zr8,OK,0.0,0.0,0.0,static_OUTCAR,-78.76447333,-78.76489307,bcc,2.0,16.0,358.15512683,3.55080695,3.55080695,7.10161391,7.10161391,7.10161391,yes,CLEANED:0,BCC_SQS,Mg8Zr8,Mg-Zr,-0.02095090803182739,0.03513207124999962,0.035530481562499716,0.002325100650349521,0.020000000000000018,2
Mn8Mo8,OK,0.0,0.0,0.0,static_OUTCAR,-156.96914949,-156.96931749,bcc,2.0,16.0,220.25842191,3.01958676,3.01958676,6.03917352,6.03917352,6.03917352,yes,CLEANED:0,BCC_SQS,Mn8Mo8,Mn-Mo,0.030412723808164937,0.07768874437499917,0.05849167625000007,0.17970666741409547,0.6100000000000001,1
Mn8Nb8,OK,0.0,0.0,0.0,static_OUTCAR,-150.64286497,-150.64347487,bcc,2.0,16.0,237.16153702,3.09493422,3.09493422,6.18986844,6.18986844,6.18986844,yes,CLEANED:0,BCC_SQS,Mn8Nb8,Mn-Nb,0.014839691598331333,0.05665790843749896,0.0180922434375006,0.2576115992443957,0.050000000000000044,2
Mn8Ni8,OK,0.0,0.0,0.0,static_OUTCAR,-114.82283911,-114.82333322,bcc,2.0,16.0,188.30200225,2.86586008,2.86586008,5.73172017,5.73172017,5.73172017,yes,CLEANED:0,BCC_SQS,Mn8Ni8,Mn-Ni,0.08123644882030884,-0.053713950312499925,-0.08760809406249948,0.0036894658251960255,0.3599999999999999,3
Mn8Os8,OK,0.0,0.0,0.0,static_OUTCAR,-158.63377221,-158.63223406,bcc,2.0,16.0,218.59281327,3.01195605,3.01195605,6.02391211,6.02391211,6.02391211,yes,CLEANED:14|SRC:recalc2,BCC_SQS,Mn8Os8,Mn-Os,0.058959577591073765,-0.31719452499999967,-0.33375798406249935,0.14898125192674994,0.6500000000000001,1
Mn8Pd8,OK,0.0,0.0,0.0,static_OUTCAR,-113.7115851,-113.71158542,bcc,2.0,16.0,243.68219096,3.12304279,3.12304279,6.24608558,6.24608558,6.24608558,yes,CLEANED:0,BCC_SQS,Mn8Pd8,Mn-Pd,0.15763970606867952,-0.0968657793750003,-0.1166434478124998,0.1662093868589405,0.6500000000000001,3
Mn8Pt8,OK,0.0,0.0,0.0,static_OUTCAR,-122.50093405,-122.50103734,bcc,2.0,16.0,244.33362644,3.12582326,3.12582326,6.25164651,6.25164651,6.25164651,yes,CLEANED:14|SRC:recalc2,BCC_SQS,Mn8Pt8,Mn-Pt,0.142730391550151,-0.22439761156250082,-0.257357726875,0.1799454786524528,0.7299999999999998,3
Mn8Re8,OK,0.0,0.0,0.0,static_OUTCAR,-169.55579536,-169.55534152,bcc,2.0,16.0,219.3940414,3.01563156,3.01563156,6.03126313,6.03126313,6.03126313,yes,CLEANED:0,BCC_SQS,Mn8Re8,Mn-Re,0.0505186552454064,-0.13459479812500064,-0.1159116028125009,0.15925969551324815,0.34999999999999987,0
Mn8Rh8,OK,0.0,0.0,0.0,static_OUTCAR,-128.7440116,-128.74264505,bcc,2.0,16.0,225.16162957,3.04182902,3.04182902,6.08365804,6.08365804,6.08365804,yes,CLEANED:0,BCC_SQS,Mn8Rh8,Mn-Rh,0.10780391525418521,-0.17041067062499948,-0.1538549915625005,0.13530373088385317,0.7299999999999998,2
Mn8Ru8,OK,0.0,0.0,0.0,static_OUTCAR,-142.5280702,-142.52819467,bcc,2.0,16.0,215.38643144,2.99715671,2.99715671,5.99431342,5.99431342,5.99431342,yes,CLEANED:0,BCC_SQS,Mn8Ru8,Mn-Ru,0.07036621590315013,-0.1784406324999992,-0.20960717906250004,0.12644666641125424,0.6500000000000001,1
Mn8Sc8,OK,0.0,0.0,0.0,static_OUTCAR,-119.11630427,-119.11653258,bcc,2.0,16.0,291.62849274,3.31573634,3.31573634,6.63147267,6.63147267,6.63147267,yes,CLEANED:14|SRC:recalc2,BCC_SQS,Mn8Sc8,Mn-Sc,0.01832814565782035,0.053343094999999785,0.08622267312499954,0.43409223524398044,0.18999999999999995,4
Mn8Sn8,OK,0.0,0.0,0.0,static_OUTCAR,-97.34686022,-97.34634439,bcc,2.0,16.0,323.42814637,3.43212114,3.43212114,6.86424228,6.86424228,6.86424228,yes,CLEANED:0,BCC_SQS,Mn8Sn8,Mn-Sn,0.0392597495172932,0.22474827781250006,0.1639245118749999,0.5064896251683977,0.4099999999999999,3
Mn8Ta8,OK,0.0,0.0,0.0,static_OUTCAR,-165.47855231,-165.47740776,bcc,2.0,16.0,235.45511143,3.08749345,3.08749345,6.17498691,6.17498691,6.17498691,yes,CLEANED:0,BCC_SQS,Mn8Ta8,Mn-Ta,0.007017225513333732,-0.009953439374999817,-0.023488989375000102,0.2580613356001722,0.050000000000000044,2
Mn8Ti8,OK,0.0,0.0,0.0,static_OUTCAR,-135.57232202,-135.57238832,bcc,2.0,16.0,211.76756489,2.980276,2.980276,5.960552,5.960552,5.960552,yes,CLEANED:0,BCC_SQS,Mn8Ti8,Mn-Ti,-0.05839108490650025,-0.20090935625000128,-0.18074396499999956,0.22418033737949594,0.010000000000000009,3
Mn8V8,OK,0.0,0.0,0.0,static_OUTCAR,-146.12278262,-146.12240962,bcc,2.0,16.0,190.35431864,2.87623422,2.87623422,5.75246844,5.75246844,5.75246844,yes,CLEANED:0,BCC_SQS,Mn8V8,Mn-V,-0.024787525501038018,-0.21142140593750014,-0.19473407656249897,0.0993955385462102,0.07999999999999985,2
Mn8W8,OK,0.0,0.0,0.0,static_OUTCAR,-173.21119531,-173.21033404,bcc,2.0,16.0,221.90188802,3.02707841,3.02707841,6.05415681,6.05415681,6.05415681,yes,CLEANED:12|SRC:recalc2,BCC_SQS,Mn8W8,Mn-W,0.023481723626805954,0.0783798918750005,0.06888948062499978,0.19214574512728788,0.8099999999999998,1
Mn8Zn8,OK,0.0,0.0,0.0,static_OUTCAR,-78.87609012,-78.87637885,bcc,2.0,16.0,215.75114889,2.99884747,2.99884747,5.99769494,5.99769494,5.99769494,yes,CLEANED:0,BCC_SQS,Mn8Zn8,Mn-Zn,0.021474426384612496,0.005698839687499735,-0.019917635312499904,0.1691966555578055,0.09999999999999987,5
Mn8Zr8,OK,0.0,0.0,0.0,static_OUTCAR,-136.89044104,-136.88993492,bcc,2.0,16.0,265.43405708,3.21333166,3.21333166,6.42666332,6.42666332,6.42666332,yes,CLEANED:0,BCC_SQS,Mn8Zr8,Mn-Zr,-0.016820079660226635,0.08879235687499865,0.08332452999999873,0.3828896624570792,0.21999999999999997,3
Mo8Nb8,OK,0.0,0.0,0.0,static_OUTCAR,-169.31870573,-169.31773486,bcc,2.0,16.0,270.36078159,3.2330908,3.2330908,6.46618161,6.46618161,6.46618161,yes,CLEANED:0,BCC_SQS,Mo8Nb8,Mo-Nb,-0.008198665783332492,-0.07293136093750086,-0.07969789468749866,0.07790493183030023,0.56,1
Mo8Ni8,OK,0.0,0.0,0.0,static_OUTCAR,-129.64772254,-129.64860099,bcc,2.0,16.0,215.78193376,2.99899009,2.99899009,5.99798019,5.99798019,5.99798019,yes,CLEANED:0,BCC_SQS,Mo8Ni8,Mo-Ni,0.012792403262027402,0.057381613437501144,0.043647111562499674,0.1833961332392915,0.2500000000000002,4
Mo8Os8,OK,0.0,0.0,0.0,static_OUTCAR,-174.49188942,-174.49233331,bcc,2.0,16.0,243.8329526,3.12368671,3.12368671,6.24737343,6.24737343,6.24737343,yes,CLEANED:0,BCC_SQS,Mo8Os8,Mo-Os,-0.0060792938870788404,-0.2706760725000006,-0.21045342906250042,0.03072541548734553,0.040000000000000036,2
Mo8Pd8,OK,0.0,0.0,0.0,static_OUTCAR,-127.80976782,-127.81000834,bcc,2.0,16.0,248.7497916,3.1445433,3.1445433,6.2890866,6.2890866,6.2890866,yes,CLEANED:0,BCC_SQS,Mo8Pd8,Mo-Pd,-0.002612173776144308,0.05964857874999918,0.04105717750000082,0.013497280555154978,0.040000000000000036,4
Mo8Pt8,OK,0.0,0.0,0.0,static_OUTCAR,-137.72169326,-137.72216218,bcc,2.0,16.0,252.9640955,3.16220217,3.16220217,6.32440434,6.32440434,6.32440434,yes,CLEANED:0,BCC_SQS,Mo8Pt8,Mo-Pt,0.0009748112724121204,-0.13804428406250047,-0.19278449562499844,0.0002388112383573393,0.11999999999999966,4
Mo8Re8,OK,0.0,0.0,0.0,static_OUTCAR,-184.91415269,-184.91274716,bcc,2.0,16.0,246.96923297,3.13702242,3.13702242,6.27404483,6.27404483,6.27404483,yes,CLEANED:0,BCC_SQS,Mo8Re8,Mo-Re,-0.0031339393091003574,-0.05684135312499983,-0.0442284718749999,0.02044697190084732,0.26000000000000023,1
Mo8Rh8,OK,0.0,0.0,0.0,static_OUTCAR,-145.56647017,-145.56650901,bcc,2.0,16.0,241.06144063,3.11180652,3.11180652,6.22361305,6.22361305,6.22361305,yes,CLEANED:0,BCC_SQS,Mo8Rh8,Mo-Rh,-0.004505848236822372,-0.18416355312499988,-0.19332929437499935,0.0444029365302423,0.11999999999999966,3
Mo8Ru8,OK,0.0,0.0,0.0,static_OUTCAR,-159.02998274,-159.03022481,bcc,2.0,16.0,239.30257892,3.10421979,3.10421979,6.20843959,6.20843959,6.20843959,yes,CLEANED:0,BCC_SQS,Mo8Ru8,Mo-Ru,-0.0034414276042320545,-0.1721593881250012,-0.13041107499999782,0.05326000100284123,0.040000000000000036,2
Mo8Sc8,OK,0.0,0.0,0.0,static_OUTCAR,-134.56593868,-134.56522127,bcc,2.0,16.0,291.27062586,3.3143795,3.3143795,6.628759,6.628759,6.628759,yes,CLEANED:0,BCC_SQS,Mo8Sc8,Mo-Sc,-0.10455908019569321,0.12539172250000163,0.06238837937500108,0.254385567829885,0.8,3
Mo8Sn8,OK,0.0,0.0,0.0,static_OUTCAR,-110.70863759,-110.70852721,bcc,2.0,16.0,304.14019519,3.36249214,3.36249214,6.72498428,6.72498428,6.72498428,yes,CLEANED:0,BCC_SQS,Mo8Sn8,Mo-Sn,-0.13130654596545133,0.4272879703125003,0.34072192093750076,0.3267829577543022,0.20000000000000018,2
Mo8Ta8,OK,0.0,0.0,0.0,static_OUTCAR,-183.80475965,-183.80138097,bcc,2.0,16.0,269.68897084,3.23041065,3.23041065,6.46082129,6.46082129,6.46082129,yes,CLEANED:0,BCC_SQS,Mo8Ta8,Mo-Ta,-0.011101341408912929,-0.11769061999999941,-0.11772166125000005,0.07835466818607673,0.6600000000000001,1
Mo8Ti8,OK,0.0,0.0,0.0,static_OUTCAR,-150.88101199,-150.88223292,bcc,2.0,16.0,255.65419977,3.17337197,3.17337197,6.34674394,6.34674394,6.34674394,yes,CLEANED:0,BCC_SQS,Mo8Ti8,Mo-Ti,-0.030885342673160433,-0.12005170124999864,-0.14570378187499955,0.044473669965400475,0.6200000000000001,2
Mo8V8,OK,0.0,0.0,0.0,static_OUTCAR,-160.92208298,-160.92137161,bcc,2.0,16.0,231.232,3.06892294,3.06892294,6.13784587,6.13784587,6.13784587,yes,CLEANED:0,BCC_SQS,Mo8V8,Mo-V,-0.01222909963542578,-0.09872690031250109,-0.1004635662499993,0.08031112886788527,0.5300000000000002,1
Mo8W8,OK,0.0,0.0,0.0,static_OUTCAR,-191.07899441,-191.07701771,bcc,2.0,16.0,255.90867847,3.17442455,3.17442455,6.3488491,6.3488491,6.3488491,yes,CLEANED:0,BCC_SQS,Mo8W8,Mo-W,0.0007656052254176365,-0.000706773750000167,0.002094605625000412,0.012439077713192415,0.19999999999999973,0
Mo8Zn8,OK,0.0,0.0,0.0,static_OUTCAR,-93.5210162,-93.5203999,bcc,2.0,16.0,241.30596672,3.11285834,3.11285834,6.22571669,6.22571669,6.22571669,yes,CLEANED:0,BCC_SQS,Mo8Zn8,Mo-Zn,-0.035229673387127416,0.1280417378124996,0.08575195124999979,0.01051001185628997,0.5100000000000002,6
Mo8Zr8,OK,0.0,0.0,0.0,static_OUTCAR,-154.3239254,-154.32444233,bcc,2.0,16.0,296.06045401,3.33244869,3.33244869,6.66489738,6.66489738,6.66489738,yes,CLEANED:0,BCC_SQS,Mo8Zr8,Mo-Zr,-0.04149452605179093,0.03685036249999918,0.017653663124999497,0.20318299504298376,0.8300000000000001,2
Nb8Ni8,OK,0.0,0.0,0.0,static_OUTCAR,-125.39484455,-125.39599853,bcc,2.0,16.0,237.12235562,3.09476377,3.09476377,6.18952755,6.18952755,6.18952755,yes,CLEANED:0,BCC_SQS,Nb8Ni8,Nb-Ni,0.017725048924713157,-0.09323713062499994,-0.09613026968750038,0.2613010650695917,0.30999999999999983,5
Nb8Os8,OK,0.0,0.0,0.0,static_OUTCAR,-170.7643922,-170.76491132,bcc,2.0,16.0,260.54498184,3.1934803,3.1934803,6.38696061,6.38696061,6.38696061,yes,CLEANED:0,BCC_SQS,Nb8Os8,Nb-Os,-0.01777683196512605,-0.45413111468750067,-0.44164447125000095,0.10863034731764576,0.6000000000000001,3
Nb8Pb8,OK,0.0,0.0,0.0,static_OUTCAR,-102.64918945,-102.64877465,bcc,2.0,16.0,360.56622906,3.55875716,3.55875716,7.11751432,7.11751432,7.11751432,yes,CLEANED:0,BCC_SQS,Nb8Pb8,Nb-Pb,-0.15775376574331074,0.3834283659375002,0.3219503468750009,0.3993690143489259,0.73,1
Nb8Pd8,OK,0.0,0.0,0.0,static_OUTCAR,-125.32680876,-125.32545697,bcc,2.0,16.0,270.688,3.23439462,3.23439462,6.46878923,6.46878923,6.46878923,yes,CLEANED:0,BCC_SQS,Nb8Pd8,Nb-Pd,0.005014556903392522,-0.2015900984375012,-0.22526905656249951,0.0914022123854552,0.6000000000000001,5
Nb8Pt8,OK,0.0,0.0,0.0,static_OUTCAR,-135.99224584,-135.99330944,bcc,2.0,16.0,271.44218411,3.23739569,3.23739569,6.47479139,6.47479139,6.47479139,yes,CLEANED:0,BCC_SQS,Nb8Pt8,Nb-Pt,-0.004444024831752036,-0.4463774387500017,-0.5081357321874993,0.07766612059194289,0.6799999999999997,5
Nb8Re8,OK,0.0,0.0,0.0,static_OUTCAR,-181.86916695,-181.86957189,bcc,2.0,16.0,264.02715873,3.20764432,3.20764432,6.41528863,6.41528863,6.41528863,yes,CLEANED:0,BCC_SQS,Nb8Re8,Nb-Re,-0.013652835919431413,-0.28295336281250094,-0.25969574750000035,0.09835190373114755,0.2999999999999998,2
Nb8Rh8,OK,0.0,0.0,0.0,static_OUTCAR,-143.11918885,-143.11882846,bcc,2.0,16.0,259.8305103,3.19055856,3.19055856,6.38111711,6.38111711,6.38111711,yes,CLEANED:0,BCC_SQS,Nb8Rh8,Nb-Rh,-0.00861599338646704,-0.44763208906250007,-0.45373847375000054,0.12230786836054253,0.6799999999999997,4
Nb8Ru8,OK,0.0,0.0,0.0,static_OUTCAR,-155.15330878,-155.15298759,bcc,2.0,16.0,257.23665629,3.17990605,3.17990605,6.35981211,6.35981211,6.35981211,yes,CLEANED:0,BCC_SQS,Nb8Ru8,Nb-Ru,-0.010875855643107057,-0.3462908840624994,-0.37783664906249825,0.13116493283314146,0.6000000000000001,3
Nb8Sc8,OK,0.0,0.0,0.0,static_OUTCAR,-128.53994868,-128.53691864,bcc,2.0,16.0,345.912,3.50987686,3.50987686,7.01975373,7.01975373,7.01975373,yes,CLEANED:0,BCC_SQS,Nb8Sc8,Nb-Sc,0.002010579451278192,0.08559247906249823,0.07008631500000106,0.17648063599958475,0.24,2
Nb8Sn8,OK,0.0,0.0,0.0,static_OUTCAR,-109.34386894,-109.34376949,bcc,2.0,16.0,330.1609881,3.45577339,3.45577339,6.91154678,6.91154678,6.91154678,yes,CLEANED:0,BCC_SQS,Nb8Sn8,Nb-Sn,-0.10778957841899274,0.09616239250000014,-0.040751632187499,0.248878025924002,0.3599999999999999,1
Nb8Ta8,OK,0.0,0.0,0.0,static_OUTCAR,-175.20673688,-175.2099117,bcc,2.0,16.0,292.23199999,3.318022,3.318022,6.636044,6.636044,6.636044,yes,CLEANED:0,BCC_SQS,Nb8Ta8,Nb-Ta,-0.0014372363486532286,0.0032621846875002802,0.005746763437500135,0.00044973635577649773,0.10000000000000009,0
Nb8Ti8,OK,0.0,0.0,0.0,static_OUTCAR,-142.55803605,-142.55753283,bcc,2.0,16.0,282.96821896,3.28258433,3.28258433,6.56516865,6.56516865,6.56516865,yes,CLEANED:0,BCC_SQS,Nb8Ti8,Nb-Ti,-0.0027127544744764594,-0.016289323437501224,-0.018047474374998984,0.03343126186489975,0.06000000000000005,1
Nb8V8,OK,0.0,0.0,0.0,static_OUTCAR,-151.49242526,-151.49376976,bcc,2.0,16.0,253.16,3.16301827,3.16301827,6.32603653,6.32603653,6.32603653,yes,CLEANED:0,BCC_SQS,Nb8V8,Nb-V,-0.0034282819175928078,0.07420308875000003,0.07089169281249852,0.1582160606981855,0.029999999999999805,0
Nb8W8,OK,0.0,0.0,0.0,static_OUTCAR,-185.01610278,-185.0144968,bcc,2.0,16.0,272.59784621,3.24198358,3.24198358,6.48396716,6.48396716,6.48396716,yes,CLEANED:0,BCC_SQS,Nb8W8,Nb-W,-0.011069070131784386,-0.03819966531250074,-0.0433641878124984,0.06546585411710781,0.7599999999999998,1
Nb8Zn8,OK,0.0,0.0,0.0,static_OUTCAR,-88.98252727,-88.9838019,bcc,2.0,16.0,268.34522225,3.22503644,3.22503644,6.45007289,6.45007289,6.45007289,yes,CLEANED:0,BCC_SQS,Nb8Zn8,Nb-Zn,-0.006326241029563334,-0.0047263225000007125,-0.010428800000000571,0.0884149436865902,0.04999999999999982,7
Nb8Zr8,OK,0.0,0.0,0.0,static_OUTCAR,-147.64782288,-147.65055207,bcc,2.0,16.0,325.4904976,3.4394007,3.4394007,6.87880141,6.87880141,6.87880141,yes,CLEANED:0,BCC_SQS,Nb8Zr8,Nb-Zr,-0.010105398406130138,0.03768315156249891,0.0274550971875005,0.12527806321268353,0.27,1
Ni8Os8,OK,0.0,0.0,0.0,static_OUTCAR,-130.07449918,-130.07390627,bcc,2.0,16.0,207.91931884,2.96211298,2.96211298,5.92422596,5.92422596,5.92422596,yes,CLEANED:0,BCC_SQS,Ni8Os8,Ni-Os,0.010684940636548217,-0.26013627593749966,-0.27602648562499965,0.15267071775194596,0.29000000000000026,2
Ni8Pd8,OK,0.0,0.0,0.0,static_OUTCAR,-84.05669048,-84.05531044,bcc,2.0,16.0,214.53787801,2.99321559,2.99321559,5.98643117,5.98643117,5.98643117,yes,CLEANED:0,BCC_SQS,Ni8Pd8,Ni-Pd,0.022591996332861644,0.028668819062500184,0.03408391812499989,0.16989885268413651,0.29000000000000026,0
Ni8Pt8,OK,0.0,0.0,0.0,static_OUTCAR,-91.90214997,-91.90279202,bcc,2.0,16.0,218.24278453,3.01034753,3.01034753,6.02069506,6.02069506,6.02069506,yes,CLEANED:12|SRC:recalc2,BCC_SQS,Ni8Pt8,Ni-Pt,0.024063075582925347,-0.039869921874999825,-0.04453528124999995,0.18363494447764883,0.3699999999999999,0
Ni8Re8,OK,0.0,0.0,0.0,static_OUTCAR,-141.63775679,-141.63740846,bcc,2.0,16.0,211.16252013,2.97743496,2.97743496,5.95486992,5.95486992,5.95486992,yes,CLEANED:0,BCC_SQS,Ni8Re8,Ni-Re,0.014509380350201278,-0.11761370281250016,-0.09058630718750038,0.16294916133844417,0.010000000000000009,3
Ni8Rh8,OK,0.0,0.0,0.0,static_OUTCAR,-99.62559204,-99.62518305,bcc,2.0,16.0,205.89001522,2.95244466,2.95244466,5.90488932,5.90488932,5.90488932,yes,CLEANED:12|SRC:recalc2,BCC_SQS,Ni8Rh8,Ni-Rh,0.016492882795910206,-0.07840576343749994,-0.05250937593750038,0.1389931967090492,0.3699999999999999,1
Ni8Ru8,OK,0.0,0.0,0.0,static_OUTCAR,-114.52454046,-114.52381936,bcc,2.0,16.0,202.48828084,2.93609409,2.93609409,5.87218818,5.87218818,5.87218818,yes,CLEANED:0,BCC_SQS,Ni8Ru8,Ni-Ru,0.009786604682694787,-0.15611633906249978,-0.17103579187499918,0.13013613223645026,0.29000000000000026,2
Ni8Sc8,OK,0.0,0.0,0.0,static_OUTCAR,-98.19554474,-98.19634055,bcc,2.0,16.0,251.09197652,3.15438198,3.15438198,6.30876396,6.30876396,6.30876396,yes,CLEANED:12|SRC:recalc2,BCC_SQS,Ni8Sc8,Ni-Sc,-0.12106842452326111,-0.3670057496875003,-0.31947021687500055,0.43778170106917647,0.5499999999999998,7
Ni8Sn8,OK,0.0,0.0,0.0,static_OUTCAR,-74.98184197,-74.98007384,bcc,2.0,16.0,283.12882975,3.28320527,3.28320527,6.56641053,6.56641053,6.56641053,yes,CLEANED:12|SRC:recalc2,BCC_SQS,Ni8Sn8,Ni-Sn,-0.0881785531944105,-0.10533439687500046,0.0415185490625003,0.5101790909935937,0.050000000000000044,6
Ni8Ta8,OK,0.0,0.0,0.0,static_OUTCAR,-138.77232385,-138.77126186,bcc,2.0,16.0,237.05411532,3.09446687,3.09446687,6.18893374,6.18893374,6.18893374,yes,CLEANED:0,BCC_SQS,Ni8Ta8,Ni-Ta,0.016904982995561108,-0.06871047593749857,-0.13190453750000053,0.2617508014253682,0.4099999999999999,5
Ni8Ti8,OK,0.0,0.0,0.0,static_OUTCAR,-109.98111711,-109.98014549,bcc,2.0,16.0,213.46728711,2.98822835,2.98822835,5.97645669,5.97645669,5.97645669,yes,CLEANED:12|SRC:recalc2,BCC_SQS,Ni8Ti8,Ni-Ti,-0.04786545398158264,-0.32935536468750026,-0.34730308437499957,0.22786980320469197,0.3699999999999999,6
Ni8V8,OK,0.0,0.0,0.0,static_OUTCAR,-116.89911253,-116.89949531,bcc,2.0,16.0,192.61168113,2.88755908,2.88755908,5.77511815,5.77511815,5.77511815,yes,CLEANED:0,BCC_SQS,Ni8V8,Ni-V,-0.009665895864798275,-0.1128383406250002,-0.14569941718749924,0.10308500437140622,0.28,5
Ni8W8,OK,0.0,0.0,0.0,static_OUTCAR,-145.03920965,-145.03858927,bcc,2.0,16.0,220.55923097,3.02096076,3.02096076,6.04192152,6.04192152,6.04192152,yes,CLEANED:0,BCC_SQS,Ni8W8,Ni-W,0.02058897849430807,0.11123268031250078,0.08076765531250096,0.1958352109524839,0.44999999999999996,4
Ni8Zn8,OK,0.0,0.0,0.0,static_OUTCAR,-54.55277904,-54.55225417,bcc,2.0,16.0,194.96269818,2.89926011,2.89926011,5.79852021,5.79852021,5.79852021,yes,CLEANED:0,BCC_SQS,Ni8Zn8,Ni-Zn,-0.07387465079370918,-0.2019905331249996,-0.20003401843750002,0.17288612138300152,0.26,2
Ni8Zr8,OK,0.0,0.0,0.0,static_OUTCAR,-115.85821292,-115.85975978,bcc,2.0,16.0,260.4459996,3.19307585,3.19307585,6.38615169,6.38615169,6.38615169,yes,CLEANED:12|SRC:recalc2,BCC_SQS,Ni8Zr8,Ni-Zr,-0.03278450254869078,-0.3245897009374996,-0.23989594625000077,0.38657912828227525,0.5799999999999998,6
Os8Pd8,OK,0.0,0.0,0.0,static_OUTCAR,-125.21577867,-125.21584467,bcc,2.0,16.0,239.07172723,3.10322128,3.10322128,6.20644255,6.20644255,6.20644255,yes,CLEANED:0,BCC_SQS,Os8Pd8,Os-Pd,-0.012369822121241,-0.06907144875000082,-0.1465840359375008,0.017228134932190553,0.0,2
Os8Pt8,OK,0.0,0.0,0.0,static_OUTCAR,-133.36539919,-133.36545158,bcc,2.0,16.0,245.0227872,3.12875937,3.12875937,6.25751874,6.25751874,6.25751874,yes,CLEANED:0,BCC_SQS,Os8Pt8,Os-Pt,-0.0014659815402668095,-0.15662025406250102,-0.22104267437499914,0.03096422672570287,0.07999999999999963,2
Os8Re8,OK,0.0,0.0,0.0,static_OUTCAR,-185.44180651,-185.4410199,bcc,2.0,16.0,240.39905492,3.10895371,3.10895371,6.21790743,6.21790743,6.21790743,yes,CLEANED:0,BCC_SQS,Os8Re8,Os-Re,-4.7285512271945904e-05,-0.3806640662499987,-0.39953358062499866,0.01027844358649821,0.30000000000000027,1
Os8Rh8,OK,0.0,0.0,0.0,static_OUTCAR,-143.61602109,-143.6154045,bcc,2.0,16.0,233.55804381,3.07917908,3.07917908,6.15835816,6.15835816,6.15835816,yes,CLEANED:0,BCC_SQS,Os8Rh8,Os-Rh,-0.005362762448859328,-0.3531048349999999,-0.3599589553125,0.013677521042896768,0.07999999999999963,1
Os8Ru8,OK,0.0,0.0,0.0,static_OUTCAR,-159.11307257,-159.11359046,bcc,2.0,16.0,232.47404451,3.07440795,3.07440795,6.1488159,6.1488159,6.1488159,yes,CLEANED:0,BCC_SQS,Os8Ru8,Os-Ru,-0.0013732796522078535,-0.4681968518750015,-0.494730692187499,0.022534585515495698,0.0,0
Os8Sc8,OK,0.0,0.0,0.0,static_OUTCAR,-141.16061636,-141.16201467,bcc,2.0,16.0,267.40263927,3.22125595,3.22125595,6.44251191,6.44251191,6.44251191,yes,CLEANED:0,BCC_SQS,Os8Sc8,Os-Sc,-0.15896986384240888,-0.5776199818749994,-0.5136893431249998,0.2851109833172305,0.8400000000000001,5
Os8Sn8,OK,0.0,0.0,0.0,static_OUTCAR,-109.52434098,-109.52473875,bcc,2.0,16.0,291.25536267,3.3143216,3.3143216,6.62864321,6.62864321,6.62864321,yes,CLEANED:0,BCC_SQS,Os8Sn8,Os-Sn,-0.1503065559613815,0.21046215906249977,-0.031121708125000147,0.35750837324164775,0.2400000000000002,4
Os8Ta8,OK,0.0,0.0,0.0,static_OUTCAR,-185.16576814,-185.16616563,bcc,2.0,16.0,259.74281003,3.19019955,3.19019955,6.3803991,6.3803991,6.3803991,yes,CLEANED:0,BCC_SQS,Os8Ta8,Os-Ta,-0.021246600892331838,-0.4935980000000004,-0.5093457171875002,0.10908008367342226,0.7000000000000002,3
Os8Ti8,OK,0.0,0.0,0.0,static_OUTCAR,-157.31321701,-157.3126713,bcc,2.0,16.0,240.05262118,3.10745958,3.10745958,6.21491916,6.21491916,6.21491916,yes,CLEANED:0,BCC_SQS,Os8Ti8,Os-Ti,-0.06400037758869141,-0.8129088643749984,-0.7404597346874997,0.075199085452746,0.6600000000000001,4
Os8V8,OK,0.0,0.0,0.0,static_OUTCAR,-163.74311862,-163.74429425,bcc,2.0,16.0,223.93365446,3.03628914,3.03628914,6.07257829,6.07257829,6.07257829,yes,CLEANED:0,BCC_SQS,Os8V8,Os-V,-0.012462028483442663,-0.5658859771875004,-0.5886719775000007,0.04958571338053974,0.5700000000000003,3
Os8W8,OK,0.0,0.0,0.0,static_OUTCAR,-189.32041088,-189.3208396,bcc,2.0,16.0,247.4854914,3.13920675,3.13920675,6.27841349,6.27841349,6.27841349,yes,CLEANED:0,BCC_SQS,Os8W8,Os-W,-0.003592037733814285,-0.18163965249999947,-0.1871199121874998,0.043164493200537946,0.1599999999999997,2
Os8Zn8,OK,0.0,0.0,0.0,static_OUTCAR,-94.37862035,-94.37734015,bcc,2.0,16.0,228.97493465,3.05890497,3.05890497,6.11780995,6.11780995,6.11780995,yes,CLEANED:0,BCC_SQS,Os8Zn8,Os-Zn,-0.056871366225996964,-0.21640287093750032,-0.24998375718750054,0.020215403631055562,0.5500000000000003,4
Os8Zr8,OK,0.0,0.0,0.0,static_OUTCAR,-159.48895169,-159.48834816,bcc,2.0,16.0,280.17541131,3.27174924,3.27174924,6.54349848,6.54349848,6.54349848,yes,CLEANED:0,BCC_SQS,Os8Zr8,Os-Zr,-0.07085755514998877,-0.5768081299999999,-0.5058194918750019,0.2339084105303293,0.8700000000000001,4
Pb8Re8,OK,0.0,0.0,0.0,static_OUTCAR,-111.03366695,-111.03525995,bcc,2.0,16.0,322.99644492,3.43059343,3.43059343,6.86118686,6.86118686,6.86118686,yes,CLEANED:12|SRC:recalc2,BCC_SQS,Pb8Re8,Pb-Re,-0.19901822974660133,0.8502039650000004,0.3938394465625006,0.49772091808007346,0.43000000000000016,3
Pb8Rh8,OK,0.0,0.0,0.0,static_OUTCAR,-84.32254398,-84.32302757,bcc,2.0,16.0,327.56907987,3.44670651,3.44670651,6.89341302,6.89341302,6.89341302,yes,CLEANED:12|SRC:recalc2,BCC_SQS,Pb8Rh8,Pb-Rh,-0.17625338283299608,-0.06690320687500062,0.059576109062500215,0.5216768827094684,0.050000000000000266,5
Pb8Sc8,OK,0.0,0.0,0.0,static_OUTCAR,-80.93185306,-80.93366535,bcc,2.0,16.0,418.67303076,3.74048858,3.74048858,7.48097716,7.48097716,7.48097716,yes,CLEANED:0,BCC_SQS,Pb8Sc8,Pb-Sc,-0.12919195439291592,-0.2329629668749993,-0.29033344218750035,0.22288837834934117,0.97,1
Pb8Ti8,OK,0.0,0.0,0.0,static_OUTCAR,-88.2640307,-88.26145191,bcc,2.0,16.0,359.72220032,3.55597816,3.55597816,7.11195632,7.11195632,7.11195632,yes,CLEANED:0,BCC_SQS,Pb8Ti8,Pb-Ti,-0.14210270918251175,0.08302458874999985,0.07798318062499998,0.43280027621382566,0.79,0
Pb8Zn8,OK,0.0,0.0,0.0,static_OUTCAR,-34.96878871,-34.96774059,bcc,2.0,16.0,412.64923311,3.72246267,3.72246267,7.44492535,7.44492535,7.44492535,yes,CLEANED:0,BCC_SQS,Pb8Zn8,Pb-Zn,0.01732319529335275,0.07707091531249999,0.11325596062499965,0.4877839580355161,0.6800000000000002,8
Pd8Pt8,OK,0.0,0.0,0.0,static_OUTCAR,-89.83238646,-89.83031071,bcc,2.0,16.0,248.85793396,3.14499893,3.14499893,6.28999785,6.28999785,6.28999785,yes,CLEANED:0,BCC_SQS,Pd8Pt8,Pd-Pt,-0.0024112101018174733,-0.023114907187499867,-0.02862999406250033,0.013736091793512317,0.07999999999999963,0
Pd8Re8,OK,0.0,0.0,0.0,static_OUTCAR,-137.49477854,-137.49450984,bcc,2.0,16.0,242.1241389,3.11637253,3.11637253,6.23274506,6.23274506,6.23274506,yes,CLEANED:12|SRC:recalc2,BCC_SQS,Pd8Re8,Pd-Re,-0.009665954711718145,0.02871723312500052,0.03140001749999932,0.006949691345692344,0.30000000000000027,3
Pd8Rh8,OK,0.0,0.0,0.0,static_OUTCAR,-96.93921881,-96.93930194,bcc,2.0,16.0,238.33005409,3.10000891,3.10000891,6.20001781,6.20001781,6.20001781,yes,CLEANED:0,BCC_SQS,Pd8Rh8,Pd-Rh,-0.0023616259510648857,-0.02311264125000001,-0.021357903125000632,0.03090565597508732,0.07999999999999963,1
Pd8Ru8,OK,0.0,0.0,0.0,static_OUTCAR,-111.48070459,-111.48022188,bcc,2.0,16.0,235.82590615,3.08911333,3.08911333,6.17822666,6.17822666,6.17822666,yes,CLEANED:0,BCC_SQS,Pd8Ru8,Pd-Ru,-0.00441063030717574,-0.07848180187499931,-0.09563407812500024,0.03976272044768625,0.0,2
Pd8Sc8,OK,0.0,0.0,0.0,static_OUTCAR,-101.79619866,-101.79606562,bcc,2.0,16.0,289.02323391,3.30583309,3.30583309,6.61166619,6.61166619,6.61166619,yes,CLEANED:12|SRC:recalc2,BCC_SQS,Pd8Sc8,Pd-Sc,-0.10247776473343886,-0.7046518243749995,-0.7228414209374998,0.26788284838503995,0.8400000000000001,7
Pd8Sn8,OK,0.0,0.0,0.0,static_OUTCAR,-76.29557739,-76.29597705,bcc,2.0,16.0,316.46055522,3.40729602,3.40729602,6.81459204,6.81459204,6.81459204,yes,CLEANED:0,BCC_SQS,Pd8Sn8,Pd-Sn,-0.08762581356733731,-0.3000480653125006,-0.3705803012500004,0.3402802383094572,0.2400000000000002,6
Pd8Ta8,OK,0.0,0.0,0.0,static_OUTCAR,-139.05119564,-139.05071045,bcc,2.0,16.0,268.16806301,3.22432657,3.22432657,6.44865315,6.44865315,6.44865315,yes,CLEANED:0,BCC_SQS,Pd8Ta8,Pd-Ta,-0.004787816658660282,-0.19874516750000026,-0.24698870156249875,0.0918519487412317,0.7000000000000002,5
Pd8Ti8,OK,0.0,0.0,0.0,static_OUTCAR,-110.80786234,-110.80747075,bcc,2.0,16.0,251.40408841,3.15568842,3.15568842,6.31137684,6.31137684,6.31137684,yes,CLEANED:12|SRC:recalc2,BCC_SQS,Pd8Ti8,Pd-Ti,-0.035078251214292144,-0.4936321462499995,-0.5266602875000004,0.05797095052055545,0.6600000000000001,6
Pd8V8,OK,0.0,0.0,0.0,static_OUTCAR,-115.3958906,-115.39519955,bcc,2.0,16.0,231.57254572,3.07042878,3.07042878,6.14085755,6.14085755,6.14085755,yes,CLEANED:0,BCC_SQS,Pd8V8,Pd-V,0.00318878487240979,-0.13149217468749974,-0.14336747062499988,0.0668138483127303,0.5700000000000003,5
Pd8W8,OK,0.0,0.0,0.0,static_OUTCAR,-142.76503936,-142.76582996,bcc,2.0,16.0,251.30306981,3.15526569,3.15526569,6.31053139,6.31053139,6.31053139,yes,CLEANED:0,BCC_SQS,Pd8W8,Pd-W,-0.004561308159591199,0.1407631187499998,0.10951454156250051,0.025936358268347393,0.1599999999999997,4
Pd8Zn8,OK,0.0,0.0,0.0,static_OUTCAR,-56.52973378,-56.53044394,bcc,2.0,16.0,238.21589706,3.09951387,3.09951387,6.19902774,6.19902774,6.19902774,yes,CLEANED:12|SRC:recalc2,BCC_SQS,Pd8Zn8,Pd-Zn,-0.03501314729449499,-0.43815540906249995,-0.44174113593749986,0.002987268698865009,0.5500000000000003,2
Pd8Zr8,OK,0.0,0.0,0.0,static_OUTCAR,-116.76145462,-116.76162614,bcc,2.0,16.0,294.50905899,3.32661767,3.32661767,6.65323534,6.65323534,6.65323534,yes,CLEANED:12|SRC:recalc2,BCC_SQS,Pd8Zr8,Pd-Zr,-0.03635180255813475,-0.49364751187500033,-0.5531410187499999,0.21668027559813874,0.8700000000000001,6
Pt8Re8,OK,0.0,0.0,0.0,static_OUTCAR,-146.22911894,-146.22900525,bcc,2.0,16.0,247.67844924,3.14002239,3.14002239,6.28004477,6.28004477,6.28004477,yes,CLEANED:12|SRC:recalc2,BCC_SQS,Pt8Re8,Pt-Re,-0.0005059065579503306,-0.09537656468750022,-0.11726996968750036,0.02068578313920466,0.3799999999999999,3
Pt8Rh8,OK,0.0,0.0,0.0,static_OUTCAR,-103.41115826,-103.40665235,bcc,2.0,16.0,242.43623245,3.11771094,3.11771094,6.23542187,6.23542187,6.23542187,yes,CLEANED:0,BCC_SQS,Pt8Rh8,Pt-Rh,0.0009311198890730109,-0.005806379687499863,-0.076513542812501,0.04464174776859964,0.0,1
Pt8Ru8,OK,0.0,0.0,0.0,static_OUTCAR,-119.63299015,-119.63193905,bcc,2.0,16.0,241.13237248,3.11211171,3.11211171,6.22422342,6.22422342,6.22422342,yes,CLEANED:0,BCC_SQS,Pt8Ru8,Pt-Ru,0.0039354528085270915,-0.1661971721874993,-0.14399460281249965,0.05349881224119857,0.07999999999999963,2
Pt8Sc8,OK,0.0,0.0,0.0,static_OUTCAR,-112.81490346,-112.81539271,bcc,2.0,16.0,284.16694663,3.28721309,3.28721309,6.57442618,6.57442618,6.57442618,yes,CLEANED:12|SRC:recalc2,BCC_SQS,Pt8Sc8,Pt-Sc,-0.12655379621430438,-0.9715183971874994,-1.020256574687501,0.25414675659152763,0.9199999999999997,7
Pt8Ta8,OK,0.0,0.0,0.0,static_OUTCAR,-149.53245254,-149.53274871,bcc,2.0,16.0,269.08482121,3.22799662,3.22799662,6.45599324,6.45599324,6.45599324,yes,CLEANED:12|SRC:recalc2,BCC_SQS,Pt8Ta8,Pt-Ta,-0.013527028526794702,-0.43202124656250085,-0.5402425715624997,0.07811585694771939,0.7799999999999998,5
Pt8Ti8,OK,0.0,0.0,0.0,static_OUTCAR,-122.14668619,-122.14721751,bcc,2.0,16.0,252.6845387,3.16103686,3.16103686,6.32207373,6.32207373,6.32207373,yes,CLEANED:12|SRC:recalc2,BCC_SQS,Pt8Ti8,Pt-Ti,-0.042353648038163785,-0.7805061596874996,-0.83725352,0.044234858727043136,0.7399999999999998,6
Pt8V8,OK,0.0,0.0,0.0,static_OUTCAR,-125.81641074,-125.81595103,bcc,2.0,16.0,236.49933893,3.092051,3.092051,6.18410199,6.18410199,6.18410199,yes,CLEANED:0,BCC_SQS,Pt8V8,Pt-V,0.010020838421687854,-0.3609722062499996,-0.43168123468750075,0.08054994010624261,0.6499999999999999,5
Pt8W8,OK,0.0,0.0,0.0,static_OUTCAR,-152.51714285,-152.51700713,bcc,2.0,16.0,255.77745614,3.17388187,3.17388187,6.34776375,6.34776375,6.34776375,yes,CLEANED:0,BCC_SQS,Pt8W8,Pt-W,2.4986407244681412e-05,-0.046940872187500204,-0.12649026749999948,0.012200266474835075,0.08000000000000007,4
Pt8Zn8,OK,0.0,0.0,0.0,static_OUTCAR,-62.93126499,-62.93145445,bcc,2.0,16.0,242.13445615,3.11641679,3.11641679,6.23283359,6.23283359,6.23283359,yes,CLEANED:0,BCC_SQS,Pt8Zn8,Pt-Zn,-0.032142337198319486,-0.4164486325000003,-0.4469968603125003,0.010748823094647308,0.6299999999999999,2
Pt8Zr8,OK,0.0,0.0,0.0,static_OUTCAR,-127.68749092,-127.6882834,bcc,2.0,16.0,292.80282332,3.32018098,3.32018098,6.64036197,6.64036197,6.64036197,yes,CLEANED:12|SRC:recalc2,BCC_SQS,Pt8Zr8,Pt-Zr,-0.05221968110544373,-0.754722303437501,-0.8434525684374998,0.20294418380462642,0.9499999999999997,6
Re8Rh8,OK,0.0,0.0,0.0,static_OUTCAR,-155.89819805,-155.89773033,bcc,2.0,16.0,236.42064384,3.091708,3.091708,6.183416,6.183416,6.183416,yes,CLEANED:0,BCC_SQS,Re8Rh8,Re-Rh,-0.003447882298471011,-0.25551472124999997,-0.27978883937499965,0.023955964629394977,0.3799999999999999,2
Re8Ru8,OK,0.0,0.0,0.0,static_OUTCAR,-170.24015552,-170.23882907,bcc,2.0,16.0,235.06820174,3.08580136,3.08580136,6.17160272,6.17160272,6.17160272,yes,CLEANED:12|SRC:recalc2,BCC_SQS,Re8Ru8,Re-Ru,-0.0006242587719044817,-0.29841336249999983,-0.3138940496874998,0.03281302910199391,0.30000000000000027,1
Re8Sc8,OK,0.0,0.0,0.0,static_OUTCAR,-148.54486323,-148.54388052,bcc,2.0,16.0,274.4249789,3.24921077,3.24921077,6.49842154,6.49842154,6.49842154,yes,CLEANED:0,BCC_SQS,Re8Sc8,Re-Sc,-0.14340665420051155,-0.1739092375000002,-0.1982958837499993,0.2748325397307323,0.5399999999999998,4
Re8Sn8,OK,0.0,0.0,0.0,static_OUTCAR,-119.83565904,-119.83451348,bcc,2.0,16.0,295.55416328,3.33054801,3.33054801,6.66109602,6.66109602,6.66109602,yes,CLEANED:12|SRC:recalc2,BCC_SQS,Re8Sn8,Re-Sn,-0.1438133700277221,0.43123095406250034,0.1865129578125,0.34722992965514954,0.06000000000000005,3
Re8Ta8,OK,0.0,0.0,0.0,static_OUTCAR,-196.88107818,-196.8821559,bcc,2.0,16.0,262.96702728,3.20334541,3.20334541,6.40669082,6.40669082,6.40669082,yes,CLEANED:0,BCC_SQS,Re8Ta8,Re-Ta,-0.018056339042378394,-0.360578703749999,-0.32469597937500083,0.09880164008692405,0.3999999999999999,2
Re8Ti8,OK,0.0,0.0,0.0,static_OUTCAR,-166.56945262,-166.56929149,bcc,2.0,16.0,244.97779376,3.12856785,3.12856785,6.25713569,6.25713569,6.25713569,yes,CLEANED:0,BCC_SQS,Re8Ti8,Re-Ti,-0.05373015791733529,-0.5261974162499996,-0.48704000843749995,0.0649206418662478,0.3599999999999999,3
Re8V8,OK,0.0,0.0,0.0,static_OUTCAR,-175.35439589,-175.35299623,bcc,2.0,16.0,227.4058337,3.05190168,3.05190168,6.10380336,6.10380336,6.10380336,yes,CLEANED:0,BCC_SQS,Re8V8,Re-V,-0.007745001578642417,-0.4263646328125006,-0.38420453843749947,0.05986415696703795,0.27,2
Re8W8,OK,0.0,0.0,0.0,static_OUTCAR,-200.87584907,-200.8738129,bcc,2.0,16.0,250.300268,3.15106317,3.15106317,6.30212633,6.30212633,6.30212633,yes,CLEANED:0,BCC_SQS,Re8W8,Re-W,-0.001988472064079228,-0.038628365624999716,-0.03906412749999788,0.032886049614039736,0.45999999999999996,1
Re8Zn8,OK,0.0,0.0,0.0,static_OUTCAR,-103.8579185,-103.85633561,bcc,2.0,16.0,232.99109128,3.07668553,3.07668553,6.15337107,6.15337107,6.15337107,yes,CLEANED:0,BCC_SQS,Re8Zn8,Re-Zn,-0.04980557278070733,0.056367168437500226,0.00847532374999993,0.009936960044557352,0.25,5
Re8Zr8,OK,0.0,0.0,0.0,static_OUTCAR,-168.45302849,-168.45314129,bcc,2.0,16.0,283.72959537,3.28552582,3.28552582,6.57105163,6.57105163,6.57105163,yes,CLEANED:0,BCC_SQS,Re8Zr8,Re-Zr,-0.06656608165195922,-0.2718367562499999,-0.2289599334375012,0.22362996694383108,0.5699999999999998,3
Rh8Ru8,OK,0.0,0.0,0.0,static_OUTCAR,-128.78032498,-128.77964644,bcc,2.0,16.0,229.30068153,3.06035485,3.06035485,6.1207097,6.1207097,6.1207097,yes,CLEANED:0,BCC_SQS,Rh8Ru8,Rh-Ru,-0.0013990200931125693,-0.2937263112499995,-0.2738955653124986,0.00885706447259893,0.07999999999999963,1
Rh8Sc8,OK,0.0,0.0,0.0,static_OUTCAR,-117.51511873,-117.51604838,bcc,2.0,16.0,271.37251854,3.23711871,3.23711871,6.47423742,6.47423742,6.47423742,yes,CLEANED:12|SRC:recalc2,BCC_SQS,Rh8Sc8,Rh-Sc,-0.1378834663784093,-0.8211025637500002,-0.8269924600000005,0.29878850436012727,0.9199999999999997,6
Rh8Sn8,OK,0.0,0.0,0.0,static_OUTCAR,-89.58682726,-89.58665703,bcc,2.0,16.0,295.63011128,3.33083326,3.33083326,6.66166653,6.66166653,6.66166653,yes,CLEANED:0,BCC_SQS,Rh8Sn8,Rh-Sn,-0.1294888135454162,-0.2647694171875008,-0.3653866465625004,0.3711858942845445,0.31999999999999984,5
Rh8Ta8,OK,0.0,0.0,0.0,static_OUTCAR,-156.59441896,-156.59483449,bcc,2.0,16.0,259.12762754,3.18767897,3.18767897,6.37535794,6.37535794,6.37535794,yes,CLEANED:0,BCC_SQS,Rh8Ta8,Rh-Ta,-0.011753291087649168,-0.4292148600000001,-0.5139195937499998,0.12275760471631902,0.7799999999999998,4
Rh8Ti8,OK,0.0,0.0,0.0,static_OUTCAR,-128.46472589,-128.46649802,bcc,2.0,16.0,240.53573722,3.10954282,3.10954282,6.21908563,6.21908563,6.21908563,yes,CLEANED:0,BCC_SQS,Rh8Ti8,Rh-Ti,-0.05037227426831073,-0.7312043531250012,-0.7321494215625002,0.08887660649564277,0.7399999999999998,5
Rh8V8,OK,0.0,0.0,0.0,static_OUTCAR,-133.5407818,-133.54069562,bcc,2.0,16.0,221.9068885,3.02710114,3.02710114,6.05420229,6.05420229,6.05420229,yes,CLEANED:0,BCC_SQS,Rh8V8,Rh-V,-0.0075175931804746365,-0.39956610968750006,-0.40747911093750133,0.035908192337642975,0.6499999999999999,4
Rh8W8,OK,0.0,0.0,0.0,static_OUTCAR,-160.69593806,-160.69600634,bcc,2.0,16.0,244.70341651,3.1273994,3.1273994,6.2547988,6.2547988,6.2547988,yes,CLEANED:0,BCC_SQS,Rh8W8,Rh-W,-0.002049089138307931,-0.11393628499999942,-0.16781700437499936,0.05684201424343471,0.08000000000000007,3
Rh8Zn8,OK,0.0,0.0,0.0,static_OUTCAR,-69.63689734,-69.63821041,bcc,2.0,16.0,226.75101439,3.04896953,3.04896953,6.09793905,6.09793905,6.09793905,yes,CLEANED:0,BCC_SQS,Rh8Zn8,Rh-Zn,-0.05366823904456036,-0.39137136656250027,-0.3781319521875002,0.03389292467395233,0.6299999999999999,3
Rh8Zr8,OK,0.0,0.0,0.0,static_OUTCAR,-134.23141308,-134.23158061,bcc,2.0,16.0,281.01519683,3.27501485,3.27501485,6.55002969,6.55002969,6.55002969,yes,CLEANED:12|SRC:recalc2,BCC_SQS,Rh8Zr8,Rh-Zr,-0.05816577809927527,-0.7195381506250005,-0.6917805156249992,0.24758593157322606,0.9499999999999997,5
Ru8Sc8,OK,0.0,0.0,0.0,static_OUTCAR,-126.5943768,-126.59355893,bcc,2.0,16.0,267.40411464,3.22126188,3.22126188,6.44252375,6.44252375,6.44252375,yes,CLEANED:0,BCC_SQS,Ru8Sc8,Ru-Sc,-0.14499405185735315,-0.5350824925,-0.5084527653124997,0.3076455688327262,0.8400000000000001,5
Ru8Sn8,OK,0.0,0.0,0.0,static_OUTCAR,-98.99648188,-98.99779527,bcc,2.0,16.0,289.32352716,3.30697761,3.30697761,6.61395522,6.61395522,6.61395522,yes,CLEANED:0,BCC_SQS,Ru8Sn8,Ru-Sn,-0.14295233427845866,0.0006008696875001718,-0.03571772656249994,0.38004295875714345,0.2400000000000002,4
Ru8Ta8,OK,0.0,0.0,0.0,static_OUTCAR,-170.03966249,-170.03842171,bcc,2.0,16.0,256.43299259,3.17659103,3.17659103,6.35318205,6.35318205,6.35318205,yes,CLEANED:0,BCC_SQS,Ru8Ta8,Ru-Ta,-0.014423846448387859,-0.416068880000001,-0.44444238749999876,0.13161466918891795,0.7000000000000002,3
Ru8Ti8,OK,0.0,0.0,0.0,static_OUTCAR,-141.38032797,-141.38062578,bcc,2.0,16.0,249.264,3.14670858,3.14670858,6.29341716,6.29341716,6.29341716,yes,CLEANED:0,BCC_SQS,Ru8Ti8,Ru-Ti,-0.007988154136874039,-0.6849557824999994,-0.6619851846875004,0.0977336709682417,0.6600000000000001,4
Ru8V8,OK,0.0,0.0,0.0,static_OUTCAR,-147.8732478,-147.87333333,bcc,2.0,16.0,218.94186118,3.01355836,3.01355836,6.02711672,6.02711672,6.02711672,yes,CLEANED:0,BCC_SQS,Ru8V8,Ru-V,-0.011835357925306626,-0.4418715340624999,-0.46856422031249956,0.027051127865044045,0.5700000000000003,3
Ru8W8,OK,0.0,0.0,0.0,static_OUTCAR,-174.18806116,-174.18748175,bcc,2.0,16.0,243.01848123,3.12020483,3.12020483,6.24040966,6.24040966,6.24040966,yes,CLEANED:0,BCC_SQS,Ru8W8,Ru-W,-0.0006735938164271908,-0.10372027812499773,-0.12102438968750029,0.06569907871603364,0.1599999999999997,2
Ru8Zn8,OK,0.0,0.0,0.0,static_OUTCAR,-81.25518366,-81.25406532,bcc,2.0,16.0,224.06937692,3.03690244,3.03690244,6.07380487,6.07380487,6.07380487,yes,CLEANED:0,BCC_SQS,Ru8Zn8,Ru-Zn,-0.056895106478846866,-0.2640405609374996,-0.2860839256250003,0.04274998914655126,0.5500000000000003,4
Ru8Zr8,OK,0.0,0.0,0.0,static_OUTCAR,-144.80625308,-144.80620764,bcc,2.0,16.0,277.27564211,3.26042272,3.26042272,6.52084544,6.52084544,6.52084544,yes,CLEANED:12|SRC:recalc2,BCC_SQS,Ru8Zr8,Ru-Zr,-0.06435339807973696,-0.5269919500000011,-0.4867447253124979,0.256442996045825,0.8700000000000001,4
Sc8Sn8,OK,0.0,0.0,0.0,static_OUTCAR,-85.08135851,-85.08086633,bcc,2.0,16.0,384.07803212,3.63448734,3.63448734,7.26897468,7.26897468,7.26897468,yes,CLEANED:12|SRC:recalc2,BCC_SQS,Sc8Sn8,Sc-Sn,-0.09144369627133467,-0.36115556281249983,-0.5169015556250001,0.07239738992441724,0.5999999999999999,1
Sc8Ta8,OK,0.0,0.0,0.0,static_OUTCAR,-141.30308654,-141.30503295,bcc,2.0,16.0,322.9216126,3.43032848,3.43032848,6.86065695,6.86065695,6.86065695,yes,CLEANED:0,BCC_SQS,Sc8Ta8,Sc-Ta,-0.06491333428389064,0.14851547375000074,0.13806906531250185,0.17603089964380825,0.1399999999999999,2
Sc8Ti8,OK,0.0,0.0,0.0,static_OUTCAR,-110.50678028,-110.50719127,bcc,2.0,16.0,329.72610715,3.45425543,3.45425543,6.90851087,6.90851087,6.90851087,yes,CLEANED:0,BCC_SQS,Sc8Ti8,Sc-Ti,-0.019909135004242674,0.01318930500000004,0.04572480687499958,0.2099118978644845,0.17999999999999994,1
Sc8V8,OK,0.0,0.0,0.0,static_OUTCAR,-117.71740931,-117.71818818,bcc,2.0,16.0,302.22221456,3.355409,3.355409,6.71081801,6.71081801,6.71081801,yes,CLEANED:0,BCC_SQS,Sc8V8,Sc-V,-0.014654431687577452,0.21141672843750037,0.19491211062499936,0.33469669669777025,0.2699999999999998,2
Sc8W8,OK,0.0,0.0,0.0,static_OUTCAR,-148.88629558,-148.88680315,bcc,2.0,16.0,291.94006426,3.31691674,3.31691674,6.63383349,6.63383349,6.63383349,yes,CLEANED:0,BCC_SQS,Sc8W8,Sc-W,-0.11084726239545015,0.24618842749999992,0.16633572874999913,0.24194649011669256,0.9999999999999998,3
Sc8Zn8,OK,0.0,0.0,0.0,static_OUTCAR,-61.28532187,-61.28426038,bcc,2.0,16.0,311.8226704,3.39056884,3.39056884,6.78113768,6.78113768,6.78113768,yes,CLEANED:0,BCC_SQS,Sc8Zn8,Sc-Zn,-0.03382621717811825,-0.24737584218749964,-0.24452360406250007,0.26489557968617494,0.2899999999999998,9
Sc8Zr8,OK,0.0,0.0,0.0,static_OUTCAR,-117.03727351,-117.03895839,bcc,2.0,16.0,377.92346328,3.61496938,3.61496938,7.22993876,7.22993876,7.22993876,yes,CLEANED:0,BCC_SQS,Sc8Zr8,Sc-Zr,-0.009373309289947555,-0.022882370000000485,-0.025385198437499312,0.05120257278690121,0.030000000000000027,1
Sn8Ta8,OK,0.0,0.0,0.0,static_OUTCAR,-121.93030439,-121.93007323,bcc,2.0,16.0,327.7921153,3.4474886,3.4474886,6.8949772,6.8949772,6.8949772,yes,CLEANED:0,BCC_SQS,Sn8Ta8,Sn-Ta,-0.11448014244459874,0.17012928781250025,0.11080063125000095,0.2484282895682255,0.45999999999999996,1
Sn8Ti8,OK,0.0,0.0,0.0,static_OUTCAR,-94.61587007,-94.61618118,bcc,2.0,16.0,326.11450532,3.44159723,3.44159723,6.88319445,6.88319445,6.88319445,yes,CLEANED:0,BCC_SQS,Sn8Ti8,Sn-Ti,-0.09727200347509922,-0.18281387718749986,-0.24713043812500057,0.28230928778890174,0.41999999999999993,0
Sn8V8,OK,0.0,0.0,0.0,static_OUTCAR,-99.53315956,-99.53022974,bcc,2.0,16.0,307.8450685,3.37609043,3.37609043,6.75218087,6.75218087,6.75218087,yes,CLEANED:0,BCC_SQS,Sn8V8,Sn-V,-0.07149004777783022,0.1587472674999999,0.15086855999999926,0.4070940866221875,0.33000000000000007,1
Sn8W8,OK,0.0,0.0,0.0,static_OUTCAR,-124.01879672,-124.0185611,bcc,2.0,16.0,305.09768099,3.36601701,3.36601701,6.73203402,6.73203402,6.73203402,yes,CLEANED:0,BCC_SQS,Sn8W8,Sn-W,-0.13610575420379886,0.6112220359375007,0.5770180868750003,0.3143438800411098,0.3999999999999999,2
Sn8Zn8,OK,0.0,0.0,0.0,static_OUTCAR,-37.62560993,-37.62647346,bcc,2.0,16.0,369.47589519,3.58783152,3.58783152,7.17566304,7.17566304,7.17566304,yes,CLEANED:12|SRC:recalc2,BCC_SQS,Sn8Zn8,Sn-Zn,0.0630253444093084,0.04217108374999956,0.05892887156250026,0.3372929696105922,0.31000000000000005,8
Sn8Zr8,OK,0.0,0.0,0.0,static_OUTCAR,-102.75849497,-102.75717011,bcc,2.0,16.0,371.71541592,3.59506595,3.59506595,7.1901319,7.1901319,7.1901319,yes,CLEANED:0,BCC_SQS,Sn8Zr8,Sn-Zr,-0.0851879175831647,-0.3196437815625002,-0.4046665656249999,0.12359996271131846,0.6299999999999999,0
Ta8Ti8,OK,0.0,0.0,0.0,static_OUTCAR,-155.86232979,-155.86223905,bcc,2.0,16.0,282.59897008,3.28115588,3.28115588,6.56231175,6.56231175,6.56231175,yes,CLEANED:0,BCC_SQS,Ta8Ti8,Ta-Ti,-0.004437937583036116,0.012811428750001852,0.011426679687502883,0.03388099822067625,0.040000000000000036,1
Ta8V8,OK,0.0,0.0,0.0,static_OUTCAR,-165.46811485,-165.46945793,bcc,2.0,16.0,257.8178965,3.18229931,3.18229931,6.36459862,6.36459862,6.36459862,yes,CLEANED:0,BCC_SQS,Ta8V8,Ta-V,0.014425322684057251,0.06134160031249891,0.05967471437499938,0.158665797053962,0.1299999999999999,0
Ta8W8,OK,0.0,0.0,0.0,static_OUTCAR,-199.3183384,-199.31963245,bcc,2.0,16.0,272.19989896,3.24040523,3.24040523,6.48081046,6.48081046,6.48081046,yes,CLEANED:0,BCC_SQS,Ta8W8,Ta-W,-0.012945262803441255,-0.0714702806249985,-0.07465542937499947,0.06591559047288431,0.8599999999999999,1
Ta8Zn8,OK,0.0,0.0,0.0,static_OUTCAR,-101.84516436,-101.84448279,bcc,2.0,16.0,267.22868378,3.22055729,3.22055729,6.44111457,6.44111457,6.44111457,yes,CLEANED:0,BCC_SQS,Ta8Zn8,Ta-Zn,-0.010903141126287213,0.05197797031250051,0.04928675781250025,0.0888646800423667,0.1499999999999999,7
Ta8Zr8,OK,0.0,0.0,0.0,static_OUTCAR,-160.78354215,-160.78359777,bcc,2.0,16.0,323.56168954,3.43259345,3.43259345,6.8651869,6.8651869,6.8651869,yes,CLEANED:0,BCC_SQS,Ta8Zr8,Ta-Zr,-0.016332708591291472,0.07731980812500083,0.07316119249999886,0.12482832685690703,0.16999999999999993,1
Ti8V8,OK,0.0,0.0,0.0,static_OUTCAR,-132.95934059,-132.96008021,bcc,2.0,16.0,244.1211211,3.12491678,3.12491678,6.24983356,6.24983356,6.24983356,yes,CLEANED:0,BCC_SQS,Ti8V8,Ti-V,-0.004550189464389648,0.03304468156249918,0.008213628125000483,0.12478479883328575,0.08999999999999986,1
Ti8W8,OK,0.0,0.0,0.0,static_OUTCAR,-165.98420133,-165.98382807,bcc,2.0,16.0,259.25189519,3.18818845,3.18818845,6.3763769,6.3763769,6.3763769,yes,CLEANED:0,BCC_SQS,Ti8W8,Ti-W,-0.028491997762738797,-0.048182023749999914,-0.07947974374999944,0.03203459225220806,0.8199999999999998,2
Ti8Zn8,OK,0.0,0.0,0.0,static_OUTCAR,-72.5699175,-72.57114751,bcc,2.0,16.0,253.84983931,3.16588865,3.16588865,6.33177729,6.33177729,6.33177729,yes,CLEANED:0,BCC_SQS,Ti8Zn8,Ti-Zn,-0.028362247541295783,-0.1784144109375001,-0.16856997531250073,0.054983681821690444,0.10999999999999988,8
Ti8Zr8,OK,0.0,0.0,0.0,static_OUTCAR,-129.18614064,-129.18611727,bcc,2.0,16.0,320.67859207,3.42236764,3.42236764,6.84473527,6.84473527,6.84473527,yes,CLEANED:0,BCC_SQS,Ti8Zr8,Ti-Zr,0.00205987146058583,-0.007937907499998786,0.0045441471875005135,0.15870932507758329,0.20999999999999996,0
V8W8,OK,0.0,0.0,0.0,static_OUTCAR,-176.61029875,-176.61224536,bcc,2.0,16.0,237.54119718,3.09658485,3.09658485,6.1931697,6.1931697,6.1931697,yes,CLEANED:12|SRC:recalc2,BCC_SQS,V8W8,V-W,0.0016576434989843457,-0.06342137468749875,-0.06446142281249934,0.09275020658107769,0.73,1
V8Zn8,OK,0.0,0.0,0.0,static_OUTCAR,-80.0286557,-80.02865508,bcc,2.0,16.0,222.20396735,3.02845139,3.02845139,6.05690278,6.05690278,6.05690278,yes,CLEANED:0,BCC_SQS,V8Zn8,V-Zn,-0.04037415438557197,0.004306189374999825,0.0269586153125001,0.0698011170115953,0.020000000000000018,7
V8Zr8,OK,0.0,0.0,0.0,static_OUTCAR,-136.97607009,-136.97634264,bcc,2.0,16.0,290.36644525,3.31094638,3.31094638,6.62189275,6.62189275,6.62189275,yes,CLEANED:0,BCC_SQS,V8Zr8,V-Zr,0.00018632617434864411,0.15408323968749826,0.15229616218749875,0.28349412391086903,0.2999999999999998,1
W8Zn8,OK,0.0,0.0,0.0,static_OUTCAR,-107.65139001,-107.65085466,bcc,2.0,16.0,244.62524507,3.12706635,3.12706635,6.25413269,6.25413269,6.25413269,yes,CLEANED:0,BCC_SQS,W8Zn8,W-Zn,-0.03375429048379752,0.26071238593750046,0.22596985843749984,0.022949089569482384,0.71,6
W8Zr8,OK,0.0,0.0,0.0,static_OUTCAR,-169.17147522,-169.1703163,bcc,2.0,16.0,297.65819811,3.33843266,3.33843266,6.67686532,6.67686532,6.67686532,yes,CLEANED:0,BCC_SQS,W8Zr8,W-Zr,-0.04575471141695399,0.12469751000000073,0.10458284937500117,0.19074391732979135,1.0299999999999998,2
Zn8Zr8,OK,0.0,0.0,0.0,static_OUTCAR,-78.47007345,-78.47063536,bcc,2.0,16.0,306.29304575,3.37040727,3.37040727,6.74081454,6.74081454,6.74081454,yes,CLEANED:0,BCC_SQS,Zn8Zr8,Zn-Zr,-0.00013731339853935895,-0.17509000593750024,-0.1861877365625011,0.21369300689927373,0.31999999999999984,8
