structure,pair,element_A,element_B,endpoint,omega_25,omega_50,omega_75,dv_25,dv_50,dv_75,a0_mid,a0_ends,a1,a0_ls,a1_ls,rss_symmetric,rss_rk,v_vegard_mid,form_error_25,form_error_75,omega_asymmetry
BCC,Ag-Al,Ag,Al,curated,0.016764512761118486,0.009725156055064712,0.018614292360251923,0.2859108863216129,0.16579504451822302,0.31721714021483294,0.6631801780728921,1.6083414040971888,-0.166966687430507,1.1635596506739903,-0.16696668743050702,0.030048745503978694,0.029558704737565316,17.048060059856777,0.009473412791171709,0.01131765614652201,-0.0018497795991334366
BCC,Ag-Al,Ag,Al,raw,-0.019818381116093287,-0.014797665946898752,0.006088192690071777,-0.35060794874999957,-0.25855082625000136,0.10504423375000016,-1.0342033050000055,-0.6548365733333318,-2.430144973333332,-0.8333620941176488,-2.430144973333332,0.10857148531828256,0.004762029609776053,17.472405930625,-0.008857294457679321,0.017327081257722025,-0.025906573806165064
BCC,Ag-Au,Ag,Au,curated,0.05234971228484639,0.05362488953625064,0.05604738927147246,0.8918951356249991,0.9123470581250004,0.9522311318749992,3.6493882325000015,4.917670046666662,-0.3217919800000004,4.320831545882352,-0.3217919799999996,0.05504392519715504,0.05322370897541501,17.0135,0.01218711012817496,0.01577250037706552,-0.0036976769866260695
BCC,Ag-Au,Ag,Au,raw,0.0003096889811765767,-0.0006494738022741845,-0.0005246642269184942,0.005550739687500084,-0.011649934375000726,-0.00941845718750045,-0.0465997375000029,-0.010313913333334312,0.07983571666666951,-0.027389595294119534,0.07983571666666951,0.00015560441768497433,4.356599014371144e-05,17.9374969925,0.0007971721605120199,-3.793611761975556e-05,0.0008343532080950708
BCC,Ag-Be,Ag,Be,curated,0.08476424676844137,0.10649064833481768,0.10583409117930713,1.2514204325000016,1.3275211543750007,1.0761869737499996,5.310084617500003,6.206953083333336,0.9345784466666771,5.784897334705885,0.9345784466666768,0.041968667110156586,0.026615284577412267,12.466082,0.017325082561070616,0.007921043780337717,-0.021069844410865762
BCC,Ag-Be,Ag,Be,raw,0.04041038962891561,0.07125107734294006,0.08546942842188222,0.6220341875000006,0.9174404637500011,0.8854118374999995,3.6697618550000044,4.019856066666667,-1.4046807999999942,3.855105849411767,-1.404680799999994,0.03873938448543199,0.004055491225671018,12.876162690625,-0.004290682289423126,0.01904854771407895,-0.04505903879296661
BCC,Ag-Ca,Ag,Ca,curated,-0.09602990319552587,-0.12817526886182753,-0.06548385735180683,-2.2541481856250023,-3.8306200656249985,-2.3769458562499963,-15.322480262499994,-12.349584111666664,0.6549209099999681,-13.748594064999995,0.6549209099999656,0.29997714760530336,0.2924375136498409,29.885797,0.026362474253301946,0.013665119880925005,-0.030546045843719047
BCC,Ag-Ca,Ag,Ca,raw,-0.11477977400208673,-0.1324046848893474,-0.0601549102427557,-2.751338801406252,-3.9763094978124975,-2.171134104843752,-15.90523799124999,-13.126594416666677,-3.094425048333335,-14.434191392941182,-3.0944250483333424,0.42378838110055556,0.2554696361439638,30.0314864321875,0.009632359089627479,0.022472830394507363,-0.05462486375933103
BCC,Ag-Co,Ag,Co,curated,0.0477109781368959,0.03871307065934766,0.02286851032121647,0.7427548270400379,0.5448707597050753,0.28771767674511217,2.179483038820301,2.7479266767604003,2.4268648015729375,2.4804237883180007,2.426864801572938,0.1142211449773192,0.010691740903055774,14.074594198419925,0.021461081174945846,-0.009612243206876205,0.024842467815679427
BCC,Ag-Co,Ag,Co,raw,0.006556029297632753,0.008312665917282773,0.00590489899860551,0.10623597015624853,0.12052484531250052,0.07554470484375031,0.48209938125000207,0.48474846666666355,0.16368674833332383,0.4835018382352935,0.16368674833332397,0.00047120908501278007,2.3220177170190605e-07,14.4989401128125,0.000977661520226993,-0.0011606561570952374,0.0006511302990272428
BCC,Ag-Cr,Ag,Cr,curated,0.12341580846164787,0.1379845200213285,-0.010429911321465608,1.9496920881249977,2.005536006249999,-0.13841796062500045,8.022144024999996,4.830064339999993,11.136586926666658,6.332219485882346,11.136586926666658,2.5172501497516375,0.3371483619062774,14.5345,0.028202755673276163,-0.1237690470236413,0.1338457197831135
BCC,Ag-Cr,Ag,Cr,raw,0.08794994221891383,0.12396569233888241,0.0010673513337505205,1.4347043421874979,1.824252313749998,0.014002400312499219,7.297009254999992,3.8632179799999924,7.5770770233333264,5.479119756470581,7.577077023333329,1.399337822508972,0.39014081868527617,14.7157836925,0.004077495017141695,-0.10322466807311725,0.08688259088516331
BCC,Ag-Cu,Ag,Cu,curated,0.048139396658401286,0.041836244545014896,0.027617342134412463,0.7584161223385752,0.604457009677148,0.3629401820157234,2.417828038708592,2.99028347827813,2.1092050150552097,2.720892683186582,2.109205015055209,0.08904379745416155,0.010843187767039613,14.448166087822852,0.019364102764916652,-0.006879036750430453,0.020522054523988822
BCC,Ag-Cu,Ag,Cu,raw,0.007436795443070945,0.012110335379367855,0.011290108510623035,0.12189727187499955,0.18011110812500064,0.1507672293749991,0.7204444325000026,0.727105336666663,-0.15397310666666422,0.7239707935294113,-0.15397310666666392,0.00041820527008051096,1.46804705462102e-06,14.872511989374999,-0.00080446447735622,0.0011744787922343685,-0.0038533130675520904
BCC,Ag-Ge,Ag,Ge,curated,0.025836391147293903,0.02080872092068288,0.01198388936793439,0.45729277957601155,0.3815928604020229,0.2274144674780345,1.5263714416080916,1.8258859921441228,1.2260176645225442,1.684937968362462,1.2260176645225453,0.02939033056093838,0.0029683113744309094,18.338121879597978,0.009666801049836523,-0.003097494877418758,0.013852501779359512
BCC,Ag-Ge,Ag,Ge,raw,-0.009774503337311492,-0.0022786472501103413,0.0007942895762383028,-0.17922607312500105,-0.042753045624998265,0.015241508125001246,-0.17101218249999306,-0.4372921733333328,-1.0371604333333455,-0.31198394235293775,-1.0371604333333457,0.02125494251120074,0.0023461224325876154,18.762467785625,-0.008025777078394133,0.002465300322708016,-0.010568792913549795
BCC,Ag-Hf,Ag,Hf,curated,0.029247615624803915,0.010902539772856514,0.0002077274410842836,0.5366263506655322,0.21406473258106473,0.00434588387160062,0.8562589303242589,1.4425926254323542,2.838829156234302,1.1666708865579565,2.838829156234302,0.15303655949669764,0.011375311831514764,19.634391347418934,0.02049727703782541,-0.00746627865972965,0.02903988818371963
BCC,Ag-Hf,Ag,Hf,raw,-0.005261871172618521,-0.010483269666229197,-0.0098341213410048,-0.09989249109375109,-0.21028115156250138,-0.2078270426562483,-0.8411246062500055,-0.8205854233333317,0.5756509416666518,-0.8302509211764725,0.5756509416666514,0.00583889224841766,1.395853791897531e-05,20.0587372315625,0.0030456025731806433,-0.002371436262483977,0.00457225016838628
BCC,Ag-Ir,Ag,Ir,curated,0.028000121330619382,0.02490843473699383,0.035660471642643625,0.45736798187500227,0.3887708493749997,0.5306813087500011,1.555083397499999,2.6347981083333423,-0.39100440999999364,2.1266970679411807,-0.3910044099999932,0.04126115250428937,0.03857373055554916,15.608,0.01014967368721127,0.01606714186867932,-0.007660350312024243
BCC,Ag-Ir,Ag,Ir,raw,-0.02388396462752719,-0.03025091055671401,-0.02385533229383472,-0.4108695753124998,-0.49901246562500035,-0.37664776406250056,-1.9960498625000014,-2.1000462383333343,-0.1825163266666626,-2.051106767352943,-0.18251632666666348,0.0009434235931969429,0.0003578574105816559,16.495783315,-0.002128162798045673,-0.0001512724491940328,-2.8632333692470147e-05
BCC,Ag-Mg,Ag,Mg,curated,-0.017351879643398963,-0.05434572779823599,-0.05353777106603411,-0.32140886695049176,-1.0860993720259842,-1.1482245789764747,-4.344397488103937,-3.9190225224719106,4.409683797471909,-4.119198976886982,4.409683797471909,0.3477992238870976,0.005987113060580986,19.985000036400983,0.02662450259593032,-0.015556956642306793,0.03618589142263515
BCC,Ag-Mn,Ag,Mn,curated,0.09330783631473495,0.12865383297461652,-0.005634054869531267,1.4787659168749983,1.8829131725000003,-0.07562451000000081,7.531652690000001,3.7417104183333265,8.290082276666661,5.525212663823527,8.290082276666663,1.683333041503459,0.4752682419231383,14.6355,0.0042011602227373995,-0.1108423675755714,0.09894189118426622
BCC,Ag-Mn,Ag,Mn,raw,0.0719255332266912,0.14559441873022208,0.053129987160333465,1.1626319370312466,2.099337012187501,0.6733571492187487,8.397348048750004,4.895970896666654,2.609465534999989,6.5436777917647015,2.6094655349999907,0.5253448268260332,0.4056499178315508,14.4190761603125,-0.02548014342043367,-0.07110320984976498,0.018795546066357728
BCC,Ag-Mo,Ag,Mo,curated,0.02147444895853438,0.004728047008881882,0.002601146780839999,0.35955863777438424,0.07766342929877013,0.04190100957315579,0.3106537171950805,1.07055905959344,1.6941740170732185,0.712956545523624,1.6941740170732187,0.06956018865901684,0.019107004281801888,16.42611191320123,0.0179956436124624,-0.001014768107024289,0.01887330217769438
BCC,Ag-Mo,Ag,Mo,raw,-0.015935501856158087,-0.02057406863166038,-0.010432792643752568,-0.27696021437500207,-0.346682475625002,-0.17027194812499857,-1.386729902500008,-1.1926191000000017,-0.5690040866666853,-1.2839653600000047,-0.5690040866666858,0.006937924816042169,0.0012467317383263524,16.850457818125,-0.0009751602247257259,0.005498485619842855,-0.005502709212405518
BCC,Ag-Nb,Ag,Nb,curated,0.03409379581330641,0.02033709186684542,0.011758083510887371,0.5920919418621295,0.3593995174742588,0.21138305371139055,1.4375980698970352,2.1425999881960536,2.030447403470608,1.810834379584751,2.030447403470608,0.08891539840277882,0.016445769644292875,17.67211948627574,0.01857260784674887,-0.0032354890557361898,0.022335712302419042
BCC,Ag-Nb,Ag,Nb,raw,-0.0024677397747754114,-0.0035888993624256117,-4.3425998820932964e-05,-0.04442691312500102,-0.06494639312500183,-0.0007899125000001561,-0.25978557250000733,-0.12057820166666981,-0.2327306700000046,-0.18608755264706395,-0.23273067000000466,0.0015933006354826229,0.00064120672370946,18.096465396875,0.00023789718494015853,0.0026344294515640346,-0.0024243137759544786
BCC,Ag-Ni,Ag,Ni,curated,0.04020906604066109,0.02986529503177946,0.018747084351398068,0.6234800687153559,0.41664819180570944,0.2323864667710609,1.6665927672228378,2.2823107612971114,2.0858325437029066,1.9925611170268651,2.0858325437029066,0.08902113889544613,0.012544036154564803,13.950914978819291,0.020056415417975856,-0.0064618022885052665,0.02146198168926302
BCC,Ag-Ni,Ag,Ni,raw,-0.0008077304318413858,-0.0005354814133329648,0.0016032264030436296,-0.013038769375000925,-0.007697685000000121,0.02021355125000035,-0.030790740000000483,0.019132751666665133,-0.1773457100000068,-0.004360656176471628,-0.17734571000000682,0.0006353260428185187,8.246762934457604e-05,14.375260855625001,-0.0004500861873728421,0.002061129557282035,-0.0024109568348850154
BCC,Ag-Pb,Ag,Pb,curated,0.03229066506131281,0.06775279046661309,0.14079003440080537,0.6637068100000008,1.6292701537499994,3.8774161512499994,6.517080614999998,12.10966123,-17.139783153333326,9.47785858764706,-17.139783153333326,6.198863208465311,1.03489934344656,24.0472775,-0.027159776048144988,0.09642060279090733,-0.10849936933949256
BCC,Ag-Pb,Ag,Pb,raw,-0.04594332106093818,-0.03360897755551899,0.016776846329784018,-1.0217614029687496,-0.8929744728125044,0.5183951110937493,-3.5718978912500177,-1.3423101116666676,-8.214168074999995,-2.3915278902941264,-8.214168074999993,1.350524701999452,0.16448365809487764,26.569522126562504,-0.01582899144510686,0.038451378727263535,-0.0627201673907222
BCC,Ag-Pd,Ag,Pd,curated,0.04644777515592051,0.0425949583031753,0.04288695298077087,0.7652154837500014,0.6767699950000008,0.656266876250001,2.707079980000003,3.790619626666673,0.5810592400000019,3.2807186164705935,0.581059240000003,0.044782412380325404,0.03884751284223084,15.8885,0.01563835490675129,0.00971683118495649,0.003560822175149636
BCC,Ag-Pd,Ag,Pd,raw,-0.002215914308560445,-0.0048984406462910845,-0.003550173538347352,-0.03828712718749827,-0.08154342749999799,-0.05685735781249868,-0.32617370999999196,-0.2537186266666585,0.09904123000000216,-0.28781513647058016,0.09904123000000208,0.00034613133533418475,0.00017370460260133317,16.6468134225,0.001323654882960951,0.00026850529682621177,0.0013342592297869073
BCC,Ag-Pt,Ag,Pt,curated,0.03770003183560151,0.03377200782902104,0.037910046835402375,0.6246706774999993,0.5429863418750003,0.5908849449999991,2.171945367500001,3.241481659999996,0.18019057333333421,2.7381704635294097,0.1801905733333341,0.038420630980765015,0.03784989312048422,16.078,0.013122358616358312,0.011782323715635253,-0.00021001499980086852
BCC,Ag-Pt,Ag,Pt,raw,-0.010799842151540378,-0.013830860096998904,-0.009120782394832066,-0.18772169390625137,-0.23310660156250052,-0.14890857046874828,-0.9324264062500021,-0.8976807049999991,-0.2070033250000165,-0.9140316232352947,-0.2070033250000168,0.0007931755026866543,3.994622719922858e-05,16.8540929434375,-0.0007416765941770127,0.0015877076250385464,-0.0016790597567083124
BCC,Ag-Re,Ag,Re,curated,0.014080337734274221,0.0038405207644856072,0.012502361798781099,0.23195596374999994,0.0610124331250006,0.19127675875000172,0.2440497325000024,1.1286205933333378,0.2169557599999905,0.7123519529411801,0.21695575999999098,0.026717805001329364,0.025890406141613424,15.8865,0.011302626233022202,0.00951140963813594,0.0015779759354931228
BCC,Ag-Re,Ag,Re,raw,-0.03023296300866827,-0.036016000798266404,-0.023305771432069692,-0.5208085768750017,-0.5958248487500004,-0.36963326437500044,-2.3832993950000017,-2.3745115766666722,-0.8062683333333401,-2.3786470205882395,-0.806268333333341,0.011429542818558345,2.5552638218249375e-06,16.543337281875,-0.004292217101615656,0.0048697725669152375,-0.006927191576598577
BCC,Ag-Rh,Ag,Rh,curated,0.03697197014028977,0.0325445169965926,0.03545806465716788,0.6002122062499993,0.5014296456250005,0.5170051762500005,2.005718582500002,2.9792463533333327,0.44377082666665996,2.5211156376470596,0.44377082666666035,0.034821289057671484,0.03135958413696114,15.407499999999999,0.013806610840121898,0.009665685374980722,0.0015139054831218926
BCC,Ag-Rh,Ag,Rh,raw,-0.01274167852837917,-0.017589376931316802,-0.015522550603010093,-0.21726766031250122,-0.284838288125,-0.23805082468749816,-1.1393531525,-1.214182626666665,0.11084354333331703,-1.1789687564705875,0.11084354333331653,0.00040124588658869005,0.00018527592586961862,16.19376793375,-0.00021340616155824665,-0.0015924894063119475,0.002780872074630923
BCC,Ag-Ru,Ag,Ru,curated,0.030431693524724204,0.024417796789305373,0.02902571225810922,0.4926434706249978,0.37398297562500105,0.4192328750000005,1.4959319025000042,2.4316702549999953,0.39152317666665226,1.9913227949999994,0.3915231766666521,0.03166682387447381,0.028972266099465377,15.315999999999999,0.0131053673228679,0.009606095702651692,0.0014059812666149842
BCC,Ag-Ru,Ag,Ru,raw,-0.01809163334549018,-0.02348319099711273,-0.01870863016875603,-0.30734958750000274,-0.37731134124999954,-0.28336270062500013,-1.5092453649999982,-1.575232768333341,-0.12793006333334725,-1.5441798726470621,-0.12793006333334736,0.00043176271137449537,0.0001440773403974091,16.067294316875,-0.0014342697424154192,-2.5035804482227108e-05,0.0006169968232658495
BCC,Ag-Sc,Ag,Sc,curated,0.0009902329072323875,-0.03118228417221694,-0.024834573193364528,0.018827298258269565,-0.6537365872334604,-0.5691339133501927,-2.6149463489338416,-1.467484306911795,3.1357931285784653,-2.007466444333935,3.1357931285784653,0.2164154514167684,0.04356625823872295,20.96499998598346,0.02677798026986968,-0.003439868787250512,0.025824806100596915
BCC,Ag-Si,Ag,Si,curated,0.05257565063072412,0.07417033865340565,0.06048738890621034,0.8654877574479087,1.1765285223958148,0.9232360048437247,4.706114089583259,4.7699300327776895,-0.30799065277768517,4.739899000686194,-0.3079906527776837,0.0018021810366300364,0.00013475099798585362,15.862520567604184,-0.0010271461895596924,0.002675677231157076,-0.007911738275486219
BCC,Ag-Si,Ag,Si,raw,0.013391341669534325,0.04618338361183377,0.04594779790739087,0.22896889796875186,0.7521826028124998,0.7110630251562533,3.0087304112499993,2.5067517950000138,-2.571168678333341,2.7429770261764777,-2.5711686783333407,0.12454503101577416,0.00833765728143475,16.2868664871875,-0.019602443692254664,0.009494136627623167,-0.032556456237856544
BCC,Ag-Sn,Ag,Sn,curated,0.01788855861144397,0.03480910230518397,0.037491930223411,0.35056193999999863,0.7704293043749999,0.9248875268750005,3.0817172174999996,3.401198578333331,-3.0630697966666767,3.250854408529411,-3.063069796666676,0.1683022011170079,0.00337726124735021,22.132984,-0.011596679647634254,0.014068907789028235,-0.019603371611967027
BCC,Ag-Sn,Ag,Sn,raw,-0.02339803605247167,-0.0016491925353370011,0.005375241739831086,-0.47791587921875234,-0.03783453468749798,0.13683766796875219,-0.1513381387499919,-0.9095418966666671,-3.2786855850000243,-0.5527401282352904,-3.2786855850000243,0.20798249294374616,0.01902153105393645,22.9412478390625,-0.022008795008482365,0.006489900662397096,-0.028773277792302758
BCC,Ag-Ta,Ag,Ta,curated,0.025568146002899854,0.011127106958682673,0.004515064557398281,0.44412724483221666,0.19672356466443475,0.08122151012165446,0.786894258657739,1.400930013210323,1.9354972517896651,1.1119720110679308,1.9354972517896654,0.07832587132974711,0.012475585186840627,17.679668704085564,0.017074200491656727,-0.0036867614714245016,0.021053081445501574
BCC,Ag-Ta,Ag,Ta,raw,-0.01068435414537713,-0.012573030012203133,-0.007194667830537452,-0.19239159656250138,-0.22762231875000083,-0.13095141531249865,-0.9104892750000033,-0.8622480316666667,-0.3276809666666812,-0.884949793235296,-0.3276809666666818,0.001964451458167754,7.700352215116082e-05,18.1040145875,-0.0012037004615498303,0.0021847667310224135,-0.0034896863148396783
BCC,Ag-V,Ag,V,curated,0.06358197516495073,0.05370566779270328,0.009338421165316135,1.027701251067505,0.8198605808850061,0.13417645882751117,3.2794423235400245,3.098340559720043,4.7654655586133,3.18356491916474,4.7654655586133,0.40027850011393995,0.0010852229401778503,15.265811125364994,0.025539532111773646,-0.03345710795384509,0.0542435539996346
BCC,Ag-V,Ag,V,raw,0.023284772390317742,0.02520782359119492,-0.0053494076939589194,0.39118241578124824,0.39551470968750024,-0.07799644828124741,1.582058838750001,0.8351625800000022,2.502287274999977,1.186643172352943,2.502287274999977,0.12852280835918067,0.018458405117693776,15.6901569965625,0.0056277862492675555,-0.02569427093164433,0.02863418008427666
BCC,Ag-W,Ag,W,curated,0.012414683962421489,-0.001809727576360708,0.000550611207219682,0.20905051893517523,-0.03007214275465131,0.009027224930520106,-0.12028857101860524,0.5815406503085209,1.0667909013581607,0.25126807556634395,1.066790901358161,0.03630274106921342,0.016298081996977066,16.61694453212965,0.013754083226795909,0.0019262880309332548,0.011864072755201807
BCC,Ag-W,Ag,W,raw,-0.02446101981382929,-0.026665706562585545,-0.012232470568682022,-0.42746833453125177,-0.45441805031250126,-0.20314573671874925,-1.817672201250005,-1.681637523333336,-1.1963871883333468,-1.745653842352945,-1.196387188333347,0.02577262608571542,0.00061231214104054,17.0412904396875,-0.0049586472966145845,0.008289700543951416,-0.012228549245147267
BCC,Ag-Zn,Ag,Zn,curated,0.03256469981723031,0.010370340911924035,-0.005024977128231777,0.5426619584709407,0.16869675631688352,-0.07974814646217432,0.6747870252675341,1.234436832023377,3.31952055964328,0.9710722170794507,3.319520559643281,0.2040606662578104,0.010363496896384817,16.267233425558118,0.02497218414907986,-0.0129972377358934,0.037589676945462086
BCC,Ag-Zn,Ag,Zn,raw,-0.005425054417573677,-0.015316054584778593,-0.01815144860922386,-0.09385688937500092,-0.25564913999999916,-0.2919210912499999,-1.0225965599999967,-1.0287412816666688,1.0563424099999945,-1.025849647941176,1.0563424099999945,0.019615963364687405,1.2493324972346799e-06,16.691579321875,0.0056575936347544485,-0.006229385509486467,0.012726394191650182
BCC,Ag-Zr,Ag,Zr,curated,0.03471625483232323,0.01816378651929407,0.006250478448989679,0.6422630553001305,0.3621806531002605,0.13362939402539098,1.448722612401042,2.069046531534724,2.712712860131944,1.7771293931188736,2.712712860131944,0.14208651202118328,0.012732411330310067,19.93971095814974,0.020033537511975893,-0.006455197480443401,0.028465776383333554
BCC,Ag-Zr,Ag,Zr,raw,0.0003001649491737838,-0.003052693322685601,-0.003637749327010036,0.005744218906247767,-0.062165220312500935,-0.07854351640624913,-0.24866088125000374,-0.19413146000000361,0.4495345883333168,-0.2197923641176508,0.44953458833331666,0.003650597632778076,9.838647072330765e-05,20.3640568315625,0.0027365040537624874,-0.0014783589148317385,0.0039379142761838196
BCC,Al-Au,Al,Au,curated,0.015732970594519915,0.014253418007410264,0.030039219995936433,0.2677411777148322,0.24231608889322231,0.5101644850716127,0.9692643555728893,2.074415100763853,-1.2929243059028295,1.5543441618504583,-1.2929243059028295,0.06979711646889006,0.04041258649399002,17.000560059856777,0.005053761851748671,0.01933827963873483,-0.014306249401416518
BCC,Al-Au,Al,Au,raw,0.0010375273131857563,-0.014704678313895485,-0.013495484337131464,0.017915674687500882,-0.25733497499999913,-0.23931213968749887,-1.0293398999999965,-0.590390573333328,1.3718816766666653,-0.7969549623529368,1.371881676666665,0.039458399988297956,0.006375325744228292,17.50021112375,0.0122145581754428,-0.0026116023210219622,0.01453301165031722
BCC,Al-Be,Al,Be,curated,0.011952591323738864,0.03705569750390607,0.05575785628575638,0.1762305733398346,0.46145986514322246,0.5666198681966108,1.8458394605728898,1.9809345107638545,-2.0820762392361396,1.9173603694975185,-2.0820762392361387,0.07680578331819024,0.0006038825488047538,12.453142059856777,-0.011520809499263433,0.02170061488837351,-0.04380526496201752
BCC,Al-Be,Al,Be,raw,0.012442372303506326,0.03824502082763541,0.05798559225069131,0.18336322125000137,0.4757251031250007,0.5880176962500006,1.9029004125000029,2.0570157800000053,-2.158157199999996,1.9844909011764749,-2.1581571999999953,0.08265851882794242,0.0007858967591799509,12.438876821874999,-0.011768380567982436,0.0228014446955092,-0.045543219947184986
BCC,Al-Ca,Al,Ca,curated,-0.10987908777944756,-0.14194779037154837,-0.08066809328586812,-2.5771028710351658,-4.240386051731779,-2.9275843005533844,-16.961544206927115,-14.6791657909028,1.8692342907638324,-15.75322622197307,1.869234290763822,0.2337835467531366,0.1723649305345696,29.872857059856777,0.025717871630003785,0.006963164042367,-0.029210994493579445
BCC,Al-Ca,Al,Ca,raw,-0.10455973028193412,-0.13386844313703364,-0.06995645081566333,-2.4377745939062514,-3.961729555312502,-2.5095995848437482,-15.846918221250007,-13.19299781,0.38306661833331646,-14.44190153294118,0.3830666183333134,0.23562956886469133,0.23305015420310557,29.5942005634375,0.022883566194979253,0.012870070730332974,-0.03460327946627079
BCC,Al-Cr,Al,Cr,curated,-0.09067937975531652,-0.06064643609926727,-0.08175369521632721,-1.4307700929101639,-0.8806808642317758,-1.0844447836783893,-3.5227234569271033,-6.707239670902808,-1.847068315902798,-5.2086438055024775,-1.8470683159028,0.39552315275160765,0.33555254284436564,14.521560059856776,-0.04881752075017035,-0.031959379239464555,-0.008925684538989315
BCC,Al-Cr,Al,Cr,raw,-0.08362105910084097,-0.044655861981813115,-0.055801631008637366,-1.3092389459374996,-0.6376186281249989,-0.7198514584375015,-2.5504745124999957,-5.410907745000003,-3.1433999333333227,-4.064821517941176,-3.143399933333323,0.4444193364545815,0.2707305312438013,14.27849782375,-0.0530775445928428,-0.01873131706349252,-0.027819428092203606
BCC,Al-Cu,Al,Cu,curated,-0.022819192194184486,-0.04932878370035715,-0.045217217548460746,-0.3590639399465907,-0.7120721483046282,-0.5939407754126638,-2.8482885932185127,-2.5413459076246787,1.2526764558190564,-2.6857895243747185,1.2526764558190553,0.030700932706616606,0.0031173687873382303,14.435226147679629,0.011120956203979867,-0.004559222795887056,0.02239802535427626
BCC,Al-Cu,Al,Cu,raw,-0.02281918955817948,-0.049328781918600725,-0.04521721670071993,-0.3590638974999987,-0.7120721212499994,-0.5939407637499983,-2.8482884849999976,-2.541345763333325,1.252676619999998,-2.685789397058819,1.2526766199999966,0.030700940669773698,0.0031173695200635973,14.435226120625,0.011120957642010895,-0.004559223456815436,0.022398027142540453
BCC,Al-Ge,Al,Ge,curated,-0.003567309647333646,-0.009775068198317877,-0.011282334528891129,-0.06307057333415145,-0.1791299032047533,-0.21402828745035762,-0.7165196128190132,-0.7389302954253575,0.8051078086197663,-0.7283840918459015,0.8051078086197663,0.011410733917705192,1.6618192110076263e-05,18.325181939454755,0.004031461832545782,-0.004200314497242257,0.007715024881557482
BCC,Al-Ge,Al,Ge,raw,-0.003567307381192758,-0.009775066978191584,-0.011282334270881015,-0.06307053312499988,-0.17912988062499835,-0.21402828249999928,-0.7165195224999934,-0.7389301749999978,0.8051079966666634,-0.7283839855882311,0.8051079966666633,0.011410739195643166,1.6618147460601376e-05,18.325181916875,0.00403146315812479,-0.004200315130089713,0.007715026889688257
BCC,Al-Hf,Al,Hf,curated,-0.021465171467548054,-0.014682635794663302,-0.003361815967519065,-0.3934197966196322,-0.288094624775713,-0.07031109355678922,-1.152378499102852,-1.2366157071371238,-1.7232464163351626,-1.1969746680621725,-1.7232464163351628,0.05243440804511109,0.00023479104763486283,19.621451407275714,-0.009676236519133831,0.006969282519931699,-0.01810335550002899
BCC,Al-Hf,Al,Hf,raw,-0.02146516873663679,-0.014682633561883698,-0.0033618141674122445,-0.3934197454687478,-0.28809458031249946,-0.07031105578125008,-1.1523783212499978,-1.2366154699999943,-1.723246344999988,-1.1969744588235254,-1.723246344999988,0.05243440339293939,0.0002347907171535348,19.6214513628125,-0.009676235574772396,0.006969282744243594,-0.018103354569224545
BCC,Al-Ir,Al,Ir,curated,-0.07742721261165889,-0.06474838436698208,-0.004737625976996258,-1.263231949160165,-1.0097549429817771,-0.07047232867838815,-4.039019771927109,-3.556544740902808,-6.361384642569476,-3.7835918143260083,-6.361384642569476,0.7190401068614201,0.00770235073550404,15.595060059856777,-0.03100906823926057,0.046174285172939,-0.07268958663466263
BCC,Al-Ir,Al,Ir,raw,-0.09034676327364125,-0.09173911409245968,-0.04917272217429856,-1.4949506134374992,-1.473192329375001,-0.7656284371875017,-5.892769317500004,-6.02821080166667,-3.88971827333332,-5.964473632647063,-3.889718273333321,0.26656240206405823,0.0006069836790419836,16.05849744625,-0.023572905942391066,0.021789451123273153,-0.04117404109934269
BCC,Al-Nb,Al,Nb,curated,-0.0418285470473028,-0.02712901085698705,-0.009059060598961576,-0.725606072923032,-0.4790760736325126,-0.1628022737169985,-1.9163042945300504,-2.369088924373415,-3.0016202624321786,-2.156013804447125,-3.001620262432178,0.16515760705773122,0.006783548857358574,17.659179546132513,-0.021115804107684093,0.010934421756022711,-0.032769486448341226
BCC,Al-Nb,Al,Nb,raw,-0.04182854495262047,-0.0271290098649259,-0.009059060704169935,-0.7256060349999984,-0.47907605562500066,-0.1628022756250047,-1.9163042225000027,-2.3690888283333416,-3.0016200499999663,-2.1560137197058875,-3.0016200499999655,0.16515758392124258,0.006783548137929669,17.659179528125,-0.02111580274627172,0.010934420897176606,-0.03276948424845054
BCC,Al-Ni,Al,Ni,curated,-0.07297404705055438,-0.10503726188622385,-0.07759483322947246,-1.1301160516948112,-1.4640067343010692,-0.9613536206573272,-5.856026937204277,-5.5772524596057025,-0.9000662988665814,-5.708440449063856,-0.9000662988665833,0.016811838198087903,0.0025714591332471346,13.937975038676068,-0.0020734770486966637,0.011029703013426097,0.0046207861789180765
BCC,Al-Ni,Al,Ni,raw,-0.07297404376903609,-0.1050372585600572,-0.07759482959757244,-1.1301159968749985,-1.464006682499999,-0.9613535718749997,-5.856026729999996,-5.577252183333329,-0.9000662666666605,-5.7084402052941146,-0.9000662666666637,0.01681183845337709,0.002571460407436968,13.937974986874998,-0.002073476024882772,0.011029703858469235,0.004620785828536353
BCC,Al-Os,Al,Os,curated,-0.09028062549079692,-0.0669685190966149,-0.011450287526851007,-1.4689190504101663,-1.0384178792317762,-0.16879475742838856,-4.153671516927105,-4.367236820902813,-6.933996229236148,-4.266735501384834,-6.9339962292361506,0.8466707476137725,0.0015091590130887121,15.506060059856777,-0.04241429703398337,0.04138095915125351,-0.07883033796394591
BCC,Al-Os,Al,Os,raw,-0.10265275750827914,-0.09320614144809661,-0.054609861822962555,-1.6932490299999987,-1.487077896249998,-0.8417848118749998,-5.948311584999992,-6.760090244999996,-4.541142496666661,-6.378076757941172,-4.541142496666664,0.3843002946364117,0.021804637262803763,15.954720076874999,-0.03503749065662485,0.017744542730834496,-0.04804289568531658
BCC,Al-Pd,Al,Pd,curated,-0.03846965639762896,-0.050441480644620576,-0.011119434876521493,-0.6330312791601642,-0.8007867554817771,-0.17008042992838668,-3.2031470219271085,-2.1416312242361357,-2.4690711959028135,-2.6411680702083586,-2.4690711959028144,0.14444609035341613,0.03728434595120412,15.875560059856777,-0.001971470195804073,0.028145647743403234,-0.02735022152110747
BCC,Al-Pd,Al,Pd,raw,-0.048128950346370485,-0.07000538699306381,-0.04247914881610812,-0.8000149971874997,-1.1347542493749998,-0.6710316996874983,-4.539016997499999,-3.9227911916666613,-0.6879109200000073,-4.212779806176467,-0.6879109200000084,0.020883081524246193,0.012564736007259264,16.20952755375,0.0030712125713587843,0.01139691395189542,-0.005649801530262365
BCC,Al-Pt,Al,Pt,curated,-0.046074480412092014,-0.04353056406270358,-0.0020474121675063345,-0.7625368016601648,-0.699321126106776,-0.03189874305338947,-2.797284504427104,-2.1184947859028114,-3.8967363125694683,-2.4379252416789496,-3.8967363125694696,0.28216157214295867,0.015245585800619842,16.065060059856776,-0.0143833632196967,0.03161689037700505,-0.04402706824458568
BCC,Al-Pt,Al,Pt,raw,-0.05610500562944119,-0.06402390770359374,-0.03473624482986257,-0.9384102801562477,-1.0510681409374971,-0.5595192942187506,-4.2042725637499885,-3.9944788649999956,-2.020751924999985,-4.09320531147058,-2.0207519249999852,0.0732355152164503,0.0014563256041059758,16.416807074687497,-0.008974620436085885,0.014203301116607498,-0.021368760799578626
BCC,Al-Rh,Al,Rh,curated,-0.07631640250894155,-0.07187344900111878,-0.017543692597736114,-1.2374582629101667,-1.106460127356776,-0.25568668867838795,-4.425840509427104,-3.9817198709028125,-5.236115062569486,-4.190717818443655,-5.236115062569487,0.48846413946296746,0.006526427478194925,15.394560059856776,-0.02513827858526758,0.03939531871626974,-0.05877270991120544
BCC,Al-Rh,Al,Rh,raw,-0.08651112751822554,-0.09319225741142621,-0.0528253695350318,-1.4184192365624995,-1.4683821325000004,-0.7985697253124986,-5.8735285300000015,-5.9119705649999945,-3.3058640600000047,-5.893880195588234,-3.305864060000006,0.19215560576348567,4.889746505318447e-05,15.756482065,-0.01934230818979027,0.020024714473847155,-0.03368575798319374
BCC,Al-Si,Al,Si,curated,-0.001740579270116355,-0.00851134806855596,-0.0026601735300604973,-0.028619214212255883,-0.1349012974609618,-0.04058576445966544,-0.5396051898438472,-0.1845466097917902,0.06382160131951764,-0.3516330004045229,0.06382160131951761,0.00424292032938706,0.004171321166975172,15.849580627460961,0.00441279727258577,0.003971354767868466,0.0009195942599441423
BCC,Al-Si,Al,Si,raw,-0.001740577240429766,-0.008511347504083026,-0.0026601745357201405,-0.028619180781248588,-0.1349012884375007,-0.04058577984374878,-0.5396051537500028,-0.18454656166665964,0.0638218616666677,-0.3516329579411741,0.06382186166666765,0.004242921196229893,0.004171321449668578,15.8495806184375,0.004412798903188159,0.0039713533119433075,0.0009195972952903745
BCC,Al-Sn,Al,Sn,curated,0.036004480889527776,0.0427428552508654,0.03598357607575166,0.7048806802148313,0.9454738413932233,0.8874451619466122,3.7818953655728933,4.2462022457638495,-0.9736772359028313,4.027704890379871,-0.9736772359028294,0.02379808584401867,0.007133190849021795,22.120044059856777,-0.0002157927782251762,0.007231210838236641,2.090481377611808e-05
BCC,Al-Sn,Al,Sn,raw,0.025945051202185144,0.024953647347889806,0.012345017043104992,0.5129217539062516,0.5615559309375016,0.3115682673437483,2.2462237237500062,2.1986400566666666,1.0738852616666843,2.2210323705882375,1.0738852616666839,0.020346531835577372,7.491856013927575e-05,22.5039619703125,0.00464122083706601,-0.0043425397414368384,0.013600034159080152
BCC,Al-Ta,Al,Ta,curated,-0.045970279897888794,-0.032670609810083615,-0.012186725377230399,-0.7976268530779507,-0.5771828020673411,-0.21914819230673288,-2.3087312082693643,-2.711400121025823,-3.0852195241131617,-2.5219088679639605,-3.0852195241131626,0.17268378151215513,0.005365001028324321,17.66672876394234,-0.021021344006787623,0.01188591775257188,-0.0337835545206584
BCC,Al-Ta,Al,Ta,raw,-0.045970277065344026,-0.03267060733560858,-0.012186723242072765,-0.797626801562501,-0.5771827568750005,-0.2191481534375015,-2.308731027500002,-2.7113998800000068,-3.085219456666664,-2.5219086552941237,-3.0852194566666657,0.1726837725909217,0.00536499942265821,17.66672871875,-0.02102134305362398,0.0118859180549193,-0.033783553823271265
BCC,Al-Ti,Al,Ti,curated,-0.0461625345762474,-0.03968883447033006,-0.018900998991302598,-0.7881025160940816,-0.679058542474607,-0.324091304480131,-2.716234169898428,-2.9658501881979,-2.4747264619410694,-2.848383826645207,-2.474726461941069,0.10971486919777151,0.0020616669460483163,17.109561203724606,-0.01633101252854522,0.010801012407004195,-0.027261535584944804
BCC,Al-Ti,Al,Ti,raw,-0.046162532227928564,-0.039688832998417134,-0.018900998395230056,-0.788102474062498,-0.6790585162499987,-0.3240912940625016,-2.7162340649999948,-2.965850048333332,-2.474726293333314,-2.848383703235292,-2.474726293333315,0.10971485395094757,0.0020616663684530166,17.109561177499998,-0.016331011258847672,0.010801011874058365,-0.02726153383269851
BCC,Al-V,Al,V,curated,-0.06818152271054494,-0.05879538833748638,-0.032204572165443646,-1.1007222062176627,-0.8967984845967703,-0.4625139086008776,-3.587193938387081,-4.168629639516108,-3.4037775872895204,-3.8950128389848016,-3.4037775872895204,0.21484097171657002,0.011186056143112591,15.252871185221771,-0.02651904472636828,0.014628092179327135,-0.03597695054510129
BCC,Al-V,Al,V,raw,-0.06818151938453881,-0.05879538479494865,-0.032204568311267535,-1.1007221485937482,-0.8967984271874982,-0.4625138514062481,-3.587193708749993,-4.168629333333324,-3.4037775850000003,-3.8950125688235206,-3.403777585000001,0.21484096849732048,0.011186053197836287,15.252871127812499,-0.026519043918710145,0.01462809322198052,-0.03597695107327128
BCC,Al-W,Al,W,curated,-0.07454548035781094,-0.06163485674897646,-0.03394981474346303,-1.253822355224992,-1.023385444486431,-0.5563847337478656,-4.093541777945724,-4.82721890392762,-3.7196673145446746,-4.48195907993614,-3.7196673145446755,0.26102042353870897,0.01781080561287316,16.60400459198643,-0.028911767236977793,0.012884341745833599,-0.040595665614347916
BCC,Al-W,Al,W,raw,-0.07454547818751718,-0.061634855559408896,-0.03394981458701062,-1.2538223157812478,-1.0233854234374977,-0.5563847310937469,-4.093541693749991,-4.8272187916666525,-3.7196671183333385,-4.481958980882341,-3.7196671183333385,0.2610203965176129,0.017810804250245324,16.604004570937498,-0.028911765898259487,0.012884340946588569,-0.04059566360050656
BCC,Al-Zn,Al,Zn,curated,0.0009527275021351517,0.01538751556224405,0.013461412661615334,0.01585786993577898,0.2501131939601038,0.21355023735943846,1.0004527758404151,0.6117549527872465,-1.0543592929261838,0.7946715754005024,-1.0543592929261834,0.024540305108551954,0.004999169039766365,16.254293485414895,-0.010317215410958348,0.0016367585744439892,-0.012508685159480183
BCC,Al-Zn,Al,Zn,raw,0.000952730212135223,0.015387517579357544,0.013461413908363883,0.015857915000001555,0.2501132262499972,0.21355025687500095,1.0004529049999888,0.6117551250000067,-1.0543591566666635,0.7946717273529397,-1.054359156666663,0.024540298950335198,0.004999167932324378,16.254293453125,-0.010317214186433008,0.0016367582800698977,-0.01250868369622866
BCC,Al-Zr,Al,Zr,curated,-0.017714561134884056,-0.008208355532550239,0.001232816916395631,-0.3273818401100357,-0.16356602113151553,0.026348498472003712,-0.6542640845260621,-0.8027555777014186,-1.8865618057708768,-0.7328772279718391,-1.8865618057708766,0.0632921626575241,0.0007295864408419949,19.926771018006516,-0.011076669399769572,0.006972620970487609,-0.018947378051279686
BCC,Al-Zr,Al,Zr,raw,-0.01771455813097242,-0.008208352785443533,0.001232819440102033,-0.32738178359374714,-0.16356596593749728,0.02634855234374811,-0.6542638637499891,-0.8027552833333308,-1.8865617916666413,-0.7328769682352875,-1.8865617916666415,0.06329216099890635,0.0007295857176797205,19.926770962812498,-0.011076668615461074,0.00697262157181174,-0.018947377571074453
BCC,Au-Be,Au,Be,curated,0.11162943805870705,0.14840217752920573,0.14832949159393113,1.6400921881249992,1.8429446106249987,1.504783854374999,7.371778442499995,8.386336113333329,0.7216444466666682,7.908897209411761,0.7216444466666709,0.04321279541103028,0.03405862281992955,12.418582,0.017552315711433307,0.01208249688352431,-0.036700053535224084
BCC,Au-Be,Au,Be,raw,0.05816452098931521,0.10520475090336961,0.1230424292554414,0.8977481534375009,1.3575587268750002,1.2763561215625003,5.430234907500001,5.797611400000004,-2.0192424966666636,5.624728344705885,-2.0192424966666627,0.07613776656230573,0.004465769798435437,12.90396788375,-0.007801991524135017,0.024889577874625857,-0.06487790826612619
BCC,Au-Co,Au,Co,curated,0.07366531498802315,0.07007213732590413,0.04827404589781748,1.1415580232900382,0.9829084709550742,0.6062081523701135,3.9316338838202967,4.6607098017604045,2.8551993115729317,4.31761525214153,2.855199311572932,0.16088784967302638,0.01758810752603639,14.027094198419926,0.02609463046734768,-0.010429761269810425,0.025391269090205663
BCC,Au-Co,Au,Co,raw,0.024133990129157904,0.03326673341205889,0.027826157009215615,0.39208137671874965,0.4832573634375006,0.3563825839062513,1.9330294537500023,1.9959038950000025,0.19039356166665775,1.9663159226470615,0.19039356166665825,0.0007680061624528474,0.00013080425831800624,14.5267453059375,0.0018243451200371825,-0.000473195733023398,-0.003692166880057711
BCC,Au-Cr,Au,Cr,curated,0.11970055563062332,0.1362373332125354,0.008937366342706117,1.8824707881249978,1.9736702462500002,0.1183977606249993,7.894680985000001,5.335649463333326,9.408389479999991,6.539899591176466,9.408389479999991,1.7726598414116266,0.21668301823512112,14.487,0.02557581810558596,-0.10280090009907536,0.1107631892879172
BCC,Au-Cr,Au,Cr,raw,0.07670851633381626,0.11646291645442955,0.01775453278240863,1.2545252524999988,1.7170813606250004,0.23316552499999865,6.8683254425000015,3.96717540666666,5.4472518800000005,5.332422482352939,5.447251880000003,0.8000806544711365,0.2784928079916993,14.743588885625,-0.002035273399898815,-0.08030663205085593,0.05895398355140763
BCC,Au-Cu,Au,Cu,curated,0.06719102737205915,0.06358548727662243,0.04573061241020328,1.0537792598385725,0.915673370302148,0.5998941338907233,3.662693481208592,4.409795716611455,2.420720671721862,4.058218194068932,2.420720671721863,0.12147444109928715,0.018468587320939703,14.400666087822852,0.023402183138261375,-0.006621504770934084,0.02146041496185587
BCC,Au-Cu,Au,Cu,raw,0.01851799086936616,0.027920363743236715,0.02618740094539823,0.30430261968750116,0.41602227562500005,0.35006858468750046,1.6640891025000002,1.7449898783333377,-0.24408514666666292,1.7069189250000025,-0.24408514666666248,0.001263822143006475,0.00021656036681589404,14.9003171825,-0.0004694320192079171,0.002846527305449506,-0.007669410076032071
BCC,Au-Fe,Au,Fe,curated,0.07371407037166437,0.06798369061393685,0.047404312444664615,1.1542164618749986,0.9755688156249995,0.618250029375,3.902275262499998,4.726577309999996,2.858487639999993,4.3386704641176435,2.858487639999993,0.16611259952167534,0.02248259113828752,14.350042,0.02698552072169586,-0.008696981631184398,0.026309757926999758
BCC,Au-Ge,Au,Ge,curated,0.039639416750552214,0.027644132706664132,0.009549729609276936,0.6987759639510109,0.505628378527021,0.1809953837280318,2.022513514108084,2.346056927144114,2.7614964278558887,2.1938012033624528,2.7614964278558896,0.1375120523525483,0.0034636877245258356,18.29062187959798,0.018127356679095936,-0.01045885098924447,0.03008968714127528
BCC,Au-Ge,Au,Ge,raw,-0.002758802070747731,0.0003181049781319828,-0.003584389848699529,-0.05070067843750081,0.005977279374999256,-0.06883017218749998,0.023909117499997024,-0.3187489350000021,0.0966906333333289,-0.1574980867647084,0.0966906333333289,0.004049379229491473,0.003885039957675844,18.79027297875,-0.0030027356515011892,-0.0038178437850367604,0.0008255877779517981
BCC,Au-Hf,Au,Hf,curated,0.0267187593875532,-0.0016297251425831803,-0.013889537586054027,0.4883239544155309,-0.031921249293933585,-0.2902543480034012,-0.12768499717573434,0.5281856170990125,4.1524176129009716,0.2195406221461903,4.1524176129009716,0.3173255290135606,0.014233442514787514,19.586891347418934,0.028028693353810603,-0.012743892236780838,0.040608296973607225
BCC,Au-Hf,Au,Hf,raw,-0.013726150713885554,-0.02646410294631732,-0.025539117598611365,-0.26115267703125156,-0.5315723265625003,-0.5400798710937522,-2.1262893062500012,-2.1366201283333432,1.4876117016666701,-2.1317585650000055,1.4876117016666703,0.038903721164982086,3.5313711921287917e-06,20.0865424246875,0.0072283785082709155,-0.006686505855157071,0.011812966884725811
BCC,Au-Ir,Au,Ir,curated,0.04806742290901279,0.045201890403585916,0.05034132191112391,0.7817325156250021,0.7033640156249987,0.7479587756250012,2.813456062499995,4.079176776666675,0.18012661333333804,3.4835434994117676,0.18012661333333915,0.05357930458192439,0.05300897182513056,15.560500000000001,0.015630916569950845,0.014836416274755748,-0.0022738990021111197
BCC,Au-Ir,Au,Ir,raw,-0.011566787289342727,-0.015718407195403704,-0.012467647864439943,-0.19946283124999908,-0.25972449250000196,-0.1970228937500007,-1.0388979700000078,-1.0572952666666662,-0.013012999999991356,-1.048637715294121,-0.0130129999999917,1.4175708979042259e-05,1.1199061477093089e-05,16.523588508125002,-0.0002707806357972427,-0.00014108474545068412,0.0009008605750972162
BCC,Au-Mg,Au,Mg,curated,-0.021794172452684935,-0.07679547842535682,-0.08211753025884194,-0.40214062195049394,-1.5311098539009826,-1.759224384601474,-6.124439415603931,-5.763640017471914,7.237780067471893,-5.933427969534041,7.237780067471892,0.9251454703491171,0.004307300923646416,19.937500036400984,0.040440162463680256,-0.028515374306828115,0.06032335780615701
BCC,Au-Mn,Au,Mn,curated,0.10183333353140632,0.13454645380621055,0.04372612149227541,1.6066245031249977,1.9627636681249996,0.5858863018749982,7.851054672499998,5.8466954799999895,5.4439370733333305,6.789923335294111,5.443937073333331,0.6538837596316951,0.13293052188615292,14.588000000000001,0.008528348357181215,-0.06613825279638416,0.05810721203913091
BCC,Au-Mn,Au,Mn,raw,0.07265988310689481,0.14562882211162484,0.10224219803125112,1.1775327335937504,2.1038823146874996,1.2972153645312492,8.415529258749999,6.599328261666666,-0.6383073649999934,7.454011083823529,-0.6383073649999915,0.11630635782501082,0.10914439175095011,14.446881353437501,-0.024705463113236154,-0.022123553871357043,-0.029582314924356312
BCC,Au-Nb,Au,Nb,curated,0.04078171397115215,0.023723442528778962,0.012284488761104047,0.7053323749871296,0.41811664747426036,0.22055484183638896,1.6724665898970414,2.4690325781960496,2.58548017680395,2.0941779954671045,2.5854801768039506,0.1384996884835388,0.02099506015968008,17.62461948627574,0.022650354067053586,-0.005181742814096234,0.0284972252100481
BCC,Au-Nb,Au,Nb,raw,-0.0024463725277077946,-0.00449863379853682,-0.0016079496385034764,-0.04414426968750007,-0.08153445625000089,-0.029270720937503825,-0.32613782500000355,-0.19577330833334372,-0.07932559333331331,-0.25712131617647777,-0.07932559333331335,0.0006729427146342074,0.0005623314884249501,18.124270590000002,0.0009424646063689,0.0017512937091241647,-0.0008384228892043182
BCC,Au-Ni,Au,Ni,curated,0.06174475305860192,0.05809257068577395,0.043403706853859816,0.9530122024653522,0.807685117430708,0.5369959767710615,3.230740469722832,3.9733551446304367,2.218753203702884,3.6238894152621524,2.2187532037028843,0.10478213604433337,0.01824738602387185,13.903414978819292,0.02249789084960514,-0.005558291350458449,0.018341046204742105
BCC,Au-Ni,Au,Ni,raw,0.012576202372249731,0.02138669964140967,0.022751675504876445,0.20353557468749983,0.3080340475000014,0.2871704646875006,1.2321361900000056,1.3085494383333345,-0.4460527466666709,1.2725902626470622,-0.44605274666667055,0.0036905991063607454,0.0001932016937046282,14.403066048749999,-0.0016985694637709331,0.004448198419932762,-0.010175473132626714
BCC,Au-Os,Au,Os,curated,0.04517593668593456,0.04194270166111884,0.048784015442212655,0.7326972231250011,0.6489165087500002,0.7183080393749997,2.5956660350000007,3.8693473666666685,0.07674231333334092,3.26996791647059,0.07674231333334221,0.0537813817005456,0.053677857396049945,15.4715,0.015168236859344953,0.0157305572652257,-0.0036080787562780964
BCC,Au-Os,Au,Os,raw,-0.014024059585784756,-0.018233743827506078,-0.01307002737544381,-0.24110943906249815,-0.29939462999999833,-0.2045075759374999,-1.1975785199999933,-1.188312039999995,-0.1952099366666573,-1.1926727364705827,-0.1952099366666581,0.0006726894011705287,2.841209059975542e-06,16.41981113875,-0.0009634091594374859,0.0012806488484900904,-0.0009540322103409465
BCC,Au-Pd,Au,Pd,curated,0.057517372702471994,0.05504191512530763,0.051377148893870524,0.9434862231249994,0.8719189774999982,0.7849657693750007,3.487675909999993,4.609205313333334,0.8454424199999929,4.081426770588232,0.8454424199999926,0.05418368265381433,0.04161931552526159,15.841000000000001,0.017651537171945054,0.008575876967634392,0.006140223808601471
BCC,Au-Pd,Au,Pd,raw,0.0015603859290016268,0.00229692581029166,0.0021329058766193813,0.02702582250000063,0.038300361874998856,0.034188938749998954,0.15320144749999542,0.16323936333333222,-0.03820328666665773,0.15851563823529138,-0.038203286666657704,2.898907966319496e-05,3.33396245769994e-06,16.674618615625,-9.812083093372358e-05,0.0003408555109180666,-0.0005725199476177545
BCC,Au-Pt,Au,Pt,curated,0.05109300035609812,0.04865231854901589,0.04751797874732922,0.842945093124996,0.7799209924999992,0.7395104237499979,3.119683969999997,4.219881378333317,0.55165156999999,3.702141421470579,0.5516515699999917,0.04540050157513032,0.04005113616077276,16.0305,0.015638285803039505,0.009932028682270062,0.003575021608768901
BCC,Au-Pt,Au,Pt,raw,-0.004729508666799971,-0.004233951862776304,-0.0023216176856849127,-0.08240506796875025,-0.07147714406249861,-0.0379356882812516,-0.28590857624999444,-0.3209086833333383,-0.23717002499999276,-0.3044380447058823,-0.23717002499999285,0.0010292962011550534,4.0533336259594916e-05,16.881898136562498,-0.0016527703606387494,0.000959117605331736,-0.002407890981115058
BCC,Au-Re,Au,Re,curated,0.03879083752476753,0.032587646355514865,0.027635335013583864,0.6362667124999994,0.516155730625,0.4221435600000003,2.0646229225,2.822427393333333,1.141990146666662,2.4658135247058826,1.1419901466666633,0.04192586421876486,0.01900150200049592,15.839,0.0151897524481786,0.002293002653350157,0.011155502511183666
BCC,Au-Re,Au,Re,raw,-0.013287738217831304,-0.013033907873331354,-0.011113667869036881,-0.22945561781250134,-0.2159867443749981,-0.17641905968750038,-0.8639469774999924,-1.082332473333338,-0.28286164333333846,-0.9795628282352932,-0.2828616433333389,0.002984489804437221,0.0015780515555639174,16.571142475,-0.003906919788311056,-0.0009089671467187307,-0.0021740703487944223
BCC,Au-Rh,Au,Rh,curated,0.056128691455794126,0.05113874047851565,0.04871095027306442,0.9072080400000004,0.7854910537500004,0.7090853031249988,3.1419642150000016,4.310115581666665,1.0566545966666752,3.7603972914705888,1.0566545966666765,0.0647777746503571,0.04515146521693655,15.36,0.019680118151797325,0.008241190685752459,0.007417741182729705
BCC,Au-Rh,Au,Rh,raw,-0.0013589786160717403,-0.004690178475905777,-0.005447875042306656,-0.023229616249999196,-0.0760820731250007,-0.08362329437500016,-0.3043282925000028,-0.28494109499999826,0.3220996166666718,-0.29406448205882396,0.32209961666667175,0.0018361348362409687,1.2436657507858963e-05,16.221573126875,0.0019792354980966106,-0.0017304393345666334,0.004088896426234915
BCC,Au-Sc,Au,Sc,curated,-0.011979468334535346,-0.06368041636792346,-0.05704720120230191,-0.22691209424172953,-1.3320351084834599,-1.3059958377251917,-5.328140433933839,-4.0877544852451235,5.755113298578465,-4.671465519922167,5.755113298578463,0.6331190087374192,0.050908146012278124,20.91749998598346,0.04076256087249279,-0.013408734305723865,0.045067732867766566
BCC,Au-Si,Au,Si,curated,0.07458435704750546,0.0893703120384199,0.0709227648890508,1.2224756711979055,1.4133933230208147,1.0808296635937236,5.653573292083259,6.142147559444344,0.75544537388897,5.912230257156776,0.7554453738889729,0.017930116810641647,0.007898321075539668,15.815020567604185,0.009910044051088295,0.0013638655632364559,0.0036615921584546574
BCC,Au-Si,Au,Si,raw,0.027596230025207093,0.056007391887336874,0.053650007424452695,0.47299902203124944,0.913742210312499,0.8310040873437519,3.654968841249996,3.4773416250000033,-1.9093603483333463,3.5609309032352945,-1.9093603483333457,0.06512779446666961,0.0010439810719650544,16.3146716803125,-0.012386685972015024,0.009406293301459239,-0.026053777399245602
BCC,Au-Sn,Au,Sn,curated,0.01826376121199391,0.01607078800038967,0.01959779157634821,0.35661348937500037,0.3549311312499981,0.48299200249999785,1.4197245249999924,2.2389479783333286,-0.6740187366666532,1.8534310591176417,-0.6740187366666519,0.030192174578160865,0.022206410288318285,22.085484,0.004630561078677665,0.00879657804974072,-0.0013340303643543001
BCC,Au-Sn,Au,Sn,raw,-0.02857365733108028,-0.023015224014533726,-0.01345496508177623,-0.5848221195312462,-0.5286379009375004,-0.3427104529687526,-2.1145516037500016,-2.47342019333333,-1.2912622216666325,-2.304540857058823,-1.2912622216666338,0.03357035300351694,0.004261323460682896,22.9690530321875,-0.009202230880439692,0.0021109545664334995,-0.015118692249304051
BCC,Au-Ta,Au,Ta,curated,0.034682061063039296,0.0158710244318722,0.005149913653183479,0.5999678998322153,0.27984058028943437,0.0925195019966516,1.1193623211577375,1.8466330715436452,2.7063914551230064,1.5043880125385123,2.706391455123007,0.1462530584509621,0.017501120218021804,17.632168704085565,0.02254960185618585,-0.0065326624041284935,0.029532147409855818
BCC,Au-Ta,Au,Ta,raw,-0.008283692610717784,-0.012122914241894421,-0.008636033016564463,-0.14950873125000186,-0.21981049625000182,-0.1573060200000036,-0.8792419850000073,-0.8181726700000146,0.04158554000000928,-0.8469111711764818,0.04158554000000902,0.00015380014677513943,0.0001234012908496876,18.131819780625,0.0008504357190498793,0.00041459344548570854,0.0003523404058466788
BCC,Au-Ti,Au,Ti,curated,0.033596028398189134,0.0069744636181145545,-0.012824156063985312,0.5718212205660862,0.11908897425717058,-0.21967140330174573,0.4763558970286823,0.9390661793715745,4.22129399396177,0.72132016415139,4.221293993961769,0.32031450464385935,0.007084217825266737,17.07500114386783,0.02834843122468664,-0.01803836090045667,0.04642018446217445
BCC,Au-Ti,Au,Ti,raw,-0.009997504097812141,-0.02165403423445104,-0.02701467936919217,-0.17765541999999712,-0.3805621212499979,-0.4694969537500029,-1.5222484849999915,-1.7257396633333333,1.5564881800000308,-1.6299791088235256,1.55648818000003,0.043955879884805184,0.001370139474027307,17.574652239375,0.006064508111000556,-0.010591627627035477,0.01701717527138003
BCC,Au-V,Au,V,curated,0.05098705257331802,0.05539753250640582,0.01699336273725833,0.8204915816925045,0.8430568852600047,0.24376072570250962,3.3722275410400187,2.838006153053371,3.075897898613306,3.089404453282382,3.0758978986133063,0.17575237403151073,0.009443133906034651,15.218311125364995,0.011695071987989717,-0.027085840602651172,0.033993689836059694
BCC,Au-V,Au,V,raw,0.004216631495538846,0.02184798619523384,-0.00041555821201048795,0.07101495671875213,0.34340582093749994,-0.006064777968749269,1.3736232837499998,0.1732004766666743,0.4110919183333408,0.7381053270588276,0.4110919183333409,0.05065128334494007,0.04768064059519227,15.7179621896875,-0.011076088523123863,-0.018063167449906194,0.004632189707549334
BCC,Au-Zn,Au,Zn,curated,0.04711768237545238,0.024930391083352117,0.0030312773319504556,0.7818174234709403,0.4043642975668824,0.04803543978782443,1.6174571902675297,2.2129409686900394,3.913503912976618,1.9327133082559174,3.9135039129766183,0.28095111880837287,0.011733119019408586,16.21973342555812,0.02884035703892118,-0.01610678512483247,0.04408640504350192
BCC,Au-Zn,Au,Zn,raw,0.0018648452106051051,-0.005699180600189748,-0.01253632983980685,0.03234078593749956,-0.09528679187500089,-0.20179010156249966,-0.38114716750000355,-0.4518648416666669,1.2486980666666625,-0.41858593617647244,1.248698066666662,0.027574110156047618,0.00016547391527897535,16.719384515,0.005985689346986646,-0.00809651846003983,0.014401175050411955
BCC,Au-Zr,Au,Zr,curated,0.03022815745493772,0.002688001918829145,-0.010079755829531635,0.5570779021751306,0.05347030122526064,-0.2152563753496075,0.21388120490104257,0.9115240715347284,4.1191161467986035,0.5832215460600528,4.119116146798604,0.3143543465179318,0.016104228398102206,19.89221095814974,0.028052103605526544,-0.011957636030315836,0.04030791328446936
BCC,Au-Zr,Au,Zr,raw,-0.010031957672956459,-0.021880334653712696,-0.021526444192985245,-0.19239872390624768,-0.44618076531249784,-0.4650818823437497,-1.7847230612499914,-1.7532816166666596,1.454310178333344,-1.7680775905882276,1.4543101783333439,0.03721076230043687,3.270985271095756e-05,20.391862024687498,0.007416442430323599,-0.006037743639739521,0.011494486520028786
BCC,Be-Ca,Be,Ca,curated,-0.13426834698483434,-0.14215356285165107,-0.050224756215942475,-2.2263063481249983,-3.595188557500002,-1.7076787018749968,-14.380754230000008,-10.490626799999987,-2.766014113333341,-12.32127500235294,-2.7660141133333456,0.6352146074139784,0.5007272896865701,25.290879,0.028350790691635208,0.029079155866226745,-0.08404359076889187
BCC,Be-Ca,Be,Ca,raw,-0.12579434436711734,-0.1321014688604726,-0.038199188186962565,-2.065580300781251,-3.302266880937502,-1.2825613960937545,-13.209067523750008,-8.928377858333349,-4.176100824999982,-10.942820053823542,-4.176100824999986,0.9128781852859338,0.6063188827369298,24.9979573234375,0.02503729979203084,0.03556565130495005,-0.08759515618015477
BCC,Be-Co,Be,Co,curated,-0.016555758619463463,-0.012475312151446327,-0.0030414442136200925,-0.1436281610849619,-0.11826191966992461,-0.0312780063798872,-0.47304767867969844,-0.46641644657293096,-0.5992008250937317,-0.46953702638788036,-0.5992008250937318,0.006312733628014185,1.4549968870750667e-06,9.479676198419925,-0.006331880266815076,0.005583314991852809,-0.01351431440584337
BCC,Be-Co,Be,Co,raw,-0.014124109079665883,-0.010987026899081688,-0.0023495080740592606,-0.12223035484375089,-0.10399672531249848,-0.02414542390624952,-0.41598690124999393,-0.3903354100000011,-0.523119631666674,-0.4024066999999978,-0.5231196316666741,0.0048320988643532955,2.177202584608874e-05,9.4654110040625,-0.005111242999144508,0.00524016440630862,-0.011774601005606622
BCC,Be-Cr,Be,Cr,curated,0.03209335855443666,0.015567060692290762,-0.008391104029136303,0.28580332874999925,0.1547300762500008,-0.0920822218749997,0.6189203050000032,0.5165896183333322,2.0153896033333276,0.5647452355882363,2.0153896033333285,0.07174523043889937,0.0003464857533200428,9.939582,0.019062174213533633,-0.018966078273451745,0.04048446258357296
BCC,Be-Cr,Be,Cr,raw,0.04892838594867115,0.042558010526966346,0.026376341892240147,0.4287322459374998,0.4120574925000007,0.2796436934374995,1.6482299700000027,1.8890025049999981,0.7951389466666683,1.775697782647059,0.7951389466666683,0.01303187001714369,0.0019181717738710176,9.68225458375,0.013659331281470777,-0.0027729905167213523,0.022552044056431006
BCC,Be-Cu,Be,Cu,curated,0.022094683394108142,0.02328261732906768,0.016050517821021123,0.1958076367135746,0.22940940467714732,0.1740564720157245,0.9176376187085893,0.9863042899447976,0.1160062117218672,0.953990562304229,0.11600621172186729,0.0003925713095033887,0.00015601472664688817,9.853248087822852,0.002679985444711184,0.000184375231903192,0.0060441655730870195
BCC,Be-Cu,Be,Cu,raw,0.024568505920899323,0.024766240050569144,0.016719243330035962,0.21720544937500108,0.24367461187499906,0.18118907375000148,0.9746984474999962,1.0623853950000068,0.19208733666666453,1.0211209491176492,0.19208733666666508,0.0009030051229659244,0.0002544154663853917,9.838982880625,0.003896644918388981,-0.00014458451415053024,0.007849262590863361
BCC,Be-Fe,Be,Fe,curated,-0.013798858230052493,-0.020386532600862792,-0.02196428604594543,-0.12193904750000151,-0.19984151375000003,-0.23651920750000066,-0.7993660550000001,-0.9558886800000058,0.6110941866666622,-0.8822309741176503,0.611094186666662,0.007374946199106937,0.0008106396662942333,9.802624,0.0031619806475554095,-0.008045618874295982,0.008165427815892938
BCC,Be-Ge,Be,Ge,curated,0.06509441512421375,0.05442857443979826,0.01890918120759633,0.7034873177010112,0.7480229954020228,0.3153904656030342,2.992091981608091,2.717007422144121,2.069849877855878,2.8464589795389306,2.0698498778558783,0.0778134201927802,0.0025038368886006503,13.743203879597978,0.013182904255458067,-0.014726511473683401,0.04618523391661743
BCC,Be-Ge,Be,Ge,raw,0.06720744500493851,0.05552418989306126,0.019345087324945904,0.7248851281249991,0.7622881981250007,0.3225230606249987,3.049152792500003,2.7930885033333275,2.1459310266666685,2.913589345294116,2.14593102666667,0.0831171765405474,0.0021695598591099773,13.728938676875,0.014201002847079829,-0.01494672051724534,0.04786235767999261
BCC,Be-Hf,Be,Hf,curated,0.13423286859924607,0.09611816400167708,0.052132470256070464,1.5376802862905325,1.4455665657060646,0.9708957338715969,5.782266262824258,6.6895360537656785,3.0228509462343234,6.262585563910893,3.022850946234324,0.1878585639229916,0.027236199492624985,15.039473347418935,0.0395890655623402,-0.006082552243818279,0.08210039834317562
BCC,Be-Hf,Be,Hf,raw,0.1363555098718972,0.09715883988961625,0.052535578853994326,1.5590781076562497,1.459831790312501,0.9780283617187493,5.839327161250004,6.765617251666664,3.098931978333335,6.32971603264706,3.0989319783333373,0.1971995506286232,0.02839014700160636,15.025208122812499,0.040598869881692444,-0.0062764488453501514,0.08381993101790289
BCC,Be-Ir,Be,Ir,curated,0.12519113656960407,0.13138558891825186,0.10631179612733316,1.1820701099999997,1.446960264374999,1.3378320012500016,5.787841057499996,6.719738963333337,-0.8307300866666765,6.281198772352941,-0.8307300866666759,0.04086582221402505,0.028734938831136352,11.013082,0.010257217759051694,0.020073981240902847,0.01887934044227091
BCC,Be-Ir,Be,Ir,raw,0.10067390461966333,0.08704989787968041,0.048960618139686406,0.9717492159374999,0.9977880581249998,0.6498084828124995,3.9911522324999993,4.324153863333332,1.7170172433333353,4.167447213529411,1.7170172433333362,0.05549207508443918,0.0036691572619078315,11.46225420625,0.023145244333528308,-0.0074240567957132315,0.05171328647997692
BCC,Be-Mg,Be,Mg,curated,-0.02441601126019724,-0.022430124963564325,-0.015352868151679513,-0.2839734225754924,-0.34520146327598056,-0.29400037897647024,-1.3808058531039222,-1.5412634708052337,0.05347710080521514,-1.4657540036516754,0.053477100805214936,0.0009021810438976055,0.0008519111165640519,15.390082036400981,-0.0021557164288853563,-0.0018329045808150462,-0.009063143108517727
BCC,Be-Mn,Be,Mn,curated,-0.012271585360801862,-0.0594721619473851,-0.08341628333586962,-0.10990276000000065,-0.5971351187499998,-0.9280304262500003,-2.388540474999999,-2.7678218300000026,4.363347553333331,-2.5893364864705894,4.36334755333333,0.33942632559865804,0.0047598864568226,10.040582,0.03773485611760006,-0.043161036164132735,0.07114469797506776
BCC,Be-Mn,Be,Mn,raw,0.026918677974759934,0.006169041545411125,0.003963451052132977,0.23187992328124984,0.05789982968749996,0.04025678734375049,0.23159931874999984,0.7256978950000009,1.02199005833333,0.4931809179411769,1.0219900583333301,0.026437656596608117,0.008077943483347437,9.3855470515625,0.021877533678728658,-0.0003119113656445148,0.022955226922626956
BCC,Be-Mo,Be,Mo,curated,0.11927690664751187,0.09308069201452206,0.05152113670179859,1.1750181527743848,1.1012557167987715,0.7115691801981541,4.405022867195086,5.030899554593437,2.4717278537398975,4.736369348758919,2.471727853739899,0.12035385248237385,0.012961377391391901,11.83119391320123,0.03543498364136543,-0.008281143850557489,0.06775576994571328
BCC,Be-Mo,Be,Mo,raw,0.12171338771692744,0.09440024121834618,0.05206445999391003,1.196415963749999,1.1155209206250003,0.7187017768749993,4.462083682500001,5.106980641666662,2.547808996666665,4.803499719705881,2.5478089966666655,0.12786655743362124,0.013761135262800182,11.816928709375,0.03660053748413066,-0.008543774408387246,0.06964892772301741
BCC,Be-Nb,Be,Nb,curated,0.1499046778628905,0.11201786886602791,0.06604094197566744,1.5701289899871291,1.464880241224261,1.0355365143363908,5.859520964897044,6.94844134486272,2.851159870137271,6.436008224878873,2.8511598701372725,0.1821288528977416,0.03923429538654903,13.077201486275738,0.04501246738107704,-0.004025687500446895,0.08386373588722305
BCC,Be-Nb,Be,Nb,raw,0.1522586380588341,0.11323223253562312,0.06652608129082345,1.591526798124999,1.4791454393749994,1.042669102499998,5.916581757499998,7.024522401666658,2.927241043333339,6.503138569117643,2.927241043333342,0.19123926825489285,0.04061688323149966,13.062936288125,0.04612815834173186,-0.004255063109309127,0.08573255676801066
BCC,Be-Ni,Be,Ni,curated,0.004848434982026436,0.00272392328828263,0.0009677111584711266,0.041762384965354116,0.025485018055707798,0.009772347396060255,0.10194007222283119,0.13742595296377166,0.17061353370290058,0.12072671496803497,0.1706135337029006,0.0005533475370911011,4.166628524868473e-05,9.355996978819292,0.002629408461605442,-0.0009250379948404798,0.00388072382355531
BCC,Be-Ni,Be,Ni,raw,0.007350892371256844,0.00425512646659934,0.0016752071947884002,0.0631602099999995,0.0397502499999991,0.016904986249999254,0.1590009999999964,0.21350718999999665,0.24669452666666794,0.18785721823529064,0.24669452666666802,0.0011680755191946944,9.830265711340135e-05,9.341731746875,0.0038811468287640143,-0.0012790944448227693,0.005675685176468444
BCC,Be-Os,Be,Os,curated,0.1288865124457536,0.1257019873042878,0.10103519643242813,1.2112268537500004,1.373178816874999,1.257942855625,5.492715267499996,6.584452558333335,-0.24915200999999834,6.070693833235293,-0.2491520099999974,0.04052873951031698,0.03943754709472448,10.924082,0.019296660559138323,0.01831717537163653,0.02785131601332548
BCC,Be-Os,Be,Os,raw,0.10502461809608626,0.08265051674466267,0.04514085119159373,1.0082946443750007,0.9387839800000002,0.5920853912500004,3.7551359200000007,4.267680095000003,2.219782683333335,4.026482836176473,2.219782683333336,0.09530740127408935,0.008692330080654027,11.358476836874999,0.03168636112606706,-0.008539127112843223,0.059883766904492534
BCC,Be-Pt,Be,Pt,curated,0.13600620763009838,0.1398611572659674,0.10281192309136518,1.3161488000000006,1.6060371374999995,1.3662718612499987,6.424148549999998,7.153121763333331,-0.2673229933333232,6.810075545294117,-0.2673229933333212,0.018839313251512495,0.017583152616976936,11.483082,0.011534517735798222,0.012171232531000468,0.0331942845387332
BCC,Be-Pt,Be,Pt,raw,0.11815708982713685,0.1073176644154586,0.06124639750849711,1.1616730917187503,1.2685553028124996,0.8457839001562508,5.0742212112499985,5.353218645000003,1.6847423549999974,5.221925735000002,1.6847423549999994,0.05246856461547458,0.0025755739424698303,11.8205638346875,0.02138580111414377,-0.007649252718954255,0.056910692318639745
BCC,Be-Re,Be,Re,curated,0.12874711308337544,0.11545410122779967,0.07608359331033715,1.233574113125,1.3036594512500006,0.9892229787500018,5.214637805000002,5.927458911666672,1.3032060499999905,5.592013685000004,1.3032060499999918,0.04666633171085604,0.016812593275681794,11.291582,0.026700716555706532,0.0008828314739485743,0.05266351977303829
BCC,Be-Re,Be,Re,raw,0.11768295185084758,0.0943050711009632,0.048534760999680494,1.1387262356249988,1.0854332781250005,0.6476185100000009,4.341733112500002,4.7635859883333325,2.619241203333322,4.565066987941178,2.6192412033333228,0.12648177643589548,0.00588837735161641,11.509808173125,0.03355145372778293,-0.0124748193953771,0.06914819085116708
BCC,Be-Rh,Be,Rh,curated,0.09942490902252694,0.10098660095710728,0.08695712233187337,0.9288148731250008,1.0919259037500009,1.0681196381249993,4.3677036150000035,5.325158696666667,-0.742958746666659,4.874591599411767,-0.7429587466666582,0.04003556355777835,0.030332654781925934,10.812581999999999,0.01176107246507206,0.02028570440222402,0.01246778669065357
BCC,Be-Rh,Be,Rh,raw,0.0809616202452841,0.06668935050769395,0.04152956317223376,0.7692516696875007,0.7442690787499995,0.5323691915625002,2.977076314999998,3.4709889633333355,1.2633732166666694,3.2385594817647068,1.2633732166666707,0.03612851943327972,0.008071865211959052,11.160238825,0.022212416744812318,-0.002015175440978592,0.039432057073050336
BCC,Be-Ru,Be,Ru,curated,0.10102747591657309,0.0996323665139396,0.0794989810362899,0.9391638425000011,1.0681667712500005,0.9655978831249996,4.272667085000002,5.0793646016666685,-0.14098154999999224,4.6997422408823555,-0.14098154999999135,0.021881908481902246,0.02153252923002022,10.721082,0.014849068161264724,0.01354126868890853,0.02152849488028319
BCC,Be-Ru,Be,Ru,raw,0.0844533384113783,0.06847015038607845,0.038189501966768735,0.7970874475000009,0.755483563124999,0.4823078618750003,3.021934252499996,3.4117208250000033,1.6788244566666701,3.228291849705883,1.6788244566666723,0.05457030754588728,0.005027213782763719,11.033765208125,0.02441935855671247,-0.006675318773963436,0.04626383644460956
BCC,Be-Sc,Be,Sc,curated,0.027925141127562128,0.004325703573272941,0.007714758990610601,0.33847010763326857,0.07081212214153965,0.15907478914981255,0.2832484885661586,1.3267863914215496,0.9567750319117655,0.8357097312543069,0.9567750319117657,0.05212348055961989,0.03603214041272959,16.37008198598346,0.02354342810531377,0.005139091003611877,0.020210382136951525
BCC,Be-Si,Be,Si,curated,0.053253563587582806,0.034531359604791895,0.023397941397044437,0.5096037611979067,0.3890856361458166,0.3033735398437223,1.5563425445832664,2.167939469444344,1.0998945138889837,1.8801291518626602,1.0998945138889837,0.03364213293260289,0.01237668083270493,11.267602567604184,0.022758993722948935,0.000891521792203717,0.029855622190538368
BCC,Be-Si,Be,Si,raw,0.05561398956327912,0.035842773725540344,0.023961228477720954,0.5310015648437503,0.40335082531250066,0.31050611453125043,1.6134033012500026,2.244020478333335,1.175975734999999,1.947259453823532,1.1759757349999997,0.037467585834744875,0.013158464030488821,11.2533373784375,0.023930539728432395,0.0006168058648674407,0.031652761085558166
BCC,Be-Sn,Be,Sn,curated,0.14250810414168397,0.1312477793660372,0.0750696479367046,1.8105105975000004,2.301832216874999,1.6794219050000017,9.207328867499996,9.306486673333339,0.6991396933333268,9.25982417647059,0.6991396933333274,0.008917455129058829,0.00032533247837921597,17.538066,0.00662250960330173,-0.002098751624945575,0.06743845620497936
BCC,Be-Sn,Be,Sn,raw,0.1273729711752387,0.10789646161305229,0.048416083222616216,1.6399494414062499,1.9321794865625002,1.1106776004687475,7.728717946250001,7.335005444999993,2.822783151666679,7.520281916176469,2.8227831516666817,0.14519333272661594,0.005128991921929539,17.9077187303125,0.014820366274683017,-0.014753843034310783,0.07895688795262247
BCC,Be-Ta,Be,Ta,curated,0.15714852995762543,0.1158545210048292,0.06671860717637781,1.6465955948322168,1.5159275252894346,1.0469179638716533,6.063710101157739,7.18270282321032,3.198280698456339,6.656118012832634,3.198280698456339,0.2212378893903981,0.04143125885316112,13.084750704085565,0.04864020092291935,-0.005737337241854305,0.09042992278124762
BCC,Be-Ta,Be,Ta,raw,0.15951646540405154,0.11707237295147055,0.06720370717803276,1.6679934165624992,1.530192750625,1.0540505928124997,6.1207710025,7.258784024999997,3.274361726666664,6.723248485000002,3.2743617266666702,0.23131459672006233,0.04285170130300077,13.07048547875,0.049762912178265804,-0.005967324345624703,0.09231275822601878
BCC,Be-V,Be,V,curated,0.07330504777302324,0.05476468332073346,0.03570925205915826,0.6796131916925034,0.5843880827600056,0.43103772882751024,2.3375523310400226,2.9617357880533697,1.3257358019466305,2.668002396517677,1.325735801946631,0.04378622188428089,0.012891341515008075,10.670893125364994,0.02602970403886606,-0.0006009012383436606,0.03759579571386498
BCC,Be-V,Be,V,raw,0.07578800058368952,0.056176618590309715,0.036321617640842636,0.7010110195312507,0.5986533203125006,0.4381703760937512,2.3946132812500025,3.037817055000005,1.401816764999997,2.7351329261764747,1.4018167649999977,0.04823157196211421,0.013688970040794857,10.6566278878125,0.02724660438037827,-0.0008968791805156754,0.039466382942846885
BCC,Be-W,Be,W,curated,0.13806077013812867,0.10844776305067685,0.061550760151355355,1.3732346026851747,1.303761884745347,0.8677092436805225,5.215047538981388,5.975850256975193,2.6961352480248117,5.61782544850752,2.696135248024812,0.14693010231810028,0.019152158019709015,12.022026532129653,0.039753622073596444,-0.007810782018626809,0.07651000998677332
BCC,Be-W,Be,W,raw,0.1405143241199277,0.10976459721444141,0.062088122427912916,1.39463241234375,1.3180270859374996,0.8748418364062509,5.2721083437499985,6.051931330000002,2.7722164049999947,5.6849558070588255,2.772216404999998,0.1552128677731702,0.020121746356451694,12.0077613309375,0.040917281462093114,-0.0080678392009542,0.07842620169201478
BCC,Be-Zn,Be,Zn,curated,0.005711409327957694,0.0021027288007605316,0.005347886113431059,0.05581040534594095,0.024543713816882473,0.07258627603782486,0.09817485526752989,0.3423911503567088,-0.08947131035671418,0.22746583502062465,-0.08947131035671409,0.0021141501727198323,0.001973435253984428,11.672315425558118,0.003827631627801707,0.003991669138355769,0.00036352321452663445
BCC,Be-Zn,Be,Zn,raw,0.007918514185107299,0.0033289379905319283,0.0058764783005719945,0.07720822062499977,0.03880892625000065,0.07971888562499885,0.1552357050000026,0.41847228333332964,-0.013390213333328424,0.2945962464705875,-0.013390213333328429,0.0022959512250833912,0.0022927995057122805,11.658050213125,0.004933316846031068,0.0037308780655527377,0.0020420358845353046
BCC,Be-Zr,Be,Zr,curated,0.1316790025546249,0.09397275798429121,0.05324581710387463,1.5285270278001306,1.4419925149752615,1.0160157796503952,5.767970059901046,6.785447486534736,2.7333933234652554,6.306634579883588,2.7333933234652577,0.16558882659066912,0.03425493685066928,15.344792958149739,0.03851080895562722,-0.003431503703053575,0.07843318545075026
BCC,Be-Zr,Be,Zr,raw,0.13376896092444054,0.09499071242965272,0.05363966424670003,1.54992485453125,1.456257750312501,1.0231484235937494,5.825031001250004,6.861528741666665,2.809474298333337,6.37376509911765,2.8094742983333396,0.17429430737871246,0.035547603283086794,15.3305277228125,0.03950531701553243,-0.003619753093539779,0.08012929667774052
BCC,Ca-Co,Ca,Co,curated,-0.09757962335156627,-0.2651824883620018,-0.24875590001235387,-3.3962580685849595,-7.133247493419926,-4.724817275754887,-28.532989973679705,-21.65620091823959,7.085649104906281,-24.892336944329063,7.085649104906266,2.447284965158833,1.564750181680839,26.899391198419927,0.05613210650486769,0.03291172277730808,0.1511762766607876
BCC,Ca-Co,Ca,Co,raw,-0.08661042516081727,-0.25749067807948167,-0.2432044555163836,-2.9782733746875003,-6.8545910406249995,-4.5854890640625,-27.418364162499998,-20.17003317,8.571817009999998,-23.58101246058824,8.571817009999991,3.0299708404671803,1.7383997043806025,26.620734745625,0.06289206411143249,0.029460094305770686,0.15659403035556632
BCC,Ca-Cu,Ca,Cu,curated,-0.07118140494518578,-0.14699184162859788,-0.16873473588562862,-2.490763958286422,-4.008903070947852,-3.299463936109273,-16.03561228379141,-15.44060771838852,4.313066548388538,-15.720609866813406,4.313066548388542,0.33871206932876824,0.011714242263428407,27.272963087822852,0.014743844594153562,-0.014973121734195296,0.09755333094044284
BCC,Ca-Cu,Ca,Cu,raw,-0.05995232306138185,-0.13818642047454888,-0.16276925578968215,-2.0727792579687474,-3.7302466053125016,-3.1601357051562466,-14.920986421250007,-13.954439901666651,5.799234384999996,-14.409285322647053,5.799234384999996,0.6220834538652145,0.030911432245104023,26.9943066221875,0.020966912086506473,-0.01866876758880824,0.10281693272830031
BCC,Ca-Fe,Ca,Fe,curated,-0.08175915818159646,-0.22840538752933756,-0.22458922126910888,-2.858828865624993,-6.217728888749999,-4.374596352500001,-24.870915554999996,-19.289133914999983,8.084093263333378,-21.915854686764703,8.084093263333369,2.1796820683460822,1.0309065312123935,27.222338999999998,0.05160566627278471,0.014821705476526845,0.14283006308751242
BCC,Ca-Hf,Ca,Hf,curated,-0.1182404541739919,-0.14995415784729496,-0.10877454784645627,-4.444054602459467,-4.867390253043936,-2.973187528628401,-19.469561012175745,-19.779312349567647,-7.8446243937656845,-19.6335470143244,-7.844624393765689,1.0848996546576246,0.0031746802174435437,32.45918834741894,-0.021112523886501873,0.02478114840608108,-0.009465906327535634
BCC,Ca-Hf,Ca,Hf,raw,-0.10832405159312074,-0.14259347202026484,-0.1042083872666092,-4.026069893437501,-4.5887337699999975,-2.833859271562499,-18.35493507999999,-18.293144440000003,-6.358456650000012,-18.322222388235296,-6.358456650000023,0.7108094170908064,0.00012633363501645255,32.180531864375,-0.01572688236759384,0.02234638308650852,-0.004115664326511531
BCC,Ca-Ir,Ca,Ir,curated,-0.24787649799051598,-0.3230968978579561,-0.22341400474999912,-8.817387308124996,-9.186548508125,-4.757355140624998,-36.7461940325,-36.19931319666665,-21.65350489333332,-36.45666888411765,-21.653504893333338,8.251826585263746,0.009895984696382507,28.432797,-0.05418566362773588,0.10014869942527208,-0.024462493240516858
BCC,Ca-Ir,Ca,Ir,raw,-0.2439173816717035,-0.32746759607075115,-0.24316931641145959,-8.631121314531253,-9.371329455937499,-5.313183029843753,-37.485317823749995,-37.18481158500001,-17.695670851666666,-37.326226285588255,-17.695670851666684,5.507345230481887,0.002987999984371094,28.6175779478125,-0.04529051208175914,0.07850505912768563,-0.000748065260243902
BCC,Ca-Mg,Ca,Mg,curated,-0.023952309274710922,-0.0335568264542898,-0.03797572455765478,-0.9044438813254914,-1.1009926651509794,-1.0579808458514712,-4.4039706606039175,-5.233132605805234,0.818863810805226,-4.84293874923991,0.818863810805223,0.034535276878846104,0.02274847714092012,32.80979703640098,-0.002084188955651026,-0.008336014380679397,0.014023415282943857
BCC,Ca-Mn,Ca,Mn,curated,-0.04435639028012339,-0.057954999266759656,-0.060563552152130426,-1.556263713749999,-1.5914614925000024,-1.2012870506250017,-6.365845970000009,-7.353468705000002,-1.8932088699999856,-6.888705065000006,-1.8932088699999876,0.09527843627064876,0.03227422058896981,27.460297,-0.010336696291201356,-0.0003877425596284281,0.016207161872007034
BCC,Ca-Mn,Ca,Mn,raw,-0.023812628024048012,-0.025320770025340843,-0.00538062486179596,-0.8178941428124986,-0.6720352856250038,-0.10080420781249799,-2.6881411425000152,-2.4498622683333244,-3.8244796533333365,-2.5619935032352967,-3.8244796533333374,0.25898763228057653,0.0018786448414239386,26.540870793125002,-0.00913811933341811,0.02152278902567764,-0.018432003162252054
BCC,Ca-Mo,Ca,Mo,curated,-0.2061368741123105,-0.27701481842396,-0.22550571338561035,-7.416959633475614,-8.10293522132623,-5.078629137926843,-32.41174088530492,-33.32157005707322,-12.471095976260111,-32.89341515271167,-12.471095976260122,2.761284834442729,0.027390081236048597,29.25090891320123,-0.03723541513847855,0.04433947583435928,0.019368839273299854
BCC,Ca-Mo,Ca,Mo,raw,-0.19680625476856214,-0.27006111355381757,-0.22068442049823755,-6.998974934843751,-7.824278759062501,-4.93930091203125,-31.297115036250005,-31.835402258333335,-10.984928121666675,-31.582090624411773,-10.984928121666682,2.130715959981389,0.009587419857072402,28.9722524509375,-0.031796341191409075,0.04150294991805785,0.02387816572967541
BCC,Ca-Nb,Ca,Nb,curated,-0.16257723554889894,-0.2140057668358966,-0.16999425052214842,-5.950937338137869,-6.526515998775736,-4.14617298378861,-26.106063995102943,-26.925627525137276,-9.625409889862718,-26.539950569827006,-9.625409889862723,1.6508120381658098,0.022224850800959765,30.496916486275737,-0.02885087423520695,0.03069748377186467,0.0074170149732494806
BCC,Ca-Nb,Ca,Nb,raw,-0.15290409900501353,-0.206757752962923,-0.16522560527122604,-5.532952642343751,-6.2478595421874985,-4.006844766406253,-24.991438168749994,-25.43945975666668,-8.139242004999991,-25.2286260682353,-8.139242005,1.171144205709358,0.006641581210126802,30.2182600296875,-0.023408593292075317,0.028001191876460614,0.012321506266212506
BCC,Ca-Ni,Ca,Ni,curated,-0.12825271847859884,-0.23359626576006737,-0.25028967046231454,-4.455903819409645,-6.254706331319291,-4.707515942603939,-25.018825325277163,-24.435786032036223,1.3419313237028991,-24.710157464149614,1.341931323702886,0.0429021734940453,0.011247843224875206,26.77571197881929,0.00676754723877518,-0.0008765395895411818,0.1220369519837157
BCC,Ca-Ni,Ca,Ni,raw,-0.11763727053473741,-0.22553637492080067,-0.24469450401671738,-4.03791910671875,-5.976049840937499,-4.56818767453125,-23.904199363749996,-22.949618083333334,2.828099028333336,-23.39883280352941,2.8280990283333383,0.17074321813840576,0.03015084113344565,26.4970554884375,0.012938560720344675,-0.004614631648497436,0.12705723348197998
BCC,Ca-Os,Ca,Os,curated,-0.2628121755346548,-0.3362440412006197,-0.23548892276886932,-9.336979539999998,-9.530432846250001,-4.983039448124998,-38.121731385000004,-38.186717301666654,-23.221013823333333,-38.15613569382353,-23.221013823333344,9.478536899039877,0.0001397372216362088,28.343797000000002,-0.06161913076737221,0.10230361146376817,-0.027323252765785483
BCC,Ca-Os,Ca,Os,raw,-0.25877182555388134,-0.3402014543099208,-0.2542954706519911,-9.14332486171875,-9.7004364246875,-5.51670128328125,-38.80174569875,-39.09340305333333,-19.34199241833333,-38.95615253352942,-19.341992418333348,6.5790139078994905,0.0028146180600843195,28.5138005784375,-0.05286754454155662,0.08106486328815253,-0.004476354901890245
BCC,Ca-Pd,Ca,Pd,curated,-0.13953239508472032,-0.24284930797915685,-0.18560090064317647,-4.982973288749999,-6.973004306250001,-4.0302583187500005,-27.892017225000004,-24.035284286666666,-5.08114650666666,-25.850217434117653,-5.081146506666669,0.9460001887171805,0.4921672816861312,28.713297,0.006910291149987932,0.055238974323600046,0.04606850555845615
BCC,Ca-Pd,Ca,Pd,raw,-0.1334418021741889,-0.24430501983444525,-0.19894126411601862,-4.73197234890625,-7.028315361562502,-4.391881369218751,-28.113261446250007,-24.33027658166667,-1.8138185583333286,-26.110504753235308,-1.8138185583333415,0.5313558283022526,0.47352489106985046,28.7686080553125,0.015207270391537756,0.039832593558329084,0.0654994619418297
BCC,Ca-Pt,Ca,Pt,curated,-0.19752157409010274,-0.27740793269938546,-0.19971963803664994,-7.072594858124997,-8.017865165,-4.393612045625002,-32.07146066,-30.57655174333333,-14.287908333333311,-31.280038292352945,-14.287908333333323,3.6624184769755086,0.07394402214031469,28.902797,-0.029580947629612945,0.07363036054396079,0.002198063946547202
BCC,Ca-Pt,Ca,Pt,raw,-0.19205858325718697,-0.27923064375366125,-0.21360001857363442,-6.830483678750003,-8.090955741250003,-4.781904377499998,-32.36382296500001,-30.966368150000005,-10.925756273333358,-31.62399394529413,-10.925756273333365,2.1629559283715243,0.06461735161654543,28.975887576250003,-0.02143331315053326,0.05745751836831826,0.02154143531644745
BCC,Ca-Re,Ca,Re,curated,-0.25675999964072627,-0.3252364833736003,-0.24256295356269242,-9.169142353749994,-9.337961269375,-5.2664415868750005,-37.3518450775,-38.49489050833332,-20.814404089999964,-37.956986776176464,-20.81440408999998,7.658768166238257,0.04323152835492752,28.711297000000002,-0.06064447108292732,0.08000448999329783,-0.014197046078033848
BCC,Ca-Re,Ca,Re,raw,-0.2504264913741331,-0.324149779310855,-0.2497986452748062,-8.867403343593754,-9.291796184062498,-5.475850426406254,-37.16718473624999,-38.24867672000002,-18.088282225,-37.73973931588236,-18.088282225000007,5.790016419299757,0.0387008242582359,28.6651319146875,-0.053617586886377515,0.06810787858066637,-0.0006278460993268953
BCC,Ca-Rh,Ca,Rh,curated,-0.1994097930122412,-0.3011336815111076,-0.219814921103902,-7.073353604999994,-8.501695533124998,-4.614607281249999,-34.00678213249999,-31.167895696666648,-13.113313726666641,-32.503842254705866,-13.113313726666643,3.2893839693359817,0.26666722705892315,28.232297,-0.019651918474995488,0.08391615810242803,0.020405128091660785
BCC,Ca-Rh,Ca,Rh,raw,-0.19402418341144195,-0.30318878812690003,-0.23452968544580063,-6.836329920781253,-8.5849610996875,-5.0181620985937485,-34.33984439875,-31.611978718333337,-9.696895051666692,-32.895680215000006,-9.696895051666697,1.8990849844276876,0.2462178696086606,28.3155625665625,-0.011284677753319658,0.066391476532761,0.04050550203435868
BCC,Ca-Ru,Ca,Ru,curated,-0.22278126993653508,-0.31380822369743117,-0.23568465648938602,-7.892181431874995,-8.83081352,-4.915415273750002,-35.32325408,-34.15359121499999,-15.876086176666632,-34.70402079852941,-15.876086176666647,4.475836765960883,0.045268385881765474,28.140797,-0.03582346864227396,0.08188066633763096,0.012903386552850948
BCC,Ca-Ru,Ca,Ru,raw,-0.21715705449287545,-0.3149837685614857,-0.24833835200464452,-7.637670939218751,-8.879105469687502,-5.266509665781252,-35.51642187875001,-34.411148280000006,-12.646193458333329,-34.93127703235295,-12.646193458333332,2.8516244642103272,0.04042157188545603,28.189088949687502,-0.027816573048330503,0.06567736612048101,0.03118129751176907
BCC,Ca-Sc,Ca,Sc,curated,-0.059668106638432805,-0.0741127410486444,-0.05798411000294782,-2.2823167436167324,-2.504254474108457,-1.700639067725188,-10.017017896433828,-10.621215496911788,-3.1022809380882372,-10.336887214333926,-3.1022809380882395,0.18125347646165438,0.012079017146359975,33.78979698598346,-0.010565328695102603,0.00605371392063949,-0.0016839966354849842
BCC,Ca-Si,Ca,Si,curated,-0.11756418093414889,-0.20067962845122758,-0.15331358743275908,-4.19691849692709,-5.756960230729181,-3.323176161406277,-23.027840922916724,-20.053585755555645,-4.659959122777669,-21.45323524607851,-4.6599591227776775,0.6744177763714426,0.29270494193076024,28.687317567604182,0.003383899429758894,0.04588294537472407,0.03574940649861019
BCC,Ca-Si,Ca,Si,raw,-0.10710968798782083,-0.19283921054865255,-0.14783599764389938,-3.7789338056250017,-5.478303783125,-3.1838479574999994,-21.9132151325,-18.567418035000003,-3.173791190000012,-20.14191078676471,-3.17379119000002,0.5474651419912187,0.37040155867189195,28.40866112,0.009347646096647707,0.04294505942577525,0.04072630965607854
BCC,Ca-Sn,Ca,Sn,curated,-0.10784500155307737,-0.141292934826155,-0.09313174239205539,-4.1880730112499975,-4.939287472499998,-2.8946625631249994,-19.757149889999994,-18.88729486499999,-6.898189056666657,-19.296638406176466,-6.898189056666662,0.8614914329265857,0.025036139267131642,34.957781,-0.012453135703560136,0.02605428666772763,-0.01471325916102198
BCC,Ca-Sn,Ca,Sn,raw,-0.10262201302022371,-0.14387082776462906,-0.10569259972835984,-3.9620472796874964,-5.044548944375002,-3.3312112384375006,-20.178195777500008,-19.448689381666657,-3.3644588866666445,-19.79198650911765,-3.364458886666649,0.2165859386834239,0.01760888321344077,35.063042471875,-0.004626886213274235,0.014347406944565197,0.003070586708136133
BCC,Ca-Ta,Ca,Ta,curated,-0.18080690067506516,-0.22980481346446535,-0.17840188123477035,-6.618894013917782,-7.010073050960564,-4.35325594237835,-28.040292203842256,-29.25906655012302,-12.0834030482103,-28.68552568128502,-12.083403048210318,2.6157075612087537,0.049149625604297247,30.504465704085565,-0.03718741010932736,0.0370592993915532,-0.002405019440294809
BCC,Ca-Ta,Ca,Ta,raw,-0.17134532307846836,-0.22270426303967467,-0.17368374221223493,-6.200909304531251,-6.731416567187498,-4.213927684218753,-26.925666268749993,-27.772898636666678,-10.597235308333325,-27.37420105176471,-10.59723530833333,1.9977988038740004,0.02375082414415952,30.2258092203125,-0.03184198294281317,0.034400800414767,0.0023384191337665616
BCC,Ca-Ti,Ca,Ti,curated,-0.09730579700645117,-0.1309713681022329,-0.1264164710509088,-3.535017051933913,-3.922238608867829,-2.9790863383017445,-15.688954435471317,-17.370942373961753,-2.964963806038232,-16.57941863820155,-2.964963806038237,0.24813885722039544,0.09360937804060963,29.94729814386783,-0.01633237843201367,-0.001587368958985458,0.029110674044457635
BCC,Ca-Ti,Ca,Ti,raw,-0.08679891133348797,-0.12280919981024342,-0.12122082631150874,-3.117032352031252,-3.6435821440625027,-2.839758108593749,-14.57432857625001,-15.884774561666669,-1.4787959650000175,-15.268094097941185,-1.4787959650000218,0.09526189320696313,0.056821390170043215,29.668641679062503,-0.01070274170614985,-0.004570563855923746,0.03442191497802077
BCC,Ca-V,Ca,V,curated,-0.05157998719638477,-0.13363353195263797,-0.16362464707629146,-1.825962549557488,-3.7538471784899947,-3.400220826172493,-15.015388713959979,-13.936489001946617,8.396044141946694,-14.444206513482316,8.396044141946696,1.2776600802205798,0.03851551947515675,28.090608125364994,0.027949323023020847,-0.02814331707760896,0.1120446598799067
BCC,Ca-V,Ca,V,raw,-0.04024792828783651,-0.12495313988787123,-0.1579791300638754,-1.4079778340624998,-3.4751906825000027,-3.260892549687501,-13.900762730000011,-12.450321023333336,9.882211816666674,-13.132881826470598,9.882211816666668,1.786256877204337,0.06961040551449718,27.811951629375002,0.03425744849724058,-0.03170827190265313,0.1177312017760389
BCC,Ca-W,Ca,W,curated,-0.22852122884209805,-0.29584154945027175,-0.22711331920134142,-8.24417018981482,-8.710090433379655,-5.17984507944448,-34.84036173351862,-35.79737405135813,-16.343067255308483,-35.3470153135513,-16.343067255308476,4.725348798333648,0.030304607310547883,29.441741532129655,-0.047444129206819584,0.059310915287664245,-0.0014079096407566272
BCC,Ca-W,Ca,W,raw,-0.21947796603688105,-0.28911323862990806,-0.2223627903326766,-7.826185492499999,-8.431433973750003,-5.040516857500002,-33.725735895000014,-34.311206266666666,-14.85689938666665,-34.035690797647064,-14.856899386666656,3.8913167102646646,0.011341838253291964,29.163085072500003,-0.042139275837201826,0.05660223020670431,0.0028848242957955628
BCC,Ca-Zn,Ca,Zn,curated,-0.044499160753110174,-0.08465892424508793,-0.10023101184517252,-1.5975782634040527,-2.462899999933118,-2.2334224427121754,-9.851599999732471,-10.216001882976608,3.3911689563099876,-10.044518643802897,3.391168956309985,0.20654265500577051,0.004393744825760541,29.092030425558118,0.0069523012158018505,-0.017333922714444814,0.05573185109206235
BCC,Ca-Zn,Ca,Zn,raw,-0.033243600396313196,-0.07580658663915879,-0.09456959070110874,-1.1795935604687529,-2.184243529062499,-2.094094203906252,-8.736974116249996,-8.729834038333346,4.8773367649999955,-8.733194075000005,4.877336764999993,0.41815740028561577,1.6868618158182927e-06,28.8133739546875,0.012924072191394678,-0.02058903046067033,0.06132599030479554
BCC,Ca-Zr,Ca,Zr,curated,-0.10389022773361165,-0.13250280251636962,-0.09772758575283794,-3.920562765324867,-4.341389127524735,-2.7159927728496065,-17.36555651009894,-17.69748143513193,-6.424373293201389,-17.541281470410524,-6.424373293201392,0.7291399017782899,0.003645468392365423,32.764507958149736,-0.017609010188546322,0.01943219164638526,-0.006162641980773709
BCC,Ca-Zr,Ca,Zr,raw,-0.0938536644851553,-0.12506160222413507,-0.09318138887387338,-3.502578050937501,-4.062732633750002,-2.5766644996874994,-16.25093053500001,-16.211313468333334,-4.938205606666675,-16.229956793823536,-4.938205606666682,0.42870988457559706,5.193238140237307e-05,32.485851464375,-0.012206159428386213,0.017010800334873503,-0.0006722756112819139
BCC,Co-Cr,Co,Cr,curated,-0.016613532828421387,-0.01914075839026051,-0.022344587041311488,-0.18803431200488596,-0.22103928091992486,-0.2631755985849633,-0.8841571236796995,-1.2032264282395981,0.4007535284270792,-1.0530761672702342,0.40075352842707856,0.006191661584789346,0.0033685551103346894,11.548094198419925,-0.0019662991236558134,-0.008269294312938578,0.005731054212890101
BCC,Co-Cr,Co,Cr,raw,-0.005939586105548155,0.001948062734447217,0.008885803251005074,-0.06650323046874895,0.022022911562499914,0.10141770484374923,0.08809164624999966,0.09310526500000076,-0.895578321666657,0.09074591500000026,-0.8955783216666569,0.014099551976335384,8.317182232840458e-07,11.3050320059375,-0.007414781129139627,0.007438635376371001,-0.01482538935655323
BCC,Co-Cu,Co,Cu,curated,-0.0044258988450602815,-0.002914707124687711,-0.0011832323361195935,-0.049901895916312,-0.033407674367774476,-0.013782936569237236,-0.1336306974710979,-0.16982621996146463,-0.1926344498510654,-0.15279303290717436,-0.19263444985106534,0.0006956390336105984,4.3349421452778656e-05,11.461760286242775,-0.0022036538077908055,0.0009677447282346271,-0.003242666508940688
BCC,Co-Cu,Co,Cu,raw,-0.004425900875059214,-0.0029147085661267932,-0.001183233206400057,-0.049901918906249065,-0.03340769093749962,-0.01378294671874869,-0.1336307637499985,-0.16982630833332735,-0.19263451833333534,-0.1527931108823491,-0.1926345183333354,0.0006956395503126015,4.33494743718887e-05,11.4617603028125,-0.00220365474011943,0.0009677449229336241,-0.003242667668659157
BCC,Co-Fe,Co,Fe,curated,0.0009346623229152526,0.0002970250088281198,-0.0016051261600209248,0.010514635495114888,0.0033893928300745557,-0.018575499209964264,0.013557571320298223,-0.02149563657293167,0.15514738509375547,-0.00500000932905878,0.15514738509375547,0.0004637743893609059,4.06564207810807e-05,11.411136198419925,0.0007086960178563459,-0.0018247865996938607,0.0025397884829361774
BCC,Co-Ge,Co,Ge,curated,-0.10285325869629043,-0.1157856100734636,-0.06713057892770159,-1.3597151674288757,-1.7775078117679026,-1.1736761286069282,-7.1100312470716105,-6.755710122762143,-0.9922082070503867,-6.922449475378365,-0.9922082070503898,0.02145927349829162,0.004154011515394561,15.351716078017903,-0.002010923195900973,0.009120308483284148,-0.03572267976858884
BCC,Co-Ge,Co,Ge,raw,-0.10285326040829786,-0.11578561128557144,-0.0671305798274011,-1.3597151926562496,-1.7775078328124998,-1.1736761454687503,-7.110031331249999,-6.755710235,-0.9922082516666629,-6.922449574411765,-0.9922082516666647,0.02145927439668031,0.0041540108574640135,15.3517160990625,-0.0020109239064327196,0.009120308412808515,-0.035722680580896754
BCC,Co-Hf,Co,Hf,curated,-0.03632280401257865,-0.04075478634311088,-0.024321706266957902,-0.5037278050893548,-0.6784850939638609,-0.47251929096336553,-2.7139403758554437,-2.6033255894739207,-0.1664454086719426,-2.6553796065946376,-0.16644540867194313,0.000891841113358643,0.000404855436382607,16.64798554583886,0.00037034779159918175,0.0018707404926037391,-0.012001097745620744
BCC,Co-Hf,Co,Hf,raw,-0.03632280500527131,-0.04075478629477617,-0.024321705465269496,-0.5037278193749977,-0.6784850931249977,-0.4725192749999998,-2.713940372499991,-2.6033255849999932,-0.16644556999998864,-2.655379602647051,-0.1664455699999894,0.0008918420655730578,0.0004048554445699501,16.647985544999997,0.00037034671574200236,0.0018707412834300366,-0.012001099540001815
BCC,Co-Ir,Co,Ir,curated,0.04189889745926368,0.06206692726487329,0.06938167300379476,0.496706874870112,0.7833835690800761,0.9289024514150395,3.1335342763203045,3.8016248700937374,-2.30504307490628,3.487229296553299,-2.305043074906279,0.10816527794763657,0.014768769755135448,12.621594198419924,-0.007661883998725877,0.025497251224364165,-0.02748277554453108
BCC,Co-Ir,Co,Ir,raw,0.02192410812930698,0.024451308040185853,0.016597230614123243,0.26498814515625035,0.3199461390625,0.23374632109374893,1.27978455625,1.3299585766666648,0.16662306166667426,1.3063472729411756,0.16662306166667445,0.000571323178475216,8.329739309906967e-05,13.0850316284375,0.0020707659801013543,-0.00044117611652926166,0.005326877515183737
BCC,Co-Mg,Co,Mg,curated,-0.12525183652381697,-0.15259618484406012,-0.106545314717472,-1.7589605533303772,-2.5939206279459057,-2.1259835975614365,-10.375682511783623,-10.359851069044836,1.9574562358989833,-10.367301159745443,1.9574562358989795,0.06736125055424622,8.293055929130281e-06,16.998594234820906,0.013278837955533087,-0.009048058633167027,-0.018706521806344967
BCC,Co-Mn,Co,Mn,curated,0.0024711174589499467,-0.0224684406432586,-0.05271574831006037,0.02809324799511259,-0.2617369815449262,-0.6288750023349632,-1.0469479261797048,-1.6020846782396017,3.503830668427071,-1.3408438537408267,3.5038306684270704,0.22600066788775006,0.010197026916869495,11.649094198419926,0.019738153247968945,-0.03626057741998569,0.05518686576901032
BCC,Co-Mn,Co,Mn,raw,0.03154145608423124,0.03443146539047104,0.03029428418528375,0.34847809562499954,0.37903274312499846,0.3322795993749992,1.5161309724999938,1.81535385333333,0.08639198000000192,1.6745430858823487,0.08639198000000266,0.0030937286982034564,0.002962533057822822,11.008324473750001,0.005811191890033535,0.004376670696475533,0.0012471718989474911
BCC,Co-Mo,Co,Mo,curated,0.005529895013704054,0.0006813639229005289,0.009472796197845138,0.06781834076949877,0.009157330878844405,0.13844932098819385,0.03662932351537762,0.5500470980205137,-0.37669856116637374,0.3084387335475085,-0.37669856116637357,0.01121635408259251,0.008721986399265663,13.439706111621156,0.004969879708944474,0.0090028831178511,-0.003942901184141084
BCC,Co-Mo,Co,Mo,raw,0.005529892990521681,0.0006813624381262403,0.00947279514751964,0.06781831609375111,0.009157310937501606,0.1384493057812506,0.036629243750006424,0.5500469916666711,-0.3766986116666639,0.3084386397058878,-0.3766986116666638,0.011216353848008929,0.0087219854958911,13.439706131562499,0.004969878906398945,0.009002883091314653,-0.003942902156997959
BCC,Co-Nb,Co,Nb,curated,0.006589569768178963,-0.0031721336937278175,0.001258645616809947,0.08491946298224562,-0.04658504719566281,0.020748113876429386,-0.18634018878265124,0.28178020495646666,0.34224719523101993,0.06148825496158765,0.3422471952310199,0.009309827814611895,0.007250846791581622,14.685713684695664,0.009300745226688781,0.0033781418446688543,0.005330924151369016
BCC,Co-Nb,Co,Nb,raw,0.006589567619121699,-0.003172135432531741,0.0012586441760583944,0.08491943546875191,-0.04658507281249946,0.020748090156249788,-0.18634029124999785,0.28178006833333785,0.34224717500001134,0.06148813441176814,0.34224717500001156,0.009309826513093061,0.007250845733484867,14.6857137103125,0.00930074456270223,0.0033781415663656712,0.005330923443063305
BCC,Co-Ni,Co,Ni,curated,-0.0002635581909895644,0.002297983530634097,0.002974199161546708,-0.0029060845395321167,0.025196261510782136,0.03242671068609759,0.10078504604312855,0.0787216697241746,-0.18844157453669177,0.08910443505074118,-0.1884415745366918,0.0006403103164756628,1.6107107247522044e-05,10.964509177239218,-0.0019773799191121623,0.0012409359441120024,-0.0032377573525362727
BCC,Co-Ni,Co,Ni,raw,-0.00026355915358547595,0.0022979842780920623,0.0029742016426241025,-0.0029060951562485116,0.025196269687501882,0.03242673765624993,0.10078507875000753,0.0787217133333371,-0.18844177499999168,0.08910447352941733,-0.18844177499999165,0.0006403116286073426,1.6107091329359403e-05,10.964509169062499,-0.0019773814362293177,0.0012409378584212162,-0.0032377607962095784
BCC,Co-Os,Co,Os,curated,0.03591632972230457,0.04740305645617845,0.05045039341491659,0.4241859079951116,0.5940832703300742,0.6687097282900378,2.376333081320297,2.914388363427065,-1.30412704157294,2.661185877729763,-1.3041270415729393,0.03947510882899999,0.009579159483187301,12.532594198419925,-0.001809977689455044,0.016835208707629525,-0.014534063692612023
BCC,Co-Os,Co,Os,raw,0.01660660494567287,0.011202554605690524,-0.0003073243376584325,0.19985586296875013,0.14542320968750033,-0.0042803479687485435,0.5816928387500013,0.5215347066666709,1.0887264583333263,0.5498444158823558,1.0887264583333263,0.020955542659804323,0.00011974635184484871,12.9812542590625,0.007543876847512156,-0.008138245782073346,0.016913929283331304
BCC,Co-Pd,Co,Pd,curated,0.03676934072108522,0.058892483646037205,0.060306319051709294,0.4410534373701136,0.7598363715800769,0.8327728001650367,3.0393454863203075,3.3968699667604008,-2.089169934906257,3.228623152435651,-2.089169934906257,0.0809514920465304,0.0042294624523001,12.902094198419924,-0.010739668513983933,0.019037919096895523,-0.023536978330624077
BCC,Co-Pd,Co,Pd,raw,0.022534684693573594,0.0321748902776885,0.02318808846320452,0.2740696539062508,0.4258688340625003,0.3318215085937499,1.7034753362500012,1.6157097666666687,-0.3080098916666619,1.6570112111764723,-0.30800989166666165,0.0019225102600648482,0.0002548719001418429,13.2360617359375,-0.0037273068101473326,0.0008679164530777163,-0.0006534037696309253
BCC,Co-Pt,Co,Pt,curated,0.048742485590886835,0.06999944073393881,0.05667636675379624,0.5892913523701129,0.9164042722050727,0.7987568751650365,3.665617088820291,3.7014619400937314,-1.117149454906259,3.6845937747885844,-1.1171494549062566,0.02198041615026259,4.251353038726429e-05,13.091594198419926,-0.008106925808580759,0.007908275134388515,-0.007933881162909405
BCC,Co-Pt,Co,Pt,raw,0.03370501666855982,0.04200274343710724,0.018544410704347692,0.4134178084374991,0.5646572137499994,0.2711363021875002,2.2586288549999978,1.8254776283333314,0.7588346999999942,2.0293134997058804,0.7588346999999945,0.016330027725331077,0.006208014214946839,13.443341256875,-0.0008214002147555483,-0.010420454552918953,0.015160605964212131
BCC,Co-Re,Co,Re,curated,0.01646957334987771,0.029370851154442247,0.02760936430072372,0.19753838987011285,0.3788867465800756,0.3811761839150378,1.5155469863203024,1.5432388634270684,-0.9794015682395999,1.530207391847414,-0.9794015682395995,0.01688679308510515,2.5373384262007805e-05,12.900094198419925,-0.007222415337233169,0.0070267125182799425,-0.01113979095084601
BCC,Co-Re,Co,Re,raw,0.006712640698136317,0.011147488712333693,0.002291741284720062,0.08129267671875162,0.14639534968750212,0.032439103281250325,0.5855813987500085,0.3032847466666719,0.2605523916666736,0.43613023000000667,0.26055239166667366,0.0038301836055608697,0.0026368477867542046,13.132585595312499,-0.002353668427070042,-0.00546510692084817,0.004420899413416255
BCC,Co-Rh,Co,Rh,curated,0.04050046368417086,0.05759151514977424,0.05915344429490309,0.4760684229951142,0.7153496347050741,0.7741734882900371,2.8613985388202963,3.3339784300937367,-1.5898936815729219,3.1115878930238834,-1.5898936815729208,0.05182296859020156,0.007389653612956434,12.421094198419926,-0.0051421222905269565,0.018159343417039397,-0.018652980610732228
BCC,Co-Rh,Co,Rh,raw,0.024724967838311827,0.027648215343171446,0.01696868163135958,0.2951073839062506,0.35342758593749934,0.23129042984375126,1.4137103437499974,1.4037275033333383,0.3403570883333297,1.4084253105882367,0.3403570883333303,0.0020395992905732374,3.2974776656631124e-06,12.7830162471875,0.0025165629354725588,-0.002478297399176268,0.007756286206952248
BCC,Co-Ru,Co,Ru,curated,0.0333704390695988,0.045122896747597015,0.03795323223279734,0.3907308436201138,0.5563470059550735,0.4915056332900374,2.225388023820294,2.3526306050937364,-0.5374655449062592,2.2927517433179987,-0.5374655449062593,0.005613499963575424,0.0005357208470667563,12.329594198419926,-0.0022657491791354656,0.005733102357030994,-0.00458279316319854
BCC,Co-Ru,Co,Ru,raw,0.019141645565696273,0.01812490035889324,8.057605379892665e-05,0.2272566129687501,0.22939857406249864,0.001083000156249625,0.9175942962499946,0.6089056349999993,1.206259268333336,0.7541708873529386,1.2062592683333366,0.028730186148163372,0.00315293458183393,12.6565426303125,0.004650099619184188,-0.01271999816938463,0.019061069511897347
BCC,Co-Si,Co,Si,curated,-0.08007210541750774,-0.11239260710208553,-0.07062950154343282,-0.9594361045569784,-1.4471801078991096,-0.9725737418662401,-5.788720431596438,-5.152026257128583,0.0700673989827294,-5.451647045113456,0.07006739898272774,0.013499590103401522,0.013413291346366693,12.87611476602411,0.01051138232657058,0.008192498216979482,-0.009442603874074917
BCC,Co-Si,Co,Si,raw,-0.08007210787472688,-0.11239260948727757,-0.07062950405388378,-0.9594361365625002,-1.4471801425000006,-0.9725737790624986,-5.788720570000002,-5.1520264416666635,0.07006742666665862,-5.451647207941177,0.07006742666665731,0.01349958822775589,0.013413289402527031,12.876114800625,0.010511381793170902,0.008192497378181,-0.009442603820843096
BCC,Co-Sn,Co,Sn,curated,-0.08978996292087799,-0.0731003275841439,-0.002837296146647351,-1.3573892857548877,-1.3996211384199242,-0.06575653170996176,-5.598484553679697,-3.7950555132395984,-6.888708021572938,-4.643728002858469,-6.88870802157294,0.9417723163046792,0.1076147306438391,19.146578198419924,-0.02035229416906971,0.042456375366331296,-0.08695266677423064
BCC,Co-Sn,Co,Sn,raw,-0.10120279814863632,-0.09132072624134016,-0.027014268385686935,-1.5493482775,-1.7835390924999999,-0.641633448124999,-7.1341563699999995,-5.842617934999997,-4.8411457566666725,-6.450400727941173,-4.841145756666671,0.4671666489753359,0.05519354324169222,19.5304961525,-0.013827763082410151,0.029304106063878687,-0.07418852976294939
BCC,Co-Ti,Co,Ti,curated,-0.04275775073662828,-0.06360522530383851,-0.04230914449650845,-0.5392668183138021,-0.8991295291627548,-0.6625632681367062,-3.596518116651019,-3.204880230534689,0.6575810657221552,-3.3891804122364917,0.6575810657221548,0.012676088536285848,0.005075081266819891,14.136095342287755,0.010710340079843698,0.0007524803322492773,-0.00044860624011983097
BCC,Co-Ti,Co,Ti,raw,-0.04275775251302807,-0.06360522645642205,-0.0423091451933422,-0.5392668417187512,-0.8991295465625004,-0.6625632795312502,-3.5965181862500017,-3.2048803233333367,0.6575810016666613,-3.38918049411765,0.6575810016666606,0.012676086454174954,0.0050750806655492295,14.1360953596875,0.01071033923892271,0.0007524804374016371,-0.00044860731968586476
BCC,Co-V,Co,V,curated,-0.01714110208195021,-0.030424315413408305,-0.020705758051016262,-0.20027315468738394,-0.37359250065991745,-0.26658692038245135,-1.4943700026396698,-1.2449602001862274,0.35367341704035954,-1.3623295189878475,0.3536734170403592,0.0042570196942962775,0.002058261933966126,12.279405323784918,0.006840346658116866,0.0010568885857003265,0.003564655969066053
BCC,Co-V,Co,V,raw,-0.017141102739159468,-0.030424314324958086,-0.020705755359770046,-0.20027316250000027,-0.37359248687499935,-0.26658688499999883,-1.4943699474999974,-1.2449601266666643,0.353673186666659,-1.3623294541176447,0.35367318666665865,0.004257017133230754,0.0020582622373273448,12.27940531,0.0068403450999978644,0.0010568905337494507,0.0035646526206105783
BCC,Co-W,Co,W,curated,0.009483666428390665,0.006009232637066808,0.014786973480878485,0.11721208130528638,0.0819090782004217,0.22035124822055785,0.3276363128016868,0.9001688787355846,-0.5500755568814478,0.6307417888843385,-0.5500755568814478,0.016164953624126635,0.010846109748138521,13.630538730549578,0.004513199435189616,0.010664507496545208,-0.00530330705248782
BCC,Co-W,Co,W,raw,0.009483664305361164,0.0060092309708756324,0.014786972176240101,0.11721205531249979,0.08190905562499928,0.2203512290624996,0.32763622249999713,0.9001687583333317,-0.5500755933333323,0.6307416826470565,-0.5500755933333323,0.01616495318859918,0.010846108607682857,13.630538753125,0.0045131986925518305,0.010664507333422852,-0.005303307870878937
BCC,Co-Zn,Co,Zn,curated,-0.049252604507812506,-0.07393305475031323,-0.07567478727321973,-0.6001187541589452,-0.9818921558530409,-1.0879875587971384,-3.9275686234121636,-4.501616834549556,2.6019669580703635,-4.231476499896665,2.6019669580703626,0.1299115960724555,0.010903610802905743,13.280827623978041,0.011186365720667358,-0.024453282427908014,0.026422182765407226
BCC,Co-Zn,Co,Zn,raw,-0.04925260609744698,-0.07393305554066062,-0.0756747874208719,-0.6001187745312482,-0.9818921671874996,-1.087987561093751,-3.9275686687499984,-4.501616894999998,2.601966861666682,-4.231476553235293,2.6019668616666807,0.12991158782799528,0.010903611377010805,13.2808276353125,0.01118636472765632,-0.02445328199246759,0.02642218132342492
BCC,Cr-Cu,Cr,Cu,curated,-0.0234786289750509,-0.011910661114966747,-0.00589961069215022,-0.28091787578642524,-0.14199492469784936,-0.07007852048427665,-0.5679796987913974,-0.935990390055205,-1.1244765616114591,-0.7628088882840016,-1.1244765616114596,0.026707818416084113,0.004481201543971285,11.92166608782285,-0.01457786177399246,0.0030658480196221,-0.017579018282900677
BCC,Cr-Cu,Cr,Cu,raw,0.007213250413851178,0.008654055025913415,0.0043763477264807055,0.08367543406249922,0.10106728062500103,0.05145258031249966,0.40426912250000413,0.3603413716666637,0.17185521999999764,0.38101325441176515,0.17185521999999775,0.000583004775571505,6.38486236745749e-05,11.6786038825,0.0006788630040657414,-0.0020709319011654754,0.0028369026873704727
BCC,Cr-Fe,Cr,Fe,curated,-0.036497669745293726,-0.039562813336015495,-0.03323310019611835,-0.4357646943749991,-0.46965181875000006,-0.39223575874999916,-1.8786072750000002,-2.2080012083333287,-0.23215432333333297,-2.05299229852941,-0.23215432333333383,0.004537469669246264,0.00359008555092357,11.871042,-0.006995743825275658,-0.0033888312807564868,-0.0032645695491753737
BCC,Cr-Ge,Cr,Ge,curated,-0.11719063130900792,-0.1268667074761833,-0.004130540937093113,-1.6300995254239883,-2.0059684077229765,-0.07316605939696785,-8.023873630891906,-4.542041559522549,-8.303645152144108,-6.180550769578716,-8.303645152144107,1.6131546998429922,0.40113379102553676,15.811621879597977,-0.009031267223936209,0.08080366245146556,-0.1130600903719148
BCC,Cr-Ge,Cr,Ge,raw,-0.09342826761271655,-0.11323502258730099,0.002749278357888302,-1.2655062178125007,-1.7629062068749999,0.04836503468749953,-7.0516248274999995,-3.24570982166667,-7.007313346666668,-5.036728647941178,-7.007313346666668,1.3424115593841575,0.47928272531119787,15.56855967875,0.0041840182182880615,0.07790770499085443,-0.09617754597060485
BCC,Cr-Hf,Cr,Hf,curated,-0.04812147246157176,0.0011785794299019675,-0.014663015579668981,-0.7005497818344679,0.02016300883106581,-0.2882431705033994,0.08065203532426324,-2.636781206234313,-2.1989685937656986,-1.357989092559689,-2.198968593765699,0.3293365723477278,0.24433820147407337,17.107891347418935,-0.04916023555096898,-0.015432289259527342,-0.03345845688190278
BCC,Cr-Hf,Cr,Hf,raw,-0.023669986827262898,0.015607939435163325,-0.008533447648517916,-0.3359564632812493,0.263225231562501,-0.1667120435937477,1.052900926250004,-1.3404493516666587,-0.9026369050000085,-0.21416686794117024,-0.9026369050000084,0.2038554028830983,0.18953356608541871,16.8648291246875,-0.037579239464125405,-0.018638680681867206,-0.015136539178744982
BCC,Cr-Ir,Cr,Ir,curated,0.005064472538312868,0.038219055584222145,0.07159326175352929,0.06353254187500035,0.4999625756250019,0.9749749368750003,1.9998503025000076,2.7693532766666684,-4.8610261066666665,2.4072342300000047,-4.861026106666666,0.4349563161916018,0.019592696489933923,13.081499999999998,-0.024826273129695774,0.04405874507783664,-0.06652878921521642
BCC,Cr-Ir,Cr,Ir,raw,0.015824131222703913,0.021018643095465448,0.028280260145475435,0.19640714500000023,0.2795873674999996,0.40134991749999926,1.1183494699999983,1.594018833333332,-1.093028119999995,1.3701744270588223,-1.0930281199999943,0.02848735856221911,0.007486588562225924,13.301875208125,-0.0010702154348362113,0.0135048675113995,-0.012456128922771523
BCC,Cr-Mg,Cr,Mg,curated,-0.12833620833758386,-0.022221501845353073,0.017149441758203675,-1.8908094438254892,-0.3879540907759811,0.3461400460235282,-1.5518163631039243,-4.119118394138563,-11.930397279194759,-2.9109762618869683,-11.930397279194763,2.720057383108299,0.21808587304040883,17.45850003640098,-0.10858730244631437,0.03156527465817817,-0.14548565009578754
BCC,Cr-Mn,Cr,Mn,curated,-0.06006105490940007,-0.07080350916673543,-0.08327502960648063,-0.7242462306250008,-0.8573596924999993,-1.0125827225000013,-3.4294387699999973,-4.6315438750000055,1.5377946233333357,-4.0658473550000025,1.5377946233333342,0.08938334182928716,0.04781437555589606,12.109,-0.006736033606999322,-0.030392939933796763,0.02321397469708056
BCC,Cr-Mn,Cr,Mn,raw,-0.003452584940648642,0.0023582946764341963,0.006328804323852193,-0.03926805015625234,0.026472254062500866,0.07010299015624888,0.10588901625000346,0.08222650666665743,-0.5833122150000065,0.0933618052941144,-0.5833122150000064,0.005999538807600404,1.8526578081020165e-05,11.2251680534375,-0.005198235132551463,0.004536394517942489,-0.009781389264500836
BCC,Cr-Mo,Cr,Mo,curated,-0.01709402302053038,-0.004855865122185698,-0.00041651874376836997,-0.22143265722561445,-0.06749464070123068,-0.006183394801846376,-0.2699785628049227,-0.6069761387398955,-1.1479960662600963,-0.4483890441822613,-1.1479960662600963,0.026923866221085255,0.0037577437340971694,13.89961191320123,-0.0131862154853921,0.0029933536471526603,-0.01667750427676201
BCC,Cr-Mo,Cr,Mo,raw,0.011371692172922956,0.012855923711489832,0.007834052428377515,0.1431606509374994,0.1755675612499985,0.11534770093749991,0.702270244999994,0.6893556049999982,0.1483357333333307,0.6954330826470552,0.14833573333333092,0.00039229881200184447,5.518718150608202e-06,13.656549711250001,0.0009122873940353992,-0.0011089442788138125,0.0035376397445454413
BCC,Cr-Nb,Cr,Nb,curated,-0.015750009505800657,0.0025830444330594924,0.001510797735884016,-0.21383488251286842,0.03912180809926191,0.025252121836391694,0.15648723239704765,-0.5028873618039379,-1.2751306898627206,-0.19259343512112115,-1.2751306898627206,0.04296723054236416,0.014385932718012607,15.145619486275738,-0.017911147256830604,-0.0002446529392016937,-0.017260807241684672
BCC,Cr-Nb,Cr,Nb,raw,0.011410532329839726,0.018935273918681845,0.008846146574557779,0.1507584228124994,0.282184004374999,0.1467832090624981,1.128736017499996,0.7934443516666599,0.02120114000000702,0.9512286649999945,0.021201140000006953,0.003727697157016017,0.0037197959948369174,14.90255729,-0.00460782494408103,-0.003908587497072476,0.002564385755281947
BCC,Cr-Ni,Cr,Ni,curated,-0.027617230102157397,0.007412906160859719,-0.015125201515589127,-0.323569198159646,0.0846881161807076,-0.1683831582289379,0.3387524647228304,-1.3118729503695572,-0.8276588796304433,-0.53510804914961,-0.8276588796304434,0.10219237683490916,0.0901510233402215,11.424414978819293,-0.033038445729564415,-0.020830603573082532,-0.01249202858656827
BCC,Cr-Ni,Cr,Ni,raw,0.0036139463038729527,0.029312226670126257,-0.004254984261507337,0.04102412406249911,0.3277503462499993,-0.046852020312499576,1.3110013849999973,-0.015541056666667904,0.468672769999993,0.6087142099999983,0.4686727699999935,0.06208696736733803,0.05822585899223023,11.181352748750001,-0.018040485926393957,-0.02657908932190222,0.007868930565380291
BCC,Cr-Os,Cr,Os,curated,0.0021687359752803463,0.02960211901096794,0.05916914491369892,0.02710974187499815,0.38460553125000096,0.7978811268750015,1.5384221250000039,2.199975649999999,-4.110780720000018,1.8886563441176485,-4.110780720000017,0.31152543160696783,0.01448116763955615,12.9925,-0.020907134382312557,0.037778006892044774,-0.057000408938418574
BCC,Cr-Os,Cr,Os,raw,0.0135415218142962,0.013563143317094455,0.017556176469834494,0.16737302968749823,0.17900769250000081,0.2464221615624993,0.7160307700000033,1.1034538433333267,-0.4215953700000057,0.9211371029411748,-0.4215953700000052,0.00809081549185793,0.004966432866762278,13.19809783875,0.0026793928734439912,0.007991217034791519,-0.004014654655538293
BCC,Cr-Pt,Cr,Pt,curated,0.00912370527592483,0.05359029738405343,0.07990015996718607,0.11659867250000033,0.7262289150000001,1.144429966249998,2.9049156600000003,3.362743036666662,-5.481766899999987,3.1472948594117627,-5.481766899999987,0.5351540737699753,0.006935489564078289,13.5515,-0.0334961962284082,0.041873058139737684,-0.07077645469126123
BCC,Cr-Pt,Cr,Pt,raw,0.024248886412585758,0.045207593149442456,0.05012719722578316,0.3053184614062481,0.6175440784375006,0.7383405042187512,2.4701763137500024,2.783090574999998,-2.3094508950000168,2.6358368050000003,-2.3094508950000163,0.09699389042061943,0.0032398456398627755,13.6601848365625,-0.012535876316364285,0.01868260597156994,-0.025878310813197403
BCC,Cr-Re,Cr,Re,curated,-0.0036073557730212343,0.016918837902320346,0.028198834826517683,-0.04575570062500134,0.22603567437499983,0.3957988456250021,0.9041426974999993,0.9334483866666687,-2.3549575800000184,0.919657474117648,-2.3549575800000175,0.09751362560833866,2.8416951315444822e-05,13.36,-0.0169727575217795,0.016120838546861804,-0.03180619059953892
BCC,Cr-Re,Cr,Re,raw,0.016291217611006263,0.017724091140773314,0.011820124893084791,0.20259191906249896,0.23660649937499834,0.16859287593749883,0.9464259974999933,0.9898261199999941,0.18132823000000067,0.9694025329411703,0.1813282300000008,0.0006402914950061022,6.232402829829274e-05,13.349429175000001,0.0020213691861510953,-0.0006213188404194434,0.004471092717921472
BCC,Cr-Rh,Cr,Rh,curated,-0.0030984291755393268,0.021866009432497488,0.039529412333395984,-0.03855840187499915,0.28165606750000016,0.526432948750001,1.1266242700000006,1.3009987916666717,-3.013287203333334,1.2189401932352972,-3.0132872033333338,0.1606137097003042,0.001006096559773247,12.881,-0.02007316103499532,0.02366742242350298,-0.04262784150893531
BCC,Cr-Rh,Cr,Rh,raw,0.01183226957102286,0.012522922769401515,0.007648455755367707,0.14507389187499875,0.16279624062500098,0.1050810012500012,0.6511849625000039,0.6670797149999999,0.21329541666665364,0.6595998314705902,0.21329541666665403,0.0008080751664969689,8.359516225460096e-06,12.999859826875,0.0018739873846396365,-0.0012385444783722195,0.004183813815655153
BCC,Cr-Ru,Cr,Ru,curated,-0.006464473233188754,0.01775472057156253,0.03630592695510326,-0.08015138749999906,0.227073998749999,0.4785211937499998,0.908295994999996,1.0623194833333354,-2.979587099999994,0.9898378417647052,-2.9795870999999936,0.15684248650050847,0.0007849599802401933,12.7895,-0.02020017232079833,0.02338466225507866,-0.042770400188292014
BCC,Cr-Ru,Cr,Ru,raw,0.009917312279812704,0.011122775811602075,0.008091263301292919,0.12096771468749878,0.1431877887499997,0.10962967156249981,0.5727511549999988,0.6149263633333296,0.06046956333332787,0.5950792064705858,0.06046956333332803,0.00012313124985525144,5.8855638903083276e-05,12.87338621,0.001113074599382561,0.00016523777512647658,0.0018260489785197846
BCC,Cr-Sc,Cr,Sc,curated,-0.11242285546152234,-0.0876645517036209,0.019827302323693497,-1.7114412336167302,-1.6164028353584605,0.42933544727481276,-6.465611341433842,-3.4189487635784466,-11.417475631421562,-4.852672329628046,-11.417475631421565,2.598592456701492,0.3071300579769866,18.438499985983462,-0.032787946550682116,0.07581308435664096,-0.13225015778521584
BCC,Cr-Si,Cr,Si,curated,-0.08466503161487236,-0.1053526652108778,-0.07601278495928315,-1.0728761513020917,-1.404985310104184,-1.0641813345312752,-5.619941240416736,-5.698819962222312,-0.04637235611102142,-5.66170056372557,-0.0463723561110211,0.00024367004721820044,0.00020587012787916438,13.336020567604184,-0.0015101920133710441,-0.0007458806386907516,-0.00865224665558921
BCC,Cr-Si,Cr,Si,raw,-0.05754926898543276,-0.08874412405981902,-0.06792162523926913,-0.708282850468752,-1.1619231228124995,-0.9426502607812477,-4.647692491249998,-4.402488296666665,1.249959521666644,-4.517878505882352,1.2499595216666428,0.029453474866275767,0.001989433357982888,13.0929583803125,0.01325700525678183,-0.005130808070949754,0.010372356253836375
BCC,Cr-Ti,Cr,Ti,curated,-0.05551901886413363,-0.024726610027326387,-0.02680485449559018,-0.7385140206839154,-0.3609096282428297,-0.42592918392674406,-1.4436385129713187,-3.1051818789617585,-1.6671191293715804,-2.3232791184956687,-1.6671191293715792,0.14020220337055359,0.09134756328529985,14.596001143867829,-0.03517003303163873,-0.009770103585969856,-0.02871416436854345
BCC,Cr-Ti,Cr,Ti,raw,-0.02890229113632673,-0.008210682442653326,-0.019304223712178204,-0.3739207112500029,-0.11784742375000157,-0.3043980843749985,-0.47138969500000627,-1.8088501216666704,-0.370787343333357,-1.1794569797058871,-0.3707873433333572,0.06160494611826517,0.05918824829446463,14.352938939375,-0.022070507455164198,-0.013699015067440232,-0.009598067424148527
BCC,Cr-V,Cr,V,curated,-0.03660613448167625,-0.029074524652083936,-0.015409653195202329,-0.4529516995574969,-0.3703894153649916,-0.2019429917974911,-1.4815576614599664,-1.7463858436133013,-1.3387131080533645,-1.6217608167176143,-1.338713108053365,0.0338232948568643,0.002320609171190295,12.739311125364992,-0.014155852096127056,0.005787810952272887,-0.021196481286473924
BCC,Cr-V,Cr,V,raw,-0.007357641486292787,-0.010189232049673418,-0.006193418160421975,-0.08835837453125173,-0.12732717968749974,-0.08041184546874902,-0.509308718749999,-0.450053920000002,-0.04238148833334776,-0.4779385311764711,-0.042381488333347754,0.00014775079653429023,0.0001161771344636903,12.4962488896875,0.0005943020440008953,0.001161752546035209,-0.001164223325870812
BCC,Cr-W,Cr,W,curated,-0.010008404976322893,0.0027851201948144656,0.005363154866733315,-0.13060190106482672,0.039243581620347356,0.08115347243052362,0.15697432648138943,-0.1318624763581416,-1.1293619919752018,0.004060724978108343,-1.1293619919752016,0.025180611337633024,0.002760442235555364,14.090444532129652,-0.012263917650959582,0.0034180495053878976,-0.015371559843056208
BCC,Cr-W,Cr,W,raw,0.01844684669402106,0.020386942033697744,0.013503179996716927,0.23399140578124822,0.2823057809374987,0.20268456421875136,1.1292231237499948,1.1644692533333323,0.1669698216666499,1.1478828394117622,0.16696982166665061,0.0005311643365723196,4.1105172262679145e-05,13.8473823328125,0.0017550430643022386,-0.0006025775956517434,0.004943666697304132
BCC,Cr-Zn,Cr,Zn,curated,-0.060942847930552324,-0.00038362512355491826,-0.01934527049592343,-0.784600572779059,-0.005271290558114927,-0.28257830333717315,-0.02108516223245971,-2.8458103363099525,-2.677452103690058,-1.516527901449956,-2.677452103690059,0.3900266014989823,0.26401342199119154,13.740733425558115,-0.060635767356665767,-0.01907461664395112,-0.0415975774346289
BCC,Cr-Zn,Cr,Zn,raw,-0.033574329995618345,0.017617181231658865,-0.011117767921815229,-0.42000726031250046,0.23779092000000013,-0.16104719468749984,0.9511636800000005,-1.5494785466666674,-1.3811203500000033,-0.3727057341176471,-1.381120350000004,0.24043789276519306,0.20690773497094078,13.497671215,-0.04783063858675118,-0.023429551437843768,-0.022456562073803116
BCC,Cr-Zr,Cr,Zr,curated,-0.05239469677480205,-0.02386014861206781,0.036588748992478944,-0.7707577134498695,-0.41548180127474055,0.7360125584003931,-1.6619272050989622,-0.09265374679860372,-8.036108116534734,-0.8311353742340666,-8.036108116534734,1.2166620491626725,0.0814837230968151,17.41321095814974,-0.031211928234152416,0.052079611713785855,-0.088983445767281
BCC,Cr-Zr,Cr,Zr,raw,-0.028312006510134474,-0.010041821452867977,0.04288944009687632,-0.4061643895312521,-0.17241956781250067,0.8575437014062501,-0.6896782712500027,1.2036781649999948,-6.739776485000012,0.3126869008823491,-6.739776485000013,0.9170937289335548,0.11861465938310155,17.1701487246875,-0.019298025867932302,0.04935702190620292,-0.07120144660701079
BCC,Cu-Fe,Cu,Fe,curated,0.004700735648328753,0.005263131506094786,0.003410040229858301,0.05551578264072354,0.06202446842715048,0.04010001358857451,0.24809787370860192,0.2549754566114615,0.08221743494479483,0.25173894701011584,0.08221743494479489,0.00012038807920250732,1.5651114679093933e-06,11.78470808782285,0.0007618472466599791,-0.0005458050488155404,0.001290695418470452
BCC,Cu-Ge,Cu,Ge,curated,-0.047741080298134765,-0.02738034274398392,-0.012568469082547837,-0.6578868896582648,-0.4305637742958286,-0.222088190183392,-1.7222550971833144,-2.346600212911085,-2.324259730532655,-2.0527907466862514,-2.324259730532655,0.10785827312831184,0.012898019896316577,15.72528796742083,-0.02430743990502411,0.005706458596520532,-0.03517261121558693
BCC,Cu-Ge,Cu,Ge,raw,-0.04774108071045323,-0.02738034325141746,-0.012568469666035108,-0.6578868956249995,-0.43056378250000016,-0.22208820062500223,-1.7222551300000006,-2.346600256666671,-2.324259706666652,-2.0527907852941203,-2.3242597066666515,0.10785827163012895,0.012898020348278633,15.725287975625001,-0.024307439880973124,0.005706458350453709,-0.03517261104441812
BCC,Cu-Hf,Cu,Hf,curated,0.016069213768886606,0.008475039831522063,0.008076095120891953,0.231853763931257,0.14425837725821467,0.1584099412101736,0.5770335090328587,1.0407032137104817,0.39170038784577815,0.8225057056268946,0.3917003878457787,0.009810623854275712,0.007113626306332746,17.021557435241785,0.008570568945929643,0.0025601327016973527,0.007993118647994653
BCC,Cu-Hf,Cu,Hf,raw,0.016069214119231855,0.00847504064197784,0.00807609627127325,0.23185376890624987,0.1442583909375017,0.15840996359375126,0.5770335637500068,1.0407032866666697,0.3917002949999926,0.8225057700000047,0.3917002949999926,0.009810623135370004,0.0071136268659799055,17.0215574215625,0.008570568582631036,0.0025601333227334077,0.007993117847958605
BCC,Cu-Ir,Cu,Ir,curated,0.032722461523329444,0.047689962116596325,0.058486011864190474,0.40625751201572413,0.619738978427149,0.7939524679635745,2.478955913708596,3.200559946611463,-2.0677064317218687,2.860981578186584,-2.0677064317218687,0.09238314319368496,0.017229453759982128,12.99516608782285,-0.004715710589728557,0.02424649875647276,-0.02576355034086103
BCC,Cu-Ir,Cu,Ir,raw,0.013800841730638154,0.011613505159872847,0.006923243745300332,0.1745388015625,0.15630156125000028,0.09879634406249771,0.6252062450000011,0.7288937216666606,0.4039597733333456,0.6800996149999973,0.4039597733333458,0.0032241946228841346,0.00035573468881430704,13.458603505,0.0045317289756851824,-0.0012914868950880817,0.006877597985337822
BCC,Cu-Mg,Cu,Mg,curated,-0.08316273131925109,-0.09796581883077457,-0.07000826579181851,-1.2144876668097666,-1.701878479223831,-1.4100072947628988,-6.807513916895324,-6.998653230860441,1.0427713490833714,-6.908705318406269,1.0427713490833692,0.020322815898963772,0.0012088534414981629,17.37216612422383,0.004240088758877598,-0.006633295306871719,-0.013154465527432574
BCC,Cu-Mo,Cu,Mo,curated,0.020110953664827135,0.0182730561100129,0.014141936461690213,0.25790900541510986,0.25241080397591986,0.20933249191172898,1.0096432159036794,1.2459773262049036,0.25907473868469805,1.1347612742984454,0.25907473868469855,0.003027942895406045,0.0018481040633339728,13.81327800102408,0.005349288087006757,0.0013527935073197454,0.005969017203136922
BCC,Cu-Mo,Cu,Mo,raw,0.020110953234081665,0.01827305558655464,0.01414193585968779,0.2579090000000015,0.2524107968750009,0.2093324831249994,1.0096431875000036,1.2459772883333358,0.2590747566666778,1.134761240882356,0.2590747566666782,0.0030279429111121246,0.0018481039152584433,13.813278008125,0.005349288077775371,0.001352793272698201,0.005969017374393875
BCC,Cu-Nb,Cu,Nb,curated,0.03697468944377032,0.03379528337498016,0.02547791266259359,0.49721006950285407,0.5089328234014125,0.42474896417496666,2.03573129360565,2.458557423140855,0.38645922841539954,2.2595804210066412,0.38645922841540015,0.008540884651344218,0.00591557875867463,15.059285574098588,0.008589856381423596,0.002582248777453921,0.011496776781176728
BCC,Cu-Nb,Cu,Nb,raw,0.03697468880736037,0.033795282497900474,0.02547791159844293,0.49721006124999967,0.5089328106250015,0.424748946874999,2.035731242500006,2.4585573549999964,0.38645927666667035,2.259580360882354,0.3864592766666706,0.008540884830243357,0.0059155782820098915,15.059285586875,0.008589856475015784,0.0025822483118423745,0.011496777208917442
BCC,Cu-Ni,Cu,Ni,curated,-0.007244500649627591,-0.0067129893338895436,-0.0037663486020246125,-0.08393990364392145,-0.07611241726714368,-0.041766755265364,-0.30444966906857474,-0.33521775709142787,-0.2249234580189731,-0.32073865684537933,-0.22492345801897312,0.0009206110351874057,3.132381310749396e-05,11.338081066642143,-0.0023177932756626852,0.0013812722967529484,-0.003478152047602979
BCC,Cu-Ni,Cu,Ni,raw,-0.007244499909011445,-0.006712987492655948,-0.003766345602363848,-0.08393989499999854,-0.0761123962500001,-0.041766721874999746,-0.3044495850000004,-0.33521764499999546,-0.2249235899999936,-0.32073855794117434,-0.22492358999999373,0.0009206120217650812,3.132375604952076e-05,11.338081045625,-0.0023177938917971776,0.001381273890485642,-0.003478154306647597
BCC,Cu-Os,Cu,Os,curated,0.02809234718245431,0.04373236808564592,0.055285542812249684,0.34752337951572443,0.5644172059271497,0.7431252148385745,2.257668823708599,2.908396251611464,-2.1098764550552005,2.6021715796571745,-2.1098764550551996,0.09226149307314525,0.014011087017741562,12.90616608782285,-0.006126510538898368,0.02379275635529226,-0.027193195629795375
BCC,Cu-Os,Cu,Os,raw,0.009781070226672017,0.008667814687321817,0.004968988040571803,0.12319335375000051,0.11575715812499965,0.07013514500000007,0.4630286324999986,0.5155426633333349,0.2829771133333357,0.4908301782352944,0.2829771133333359,0.0014988349597516697,9.124820187235786e-05,13.354826135625,0.00288807118251339,-0.0011819502764485207,0.004812082186100214
BCC,Cu-Pt,Cu,Pt,curated,0.03788920998902205,0.05292769543493842,0.05623400607995475,0.4793079457657239,0.7126802096771492,0.8030262767135738,2.8507208387085967,3.4195579266114606,-1.7264977650551998,3.151869885245407,-1.7264977650551996,0.06310332556187606,0.010706546666045202,13.465166087822851,-0.0043637252450355575,0.018803540471720063,-0.018344796090932695
BCC,Cu-Pt,Cu,Pt,raw,0.02365753308480916,0.026122561571949702,0.01859881298282773,0.3034344210937512,0.36093316406250153,0.27540571015625126,1.4437326562500061,1.5435736833333398,0.14948645833333293,1.496589670588242,0.14948645833333357,0.0007226354809144595,0.00032983116250549554,13.816913133437499,0.002552177998276443,0.00031779654922645654,0.0050587201019814294
BCC,Cu-Rh,Cu,Rh,curated,0.027375845729617047,0.03994418835701818,0.04798979482481527,0.3371335163907254,0.5110725521771489,0.6370325192135748,2.0442902087085955,2.5977760949448006,-1.5994613483885303,2.337312148480704,-1.59946134838853,0.05510617519840832,0.010136469251338594,12.79466608782285,-0.003749159642501262,0.019114188580426746,-0.02061394909519822
BCC,Cu-Rh,Cu,Rh,raw,0.012497838874988189,0.01133656498532141,0.0068139244934572974,0.1561724965625011,0.14915051624999975,0.09414946718750095,0.596602064999999,0.6675252366666721,0.3307894900000008,0.6341496264705906,0.33078949000000085,0.002089865095666299,0.0001664370092402332,13.15658812375,0.003545914746652004,-0.0012819818317241864,0.005683914381530891
BCC,Cu-Sc,Cu,Sc,curated,-0.04641163016804296,-0.06199129658488066,-0.030718998779836706,-0.7005255022260055,-1.137674570056312,-0.6638554735116138,-4.550698280225248,-3.6383492686336516,-0.1955734864767559,-4.067689979970875,-0.19557348647675862,0.028214354585933125,0.027542009082975986,18.352166073806313,0.010118786529056012,0.008764245454647674,-0.01569263138820625
BCC,Cu-Si,Cu,Si,curated,-0.02871735993797266,-0.0027304616322542147,0.006729174916136059,-0.360187757411369,-0.036177761052034185,0.09391817843229688,-0.14471104420813674,-0.710052210610859,-2.4218983244995513,-0.44400930877428385,-2.4218983244995513,0.11368145235873431,0.01057535187450851,13.249686655427034,-0.026554051154212395,0.00867325927437992,-0.035446534854108716
BCC,Cu-Si,Cu,Si,raw,-0.028717360924926782,-0.0027304632701079874,0.006729172696214436,-0.3601877701562497,-0.036177782812499615,0.09391814765625028,-0.14471113124999846,-0.7100523266666651,-2.4218982283333332,-0.4440094111764692,-2.4218982283333337,0.11368144525615292,0.010575352959986437,13.2496866771875,-0.026554050842161878,0.008673258219513567,-0.03544653362114122
BCC,Cu-Sn,Cu,Sn,curated,-0.030652551933105922,0.01667140977210807,0.03177348531547229,-0.48056277423427574,0.3254284209271461,0.742309926713574,1.3017136837085843,0.697992406611462,-6.521987738388532,0.9820965370101081,-6.521987738388532,0.7597688008609285,0.012059979499183911,19.520150087822852,-0.04622056735347282,0.021326371399714522,-0.06242603724857822
BCC,Cu-Sn,Cu,Sn,raw,-0.04237772247126256,-0.0029385711617896395,0.006952543476074104,-0.6725217467187488,-0.05848952031250221,0.16643301671874866,-0.23395808125000883,-1.3495699466666669,-4.4744254049999865,-0.824576127647063,-4.474425404999986,0.39310382882784367,0.04118128128061001,19.9040680290625,-0.0396135152117495,0.008785041652598392,-0.049330265947336666
BCC,Cu-Ti,Cu,Ti,curated,-0.001334712160843272,-0.008549253686173439,-0.008856852328326477,-0.01758149554319033,-0.12404682606568151,-0.14035307533817054,-0.49618730426272606,-0.421158855683629,0.6547817589065611,-0.45646636089732173,0.6547817589065611,0.007722692949977876,0.0001862625473002792,14.509667231690681,0.00572811734321459,-0.002985956281263443,0.007522140167483205
BCC,Cu-Ti,Cu,Ti,raw,-0.0013347124750415365,-0.008549253997713285,-0.008856852639446865,-0.017581499687498336,-0.12404683062499977,-0.14035308031250082,-0.4961873224999991,-0.42115887999999774,0.6547817633333466,-0.4564663823529396,0.6547817633333463,0.007722693021697596,0.0001862625171168532,14.50966723625,0.005728117286387229,-0.002985956378443005,0.007522140164405329
BCC,Cu-V,Cu,V,curated,0.00671286275039515,0.005821916302463382,0.002824175653285077,0.08219332995822626,0.073664574312156,0.03688881679108391,0.294658297248624,0.31755239133149377,0.24162407022475918,0.3067786999983786,0.24162407022475924,0.0010435923092105843,1.7342852554697142e-05,12.652977213187844,0.0022006336816698248,-0.0014055960372835734,0.0038886870971100726
BCC,Cu-V,Cu,V,raw,0.0067128636916503085,0.005821918418989448,0.0028241788626991917,0.08219334140625101,0.07366460093750149,0.03688885859375013,0.29465840375000596,0.3175525333333364,0.24162390833333802,0.30677882529412215,0.24162390833333816,0.0010435909877938177,1.7342906339723972e-05,12.652977186562499,0.002200632987804738,-0.0014055943702162505,0.003888684828951117
BCC,Cu-W,Cu,W,curated,0.023653650467103635,0.023324530706513746,0.019335098772044496,0.3055985740758995,0.3266393081724974,0.2917376347690954,1.3065572326899897,1.5928965569199864,0.07392500963628852,1.4581486396352823,0.07392500963628901,0.0028089741332202947,0.0027129113139868414,14.004110619952503,0.004691981435207498,0.003098926608279456,0.004318551695059139
BCC,Cu-W,Cu,W,raw,0.023653649933703034,0.02332452999514683,0.0193350979115127,0.30559856734375224,0.3266392984375006,0.2917376220312491,1.3065571937500025,1.5928965050000035,0.07392504166668346,1.4581485938235321,0.07392504166668319,0.002808973970507973,0.002712911068029871,14.0041106296875,0.0046919814768115855,0.003098926245349249,0.004318552022190333
BCC,Cu-Zn,Cu,Zn,curated,-0.02923669815824278,-0.04662059353156759,-0.05351642976490663,-0.3726177957633343,-0.6365762096309684,-0.7794097072486004,-2.5463048385238736,-3.0720733413651593,2.1695568612547524,-2.8246528694398485,2.1695568612547516,0.09188649384263776,0.009146664217719489,13.654399513380968,0.00822404588158255,-0.020734615178916265,0.02427973160666385
BCC,Cu-Zn,Cu,Zn,raw,-0.02923669824291719,-0.04662059342641763,-0.053516429496921404,-0.37261779687499974,-0.6365762081249997,-0.7794097031250011,-2.546304832499999,-3.0720733333333357,2.1695568333333406,-2.824652862352942,2.16955683333334,0.09188649164311088,0.009146664147855926,13.654399511874999,0.008224045705018562,-0.020734614979202256,0.024279731254004216
BCC,Fe-Ge,Fe,Ge,curated,-0.09849660581749915,-0.09950441726875363,-0.04730108526010824,-1.349834317923989,-1.5596982952229776,-0.8346254650219684,-6.238793180891911,-5.825226087855886,-2.7477805488107756,-6.019845896343427,-2.7477805488107774,0.13837941805423584,0.005659336999927982,15.674663879597977,-0.013138914429636231,0.018994000201170196,-0.05119552055739091
BCC,Fe-Ir,Fe,Ir,curated,0.04043668284044662,0.06374329505053179,0.05032258423408049,0.4989608862499999,0.8251277600000009,0.681859492500001,3.3005110400000035,3.1488543433333356,-0.9754592333333392,3.220222200588239,-0.9754592333333378,0.017486971344370775,0.0007610212602743055,12.944541999999998,-0.009715689499893612,0.00465053413079825,-0.009885901393633871
BCC,Fe-Mn,Fe,Mn,curated,-0.0521627199336577,-0.06309753053196772,-0.08408692445203764,-0.6182880056250006,-0.7554062856249999,-1.0166967693750006,-3.0216251424999996,-4.359959400000004,2.12484674,-3.7301550435294137,2.1248467399999993,0.13863038645457365,0.05926561493817198,11.972042,-0.004364550446264456,-0.03722944945313143,0.031924204518379934
BCC,Fe-Mo,Fe,Mo,curated,-0.006586040144542786,0.0047661045037142484,0.007266086401194755,-0.08396126972561468,0.06559424679876891,0.10737051457315339,0.26237698719507563,0.06242465292676987,-1.020436182926763,0.15651986905303145,-1.020436182926763,0.019626824458438753,0.0013228986169635977,13.76265391320123,-0.010445018910105188,0.003936866084826458,-0.013852126545737541
BCC,Fe-Nb,Fe,Nb,curated,-0.006706482702674574,-0.004500652678955157,-0.010639722092924046,-0.08967488001286839,-0.06754877252573799,-0.17710828441360604,-0.27019509010295195,-0.7114217718039318,0.4663114901372675,-0.5037856862975884,0.4663114901372674,0.010263950329771024,0.00644165022721956,15.008661486275738,-0.002917673552895783,-0.0075962443282973175,0.003933239390249472
BCC,Fe-Ni,Fe,Ni,curated,0.00698244706245346,0.008323524187689486,0.0056479717070286395,0.08037334559035436,0.09395142118070687,0.06248996927106276,0.3758056847228275,0.38096883963044564,0.09537800703622186,0.3785391196739195,0.09537800703622196,0.0001607896460438489,8.820717551490966e-07,11.287456978819293,0.0008609136733237438,-0.0007206700308400596,0.0013344753554248205
BCC,Fe-Os,Fe,Os,curated,0.02719140319580284,0.04623413296187754,0.05643295242955383,0.3343132174999983,0.5943648381250011,0.7571197831250025,2.3774593525000043,2.910488001666669,-2.254968350000022,2.659650990294121,-2.2549683500000217,0.0987837101865259,0.009401014218720409,12.855542,-0.009065645089010501,0.023206608940088625,-0.029241549233750993
BCC,Fe-Pd,Fe,Pd,curated,0.04427034364103926,0.06609540370457818,0.06527754754099743,0.5524745424999988,0.874114490000002,0.9119613487500029,3.496457960000008,3.9051623766666714,-1.9172629666666883,3.712830886470595,-1.9172629666666874,0.07014241760239023,0.005527035668476245,13.225041999999998,-0.008262414717566844,0.018351175396393696,-0.021007203899958173
BCC,Fe-Pt,Fe,Pt,curated,0.050605681747782114,0.05005718439735027,0.044785315737446686,0.6363316818749993,0.6714942024999999,0.6384044199999988,2.6859768099999997,3.3992962716666617,-0.01105460333333023,3.063616524999997,-0.011054603333330248,0.016838258009651778,0.016836109887984365,13.414542,0.010554137629626318,0.009455344328225182,0.005820366010335427
BCC,Fe-Re,Fe,Re,curated,0.009108745834756665,0.027152331513429415,0.03560859350059343,0.11366405874999863,0.3590364200000007,0.49736377750000216,1.4361456800000028,1.6294075633333354,-2.0463985000000187,1.538460794705885,-2.0463985000000187,0.0748485878195112,0.0012358507350952945,13.223042,-0.012470446817474246,0.016329774088043373,-0.026499847665836764
BCC,Fe-Rh,Fe,Rh,curated,0.039015250697704555,0.06273613789486875,0.06085924763799537,0.47751011125,0.7995119762499989,0.806325450000001,3.1980479049999957,3.4235614966666694,-1.7536818066666722,3.3174374535294113,-1.7536818066666717,0.05574251136715966,0.0016827478685206938,12.744042,-0.009978204290434587,0.015600508732871797,-0.021843996940290815
BCC,Fe-Ru,Fe,Ru,curated,0.023510853807738777,0.045038837995953665,0.05507598453900693,0.28667519937500074,0.5698557893749996,0.7221436968749995,2.2794231574999984,2.690183723333334,-2.3224986533333265,2.4968846335294117,-2.3224986533333256,0.10039919359125282,0.005582787433799624,12.652542,-0.011540476542859923,0.022479942247599485,-0.031565130731268154
BCC,Fe-Sc,Fe,Sc,curated,-0.10281477610703264,-0.11178896080452434,-0.04623494908042946,-1.5440530804917305,-2.045910359733462,-0.9979939046001896,-8.183641438933847,-6.77879196024512,-2.9123156047548853,-7.43989759727511,-2.912315604754887,0.21439332105218872,0.06530300926451431,18.301541985983462,-0.0006405933204870516,0.024852079259158576,-0.056579827026603184
BCC,Fe-Si,Fe,Si,curated,-0.07951988850377568,-0.10554124444210752,-0.05907422551050554,-0.9913405175520911,-1.3930454888541846,-0.8229956357812753,-5.572181955416738,-4.83822974222231,-0.8978393694443506,-5.183619019019688,-0.8978393694443514,0.03199416380508627,0.017824164195871284,13.199062567604184,0.004286951824844041,0.015919869030023053,-0.020445662993270143
BCC,Fe-Sn,Fe,Sn,curated,-0.07920800838428636,-0.04630657973517183,0.011350277064599868,-1.235787901250001,-0.9015671581250011,0.26488421937500206,-3.6062686325000044,-2.5890764849999974,-8.00358464333335,-3.06775514264706,-8.003584643333353,1.1602441376356494,0.03423573082507752,19.469526000000002,-0.03586844808381147,0.04032436165108733,-0.09055828544888624
BCC,Fe-Ta,Fe,Ta,curated,-0.010527800710268603,-0.0030066777481538185,-0.013293539304942923,-0.14081088579278322,-0.04514890658556325,-0.22143412737834822,-0.180595626342253,-0.9659867017896838,0.42999062178968,-0.5963909015791281,0.42999062178968006,0.023660172190897808,0.020410118649015617,15.016210704085564,-0.00799611421382034,-0.011260692884509897,0.0027657385946743204
BCC,Fe-Ti,Fe,Ti,curated,-0.057092140932776224,-0.06734964166047383,-0.059052576004180075,-0.7477108531839143,-0.9738113744928292,-0.9343016726767441,-3.8952454979713167,-4.485366735628422,0.9951510372950926,-4.207662623789784,0.9951510372950922,0.028930815769082265,0.011522748809579368,14.459043143867829,-0.001324952321957084,-0.012890234743551837,0.0019604350714038515
BCC,Fe-V,Fe,V,curated,-0.031701427273053445,-0.03992566748128003,-0.04161600682098642,-0.3857498958074981,-0.5031573603649928,-0.5425265605474898,-2.0126294414599712,-2.475403883613301,0.8361422119466226,-2.257627675541146,0.836142211946622,0.01937564387258954,0.007086182569091661,12.602353125364992,-0.000688833413911467,-0.01266894459810451,0.009914579547932977
BCC,Fe-W,Fe,W,curated,-0.002107923686746782,0.009449899676810243,0.011238148944529108,-0.027073719189827372,0.13185904787034808,0.169282348055523,0.5274361914813923,0.3792230103085217,-1.0472323586418686,0.44897038968399033,-1.0472323586418686,0.020004706703134836,0.0007268541311045573,13.953486532129652,-0.009807700960667293,0.004672852990732738,-0.01334607263127589
BCC,Fe-Zn,Fe,Zn,curated,-0.04526528514288078,-0.0603395496290647,-0.05808576740543362,-0.5734627159040588,-0.8208456824331147,-0.8444869658371736,-3.283382729732459,-3.7811991513099534,1.4454626663099457,-3.546932599979368,1.4454626663099455,0.0449270378579993,0.008199965832095563,13.603775425558116,0.003328737855277472,-0.01574101848000368,0.012820482262552842
BCC,Fe-Zr,Fe,Zr,curated,-0.039638748502253955,-0.037804136463031185,-0.0056580405043707704,-0.5749667253248703,-0.653113824399739,-0.11342864722460533,-2.612455297598956,-1.8357209934652683,-2.4615364165347464,-2.201243018939945,-2.461536416534747,0.1264713664629578,0.01996266769471469,17.27625295814974,-0.005869036071375273,0.01877589591405159,-0.033980707997883185
BCC,Ge-Hf,Ge,Hf,curated,-0.059774039797632406,-0.07106891220678602,-0.039248328084295514,-1.2112239924814325,-1.4861584976419095,-0.8461801365523911,-5.944633990567638,-5.486411010756863,-1.9469005649548876,-5.702045354197228,-1.9469005649548894,0.073575988864889,0.006947480489117627,20.91151322701691,-0.004767473463660824,0.012450979587678487,-0.02052571171333689
BCC,Ge-Hf,Ge,Hf,raw,-0.05977403987824432,-0.07106891179790764,-0.03924832718653317,-1.2112239942187486,-1.4861584884374963,-0.8461801164062486,-5.944633953749985,-5.486410961666659,-1.9469006816666667,-5.702045310882343,-1.946900681666669,0.07357599722545902,0.006947480861265308,20.911513217812498,-0.004767473889667937,0.012450980213554745,-0.020525712691711148
BCC,Ge-Ir,Ge,Ir,curated,-0.07166148665272262,-0.0711946544964235,-0.021543722861072586,-1.3078352325219633,-1.2021304183479788,-0.33435989167398716,-4.808521673391915,-4.379186997855868,-5.19186848452254,-4.58122684516695,-5.191868484522541,0.47992621657747836,0.006099096957936717,16.88512187959798,-0.02225936160646101,0.03654869167635779,-0.05011776379165003
BCC,Ge-Ir,Ge,Ir,raw,-0.08330062502723645,-0.09600611849538376,-0.0634907330334266,-1.5395539496874981,-1.6655678399999996,-1.029516017812501,-6.662271359999998,-6.850853246666664,-2.7202023033333185,-6.762108829411765,-2.720202303333322,0.13124606712201817,0.001176721146355999,17.34855930125,-0.015711482344662825,0.01354652616084476,-0.01980989199380985
BCC,Ge-Mg,Ge,Mg,curated,-0.04551223533403593,-0.0534519202969947,-0.03743906684598594,-0.9302101432224568,-1.1365012459989607,-0.8268627944004585,-4.546004983995843,-4.685527833661108,-0.5511858603839906,-4.619870022053925,-0.5511858603839926,0.005984453541798933,0.0006441162875310435,21.26212191599896,-0.0038081812483560964,0.0011551954738768288,-0.008073168488049988
BCC,Ge-Mn,Ge,Mn,curated,-0.021245729907279513,-0.08097770958788933,-0.10666926762522973,-0.3774077187719662,-1.2885676733479787,-1.499909739798989,-5.154270693391915,-5.006179889522547,5.986677445477454,-5.075869679578721,5.9866774454774525,0.6307310479273609,0.0007256543224855926,15.912621879597978,0.03315808735753895,-0.037939846936891015,0.08542353771795022
BCC,Ge-Mn,Ge,Mn,raw,-0.0032689942852832657,-0.04241777186523596,-0.04112585530844592,-0.05702285859375067,-0.6477979403125023,-0.5387551339062497,-2.591191761250009,-1.5887413133333343,2.569238801666662,-2.0604827005882402,2.5692388016666614,0.14928358851224294,0.03325059597336425,15.271852146562502,0.024583622416906058,-0.00403862956466697,0.03785686102316265
BCC,Ge-Mo,Ge,Mo,curated,-0.08685976136027726,-0.10236403566202178,-0.0666262105457213,-1.620737027247582,-1.812174455299207,-1.1158043927258348,-7.248697821196828,-7.297443786595778,-2.6929740507826523,-7.2745045087609785,-2.692974050782654,0.12755710594622768,7.862324369147428e-05,17.703233792799207,-0.01402019604946025,0.014529355961810023,-0.020233550814555953
BCC,Ge-Mo,Ge,Mo,raw,-0.08685976195376527,-0.10236403624896809,-0.0666262111601315,-1.6207370393750011,-1.8121744668749997,-1.1158044037500012,-7.248697867499999,-7.29744384833334,-2.692974056666666,-7.274504563235297,-2.6929740566666682,0.12755710655308475,7.862329348029338e-05,17.703233804375,-0.014020196225005768,0.01452935581238256,-0.020233550793633773
BCC,Ge-Ni,Ge,Ni,curated,-0.05568428785182895,-0.10283662175907232,-0.09989889815432612,-0.9701116338066136,-1.5659998665422687,-1.302125535527928,-6.263999466169075,-6.059299118225444,1.7707408091803434,-6.15562869372833,1.770740809180342,0.05650308639470159,0.001386470926596293,15.22803685841727,0.011731861206936412,-0.00979142181528363,0.044214610302497175
BCC,Ge-Ni,Ge,Ni,raw,-0.0556842877471287,-0.10283662078448061,-0.09989889600304087,-0.9701116318750032,-1.565999849999999,-1.3021255043750006,-6.263999399999996,-6.05929903000001,1.7707406533333199,-6.155628615882358,1.7707406533333183,0.05650307699160163,0.0013864712253793372,15.228036841875,0.011731860606968191,-0.009791420400477707,0.044214608255912176
BCC,Ge-Os,Ge,Os,curated,-0.08158970448992853,-0.07875346395168198,-0.029126109608079986,-1.4853962812719672,-1.3227527789729763,-0.44815066042398755,-5.291011115891905,-5.15612517785588,-5.531976644522558,-5.219600913402244,-5.531976644522557,0.5385412534934153,0.0006020145092600264,16.796121879597976,-0.027097676145199142,0.03534993465621372,-0.05246359488184854
BCC,Ge-Os,Ge,Os,raw,-0.09276859042320522,-0.10272167188010345,-0.06981146183171556,-1.70972631375,-1.7714128312500002,-1.1211407325000007,-7.085651325000001,-7.548978790000002,-3.139123099999997,-7.330942335882354,-3.139123099999998,0.18031962211891286,0.007103128891213033,17.244781931875,-0.02068184614823649,0.012915609582367935,-0.022957128591489656
BCC,Ge-Pd,Ge,Pd,curated,-0.036444126939745566,-0.04947336800872525,-0.023847532873931824,-0.670223268146966,-0.8492411283479768,-0.3801490129239884,-3.3969645133919073,-2.800992749522545,-1.5470626945225472,-3.0814500501669504,-1.5470626945225467,0.053823893719987095,0.011752356948404518,17.16562187959798,-0.0018103120363142729,0.01610845485256299,-0.012596594065813742
BCC,Ge-Pd,Ge,Pd,raw,-0.0451144174615094,-0.06761350965802555,-0.053589164478704404,-0.8372070390624984,-1.1832086574999998,-0.8811003003125002,-4.732834629999999,-4.5821529049999965,0.234097393333343,-4.653061952058822,0.23409739333334043,0.001714576986583356,0.0007512677950029004,17.49958940875,0.0027050884921507356,0.00038354725760916163,0.008474747017195007
BCC,Ge-Pt,Ge,Pt,curated,-0.04331776484686613,-0.04279658501540779,-0.014736230348294257,-0.8007368025219677,-0.7427399489729787,-0.2390962354239896,-2.9709597958919147,-2.7728881011892192,-2.995416357855883,-2.866098310461076,-2.995416357855884,0.1590181940630897,0.0012981307580205116,17.355121879597977,-0.01318254967630248,0.019596766230061603,-0.02858153449857187
BCC,Ge-Pt,Ge,Pt,raw,-0.05233413990871771,-0.061811436195107115,-0.045766810753576415,-0.9766103339062511,-1.0944869990625037,-0.7667168042187491,-4.377947996250015,-4.6488723683333335,-1.1194321583333438,-4.521378546176478,-1.1194321583333442,0.02445632388211365,0.0024286769797745088,17.706868929687502,-0.00834599508633138,0.00323222554254086,-0.006567329155141292
BCC,Ge-Re,Ge,Re,curated,-0.08759994796836763,-0.09044889828546718,-0.049416137136015025,-1.6109133581469663,-1.5524306895979763,-0.7875850510489872,-6.209722758391905,-6.395995757855876,-4.391084304522555,-6.308337875755184,-4.391084304522556,0.34008283399089645,0.0011480833564843438,17.163621879597976,-0.024285161230063915,0.023637999445000724,-0.03818381083235261
BCC,Ge-Re,Ge,Re,raw,-0.09333130135614183,-0.10260464798165708,-0.06977059388927778,-1.7271590587500008,-1.7849220781249997,-1.1363221275000015,-7.139688312499999,-7.635949830000006,-3.151130299999996,-7.402414998235296,-3.151130299999996,0.1826929611488798,0.008148821484421634,17.396113268125,-0.020991799881123784,0.012425557023614394,-0.023560707466864048
BCC,Ge-Ru,Ge,Ru,curated,-0.08174778059776923,-0.09083901679474055,-0.04694986374046751,-1.4799767650219664,-1.5073028770979775,-0.7081007060489899,-6.02921150839191,-5.8348732561892165,-4.116672314522542,-5.926326551343425,-4.116672314522543,0.29914598037849893,0.0012496551706719832,16.593121879597977,-0.01930490929554835,0.028005221133930957,-0.03479791685730172
BCC,Ge-Ru,Ge,Ru,raw,-0.08996506666132989,-0.10840683683721047,-0.07696417400016599,-1.6434509831249997,-1.8342513006250023,-1.1985233350000009,-7.337005202500009,-7.578598181666668,-2.3729474566666604,-7.4649073679411835,-2.3729474566666644,0.10091157260744638,0.0019312665744249831,16.920070303125,-0.014657736736932539,0.011376807025455855,-0.013000892661163901
BCC,Ge-Sc,Ge,Sc,curated,-0.08056350046026878,-0.10976354025307009,-0.07566303626434413,-1.686087947388696,-2.4413740387064387,-1.782285260024178,-9.765496154825755,-9.248995219767664,0.5130523340559042,-9.492054483324411,0.5130523340559059,0.013454016417537497,0.00882705493839314,22.24212186558144,0.0069255472473085805,0.0020693741564353964,-0.004900464195924645
BCC,Ge-Ti,Ge,Ti,curated,-0.07486280269459608,-0.10253747840701312,-0.06851966497589963,-1.4229497357058811,-1.8866509484658067,-1.2190890424757335,-7.546603793863227,-7.045436741817639,-1.0872570305607876,-7.28128006042733,-1.087257030560791,0.029090310704875652,0.008310719582737448,18.399623023465807,-0.0004188637251864454,0.011010635771951766,-0.006343137718696448
BCC,Ge-Ti,Ge,Ti,raw,-0.07486280322301374,-0.10253747884766629,-0.06851966535346765,-1.4229497465625016,-1.8866509575000023,-1.2190890496875006,-7.546603830000009,-7.045436790000006,-1.0872570500000052,-7.281280102941186,-1.0872570500000085,0.02909031104842054,0.008310719183240006,18.399623032500003,-0.0004188639396512945,0.011010635742976269,-0.006343137869546087
BCC,Ge-V,Ge,V,curated,-0.07979496979971794,-0.10731840059319307,-0.07998673108670104,-1.442620311454462,-1.7753611112129715,-1.2003430865964777,-7.101444444851886,-7.047902394802506,-1.292145199242583,-7.073098653649273,-1.2921451992425839,0.029443982578146864,9.485573570372342e-05,16.542933004962972,-0.006145192484088886,0.008741233465726734,0.00019176128698310257
BCC,Ge-V,Ge,V,raw,-0.07979496955867565,-0.10731839939792033,-0.07998672866109463,-1.4426203067187515,-1.7753610890625016,-1.2003430470312484,-7.101444356250006,-7.047902276666666,-1.2921453850000166,-7.0730985494117675,-1.2921453850000175,0.0294439911211921,9.485584034918477e-05,16.542932982812502,-0.006145193142653275,0.008741235018240302,0.00019175910241897576
BCC,Ge-W,Ge,W,curated,-0.08938469514356913,-0.09751097726082292,-0.061642243536178296,-1.6763791273367907,-1.744867902977628,-1.0499817829934646,-6.979471611910512,-7.270295760880681,-3.3407858364977394,-7.133437337835894,-3.340785836497739,0.19898537595098725,0.0027985594508015037,17.89406641172763,-0.019607302743126682,0.01518592669204542,-0.027742451607390833
BCC,Ge-W,Ge,W,raw,-0.0893846957963527,-0.09751097797749934,-0.06164224436115221,-1.6763791407812505,-1.7448679171875021,-1.0499817979687496,-6.9794716687500085,-7.270295836666667,-3.3407858283333383,-7.133437404705887,-3.34078582833334,0.19898537535672117,0.002798559815440259,17.894066425937503,-0.019607302877676987,0.015185926425200736,-0.027742451435200495
BCC,Ge-Zn,Ge,Zn,curated,0.0011511346791946812,0.026691925149069286,0.026224156105135038,0.021387851573972938,0.46829261859390314,0.432932261238836,1.8731704743756126,1.211520300834157,-2.194903518212603,1.5228850883830776,-2.194903518212602,0.0991697997151376,0.014485399151937292,17.544355305156095,-0.017752162061827437,0.0049496176281200194,-0.025073021425940357
BCC,Ge-Zn,Ge,Zn,raw,0.0011511342576088193,0.026691924975329698,0.026224156222382455,0.02138784374999858,0.4682926156249998,0.4329322631250001,1.8731704624999992,1.2115202849999964,-2.194903570000008,1.5228850744117628,-2.1949035700000072,0.09916980388461853,0.014485399325264946,17.544355308125,-0.0177521623556091,0.0049496178778141026,-0.025073021964773637
BCC,Ge-Zr,Ge,Zr,curated,-0.05765277327628926,-0.06746291750134102,-0.037213845944574116,-1.1770412272218351,-1.4313494433727172,-0.8193605932735935,-5.725397773490869,-5.32373818798781,-1.9076300477239556,-5.512754463518661,-1.9076300477239567,0.06930585693477274,0.005338138983964713,21.216832837747717,-0.005070971320623283,0.011543091583117771,-0.020438927331715144
BCC,Ge-Zr,Ge,Zr,raw,-0.05765277310882703,-0.06746291662513453,-0.03721384435976996,-1.1770412235937506,-1.4313494234375028,-0.8193605570312492,-5.725397693750011,-5.323738081666666,-1.9076302216666743,-5.512754369705888,-1.9076302216666756,0.0693058693067774,0.005338139690479747,21.216832817812502,-0.005070971876153401,0.011543092569113301,-0.02043892874905707
BCC,Hf-Ir,Hf,Ir,curated,-0.04587805832122599,-0.04631643565268064,-0.003980905129019707,-0.9264884411284022,-0.8420972424189337,-0.06436405308446425,-3.3683889696757348,-2.6422733179009774,-4.597996736234336,-2.9839748010890985,-4.597996736234338,0.3890748017659883,0.01744557153592106,18.181391347418934,-0.014603691028969757,0.03508176732744857,-0.041897153192206285
BCC,Hf-Ir,Hf,Ir,raw,-0.05670174245745581,-0.0700212729164613,-0.04503969185894039,-1.1582071254687492,-1.3055346421874994,-0.7595201682812487,-5.2221385687499975,-5.113939449999994,-2.1263304383333357,-5.164856682352937,-2.126330438333337,0.07986301051749514,0.0003873656017812364,18.6448287471875,-0.00876595828976484,0.013024149416361135,-0.011662050598515418
BCC,Hf-Mg,Hf,Mg,curated,-0.018691105999757394,-0.029928779293596636,-0.02673218289378831,-0.4183646524538922,-0.6751451169449183,-0.6077213120609422,-2.700580467779673,-2.736229238706225,1.009902184570933,-2.719453346505495,1.0099021845709324,0.017970021951921426,4.204968315133771e-05,22.558391383819917,0.003931280126828959,-0.004458688792338491,0.008041076894030916
BCC,Hf-Mn,Hf,Mn,curated,0.019709155969383652,0.01001905027466672,-0.06408187906048793,0.38843468824659766,0.1724167475810674,-0.9426089187094675,0.6896669903242696,-1.4777979479009862,7.0988992370990145,-0.45781444755968964,7.098899237099014,1.0412839033016676,0.15544536149236143,17.208891347418934,0.013147843335691094,-0.07287300304668436,0.08379103502987158
BCC,Hf-Mn,Hf,Mn,raw,0.03655979633979771,0.04908139392628027,0.001348945701562317,0.7088195812499976,0.8131865025000025,0.018545698124999177,3.25274601000001,1.9396407449999913,3.681460709999991,2.5575726344117653,3.6814607099999925,0.2952912555855295,0.05705223872329751,16.5681215925,0.00510263816009139,-0.04301219521056719,0.03521085063823539
BCC,Hf-Mo,Hf,Mo,curated,-0.025604401466733463,-0.03762698533818564,-0.03422828603995508,-0.5275439464790175,-0.7148940306201652,-0.5954134791363117,-2.859576122480661,-2.994553134974211,0.3619708408389026,-2.9310345408595997,0.36197084083890196,0.0029059644709537196,0.0006028277393939585,18.999503260620166,0.00041869180588263483,-0.0034056750825012887,0.008623884573221614
BCC,Hf-Mo,Hf,Mo,raw,-0.025604400487886595,-0.03762698481607623,-0.034228286044531896,-0.5275439257812522,-0.7148940203124994,-0.5954134792187489,-2.8595760812499975,-2.994553080000003,0.36197095166664894,-2.931034492352942,0.36197095166664844,0.0029059657585350763,0.0006028276166324651,18.9995032503125,0.000418692435658734,-0.0034056755316385413,0.0086238855566453
BCC,Hf-Nb,Hf,Nb,curated,-0.00886800459967888,-0.008691326568150762,-0.004911535663570172,-0.1882380011412721,-0.1759603461946746,-0.09461766437307517,-0.7038413847786984,-0.7542817747049261,-0.49930846276371693,-0.7305451206219954,-0.49930846276371693,0.004466567906321732,8.418417802642996e-05,20.245510833694674,-0.002650806890044892,0.001938946654680983,-0.003956468936108708
BCC,Hf-Nb,Hf,Nb,raw,-0.008868003765744134,-0.008691326341339295,-0.004911536107573966,-0.18823798328125108,-0.17596034156250084,-0.09461767296874868,-0.7038413662500034,-0.7542817499999993,-0.49930832166667943,-0.7305450988235306,-0.4993083216666794,0.004466565408914995,8.418415741037383e-05,20.2455108290625,-0.002650806214547372,0.0019389460272809023,-0.003956467658170168
BCC,Hf-Ni,Hf,Ni,curated,-0.010746337251512795,-0.028537810683432217,-0.024601266668036557,-0.2081140455380499,-0.4715675256132279,-0.3366085075634082,-1.8862701024529116,-1.4525934749372216,0.6853037974685776,-1.6566765937681345,0.6853037974685775,0.014478497044712399,0.006223083659119272,16.52430632623823,0.00751633089517395,0.0012473635409276913,0.013854929416523762
BCC,Hf-Ni,Hf,Ni,raw,-0.010746335476070727,-0.02853780842438778,-0.02460126366720541,-0.20811401078125158,-0.4715674871874995,-0.3366084654687498,-1.886269948749998,-1.4525932700000037,0.6853037583333238,-1.656676412941178,0.6853037583333231,0.01447849757222109,0.006223085129502325,16.5243062878125,0.007516331215257158,0.0012473645150042965,0.013854928191134683
BCC,Hf-Os,Hf,Os,curated,-0.04687107654364426,-0.04765145505029805,-0.008108111940823119,-0.9444562711284021,-0.8621287730439349,-0.13001110745946853,-3.4485150921757395,-2.8652463429009885,-4.343707539567646,-3.1397257543244006,-4.343707539567646,0.3429171604917286,0.011256698179870557,18.092391347418936,-0.014782054838429719,0.03221673069670275,-0.03876296460282114
BCC,Hf-Os,Hf,Os,raw,-0.057365384716977476,-0.0706965736045627,-0.048061783142060055,-1.1687862707812506,-1.3107888034375001,-0.8030011685937506,-5.243155213750001,-5.258099838333337,-1.9508538783333336,-5.251067073823532,-1.9508538783333345,0.06690676047731961,7.3899861596752155e-06,18.5410513778125,-0.009114109523414727,0.010778897618884302,-0.00930360157491742
BCC,Hf-Pd,Hf,Pd,curated,-0.015864211601165707,-0.011147054853223728,0.005866101632049856,-0.3225961573783991,-0.2057957155439354,0.09731244129053351,-0.8231828621757415,-0.6007565762343082,-2.239512526234307,-0.7054277696185118,-2.239512526234307,0.0897986048610655,0.0016369892430121427,18.461891347418934,-0.00827394734197438,0.015170296708326692,-0.021730313233215563
BCC,Hf-Pd,Hf,Pd,raw,-0.023879825173508312,-0.028717135353348765,-0.02361856460185132,-0.48957989546874714,-0.5397632228124998,-0.4036388351562472,-2.159052891249999,-2.381916614999985,-0.4583523216666663,-2.277039568529404,-0.458352321666667,0.005336367314529366,0.0016434343907109927,18.7958588546875,-0.004134143955056317,6.925623697905331e-05,-0.00026126057165699185
BCC,Hf-Pt,Hf,Pt,curated,-0.034008478446473575,-0.025979968177333473,2.299001611996628e-05,-0.6947791698784016,-0.48456255366893686,0.000387915040533926,-1.9382502146757474,-1.8517100129009805,-3.707557786234323,-1.8924348137361648,-3.707557786234323,0.24187644260495172,0.00024780462760645776,18.651391347418937,-0.016219478851139148,0.021561406465468627,-0.03403146846259354
BCC,Hf-Pt,Hf,Pt,raw,-0.042253492350031924,-0.04400902447501617,-0.03029930526225399,-0.8706526684375007,-0.8363095818749997,-0.5272326428124963,-3.345238327499999,-3.727694163333325,-1.8315734700000235,-3.547714946470583,-1.8315734700000241,0.06380855478420815,0.004839897784068799,19.003138375625,-0.01181339683229475,0.0057468306235180615,-0.011954187087777932
BCC,Hf-Re,Hf,Re,curated,-0.04206115957060717,-0.053415239632859726,-0.02479107974447542,-0.8552647636284014,-0.9860395199189362,-0.4111835018344685,-3.944158079675745,-3.3771953745676533,-2.368433396234309,-3.64400135344205,-2.368433396234311,0.10924018787961111,0.010636104341365315,18.459891347418935,-0.00569175033560767,0.019796648594188882,-0.017270079826131754
BCC,Hf-Re,Hf,Re,raw,-0.04750643047195464,-0.06518863353069408,-0.04487362291021043,-0.9715104314062479,-1.218530886562501,-0.7599205673437517,-4.874123546250004,-4.617149329999999,-1.12847927499998,-4.738078372941179,-1.128479274999982,0.024570141648594813,0.0021850063616019873,18.6923827140625,-0.0028172143536429606,0.00909244064085889,-0.0026328075617442076
BCC,Hf-Rh,Hf,Rh,curated,-0.03186407527181247,-0.03770420532524111,-0.006659629147781132,-0.6402874673784034,-0.6779552192939349,-0.1056713037094692,-2.7118208771757395,-1.98922338956766,-2.8512862062343154,-2.32926926608911,-2.851286206234317,0.16018414829377067,0.017276927065726387,17.980891347418936,-0.006560109585568689,0.02538500014708524,-0.025204446124031336
BCC,Hf-Rh,Hf,Rh,raw,-0.04050487743719005,-0.05669126197094409,-0.03952110638455128,-0.8212484610937487,-1.0398772378124974,-0.6485543470312489,-4.15950895124999,-3.919474154999994,-0.9210352749999989,-4.032431706176462,-0.9210352749999985,0.016818063555243026,0.0019064350393271823,18.3428133659375,-0.002038960547169755,0.008004323593579239,-0.0009837710526387697
BCC,Hf-Ru,Hf,Ru,curated,-0.03655640549536102,-0.04145822487140925,-0.011486093964262797,-0.732904276753402,-0.7416624092939372,-0.18067850558446708,-2.966649637175749,-2.4362207529009843,-2.9452041129009863,-2.685834345500873,-2.9452041129009863,0.16178618503721223,0.009309533865649807,17.889391347418936,-0.008811467341652399,0.02387562807077402,-0.025070311531098226
BCC,Hf-Ru,Hf,Ru,raw,-0.044348691253079234,-0.05866221346648389,-0.04137333802721771,-0.8963784620312509,-1.0686108109374999,-0.6711011235937505,-4.2744432437499995,-4.1799455616666705,-1.2014791383333356,-4.224415059117649,-1.2014791383333365,0.025670411324654176,0.0002954717179121222,18.2163397490625,-0.004696223351928147,0.008036499118897745,-0.002975353225861524
BCC,Hf-Sc,Hf,Sc,curated,-0.013043108378242133,-0.015958130430704213,-0.01216536668242231,-0.2983361528701316,-0.37562871902739303,-0.29444683268465965,-1.5025148761095721,-1.58075462814611,-0.020743040989183708,-1.5439359213053865,-0.020743040989183947,0.00021011167482848112,0.00020254826907592057,23.538391333402394,-0.0007263826517745596,-0.0005257582807484773,-0.0008777416958198232
BCC,Hf-Si,Hf,Si,curated,-0.011732818108403277,-0.029254868501168128,-0.013965337225100967,-0.2384325380554948,-0.53934017877312,-0.23112600324074606,-2.15736071509248,-1.252156110123309,-0.03896818567865997,-1.67813474775586,-0.03896818567865995,0.027139039753869193,0.027112347028369625,18.43591191502312,0.008172121044529876,0.010476095272762413,0.0022325191166976902
BCC,Hf-Si,Hf,Si,raw,-0.011732817458307334,-0.029254868730316824,-0.013965338540118718,-0.2384325246875001,-0.5393401831249989,-0.23112602531249848,-2.1573607324999955,-1.2521561333333295,-0.03896799666667524,-1.6781347682352903,-0.03896799666667608,0.02713903914733918,0.027112346680780736,18.435911919375,0.008172121868330412,0.01047609412236386,0.0022325210818113835
BCC,Hf-Sn,Hf,Sn,curated,-0.05091332546361303,-0.07687038388726423,-0.04919063489320975,-1.1942778986283997,-1.8991885574189347,-1.2767759687094689,-7.596754229675739,-6.5894769795676496,0.43998970709903534,-7.063489803147928,0.43998970709903307,0.03697453610438811,0.033571570320837615,24.706375347418934,0.009809981849339896,0.005687213615984055,-0.0017226905704032791
BCC,Hf-Sn,Hf,Sn,raw,-0.05861705016944255,-0.09099560760679198,-0.06982829761191202,-1.386236844999999,-2.283106481249998,-1.85265287,-9.132425924999993,-8.637039239999998,2.487552133333338,-8.870162385882347,2.487552133333338,0.11689207076589178,0.008120116577491043,25.090293271249998,0.013788849101838184,-0.0052889113752947,0.011211247442469471
BCC,Hf-Ta,Hf,Ta,curated,-0.01144458635089676,-0.014501897682749449,-0.008975601793360788,-0.24297339067118173,-0.2937078046294985,-0.17301099608781456,-1.174831218517994,-1.1092916980239902,-0.37313277111129156,-1.140133825315286,-0.3731327711112916,0.0025894964849754692,0.0001421281570560872,20.253060051504498,-0.0010688689027969235,0.002452303184793917,-0.002468984557535971
BCC,Hf-Ta,Hf,Ta,raw,-0.011444584886372199,-0.014501896134559105,-0.008975600138805192,-0.24297335921874819,-0.2937077728124997,-0.17301096390625048,-1.1748310912499988,-1.1092915283333298,-0.37313277499998776,-1.140133675588233,-0.3731327749999881,0.0025894967199817337,0.00014212834105063315,20.2530600196875,-0.0010688685468894367,0.0024523036204582246,-0.002468984747567007
BCC,Hf-Ti,Hf,Ti,curated,0.002344000130993184,0.0039028931728909513,0.003065280328345263,0.04911111006268598,0.07687096433823726,0.0565236079887903,0.30748385735294903,0.28169258147060344,-0.03953332227255638,0.29382965247406023,-0.03953332227255623,4.948252306384367e-05,2.200996031159323e-05,19.695892491286763,-0.0004077023389022676,-6.125913708030286e-05,-0.000721280197352079
BCC,Hf-Ti,Hf,Ti,raw,0.002344001181977762,0.0039028938278200084,0.0030652805312414762,0.04911113203124984,0.07687097718750024,0.05652361171875242,0.307483908750001,0.28169265000000604,-0.03953322500001377,0.29382971294118015,-0.039533225000013696,4.948235862934387e-05,2.2009931070524748e-05,19.6958924784375,-0.00040770175076006095,-6.125945742902695e-05,-0.0007212793492637143
BCC,Hf-V,Hf,V,curated,0.013019745873398644,0.024276808569597838,-0.004927000466344358,0.2607007849391003,0.4330789034660718,-0.07713176050695658,1.7323156138642872,0.4895173984857166,1.8017735757123035,1.074363617487397,1.8017735757123035,0.10817176231265399,0.051106347931372934,17.839202472783928,-0.003201658871054569,-0.025675067915959925,0.017946746339743004
BCC,Hf-V,Hf,V,raw,0.013019747773663128,0.024276811097902112,-0.004926997255971166,0.2607008224999987,0.4330789475000003,-0.07713170999999797,1.7323157900000012,0.4895176333333353,1.801773506666649,1.074363824705884,1.8017735066666487,0.10817175311035185,0.0511063431026712,17.83920242875,-0.003201658650553834,-0.025675066882115575,0.017946745029634295
BCC,Hf-W,Hf,W,curated,-0.031042199558594427,-0.0408455828088938,-0.03622291238548892,-0.6425443290682296,-0.7838404532985876,-0.6404794994039449,-3.1353618131943506,-3.4213968759257987,-0.011012424876184923,-3.2867921405227647,-0.011012424876186075,0.0027092807093229126,0.0027071489485516577,19.190335879548588,-0.0026408924355374027,-0.002974794267976641,0.005180712826894494
BCC,Hf-W,Hf,W,raw,-0.031042198651349925,-0.0408455824253593,-0.03622291260534699,-0.6425443096875014,-0.7838404456249997,-0.640479503437497,-3.1353617824999986,-3.421396834999996,-0.011012300000023364,-3.2867921044117625,-0.011012300000023881,0.0027092804673077,0.0027071487548826654,19.190335871875,-0.0026408917797416708,-0.002974794820909479,0.005180713953997065
BCC,Hf-Zn,Hf,Zn,curated,-0.00024653131361675884,6.781858554822516e-05,0.0011475434447771513,-0.005059858907458192,0.0012777445229481543,0.019688455453355402,0.005110978091792617,0.039009590789059224,-0.13199100992433918,0.023057302460933765,-0.13199100992433918,0.0003442617505463908,3.802221869556456e-05,18.84062477297705,-0.00029322293705976343,0.0010916883516154691,-0.00139407475839391
BCC,Hf-Zn,Hf,Zn,raw,-0.00024653009578405925,6.781958954011544e-05,0.001147544193310094,-0.005059833906248201,0.001277763437499857,0.019688468281248817,0.005111053749999428,0.03900969166666831,-0.1319909449999841,0.023057391470588835,-0.13199094499998412,0.0003442615058518671,3.802227527003232e-05,18.8406247540625,-0.0002932224104636801,0.0010916882732793548,-0.0013940742890941533
BCC,Hf-Zr,Hf,Zr,curated,-5.632838899575933e-05,-0.00023950344539320413,4.213886144919417e-06,-0.001259527703268759,-0.005391965568673385,9.551094092330459e-05,-0.02156786227469354,-0.0031040446995878788,-0.0072268727690243395,-0.011792900029049369,-0.007226872769024345,1.2198259845321882e-05,1.1280194981694948e-05,22.513102305568673,0.00012452555324926897,0.00018263163167284082,-6.0542275140678745e-05
BCC,Hf-Zr,Hf,Zr,raw,-5.632675883054444e-05,-0.00023950158831208032,4.2159678872312595e-06,-0.0012594912499999111,-0.005391923750000416,9.555812500039451e-05,-0.021567695000001663,-0.0031038216666653775,-0.00722693000000163,-0.01179270323529422,-0.007226930000001635,1.2198342515467087e-05,1.1280263111122725e-05,22.51310226375,0.00012452578105350375,0.00018263233002525553,-6.0542726717775696e-05
BCC,Ir-Mg,Ir,Mg,curated,-0.07312488328660213,-0.1579060395547186,-0.1602698790557903,-1.1951165313254908,-2.92631473077598,-3.320872037726474,-11.70525892310392,-12.042636184138573,11.337362700805244,-11.883870414239915,11.33736270080524,2.2631844524763487,0.0037662159792985384,18.53200003640098,0.06116312391123659,-0.054348880899445486,0.08714499576918816
BCC,Ir-Mo,Ir,Mo,curated,0.042374064416766506,0.026523035782470433,0.011583211024367162,0.6171382452743863,0.3971323830487705,0.1781748964481551,1.588529532195082,2.1208350445934436,2.3411378604065667,1.8703383328765677,2.3411378604065667,0.10571993443419014,0.009375523627820376,14.97311191320123,0.021923079596731614,-0.007780073124371932,0.030790853392399342
BCC,Ir-Mo,Ir,Mo,raw,-0.005112838060857254,-0.0042953276711287965,-0.0034292434987241464,-0.07801788031250112,-0.06630503750000116,-0.053543819062499054,-0.26522015000000465,-0.3508311983333338,-0.13052832666667769,-0.31054364617647306,-0.13052832666667777,0.0005420018383968695,0.0002425120013624434,15.436549333750001,-0.001853903205167644,-0.00024433640635553695,-0.0016835945621331075
BCC,Ir-Nb,Ir,Nb,curated,0.033743916648756596,0.01471127186812857,-0.0010635258853682833,0.512470878112131,0.23860387622426416,-0.018347075663609047,0.9544155048970566,1.3176634731960586,2.8310290868039467,1.1467232528200575,2.8310290868039467,0.14524981244540602,0.004365962420074172,16.219119486275737,0.021960667606817696,-0.011436898324921852,0.03480744253412488
BCC,Ir-Nb,Ir,Nb,raw,-0.011502503919469017,-0.013477163673365624,-0.014303452456995734,-0.1826852503125007,-0.2248335499999996,-0.2500657996875013,-0.8993341999999984,-1.1540028000000053,0.3593629300000032,-1.0341587529411786,0.359362930000003,0.004416042975985769,0.0021459737589473236,16.6825569125,-0.0008852724283691385,-0.004658303068770626,0.002800948537526717
BCC,Ir-Ni,Ir,Ni,curated,0.06349001009928835,0.05158173691557715,0.036078889828251345,0.8460969205903552,0.6446641624307077,0.42101800364606135,2.5786566497228307,3.3789731312971107,2.267087557036234,3.002353610556274,2.267087557036235,0.11153927162451296,0.02119322880924601,12.497914978819292,0.02720894124004649,-0.005354196924220041,0.02741112027103701
BCC,Ir-Ni,Ir,Ni,raw,0.01076486725125609,0.01398208804213853,0.015906048282531497,0.15094080906249907,0.18122676999999854,0.189299330312501,0.7249070799999942,0.9073070383333336,-0.20457878000001037,0.8214717638235268,-0.20457878000001012,0.0018365252203612036,0.0011008371441177782,12.961352371250001,0.001071255562305316,0.004485240233652553,-0.0051411810312754075
BCC,Ir-Os,Ir,Os,curated,0.06332681814960506,0.06256446950981093,0.06246988112006569,0.893573067500002,0.8800318281250004,0.8759214381250011,3.5201273125000014,4.718652015000008,0.09414202333333795,4.154640390294124,0.09414202333333936,0.04768576487201885,0.04752997486222268,14.065999999999999,0.016551447248945944,0.015397608460667607,0.0008569370295393661
BCC,Ir-Os,Ir,Os,raw,-0.0017240919709367222,-0.002140834856226434,-0.0019286436943520638,-0.025913078437501014,-0.03206563312500066,-0.0287873384374997,-0.12826253250000264,-0.14586777833333522,0.015329386666659653,-0.13758295676470816,0.015329386666659615,1.4386207801989873e-05,1.0255522528193651e-05,14.97809746125,-0.0001240090027797069,-0.0003174358381740651,0.0002045517234153416
BCC,Ir-Pd,Ir,Pd,curated,0.052109093842360295,0.04407848364275574,0.04113335274342659,0.7449125237500009,0.6362949506250004,0.59954946625,2.5451798025000016,3.585231973333336,0.7752696400000048,3.095795657647061,0.7752696400000054,0.04635703520793377,0.03579182596505949,14.4355,0.018725892221629608,0.008392587227501141,0.010975741098933706
BCC,Ir-Pd,Ir,Pd,raw,-0.007734007076366457,-0.010576445409094148,-0.008695902365864906,-0.11722736062500161,-0.16110998749999972,-0.13312052562499943,-0.6444399499999989,-0.6675943633333361,0.08476354666665505,-0.6566981688235304,0.08476354666665495,0.00014403583844423674,1.7739491585658973e-05,15.232904938125,0.00023784635926760246,-0.0008026977968021234,0.0009618952894984495
BCC,Ir-Re,Ir,Re,curated,0.05398422495059216,0.04729201021062119,0.03997147595683725,0.7716640075000019,0.6825892293750009,0.58249432625,2.7303569175000035,3.611088890000005,1.0089049666666767,3.1966267852941224,1.0089049666666783,0.043558757925840436,0.025666173773726795,14.433499999999999,0.0181696895932806,0.004841392614211409,0.01401274899375491
BCC,Ir-Re,Ir,Re,raw,-0.002630658183548709,-0.0008816967450354582,0.0001345289796738911,-0.03973780656250092,-0.013339568125001477,0.00203854531249803,-0.05335827250000591,-0.10053136333334105,-0.2228072099999944,-0.07833226176471272,-0.22280720999999443,0.0009462630544952862,7.363126650342202e-05,15.129428797500001,-0.0019683447516690386,0.0007947639318275032,-0.0027651871632226
BCC,Ir-Ru,Ir,Ru,curated,0.060499657853879694,0.05630898998232707,0.052235642268717575,0.8475397068750006,0.7806115281250001,0.716516304999999,3.1224461125000005,4.170816031666665,0.6987914766666753,3.6774654814705876,0.6987914766666762,0.04495016660592584,0.03636660068647675,13.863,0.018708049167053358,0.009554396654242828,0.00826401558516212
BCC,Ir-Ru,Ir,Ru,raw,-0.0007459577915357895,-0.000667033850519478,-0.00038956807109265376,-0.011090624687502881,-0.009774304375000042,-0.005625028437501456,-0.03909721750000017,-0.044575075000011566,-0.029149846666674268,-0.04199725970588856,-0.029149846666674275,1.592924730575703e-05,9.928761217422056e-07,14.6533858325,-0.00025289143746538834,0.00011813028242881691,-0.00035638972044313574
BCC,Ir-Sc,Ir,Sc,curated,-0.06304822060525667,-0.13171014175658982,-0.11678985661907912,-1.061322221116729,-2.5699282841084603,-2.5916253108501905,-10.279713136433841,-9.741193418578453,8.16161647857846,-9.99461446227511,8.161616478578459,1.1805094768219462,0.00959570359805675,19.51199998598346,0.05145240100544798,-0.02993078562439487,0.05374163601382245
BCC,Ir-Si,Ir,Si,curated,0.024668109148835486,-0.007809915557301158,-0.009687615399227429,0.3523163555729081,-0.11253713885418293,-0.14082674203127787,-0.4501485554167317,0.5639723027776805,2.6300965205556586,0.0867389577450158,2.630096520555658,0.1556243589574168,0.03402930160009096,14.409520567604183,0.030577737769479012,-0.003881456869123969,0.03435572454806292
BCC,Ir-Si,Ir,Si,raw,-0.022890448379404873,-0.03872629600336272,-0.025225682357813552,-0.3428397773437517,-0.5759745740624993,-0.37254547953124906,-2.303898296249997,-1.9076940183333353,0.15843041166665253,-2.094143090294118,0.1584304116666517,0.00563533374091427,0.005194119369688128,14.8729580028125,0.005951704267474175,0.004024474568850037,0.0023352339784086795
BCC,Ir-Sn,Ir,Sn,curated,-0.06100055988255936,-0.10168809269871772,-0.06984668957170502,-1.0624767637499986,-2.1029081299999994,-1.6723026887499977,-8.411632519999998,-7.292745206666656,3.2524049333333287,-7.81928041294117,3.2524049333333274,0.22736728300195203,0.04142345360089971,20.679984,0.02955100158794395,-0.0039729220674586075,0.008846129689145658
BCC,Ir-Sn,Ir,Sn,raw,-0.10650826027226887,-0.13704728838425115,-0.10019762139975258,-1.9495918564062507,-2.950263484687497,-2.4798983054687476,-11.801053938749988,-11.811973764999996,2.82830106166665,-11.806835023235287,2.8283010616666475,0.14061641048601958,3.9455273822549105e-06,21.5273393546875,0.014373745132990546,-0.010795956314430623,-0.006310638872516289
BCC,Ir-Ta,Ir,Ta,curated,0.031790606708332454,0.010892171269875872,-0.00556225487353392,0.4829258404572183,0.17674365466443476,-0.09601844175334406,0.706974618657739,1.0317530632103313,3.0877028384563325,0.8789161481267587,3.087702838456333,0.1710784223580855,0.0034901814059338674,16.226668704085565,0.023064440789704,-0.013241195787682918,0.037352861581866376
BCC,Ir-Ta,Ir,Ta,raw,-0.013359587166915226,-0.017177466853929756,-0.018734021431907808,-0.21223027437500086,-0.2866937443750004,-0.32773712499999874,-1.1467749775000016,-1.439913064999999,0.6160365366666554,-1.3019657297058829,0.6160365366666548,0.009514186289360158,0.0028432700187073726,16.690106103125,0.00017562857739762154,-0.006443088375006237,0.0053744342649925825
BCC,Ir-Ti,Ir,Ti,curated,0.011114930247553566,-0.030097542762386745,-0.044080604816422196,0.16574862494108622,-0.47161348074283005,-0.7241011508017419,-1.8864539229713202,-1.4889400689617485,4.7458654706284165,-1.6760054120250762,4.7458654706284165,0.4011448241108318,0.005228512416051057,15.66950114386783,0.03483436205638021,-0.022548039116481015,0.05519553506397576
BCC,Ir-Ti,Ir,Ti,raw,-0.03392027321888162,-0.057959118555108886,-0.05737740848776367,-0.5294074993750026,-0.935050898750001,-0.9558198624999985,-3.740203595000004,-3.9606062983333366,2.274199269999978,-3.856887379117651,2.274199269999977,0.09252109055383993,0.001607338840918267,16.132938561875,0.011012763236880087,-0.015279415330792545,0.023457135268882046
BCC,Ir-V,Ir,V,curated,0.046184443254965304,0.02564128453256092,0.0016251604790278589,0.6458388929425034,0.3541782202600068,0.022169978827509595,1.4167128810400271,1.7813569913867013,3.3262342086133003,1.6097597629882663,3.3262342086133008,0.1988810452493887,0.0043995880327009455,13.812811125364993,0.02718877255307812,-0.017846997700869414,0.044559282775937445
BCC,Ir-V,Ir,V,raw,-0.003359698111856772,-0.007653212709853497,-0.015104311279967718,-0.0493172157812527,-0.10925916656250045,-0.20954868609374877,-0.4370366662500018,-0.6903090716666705,0.8545678416666457,-0.5711220573529443,0.8545678416666455,0.014959570135244467,0.0021225080959923113,14.2762485121875,0.0022227005970128174,-0.009197744316772099,0.011744613168110946
BCC,Ir-W,Ir,W,curated,0.043091694952928083,0.02830221232747245,0.013616386681142335,0.6317015070601748,0.42917317787034825,0.21334722180552212,1.716692711481393,2.2534632769751917,2.231222854691481,2.0008653638016396,2.231222854691481,0.09704362370070387,0.009533469705238214,15.163944532129651,0.021134568696215546,-0.006926842896453051,0.02947530827178575
BCC,Ir-W,Ir,W,raw,-0.00413260537603181,-0.0021925774522234165,-0.0011554302562923585,-0.06345461984375333,-0.034264245312501274,-0.018371497656248792,-0.1370569812500051,-0.21820298000000568,-0.24044331833335755,-0.18001662764706428,-0.2404433183333576,0.0012341191663889964,0.00021787521330226422,15.6273819553125,-0.0024589612260930357,0.00046079395486857774,-0.0029771751197394513
BCC,Ir-Zn,Ir,Zn,curated,0.018547399720554792,-0.02307776211648536,-0.047379615687742065,0.2686519759709416,-0.3418793549331163,-0.7175097995871749,-1.367517419732465,-1.1969541963099555,5.2595294696432875,-1.2772192426264308,5.2595294696432875,0.4872201205457423,0.0009625967597738709,14.814233425558117,0.036249595179660025,-0.030448022079936365,0.06592701540829686
BCC,Ir-Zn,Ir,Zn,raw,-0.028096872724962748,-0.05271201189243453,-0.06173615506570244,-0.42650414531250114,-0.8053167668750003,-0.9492285021875002,-3.2212670675000012,-3.668620393333337,2.7878632366666616,-3.458101181176473,2.787863236666661,0.14324215966168818,0.006621783026497498,15.2776708375,0.011692100519810606,-0.022453863697845435,0.03363928234073969
BCC,Ir-Zr,Ir,Zr,curated,-0.0046315174269990714,-0.048339072837117615,-0.046967752630067874,-0.07559032657486853,-0.8936304675247406,-0.9700046315996076,-3.5745218700989625,-2.788253221798603,4.770209626798608,-3.1582619974693613,4.770209626798605,0.42044422997857833,0.02045575546213482,18.48671095814974,0.03643390659460659,-0.014515473506271808,0.042336235203068805
BCC,Ir-Zr,Ir,Zr,raw,-0.0452953638623958,-0.07161251889428674,-0.057541988810000805,-0.7707464364062524,-1.3570678565625016,-1.2017232998437493,-5.4282714262500065,-5.259919296666671,2.29854327166665,-5.339143828235301,2.298543271666647,0.09380832971736286,0.0009378013081514608,18.9501483471875,0.014518940277208866,-0.008806737050994924,0.012246624947605006
BCC,Mg-Mo,Mg,Mo,curated,-0.11820644559464141,-0.12656022926278496,-0.08489784448637329,-2.497649713077088,-2.4489546046022106,-1.4917118298773353,-9.795818418408842,-10.638297447878463,-5.365002043732015,-10.241836728128055,-5.365002043732018,0.5294405794718198,0.02348506704362002,19.350111949602212,-0.031280059045018654,0.019635231043772645,-0.033308601108268124
BCC,Mg-Nb,Mg,Nb,curated,-0.07305069469476806,-0.0761349715816724,-0.044750380537830516,-1.5890396046143422,-1.56808497455172,-0.8699330438640978,-6.27233989820688,-6.557260395942507,-3.8352349906679706,-6.423180161713978,-3.8352349906679737,0.26124321554183594,0.002686092684813436,20.59611952267672,-0.018985162093128515,0.015747723156865606,-0.028300314156937546
BCC,Mg-Os,Mg,Os,curated,-0.16473763203625244,-0.16609917741716687,-0.08180386527369646,-3.4061152889764728,-3.0633671351509815,-1.32604065757549,-12.253468540603926,-12.619082524138568,-11.093731367471909,-12.447028884828148,-11.09373136747191,2.1677782591306016,0.004423023031634621,18.44300003640098,-0.05361723421772377,0.05993119634157736,-0.08293376676255598
BCC,Mg-Pb,Mg,Pb,curated,0.01207416697869243,0.032221851163746686,0.045726326176091354,0.3011314003985248,0.8690644904740168,1.3261739461745137,3.476257961896067,4.33948092419477,-5.46689357747194,3.9332583537012633,-5.4668935774719385,0.5500119373245693,0.02465582699910925,26.971277536400983,-0.014060345461761803,0.023252392906946025,-0.033652159197398925
BCC,Mg-Pd,Mg,Pd,curated,-0.10535914513973411,-0.11433934766054045,-0.05643858547494098,-2.197870792726473,-2.1510089820259815,-0.9461505575754892,-8.604035928103926,-8.384056934138565,-6.67584125413858,-8.487576460710502,-6.675841254138583,0.7850029383229012,0.0016011647796842301,18.81250003640098,-0.02802459425844242,0.039793380450645746,-0.04892055966479313
BCC,Mg-Pt,Mg,Pt,curated,-0.13456931421959814,-0.13080224787599476,-0.06099482125790286,-2.8199672714764716,-2.4855043189009827,-1.0398702113254927,-9.94201727560393,-10.292899954138571,-9.493850987471887,-10.127778693651683,-9.493850987471891,1.5884465507748906,0.004073778995811757,19.002000036400982,-0.04561279997185506,0.048347832769468864,-0.07357449296169527
BCC,Mg-Re,Mg,Re,curated,-0.1552935078559052,-0.15549917613118514,-0.0929589317403887,-3.239383758976473,-2.9250172582759806,-1.5581078963254882,-11.700069033103922,-12.79331108080523,-8.966804600805252,-12.278844234828144,-8.966804600805252,1.4528905998346393,0.039546336668232776,18.81050003640098,-0.050126238930597006,0.03792408362689301,-0.0623345761155165
BCC,Mg-Rh,Mg,Rh,curated,-0.1374907965880275,-0.14697517820014405,-0.07527831609795002,-2.8350946058514737,-2.6942754845259813,-1.20767120695049,-10.777101938103925,-10.78070883413857,-8.679591460805247,-10.77901147129874,-8.67959146080525,1.324253890113197,4.3046798177416556e-07,18.331500036400982,-0.03949457403768265,0.050679304079513036,-0.062212480490077465
BCC,Mg-Ru,Mg,Ru,curated,-0.1469272592142714,-0.15459967558379398,-0.08734728574931493,-3.0229549027264717,-2.8198980882759823,-1.389302255075492,-11.27959235310393,-11.766019087471904,-8.712814120805225,-11.537112388945797,-8.712814120805225,1.342239525967833,0.00782903937930526,18.240000036400982,-0.0441338226498682,0.04562077962347452,-0.059579973464956484
BCC,Mg-Sc,Mg,Sc,curated,-0.009264764184463724,-0.01125618614770321,-0.007134397496649943,-0.2167862175932065,-0.26889903113444547,-0.17392947655067914,-1.0755961245377819,-1.0419085177170284,-0.22856928556014586,-1.0577615091620889,-0.228569285560146,0.0009559004708041062,3.755034441098203e-05,23.889000022384444,-0.0006458371815733547,0.0011380613152044469,-0.0021303666878137806
BCC,Mg-Si,Mg,Si,curated,-0.029343931031366063,-0.04657387229642874,-0.03568780360911209,-0.611755241528563,-0.8749610115051638,-0.5968885389817657,-3.4998440460206552,-3.2230500813608765,-0.07928908024958521,-3.3533060647301847,-0.07928908024958622,0.002645561223221851,0.0025350518009143717,18.786520604005165,0.002132867817863397,0.003547457295914582,0.0063438725777460285
BCC,Mg-Sn,Mg,Sn,curated,-0.0033314447398628297,0.003173790827478972,0.005442651369985267,-0.07989801272647412,0.07952562609901648,0.14222179242451105,0.3181025043960659,0.16619674586143182,-1.1846389608052543,0.23768180870125966,-1.184638960805254,0.025432126843993465,0.0007635229238376579,25.056984036400983,-0.005818382960017841,0.003160141159393839,-0.008774096109848096
BCC,Mg-Ta,Mg,Ta,curated,-0.08222791102268188,-0.08465412431302556,-0.051040870259236946,-1.7889779297692563,-1.744185534861547,-0.9927961243288372,-6.976742139446188,-7.4180641442615824,-4.246302962348902,-7.2103832008190425,-4.246302962348901,0.3233971675079492,0.006444433850766595,20.603668740486548,-0.022101093393575102,0.01621217299757195,-0.03118704076344494
BCC,Mg-Ti,Mg,Ti,curated,-0.03943831697691275,-0.04583856561205108,-0.03137003435927669,-0.8470463371603891,-0.9189028596438114,-0.5839610865022351,-3.6756114385752454,-3.8160197964336646,-1.403121336843488,-3.749945275088527,-1.4031213368434898,0.035259242801815985,0.0006523182448841234,20.046501180268812,-0.007350359689551752,0.005652142648086672,-0.008068282617636063
BCC,Mg-V,Mg,V,curated,-0.022187096498085045,-0.08445116228006158,-0.06728892584916801,-0.45593164540897035,-1.5361506942659737,-1.0651982781229812,-6.144602777063895,-4.056346462751871,3.249422041141391,-5.039055316545765,3.24942204114139,0.32989456894424773,0.14429165407491307,18.189811161765974,0.03387841907723873,0.0054904328973712025,0.045101829351082964
BCC,Mg-W,Mg,W,curated,-0.129741088012399,-0.13365837654986124,-0.0843322599446363,-2.7537510019162994,-2.611810927280633,-1.5059141507699678,-10.447243709122532,-11.359107073830046,-6.655129872780435,-10.929994902202983,-6.65512987278044,0.8060610989918275,0.02751269545243159,19.540944568530634,-0.037450828884325785,0.025365187582362787,-0.0454088280677627
BCC,Mg-Zn,Mg,Zn,curated,-0.025368075693196285,-0.035451869934922095,-0.03193787867993573,-0.5340009555055296,-0.6803651125840986,-0.553558496537665,-2.7214604503363944,-2.9001585387818523,0.10430688550472193,-2.816065320689873,0.10430688550472073,0.0012478555487241312,0.001056606843112302,19.191233461959097,-0.001127172895507328,-0.0024973336973153812,0.006569802986739443
BCC,Mg-Zr,Mg,Zr,curated,-0.01821607575583167,-0.020950910715670394,-0.009191815548972738,-0.4168995861763456,-0.47901556767572373,-0.20995086980009603,-1.916062270702895,-1.6716012159371776,-1.1037264873399977,-1.7866417122975151,-1.1037264873399981,0.0233912784933979,0.0019773928885092025,22.863710994550722,-0.0025184398771897496,0.006536945472667859,-0.009024260206858932
BCC,Mn-Mo,Mn,Mo,curated,-0.0512699985849778,-0.016746449746611082,-0.0007405601754967596,-0.6719090178506146,-0.23446054382622883,-0.011031323551845773,-0.9378421753049153,-1.8211742437398943,-3.5246810362601004,-1.4054885644763748,-3.524681036260101,0.24419760417601438,0.025817940765185905,14.00061191320123,-0.037852119715762585,0.01106437923183973,-0.05052943840948104
BCC,Mn-Mo,Mn,Mo,raw,0.02381768641165933,0.030412723808164937,0.021224166424110773,0.2892455885937508,0.40630919031250023,0.3093535382812487,1.625236761250001,1.596264338333332,-0.10724239833332187,1.609898419705882,-0.10724239833332175,0.00022993912769600538,2.777430737853291e-05,13.3598421790625,-0.0012752067801283702,0.0003170824383812755,0.002593519987548556
BCC,Mn-Nb,Mn,Nb,curated,-0.028568948160855253,-0.027810979535983306,-0.015503703869360258,-0.3922033693878699,-0.4240234225257389,-0.2599184981636107,-1.6960936901029555,-1.7389916468039484,-0.7055193131960493,-1.718804373062305,-0.70551931319605,0.008810533695799434,6.089011839000826e-05,15.246619486275739,-0.00540385552785533,0.003465512316554266,-0.013065244291494995
BCC,Mn-Nb,Mn,Nb,raw,0.044563665750178914,0.014839691598331333,0.003676985739060692,0.5689512342187495,0.21674630593749988,0.06046635515624743,0.8669852237499995,1.6784469049999917,2.711919355000011,1.2965825844117602,2.7119193550000107,0.15106604840155066,0.021787612283946975,14.6058497578125,0.0318310148442784,-0.0062083431417714234,0.040886680011118226
BCC,Mn-Ni,Mn,Ni,curated,-0.043360702129611066,0.021123765370108027,0.01624139583216286,-0.514592129409646,0.2434601618057073,0.18162951864606036,0.9738406472228291,-0.8879002953695618,-3.7131821229637674,-0.011786910620200958,-3.713182122963767,0.3570487402721845,0.11468644866148249,11.525414978819292,-0.05874658196505716,-8.634464220197573e-05,-0.05960209796177393
BCC,Mn-Ni,Mn,Ni,raw,0.040944420887269184,0.08123644882030884,0.04621435615915605,0.4465624910937507,0.8842299240624989,0.5020144226562486,3.5369196962499956,2.5295384366666647,-0.29574363499998907,3.00360020588235,-0.29574363499998846,0.035115962104937164,0.033578503747931185,10.8846452165625,-0.019860532888504298,-0.014835856931817172,-0.005269935271886864
BCC,Mn-Os,Mn,Os,curated,-0.013477999535637391,0.04342237212166335,0.03771934892225861,-0.17052028062500035,0.568550829374999,0.5105408175000008,2.274203317499996,0.9067214316666679,-3.632325856666673,1.5502423191176462,-3.6323258566666725,0.2937973316482209,0.06187522195860471,13.0935,-0.04718188413905188,0.006215451910289913,-0.051197348457896
BCC,Mn-Os,Mn,Os,raw,0.047528984512802706,0.058959577591073765,0.01137221090050931,0.5663043054687495,0.7606605228124987,0.15793561828125036,3.042642091249995,1.931306463333333,2.177966331666662,2.4542879352941154,2.1779663316666635,0.12424867579678364,0.04086618345916285,12.9013903065625,-0.00035175097577471793,-0.029706514642472072,0.0361567736122934
BCC,Mn-Pt,Mn,Pt,curated,0.03075373431609477,0.1185388502105841,0.04235893447256278,0.3976842268750005,1.6183516524999995,0.6088567343749993,6.473406609999998,2.6841092299999993,-1.126253373333327,4.467307997058823,-1.1262533733333255,0.49740342758939526,0.4751065136274767,13.6525,-0.06310909714838078,-0.04208414679537353,-0.011605200156468012
BCC,Mn-Pt,Mn,Pt,raw,0.09739571396520035,0.142730391550151,0.027544162432681003,1.1829653140625016,1.9073743481249998,0.40162103843750074,7.629497392499999,4.225563606666673,4.167169470000005,5.827414800000003,4.167169470000005,0.6886350523680317,0.383385613842053,13.363477304375,-0.02038251940280345,-0.0705651691944887,0.06985155153251935
BCC,Mn-Re,Mn,Re,curated,-0.029858190760001603,0.018655938451823728,0.03539327068469812,-0.38324480750000056,0.2511275874999992,0.4985673075000001,1.0045103499999968,0.30752666666666545,-4.70299794666667,0.6355189882352921,-4.70299794666667,0.4048701129829463,0.016073809902559105,13.461,-0.044532000944645704,0.022022618597593493,-0.06525146144469973
BCC,Mn-Re,Mn,Re,raw,0.03850219787418036,0.0505186552454064,0.03331349823036249,0.46166411046874956,0.6594059446874994,0.47021510390624854,2.6376237787499974,2.4850112383333283,-0.04560529833332794,2.556828904411761,-0.045605298333327604,0.0008072041834718155,0.00077064443908774,13.0527216428125,-0.0027430130693192833,-0.0017243789915971622,0.005188699643817872
BCC,Mn-Rh,Mn,Rh,curated,-0.007111776357573811,0.08400876969072568,0.07067614779697778,-0.08957993499999972,1.0906018481250008,0.944798743749999,4.362407392500003,2.280583489999998,-5.516686286666659,3.2602653264705888,-5.516686286666658,0.67837373158947,0.1434041060631734,12.982,-0.0720491680766712,0.00948888073430942,-0.0777879241545516
BCC,Mn-Rh,Mn,Rh,raw,0.05844828809699268,0.10780391525418521,0.05314746764264755,0.6906136570312498,1.3694495534374997,0.7223005623437491,5.477798213749999,3.7677712516666637,-0.16899682833332955,4.572489822058823,-0.16899682833332713,0.09725838990865504,0.09675635992451341,12.7031522946875,-0.028476558977807258,-0.0224264481453202,0.005300820454345129
BCC,Mn-Sc,Mn,Sc,curated,-0.1759355000390078,-0.01686772512580639,0.005580950672893397,-2.704964327991732,-0.31271918973346047,0.12113034852480808,-1.2508767589338419,-6.89022394524513,-15.072504941421547,-4.236413504628051,-15.072504941421544,5.045685450721289,1.0522798904037258,18.53949998598346,-0.16068065736468753,0.016387101197665854,-0.1815164507119012
BCC,Mn-Sn,Mn,Sn,curated,0.013625234017505882,0.025714857773067215,0.04316592996460726,0.21744159437499988,0.5067751481249978,1.01250980875,2.027100592499991,3.2798704083333328,-4.240363810000001,2.690331671470584,-4.24036381,0.36799647504578414,0.05192974229105861,19.707484,-0.01019126487029795,0.026962071718453412,-0.02954069594710138
BCC,Mn-Sn,Mn,Sn,raw,0.06495501645181481,0.0392597495172932,0.03192589284833425,0.9866372337500007,0.7636269481249975,0.7570177693750004,3.05450779249999,4.649746675000003,1.2246371433333347,3.8990460244117617,1.2246371433333352,0.11056506329139794,0.08420251408146692,19.4506322,0.02725012405434478,0.007772425345781061,0.033029123603480565
BCC,Mn-Ta,Mn,Ta,curated,-0.036335069880965125,-0.035283747685733384,-0.017963231799740978,-0.4989562445427822,-0.5382242397105657,-0.3013557223783465,-2.1528969588422626,-2.1341652451230098,-1.053869451543657,-2.142980169226188,-1.0538694515436575,0.01953459308383522,1.1609904006398578e-05,15.254168704085565,-0.006939082393976332,0.006098647717238809,-0.018371838081224147
BCC,Mn-Ta,Mn,Ta,raw,0.03619144277297244,0.007017225513333732,0.0011563760435718204,0.46219837265624975,0.10254551593749994,0.019029171718749183,0.41018206374999977,1.2832734516666637,2.3635690716666695,0.8724069161764684,2.3635690716666695,0.12342225395070396,0.025222783620912573,14.6133989484375,0.03016923933516879,-0.0035172842091627018,0.03503506672940062
BCC,Mn-Ti,Mn,Ti,curated,-0.10896222620431284,-0.09944398343145247,-0.01813943051837008,-1.4659233725589154,-1.4615283382428306,-0.2891516233017448,-5.846113352971322,-4.6801999889617605,-6.276115996038243,-5.228865101436849,-6.2761159960382455,0.7373744990108642,0.04497862408597367,14.69700114386783,-0.027485569045740017,0.05062542225884949,-0.09082279568594276
BCC,Mn-Ti,Mn,Ti,raw,-0.040406242853787064,-0.05839108490650025,0.001999552413299423,-0.5047687648437496,-0.8207586015625008,0.031233242343748913,-3.283034406250003,-1.262761393333335,-2.8586773716666585,-2.2134781052941204,-2.85867737166666,0.2786988090180229,0.1350497331635093,14.0562314071875,0.008869445870734441,0.04140828136693193,-0.04240579526708649
BCC,Mn-V,Mn,V,curated,-0.08018188143704058,-0.07345353248503815,-0.04393803669258349,-1.0042905383074974,-0.9431662103649945,-0.5780253780474904,-3.772664841459978,-4.219509110279968,-2.2734141880533705,-4.00922945436468,-2.2734141880533727,0.09745771476837498,0.006606721342630285,12.840311125364995,-0.023705564298010313,0.009832359641317538,-0.03624384474445709
BCC,Mn-V,Mn,V,raw,-0.003730189510199934,-0.024787525501038018,-0.02007314562765647,-0.0431359149999988,-0.3023964424999992,-0.2576404656250002,-1.2095857699999968,-0.8020703483333307,1.1440242700000074,-0.9938423114705855,1.144024270000007,0.028501025274069267,0.005494924154652374,12.1995413575,0.015882168968841936,-0.002403033676698091,0.016342956117456536
BCC,Mn-W,Mn,W,curated,-0.04455369324387371,-0.022730352089904208,-0.00873177791955518,-0.5881409304398257,-0.3225765308796529,-0.1325673088194783,-1.2903061235186115,-1.9218886380248108,-2.4297259819751864,-1.6246733370807172,-2.4297259819751873,0.11697244270251386,0.013198780344374116,14.191444532129653,-0.026226484074290873,0.007203523106679836,-0.03582191532431853
BCC,Mn-W,Mn,W,raw,0.030476049891694418,0.023481723626805954,0.012637619756285436,0.3730136746875008,0.3181932006250001,0.18781754906249937,1.2727728025000005,1.4955499300000004,0.9877126700000076,1.3907136347058828,0.987712670000008,0.018790959961617275,0.001642157488361622,13.550674800625,0.010978228801952521,-0.003420003846805329,0.01783843013540898
BCC,Mn-Zn,Mn,Zn,curated,-0.08214849595991017,-0.025812274297481067,-0.02756778707111162,-1.070055359029059,-0.3572866199331184,-0.4040775995871755,-1.4291464797324736,-3.931021222976625,-3.551881383690045,-2.7536684026264364,-3.551881383690046,0.42887493464571447,0.2071117466100989,13.841733425558118,-0.061576738943008476,-0.009286147346954297,-0.05458070888879855
BCC,Mn-Zn,Mn,Zn,raw,-0.009026385989178777,0.021474426384612496,-0.005837446345405147,-0.10890074828125051,0.2834831228125001,-0.08369272484375223,1.1339324912500004,-0.5135825950000074,-0.1344427916666575,0.26171862205881996,-0.13444279166665726,0.09012931646837279,0.08981159424556005,13.2009636828125,-0.026649047873798386,-0.020666849280384994,-0.00318893964377363
BCC,Mn-Zr,Mn,Zr,curated,-0.06308476411837653,-0.05279041076181118,0.025903677180039476,-0.9375724184498697,-0.9245823906497392,0.5223817509003901,-3.698329562598957,-1.107175113465279,-7.786422236534719,-2.3265419130575986,-7.786422236534722,1.2878901927625863,0.22215710446098264,17.51421095814974,-0.01642671866420922,0.060289569871245244,-0.08898844129841602
BCC,Mn-Zr,Mn,Zr,raw,0.0016964453721766827,-0.016820079660226635,0.04246546244532073,0.023582203750001085,-0.2838126249999995,0.8427666599999988,-1.135250499999998,2.3102636366666665,-4.368983766666655,0.6888452194117654,-4.368983766666655,0.728340810922451,0.39280922424164877,16.8734411925,0.017009028730078823,0.0531910597017832,-0.040769017073144044
BCC,Mo-Nb,Mo,Nb,curated,-0.006494253519165434,-0.008198664843294784,-0.005009915465864856,-0.10659815543971618,-0.13968255010196984,-0.08847628538922336,-0.5587302004078794,-0.5201985088771721,-0.09664997360262835,-0.538331069597505,-0.0966499736026284,0.0002133269005559676,4.912581349249331e-05,17.03723139947697,-0.00011186897772705728,0.0009221636640576107,-0.0014843380533005783
BCC,Mo-Nb,Mo,Nb,raw,-0.006494254324798472,-0.008198665783332492,-0.005009916535537071,-0.10659816875000061,-0.13968256625000208,-0.08847630437500342,-0.5587302650000083,-0.5201985950000108,-0.09664994333331833,-0.538331145588245,-0.0966499433333186,0.0002133267428044345,4.91257585915383e-05,17.037231415625,-0.00011186905069858333,0.000922163273787391,-0.0014843377892614007
BCC,Mo-Ni,Mo,Ni,curated,0.012054562022064686,0.012792401919941571,0.007677978720294929,0.17543757953850836,0.17034396797947693,0.09273791642044671,0.6813758719179077,0.7151346558905468,0.4410648699629955,0.6992481693151873,0.4410648699629956,0.0034573263291035384,3.770918918309504e-05,13.316026892020522,0.003276132398428313,-0.002899388755922125,0.0043765833017697575
BCC,Mo-Ni,Mo,Ni,raw,0.012054562271468157,0.012792403262027402,0.007677981365339425,0.17543758312499946,0.1703439856249993,0.09273794812500036,0.6813759424999972,0.7151347499999995,0.44106471999999525,0.6992482523529396,0.4410647199999954,0.0034573240563106557,3.770924174411721e-05,13.316026874375,0.0032761317363320572,-0.0028993872343261486,0.004376580906128732
BCC,Mo-Os,Mo,Os,curated,0.009929872951742478,0.023881009923306894,0.04221921392749346,0.152301093323155,0.35544762429876897,0.6092467290243864,1.4217904971950759,2.030794192926777,-2.437043390406567,1.7442042184648001,-2.437043390406567,0.11667160373119326,0.012271946737992038,14.884111913201231,-0.007451238732710818,0.023745516931631083,-0.03228934097575099
BCC,Mo-Os,Mo,Os,raw,-0.004628514793534827,-0.0060792938870788404,-0.004220422302239442,-0.07202893750000072,-0.09321242687499876,-0.06374334249999869,-0.372849707499995,-0.36205941333333175,-0.04418984000001084,-0.3671371988235263,-0.04418984000001097,3.817802031757397e-05,3.8524780655446315e-06,15.332771964374999,-0.00013620470567384722,0.0004082470199228995,-0.00040809249129538424
BCC,Mo-Pd,Mo,Pd,curated,0.010721773483944938,0.019224958879737717,0.02770992890912174,0.1664278483231545,0.293250061798771,0.415227907774387,1.173000247195084,1.5510820162601107,-1.3269336504065734,1.373161183758922,-1.326933650406573,0.035680559853578944,0.00472982506211052,15.25361191320123,-0.003447252771749202,0.013032558579064274,-0.0169881554251768
BCC,Mo-Pd,Mo,Pd,raw,-3.5432896058743835e-05,-0.002612173776144308,-0.00553562720343082,-0.0005559209375007867,-0.04071746624999939,-0.0857233790624985,-0.16286986499999756,-0.2300781333333314,0.45422644333332113,-0.19845071294117433,0.4542264433333211,0.003776205910234004,0.00014945794849738478,15.58757944125,0.0019109829322841085,-0.003563615166341651,0.0055001943073720765
BCC,Mo-Re,Mo,Re,curated,0.00472123001666796,0.012062013410171837,0.021319461123354484,0.07328018394815494,0.1839651474237698,0.3194040296493874,0.7358605896950792,1.0471579029267797,-1.3126605104065732,0.9006650496412735,-1.3126605104065732,0.03349492281074777,0.003206449099365732,15.25161191320123,-0.004168026217858557,0.012110033303536842,-0.016598231106686526
BCC,Mo-Re,Mo,Re,raw,-0.002747566144463039,-0.0031339393091003574,-0.001913372943659866,-0.042965515000000565,-0.04852623999999928,-0.029333046249998773,-0.1941049599999971,-0.19279616333333158,-0.07270650000000956,-0.19341206764705657,-0.07270650000000967,9.297878056000562e-05,5.667845011791619e-08,15.484103300625,-0.00042019288694329854,0.0004606251543099528,-0.0008341932008031731
BCC,Mo-Rh,Mo,Rh,curated,0.010285236466212877,0.019883289962507305,0.032482468462017494,0.15717813894815613,0.29372812617376987,0.4633073858993857,1.1749125046950795,1.6546280662601116,-1.6326893170732244,1.4288795667000966,-1.6326893170732242,0.05447205490501082,0.007614496985547378,14.77261191320123,-0.004130237854955158,0.01703751514610119,-0.022197231995804617
BCC,Mo-Rh,Mo,Rh,raw,-0.0015380632610186812,-0.004505848236822372,-0.00537448682824962,-0.023782885937499998,-0.06819391312500045,-0.07957566781249881,-0.2727756525000018,-0.27562280999999683,0.297561503333327,-0.2742829711764697,0.297561503333327,0.0015566854780302594,2.682233546617712e-07,15.1345339525,0.0017695636816796867,-0.0019201587220686455,0.003836423567230939
BCC,Mo-Ru,Mo,Ru,curated,0.008705609045306451,0.018751935883767886,0.03231526764631598,0.13264012082315446,0.27529926929877035,0.456487279024385,1.1011970771950814,1.5710063995934387,-1.7271848437398962,1.3499196596412706,-1.727184843739896,0.05974175268276978,0.007303261745263353,14.68111191320123,-0.004845990919886312,0.017698700034774036,-0.023609658601009532
BCC,Mo-Ru,Mo,Ru,raw,-0.0020022605364661563,-0.0034414276042320545,-0.0023217185437418167,-0.030834095625001723,-0.05164915312500007,-0.033935349374999646,-0.20659661250000028,-0.17271852000000365,0.016540019999988925,-0.188661151764708,0.01654001999998887,4.278508727470628e-05,3.797619986376819e-05,15.008060335625,0.0005131787592521087,0.00032850015418063204,0.00031945800727566044
BCC,Mo-Sc,Mo,Sc,curated,-0.07946956747791999,-0.10455907933393806,-0.08115541147928636,-1.435273463418575,-2.12569778293469,-1.8340762612008028,-8.50279113173876,-8.71826593231834,2.1269482548385477,-8.616866026163246,2.126948254838545,0.08105810232991947,0.0015362665704532715,20.33011189918469,0.008803654161095282,-0.010610957342851673,0.0016858440013663711
BCC,Mo-Si,Mo,Si,curated,-0.028460254013386622,-0.04706042775912276,-0.04078399299163621,-0.44140226485393796,-0.7166188983054145,-0.6095509036318916,-2.866475593221658,-2.8025417826288788,0.8967927401490859,-2.8326282817313633,0.8967927401490849,0.014272231586557818,0.0001352492251184567,15.227632480805415,0.00619377503307889,-0.004823197980069733,0.012323738978249586
BCC,Mo-Si,Mo,Si,raw,-0.028460255128556957,-0.04706042933187927,-0.040783995075021263,-0.4414022826562505,-0.7166189234374993,-0.6095509360937488,-2.8664756937499973,-2.8025419166666645,0.8967928183333242,-2.8326283999999977,0.8967928183333237,0.014272233909764865,0.00013524908334290912,15.2276325059375,0.006193775093460717,-0.004823198880402297,0.012323739946464306
BCC,Mo-Sn,Mo,Sn,curated,-0.08802561075195883,-0.11579321833323934,-0.07185647620524004,-1.6412075723018447,-2.4893337138262304,-1.7498152766006143,-9.957334855304921,-9.042727597073224,0.5792410895934381,-9.473131012711672,0.5792410895934332,0.03357633852274114,0.027678521806216643,21.49809591320123,0.012110315481460581,0.004812223271123394,-0.016169134546718797
BCC,Mo-Sn,Mo,Sn,raw,-0.0973192994294862,-0.13130654596545133,-0.09329859355099546,-1.8331665498437495,-2.8732516584375,-2.325692188281252,-11.49300663375,-11.090289968333337,2.6268034050000133,-11.279803693235298,2.626803405000008,0.12665702583795405,0.005366273578819255,21.8820138578125,0.017082269200862987,-0.006850027829021629,-0.004020705878490738
BCC,Mo-Ta,Mo,Ta,curated,-0.007521351535409528,-0.011101342049242064,-0.0069182443179405285,-0.12348556621962814,-0.18921993978679197,-0.12225616272896289,-0.7568797591471679,-0.6553112771962427,-0.006556818616881325,-0.7031082098790311,-0.006556818616881619,0.0003420991309285577,0.0003413434144571273,17.044780617286794,0.0011225110321854508,0.001112453751079387,-0.0006031072174689997
BCC,Mo-Ta,Mo,Ta,raw,-0.007521351518354706,-0.011101341408912929,-0.006918243093334231,-0.12348556593750004,-0.18921992874999916,-0.12225614093750181,-0.7568797149999966,-0.6553112183333383,-0.006556933333323893,-0.7031081579411776,-0.006556933333324177,0.00034209925628341626,0.000341343513368106,17.04478060625,0.0011225105452108658,0.0011124545171752628,-0.0006031084250204752
BCC,Mo-Ti,Mo,Ti,curated,-0.0259198130416507,-0.030885342206992704,-0.024029796432963973,-0.4183307086107604,-0.509225571444059,-0.40456103115236175,-2.036902285776236,-2.194377972701659,-0.07343827977812604,-2.1202717670896956,-0.07343827977812648,0.0009153436548074915,0.0008205416461533258,16.48761305706906,-0.0022560620854564168,-0.0013448628666881566,-0.0018900166086867273
BCC,Mo-Ti,Mo,Ti,raw,-0.025919813597013598,-0.030885342673160433,-0.02402979681905172,-0.418330717812502,-0.509225579375002,-0.40456103781250263,-2.036902317500008,-2.1943780150000123,-0.07343829333332981,-2.120271804411775,-0.07343829333333078,0.0009153438000041893,0.0008205417563529983,16.487613065,-0.00225606228575946,-0.001344862908443008,-0.0018900167779618768
BCC,Mo-W,Mo,W,curated,0.0010465746055261095,0.000765606046128823,-0.0004524135590851399,0.01662655413332992,0.01223595904411745,-0.007273666670091217,0.0489438361764698,0.024941033235303205,0.12746784428491273,0.03623646991349925,0.1274678442849127,0.0003046735527455991,1.9063275519456917e-05,15.982056445330883,0.00046892135697233946,-0.0010232103144614515,0.0014989881646112495
BCC,Mo-W,Mo,W,raw,0.0010465738626428166,0.0007656052254176365,-0.00045241445581396415,0.01662654234374905,0.012235945937499437,-0.0072736810937499286,0.04894378374999775,0.024940963333330995,0.12746785833332788,0.03623640823529182,0.1274678583333279,0.00030467364345910245,1.9063303277914667e-05,15.982056458437501,0.00046892123327433124,-0.0010232105992659622,0.0014989883184567808
BCC,Mo-Zn,Mo,Zn,curated,-0.01744801095095413,-0.03522967327198616,-0.041800668213986925,-0.2741393894559039,-0.5507224187593476,-0.6501218674377895,-2.2028896750373903,-2.4646966850498493,2.005239882570057,-2.341493386220457,2.0052398825700557,0.07294937582479138,0.0022679639500918164,15.632345338759347,0.008840652306778886,-0.015243456876875535,0.024352657263032793
BCC,Mo-Zn,Mo,Zn,raw,-0.017448011336744618,-0.035229673387127416,-0.04180066806379715,-0.27413939562499934,-0.5507224206250019,-0.6501218650000009,-2.2028896825000075,-2.4646966950000007,2.005239836666675,-2.341493395000004,2.005239836666675,0.0729493726318515,0.0022679639931895007,15.632345340625001,0.008840651999723151,-0.015243456632556628,0.02435265672705253
BCC,Mo-Zr,Mo,Zr,curated,-0.035177901221634084,-0.041494527096373725,-0.026429724835130324,-0.6173026320017136,-0.8010444957259679,-0.5566528844502194,-3.2041779829038717,-3.1305480438718214,-0.3234653202746358,-3.1651974269457273,-0.32346532027463537,0.002018579436444587,0.0001793834974145992,19.304822871350968,-0.0009413744145887029,0.0020953033208493256,-0.00874817638650376
BCC,Mo-Zr,Mo,Zr,raw,-0.03517790093116719,-0.04149452605179093,-0.026429723134334657,-0.6173026267187502,-0.801044474687501,-0.5566528476562489,-3.204177898750004,-3.1305479316666642,-0.32346548833334055,-3.1651973279411774,-0.32346548833334154,0.0020185814842615946,0.00017938363409648097,19.3048228503125,-0.0009413750129957068,0.002095304322301848,-0.008748177796832533
BCC,Nb-Ni,Nb,Ni,curated,0.016657221461167774,0.017725048088140512,0.011306576346537749,0.2735554968017446,0.25811276115496895,0.14360971300819259,1.0324510446198758,1.112440559493166,0.6930441802322775,1.0747984348469117,0.6930441802322775,0.008654662562885943,0.00021170920002565687,14.562034465095032,0.00486955458521816,-0.003934584464680327,0.005350645114630025
BCC,Nb-Ni,Nb,Ni,raw,0.01665722115617333,0.017725048924713157,0.01130657864495512,0.2735554918749976,0.25811277312499925,0.1436097418750002,1.032451092499997,1.1124406233333275,0.6930439999999862,1.074798491176466,0.6930439999999864,0.008654658256039838,0.00021170928450892304,14.562034453125001,0.004869553737104606,-0.003934582907713702,0.005350642511218211
BCC,Nb-Pt,Nb,Pt,curated,0.005123803349829708,0.01653874075419283,0.030830107757031884,0.08959574371139212,0.27601702059926225,0.489953914362129,1.104068082397049,1.5454657548627229,-2.13524357680393,1.3377492031141707,-2.1352435768039295,0.086589976327384,0.006446643923981725,16.68911948627574,-0.006714847205760461,0.017803931868230937,-0.025706304407202174
BCC,Nb-Pt,Nb,Pt,raw,-0.004884924513941497,-0.004444024831752036,-0.002293994523518874,-0.08627779453125228,-0.07573003406249867,-0.03766665671874847,-0.3029201362499947,-0.3305185366666687,-0.259259401666687,-0.31753105411764565,-0.2592594016666871,0.0012067237323235295,2.520237261041038e-05,17.0408665409375,-0.0016691303877408978,0.0011651182277622673,-0.002590929990422623
BCC,Nb-Rh,Nb,Rh,curated,0.0041944377108744145,0.0137831732418281,0.02813863520173112,0.07193850433639071,0.22078740747426195,0.41888043936213215,0.8831496298970478,1.3088505165293942,-1.8503569868039544,1.1085206875259372,-1.8503569868039542,0.06618064433057089,0.005996291190867989,16.01861948627574,-0.0054604651454507646,0.01701495455401192,-0.023944197490856706
BCC,Nb-Rh,Nb,Rh,raw,-0.0062902849838843,-0.00861599338646704,-0.008036882991701933,-0.10902252906249998,-0.14113463749999866,-0.12400261718749839,-0.5645385499999946,-0.6214003899999957,0.07989380333332481,-0.5946418770588187,0.07989380333332474,0.00021918468053426878,0.0001069831604179097,16.38054153125,-0.0001829893271541134,-0.0011764477441014952,0.001746598007817633
BCC,Nb-Ru,Nb,Ru,curated,-0.00013993039076085732,0.009428668628916956,0.025827435129507935,-0.0023935344136063463,0.15017153184926002,0.3809303837371303,0.6006861273970401,1.0094315981960638,-2.044394230137262,0.817080788408288,-2.0443942301372617,0.07899675921280616,0.005528146099589855,15.927119486275739,-0.006724406786849816,0.01819110773993678,-0.025967365520268793
BCC,Nb-Ru,Nb,Ru,raw,-0.009605135676225998,-0.010875855643107057,-0.007184774706266287,-0.16586775937500065,-0.1767768962500007,-0.10949224750000042,-0.7071075850000028,-0.7342933516666695,-0.30066939666666787,-0.7215000497058852,-0.3006693966666681,0.001613553556287418,2.4454386703272092e-05,16.254067914375,-0.0019274859661433162,0.0015151711928435556,-0.0024203609699597105
BCC,Nb-Si,Nb,Si,curated,-0.007054594501852123,-0.02069556118986736,-0.01632409197401686,-0.12259784384070116,-0.34093122575492174,-0.25414718579414597,-1.363724903019687,-1.0046534123595923,0.7015964904183724,-1.173628231493755,0.7015964904183718,0.012918758135088363,0.004266143450896185,16.473640053879922,0.007658948628515913,9.963706113022584e-05,0.009269497472164736
BCC,Nb-Si,Nb,Si,raw,-0.007054596005433905,-0.020695563021277823,-0.01632409420432868,-0.12259787015625179,-0.3409312565624987,-0.2541472210937492,-1.3637250262499947,-1.0046535766666693,0.7015965383333196,-1.1736283764705873,0.701596538333319,0.01291875834086503,0.004266142474826601,16.4736400846875,0.007658948432214205,9.963627767833121e-05,0.009269498198894775
BCC,Nb-Sn,Nb,Sn,curated,-0.06090469179388933,-0.09272916522290622,-0.060492333743500055,-1.2493788237886108,-2.1090417300257407,-1.5107679512628671,-8.436166920102963,-7.360391400137274,1.3940753465293672,-7.86663870365054,1.3940753465293663,0.0724549200552038,0.03829278207432732,22.74410348627574,0.016203948577184865,0.002843430083618287,-0.00041235805038927764
BCC,Nb-Sn,Nb,Sn,raw,-0.06961091233856567,-0.10778957841899274,-0.08166775596698554,-1.441337809843752,-2.4929596803124987,-2.086644865781249,-9.971838721249995,-9.40795380166667,3.4416376316666515,-9.673311410882354,3.441637631666648,0.2187315387463653,0.01052094052500532,23.1280214365625,0.02068915294694033,-0.008490082271993086,0.01205684362841987
BCC,Nb-Ti,Nb,Ti,curated,0.001064663541684317,-0.0027127537092903244,-0.004062063108156307,0.019172918652476056,-0.04810694514356939,-0.0709187939396152,-0.19242778057427756,-0.1379890007657044,0.4804891338244867,-0.1636072500873859,0.48048913382448666,0.004156317995959372,9.80596570713854e-05,17.73362063014357,0.003068181297295484,-0.0019954728971025917,0.005126726649840624
BCC,Nb-Ti,Nb,Ti,raw,0.0010646625569322536,-0.0027127544744764594,-0.004062063649963185,0.019172900937498127,-0.04810695875000093,-0.07091880343750034,-0.1924278350000037,-0.13798907333333923,0.48048908999999185,-0.16360731411765195,0.48048908999999174,0.004156317190310027,9.805959171396716e-05,17.73362064375,0.0030681808772418137,-0.001995472855525232,0.005126726206895439
BCC,Nb-Zn,Nb,Zn,curated,0.002621876546937828,-0.006326240585595886,-0.012604225849980518,0.04609467655733468,-0.10677652120885384,-0.20388482147504305,-0.42710608483541534,-0.42077371978055567,1.3332239895060145,-0.4237536562769603,1.3332239895060145,0.03124620151835055,1.326800090779685e-06,16.878352911833854,0.007176982650777433,-0.007653506447274632,0.015226102396918347
BCC,Nb-Zn,Nb,Zn,raw,0.00262187570961336,-0.006326241029563334,-0.01260422587439437,0.04609466187499933,-0.10677652875000021,-0.20388482187500045,-0.42710611500000084,-0.420773760000003,1.3332239133333321,-0.42375369176470795,1.333223913333332,0.03124619794383546,1.32679587725727e-06,16.878352919375,0.007176982131355533,-0.007653506122163804,0.01522610158400773
BCC,Nb-Zr,Nb,Zr,curated,-0.008158414807757796,-0.01010539914613573,-0.009701053980030374,-0.1584122234884795,-0.2076743444254774,-0.21036372911247625,-0.8306973777019095,-0.9834025402692154,0.277074696661316,-0.9115412872963655,0.27707469666131584,0.0021210596156249566,0.0007715801473248734,20.55083044442548,-0.00013681106354566797,-0.0025182804784903787,0.0015426391722725783
BCC,Nb-Zr,Nb,Zr,raw,-0.008158414972763374,-0.010105398406130138,-0.009701052429308916,-0.15841222671875244,-0.20767432906249894,-0.21036369515624997,-0.8306973162499958,-0.9834024583333397,0.2770744983333202,-0.9115412150000014,0.27707449833332026,0.002121057476730595,0.0007715799403244427,20.5508304290625,-0.00013681182329426263,-0.0025182794478762938,0.0015426374565455422
BCC,Ni-Os,Ni,Os,curated,0.027796971549941714,0.04722753356607071,0.05981387967586538,0.32313624927106055,0.5860424486807059,0.7891219718403555,2.3441697947228235,2.966021922963776,-2.4852571870362397,2.6733856273209753,-2.4852571870362388,0.12136656970370005,0.012795222884486101,12.408914978819293,-0.010012633476847237,0.026498238595133186,-0.032016908125923664
BCC,Ni-Os,Ni,Os,raw,0.008338642282854426,0.010684940636548217,0.008375332012645224,0.09880626062500042,0.1373824256250007,0.1161319143750017,0.5495297025000028,0.5731684666666723,-0.09240348666667349,0.5620443423529455,-0.09240348666667338,0.00016857855268962398,1.8489413757157285e-05,12.857575001874999,-0.0003570331935121504,0.0009444068003273568,-3.6689729790798445e-05
BCC,Ni-Pd,Ni,Pd,curated,0.03440006367595466,0.04931772820418585,0.056513511012243965,0.4062517648960604,0.6302023968057071,0.7769029618403547,2.5208095872228284,3.1550792712971067,-1.9768063837029028,2.856599419968035,-1.9768063837029022,0.08200248684378506,0.013311331945666053,12.778414978819292,-0.0056225364432143255,0.022131852194015294,-0.022113447336289303
BCC,Ni-Pd,Ni,Pd,raw,0.01997794983909094,0.022591996332861644,0.019367533284008268,0.23926803781249895,0.29623489687499927,0.27595168906250045,1.184939587499997,1.373919271666665,-0.19564614000000802,1.2849876555882331,-0.19564614000000766,0.0018545359038158768,0.0011816907693000082,13.11238247875,0.00142710421278935,0.003774208113750336,0.0006104165550826733
BCC,Ni-Pt,Ni,Pt,curated,0.03441858981769738,0.05184018058444389,0.05522777502267565,0.4097317130210616,0.672259054305707,0.7749261774653533,2.689036217222828,3.159087707963773,-1.9477038103695559,2.9378870064386233,-1.9477038103695548,0.07399429120806059,0.007310792777684061,12.967914978819293,-0.007935116106315197,0.01929463756280558,-0.02080918520497827
BCC,Ni-Pt,Ni,Pt,raw,0.01935873046995632,0.024063075582925347,0.01698635192013894,0.23385822546874913,0.3205120334374989,0.24730562328125139,1.2820481337499956,1.283103596666668,-0.07171945500001205,1.282606908235293,-0.0717194550000115,9.045311432309615e-05,3.6860359250867865e-08,13.3196619996875,-0.0005402042005818592,0.0004754145957870482,0.0023723785498173805
BCC,Ni-Re,Ni,Re,curated,0.01890021686454456,0.0329703230525966,0.03798740940448231,0.2231855255210604,0.42124252930570627,0.5221068368403561,1.684970117222825,1.987446299630444,-1.5942469937029102,1.8451045667327408,-1.5942469937029105,0.0477042787404052,0.0030273035599815584,12.776414978819293,-0.007854122841826225,0.015000860545792897,-0.01908719253993775
BCC,Ni-Re,Ni,Re,raw,0.008967803050652227,0.014509380350201278,0.012301884419507194,0.1069398687500005,0.18875116999999975,0.17336977500000117,0.755004679999999,0.7474923833333378,-0.3542928333333369,0.7510275817647076,-0.354292833333337,0.0022083335435554366,1.86732136349765e-06,13.008906338125,-0.00290347099750416,0.0022569021955869567,-0.0033340813688549666
BCC,Ni-Ru,Ni,Ru,curated,0.02440142279713005,0.036834811192843334,0.049190181397680534,0.28118668364606236,0.449602573680707,0.6339855618403547,1.798410294722828,2.440459321297112,-1.8815940170362258,2.138318602909214,-1.8815940170362255,0.07587338662729937,0.013639862399723795,12.205914978819292,-0.004861011545787258,0.023027086974813663,-0.024788758600550485
BCC,Ni-Ru,Ni,Ru,raw,0.010072221615960166,0.009786604682694787,0.010730565367706802,0.117712509375,0.12265417937499912,0.14356294750000131,0.49061671749999647,0.6967345516666702,-0.13786900333334037,0.5997379238235296,-0.13786900333334032,0.0017398617449435974,0.0014057391693163372,12.532863373125,0.0022009251623283338,0.0038547555975403836,-0.0006583437517466359
BCC,Ni-Sc,Ni,Sc,curated,-0.09992904750135259,-0.12106842494428159,-0.06485036231160432,-1.433769228720669,-2.161666432302752,-1.3853306815098385,-8.646665729211009,-7.5175997606146865,-0.2583389184577622,-8.048924922307075,-0.2583389184577647,0.043353696622731634,0.042180550194783666,17.854914964802752,0.01306678715001938,0.011043891603397301,-0.03507868518974827
BCC,Ni-Si,Ni,Si,curated,-0.0721919853578052,-0.07808587565868959,-0.04063588679971602,-0.8516223389060293,-0.9957850964234769,-0.5570464214409228,-3.9831403856939076,-3.7564500275918724,-1.5710715598139018,-3.863127843169301,-1.5710715598139027,0.045087840965307074,0.001700355390102431,12.752435546423477,-0.008882493741307751,0.013845134302310968,-0.031556098558089184
BCC,Ni-Si,Ni,Si,raw,-0.07219198344072289,-0.07808587544282376,-0.04063588808762846,-0.8516223145312498,-0.9957850934374992,-0.5570464398437487,-3.983140373749997,-3.756450011666663,-1.5710713316666727,-3.863127829117644,-1.5710713316666736,0.04508782842378134,0.0017003554498281536,12.7524355434375,-0.008882491883253175,0.013845132777891983,-0.03155609535309443
BCC,Ni-Sn,Ni,Sn,curated,-0.09253729749683615,-0.0697762796786232,-0.0094307021892021,-1.3817543844789384,-1.3273471194442905,-0.21798062315964728,-5.309388477777162,-4.265960020369562,-6.206793393702886,-4.75698517679667,-6.206793393702889,0.7132092665306842,0.03602458276305896,19.022898978819292,-0.025867100904749418,0.033639004662699215,-0.08310659530763405
BCC,Ni-Sn,Ni,Sn,raw,-0.10405525625681405,-0.0881785531944105,-0.033510505479429305,-1.5737133198437494,-1.7112650359374975,-0.7938575207812519,-6.84506014374999,-6.3135222416666705,-4.1592309283333195,-6.563657724999999,-4.159230928333324,0.3134360368721747,0.009348503206471435,19.4068168953125,-0.019192537174273876,0.020666744400786464,-0.07054475077738476
BCC,Ni-Ta,Ni,Ta,curated,0.009389795226546939,0.01690498026269184,0.012309631602586031,0.11929929035327902,0.24629852459514368,0.20229600008700643,0.9851940983805747,0.8575874411740946,-0.44264911857987954,0.9176376328006736,-0.44264911857987926,0.003983017834895791,0.0005387909215834894,14.569583682904856,-0.005149432356243967,0.001069255739780859,-0.0029198363760390925
BCC,Ni-Ta,Ni,Ta,raw,0.009389798599802176,0.016904982995561108,0.012309633810927525,0.11929933281250094,0.24629856374999903,0.202296035937497,0.9851942549999961,0.8575876499999945,-0.4426490833333124,0.9176378170588191,-0.4426490833333121,0.003983016845532301,0.000538790480722933,14.56958364375,-0.005149431342924017,0.0010692561366835046,-0.002919835211125349
BCC,Ni-Ti,Ni,Ti,curated,-0.03621629544553688,-0.04786545535328425,-0.029479354154498774,-0.4500462514128536,-0.6707106783121208,-0.4598251333363894,-2.6828427132484833,-2.426323692664648,0.05215403692552437,-2.547038525880571,0.05215403692552366,0.002225085586762269,0.002177272320925041,14.012416122687121,0.00426397076261055,0.002770053589438035,-0.006736941291038107
BCC,Ni-Ti,Ni,Ti,raw,-0.036216292888035365,-0.04786545398158264,-0.02947935369413978,-0.45004621843750137,-0.6707106581250013,-0.459825125937499,-2.682842632500005,-2.426323585000001,0.05215417333332084,-2.5470384308823566,0.052154173333319884,0.002225086293787877,0.0021772727778411197,14.012416102500001,0.004263972209151457,0.002770053094448268,-0.006736939193895584
BCC,Ni-V,Ni,V,curated,-0.011865283646791494,-0.009665900050087602,-0.008631662931478618,-0.13643033028643536,-0.11749603355928606,-0.11059900058213579,-0.46998413423714425,-0.6587448823161898,-0.13776709175626442,-0.5699162949848742,-0.13776709175626453,0.0015125831358896733,0.0011789543387435582,12.155726104184286,-0.004201351279478633,-0.0017542082158077676,-0.003233620715312876
BCC,Ni-V,Ni,V,raw,-0.011865279472999932,-0.009665895864798275,-0.008631658739835051,-0.13643028171875038,-0.11749598218750101,-0.1105989464062489,-0.46998392875000405,-0.6587446083333314,-0.13776712166667457,-0.5699160532352949,-0.13776712166667465,0.001512582425141517,0.0011789534831280742,12.1557260528125,-0.004201350424150878,-0.0017542070020560331,-0.003233620733164881
BCC,Ni-W,Ni,W,curated,0.014050122368030743,0.02058897736003146,0.01853215357090988,0.1710440082062341,0.27809242467605344,0.2750148292708765,1.1123696987042138,1.189490233272295,-0.5545110456780927,1.153198217004963,-0.5545110456780923,0.0056017606387389705,0.0001967948223110275,13.506859510948946,-0.0030824534992710258,0.00447749822377801,-0.004482031202879138
BCC,Ni-W,Ni,W,raw,0.014050124899232986,0.02058897849430807,0.018532153545883865,0.17104403859374884,0.27809243968749797,0.27501482890625084,1.1123697587499919,1.1894903133333325,-0.5545108816666774,1.1531982876470546,-0.5545108816666774,0.005601757543563343,0.00019679492446021335,13.506859495937501,-0.00308245193565134,0.004477497440426248,-0.004482028646650879
BCC,Ni-Zn,Ni,Zn,curated,-0.050001437992595675,-0.07387465264160357,-0.07356965006504627,-0.5999667135079978,-0.9719797681274098,-1.0531721727468213,-3.8879190725096393,-4.408370363346184,2.4170957826070585,-4.16345210883487,2.4170957826070563,0.11166018941841012,0.008962595276473658,13.15714840437741,0.010752415111080313,-0.022646201889710272,0.0235682120724506
BCC,Ni-Zn,Ni,Zn,raw,-0.050001435141726634,-0.07387465079370918,-0.07356964899743704,-0.5999666774999994,-0.9719797418750016,-1.0531721562500014,-3.8879189675000063,-4.4083702233333355,2.417095886666677,-4.163451985294122,2.4170958866666767,0.11166019705541513,0.008962594070905912,13.157148378125001,0.010752416503353021,-0.022646202138819595,0.023568213855710403
BCC,Ni-Zr,Ni,Zr,curated,-0.024235564627552976,-0.032784505373765885,-0.00816370636875686,-0.33530456105380857,-0.5517509619690308,-0.16183751038425243,-2.2070038478761234,-1.325712190501496,-0.9251576035709661,-1.74043767632485,-0.9251576035709663,0.040744213496581944,0.025698804662584774,16.82962593696903,0.0056745476635435,0.012710623838280517,-0.016071858258796118
BCC,Ni-Zr,Ni,Zr,raw,-0.024235561280312422,-0.03278450254869078,-0.008163703824477508,-0.33530451359375135,-0.5517509128125013,-0.16183745953124884,-2.2070036512500053,-1.3257119283333338,-0.92515762166668,-1.7404374450000026,-0.9251576216666804,0.04074421790760907,0.025698808485047492,16.8296258878125,0.005674548448638948,0.01271062457637385,-0.016071857455834913
BCC,Os-Pd,Os,Pd,curated,0.05039335913640616,0.041507193522810494,0.03901701505376349,0.71365815375,0.5954829518750007,0.5669660000000007,2.3819318075000027,3.4149977433333354,0.7823581533333291,2.928849067647061,0.7823581533333294,0.046071893434483153,0.03531259944857644,14.346499999999999,0.018856846070842197,0.008282411086021523,0.011376344082642674
BCC,Os-Pd,Os,Pd,raw,-0.00842007745185034,-0.012369822121241,-0.010376887380220867,-0.1263156765625002,-0.18714461687500084,-0.15831530718749853,-0.7485784675000033,-0.7590159566666633,0.17066469666665776,-0.7541041970588234,0.1706646966666577,0.0005155928514686704,3.604671400504758e-06,15.12912756875,0.0009360781635891441,-0.0011769939162244738,0.0019568099283705266
BCC,Os-Re,Os,Re,curated,0.05529533958300236,0.04743566750322422,0.03951344157073295,0.7830234800000007,0.6804409324999998,0.574061157500001,2.7217637299999993,3.618892366666671,1.1144657199999983,3.196714184705885,1.1144657199999999,0.04846335448195359,0.026630728369656655,14.3445,0.01925694476810909,0.004386657589523935,0.01578189801226941
BCC,Os-Re,Os,Re,raw,-0.0004155375195486448,-4.7285512271945904e-05,6.582612918232532e-05,-0.0062122799999979605,-0.0007104956249985861,0.0009940612500010104,-0.0028419824999943444,-0.013915249999991866,-0.03843381999999451,-0.008704300588228327,-0.038433819999994505,3.002286562828643e-05,4.0571885225680605e-06,15.025651428124998,-0.00037989389237043803,0.00010111256912346554,-0.0004813636487309701
BCC,Os-Rh,Os,Rh,curated,0.05701030120319666,0.05278408554505776,0.04999780146273455,0.7936546556250015,0.7318777381249983,0.6904571387499985,2.9275109524999934,3.9576314516666664,0.5503867566666827,3.4728688638235274,0.5503867566666848,0.04043638648440153,0.03511152273981825,13.8655,0.017580774142498177,0.010249920176415192,0.007012499740462114
BCC,Os-Rh,Os,Rh,raw,-0.004080921130060794,-0.005362762448859328,-0.005265564227783178,-0.06029643031249954,-0.0787043418750013,-0.0767559353124998,-0.3148173675000052,-0.36547297499999826,0.08778402666666807,-0.3416350420588251,0.08778402666666799,0.00022036175220464956,8.490409978213287e-05,14.67608208,-8.583124512975743e-05,-0.0012161435009595755,0.001184643097722384
BCC,Os-Ru,Os,Ru,curated,0.05915916201217979,0.05485899389247851,0.05103002907295675,0.8208629525000006,0.755627781874999,0.6977080725000011,3.022511127499996,4.049522733333338,0.6568260266666641,3.5662231541176475,0.6568260266666639,0.042483472331875584,0.034899910097968445,13.774000000000001,0.018315888875626202,0.0095803427386178,0.008129132939223044
BCC,Os-Ru,Os,Ru,raw,-0.001060451528138945,-0.0013732796522078535,-0.001184699863561511,-0.015601325000000443,-0.019980681250000742,-0.01704457624999911,-0.07992272500000297,-0.08705573666666548,0.0076973399999928915,-0.08369902529411843,0.007697339999992864,2.7250117137330153e-06,1.6835246284216577e-06,14.549608463125,-4.185804498191261e-05,-0.00014311733885325565,0.000124248335422566
BCC,Os-Sc,Os,Sc,curated,-0.07108060993951375,-0.13954255437184587,-0.1220306610523734,-1.1870461854917274,-2.7103350316084587,-2.70249101710019,-10.841340126433835,-10.372099206911779,8.082372435245134,-10.592918463157453,8.08237243524513,1.1555721194309636,0.007285600606563001,19.42299998598346,0.050641023267636094,-0.030242018605151206,0.05095005111285965
BCC,Os-Si,Os,Si,curated,0.017555504596559763,-0.014346471014046147,-0.026116426240080187,0.2483886261979098,-0.20544893322918512,-0.37848658390627854,-0.8217957329167405,-0.34692788722231666,3.3433344538890046,-0.5703951087255751,3.3433344538890046,0.2039476440725784,0.007461379550993264,14.320520567604184,0.028445978166763065,-0.015484097105571533,0.04367193083663995
BCC,Os-Si,Os,Si,raw,-0.028647186888671582,-0.04428878048803838,-0.040961648075233316,-0.4246014526562494,-0.6541089990625011,-0.6028166367187495,-2.6164359962500043,-2.7397815716666636,0.9504809816666674,-2.6817365950000016,0.9504809816666656,0.01638373466070732,0.0005034087454919153,14.7691806334375,0.0044515860155670516,-0.007626408563244667,0.012314461186561734
BCC,Os-Sn,Os,Sn,curated,-0.06849786181485151,-0.11594996300929564,-0.08027316112983796,-1.1839164956249988,-2.387523833124998,-1.9183660781250005,-9.550095332499993,-8.272753529999997,3.917064440000009,-8.873855554705878,3.9170644400000074,0.3236949281603216,0.0539868335431081,20.590984,0.03510337075015713,-0.00534451968992068,0.011775299314986443
BCC,Os-Sn,Os,Sn,raw,-0.11289174006691813,-0.1503065559613815,-0.11007178210792645,-2.0488655342187485,-3.2201018184374988,-2.718573010156252,-12.880407273749995,-12.713169451666667,3.5717732050000186,-12.791869603235295,3.571773205000014,0.22517947961261647,0.0009254279493256293,21.4235619853125,0.02017808250247922,-0.012288217605454729,-0.0028199579589916757
BCC,Os-Ta,Os,Ta,curated,0.030246839583888935,0.005964735337829002,-0.00825344328782453,0.45543677670721827,0.09625692278943632,-0.14210781175334475,0.38502769115774527,0.8355439065436627,3.1869044717896693,0.6235362757738191,3.1869044717896697,0.18524551665414463,0.006715749054892842,16.137668704085563,0.025452319491274862,-0.012446304205361768,0.03850028287171346
BCC,Os-Ta,Os,Ta,raw,-0.013830184194122599,-0.021246600892331838,-0.021008531895566774,-0.2175532840625003,-0.352403106875002,-0.366437810312501,-1.409612427500008,-1.5573095850000034,0.7940508066666704,-1.4878050402941234,0.7940508066666699,0.011805102743792862,0.0007218016654492881,16.58632873375,0.002971906037466948,-0.005855608870443013,0.007178347701444175
BCC,Os-Ti,Os,Ti,curated,0.006957949485687109,-0.037047095904550506,-0.04298675244059875,0.10282979994108565,-0.5772123201178303,-0.7042197989267436,-2.308849280471321,-1.6037066639617545,4.304264527295089,-1.9355384834956686,4.3042645272950875,0.34211686202577973,0.016452334509417722,15.58050114386783,0.036250631433408974,-0.016561249548905064,0.049944701926285855
BCC,Os-Ti,Os,Ti,raw,-0.036899420169906605,-0.06400037758869141,-0.05591456690594304,-0.570160270312499,-1.025872368749999,-0.9285498259375018,-4.103489474999996,-3.996560256666669,1.911410963333348,-4.046879888823529,1.9114109633333471,0.06459986296554489,0.0003783261750014255,16.0291611925,0.01289459944117942,-0.009583281607238786,0.019015146736036437
BCC,Os-V,Os,V,curated,0.042983171340955376,0.019822648089509697,-0.0009003251513414237,0.5953343554425032,0.2720422783850083,-0.012241916172488487,1.088169113540033,1.554913171386706,3.2404067819466227,1.3352689088706247,3.2404067819466227,0.19178273548764224,0.007208272572855163,13.723811125364993,0.028252071383963212,-0.01590572761492858,0.0438834964922968
BCC,Os-V,Os,V,raw,-0.005346938227449562,-0.012462028483442663,-0.017116166669621125,-0.07765569921874871,-0.17661773906249856,-0.23657189640624843,-0.7064709562499942,-0.8379402549999924,0.8475530516666652,-0.7760723497058757,0.847553051666665,0.013199081763622361,0.0005719028993542143,14.1724711428125,0.0037737459284435046,-0.007532340237166868,0.011769228442171563
BCC,Os-Zn,Os,Zn,curated,0.012704062138146805,-0.02813537809282053,-0.04970736725990181,0.18231747847094226,-0.41430000993311644,-0.7505489427121752,-1.6572000397324658,-1.5152839046432878,4.975287579643293,-1.582067968214666,4.975287579643291,0.4357862832111894,0.0006664033256906169,14.725233425558116,0.03435568783868549,-0.029128666547418292,0.06241142939804861
BCC,Os-Zn,Os,Zn,raw,-0.03265901899760059,-0.056871366225996964,-0.06361911438274055,-0.49067258874999986,-0.8629600525000001,-0.9748789606250003,-3.4518402100000003,-3.9081374650000007,2.582433983333336,-3.693409345000001,2.5824339833333347,0.12411711360675216,0.006889208324576534,15.173893468125,0.010419750932108337,-0.02138252155546065,0.03096009538513996
BCC,Os-Zr,Os,Zr,curated,-0.009114578421447058,-0.04819880871549016,-0.05092636430965183,-0.1475409209498686,-0.8867477512747364,-1.049493899099609,-3.5469910050989455,-3.1920928534652737,4.810415883465282,-3.359103748351708,4.810415883465281,0.4109271399050378,0.004167552508444743,18.397710958149737,0.03197062628143141,-0.01865449564686721,0.04181178588820477
BCC,Os-Zr,Os,Zr,raw,-0.04866632033270214,-0.07085755514998877,-0.06114629622665762,-0.8205309767187501,-1.335407770937497,-1.2738238826562522,-5.341631083749988,-5.584946291666673,2.4175621650000116,-5.470445017352939,2.4175621650000094,0.10469612860145561,0.001958899314823008,18.846370977812498,0.010736722513205023,-0.013069454370670957,0.012479975893955476
BCC,Pb-Re,Pb,Re,curated,-0.07233452614310194,-0.11741030106640958,-0.09347915542402768,-1.9496445087499978,-2.6854996924999988,-1.7566966287499994,-10.741998769999995,-9.88357636666666,-1.0290553599999914,-10.287539850588232,-1.029055359999995,0.042996799561854315,0.024382357363607426,22.872777499999998,0.002392307457570082,0.013698532105185384,0.02114462928092574
BCC,Pb-Re,Pb,Re,raw,-0.1725143444204617,-0.19901822974660133,-0.1562343397088356,-5.212738290156249,-5.015889801562501,-3.1543830654687497,-20.063559206250005,-22.312323614999997,-10.977894531666664,-21.254081540294116,-10.977894531666664,2.285738381287936,0.16732526578877333,25.2031676090625,-0.04801457683632638,0.030090739142109232,-0.016280004711626106
BCC,Pb-Ti,Pb,Ti,curated,-0.0049614234343934695,-0.0674501660946414,-0.05928251939868631,-0.13679223318391465,-1.6261411238678285,-1.223970043301744,-6.504564495471314,-3.628699403961756,5.798281653961756,-4.9820476823191955,5.798281653961756,0.8646373550425844,0.2736595596362849,24.10877864386783,0.03927340531905009,-0.00021137837183217906,0.05432109596429284
BCC,Pb-Ti,Pb,Ti,raw,-0.10689624098693405,-0.14210270918251175,-0.10476532878708501,-3.283640324843752,-3.7240398534374997,-2.2729194107812525,-14.896159413749999,-14.817492628333346,-5.3905115416666645,-14.854512292058828,-5.390511541666664,0.5109831483857485,0.00020476532408127948,26.2066773734375,-0.015971423809307276,0.023973373235620325,-0.002130912199849039
BCC,Pb-Zn,Pb,Zn,curated,0.08069091699851073,0.10910464883943068,0.10617341000082424,2.190236565345945,2.537066143816883,2.055887644787827,10.148264575267532,11.322997893690058,0.716527576309962,10.770182214432399,0.7165275763099627,0.054686526980168536,0.04566171075260285,23.253510925558118,0.010589518979619727,0.007906015171541275,-0.025482493002313505
BCC,Pb-Zn,Pb,Zn,raw,-0.031581363128373015,0.01732319529335275,0.04932964275191929,-0.95661152328125,0.4391674203124971,1.0069382864062497,1.7566696812499885,0.13420470166666595,-10.472265651666666,0.8977176332352884,-10.472265651666666,2.014865153627235,0.08710122606532646,25.351409649062504,-0.042455295835768965,0.03319362013407651,-0.0809110058802923
BCC,Pd-Pt,Pd,Pt,curated,0.043265877065645,0.04348199473348763,0.043907487583540156,0.6408000887500016,0.6481208724999998,0.6586232906249982,2.5924834899999993,3.4651290116666664,-0.09505707666664875,3.0544722955882353,-0.09505707666664846,0.025355862153582574,0.02519702889104413,14.9055,0.010445752873757356,0.01150198405026572,-0.0006416105178951581
BCC,Pd-Pt,Pd,Pt,raw,-0.0023260399252164198,-0.0024112101018174733,-0.002292537137109958,-0.03602471734375001,-0.03759369406249924,-0.035981036406250055,-0.15037477624999696,-0.1920153433333335,-0.00023296499999977036,-0.17241978235293984,-0.00023296499999980898,5.737386372978527e-05,5.7372909717634786e-05,15.591214566562499,-0.0005055308461719265,-0.0004960712407483898,-3.350278810646196e-05
BCC,Pd-Re,Pd,Re,curated,0.029895977828746173,0.028459880470980078,0.029775490977367054,0.43991931374999993,0.4187586812500008,0.43808679875000145,1.6750347250000033,2.341349633333337,0.009773413333325228,2.027789676470592,0.009773413333325742,0.014692046752691031,0.01469036769707842,14.713999999999999,0.008552518030071309,0.008429129872391819,0.00012048685137911949
BCC,Pd-Re,Pd,Re,raw,-0.01156244351986522,-0.009665954711718145,-0.005097869793546119,-0.17727766156249913,-0.14770022375000025,-0.07763403593749985,-0.590800895000001,-0.679764526666664,-0.5314326699999962,-0.6378992882352933,-0.5314326699999965,0.00522630382058977,0.00026187775674226156,15.280458905,-0.004337440606657971,0.0021762255828810333,-0.006464573726319102
BCC,Pd-Rh,Pd,Rh,curated,0.04516639053918706,0.046408737662451766,0.048297319929257884,0.6538060862500021,0.6606283806250008,0.6758968437499995,2.6425135225000034,3.545874480000004,-0.11781737333331914,3.120763441176475,-0.11781737333331742,0.027246019812204002,0.027002019028742153,14.235,0.010938123089444338,0.012892604829129219,-0.0031309293900708274
BCC,Pd-Rh,Pd,Rh,raw,-0.0018542884788903884,-0.0023616259510648857,-0.0023101959562871273,-0.028106214999999324,-0.03526117624999969,-0.033969968750000135,-0.14104470499999877,-0.16553648999999857,0.03127335333333766,-0.15401094411764574,0.03127335333333761,3.703970031582402e-05,1.9847896295499742e-05,14.930889556875,-0.00010953933161550472,-0.000511690619422268,0.00045590747739673886
BCC,Pd-Ru,Pd,Ru,curated,0.04310873546839006,0.04211257004100831,0.04393918693283291,0.6220482756250014,0.595619134375001,0.6088762981249989,2.382476537500004,3.282465530000001,0.07025054666668022,2.8589412982352966,0.07025054666668125,0.026887565494124542,0.026800814998494238,14.1435,0.012150863656248422,0.01170231808935742,-0.0008304514644428551
BCC,Pd-Ru,Pd,Ru,raw,-0.0028075211665373277,-0.00441063030717574,-0.0033435231098780803,-0.042377217187500094,-0.06529680562499962,-0.04853008906250089,-0.2611872224999985,-0.24241948333333596,0.032815316666670924,-0.251251360588236,0.03281531666667086,3.0583520202333875e-05,1.165460404724598e-05,14.80441594,0.00043694914203099033,3.0487470350276056e-05,0.0005360019433407527
BCC,Pd-Si,Pd,Si,curated,0.00853020924980788,0.0029424641764042307,0.014795145100680682,0.12541975432290897,0.04322485927081665,0.2171488010937228,0.1728994370832666,0.9135161477776848,-0.4892215827776738,0.5649906368626646,-0.4892215827776737,0.02235643992779393,0.01814933091705285,14.690020567604183,0.006325310808784055,0.012586343826000095,-0.006264935850872802
BCC,Pd-Si,Pd,Si,raw,-0.024699584902129285,-0.019351897865117037,0.0033794772540573135,-0.37553153984375065,-0.2907426834375002,0.0501650098437505,-1.1629707337500008,-0.8676440800000004,-2.2703815983333393,-1.00662132882353,-2.2703815983333397,0.09349466036871772,0.0028858841607961538,15.0239881103125,-0.010357466799561862,0.01806937199126064,-0.028079062156186597
BCC,Pd-Ta,Pd,Ta,curated,0.025233956301217483,0.015346982791587723,0.004624792295050665,0.3939420373322182,0.2533352340394366,0.0804841182466518,1.0133409361577463,1.2651364148769868,1.6717755684563542,1.146644424891462,1.6717755684563542,0.051225759503767426,0.0020978259850406716,16.507168704085565,0.013063415423044816,-0.006293102414871038,0.020609164006166816
BCC,Pd-Ta,Pd,Ta,raw,-0.006641365531767118,-0.004787816658660282,-0.004923216538101332,-0.10700923874999901,-0.08063227249999727,-0.08649961875000045,-0.3225290899999891,-0.5160236199999986,-0.10938463999999233,-0.42496737058822953,-0.1093846399999926,0.0014491501910490865,0.001238827934776916,16.841136210625,-0.002888126080774805,-0.0014812637594654341,-0.001718148993665786
BCC,Pd-Ti,Pd,Ti,curated,0.013550859441458988,-0.014874332365426884,-0.0191498831906405,0.20777533556608674,-0.23724561824282908,-0.31725614767674415,-0.9489824729713163,-0.29194883229508645,2.8001679106284314,-0.601141133789783,2.800167910628431,0.15211299553934216,0.014283966341258642,15.95000114386783,0.025155516523897185,-0.008409604609489231,0.03270074263209949
BCC,Pd-Ti,Pd,Ti,raw,-0.01851565248135656,-0.035078251214292144,-0.028937512445410974,-0.2931759500000002,-0.5712131437499988,-0.48423991312499837,-2.284852574999995,-2.0731089683333295,1.0190078033333236,-2.1727530185294075,1.019007803333323,0.01973624177706632,0.001483522774550984,16.283968669375,0.008540755272565972,-0.0033363274621610877,0.010421859964054415
BCC,Pd-V,Pd,V,curated,0.04040245168723242,0.026961228539908927,0.008675813268088117,0.5819834004425033,0.37997298213500663,0.11956976945251085,1.5198919285400265,1.870808453053371,2.4662060319466264,1.705671265047091,2.4662060319466264,0.11098774800601532,0.00407456494334089,14.093311125364993,0.020618588382681123,-0.012001913144384329,0.031726638419144304
BCC,Pd-V,Pd,V,raw,0.005436352332279303,0.00318878487240979,-0.003399105153883901,0.08103213046874913,0.04600548781250069,-0.04741394921874864,0.18402195125000276,0.08964848333333464,0.6850457583333215,0.13405952705882554,0.6850457583333216,0.008543893145821328,0.0002946954522778143,14.427278619687499,0.0031215109275146563,-0.0058727045899214705,0.008835457486163205
BCC,Pd-W,Pd,W,curated,0.02533910311919347,0.016963855867416056,0.01104955739850703,0.38211930706017405,0.2619973309953494,0.17467877118052222,1.0479893239813975,1.4847948753085234,1.1063495246914765,1.2792393217428173,1.1063495246914767,0.027828993135929403,0.006313205172910843,15.444444532129651,0.012308923936178811,-0.0013802066514857416,0.01428954572068644
BCC,Pd-W,Pd,W,raw,-0.007626638691895931,-0.004561308159591199,0.0004816703979819723,-0.11883198109375037,-0.07197019968749885,0.007694997968750172,-0.2878807987499954,-0.29636528833333387,-0.6748105550000029,-0.29237258735293925,-0.674810555000003,0.00800692012369199,2.381908350764748e-06,15.7784120628125,-0.004162352155468181,0.003860415415241872,-0.008108309089877903
BCC,Pd-Zn,Pd,Zn,curated,0.015706902703723675,-0.013663034218207184,-0.03551877373699523,0.23411714472094225,-0.20623985930811628,-0.5428724945871757,-0.8249594372324651,-0.8233475996432892,4.143944742976629,-0.8241061114499604,4.143944742976629,0.3018565357599904,8.596391075339464e-08,15.094733425558116,0.02608436589947806,-0.025398459614405646,0.051225676440718904
BCC,Pd-Zn,Pd,Zn,raw,-0.01731978645992411,-0.03501314729449499,-0.04594216533777089,-0.26683413781249854,-0.540207378749999,-0.7098562509375022,-2.160829514999996,-2.604507703333335,2.3627846033333526,-2.395717967647058,2.362784603333352,0.10464772655455111,0.006513430195679358,15.428700945,0.008978225445696122,-0.019720345766795506,0.02862237887784678
BCC,Pd-Zr,Pd,Zr,curated,0.0070289482434770095,-0.019203427300860325,-0.013751672360638277,0.11767587842512839,-0.36039477127473774,-0.2859359990996069,-1.441579085098951,-0.44869365513194265,2.1525966801319214,-0.9159338574693585,2.152596680131921,0.11407036682984059,0.03261909299031963,18.76721095814974,0.023174118955682187,-0.0007521790369655745,0.020780620604115285
BCC,Pd-Zr,Pd,Zr,raw,-0.022228454759342958,-0.03635180255813475,-0.021608971347684438,-0.38327539265625177,-0.6943622678124974,-0.45291972109374967,-2.7774490712499897,-2.2298536366666704,0.37143641833332214,-2.487545605882351,0.37143641833332086,0.012347029623330211,0.009921863381575177,19.1011784546875,0.007974241302808839,0.0032372436402157236,-0.0006194834116585203
BCC,Pt-Re,Pt,Re,curated,0.04194366801673419,0.03867568540946747,0.03569668767199619,0.6291235625000002,0.5764030774999984,0.5285876268750016,2.3056123099999937,3.087229838333338,0.5361916566666594,2.7194098249999996,0.5361916566666597,0.025268199107545977,0.020214461931549046,14.903500000000001,0.013122073061986527,0.0065023598284683895,0.006246980344737994
BCC,Pt-Re,Pt,Re,raw,-0.0009424397272772478,-0.0005059065579503306,0.00025938808926836027,-0.014742694218748298,-0.00783534843750111,0.003977031718751078,-0.03134139375000444,-0.028708433333325917,-0.09983853833333,-0.029947473529409935,-0.09983853833333,0.00017544345313534552,2.2938354780207176e-07,15.4877384259375,-0.0005667785590236486,0.0006426631428163652,-0.001201827816545608
BCC,Pt-Rh,Pt,Rh,curated,0.05006078884296814,0.0504533625515616,0.05167822209308518,0.7388847281249991,0.7277645281250003,0.7281073906250004,2.911058112500001,3.911978983333332,0.05747913333332614,3.440957397058823,0.057479133333326445,0.03320727883645542,0.03314920333466096,14.4245,0.013080257594556064,0.012937806805277088,-0.0016174332501170396
BCC,Pt-Rh,Pt,Rh,raw,0.001959044212804895,0.0009311198890730109,0.000631470388007473,0.030303145468749904,0.014095450312501256,0.009350817656249788,0.056381801250005026,0.10574390166666585,0.11174574833333395,0.08251467794117838,0.11174574833333394,0.00030012337559410265,8.062335521286969e-05,15.138169077812499,0.0012756099537262198,-8.243986603535191e-05,0.0013275738247974218
BCC,Pt-Ru,Pt,Ru,curated,0.05114677522257708,0.05147375148259255,0.050455887955131916,0.7525736506249991,0.737773279999999,0.7039605487500005,2.951093119999996,3.884091198333332,0.2592698766666596,3.445033279117644,0.2592698766666595,0.029984443041231306,0.028802826204276787,14.333,0.013541096277354893,0.010796343803755822,0.0006908872674451644
BCC,Pt-Ru,Pt,Ru,raw,0.003990814552412759,0.0039354528085270915,0.002576524699822161,0.06147887640624994,0.05907781906249987,0.037664401093751465,0.23631127624999948,0.2643820733333371,0.12701053499999185,0.25117228647059003,0.12701053499999196,0.0003096371423520248,2.6072525147225107e-05,15.0116954609375,0.0011145995763759146,-0.0004544964157254855,0.0014142898525905984
BCC,Pt-Si,Pt,Si,curated,0.024836108870091456,0.01830276855416615,0.019191936948599837,0.3722252280729066,0.27233642114581436,0.2834990867187237,1.0893456845832574,1.7485981727776807,0.4732060872223087,1.4383617077450113,0.4732060872223093,0.018316769185370507,0.014380605105569285,14.879520567604185,0.011207713019776357,0.005364740491111376,0.005644171921491619
BCC,Pt-Si,Pt,Si,raw,-0.010015890480145066,-0.005213659455177082,0.007200162118914114,-0.15539534749999895,-0.07941064249999918,0.10762553500000038,-0.31764256999999674,-0.12738616666666283,-1.4027780399999965,-0.21691859176470232,-1.4027780399999965,0.03578770367981873,0.0011977113642795071,15.231267631249999,-0.006177125463847117,0.011184598758186963,-0.01721605259905918
BCC,Pt-Ta,Pt,Ta,curated,0.027408048678566457,0.0072548975898284445,-0.00045563879044772975,0.4356738017072175,0.12113262153943438,-0.007972541128349775,0.4845304861577375,1.1405366948769806,2.3661138284563585,0.8318278907738075,2.366113828456359,0.11265036711195064,0.014239328356263807,16.696668704085564,0.02169274842174787,-0.005647777683817235,0.027863687469014187
BCC,Pt-Ta,Pt,Ta,raw,-0.005598502646838743,-0.013527028526794702,-0.010402428649457441,-0.09194675578124745,-0.2306144059375015,-0.18384603859375304,-0.922457623750006,-0.7354474516666679,0.49012950833336316,-0.8234522385294154,0.49012950833336305,0.005379927473681432,0.0011571883829549897,17.0484157315625,0.004932826199977124,-0.000615911402533518,0.004803926002618698
BCC,Pt-V,Pt,V,curated,0.0424930109005694,0.034894920431657636,0.009342312008443229,0.624175824192502,0.49839755776000594,0.1296406169525106,1.9935902310400238,2.0101771763867,2.6375211052799536,2.0023715550470884,2.6375211052799554,0.12229163905878662,9.103458836039236e-06,14.282811125364994,0.01704535813128159,-0.017594763722300063,0.03315069889212617
BCC,Pt-V,Pt,V,raw,0.006345421556058554,0.010020838421687854,-0.0032899886524444897,0.09655527281250009,0.14665054249999976,-0.04623286218749989,0.586602169999999,0.13419309500000054,0.76153672,0.3470914832352941,0.7615367200000002,0.016966526264128774,0.006772300515739664,14.634558140625,-0.0008827661426668094,-0.011116866513852507,0.009635410208503043
BCC,Pt-W,Pt,W,curated,0.03179223254312799,0.0225244803636499,0.013406943348157141,0.4884708751851736,0.35214647662034615,0.213216208055524,1.4085859064813846,1.871165555308527,1.4680248913581313,1.6534810146839898,1.4680248913581317,0.044962784210317484,0.007080218321990373,15.633944532129654,0.014602585356312906,-0.0032001707592492702,0.01838528919497085
BCC,Pt-W,Pt,W,raw,-0.002463470027511993,2.4986407244681412e-05,0.00232240811654319,-0.039149694375000266,0.0003994249999994537,0.03734267437500094,0.0015976999999978148,-0.004818719999998204,-0.4079593000000064,-0.0017992282352941767,-0.40795930000000646,0.002926903495884798,1.3622573917174265e-06,15.98569158375,-0.0024823202037032653,0.0023037773969146165,-0.004785878144055183
BCC,Pt-Zn,Pt,Zn,curated,0.02125619935487288,-0.009868333725582911,-0.03286041097295041,0.3228735209709406,-0.1508299161831168,-0.5053553358371747,-0.6033196647324672,-0.4866181729766244,4.417220569643281,-0.5415365220381977,4.417220569643281,0.34343215618220035,0.0004506365573615858,15.284233425558117,0.028703552324758384,-0.02550469607100593,0.05411661032782329
BCC,Pt-Zn,Pt,Zn,raw,-0.013026910478219394,-0.032142337198319486,-0.04379562554494055,-0.2047470429687479,-0.5025769565624998,-0.6812288526562522,-2.010307826249999,-2.362602388333334,2.541236318333356,-2.196816712058824,2.5412363183333553,0.11762408662220644,0.004106629140666898,15.6359804659375,0.010955212511054854,-0.019562940620517288,0.030768715066721155
BCC,Pt-Zr,Pt,Zr,curated,0.0009692268294777078,-0.034633355021298384,-0.03314421018385491,0.016501915925129396,-0.6565345006497374,-0.6923018922246058,-2.6261380025989496,-1.802133270131937,3.7802869767985876,-2.1899002030575905,3.7802869767985863,0.2736677949302256,0.022466375706442266,18.95671095814974,0.02988999830510041,-0.009570335411647132,0.034113437013332616
BCC,Pt-Zr,Pt,Zr,raw,-0.029117801832723594,-0.05221968110544373,-0.04121716956004117,-0.5111186365625002,-1.008281518124999,-0.8681753746874996,-4.033126072499996,-3.678117363333333,1.9043026033333301,-3.845180285294117,1.904302603333328,0.0679149065770617,0.004170149456829505,19.308457975625,0.013962619232256559,-0.005315572219953491,0.012099367727317577
BCC,Re-Rh,Re,Rh,curated,0.03529263499740905,0.03817116841143815,0.041003961124807885,0.5107726600000024,0.5432902399999993,0.5737889299999992,2.173160959999997,2.8921642400000045,-0.3360867733333161,2.553809755294119,-0.3360867733333152,0.01909100841388904,0.017105483271532794,14.233,0.00713801900155488,0.011885607603530192,-0.005711326127398837
BCC,Re-Rh,Re,Rh,raw,-0.0012615104932336945,-0.003447882298471011,-0.005824198080020312,-0.018925430312499714,-0.05112317624999996,-0.08533981218749886,-0.20449270499999983,-0.2780406466666629,0.3542100366666621,-0.24342985058823327,0.35421003666666206,0.0023844192419434675,0.00017898418202435968,14.82741341625,0.0012942737962871275,-0.00320744016837641,0.004562687586786617
BCC,Re-Ru,Re,Ru,curated,0.035849561058450614,0.03891119108651839,0.04346475223274705,0.5171926550000023,0.5502626087499998,0.6022584731250014,2.201050434999999,2.985203008333343,-0.4536843633333281,2.6161900326470633,-0.453684363333328,0.023963895693357377,0.02034579898671967,14.1415,0.007243190492488088,0.01368057855209754,-0.007615191174296439
BCC,Re-Ru,Re,Ru,raw,0.00033344842596545754,-0.0006242587719044817,-0.0003049069111351711,0.0049813731250001325,-0.009177190624999554,-0.004409843749998643,-0.036708762499998215,0.001524078333337305,0.05008648999999347,-0.016467846764702945,0.05008648999999347,9.246420904841215e-05,4.836673185178129e-05,14.700939799375,0.0007941827995862309,0.00017099240724228703,0.0006383553371006286
BCC,Re-Sc,Re,Sc,curated,-0.0836330547686605,-0.1333437157526327,-0.11361987917415235,-1.4427747354917315,-2.63893880473346,-2.537103494600192,-10.55575521893384,-10.613008613578463,5.836420048578456,-10.586065839628052,5.8364200485784545,0.5988861781264645,0.00010846162053307645,19.79049998598346,0.03109510141446482,-0.0249845784917159,0.029986824405491858
BCC,Re-Si,Re,Si,curated,-0.0063918063312938134,-0.02913797582590076,-0.03582002125465038,-0.09395961880209036,-0.4279791882291839,-0.5256957370312776,-1.7119167529167356,-1.6524142822223145,2.302592630555665,-1.6804154449020423,2.3025926305556648,0.09331518824536462,0.00011715035356126515,14.688020567604184,0.015443851261788278,-0.01394868598547365,0.029428214923356566
BCC,Re-Si,Re,Si,raw,-0.029417511719354746,-0.04426594688267473,-0.043397069736307435,-0.44269670203125067,-0.6604705903124994,-0.6419414579687484,-2.6418823612499978,-2.892368426666664,1.062638698333321,-2.774492631176469,1.0626386983333196,0.021925300431029235,0.0020760640467327274,14.9205119696875,0.003499044765578499,-0.009909800869221289,0.013979558016952689
BCC,Re-Sn,Re,Sn,curated,-0.08498191729750577,-0.11863209166273658,-0.08468426782926611,-1.5156730606250015,-2.486348794999998,-2.039343334375001,-9.945395179999991,-9.480043720000007,2.792908126666665,-9.69903264235294,2.7929081266666644,0.14428060071615953,0.0071653229114597514,20.958484,0.019572963216590886,-0.007249552549721842,-0.0002976494682396663
BCC,Re-Sn,Re,Sn,raw,-0.1119055309603955,-0.1438133700277221,-0.11025601950736161,-2.056369103593749,-3.102758116562498,-2.7314659345312506,-12.411032466249992,-12.767560101666666,3.6005164316666765,-12.599782390882353,3.6005164316666702,0.23208377584056955,0.004205910269640581,21.5748933215625,0.01473119267136969,-0.016323557701358786,-0.0016495114530338945
BCC,Re-Ti,Re,Ti,curated,-0.011250764342741042,-0.03993535165456894,-0.035979710910460774,-0.17247422380891386,-0.6368890338678295,-0.5960399526767439,-2.547556135471318,-2.0493711372950876,2.259017220628427,-2.283811136436843,2.2590172206284262,0.0979160759521043,0.008212112616436238,15.94800114386783,0.019908189184983018,-0.0071455490169942265,0.024728946567719734
BCC,Re-Ti,Re,Ti,raw,-0.03324319279950278,-0.05373015791733529,-0.04269722359743324,-0.5212112984374997,-0.8693804187500014,-0.7122856478125001,-3.4775216750000055,-3.2893251899999996,1.019063196666669,-3.3778882417647083,1.0190631966666686,0.019426619864750225,0.0011719163702103574,16.18049252875,0.008344040099024425,-0.003611643699187482,0.00945403079793046
BCC,Re-V,Re,V,curated,0.021725513584580254,0.008626129946574327,-0.0012119331630033585,0.31288336356750435,0.12155348088500695,-0.01670161054748931,0.4862139235400278,0.7898180080533734,1.7577865286132994,0.646945497694152,1.7577865286133,0.05736305023265626,0.003049922651465738,14.091311125364992,0.0153953309005851,-0.007827224581044775,0.022937446747583613
BCC,Re-V,Re,V,raw,-0.002430694313584378,-0.007745001578642417,-0.009566469568718452,-0.035853695468748725,-0.11093787281250123,-0.13294725890624903,-0.4437514912500049,-0.45013587833332735,0.517832338333335,-0.4471314608823521,0.517832338333335,0.004714928720149872,1.348689653923709e-06,14.3238024790625,0.0032100643254003025,-0.003579412409678748,0.007135775255134074
BCC,Re-W,Re,W,curated,0.021951213474188234,0.013036939679561389,0.004838266592844493,0.3309633245601731,0.20132221787034688,0.07648170618052141,0.8052888714813875,1.0865200819751852,1.3572352980248088,0.9541759829192806,1.357235298024809,0.03499742845760105,0.0026169814110377247,15.442444532129652,0.011936659019910154,-0.004713532880813829,0.01711294688134374
BCC,Re-W,Re,W,raw,-0.0011521975561274624,-0.001988472064079228,-0.0024971247936722745,-0.017773752656250252,-0.031169172187501815,-0.039763996718749084,-0.12467668875000726,-0.15343399833333157,0.11728130166666044,-0.13990114676470838,0.1172813016666604,0.00026914882023707523,2.736340327294266e-05,15.674935922187501,0.0003632271004795913,-0.0010290886474663282,0.001344927237544812
BCC,Re-Zn,Re,Zn,curated,-0.006359260720499699,-0.03516859442168855,-0.04982599416639214,-0.09476803527905808,-0.5307902205581154,-0.761495658337175,-2.1231608822324617,-2.283369849643288,3.555880656309957,-2.2079773943911345,3.5558806563099568,0.2231121345388838,0.0008492728645205505,15.092733425558116,0.020354124682720492,-0.0237780940796824,0.04346673344589244
BCC,Re-Zn,Re,Zn,raw,-0.02908019728574527,-0.04980557278070733,-0.056998612433630705,-0.44350510687500133,-0.7632815993750004,-0.877741344375,-3.0531263975000016,-3.5233238700000036,2.3159265999999925,-3.302054471176474,2.3159265999999916,0.10159588942138831,0.007315334442310697,15.325224804375,0.008455525218336429,-0.019824228140947007,0.027918415147885435
BCC,Rh-Ru,Rh,Ru,curated,0.05014657181806578,0.048950967657822496,0.04824109015550701,0.6874217431250003,0.6687925956249998,0.6568868643750001,2.6751703824999993,3.5848229533333344,0.16285268666666752,3.1567511552941188,0.16285268666666924,0.027845638662393236,0.027379449252254634,13.6625,0.013555873025823895,0.01140451412093563,0.0019054816625587723
BCC,Rh-Ru,Rh,Ru,raw,-0.0013136338868875131,-0.0013990200931125693,-0.0010146026625942836,-0.018935516562500254,-0.02007785562500075,-0.014496778437500524,-0.080311422500003,-0.08915278666666875,-0.023673269999998563,-0.08499214470588486,-0.023673269999998567,1.2437696170238088e-05,2.5864980990750303e-06,14.35137045125,-0.0002689719375561915,3.9306272973766136e-05,-0.00029903122429322956
BCC,Rh-Sc,Rh,Sc,curated,-0.06461463215100752,-0.1217263070677908,-0.09323341509536587,-1.068257559241733,-2.3507175772334605,-2.059549445850191,-9.402870308933842,-8.34081868024513,5.286890061911777,-8.840607681980995,5.286890061911775,0.5286517983970072,0.037321996169129054,19.31149998598346,0.04202450433097225,-0.013422721028838777,0.02861878294435835
BCC,Rh-Si,Rh,Si,curated,0.001920132734445073,-0.028924257483039336,-0.018906572532256843,0.02684635557290882,-0.4109853694791852,-0.2729453176562764,-1.6439414779167407,-0.6562638988889802,1.5988889238889878,-1.1210533478432207,1.5988889238889872,0.07721532881961274,0.032277805150835455,14.209020567604185,0.02396632237008773,0.0024447500453112325,0.020826705266701915
BCC,Rh-Si,Rh,Si,raw,-0.035528967938061665,-0.05304443531976645,-0.031052274062462155,-0.5160367054687498,-0.7729074234375002,-0.45390636453124955,-3.0916296937500007,-2.5865148533333318,-0.33136181833333467,-2.824215954705883,-0.331361818333336,0.010372255140160944,0.008442165507655934,14.5709426215625,0.004381860267642043,0.008604362767710125,-0.00447669387559951
BCC,Rh-Ta,Rh,Ta,curated,0.02495986782514296,0.010564472413252101,-0.0007070674499239098,0.3716545373322173,0.1693080171644361,-0.012134870503345496,0.6772320686577444,0.9587191115436582,2.0468768417896683,0.8262546207738164,2.0468768417896683,0.07626889962829005,0.0026217448449040682,16.026168704085563,0.01643197705762649,-0.008105921927715469,0.02566693527506687
BCC,Rh-Ta,Rh,Ta,raw,-0.011094982659036384,-0.011753291087649168,-0.011133799224424371,-0.17122850562499892,-0.19261400062499945,-0.1930958631249986,-0.7704560024999978,-0.9715316499999934,0.11662590666666499,-0.8769078158823485,0.11662590666666477,0.0015768948684791988,0.0013378042064628027,16.388090721875,-0.001734469105722447,-0.0028042877473310303,3.881656538798697e-05
BCC,Rh-Ti,Rh,Ti,curated,0.0036948310630590137,-0.02815421393840129,-0.035167014008643555,0.053987026191085974,-0.4355175676178291,-0.5741543145517429,-1.7420702704713165,-1.387112768961752,3.3500871506284207,-1.5541515932015473,3.3500871506284207,0.20144971848576557,0.004168946510666226,15.469001143867828,0.026049699688995044,-0.015160390336333379,0.038861845071702567
BCC,Rh-Ti,Rh,Ti,raw,-0.03226103009980804,-0.05037227426831073,-0.04574387643100309,-0.48889602624999995,-0.7974396043750005,-0.755115335624998,-3.189758417500002,-3.317363631666661,1.4198363166666563,-3.257314119117645,1.4198363166666557,0.0359751390778691,0.0005387787358186433,15.830923180625,0.007204758684849077,-0.009513008440295035,0.01348284633119505
BCC,Rh-V,Rh,V,curated,0.03493322538999139,0.01887037428981185,0.0008114954203750014,0.47799675731750213,0.2568694058850074,0.010988838202511175,1.0274776235400296,1.3039615880533688,2.4907089019466184,1.1738514871059156,2.4907089019466193,0.11157757488929639,0.0025293766312394135,13.612311125364993,0.020853720590735324,-0.013415327925415289,0.03412172996961639
BCC,Rh-V,Rh,V,raw,-0.004561092610376373,-0.0075175931804746365,-0.012386447957760154,-0.06488627953125103,-0.10505259968749847,-0.16997213609374917,-0.4202103987499939,-0.6262891083333338,0.5604579016666568,-0.529310892058821,0.5604579016666567,0.006926724179486273,0.0014052055547493065,13.974233130937499,0.0009773044081878796,-0.006644792639595638,0.00782535534738378
BCC,Rh-W,Rh,W,curated,0.03253056780784059,0.022088430176330984,0.012458881555856467,0.46709738831017233,0.3305189997453475,0.1939619461805222,1.32207599898139,1.7628248919751854,1.4567223580248008,1.5554136482133998,1.456722358024802,0.04372919178572865,0.006427706912048916,14.963444532129653,0.01526654910090675,-0.003463946932707751,0.020071686251984123
BCC,Rh-W,Rh,W,raw,-0.005085738421180286,-0.002049089138307931,0.000825500782426503,-0.07578566671875109,-0.0314030421874989,0.013000917343749308,-0.1256121687499956,-0.16742599833333807,-0.47352844833333546,-0.14774890205882396,-0.4735284483333355,0.003999380104375428,5.78513496317032e-05,15.3253665740625,-0.0035052186628637054,0.0023209665567406755,-0.005911239203606789
BCC,Rh-Zn,Rh,Zn,curated,0.00878260401366491,-0.030231496176771424,-0.05025134169251674,0.12457128472094148,-0.44179502618311695,-0.7559610908371734,-1.7671801047324678,-1.6837061496432852,4.696172669643279,-1.7229880108617246,4.696172669643278,0.38789918775670007,0.000230555553691463,14.613733425558117,0.032143389640535536,-0.02822561204068071,0.05903394570618165
BCC,Rh-Zn,Rh,Zn,raw,-0.02840489391362909,-0.05366823904456036,-0.06154017140870227,-0.4183117646874983,-0.8037170568749996,-0.9369221028125008,-3.2148682274999985,-3.6139569799999975,2.7659218033333466,-3.4261505082352923,2.7659218033333466,0.13974836527031487,0.005270023865250179,14.97565545625,0.012526594866330471,-0.02194705692054661,0.03313527749507318
BCC,Rh-Zr,Rh,Zr,curated,-0.0066176597097532715,-0.03952492716664309,-0.03167349793454791,-0.10601560657487141,-0.7227611562747391,-0.6509637522246088,-2.8910446250989565,-2.0186116234652807,2.9063901101319325,-2.4291683301164224,2.9063901101319316,0.17366899837448455,0.02518475765094086,18.286210958149738,0.027219250285258685,-0.005298326607181189,0.02505583822479464
BCC,Rh-Zr,Rh,Zr,raw,-0.03917763052627891,-0.05816577809927527,-0.04012509518867201,-0.6488986445312506,-1.0846831640625005,-0.8319247298437489,-4.338732656250002,-3.9488623316666653,0.9761391216666576,-4.132330719705883,0.9761391216666561,0.021778648327101774,0.005029374374692826,18.6481329659375,0.009938648954948994,-0.0008880581891838944,0.0009474646623931007
BCC,Ru-Sc,Ru,Sc,curated,-0.0745133309300686,-0.13044967860623902,-0.10352243427620168,-1.2216833167417303,-2.5072428209834605,-2.2821003002251885,-10.028971283933842,-9.34342297857845,5.65555724524511,-9.666033945804518,5.655557245245109,0.5777927817491257,0.01555069231904724,19.21999998598346,0.040178634337314986,-0.018220789079846755,0.02900910334613309
BCC,Ru-Si,Ru,Si,curated,-0.004049146958951724,-0.034510047791052316,-0.036254089157385275,-0.05605744442709337,-0.48719630947918446,-0.5217246520312759,-1.9487852379167379,-1.5407522572223182,2.4835584405556403,-1.7327677775491042,2.48355844055564,0.1139318646336787,0.005508890514740273,14.117520567604185,0.022344262628767913,-0.010863025539480101,0.03220494219843355
BCC,Ru-Si,Ru,Si,raw,-0.038122927672970146,-0.056363771233009285,-0.04707893919949875,-0.5464800801562504,-0.8141447465624996,-0.6851988904687492,-3.2565789862499983,-3.2844772549999988,0.7398336549999934,-3.2713486579411755,0.7398336549999927,0.009647207184144364,2.5753016886857325e-05,14.4444690046875,0.004473658756570621,-0.005124984417713353,0.008956011526528605
BCC,Ru-Sn,Ru,Sn,curated,-0.07569716028606749,-0.11306971559816792,-0.06762605322317473,-1.2852993275000006,-2.305263552499998,-1.6092617525000001,-9.221054209999991,-7.718829546666669,1.7277995999999973,-8.4257588,1.7277995999999916,0.12714535012705128,0.07466952372111113,20.387984,0.026128481162746076,0.0050295645403545565,-0.008071107062892754
BCC,Ru-Sn,Ru,Sn,raw,-0.11140839120678384,-0.14295233427845866,-0.09572177285460919,-1.9676809229687482,-3.0161299090624993,-2.348612870156252,-12.064519636249997,-11.510116781666667,2.0316370516666873,-11.771012242647059,2.0316370516666833,0.08272465774745552,0.01017008355342389,21.0988503565625,0.016669607968639324,-0.0035260860758641443,-0.01568661835217465
BCC,Ru-Ta,Ru,Ta,curated,0.02404017107791284,0.005798258784366758,-0.005105539897184773,0.3546606617072179,0.09239333278943818,-0.08738898925334837,0.3695733311577527,0.7127244598769854,2.3575981384563534,0.5512415757738168,2.357598138456353,0.10160017590670697,0.0038962289495277583,15.934668704085563,0.01934310758905969,-0.009153971949271979,0.029145710975097612
BCC,Ru-Ta,Ru,Ta,raw,-0.00890636142967834,-0.014423846448387859,-0.014517563880365665,-0.1357619559375003,-0.2345550681249975,-0.25086317343750153,-0.93822027249999,-1.031000345000005,0.6138731600000066,-0.9873391344117627,0.6138731600000064,0.006908973358072076,0.0002848282230807798,16.261617105,0.0026342365831723575,-0.00433720897322189,0.005611202450687325
BCC,Ru-V,Ru,V,curated,0.03078477333153082,0.01205957223077506,-0.005851019614054505,0.41700763231750315,0.16305519838500615,-0.07896370304748856,0.6522207935400246,0.9014504780533722,2.645180455279956,0.7841659206353263,2.6451804552799563,0.12504907290180628,0.002055290149939725,13.520811125364993,0.02175684985879865,-0.014912516799829178,0.036635792945585326
BCC,Ru-V,Ru,V,raw,-0.00523035499793981,-0.011835357925306626,-0.017749065189825407,-0.0734149792187484,-0.16389319031249983,-0.24243786890624897,-0.6555727612499993,-0.8422742616666596,0.9014554116666696,-0.7544147320588196,0.9014554116666694,0.015437740135040645,0.0011533715158841542,13.8477595140625,0.003526913370873923,-0.008750004114460001,0.012518710191885597
BCC,Ru-Zn,Ru,Zn,curated,0.0011057066739644317,-0.03566237732735061,-0.05276813779390905,0.015531437845940133,-0.5178973680581169,-0.7914086227121739,-2.0715894722324677,-2.0690058263099567,4.303680322976608,-2.0702216596852563,4.303680322976606,0.3255763515382233,2.2087145689767517e-07,14.522233425558117,0.028758132449220028,-0.026869557500010174,0.05387384446787348
BCC,Ru-Zn,Ru,Zn,raw,-0.032667668790396766,-0.056895106478846866,-0.06298149190124844,-0.4748911862500016,-0.8448457818749997,-0.9548828262500013,-3.379383127499999,-3.812730700000008,2.559955413333332,-3.608802430588239,2.559955413333332,0.12140963086481546,0.006213643629870793,14.849181839375,0.010919909238573533,-0.021188682637470885,0.030313823110851672
BCC,Ru-Zr,Ru,Zr,curated,-0.012605774074356249,-0.04754037193909352,-0.0386719288625062,-0.2002156878248691,-0.8649833262747393,-0.7930284784746071,-3.459933305098957,-2.6486511101319365,3.1616682167986028,-3.0304309665870055,3.161668216798602,0.19749147737468037,0.021777974995715307,18.194710958149738,0.028239368385118018,-0.007036330738754393,0.02606615478814995
BCC,Ru-Zr,Ru,Zr,raw,-0.04218082027312896,-0.06435339807973696,-0.04627483157240643,-0.6906383004687484,-1.1919317171875008,-0.9565026476562508,-4.767726868750003,-4.392375861666665,1.4179431850000128,-4.569011629705884,1.4179431850000115,0.04000367337134447,0.00466174781862606,18.5216593490625,0.012417213357214475,-0.0030263056061069346,0.004094011299277472
BCC,Sc-Si,Sc,Si,curated,-0.06013490243197322,-0.09112821187114349,-0.05887844946066303,-1.3420763359022807,-1.8012876729626477,-1.0136090431480085,-7.205150691850591,-6.2818276774674375,-1.7518255613561184,-6.716332625412451,-1.7518255613561196,0.08215394186644834,0.02820856066178799,19.766520553587647,0.0003983114217124779,0.019596352486097018,-0.0012564529713101902
BCC,Sc-Sn,Sc,Sn,curated,-0.06537145703144104,-0.07804694197981647,-0.03934052167236249,-1.6638991714751903,-2.032106978483462,-1.0472830829917328,-8.128427913933848,-7.2298193452451285,-3.28861913857844,-7.652693965804525,-3.2886191385784427,0.21682636292613983,0.02671866263782021,26.03698398598346,-0.005493222082813986,0.017910581152110496,-0.02603093535907855
BCC,Sc-Ti,Sc,Ti,curated,-0.012433066681248292,-0.019909134210730657,-0.018840757172688658,-0.28531091278410514,-0.4186194329762891,-0.3599574081684729,-1.6744777319051565,-1.720715522540208,0.3981146420499613,-1.6989565622413603,0.39811464204996105,0.002856790076088988,7.074043950477147e-05,21.02650112985129,0.0012486479615744534,-0.00240733983185823,0.0064076904914403664
BCC,Sc-V,Sc,V,curated,-0.003064599866468847,-0.014654432415463397,-0.043430172942353795,-0.06748066728268753,-0.2809227013484552,-0.7087898329142206,-1.1236908053938208,-2.070054667191755,3.420315550034843,-1.624706967522139,3.420315550034842,0.23527269733743997,0.029633974375933434,19.169811111348455,0.006503870345533065,-0.030520293733695813,0.040365573075884946
BCC,Sc-W,Sc,W,curated,-0.0903757415307384,-0.11084726143357211,-0.07975535826892485,-2.051074945665018,-2.2746905018631125,-1.4632649218112093,-9.09876200745245,-9.371572979936607,-3.1349867938869806,-9.243191345826418,-3.1349867938869855,0.175222931337573,0.002462619266065295,20.52094451811311,-0.01520411946496634,0.01323126699428553,-0.01062038326181354
BCC,Sc-Zr,Sc,Zr,curated,-0.007827272059582762,-0.009373309786251616,-0.008882684015375139,-0.19064382055006135,-0.22349448913319847,-0.20724249084133817,-0.8939779565327939,-1.0610301637103987,0.08852624155347637,-0.9824173603327024,0.08852624155347599,0.0010611327781096418,0.0009233748503903849,23.8437109441332,-0.0009452544630421355,-0.0016982345882023157,0.0010554119557923767
BCC,Si-Ta,Si,Ta,curated,-0.018645142227604175,-0.023060001870895644,-0.009527309282007906,-0.29035362532405884,-0.38005625543975086,-0.16567765368044007,-1.5202250217590034,-1.2160834106786638,-0.6649385154326334,-1.3592088747164708,-0.664938515432634,0.010832780850856767,0.0030607318982165503,16.48118927168975,-0.00034107525774279123,0.006864069140336589,-0.009117832945596269
BCC,Si-Ta,Si,Ta,raw,-0.018645143595547517,-0.0230600020856379,-0.009527308458310122,-0.2903536470312478,-0.3800562590624992,-0.16567763921874956,-1.5202250362499967,-1.216083429999993,-0.6649387083333238,-1.3592088917647007,-0.6649387083333242,0.010832785263027347,0.0030607318009962916,16.4811892753125,-0.0003410764767239086,0.006864070133910652,-0.009117835137237395
BCC,Si-Ti,Si,Ti,curated,-0.049943297384920066,-0.062432400133302236,-0.039092462124548706,-0.7638343595901915,-0.9941748952220131,-0.6471370871038378,-3.9766995808880523,-3.7625905245174116,-0.6223854532605534,-3.86334772751536,-0.6223854532605538,0.008325980350595293,0.0015168536477181485,15.924021711472014,-0.0011902151675915787,0.005949861841046699,-0.01085083526037136
BCC,Si-Ti,Si,Ti,raw,-0.04994329932249123,-0.062432401463375004,-0.039092462936618395,-0.7638343907812501,-0.994174917812499,-0.6471371010937492,-3.976699671249996,-3.762590644999998,-0.622385545000005,-3.863347833823527,-0.6223855450000061,0.008325981931143594,0.0015168532209393396,15.9240217340625,-0.0011902160967821687,0.005949862014401349,-0.010850836385872836
BCC,Si-V,Si,V,curated,-0.06015917955832628,-0.07100623649852583,-0.043661476944051224,-0.864227908463775,-0.9988682810941771,-0.6011738705995828,-3.9954731243767085,-3.9077380775022874,-1.4029548686090247,-3.949025158384369,-1.4029548686090265,0.03485340807292538,0.0002546946545974709,14.067331692969177,-0.008010525520749472,0.010747155763539074,-0.016497702614275057
BCC,Si-V,Si,V,raw,-0.06015918057883577,-0.07100623593097416,-0.043661474666790476,-0.8642279240625008,-0.9988682724999993,-0.6011738378124996,-3.9954730899999973,-3.9077380316666677,-1.4029551266666733,-3.949025117941175,-1.4029551266666724,0.0348534208675394,0.0002546947211278484,14.067331684374999,-0.00801052704656624,0.010747157702231972,-0.016497705912045295
BCC,Si-W,Si,W,curated,-0.035219723147985355,-0.04055729117255852,-0.022651982098594727,-0.5297487705961039,-0.6253311784838367,-0.3578033944965693,-2.5013247139353467,-2.3668057735804617,-0.9170420058641847,-2.430108804335702,-0.9170420058641855,0.0153813492244898,0.0005987430434845941,15.418465099733837,-0.0040389179185251565,0.007039583601835269,-0.012567741049390627
BCC,Si-W,Si,W,raw,-0.03521972531464078,-0.040557292900359705,-0.022651983444575186,-0.529748804375,-0.6253312062499994,-0.35780341625000034,-2.5013248249999975,-2.3668059216666677,-0.9170420699999985,-2.4301089350000002,-0.9170420699999997,0.015381350962647573,0.0005987427139191764,15.4184651275,-0.004038918770704412,0.007039583533339053,-0.012567741870065593
BCC,Si-Zr,Si,Zr,curated,-0.010431328595904852,-0.025874372007653693,-0.010559499345086688,-0.17423068798114727,-0.4849175963789243,-0.2194245666516963,-1.9396703855156971,-1.0497473456875828,0.24103401957626147,-1.4685346585478722,0.24103401957626075,0.027225901979321374,0.026204658644677217,18.741231525753925,0.011342970388291289,0.0069424847747416195,0.00012817074918183673
BCC,Si-Zr,Si,Zr,raw,-0.010431329585693653,-0.025874371676091964,-0.010559497942135971,-0.17423070468749913,-0.48491758999999846,-0.21942453718749633,-1.9396703599999938,-1.0497473116666545,0.2410337733333184,-1.4685346285294025,0.24103377333331796,0.027225900393585536,0.02620465914556664,18.741231519375,0.011342969090289859,0.006942485972276167,0.00012816835644231805
BCC,Sn-Ta,Sn,Ta,curated,-0.0692257206921673,-0.09953762600414953,-0.06875509265138612,-1.7291415357927846,-2.2646454978355663,-1.4111979367533465,-9.058581991342265,-8.374238593456349,-1.6956991948770035,-8.696282545402665,-1.6956991948770075,0.06604014320298124,0.015496077117905762,22.751652704085565,-0.0012273613380579455,0.013996894315331417,-0.0004706280407811847
BCC,Sn-Ta,Sn,Ta,raw,-0.09020120318837242,-0.11448014244459874,-0.07738381240419943,-2.3050184367187505,-2.6485634209374993,-1.60315688203125,-10.594253683749997,-10.421800850000002,-3.7432616250000024,-10.502955124705883,-3.7432616250000046,0.24728886442570563,0.0009840434515280688,23.135570627187498,-0.012467462489092205,0.01850009821163182,-0.012817390784172988
BCC,Sn-Ti,Sn,Ti,curated,-0.03747394998435587,-0.0816567065926539,-0.06263122062235739,-0.9255963181839171,-1.8123285613678313,-1.2331613670517427,-7.249314245471325,-5.7566871606284264,1.6403469272950701,-6.45909990643685,1.6403469272950686,0.12101658747216447,0.07371845782963053,22.19448514386783,0.01755687867956843,0.006403753023430771,0.025157270638001522
BCC,Sn-Ti,Sn,Ti,raw,-0.059404050615155655,-0.09727200347509922,-0.07168179727535634,-1.5014732285937527,-2.1962465034375036,-1.4251203407812483,-8.784986013750014,-7.804249518333336,-0.40721540166669,-8.26577257500001,-0.40721540166669457,0.03474060475696216,0.031825723018307724,22.578403085937502,0.0057649127581132446,0.011169572599036521,0.012277746660200685
BCC,Sn-V,Sn,V,curated,0.012400063377268932,-0.05396250367111991,-0.07642498622759909,0.2947666379425051,-1.0974783441149931,-1.2919039161724903,-4.3899133764599725,-2.659032741946627,8.462242955279976,-3.473564805247025,8.462242955279976,1.3578923484213223,0.09913062477352896,20.337795125364995,0.04702610124199288,-0.027732452121093248,0.08882504960486802
BCC,Sn-V,Sn,V,raw,-0.011545869008853661,-0.07149004777783022,-0.08679505702921828,-0.28111025687499946,-1.481396255,-1.4838628431249994,-5.92558502,-4.706594933333331,6.41468046,-5.280237327058822,6.41468046,0.7724739193748131,0.049167027509281376,20.72171303625,0.03408749021265449,-0.021806972198137254,0.07524918802036462
BCC,Sn-W,Sn,W,curated,-0.07981773866836607,-0.12081387360251304,-0.090794797691298,-1.9513001279398274,-2.6203234702546503,-1.7188280344444813,-10.481293881018601,-9.787008433024823,-1.2398511653085127,-10.113730996786602,-1.2398511653085158,0.04297123473611071,0.015949597609056176,21.68892853212965,0.0005703155502036236,0.01301652080591123,0.010977059022931931
BCC,Sn-W,Sn,W,raw,-0.10099487259544467,-0.13610575420379886,-0.09992157232646653,-2.5271770409375023,-3.004241417500001,-1.910787015937501,-12.016965670000005,-11.834570818333342,-3.287413466666673,-11.920403689705893,-3.287413466666678,0.19106910696427504,0.001100775504524021,22.072846479375002,-0.01094984182848241,0.017904952914603853,-0.0010733002689781307
BCC,Sn-Zn,Sn,Zn,curated,0.052748589032739976,0.0821504363940391,0.07330926890695764,1.2803186434709453,1.7530260238168829,1.3493554854128256,7.0121040952675315,7.012464343690056,-0.368196490356695,7.012294815020633,-0.368196490356693,0.0023830470668097193,4.294155637424354e-09,21.339217425558118,-0.0014193615193954332,0.0018790244846164693,-0.02056067987421767
BCC,Sn-Zn,Sn,Zn,raw,0.028350072334373796,0.0630253444093084,0.06223130351387302,0.7044417360937523,1.3691080878125028,1.1573965207812478,5.476432351250011,4.9649020183333334,-2.415758851666643,5.205622175000006,-2.4157588516666415,0.11124199471154705,0.008657976225899347,21.7231353615625,-0.012974473757570442,0.007020289337128173,-0.033881231179499226
BCC,Sn-Zr,Sn,Zr,curated,-0.04574139518574808,-0.0711459765572552,-0.04323791035526368,-1.1942315078248704,-1.7794814631497395,-1.03403715284961,-7.117925852598958,-5.942049761798614,-0.8543698932013891,-6.495403216292896,-0.8543698932013924,0.05858170843386358,0.0457505927508937,25.01169495814974,0.00537681198241047,0.012568396824188439,-0.0025034848304844037
BCC,Sn-Zr,Sn,Zr,raw,-0.06633542876274294,-0.0851879175831647,-0.05085639855131285,-1.770108403750001,-2.163399376250002,-1.2259960831250005,-8.653597505000008,-7.989611965000004,-2.9019323766666694,-8.30207574852942,-2.901932376666672,0.16261694393370385,0.014587835205742155,25.39561287125,-0.005529820090175322,0.016449710182609174,-0.015479030211430093
BCC,Ta-Ti,Ta,Ti,curated,-0.00010808943215673833,-0.004437938345000157,-0.0036485420943377232,-0.0019477449372615752,-0.07873421795339297,-0.06371298034452622,-0.3149368718135719,-0.17509526741810078,0.32941458883874475,-0.24090308125126367,0.32941458883874475,0.0025545349056893757,0.0006470627532319669,17.741169847953394,0.003168906729049639,-0.0002669889134042204,0.003540452662180985
BCC,Ta-Ti,Ta,Ti,raw,-0.0001080881524629436,-0.004437937583036116,-0.0036485418607189275,-0.0019477218750019176,-0.07873420437499945,-0.06371297624999883,-0.3149368174999978,-0.175095195000002,0.3294146899999835,-0.24090301735294123,0.3294146899999834,0.0025545362447793396,0.0006470629207753016,17.741169834375,0.0031689074477912467,-0.00026698926217048717,0.003540453708255984
BCC,Ta-V,Ta,V,curated,0.01029368732051295,0.014425319825368701,0.011586845453319037,0.17593361618915893,0.2291387017994424,0.17006651553472807,0.9165548071977696,0.9226670179303653,0.0312912034902979,0.9197906834679673,0.0312912034902979,1.8447582398864908e-05,1.236147354253412e-06,15.884479829450559,0.00023869242907732715,-0.00012178535846827064,-0.0012931581328060864
BCC,Ta-V,Ta,V,raw,0.010293689605432225,0.014425322684057251,0.01158684895941923,0.17593365484374957,0.22913874656250144,0.17006656640625195,0.9165549862500058,0.9226672566666707,0.03129113833332061,0.919790894117652,0.031291138333321006,1.8447534862363253e-05,1.2361714956541849e-06,15.8844797846875,0.00023869272697687682,-0.00012178418027211173,-0.001293159353987005
BCC,Ta-W,Ta,W,curated,-0.008297509326701535,-0.012945263284650685,-0.00694506355411298,-0.14742164344317388,-0.2231195512152162,-0.11601208586226264,-0.8924782048608648,-0.7024899448144973,-0.16751764043152662,-0.7918961848363173,-0.16751764043152662,0.0016876178397400808,0.0011943376860257915,17.235613236215215,0.0011210698279835048,0.0030727254450086785,-0.0013524457725885555
BCC,Ta-W,Ta,W,raw,-0.008297508183877091,-0.012945262803441255,-0.006945063772231441,-0.1474216229687535,-0.22311954281250124,-0.11601208953124953,-0.892478171250005,-0.7024899000000081,-0.16751751166668782,-0.7918961452941243,-0.16751751166668805,0.001687617222267096,0.0011943378268862552,17.2356132278125,0.0011210706269567218,0.003072724847418471,-0.0013524444116456502
BCC,Ta-Zn,Ta,Zn,curated,-0.0011421291064603713,-0.01090314227692188,-0.01591040456678959,-0.02009247203240605,-0.18410939339368326,-0.25742532600495593,-0.736437573574733,-0.7400474614329653,1.2657752211869326,-0.7383486906761503,1.2657752211869322,0.028163872969779097,4.31182401254092e-07,16.885902129643682,0.006706955987270679,-0.007376119171585335,0.01476827546032922
BCC,Ta-Zn,Ta,Zn,raw,-0.0011421276248252744,-0.010903141126287213,-0.015910403764390887,-0.02009244593750026,-0.18410937375000103,-0.2574253128125008,-0.7364374950000041,-0.7400473566666695,1.265775290000003,-0.7383485982352976,1.2657752900000026,0.028163876025697747,4.3117614438289083e-07,16.88590211,0.0067069566430848545,-0.00737611927279965,0.014768276139565613
BCC,Ta-Zr,Ta,Zr,curated,-0.012516580936963494,-0.016332710627097954,-0.015105518784008889,-0.24317662207821655,-0.335774065985305,-0.3276145455173918,-1.34309626394122,-1.5221097802549555,0.45033559167560117,-1.4378681255190804,0.45033559167560067,0.004625221719150715,0.001060340261790707,20.558379662235303,0.0004454276152605339,-0.003494217797096183,0.002588937847045395
BCC,Ta-Zr,Ta,Zr,raw,-0.012516579028567319,-0.016332708591291472,-0.015105516624771977,-0.2431765845312519,-0.3357740234375015,-0.3276144979687494,-1.343096093750006,-1.5221095533333369,0.4503355383333201,-1.4378679252941227,0.4503355383333194,0.004625220202574219,0.0010603395897350563,20.5583796196875,0.0004454279062185413,-0.0034942170837358663,0.002588937596204658
BCC,Ti-V,Ti,V,curated,0.006827064894364543,-0.004550191139696391,-0.0074101915560951265,0.11097842714076123,-0.06974220048282298,-0.10669910560640439,-0.2789688019312919,0.011411524091618238,1.1609468413182167,-0.12523804109563372,1.1609468413182167,0.026481778409647206,0.00279002427820053,15.327312269232824,0.010044815457508464,-0.003777524753143817,0.01423725645045967
BCC,Ti-V,Ti,V,raw,0.006827065526307317,-0.004550189464389648,-0.0074101887030457985,0.1109784373437499,-0.06974217468749977,-0.1066990642187502,-0.2789686987499991,0.011411661666665887,1.1609466750000006,-0.1252379197058824,1.1609466750000006,0.02648177228236895,0.002790024939122831,15.3273122434375,0.01004481490133184,-0.0037775232332557186,0.014237254229353116
BCC,Ti-W,Ti,W,curated,-0.02307169876111374,-0.02849199714733359,-0.02324131747746515,-0.3906320993665702,-0.47520222662247846,-0.3817541501283941,-1.9008089064899139,-2.0596966653199047,-0.047349062603605795,-1.9849259552822625,-0.04734906260360668,0.0008747320764633899,0.0008353230851255727,16.67844567599748,-0.002021733894511838,-0.0015434672814354615,0.00016961871635141207
BCC,Ti-W,Ti,W,raw,-0.023071699221395552,-0.028491997762738797,-0.02324131825960487,-0.39063210734375176,-0.4752022371874993,-0.38175416328125067,-1.9008089487499973,-2.0596967216666733,-0.04734903500000579,-1.9849260050000028,-0.04734903500000696,0.0008747321786303255,0.0008353232332418763,16.6784456865625,-0.002021733896714171,-0.0015434675985482955,0.00016961903820931698
BCC,Ti-Zr,Ti,Zr,curated,0.0011729554935359333,0.002059870279225447,0.002109394878160623,0.021808300748386245,0.04119990235743032,0.04516175834147518,0.16479960942972127,0.17858682423963046,-0.12455177382980764,0.17209872315261437,-0.1245517738298076,0.00027898164382731923,6.289653051217695e-06,20.00121210201757,-0.0004889914536672289,0.0006661351457278511,-0.0009364393846246896
BCC,Ti-Zr,Ti,Zr,raw,0.0011729559833021641,0.00205987146058583,0.0021093966598230425,0.02180830984374893,0.041199925937497994,0.045161796406247845,0.16479970374999198,0.1785869499999914,-0.12455192833332755,0.17209883411763877,-0.12455192833332748,0.0002789823490492584,6.289681736849654e-06,20.0012120784375,-0.0004889919159012523,0.000666136098798969,-0.0009364406765208784
BCC,V-W,V,W,curated,0.003722822569634654,0.0016576421055040352,0.001510095733189606,0.052663751512685764,0.024569166255355768,0.02340244037302419,0.09827666502142307,0.20284317836189322,0.15606032607819506,0.15363540737814257,0.15606032607819512,0.0007899040817532637,0.00036179191694722245,14.821755657494645,0.002420219108639591,0.00032105970087246765,0.0022127268364450477
BCC,V-W,V,W,raw,0.003722825322620633,0.0016576434989843457,0.0015100958908399525,0.05266379031250068,0.024569186875000426,0.02340244281249859,0.0982767475000017,0.2028432883333314,0.15606052000001114,0.15363550441176452,0.1560605200000112,0.0007899053359514527,0.0003617921071935134,14.821755636875,0.0024202207648443552,0.00032105886043851556,0.0022127294317806803
BCC,V-Zn,V,Zn,curated,-0.021639272244312942,-0.04037415649821507,-0.04079638516229004,-0.3023294870765483,-0.5842965915481102,-0.6108343085196726,-2.337186366192441,-2.4351034549232558,1.6453590476966629,-2.3890248249322843,1.6453590476966626,0.047904854362083124,0.00031724193525611887,14.47204455092311,0.00972655599046079,-0.011528396529359972,0.019157112917977098
BCC,V-Zn,V,Zn,raw,-0.021639269133723833,-0.04037415438557197,-0.040796383925810094,-0.30232944265624795,-0.5842965596875,-0.6108342892187526,-2.33718623875,-2.4351032850000016,1.6453591816666915,-2.389024675000001,1.6453591816666913,0.04790486183626596,0.0003172416599886911,14.4720445190625,0.009726557490453576,-0.01152839685108073,0.01915711479208626
BCC,W-Zn,W,Zn,curated,-0.014233753530853759,-0.03375429020902043,-0.041539884722348513,-0.22771206597353633,-0.5341001408127681,-0.6500295087770027,-2.1364005632510725,-2.3406441993347706,2.2523596949518208,-2.2445295470600897,2.2523596949518203,0.09055630229922887,0.001380291051199305,15.823177957687768,0.010805268004812452,-0.015941287297177174,0.027306131191494755
BCC,W-Zn,W,Zn,raw,-0.014233754154440626,-0.03375429048379752,-0.04153988465370257,-0.22771207609374855,-0.5341001453125003,-0.650029507656253,-2.136400581250001,-2.3406442233333373,2.252359635000024,-2.244529568235297,2.2523596350000226,0.09055629763306647,0.0013802911322911547,15.8231779621875,0.010805267576336996,-0.015941287011032597,0.027306130499261942
BCC,W-Zr,W,Zr,curated,-0.03858370867738646,-0.04575471231778554,-0.03255807070638562,-0.6881123660193502,-0.8920181084043897,-0.6888323620394345,-3.5680724336175587,-3.6718526081567595,0.0038399787737830593,-3.6230148789618415,0.003839978773782412,0.00035663023259947845,0.0003563710354650098,19.49565549027939,-0.00107090350641334,-0.0009367464423582554,-0.006025637971000843
BCC,W-Zr,W,Zr,raw,-0.038583708605588705,-0.04575471141695399,-0.03255806908414191,-0.6881123646875018,-0.8920180900000005,-0.6888323265625012,-3.568072360000002,-3.671852510000008,0.003839796666663157,-3.6230147923529463,0.0038397966666626282,0.0003566300394853357,0.0003563708669346074,19.495655471875,-0.0010709042057897723,-0.0009367454195114858,-0.006025639521446795
BCC,Zn-Zr,Zn,Zr,curated,0.005886035150734632,-0.00013731494671505052,0.005551693151449627,0.101885535712956,-0.0026290243328581653,0.11648664249633711,-0.010516097331432661,0.582325808558115,-0.07787256951136594,0.30334138225715135,-0.07787256951136594,0.011735837808211472,0.011629241648561623,19.145944383707857,0.005999946287828737,0.005645666606716282,0.0003343419992850047
BCC,Zn-Zr,Zn,Zr,raw,0.005886036207966754,-0.00013731339853935895,0.005551695121005192,0.10188555390624643,-0.0026289946875017733,0.11648668359375236,-0.010515978750007093,0.5823259666666635,-0.0778726916666983,0.3033415217647009,-0.07787269166669822,0.011735839693372753,0.01162924319929707,19.1459443540625,0.00599994606069789,0.0056456675167941405,0.00033434108696156224
FCC,Mo-Pd,Mo,Pd,curated,-0.009170728352688475,-0.009918550795441222,-0.005568288448263738,-0.1446368200781265,-0.1539727485937501,-0.08506036492187263,-0.6158909943750004,-0.6125258266666643,-0.31774109416668733,-0.614109434999999,-0.31774109416668744,0.0017750517073725166,3.7470287995238913e-07,15.52371427734375,-0.0018487221876572184,0.0019913253459764965,-0.003602439904424737
FCC,Mo-Pd,Mo,Pd,raw,-0.013411386243146178,-0.018490919679026597,-0.018633580001327598,-0.21242784101562506,-0.28955479046875077,-0.2884334277343754,-1.158219161875003,-1.3356300500000013,0.40536312916666856,-1.2521425732352962,0.4053631291666682,0.003929864345303187,0.0010414397390724472,15.65929631921875,0.0002991440537419341,-0.004604062699845043,0.00522219375818142
FCC,Mo-Pt,Mo,Pt,curated,-0.009190078822123342,-0.009441914202682582,-0.001594020363496044,-0.14563002039062667,-0.14798731140624888,-0.02470803117187259,-0.5919492456249955,-0.4542348041666647,-0.6449172758333551,-0.5190416001470557,-0.6449172758333551,0.00793859096800002,0.0006275272296897803,15.67344377734375,-0.0021859508982436655,0.0055664486236828604,-0.007596058458627299
FCC,Mo-Pt,Mo,Pt,raw,-0.013422440330506814,-0.017960698683442414,-0.01455955881831173,-0.21361033921875006,-0.2839479490624992,-0.22864898765624986,-1.1357917962499968,-1.1793582049999998,0.08020612499999895,-1.158856365588234,0.08020612499999828,0.00017588300187788337,6.280252846452575e-05,15.809404415,-4.0804343689461295e-05,-0.0009989579992637637,0.0011371184878049157
FCC,Mo-Rh,Mo,Rh,curated,-0.007596743623517236,-0.01008366058302359,-0.009127830890903974,-0.11794708343750138,-0.15158340906249812,-0.1327108974999991,-0.6063336362499925,-0.6684212825000012,0.07874034166665449,-0.6392035666176443,0.07874034166665428,0.00023653614089407638,0.00012755103805807373,15.032577486562499,-0.00027434787621126124,-0.0013084218416816982,0.0015310872673867382
FCC,Mo-Rh,Mo,Rh,raw,-0.007596743623517236,-0.01008366058302359,-0.009127830890903974,-0.11794708343750138,-0.15158340906249812,-0.1327108974999991,-0.6063336362499925,-0.6684212825000012,0.07874034166665449,-0.6392035666176443,0.07874034166665428,0.00023653614089407638,0.00012755103805807373,15.032577486562499,-0.00027434787621126124,-0.0013084218416816982,0.0015310872673867382
FCC,Mo-Ru,Mo,Ru,curated,-0.004516754135156686,-0.004846390985289647,-0.003428718400122961,-0.06987934304687471,-0.07232196453125006,-0.04928631101562431,-0.28928785812500024,-0.3177750774999974,-0.10982950416666881,-0.3043693272058811,-0.10982950416666884,0.00023888830400782063,2.685181988776808e-05,14.92284975578125,-0.0010107767091090127,0.0003447175511302299,-0.0010880357350337246
FCC,Mo-Ru,Mo,Ru,raw,-0.004516754135156686,-0.004846390985289647,-0.003428718400122961,-0.06987934304687471,-0.07232196453125006,-0.04928631101562431,-0.28928785812500024,-0.3177750774999974,-0.10982950416666881,-0.3043693272058811,-0.10982950416666884,0.00023888830400782063,2.685181988776808e-05,14.92284975578125,-0.0010107767091090127,0.0003447175511302299,-0.0010880357350337246
FCC,Mo-Si,Mo,Si,curated,-0.02428692466677703,-0.04039310003842439,-0.04414636609683673,-0.3786587205468752,-0.6124673145312496,-0.6504653941406264,-2.4498692581249983,-2.7443309725000042,1.4496355925000064,-2.60576075397059,1.449635592500006,0.03980843872524857,0.0028690048201985615,15.16267169265625,0.005175517477828776,-0.012970757217560778,0.0198594414300597
FCC,Mo-Si,Mo,Si,raw,-0.02428692466677703,-0.04039310003842439,-0.04414636609683673,-0.3786587205468752,-0.6124673145312496,-0.6504653941406264,-2.4498692581249983,-2.7443309725000042,1.4496355925000064,-2.60576075397059,1.449635592500006,0.03980843872524857,0.0028690048201985615,15.16267169265625,0.005175517477828776,-0.012970757217560778,0.0198594414300597
FCC,Mo-W,Mo,W,curated,0.008741210225577375,0.016450487772393666,0.025149015622647337,0.13977683710937328,0.2625774920312516,0.400694478515625,1.0503099681250063,1.441256841666662,-1.391560754166676,1.2572818423529417,-1.3915607541666757,0.039096195744779946,0.005057187946279258,15.96168427734375,-0.003574376744068622,0.01278879018284508,-0.01640780539706996
FCC,Mo-W,Mo,W,raw,0.00015981992989896172,-0.0007280763409447202,-0.0006671040981055691,0.0025775371874985353,-0.0118211078124979,-0.010903421249999212,-0.0472844312499916,-0.022202357500001806,0.07189844499998799,-0.03400568632352642,0.071898444999988,0.00011168427391882727,2.0816153722056408e-05,16.2360828771875,0.0007095448662892025,-0.000124665907028685,0.0008269240280045308
FCC,Mo-Zn,Mo,Zn,curated,-0.01907630211253554,-0.028857681070274834,-0.03162801693683307,-0.30146777289062676,-0.44980720203124847,-0.4861515467968722,-1.7992288081249939,-2.1003181858333306,0.9849801274999758,-1.9586290669117608,0.9849801274999752,0.020053655967417556,0.0029996077952909607,15.58708757421875,0.002270900266843223,-0.009680370316316316,0.012551714824297532
FCC,Mo-Zn,Mo,Zn,raw,-0.01907630211253554,-0.028857681070274834,-0.03162801693683307,-0.30146777289062676,-0.44980720203124847,-0.4861515467968722,-1.7992288081249939,-2.1003181858333306,0.9849801274999758,-1.9586290669117608,0.9849801274999752,0.020053655967417556,0.0029996077952909607,15.58708757421875,0.002270900266843223,-0.009680370316316316,0.012551714824297532
FCC,Nb-Pd,Nb,Pd,curated,0.03264880979008799,0.01805393705749511,0.0073469332990390695,0.5628817643749997,0.2979440781249991,0.11582804937500057,1.1917763124999965,1.8098928366666673,2.384286479999995,1.5190144723529402,2.3842864799999965,0.11257046916908765,0.012641957121437434,16.5029975,0.019687580429263996,-0.006826934434033358,0.025301876491048918
FCC,Nb-Pd,Nb,Pd,raw,-0.01272239198072154,-0.018727549490886414,-0.020298651653987705,-0.22942036124999987,-0.3206453668750022,-0.32904871500000077,-1.282581467500009,-1.4892508700000018,0.5313512200000048,-1.3919946805882404,0.5313512200000046,0.006376177146376984,0.0014132727109093237,17.121586945,0.0006135299769880224,-0.005463457859064186,0.007576259673266165
FCC,Nb-Pt,Nb,Pt,curated,0.026309116359295573,0.01074534937656167,0.005599482203524725,0.45555191312499943,0.17893936968750168,0.08953622718749976,0.7157574787500067,1.4535683741666645,1.9520836583333316,1.1063632469117666,1.9520836583333314,0.08499581564879541,0.018012074472646227,16.652727,0.018558512263365027,-0.0027934988909616553,0.02070963415577085
FCC,Nb-Pt,Nb,Pt,raw,-0.018607367455383196,-0.025476866633805825,-0.021654812419364546,-0.336939510390625,-0.4400286710937493,-0.35590843085937607,-1.7601146843749973,-1.8475945100000029,0.10116757583333917,-1.8064275332352946,0.10116757583333841,0.00043312496828090273,0.0002532149964060015,17.27169504078125,-0.0003820445381042326,-0.0015750583896496839,0.0030474449639813495
FCC,Nb-Rh,Nb,Rh,curated,0.03140271938115802,0.012321887407511438,0.001362746520820866,0.5336870288281226,0.1972963448437497,0.020480432734375498,0.7891853793749988,1.477779897499995,2.7371018458333176,1.1537354183823494,2.7371018458333176,0.14737970253973492,0.015689197402669705,16.01186070921875,0.02269587236588448,-0.008483172422650084,0.03003997286033715
FCC,Nb-Rh,Nb,Rh,raw,-0.010769192488246013,-0.01732120901696927,-0.014474066953118777,-0.1908240758593749,-0.28571105828124743,-0.22102326882812307,-1.1428442331249897,-1.098259585833328,0.16106236249999029,-1.1192405963235217,0.16106236249998998,0.0005217681168314661,6.57724888496214e-05,16.49486811234375,0.0013239253565327433,-0.00044137819346246775,0.003704874464872764
FCC,Nb-Ta,Nb,Ta,curated,0.0483667296635602,0.04424060753637644,0.04178772084553815,0.8716357587499992,0.7991969528125011,0.7566993096875017,3.1967878112500046,4.342226849166669,0.612994394999987,3.8031967136764746,0.6129943949999884,0.05001797052276526,0.043412776861217216,18.0647825,0.015106383317693263,0.008686773014762231,0.00657900881802205
FCC,Nb-Ta,Nb,Ta,raw,-0.0017406402007352564,-0.002324229975582526,-0.0013238975896711492,-0.032943304765627346,-0.04394636796875062,-0.025008268359375307,-0.17578547187500249,-0.15453752833334042,-0.04232019416667754,-0.16453656058824023,-0.04232019416667761,4.642091587966577e-05,1.4938514495393146e-05,18.90792582078125,8.702967754238523e-07,0.0004209400514010432,-0.0004167426110641072
FCC,Nb-Zn,Nb,Zn,curated,0.0308780246902483,0.02093900294326603,0.004962726852433082,0.5333309671874993,0.34688328687500203,0.07871160812500122,1.3875331475000081,1.632113534166668,2.424636581666656,1.5170168816176517,2.424636581666656,0.10531870467704428,0.001979323859846014,16.566370796875,0.015815514697749798,-0.011440384233490948,0.025915297837815217
FCC,Nb-Zn,Nb,Zn,raw,-0.010623068376288094,-0.007984110309078524,-0.010110016636386452,-0.19118013750000173,-0.13612411624999865,-0.16279209343749734,-0.5444964649999946,-0.9439259491666642,-0.1514029016666901,-0.7559591330882315,-0.15140290166669026,0.005681967050034351,0.005279026527187008,17.0493782,-0.004950189069256872,-0.003769642309042615,-0.0005130517399016422
FCC,Ni-Os,Ni,Os,curated,0.01580106662513126,0.029021794427976852,0.02543622456139653,0.18351622109375043,0.36208857343749834,0.33928632671874936,1.4483542937499934,1.3941401274999994,-0.830773896666661,1.419652676323526,-0.8307738966666607,0.0122294150443868,9.725214117513924e-05,12.4764364359375,-0.007581276522733465,0.00507694640949504,-0.009635157936265272
FCC,Ni-Os,Ni,Os,raw,0.011318159093780512,0.02059903070906971,0.013698701291791902,0.1320336735937495,0.25912347843750005,0.18483868421875016,1.0364939137500002,0.8449929541666658,-0.28162672333333677,0.9351110527941173,-0.28162672333333655,0.0026076167709504243,0.0012134321973972092,12.5794015309375,-0.005341231693034659,-0.0007043516073153794,-0.0023805421980113897
FCC,Ni-Pt,Ni,Pt,curated,0.03192046614708684,0.020144180714311996,0.02924116917824791,0.37971903921874883,0.26267357843750005,0.4147440154687523,1.0506943137500002,2.1185681458333363,-0.1867998733333517,1.6160392836764723,-0.18679987333335157,0.03834569319843291,0.037732318717776256,13.0396754359375,0.015359544382077308,0.015351488569356631,0.002679296968838927
FCC,Ni-Pt,Ni,Pt,raw,0.026056904495844455,0.009617216206753338,0.014651814133333971,0.31173872039062545,0.12671294078124973,0.210803058984375,0.5068517631249989,1.3934447450000012,0.5383235275000023,0.9762245182352944,0.5383235275000027,0.03110291578201624,0.026008911910257622,13.17563607359375,0.018113360478789038,0.008046450581354028,0.011405090362510483
FCC,Ni-Re,Ni,Re,curated,0.009379465458767496,0.017766533217426078,0.010658069201609964,0.11097820343750087,0.2294047037500011,0.14913115750000117,0.9176188150000044,0.6936249625000054,-0.20348242166666827,0.7990338342647111,-0.20348242166666794,0.0023879681195686647,0.0016601441677210355,12.912181624999999,-0.0051618595148816265,-0.00163821037233986,-0.0012786037428424678
FCC,Ni-Re,Ni,Re,raw,0.009379465458767496,0.017766533217426078,0.010658069201609964,0.11097820343750087,0.2294047037500011,0.14913115750000117,0.9176188150000044,0.6936249625000054,-0.20348242166666827,0.7990338342647111,-0.20348242166666794,0.0023879681195686647,0.0016601441677210355,12.912181624999999,-0.0051618595148816265,-0.00163821037233986,-0.0012786037428424678
FCC,Ni-Rh,Ni,Rh,curated,0.020426128532359467,0.020057653349588436,0.010621502104406478,0.23643964835937403,0.24869101578125097,0.14044031851562622,0.9947640631250039,1.0050132450000007,0.5119964258333217,1.0001901005882374,0.5119964258333217,0.004611411443025671,3.4757778013266596e-06,12.39880914515625,0.0043127312391000264,-0.0034848751207365073,0.00980462642795299
FCC,Ni-Rh,Ni,Rh,raw,0.020426128532359467,0.020057653349588436,0.010621502104406478,0.23643964835937403,0.24869101578125097,0.14044031851562622,0.9947640631250039,1.0050132450000007,0.5119964258333217,1.0001901005882374,0.5119964258333217,0.004611411443025671,3.4757778013266596e-06,12.39880914515625,0.0043127312391000264,-0.0034848751207365073,0.00980462642795299
FCC,Ni-Ru,Ni,Ru,curated,0.008259312636849573,0.012741620363653785,0.008091009694269551,0.09515132156250061,0.15658280999999974,0.10564976437500029,0.626331239999999,0.5354695625000024,-0.055991694999998266,0.578227998970589,-0.055991694999998336,0.000328279974063591,0.000273171323319928,12.289081414375,-0.0019344478919802223,-0.000902713868395718,0.00016830294258002136
FCC,Ni-Ru,Ni,Ru,raw,0.008259312636849573,0.012741620363653785,0.008091009694269551,0.09515132156250061,0.15658280999999974,0.10564976437500029,0.626331239999999,0.5354695625000024,-0.055991694999998266,0.578227998970589,-0.055991694999998336,0.000328279974063591,0.000273171323319928,12.289081414375,-0.0019344478919802223,-0.000902713868395718,0.00016830294258002136
FCC,Ni-V,Ni,V,curated,-0.021080136586319083,-0.019967170297697703,-0.011690319007929769,-0.24324038742187604,-0.24611113234374926,-0.153292059765624,-0.984444529374997,-1.0574198591666668,-0.4797244141666776,-1.0230785274999987,-0.47972441416667777,0.0042215588712246595,0.00017620804714642128,12.32578921671875,-0.005083441896114151,0.0023863281431044502,-0.009389817578389314
FCC,Ni-V,Ni,V,raw,-0.021080136586319083,-0.019967170297697703,-0.011690319007929769,-0.24324038742187604,-0.24611113234374926,-0.153292059765624,-0.984444529374997,-1.0574198591666668,-0.4797244141666776,-1.0230785274999987,-0.47972441416667777,0.0042215588712246595,0.00017620804714642128,12.32578921671875,-0.005083441896114151,0.0023863281431044502,-0.009389817578389314
FCC,Ni-W,Ni,W,curated,0.01874189516295062,0.037257330816895654,0.03864719506774776,0.22565066359374875,0.49656257312499896,0.5648645226562508,1.9862502924999959,2.1080404966666655,-1.8091405816666775,2.0507274594117626,-1.8091405816666764,0.05802381404767952,0.0004907929576420264,13.3279159359375,-0.012190399271075871,0.01316663753070207,-0.01990529990479714
FCC,Ni-W,Ni,W,raw,0.007263742782824615,0.016332806648224552,0.01019906069284215,0.088451363671874,0.22216397328124948,0.15326662289062654,0.8886558931249979,0.6445812975000015,-0.3456813825000135,0.7594399307352939,-0.34568138250001335,0.004071654774332154,0.0019711458605351103,13.60231453578125,-0.006419556353566697,-0.0008887929663106057,-0.002935317910017534
FCC,Ni-Zn,Ni,Zn,curated,-0.0434791892746631,-0.06303417026361026,-0.057388581415873136,-0.5153417889062499,-0.8165017300000006,-0.8065408685937481,-3.2660069200000024,-3.525020419999995,1.5530617583333235,-3.403131714117646,1.5530617583333222,0.04461827530924726,0.002219823303824319,12.9533192328125,0.008186764310877788,-0.013815579259758787,0.013909392141210036
FCC,Ni-Zn,Ni,Zn,raw,-0.0434791892746631,-0.06303417026361026,-0.057388581415873136,-0.5153417889062499,-0.8165017300000006,-0.8065408685937481,-3.2660069200000024,-3.525020419999995,1.5530617583333235,-3.403131714117646,1.5530617583333222,0.04461827530924726,0.002219823303824319,12.9533192328125,0.008186764310877788,-0.013815579259758787,0.013909392141210036
FCC,Os-Pd,Os,Pd,curated,0.004740534543408059,-0.0005541435883938541,0.000976610387750865,0.06830034531249751,-0.00809852343749995,0.014474577187501225,-0.0323940937499998,0.2207331266666633,0.28707076333331355,0.10161443470588065,0.28707076333331344,0.0035686820521332037,0.0021200753950102705,14.6144855,0.005162106315085216,0.0013864203952585,0.0037639241556571943
FCC,Os-Pd,Os,Pd,raw,-0.010522121665108146,-0.0166057441831887,-0.015944514770418687,-0.15393831812500025,-0.2466456603124989,-0.2403810331250007,-0.9865826412499956,-1.0515182700000025,0.4610278133333357,-1.0209603270588228,0.4610278133333355,0.0038756925284710504,0.00013952104018539896,14.853032636875,0.0021220773763790998,-0.0036744783532756233,0.005422393105310541
FCC,Os-Re,Os,Re,curated,0.009943559260558978,0.006501452068452949,0.002567054556440738,0.14337467546874905,0.09515994124999949,0.038132552656250596,0.38063976499999796,0.484019274999999,0.5612913216666584,0.4353700938235279,0.5612913216666584,0.005891576868035219,0.00035362466099471683,14.6367211890625,0.004993791221204668,-0.0022375168089724734,0.00737650470411824
FCC,Os-Re,Os,Re,raw,-0.0007598121146479796,-0.0005295332342615736,-0.0008956075728595677,-0.011072967031250158,-0.007805153750000571,-0.013349994843750324,-0.031220615000002283,-0.06512789833333461,0.012144148333334215,-0.04917152970588411,0.012144148333334208,4.0634099768500716e-05,3.804167193905107e-05,14.7396862840625,-0.00035812774501130446,-0.0005028908590527699,0.0001357954582115881
FCC,Os-Rh,Os,Rh,curated,0.00875631035170013,0.0033315292861839938,-0.00014786346824267817,0.12400828882812398,0.04705234984375117,-0.0020825882031232368,0.1882093993750047,0.32513520166666865,0.6724846774999852,0.26069953000000323,0.6724846774999851,0.00856981521613302,0.0006203605808784655,14.12334870921875,0.006264511324178903,-0.0026533961125855643,0.00890417381994281
FCC,Os-Rh,Os,Rh,raw,-0.0021261565187583615,-0.00393023420723856,-0.0037892663390712584,-0.030439353671875224,-0.055912745156250665,-0.053565135703124156,-0.22365098062500266,-0.224011971666665,0.12333750416666096,-0.22384209352941214,0.12333750416666098,0.0002674052091563204,4.311877902368329e-09,14.226313804218751,0.0008029278717261794,-0.000822761909027038,0.0016631098203128969
FCC,Os-Ru,Os,Ru,curated,0.010998567666929826,0.0073616801001136385,0.003478101421082995,0.15516007703124934,0.10316379468749837,0.04841497515625015,0.41265517874999347,0.542866805833332,0.5693072099999957,0.481590746029408,0.5693072099999958,0.0062582716608623225,0.0005610132737103447,14.013620978437501,0.0055139707347280605,-0.002080315263252241,0.0075204662458468316
FCC,Os-Ru,Os,Ru,raw,4.995422893313557e-05,1.4075619024770082e-05,-0.0002195604328737135,0.000712434531250139,0.00019869968750008127,-0.0030675723437507685,0.0007947987500003251,-0.006280367500001678,0.020160036666671505,-0.0029508775000007363,0.02016003666667151,8.800556124242162e-06,1.6563301367150984e-06,14.1165860734375,3.9504963867785445e-05,-0.00023022682909292538,0.00026951466180684906
FCC,Os-Ta,Os,Ta,curated,0.006319263642772766,0.008933404701503967,0.01826267241274215,0.09598091468749814,0.14450917093749993,0.3134590071875003,0.5780366837499997,1.0918397916666625,-1.1598831600000115,0.8500500938235273,-1.1598831600000112,0.032383443826893996,0.008735083468174252,16.1762705,-0.0008164639619740917,0.011948153793988867,-0.011943408769969384
FCC,Os-Ta,Os,Ta,raw,-0.015366395219753918,-0.019146867504966872,-0.015669836636960758,-0.23853468664062483,-0.31859184171874944,-0.2782274167968737,-1.2743673668749977,-1.3780322758333294,0.21169456083332724,-1.329248789264703,0.21169456083332666,0.0011433362670991761,0.0003555798534707823,16.63937151265625,2.6360303309548774e-05,-0.0022124583947061684,0.00030344141720684004
FCC,Os-Ti,Os,Ti,curated,-0.017057350756338217,-0.03371651512495452,-0.030825575782079076,-0.2555652379687512,-0.5315217121874998,-0.5100449120312476,-2.126086848749999,-2.0416270666666634,1.357224928333314,-2.0813728464705865,1.3572249283333133,0.03261598568601426,0.00023603343053706167,15.7644320659375,0.009549414168299753,-0.006732899187769062,0.01376822502574086
FCC,Os-Ti,Os,Ti,raw,-0.027086527852741064,-0.03998682334299195,-0.033831759816375574,-0.4100128804687504,-0.6344868071874998,-0.5615274595312485,-2.5379472287499993,-2.590774239999997,0.8080777549999899,-2.5659144699999987,0.8080777549999886,0.011570672944752062,9.233911050906786e-05,15.8673971609375,0.004350370950473761,-0.005161115705739777,0.00674523196363451
FCC,Os-W,Os,W,curated,0.01585476822607955,0.019967371685636223,0.026170568904827607,0.23190318812499733,0.30055797374999926,0.4050731753125003,1.202231894999997,1.698603635833327,-0.9235732650000159,1.4650169342647015,-0.9235732650000155,0.02314636394405848,0.00815244171279851,15.0524555,0.0004433468130053652,0.011606953659536042,-0.010315800678748058
FCC,Os-W,Os,W,raw,-0.004004712549804465,-0.004977746020472928,-0.003638809907984635,-0.05974375429687662,-0.07680572109375028,-0.05800727195312483,-0.3072228843750011,-0.3140027366666705,-0.009261239166676205,-0.310812217941179,-0.009261239166676212,3.0286324278444246e-06,1.5209469627635803e-06,15.42981919484375,-0.0001434114132143132,-2.527910190281959e-05,-0.00036590264181982947
FCC,Pd-Pt,Pd,Pt,curated,0.01540053465702078,0.014652415740910248,0.014630169616119406,0.2325921149999992,0.22239032937499914,0.22314796781249946,0.8895613174999966,1.2153068874999964,0.050368784999998674,1.0620148545588202,0.0503687849999989,0.0035555944410334897,0.00351099848298391,15.1777245,0.004356748924239322,0.003694796985452821,0.0007703650409013746
FCC,Pd-Pt,Pd,Pt,raw,-0.0025211870232795864,-0.0031815327927899296,-0.003129541633263712,-0.03876126664062696,-0.049152350156251856,-0.048584009609376366,-0.19660940062500742,-0.23292073666667554,0.05238796249999685,-0.21583304911765527,0.052387962499996804,9.187041223777302e-05,4.3627272522715096e-05,15.449267179531251,-0.0001233886903476035,-0.0007549281427832045,0.0006083546099841255
FCC,Pd-Re,Pd,Re,curated,-0.007220573116833594,-0.010934190081524332,-0.00796222906360413,-0.10859101390624915,-0.1645620831250003,-0.1199219070312516,-0.6582483325000013,-0.6093677891666687,0.06043143000001313,-0.6323703977941194,0.060431430000012956,0.00014325253880311502,7.905796929800087e-05,15.0502306890625,0.0009861318676715695,0.00023236002438246374,0.000741655946770536
FCC,Pd-Re,Pd,Re,raw,-0.020466745294377964,-0.019764771916917334,-0.012407376327791837,-0.31196407671875015,-0.3001441249999992,-0.18771292796875017,-1.2005764999999968,-1.332472012500001,-0.6626727933333333,-1.2704035360294106,-0.6626727933333335,0.008294791026813297,0.0005756170439659868,15.1858127309375,-0.005698281992631136,0.0024717311679532503,-0.008059368966586128
FCC,Pd-Rh,Pd,Rh,curated,0.01088573752603305,0.005950968641139371,0.00185177359018137,0.1609176160156256,0.08650838734375021,0.026464233046874952,0.34603354937500086,0.4996849308333348,0.7170847091666701,0.42737839838235425,0.7170847091666703,0.009820027872401976,0.0007811717765312132,14.53685820921875,0.0064966549861216576,-0.0026881448743531675,0.00903396393585168
FCC,Pd-Rh,Pd,Rh,raw,-0.00283304513199724,-0.003344614371668154,-0.002878094243370012,-0.04245544679687541,-0.049073654531250455,-0.041326787890623606,-0.19629461812500182,-0.22341929249999737,-0.006019514166676269,-0.21065473985294064,-0.006019514166676303,2.4981537079308155e-05,2.4344601615977433e-05,14.67244025109375,-0.0003770373302614431,-0.0003148911162362412,4.504911137277181e-05
FCC,Pd-Ru,Pd,Ru,curated,0.0037891066622413633,-0.001207963012883762,-0.0032288870745636506,0.05580430609375142,-0.017427440000000516,-0.04561351328125163,-0.06970976000000206,0.02717544749999945,0.5408950366666829,-0.018417591323530685,0.540895036666683,0.005453377818724435,0.000310590775334063,14.427130478437501,0.004676597704136171,-0.0023036475176186223,0.007017993736805014
FCC,Pd-Ru,Pd,Ru,raw,-0.009883423160835899,-0.010506935549374973,-0.0079893353196825,-0.14756875671874958,-0.1530094818749994,-0.11340453421875019,-0.6120379274999976,-0.6959287758333327,-0.18220918666666344,-0.6564507295588222,-0.18220918666666364,0.0008164612771131872,0.00023286422759845446,14.5627125203125,-0.0021975612076529207,9.528889449729653e-05,-0.0018940878411533996
FCC,Pd-Sc,Pd,Sc,curated,-0.06284045517904853,-0.07753984951705993,-0.05216875631365121,-1.094529259140625,-1.53584608359375,-1.1579783455468764,-6.143384334375,-6.006686945833337,0.3383951275000072,-6.071015128676473,0.3383951275000049,0.002631185872257924,0.0006182925893639382,19.80718421765625,0.003292952977007613,-0.00027453455743285806,-0.010671698865397317
FCC,Pd-Sc,Pd,Sc,raw,-0.07365672047203109,-0.08381124783378156,-0.055054706867660994,-1.2979023219531278,-1.6714281254687506,-1.225769366484375,-6.6857125018750025,-6.729791169166674,-0.3847090958333486,-6.70904826691177,-0.3847090958333506,0.002665869721269312,6.42880889407679e-05,19.94276625953125,-0.0025158232655989915,0.0012486981696799915,-0.018602013604370096
FCC,Pd-Ta,Pd,Ta,curated,0.0011074153502261654,0.009003084090023948,0.020336636146355152,0.01750700468749855,0.1493591843749975,0.35326104624999743,0.59743673749999,0.9887148024999893,-1.7906882216666606,0.8045839483823427,-1.7906882216666602,0.061431148203038216,0.0050657599902621045,16.58978,-0.005978433561106028,0.013887870948505262,-0.019229220796128987
FCC,Pd-Ta,Pd,Ta,raw,-0.022599221382154207,-0.020272091335976093,-0.014168672546242572,-0.3659340169531262,-0.3463587751562507,-0.25473385117187775,-1.3854351006250027,-1.6551143150000105,-0.5930675508333252,-1.528206449411772,-0.5930675508333256,0.008589142508393323,0.0024064040735047544,17.08549795953125,-0.006556495901380183,0.00028006693065762576,-0.008430548835911635
FCC,Pd-Ti,Pd,Ti,curated,-0.018160078363296923,-0.023171328555437146,-0.016280960812861563,-0.28335112671874896,-0.37486439937500116,-0.27275355015624925,-1.4994575975000046,-1.4829458049999953,-0.056520408333331794,-1.4907160602941174,-0.05652040833333219,6.517546752869191e-05,9.021153029670152e-06,16.177941565937502,-0.00014118000803107206,0.000501091866741607,-0.00187911755043536
FCC,Pd-Ti,Pd,Ti,raw,-0.030792969662214575,-0.031289772431845865,-0.020245557691147664,-0.48672418953124996,-0.5104464412499983,-0.3405445710937478,-2.041785764999993,-2.2060500283333275,-0.7796246316666782,-2.1287491985294054,-0.7796246316666787,0.011577051944869753,0.0008928115216028931,16.3135236078125,-0.006572637925567739,0.0025141786659244247,-0.01054741197106691
FCC,Pd-W,Pd,W,curated,0.0021323347926933867,0.0065993618891546785,0.017606873268642822,0.03251166593750021,0.10206550000000014,0.2761629268749992,0.40826200000000057,0.8231322474999985,-1.2994733916666614,0.6278991898529407,-1.2994733916666614,0.03537802693537244,0.005695058457155829,15.465965,-0.0028882742065969714,0.012726454459529619,-0.015474538475949436
FCC,Pd-W,Pd,W,raw,-0.019763250164494307,-0.01939507407417746,-0.012572490271645675,-0.30806069679687376,-0.30791514171875,-0.20322599382812356,-1.231660566875,-1.3634311749999928,-0.5591184158333343,-1.3014214770588202,-0.5591184158333349,0.006069684820665224,0.0005745273473921832,15.87594564171875,-0.004947815969631942,0.0017142898696245342,-0.0071907598928486315
FCC,Pd-Zn,Pd,Zn,curated,-0.005453339069821688,-0.021836812757279306,-0.029032060136836877,-0.0821255503125009,-0.3295473837500005,-0.43905344062500085,-1.318189535000002,-1.3898106425000047,1.9036154149999998,-1.3561065919117683,1.903615414999999,0.06386848829203859,0.00016972885057258278,15.091368296875,0.010958730161279502,-0.012688765828492812,0.02357872106701519
FCC,Pd-Zn,Pd,Zn,raw,-0.01870520800233826,-0.030546459749154483,-0.03336512414704042,-0.28549861312500013,-0.46512942562500115,-0.5068444615624994,-1.8605177025000046,-2.112914865833332,1.1805111916666629,-1.9941397301470605,1.1805111916666624,0.02660485610631847,0.0021078637960602695,15.226950338750001,0.0041504441471377435,-0.010400829071322067,0.014659916144702159
FCC,Pd-Zr,Pd,Zr,curated,-0.02106765507686817,-0.022678584662554773,-0.011677624420592463,-0.3592736408593744,-0.432677047343752,-0.24644453007812572,-1.730708189375008,-1.6152484558333338,-0.601755257499993,-1.6695824480882393,-0.6017552574999934,0.0068063017324378715,0.0004410976125942283,19.078661820468753,-0.002038655124397654,0.0036989799597811714,-0.009390030656275706
FCC,Pd-Zr,Pd,Zr,raw,-0.03260453363875291,-0.029574886906292914,-0.01484218418232301,-0.5626467036718736,-0.5682590892187491,-0.3142355510156243,-2.2730363568749965,-2.338352679166661,-1.3248594808333298,-2.3076155863235255,-1.3248594808333307,0.030995212137956807,0.0001411617559535929,19.21424386234375,-0.007907211408329446,0.005288111478537232,-0.017762349456429898
FCC,Pt-Re,Pt,Re,curated,0.001844971394848138,-0.005255451367562201,-0.005818138080923054,0.02816110296875074,-0.07988265156249952,-0.08806457890625019,-0.3195306062499981,-0.15974260249999853,0.6198703033333383,-0.23493695720588073,0.619870303333338,0.007599020208072433,0.0008448156444179736,15.1999601890625,0.005770098384040703,-0.0018599493616339527,0.007663109475771193
FCC,Pt-Re,Pt,Re,raw,-0.01136435564966741,-0.014074361211013851,-0.0102632801064515,-0.17577985351562653,-0.21584328921874985,-0.15604489773437358,-0.8633731568749994,-0.8848660033333337,-0.10525309750001573,-0.8747517226470589,-0.10525309750001617,0.0002100191002849376,1.528486044093299e-05,15.33592082671875,-0.000898480916796631,0.00038394467555049683,-0.0011010755432159097
FCC,Pt-Rh,Pt,Rh,curated,0.014787167684915082,0.009821014431637807,0.0048373595679772965,0.22191133382812644,0.14423718984375178,0.06949425523437469,0.5769487593750071,0.7770815708333364,0.8128910858333427,0.6829014242647109,0.8128910858333428,0.012940770717644363,0.0013252877941174134,14.686587709218749,0.007578682174642253,-0.0026926925348442847,0.009949808116937785
FCC,Pt-Rh,Pt,Rh,raw,0.0011814096680357788,0.000558375793002313,0.00010488584307677614,0.017970377343749178,0.008276552187501451,0.0015139364062513039,0.033106208750005806,0.05195817000000128,0.08776768499998866,0.04308665882353282,0.08776768499998865,0.0001471666652924058,1.1759441127727862e-05,14.822548346875,0.0007733214604841131,-0.0003251651569374184,0.0010765238249590026
FCC,Pt-Ru,Pt,Ru,curated,0.011172422603588547,0.004441188793969479,0.0004528698827654253,0.16705181671875202,0.06473858718749881,0.006431460156248292,0.25895434874999523,0.4626220716666675,0.8566419016666865,0.3667784373529395,0.8566419016666867,0.014271967383715865,0.001372517912582947,14.5768599784375,0.007925135912736256,-0.0029660453803788244,0.010719552720823122
FCC,Pt-Ru,Pt,Ru,raw,-0.0024339470421595954,-0.004840815525939644,-0.004313302635983597,-0.036889139765625245,-0.07122205046875152,-0.061548858671875095,-0.2848882018750061,-0.2625013291666676,0.13151850083333252,-0.27303632808823874,0.13151850083333239,0.00032063376763135666,1.6582899363728505e-05,14.712820616093751,0.001090478442746145,-0.000569907575669511,0.0018793555938240018
FCC,Pt-Ti,Pt,Ti,curated,-0.020585757802413455,-0.03354366245272928,-0.027152124146607393,-0.32582236890624827,-0.547689886875002,-0.4569099607812497,-2.190759547500008,-2.0872862124999947,0.6991338233333408,-2.1359795466176488,0.6991338233333394,0.008946245208206059,0.00035426683641259153,16.3276710659375,0.005366906374437821,-0.0027420459932810926,0.006566366344193938
FCC,Pt-Ti,Pt,Ti,raw,-0.033045143004781084,-0.04152489176382746,-0.03106639074922165,-0.5297633253906255,-0.6836505245312487,-0.5248902796093731,-2.734602098124995,-2.8124096133333296,-0.025989577500013183,-2.7757943120588195,-0.025989577500014,0.00021218977585065303,0.0002003164882575633,16.463631703593748,-0.0010619984584346528,-0.0007192565631913922,-0.001978752255559435
FCC,Pt-Zn,Pt,Zn,curated,-0.0006451653771839426,-0.017980623625496926,-0.027904109147964474,-0.009860885624998872,-0.27404444312499976,-0.42408440999999897,-1.096177772499999,-1.1571874549999943,2.2091921300000004,-1.1284770161764672,2.2091921300000004,0.08591372448542886,0.00012316041260570598,15.241097796875,0.012802205876089583,-0.014380328494804256,0.02725894377078053
FCC,Pt-Zn,Pt,Zn,raw,-0.013804161196350615,-0.02666342737311374,-0.03223293276992045,-0.21380184210937614,-0.4100050807812501,-0.49206472882812236,-1.6400203231250003,-1.8823108558333292,1.4840687291666466,-1.7682917816176456,1.484068729166646,0.04065755206311597,0.0019424350005910764,15.37705843453125,0.0060498874308300135,-0.012089750232297355,0.018428771573569837
FCC,Pt-Zr,Pt,Zr,curated,-0.028230876865307074,-0.041089366619437635,-0.02821674291298587,-0.48777090710937543,-0.7900824204687531,-0.597598447265625,-3.1603296818750124,-2.8943182783333348,0.5857468808333314,-3.0195001152941248,0.5857468808333304,0.008372436205033074,0.002341391916646762,19.228391320468752,0.006065017786158322,-0.00023781411835430702,-1.413395232120404e-05
FCC,Pt-Zr,Pt,Zr,raw,-0.03956739846272655,-0.0478220526112905,-0.0313260116191692,-0.6917118635937527,-0.9260430581249999,-0.6655787660937484,-3.7041722324999995,-3.6194416791666697,-0.13937652000002268,-3.6593148807352955,-0.13937652000002307,0.0005790186572280652,0.00023754926475569926,19.364351958125,0.00016133463009629568,0.001362721566681152,-0.008241386843557345
FCC,Re-Rh,Re,Rh,curated,-0.0040251624127676695,-0.005956337999096799,-0.006560906035951849,-0.05963592132812501,-0.08671888421875096,-0.09383675273437397,-0.34687553687500383,-0.40926046416666395,0.18240443416666116,-0.3799028513235298,0.18240443416666108,0.0007136238475962133,0.00012877541315688034,14.559093898281251,0.00036469506064049366,-0.002013478447698932,0.0025357436231841796
FCC,Re-Rh,Re,Rh,raw,-0.0040251624127676695,-0.005956337999096799,-0.006560906035951849,-0.05963592132812501,-0.08671888421875096,-0.09383675273437397,-0.34687553687500383,-0.40926046416666395,0.18240443416666116,-0.3799028513235298,0.18240443416666108,0.0007136238475962133,0.00012877541315688034,14.559093898281251,0.00036469506064049366,-0.002013478447698932,0.0025357436231841796
FCC,Re-Ru,Re,Ru,curated,0.0004758064003409095,0.00034446934850306947,-0.00044680457785808617,0.00702333843750047,0.004977363750001018,-0.006316840937500956,0.019909455000004073,0.0018839933333320384,0.07114762333334095,0.010366563529412995,0.07114762333334095,9.973113190312865e-05,1.0750939024521933e-05,14.4493661675,0.00022290727514388782,-0.0007108498021049182,0.0009226109781989957
FCC,Re-Ru,Re,Ru,raw,0.0004758064003409095,0.00034446934850306947,-0.00044680457785808617,0.00702333843750047,0.004977363750001018,-0.006316840937500956,0.019909455000004073,0.0018839933333320384,0.07114762333334095,0.010366563529412995,0.07114762333334095,9.973113190312865e-05,1.0750939024521933e-05,14.4493661675,0.00022290727514388782,-0.0007108498021049182,0.0009226109781989957
FCC,Re-Zn,Re,Zn,curated,-0.02099225243365598,-0.037122702431500613,-0.0436118131634311,-0.31683680453125085,-0.5610578234374994,-0.6600287160937484,-2.2442312937499977,-2.6049747216666645,1.8303568616666535,-2.43521310852941,1.8303568616666526,0.06319630873929,0.0043059646583294385,15.1136039859375,0.00688771753282848,-0.01580762634586609,0.022619560729775123
FCC,Re-Zn,Re,Zn,raw,-0.02099225243365598,-0.037122702431500613,-0.0436118131634311,-0.31683680453125085,-0.5610578234374994,-0.6600287160937484,-2.2442312937499977,-2.6049747216666645,1.8303568616666535,-2.43521310852941,1.8303568616666526,0.06319630873929,0.0043059646583294385,15.1136039859375,0.00688771753282848,-0.01580762634586609,0.022619560729775123
FCC,Rh-Ru,Rh,Ru,curated,-0.0021151253236031445,-0.002391510068512083,-0.0016430981119808247,-0.02959241710937377,-0.033328069218750755,-0.02280805820312537,-0.13331227687500302,-0.13973460083333103,-0.03618324749999147,-0.13671233073529435,-0.0361832474999915,2.4378528344805646e-05,1.36476546040966e-06,13.93599368765625,-0.0003285263378519442,0.00015762360405477288,-0.0004720272116223198
FCC,Rh-Ru,Rh,Ru,raw,-0.0021151253236031445,-0.002391510068512083,-0.0016430981119808247,-0.02959241710937377,-0.033328069218750755,-0.02280805820312537,-0.13331227687500302,-0.13973460083333103,-0.03618324749999147,-0.13671233073529435,-0.0361832474999915,2.4378528344805646e-05,1.36476546040966e-06,13.93599368765625,-0.0003285263378519442,0.00015762360405477288,-0.0004720272116223198
FCC,Rh-Sc,Rh,Sc,curated,-0.0852214867486552,-0.11034425619456686,-0.07959129240062127,-1.4215697707812485,-2.131414885937499,-1.7471252079687503,-8.525659543749995,-8.449853276666664,1.7362956650000096,-8.485526814117643,1.736295665000008,0.05318331586750355,0.0001901445263308283,19.316047426875,0.010610432228130726,-0.006767920337786299,-0.00563019434803394
FCC,Rh-Sc,Rh,Sc,raw,-0.0852214867486552,-0.11034425619456686,-0.07959129240062127,-1.4215697707812485,-2.131414885937499,-1.7471252079687503,-8.525659543749995,-8.449853276666664,1.7362956650000096,-8.485526814117643,1.736295665000008,0.05318331586750355,0.0001901445263308283,19.316047426875,0.010610432228130726,-0.006767920337786299,-0.00563019434803394
FCC,Rh-Ta,Rh,Ta,curated,-0.004538850191279965,0.0048494204847987395,0.019218642533801678,-0.06841037757812529,0.07806909015625152,0.32912125414062743,0.3122763606250061,0.6952290041666723,-2.1201687025000147,0.5150159954411825,-2.1201687025000147,0.08386817905245744,0.004852479943970421,16.09864320921875,-0.008423610632604356,0.015799579078214925,-0.023757492725081642
FCC,Rh-Ta,Rh,Ta,raw,-0.016291257484262054,-0.017137773423268186,-0.01194899192075563,-0.24847833640624906,-0.28206682749999956,-0.2110826223437492,-1.1282673099999982,-1.2254958899999953,-0.1994438083333326,-1.179741264117644,-0.19944380833333283,0.0010120159317373552,0.0003127962166152298,16.458779126875,-0.0024211650819455223,2.646420213849749e-05,-0.0043422655635064235
FCC,Rh-Ti,Rh,Ti,curated,-0.030460490396839814,-0.03703061347067502,-0.0275003918206334,-0.4528336642968753,-0.5808920042187502,-0.45395849539062283,-2.323568016875001,-2.4181124258333284,0.005999099166653347,-2.373620939264704,0.005999099166652724,0.0002963966202429492,0.0002957639977482187,15.68680477515625,-0.0011546049616538146,-0.0011079607663208042,-0.0029600985762064137
FCC,Rh-Ti,Rh,Ti,raw,-0.030460490396839814,-0.03703061347067502,-0.0275003918206334,-0.4528336642968753,-0.5808920042187502,-0.45395849539062283,-2.323568016875001,-2.4181124258333284,0.005999099166653347,-2.373620939264704,0.005999099166652724,0.0002963966202429492,0.0002957639977482187,15.68680477515625,-0.0011546049616538146,-0.0011079607663208042,-0.0029600985762064137
FCC,Rh-W,Rh,W,curated,0.0009797221135899334,0.009568944550097528,0.020958565585069724,0.014216037109374469,0.14329330078125047,0.32358729195312463,0.5731732031250019,0.9008088774999976,-1.6499800258333341,0.7466273836764702,-1.6499800258333341,0.05140714775043222,0.0035518610886339113,14.97482820921875,-0.006426752054874484,0.01399779614895105,-0.01997884347147979
FCC,Rh-W,Rh,W,raw,-0.008396209602927538,-0.008597504693456598,-0.005552376607906656,-0.12298326281250027,-0.13110529906249901,-0.08801060781249959,-0.5244211962499961,-0.5626503216666663,-0.18652082666667033,-0.544660144999998,-0.18652082666667055,0.000659900630753623,4.835733187908645e-05,15.249226809062499,-0.0016831767937710387,0.0006509608116978967,-0.002843832995020882
FCC,Rh-Zr,Rh,Zr,curated,-0.0371146928539679,-0.04162285980526303,-0.025658249743645226,-0.6055864593749991,-0.7736659484375004,-0.5351907249999996,-3.0946637937500014,-3.0420724916666635,-0.3754439166666638,-3.0668213397058817,-0.3754439166666648,0.0025692966410587265,9.15169319609859e-05,18.5875250296875,-0.001552833432441388,0.0021602173876240248,-0.011456443110322675
FCC,Rh-Zr,Rh,Zr,raw,-0.0371146928539679,-0.04162285980526303,-0.025658249743645226,-0.6055864593749991,-0.7736659484375004,-0.5351907249999996,-3.0946637937500014,-3.0420724916666635,-0.3754439166666638,-3.0668213397058817,-0.3754439166666648,0.0025692966410587265,9.15169319609859e-05,18.5875250296875,-0.001552833432441388,0.0021602173876240248,-0.011456443110322675
FCC,Ru-Si,Ru,Si,curated,-0.03144056090412573,-0.05525037757888706,-0.053867411799733145,-0.4384756250000006,-0.7771566671874997,-0.7641630424999999,-3.1086266687499986,-3.207036446666668,1.7369995599999963,-3.160725962941177,1.7369995599999954,0.05335658945709499,0.00032044249818556484,14.06608789375,0.0103535095075806,-0.012779892615994411,0.022426850895607413
FCC,Ru-Si,Ru,Si,raw,-0.03144056090412573,-0.05525037757888706,-0.053867411799733145,-0.4384756250000006,-0.7771566671874997,-0.7641630424999999,-3.1086266687499986,-3.207036446666668,1.7369995599999963,-3.160725962941177,1.7369995599999954,0.05335658945709499,0.00032044249818556484,14.06608789375,0.0103535095075806,-0.012779892615994411,0.022426850895607413
FCC,Ru-Ta,Ru,Ta,curated,0.0010319039062112328,0.009723042634420876,0.02180428888611143,0.0153832010937478,0.1554609068749997,0.37220444953124954,0.6218436274999988,1.0335670683333262,-1.9030466583333425,0.8398148608823487,-1.9030466583333427,0.06926969330642775,0.005608991638179081,15.988915478437502,-0.006789325047851491,0.014973940951794017,-0.020772384979900197
FCC,Ru-Ta,Ru,Ta,raw,-0.01091519640426739,-0.012519075622341641,-0.009539760942389832,-0.16468475773437596,-0.20467501078124783,-0.16799942695312353,-0.8187000431249913,-0.887157825833332,0.01767823583332036,-0.8549423986764658,0.017678235833320267,0.00016056047233868536,0.0001550669563238287,16.34905139609375,-0.0007409035350105644,-0.000822987130362271,-0.0013754354618775583
FCC,Ru-W,Ru,W,curated,0.007167376121703221,0.01654463804208675,0.02509161400602041,0.10282090734374805,0.24593770687499905,0.3860223807812506,0.9837508274999962,1.303582101666663,-1.5104078583333471,1.1530732667647021,-1.5104078583333471,0.04348620049702617,0.0033846632184399363,14.865100478437501,-0.005690378880807188,0.013102074698848333,-0.01792423788431719
FCC,Ru-W,Ru,W,raw,-0.0023737258474893406,-0.0018799098187852012,-0.0016191017822922197,-0.03437839257812669,-0.02846089296875043,-0.025575518984373602,-0.11384357187500171,-0.1598770975000008,-0.04694865916668315,-0.13821426191176595,-0.046948659166683164,0.00010886209077294117,7.011679901914343e-05,15.13949907828125,-0.0008998707844067525,-0.00026777781034798394,-0.0007546240651971209
FCC,Sc-Sn,Sc,Sn,curated,-0.06352657031031421,-0.07673493343855328,-0.0544724853889845,-1.6099240187500001,-2.0026809881249967,-1.4628500624999994,-8.010723952499987,-8.194064216666666,-0.7843944333333374,-8.107786445294114,-0.7843944333333414,0.011927590745360504,0.0011122164418469371,26.098686717812498,-0.004258188796865783,0.0014582352267019615,-0.009054084921329711
FCC,Sc-Zr,Sc,Zr,curated,-0.010522987419625594,-0.012640785291938883,-0.006702710092170855,-0.25488898234375057,-0.3015819724999993,-0.15747072171874876,-1.2063278899999972,-1.0996258774999983,-0.5195640566666763,-1.149838589264704,-0.5195640566666769,0.005121878881173732,0.0003767201295733429,23.857851038125,-0.0011849710994749846,0.0029248726195358547,-0.003820277327454739
FCC,Sc-Zr,Sc,Zr,raw,-0.010522987419625594,-0.012640785291938883,-0.006702710092170855,-0.25488898234375057,-0.3015819724999993,-0.15747072171874876,-1.2063278899999972,-1.0996258774999983,-0.5195640566666763,-1.149838589264704,-0.5195640566666769,0.005121878881173732,0.0003767201295733429,23.857851038125,-0.0011849710994749846,0.0029248726195358547,-0.003820277327454739
FCC,Si-Ti,Si,Ti,curated,-0.04837044053891822,-0.05204106882223047,-0.03794258568346645,-0.7285267662500008,-0.8231283284374982,-0.6287994625,-3.2925133137499927,-3.619536610000002,-0.5318789533333378,-3.4656432941176445,-0.5318789533333379,0.008511363610343022,0.003538596053720557,15.816898981249999,-0.0073818162586516585,-0.000691102111037001,-0.010427854855451772
FCC,Si-Ti,Si,Ti,raw,-0.04837044053891822,-0.05204106882223047,-0.03794258568346645,-0.7285267662500008,-0.8231283284374982,-0.6287994625,-3.2925133137499927,-3.619536610000002,-0.5318789533333378,-3.4656432941176445,-0.5318789533333379,0.008511363610343022,0.003538596053720557,15.816898981249999,-0.0073818162586516585,-0.000691102111037001,-0.010427854855451772
FCC,Si-V,Si,V,curated,-0.06710390178376205,-0.07009968736146241,-0.045768453411772096,-0.9531674927343765,-0.9886015692187495,-0.6408150378906239,-3.954406276874998,-4.250620081666668,-1.6658797591666807,-4.111225350000001,-1.6658797591666825,0.0516852764181005,0.0029032483946412357,14.10279569609375,-0.014905030827342165,0.0071876597272066715,-0.021335448371989953
FCC,Si-V,Si,V,raw,-0.06710390178376205,-0.07009968736146241,-0.045768453411772096,-0.9531674927343765,-0.9886015692187495,-0.6408150378906239,-3.954406276874998,-4.250620081666668,-1.6658797591666807,-4.111225350000001,-1.6658797591666825,0.0516852764181005,0.0029032483946412357,14.10279569609375,-0.014905030827342165,0.0071876597272066715,-0.021335448371989953
FCC,Sn-Ti,Sn,Ti,curated,-0.06006609529644914,-0.09144099215583945,-0.07179820041089556,-1.5040683628906244,-2.054628258593752,-1.4286884164843734,-8.218513034375007,-7.820684744999994,-0.4020263808333387,-8.00789805764706,-0.4020263808333401,0.00807785540438199,0.005236787244277368,22.46944406609375,0.0014737421659343378,0.0056427288594320104,0.011732105114446417
FCC,Sn-Zr,Sn,Zr,curated,-0.06775872303062623,-0.08079242729159845,-0.05558734693781517,-1.7949680195312503,-2.0497171562500007,-1.3479790707812498,-8.198868625000003,-8.381192240833334,-2.383941060000003,-8.295392892205884,-2.3839410600000046,0.10099947599060521,0.0010999158382899244,25.370164320625,-0.00972723629789758,0.007806629919050264,-0.012171376092811062
FCC,Ta-Ti,Ta,Ti,curated,0.028028929029047026,0.018775849944725177,0.0075146767026597425,0.5029972320312481,0.3330784440624974,0.13176089359374998,1.3323137762499897,1.692688334999995,1.9799271383333235,1.5231003073529334,1.979927138333324,0.07320537273584456,0.004297163247604225,17.739726565937502,0.014108625682596644,-0.006732590195847387,0.020514252326387282
FCC,Ta-Ti,Ta,Ti,raw,-0.002012709458236806,-0.0014948994014885913,-0.002727074928278587,-0.03720664445312494,-0.027057473593750103,-0.04830706523437556,-0.10822989437500041,-0.22803655916666798,0.05920224416666997,-0.17165695220588326,0.05920224416666993,0.0005365461867770537,0.0004749365160166433,18.09986248359375,-0.0009149451915597113,-0.0015814698676822737,0.0007143654700417813
FCC,Ta-V,Ta,V,curated,0.04147153539809406,0.036879753410435624,0.02358171212036291,0.7086902367968726,0.5910210348437488,0.3528449619531262,2.364084139374995,2.830760529999997,1.897841465833314,2.611148110882349,1.8978414658333145,0.07051911246909383,0.0072061826547831324,16.02562328078125,0.015532258445807625,-0.006043100623773204,0.017889823277731153
FCC,Ta-V,Ta,V,raw,0.009557450266956237,0.014090596254430142,0.01140990514182635,0.16848636031249953,0.2308851171874977,0.17277700312500066,0.9235404687499909,0.9100356358333338,-0.022883428333339378,0.9163908513235255,-0.02288342833333908,1.5239457169886106e-05,6.034649297652158e-06,16.3857591984375,-0.00026533162236281146,-2.5545922787661185e-05,-0.0018524548748701138
FCC,Ta-W,Ta,W,curated,0.03479162566837916,0.03221626110319912,0.03145343035514271,0.611972779374998,0.5485704399999989,0.517907230312499,2.1942817599999955,3.0130133591666586,0.5016829283333285,2.6277279007352883,0.5016829283333297,0.026603917007516235,0.022179753247301516,17.02775,0.011401299279135985,0.006466684004325913,0.003338195313236446
FCC,Ta-W,Ta,W,raw,-0.00358187878117467,-0.004867098444418326,-0.004324115030791729,-0.06543039703124975,-0.08596407749999813,-0.0737586282812508,-0.3438563099999925,-0.3711707341666681,0.04441723333333888,-0.3583168874999973,0.04441723333333874,5.936611459738543e-05,2.4686396720638485e-05,17.662284517499998,-5.240793377818355e-05,-0.0005443684951544538,0.0007422362496170595
FCC,Ta-Zn,Ta,Zn,curated,0.01889994497338199,0.009870987205518876,-0.0022012761962325322,0.3289036303124995,0.16438306312499762,-0.0350089809374996,0.6575322524999905,0.7837190649999997,1.940867259999995,0.7243370355882303,1.9408672599999945,0.0667430619782502,0.000526867664853721,16.653153296875,0.011815428656247039,-0.009953269703988098,0.021101221169614524
FCC,Ta-Zn,Ta,Zn,raw,-0.01177648064428597,-0.011505879437119962,-0.013372092376276437,-0.2113002461718736,-0.1957528545312499,-0.2150769397656216,-0.7830114181249996,-1.1370058291666538,0.02014236583332263,-0.9704202239705815,0.020142365833322295,0.004153486072833427,0.0041463543655828996,17.013289214531248,-0.0035940018816635563,-0.004244108026010153,0.0015956117319904668
FCC,Ta-Zr,Ta,Zr,curated,0.017433665438934657,0.0025589251859784554,-0.0036570870616505083,0.3381434778906254,0.05281735921874642,-0.08003493976562837,0.21126943687498567,0.6882894349999921,2.2302848941666866,0.4638094358823422,2.2302848941666875,0.09496575886255523,0.007529164365811136,20.640446820468753,0.015391336745213346,-0.005467149781711221,0.021090752500585164
FCC,Ta-Zr,Ta,Zr,raw,-0.010135346726154426,-0.014633810988472575,-0.011788054426828514,-0.2020603985937477,-0.3073185584375011,-0.2601028985937539,-1.2292742337500044,-1.2324354591666709,0.30956000000003314,-1.230947823676475,0.30956000000003275,0.0016847965653136502,3.306621882897356e-07,21.000582738125,0.0014259741715457299,-0.0013421273163797226,0.001652707700674088
FCC,Ti-V,Ti,V,curated,-0.0063988258309081135,-0.007367296412946562,-0.005985141183947274,-0.10539401398437676,-0.11503138109375044,-0.08832113164062427,-0.46012552437500176,-0.5165737216666694,-0.09105537250001323,-0.4900098641176494,-0.09105537250001339,0.00025117397486956977,0.00010543231910776212,15.613784846718751,-0.001160868676978783,-0.0001387567147813517,-0.00041368464696083917
FCC,Ti-V,Ti,V,raw,-0.0063988258309081135,-0.007367296412946562,-0.005985141183947274,-0.10539401398437676,-0.11503138109375044,-0.08832113164062427,-0.46012552437500176,-0.5165737216666694,-0.09105537250001323,-0.4900098641176494,-0.09105537250001339,0.00025117397486956977,0.00010543231910776212,15.613784846718751,-0.001160868676978783,-0.0001387567147813517,-0.00041368464696083917
FCC,Ti-W,Ti,W,curated,-0.00698184196885214,0.0012767908438732817,0.015787211027319323,-0.11849512265624895,0.021215043749997164,0.25669884015625044,0.08486017499998866,0.36854324666667065,-2.00103446833333,0.23504533058823213,-2.00103446833333,0.0730480665064743,0.0026628116410007145,16.615911565937502,-0.007919349434377472,0.014808652731834378,-0.022769052996171463
FCC,Ti-W,Ti,W,raw,-0.014944937799114764,-0.014989870144995142,-0.009291237308914126,-0.2556944225781237,-0.2531835560937523,-0.15489905960937378,-1.0127342243750093,-1.0949159524999932,-0.5375752691666662,-1.0562421980882362,-0.5375752691666664,0.005303325127186606,0.00022347252918558484,16.89031016578125,-0.0038463016045071456,0.00209870515578242,-0.005653700490200638
FCC,Ti-Zn,Ti,Zn,curated,-0.011075603332654145,-0.01783753968718597,-0.0169374715833569,-0.1858995882812522,-0.28970509843750136,-0.2658849070312481,-1.1588203937500055,-1.2047586541666675,0.42658836666664496,-1.183140649264709,0.4265883666666448,0.003268652497221363,6.982688945213799e-05,16.2413148628125,0.0018695252045060323,-0.0030963177347046915,0.005861868250702755
FCC,Ti-Zn,Ti,Zn,raw,-0.011075603332654145,-0.01783753968718597,-0.0169374715833569,-0.1858995882812522,-0.28970509843750136,-0.2658849070312481,-1.1588203937500055,-1.2047586541666675,0.42658836666664496,-1.183140649264709,0.4265883666666448,0.003268652497221363,6.982688945213799e-05,16.2413148628125,0.0018695252045060323,-0.0030963177347046915,0.005861868250702755
FCC,V-Zn,V,Zn,curated,-0.02851966884398074,-0.035064007913412076,-0.030159421407908543,-0.4053627892968734,-0.5093822617187502,-0.44759526695312424,-2.037529046875001,-2.2745548166666603,0.2252398808333377,-2.1630132779411735,0.2252398808333377,0.0027507283635662405,0.001858937279073378,14.52721157765625,-0.0016411285534140374,-0.004417402742028218,0.0016397525639278016
FCC,V-Zn,V,Zn,raw,-0.02851966884398074,-0.035064007913412076,-0.030159421407908543,-0.4053627892968734,-0.5093822617187502,-0.44759526695312424,-2.037529046875001,-2.2745548166666603,0.2252398808333377,-2.1630132779411735,0.2252398808333377,0.0027507283635662405,0.001858937279073378,14.52721157765625,-0.0016411285534140374,-0.004417402742028218,0.0016397525639278016
FCC,W-Zn,W,Zn,curated,0.007830851210601416,-0.011138722969433239,-0.02410749023228846,0.12307464312499938,-0.17297699718750081,-0.3698580781250005,-0.6919079887500033,-0.658089160000003,2.6289745133333327,-0.6740039029411797,2.6289745133333327,0.1215291772902084,3.7843450743370034e-05,15.529338296875,0.016085336619445122,-0.015651460372304735,0.03193834144288988
FCC,W-Zn,W,Zn,raw,-0.01788932668224184,-0.02830821595898225,-0.032757254411129026,-0.28852325664062484,-0.4473755970312503,-0.5070573780468752,-1.7895023881250012,-2.121548359166667,1.1655153141666688,-1.9652914316176475,1.1655153141666685,0.027526708837213476,0.0036481277278125885,15.80373689671875,0.002914667503893052,-0.01108101487133778,0.014867927728887186
FCC,W-Zr,W,Zr,curated,0.00069322730013633,-0.018306210954087323,-0.018317676336266363,0.012277251953126012,-0.3572755792187543,-0.39058745039062615,-1.4291023168750172,-1.0088271958333337,2.1486117458333447,-1.2066037233823614,2.1486117458333442,0.08699439815424316,0.005844413956983146,19.516631820468753,0.01582323274427392,-0.005751108177645047,0.019010903636402694
FCC,W-Zr,W,Zr,raw,-0.02203527553136249,-0.03191719509531882,-0.024593771434172608,-0.3993206478124982,-0.6316741790625038,-0.5277867503125009,-2.526696716250015,-2.4722863949999976,0.6851525466666809,-2.49789125205883,0.6851525466666798,0.008349726905795489,9.795716002489337e-05,19.791030420312502,0.004107464628592672,-0.0025177383040303697,0.0025584959028101192
FCC,Zn-Zr,Zn,Zr,curated,0.019790952011291853,0.01736773717140062,0.00818991106658878,0.3393829310156242,0.33245383484374713,0.17309935492187378,1.3298153393749885,1.3666194291666613,0.886845739166669,1.349299857499992,0.8868457391666694,0.013869933211426804,4.481937216375603e-05,19.142035117343752,0.005250788179968435,-0.0036072184302783665,0.011601040944703073
FCC,Zn-Zr,Zn,Zr,raw,0.019790952011291853,0.01736773717140062,0.00818991106658878,0.3393829310156242,0.33245383484374713,0.17309935492187378,1.3298153393749885,1.3666194291666613,0.886845739166669,1.349299857499992,0.8868457391666694,0.013869933211426804,4.481937216375603e-05,19.142035117343752,0.005250788179968435,-0.0036072184302783665,0.011601040944703073
